Category,Brand Category,Country,Impressions,eCPM,eCPC,eCPE,CTR,Video Completion Rate,Audio Completion Rate
Arts & Entertainment (Legacy),Politics,United States,78,$9.06  ~ $10.65 ,$11.79 ,$81.27 ,0.09%,N/A,N/A
Arts & Entertainment (Legacy),Education,Canada,1,$5.73  ~ $11.12 ,$3.11 ,$74.51 ,0.18%,N/A,N/A
Arts & Entertainment (Legacy),Education,United States,"1,442",$6.82  ~ $7.20 ,$3.36 ,$32.32 ,0.20%,N/A,N/A
Arts & Entertainment (Legacy),Cameras & Camcorders,United States,179,$3.48  ~ $7.83 ,$1.77 ,$11.36 ,0.20%,N/A,N/A
Arts & Entertainment (Legacy),Business Software,Canada,16,$4.28  ~ $45.91 ,$2.20 ,$61.46 ,0.19%,N/A,N/A
Arts & Entertainment (Legacy),Business Software,United States,"2,291",$9.31  ~ $12.74 ,$4.60 ,$34.01 ,0.20%,N/A,N/A
Arts & Entertainment (Legacy),Sexuality,United States,66,$8.92  ~ $8.92 ,$13.03 ,$82.07 ,0.07%,N/A,N/A
Arts & Entertainment (Legacy),Arthritis,United States,37,$5.04  ~ $5.04 ,$10.38 ,$31.14 ,0.05%,N/A,N/A
Arts & Entertainment (Legacy),College,United States,103,$5.66  ~ $6.72 ,$5.91 ,$66.68 ,0.11%,N/A,N/A
Arts & Entertainment (Legacy),Adventure Travel,United States,7,$7.96  ~ $13.60 ,$19.47 ,$77.51 ,0.04%,N/A,N/A
Arts & Entertainment (Legacy),Senior Living,United States,51,$6.78  ~ $8.00 ,$5.20 ,$27.63 ,0.13%,N/A,N/A
Arts & Entertainment (Legacy),Incest/Abuse Support,United States,337,$12.10  ~ $12.49 ,$3.96 ,$13.67 ,0.31%,N/A,N/A
Arts & Entertainment (Legacy),Remodeling & Construction,Canada,1,$6.72  ~ $14.14 ,$3.79 ,$68.23 ,0.18%,N/A,N/A
Arts & Entertainment (Legacy),Remodeling & Construction,United States,3,$3.91  ~ $8.03 ,$5.73 ,$31.53 ,0.07%,N/A,N/A
Arts & Entertainment (Legacy),Music,United States,42,$6.17  ~ $6.18 ,$13.87 ,$144.20 ,0.04%,N/A,N/A
Arts & Entertainment (Legacy),Mutual Funds,United States,106,$6.67  ~ $7.51 ,$6.58 ,$68.42 ,0.11%,N/A,N/A
Arts & Entertainment (Legacy),Automotive,United States,925,$4.58  ~ $5.95 ,$6.66 ,$156.08 ,0.09%,N/A,N/A
Arts & Entertainment (Legacy),Automotive,Canada,3,$6.86  ~ $15.70 ,$16.84 ,$353.74 ,0.04%,N/A,N/A
Arts & Entertainment (Legacy),Private School,United States,46,$6.67  ~ $13.37 ,$4.05 ,$27.50 ,0.16%,N/A,N/A
Arts & Entertainment (Legacy),Gardening,United States,219,$4.25  ~ $4.25 ,$5.64 ,$58.54 ,0.08%,N/A,N/A
Arts & Entertainment (Legacy),Graduate School,Canada,9,$7.63  ~ $7.95 ,$3.67 ,$33.83 ,0.21%,N/A,N/A
Arts & Entertainment (Legacy),Graduate School,United States,181,$7.82  ~ $10.04 ,$4.03 ,$91.39 ,0.25%,N/A,N/A
Arts & Entertainment (Legacy),Family & Parenting,United States,24,$7.91  ~ $9.92 ,$11.67 ,$88.66 ,0.07%,N/A,N/A
Arts & Entertainment (Legacy),Family & Parenting,Canada,1,$3.90  ~ $8.44 ,$11.43 ,N/A,0.07%,N/A,N/A
Arts & Entertainment (Legacy),Psychology/Psychiatry,United States,451,$9.64  ~ $10.41 ,$6.34 ,$48.60 ,0.15%,N/A,N/A
Arts & Entertainment (Legacy),Health/Lowfat Cooking,Canada,4,$5.61  ~ $11.61 ,$2.37 ,$11.34 ,0.24%,N/A,N/A
Arts & Entertainment (Legacy),Health/Lowfat Cooking,United States,32,$1.27  ~ $5.20 ,$1.99 ,$7.26 ,0.26%,N/A,N/A
Arts & Entertainment (Legacy),Arts & Entertainment,United States,376,$4.81  ~ $6.96 ,$4.49 ,$44.17 ,0.16%,N/A,N/A
Arts & Entertainment (Legacy),Road-Side Assistance,United States,8,$11.67  ~ $11.67 ,$32.14 ,$160.72 ,0.04%,N/A,N/A
Arts & Entertainment (Legacy),Jewelry,United States,3,$1.24  ~ $1.24 ,N/A,N/A,N/A,N/A,N/A
Arts & Entertainment (Legacy),Collecting,United States,1,$20.83  ~ $51.35 ,$12.91 ,N/A,0.16%,N/A,N/A
Arts & Entertainment (Legacy),Apartments,United States,1,$14.98  ~ $15.85 ,$17.51 ,$120.64 ,0.09%,N/A,N/A
Arts & Entertainment (Legacy),Logistics,United States,63,$10.08  ~ $12.13 ,$23.25 ,$73.90 ,0.05%,N/A,N/A
Arts & Entertainment (Legacy),Card Games,United States,27,$8.81  ~ $9.35 ,$4.66 ,$37.66 ,0.20%,N/A,N/A
Arts & Entertainment (Legacy),Job Fairs,United States,2,$5.26  ~ $5.26 ,$17.36 ,N/A,0.03%,N/A,N/A
Arts & Entertainment (Legacy),Human Resources,United States,60,$11.28  ~ $11.41 ,$5.11 ,$46.81 ,0.22%,N/A,N/A
Arts & Entertainment (Legacy),Local News,United States,8,$10.71  ~ $16.23 ,$20.07 ,$176.40 ,0.08%,N/A,N/A
Arts & Entertainment (Legacy),Health & Fitness,United States,"3,891",$6.35  ~ $7.19 ,$7.03 ,$31.89 ,0.10%,N/A,N/A
Arts & Entertainment (Legacy),Health & Fitness,Canada,29,$6.04  ~ $14.78 ,$1.59 ,$18.46 ,0.38%,N/A,N/A
Arts & Entertainment (Legacy),News,Canada,1,$6.92  ~ $8.01 ,$2.15 ,$21.89 ,0.32%,N/A,N/A
Arts & Entertainment (Legacy),News,United States,264,$9.20  ~ $10.73 ,$10.52 ,$54.56 ,0.10%,N/A,N/A
Arts & Entertainment (Legacy),Green Solutions,United States,56,$5.10  ~ $5.80 ,$8.56 ,$22.96 ,0.07%,N/A,N/A
Arts & Entertainment (Legacy),Legal Issues,United States,399,$9.71  ~ $9.93 ,$9.74 ,$77.45 ,0.10%,N/A,N/A
Arts & Entertainment (Legacy),Commentary,United States,76,$10.64  ~ $11.82 ,$24.76 ,N/A,0.05%,N/A,N/A
Arts & Entertainment (Legacy),Hotels,United States,106,$7.19  ~ $7.31 ,$4.79 ,$91.97 ,0.15%,N/A,N/A
Arts & Entertainment (Legacy),Investing,United States,25,$16.17  ~ $39.46 ,$1.16 ,N/A,1.40%,N/A,N/A
Arts & Entertainment (Legacy),Retirement Planning,United States,14,$8.66  ~ $8.66 ,$5.42 ,N/A,0.16%,N/A,N/A
Arts & Entertainment (Legacy),Chronic Pain,United States,71,$4.71  ~ $6.80 ,$14.08 ,$112.68 ,0.03%,N/A,N/A
Arts & Entertainment (Legacy),Couponing,United States,4,$8.02  ~ $17.31 ,$3.57 ,$15.47 ,0.22%,N/A,N/A
Arts & Entertainment (Legacy),Biotech/Biomedical,United States,107,$6.75  ~ $7.08 ,$12.43 ,$43.50 ,0.05%,N/A,N/A
Arts & Entertainment (Legacy),Cancer,Canada,12,$5.44  ~ $11.09 ,$3.12 ,$59.22 ,0.17%,N/A,N/A
Arts & Entertainment (Legacy),Senor Health,United States,10,$7.84  ~ $16.02 ,$4.54 ,$34.01 ,0.17%,N/A,N/A
Arts & Entertainment (Legacy),Exercise,United States,5,$1.27  ~ $2.64 ,N/A,N/A,N/A,N/A,N/A
Arts & Entertainment (Legacy),Weddings,United States,1,$4.00  ~ $9.91 ,$6.17 ,N/A,0.06%,N/A,N/A
Arts & Entertainment (Legacy),Pets,United States,130,$7.96  ~ $8.45 ,$14.23 ,N/A,0.06%,N/A,N/A
Arts & Entertainment (Legacy),Agriculture,United States,2,$10.69  ~ $21.55 ,N/A,N/A,N/A,N/A,N/A
Arts & Entertainment (Legacy),Coffee/Tea,United States,57,$7.79  ~ $8.04 ,$9.94 ,$24.84 ,0.08%,N/A,N/A
Arts & Entertainment (Legacy),Credit/Debt & Loans,United States,"1,716",$7.16  ~ $7.17 ,$2.93 ,$19.42 ,0.24%,N/A,N/A
Arts & Entertainment (Legacy),Real Estate,United States,155,$5.27  ~ $6.47 ,$4.27 ,$25.06 ,0.12%,N/A,N/A
Arts & Entertainment (Legacy),Real Estate,Canada,1,$7.83  ~ $8.75 ,$4.06 ,$40.61 ,0.19%,N/A,N/A
Arts & Entertainment (Legacy),Home & Garden,United States,147,$5.60  ~ $7.62 ,$3.93 ,$37.08 ,0.14%,N/A,N/A
Arts & Entertainment (Legacy),Travel,United States,"2,249",$6.40  ~ $7.09 ,$4.20 ,$28.61 ,0.17%,N/A,N/A
Arts & Entertainment (Legacy),Shopping,Canada,4,$9.99  ~ $20.81 ,$10.70 ,$38.45 ,0.09%,N/A,N/A
Arts & Entertainment (Legacy),Shopping,United States,886,$6.81  ~ $6.95 ,$6.28 ,$30.77 ,0.11%,N/A,N/A
Arts & Entertainment (Legacy),Job Search,United States,152,$10.13  ~ $10.40 ,$8.21 ,$88.39 ,0.12%,N/A,N/A
Arts & Entertainment (Legacy),Clothing,United States,111,$7.05  ~ $7.18 ,$4.06 ,$24.95 ,0.17%,N/A,N/A
Arts & Entertainment (Legacy),Cold & Flu,United States,452,$5.94  ~ $8.02 ,$3.69 ,$18.50 ,0.16%,N/A,N/A
Arts & Entertainment (Legacy),Marketing,Canada,21,$5.85  ~ $13.28 ,$2.06 ,$27.35 ,0.28%,N/A,N/A
Arts & Entertainment (Legacy),Food & Drink,United States,61,$8.00  ~ $9.68 ,$4.48 ,$28.69 ,0.22%,N/A,N/A
Arts & Entertainment (Legacy),Cruises,United States,72,$3.84  ~ $6.36 ,$2.52 ,$17.81 ,0.25%,N/A,N/A
Arts & Entertainment (Legacy),Teens,United States,1,$9.77  ~ $9.77 ,$61.34 ,N/A,0.02%,N/A,N/A
Arts & Entertainment (Legacy),Buying/Selling Cars,Canada,5,$7.14  ~ $7.14 ,$5.72 ,$73.46 ,0.12%,N/A,N/A
Arts & Entertainment (Legacy),Buying/Selling Cars,United States,48,$4.81  ~ $6.92 ,$8.19 ,$17.07 ,0.06%,N/A,N/A
Arts & Entertainment (Legacy),Advertising,United States,567,$2.51  ~ $9.72 ,$2.21 ,$13.52 ,0.11%,N/A,N/A
Arts & Entertainment (Legacy),Advertising,Canada,2,$3.41  ~ $9.65 ,$2.00 ,$36.94 ,0.17%,N/A,N/A
Arts & Entertainment (Legacy),Career Planning,United States,50,$7.99  ~ $8.98 ,$8.16 ,$48.49 ,0.10%,N/A,N/A
Arts & Entertainment (Legacy),Career Planning,Canada,9,$10.97  ~ $10.97 ,$11.76 ,$47.05 ,0.09%,N/A,N/A
Arts & Entertainment (Legacy),Cigars,United States,406,$7.15  ~ $7.21 ,$2.41 ,$12.04 ,0.30%,N/A,N/A
Arts & Entertainment (Legacy),Investors & Patents,United States,84,$5.32  ~ $6.30 ,$5.02 ,$29.87 ,0.13%,N/A,N/A
Arts & Entertainment (Legacy),Air Travel,United States,37,$5.64  ~ $5.80 ,$3.84 ,$21.29 ,0.15%,N/A,N/A
Arts & Entertainment (Legacy),Construction,United States,19,$3.31  ~ $8.52 ,$7.69 ,$53.76 ,0.04%,N/A,N/A
Arts & Entertainment (Legacy),Alternative Medicine,United States,156,$9.40  ~ $9.73 ,$3.74 ,$3.32 ,0.26%,N/A,N/A
Arts & Entertainment (Legacy),Alternative Medicine,Canada,1,$7.67  ~ $7.76 ,$4.77 ,N/A,0.16%,N/A,N/A
Arts & Entertainment (Legacy),Pro Basketball,United States,114,$10.72  ~ $10.72 ,$4.80 ,N/A,0.22%,N/A,N/A
Arts & Entertainment (Legacy),Cocktails/Beer,Canada,1,$7.92  ~ $17.25 ,$3.17 ,$32.36 ,0.25%,N/A,N/A
Arts & Entertainment (Legacy),Cocktails/Beer,United States,171,$11.69  ~ $27.92 ,$4.48 ,N/A,0.26%,N/A,N/A
Arts & Entertainment (Legacy),"Law, Gov't & Politics",United States,136,$9.09  ~ $10.74 ,$12.13 ,$6.54 ,0.07%,N/A,N/A
Arts & Entertainment (Legacy),Honeymoons/Getaways,United States,18,$7.38  ~ $7.40 ,$16.56 ,"$1,089.24 ",0.04%,N/A,N/A
Arts & Entertainment (Legacy),Football,United States,4,$7.08  ~ $14.48 ,$6.26 ,$26.58 ,0.11%,N/A,N/A
Arts & Entertainment (Legacy),Nutrition,United States,16,$7.92  ~ $7.92 ,$12.49 ,$116.22 ,0.06%,N/A,N/A
Arts & Entertainment (Legacy),Interior Decorating,United States,36,$7.61  ~ $9.49 ,$10.13 ,$64.98 ,0.08%,N/A,N/A
Arts & Entertainment (Legacy),Birdwatching,United States,31,$13.52  ~ $13.63 ,$12.08 ,N/A,0.11%,N/A,N/A
Arts & Entertainment (Legacy),Metals,Canada,4,$5.56  ~ $7.06 ,$5.02 ,N/A,0.11%,N/A,N/A
Arts & Entertainment (Legacy),Metals,United States,106,$6.80  ~ $8.96 ,$4.21 ,$28.41 ,0.16%,N/A,N/A
Arts & Entertainment (Legacy),Home Repair,United States,58,$7.34  ~ $7.87 ,$9.05 ,$87.67 ,0.09%,N/A,N/A
Arts & Entertainment (Legacy),Personal Finance,Canada,73,$5.99  ~ $8.88 ,$3.12 ,$37.15 ,0.19%,N/A,N/A
Arts & Entertainment (Legacy),Personal Finance,United States,"1,873",$7.14  ~ $8.27 ,$6.93 ,$55.56 ,0.10%,N/A,N/A
Arts & Entertainment (Legacy),Insurance,United States,175,$10.63  ~ $11.22 ,$5.49 ,$65.13 ,0.20%,N/A,N/A
Arts & Entertainment (Legacy),Net Conferencing,United States,46,$9.53  ~ $13.17 ,$17.79 ,N/A,0.07%,N/A,N/A
Arts & Entertainment (Legacy),Buying/Selling Homes,United States,4,$7.67  ~ $8.15 ,$22.44 ,$70.47 ,0.04%,N/A,N/A
Arts & Entertainment (Legacy),Business,Canada,61,$4.75  ~ $9.74 ,$2.56 ,$29.39 ,0.19%,N/A,N/A
Arts & Entertainment (Legacy),Business,United States,"16,047",$7.26  ~ $8.34 ,$3.88 ,$23.11 ,0.19%,N/A,N/A
Arts & Entertainment (Legacy),Infertility,United States,1,$10.23  ~ $11.84 ,$25.08 ,N/A,0.04%,N/A,N/A
Arts & Entertainment (Legacy),Hobbies & Interests,United States,974,$7.69  ~ $10.84 ,$4.93 ,$35.18 ,0.16%,N/A,N/A
Arts & Entertainment (Legacy),Careers,United States,83,$6.92  ~ $8.17 ,$10.95 ,$208.74 ,0.06%,N/A,N/A
Arts & Entertainment (Legacy),Pediatrics,United States,14,$6.91  ~ $9.15 ,$7.46 ,N/A,0.09%,N/A,N/A
Arts & Entertainment (Legacy),Fine Art,United States,74,$7.77  ~ $7.77 ,$8.31 ,$40.35 ,0.09%,N/A,N/A
Arts & Entertainment (Legacy),Dogs,United States,32,$6.51  ~ $6.91 ,$28.82 ,$84.50 ,0.02%,N/A,N/A
Arts & Entertainment (Legacy),Books & Literature,United States,2,$0.00  ~ $0.00 ,N/A,N/A,N/A,N/A,N/A
Arts & Entertainment (Legacy),Motorcycles,United States,1,$0.00  ~ $0.00 ,N/A,N/A,N/A,N/A,N/A
Arts & Entertainment (Legacy),College,Canada,3,$0.00  ~ $0.00 ,N/A,N/A,N/A,N/A,N/A
Arts & Entertainment (Legacy),Computer Peripherals,United States,6,$0.00  ~ $0.00 ,N/A,N/A,N/A,N/A,N/A
Automotive (Legacy),Road-Side Assistance,United States,6,$11.64  ~ $11.64 ,$24.64 ,$24.64 ,0.05%,N/A,N/A
Automotive (Legacy),Travel,United States,132,$7.37  ~ $7.82 ,$4.54 ,$19.72 ,0.16%,N/A,N/A
Automotive (Legacy),Exercise,United States,1,$1.24  ~ $3.06 ,N/A,N/A,N/A,N/A,N/A
Automotive (Legacy),Food & Drink,United States,1,$8.00  ~ $11.07 ,$5.21 ,$31.23 ,0.21%,N/A,N/A
Automotive (Legacy),Cameras & Camcorders,United States,25,$4.22  ~ $7.96 ,$2.51 ,$28.63 ,0.17%,N/A,N/A
Automotive (Legacy),Career Planning,United States,6,$6.76  ~ $9.21 ,$8.42 ,N/A,0.08%,N/A,N/A
Automotive (Legacy),Career Planning,Canada,1,$11.05  ~ $11.05 ,N/A,N/A,N/A,N/A,N/A
Automotive (Legacy),Cancer,Canada,2,$5.42  ~ $13.13 ,$5.63 ,$45.02 ,0.10%,N/A,N/A
Automotive (Legacy),Credit/Debt & Loans,United States,316,$7.07  ~ $7.28 ,$3.33 ,$36.90 ,0.21%,N/A,N/A
Automotive (Legacy),Honeymoons/Getaways,United States,6,$7.55  ~ $7.62 ,$9.43 ,$193.05 ,0.08%,N/A,N/A
Automotive (Legacy),Job Search,United States,21,$10.20  ~ $10.58 ,$7.94 ,$36.05 ,0.13%,N/A,N/A
Automotive (Legacy),Hobbies & Interests,United States,116,$8.54  ~ $11.24 ,$5.62 ,$29.04 ,0.15%,N/A,N/A
Automotive (Legacy),Commentary,United States,6,$10.72  ~ $12.79 ,$20.24 ,N/A,0.06%,N/A,N/A
Automotive (Legacy),Business Software,Canada,1,$5.72  ~ $8.59 ,$6.68 ,$293.76 ,0.09%,N/A,N/A
Automotive (Legacy),Business Software,United States,267,$8.93  ~ $9.29 ,$5.05 ,$40.70 ,0.18%,N/A,N/A
Automotive (Legacy),Marketing,Canada,3,$6.28  ~ $13.18 ,$4.80 ,N/A,0.13%,N/A,N/A
Automotive (Legacy),Arts & Entertainment,United States,46,$4.45  ~ $7.58 ,$4.06 ,$20.02 ,0.19%,N/A,N/A
Automotive (Legacy),Home & Garden,United States,27,$6.54  ~ $8.11 ,$3.60 ,$23.55 ,0.18%,N/A,N/A
Automotive (Legacy),Personal Finance,Canada,6,$6.04  ~ $8.92 ,$4.57 ,$67.62 ,0.13%,N/A,N/A
Automotive (Legacy),Personal Finance,United States,190,$6.91  ~ $7.87 ,$5.62 ,$39.51 ,0.12%,N/A,N/A
Automotive (Legacy),Net Conferencing,United States,2,$10.66  ~ $18.01 ,N/A,N/A,N/A,N/A,N/A
Automotive (Legacy),Careers,United States,79,$7.21  ~ $8.11 ,$13.82 ,N/A,0.05%,N/A,N/A
Automotive (Legacy),Construction,United States,14,$3.48  ~ $8.38 ,$2.32 ,N/A,0.15%,N/A,N/A
Automotive (Legacy),Fine Art,United States,3,$7.86  ~ $7.86 ,$4.59 ,$25.23 ,0.17%,N/A,N/A
Automotive (Legacy),Cocktails/Beer,United States,11,$11.84  ~ $28.30 ,$4.84 ,N/A,0.24%,N/A,N/A
Automotive (Legacy),Health & Fitness,United States,362,$7.58  ~ $8.99 ,$7.00 ,$22.99 ,0.13%,N/A,N/A
Automotive (Legacy),Health & Fitness,Canada,10,$5.57  ~ $12.91 ,$2.32 ,$20.66 ,0.24%,N/A,N/A
Automotive (Legacy),Chronic Pain,United States,1,$5.46  ~ $6.80 ,$9.81 ,N/A,0.06%,N/A,N/A
Automotive (Legacy),Investors & Patents,United States,3,$5.98  ~ $6.81 ,$4.10 ,$24.52 ,0.17%,N/A,N/A
Automotive (Legacy),Weddings,United States,1,$5.46  ~ $11.04 ,N/A,N/A,N/A,N/A,N/A
Automotive (Legacy),Nutrition,United States,1,$7.93  ~ $7.93 ,$7.32 ,N/A,0.11%,N/A,N/A
Automotive (Legacy),Arthritis,United States,2,$4.83  ~ $4.83 ,N/A,N/A,N/A,N/A,N/A
Automotive (Legacy),Insurance,United States,23,$11.28  ~ $11.46 ,$4.06 ,$39.23 ,0.28%,N/A,N/A
Automotive (Legacy),Dogs,United States,16,$4.94  ~ $6.29 ,$12.40 ,N/A,0.05%,N/A,N/A
Automotive (Legacy),Remodeling & Construction,United States,3,$6.72  ~ $7.96 ,$10.31 ,N/A,0.07%,N/A,N/A
Automotive (Legacy),Shopping,United States,75,$7.28  ~ $7.85 ,$4.71 ,$15.29 ,0.15%,N/A,N/A
Automotive (Legacy),Advertising,United States,125,$2.32  ~ $7.50 ,$1.82 ,$7.85 ,0.13%,N/A,N/A
Automotive (Legacy),Advertising,Canada,1,$1.96  ~ $9.87 ,$1.39 ,N/A,0.14%,N/A,N/A
Automotive (Legacy),Gardening,United States,15,$7.72  ~ $7.72 ,$12.93 ,N/A,0.06%,N/A,N/A
Automotive (Legacy),Family & Parenting,United States,89,$5.85  ~ $11.96 ,$8.46 ,$68.54 ,0.07%,N/A,N/A
Automotive (Legacy),Card Games,United States,12,$9.15  ~ $9.62 ,$4.21 ,$18.79 ,0.23%,N/A,N/A
Automotive (Legacy),"Law, Gov't & Politics",United States,15,$9.18  ~ $10.79 ,$7.12 ,N/A,0.13%,N/A,N/A
Automotive (Legacy),Incest/Abuse Support,United States,30,$7.10  ~ $7.72 ,$3.70 ,$17.10 ,0.19%,N/A,N/A
Automotive (Legacy),Adventure Travel,United States,1,$6.94  ~ $13.62 ,$10.40 ,$25.14 ,0.07%,N/A,N/A
Automotive (Legacy),Politics,United States,14,$9.05  ~ $10.51 ,$6.86 ,$52.84 ,0.15%,N/A,N/A
Automotive (Legacy),Air Travel,United States,12,$6.15  ~ $6.40 ,$3.11 ,$24.91 ,0.21%,N/A,N/A
Automotive (Legacy),Couponing,United States,4,$8.06  ~ $17.23 ,$2.47 ,$22.23 ,0.33%,N/A,N/A
Automotive (Legacy),Metals,Canada,1,$5.50  ~ $13.08 ,$2.83 ,N/A,0.19%,N/A,N/A
Automotive (Legacy),Metals,United States,7,$8.93  ~ $9.23 ,$3.06 ,$28.78 ,0.30%,N/A,N/A
Automotive (Legacy),Logistics,United States,3,$10.06  ~ $10.50 ,$19.65 ,N/A,0.05%,N/A,N/A
Automotive (Legacy),Interior Decorating,United States,30,$6.21  ~ $9.22 ,$3.76 ,$48.82 ,0.17%,N/A,N/A
Automotive (Legacy),Pets,United States,40,$7.94  ~ $8.17 ,$5.50 ,N/A,0.15%,N/A,N/A
Automotive (Legacy),Private School,United States,3,$6.67  ~ $15.68 ,$2.07 ,$12.20 ,0.32%,N/A,N/A
Automotive (Legacy),Cruises,United States,8,$3.05  ~ $5.49 ,$2.27 ,$12.21 ,0.24%,N/A,N/A
Automotive (Legacy),News,United States,18,$8.88  ~ $10.84 ,$9.15 ,$27.22 ,0.12%,N/A,N/A
Automotive (Legacy),News,Canada,3,$7.41  ~ $7.97 ,$1.48 ,$17.60 ,0.50%,N/A,N/A
Automotive (Legacy),College,United States,20,$6.36  ~ $7.70 ,$7.62 ,$29.50 ,0.10%,N/A,N/A
Automotive (Legacy),Graduate School,United States,12,$7.93  ~ $10.07 ,$8.05 ,$19.04 ,0.13%,N/A,N/A
Automotive (Legacy),Alternative Medicine,United States,78,$9.62  ~ $9.79 ,$3.93 ,$2.98 ,0.25%,N/A,N/A
Automotive (Legacy),Alternative Medicine,Canada,2,$7.62  ~ $7.72 ,$5.92 ,N/A,0.13%,N/A,N/A
Automotive (Legacy),Mutual Funds,United States,8,$7.84  ~ $8.07 ,$3.34 ,$29.06 ,0.24%,N/A,N/A
Automotive (Legacy),Home Repair,United States,14,$7.83  ~ $7.93 ,$10.51 ,$221.68 ,0.08%,N/A,N/A
Automotive (Legacy),Business,Canada,13,$4.69  ~ $8.97 ,$3.54 ,$31.37 ,0.13%,N/A,N/A
Automotive (Legacy),Business,United States,456,$8.13  ~ $8.56 ,$5.46 ,$44.41 ,0.16%,N/A,N/A
Automotive (Legacy),Green Solutions,United States,38,$5.29  ~ $8.69 ,$7.34 ,N/A,0.12%,N/A,N/A
Automotive (Legacy),Automotive,United States,38,$5.66  ~ $6.18 ,$8.04 ,N/A,0.08%,N/A,N/A
Automotive (Legacy),Catholicism,United States,1,$8.08  ~ $18.19 ,N/A,N/A,N/A,N/A,N/A
Automotive (Legacy),Pediatrics,United States,1,$9.28  ~ $10.12 ,$5.29 ,N/A,0.18%,N/A,N/A
Automotive (Legacy),Hotels,United States,10,$4.93  ~ $5.96 ,$8.12 ,N/A,0.07%,N/A,N/A
Automotive (Legacy),Birdwatching,United States,4,$13.48  ~ $13.64 ,$10.50 ,N/A,0.13%,N/A,N/A
Automotive (Legacy),Education,United States,183,$7.73  ~ $9.20 ,$4.68 ,$35.12 ,0.17%,N/A,N/A
Automotive (Legacy),Senor Health,United States,5,$7.57  ~ $18.49 ,$1.97 ,$28.84 ,0.38%,N/A,N/A
Automotive (Legacy),Cigars,United States,83,$8.55  ~ $8.59 ,$2.79 ,$8.19 ,0.31%,N/A,N/A
Automotive (Legacy),Football,United States,7,$7.97  ~ $16.76 ,$1.74 ,$6.97 ,0.46%,N/A,N/A
Automotive (Legacy),Legal Issues,United States,27,$8.40  ~ $8.54 ,$4.63 ,$57.72 ,0.18%,N/A,N/A
Automotive (Legacy),Buying/Selling Homes,United States,1,$6.90  ~ $7.96 ,$18.75 ,N/A,0.04%,N/A,N/A
Automotive (Legacy),Cold & Flu,United States,26,$6.20  ~ $8.03 ,$5.37 ,$25.04 ,0.12%,N/A,N/A
Automotive (Legacy),Clothing,United States,11,$7.36  ~ $7.68 ,$2.34 ,$10.19 ,0.31%,N/A,N/A
Automotive (Legacy),Job Fairs,United States,7,$5.30  ~ $5.30 ,$4.23 ,N/A,0.13%,N/A,N/A
Automotive (Legacy),Biotech/Biomedical,United States,5,$6.20  ~ $7.05 ,$3.78 ,$5.99 ,0.19%,N/A,N/A
Automotive (Legacy),Sexuality,United States,7,$8.87  ~ $8.87 ,$3.44 ,$12.61 ,0.26%,N/A,N/A
Automotive (Legacy),Appliances,United States,1,$6.07  ~ $11.82 ,$3.71 ,N/A,0.16%,N/A,N/A
Automotive (Legacy),Human Resources,United States,4,$10.99  ~ $11.40 ,$5.66 ,$30.17 ,0.19%,N/A,N/A
Automotive (Legacy),Buying/Selling Cars,United States,4,$6.57  ~ $7.51 ,$12.19 ,N/A,0.05%,N/A,N/A
Automotive (Legacy),Psychology/Psychiatry,United States,51,$9.64  ~ $12.28 ,$9.19 ,N/A,0.10%,N/A,N/A
Automotive (Legacy),Senior Living,United States,1,$6.42  ~ $8.02 ,$3.53 ,$17.64 ,0.18%,N/A,N/A
Automotive (Legacy),Coffee/Tea,United States,4,$7.31  ~ $8.04 ,$6.77 ,$13.53 ,0.11%,N/A,N/A
Automotive (Legacy),Real Estate,United States,17,$5.54  ~ $5.58 ,$3.47 ,$28.07 ,0.16%,N/A,N/A
Automotive (Legacy),Health/Lowfat Cooking,United States,13,$1.33  ~ $6.02 ,$3.15 ,$8.12 ,0.19%,N/A,N/A
Automotive (Legacy),Music,United States,12,$5.49  ~ $5.88 ,$6.52 ,N/A,0.09%,N/A,N/A
Automotive (Legacy),Motorcycles,United States,1,$0.00  ~ $0.00 ,N/A,N/A,N/A,N/A,N/A
Automotive (Legacy),Computer Peripherals,United States,3,$0.00  ~ $0.00 ,N/A,N/A,N/A,N/A,N/A
Automotive (Legacy),College,Canada,1,$0.00  ~ $0.00 ,N/A,N/A,N/A,N/A,N/A
Business (Legacy),Chronic Pain,United States,30,$5.49  ~ $6.80 ,$5.61 ,$28.07 ,0.10%,N/A,N/A
Business (Legacy),Gardening,United States,91,$5.17  ~ $5.17 ,$4.33 ,$33.18 ,0.12%,N/A,N/A
Business (Legacy),Health & Fitness,Canada,103,$5.43  ~ $13.54 ,$3.67 ,$22.66 ,0.15%,N/A,N/A
Business (Legacy),Health & Fitness,United States,608,$6.84  ~ $8.68 ,$5.50 ,$17.49 ,0.16%,N/A,N/A
Business (Legacy),Insurance,United States,95,$11.19  ~ $11.68 ,$4.83 ,$41.48 ,0.24%,N/A,N/A
Business (Legacy),Weddings,United States,2,$5.47  ~ $13.28 ,N/A,N/A,N/A,N/A,N/A
Business (Legacy),Real Estate,Canada,1,$7.87  ~ $8.49 ,$1.33 ,N/A,0.59%,N/A,N/A
Business (Legacy),Real Estate,United States,80,$5.68  ~ $5.83 ,$4.91 ,$22.43 ,0.12%,N/A,N/A
Business (Legacy),Biotech/Biomedical,United States,14,$5.95  ~ $9.13 ,$2.62 ,$5.34 ,0.35%,N/A,N/A
Business (Legacy),College,United States,45,$6.29  ~ $7.52 ,$3.85 ,$30.19 ,0.20%,N/A,N/A
Business (Legacy),Music,United States,14,$7.24  ~ $7.35 ,$3.47 ,$27.77 ,0.21%,N/A,N/A
Business (Legacy),Credit/Debt & Loans,United States,"3,251",$6.58  ~ $7.34 ,$2.89 ,$21.01 ,0.23%,N/A,N/A
Business (Legacy),Credit/Debt & Loans,Canada,6,$4.89  ~ $10.80 ,$1.40 ,$7.48 ,0.35%,N/A,N/A
Business (Legacy),Commentary,United States,30,$10.60  ~ $11.76 ,$13.59 ,N/A,0.09%,N/A,N/A
Business (Legacy),Hobbies & Interests,Canada,1,$8.03  ~ $16.35 ,$15.93 ,N/A,0.05%,N/A,N/A
Business (Legacy),Hobbies & Interests,United States,196,$8.59  ~ $10.92 ,$5.10 ,$29.88 ,0.17%,N/A,N/A
Business (Legacy),Agriculture,United States,2,$10.72  ~ $25.82 ,N/A,N/A,N/A,N/A,N/A
Business (Legacy),Cocktails/Beer,Canada,2,$7.93  ~ $17.49 ,$2.41 ,N/A,0.33%,N/A,N/A
Business (Legacy),Cocktails/Beer,United States,200,$11.66  ~ $28.23 ,$3.25 ,N/A,0.36%,N/A,N/A
Business (Legacy),Home Repair,United States,33,$7.47  ~ $7.84 ,$6.45 ,$176.72 ,0.12%,N/A,N/A
Business (Legacy),Pediatrics,United States,7,$8.39  ~ $8.58 ,$20.24 ,N/A,0.04%,N/A,N/A
Business (Legacy),Investing,Canada,6,$8.81  ~ $8.86 ,$27.34 ,$307.60 ,0.03%,N/A,N/A
Business (Legacy),Investing,United States,5,$16.18  ~ $36.79 ,N/A,N/A,N/A,N/A,N/A
Business (Legacy),Mutual Funds,United States,102,$8.22  ~ $8.33 ,$5.88 ,$57.49 ,0.14%,N/A,N/A
Business (Legacy),Construction,United States,14,$3.30  ~ $7.87 ,$1.73 ,N/A,0.19%,N/A,N/A
Business (Legacy),Card Games,United States,21,$9.10  ~ $9.51 ,$3.98 ,$19.81 ,0.24%,N/A,N/A
Business (Legacy),Legal Issues,Canada,1,$5.00  ~ $7.22 ,$3.08 ,N/A,0.16%,N/A,N/A
Business (Legacy),Legal Issues,United States,800,$8.58  ~ $8.70 ,$6.45 ,$42.18 ,0.13%,N/A,N/A
Business (Legacy),Dining Out,United States,3,$8.00  ~ $16.11 ,$0.81 ,N/A,0.99%,N/A,N/A
Business (Legacy),Dining Out,Canada,1,$0.43  ~ $1.04 ,$0.48 ,N/A,0.09%,N/A,N/A
Business (Legacy),Clothing,United States,46,$7.14  ~ $7.27 ,$2.51 ,$12.06 ,0.28%,N/A,N/A
Business (Legacy),Coffee/Tea,United States,8,$7.73  ~ $8.05 ,$6.54 ,$10.90 ,0.12%,N/A,N/A
Business (Legacy),Air Travel,United States,39,$6.15  ~ $6.33 ,$3.63 ,$17.43 ,0.17%,N/A,N/A
Business (Legacy),Education,United States,752,$7.72  ~ $8.99 ,$3.71 ,$28.20 ,0.21%,N/A,N/A
Business (Legacy),Remodeling & Construction,Canada,5,$6.73  ~ $14.29 ,$1.94 ,$5.81 ,0.35%,N/A,N/A
Business (Legacy),Remodeling & Construction,United States,1,$7.24  ~ $7.98 ,$4.22 ,N/A,0.17%,N/A,N/A
Business (Legacy),Buying/Selling Homes,United States,1,$4.80  ~ $7.62 ,$9.99 ,N/A,0.08%,N/A,N/A
Business (Legacy),Metals,United States,73,$8.72  ~ $8.99 ,$4.08 ,$99.16 ,0.21%,N/A,N/A
Business (Legacy),Metals,Canada,31,$2.25  ~ $4.92 ,$2.17 ,N/A,0.10%,N/A,N/A
Business (Legacy),Careers,United States,184,$6.45  ~ $8.15 ,$14.62 ,$253.09 ,0.04%,N/A,N/A
Business (Legacy),Graduate School,Canada,27,$7.54  ~ $7.95 ,$6.04 ,$20.78 ,0.12%,N/A,N/A
Business (Legacy),Graduate School,United States,9,$7.91  ~ $10.49 ,$6.58 ,$17.42 ,0.16%,N/A,N/A
Business (Legacy),Family & Parenting,United States,94,$6.26  ~ $10.95 ,$4.09 ,$57.25 ,0.15%,N/A,N/A
Business (Legacy),Psychology/Psychiatry,United States,140,$9.70  ~ $10.84 ,$9.62 ,$33.43 ,0.11%,N/A,N/A
Business (Legacy),Appliances,Canada,1,$7.28  ~ $12.10 ,$7.30 ,N/A,0.10%,N/A,N/A
Business (Legacy),Appliances,United States,2,$9.03  ~ $11.64 ,$5.02 ,N/A,0.18%,N/A,N/A
Business (Legacy),Teens,United States,7,$10.33  ~ $10.33 ,N/A,N/A,N/A,N/A,N/A
Business (Legacy),Road-Side Assistance,United States,9,$11.64  ~ $11.64 ,N/A,N/A,N/A,N/A,N/A
Business (Legacy),Couponing,United States,10,$8.05  ~ $17.60 ,$3.31 ,$9.93 ,0.24%,N/A,N/A
Business (Legacy),Infertility,United States,1,$11.27  ~ $11.39 ,$8.61 ,N/A,0.13%,N/A,N/A
Business (Legacy),Automotive,United States,162,$5.56  ~ $5.66 ,$2.99 ,$95.65 ,0.19%,N/A,N/A
Business (Legacy),Automotive,Canada,6,$6.98  ~ $16.22 ,$47.56 ,N/A,0.01%,N/A,N/A
Business (Legacy),Adventure Travel,United States,12,$7.28  ~ $13.61 ,$11.74 ,$61.45 ,0.06%,N/A,N/A
Business (Legacy),Shopping,Canada,5,$10.92  ~ $25.73 ,N/A,N/A,N/A,N/A,N/A
Business (Legacy),Shopping,United States,354,$7.50  ~ $7.95 ,$3.83 ,$15.78 ,0.20%,N/A,N/A
Business (Legacy),Birdwatching,United States,12,$13.53  ~ $13.64 ,$4.29 ,N/A,0.32%,N/A,N/A
Business (Legacy),Exercise,United States,17,$1.22  ~ $2.75 ,N/A,N/A,N/A,N/A,N/A
Business (Legacy),News,Canada,1,$6.39  ~ $7.97 ,$2.49 ,$12.97 ,0.26%,N/A,N/A
Business (Legacy),News,United States,279,$8.92  ~ $11.77 ,$6.55 ,$21.59 ,0.18%,N/A,N/A
Business (Legacy),Cruises,United States,6,$3.21  ~ $5.88 ,$1.46 ,$8.43 ,0.40%,N/A,N/A
Business (Legacy),Advertising,United States,174,$4.74  ~ $5.75 ,$2.05 ,$10.66 ,0.23%,N/A,N/A
Business (Legacy),Advertising,Canada,3,$4.72  ~ $9.91 ,$4.33 ,$37.31 ,0.11%,N/A,N/A
Business (Legacy),Fine Art,United States,31,$7.82  ~ $7.82 ,$6.10 ,$60.98 ,0.13%,N/A,N/A
Business (Legacy),Pro Basketball,United States,6,$10.70  ~ $10.71 ,$4.11 ,N/A,0.26%,N/A,N/A
Business (Legacy),"Law, Gov't & Politics",United States,45,$8.80  ~ $10.73 ,$4.90 ,N/A,0.18%,N/A,N/A
Business (Legacy),Cameras & Camcorders,United States,48,$3.84  ~ $7.90 ,$2.03 ,N/A,0.19%,N/A,N/A
Business (Legacy),Human Resources,United States,3,$11.36  ~ $11.45 ,$3.39 ,$16.33 ,0.34%,N/A,N/A
Business (Legacy),Career Planning,United States,21,$5.74  ~ $9.26 ,$7.39 ,$59.66 ,0.08%,N/A,N/A
Business (Legacy),Career Planning,Canada,2,$11.19  ~ $11.19 ,N/A,N/A,N/A,N/A,N/A
Business (Legacy),Nutrition,United States,14,$7.93  ~ $7.93 ,$6.18 ,$6.11 ,0.13%,N/A,N/A
Business (Legacy),Net Conferencing,United States,12,$9.63  ~ $12.97 ,$8.32 ,N/A,0.16%,N/A,N/A
Business (Legacy),Investors & Patents,United States,104,$6.86  ~ $7.02 ,$7.25 ,$55.39 ,0.10%,N/A,N/A
Business (Legacy),Local News,United States,17,$10.70  ~ $17.30 ,$12.97 ,$40.44 ,0.13%,N/A,N/A
Business (Legacy),Travel,United States,844,$6.24  ~ $6.46 ,$3.02 ,$15.33 ,0.21%,N/A,N/A
Business (Legacy),Hotels,United States,102,$4.61  ~ $6.88 ,$3.07 ,N/A,0.22%,N/A,N/A
Business (Legacy),Hotels,Canada,1,$3.92  ~ $4.38 ,$1.44 ,N/A,0.30%,N/A,N/A
Business (Legacy),Marketing,Canada,1,$6.18  ~ $14.54 ,$4.37 ,$83.04 ,0.14%,N/A,N/A
Business (Legacy),Arts & Entertainment,United States,188,$5.03  ~ $6.85 ,$3.11 ,$25.71 ,0.22%,N/A,N/A
Business (Legacy),Pets,United States,15,$7.86  ~ $7.98 ,$5.35 ,N/A,0.15%,N/A,N/A
Business (Legacy),Buying/Selling Cars,Canada,6,$7.23  ~ $7.23 ,$15.59 ,N/A,0.05%,N/A,N/A
Business (Legacy),Buying/Selling Cars,United States,3,$6.94  ~ $7.63 ,$8.09 ,N/A,0.09%,N/A,N/A
Business (Legacy),Green Solutions,United States,267,$7.69  ~ $7.86 ,$18.29 ,$114.76 ,0.04%,N/A,N/A
Business (Legacy),Cold & Flu,United States,135,$7.03  ~ $8.02 ,$3.18 ,$26.68 ,0.22%,N/A,N/A
Business (Legacy),Senior Living,United States,6,$5.86  ~ $8.01 ,$4.74 ,$42.49 ,0.12%,N/A,N/A
Business (Legacy),Football,United States,1,$8.14  ~ $16.86 ,$1.87 ,N/A,0.43%,N/A,N/A
Business (Legacy),Politics,United States,112,$9.01  ~ $10.51 ,$6.09 ,N/A,0.17%,N/A,N/A
Business (Legacy),Logistics,United States,93,$12.47  ~ $12.74 ,$34.24 ,N/A,0.04%,N/A,N/A
Business (Legacy),Health/Lowfat Cooking,United States,32,$1.31  ~ $5.25 ,$1.58 ,$4.52 ,0.33%,N/A,N/A
Business (Legacy),Business,Canada,208,$6.49  ~ $8.09 ,$7.95 ,$75.95 ,0.08%,N/A,N/A
Business (Legacy),Business,United States,"53,443",$8.53  ~ $9.13 ,$4.67 ,$32.17 ,0.20%,N/A,N/A
Business (Legacy),Business Software,Canada,2,$6.34  ~ $52.04 ,$7.39 ,$280.49 ,0.09%,N/A,N/A
Business (Legacy),Business Software,United States,"10,002",$9.14  ~ $18.60 ,$6.66 ,$50.29 ,0.14%,N/A,N/A
Business (Legacy),Private School,United States,1,$6.67  ~ $16.45 ,$2.40 ,$7.49 ,0.28%,N/A,N/A
Business (Legacy),Honeymoons/Getaways,United States,20,$7.47  ~ $7.48 ,$9.68 ,$483.56 ,0.08%,N/A,N/A
Business (Legacy),Job Fairs,United States,1,$5.28  ~ $5.28 ,$0.85 ,$2.56 ,0.62%,N/A,N/A
Business (Legacy),Trucks & Accessories,United States,3,$7.96  ~ $8.00 ,$0.84 ,N/A,0.94%,N/A,N/A
Business (Legacy),Job Search,United States,25,$10.61  ~ $11.07 ,$8.51 ,$45.95 ,0.12%,N/A,N/A
Business (Legacy),Cigars,United States,40,$7.57  ~ $7.63 ,$2.57 ,$8.05 ,0.30%,N/A,N/A
Business (Legacy),Interior Decorating,United States,60,$5.72  ~ $9.40 ,$2.62 ,$12.67 ,0.22%,N/A,N/A
Business (Legacy),Cancer,Canada,67,$5.42  ~ $11.59 ,$3.41 ,$54.63 ,0.16%,N/A,N/A
Business (Legacy),Alternative Medicine,United States,44,$9.80  ~ $9.94 ,$4.69 ,$3.25 ,0.21%,N/A,N/A
Business (Legacy),Incest/Abuse Support,United States,106,$10.32  ~ $12.71 ,$4.77 ,$7.55 ,0.22%,N/A,N/A
Business (Legacy),Dogs,United States,5,$5.74  ~ $6.93 ,$13.51 ,$137.63 ,0.05%,N/A,N/A
Business (Legacy),Sexuality,United States,10,$9.12  ~ $9.12 ,$7.33 ,$54.99 ,0.12%,N/A,N/A
Business (Legacy),Arthritis,United States,1,$5.40  ~ $5.40 ,$10.10 ,N/A,0.05%,N/A,N/A
Business (Legacy),Home & Garden,United States,64,$6.57  ~ $8.17 ,$3.07 ,$22.07 ,0.21%,N/A,N/A
Business (Legacy),Food & Drink,United States,9,$8.02  ~ $11.20 ,$3.98 ,$26.51 ,0.28%,N/A,N/A
Business (Legacy),Personal Finance,Canada,280,$5.97  ~ $9.03 ,$5.93 ,$94.83 ,0.10%,N/A,N/A
Business (Legacy),Personal Finance,United States,615,$7.56  ~ $8.07 ,$6.01 ,$32.55 ,0.13%,N/A,N/A
Business (Legacy),Beauty,United States,2,$0.00  ~ $0.00 ,N/A,N/A,N/A,N/A,N/A
Business (Legacy),Football,Canada,1,$0.00  ~ $0.00 ,N/A,N/A,N/A,N/A,N/A
Business (Legacy),Computer Peripherals,United States,5,$0.00  ~ $0.00 ,N/A,N/A,N/A,N/A,N/A
Business (Legacy),Motorcycles,United States,4,$0.00  ~ $0.00 ,N/A,N/A,N/A,N/A,N/A
Business (Legacy),Canada,Canada,2,$0.00  ~ $0.00 ,N/A,N/A,N/A,N/A,N/A
Careers (Legacy),Personal Finance,Canada,54,$5.41  ~ $8.82 ,$3.72 ,$61.92 ,0.15%,N/A,N/A
Careers (Legacy),Personal Finance,United States,308,$7.95  ~ $8.05 ,$3.76 ,$31.03 ,0.21%,N/A,N/A
Careers (Legacy),Pediatrics,United States,5,$8.51  ~ $8.89 ,$6.17 ,N/A,0.14%,N/A,N/A
Careers (Legacy),Exercise,United States,5,$1.23  ~ $3.02 ,N/A,N/A,N/A,N/A,N/A
Careers (Legacy),Legal Issues,United States,407,$8.33  ~ $8.90 ,$3.20 ,$21.47 ,0.26%,N/A,N/A
Careers (Legacy),Air Travel,United States,22,$6.28  ~ $6.48 ,$1.65 ,$9.10 ,0.39%,N/A,N/A
Careers (Legacy),Career Planning,United States,5,$7.03  ~ $9.81 ,$12.10 ,N/A,0.06%,N/A,N/A
Careers (Legacy),Career Planning,Canada,1,$11.13  ~ $11.13 ,N/A,N/A,N/A,N/A,N/A
Careers (Legacy),Retirement Planning,United States,2,$9.09  ~ $9.09 ,$6.74 ,N/A,0.13%,N/A,N/A
Careers (Legacy),Health & Fitness,Canada,35,$5.75  ~ $12.31 ,$2.58 ,$39.10 ,0.22%,N/A,N/A
Careers (Legacy),Health & Fitness,United States,566,$7.70  ~ $8.73 ,$5.05 ,$19.08 ,0.17%,N/A,N/A
Careers (Legacy),Psychology/Psychiatry,United States,68,$10.54  ~ $11.39 ,$11.62 ,$81.63 ,0.09%,N/A,N/A
Careers (Legacy),Fine Art,United States,9,$7.85  ~ $7.85 ,$4.31 ,$38.81 ,0.18%,N/A,N/A
Careers (Legacy),Incest/Abuse Support,United States,40,$8.79  ~ $9.79 ,$2.87 ,$11.75 ,0.31%,N/A,N/A
Careers (Legacy),Cruises,United States,8,$3.16  ~ $6.19 ,$1.22 ,$8.88 ,0.51%,N/A,N/A
Careers (Legacy),Private School,United States,4,$6.67  ~ $16.11 ,$1.98 ,$4.78 ,0.34%,N/A,N/A
Careers (Legacy),Politics,United States,61,$9.03  ~ $10.51 ,$3.82 ,$26.98 ,0.28%,N/A,N/A
Careers (Legacy),Pets,United States,12,$8.05  ~ $8.06 ,$21.26 ,N/A,0.04%,N/A,N/A
Careers (Legacy),Buying/Selling Homes,United States,2,$5.02  ~ $7.52 ,$11.56 ,N/A,0.07%,N/A,N/A
Careers (Legacy),Cancer,Canada,12,$5.43  ~ $13.54 ,$3.36 ,N/A,0.16%,N/A,N/A
Careers (Legacy),Trucks & Accessories,United States,3,$7.97  ~ $8.02 ,N/A,N/A,N/A,N/A,N/A
Careers (Legacy),Insurance,United States,54,$11.38  ~ $11.74 ,$2.94 ,$35.20 ,0.40%,N/A,N/A
Careers (Legacy),Advertising,United States,114,$4.18  ~ $5.44 ,$2.77 ,$22.81 ,0.15%,N/A,N/A
Careers (Legacy),Pro Basketball,United States,10,$10.73  ~ $10.73 ,$2.03 ,N/A,0.53%,N/A,N/A
Careers (Legacy),Marketing,Canada,1,$6.10  ~ $12.73 ,$1.84 ,$21.11 ,0.33%,N/A,N/A
Careers (Legacy),Buying/Selling Cars,United States,3,$6.94  ~ $7.79 ,$3.04 ,N/A,0.23%,N/A,N/A
Careers (Legacy),Green Solutions,United States,86,$6.11  ~ $7.34 ,$7.59 ,N/A,0.10%,N/A,N/A
Careers (Legacy),Auto Repair,United States,1,$13.42  ~ $28.61 ,$5.35 ,N/A,0.25%,N/A,N/A
Careers (Legacy),Shopping,United States,201,$7.25  ~ $8.04 ,$2.79 ,$12.21 ,0.26%,N/A,N/A
Careers (Legacy),Senior Living,United States,5,$6.18  ~ $8.01 ,$2.06 ,$8.21 ,0.30%,N/A,N/A
Careers (Legacy),Local News,United States,5,$10.71  ~ $17.83 ,$8.72 ,$22.03 ,0.20%,N/A,N/A
Careers (Legacy),Real Estate,United States,22,$5.26  ~ $5.39 ,$2.60 ,$15.05 ,0.20%,N/A,N/A
Careers (Legacy),Adventure Travel,United States,6,$7.28  ~ $13.61 ,$5.81 ,$16.08 ,0.13%,N/A,N/A
Careers (Legacy),Dogs,United States,2,$4.90  ~ $6.57 ,$4.71 ,$25.11 ,0.14%,N/A,N/A
Careers (Legacy),Credit/Debt & Loans,United States,"1,476",$6.94  ~ $7.09 ,$2.58 ,$23.24 ,0.27%,N/A,N/A
Careers (Legacy),Credit/Debt & Loans,Canada,3,$4.87  ~ $11.32 ,$0.91 ,$6.10 ,0.53%,N/A,N/A
Careers (Legacy),College,United States,30,$6.45  ~ $7.76 ,$2.49 ,$28.71 ,0.31%,N/A,N/A
Careers (Legacy),"Law, Gov't & Politics",United States,32,$8.72  ~ $10.86 ,$3.77 ,N/A,0.23%,N/A,N/A
Careers (Legacy),Investing,United States,3,$16.18  ~ $40.42 ,N/A,N/A,N/A,N/A,N/A
Careers (Legacy),Sexuality,United States,29,$9.65  ~ $9.65 ,$12.62 ,N/A,0.08%,N/A,N/A
Careers (Legacy),Business Software,Canada,2,$5.44  ~ $44.76 ,$3.12 ,N/A,0.17%,N/A,N/A
Careers (Legacy),Business Software,United States,836,$8.81  ~ $12.21 ,$3.94 ,$36.81 ,0.22%,N/A,N/A
Careers (Legacy),Road-Side Assistance,United States,7,$11.60  ~ $11.60 ,N/A,N/A,N/A,N/A,N/A
Careers (Legacy),Food & Drink,United States,5,$8.02  ~ $11.59 ,$4.30 ,$40.09 ,0.27%,N/A,N/A
Careers (Legacy),Coffee/Tea,United States,6,$8.04  ~ $9.36 ,$4.96 ,N/A,0.19%,N/A,N/A
Careers (Legacy),Weddings,United States,1,$3.25  ~ $7.62 ,N/A,N/A,N/A,N/A,N/A
Careers (Legacy),Interior Decorating,United States,47,$6.30  ~ $9.31 ,$2.28 ,$68.48 ,0.28%,N/A,N/A
Careers (Legacy),Hobbies & Interests,United States,150,$9.17  ~ $11.35 ,$3.61 ,$29.70 ,0.25%,N/A,N/A
Careers (Legacy),Birdwatching,United States,6,$13.54  ~ $13.63 ,$3.85 ,N/A,0.35%,N/A,N/A
Careers (Legacy),Cameras & Camcorders,United States,33,$2.18  ~ $7.97 ,$1.48 ,$5.16 ,0.15%,N/A,N/A
Careers (Legacy),Travel,United States,594,$5.64  ~ $6.81 ,$2.56 ,$15.66 ,0.27%,N/A,N/A
Careers (Legacy),Dining Out,United States,3,$7.99  ~ $16.80 ,N/A,N/A,N/A,N/A,N/A
Careers (Legacy),Job Fairs,United States,2,$5.30  ~ $5.30 ,$0.59 ,$1.97 ,0.90%,N/A,N/A
Careers (Legacy),Nutrition,United States,4,$7.88  ~ $7.88 ,$3.95 ,N/A,0.20%,N/A,N/A
Careers (Legacy),Home & Garden,United States,46,$5.68  ~ $8.36 ,$2.55 ,$16.29 ,0.22%,N/A,N/A
Careers (Legacy),Biotech/Biomedical,United States,1,$5.75  ~ $5.97 ,$3.06 ,$4.72 ,0.19%,N/A,N/A
Careers (Legacy),Graduate School,Canada,10,$7.71  ~ $7.95 ,$3.33 ,N/A,0.23%,N/A,N/A
Careers (Legacy),Graduate School,United States,17,$7.90  ~ $10.62 ,$5.39 ,$12.57 ,0.20%,N/A,N/A
Careers (Legacy),Investors & Patents,United States,47,$6.64  ~ $7.00 ,$3.53 ,$54.24 ,0.20%,N/A,N/A
Careers (Legacy),Home Repair,United States,16,$7.64  ~ $7.92 ,$5.43 ,$31.91 ,0.15%,N/A,N/A
Careers (Legacy),Music,United States,7,$7.19  ~ $7.32 ,$16.74 ,N/A,0.04%,N/A,N/A
Careers (Legacy),Honeymoons/Getaways,United States,4,$7.49  ~ $7.51 ,$5.15 ,$51.53 ,0.15%,N/A,N/A
Careers (Legacy),Cocktails/Beer,United States,46,$11.81  ~ $28.77 ,$2.56 ,N/A,0.46%,N/A,N/A
Careers (Legacy),Logistics,United States,11,$11.14  ~ $11.45 ,$20.97 ,$8.88 ,0.05%,N/A,N/A
Careers (Legacy),Human Resources,United States,12,$11.07  ~ $11.52 ,$2.22 ,$37.74 ,0.50%,N/A,N/A
Careers (Legacy),Clothing,United States,14,$7.54  ~ $7.91 ,$1.83 ,$9.46 ,0.41%,N/A,N/A
Careers (Legacy),Mutual Funds,United States,44,$8.27  ~ $8.29 ,$3.56 ,$19.76 ,0.23%,N/A,N/A
Careers (Legacy),Hotels,United States,39,$6.25  ~ $7.22 ,$2.78 ,$30.40 ,0.26%,N/A,N/A
Careers (Legacy),Alternative Medicine,United States,14,$9.54  ~ $9.70 ,$4.12 ,$2.94 ,0.24%,N/A,N/A
Careers (Legacy),Arts & Entertainment,United States,96,$4.33  ~ $7.03 ,$2.36 ,$23.19 ,0.30%,N/A,N/A
Careers (Legacy),Careers,United States,49,$6.53  ~ $8.11 ,$10.04 ,N/A,0.07%,N/A,N/A
Careers (Legacy),Family & Parenting,United States,39,$5.95  ~ $10.73 ,$2.57 ,$41.13 ,0.23%,N/A,N/A
Careers (Legacy),Cold & Flu,United States,110,$6.47  ~ $8.03 ,$2.67 ,$24.57 ,0.24%,N/A,N/A
Careers (Legacy),Health/Lowfat Cooking,United States,14,$1.23  ~ $5.87 ,$1.68 ,$5.51 ,0.35%,N/A,N/A
Careers (Legacy),Football,United States,2,$7.34  ~ $15.16 ,$6.88 ,N/A,0.11%,N/A,N/A
Careers (Legacy),Teens,United States,4,$10.31  ~ $10.31 ,N/A,N/A,N/A,N/A,N/A
Careers (Legacy),Job Search,United States,27,$10.40  ~ $10.62 ,$6.80 ,$81.41 ,0.15%,N/A,N/A
Careers (Legacy),Remodeling & Construction,Canada,1,$6.73  ~ $16.73 ,$1.29 ,$16.81 ,0.52%,N/A,N/A
Careers (Legacy),Remodeling & Construction,United States,1,$6.81  ~ $7.78 ,$4.62 ,N/A,0.15%,N/A,N/A
Careers (Legacy),Business,Canada,35,$4.64  ~ $8.36 ,$2.70 ,$15.10 ,0.17%,N/A,N/A
Careers (Legacy),Business,United States,"22,669",$8.56  ~ $9.50 ,$3.07 ,$20.73 ,0.31%,N/A,N/A
Careers (Legacy),Arthritis,United States,7,$5.02  ~ $5.02 ,N/A,N/A,N/A,N/A,N/A
Careers (Legacy),News,United States,138,$8.66  ~ $10.46 ,$4.69 ,$27.39 ,0.22%,N/A,N/A
Careers (Legacy),Net Conferencing,United States,7,$9.72  ~ $13.80 ,$14.76 ,N/A,0.09%,N/A,N/A
Careers (Legacy),Card Games,United States,14,$9.17  ~ $9.51 ,$3.09 ,$36.62 ,0.31%,N/A,N/A
Careers (Legacy),Collecting,United States,1,$22.86  ~ $54.95 ,$7.10 ,N/A,0.32%,N/A,N/A
Careers (Legacy),Cigars,United States,36,$8.28  ~ $8.35 ,$2.28 ,$7.99 ,0.37%,N/A,N/A
Careers (Legacy),Gardening,United States,38,$6.60  ~ $6.60 ,$5.74 ,N/A,0.11%,N/A,N/A
Careers (Legacy),Commentary,United States,15,$10.61  ~ $13.32 ,$12.80 ,N/A,0.10%,N/A,N/A
Careers (Legacy),Automotive,United States,91,$6.21  ~ $6.31 ,$4.45 ,$103.50 ,0.14%,N/A,N/A
Careers (Legacy),Metals,Canada,5,$3.95  ~ $8.68 ,$1.91 ,N/A,0.21%,N/A,N/A
Careers (Legacy),Metals,United States,34,$8.74  ~ $9.11 ,$2.45 ,$25.33 ,0.37%,N/A,N/A
Careers (Legacy),Construction,United States,14,$2.94  ~ $7.87 ,$2.79 ,N/A,0.11%,N/A,N/A
Careers (Legacy),Education,United States,371,$7.94  ~ $8.97 ,$2.54 ,$21.23 ,0.31%,N/A,N/A
Careers (Legacy),Chronic Pain,United States,7,$5.71  ~ $6.78 ,$2.88 ,N/A,0.20%,N/A,N/A
Careers (Legacy),College,Canada,3,$0.00  ~ $0.00 ,N/A,N/A,N/A,N/A,N/A
Careers (Legacy),Motorcycles,United States,2,$0.00  ~ $0.00 ,N/A,N/A,N/A,N/A,N/A
Careers (Legacy),Books & Literature,United States,1,$0.00  ~ $0.00 ,N/A,N/A,N/A,N/A,N/A
Education (Legacy),Private School,United States,9,$6.66  ~ $13.39 ,$5.37 ,$29.38 ,0.12%,N/A,N/A
Education (Legacy),Cancer,Canada,18,$5.44  ~ $12.83 ,$5.11 ,$71.56 ,0.11%,N/A,N/A
Education (Legacy),Weddings,United States,19,$5.51  ~ $11.75 ,N/A,N/A,N/A,N/A,N/A
Education (Legacy),Buying/Selling Cars,United States,36,$6.98  ~ $7.64 ,$2.86 ,N/A,0.24%,N/A,N/A
Education (Legacy),Human Resources,United States,57,$10.84  ~ $11.23 ,$2.94 ,$19.98 ,0.37%,N/A,N/A
Education (Legacy),College,United States,80,$6.28  ~ $8.09 ,$5.49 ,$28.80 ,0.15%,N/A,N/A
Education (Legacy),Health & Fitness,United States,"2,146",$7.62  ~ $9.76 ,$6.07 ,$26.34 ,0.16%,N/A,N/A
Education (Legacy),Health & Fitness,Canada,25,$5.71  ~ $12.09 ,$2.00 ,$29.27 ,0.29%,N/A,N/A
Education (Legacy),Infertility,United States,4,$10.70  ~ $10.91 ,$7.07 ,N/A,0.15%,N/A,N/A
Education (Legacy),Food & Drink,United States,162,$8.02  ~ $10.71 ,$3.59 ,$36.36 ,0.30%,N/A,N/A
Education (Legacy),Commentary,United States,36,$10.64  ~ $13.18 ,$21.73 ,N/A,0.06%,N/A,N/A
Education (Legacy),Card Games,United States,18,$9.19  ~ $9.50 ,$4.83 ,$48.18 ,0.20%,N/A,N/A
Education (Legacy),Dogs,United States,67,$4.33  ~ $7.00 ,$14.25 ,$88.29 ,0.05%,N/A,N/A
Education (Legacy),Large Animals,United States,3,$8.02  ~ $8.02 ,$4.94 ,N/A,0.16%,N/A,N/A
Education (Legacy),Net Conferencing,United States,10,$10.06  ~ $15.38 ,$6.91 ,N/A,0.22%,N/A,N/A
Education (Legacy),Road-Side Assistance,United States,10,$11.55  ~ $11.55 ,$21.28 ,N/A,0.05%,N/A,N/A
Education (Legacy),Advertising,United States,240,$2.95  ~ $6.69 ,$1.26 ,$8.74 ,0.23%,N/A,N/A
Education (Legacy),Advertising,Canada,8,$2.89  ~ $9.75 ,$1.08 ,N/A,0.27%,N/A,N/A
Education (Legacy),Honeymoons/Getaways,United States,9,$7.45  ~ $7.45 ,$11.31 ,$621.75 ,0.07%,N/A,N/A
Education (Legacy),Family & Parenting,United States,445,$6.29  ~ $10.43 ,$6.54 ,$42.99 ,0.10%,N/A,N/A
Education (Legacy),Family & Parenting,Canada,1,$3.88  ~ $8.36 ,$2.09 ,N/A,0.40%,N/A,N/A
Education (Legacy),Jewelry,United States,2,$1.26  ~ $1.26 ,N/A,N/A,N/A,N/A,N/A
Education (Legacy),Auto Repair,United States,2,$13.41  ~ $26.85 ,$6.36 ,N/A,0.21%,N/A,N/A
Education (Legacy),Travel,United States,"1,542",$6.70  ~ $6.77 ,$2.26 ,$17.62 ,0.30%,N/A,N/A
Education (Legacy),"Law, Gov't & Politics",United States,157,$9.05  ~ $11.03 ,$6.90 ,N/A,0.13%,N/A,N/A
Education (Legacy),Automotive,United States,822,$5.39  ~ $6.35 ,$7.16 ,$161.15 ,0.09%,N/A,N/A
Education (Legacy),Automotive,Canada,2,$5.70  ~ $12.56 ,$8.62 ,$77.57 ,0.07%,N/A,N/A
Education (Legacy),Interior Decorating,United States,402,$6.70  ~ $9.04 ,$2.32 ,$15.32 ,0.29%,N/A,N/A
Education (Legacy),Cold & Flu,United States,548,$7.05  ~ $8.03 ,$3.61 ,$24.82 ,0.20%,N/A,N/A
Education (Legacy),Music,United States,52,$7.12  ~ $7.13 ,$2.64 ,$25.04 ,0.27%,N/A,N/A
Education (Legacy),Teens,United States,2,$10.17  ~ $10.17 ,N/A,N/A,N/A,N/A,N/A
Education (Legacy),News,Canada,3,$6.28  ~ $8.11 ,$2.35 ,$21.85 ,0.27%,N/A,N/A
Education (Legacy),News,United States,251,$9.03  ~ $10.93 ,$5.52 ,$34.73 ,0.20%,N/A,N/A
Education (Legacy),Pediatrics,United States,28,$8.50  ~ $8.82 ,$7.87 ,N/A,0.11%,N/A,N/A
Education (Legacy),Personal Finance,Canada,32,$5.91  ~ $8.86 ,$2.71 ,$32.11 ,0.22%,N/A,N/A
Education (Legacy),Personal Finance,United States,"1,423",$7.97  ~ $8.21 ,$4.60 ,$51.63 ,0.17%,N/A,N/A
Education (Legacy),Green Solutions,United States,60,$5.66  ~ $7.15 ,$5.76 ,N/A,0.12%,N/A,N/A
Education (Legacy),Dining Out,Canada,1,$0.55  ~ $1.36 ,$0.49 ,N/A,0.11%,N/A,N/A
Education (Legacy),Exercise,United States,4,$1.23  ~ $3.01 ,N/A,N/A,N/A,N/A,N/A
Education (Legacy),Agriculture,United States,2,$10.71  ~ $24.94 ,N/A,N/A,N/A,N/A,N/A
Education (Legacy),Clothing,United States,66,$7.17  ~ $7.81 ,$2.33 ,$12.26 ,0.31%,N/A,N/A
Education (Legacy),Remodeling & Construction,United States,28,$6.91  ~ $8.06 ,$2.96 ,N/A,0.23%,N/A,N/A
Education (Legacy),Metals,Canada,2,$4.55  ~ $10.83 ,$1.52 ,N/A,0.30%,N/A,N/A
Education (Legacy),Metals,United States,70,$8.85  ~ $8.91 ,$2.44 ,$24.85 ,0.37%,N/A,N/A
Education (Legacy),Job Fairs,United States,6,$5.30  ~ $5.30 ,$3.81 ,N/A,0.14%,N/A,N/A
Education (Legacy),Investors & Patents,United States,114,$6.66  ~ $7.29 ,$3.84 ,$25.53 ,0.19%,N/A,N/A
Education (Legacy),Career Planning,United States,78,$6.95  ~ $9.13 ,$6.68 ,N/A,0.10%,N/A,N/A
Education (Legacy),Career Planning,Canada,7,$11.32  ~ $11.32 ,N/A,N/A,N/A,N/A,N/A
Education (Legacy),Apartments,United States,2,$13.80  ~ $15.77 ,N/A,N/A,N/A,N/A,N/A
Education (Legacy),Real Estate,United States,187,$5.51  ~ $5.55 ,$3.24 ,$21.42 ,0.17%,N/A,N/A
Education (Legacy),Chronic Pain,United States,92,$5.46  ~ $6.79 ,$6.42 ,N/A,0.09%,N/A,N/A
Education (Legacy),Incest/Abuse Support,United States,59,$11.96  ~ $13.75 ,$4.47 ,$27.82 ,0.27%,N/A,N/A
Education (Legacy),Business Software,Canada,2,$6.05  ~ $51.56 ,$3.84 ,$126.53 ,0.16%,N/A,N/A
Education (Legacy),Business Software,United States,659,$9.92  ~ $12.41 ,$3.88 ,$41.36 ,0.26%,N/A,N/A
Education (Legacy),Investing,United States,4,$16.17  ~ $32.73 ,N/A,N/A,N/A,N/A,N/A
Education (Legacy),Sexuality,United States,9,$9.45  ~ $9.45 ,$10.55 ,$42.19 ,0.09%,N/A,N/A
Education (Legacy),Cameras & Camcorders,United States,492,$4.17  ~ $7.93 ,$1.28 ,N/A,0.33%,N/A,N/A
Education (Legacy),Couponing,United States,19,$8.04  ~ $18.01 ,$3.27 ,$39.22 ,0.25%,N/A,N/A
Education (Legacy),Construction,United States,92,$5.51  ~ $8.58 ,$3.92 ,$18.51 ,0.14%,N/A,N/A
Education (Legacy),Football,United States,5,$7.36  ~ $16.99 ,$3.40 ,$8.51 ,0.22%,N/A,N/A
Education (Legacy),Local News,United States,5,$10.68  ~ $15.53 ,$22.53 ,N/A,0.07%,N/A,N/A
Education (Legacy),Alternative Medicine,United States,737,$9.76  ~ $9.94 ,$4.06 ,$2.50 ,0.24%,N/A,N/A
Education (Legacy),Alternative Medicine,Canada,2,$7.59  ~ $7.63 ,$7.37 ,N/A,0.10%,N/A,N/A
Education (Legacy),Cigars,United States,745,$8.54  ~ $8.56 ,$1.83 ,$5.85 ,0.47%,N/A,N/A
Education (Legacy),Health/Lowfat Cooking,Canada,1,$6.60  ~ $14.15 ,$2.96 ,N/A,0.22%,N/A,N/A
Education (Legacy),Health/Lowfat Cooking,United States,51,$1.31  ~ $6.12 ,$2.46 ,$8.07 ,0.25%,N/A,N/A
Education (Legacy),Hobbies & Interests,United States,"1,319",$9.28  ~ $11.68 ,$4.31 ,$33.84 ,0.22%,N/A,N/A
Education (Legacy),Fine Art,United States,20,$7.87  ~ $7.87 ,$3.66 ,$51.22 ,0.22%,N/A,N/A
Education (Legacy),Cocktails/Beer,United States,38,$11.97  ~ $29.85 ,$2.41 ,N/A,0.50%,N/A,N/A
Education (Legacy),Nutrition,United States,30,$7.88  ~ $7.88 ,$4.48 ,N/A,0.18%,N/A,N/A
Education (Legacy),Appliances,United States,2,$9.82  ~ $11.92 ,$1.07 ,N/A,0.92%,N/A,N/A
Education (Legacy),Credit/Debt & Loans,United States,"1,712",$7.53  ~ $7.61 ,$3.28 ,$42.49 ,0.23%,N/A,N/A
Education (Legacy),Credit/Debt & Loans,Canada,1,$4.88  ~ $11.57 ,$0.99 ,$8.93 ,0.49%,N/A,N/A
Education (Legacy),Shopping,Canada,3,$10.45  ~ $22.75 ,$13.90 ,N/A,0.08%,N/A,N/A
Education (Legacy),Shopping,United States,"1,260",$7.36  ~ $7.93 ,$2.75 ,$16.75 ,0.27%,N/A,N/A
Education (Legacy),Education,United States,"2,699",$7.19  ~ $7.70 ,$3.51 ,$42.12 ,0.20%,N/A,N/A
Education (Legacy),Job Search,United States,166,$10.45  ~ $10.77 ,$8.72 ,$77.03 ,0.12%,N/A,N/A
Education (Legacy),Home Repair,United States,165,$7.64  ~ $7.93 ,$4.90 ,N/A,0.16%,N/A,N/A
Education (Legacy),Legal Issues,United States,136,$8.50  ~ $9.01 ,$2.53 ,$30.38 ,0.34%,N/A,N/A
Education (Legacy),Insurance,United States,122,$11.17  ~ $12.30 ,$4.32 ,$43.70 ,0.29%,N/A,N/A
Education (Legacy),Air Travel,United States,121,$6.22  ~ $6.51 ,$2.41 ,$30.14 ,0.27%,N/A,N/A
Education (Legacy),Politics,United States,24,$9.06  ~ $10.43 ,$6.52 ,N/A,0.16%,N/A,N/A
Education (Legacy),Cruises,United States,84,$3.45  ~ $5.92 ,$1.50 ,$10.85 ,0.39%,N/A,N/A
Education (Legacy),Psychology/Psychiatry,United States,462,$9.75  ~ $11.95 ,$8.83 ,N/A,0.11%,N/A,N/A
Education (Legacy),Arts & Entertainment,United States,763,$4.45  ~ $7.50 ,$3.46 ,$25.95 ,0.22%,N/A,N/A
Education (Legacy),Pets,United States,54,$7.63  ~ $7.95 ,$8.26 ,N/A,0.09%,N/A,N/A
Education (Legacy),Buying/Selling Homes,United States,10,$6.91  ~ $7.88 ,$12.76 ,N/A,0.06%,N/A,N/A
Education (Legacy),Biotech/Biomedical,United States,34,$5.67  ~ $7.40 ,$4.42 ,$11.88 ,0.17%,N/A,N/A
Education (Legacy),Senor Health,United States,6,$7.68  ~ $18.52 ,$1.61 ,N/A,0.48%,N/A,N/A
Education (Legacy),Senior Living,United States,12,$6.37  ~ $8.01 ,$2.30 ,$18.28 ,0.28%,N/A,N/A
Education (Legacy),Pro Basketball,United States,1,$10.72  ~ $10.72 ,$2.33 ,N/A,0.46%,N/A,N/A
Education (Legacy),Marketing,Canada,32,$6.15  ~ $12.31 ,$4.14 ,$35.85 ,0.15%,N/A,N/A
Education (Legacy),Business,Canada,36,$5.14  ~ $8.30 ,$3.48 ,$32.54 ,0.15%,N/A,N/A
Education (Legacy),Business,United States,"6,778",$8.76  ~ $9.03 ,$3.99 ,$37.99 ,0.23%,N/A,N/A
Education (Legacy),Logistics,United States,23,$10.18  ~ $10.81 ,$20.86 ,N/A,0.05%,N/A,N/A
Education (Legacy),Birdwatching,United States,79,$13.53  ~ $13.62 ,$2.03 ,N/A,0.67%,N/A,N/A
Education (Legacy),Coffee/Tea,United States,319,$8.04  ~ $8.43 ,$12.85 ,$25.70 ,0.07%,N/A,N/A
Education (Legacy),Home & Garden,United States,232,$7.11  ~ $8.30 ,$2.30 ,$34.72 ,0.31%,N/A,N/A
Education (Legacy),Collecting,United States,4,$24.54  ~ $52.34 ,$10.21 ,N/A,0.24%,N/A,N/A
Education (Legacy),Graduate School,United States,87,$7.91  ~ $10.50 ,$6.38 ,$21.04 ,0.16%,N/A,N/A
Education (Legacy),Graduate School,Canada,10,$7.75  ~ $7.96 ,$3.71 ,$30.31 ,0.21%,N/A,N/A
Education (Legacy),Hotels,United States,29,$6.94  ~ $7.28 ,$4.65 ,$72.66 ,0.16%,N/A,N/A
Education (Legacy),Careers,United States,208,$6.80  ~ $8.02 ,$9.12 ,$402.95 ,0.07%,N/A,N/A
Education (Legacy),Gardening,United States,213,$5.69  ~ $5.69 ,$3.35 ,$34.65 ,0.17%,N/A,N/A
Education (Legacy),Mutual Funds,United States,133,$8.17  ~ $8.35 ,$2.63 ,$23.03 ,0.32%,N/A,N/A
Education (Legacy),Arthritis,United States,1,$5.48  ~ $5.48 ,$7.87 ,N/A,0.07%,N/A,N/A
Education (Legacy),Adventure Travel,United States,27,$7.09  ~ $13.62 ,$4.30 ,N/A,0.17%,N/A,N/A
Education (Legacy),Entertainment,United States,2,$0.00  ~ $0.00 ,N/A,N/A,N/A,N/A,N/A
Education (Legacy),Books & Literature,United States,1,$0.00  ~ $0.00 ,N/A,N/A,N/A,N/A,N/A
Education (Legacy),Computer Peripherals,United States,8,$0.00  ~ $0.00 ,N/A,N/A,N/A,N/A,N/A
Education (Legacy),Canada,Canada,1,$0.00  ~ $0.00 ,N/A,N/A,N/A,N/A,N/A
Education (Legacy),College,Canada,1,$0.00  ~ $0.00 ,N/A,N/A,N/A,N/A,N/A
Family & Parenting (Legacy),Arts & Entertainment,United States,71,$4.86  ~ $7.92 ,$4.41 ,$27.71 ,0.18%,N/A,N/A
Family & Parenting (Legacy),Travel,United States,588,$7.13  ~ $7.14 ,$3.46 ,$15.41 ,0.21%,N/A,N/A
Family & Parenting (Legacy),Pets,United States,19,$7.48  ~ $7.88 ,$8.75 ,N/A,0.09%,N/A,N/A
Family & Parenting (Legacy),Green Solutions,United States,9,$6.64  ~ $7.87 ,$6.91 ,$55.82 ,0.11%,N/A,N/A
Family & Parenting (Legacy),Hobbies & Interests,United States,246,$10.11  ~ $11.77 ,$7.33 ,$29.75 ,0.14%,N/A,N/A
Family & Parenting (Legacy),Music,United States,12,$7.19  ~ $7.21 ,$4.47 ,$9.68 ,0.16%,N/A,N/A
Family & Parenting (Legacy),Investors & Patents,United States,8,$6.12  ~ $6.82 ,$3.71 ,$19.31 ,0.18%,N/A,N/A
Family & Parenting (Legacy),Fine Art,United States,2,$7.88  ~ $7.88 ,$4.26 ,$89.55 ,0.18%,N/A,N/A
Family & Parenting (Legacy),Exercise,United States,2,$1.24  ~ $2.93 ,N/A,N/A,N/A,N/A,N/A
Family & Parenting (Legacy),Shopping,United States,167,$6.10  ~ $7.71 ,$2.80 ,$9.91 ,0.22%,N/A,N/A
Family & Parenting (Legacy),Metals,United States,52,$8.49  ~ $8.88 ,$2.73 ,$17.96 ,0.31%,N/A,N/A
Family & Parenting (Legacy),Job Search,United States,42,$10.04  ~ $10.34 ,$8.17 ,$71.05 ,0.12%,N/A,N/A
Family & Parenting (Legacy),Automotive,United States,111,$5.29  ~ $6.11 ,$2.67 ,$157.73 ,0.20%,N/A,N/A
Family & Parenting (Legacy),Interior Decorating,United States,97,$5.71  ~ $9.35 ,$3.32 ,$18.27 ,0.17%,N/A,N/A
Family & Parenting (Legacy),Graduate School,United States,25,$7.91  ~ $10.05 ,$4.58 ,$40.13 ,0.22%,N/A,N/A
Family & Parenting (Legacy),Senior Living,United States,10,$5.96  ~ $8.01 ,$4.68 ,$23.35 ,0.13%,N/A,N/A
Family & Parenting (Legacy),Catholicism,United States,2,$8.16  ~ $18.66 ,$3.11 ,N/A,0.26%,N/A,N/A
Family & Parenting (Legacy),Biotech/Biomedical,United States,7,$5.67  ~ $6.82 ,$2.59 ,$8.36 ,0.26%,N/A,N/A
Family & Parenting (Legacy),Health & Fitness,United States,"1,085",$7.18  ~ $7.96 ,$5.25 ,$18.22 ,0.15%,N/A,N/A
Family & Parenting (Legacy),Health & Fitness,Canada,5,$5.75  ~ $12.94 ,$2.77 ,$17.08 ,0.21%,N/A,N/A
Family & Parenting (Legacy),Senor Health,United States,2,$7.80  ~ $16.98 ,$1.84 ,$15.86 ,0.42%,N/A,N/A
Family & Parenting (Legacy),Net Conferencing,United States,2,$9.69  ~ $15.36 ,$7.26 ,N/A,0.21%,N/A,N/A
Family & Parenting (Legacy),Sexuality,United States,36,$9.74  ~ $9.74 ,$8.57 ,$89.97 ,0.11%,N/A,N/A
Family & Parenting (Legacy),Honeymoons/Getaways,United States,1,$7.80  ~ $7.96 ,$9.12 ,$528.13 ,0.09%,N/A,N/A
Family & Parenting (Legacy),Cocktails/Beer,Canada,1,$7.93  ~ $15.88 ,$3.55 ,$35.54 ,0.22%,N/A,N/A
Family & Parenting (Legacy),Cocktails/Beer,United States,24,$11.78  ~ $24.51 ,$3.72 ,N/A,0.32%,N/A,N/A
Family & Parenting (Legacy),Nutrition,United States,7,$7.84  ~ $7.84 ,$6.73 ,N/A,0.12%,N/A,N/A
Family & Parenting (Legacy),Coffee/Tea,United States,8,$8.03  ~ $8.17 ,$7.57 ,$17.04 ,0.11%,N/A,N/A
Family & Parenting (Legacy),Legal Issues,United States,68,$8.78  ~ $8.91 ,$3.38 ,$19.17 ,0.26%,N/A,N/A
Family & Parenting (Legacy),Pediatrics,United States,3,$8.67  ~ $9.02 ,$7.37 ,N/A,0.12%,N/A,N/A
Family & Parenting (Legacy),Insurance,United States,25,$11.02  ~ $11.19 ,$3.67 ,$23.14 ,0.30%,N/A,N/A
Family & Parenting (Legacy),Logistics,United States,10,$10.06  ~ $10.39 ,$15.97 ,N/A,0.07%,N/A,N/A
Family & Parenting (Legacy),News,Canada,2,$4.07  ~ $8.06 ,$2.49 ,$47.30 ,0.16%,N/A,N/A
Family & Parenting (Legacy),News,United States,32,$8.41  ~ $11.67 ,$7.76 ,$35.56 ,0.15%,N/A,N/A
Family & Parenting (Legacy),Personal Finance,Canada,12,$5.62  ~ $8.82 ,$3.54 ,$29.52 ,0.16%,N/A,N/A
Family & Parenting (Legacy),Personal Finance,United States,266,$7.82  ~ $7.87 ,$4.20 ,$32.13 ,0.19%,N/A,N/A
Family & Parenting (Legacy),Football,United States,3,$8.71  ~ $18.93 ,$2.93 ,$4.89 ,0.30%,N/A,N/A
Family & Parenting (Legacy),Remodeling & Construction,United States,2,$6.30  ~ $8.04 ,$4.20 ,$12.59 ,0.15%,N/A,N/A
Family & Parenting (Legacy),Air Travel,United States,9,$6.23  ~ $6.43 ,$2.59 ,$15.55 ,0.25%,N/A,N/A
Family & Parenting (Legacy),Food & Drink,United States,11,$8.01  ~ $11.73 ,$3.70 ,$17.23 ,0.32%,N/A,N/A
Family & Parenting (Legacy),Gardening,United States,29,$5.37  ~ $5.37 ,$4.15 ,$49.08 ,0.13%,N/A,N/A
Family & Parenting (Legacy),Credit/Debt & Loans,United States,509,$6.42  ~ $6.98 ,$2.66 ,$16.28 ,0.24%,N/A,N/A
Family & Parenting (Legacy),Human Resources,United States,10,$11.17  ~ $11.26 ,$3.65 ,$17.19 ,0.31%,N/A,N/A
Family & Parenting (Legacy),College,United States,31,$5.77  ~ $7.78 ,$3.19 ,$22.99 ,0.24%,N/A,N/A
Family & Parenting (Legacy),Advertising,United States,144,$1.78  ~ $5.91 ,$1.80 ,$8.13 ,0.10%,N/A,N/A
Family & Parenting (Legacy),Advertising,Canada,2,$0.84  ~ $8.89 ,$1.27 ,$4.52 ,0.07%,N/A,N/A
Family & Parenting (Legacy),"Law, Gov't & Politics",United States,21,$8.73  ~ $11.40 ,$7.30 ,N/A,0.12%,N/A,N/A
Family & Parenting (Legacy),Mutual Funds,United States,10,$8.11  ~ $8.19 ,$3.61 ,$33.06 ,0.22%,N/A,N/A
Family & Parenting (Legacy),Cameras & Camcorders,United States,67,$3.78  ~ $7.98 ,$1.83 ,N/A,0.21%,N/A,N/A
Family & Parenting (Legacy),Card Games,United States,5,$9.14  ~ $9.35 ,$4.08 ,$17.00 ,0.23%,N/A,N/A
Family & Parenting (Legacy),Investing,United States,1,$16.16  ~ $34.11 ,N/A,N/A,N/A,N/A,N/A
Family & Parenting (Legacy),Health/Lowfat Cooking,United States,9,$1.33  ~ $7.38 ,$2.74 ,$12.00 ,0.27%,N/A,N/A
Family & Parenting (Legacy),Arthritis,United States,4,$5.54  ~ $5.54 ,N/A,N/A,N/A,N/A,N/A
Family & Parenting (Legacy),Cold & Flu,United States,57,$7.02  ~ $8.02 ,$3.02 ,$18.50 ,0.23%,N/A,N/A
Family & Parenting (Legacy),Family & Parenting,United States,69,$5.37  ~ $11.71 ,$5.93 ,$44.14 ,0.09%,N/A,N/A
Family & Parenting (Legacy),Home & Garden,United States,42,$7.03  ~ $8.94 ,$3.02 ,$21.23 ,0.23%,N/A,N/A
Family & Parenting (Legacy),Weddings,United States,4,$5.12  ~ $12.51 ,N/A,N/A,N/A,N/A,N/A
Family & Parenting (Legacy),Buying/Selling Cars,United States,24,$7.31  ~ $7.85 ,$6.28 ,N/A,0.12%,N/A,N/A
Family & Parenting (Legacy),Careers,United States,56,$7.19  ~ $8.08 ,$7.65 ,$241.57 ,0.09%,N/A,N/A
Family & Parenting (Legacy),Cancer,Canada,2,$5.44  ~ $12.15 ,$3.14 ,$22.76 ,0.17%,N/A,N/A
Family & Parenting (Legacy),Alternative Medicine,United States,72,$9.40  ~ $9.77 ,$3.83 ,$2.40 ,0.25%,N/A,N/A
Family & Parenting (Legacy),Commentary,United States,17,$10.61  ~ $12.66 ,$13.67 ,N/A,0.09%,N/A,N/A
Family & Parenting (Legacy),Cruises,United States,23,$3.17  ~ $5.90 ,$1.67 ,$9.13 ,0.35%,N/A,N/A
Family & Parenting (Legacy),Adventure Travel,United States,3,$7.28  ~ $13.61 ,$13.41 ,N/A,0.05%,N/A,N/A
Family & Parenting (Legacy),Home Repair,United States,18,$7.82  ~ $8.01 ,$4.34 ,$29.84 ,0.18%,N/A,N/A
Family & Parenting (Legacy),Birdwatching,United States,8,$13.53  ~ $13.64 ,$3.88 ,N/A,0.35%,N/A,N/A
Family & Parenting (Legacy),Pro Basketball,United States,4,$10.71  ~ $10.71 ,$3.44 ,N/A,0.31%,N/A,N/A
Family & Parenting (Legacy),Real Estate,United States,36,$5.39  ~ $5.42 ,$2.35 ,$12.15 ,0.23%,N/A,N/A
Family & Parenting (Legacy),Buying/Selling Homes,United States,6,$6.32  ~ $7.76 ,$13.65 ,N/A,0.06%,N/A,N/A
Family & Parenting (Legacy),Business,United States,"1,328",$8.11  ~ $8.55 ,$3.75 ,$29.99 ,0.23%,N/A,N/A
Family & Parenting (Legacy),Business,Canada,11,$4.58  ~ $11.77 ,$3.40 ,$17.08 ,0.13%,N/A,N/A
Family & Parenting (Legacy),Business Software,Canada,1,$3.92  ~ $45.16 ,$2.82 ,$86.31 ,0.14%,N/A,N/A
Family & Parenting (Legacy),Business Software,United States,330,$8.84  ~ $11.42 ,$3.39 ,$19.82 ,0.26%,N/A,N/A
Family & Parenting (Legacy),Construction,United States,31,$3.01  ~ $8.36 ,$1.82 ,N/A,0.17%,N/A,N/A
Family & Parenting (Legacy),Psychology/Psychiatry,United States,80,$10.39  ~ $12.08 ,$8.52 ,$98.48 ,0.12%,N/A,N/A
Family & Parenting (Legacy),Dogs,United States,10,$4.47  ~ $5.62 ,$4.30 ,$14.81 ,0.13%,N/A,N/A
Family & Parenting (Legacy),Cigars,United States,149,$7.25  ~ $7.31 ,$2.11 ,$6.08 ,0.35%,N/A,N/A
Family & Parenting (Legacy),Clothing,United States,10,$7.66  ~ $8.15 ,$2.90 ,$17.34 ,0.26%,N/A,N/A
Family & Parenting (Legacy),Career Planning,United States,3,$5.01  ~ $9.08 ,$4.79 ,$39.67 ,0.10%,N/A,N/A
Family & Parenting (Legacy),Education,United States,278,$6.95  ~ $7.96 ,$3.50 ,$25.12 ,0.20%,N/A,N/A
Family & Parenting (Legacy),Chronic Pain,United States,15,$6.02  ~ $6.80 ,$6.44 ,N/A,0.09%,N/A,N/A
Family & Parenting (Legacy),Incest/Abuse Support,United States,51,$8.22  ~ $8.96 ,$4.74 ,$32.23 ,0.17%,N/A,N/A
Family & Parenting (Legacy),Private School,United States,6,$6.66  ~ $16.38 ,$3.07 ,$16.52 ,0.22%,N/A,N/A
Family & Parenting (Legacy),Couponing,United States,4,$8.04  ~ $19.33 ,$1.81 ,$9.37 ,0.44%,N/A,N/A
Family & Parenting (Legacy),Politics,United States,21,$9.00  ~ $10.67 ,$4.99 ,$41.39 ,0.21%,N/A,N/A
Family & Parenting (Legacy),Retirement Planning,United States,2,$9.05  ~ $9.05 ,$4.55 ,$8.00 ,0.20%,N/A,N/A
Family & Parenting (Legacy),Hotels,United States,16,$8.93  ~ $9.08 ,$10.34 ,$71.56 ,0.09%,N/A,N/A
Family & Parenting (Legacy),Football,Canada,1,$0.00  ~ $0.00 ,N/A,N/A,N/A,N/A,N/A
Family & Parenting (Legacy),Motorcycles,United States,1,$0.00  ~ $0.00 ,N/A,N/A,N/A,N/A,N/A
Food & Drink (Legacy),Personal Finance,Canada,7,$6.75  ~ $9.10 ,$6.08 ,$31.48 ,0.11%,N/A,N/A
Food & Drink (Legacy),Personal Finance,United States,167,$7.89  ~ $7.97 ,$8.76 ,$55.15 ,0.09%,N/A,N/A
Food & Drink (Legacy),Music,United States,5,$7.52  ~ $7.58 ,$6.13 ,$79.63 ,0.12%,N/A,N/A
Food & Drink (Legacy),Senior Living,United States,3,$7.22  ~ $8.01 ,$11.59 ,$46.06 ,0.06%,N/A,N/A
Food & Drink (Legacy),Mutual Funds,United States,32,$8.17  ~ $8.25 ,$5.14 ,$27.41 ,0.16%,N/A,N/A
Food & Drink (Legacy),Biotech/Biomedical,United States,5,$5.52  ~ $6.11 ,$2.81 ,$4.26 ,0.22%,N/A,N/A
Food & Drink (Legacy),Dining Out,United States,1,$8.03  ~ $17.92 ,N/A,N/A,N/A,N/A,N/A
Food & Drink (Legacy),Chronic Pain,United States,3,$6.44  ~ $6.76 ,$6.95 ,N/A,0.09%,N/A,N/A
Food & Drink (Legacy),News,United States,16,$8.78  ~ $12.50 ,$13.29 ,$59.23 ,0.09%,N/A,N/A
Food & Drink (Legacy),News,Canada,2,$5.72  ~ $8.03 ,$8.62 ,N/A,0.07%,N/A,N/A
Food & Drink (Legacy),Birdwatching,United States,9,$13.53  ~ $13.64 ,$8.94 ,N/A,0.15%,N/A,N/A
Food & Drink (Legacy),Automotive,United States,68,$5.98  ~ $7.09 ,$13.81 ,$243.70 ,0.05%,N/A,N/A
Food & Drink (Legacy),Automotive,Canada,2,$5.43  ~ $11.35 ,$10.36 ,$414.38 ,0.05%,N/A,N/A
Food & Drink (Legacy),Credit/Debt & Loans,United States,258,$7.51  ~ $7.52 ,$4.94 ,$40.76 ,0.15%,N/A,N/A
Food & Drink (Legacy),Business Software,Canada,1,$6.44  ~ $43.69 ,$12.08 ,$241.57 ,0.05%,N/A,N/A
Food & Drink (Legacy),Business Software,United States,72,$10.21  ~ $12.01 ,$5.79 ,$38.90 ,0.18%,N/A,N/A
Food & Drink (Legacy),Business,Canada,13,$4.97  ~ $9.37 ,$3.53 ,$15.11 ,0.14%,N/A,N/A
Food & Drink (Legacy),Business,United States,461,$8.48  ~ $9.68 ,$6.80 ,$34.54 ,0.14%,N/A,N/A
Food & Drink (Legacy),Card Games,United States,8,$9.34  ~ $9.56 ,$9.30 ,$25.91 ,0.10%,N/A,N/A
Food & Drink (Legacy),Green Solutions,United States,8,$6.16  ~ $9.33 ,$17.39 ,$55.76 ,0.05%,N/A,N/A
Food & Drink (Legacy),Human Resources,United States,2,$11.06  ~ $11.43 ,$7.43 ,$28.13 ,0.15%,N/A,N/A
Food & Drink (Legacy),Graduate School,United States,11,$7.73  ~ $10.30 ,$9.34 ,$76.66 ,0.11%,N/A,N/A
Food & Drink (Legacy),Buying/Selling Cars,United States,4,$7.28  ~ $7.86 ,$10.20 ,N/A,0.07%,N/A,N/A
Food & Drink (Legacy),Hotels,United States,17,$6.62  ~ $6.81 ,$18.87 ,$56.37 ,0.04%,N/A,N/A
Food & Drink (Legacy),Logistics,United States,1,$10.09  ~ $10.46 ,$30.35 ,$35.52 ,0.03%,N/A,N/A
Food & Drink (Legacy),Honeymoons/Getaways,United States,1,$7.96  ~ $8.26 ,$10.16 ,$114.89 ,0.08%,N/A,N/A
Food & Drink (Legacy),Cruises,United States,6,$3.05  ~ $5.61 ,$2.29 ,$9.93 ,0.25%,N/A,N/A
Food & Drink (Legacy),Careers,United States,48,$7.37  ~ $8.11 ,$14.58 ,$264.45 ,0.05%,N/A,N/A
Food & Drink (Legacy),Cancer,Canada,1,$5.44  ~ $11.42 ,$6.55 ,$57.33 ,0.08%,N/A,N/A
Food & Drink (Legacy),Politics,United States,9,$8.99  ~ $10.72 ,$7.14 ,$95.77 ,0.15%,N/A,N/A
Food & Drink (Legacy),Retirement Planning,United States,1,$9.00  ~ $9.00 ,N/A,N/A,N/A,N/A,N/A
Food & Drink (Legacy),Family & Parenting,United States,42,$5.85  ~ $11.59 ,$8.89 ,$110.10 ,0.07%,N/A,N/A
Food & Drink (Legacy),Pediatrics,United States,1,$9.00  ~ $9.38 ,$10.52 ,N/A,0.09%,N/A,N/A
Food & Drink (Legacy),Food & Drink,United States,28,$8.01  ~ $10.74 ,$3.75 ,$16.50 ,0.29%,N/A,N/A
Food & Drink (Legacy),Dogs,United States,18,$5.90  ~ $6.37 ,$11.12 ,$16.81 ,0.06%,N/A,N/A
Food & Drink (Legacy),Net Conferencing,United States,1,$9.67  ~ $16.68 ,$12.18 ,N/A,0.14%,N/A,N/A
Food & Drink (Legacy),Air Travel,United States,4,$6.57  ~ $6.93 ,$4.99 ,$17.97 ,0.14%,N/A,N/A
Food & Drink (Legacy),Arts & Entertainment,United States,50,$4.67  ~ $8.20 ,$7.39 ,$28.89 ,0.11%,N/A,N/A
Food & Drink (Legacy),Legal Issues,United States,26,$9.03  ~ $9.06 ,$6.75 ,$41.11 ,0.13%,N/A,N/A
Food & Drink (Legacy),Real Estate,United States,15,$6.40  ~ $6.52 ,$4.84 ,$17.23 ,0.13%,N/A,N/A
Food & Drink (Legacy),Cocktails/Beer,United States,6,$11.84  ~ $26.49 ,$6.07 ,N/A,0.19%,N/A,N/A
Food & Drink (Legacy),Pets,United States,32,$7.94  ~ $8.32 ,$13.63 ,$4.10 ,0.06%,N/A,N/A
Food & Drink (Legacy),Clothing,United States,15,$8.01  ~ $8.54 ,$6.51 ,$18.27 ,0.12%,N/A,N/A
Food & Drink (Legacy),Construction,United States,5,$3.76  ~ $8.74 ,$4.68 ,N/A,0.08%,N/A,N/A
Food & Drink (Legacy),Infertility,United States,2,$10.29  ~ $10.78 ,$36.70 ,N/A,0.03%,N/A,N/A
Food & Drink (Legacy),Adventure Travel,United States,2,$7.40  ~ $13.60 ,$11.42 ,$31.40 ,0.06%,N/A,N/A
Food & Drink (Legacy),Nutrition,United States,11,$7.79  ~ $7.79 ,$15.07 ,N/A,0.05%,N/A,N/A
Food & Drink (Legacy),Home Repair,United States,12,$7.74  ~ $7.98 ,$7.52 ,$69.04 ,0.11%,N/A,N/A
Food & Drink (Legacy),Shopping,United States,147,$7.94  ~ $10.78 ,$9.14 ,$38.95 ,0.09%,N/A,N/A
Food & Drink (Legacy),Buying/Selling Homes,United States,1,$6.90  ~ $7.97 ,$14.55 ,N/A,0.05%,N/A,N/A
Food & Drink (Legacy),Cigars,United States,56,$9.18  ~ $9.20 ,$6.58 ,$19.43 ,0.14%,N/A,N/A
Food & Drink (Legacy),Hobbies & Interests,United States,119,$10.76  ~ $12.47 ,$13.97 ,$94.06 ,0.08%,N/A,N/A
Food & Drink (Legacy),Private School,United States,2,$6.67  ~ $14.22 ,$4.40 ,$11.72 ,0.15%,N/A,N/A
Food & Drink (Legacy),Cameras & Camcorders,United States,32,$2.48  ~ $7.88 ,$3.62 ,$11.50 ,0.07%,N/A,N/A
Food & Drink (Legacy),Advertising,United States,128,$1.78  ~ $8.92 ,$2.17 ,$5.70 ,0.08%,N/A,N/A
Food & Drink (Legacy),Incest/Abuse Support,United States,16,$9.45  ~ $12.56 ,$4.83 ,$14.52 ,0.20%,N/A,N/A
Food & Drink (Legacy),Education,United States,161,$7.85  ~ $8.22 ,$5.36 ,$31.64 ,0.15%,N/A,N/A
Food & Drink (Legacy),Cold & Flu,United States,24,$7.12  ~ $8.03 ,$4.71 ,$23.44 ,0.15%,N/A,N/A
Food & Drink (Legacy),Home & Garden,United States,32,$6.42  ~ $8.89 ,$5.83 ,$29.69 ,0.11%,N/A,N/A
Food & Drink (Legacy),Metals,United States,9,$8.73  ~ $9.50 ,$5.13 ,$42.54 ,0.18%,N/A,N/A
Food & Drink (Legacy),Football,United States,3,$7.93  ~ $18.80 ,$2.74 ,$6.85 ,0.29%,N/A,N/A
Food & Drink (Legacy),Alternative Medicine,United States,42,$10.13  ~ $10.33 ,$6.73 ,$2.63 ,0.15%,N/A,N/A
Food & Drink (Legacy),Investors & Patents,United States,10,$6.03  ~ $7.76 ,$7.98 ,$41.05 ,0.10%,N/A,N/A
Food & Drink (Legacy),Couponing,United States,2,$8.05  ~ $18.17 ,$3.61 ,$43.37 ,0.22%,N/A,N/A
Food & Drink (Legacy),Job Search,United States,16,$10.58  ~ $11.18 ,$14.44 ,$84.17 ,0.07%,N/A,N/A
Food & Drink (Legacy),Fine Art,United States,4,$7.73  ~ $7.74 ,$12.80 ,$102.40 ,0.06%,N/A,N/A
Food & Drink (Legacy),Exercise,United States,1,$1.21  ~ $3.01 ,N/A,N/A,N/A,N/A,N/A
Food & Drink (Legacy),Psychology/Psychiatry,United States,57,$9.89  ~ $10.72 ,$16.24 ,$127.09 ,0.06%,N/A,N/A
Food & Drink (Legacy),Coffee/Tea,United States,16,$7.99  ~ $8.04 ,$12.18 ,$36.55 ,0.07%,N/A,N/A
Food & Drink (Legacy),Sexuality,United States,3,$9.21  ~ $9.21 ,$10.33 ,N/A,0.09%,N/A,N/A
Food & Drink (Legacy),Investing,United States,1,$16.15  ~ $33.05 ,N/A,N/A,N/A,N/A,N/A
Food & Drink (Legacy),Arthritis,United States,4,$5.34  ~ $5.34 ,$3.60 ,N/A,0.15%,N/A,N/A
Food & Drink (Legacy),College,United States,7,$6.78  ~ $7.76 ,$7.78 ,$45.08 ,0.10%,N/A,N/A
Food & Drink (Legacy),Interior Decorating,United States,31,$6.66  ~ $9.13 ,$6.73 ,$30.76 ,0.10%,N/A,N/A
Food & Drink (Legacy),Commentary,United States,7,$10.66  ~ $12.71 ,$11.33 ,N/A,0.11%,N/A,N/A
Food & Drink (Legacy),Health & Fitness,United States,744,$8.00  ~ $9.18 ,$13.93 ,$39.82 ,0.07%,N/A,N/A
Food & Drink (Legacy),Health & Fitness,Canada,8,$5.61  ~ $13.26 ,$4.55 ,$39.23 ,0.12%,N/A,N/A
Food & Drink (Legacy),Career Planning,United States,7,$7.64  ~ $8.48 ,$6.51 ,$80.16 ,0.12%,N/A,N/A
Food & Drink (Legacy),Insurance,United States,17,$11.29  ~ $11.37 ,$6.88 ,$71.21 ,0.17%,N/A,N/A
Food & Drink (Legacy),Travel,United States,165,$8.53  ~ $8.82 ,$7.99 ,$22.38 ,0.11%,N/A,N/A
Food & Drink (Legacy),Gardening,United States,17,$6.17  ~ $6.17 ,$14.02 ,$252.33 ,0.04%,N/A,N/A
Food & Drink (Legacy),Health/Lowfat Cooking,United States,34,$1.31  ~ $9.20 ,$3.26 ,$13.23 ,0.28%,N/A,N/A
Food & Drink (Legacy),Health/Lowfat Cooking,Canada,3,$2.99  ~ $6.35 ,$1.26 ,N/A,0.24%,N/A,N/A
Food & Drink (Legacy),"Law, Gov't & Politics",United States,15,$9.09  ~ $10.97 ,$9.88 ,N/A,0.09%,N/A,N/A
Food & Drink (Legacy),Marketing,Canada,4,$6.16  ~ $12.38 ,$5.86 ,$41.01 ,0.11%,N/A,N/A
Food & Drink (Legacy),Football,Canada,1,$0.00  ~ $0.00 ,N/A,N/A,N/A,N/A,N/A
Health & Fitness (Legacy),Legal Issues,Canada,3,$7.95  ~ $8.01 ,$4.49 ,N/A,0.18%,N/A,N/A
Health & Fitness (Legacy),Legal Issues,United States,40,$9.22  ~ $10.12 ,$5.32 ,$33.99 ,0.17%,N/A,N/A
Health & Fitness (Legacy),Business,Canada,4,$5.45  ~ $8.97 ,$2.62 ,$12.68 ,0.21%,N/A,N/A
Health & Fitness (Legacy),Business,United States,"1,002",$8.54  ~ $9.33 ,$4.50 ,$33.17 ,0.21%,N/A,N/A
Health & Fitness (Legacy),Pro Basketball,United States,1,$10.71  ~ $10.73 ,$1.10 ,N/A,0.97%,N/A,N/A
Health & Fitness (Legacy),Career Planning,United States,4,$7.70  ~ $9.65 ,$10.86 ,$38.54 ,0.07%,N/A,N/A
Health & Fitness (Legacy),Graduate School,United States,5,$7.86  ~ $10.48 ,$8.70 ,$18.57 ,0.12%,N/A,N/A
Health & Fitness (Legacy),Graduate School,Canada,1,$7.79  ~ $7.96 ,$3.40 ,$34.78 ,0.23%,N/A,N/A
Health & Fitness (Legacy),News,Canada,4,$6.22  ~ $7.96 ,$3.49 ,$25.23 ,0.18%,N/A,N/A
Health & Fitness (Legacy),News,United States,12,$8.32  ~ $10.90 ,$6.74 ,$34.39 ,0.16%,N/A,N/A
Health & Fitness (Legacy),Job Search,United States,14,$10.67  ~ $11.08 ,$7.22 ,$54.74 ,0.15%,N/A,N/A
Health & Fitness (Legacy),Cocktails/Beer,United States,7,$11.78  ~ $24.21 ,$3.44 ,N/A,0.34%,N/A,N/A
Health & Fitness (Legacy),Travel,United States,161,$8.31  ~ $8.90 ,$4.25 ,$25.50 ,0.20%,N/A,N/A
Health & Fitness (Legacy),Real Estate,United States,12,$6.11  ~ $6.38 ,$2.99 ,$15.01 ,0.20%,N/A,N/A
Health & Fitness (Legacy),Cigars,United States,35,$8.14  ~ $8.20 ,$2.46 ,$6.67 ,0.33%,N/A,N/A
Health & Fitness (Legacy),Politics,United States,5,$9.03  ~ $10.53 ,$7.29 ,$108.37 ,0.14%,N/A,N/A
Health & Fitness (Legacy),Credit/Debt & Loans,United States,158,$7.31  ~ $7.47 ,$2.96 ,$28.17 ,0.25%,N/A,N/A
Health & Fitness (Legacy),Construction,United States,13,$3.44  ~ $8.56 ,$2.78 ,N/A,0.12%,N/A,N/A
Health & Fitness (Legacy),Cancer,Canada,5,$5.45  ~ $12.13 ,$4.83 ,$46.18 ,0.11%,N/A,N/A
Health & Fitness (Legacy),Personal Finance,United States,127,$7.60  ~ $8.01 ,$4.98 ,$41.45 ,0.15%,N/A,N/A
Health & Fitness (Legacy),Personal Finance,Canada,1,$5.89  ~ $8.83 ,$3.56 ,$30.94 ,0.17%,N/A,N/A
Health & Fitness (Legacy),Pediatrics,United States,4,$8.75  ~ $8.84 ,$7.17 ,N/A,0.12%,N/A,N/A
Health & Fitness (Legacy),Fine Art,United States,2,$7.81  ~ $7.81 ,$3.96 ,$43.56 ,0.20%,N/A,N/A
Health & Fitness (Legacy),Air Travel,United States,2,$6.42  ~ $6.70 ,$3.47 ,$18.52 ,0.19%,N/A,N/A
Health & Fitness (Legacy),Buying/Selling Homes,United States,1,$7.20  ~ $8.08 ,$12.00 ,N/A,0.07%,N/A,N/A
Health & Fitness (Legacy),Clothing,United States,10,$8.06  ~ $8.62 ,$4.77 ,$20.77 ,0.17%,N/A,N/A
Health & Fitness (Legacy),Cameras & Camcorders,United States,24,$3.70  ~ $7.93 ,$1.57 ,N/A,0.24%,N/A,N/A
Health & Fitness (Legacy),Gardening,United States,13,$5.60  ~ $5.60 ,$4.36 ,N/A,0.13%,N/A,N/A
Health & Fitness (Legacy),Mutual Funds,United States,13,$8.24  ~ $8.31 ,$4.41 ,$63.47 ,0.19%,N/A,N/A
Health & Fitness (Legacy),Hobbies & Interests,United States,93,$11.99  ~ $12.84 ,$9.85 ,$52.70 ,0.12%,N/A,N/A
Health & Fitness (Legacy),Honeymoons/Getaways,United States,5,$8.04  ~ $8.27 ,$12.50 ,$212.37 ,0.06%,N/A,N/A
Health & Fitness (Legacy),Incest/Abuse Support,United States,9,$8.80  ~ $9.70 ,$3.94 ,$40.47 ,0.22%,N/A,N/A
Health & Fitness (Legacy),Pets,United States,18,$7.12  ~ $7.99 ,$31.38 ,N/A,0.02%,N/A,N/A
Health & Fitness (Legacy),Private School,United States,1,$6.67  ~ $14.27 ,$2.66 ,$9.08 ,0.25%,N/A,N/A
Health & Fitness (Legacy),Logistics,United States,2,$10.09  ~ $10.47 ,$18.78 ,N/A,0.06%,N/A,N/A
Health & Fitness (Legacy),Health & Fitness,United States,693,$7.61  ~ $9.80 ,$8.10 ,$28.30 ,0.12%,N/A,N/A
Health & Fitness (Legacy),Health & Fitness,Canada,2,$5.78  ~ $12.08 ,$5.17 ,$67.59 ,0.11%,N/A,N/A
Health & Fitness (Legacy),Interior Decorating,United States,21,$6.60  ~ $8.93 ,$3.38 ,$20.82 ,0.20%,N/A,N/A
Health & Fitness (Legacy),Business Software,United States,66,$9.59  ~ $12.17 ,$4.04 ,$35.65 ,0.24%,N/A,N/A
Health & Fitness (Legacy),Green Solutions,United States,7,$5.41  ~ $7.87 ,$4.35 ,N/A,0.18%,N/A,N/A
Health & Fitness (Legacy),Careers,United States,16,$7.01  ~ $8.10 ,$7.01 ,$121.38 ,0.10%,N/A,N/A
Health & Fitness (Legacy),Food & Drink,United States,3,$8.03  ~ $10.75 ,$3.80 ,$18.10 ,0.28%,N/A,N/A
Health & Fitness (Legacy),Family & Parenting,United States,50,$6.82  ~ $11.09 ,$6.06 ,$61.93 ,0.11%,N/A,N/A
Health & Fitness (Legacy),Television,United States,1,$8.03  ~ $8.09 ,N/A,N/A,N/A,N/A,N/A
Health & Fitness (Legacy),Human Resources,United States,4,$11.27  ~ $11.56 ,$3.13 ,$20.22 ,0.36%,N/A,N/A
Health & Fitness (Legacy),College,United States,5,$6.44  ~ $7.68 ,$4.92 ,$56.03 ,0.16%,N/A,N/A
Health & Fitness (Legacy),Arts & Entertainment,United States,43,$4.59  ~ $7.58 ,$2.64 ,$33.65 ,0.29%,N/A,N/A
Health & Fitness (Legacy),Weddings,United States,3,$5.49  ~ $12.73 ,N/A,N/A,N/A,N/A,N/A
Health & Fitness (Legacy),Couponing,United States,1,$8.04  ~ $16.70 ,$3.49 ,$17.43 ,0.23%,N/A,N/A
Health & Fitness (Legacy),Home Repair,United States,8,$7.69  ~ $7.89 ,$4.63 ,$31.44 ,0.17%,N/A,N/A
Health & Fitness (Legacy),Dogs,United States,20,$5.29  ~ $6.06 ,$4.32 ,$11.77 ,0.14%,N/A,N/A
Health & Fitness (Legacy),Nutrition,United States,6,$7.73  ~ $7.73 ,$9.75 ,N/A,0.08%,N/A,N/A
Health & Fitness (Legacy),Health/Lowfat Cooking,United States,4,$6.55  ~ $14.44 ,$2.36 ,$8.26 ,0.28%,N/A,N/A
Health & Fitness (Legacy),Music,United States,4,$5.74  ~ $5.93 ,$2.81 ,$9.37 ,0.21%,N/A,N/A
Health & Fitness (Legacy),Card Games,United States,3,$9.22  ~ $9.59 ,$4.34 ,$22.76 ,0.22%,N/A,N/A
Health & Fitness (Legacy),Chronic Pain,United States,1,$5.65  ~ $6.79 ,$7.30 ,N/A,0.08%,N/A,N/A
Health & Fitness (Legacy),Sexuality,United States,3,$9.92  ~ $9.92 ,$8.84 ,N/A,0.11%,N/A,N/A
Health & Fitness (Legacy),Coffee/Tea,United States,8,$8.01  ~ $8.03 ,$7.88 ,$18.83 ,0.10%,N/A,N/A
Health & Fitness (Legacy),Metals,United States,2,$8.90  ~ $9.23 ,$2.67 ,$39.74 ,0.35%,N/A,N/A
Health & Fitness (Legacy),Insurance,United States,7,$11.51  ~ $11.90 ,$3.44 ,$19.48 ,0.35%,N/A,N/A
Health & Fitness (Legacy),Birdwatching,United States,7,$13.52  ~ $13.63 ,$5.54 ,N/A,0.24%,N/A,N/A
Health & Fitness (Legacy),Hotels,United States,2,$7.05  ~ $8.01 ,$2.10 ,N/A,0.38%,N/A,N/A
Health & Fitness (Legacy),Exercise,United States,7,$1.24  ~ $3.09 ,N/A,N/A,N/A,N/A,N/A
Health & Fitness (Legacy),Arthritis,United States,7,$4.99  ~ $4.99 ,$7.14 ,N/A,0.07%,N/A,N/A
Health & Fitness (Legacy),Commentary,United States,7,$10.61  ~ $13.02 ,$34.61 ,N/A,0.04%,N/A,N/A
Health & Fitness (Legacy),Biotech/Biomedical,United States,9,$5.67  ~ $6.54 ,$3.43 ,$7.88 ,0.19%,N/A,N/A
Health & Fitness (Legacy),Alternative Medicine,United States,19,$9.55  ~ $9.75 ,$4.11 ,$2.85 ,0.24%,N/A,N/A
Health & Fitness (Legacy),Investors & Patents,United States,5,$6.05  ~ $6.95 ,$3.52 ,$36.26 ,0.20%,N/A,N/A
Health & Fitness (Legacy),Home & Garden,United States,28,$6.81  ~ $8.51 ,$3.93 ,$31.31 ,0.17%,N/A,N/A
Health & Fitness (Legacy),Advertising,United States,56,$2.60  ~ $7.22 ,$2.16 ,$8.19 ,0.12%,N/A,N/A
Health & Fitness (Legacy),Automotive,United States,54,$5.88  ~ $6.42 ,$5.27 ,$100.97 ,0.12%,N/A,N/A
Health & Fitness (Legacy),Remodeling & Construction,United States,2,$7.01  ~ $8.01 ,$2.92 ,N/A,0.24%,N/A,N/A
Health & Fitness (Legacy),Cold & Flu,United States,35,$6.60  ~ $8.02 ,$3.50 ,$14.40 ,0.19%,N/A,N/A
Health & Fitness (Legacy),Buying/Selling Cars,United States,2,$6.76  ~ $7.76 ,$6.50 ,N/A,0.10%,N/A,N/A
Health & Fitness (Legacy),Cruises,United States,8,$3.16  ~ $6.19 ,$1.71 ,$8.72 ,0.36%,N/A,N/A
Health & Fitness (Legacy),Education,United States,175,$7.63  ~ $8.92 ,$3.37 ,$30.50 ,0.23%,N/A,N/A
Health & Fitness (Legacy),Teens,United States,1,$10.30  ~ $10.30 ,N/A,N/A,N/A,N/A,N/A
Health & Fitness (Legacy),Psychology/Psychiatry,United States,38,$10.44  ~ $11.44 ,$10.89 ,$96.52 ,0.10%,N/A,N/A
Health & Fitness (Legacy),"Law, Gov't & Politics",United States,15,$12.06  ~ $13.00 ,$9.93 ,$36.46 ,0.12%,N/A,N/A
Health & Fitness (Legacy),Shopping,United States,74,$7.59  ~ $9.37 ,$3.59 ,$12.61 ,0.21%,N/A,N/A
Health & Fitness (Legacy),College,Canada,8,$0.00  ~ $0.00 ,N/A,N/A,N/A,N/A,N/A
Hobbies & Interests (Legacy),Cruises,United States,13,$3.45  ~ $5.70 ,$1.77 ,$14.76 ,0.32%,N/A,N/A
Hobbies & Interests (Legacy),Job Search,United States,19,$9.56  ~ $9.82 ,$3.43 ,$36.62 ,0.29%,N/A,N/A
Hobbies & Interests (Legacy),Marketing,Canada,4,$6.13  ~ $12.29 ,$2.08 ,$9.50 ,0.29%,N/A,N/A
Hobbies & Interests (Legacy),Personal Finance,Canada,12,$5.92  ~ $10.45 ,$2.29 ,$29.42 ,0.26%,N/A,N/A
Hobbies & Interests (Legacy),Personal Finance,United States,179,$7.79  ~ $8.04 ,$3.50 ,$34.57 ,0.23%,N/A,N/A
Hobbies & Interests (Legacy),Insurance,United States,12,$10.25  ~ $11.58 ,$3.63 ,$59.39 ,0.32%,N/A,N/A
Hobbies & Interests (Legacy),Insurance,Canada,3,$6.26  ~ $6.26 ,$2.28 ,N/A,0.27%,N/A,N/A
Hobbies & Interests (Legacy),Hotels,United States,3,$6.99  ~ $7.53 ,$2.43 ,$53.29 ,0.31%,N/A,N/A
Hobbies & Interests (Legacy),Logistics,United States,8,$10.00  ~ $10.64 ,$36.60 ,N/A,0.03%,N/A,N/A
Hobbies & Interests (Legacy),Business Software,United States,147,$8.71  ~ $12.42 ,$2.69 ,$33.85 ,0.32%,N/A,N/A
Hobbies & Interests (Legacy),Automotive,United States,41,$5.44  ~ $6.81 ,$7.46 ,$469.83 ,0.09%,N/A,N/A
Hobbies & Interests (Legacy),Coffee/Tea,United States,8,$8.04  ~ $8.15 ,$13.14 ,$39.42 ,0.06%,N/A,N/A
Hobbies & Interests (Legacy),Family & Parenting,United States,42,$5.87  ~ $11.33 ,$6.01 ,$66.50 ,0.10%,N/A,N/A
Hobbies & Interests (Legacy),Home & Garden,United States,38,$6.22  ~ $8.07 ,$1.73 ,$14.22 ,0.36%,N/A,N/A
Hobbies & Interests (Legacy),Local News,United States,1,$10.73  ~ $15.64 ,$10.69 ,$109.09 ,0.15%,N/A,N/A
Hobbies & Interests (Legacy),Advertising,United States,81,$3.00  ~ $9.17 ,$1.16 ,$9.00 ,0.26%,N/A,N/A
Hobbies & Interests (Legacy),Advertising,Canada,3,$3.53  ~ $8.58 ,$0.85 ,$12.06 ,0.41%,N/A,N/A
Hobbies & Interests (Legacy),Exercise,United States,1,$1.29  ~ $2.66 ,N/A,N/A,N/A,N/A,N/A
Hobbies & Interests (Legacy),Food & Drink,United States,15,$8.01  ~ $9.37 ,$3.92 ,$55.41 ,0.24%,N/A,N/A
Hobbies & Interests (Legacy),Commentary,United States,6,$10.71  ~ $11.99 ,$22.91 ,N/A,0.05%,N/A,N/A
Hobbies & Interests (Legacy),Air Travel,United States,4,$6.24  ~ $6.50 ,$2.13 ,$16.60 ,0.30%,N/A,N/A
Hobbies & Interests (Legacy),Pediatrics,United States,1,$8.36  ~ $10.22 ,$6.87 ,N/A,0.12%,N/A,N/A
Hobbies & Interests (Legacy),Health/Lowfat Cooking,United States,9,$1.29  ~ $5.16 ,$1.44 ,$6.11 ,0.36%,N/A,N/A
Hobbies & Interests (Legacy),Net Conferencing,United States,1,$10.39  ~ $16.75 ,$11.43 ,$66.32 ,0.15%,N/A,N/A
Hobbies & Interests (Legacy),Arts & Entertainment,United States,53,$4.83  ~ $6.96 ,$2.35 ,$27.13 ,0.30%,N/A,N/A
Hobbies & Interests (Legacy),Arts & Entertainment,Canada,1,$6.98  ~ $16.63 ,$0.71 ,$5.84 ,0.98%,N/A,N/A
Hobbies & Interests (Legacy),Cold & Flu,United States,47,$6.54  ~ $8.03 ,$3.40 ,$31.37 ,0.19%,N/A,N/A
Hobbies & Interests (Legacy),Careers,United States,52,$6.44  ~ $8.12 ,$3.75 ,N/A,0.17%,N/A,N/A
Hobbies & Interests (Legacy),Card Games,United States,11,$9.13  ~ $9.38 ,$2.00 ,$12.13 ,0.47%,N/A,N/A
Hobbies & Interests (Legacy),Cocktails/Beer,United States,13,$11.85  ~ $26.03 ,$3.23 ,$14.60 ,0.37%,N/A,N/A
Hobbies & Interests (Legacy),News,Canada,3,$6.33  ~ $8.02 ,$1.30 ,$11.10 ,0.49%,N/A,N/A
Hobbies & Interests (Legacy),News,United States,48,$9.16  ~ $9.16 ,$5.21 ,$24.91 ,0.18%,N/A,N/A
Hobbies & Interests (Legacy),Buying/Selling Cars,United States,5,$5.49  ~ $7.69 ,$3.52 ,N/A,0.16%,N/A,N/A
Hobbies & Interests (Legacy),Dining Out,United States,1,$8.01  ~ $17.05 ,$3.04 ,N/A,0.26%,N/A,N/A
Hobbies & Interests (Legacy),Incest/Abuse Support,United States,15,$5.76  ~ $5.95 ,$1.43 ,$12.01 ,0.41%,N/A,N/A
Hobbies & Interests (Legacy),Dogs,United States,20,$4.16  ~ $6.63 ,$23.95 ,$69.31 ,0.03%,N/A,N/A
Hobbies & Interests (Legacy),Remodeling & Construction,Canada,1,$6.73  ~ $15.02 ,$1.72 ,$8.61 ,0.39%,N/A,N/A
Hobbies & Interests (Legacy),Remodeling & Construction,United States,4,$6.43  ~ $8.03 ,$2.82 ,$36.63 ,0.23%,N/A,N/A
Hobbies & Interests (Legacy),Senior Living,United States,1,$6.75  ~ $8.01 ,$1.72 ,$8.08 ,0.39%,N/A,N/A
Hobbies & Interests (Legacy),Weddings,United States,4,$6.34  ~ $14.90 ,$19.69 ,N/A,0.03%,N/A,N/A
Hobbies & Interests (Legacy),Birdwatching,United States,5,$13.51  ~ $13.63 ,$4.50 ,N/A,0.30%,N/A,N/A
Hobbies & Interests (Legacy),Business,Canada,13,$4.69  ~ $7.18 ,$1.64 ,$20.39 ,0.29%,N/A,N/A
Hobbies & Interests (Legacy),Business,United States,"1,477",$8.51  ~ $8.83 ,$2.63 ,$28.10 ,0.34%,N/A,N/A
Hobbies & Interests (Legacy),Mutual Funds,United States,9,$7.37  ~ $7.47 ,$3.28 ,$27.61 ,0.22%,N/A,N/A
Hobbies & Interests (Legacy),Music,United States,20,$5.22  ~ $5.96 ,$9.43 ,$75.41 ,0.06%,N/A,N/A
Hobbies & Interests (Legacy),"Law, Gov't & Politics",United States,17,$9.27  ~ $10.72 ,$8.21 ,N/A,0.11%,N/A,N/A
Hobbies & Interests (Legacy),Chronic Pain,United States,16,$4.52  ~ $6.79 ,$8.55 ,$85.51 ,0.05%,N/A,N/A
Hobbies & Interests (Legacy),Pets,United States,46,$7.98  ~ $8.21 ,$7.62 ,N/A,0.11%,N/A,N/A
Hobbies & Interests (Legacy),Cameras & Camcorders,United States,41,$4.53  ~ $7.88 ,$1.13 ,$21.37 ,0.40%,N/A,N/A
Hobbies & Interests (Legacy),Metals,United States,13,$6.90  ~ $9.02 ,$2.16 ,$19.59 ,0.32%,N/A,N/A
Hobbies & Interests (Legacy),Travel,United States,141,$6.75  ~ $6.81 ,$2.26 ,$13.45 ,0.30%,N/A,N/A
Hobbies & Interests (Legacy),Health & Fitness,United States,631,$7.45  ~ $9.58 ,$4.21 ,$17.19 ,0.23%,N/A,N/A
Hobbies & Interests (Legacy),Health & Fitness,Canada,11,$5.94  ~ $13.82 ,$0.85 ,$6.47 ,0.70%,N/A,N/A
Hobbies & Interests (Legacy),Politics,United States,10,$9.15  ~ $10.04 ,$5.28 ,$388.97 ,0.19%,N/A,N/A
Hobbies & Interests (Legacy),Sexuality,United States,1,$9.13  ~ $9.13 ,$7.71 ,$54.00 ,0.12%,N/A,N/A
Hobbies & Interests (Legacy),Gardening,United States,26,$5.34  ~ $5.34 ,$4.31 ,$73.89 ,0.12%,N/A,N/A
Hobbies & Interests (Legacy),Legal Issues,United States,41,$8.49  ~ $8.56 ,$4.69 ,$65.67 ,0.18%,N/A,N/A
Hobbies & Interests (Legacy),Nutrition,United States,4,$7.92  ~ $7.92 ,$8.04 ,N/A,0.10%,N/A,N/A
Hobbies & Interests (Legacy),Shopping,United States,181,$6.87  ~ $8.39 ,$3.67 ,$18.09 ,0.19%,N/A,N/A
Hobbies & Interests (Legacy),College,United States,17,$6.55  ~ $8.32 ,$3.20 ,$57.93 ,0.26%,N/A,N/A
Hobbies & Interests (Legacy),Adventure Travel,United States,6,$7.07  ~ $13.58 ,$8.53 ,$136.49 ,0.08%,N/A,N/A
Hobbies & Interests (Legacy),Credit/Debt & Loans,Canada,1,$4.88  ~ $11.30 ,$0.82 ,$4.94 ,0.59%,N/A,N/A
Hobbies & Interests (Legacy),Credit/Debt & Loans,United States,238,$7.51  ~ $7.83 ,$4.38 ,$40.52 ,0.17%,N/A,N/A
Hobbies & Interests (Legacy),Real Estate,United States,27,$5.55  ~ $6.37 ,$2.35 ,$16.65 ,0.24%,N/A,N/A
Hobbies & Interests (Legacy),Senor Health,United States,2,$7.77  ~ $17.04 ,$2.23 ,$22.78 ,0.35%,N/A,N/A
Hobbies & Interests (Legacy),Hobbies & Interests,United States,117,$8.40  ~ $10.82 ,$3.48 ,$21.92 ,0.24%,N/A,N/A
Hobbies & Interests (Legacy),Appliances,United States,1,$6.54  ~ $12.08 ,$4.62 ,N/A,0.14%,N/A,N/A
Hobbies & Interests (Legacy),Alternative Medicine,United States,58,$9.09  ~ $9.21 ,$1.89 ,$2.33 ,0.49%,N/A,N/A
Hobbies & Interests (Legacy),Couponing,United States,1,$7.96  ~ $16.69 ,$3.39 ,$14.13 ,0.23%,N/A,N/A
Hobbies & Interests (Legacy),Green Solutions,United States,35,$5.09  ~ $7.01 ,$4.05 ,$14.33 ,0.17%,N/A,N/A
Hobbies & Interests (Legacy),Psychology/Psychiatry,United States,75,$9.36  ~ $10.68 ,$14.32 ,$91.04 ,0.07%,N/A,N/A
Hobbies & Interests (Legacy),Fine Art,United States,7,$7.81  ~ $7.81 ,$2.72 ,$19.48 ,0.29%,N/A,N/A
Hobbies & Interests (Legacy),Arthritis,United States,4,$2.58  ~ $2.58 ,$12.03 ,N/A,0.02%,N/A,N/A
Hobbies & Interests (Legacy),Home Repair,United States,13,$7.41  ~ $7.80 ,$3.21 ,$27.53 ,0.24%,N/A,N/A
Hobbies & Interests (Legacy),Career Planning,United States,4,$8.08  ~ $9.20 ,$7.36 ,N/A,0.11%,N/A,N/A
Hobbies & Interests (Legacy),Career Planning,Canada,2,$11.35  ~ $11.35 ,$25.26 ,N/A,0.04%,N/A,N/A
Hobbies & Interests (Legacy),Football,United States,4,$7.46  ~ $16.90 ,$3.20 ,$10.40 ,0.23%,N/A,N/A
Hobbies & Interests (Legacy),Investors & Patents,United States,9,$6.16  ~ $7.21 ,$2.18 ,$11.94 ,0.33%,N/A,N/A
Hobbies & Interests (Legacy),Clothing,United States,5,$7.45  ~ $9.26 ,$2.15 ,$22.22 ,0.35%,N/A,N/A
Hobbies & Interests (Legacy),Interior Decorating,United States,28,$6.36  ~ $9.10 ,$1.87 ,$27.16 ,0.34%,N/A,N/A
Hobbies & Interests (Legacy),Buying/Selling Homes,United States,3,$7.43  ~ $7.98 ,$9.19 ,N/A,0.09%,N/A,N/A
Hobbies & Interests (Legacy),Honeymoons/Getaways,United States,4,$7.35  ~ $7.38 ,$12.70 ,$774.27 ,0.06%,N/A,N/A
Hobbies & Interests (Legacy),Private School,United States,3,$6.66  ~ $14.42 ,$1.91 ,$8.40 ,0.35%,N/A,N/A
Hobbies & Interests (Legacy),Collecting,United States,1,$21.98  ~ $44.09 ,$7.11 ,N/A,0.31%,N/A,N/A
Hobbies & Interests (Legacy),Human Resources,United States,3,$10.95  ~ $11.41 ,$2.49 ,$23.69 ,0.44%,N/A,N/A
Hobbies & Interests (Legacy),Graduate School,United States,12,$7.90  ~ $9.03 ,$12.61 ,$120.12 ,0.07%,N/A,N/A
Hobbies & Interests (Legacy),Road-Side Assistance,United States,3,$11.64  ~ $11.64 ,$24.31 ,$97.25 ,0.05%,N/A,N/A
Hobbies & Interests (Legacy),Job Fairs,United States,13,$5.28  ~ $5.28 ,$4.86 ,$24.30 ,0.11%,N/A,N/A
Hobbies & Interests (Legacy),Biotech/Biomedical,United States,10,$7.13  ~ $7.78 ,$5.11 ,$17.30 ,0.14%,N/A,N/A
Hobbies & Interests (Legacy),Construction,United States,10,$2.76  ~ $8.10 ,$8.56 ,N/A,0.03%,N/A,N/A
Hobbies & Interests (Legacy),Education,United States,242,$7.43  ~ $7.69 ,$2.48 ,$24.80 ,0.30%,N/A,N/A
Hobbies & Interests (Legacy),Cigars,United States,68,$8.21  ~ $8.25 ,$1.70 ,$4.47 ,0.48%,N/A,N/A
Hobbies & Interests (Legacy),Cancer,Canada,3,$5.42  ~ $12.81 ,$3.24 ,N/A,0.17%,N/A,N/A
Hobbies & Interests (Legacy),Motorcycles,United States,1,$0.00  ~ $0.00 ,N/A,N/A,N/A,N/A,N/A
Hobbies & Interests (Legacy),Auto Parts,United States,1,$0.00  ~ $0.00 ,N/A,N/A,N/A,N/A,N/A
Home & Garden (Legacy),Health & Fitness,United States,555,$7.37  ~ $8.69 ,$7.60 ,$25.98 ,0.11%,N/A,N/A
Home & Garden (Legacy),Health & Fitness,Canada,8,$5.47  ~ $13.17 ,$2.24 ,$15.45 ,0.24%,N/A,N/A
Home & Garden (Legacy),Commentary,United States,8,$10.69  ~ $12.54 ,$25.51 ,N/A,0.05%,N/A,N/A
Home & Garden (Legacy),Dining Out,United States,1,$7.99  ~ $16.91 ,N/A,N/A,N/A,N/A,N/A
Home & Garden (Legacy),Shopping,Canada,1,$10.38  ~ $24.48 ,$13.10 ,N/A,0.08%,N/A,N/A
Home & Garden (Legacy),Shopping,United States,155,$6.01  ~ $8.19 ,$4.03 ,$14.24 ,0.15%,N/A,N/A
Home & Garden (Legacy),Music,United States,6,$6.30  ~ $6.39 ,$4.20 ,$27.27 ,0.15%,N/A,N/A
Home & Garden (Legacy),Credit/Debt & Loans,United States,523,$7.07  ~ $7.19 ,$3.75 ,$32.03 ,0.19%,N/A,N/A
Home & Garden (Legacy),Weddings,United States,3,$4.10  ~ $9.17 ,$1.63 ,N/A,0.25%,N/A,N/A
Home & Garden (Legacy),Education,United States,224,$7.46  ~ $9.09 ,$4.36 ,$28.62 ,0.17%,N/A,N/A
Home & Garden (Legacy),Cigars,United States,55,$8.25  ~ $8.29 ,$2.47 ,$5.91 ,0.34%,N/A,N/A
Home & Garden (Legacy),Card Games,United States,4,$9.34  ~ $9.44 ,$7.49 ,$33.52 ,0.13%,N/A,N/A
Home & Garden (Legacy),College,United States,15,$6.32  ~ $7.64 ,$3.55 ,$36.54 ,0.22%,N/A,N/A
Home & Garden (Legacy),Family & Parenting,United States,44,$5.57  ~ $11.81 ,$8.12 ,$46.80 ,0.07%,N/A,N/A
Home & Garden (Legacy),Pets,United States,8,$7.56  ~ $7.90 ,$6.93 ,N/A,0.11%,N/A,N/A
Home & Garden (Legacy),Logistics,United States,11,$10.06  ~ $10.35 ,$24.05 ,N/A,0.04%,N/A,N/A
Home & Garden (Legacy),Green Solutions,United States,7,$5.69  ~ $9.57 ,$4.90 ,$41.02 ,0.20%,N/A,N/A
Home & Garden (Legacy),Senor Health,United States,2,$7.74  ~ $19.26 ,$2.29 ,$51.55 ,0.34%,N/A,N/A
Home & Garden (Legacy),Biotech/Biomedical,United States,3,$5.46  ~ $5.52 ,$2.55 ,$2.57 ,0.21%,N/A,N/A
Home & Garden (Legacy),Fine Art,United States,2,$7.78  ~ $7.78 ,$7.67 ,$69.07 ,0.10%,N/A,N/A
Home & Garden (Legacy),Arts & Entertainment,United States,56,$4.15  ~ $8.12 ,$5.20 ,$49.68 ,0.16%,N/A,N/A
Home & Garden (Legacy),Gardening,United States,13,$7.51  ~ $7.51 ,$14.95 ,$265.29 ,0.05%,N/A,N/A
Home & Garden (Legacy),Real Estate,United States,35,$5.56  ~ $5.60 ,$4.68 ,$17.31 ,0.12%,N/A,N/A
Home & Garden (Legacy),Coffee/Tea,United States,13,$7.86  ~ $8.04 ,$14.09 ,$42.27 ,0.06%,N/A,N/A
Home & Garden (Legacy),Home Repair,United States,9,$7.82  ~ $7.98 ,$6.74 ,$75.42 ,0.12%,N/A,N/A
Home & Garden (Legacy),Insurance,United States,39,$11.17  ~ $11.34 ,$4.23 ,$31.60 ,0.27%,N/A,N/A
Home & Garden (Legacy),Senior Living,United States,9,$6.70  ~ $8.01 ,$11.05 ,$10.97 ,0.06%,N/A,N/A
Home & Garden (Legacy),Politics,United States,15,$8.96  ~ $10.70 ,$7.54 ,$65.47 ,0.14%,N/A,N/A
Home & Garden (Legacy),Cruises,United States,7,$3.14  ~ $5.65 ,$2.01 ,$9.05 ,0.28%,N/A,N/A
Home & Garden (Legacy),Health/Lowfat Cooking,United States,11,$1.25  ~ $6.74 ,$2.44 ,$10.86 ,0.28%,N/A,N/A
Home & Garden (Legacy),Remodeling & Construction,United States,1,$6.67  ~ $7.98 ,$3.01 ,N/A,0.22%,N/A,N/A
Home & Garden (Legacy),News,Canada,1,$4.51  ~ $8.04 ,$3.85 ,$26.01 ,0.12%,N/A,N/A
Home & Garden (Legacy),News,United States,58,$8.83  ~ $11.48 ,$11.15 ,$26.18 ,0.10%,N/A,N/A
Home & Garden (Legacy),Advertising,United States,82,$2.01  ~ $8.89 ,$2.66 ,$12.59 ,0.08%,N/A,N/A
Home & Garden (Legacy),Advertising,Canada,2,$1.89  ~ $10.04 ,$1.47 ,$10.49 ,0.13%,N/A,N/A
Home & Garden (Legacy),Cancer,Canada,12,$5.42  ~ $11.50 ,$4.49 ,$19.48 ,0.12%,N/A,N/A
Home & Garden (Legacy),Psychology/Psychiatry,United States,45,$9.63  ~ $12.25 ,$11.14 ,$62.48 ,0.09%,N/A,N/A
Home & Garden (Legacy),Legal Issues,United States,57,$8.82  ~ $9.01 ,$3.87 ,$29.74 ,0.23%,N/A,N/A
Home & Garden (Legacy),Local News,United States,1,$10.71  ~ $16.39 ,$93.65 ,N/A,0.02%,N/A,N/A
Home & Garden (Legacy),Business,Canada,6,$4.60  ~ $7.69 ,$2.54 ,$18.64 ,0.18%,N/A,N/A
Home & Garden (Legacy),Business,United States,"4,845",$8.05  ~ $8.69 ,$4.32 ,$23.55 ,0.20%,N/A,N/A
Home & Garden (Legacy),Cold & Flu,United States,40,$6.44  ~ $8.02 ,$6.58 ,$29.41 ,0.10%,N/A,N/A
Home & Garden (Legacy),Birdwatching,United States,3,$13.54  ~ $13.63 ,$5.50 ,N/A,0.25%,N/A,N/A
Home & Garden (Legacy),Automotive,United States,82,$6.05  ~ $6.43 ,$8.34 ,$111.31 ,0.08%,N/A,N/A
Home & Garden (Legacy),Construction,United States,20,$3.09  ~ $8.32 ,$4.69 ,N/A,0.07%,N/A,N/A
Home & Garden (Legacy),Job Search,United States,22,$9.95  ~ $10.23 ,$8.41 ,$80.19 ,0.12%,N/A,N/A
Home & Garden (Legacy),Hotels,United States,11,$8.81  ~ $8.84 ,$11.83 ,$190.60 ,0.07%,N/A,N/A
Home & Garden (Legacy),Marketing,Canada,3,$6.21  ~ $14.97 ,$4.03 ,$17.74 ,0.15%,N/A,N/A
Home & Garden (Legacy),Chronic Pain,United States,6,$4.78  ~ $6.78 ,$3.43 ,N/A,0.14%,N/A,N/A
Home & Garden (Legacy),Cocktails/Beer,United States,18,$11.91  ~ $26.02 ,$3.43 ,N/A,0.35%,N/A,N/A
Home & Garden (Legacy),Adventure Travel,United States,2,$7.22  ~ $13.61 ,$7.54 ,$80.33 ,0.10%,N/A,N/A
Home & Garden (Legacy),Air Travel,United States,14,$6.24  ~ $6.50 ,$2.99 ,$8.96 ,0.22%,N/A,N/A
Home & Garden (Legacy),Business Software,Canada,1,$4.97  ~ $40.04 ,$3.40 ,$98.55 ,0.15%,N/A,N/A
Home & Garden (Legacy),Business Software,United States,268,$8.65  ~ $11.59 ,$3.75 ,$23.73 ,0.23%,N/A,N/A
Home & Garden (Legacy),Investors & Patents,United States,18,$6.24  ~ $7.36 ,$4.66 ,$13.68 ,0.16%,N/A,N/A
Home & Garden (Legacy),Cameras & Camcorders,United States,43,$2.02  ~ $7.93 ,$2.30 ,$7.03 ,0.09%,N/A,N/A
Home & Garden (Legacy),Careers,United States,26,$7.07  ~ $8.05 ,$9.03 ,$166.30 ,0.08%,N/A,N/A
Home & Garden (Legacy),Food & Drink,United States,5,$8.01  ~ $11.24 ,$4.88 ,$40.32 ,0.23%,N/A,N/A
Home & Garden (Legacy),Hobbies & Interests,United States,134,$9.42  ~ $11.19 ,$7.15 ,$51.85 ,0.13%,N/A,N/A
Home & Garden (Legacy),"Law, Gov't & Politics",United States,26,$8.97  ~ $10.80 ,$4.78 ,N/A,0.19%,N/A,N/A
Home & Garden (Legacy),Arthritis,United States,1,$4.28  ~ $4.28 ,$2.26 ,N/A,0.19%,N/A,N/A
Home & Garden (Legacy),Honeymoons/Getaways,United States,3,$7.51  ~ $7.60 ,$7.97 ,$74.98 ,0.09%,N/A,N/A
Home & Garden (Legacy),Agriculture,United States,1,$10.50  ~ $21.89 ,N/A,N/A,N/A,N/A,N/A
Home & Garden (Legacy),Career Planning,United States,4,$6.05  ~ $8.71 ,$5.44 ,$50.26 ,0.11%,N/A,N/A
Home & Garden (Legacy),Career Planning,Canada,1,$10.93  ~ $10.93 ,$24.89 ,N/A,0.04%,N/A,N/A
Home & Garden (Legacy),Personal Finance,Canada,26,$6.14  ~ $10.42 ,$4.77 ,$35.00 ,0.13%,N/A,N/A
Home & Garden (Legacy),Personal Finance,United States,183,$7.36  ~ $7.63 ,$6.77 ,$45.73 ,0.11%,N/A,N/A
Home & Garden (Legacy),Metals,United States,34,$8.75  ~ $8.94 ,$3.13 ,$28.68 ,0.29%,N/A,N/A
Home & Garden (Legacy),Interior Decorating,United States,64,$8.04  ~ $8.57 ,$10.54 ,$38.92 ,0.08%,N/A,N/A
Home & Garden (Legacy),Pediatrics,United States,9,$9.15  ~ $9.67 ,$12.55 ,N/A,0.07%,N/A,N/A
Home & Garden (Legacy),Investing,United States,1,$16.17  ~ $32.66 ,N/A,N/A,N/A,N/A,N/A
Home & Garden (Legacy),Human Resources,United States,7,$11.43  ~ $11.44 ,$3.85 ,$35.68 ,0.30%,N/A,N/A
Home & Garden (Legacy),Graduate School,United States,7,$7.87  ~ $10.03 ,$9.17 ,$23.30 ,0.11%,N/A,N/A
Home & Garden (Legacy),Graduate School,Canada,4,$7.69  ~ $7.96 ,$6.56 ,$24.60 ,0.12%,N/A,N/A
Home & Garden (Legacy),Incest/Abuse Support,United States,37,$7.67  ~ $8.25 ,$4.29 ,$17.02 ,0.18%,N/A,N/A
Home & Garden (Legacy),Retirement Planning,United States,1,$9.02  ~ $9.02 ,$2.91 ,$5.21 ,0.31%,N/A,N/A
Home & Garden (Legacy),Nutrition,United States,3,$7.82  ~ $7.82 ,$6.40 ,N/A,0.12%,N/A,N/A
Home & Garden (Legacy),Sexuality,United States,20,$9.72  ~ $9.72 ,$8.58 ,N/A,0.11%,N/A,N/A
Home & Garden (Legacy),Travel,United States,305,$8.15  ~ $8.62 ,$6.95 ,$18.36 ,0.12%,N/A,N/A
Home & Garden (Legacy),Mutual Funds,United States,19,$7.97  ~ $8.09 ,$4.30 ,$18.86 ,0.19%,N/A,N/A
Home & Garden (Legacy),Appliances,United States,2,$4.33  ~ $11.35 ,N/A,N/A,N/A,N/A,N/A
Home & Garden (Legacy),Private School,United States,2,$6.67  ~ $15.01 ,$5.87 ,$11.75 ,0.11%,N/A,N/A
Home & Garden (Legacy),Clothing,United States,21,$8.28  ~ $8.76 ,$6.05 ,$13.63 ,0.14%,N/A,N/A
Home & Garden (Legacy),Road-Side Assistance,United States,1,$11.56  ~ $11.56 ,$9.75 ,N/A,0.12%,N/A,N/A
Home & Garden (Legacy),Alternative Medicine,United States,32,$9.47  ~ $9.75 ,$3.27 ,$2.41 ,0.30%,N/A,N/A
Home & Garden (Legacy),Buying/Selling Cars,United States,15,$7.21  ~ $7.86 ,$8.56 ,N/A,0.08%,N/A,N/A
Home & Garden (Legacy),Home & Garden,United States,27,$6.26  ~ $8.71 ,$5.06 ,$43.06 ,0.12%,N/A,N/A
Home & Garden (Legacy),Buying/Selling Homes,United States,4,$5.96  ~ $7.61 ,$9.42 ,N/A,0.08%,N/A,N/A
Home & Garden (Legacy),Dogs,United States,15,$5.07  ~ $6.11 ,$6.29 ,$18.98 ,0.10%,N/A,N/A
"Law, Gov't & Politics (Legacy)",Home Repair,United States,48,$7.46  ~ $7.90 ,$4.00 ,$34.08 ,0.20%,N/A,N/A
"Law, Gov't & Politics (Legacy)",Business,Canada,8,$5.39  ~ $8.24 ,$2.09 ,$18.92 ,0.26%,N/A,N/A
"Law, Gov't & Politics (Legacy)",Business,United States,"3,691",$8.36  ~ $8.59 ,$3.79 ,$28.56 ,0.22%,N/A,N/A
"Law, Gov't & Politics (Legacy)",Business Software,United States,961,$9.30  ~ $12.52 ,$2.23 ,$20.20 ,0.42%,N/A,N/A
"Law, Gov't & Politics (Legacy)",Logistics,United States,47,$10.29  ~ $10.90 ,$14.21 ,$34.83 ,0.08%,N/A,N/A
"Law, Gov't & Politics (Legacy)","Law, Gov't & Politics",United States,15,$8.92  ~ $10.71 ,$14.52 ,N/A,0.06%,N/A,N/A
"Law, Gov't & Politics (Legacy)",Pro Basketball,United States,3,$10.71  ~ $10.71 ,$2.54 ,N/A,0.42%,N/A,N/A
"Law, Gov't & Politics (Legacy)",Sexuality,United States,234,$9.52  ~ $9.52 ,$7.05 ,$14.10 ,0.14%,N/A,N/A
"Law, Gov't & Politics (Legacy)",Home & Garden,United States,124,$6.72  ~ $8.19 ,$2.44 ,$37.25 ,0.28%,N/A,N/A
"Law, Gov't & Politics (Legacy)",Clothing,United States,58,$7.19  ~ $7.37 ,$1.75 ,$13.69 ,0.41%,N/A,N/A
"Law, Gov't & Politics (Legacy)",Metals,Canada,1,$3.55  ~ $8.07 ,$1.57 ,N/A,0.23%,N/A,N/A
"Law, Gov't & Politics (Legacy)",Metals,United States,168,$8.44  ~ $8.89 ,$2.43 ,$34.23 ,0.35%,N/A,N/A
"Law, Gov't & Politics (Legacy)",Incest/Abuse Support,United States,102,$11.05  ~ $13.47 ,$5.34 ,$11.87 ,0.21%,N/A,N/A
"Law, Gov't & Politics (Legacy)",Gardening,United States,48,$4.68  ~ $4.68 ,$2.38 ,$39.15 ,0.20%,N/A,N/A
"Law, Gov't & Politics (Legacy)",Insurance,United States,91,$10.12  ~ $11.17 ,$4.66 ,$53.02 ,0.22%,N/A,N/A
"Law, Gov't & Politics (Legacy)",Real Estate,United States,174,$4.99  ~ $5.05 ,$2.64 ,$20.68 ,0.19%,N/A,N/A
"Law, Gov't & Politics (Legacy)",Cancer,Canada,8,$5.40  ~ $13.44 ,$2.68 ,N/A,0.20%,N/A,N/A
"Law, Gov't & Politics (Legacy)",Investors & Patents,United States,39,$6.00  ~ $6.50 ,$3.85 ,$38.62 ,0.17%,N/A,N/A
"Law, Gov't & Politics (Legacy)",Politics,United States,52,$9.07  ~ $10.48 ,$5.09 ,$62.44 ,0.21%,N/A,N/A
"Law, Gov't & Politics (Legacy)",Weddings,United States,5,$5.15  ~ $10.44 ,$0.73 ,N/A,0.71%,N/A,N/A
"Law, Gov't & Politics (Legacy)",Careers,United States,77,$6.80  ~ $8.04 ,$7.30 ,$531.74 ,0.09%,N/A,N/A
"Law, Gov't & Politics (Legacy)",Music,United States,21,$7.13  ~ $7.28 ,$4.24 ,$29.68 ,0.17%,N/A,N/A
"Law, Gov't & Politics (Legacy)",Cocktails/Beer,United States,90,$11.74  ~ $24.15 ,$3.34 ,N/A,0.35%,N/A,N/A
"Law, Gov't & Politics (Legacy)",Arthritis,United States,29,$5.51  ~ $5.51 ,$6.85 ,$13.70 ,0.08%,N/A,N/A
"Law, Gov't & Politics (Legacy)",Personal Finance,Canada,40,$5.16  ~ $9.10 ,$2.98 ,$38.97 ,0.17%,N/A,N/A
"Law, Gov't & Politics (Legacy)",Personal Finance,United States,855,$7.34  ~ $7.92 ,$4.23 ,$42.36 ,0.17%,N/A,N/A
"Law, Gov't & Politics (Legacy)",Construction,United States,91,$3.01  ~ $8.28 ,$1.65 ,$27.96 ,0.18%,N/A,N/A
"Law, Gov't & Politics (Legacy)",Career Planning,United States,22,$6.07  ~ $8.88 ,$5.51 ,$83.81 ,0.11%,N/A,N/A
"Law, Gov't & Politics (Legacy)",Career Planning,Canada,1,$11.02  ~ $11.02 ,$23.59 ,N/A,0.05%,N/A,N/A
"Law, Gov't & Politics (Legacy)",Health & Fitness,United States,"4,404",$7.14  ~ $7.45 ,$4.74 ,$21.39 ,0.16%,N/A,N/A
"Law, Gov't & Politics (Legacy)",Health & Fitness,Canada,8,$5.19  ~ $12.32 ,$1.98 ,$11.97 ,0.26%,N/A,N/A
"Law, Gov't & Politics (Legacy)",Card Games,United States,11,$8.85  ~ $9.40 ,$6.49 ,$26.88 ,0.14%,N/A,N/A
"Law, Gov't & Politics (Legacy)",Fine Art,United States,8,$7.86  ~ $7.86 ,$2.76 ,$13.78 ,0.29%,N/A,N/A
"Law, Gov't & Politics (Legacy)",Coffee/Tea,United States,27,$8.05  ~ $9.27 ,$3.78 ,$26.44 ,0.25%,N/A,N/A
"Law, Gov't & Politics (Legacy)",Graduate School,United States,69,$7.93  ~ $10.93 ,$6.82 ,$34.46 ,0.16%,N/A,N/A
"Law, Gov't & Politics (Legacy)",Graduate School,Canada,1,$7.66  ~ $7.94 ,$2.56 ,$15.12 ,0.30%,N/A,N/A
"Law, Gov't & Politics (Legacy)",Family & Parenting,United States,105,$5.59  ~ $10.98 ,$4.77 ,$49.84 ,0.12%,N/A,N/A
"Law, Gov't & Politics (Legacy)",Psychology/Psychiatry,United States,158,$9.79  ~ $9.88 ,$7.96 ,$30.41 ,0.12%,N/A,N/A
"Law, Gov't & Politics (Legacy)",Football,United States,2,$8.03  ~ $17.99 ,$1.73 ,$2.50 ,0.46%,N/A,N/A
"Law, Gov't & Politics (Legacy)",Buying/Selling Cars,Canada,1,$7.48  ~ $7.48 ,$2.40 ,N/A,0.31%,N/A,N/A
"Law, Gov't & Politics (Legacy)",Buying/Selling Cars,United States,52,$6.53  ~ $7.57 ,$3.74 ,N/A,0.17%,N/A,N/A
"Law, Gov't & Politics (Legacy)",College,United States,103,$5.65  ~ $7.53 ,$2.89 ,$25.74 ,0.26%,N/A,N/A
"Law, Gov't & Politics (Legacy)",Remodeling & Construction,United States,5,$6.36  ~ $8.03 ,$1.48 ,$13.34 ,0.43%,N/A,N/A
"Law, Gov't & Politics (Legacy)",Travel,United States,899,$5.97  ~ $6.61 ,$2.05 ,$14.65 ,0.32%,N/A,N/A
"Law, Gov't & Politics (Legacy)",Buying/Selling Homes,United States,10,$6.46  ~ $7.95 ,$5.98 ,N/A,0.13%,N/A,N/A
"Law, Gov't & Politics (Legacy)",Road-Side Assistance,United States,5,$11.60  ~ $11.60 ,$8.72 ,N/A,0.13%,N/A,N/A
"Law, Gov't & Politics (Legacy)",Interior Decorating,United States,66,$6.74  ~ $8.39 ,$3.70 ,$14.28 ,0.18%,N/A,N/A
"Law, Gov't & Politics (Legacy)",Cigars,United States,412,$7.54  ~ $7.62 ,$1.72 ,$5.30 ,0.44%,N/A,N/A
"Law, Gov't & Politics (Legacy)",Jewelry,United States,1,$1.23  ~ $1.23 ,$0.07 ,N/A,1.79%,N/A,N/A
"Law, Gov't & Politics (Legacy)",Credit/Debt & Loans,United States,"1,459",$6.96  ~ $7.07 ,$2.38 ,$27.47 ,0.30%,N/A,N/A
"Law, Gov't & Politics (Legacy)",Pediatrics,United States,15,$8.33  ~ $8.88 ,$5.22 ,N/A,0.16%,N/A,N/A
"Law, Gov't & Politics (Legacy)",Chronic Pain,United States,28,$5.41  ~ $6.79 ,$4.17 ,$45.84 ,0.13%,N/A,N/A
"Law, Gov't & Politics (Legacy)",Investing,Canada,1,$8.68  ~ $8.87 ,$7.02 ,$80.72 ,0.13%,N/A,N/A
"Law, Gov't & Politics (Legacy)",Investing,United States,2,$16.17  ~ $34.09 ,N/A,N/A,N/A,N/A,N/A
"Law, Gov't & Politics (Legacy)",Commentary,United States,61,$10.64  ~ $13.25 ,$8.53 ,N/A,0.16%,N/A,N/A
"Law, Gov't & Politics (Legacy)",Dining Out,United States,3,$8.02  ~ $16.38 ,N/A,N/A,N/A,N/A,N/A
"Law, Gov't & Politics (Legacy)",Exercise,United States,5,$1.23  ~ $2.96 ,N/A,N/A,N/A,N/A,N/A
"Law, Gov't & Politics (Legacy)",Senor Health,United States,3,$7.70  ~ $16.80 ,$1.89 ,$17.35 ,0.41%,N/A,N/A
"Law, Gov't & Politics (Legacy)",Human Resources,United States,27,$10.57  ~ $10.84 ,$3.75 ,$19.91 ,0.28%,N/A,N/A
"Law, Gov't & Politics (Legacy)",Health/Lowfat Cooking,United States,9,$1.25  ~ $5.49 ,$1.39 ,$7.09 ,0.40%,N/A,N/A
"Law, Gov't & Politics (Legacy)",Catholicism,United States,1,$8.02  ~ $19.63 ,$8.75 ,N/A,0.09%,N/A,N/A
"Law, Gov't & Politics (Legacy)",Advertising,United States,466,$3.05  ~ $4.73 ,$2.31 ,$19.26 ,0.13%,N/A,N/A
"Law, Gov't & Politics (Legacy)",Senior Living,United States,11,$5.79  ~ $7.99 ,$3.47 ,$12.46 ,0.17%,N/A,N/A
"Law, Gov't & Politics (Legacy)",Adventure Travel,United States,6,$7.06  ~ $13.62 ,$9.07 ,N/A,0.08%,N/A,N/A
"Law, Gov't & Politics (Legacy)",Green Solutions,United States,60,$5.58  ~ $7.18 ,$4.17 ,$117.67 ,0.17%,N/A,N/A
"Law, Gov't & Politics (Legacy)",Cold & Flu,United States,166,$6.57  ~ $8.02 ,$3.41 ,$46.59 ,0.19%,N/A,N/A
"Law, Gov't & Politics (Legacy)",Nutrition,United States,5,$7.83  ~ $7.83 ,$3.43 ,N/A,0.23%,N/A,N/A
"Law, Gov't & Politics (Legacy)",Appliances,United States,2,$6.56  ~ $11.43 ,$6.29 ,N/A,0.10%,N/A,N/A
"Law, Gov't & Politics (Legacy)",Air Travel,United States,62,$6.13  ~ $6.28 ,$2.51 ,$22.57 ,0.25%,N/A,N/A
"Law, Gov't & Politics (Legacy)",Arts & Entertainment,United States,231,$2.58  ~ $7.00 ,$2.80 ,$22.94 ,0.25%,N/A,N/A
"Law, Gov't & Politics (Legacy)",Cruises,United States,60,$3.38  ~ $6.01 ,$1.62 ,$12.31 ,0.37%,N/A,N/A
"Law, Gov't & Politics (Legacy)",Job Search,United States,127,$10.33  ~ $10.59 ,$5.88 ,$39.27 ,0.18%,N/A,N/A
"Law, Gov't & Politics (Legacy)",Food & Drink,United States,11,$8.02  ~ $10.86 ,$3.40 ,$21.81 ,0.32%,N/A,N/A
"Law, Gov't & Politics (Legacy)",Net Conferencing,United States,4,$9.67  ~ $13.18 ,$4.64 ,N/A,0.28%,N/A,N/A
"Law, Gov't & Politics (Legacy)",Shopping,United States,417,$7.37  ~ $8.66 ,$2.77 ,$12.37 ,0.27%,N/A,N/A
"Law, Gov't & Politics (Legacy)",Pets,United States,17,$7.99  ~ $8.45 ,$4.53 ,N/A,0.19%,N/A,N/A
"Law, Gov't & Politics (Legacy)",Biotech/Biomedical,United States,4,$5.76  ~ $6.80 ,$5.33 ,$19.85 ,0.13%,N/A,N/A
"Law, Gov't & Politics (Legacy)",Honeymoons/Getaways,United States,7,$7.50  ~ $7.53 ,$12.28 ,$484.75 ,0.06%,N/A,N/A
"Law, Gov't & Politics (Legacy)",Job Fairs,United States,1,$5.28  ~ $5.28 ,$2.92 ,N/A,0.18%,N/A,N/A
"Law, Gov't & Politics (Legacy)",Mutual Funds,United States,48,$7.97  ~ $8.10 ,$2.94 ,$15.88 ,0.28%,N/A,N/A
"Law, Gov't & Politics (Legacy)",Hobbies & Interests,United States,812,$8.04  ~ $10.61 ,$3.43 ,$23.16 ,0.23%,N/A,N/A
"Law, Gov't & Politics (Legacy)",Local News,United States,2,$10.70  ~ $15.70 ,$8.09 ,$49.42 ,0.19%,N/A,N/A
"Law, Gov't & Politics (Legacy)",Birdwatching,United States,18,$13.53  ~ $13.62 ,$2.92 ,N/A,0.46%,N/A,N/A
"Law, Gov't & Politics (Legacy)",Marketing,Canada,3,$6.10  ~ $13.61 ,$1.61 ,$19.90 ,0.38%,N/A,N/A
"Law, Gov't & Politics (Legacy)",Automotive,United States,341,$4.62  ~ $5.90 ,$5.87 ,$107.60 ,0.10%,N/A,N/A
"Law, Gov't & Politics (Legacy)",Automotive,Canada,1,$5.21  ~ $11.79 ,$6.55 ,$78.65 ,0.08%,N/A,N/A
"Law, Gov't & Politics (Legacy)",Private School,United States,49,$6.66  ~ $14.78 ,$1.51 ,$4.63 ,0.44%,N/A,N/A
"Law, Gov't & Politics (Legacy)",Legal Issues,United States,177,$8.69  ~ $8.84 ,$3.18 ,$31.18 ,0.27%,N/A,N/A
"Law, Gov't & Politics (Legacy)",News,United States,127,$8.91  ~ $10.95 ,$5.70 ,$20.39 ,0.19%,N/A,N/A
"Law, Gov't & Politics (Legacy)",Retirement Planning,United States,12,$9.17  ~ $9.17 ,$2.82 ,N/A,0.33%,N/A,N/A
"Law, Gov't & Politics (Legacy)",Dogs,United States,3,$6.07  ~ $7.11 ,$8.63 ,$56.43 ,0.08%,N/A,N/A
"Law, Gov't & Politics (Legacy)",Cameras & Camcorders,United States,175,$3.82  ~ $7.95 ,$1.43 ,$68.22 ,0.27%,N/A,N/A
"Law, Gov't & Politics (Legacy)",Couponing,United States,2,$8.04  ~ $16.35 ,$2.70 ,$40.57 ,0.30%,N/A,N/A
"Law, Gov't & Politics (Legacy)",Hotels,United States,30,$3.68  ~ $6.92 ,$2.18 ,$16.12 ,0.32%,N/A,N/A
"Law, Gov't & Politics (Legacy)",Education,United States,"1,318",$7.25  ~ $8.31 ,$2.66 ,$20.63 ,0.27%,N/A,N/A
"Law, Gov't & Politics (Legacy)",Alternative Medicine,United States,59,$8.84  ~ $9.06 ,$2.40 ,$2.61 ,0.38%,N/A,N/A
"Law, Gov't & Politics (Legacy)",Apartments,United States,1,$12.27  ~ $15.80 ,$10.61 ,N/A,0.12%,N/A,N/A
"Law, Gov't & Politics (Legacy)",Auto Parts,United States,1,$0.00  ~ $0.00 ,N/A,N/A,N/A,N/A,N/A
"Law, Gov't & Politics (Legacy)",Art/Technology,United States,1,$0.00  ~ $0.00 ,N/A,N/A,N/A,N/A,N/A
"Law, Gov't & Politics (Legacy)",Motorcycles,United States,1,$0.00  ~ $0.00 ,N/A,N/A,N/A,N/A,N/A
"Law, Gov't & Politics (Legacy)",Computer Peripherals,United States,1,$0.00  ~ $0.00 ,N/A,N/A,N/A,N/A,N/A
News (Legacy),Local News,United States,11,$10.70  ~ $15.77 ,$11.65 ,$117.54 ,0.14%,N/A,N/A
News (Legacy),Hobbies & Interests,Canada,1,$7.97  ~ $19.23 ,$4.60 ,N/A,0.17%,N/A,N/A
News (Legacy),Hobbies & Interests,United States,790,$7.38  ~ $9.80 ,$5.03 ,$27.53 ,0.15%,N/A,N/A
News (Legacy),Marketing,Canada,3,$5.82  ~ $14.12 ,$1.86 ,$20.77 ,0.31%,N/A,N/A
News (Legacy),Chronic Pain,United States,51,$5.64  ~ $6.78 ,$6.02 ,$46.47 ,0.09%,N/A,N/A
News (Legacy),Gardening,United States,127,$4.71  ~ $4.71 ,$3.86 ,$52.63 ,0.12%,N/A,N/A
News (Legacy),Hotels,United States,81,$4.50  ~ $6.17 ,$3.07 ,$65.16 ,0.20%,N/A,N/A
News (Legacy),Alternative Medicine,United States,155,$8.97  ~ $9.30 ,$3.63 ,$2.37 ,0.26%,N/A,N/A
News (Legacy),Exercise,United States,165,$1.23  ~ $2.74 ,N/A,N/A,N/A,N/A,N/A
News (Legacy),Careers,United States,141,$6.83  ~ $8.07 ,$8.77 ,$236.58 ,0.08%,N/A,N/A
News (Legacy),Investing,Canada,4,$8.69  ~ $8.81 ,$7.60 ,$99.94 ,0.12%,N/A,N/A
News (Legacy),Investing,United States,88,$16.18  ~ $38.51 ,$4.15 ,N/A,0.39%,N/A,N/A
News (Legacy),Coffee/Tea,United States,53,$7.78  ~ $8.03 ,$7.27 ,$13.81 ,0.11%,N/A,N/A
News (Legacy),Cruises,United States,54,$3.52  ~ $6.09 ,$1.97 ,$14.52 ,0.31%,N/A,N/A
News (Legacy),Psychology/Psychiatry,United States,222,$9.84  ~ $10.56 ,$9.37 ,$41.08 ,0.10%,N/A,N/A
News (Legacy),Cigars,United States,223,$7.55  ~ $7.65 ,$2.58 ,$5.83 ,0.30%,N/A,N/A
News (Legacy),Weddings,United States,9,$5.73  ~ $14.23 ,$3.58 ,N/A,0.16%,N/A,N/A
News (Legacy),Graduate School,United States,103,$7.87  ~ $8.72 ,$8.06 ,$62.80 ,0.11%,N/A,N/A
News (Legacy),Graduate School,Canada,10,$7.71  ~ $7.95 ,$3.15 ,$23.91 ,0.24%,N/A,N/A
News (Legacy),Health & Fitness,United States,"2,098",$7.55  ~ $7.88 ,$6.19 ,$29.34 ,0.12%,N/A,N/A
News (Legacy),Health & Fitness,Canada,90,$5.05  ~ $10.38 ,$1.82 ,$14.88 ,0.28%,N/A,N/A
News (Legacy),Health/Lowfat Cooking,United States,44,$1.23  ~ $5.50 ,$2.13 ,$7.89 ,0.26%,N/A,N/A
News (Legacy),Health/Lowfat Cooking,Canada,1,$7.02  ~ $17.39 ,$2.45 ,$12.53 ,0.29%,N/A,N/A
News (Legacy),Net Conferencing,United States,12,$9.30  ~ $12.51 ,$7.38 ,N/A,0.17%,N/A,N/A
News (Legacy),Green Solutions,United States,"1,354",$6.82  ~ $7.62 ,$8.63 ,$62.72 ,0.09%,N/A,N/A
News (Legacy),Pediatrics,United States,12,$8.05  ~ $9.09 ,$4.98 ,N/A,0.16%,N/A,N/A
News (Legacy),Sexuality,United States,41,$9.53  ~ $9.53 ,$9.78 ,$80.02 ,0.10%,N/A,N/A
News (Legacy),Nutrition,United States,17,$7.89  ~ $7.89 ,$4.89 ,$88.22 ,0.16%,N/A,N/A
News (Legacy),Remodeling & Construction,Canada,4,$6.73  ~ $15.24 ,$2.22 ,$15.57 ,0.30%,N/A,N/A
News (Legacy),Remodeling & Construction,United States,31,$5.74  ~ $8.04 ,$7.16 ,$42.93 ,0.08%,N/A,N/A
News (Legacy),Legal Issues,Canada,3,$2.83  ~ $7.84 ,$5.19 ,$14.34 ,0.05%,N/A,N/A
News (Legacy),Legal Issues,United States,771,$8.64  ~ $8.99 ,$4.30 ,$32.01 ,0.20%,N/A,N/A
News (Legacy),Retirement Planning,United States,1,$8.85  ~ $8.85 ,$6.67 ,N/A,0.13%,N/A,N/A
News (Legacy),Retirement Planning,Canada,1,$4.17  ~ $9.05 ,$3.27 ,N/A,0.13%,N/A,N/A
News (Legacy),Appliances,United States,16,$9.16  ~ $11.70 ,$10.78 ,N/A,0.08%,N/A,N/A
News (Legacy),Private School,United States,9,$6.66  ~ $14.06 ,$4.48 ,$57.18 ,0.15%,N/A,N/A
News (Legacy),Home & Garden,United States,241,$6.34  ~ $8.20 ,$3.34 ,$25.91 ,0.19%,N/A,N/A
News (Legacy),Home & Garden,Canada,2,$3.89  ~ $9.09 ,$1.41 ,$11.88 ,0.27%,N/A,N/A
News (Legacy),Pro Basketball,United States,7,$10.72  ~ $10.72 ,$5.83 ,N/A,0.18%,N/A,N/A
News (Legacy),Collecting,United States,2,$21.35  ~ $45.03 ,$8.46 ,N/A,0.25%,N/A,N/A
News (Legacy),Clothing,United States,232,$6.89  ~ $7.01 ,$2.22 ,$39.48 ,0.32%,N/A,N/A
News (Legacy),Buying/Selling Homes,United States,2,$7.01  ~ $8.04 ,$9.34 ,N/A,0.09%,N/A,N/A
News (Legacy),Business,Canada,109,$5.53  ~ $8.78 ,$2.50 ,$31.78 ,0.22%,N/A,N/A
News (Legacy),Business,United States,"35,679",$8.20  ~ $8.24 ,$4.46 ,$36.31 ,0.18%,N/A,N/A
News (Legacy),Advertising,United States,499,$2.99  ~ $4.96 ,$2.26 ,$13.49 ,0.13%,N/A,N/A
News (Legacy),Advertising,Canada,3,$3.85  ~ $9.84 ,$3.17 ,$28.84 ,0.12%,N/A,N/A
News (Legacy),Biotech/Biomedical,United States,70,$5.98  ~ $6.99 ,$4.75 ,$19.96 ,0.15%,N/A,N/A
News (Legacy),Automotive,United States,430,$4.54  ~ $6.66 ,$9.55 ,$264.42 ,0.07%,N/A,N/A
News (Legacy),Automotive,Canada,3,$6.21  ~ $14.50 ,$6.02 ,N/A,0.10%,N/A,N/A
News (Legacy),Incest/Abuse Support,United States,141,$11.24  ~ $12.90 ,$4.97 ,$11.25 ,0.23%,N/A,N/A
News (Legacy),Arts & Entertainment,United States,448,$3.98  ~ $6.89 ,$3.66 ,$25.36 ,0.19%,N/A,N/A
News (Legacy),Home Repair,United States,118,$7.61  ~ $7.91 ,$4.92 ,$73.99 ,0.16%,N/A,N/A
News (Legacy),Mutual Funds,United States,97,$7.45  ~ $7.87 ,$3.67 ,$30.32 ,0.21%,N/A,N/A
News (Legacy),Large Animals,United States,3,$8.02  ~ $8.02 ,$5.35 ,$31.04 ,0.15%,N/A,N/A
News (Legacy),Buying/Selling Cars,Canada,8,$7.69  ~ $7.69 ,$2.87 ,$23.67 ,0.27%,N/A,N/A
News (Legacy),Buying/Selling Cars,United States,33,$7.14  ~ $7.83 ,$2.97 ,N/A,0.24%,N/A,N/A
News (Legacy),Construction,United States,75,$3.25  ~ $8.39 ,$2.83 ,$27.70 ,0.11%,N/A,N/A
News (Legacy),Senior Living,United States,11,$5.85  ~ $8.01 ,$4.87 ,$23.49 ,0.12%,N/A,N/A
News (Legacy),Cold & Flu,United States,273,$6.54  ~ $8.03 ,$4.93 ,$66.10 ,0.13%,N/A,N/A
News (Legacy),Cameras & Camcorders,United States,352,$3.92  ~ $7.92 ,$1.57 ,$50.08 ,0.25%,N/A,N/A
News (Legacy),Personal Finance,Canada,114,$5.49  ~ $8.97 ,$3.65 ,$42.11 ,0.15%,N/A,N/A
News (Legacy),Personal Finance,United States,"1,125",$7.61  ~ $8.21 ,$5.89 ,$57.01 ,0.13%,N/A,N/A
News (Legacy),Travel,United States,"1,790",$5.36  ~ $7.41 ,$3.57 ,$27.87 ,0.21%,N/A,N/A
News (Legacy),Theme Parks,United States,6,$10.70  ~ $21.70 ,$2.90 ,$27.11 ,0.37%,N/A,N/A
News (Legacy),Honeymoons/Getaways,United States,53,$7.53  ~ $7.57 ,$13.00 ,$450.05 ,0.06%,N/A,N/A
News (Legacy),Shopping,Canada,1,$11.38  ~ $27.35 ,$5.67 ,$24.04 ,0.20%,N/A,N/A
News (Legacy),Shopping,United States,895,$7.02  ~ $8.63 ,$3.22 ,$15.50 ,0.22%,N/A,N/A
News (Legacy),Investors & Patents,United States,129,$5.22  ~ $6.26 ,$3.80 ,$32.24 ,0.16%,N/A,N/A
News (Legacy),Couponing,United States,10,$8.03  ~ $17.48 ,$3.47 ,$15.72 ,0.23%,N/A,N/A
News (Legacy),Family & Parenting,United States,188,$6.56  ~ $11.15 ,$5.86 ,$71.79 ,0.11%,N/A,N/A
News (Legacy),Family & Parenting,Canada,1,$3.91  ~ $8.43 ,$11.42 ,N/A,0.07%,N/A,N/A
News (Legacy),Credit/Debt & Loans,United States,"3,015",$6.64  ~ $6.75 ,$2.61 ,$24.08 ,0.26%,N/A,N/A
News (Legacy),Credit/Debt & Loans,Canada,4,$4.88  ~ $12.03 ,$1.05 ,$5.41 ,0.46%,N/A,N/A
News (Legacy),Road-Side Assistance,United States,7,$11.52  ~ $11.52 ,$18.45 ,$64.56 ,0.06%,N/A,N/A
News (Legacy),Career Planning,United States,29,$7.78  ~ $9.14 ,$5.73 ,$35.54 ,0.14%,N/A,N/A
News (Legacy),Career Planning,Canada,6,$11.03  ~ $11.03 ,$10.64 ,N/A,0.10%,N/A,N/A
News (Legacy),Job Search,United States,87,$10.06  ~ $10.34 ,$6.09 ,$53.51 ,0.17%,N/A,N/A
News (Legacy),Arthritis,United States,35,$6.02  ~ $6.02 ,$9.71 ,$67.95 ,0.06%,N/A,N/A
News (Legacy),Air Travel,United States,87,$5.97  ~ $6.17 ,$3.35 ,$21.48 ,0.18%,N/A,N/A
News (Legacy),Business Software,Canada,5,$5.78  ~ $46.98 ,$3.15 ,$63.10 ,0.18%,N/A,N/A
News (Legacy),Business Software,United States,"3,170",$9.16  ~ $12.05 ,$3.21 ,$27.57 ,0.29%,N/A,N/A
News (Legacy),Music,United States,158,$7.31  ~ $7.57 ,$4.34 ,$40.17 ,0.17%,N/A,N/A
News (Legacy),"Law, Gov't & Politics",United States,62,$8.33  ~ $10.76 ,$8.39 ,$6.54 ,0.10%,N/A,N/A
News (Legacy),Trucks & Accessories,United States,4,$7.94  ~ $8.00 ,$9.33 ,N/A,0.09%,N/A,N/A
News (Legacy),Real Estate,Canada,1,$8.24  ~ $8.96 ,$1.93 ,$16.72 ,0.43%,N/A,N/A
News (Legacy),Real Estate,United States,273,$4.77  ~ $5.03 ,$2.78 ,$19.31 ,0.17%,N/A,N/A
News (Legacy),Metals,Canada,7,$2.81  ~ $7.92 ,$1.70 ,N/A,0.17%,N/A,N/A
News (Legacy),Metals,United States,150,$8.49  ~ $8.93 ,$3.20 ,$39.38 ,0.27%,N/A,N/A
News (Legacy),Human Resources,United States,37,$10.73  ~ $11.19 ,$4.57 ,$36.27 ,0.23%,N/A,N/A
News (Legacy),Teens,United States,5,$9.93  ~ $9.93 ,$17.61 ,N/A,0.06%,N/A,N/A
News (Legacy),Interior Decorating,United States,335,$5.99  ~ $9.38 ,$3.93 ,$17.40 ,0.15%,N/A,N/A
News (Legacy),News,Canada,1,$2.39  ~ $8.04 ,$3.88 ,$45.41 ,0.06%,N/A,N/A
News (Legacy),News,United States,282,$8.71  ~ $11.85 ,$9.01 ,$37.12 ,0.13%,N/A,N/A
News (Legacy),Education,Canada,1,$5.45  ~ $11.12 ,$2.68 ,$30.79 ,0.20%,N/A,N/A
News (Legacy),Education,United States,"2,778",$7.17  ~ $8.12 ,$4.16 ,$31.76 ,0.17%,N/A,N/A
News (Legacy),Cancer,Canada,38,$5.40  ~ $13.26 ,$2.23 ,$18.85 ,0.24%,N/A,N/A
News (Legacy),Birdwatching,United States,33,$13.52  ~ $13.63 ,$5.43 ,N/A,0.25%,N/A,N/A
News (Legacy),Apartments,United States,1,$14.45  ~ $15.88 ,$15.51 ,$136.26 ,0.09%,N/A,N/A
News (Legacy),K-6 Educators,United States,1,$11.51  ~ $11.51 ,N/A,N/A,N/A,N/A,N/A
News (Legacy),Football,United States,28,$8.13  ~ $16.97 ,$3.43 ,$13.70 ,0.24%,N/A,N/A
News (Legacy),Politics,United States,125,$9.21  ~ $10.61 ,$6.81 ,$91.99 ,0.16%,N/A,N/A
News (Legacy),Adventure Travel,United States,21,$6.98  ~ $13.61 ,$13.63 ,$79.11 ,0.05%,N/A,N/A
News (Legacy),Pets,United States,34,$7.84  ~ $8.50 ,$7.84 ,$24.30 ,0.11%,N/A,N/A
News (Legacy),Senor Health,United States,8,$7.71  ~ $16.66 ,$2.64 ,$32.83 ,0.29%,N/A,N/A
News (Legacy),Dining Out,United States,10,$8.01  ~ $19.98 ,$2.88 ,$11.52 ,0.28%,N/A,N/A
News (Legacy),Card Games,United States,29,$8.94  ~ $9.37 ,$4.73 ,$37.81 ,0.20%,N/A,N/A
News (Legacy),Insurance,United States,141,$10.16  ~ $11.15 ,$3.92 ,$38.43 ,0.26%,N/A,N/A
News (Legacy),Logistics,United States,32,$10.40  ~ $11.99 ,$17.46 ,$93.03 ,0.07%,N/A,N/A
News (Legacy),College,United States,218,$5.76  ~ $7.30 ,$4.28 ,$45.39 ,0.17%,N/A,N/A
News (Legacy),Catholicism,United States,2,$8.15  ~ $18.40 ,$7.57 ,$64.38 ,0.11%,N/A,N/A
News (Legacy),Job Fairs,United States,17,$5.26  ~ $5.26 ,$5.56 ,$61.13 ,0.09%,N/A,N/A
News (Legacy),Cocktails/Beer,Canada,1,$7.93  ~ $18.72 ,$3.65 ,$32.08 ,0.22%,N/A,N/A
News (Legacy),Cocktails/Beer,United States,514,$11.73  ~ $24.19 ,$4.87 ,N/A,0.24%,N/A,N/A
News (Legacy),Dogs,United States,9,$7.00  ~ $7.12 ,$16.02 ,$68.48 ,0.04%,N/A,N/A
News (Legacy),Commentary,United States,28,$10.58  ~ $12.69 ,$13.88 ,N/A,0.09%,N/A,N/A
News (Legacy),Food & Drink,United States,54,$8.01  ~ $10.29 ,$3.67 ,$25.28 ,0.28%,N/A,N/A
News (Legacy),Infertility,United States,22,$9.89  ~ $10.39 ,$4.17 ,N/A,0.25%,N/A,N/A
News (Legacy),Fine Art,United States,30,$7.79  ~ $7.79 ,$6.10 ,$34.36 ,0.13%,N/A,N/A
News (Legacy),Jewelry,United States,3,$1.22  ~ $1.22 ,N/A,N/A,N/A,N/A,N/A
News (Legacy),Radio,United States,1,$0.00  ~ $0.00 ,N/A,N/A,N/A,N/A,N/A
News (Legacy),Books & Literature,United States,11,$0.00  ~ $0.00 ,N/A,N/A,N/A,N/A,N/A
News (Legacy),Cell Phones,United States,17,$0.00  ~ $0.00 ,N/A,N/A,N/A,N/A,N/A
News (Legacy),College,Canada,21,$0.00  ~ $0.00 ,N/A,N/A,N/A,N/A,N/A
News (Legacy),Swimming,United States,6,$0.00  ~ $0.00 ,N/A,N/A,N/A,N/A,N/A
News (Legacy),Homework/Study Tips,United States,8,$0.00  ~ $0.00 ,N/A,N/A,N/A,N/A,N/A
News (Legacy),Art/Technology,United States,2,$0.00  ~ $0.00 ,N/A,N/A,N/A,N/A,N/A
News (Legacy),Clothing,Canada,1,$0.00  ~ $0.00 ,N/A,N/A,N/A,N/A,N/A
News (Legacy),Football,Canada,8,$0.00  ~ $0.00 ,N/A,N/A,N/A,N/A,N/A
News (Legacy),Beauty,United States,5,$0.00  ~ $0.00 ,N/A,N/A,N/A,N/A,N/A
News (Legacy),Dental Care,United States,5,$0.00  ~ $0.00 ,N/A,N/A,N/A,N/A,N/A
News (Legacy),Auto Parts,United States,12,$0.00  ~ $0.00 ,N/A,N/A,N/A,N/A,N/A
News (Legacy),Adult Education,United States,1,$0.00  ~ $0.00 ,N/A,N/A,N/A,N/A,N/A
News (Legacy),Motorcycles,United States,69,$0.00  ~ $0.00 ,N/A,N/A,N/A,N/A,N/A
News (Legacy),Movies,United States,1,$0.00  ~ $0.00 ,N/A,N/A,N/A,N/A,N/A
News (Legacy),Computer Peripherals,United States,20,$0.00  ~ $0.00 ,N/A,N/A,N/A,N/A,N/A
Personal Finance (Legacy),Commentary,United States,5,$10.68  ~ $12.27 ,N/A,N/A,N/A,N/A,N/A
Personal Finance (Legacy),Metals,United States,38,$8.93  ~ $8.97 ,$3.49 ,$102.38 ,0.26%,N/A,N/A
Personal Finance (Legacy),Home Repair,United States,9,$7.78  ~ $7.95 ,$7.81 ,$125.61 ,0.10%,N/A,N/A
Personal Finance (Legacy),Advertising,United States,118,$2.27  ~ $6.04 ,$3.58 ,$20.77 ,0.06%,N/A,N/A
Personal Finance (Legacy),Psychology/Psychiatry,United States,37,$10.26  ~ $11.70 ,$12.51 ,$85.81 ,0.08%,N/A,N/A
Personal Finance (Legacy),Appliances,United States,1,$6.65  ~ $12.21 ,$10.75 ,N/A,0.06%,N/A,N/A
Personal Finance (Legacy),Mutual Funds,United States,6,$8.27  ~ $8.38 ,$7.95 ,$125.24 ,0.10%,N/A,N/A
Personal Finance (Legacy),Biotech/Biomedical,United States,1,$4.60  ~ $7.25 ,$6.60 ,$14.73 ,0.11%,N/A,N/A
Personal Finance (Legacy),Arthritis,United States,9,$5.49  ~ $5.49 ,N/A,N/A,N/A,N/A,N/A
Personal Finance (Legacy),Road-Side Assistance,United States,3,$11.67  ~ $11.67 ,N/A,N/A,N/A,N/A,N/A
Personal Finance (Legacy),Travel,United States,294,$7.05  ~ $7.08 ,$3.59 ,$18.39 ,0.20%,N/A,N/A
Personal Finance (Legacy),Air Travel,United States,19,$6.43  ~ $6.71 ,$4.12 ,$11.32 ,0.16%,N/A,N/A
Personal Finance (Legacy),Collecting,United States,1,$16.68  ~ $37.96 ,$6.68 ,N/A,0.25%,N/A,N/A
Personal Finance (Legacy),Cigars,United States,57,$8.66  ~ $8.73 ,$2.59 ,$8.82 ,0.34%,N/A,N/A
Personal Finance (Legacy),Hobbies & Interests,United States,178,$9.41  ~ $11.67 ,$5.59 ,$38.00 ,0.17%,N/A,N/A
Personal Finance (Legacy),Card Games,United States,4,$9.31  ~ $9.55 ,$8.22 ,$42.87 ,0.12%,N/A,N/A
Personal Finance (Legacy),Sexuality,United States,13,$8.87  ~ $8.87 ,$10.60 ,N/A,0.08%,N/A,N/A
Personal Finance (Legacy),Alternative Medicine,United States,16,$9.58  ~ $9.83 ,$3.65 ,$3.40 ,0.27%,N/A,N/A
Personal Finance (Legacy),Education,United States,343,$7.75  ~ $9.18 ,$5.74 ,$49.81 ,0.14%,N/A,N/A
Personal Finance (Legacy),Cameras & Camcorders,United States,56,$3.00  ~ $7.91 ,$2.40 ,N/A,0.13%,N/A,N/A
Personal Finance (Legacy),Gardening,United States,9,$6.29  ~ $6.29 ,$5.69 ,$68.28 ,0.11%,N/A,N/A
Personal Finance (Legacy),Careers,United States,22,$6.93  ~ $8.05 ,$13.59 ,N/A,0.05%,N/A,N/A
Personal Finance (Legacy),Business,Canada,8,$6.41  ~ $8.12 ,$9.91 ,$51.22 ,0.06%,N/A,N/A
Personal Finance (Legacy),Business,United States,894,$8.51  ~ $8.77 ,$6.12 ,$40.07 ,0.14%,N/A,N/A
Personal Finance (Legacy),Green Solutions,United States,191,$7.72  ~ $7.94 ,$28.93 ,$244.51 ,0.03%,N/A,N/A
Personal Finance (Legacy),Human Resources,United States,6,$11.26  ~ $11.48 ,$4.58 ,$35.54 ,0.25%,N/A,N/A
Personal Finance (Legacy),Health/Lowfat Cooking,United States,7,$1.29  ~ $7.31 ,$2.85 ,$8.54 ,0.26%,N/A,N/A
Personal Finance (Legacy),Nutrition,United States,1,$7.84  ~ $7.84 ,$22.59 ,N/A,0.03%,N/A,N/A
Personal Finance (Legacy),Logistics,United States,8,$12.32  ~ $12.63 ,$32.48 ,N/A,0.04%,N/A,N/A
Personal Finance (Legacy),Pediatrics,United States,3,$8.58  ~ $8.82 ,$14.57 ,N/A,0.06%,N/A,N/A
Personal Finance (Legacy),Legal Issues,United States,33,$8.50  ~ $8.67 ,$5.96 ,$41.50 ,0.15%,N/A,N/A
Personal Finance (Legacy),Politics,United States,15,$8.92  ~ $10.47 ,$5.35 ,N/A,0.20%,N/A,N/A
Personal Finance (Legacy),Cocktails/Beer,United States,94,$11.70  ~ $27.92 ,$3.90 ,N/A,0.30%,N/A,N/A
Personal Finance (Legacy),Coffee/Tea,United States,4,$7.92  ~ $8.05 ,N/A,N/A,N/A,N/A,N/A
Personal Finance (Legacy),Senior Living,United States,2,$6.21  ~ $7.99 ,$9.24 ,$18.43 ,0.07%,N/A,N/A
Personal Finance (Legacy),Chronic Pain,United States,9,$6.12  ~ $6.79 ,$4.99 ,N/A,0.12%,N/A,N/A
Personal Finance (Legacy),Home & Garden,United States,42,$6.30  ~ $8.11 ,$3.67 ,$41.48 ,0.17%,N/A,N/A
Personal Finance (Legacy),College,United States,23,$6.50  ~ $7.79 ,$5.86 ,N/A,0.13%,N/A,N/A
Personal Finance (Legacy),"Law, Gov't & Politics",United States,5,$9.53  ~ $10.75 ,$8.40 ,N/A,0.11%,N/A,N/A
Personal Finance (Legacy),Investing,Canada,3,$8.82  ~ $8.88 ,$30.53 ,$641.20 ,0.03%,N/A,N/A
Personal Finance (Legacy),Investing,United States,2,$16.17  ~ $34.42 ,N/A,N/A,N/A,N/A,N/A
Personal Finance (Legacy),Couponing,United States,1,$8.04  ~ $19.80 ,$2.45 ,$12.27 ,0.33%,N/A,N/A
Personal Finance (Legacy),Career Planning,United States,4,$5.80  ~ $9.19 ,$13.87 ,N/A,0.04%,N/A,N/A
Personal Finance (Legacy),Job Search,United States,15,$10.51  ~ $11.17 ,$12.81 ,$52.97 ,0.08%,N/A,N/A
Personal Finance (Legacy),Dogs,United States,4,$4.69  ~ $6.52 ,N/A,N/A,N/A,N/A,N/A
Personal Finance (Legacy),Arts & Entertainment,United States,44,$4.95  ~ $7.13 ,$2.96 ,$25.03 ,0.24%,N/A,N/A
Personal Finance (Legacy),Credit/Debt & Loans,United States,353,$7.29  ~ $7.45 ,$3.11 ,$20.61 ,0.23%,N/A,N/A
Personal Finance (Legacy),Graduate School,United States,12,$7.83  ~ $10.67 ,$9.48 ,$16.65 ,0.11%,N/A,N/A
Personal Finance (Legacy),Graduate School,Canada,1,$7.63  ~ $7.97 ,$4.67 ,$83.04 ,0.16%,N/A,N/A
Personal Finance (Legacy),Dining Out,United States,1,$8.03  ~ $17.26 ,N/A,N/A,N/A,N/A,N/A
Personal Finance (Legacy),Real Estate,United States,29,$6.27  ~ $6.30 ,$5.17 ,$24.77 ,0.12%,N/A,N/A
Personal Finance (Legacy),Health & Fitness,United States,896,$7.49  ~ $8.92 ,$9.83 ,$23.04 ,0.09%,N/A,N/A
Personal Finance (Legacy),Health & Fitness,Canada,1,$5.48  ~ $13.36 ,$3.38 ,$19.90 ,0.16%,N/A,N/A
Personal Finance (Legacy),Clothing,United States,24,$8.04  ~ $8.61 ,$3.04 ,$6.78 ,0.26%,N/A,N/A
Personal Finance (Legacy),Business Software,United States,261,$8.62  ~ $12.05 ,$6.64 ,$46.29 ,0.13%,N/A,N/A
Personal Finance (Legacy),Construction,United States,6,$3.37  ~ $8.32 ,$4.09 ,N/A,0.08%,N/A,N/A
Personal Finance (Legacy),Remodeling & Construction,United States,1,$7.03  ~ $7.99 ,$5.64 ,N/A,0.12%,N/A,N/A
Personal Finance (Legacy),Exercise,United States,8,$1.18  ~ $2.56 ,N/A,N/A,N/A,N/A,N/A
Personal Finance (Legacy),Food & Drink,United States,14,$8.03  ~ $11.64 ,$3.20 ,$36.03 ,0.36%,N/A,N/A
Personal Finance (Legacy),Local News,United States,1,$10.72  ~ $16.79 ,$61.09 ,N/A,0.03%,N/A,N/A
Personal Finance (Legacy),Pets,United States,5,$7.87  ~ $18.75 ,$10.44 ,N/A,0.08%,N/A,N/A
Personal Finance (Legacy),Cold & Flu,United States,27,$6.47  ~ $8.03 ,$3.61 ,$31.26 ,0.18%,N/A,N/A
Personal Finance (Legacy),Birdwatching,United States,10,$13.53  ~ $13.63 ,$4.03 ,N/A,0.34%,N/A,N/A
Personal Finance (Legacy),Incest/Abuse Support,United States,22,$10.22  ~ $13.43 ,$4.46 ,$9.73 ,0.23%,N/A,N/A
Personal Finance (Legacy),Private School,United States,9,$6.67  ~ $16.41 ,$2.59 ,$3.79 ,0.26%,N/A,N/A
Personal Finance (Legacy),Interior Decorating,United States,76,$6.55  ~ $9.11 ,$4.53 ,$27.16 ,0.14%,N/A,N/A
Personal Finance (Legacy),Automotive,United States,64,$5.14  ~ $6.95 ,$11.45 ,$105.02 ,0.06%,N/A,N/A
Personal Finance (Legacy),Automotive,Canada,3,$6.15  ~ $13.06 ,$11.80 ,N/A,0.05%,N/A,N/A
Personal Finance (Legacy),Personal Finance,Canada,16,$6.16  ~ $8.84 ,$7.97 ,$39.85 ,0.08%,N/A,N/A
Personal Finance (Legacy),Personal Finance,United States,343,$7.04  ~ $7.75 ,$7.66 ,$48.13 ,0.09%,N/A,N/A
Personal Finance (Legacy),Shopping,United States,147,$6.83  ~ $8.63 ,$4.16 ,$17.01 ,0.16%,N/A,N/A
Personal Finance (Legacy),News,Canada,2,$6.75  ~ $7.95 ,$2.01 ,$24.78 ,0.34%,N/A,N/A
Personal Finance (Legacy),News,United States,8,$9.10  ~ $11.37 ,$7.92 ,$32.00 ,0.14%,N/A,N/A
Personal Finance (Legacy),Buying/Selling Cars,Canada,1,$7.22  ~ $7.22 ,$20.18 ,N/A,0.04%,N/A,N/A
Personal Finance (Legacy),Buying/Selling Cars,United States,14,$6.82  ~ $7.56 ,$6.36 ,N/A,0.11%,N/A,N/A
Personal Finance (Legacy),Music,United States,8,$7.19  ~ $7.37 ,$4.43 ,$22.17 ,0.16%,N/A,N/A
Personal Finance (Legacy),Hotels,United States,7,$8.46  ~ $8.85 ,$7.04 ,N/A,0.12%,N/A,N/A
Personal Finance (Legacy),Investors & Patents,United States,8,$7.14  ~ $7.34 ,$7.15 ,$57.59 ,0.10%,N/A,N/A
Personal Finance (Legacy),Pro Basketball,United States,4,$10.73  ~ $10.73 ,N/A,N/A,N/A,N/A,N/A
Personal Finance (Legacy),Insurance,United States,48,$11.18  ~ $11.59 ,$4.86 ,$35.93 ,0.24%,N/A,N/A
Personal Finance (Legacy),Cruises,United States,11,$3.11  ~ $5.77 ,$1.35 ,$6.60 ,0.43%,N/A,N/A
Personal Finance (Legacy),Family & Parenting,United States,24,$5.92  ~ $11.73 ,$9.71 ,$58.47 ,0.06%,N/A,N/A
Personal Finance (Legacy),Fine Art,United States,10,$7.84  ~ $7.84 ,$4.66 ,$37.27 ,0.17%,N/A,N/A
Personal Finance (Legacy),Honeymoons/Getaways,United States,1,$7.57  ~ $7.62 ,$9.30 ,$269.61 ,0.08%,N/A,N/A
Personal Finance (Legacy),Motorcycles,United States,1,$0.00  ~ $0.00 ,N/A,N/A,N/A,N/A,N/A
Personal Finance (Legacy),Computer Peripherals,United States,6,$0.00  ~ $0.00 ,N/A,N/A,N/A,N/A,N/A
Pets (Legacy),Mutual Funds,United States,3,$7.94  ~ $8.20 ,$1.98 ,$11.89 ,0.41%,N/A,N/A
Pets (Legacy),Chronic Pain,United States,3,$5.29  ~ $6.80 ,$4.88 ,N/A,0.11%,N/A,N/A
Pets (Legacy),Politics,United States,2,$9.13  ~ $10.55 ,$4.17 ,N/A,0.25%,N/A,N/A
Pets (Legacy),Insurance,United States,2,$11.64  ~ $11.70 ,$2.32 ,$16.29 ,0.51%,N/A,N/A
Pets (Legacy),Psychology/Psychiatry,United States,21,$10.80  ~ $12.66 ,$10.27 ,$34.28 ,0.11%,N/A,N/A
Pets (Legacy),Alternative Medicine,United States,17,$9.42  ~ $9.64 ,$3.48 ,$2.59 ,0.28%,N/A,N/A
Pets (Legacy),Health & Fitness,United States,109,$7.78  ~ $8.94 ,$5.33 ,$21.62 ,0.17%,N/A,N/A
Pets (Legacy),Health & Fitness,Canada,1,$5.58  ~ $11.20 ,$3.36 ,$16.07 ,0.17%,N/A,N/A
Pets (Legacy),Health/Lowfat Cooking,United States,3,$1.29  ~ $5.83 ,$1.44 ,$4.58 ,0.41%,N/A,N/A
Pets (Legacy),Logistics,United States,1,$10.05  ~ $10.62 ,$16.64 ,N/A,0.06%,N/A,N/A
Pets (Legacy),Marketing,Canada,1,$6.29  ~ $15.38 ,$4.33 ,N/A,0.15%,N/A,N/A
Pets (Legacy),Clothing,United States,1,$7.57  ~ $8.24 ,$1.89 ,$5.30 ,0.40%,N/A,N/A
Pets (Legacy),Interior Decorating,United States,17,$6.41  ~ $9.50 ,$3.65 ,N/A,0.18%,N/A,N/A
Pets (Legacy),Shopping,United States,48,$6.65  ~ $8.23 ,$1.12 ,$4.65 ,0.59%,N/A,N/A
Pets (Legacy),Careers,United States,8,$6.87  ~ $8.42 ,$6.03 ,N/A,0.11%,N/A,N/A
Pets (Legacy),Fine Art,United States,1,$7.86  ~ $7.86 ,$5.24 ,N/A,0.15%,N/A,N/A
Pets (Legacy),Home Repair,United States,8,$7.69  ~ $7.90 ,$2.60 ,$26.75 ,0.30%,N/A,N/A
Pets (Legacy),Personal Finance,United States,38,$7.75  ~ $7.87 ,$4.14 ,$26.99 ,0.19%,N/A,N/A
Pets (Legacy),Cruises,United States,8,$3.14  ~ $6.06 ,$1.35 ,$8.10 ,0.45%,N/A,N/A
Pets (Legacy),Gardening,United States,4,$6.68  ~ $6.68 ,$4.23 ,$46.55 ,0.16%,N/A,N/A
Pets (Legacy),Green Solutions,United States,1,$5.35  ~ $8.32 ,$2.10 ,$18.10 ,0.40%,N/A,N/A
Pets (Legacy),Human Resources,United States,1,$10.88  ~ $10.98 ,$3.40 ,N/A,0.32%,N/A,N/A
Pets (Legacy),College,United States,4,$6.51  ~ $8.10 ,$2.87 ,$34.15 ,0.28%,N/A,N/A
Pets (Legacy),Graduate School,United States,2,$7.91  ~ $10.63 ,$6.49 ,$7.38 ,0.16%,N/A,N/A
Pets (Legacy),Cigars,United States,20,$8.49  ~ $8.58 ,$2.59 ,$5.29 ,0.33%,N/A,N/A
Pets (Legacy),Travel,United States,60,$6.65  ~ $7.56 ,$1.83 ,$18.03 ,0.41%,N/A,N/A
Pets (Legacy),Business Software,United States,13,$9.23  ~ $12.28 ,$2.27 ,$21.74 ,0.41%,N/A,N/A
Pets (Legacy),Business Software,Canada,2,$3.72  ~ $44.81 ,$3.08 ,N/A,0.12%,N/A,N/A
Pets (Legacy),Construction,United States,9,$2.64  ~ $8.20 ,$1.66 ,N/A,0.16%,N/A,N/A
Pets (Legacy),Advertising,United States,15,$1.80  ~ $7.16 ,$2.07 ,$5.09 ,0.09%,N/A,N/A
Pets (Legacy),Credit/Debt & Loans,United States,50,$7.09  ~ $7.30 ,$1.34 ,$20.13 ,0.53%,N/A,N/A
Pets (Legacy),Cameras & Camcorders,United States,8,$4.52  ~ $7.96 ,$0.67 ,$9.23 ,0.67%,N/A,N/A
Pets (Legacy),Cold & Flu,United States,18,$6.16  ~ $8.03 ,$5.11 ,$8.45 ,0.12%,N/A,N/A
Pets (Legacy),Remodeling & Construction,United States,2,$6.67  ~ $7.96 ,$1.15 ,N/A,0.58%,N/A,N/A
Pets (Legacy),Pets,United States,6,$5.81  ~ $11.68 ,$3.58 ,N/A,0.16%,N/A,N/A
Pets (Legacy),Food & Drink,United States,11,$8.03  ~ $12.54 ,$3.51 ,$24.50 ,0.36%,N/A,N/A
Pets (Legacy),Coffee/Tea,United States,6,$7.69  ~ $8.05 ,$5.75 ,N/A,0.13%,N/A,N/A
Pets (Legacy),Business,Canada,1,$4.01  ~ $8.72 ,$3.49 ,$17.62 ,0.11%,N/A,N/A
Pets (Legacy),Business,United States,185,$8.57  ~ $9.05 ,$2.74 ,$19.48 ,0.33%,N/A,N/A
Pets (Legacy),Job Search,United States,12,$10.11  ~ $10.49 ,$9.51 ,$51.00 ,0.11%,N/A,N/A
Pets (Legacy),Birdwatching,United States,2,$13.53  ~ $13.63 ,$5.89 ,N/A,0.23%,N/A,N/A
Pets (Legacy),Local News,United States,1,$10.67  ~ $15.22 ,$28.57 ,N/A,0.05%,N/A,N/A
Pets (Legacy),Family & Parenting,United States,17,$5.83  ~ $11.88 ,$5.96 ,$108.86 ,0.10%,N/A,N/A
Pets (Legacy),Music,United States,3,$7.24  ~ $7.44 ,$2.33 ,N/A,0.31%,N/A,N/A
Pets (Legacy),Senior Living,United States,1,$6.50  ~ $8.02 ,$5.87 ,$5.84 ,0.11%,N/A,N/A
Pets (Legacy),Home & Garden,United States,8,$6.93  ~ $8.67 ,$3.22 ,$17.05 ,0.22%,N/A,N/A
Pets (Legacy),Commentary,United States,1,$10.69  ~ $12.70 ,N/A,N/A,N/A,N/A,N/A
Pets (Legacy),Automotive,United States,27,$5.89  ~ $6.20 ,$9.15 ,$63.72 ,0.07%,N/A,N/A
Pets (Legacy),Investing,United States,1,$16.23  ~ $36.85 ,N/A,N/A,N/A,N/A,N/A
Pets (Legacy),Real Estate,United States,6,$5.60  ~ $5.98 ,$3.02 ,$14.33 ,0.19%,N/A,N/A
Pets (Legacy),Sexuality,United States,1,$9.53  ~ $9.53 ,$8.76 ,N/A,0.11%,N/A,N/A
Pets (Legacy),Arts & Entertainment,United States,20,$4.35  ~ $7.66 ,$1.22 ,$12.81 ,0.63%,N/A,N/A
Pets (Legacy),Weddings,United States,1,$5.16  ~ $11.97 ,N/A,N/A,N/A,N/A,N/A
Pets (Legacy),Education,United States,64,$7.43  ~ $7.99 ,$2.48 ,$18.33 ,0.30%,N/A,N/A
Pets (Legacy),Dogs,United States,29,$3.85  ~ $4.60 ,$2.53 ,$7.51 ,0.18%,N/A,N/A
Pets (Legacy),Investors & Patents,United States,2,$5.62  ~ $6.77 ,$1.38 ,$16.74 ,0.49%,N/A,N/A
Pets (Legacy),Net Conferencing,United States,1,$9.70  ~ $17.25 ,$8.02 ,N/A,0.22%,N/A,N/A
Pets (Legacy),News,United States,7,$8.73  ~ $10.71 ,$5.92 ,$17.79 ,0.18%,N/A,N/A
Pets (Legacy),"Law, Gov't & Politics",United States,4,$8.31  ~ $10.88 ,$4.26 ,N/A,0.19%,N/A,N/A
Pets (Legacy),Cocktails/Beer,United States,6,$11.77  ~ $25.83 ,$2.60 ,N/A,0.45%,N/A,N/A
Pets (Legacy),Legal Issues,United States,19,$9.08  ~ $9.23 ,$4.11 ,$41.49 ,0.22%,N/A,N/A
Pets (Legacy),Metals,United States,1,$8.33  ~ $8.81 ,$1.72 ,$28.80 ,0.49%,N/A,N/A
Pets (Legacy),Hobbies & Interests,United States,44,$9.95  ~ $11.88 ,$7.35 ,$35.97 ,0.14%,N/A,N/A
Pets (Legacy),Air Travel,United States,2,$6.42  ~ $6.60 ,$2.82 ,$19.74 ,0.23%,N/A,N/A
Real Estate (Legacy),Incest/Abuse Support,United States,22,$8.44  ~ $9.19 ,$4.92 ,$22.29 ,0.17%,N/A,N/A
Real Estate (Legacy),Human Resources,United States,7,$11.31  ~ $11.48 ,$3.05 ,$22.31 ,0.38%,N/A,N/A
Real Estate (Legacy),Legal Issues,United States,23,$8.47  ~ $8.85 ,$2.59 ,$36.13 ,0.33%,N/A,N/A
Real Estate (Legacy),Shopping,United States,90,$7.20  ~ $8.29 ,$4.11 ,$16.37 ,0.18%,N/A,N/A
Real Estate (Legacy),Shopping,Canada,1,$10.07  ~ $21.29 ,$11.05 ,N/A,0.09%,N/A,N/A
Real Estate (Legacy),Automotive,United States,55,$5.07  ~ $6.70 ,$7.73 ,$346.56 ,0.09%,N/A,N/A
Real Estate (Legacy),Marketing,Canada,3,$6.27  ~ $15.32 ,$2.64 ,$18.51 ,0.24%,N/A,N/A
Real Estate (Legacy),Card Games,United States,4,$9.24  ~ $9.55 ,$2.65 ,$15.10 ,0.36%,N/A,N/A
Real Estate (Legacy),Adventure Travel,United States,4,$9.67  ~ $13.61 ,$21.80 ,$35.65 ,0.04%,N/A,N/A
Real Estate (Legacy),Politics,United States,7,$9.15  ~ $10.38 ,$5.95 ,$105.20 ,0.17%,N/A,N/A
Real Estate (Legacy),Insurance,United States,37,$11.29  ~ $11.72 ,$3.19 ,$31.60 ,0.37%,N/A,N/A
Real Estate (Legacy),Catholicism,United States,1,$8.21  ~ $18.84 ,$2.04 ,N/A,0.40%,N/A,N/A
Real Estate (Legacy),Real Estate,United States,78,$5.75  ~ $6.52 ,$4.69 ,$20.68 ,0.12%,N/A,N/A
Real Estate (Legacy),Investors & Patents,United States,15,$6.35  ~ $6.77 ,$2.74 ,$48.18 ,0.25%,N/A,N/A
Real Estate (Legacy),Arts & Entertainment,United States,47,$3.86  ~ $7.47 ,$2.61 ,$27.24 ,0.29%,N/A,N/A
Real Estate (Legacy),Remodeling & Construction,United States,1,$7.25  ~ $7.96 ,$3.86 ,N/A,0.19%,N/A,N/A
Real Estate (Legacy),Personal Finance,Canada,2,$6.06  ~ $8.90 ,$4.99 ,$42.38 ,0.12%,N/A,N/A
Real Estate (Legacy),Personal Finance,United States,162,$6.98  ~ $7.43 ,$5.88 ,$61.09 ,0.12%,N/A,N/A
Real Estate (Legacy),Football,United States,6,$8.09  ~ $19.60 ,$1.75 ,$2.33 ,0.46%,N/A,N/A
Real Estate (Legacy),Careers,United States,44,$6.92  ~ $8.17 ,$9.06 ,N/A,0.08%,N/A,N/A
Real Estate (Legacy),Dining Out,Canada,3,$0.59  ~ $1.29 ,$0.48 ,N/A,0.12%,N/A,N/A
Real Estate (Legacy),Collecting,United States,1,$18.81  ~ $44.63 ,$6.17 ,N/A,0.30%,N/A,N/A
Real Estate (Legacy),Business Software,United States,107,$9.81  ~ $12.21 ,$3.19 ,$25.88 ,0.31%,N/A,N/A
Real Estate (Legacy),Construction,United States,9,$2.84  ~ $8.09 ,$7.22 ,N/A,0.04%,N/A,N/A
Real Estate (Legacy),Mutual Funds,United States,2,$8.06  ~ $8.33 ,$3.15 ,$29.03 ,0.26%,N/A,N/A
Real Estate (Legacy),Large Animals,United States,7,$8.02  ~ $8.02 ,$9.31 ,N/A,0.09%,N/A,N/A
Real Estate (Legacy),Theme Parks,United States,13,$10.78  ~ $23.24 ,$2.30 ,N/A,0.47%,N/A,N/A
Real Estate (Legacy),Alternative Medicine,United States,39,$9.22  ~ $9.46 ,$1.35 ,$1.53 ,0.70%,N/A,N/A
Real Estate (Legacy),Hobbies & Interests,United States,105,$9.21  ~ $10.98 ,$5.68 ,$20.92 ,0.16%,N/A,N/A
Real Estate (Legacy),Pediatrics,United States,2,$8.78  ~ $9.54 ,$23.73 ,N/A,0.04%,N/A,N/A
Real Estate (Legacy),Music,United States,54,$7.09  ~ $7.14 ,$3.73 ,N/A,0.19%,N/A,N/A
Real Estate (Legacy),Sexuality,United States,1,$9.15  ~ $9.15 ,$9.05 ,N/A,0.10%,N/A,N/A
Real Estate (Legacy),Appliances,United States,2,$7.38  ~ $11.84 ,N/A,N/A,N/A,N/A,N/A
Real Estate (Legacy),Business,Canada,4,$4.95  ~ $8.49 ,$3.20 ,$28.19 ,0.15%,N/A,N/A
Real Estate (Legacy),Business,United States,497,$8.61  ~ $8.63 ,$3.64 ,$25.04 ,0.24%,N/A,N/A
Real Estate (Legacy),Senor Health,United States,2,$7.86  ~ $19.42 ,$1.27 ,$25.00 ,0.62%,N/A,N/A
Real Estate (Legacy),Nutrition,United States,3,$7.93  ~ $7.93 ,$10.49 ,N/A,0.08%,N/A,N/A
Real Estate (Legacy),Food & Drink,United States,20,$8.01  ~ $11.88 ,$3.14 ,$27.58 ,0.38%,N/A,N/A
Real Estate (Legacy),Dogs,United States,5,$4.56  ~ $6.94 ,$16.32 ,$55.19 ,0.04%,N/A,N/A
Real Estate (Legacy),Interior Decorating,United States,20,$6.74  ~ $9.49 ,$2.80 ,$17.37 ,0.24%,N/A,N/A
Real Estate (Legacy),Biotech/Biomedical,United States,6,$6.07  ~ $6.44 ,$3.81 ,$5.96 ,0.17%,N/A,N/A
Real Estate (Legacy),Job Fairs,United States,6,$5.29  ~ $5.29 ,$3.12 ,N/A,0.17%,N/A,N/A
Real Estate (Legacy),Green Solutions,United States,24,$5.82  ~ $8.22 ,$12.12 ,$29.81 ,0.07%,N/A,N/A
Real Estate (Legacy),Job Search,United States,18,$10.21  ~ $10.56 ,$8.88 ,$124.27 ,0.12%,N/A,N/A
Real Estate (Legacy),Pets,United States,13,$7.98  ~ $8.20 ,$9.39 ,N/A,0.09%,N/A,N/A
Real Estate (Legacy),Cruises,United States,14,$3.24  ~ $5.99 ,$1.50 ,$11.14 ,0.40%,N/A,N/A
Real Estate (Legacy),Metals,United States,32,$8.70  ~ $8.88 ,$2.05 ,$55.51 ,0.43%,N/A,N/A
Real Estate (Legacy),Health/Lowfat Cooking,United States,15,$1.26  ~ $6.38 ,$1.69 ,$4.85 ,0.38%,N/A,N/A
Real Estate (Legacy),Clothing,United States,34,$7.74  ~ $8.22 ,$3.65 ,$11.81 ,0.21%,N/A,N/A
Real Estate (Legacy),Trucks & Accessories,United States,4,$7.81  ~ $8.01 ,N/A,N/A,N/A,N/A,N/A
Real Estate (Legacy),College,United States,9,$6.24  ~ $7.59 ,$6.96 ,N/A,0.11%,N/A,N/A
Real Estate (Legacy),Cocktails/Beer,United States,18,$11.81  ~ $27.54 ,$4.06 ,N/A,0.29%,N/A,N/A
Real Estate (Legacy),Credit/Debt & Loans,United States,106,$7.32  ~ $7.38 ,$2.45 ,$29.06 ,0.30%,N/A,N/A
Real Estate (Legacy),Cold & Flu,United States,27,$6.83  ~ $8.02 ,$3.92 ,$14.19 ,0.17%,N/A,N/A
Real Estate (Legacy),Exercise,United States,8,$1.28  ~ $2.88 ,N/A,N/A,N/A,N/A,N/A
Real Estate (Legacy),Gardening,United States,27,$5.62  ~ $5.62 ,$6.28 ,$213.63 ,0.09%,N/A,N/A
Real Estate (Legacy),News,Canada,1,$6.96  ~ $8.03 ,$1.39 ,$11.40 ,0.50%,N/A,N/A
Real Estate (Legacy),News,United States,13,$8.96  ~ $11.00 ,$7.76 ,$19.80 ,0.14%,N/A,N/A
Real Estate (Legacy),Logistics,United States,26,$10.26  ~ $10.90 ,$19.28 ,N/A,0.06%,N/A,N/A
Real Estate (Legacy),Psychology/Psychiatry,United States,21,$9.54  ~ $11.44 ,$16.11 ,N/A,0.06%,N/A,N/A
Real Estate (Legacy),Investing,United States,57,$16.14  ~ $37.50 ,N/A,N/A,N/A,N/A,N/A
Real Estate (Legacy),Graduate School,United States,25,$7.91  ~ $10.71 ,$9.81 ,$16.30 ,0.11%,N/A,N/A
Real Estate (Legacy),Cameras & Camcorders,United States,48,$2.79  ~ $7.96 ,$1.30 ,$15.40 ,0.21%,N/A,N/A
Real Estate (Legacy),Couponing,United States,2,$8.05  ~ $17.22 ,$1.99 ,$7.95 ,0.40%,N/A,N/A
Real Estate (Legacy),Family & Parenting,United States,40,$5.70  ~ $10.71 ,$6.02 ,$173.61 ,0.09%,N/A,N/A
Real Estate (Legacy),Home & Garden,United States,34,$5.92  ~ $8.31 ,$2.56 ,$37.79 ,0.23%,N/A,N/A
Real Estate (Legacy),Road-Side Assistance,United States,9,$11.64  ~ $11.64 ,N/A,N/A,N/A,N/A,N/A
Real Estate (Legacy),Advertising,United States,61,$3.17  ~ $6.68 ,$2.82 ,$20.99 ,0.11%,N/A,N/A
Real Estate (Legacy),Birdwatching,United States,11,$13.53  ~ $13.63 ,$3.99 ,N/A,0.34%,N/A,N/A
Real Estate (Legacy),Honeymoons/Getaways,United States,2,$7.47  ~ $7.48 ,$15.26 ,$95.27 ,0.05%,N/A,N/A
Real Estate (Legacy),Education,United States,186,$7.83  ~ $8.95 ,$3.69 ,$39.23 ,0.21%,N/A,N/A
Real Estate (Legacy),Hotels,United States,4,$5.58  ~ $5.99 ,$4.03 ,$69.50 ,0.15%,N/A,N/A
Real Estate (Legacy),Career Planning,United States,9,$6.39  ~ $8.93 ,$6.10 ,N/A,0.10%,N/A,N/A
Real Estate (Legacy),Agriculture,United States,3,$10.71  ~ $25.95 ,N/A,N/A,N/A,N/A,N/A
Real Estate (Legacy),Travel,United States,185,$7.96  ~ $8.71 ,$6.97 ,$18.90 ,0.11%,N/A,N/A
Real Estate (Legacy),Apartments,United States,1,$10.73  ~ $14.62 ,$8.27 ,N/A,0.13%,N/A,N/A
Real Estate (Legacy),Buying/Selling Cars,United States,8,$6.89  ~ $7.67 ,$9.31 ,N/A,0.07%,N/A,N/A
Real Estate (Legacy),Chronic Pain,United States,8,$5.24  ~ $6.79 ,$5.79 ,N/A,0.09%,N/A,N/A
Real Estate (Legacy),Commentary,United States,1,$10.61  ~ $12.16 ,$39.06 ,N/A,0.03%,N/A,N/A
Real Estate (Legacy),Cancer,Canada,1,$5.41  ~ $11.89 ,$3.75 ,$29.96 ,0.14%,N/A,N/A
Real Estate (Legacy),Cigars,United States,41,$8.51  ~ $8.56 ,$1.31 ,$2.51 ,0.65%,N/A,N/A
Real Estate (Legacy),Home Repair,United States,60,$7.61  ~ $7.94 ,$4.83 ,$64.02 ,0.16%,N/A,N/A
Real Estate (Legacy),"Law, Gov't & Politics",United States,7,$9.59  ~ $10.82 ,$42.82 ,N/A,0.02%,N/A,N/A
Real Estate (Legacy),Coffee/Tea,United States,25,$8.05  ~ $8.61 ,$14.37 ,$14.37 ,0.06%,N/A,N/A
Real Estate (Legacy),Private School,United States,2,$6.66  ~ $14.23 ,$3.10 ,$13.10 ,0.22%,N/A,N/A
Real Estate (Legacy),Net Conferencing,United States,1,$9.27  ~ $13.00 ,$3.59 ,N/A,0.36%,N/A,N/A
Real Estate (Legacy),Air Travel,United States,11,$6.30  ~ $6.48 ,$4.73 ,$26.01 ,0.14%,N/A,N/A
Real Estate (Legacy),Health & Fitness,United States,194,$7.81  ~ $8.67 ,$7.09 ,$21.94 ,0.12%,N/A,N/A
Real Estate (Legacy),Health & Fitness,Canada,5,$5.30  ~ $12.05 ,$2.70 ,$18.54 ,0.20%,N/A,N/A
Real Estate (Legacy),Fine Art,United States,3,$7.81  ~ $7.82 ,$10.85 ,$43.39 ,0.07%,N/A,N/A
Real Estate (Legacy),Cell Phones,United States,1,$0.00  ~ $0.00 ,N/A,N/A,N/A,N/A,N/A
Real Estate (Legacy),Art/Technology,United States,7,$0.00  ~ $0.00 ,N/A,N/A,N/A,N/A,N/A
Real Estate (Legacy),Computer Peripherals,United States,3,$0.00  ~ $0.00 ,N/A,N/A,N/A,N/A,N/A
Real Estate (Legacy),Accessories,United States,1,$0.00  ~ $0.00 ,N/A,N/A,N/A,N/A,N/A
Real Estate (Legacy),Motorcycles,United States,2,$0.00  ~ $0.00 ,N/A,N/A,N/A,N/A,N/A
Real Estate (Legacy),Auto Parts,United States,14,$0.00  ~ $0.00 ,N/A,N/A,N/A,N/A,N/A
Real Estate (Legacy),Distance Learning,United States,1,$0.00  ~ $0.00 ,N/A,N/A,N/A,N/A,N/A
Religion & Spirituality (Legacy),Fine Art,United States,1,$7.75  ~ $7.76 ,$0.35 ,$0.77 ,2.21%,N/A,N/A
Religion & Spirituality (Legacy),Job Search,United States,7,$10.21  ~ $10.31 ,$2.13 ,$14.67 ,0.48%,N/A,N/A
Religion & Spirituality (Legacy),Personal Finance,Canada,3,$5.39  ~ $10.18 ,$1.79 ,$6.72 ,0.30%,N/A,N/A
Religion & Spirituality (Legacy),Personal Finance,United States,71,$7.87  ~ $8.02 ,$2.67 ,$21.05 ,0.30%,N/A,N/A
Religion & Spirituality (Legacy),Cigars,United States,20,$6.82  ~ $6.92 ,$1.22 ,$4.72 ,0.57%,N/A,N/A
Religion & Spirituality (Legacy),Automotive,United States,35,$4.90  ~ $5.49 ,$2.10 ,$146.01 ,0.26%,N/A,N/A
Religion & Spirituality (Legacy),Advertising,United States,20,$1.97  ~ $6.74 ,$0.73 ,$1.66 ,0.27%,N/A,N/A
Religion & Spirituality (Legacy),Health & Fitness,United States,102,$6.90  ~ $7.60 ,$2.38 ,$8.33 ,0.32%,N/A,N/A
Religion & Spirituality (Legacy),Alternative Medicine,United States,17,$9.33  ~ $9.52 ,$2.66 ,$3.04 ,0.36%,N/A,N/A
Religion & Spirituality (Legacy),Psychology/Psychiatry,United States,17,$9.99  ~ $11.32 ,$5.39 ,$55.93 ,0.19%,N/A,N/A
Religion & Spirituality (Legacy),Health/Lowfat Cooking,United States,2,$5.67  ~ $12.10 ,$1.47 ,$3.79 ,0.39%,N/A,N/A
Religion & Spirituality (Legacy),Coffee/Tea,United States,9,$8.06  ~ $9.47 ,$7.75 ,N/A,0.12%,N/A,N/A
Religion & Spirituality (Legacy),Mutual Funds,United States,7,$8.24  ~ $8.39 ,$2.63 ,$10.57 ,0.31%,N/A,N/A
Religion & Spirituality (Legacy),Green Solutions,United States,1,$5.10  ~ $5.77 ,$1.18 ,$5.66 ,0.49%,N/A,N/A
Religion & Spirituality (Legacy),Travel,United States,48,$5.54  ~ $6.62 ,$1.20 ,$10.93 ,0.55%,N/A,N/A
Religion & Spirituality (Legacy),Home & Garden,United States,3,$6.60  ~ $8.63 ,$1.47 ,$18.63 ,0.45%,N/A,N/A
Religion & Spirituality (Legacy),Biotech/Biomedical,United States,4,$5.32  ~ $6.93 ,$1.16 ,$13.66 ,0.60%,N/A,N/A
Religion & Spirituality (Legacy),Air Travel,United States,3,$6.30  ~ $6.61 ,$0.97 ,$4.27 ,0.68%,N/A,N/A
Religion & Spirituality (Legacy),Human Resources,United States,3,$11.17  ~ $13.48 ,$1.96 ,N/A,0.69%,N/A,N/A
Religion & Spirituality (Legacy),Real Estate,United States,6,$5.29  ~ $5.53 ,$0.76 ,$7.88 ,0.70%,N/A,N/A
Religion & Spirituality (Legacy),Careers,United States,19,$6.77  ~ $8.45 ,$3.54 ,$37.68 ,0.19%,N/A,N/A
Religion & Spirituality (Legacy),Local News,United States,1,$10.72  ~ $16.41 ,$3.51 ,N/A,0.47%,N/A,N/A
Religion & Spirituality (Legacy),Business Software,United States,31,$9.13  ~ $12.30 ,$1.25 ,$8.97 ,0.73%,N/A,N/A
Religion & Spirituality (Legacy),Hobbies & Interests,United States,48,$9.59  ~ $11.64 ,$2.13 ,$14.45 ,0.45%,N/A,N/A
Religion & Spirituality (Legacy),Sexuality,United States,7,$9.67  ~ $9.67 ,$11.19 ,N/A,0.09%,N/A,N/A
Religion & Spirituality (Legacy),College,United States,2,$6.13  ~ $7.97 ,$2.48 ,$9.66 ,0.32%,N/A,N/A
Religion & Spirituality (Legacy),Pets,United States,5,$8.05  ~ $8.39 ,$2.38 ,N/A,0.35%,N/A,N/A
Religion & Spirituality (Legacy),Cameras & Camcorders,United States,10,$3.87  ~ $7.98 ,$1.10 ,N/A,0.35%,N/A,N/A
Religion & Spirituality (Legacy),"Law, Gov't & Politics",United States,7,$8.98  ~ $10.82 ,$5.29 ,N/A,0.17%,N/A,N/A
Religion & Spirituality (Legacy),Remodeling & Construction,United States,1,$7.07  ~ $8.02 ,$2.30 ,N/A,0.31%,N/A,N/A
Religion & Spirituality (Legacy),Cruises,United States,8,$3.05  ~ $5.77 ,$1.21 ,$4.83 ,0.48%,N/A,N/A
Religion & Spirituality (Legacy),Dogs,United States,1,$4.48  ~ $6.43 ,$16.69 ,N/A,0.04%,N/A,N/A
Religion & Spirituality (Legacy),Arts & Entertainment,United States,11,$2.79  ~ $7.99 ,$0.80 ,$3.80 ,1.00%,N/A,N/A
Religion & Spirituality (Legacy),Politics,United States,3,$9.69  ~ $10.54 ,$2.68 ,N/A,0.39%,N/A,N/A
Religion & Spirituality (Legacy),Credit/Debt & Loans,United States,64,$6.89  ~ $7.21 ,$1.61 ,$12.27 ,0.43%,N/A,N/A
Religion & Spirituality (Legacy),Graduate School,United States,3,$7.93  ~ $9.55 ,$2.78 ,$5.19 ,0.34%,N/A,N/A
Religion & Spirituality (Legacy),Senor Health,United States,1,$7.74  ~ $15.70 ,$2.00 ,N/A,0.39%,N/A,N/A
Religion & Spirituality (Legacy),Senior Living,United States,1,$6.51  ~ $8.01 ,$1.47 ,$5.85 ,0.44%,N/A,N/A
Religion & Spirituality (Legacy),Construction,United States,11,$2.79  ~ $8.24 ,$0.40 ,N/A,0.69%,N/A,N/A
Religion & Spirituality (Legacy),Legal Issues,United States,4,$8.13  ~ $8.75 ,$1.42 ,$5.83 ,0.57%,N/A,N/A
Religion & Spirituality (Legacy),News,United States,19,$9.06  ~ $11.67 ,$3.34 ,$9.69 ,0.35%,N/A,N/A
Religion & Spirituality (Legacy),Logistics,United States,3,$10.07  ~ $10.33 ,$16.12 ,$5.17 ,0.06%,N/A,N/A
Religion & Spirituality (Legacy),Card Games,United States,1,$9.25  ~ $9.67 ,$1.23 ,$9.43 ,0.79%,N/A,N/A
Religion & Spirituality (Legacy),Education,Canada,1,$4.58  ~ $11.13 ,$1.10 ,$2.76 ,0.42%,N/A,N/A
Religion & Spirituality (Legacy),Education,United States,111,$7.18  ~ $8.65 ,$1.36 ,$13.17 ,0.53%,N/A,N/A
Religion & Spirituality (Legacy),Career Planning,United States,9,$7.08  ~ $8.28 ,$0.21 ,$1.08 ,3.34%,N/A,N/A
Religion & Spirituality (Legacy),Food & Drink,United States,3,$7.99  ~ $12.01 ,$2.15 ,$10.32 ,0.56%,N/A,N/A
Religion & Spirituality (Legacy),Apartments,United States,1,$8.42  ~ $13.61 ,N/A,N/A,N/A,N/A,N/A
Religion & Spirituality (Legacy),Home Repair,United States,3,$7.67  ~ $7.98 ,$2.64 ,$19.60 ,0.30%,N/A,N/A
Religion & Spirituality (Legacy),Cold & Flu,United States,21,$6.90  ~ $8.01 ,$1.50 ,$6.48 ,0.46%,N/A,N/A
Religion & Spirituality (Legacy),Interior Decorating,United States,1,$8.64  ~ $9.50 ,$2.92 ,$14.58 ,0.30%,N/A,N/A
Religion & Spirituality (Legacy),Commentary,United States,4,$10.73  ~ $12.84 ,$3.32 ,N/A,0.39%,N/A,N/A
Religion & Spirituality (Legacy),Investors & Patents,United States,6,$5.73  ~ $6.83 ,$2.29 ,$23.08 ,0.30%,N/A,N/A
Religion & Spirituality (Legacy),Cocktails/Beer,United States,5,$11.73  ~ $27.12 ,$1.85 ,$1.32 ,0.64%,N/A,N/A
Religion & Spirituality (Legacy),Business,Canada,1,$5.72  ~ $8.73 ,$2.03 ,$15.15 ,0.28%,N/A,N/A
Religion & Spirituality (Legacy),Business,United States,220,$8.51  ~ $9.04 ,$1.33 ,$6.42 ,0.68%,N/A,N/A
Religion & Spirituality (Legacy),Metals,United States,4,$8.46  ~ $8.64 ,$0.97 ,$9.72 ,0.87%,N/A,N/A
Religion & Spirituality (Legacy),Birdwatching,United States,6,$13.53  ~ $13.64 ,$3.03 ,N/A,0.45%,N/A,N/A
Religion & Spirituality (Legacy),Clothing,United States,1,$7.15  ~ $7.21 ,$1.20 ,$2.98 ,0.60%,N/A,N/A
Religion & Spirituality (Legacy),Retirement Planning,United States,2,$9.11  ~ $9.11 ,N/A,N/A,N/A,N/A,N/A
Religion & Spirituality (Legacy),Insurance,United States,4,$11.68  ~ $13.11 ,$1.50 ,$7.76 ,0.78%,N/A,N/A
Religion & Spirituality (Legacy),Chronic Pain,United States,3,$5.59  ~ $6.79 ,$2.65 ,N/A,0.21%,N/A,N/A
Religion & Spirituality (Legacy),Gardening,United States,8,$5.25  ~ $5.25 ,$1.93 ,$34.71 ,0.27%,N/A,N/A
Religion & Spirituality (Legacy),Private School,United States,2,$6.66  ~ $16.58 ,$2.36 ,$6.97 ,0.28%,N/A,N/A
Religion & Spirituality (Legacy),Adventure Travel,United States,1,$7.06  ~ $13.59 ,$4.59 ,N/A,0.15%,N/A,N/A
Religion & Spirituality (Legacy),Hotels,United States,1,$8.47  ~ $8.52 ,$3.10 ,N/A,0.27%,N/A,N/A
Religion & Spirituality (Legacy),Shopping,United States,37,$6.99  ~ $7.86 ,$1.01 ,$2.69 ,0.69%,N/A,N/A
Religion & Spirituality (Legacy),Family & Parenting,United States,30,$5.33  ~ $10.99 ,$4.31 ,$51.91 ,0.12%,N/A,N/A
Science (Legacy),Birdwatching,United States,10,$13.53  ~ $13.62 ,$2.88 ,N/A,0.47%,N/A,N/A
Science (Legacy),Legal Issues,Canada,3,$6.32  ~ $7.90 ,$3.81 ,N/A,0.17%,N/A,N/A
Science (Legacy),Legal Issues,United States,94,$8.79  ~ $9.24 ,$3.01 ,$30.74 ,0.29%,N/A,N/A
Science (Legacy),Business Software,Canada,5,$5.05  ~ $45.50 ,$2.04 ,$64.17 ,0.25%,N/A,N/A
Science (Legacy),Business Software,United States,973,$8.45  ~ $9.29 ,$4.03 ,$40.32 ,0.21%,N/A,N/A
Science (Legacy),Dining Out,United States,5,$8.02  ~ $17.76 ,$0.93 ,N/A,0.86%,N/A,N/A
Science (Legacy),Dining Out,Canada,1,$0.60  ~ $1.37 ,$0.48 ,N/A,0.13%,N/A,N/A
Science (Legacy),Buying/Selling Homes,United States,1,$6.92  ~ $7.96 ,$9.29 ,N/A,0.09%,N/A,N/A
Science (Legacy),Shopping,United States,119,$7.02  ~ $8.88 ,$2.61 ,$11.89 ,0.27%,N/A,N/A
Science (Legacy),Graduate School,United States,24,$7.89  ~ $10.59 ,$7.45 ,$22.89 ,0.14%,N/A,N/A
Science (Legacy),Graduate School,Canada,2,$7.76  ~ $7.96 ,$3.72 ,$22.08 ,0.21%,N/A,N/A
Science (Legacy),Health & Fitness,United States,458,$7.76  ~ $9.10 ,$6.72 ,$23.15 ,0.14%,N/A,N/A
Science (Legacy),Health & Fitness,Canada,5,$5.71  ~ $12.53 ,$3.89 ,$33.15 ,0.15%,N/A,N/A
Science (Legacy),Cigars,United States,50,$8.53  ~ $8.60 ,$2.12 ,$5.38 ,0.41%,N/A,N/A
Science (Legacy),Music,United States,4,$7.14  ~ $7.24 ,$5.10 ,N/A,0.14%,N/A,N/A
Science (Legacy),Chronic Pain,United States,13,$5.30  ~ $6.79 ,$6.37 ,N/A,0.08%,N/A,N/A
Science (Legacy),Sexuality,United States,4,$9.47  ~ $9.47 ,$9.38 ,$46.91 ,0.10%,N/A,N/A
Science (Legacy),Arts & Entertainment,United States,107,$3.86  ~ $6.78 ,$2.47 ,$23.67 ,0.28%,N/A,N/A
Science (Legacy),Gardening,United States,35,$7.69  ~ $7.69 ,$11.30 ,$542.55 ,0.07%,N/A,N/A
Science (Legacy),Incest/Abuse Support,United States,29,$9.03  ~ $10.18 ,$3.76 ,$19.83 ,0.24%,N/A,N/A
Science (Legacy),Credit/Debt & Loans,United States,392,$7.11  ~ $7.36 ,$2.89 ,$29.14 ,0.25%,N/A,N/A
Science (Legacy),Buying/Selling Cars,Canada,1,$7.94  ~ $7.94 ,$4.59 ,N/A,0.17%,N/A,N/A
Science (Legacy),Buying/Selling Cars,United States,4,$6.91  ~ $7.71 ,$5.21 ,N/A,0.13%,N/A,N/A
Science (Legacy),Arthritis,United States,1,$5.16  ~ $5.16 ,N/A,N/A,N/A,N/A,N/A
Science (Legacy),Cameras & Camcorders,United States,63,$2.15  ~ $7.96 ,$1.56 ,$4.88 ,0.14%,N/A,N/A
Science (Legacy),Investing,United States,13,$16.16  ~ $39.36 ,N/A,N/A,N/A,N/A,N/A
Science (Legacy),Job Search,United States,18,$10.33  ~ $10.85 ,$8.01 ,$34.93 ,0.13%,N/A,N/A
Science (Legacy),Dogs,United States,9,$4.14  ~ $6.06 ,$6.62 ,$71.17 ,0.09%,N/A,N/A
Science (Legacy),Business,Canada,17,$5.11  ~ $7.74 ,$3.58 ,$32.10 ,0.14%,N/A,N/A
Science (Legacy),Business,United States,"4,205",$8.67  ~ $8.70 ,$3.86 ,$21.52 ,0.23%,N/A,N/A
Science (Legacy),Biotech/Biomedical,United States,2,$5.78  ~ $6.03 ,$3.30 ,$4.49 ,0.18%,N/A,N/A
Science (Legacy),Human Resources,United States,4,$10.92  ~ $11.34 ,$4.36 ,$55.62 ,0.25%,N/A,N/A
Science (Legacy),Card Games,United States,1,$9.29  ~ $9.52 ,$3.94 ,$53.83 ,0.24%,N/A,N/A
Science (Legacy),Careers,United States,65,$6.98  ~ $8.08 ,$8.10 ,$214.64 ,0.09%,N/A,N/A
Science (Legacy),Careers,Canada,1,$39.51  ~ $86.19 ,$27.62 ,N/A,0.14%,N/A,N/A
Science (Legacy),"Law, Gov't & Politics",United States,17,$11.32  ~ $12.47 ,$8.63 ,$31.75 ,0.13%,N/A,N/A
Science (Legacy),Automotive,United States,108,$5.67  ~ $6.30 ,$6.89 ,$123.58 ,0.09%,N/A,N/A
Science (Legacy),Marketing,Canada,1,$6.32  ~ $14.64 ,$2.28 ,$30.83 ,0.28%,N/A,N/A
Science (Legacy),Job Fairs,United States,1,$5.29  ~ $5.29 ,$1.99 ,$3.99 ,0.27%,N/A,N/A
Science (Legacy),Cancer,Canada,8,$5.44  ~ $13.09 ,$4.24 ,$45.26 ,0.13%,N/A,N/A
Science (Legacy),Alternative Medicine,United States,40,$9.41  ~ $9.60 ,$3.45 ,$2.66 ,0.28%,N/A,N/A
Science (Legacy),Alternative Medicine,Canada,2,$7.64  ~ $7.70 ,N/A,N/A,N/A,N/A,N/A
Science (Legacy),News,Canada,4,$6.43  ~ $8.00 ,$2.79 ,$40.00 ,0.23%,N/A,N/A
Science (Legacy),News,United States,48,$8.76  ~ $10.87 ,$6.52 ,$24.58 ,0.17%,N/A,N/A
Science (Legacy),Exercise,United States,4,$1.24  ~ $2.73 ,N/A,N/A,N/A,N/A,N/A
Science (Legacy),Appliances,United States,1,$10.12  ~ $12.01 ,$5.79 ,N/A,0.17%,N/A,N/A
Science (Legacy),Private School,United States,4,$6.67  ~ $14.41 ,$1.53 ,$4.36 ,0.44%,N/A,N/A
Science (Legacy),Hotels,United States,8,$7.65  ~ $7.89 ,$3.08 ,$50.17 ,0.25%,N/A,N/A
Science (Legacy),Real Estate,United States,27,$5.63  ~ $5.69 ,$2.88 ,$17.43 ,0.20%,N/A,N/A
Science (Legacy),Remodeling & Construction,United States,2,$6.41  ~ $8.06 ,$2.03 ,N/A,0.32%,N/A,N/A
Science (Legacy),Politics,United States,15,$8.90  ~ $10.41 ,$5.68 ,$121.42 ,0.18%,N/A,N/A
Science (Legacy),Local News,United States,1,$10.72  ~ $16.39 ,$15.77 ,N/A,0.10%,N/A,N/A
Science (Legacy),Logistics,United States,3,$10.40  ~ $10.80 ,$20.20 ,N/A,0.05%,N/A,N/A
Science (Legacy),Construction,United States,57,$3.01  ~ $8.44 ,$2.93 ,$12.99 ,0.10%,N/A,N/A
Science (Legacy),Nutrition,United States,5,$7.79  ~ $7.79 ,$8.08 ,N/A,0.10%,N/A,N/A
Science (Legacy),Road-Side Assistance,United States,1,$11.59  ~ $11.59 ,$6.43 ,N/A,0.18%,N/A,N/A
Science (Legacy),Football,United States,2,$7.86  ~ $16.79 ,$3.76 ,N/A,0.21%,N/A,N/A
Science (Legacy),Home & Garden,United States,44,$6.25  ~ $8.19 ,$3.53 ,$28.89 ,0.18%,N/A,N/A
Science (Legacy),College,United States,20,$6.28  ~ $8.18 ,$5.30 ,$92.24 ,0.15%,N/A,N/A
Science (Legacy),Agriculture,United States,1,$10.73  ~ $23.54 ,N/A,N/A,N/A,N/A,N/A
Science (Legacy),Home Repair,United States,27,$7.79  ~ $8.03 ,$5.20 ,$43.55 ,0.15%,N/A,N/A
Science (Legacy),Cruises,United States,17,$3.25  ~ $5.71 ,$1.57 ,$9.00 ,0.36%,N/A,N/A
Science (Legacy),Fine Art,United States,6,$7.87  ~ $7.87 ,$5.89 ,$58.93 ,0.13%,N/A,N/A
Science (Legacy),Psychology/Psychiatry,United States,63,$10.57  ~ $12.53 ,$14.61 ,$116.52 ,0.07%,N/A,N/A
Science (Legacy),Cocktails/Beer,United States,22,$11.87  ~ $24.81 ,$3.23 ,N/A,0.37%,N/A,N/A
Science (Legacy),Interior Decorating,United States,53,$7.16  ~ $8.61 ,$3.42 ,$18.24 ,0.21%,N/A,N/A
Science (Legacy),Pro Basketball,United States,3,$10.73  ~ $10.74 ,$2.08 ,N/A,0.51%,N/A,N/A
Science (Legacy),Travel,United States,348,$7.19  ~ $7.49 ,$2.97 ,$29.11 ,0.24%,N/A,N/A
Science (Legacy),Education,United States,404,$7.79  ~ $9.15 ,$3.91 ,$31.20 ,0.20%,N/A,N/A
Science (Legacy),Cold & Flu,United States,44,$6.56  ~ $8.03 ,$4.80 ,$35.80 ,0.14%,N/A,N/A
Science (Legacy),Apartments,United States,1,$12.51  ~ $14.86 ,$7.94 ,N/A,0.16%,N/A,N/A
Science (Legacy),Mutual Funds,United States,19,$7.65  ~ $7.92 ,$3.72 ,$30.14 ,0.21%,N/A,N/A
Science (Legacy),Health/Lowfat Cooking,United States,14,$1.33  ~ $5.45 ,$1.97 ,$7.54 ,0.28%,N/A,N/A
Science (Legacy),Food & Drink,United States,37,$8.02  ~ $11.21 ,$4.13 ,$21.28 ,0.27%,N/A,N/A
Science (Legacy),Insurance,United States,27,$11.10  ~ $11.81 ,$4.21 ,$44.96 ,0.28%,N/A,N/A
Science (Legacy),Pediatrics,United States,4,$8.85  ~ $9.08 ,$7.77 ,N/A,0.11%,N/A,N/A
Science (Legacy),Clothing,United States,8,$7.30  ~ $7.66 ,$2.02 ,$9.02 ,0.36%,N/A,N/A
Science (Legacy),Net Conferencing,United States,3,$9.87  ~ $16.35 ,$6.00 ,N/A,0.27%,N/A,N/A
Science (Legacy),Coffee/Tea,United States,13,$8.04  ~ $8.08 ,$6.45 ,$19.34 ,0.13%,N/A,N/A
Science (Legacy),Hobbies & Interests,United States,158,$10.33  ~ $12.22 ,$6.06 ,$42.60 ,0.17%,N/A,N/A
Science (Legacy),Commentary,United States,11,$10.63  ~ $12.98 ,N/A,N/A,N/A,N/A,N/A
Science (Legacy),Personal Finance,United States,216,$7.94  ~ $8.07 ,$4.18 ,$33.82 ,0.19%,N/A,N/A
Science (Legacy),Personal Finance,Canada,15,$5.86  ~ $8.82 ,$5.43 ,$61.51 ,0.11%,N/A,N/A
Science (Legacy),Career Planning,United States,8,$6.77  ~ $8.93 ,$4.62 ,N/A,0.15%,N/A,N/A
Science (Legacy),Family & Parenting,United States,64,$6.27  ~ $11.38 ,$7.45 ,$50.45 ,0.08%,N/A,N/A
Science (Legacy),Green Solutions,United States,12,$6.09  ~ $7.52 ,$6.86 ,N/A,0.11%,N/A,N/A
Science (Legacy),Investors & Patents,United States,18,$6.36  ~ $7.23 ,$6.93 ,$31.00 ,0.10%,N/A,N/A
Science (Legacy),Weddings,United States,1,$4.07  ~ $9.77 ,$1.51 ,N/A,0.27%,N/A,N/A
Science (Legacy),Couponing,United States,2,$8.04  ~ $18.18 ,$5.69 ,$8.54 ,0.14%,N/A,N/A
Science (Legacy),Pets,United States,8,$7.38  ~ $7.98 ,$5.18 ,N/A,0.14%,N/A,N/A
Science (Legacy),Metals,United States,19,$8.82  ~ $9.33 ,$3.05 ,$21.10 ,0.31%,N/A,N/A
Science (Legacy),Collecting,United States,2,$22.76  ~ $50.06 ,$5.77 ,N/A,0.39%,N/A,N/A
Science (Legacy),Air Travel,United States,13,$6.35  ~ $6.55 ,$2.77 ,$21.25 ,0.24%,N/A,N/A
Science (Legacy),Advertising,United States,71,$2.91  ~ $6.64 ,$1.74 ,$9.56 ,0.17%,N/A,N/A
Science (Legacy),Honeymoons/Getaways,United States,16,$7.89  ~ $8.15 ,$7.81 ,$61.51 ,0.10%,N/A,N/A
Science (Legacy),Computer Peripherals,United States,3,$0.00  ~ $0.00 ,N/A,N/A,N/A,N/A,N/A
Science (Legacy),Motorcycles,United States,1,$0.00  ~ $0.00 ,N/A,N/A,N/A,N/A,N/A
Shopping (Legacy),Politics,United States,3,$9.06  ~ $10.38 ,$6.01 ,$61.94 ,0.17%,N/A,N/A
Shopping (Legacy),Arts & Entertainment,United States,41,$4.15  ~ $7.45 ,$2.82 ,$22.01 ,0.26%,N/A,N/A
Shopping (Legacy),Travel,United States,209,$7.02  ~ $7.02 ,$2.71 ,$22.75 ,0.26%,N/A,N/A
Shopping (Legacy),Clothing,United States,48,$8.17  ~ $8.76 ,$4.66 ,$7.71 ,0.18%,N/A,N/A
Shopping (Legacy),Cruises,United States,7,$3.06  ~ $6.21 ,$1.40 ,$10.07 ,0.44%,N/A,N/A
Shopping (Legacy),College,United States,25,$6.21  ~ $7.81 ,$3.69 ,N/A,0.21%,N/A,N/A
Shopping (Legacy),Health & Fitness,United States,212,$7.57  ~ $9.23 ,$5.03 ,$22.25 ,0.18%,N/A,N/A
Shopping (Legacy),Health & Fitness,Canada,6,$5.10  ~ $11.58 ,$3.23 ,$24.55 ,0.16%,N/A,N/A
Shopping (Legacy),Nutrition,United States,4,$7.84  ~ $7.84 ,$5.91 ,$3.69 ,0.13%,N/A,N/A
Shopping (Legacy),Road-Side Assistance,United States,4,$11.54  ~ $11.54 ,N/A,N/A,N/A,N/A,N/A
Shopping (Legacy),Legal Issues,Canada,4,$4.89  ~ $7.92 ,$4.64 ,N/A,0.11%,N/A,N/A
Shopping (Legacy),Legal Issues,United States,24,$8.48  ~ $8.54 ,$3.86 ,$22.09 ,0.22%,N/A,N/A
Shopping (Legacy),Buying/Selling Homes,United States,1,$5.87  ~ $7.73 ,$8.55 ,N/A,0.09%,N/A,N/A
Shopping (Legacy),Green Solutions,United States,47,$6.98  ~ $7.69 ,$10.49 ,$163.33 ,0.07%,N/A,N/A
Shopping (Legacy),Pets,United States,10,$6.57  ~ $8.30 ,$4.13 ,N/A,0.20%,N/A,N/A
Shopping (Legacy),Cold & Flu,United States,30,$6.24  ~ $8.03 ,$4.82 ,$39.77 ,0.13%,N/A,N/A
Shopping (Legacy),Health/Lowfat Cooking,United States,8,$1.27  ~ $6.87 ,$2.19 ,$10.29 ,0.31%,N/A,N/A
Shopping (Legacy),Music,United States,11,$6.45  ~ $6.53 ,$4.64 ,N/A,0.14%,N/A,N/A
Shopping (Legacy),Fine Art,United States,4,$7.70  ~ $7.71 ,$4.04 ,N/A,0.19%,N/A,N/A
Shopping (Legacy),Advertising,United States,54,$2.06  ~ $6.67 ,$2.00 ,$8.58 ,0.10%,N/A,N/A
Shopping (Legacy),Graduate School,United States,3,$7.86  ~ $10.29 ,$8.16 ,$22.52 ,0.13%,N/A,N/A
Shopping (Legacy),Home Repair,United States,10,$7.62  ~ $7.89 ,$4.90 ,$35.03 ,0.16%,N/A,N/A
Shopping (Legacy),Air Travel,United States,5,$6.16  ~ $6.33 ,$2.42 ,$65.42 ,0.26%,N/A,N/A
Shopping (Legacy),News,United States,30,$8.82  ~ $9.04 ,$4.02 ,$16.66 ,0.22%,N/A,N/A
Shopping (Legacy),Shopping,Canada,1,$10.42  ~ $25.99 ,$7.96 ,N/A,0.13%,N/A,N/A
Shopping (Legacy),Shopping,United States,148,$7.01  ~ $8.34 ,$4.26 ,$16.15 ,0.16%,N/A,N/A
Shopping (Legacy),Alternative Medicine,United States,49,$9.50  ~ $9.65 ,$2.56 ,$3.25 ,0.38%,N/A,N/A
Shopping (Legacy),Cocktails/Beer,United States,20,$11.64  ~ $25.48 ,$2.79 ,N/A,0.42%,N/A,N/A
Shopping (Legacy),Weddings,United States,3,$5.09  ~ $11.19 ,N/A,N/A,N/A,N/A,N/A
Shopping (Legacy),Biotech/Biomedical,United States,27,$5.96  ~ $7.44 ,$5.91 ,$27.84 ,0.13%,N/A,N/A
Shopping (Legacy),Job Search,United States,10,$10.25  ~ $10.46 ,$4.63 ,$49.35 ,0.22%,N/A,N/A
Shopping (Legacy),Pediatrics,United States,3,$8.45  ~ $8.88 ,$10.28 ,N/A,0.08%,N/A,N/A
Shopping (Legacy),Psychology/Psychiatry,United States,28,$10.12  ~ $12.28 ,$17.43 ,$211.56 ,0.06%,N/A,N/A
Shopping (Legacy),Cigars,United States,62,$8.13  ~ $8.17 ,$1.54 ,$7.30 ,0.53%,N/A,N/A
Shopping (Legacy),Honeymoons/Getaways,United States,5,$7.64  ~ $7.74 ,$10.97 ,$235.84 ,0.07%,N/A,N/A
Shopping (Legacy),Chronic Pain,United States,3,$5.56  ~ $6.77 ,$12.76 ,N/A,0.04%,N/A,N/A
Shopping (Legacy),Interior Decorating,United States,33,$7.51  ~ $8.73 ,$6.05 ,$37.50 ,0.12%,N/A,N/A
Shopping (Legacy),Credit/Debt & Loans,United States,178,$7.22  ~ $7.40 ,$2.79 ,$28.11 ,0.26%,N/A,N/A
Shopping (Legacy),Job Fairs,United States,2,$5.15  ~ $5.15 ,$1.08 ,$2.88 ,0.48%,N/A,N/A
Shopping (Legacy),Birdwatching,United States,7,$13.53  ~ $13.64 ,$4.63 ,N/A,0.29%,N/A,N/A
Shopping (Legacy),Marketing,Canada,9,$6.30  ~ $15.43 ,$4.66 ,$139.76 ,0.14%,N/A,N/A
Shopping (Legacy),Exercise,United States,3,$1.23  ~ $2.95 ,N/A,N/A,N/A,N/A,N/A
Shopping (Legacy),Construction,United States,10,$2.86  ~ $8.10 ,$3.08 ,N/A,0.09%,N/A,N/A
Shopping (Legacy),Mutual Funds,United States,11,$7.97  ~ $8.22 ,$4.46 ,$32.45 ,0.18%,N/A,N/A
Shopping (Legacy),Personal Finance,Canada,4,$5.86  ~ $8.86 ,$5.56 ,$41.50 ,0.11%,N/A,N/A
Shopping (Legacy),Personal Finance,United States,168,$7.10  ~ $7.95 ,$5.37 ,$53.52 ,0.13%,N/A,N/A
Shopping (Legacy),Cameras & Camcorders,United States,49,$3.55  ~ $7.88 ,$1.65 ,$15.35 ,0.21%,N/A,N/A
Shopping (Legacy),Adventure Travel,United States,3,$7.16  ~ $13.60 ,$19.21 ,N/A,0.04%,N/A,N/A
Shopping (Legacy),Appliances,United States,1,$5.43  ~ $11.81 ,$3.85 ,N/A,0.14%,N/A,N/A
Shopping (Legacy),Insurance,United States,13,$11.00  ~ $11.43 ,$3.89 ,$67.52 ,0.29%,N/A,N/A
Shopping (Legacy),Logistics,United States,41,$10.66  ~ $11.04 ,$32.37 ,$21.83 ,0.03%,N/A,N/A
Shopping (Legacy),Senior Living,United States,5,$6.21  ~ $8.00 ,$3.67 ,$10.98 ,0.17%,N/A,N/A
Shopping (Legacy),Hotels,United States,5,$7.14  ~ $7.62 ,$6.56 ,N/A,0.12%,N/A,N/A
Shopping (Legacy),Automotive,United States,40,$5.53  ~ $6.45 ,$6.48 ,$184.30 ,0.10%,N/A,N/A
Shopping (Legacy),Automotive,Canada,2,$6.03  ~ $14.09 ,$6.45 ,N/A,0.09%,N/A,N/A
Shopping (Legacy),Investors & Patents,United States,14,$6.52  ~ $6.93 ,$7.90 ,$53.38 ,0.09%,N/A,N/A
Shopping (Legacy),Careers,United States,25,$6.82  ~ $8.06 ,$7.47 ,$91.28 ,0.09%,N/A,N/A
Shopping (Legacy),Dogs,United States,9,$5.63  ~ $6.80 ,$5.95 ,$37.07 ,0.11%,N/A,N/A
Shopping (Legacy),Investing,United States,3,$16.18  ~ $36.71 ,N/A,N/A,N/A,N/A,N/A
Shopping (Legacy),Coffee/Tea,United States,10,$7.77  ~ $8.05 ,$9.02 ,$27.06 ,0.09%,N/A,N/A
Shopping (Legacy),"Law, Gov't & Politics",United States,11,$8.97  ~ $10.75 ,$5.79 ,N/A,0.15%,N/A,N/A
Shopping (Legacy),Home & Garden,United States,24,$6.37  ~ $8.59 ,$3.14 ,$34.89 ,0.20%,N/A,N/A
Shopping (Legacy),Incest/Abuse Support,United States,16,$8.28  ~ $9.33 ,$3.10 ,$11.95 ,0.27%,N/A,N/A
Shopping (Legacy),Football,United States,4,$7.36  ~ $16.17 ,$1.94 ,N/A,0.38%,N/A,N/A
Shopping (Legacy),Gardening,United States,48,$6.64  ~ $6.64 ,$5.95 ,$71.42 ,0.11%,N/A,N/A
Shopping (Legacy),Real Estate,United States,22,$5.55  ~ $5.63 ,$3.90 ,$28.55 ,0.14%,N/A,N/A
Shopping (Legacy),Buying/Selling Cars,United States,3,$6.82  ~ $7.63 ,$11.03 ,N/A,0.06%,N/A,N/A
Shopping (Legacy),Family & Parenting,United States,34,$6.09  ~ $11.14 ,$8.56 ,$74.91 ,0.07%,N/A,N/A
Shopping (Legacy),Cancer,Canada,1,$5.42  ~ $12.48 ,$4.42 ,$23.58 ,0.12%,N/A,N/A
Shopping (Legacy),Business,Canada,47,$5.44  ~ $8.77 ,$4.98 ,$85.07 ,0.11%,N/A,N/A
Shopping (Legacy),Business,United States,752,$8.46  ~ $8.96 ,$3.72 ,$21.14 ,0.24%,N/A,N/A
Shopping (Legacy),Human Resources,United States,3,$11.00  ~ $11.43 ,$2.51 ,$22.60 ,0.44%,N/A,N/A
Shopping (Legacy),Education,United States,313,$7.72  ~ $9.32 ,$3.57 ,$28.77 ,0.22%,N/A,N/A
Shopping (Legacy),Education,Canada,1,$4.99  ~ $11.14 ,$3.63 ,$28.03 ,0.14%,N/A,N/A
Shopping (Legacy),Hobbies & Interests,United States,180,$9.12  ~ $11.23 ,$3.49 ,$36.07 ,0.26%,N/A,N/A
Shopping (Legacy),Metals,Canada,1,$4.91  ~ $7.71 ,$5.11 ,N/A,0.10%,N/A,N/A
Shopping (Legacy),Metals,United States,14,$8.96  ~ $9.01 ,$3.02 ,$78.96 ,0.30%,N/A,N/A
Shopping (Legacy),Business Software,Canada,4,$5.32  ~ $46.82 ,$4.34 ,$294.81 ,0.12%,N/A,N/A
Shopping (Legacy),Business Software,United States,193,$8.92  ~ $12.21 ,$3.76 ,$39.61 ,0.24%,N/A,N/A
Shopping (Legacy),Card Games,United States,2,$9.18  ~ $9.57 ,$2.16 ,$12.85 ,0.44%,N/A,N/A
Shopping (Legacy),Food & Drink,United States,12,$8.01  ~ $10.79 ,$3.17 ,$34.10 ,0.34%,N/A,N/A
Shopping (Legacy),Commentary,United States,2,$10.63  ~ $12.40 ,$23.74 ,N/A,0.05%,N/A,N/A
Shopping (Legacy),Career Planning,United States,8,$6.76  ~ $8.55 ,$3.04 ,$6.19 ,0.22%,N/A,N/A
Shopping (Legacy),Career Planning,Canada,1,$11.21  ~ $11.21 ,$34.64 ,N/A,0.03%,N/A,N/A
Shopping (Legacy),Arthritis,United States,1,$4.83  ~ $4.83 ,N/A,N/A,N/A,N/A,N/A
Shopping (Legacy),Cell Phones,United States,13,$0.00  ~ $0.00 ,N/A,N/A,N/A,N/A,N/A
Shopping (Legacy),Football,Canada,2,$0.00  ~ $0.00 ,N/A,N/A,N/A,N/A,N/A
Shopping (Legacy),Motorcycles,United States,2,$0.00  ~ $0.00 ,N/A,N/A,N/A,N/A,N/A
Society (Legacy),Business,Canada,11,$5.06  ~ $8.61 ,$2.69 ,$49.89 ,0.19%,N/A,N/A
Society (Legacy),Business,United States,"1,519",$8.35  ~ $8.64 ,$4.23 ,$36.21 ,0.20%,N/A,N/A
Society (Legacy),Card Games,United States,4,$9.12  ~ $9.36 ,$4.27 ,$17.22 ,0.22%,N/A,N/A
Society (Legacy),Arthritis,United States,17,$5.23  ~ $5.23 ,$7.58 ,$11.38 ,0.07%,N/A,N/A
Society (Legacy),Football,United States,4,$7.71  ~ $19.08 ,$1.62 ,$4.87 ,0.47%,N/A,N/A
Society (Legacy),Legal Issues,United States,63,$8.65  ~ $9.00 ,$3.46 ,$26.61 ,0.25%,N/A,N/A
Society (Legacy),College,United States,20,$6.00  ~ $7.23 ,$5.62 ,$101.50 ,0.13%,N/A,N/A
Society (Legacy),Automotive,United States,96,$5.70  ~ $5.72 ,$5.30 ,$62.85 ,0.11%,N/A,N/A
Society (Legacy),Exercise,United States,8,$1.23  ~ $2.60 ,N/A,N/A,N/A,N/A,N/A
Society (Legacy),Business Software,Canada,7,$4.93  ~ $46.16 ,$2.35 ,$246.73 ,0.21%,N/A,N/A
Society (Legacy),Business Software,United States,292,$8.87  ~ $12.23 ,$3.28 ,$24.37 ,0.27%,N/A,N/A
Society (Legacy),Catholicism,United States,1,$7.95  ~ $17.62 ,$17.50 ,N/A,0.05%,N/A,N/A
Society (Legacy),Buying/Selling Cars,United States,9,$7.17  ~ $7.89 ,$4.48 ,N/A,0.16%,N/A,N/A
Society (Legacy),Remodeling & Construction,Canada,1,$6.73  ~ $16.11 ,$1.36 ,$9.51 ,0.49%,N/A,N/A
Society (Legacy),Remodeling & Construction,United States,2,$6.39  ~ $8.03 ,$3.31 ,$9.94 ,0.19%,N/A,N/A
Society (Legacy),Gardening,United States,28,$5.21  ~ $5.21 ,$2.77 ,$26.88 ,0.19%,N/A,N/A
Society (Legacy),Career Planning,United States,5,$6.75  ~ $9.36 ,$6.03 ,$50.20 ,0.11%,N/A,N/A
Society (Legacy),Private School,United States,8,$6.67  ~ $14.99 ,$8.70 ,$28.86 ,0.08%,N/A,N/A
Society (Legacy),Net Conferencing,United States,1,$9.49  ~ $12.04 ,$46.29 ,N/A,0.03%,N/A,N/A
Society (Legacy),Cameras & Camcorders,United States,84,$4.12  ~ $7.95 ,$2.11 ,N/A,0.20%,N/A,N/A
Society (Legacy),Food & Drink,United States,47,$8.02  ~ $10.79 ,$3.52 ,$21.38 ,0.31%,N/A,N/A
Society (Legacy),Pets,United States,12,$7.87  ~ $8.14 ,$7.20 ,N/A,0.11%,N/A,N/A
Society (Legacy),Green Solutions,United States,7,$5.03  ~ $7.37 ,$5.80 ,$33.69 ,0.13%,N/A,N/A
Society (Legacy),Teens,United States,1,$10.09  ~ $10.09 ,N/A,N/A,N/A,N/A,N/A
Society (Legacy),Personal Finance,Canada,30,$5.79  ~ $8.84 ,$2.72 ,$25.12 ,0.21%,N/A,N/A
Society (Legacy),Personal Finance,United States,233,$7.18  ~ $7.71 ,$5.42 ,$38.24 ,0.13%,N/A,N/A
Society (Legacy),Commentary,United States,21,$10.62  ~ $13.72 ,$25.10 ,N/A,0.05%,N/A,N/A
Society (Legacy),Credit/Debt & Loans,United States,423,$6.80  ~ $7.10 ,$2.32 ,$18.09 ,0.29%,N/A,N/A
Society (Legacy),Couponing,United States,8,$8.04  ~ $17.59 ,$4.74 ,N/A,0.17%,N/A,N/A
Society (Legacy),Alternative Medicine,United States,91,$9.11  ~ $9.38 ,$4.63 ,$2.88 ,0.20%,N/A,N/A
Society (Legacy),Chronic Pain,United States,20,$5.80  ~ $6.80 ,$7.10 ,$17.75 ,0.08%,N/A,N/A
Society (Legacy),Clothing,United States,43,$8.05  ~ $8.62 ,$4.15 ,$11.53 ,0.19%,N/A,N/A
Society (Legacy),Weddings,United States,4,$4.77  ~ $10.49 ,$2.69 ,N/A,0.18%,N/A,N/A
Society (Legacy),Real Estate,United States,49,$5.34  ~ $5.40 ,$2.89 ,$19.23 ,0.18%,N/A,N/A
Society (Legacy),Cancer,Canada,1,$5.42  ~ $13.12 ,$3.68 ,N/A,0.15%,N/A,N/A
Society (Legacy),Buying/Selling Homes,United States,2,$6.86  ~ $8.02 ,$13.63 ,N/A,0.06%,N/A,N/A
Society (Legacy),Health & Fitness,United States,780,$7.43  ~ $8.86 ,$5.10 ,$22.88 ,0.17%,N/A,N/A
Society (Legacy),Health & Fitness,Canada,4,$5.69  ~ $11.75 ,$1.80 ,$27.85 ,0.32%,N/A,N/A
Society (Legacy),Pediatrics,United States,5,$8.12  ~ $9.20 ,$7.91 ,N/A,0.10%,N/A,N/A
Society (Legacy),Cigars,United States,164,$7.56  ~ $7.62 ,$1.82 ,$7.57 ,0.42%,N/A,N/A
Society (Legacy),Retirement Planning,United States,1,$8.72  ~ $8.72 ,$6.73 ,N/A,0.13%,N/A,N/A
Society (Legacy),Cruises,United States,24,$3.31  ~ $6.22 ,$1.19 ,$8.26 ,0.52%,N/A,N/A
Society (Legacy),Hotels,United States,9,$9.63  ~ $10.01 ,$10.12 ,$111.71 ,0.10%,N/A,N/A
Society (Legacy),Interior Decorating,United States,91,$5.97  ~ $9.29 ,$3.92 ,$19.09 ,0.15%,N/A,N/A
Society (Legacy),Incest/Abuse Support,United States,23,$7.20  ~ $7.72 ,$2.59 ,$10.13 ,0.28%,N/A,N/A
Society (Legacy),Coffee/Tea,United States,29,$7.38  ~ $8.05 ,$16.98 ,N/A,0.04%,N/A,N/A
Society (Legacy),Job Search,United States,28,$10.06  ~ $10.28 ,$5.96 ,$62.34 ,0.17%,N/A,N/A
Society (Legacy),Politics,United States,10,$9.37  ~ $10.52 ,$5.65 ,$84.74 ,0.19%,N/A,N/A
Society (Legacy),News,Canada,1,$7.11  ~ $8.02 ,$2.68 ,$17.21 ,0.27%,N/A,N/A
Society (Legacy),News,United States,40,$8.75  ~ $10.86 ,$7.46 ,$40.71 ,0.15%,N/A,N/A
Society (Legacy),Cold & Flu,United States,92,$6.36  ~ $8.03 ,$4.56 ,$17.29 ,0.14%,N/A,N/A
Society (Legacy),Air Travel,United States,20,$6.39  ~ $6.57 ,$3.98 ,$16.82 ,0.17%,N/A,N/A
Society (Legacy),Shopping,United States,253,$7.20  ~ $7.99 ,$3.63 ,$13.93 ,0.20%,N/A,N/A
Society (Legacy),Graduate School,United States,19,$7.92  ~ $9.97 ,$6.24 ,$24.28 ,0.16%,N/A,N/A
Society (Legacy),Graduate School,Canada,1,$7.73  ~ $7.96 ,$2.50 ,$27.80 ,0.31%,N/A,N/A
Society (Legacy),Home Repair,United States,32,$7.35  ~ $7.87 ,$6.44 ,$68.64 ,0.12%,N/A,N/A
Society (Legacy),Metals,United States,31,$8.29  ~ $8.94 ,$3.34 ,$27.61 ,0.25%,N/A,N/A
Society (Legacy),Metals,Canada,1,$5.51  ~ $12.01 ,$1.57 ,N/A,0.35%,N/A,N/A
Society (Legacy),Psychology/Psychiatry,United States,64,$9.87  ~ $11.88 ,$8.47 ,$62.64 ,0.12%,N/A,N/A
Society (Legacy),"Law, Gov't & Politics",United States,21,$7.70  ~ $10.80 ,$4.15 ,N/A,0.19%,N/A,N/A
Society (Legacy),Investors & Patents,United States,9,$5.96  ~ $6.80 ,$3.17 ,$99.55 ,0.21%,N/A,N/A
Society (Legacy),Arts & Entertainment,United States,108,$6.93  ~ $7.59 ,$2.88 ,$26.32 ,0.26%,N/A,N/A
Society (Legacy),Education,Canada,1,$5.77  ~ $11.09 ,$3.09 ,$17.65 ,0.19%,N/A,N/A
Society (Legacy),Education,United States,308,$7.94  ~ $8.70 ,$4.46 ,$36.90 ,0.18%,N/A,N/A
Society (Legacy),Music,United States,17,$7.06  ~ $7.07 ,$6.13 ,$36.77 ,0.12%,N/A,N/A
Society (Legacy),Biotech/Biomedical,United States,2,$5.95  ~ $6.50 ,$2.74 ,$7.54 ,0.24%,N/A,N/A
Society (Legacy),Road-Side Assistance,United States,2,$11.59  ~ $11.59 ,$39.45 ,$39.45 ,0.03%,N/A,N/A
Society (Legacy),Travel,United States,297,$7.20  ~ $7.35 ,$3.86 ,$17.32 ,0.19%,N/A,N/A
Society (Legacy),Careers,United States,25,$7.24  ~ $8.17 ,$7.21 ,$137.38 ,0.10%,N/A,N/A
Society (Legacy),Sexuality,United States,37,$9.69  ~ $9.69 ,$18.86 ,N/A,0.05%,N/A,N/A
Society (Legacy),Family & Parenting,United States,35,$6.07  ~ $11.24 ,$8.97 ,$45.06 ,0.07%,N/A,N/A
Society (Legacy),Logistics,United States,9,$10.08  ~ $10.89 ,$22.68 ,N/A,0.05%,N/A,N/A
Society (Legacy),Human Resources,United States,9,$10.49  ~ $11.55 ,$2.93 ,$19.73 ,0.36%,N/A,N/A
Society (Legacy),Dogs,United States,6,$4.94  ~ $6.75 ,$6.57 ,$18.08 ,0.10%,N/A,N/A
Society (Legacy),Insurance,United States,53,$10.96  ~ $11.70 ,$4.72 ,$46.08 ,0.25%,N/A,N/A
Society (Legacy),Hobbies & Interests,United States,249,$9.29  ~ $11.54 ,$5.07 ,$33.16 ,0.18%,N/A,N/A
Society (Legacy),Fine Art,United States,7,$7.85  ~ $7.85 ,$5.29 ,N/A,0.15%,N/A,N/A
Society (Legacy),Senior Living,United States,4,$6.41  ~ $8.01 ,$2.02 ,$15.13 ,0.32%,N/A,N/A
Society (Legacy),Honeymoons/Getaways,United States,6,$7.53  ~ $7.56 ,$10.85 ,$245.79 ,0.07%,N/A,N/A
Society (Legacy),Advertising,United States,139,$2.78  ~ $6.21 ,$3.00 ,$18.31 ,0.09%,N/A,N/A
Society (Legacy),Advertising,Canada,3,$2.06  ~ $9.47 ,$1.43 ,N/A,0.14%,N/A,N/A
Society (Legacy),Investing,United States,3,$16.20  ~ $36.74 ,N/A,N/A,N/A,N/A,N/A
Society (Legacy),Mutual Funds,United States,25,$7.26  ~ $7.96 ,$3.67 ,$34.74 ,0.22%,N/A,N/A
Society (Legacy),Senor Health,United States,5,$7.94  ~ $17.66 ,$3.27 ,$19.26 ,0.24%,N/A,N/A
Society (Legacy),Marketing,Canada,3,$6.23  ~ $12.69 ,$2.04 ,$20.85 ,0.30%,N/A,N/A
Society (Legacy),Adventure Travel,United States,2,$7.06  ~ $13.61 ,$10.87 ,$80.33 ,0.06%,N/A,N/A
Society (Legacy),Nutrition,United States,4,$7.88  ~ $7.88 ,$5.14 ,$4.38 ,0.15%,N/A,N/A
Society (Legacy),Home & Garden,United States,58,$6.60  ~ $8.25 ,$3.41 ,$43.24 ,0.19%,N/A,N/A
Society (Legacy),Construction,United States,20,$5.24  ~ $8.15 ,$5.28 ,$21.34 ,0.10%,N/A,N/A
Society (Legacy),Health/Lowfat Cooking,United States,3,$1.20  ~ $6.24 ,$1.76 ,$7.87 ,0.35%,N/A,N/A
Society (Legacy),Cocktails/Beer,United States,15,$11.65  ~ $27.39 ,$4.21 ,N/A,0.28%,N/A,N/A
Society (Legacy),Appliances,Canada,5,$7.41  ~ $11.47 ,$3.78 ,N/A,0.20%,N/A,N/A
Society (Legacy),Birdwatching,United States,4,$13.54  ~ $13.63 ,$4.42 ,N/A,0.31%,N/A,N/A
Society (Legacy),Motorcycles,United States,2,$0.00  ~ $0.00 ,N/A,N/A,N/A,N/A,N/A
Society (Legacy),Auto Parts,United States,1,$0.00  ~ $0.00 ,N/A,N/A,N/A,N/A,N/A
Sports (Legacy),Marketing,Canada,7,$6.23  ~ $15.01 ,$1.88 ,$31.83 ,0.33%,N/A,N/A
Sports (Legacy),College,United States,120,$5.56  ~ $6.99 ,$2.16 ,$12.54 ,0.32%,N/A,N/A
Sports (Legacy),Jewelry,United States,5,$1.22  ~ $1.22 ,N/A,N/A,N/A,N/A,N/A
Sports (Legacy),Investors & Patents,United States,137,$4.58  ~ $5.47 ,$1.61 ,$9.89 ,0.34%,N/A,N/A
Sports (Legacy),Mutual Funds,United States,137,$7.14  ~ $7.76 ,$1.84 ,$14.48 ,0.42%,N/A,N/A
Sports (Legacy),Alternative Medicine,United States,976,$9.17  ~ $9.74 ,$2.51 ,$2.37 ,0.39%,N/A,N/A
Sports (Legacy),Honeymoons/Getaways,United States,361,$7.38  ~ $7.40 ,$15.02 ,"$1,907.05 ",0.05%,N/A,N/A
Sports (Legacy),Hobbies & Interests,United States,869,$7.36  ~ $10.57 ,$2.63 ,$12.46 ,0.28%,N/A,N/A
Sports (Legacy),Dogs,United States,21,$6.98  ~ $7.06 ,$9.00 ,$44.63 ,0.08%,N/A,N/A
Sports (Legacy),Chronic Pain,United States,14,$5.95  ~ $6.80 ,$3.32 ,$14.87 ,0.18%,N/A,N/A
Sports (Legacy),Adventure Travel,United States,41,$6.82  ~ $13.61 ,$11.11 ,$100.62 ,0.06%,N/A,N/A
Sports (Legacy),Cruises,United States,101,$3.11  ~ $5.49 ,$1.52 ,$8.77 ,0.36%,N/A,N/A
Sports (Legacy),Advertising,United States,645,$3.54  ~ $8.07 ,$1.78 ,$12.12 ,0.20%,N/A,N/A
Sports (Legacy),Advertising,Canada,4,$2.10  ~ $9.05 ,$1.94 ,$12.07 ,0.11%,N/A,N/A
Sports (Legacy),Apartments,United States,1,$14.57  ~ $15.84 ,$34.60 ,N/A,0.04%,N/A,N/A
Sports (Legacy),Education,United States,"1,880",$7.21  ~ $8.71 ,$2.22 ,$14.22 ,0.33%,N/A,N/A
Sports (Legacy),Fine Art,United States,117,$7.72  ~ $7.73 ,$3.25 ,$32.93 ,0.24%,N/A,N/A
Sports (Legacy),Home Repair,United States,114,$7.70  ~ $8.01 ,$1.98 ,$26.29 ,0.40%,N/A,N/A
Sports (Legacy),Logistics,United States,30,$9.92  ~ $11.48 ,$18.42 ,$23.55 ,0.06%,N/A,N/A
Sports (Legacy),Private School,United States,2,$6.67  ~ $14.80 ,$4.19 ,$47.35 ,0.16%,N/A,N/A
Sports (Legacy),Arts & Entertainment,United States,296,$4.04  ~ $7.04 ,$2.30 ,$11.84 ,0.31%,N/A,N/A
Sports (Legacy),Biotech/Biomedical,United States,205,$5.09  ~ $5.96 ,$6.15 ,$35.17 ,0.08%,N/A,N/A
Sports (Legacy),Card Games,United States,10,$9.01  ~ $9.55 ,$2.26 ,$20.68 ,0.42%,N/A,N/A
Sports (Legacy),Cameras & Camcorders,United States,62,$4.55  ~ $7.92 ,$0.91 ,$3.76 ,0.50%,N/A,N/A
Sports (Legacy),Careers,United States,74,$7.09  ~ $8.08 ,$4.60 ,$64.41 ,0.15%,N/A,N/A
Sports (Legacy),Dining Out,Canada,3,$0.67  ~ $1.39 ,$0.47 ,N/A,0.14%,N/A,N/A
Sports (Legacy),Health & Fitness,United States,"5,552",$7.61  ~ $8.86 ,$2.31 ,$11.20 ,0.38%,N/A,N/A
Sports (Legacy),Health & Fitness,Canada,4,$5.47  ~ $11.28 ,$1.51 ,$15.44 ,0.36%,N/A,N/A
Sports (Legacy),Real Estate,United States,301,$5.32  ~ $5.35 ,$1.05 ,$7.37 ,0.50%,N/A,N/A
Sports (Legacy),Family & Parenting,United States,58,$7.00  ~ $10.97 ,$2.91 ,$19.49 ,0.24%,N/A,N/A
Sports (Legacy),Senior Living,United States,8,$6.12  ~ $8.01 ,$2.09 ,$12.11 ,0.29%,N/A,N/A
Sports (Legacy),Legal Issues,United States,338,$8.27  ~ $9.26 ,$2.17 ,$16.49 ,0.38%,N/A,N/A
Sports (Legacy),Commentary,United States,26,$10.67  ~ $13.45 ,$5.30 ,N/A,0.25%,N/A,N/A
Sports (Legacy),Job Fairs,United States,10,$5.27  ~ $5.27 ,$6.20 ,$37.20 ,0.08%,N/A,N/A
Sports (Legacy),Football,United States,73,$7.00  ~ $15.69 ,$2.23 ,$73.63 ,0.31%,N/A,N/A
Sports (Legacy),Business Software,Canada,3,$4.84  ~ $45.52 ,$5.10 ,$118.07 ,0.09%,N/A,N/A
Sports (Legacy),Business Software,United States,"1,817",$9.41  ~ $13.62 ,$2.20 ,$11.87 ,0.43%,N/A,N/A
Sports (Legacy),Human Resources,United States,39,$10.78  ~ $12.01 ,$2.34 ,$10.89 ,0.51%,N/A,N/A
Sports (Legacy),"Law, Gov't & Politics",United States,58,$8.27  ~ $10.76 ,$3.28 ,N/A,0.25%,N/A,N/A
Sports (Legacy),Cocktails/Beer,United States,117,$11.71  ~ $26.89 ,$2.37 ,N/A,0.49%,N/A,N/A
Sports (Legacy),Gardening,United States,252,$4.77  ~ $4.77 ,$1.38 ,$18.81 ,0.35%,N/A,N/A
Sports (Legacy),Catholicism,United States,1,$8.09  ~ $16.21 ,$2.21 ,$14.29 ,0.37%,N/A,N/A
Sports (Legacy),K-6 Educators,United States,1,$10.70  ~ $10.70 ,$11.72 ,N/A,0.09%,N/A,N/A
Sports (Legacy),Construction,United States,59,$3.02  ~ $8.48 ,$0.49 ,$12.86 ,0.61%,N/A,N/A
Sports (Legacy),Food & Drink,United States,58,$8.00  ~ $9.41 ,$2.73 ,$22.35 ,0.34%,N/A,N/A
Sports (Legacy),Teens,United States,4,$9.56  ~ $9.56 ,$25.57 ,N/A,0.04%,N/A,N/A
Sports (Legacy),Business,Canada,48,$4.41  ~ $8.35 ,$2.76 ,$69.97 ,0.16%,N/A,N/A
Sports (Legacy),Business,United States,"4,377",$8.02  ~ $8.48 ,$2.06 ,$10.68 ,0.39%,N/A,N/A
Sports (Legacy),Green Solutions,United States,46,$4.91  ~ $6.76 ,$1.52 ,$8.42 ,0.45%,N/A,N/A
Sports (Legacy),Cold & Flu,United States,274,$6.44  ~ $8.02 ,$2.32 ,$19.83 ,0.28%,N/A,N/A
Sports (Legacy),Appliances,Canada,1,$6.28  ~ $11.86 ,$5.81 ,N/A,0.11%,N/A,N/A
Sports (Legacy),Pets,United States,65,$7.94  ~ $8.41 ,$2.97 ,$5.85 ,0.28%,N/A,N/A
Sports (Legacy),Music,United States,246,$6.70  ~ $6.85 ,$1.99 ,$43.74 ,0.34%,N/A,N/A
Sports (Legacy),Agriculture,United States,5,$10.71  ~ $24.04 ,$1.27 ,N/A,0.84%,N/A,N/A
Sports (Legacy),Automotive,United States,221,$4.76  ~ $5.93 ,$5.64 ,$99.25 ,0.11%,N/A,N/A
Sports (Legacy),Automotive,Canada,3,$6.04  ~ $12.49 ,$9.10 ,$163.76 ,0.07%,N/A,N/A
Sports (Legacy),Investing,United States,3,$16.14  ~ $35.80 ,$2.61 ,N/A,0.62%,N/A,N/A
Sports (Legacy),Personal Finance,Canada,9,$5.46  ~ $8.82 ,$2.53 ,$30.38 ,0.22%,N/A,N/A
Sports (Legacy),Personal Finance,United States,"1,896",$7.64  ~ $7.80 ,$2.48 ,$16.90 ,0.31%,N/A,N/A
Sports (Legacy),Air Travel,United States,12,$7.10  ~ $7.15 ,$1.11 ,$3.19 ,0.65%,N/A,N/A
Sports (Legacy),Cancer,Canada,11,$5.42  ~ $12.40 ,$3.79 ,$17.93 ,0.14%,N/A,N/A
Sports (Legacy),Pro Basketball,United States,15,$10.73  ~ $10.73 ,$2.01 ,N/A,0.53%,N/A,N/A
Sports (Legacy),Arthritis,United States,217,$4.48  ~ $4.48 ,$7.78 ,$23.35 ,0.06%,N/A,N/A
Sports (Legacy),Politics,United States,70,$9.47  ~ $11.05 ,$2.21 ,$31.16 ,0.50%,N/A,N/A
Sports (Legacy),Travel,United States,"2,041",$8.06  ~ $8.85 ,$1.84 ,$10.07 ,0.44%,N/A,N/A
Sports (Legacy),Buying/Selling Homes,United States,38,$7.94  ~ $8.13 ,$3.11 ,$8.07 ,0.26%,N/A,N/A
Sports (Legacy),Nutrition,United States,4,$7.89  ~ $7.89 ,$2.47 ,$19.57 ,0.32%,N/A,N/A
Sports (Legacy),Coffee/Tea,United States,46,$8.04  ~ $10.27 ,$4.27 ,$16.36 ,0.24%,N/A,N/A
Sports (Legacy),Sexuality,United States,36,$7.75  ~ $7.75 ,$2.97 ,$26.28 ,0.26%,N/A,N/A
Sports (Legacy),Buying/Selling Cars,Canada,5,$7.08  ~ $7.08 ,$3.27 ,$108.77 ,0.22%,N/A,N/A
Sports (Legacy),Buying/Selling Cars,United States,50,$6.34  ~ $7.25 ,$3.35 ,N/A,0.19%,N/A,N/A
Sports (Legacy),Hotels,United States,70,$4.74  ~ $8.52 ,$1.66 ,$17.40 ,0.51%,N/A,N/A
Sports (Legacy),Cigars,United States,"1,538",$7.81  ~ $7.84 ,$1.24 ,$6.24 ,0.63%,N/A,N/A
Sports (Legacy),Incest/Abuse Support,United States,47,$8.79  ~ $9.31 ,$1.87 ,$4.18 ,0.47%,N/A,N/A
Sports (Legacy),News,United States,120,$8.58  ~ $12.33 ,$3.36 ,$16.38 ,0.37%,N/A,N/A
Sports (Legacy),Interior Decorating,United States,108,$6.23  ~ $9.48 ,$2.33 ,$15.72 ,0.27%,N/A,N/A
Sports (Legacy),Retirement Planning,United States,1,$8.60  ~ $8.60 ,$2.52 ,$12.36 ,0.34%,N/A,N/A
Sports (Legacy),Job Search,United States,39,$10.18  ~ $10.24 ,$3.24 ,$32.88 ,0.31%,N/A,N/A
Sports (Legacy),Pediatrics,United States,31,$8.38  ~ $10.15 ,$1.60 ,N/A,0.52%,N/A,N/A
Sports (Legacy),Couponing,United States,20,$8.04  ~ $18.81 ,$2.52 ,$10.08 ,0.32%,N/A,N/A
Sports (Legacy),Road-Side Assistance,United States,11,$11.60  ~ $11.60 ,$8.75 ,$45.49 ,0.13%,N/A,N/A
Sports (Legacy),Weddings,United States,48,$5.69  ~ $12.10 ,$2.29 ,N/A,0.25%,N/A,N/A
Sports (Legacy),Large Animals,United States,3,$8.02  ~ $8.02 ,$5.95 ,$35.72 ,0.13%,N/A,N/A
Sports (Legacy),Net Conferencing,United States,4,$10.32  ~ $19.44 ,$5.37 ,$28.89 ,0.36%,N/A,N/A
Sports (Legacy),Senor Health,United States,9,$7.62  ~ $18.61 ,$2.94 ,$25.83 ,0.26%,N/A,N/A
Sports (Legacy),Clothing,United States,70,$6.49  ~ $6.99 ,$1.15 ,$9.64 ,0.61%,N/A,N/A
Sports (Legacy),Insurance,United States,67,$10.36  ~ $12.01 ,$1.76 ,$13.91 ,0.68%,N/A,N/A
Sports (Legacy),Exercise,United States,2,$1.25  ~ $2.85 ,N/A,N/A,N/A,N/A,N/A
Sports (Legacy),Home & Garden,United States,475,$6.66  ~ $8.28 ,$1.67 ,$11.19 ,0.40%,N/A,N/A
Sports (Legacy),Remodeling & Construction,Canada,2,$6.73  ~ $15.77 ,$1.75 ,$16.02 ,0.38%,N/A,N/A
Sports (Legacy),Remodeling & Construction,United States,23,$5.26  ~ $8.01 ,$4.75 ,N/A,0.11%,N/A,N/A
Sports (Legacy),Credit/Debt & Loans,United States,976,$7.17  ~ $7.19 ,$1.44 ,$9.06 ,0.50%,N/A,N/A
Sports (Legacy),Shopping,United States,"1,647",$7.19  ~ $7.25 ,$2.36 ,$13.80 ,0.31%,N/A,N/A
Sports (Legacy),Shopping,Canada,1,$7.78  ~ $16.21 ,$14.65 ,$51.05 ,0.05%,N/A,N/A
Sports (Legacy),Psychology/Psychiatry,United States,362,$9.53  ~ $10.56 ,$2.46 ,$7.78 ,0.43%,N/A,N/A
Sports (Legacy),Health/Lowfat Cooking,United States,19,$1.23  ~ $5.41 ,$1.46 ,$6.43 ,0.37%,N/A,N/A
Sports (Legacy),Career Planning,United States,154,$9.71  ~ $10.17 ,$2.49 ,$12.37 ,0.39%,N/A,N/A
Sports (Legacy),Career Planning,Canada,6,$11.43  ~ $11.43 ,$26.47 ,$211.76 ,0.04%,N/A,N/A
Sports (Legacy),Graduate School,United States,46,$7.93  ~ $10.30 ,$3.67 ,$25.31 ,0.28%,N/A,N/A
Sports (Legacy),Graduate School,Canada,5,$7.65  ~ $7.95 ,$3.07 ,$19.50 ,0.25%,N/A,N/A
Sports (Legacy),Metals,Canada,1,$6.52  ~ $7.46 ,$2.94 ,N/A,0.22%,N/A,N/A
Sports (Legacy),Metals,United States,45,$8.13  ~ $9.02 ,$1.18 ,$7.02 ,0.69%,N/A,N/A
Sports (Legacy),Birdwatching,United States,195,$13.47  ~ $13.63 ,$4.71 ,N/A,0.29%,N/A,N/A
Sports (Legacy),Motorcycles,United States,3,$0.00  ~ $0.00 ,N/A,N/A,N/A,N/A,N/A
Sports (Legacy),Art/Technology,United States,1,$0.00  ~ $0.00 ,N/A,N/A,N/A,N/A,N/A
Sports (Legacy),Movies,United States,1,$0.00  ~ $0.00 ,N/A,N/A,N/A,N/A,N/A
Sports (Legacy),Internet Technology,United States,1,$0.00  ~ $0.00 ,N/A,N/A,N/A,N/A,N/A
Sports (Legacy),Books & Literature,United States,1,$0.00  ~ $0.00 ,N/A,N/A,N/A,N/A,N/A
Style & Fashion (Legacy),Credit/Debt & Loans,United States,73,$6.74  ~ $7.09 ,$3.17 ,$16.51 ,0.21%,N/A,N/A
Style & Fashion (Legacy),Travel,United States,75,$7.46  ~ $7.86 ,$4.51 ,$22.58 ,0.17%,N/A,N/A
Style & Fashion (Legacy),Pets,United States,7,$7.93  ~ $7.95 ,N/A,N/A,N/A,N/A,N/A
Style & Fashion (Legacy),Health/Lowfat Cooking,United States,5,$1.27  ~ $6.28 ,$2.87 ,$10.70 ,0.22%,N/A,N/A
Style & Fashion (Legacy),Fine Art,United States,1,$7.85  ~ $7.85 ,$3.91 ,$14.33 ,0.20%,N/A,N/A
Style & Fashion (Legacy),Adventure Travel,United States,1,$7.41  ~ $13.61 ,$12.31 ,N/A,0.06%,N/A,N/A
Style & Fashion (Legacy),Insurance,United States,3,$11.20  ~ $11.60 ,$4.80 ,$41.72 ,0.24%,N/A,N/A
Style & Fashion (Legacy),Health & Fitness,Canada,2,$5.73  ~ $12.67 ,$2.83 ,$17.36 ,0.20%,N/A,N/A
Style & Fashion (Legacy),Health & Fitness,United States,85,$7.20  ~ $8.84 ,$7.07 ,$23.31 ,0.12%,N/A,N/A
Style & Fashion (Legacy),Gardening,United States,10,$5.60  ~ $5.60 ,$5.91 ,N/A,0.09%,N/A,N/A
Style & Fashion (Legacy),Chronic Pain,United States,2,$5.02  ~ $6.80 ,$4.84 ,N/A,0.10%,N/A,N/A
Style & Fashion (Legacy),Remodeling & Construction,United States,2,$6.63  ~ $7.90 ,$1.88 ,N/A,0.35%,N/A,N/A
Style & Fashion (Legacy),Green Solutions,United States,38,$4.35  ~ $5.95 ,$3.12 ,$13.84 ,0.19%,N/A,N/A
Style & Fashion (Legacy),Hobbies & Interests,United States,62,$10.86  ~ $12.36 ,$6.35 ,$57.39 ,0.17%,N/A,N/A
Style & Fashion (Legacy),Automotive,United States,41,$5.72  ~ $5.80 ,$5.57 ,$106.83 ,0.10%,N/A,N/A
Style & Fashion (Legacy),Infertility,United States,1,$10.30  ~ $11.06 ,$4.01 ,N/A,0.26%,N/A,N/A
Style & Fashion (Legacy),Marketing,Canada,1,$6.10  ~ $14.14 ,$1.93 ,$41.17 ,0.32%,N/A,N/A
Style & Fashion (Legacy),Nutrition,United States,4,$7.83  ~ $7.83 ,$9.02 ,N/A,0.09%,N/A,N/A
Style & Fashion (Legacy),Cigars,United States,29,$7.47  ~ $7.55 ,$2.32 ,$4.25 ,0.33%,N/A,N/A
Style & Fashion (Legacy),Coffee/Tea,United States,10,$8.05  ~ $8.12 ,$8.63 ,$25.89 ,0.09%,N/A,N/A
Style & Fashion (Legacy),Family & Parenting,United States,28,$5.59  ~ $10.99 ,$7.18 ,$28.76 ,0.08%,N/A,N/A
Style & Fashion (Legacy),"Law, Gov't & Politics",United States,9,$8.04  ~ $10.81 ,$5.03 ,N/A,0.16%,N/A,N/A
Style & Fashion (Legacy),Dogs,United States,4,$5.23  ~ $6.38 ,$7.00 ,$21.54 ,0.09%,N/A,N/A
Style & Fashion (Legacy),News,United States,13,$8.95  ~ $11.35 ,$7.30 ,$42.79 ,0.16%,N/A,N/A
Style & Fashion (Legacy),Road-Side Assistance,United States,2,$11.63  ~ $11.63 ,$21.89 ,N/A,0.05%,N/A,N/A
Style & Fashion (Legacy),Card Games,United States,1,$9.27  ~ $9.47 ,$6.49 ,N/A,0.15%,N/A,N/A
Style & Fashion (Legacy),Interior Decorating,United States,24,$7.09  ~ $8.68 ,$7.45 ,$25.53 ,0.10%,N/A,N/A
Style & Fashion (Legacy),Hotels,United States,2,$10.08  ~ $10.18 ,$15.08 ,$89.51 ,0.07%,N/A,N/A
Style & Fashion (Legacy),Construction,United States,16,$2.71  ~ $8.05 ,$1.53 ,N/A,0.18%,N/A,N/A
Style & Fashion (Legacy),Home Repair,United States,2,$7.76  ~ $7.93 ,$4.80 ,$72.36 ,0.17%,N/A,N/A
Style & Fashion (Legacy),Air Travel,United States,2,$6.14  ~ $6.43 ,$3.57 ,$15.15 ,0.18%,N/A,N/A
Style & Fashion (Legacy),Biotech/Biomedical,United States,1,$5.99  ~ $6.17 ,$3.31 ,$6.64 ,0.19%,N/A,N/A
Style & Fashion (Legacy),Shopping,United States,92,$7.02  ~ $8.59 ,$4.70 ,$15.09 ,0.15%,N/A,N/A
Style & Fashion (Legacy),College,United States,6,$6.27  ~ $7.59 ,$5.76 ,N/A,0.13%,N/A,N/A
Style & Fashion (Legacy),Food & Drink,United States,18,$8.01  ~ $10.97 ,$4.88 ,$15.92 ,0.22%,N/A,N/A
Style & Fashion (Legacy),Senor Health,United States,1,$7.82  ~ $16.22 ,$2.21 ,$16.04 ,0.35%,N/A,N/A
Style & Fashion (Legacy),Career Planning,United States,5,$7.18  ~ $8.98 ,$6.64 ,N/A,0.11%,N/A,N/A
Style & Fashion (Legacy),Career Planning,Canada,1,$10.82  ~ $10.82 ,$6.39 ,N/A,0.17%,N/A,N/A
Style & Fashion (Legacy),Psychology/Psychiatry,United States,28,$10.62  ~ $12.88 ,$15.08 ,$89.59 ,0.07%,N/A,N/A
Style & Fashion (Legacy),Arts & Entertainment,United States,32,$5.11  ~ $8.03 ,$5.74 ,$57.38 ,0.14%,N/A,N/A
Style & Fashion (Legacy),Business Software,United States,56,$8.73  ~ $12.02 ,$4.68 ,$25.35 ,0.19%,N/A,N/A
Style & Fashion (Legacy),Graduate School,United States,2,$7.90  ~ $10.03 ,$10.19 ,$41.07 ,0.10%,N/A,N/A
Style & Fashion (Legacy),Alternative Medicine,United States,29,$9.16  ~ $9.37 ,$3.19 ,$2.15 ,0.29%,N/A,N/A
Style & Fashion (Legacy),Alternative Medicine,Canada,1,$7.68  ~ $7.76 ,N/A,N/A,N/A,N/A,N/A
Style & Fashion (Legacy),Cocktails/Beer,United States,4,$11.72  ~ $23.90 ,$3.85 ,N/A,0.30%,N/A,N/A
Style & Fashion (Legacy),Business,Canada,1,$4.25  ~ $10.28 ,$2.93 ,$17.14 ,0.15%,N/A,N/A
Style & Fashion (Legacy),Business,United States,303,$8.19  ~ $8.69 ,$4.23 ,$24.67 ,0.21%,N/A,N/A
Style & Fashion (Legacy),Music,United States,3,$5.86  ~ $6.07 ,$5.28 ,$10.56 ,0.12%,N/A,N/A
Style & Fashion (Legacy),Investing,United States,1,$16.16  ~ $38.88 ,N/A,N/A,N/A,N/A,N/A
Style & Fashion (Legacy),Cameras & Camcorders,United States,28,$2.43  ~ $7.93 ,$1.81 ,$17.19 ,0.13%,N/A,N/A
Style & Fashion (Legacy),Legal Issues,United States,11,$8.56  ~ $8.60 ,$4.64 ,$32.32 ,0.18%,N/A,N/A
Style & Fashion (Legacy),Personal Finance,Canada,4,$5.71  ~ $9.15 ,$3.19 ,$29.13 ,0.18%,N/A,N/A
Style & Fashion (Legacy),Personal Finance,United States,74,$7.30  ~ $7.79 ,$5.50 ,$38.66 ,0.13%,N/A,N/A
Style & Fashion (Legacy),Real Estate,United States,16,$5.40  ~ $5.66 ,$2.90 ,$14.35 ,0.19%,N/A,N/A
Style & Fashion (Legacy),Mutual Funds,United States,7,$8.01  ~ $8.25 ,$3.72 ,$13.96 ,0.22%,N/A,N/A
Style & Fashion (Legacy),Job Fairs,United States,1,$5.28  ~ $5.28 ,$3.23 ,N/A,0.16%,N/A,N/A
Style & Fashion (Legacy),Careers,United States,11,$7.27  ~ $8.06 ,$8.34 ,N/A,0.09%,N/A,N/A
Style & Fashion (Legacy),Metals,United States,6,$8.24  ~ $8.52 ,$4.71 ,$59.58 ,0.18%,N/A,N/A
Style & Fashion (Legacy),Human Resources,United States,3,$10.50  ~ $10.99 ,$7.11 ,$61.83 ,0.15%,N/A,N/A
Style & Fashion (Legacy),Clothing,United States,6,$9.10  ~ $9.26 ,$14.82 ,$32.91 ,0.06%,N/A,N/A
Style & Fashion (Legacy),Advertising,United States,59,$1.77  ~ $8.76 ,$1.14 ,$7.84 ,0.15%,N/A,N/A
Style & Fashion (Legacy),Job Search,United States,6,$10.11  ~ $10.44 ,$7.55 ,$83.37 ,0.13%,N/A,N/A
Style & Fashion (Legacy),Cold & Flu,United States,20,$5.79  ~ $8.03 ,$2.87 ,$13.11 ,0.20%,N/A,N/A
Style & Fashion (Legacy),Birdwatching,United States,3,$13.52  ~ $13.58 ,$4.17 ,N/A,0.32%,N/A,N/A
Style & Fashion (Legacy),Investors & Patents,United States,2,$5.20  ~ $6.15 ,$4.15 ,$19.87 ,0.15%,N/A,N/A
Style & Fashion (Legacy),Home & Garden,United States,12,$6.32  ~ $9.23 ,$3.37 ,$21.89 ,0.19%,N/A,N/A
Style & Fashion (Legacy),Politics,United States,3,$9.06  ~ $10.71 ,$5.57 ,$56.04 ,0.19%,N/A,N/A
Style & Fashion (Legacy),Education,United States,112,$6.02  ~ $7.99 ,$2.71 ,$22.67 ,0.22%,N/A,N/A
Style & Fashion (Legacy),Computer Peripherals,United States,3,$0.00  ~ $0.00 ,N/A,N/A,N/A,N/A,N/A
Style & Fashion (Legacy),Football,Canada,1,$0.00  ~ $0.00 ,N/A,N/A,N/A,N/A,N/A
Technology & Computing (Legacy),Interior Decorating,United States,73,$5.41  ~ $9.37 ,$2.42 ,$26.03 ,0.22%,N/A,N/A
Technology & Computing (Legacy),Politics,United States,11,$9.17  ~ $10.39 ,$5.07 ,$51.95 ,0.21%,N/A,N/A
Technology & Computing (Legacy),Personal Finance,United States,264,$7.26  ~ $7.83 ,$4.64 ,$32.49 ,0.16%,N/A,N/A
Technology & Computing (Legacy),Personal Finance,Canada,12,$6.48  ~ $8.82 ,$7.23 ,$112.75 ,0.09%,N/A,N/A
Technology & Computing (Legacy),Hotels,United States,38,$6.05  ~ $6.38 ,$3.02 ,$82.71 ,0.20%,N/A,N/A
Technology & Computing (Legacy),Music,United States,21,$5.43  ~ $5.59 ,$5.01 ,$42.59 ,0.11%,N/A,N/A
Technology & Computing (Legacy),Honeymoons/Getaways,United States,52,$7.40  ~ $7.42 ,$9.40 ,$479.16 ,0.08%,N/A,N/A
Technology & Computing (Legacy),Job Fairs,United States,14,$5.28  ~ $5.28 ,$1.45 ,$4.05 ,0.36%,N/A,N/A
Technology & Computing (Legacy),Private School,United States,5,$6.66  ~ $15.29 ,$3.36 ,$15.57 ,0.20%,N/A,N/A
Technology & Computing (Legacy),Pets,United States,23,$7.91  ~ $8.56 ,$9.40 ,N/A,0.09%,N/A,N/A
Technology & Computing (Legacy),Buying/Selling Homes,United States,3,$7.18  ~ $8.05 ,$9.50 ,N/A,0.08%,N/A,N/A
Technology & Computing (Legacy),Construction,United States,22,$2.89  ~ $8.04 ,$3.36 ,$36.11 ,0.09%,N/A,N/A
Technology & Computing (Legacy),Job Search,United States,27,$10.10  ~ $10.19 ,$5.24 ,$43.72 ,0.19%,N/A,N/A
Technology & Computing (Legacy),Cigars,United States,182,$7.83  ~ $7.87 ,$1.93 ,$9.58 ,0.41%,N/A,N/A
Technology & Computing (Legacy),News,United States,49,$8.80  ~ $9.01 ,$4.97 ,$23.19 ,0.18%,N/A,N/A
Technology & Computing (Legacy),Exercise,United States,18,$1.24  ~ $2.78 ,N/A,N/A,N/A,N/A,N/A
Technology & Computing (Legacy),Nutrition,United States,6,$7.92  ~ $7.92 ,$4.60 ,N/A,0.17%,N/A,N/A
Technology & Computing (Legacy),Education,United States,475,$6.95  ~ $8.76 ,$3.67 ,$27.27 ,0.19%,N/A,N/A
Technology & Computing (Legacy),"Law, Gov't & Politics",United States,30,$8.31  ~ $10.77 ,$5.85 ,N/A,0.14%,N/A,N/A
Technology & Computing (Legacy),Green Solutions,United States,123,$5.52  ~ $7.14 ,$5.99 ,$110.70 ,0.12%,N/A,N/A
Technology & Computing (Legacy),Psychology/Psychiatry,United States,91,$10.34  ~ $10.83 ,$9.88 ,$48.88 ,0.10%,N/A,N/A
Technology & Computing (Legacy),Investing,United States,15,$16.17  ~ $39.23 ,N/A,N/A,N/A,N/A,N/A
Technology & Computing (Legacy),Legal Issues,Canada,4,$4.58  ~ $7.26 ,$2.43 ,N/A,0.19%,N/A,N/A
Technology & Computing (Legacy),Legal Issues,United States,107,$7.79  ~ $8.24 ,$3.21 ,$41.91 ,0.24%,N/A,N/A
Technology & Computing (Legacy),Business,Canada,16,$4.94  ~ $9.93 ,$4.83 ,$41.35 ,0.10%,N/A,N/A
Technology & Computing (Legacy),Business,United States,"2,451",$8.06  ~ $8.23 ,$3.58 ,$24.32 ,0.23%,N/A,N/A
Technology & Computing (Legacy),Cocktails/Beer,United States,24,$11.71  ~ $28.35 ,$3.55 ,N/A,0.33%,N/A,N/A
Technology & Computing (Legacy),Birdwatching,United States,12,$13.52  ~ $13.64 ,$5.19 ,N/A,0.26%,N/A,N/A
Technology & Computing (Legacy),Senior Living,United States,13,$5.90  ~ $8.00 ,$3.17 ,$10.13 ,0.19%,N/A,N/A
Technology & Computing (Legacy),Food & Drink,United States,49,$8.02  ~ $9.29 ,$3.79 ,$25.86 ,0.24%,N/A,N/A
Technology & Computing (Legacy),Advertising,United States,202,$1.44  ~ $7.22 ,$1.67 ,$8.33 ,0.09%,N/A,N/A
Technology & Computing (Legacy),Advertising,Canada,3,$2.40  ~ $9.08 ,$1.68 ,$44.92 ,0.14%,N/A,N/A
Technology & Computing (Legacy),Gardening,United States,74,$4.66  ~ $4.66 ,$4.12 ,$144.16 ,0.11%,N/A,N/A
Technology & Computing (Legacy),Travel,United States,777,$6.28  ~ $6.48 ,$3.39 ,$23.55 ,0.19%,N/A,N/A
Technology & Computing (Legacy),Couponing,United States,1,$8.03  ~ $18.41 ,$2.77 ,$19.42 ,0.29%,N/A,N/A
Technology & Computing (Legacy),Pediatrics,United States,7,$6.11  ~ $9.39 ,$5.47 ,N/A,0.11%,N/A,N/A
Technology & Computing (Legacy),Fine Art,United States,10,$7.85  ~ $7.85 ,$4.29 ,N/A,0.18%,N/A,N/A
Technology & Computing (Legacy),Incest/Abuse Support,United States,31,$6.26  ~ $6.32 ,$3.24 ,$12.73 ,0.19%,N/A,N/A
Technology & Computing (Legacy),Careers,United States,60,$6.72  ~ $8.09 ,$6.43 ,$278.00 ,0.10%,N/A,N/A
Technology & Computing (Legacy),Health & Fitness,Canada,5,$5.54  ~ $12.54 ,$2.74 ,$30.93 ,0.20%,N/A,N/A
Technology & Computing (Legacy),Health & Fitness,United States,935,$7.60  ~ $8.16 ,$5.29 ,$23.19 ,0.15%,N/A,N/A
Technology & Computing (Legacy),Investors & Patents,United States,27,$5.08  ~ $5.90 ,$4.10 ,$54.49 ,0.14%,N/A,N/A
Technology & Computing (Legacy),Appliances,Canada,1,$7.15  ~ $11.28 ,$20.64 ,N/A,0.03%,N/A,N/A
Technology & Computing (Legacy),Appliances,United States,4,$9.16  ~ $11.70 ,$3.68 ,N/A,0.25%,N/A,N/A
Technology & Computing (Legacy),Arts & Entertainment,United States,108,$4.97  ~ $7.07 ,$3.24 ,$26.35 ,0.22%,N/A,N/A
Technology & Computing (Legacy),Real Estate,United States,68,$4.29  ~ $4.44 ,$3.72 ,$21.58 ,0.12%,N/A,N/A
Technology & Computing (Legacy),Shopping,United States,244,$6.87  ~ $7.92 ,$3.65 ,$15.67 ,0.19%,N/A,N/A
Technology & Computing (Legacy),Shopping,Canada,1,$10.90  ~ $24.19 ,$5.16 ,$28.26 ,0.21%,N/A,N/A
Technology & Computing (Legacy),Automotive,United States,134,$5.86  ~ $5.93 ,$6.13 ,$100.19 ,0.10%,N/A,N/A
Technology & Computing (Legacy),Automotive,Canada,3,$6.10  ~ $13.42 ,$6.90 ,N/A,0.09%,N/A,N/A
Technology & Computing (Legacy),Catholicism,United States,1,$7.83  ~ $16.32 ,$6.51 ,N/A,0.12%,N/A,N/A
Technology & Computing (Legacy),Cancer,Canada,12,$5.43  ~ $10.89 ,$2.88 ,N/A,0.19%,N/A,N/A
Technology & Computing (Legacy),Hobbies & Interests,United States,334,$8.23  ~ $11.11 ,$4.10 ,$27.68 ,0.20%,N/A,N/A
Technology & Computing (Legacy),Chronic Pain,United States,11,$5.08  ~ $6.78 ,$6.50 ,$29.26 ,0.08%,N/A,N/A
Technology & Computing (Legacy),Net Conferencing,United States,2,$9.82  ~ $10.54 ,$8.52 ,N/A,0.12%,N/A,N/A
Technology & Computing (Legacy),Business Software,Canada,15,$4.65  ~ $49.66 ,$4.40 ,$535.48 ,0.11%,N/A,N/A
Technology & Computing (Legacy),Business Software,United States,"1,369",$7.86  ~ $10.67 ,$4.78 ,$43.78 ,0.16%,N/A,N/A
Technology & Computing (Legacy),Mutual Funds,United States,23,$6.61  ~ $7.34 ,$4.71 ,$19.07 ,0.16%,N/A,N/A
Technology & Computing (Legacy),Human Resources,United States,6,$10.77  ~ $11.44 ,$3.75 ,$27.18 ,0.29%,N/A,N/A
Technology & Computing (Legacy),Career Planning,United States,28,$7.11  ~ $9.41 ,$6.14 ,$39.50 ,0.12%,N/A,N/A
Technology & Computing (Legacy),Road-Side Assistance,United States,1,$11.60  ~ $11.60 ,$11.94 ,$59.68 ,0.10%,N/A,N/A
Technology & Computing (Legacy),Insurance,United States,37,$10.81  ~ $11.37 ,$4.42 ,$47.56 ,0.26%,N/A,N/A
Technology & Computing (Legacy),Weddings,United States,2,$4.27  ~ $9.60 ,N/A,N/A,N/A,N/A,N/A
Technology & Computing (Legacy),Air Travel,United States,9,$5.70  ~ $5.92 ,$4.07 ,$21.06 ,0.15%,N/A,N/A
Technology & Computing (Legacy),Home Repair,United States,23,$7.41  ~ $7.84 ,$6.47 ,$62.25 ,0.12%,N/A,N/A
Technology & Computing (Legacy),Graduate School,United States,11,$7.96  ~ $9.64 ,$5.78 ,$73.51 ,0.17%,N/A,N/A
Technology & Computing (Legacy),Graduate School,Canada,6,$7.63  ~ $7.95 ,$3.60 ,$19.34 ,0.21%,N/A,N/A
Technology & Computing (Legacy),Marketing,Canada,13,$6.19  ~ $15.14 ,$3.00 ,$43.97 ,0.21%,N/A,N/A
Technology & Computing (Legacy),Commentary,United States,14,$10.66  ~ $12.48 ,$16.07 ,N/A,0.08%,N/A,N/A
Technology & Computing (Legacy),Biotech/Biomedical,United States,15,$5.48  ~ $7.72 ,$3.11 ,$5.57 ,0.18%,N/A,N/A
Technology & Computing (Legacy),College,United States,36,$6.07  ~ $7.36 ,$5.06 ,$30.03 ,0.15%,N/A,N/A
Technology & Computing (Legacy),Cameras & Camcorders,United States,204,$2.64  ~ $7.96 ,$1.81 ,$5.92 ,0.15%,N/A,N/A
Technology & Computing (Legacy),Metals,Canada,1,$5.71  ~ $13.44 ,$2.19 ,N/A,0.26%,N/A,N/A
Technology & Computing (Legacy),Metals,United States,65,$7.42  ~ $8.75 ,$3.98 ,$31.06 ,0.19%,N/A,N/A
Technology & Computing (Legacy),Clothing,United States,66,$7.09  ~ $7.14 ,$2.43 ,$18.28 ,0.29%,N/A,N/A
Technology & Computing (Legacy),Arthritis,United States,23,$3.99  ~ $3.99 ,$7.57 ,$15.14 ,0.05%,N/A,N/A
Technology & Computing (Legacy),Cruises,United States,12,$3.21  ~ $5.67 ,$1.67 ,$14.16 ,0.34%,N/A,N/A
Technology & Computing (Legacy),Family & Parenting,United States,72,$5.92  ~ $10.83 ,$3.70 ,$37.27 ,0.16%,N/A,N/A
Technology & Computing (Legacy),Adventure Travel,United States,1,$7.10  ~ $13.61 ,$9.99 ,$55.81 ,0.07%,N/A,N/A
Technology & Computing (Legacy),Sexuality,United States,24,$9.67  ~ $9.67 ,$8.75 ,$37.93 ,0.11%,N/A,N/A
Technology & Computing (Legacy),Football,United States,1,$7.53  ~ $15.99 ,$1.90 ,$4.19 ,0.40%,N/A,N/A
Technology & Computing (Legacy),Buying/Selling Cars,United States,4,$6.14  ~ $7.74 ,$4.55 ,N/A,0.14%,N/A,N/A
Technology & Computing (Legacy),Home & Garden,United States,68,$4.73  ~ $8.17 ,$3.13 ,$36.75 ,0.15%,N/A,N/A
Technology & Computing (Legacy),Home & Garden,Canada,2,$3.14  ~ $6.51 ,$1.29 ,N/A,0.24%,N/A,N/A
Technology & Computing (Legacy),Logistics,United States,10,$10.15  ~ $10.66 ,$36.86 ,N/A,0.03%,N/A,N/A
Technology & Computing (Legacy),Dining Out,Canada,2,$0.38  ~ $0.87 ,$0.46 ,N/A,0.08%,N/A,N/A
Technology & Computing (Legacy),Dining Out,United States,3,$8.00  ~ $19.54 ,N/A,N/A,N/A,N/A,N/A
Technology & Computing (Legacy),Pro Basketball,United States,1,$10.72  ~ $10.73 ,$4.40 ,N/A,0.24%,N/A,N/A
Technology & Computing (Legacy),Remodeling & Construction,United States,2,$5.36  ~ $8.00 ,$4.55 ,N/A,0.12%,N/A,N/A
Technology & Computing (Legacy),Credit/Debt & Loans,United States,427,$6.60  ~ $7.10 ,$3.00 ,$37.23 ,0.22%,N/A,N/A
Technology & Computing (Legacy),Cold & Flu,United States,128,$6.02  ~ $8.03 ,$3.54 ,$17.00 ,0.17%,N/A,N/A
Technology & Computing (Legacy),Dogs,United States,18,$6.37  ~ $7.06 ,$6.47 ,$18.41 ,0.11%,N/A,N/A
Technology & Computing (Legacy),Alternative Medicine,United States,89,$9.36  ~ $9.56 ,$3.16 ,$3.35 ,0.30%,N/A,N/A
Technology & Computing (Legacy),Card Games,United States,5,$9.12  ~ $9.48 ,$2.86 ,$19.48 ,0.33%,N/A,N/A
Technology & Computing (Legacy),Senor Health,United States,1,$7.68  ~ $16.71 ,$2.50 ,$90.86 ,0.31%,N/A,N/A
Technology & Computing (Legacy),Health/Lowfat Cooking,United States,27,$1.27  ~ $5.86 ,$1.92 ,$6.22 ,0.30%,N/A,N/A
Technology & Computing (Legacy),Coffee/Tea,United States,46,$8.05  ~ $8.25 ,$9.10 ,$13.64 ,0.09%,N/A,N/A
Technology & Computing (Legacy),Art/Technology,United States,1,$0.00  ~ $0.00 ,N/A,N/A,N/A,N/A,N/A
Technology & Computing (Legacy),Computer Peripherals,United States,3,$0.00  ~ $0.00 ,N/A,N/A,N/A,N/A,N/A
Technology & Computing (Legacy),Auto Parts,United States,1,$0.00  ~ $0.00 ,N/A,N/A,N/A,N/A,N/A
Technology & Computing (Legacy),Motorcycles,United States,3,$0.00  ~ $0.00 ,N/A,N/A,N/A,N/A,N/A
Technology & Computing (Legacy),Radio,United States,1,$0.00  ~ $0.00 ,N/A,N/A,N/A,N/A,N/A
Technology & Computing (Legacy),Books & Literature,United States,1,$0.00  ~ $0.00 ,N/A,N/A,N/A,N/A,N/A
Travel (Legacy),Travel,United States,412,$9.06  ~ $9.54 ,$9.71 ,$27.25 ,0.09%,N/A,N/A
Travel (Legacy),Apartments,United States,1,$15.17  ~ $15.96 ,$26.96 ,$185.95 ,0.06%,N/A,N/A
Travel (Legacy),Food & Drink,United States,19,$8.01  ~ $11.63 ,$3.75 ,$33.64 ,0.31%,N/A,N/A
Travel (Legacy),News,Canada,3,$6.95  ~ $7.99 ,$2.06 ,$14.06 ,0.34%,N/A,N/A
Travel (Legacy),News,United States,25,$8.64  ~ $11.11 ,$7.98 ,$25.23 ,0.14%,N/A,N/A
Travel (Legacy),Marketing,Canada,2,$6.14  ~ $12.95 ,$3.42 ,N/A,0.18%,N/A,N/A
Travel (Legacy),Business Software,Canada,6,$5.20  ~ $48.31 ,$5.39 ,$139.91 ,0.10%,N/A,N/A
Travel (Legacy),Business Software,United States,194,$9.58  ~ $11.73 ,$4.83 ,$37.12 ,0.20%,N/A,N/A
Travel (Legacy),Health & Fitness,United States,529,$7.52  ~ $8.88 ,$7.32 ,$25.15 ,0.12%,N/A,N/A
Travel (Legacy),Health & Fitness,Canada,1,$5.46  ~ $13.02 ,$2.80 ,$31.58 ,0.20%,N/A,N/A
Travel (Legacy),Cancer,Canada,2,$5.41  ~ $12.62 ,$8.46 ,N/A,0.06%,N/A,N/A
Travel (Legacy),Music,United States,12,$7.19  ~ $7.22 ,$3.82 ,$22.92 ,0.19%,N/A,N/A
Travel (Legacy),Football,United States,7,$7.57  ~ $16.81 ,$3.25 ,$3.25 ,0.23%,N/A,N/A
Travel (Legacy),Remodeling & Construction,United States,1,$6.92  ~ $7.85 ,$4.04 ,N/A,0.17%,N/A,N/A
Travel (Legacy),Incest/Abuse Support,United States,28,$8.57  ~ $9.73 ,$3.91 ,$21.02 ,0.22%,N/A,N/A
Travel (Legacy),Legal Issues,United States,65,$8.49  ~ $8.62 ,$4.58 ,$48.14 ,0.19%,N/A,N/A
Travel (Legacy),Cameras & Camcorders,United States,49,$4.88  ~ $7.95 ,$2.57 ,N/A,0.19%,N/A,N/A
Travel (Legacy),Metals,United States,16,$8.22  ~ $9.00 ,$2.72 ,$36.70 ,0.30%,N/A,N/A
Travel (Legacy),Automotive,United States,115,$5.77  ~ $6.62 ,$7.84 ,$406.26 ,0.08%,N/A,N/A
Travel (Legacy),Career Planning,United States,2,$6.78  ~ $8.58 ,$5.73 ,N/A,0.12%,N/A,N/A
Travel (Legacy),Career Planning,Canada,9,$10.98  ~ $10.98 ,$8.76 ,N/A,0.13%,N/A,N/A
Travel (Legacy),Sexuality,United States,13,$9.32  ~ $9.32 ,$12.96 ,N/A,0.07%,N/A,N/A
Travel (Legacy),Net Conferencing,United States,3,$9.48  ~ $14.23 ,$10.44 ,N/A,0.14%,N/A,N/A
Travel (Legacy),Business,United States,722,$8.49  ~ $8.74 ,$5.25 ,$45.70 ,0.17%,N/A,N/A
Travel (Legacy),Business,Canada,12,$4.90  ~ $9.90 ,$4.01 ,$26.98 ,0.12%,N/A,N/A
Travel (Legacy),Honeymoons/Getaways,United States,5,$8.32  ~ $8.79 ,$14.72 ,$524.93 ,0.06%,N/A,N/A
Travel (Legacy),Investing,United States,5,$16.16  ~ $34.23 ,N/A,N/A,N/A,N/A,N/A
Travel (Legacy),Home Repair,United States,6,$7.61  ~ $7.95 ,$7.09 ,$66.04 ,0.11%,N/A,N/A
Travel (Legacy),Fine Art,United States,3,$7.76  ~ $7.76 ,$11.05 ,N/A,0.07%,N/A,N/A
Travel (Legacy),Private School,United States,4,$6.67  ~ $15.90 ,$2.84 ,$9.44 ,0.23%,N/A,N/A
Travel (Legacy),Commentary,United States,5,$10.65  ~ $12.87 ,$11.40 ,N/A,0.11%,N/A,N/A
Travel (Legacy),Buying/Selling Cars,United States,2,$7.12  ~ $7.74 ,$15.44 ,$0.87 ,0.05%,N/A,N/A
Travel (Legacy),Senior Living,United States,5,$6.08  ~ $8.01 ,$4.10 ,$20.46 ,0.15%,N/A,N/A
Travel (Legacy),Advertising,United States,101,$2.54  ~ $6.14 ,$1.67 ,$15.66 ,0.15%,N/A,N/A
Travel (Legacy),Hobbies & Interests,United States,134,$9.39  ~ $11.72 ,$5.97 ,$42.79 ,0.16%,N/A,N/A
Travel (Legacy),Pro Basketball,United States,15,$10.72  ~ $10.73 ,$3.14 ,N/A,0.34%,N/A,N/A
Travel (Legacy),Chronic Pain,United States,5,$5.06  ~ $6.77 ,$13.89 ,N/A,0.04%,N/A,N/A
Travel (Legacy),Coffee/Tea,United States,5,$8.05  ~ $8.51 ,$8.86 ,$8.86 ,0.10%,N/A,N/A
Travel (Legacy),Real Estate,United States,17,$5.81  ~ $5.82 ,$4.61 ,$32.68 ,0.13%,N/A,N/A
Travel (Legacy),Education,Canada,1,$4.40  ~ $11.12 ,$4.01 ,N/A,0.11%,N/A,N/A
Travel (Legacy),Education,United States,208,$7.55  ~ $8.19 ,$3.76 ,$34.47 ,0.20%,N/A,N/A
Travel (Legacy),Card Games,United States,1,$9.36  ~ $9.54 ,$6.41 ,N/A,0.15%,N/A,N/A
Travel (Legacy),Home & Garden,United States,23,$6.67  ~ $8.37 ,$3.27 ,$26.83 ,0.20%,N/A,N/A
Travel (Legacy),Hotels,United States,33,$3.80  ~ $4.06 ,$10.95 ,N/A,0.04%,N/A,N/A
Travel (Legacy),Shopping,United States,106,$6.54  ~ $9.07 ,$3.45 ,$13.48 ,0.19%,N/A,N/A
Travel (Legacy),Careers,United States,25,$6.85  ~ $8.07 ,$13.10 ,N/A,0.05%,N/A,N/A
Travel (Legacy),Human Resources,United States,7,$11.49  ~ $11.56 ,$3.43 ,$28.80 ,0.34%,N/A,N/A
Travel (Legacy),Dining Out,United States,3,$8.02  ~ $19.23 ,$0.85 ,N/A,0.94%,N/A,N/A
Travel (Legacy),Birdwatching,United States,4,$13.53  ~ $13.62 ,$1.89 ,N/A,0.72%,N/A,N/A
Travel (Legacy),Personal Finance,Canada,3,$6.82  ~ $10.10 ,$7.16 ,$97.91 ,0.10%,N/A,N/A
Travel (Legacy),Personal Finance,United States,220,$8.09  ~ $8.18 ,$9.67 ,$84.34 ,0.08%,N/A,N/A
Travel (Legacy),Credit/Debt & Loans,United States,166,$7.08  ~ $7.12 ,$3.47 ,$47.41 ,0.20%,N/A,N/A
Travel (Legacy),Mutual Funds,United States,7,$7.67  ~ $8.09 ,$5.82 ,$11.81 ,0.14%,N/A,N/A
Travel (Legacy),Air Travel,United States,6,$6.21  ~ $6.43 ,$2.54 ,$50.74 ,0.25%,N/A,N/A
Travel (Legacy),Family & Parenting,United States,30,$5.71  ~ $11.03 ,$7.13 ,$50.32 ,0.08%,N/A,N/A
Travel (Legacy),Cigars,United States,87,$8.41  ~ $8.50 ,$2.16 ,$6.19 ,0.39%,N/A,N/A
Travel (Legacy),Insurance,United States,23,$10.92  ~ $11.27 ,$6.62 ,$58.96 ,0.17%,N/A,N/A
Travel (Legacy),Alternative Medicine,United States,42,$9.30  ~ $9.56 ,$3.31 ,$3.48 ,0.29%,N/A,N/A
Travel (Legacy),Exercise,United States,8,$1.23  ~ $3.01 ,N/A,N/A,N/A,N/A,N/A
Travel (Legacy),Investors & Patents,United States,13,$5.85  ~ $7.04 ,$3.62 ,$30.38 ,0.19%,N/A,N/A
Travel (Legacy),Arthritis,United States,9,$4.90  ~ $4.90 ,N/A,N/A,N/A,N/A,N/A
Travel (Legacy),Arts & Entertainment,United States,67,$4.75  ~ $8.46 ,$6.01 ,$36.97 ,0.14%,N/A,N/A
Travel (Legacy),Cruises,United States,10,$3.06  ~ $5.68 ,$1.70 ,$7.72 ,0.34%,N/A,N/A
Travel (Legacy),Construction,United States,6,$4.71  ~ $7.73 ,N/A,N/A,N/A,N/A,N/A
Travel (Legacy),Pediatrics,United States,3,$8.73  ~ $9.43 ,$6.37 ,N/A,0.14%,N/A,N/A
Travel (Legacy),Gardening,United States,19,$6.34  ~ $6.34 ,$5.59 ,$145.24 ,0.11%,N/A,N/A
Travel (Legacy),Clothing,United States,17,$8.97  ~ $9.22 ,$9.42 ,$17.82 ,0.10%,N/A,N/A
Travel (Legacy),Couponing,United States,1,$8.05  ~ $18.33 ,$5.03 ,N/A,0.16%,N/A,N/A
Travel (Legacy),Graduate School,United States,22,$7.86  ~ $10.53 ,$4.90 ,$31.46 ,0.22%,N/A,N/A
Travel (Legacy),Graduate School,Canada,1,$7.50  ~ $7.96 ,$2.56 ,N/A,0.29%,N/A,N/A
Travel (Legacy),Appliances,Canada,5,$8.76  ~ $11.37 ,$4.95 ,N/A,0.18%,N/A,N/A
Travel (Legacy),Retirement Planning,United States,2,$8.95  ~ $8.95 ,$3.98 ,N/A,0.22%,N/A,N/A
Travel (Legacy),Pets,United States,11,$7.80  ~ $8.05 ,$6.31 ,N/A,0.12%,N/A,N/A
Travel (Legacy),Green Solutions,United States,18,$5.35  ~ $7.44 ,$6.81 ,N/A,0.11%,N/A,N/A
Travel (Legacy),Psychology/Psychiatry,United States,35,$10.27  ~ $11.92 ,$10.96 ,$40.09 ,0.09%,N/A,N/A
Travel (Legacy),Cocktails/Beer,United States,8,$11.82  ~ $28.75 ,$3.11 ,N/A,0.38%,N/A,N/A
Travel (Legacy),Interior Decorating,United States,54,$6.51  ~ $9.07 ,$3.08 ,$23.11 ,0.21%,N/A,N/A
Travel (Legacy),Infertility,United States,1,$10.04  ~ $10.65 ,$6.93 ,N/A,0.14%,N/A,N/A
Travel (Legacy),Politics,United States,8,$8.97  ~ $10.54 ,$7.13 ,$114.75 ,0.15%,N/A,N/A
Travel (Legacy),Job Search,United States,12,$10.24  ~ $10.57 ,$8.16 ,$57.00 ,0.13%,N/A,N/A
Travel (Legacy),Health/Lowfat Cooking,United States,6,$1.29  ~ $5.32 ,$2.90 ,$9.51 ,0.18%,N/A,N/A
Travel (Legacy),"Law, Gov't & Politics",United States,20,$8.67  ~ $10.80 ,$3.72 ,N/A,0.23%,N/A,N/A
Travel (Legacy),Dogs,United States,3,$4.88  ~ $6.39 ,$14.98 ,$90.85 ,0.04%,N/A,N/A
Travel (Legacy),College,United States,14,$6.32  ~ $7.80 ,$5.81 ,$15.69 ,0.13%,N/A,N/A
Travel (Legacy),K-6 Educators,United States,1,$11.94  ~ $11.94 ,N/A,N/A,N/A,N/A,N/A
Travel (Legacy),Logistics,United States,4,$10.09  ~ $10.50 ,$26.67 ,N/A,0.04%,N/A,N/A
Travel (Legacy),Cold & Flu,United States,28,$6.85  ~ $8.03 ,$4.25 ,$26.29 ,0.16%,N/A,N/A
Travel (Legacy),Beauty,United States,2,$0.00  ~ $0.00 ,N/A,N/A,N/A,N/A,N/A
Travel (Legacy),College,Canada,3,$0.00  ~ $0.00 ,N/A,N/A,N/A,N/A,N/A
Travel (Legacy),Radio,United States,1,$0.00  ~ $0.00 ,N/A,N/A,N/A,N/A,N/A
Travel (Legacy),Cell Phones,United States,4,$0.00  ~ $0.00 ,N/A,N/A,N/A,N/A,N/A
Travel (Legacy),Books & Literature,United States,2,$0.00  ~ $0.00 ,N/A,N/A,N/A,N/A,N/A
Travel (Legacy),Entertainment,United States,2,$0.00  ~ $0.00 ,N/A,N/A,N/A,N/A,N/A