Category,Brand Category,Country,Impressions,eCPM,eCPC,eCPE,CTR,Video Completion Rate,Audio Completion Rate
Arts & Entertainment (Legacy),Remodeling & Construction,United States,"28,549",$3.98  ~ $8.88 ,$3.28 ,$11.50 ,0.12%,N/A,N/A
Arts & Entertainment (Legacy),Job Search,United States,"21,353",$17.41  ~ $19.52 ,$9.39 ,$35.06 ,0.19%,N/A,N/A
Arts & Entertainment (Legacy),Clothing,United States,"1,364",$0.00  ~ $0.00 ,N/A,N/A,N/A,N/A,N/A
Arts & Entertainment (Legacy),Education,Canada,"137,217",$2.73  ~ $8.19 ,$1.70 ,$15.61 ,0.16%,N/A,N/A
Arts & Entertainment (Legacy),Education,United States,"1,009,173",$7.30  ~ $7.75 ,$1.45 ,$3.26 ,0.50%,N/A,N/A
Arts & Entertainment (Legacy),Family & Parenting,United States,"103,604",$8.57  ~ $9.14 ,$3.40 ,$5.40 ,0.25%,N/A,N/A
Arts & Entertainment (Legacy),Family & Parenting,Canada,754,$3.87  ~ $3.91 ,$0.55 ,$0.55 ,0.70%,N/A,N/A
Arts & Entertainment (Legacy),Cold & Flu,United States,"152,212",$6.99  ~ $8.15 ,$4.39 ,$20.73 ,0.16%,N/A,N/A
Arts & Entertainment (Legacy),Job Fairs,Canada,1,$5.37  ~ $11.37 ,N/A,N/A,N/A,N/A,N/A
Arts & Entertainment (Legacy),Job Fairs,United States,359,$7.30  ~ $17.25 ,$0.25 ,$0.84 ,2.90%,N/A,N/A
Arts & Entertainment (Legacy),Arts & Entertainment,Canada,"19,821",$6.83  ~ $15.80 ,$1.77 ,$20.47 ,0.39%,N/A,N/A
Arts & Entertainment (Legacy),Arts & Entertainment,United States,"295,065",$7.56  ~ $8.57 ,$1.44 ,$2.57 ,0.53%,N/A,N/A
Arts & Entertainment (Legacy),Home & Garden,Canada,"11,545",$1.61  ~ $3.32 ,$1.85 ,N/A,0.09%,N/A,N/A
Arts & Entertainment (Legacy),Home & Garden,United States,"473,641",$5.65  ~ $7.53 ,$1.45 ,$3.50 ,0.39%,N/A,N/A
Arts & Entertainment (Legacy),Business,Canada,"172,098",$5.09  ~ $6.98 ,$2.66 ,$31.41 ,0.19%,N/A,N/A
Arts & Entertainment (Legacy),Business,United States,"2,964,075",$8.66  ~ $8.79 ,$1.84 ,$3.57 ,0.47%,N/A,N/A
Arts & Entertainment (Legacy),Career Planning,United States,"3,725",$2.00  ~ $4.36 ,$3.69 ,$22.16 ,0.05%,N/A,N/A
Arts & Entertainment (Legacy),Senior Living,United States,"19,598",$6.16  ~ $8.15 ,$5.28 ,$33.24 ,0.12%,N/A,N/A
Arts & Entertainment (Legacy),Marketing,United States,"92,919",$1.99  ~ $4.70 ,$1.67 ,$20.07 ,0.12%,N/A,N/A
Arts & Entertainment (Legacy),Marketing,Canada,"10,204",$6.08  ~ $12.34 ,$1.98 ,$21.14 ,0.31%,N/A,N/A
Arts & Entertainment (Legacy),Graduate School,United States,"97,169",$7.72  ~ $8.00 ,$1.80 ,$4.13 ,0.44%,N/A,N/A
Arts & Entertainment (Legacy),Graduate School,Canada,70,$6.30  ~ $12.76 ,$23.65 ,$106.43 ,0.03%,N/A,N/A
Arts & Entertainment (Legacy),Cancer,Canada,"6,146",$5.32  ~ $5.32 ,$2.17 ,$130.49 ,0.24%,N/A,N/A
Arts & Entertainment (Legacy),Theme Parks,United States,656,$19.26  ~ $44.45 ,$47.14 ,$345.66 ,0.04%,N/A,N/A
Arts & Entertainment (Legacy),Insurance,United States,"54,547",$12.05  ~ $12.68 ,$2.69 ,$235.85 ,0.45%,N/A,N/A
Arts & Entertainment (Legacy),Automotive,Canada,"26,928",$4.24  ~ $7.59 ,$4.02 ,$21.86 ,0.11%,N/A,N/A
Arts & Entertainment (Legacy),Automotive,United States,"390,225",$4.68  ~ $5.26 ,$1.90 ,$3.45 ,0.28%,N/A,N/A
Arts & Entertainment (Legacy),Health & Fitness,United States,"4,401,055",$4.28  ~ $4.94 ,$3.78 ,$8.87 ,0.13%,N/A,N/A
Arts & Entertainment (Legacy),Health & Fitness,Canada,"64,611",$4.33  ~ $5.73 ,$2.12 ,$13.09 ,0.27%,N/A,N/A
Arts & Entertainment (Legacy),News,Canada,"5,064",$7.92  ~ $10.91 ,$4.17 ,$34.96 ,0.26%,N/A,N/A
Arts & Entertainment (Legacy),News,United States,"297,571",$10.82  ~ $11.38 ,$9.13 ,$22.24 ,0.12%,N/A,N/A
Arts & Entertainment (Legacy),Real Estate,Canada,800,$7.99  ~ $19.03 ,N/A,N/A,N/A,N/A,N/A
Arts & Entertainment (Legacy),Real Estate,United States,"419,628",$5.70  ~ $5.97 ,$2.17 ,$4.65 ,0.26%,N/A,N/A
Arts & Entertainment (Legacy),Careers,United States,"137,008",$8.62  ~ $10.29 ,$4.12 ,$15.04 ,0.21%,N/A,N/A
Arts & Entertainment (Legacy),Careers,Canada,"1,123",$0.00  ~ $0.00 ,N/A,N/A,N/A,N/A,N/A
Arts & Entertainment (Legacy),Food & Drink,Canada,"4,084",$2.08  ~ $4.47 ,$1.80 ,N/A,0.12%,N/A,N/A
Arts & Entertainment (Legacy),Food & Drink,United States,"202,243",$3.78  ~ $5.06 ,$1.86 ,$1.73 ,0.27%,N/A,N/A
Arts & Entertainment (Legacy),Investing,Canada,773,$24.76  ~ $24.76 ,$5.35 ,$82.94 ,0.46%,N/A,N/A
Arts & Entertainment (Legacy),Arthritis,United States,"24,048",$1.91  ~ $4.22 ,$2.24 ,$7.45 ,0.09%,N/A,N/A
Arts & Entertainment (Legacy),Large Animals,United States,"6,751",$8.16  ~ $9.57 ,$2.20 ,$3.76 ,0.43%,N/A,N/A
Arts & Entertainment (Legacy),Interior Decorating,Canada,"1,170",$3.85  ~ $3.85 ,$1.96 ,N/A,0.20%,N/A,N/A
Arts & Entertainment (Legacy),Interior Decorating,United States,"51,313",$6.56  ~ $13.55 ,$2.99 ,$10.47 ,0.22%,N/A,N/A
Arts & Entertainment (Legacy),Auto Parts,United States,456,$9.37  ~ $20.51 ,$5.79 ,$23.15 ,0.16%,N/A,N/A
Arts & Entertainment (Legacy),Buying/Selling Cars,United States,"26,863",$7.75  ~ $8.16 ,$4.56 ,$0.74 ,0.17%,N/A,N/A
Arts & Entertainment (Legacy),Agriculture,United States,"5,563",$8.35  ~ $17.65 ,$5.49 ,$13.08 ,0.15%,N/A,N/A
Arts & Entertainment (Legacy),Business Software,Canada,"31,502",$7.92  ~ $19.67 ,$1.80 ,$55.81 ,0.44%,N/A,N/A
Arts & Entertainment (Legacy),Business Software,United States,"80,793",$9.43  ~ $21.73 ,$3.72 ,$9.02 ,0.25%,N/A,N/A
Arts & Entertainment (Legacy),Green Solutions,United States,"20,098",$7.95  ~ $8.00 ,$13.48 ,N/A,0.06%,N/A,N/A
Arts & Entertainment (Legacy),Biotech/Biomedical,United States,"141,487",$13.40  ~ $13.79 ,$2.77 ,$4.26 ,0.48%,N/A,N/A
Arts & Entertainment (Legacy),Hotels,United States,"4,663",$7.24  ~ $17.72 ,$2.33 ,$5.54 ,0.31%,N/A,N/A
Arts & Entertainment (Legacy),Hotels,Canada,"2,088",$3.89  ~ $9.43 ,$0.85 ,N/A,0.46%,N/A,N/A
Arts & Entertainment (Legacy),Cigars,United States,"215,034",$10.50  ~ $10.87 ,$3.37 ,N/A,0.31%,N/A,N/A
Arts & Entertainment (Legacy),Exercise,United States,326,$1.32  ~ $3.20 ,N/A,N/A,N/A,N/A,N/A
Arts & Entertainment (Legacy),Human Resources,United States,"28,217",$12.60  ~ $12.60 ,$1.27 ,$1.92 ,0.99%,N/A,N/A
Arts & Entertainment (Legacy),"Law, Gov't & Politics",United States,"27,575",$10.95  ~ $16.05 ,$12.81 ,N/A,0.13%,N/A,N/A
Arts & Entertainment (Legacy),"Law, Gov't & Politics",Canada,339,$3.89  ~ $7.87 ,N/A,N/A,N/A,N/A,N/A
Arts & Entertainment (Legacy),Alternative Medicine,United States,"215,034",$10.50  ~ $10.87 ,$3.37 ,N/A,0.31%,N/A,N/A
Arts & Entertainment (Legacy),Private School,United States,"9,313",$6.77  ~ $16.76 ,$5.82 ,$21.05 ,0.12%,N/A,N/A
Arts & Entertainment (Legacy),Government,United States,831,$8.17  ~ $8.17 ,$4.63 ,N/A,0.18%,N/A,N/A
Arts & Entertainment (Legacy),Government,Canada,155,$7.92  ~ $17.15 ,$11.35 ,N/A,0.07%,N/A,N/A
Arts & Entertainment (Legacy),Pediatrics,United States,"23,781",$7.31  ~ $8.15 ,$1.64 ,N/A,0.44%,N/A,N/A
Arts & Entertainment (Legacy),Cocktails/Beer,United States,"2,578",$20.17  ~ $20.44 ,$4.58 ,$68.66 ,0.44%,N/A,N/A
Arts & Entertainment (Legacy),Shopping,Canada,"36,856",$7.36  ~ $17.68 ,$6.19 ,$55.69 ,0.12%,N/A,N/A
Arts & Entertainment (Legacy),Shopping,United States,"5,325,923",$5.88  ~ $6.41 ,$1.21 ,$1.49 ,0.53%,N/A,N/A
Arts & Entertainment (Legacy),Adventure Travel,United States,"57,305",$3.67  ~ $8.17 ,$1.80 ,$6.71 ,0.20%,N/A,N/A
Arts & Entertainment (Legacy),Pets,Canada,"8,154",$8.00  ~ $19.76 ,N/A,N/A,N/A,N/A,N/A
Arts & Entertainment (Legacy),Pets,United States,"29,067",$2.63  ~ $7.66 ,$2.21 ,$4.27 ,0.35%,N/A,N/A
Arts & Entertainment (Legacy),Travel,Canada,"4,245",$7.65  ~ $8.68 ,$5.34 ,$27.93 ,0.14%,N/A,N/A
Arts & Entertainment (Legacy),Travel,United States,"1,129,478",$6.11  ~ $8.84 ,$2.24 ,$8.30 ,0.27%,N/A,N/A
Arts & Entertainment (Legacy),Net Conferencing,Canada,23,$11.85  ~ $27.00 ,N/A,N/A,N/A,N/A,N/A
Arts & Entertainment (Legacy),Net Conferencing,United States,437,$11.76  ~ $27.29 ,$17.08 ,N/A,0.07%,N/A,N/A
Arts & Entertainment (Legacy),Buying/Selling Homes,United States,175,$0.00  ~ $0.00 ,N/A,N/A,N/A,N/A,N/A
Arts & Entertainment (Legacy),Personal Finance,Canada,"17,519",$6.11  ~ $11.51 ,$2.89 ,$19.58 ,0.40%,N/A,N/A
Arts & Entertainment (Legacy),Personal Finance,United States,"3,296,969",$6.94  ~ $8.22 ,$2.88 ,$6.88 ,0.24%,N/A,N/A
Arts & Entertainment (Legacy),Construction,United States,"62,041",$3.90  ~ $8.08 ,$2.68 ,$3.63 ,0.15%,N/A,N/A
Arts & Entertainment (Legacy),Hobbies & Interests,United States,"396,213",$8.02  ~ $9.52 ,$3.24 ,$7.43 ,0.25%,N/A,N/A
Arts & Entertainment (Legacy),Hobbies & Interests,Canada,"1,050",$8.22  ~ $18.00 ,$1.46 ,N/A,0.56%,N/A,N/A
Arts & Entertainment (Legacy),Credit/Debt & Loans,United States,"197,478",$4.27  ~ $8.67 ,$1.70 ,$4.94 ,0.25%,N/A,N/A
Arts & Entertainment (Legacy),Politics,United States,"48,492",$8.13  ~ $8.25 ,$5.46 ,N/A,0.15%,N/A,N/A
Arts & Entertainment (Legacy),Advertising,United States,"1,067,139",$0.64  ~ $1.37 ,$0.45 ,$1.54 ,0.30%,N/A,N/A
Arts & Entertainment (Legacy),Advertising,Canada,"325,807",$0.58  ~ $1.36 ,$0.43 ,$16.59 ,0.14%,N/A,N/A
Arts & Entertainment (Legacy),Appliances,Canada,"19,293",$2.57  ~ $3.71 ,$4.18 ,N/A,0.09%,N/A,N/A
Arts & Entertainment (Legacy),Appliances,United States,"15,248",$5.86  ~ $8.12 ,$18.07 ,N/A,0.03%,N/A,N/A
Arts & Entertainment (Legacy),Dogs,United States,548,$13.41  ~ $13.41 ,$1.35 ,N/A,0.99%,N/A,N/A
Arts & Entertainment (Legacy),Home Repair,United States,"89,943",$7.57  ~ $17.89 ,$1.06 ,$22.80 ,0.71%,N/A,N/A
Arts & Entertainment (Legacy),Insurance,Canada,14,$0.00  ~ $0.00 ,N/A,N/A,N/A,N/A,N/A
Arts & Entertainment (Legacy),Psychology/Psychiatry,United States,867,$0.00  ~ $0.00 ,N/A,N/A,N/A,N/A,N/A
Arts & Entertainment (Legacy),Art/Technology,United States,"3,380",$0.00  ~ $0.00 ,N/A,N/A,N/A,N/A,N/A
Arts & Entertainment (Legacy),By US Locale,United States,60,$0.00  ~ $0.00 ,N/A,N/A,N/A,N/A,N/A
Arts & Entertainment (Legacy),Teens,United States,373,$0.00  ~ $0.00 ,N/A,N/A,N/A,N/A,N/A
Arts & Entertainment (Legacy),Cuisine-Specific,United States,"1,346",$0.00  ~ $0.00 ,N/A,N/A,N/A,N/A,N/A
Arts & Entertainment (Legacy),Substance Abuse,United States,380,$0.00  ~ $0.00 ,N/A,N/A,N/A,N/A,N/A
Arts & Entertainment (Legacy),Entertaining,United States,"1,259",$0.00  ~ $0.00 ,N/A,N/A,N/A,N/A,N/A
Arts & Entertainment (Legacy),Music,United States,"26,566",$0.00  ~ $0.00 ,N/A,N/A,N/A,N/A,N/A
Arts & Entertainment (Legacy),Agriculture,Canada,"1,291",$0.00  ~ $0.00 ,N/A,N/A,N/A,N/A,N/A
Arts & Entertainment (Legacy),Legal Issues,United States,77,$0.00  ~ $0.00 ,N/A,N/A,N/A,N/A,N/A
Arts & Entertainment (Legacy),College Life,Canada,29,$0.00  ~ $0.00 ,N/A,N/A,N/A,N/A,N/A
Arts & Entertainment (Legacy),Dental Care,United States,505,$0.00  ~ $0.00 ,N/A,N/A,N/A,N/A,N/A
Arts & Entertainment (Legacy),Distance Learning,United States,437,$0.00  ~ $0.00 ,N/A,N/A,N/A,N/A,N/A
Arts & Entertainment (Legacy),Landscaping,United States,32,$0.00  ~ $0.00 ,N/A,N/A,N/A,N/A,N/A
Arts & Entertainment (Legacy),Job Search,Canada,55,$0.00  ~ $0.00 ,N/A,N/A,N/A,N/A,N/A
Arts & Entertainment (Legacy),Investing,United States,921,$0.00  ~ $0.00 ,N/A,N/A,N/A,N/A,N/A
Arts & Entertainment (Legacy),Pro Ice Hockey,Canada,109,$0.00  ~ $0.00 ,N/A,N/A,N/A,N/A,N/A
Arts & Entertainment (Legacy),Spas,United States,7,$0.00  ~ $0.00 ,N/A,N/A,N/A,N/A,N/A
Arts & Entertainment (Legacy),Catholicism,United States,737,$0.00  ~ $0.00 ,N/A,N/A,N/A,N/A,N/A
Arts & Entertainment (Legacy),Logistics,United States,67,$0.00  ~ $0.00 ,N/A,N/A,N/A,N/A,N/A
Arts & Entertainment (Legacy),Chronic Pain,United States,11,$0.00  ~ $0.00 ,N/A,N/A,N/A,N/A,N/A
Arts & Entertainment (Legacy),Construction,Canada,1,$0.00  ~ $0.00 ,N/A,N/A,N/A,N/A,N/A
Arts & Entertainment (Legacy),Comparison,United States,210,$0.00  ~ $0.00 ,N/A,N/A,N/A,N/A,N/A
Arts & Entertainment (Legacy),Italian Cuisine,United States,186,$0.00  ~ $0.00 ,N/A,N/A,N/A,N/A,N/A
Arts & Entertainment (Legacy),Card Games,United States,"4,530",$0.00  ~ $0.00 ,N/A,N/A,N/A,N/A,N/A
Arts & Entertainment (Legacy),Card Games,Canada,"1,359",$0.00  ~ $0.00 ,N/A,N/A,N/A,N/A,N/A
Automotive (Legacy),Pediatrics,United States,"1,846",$7.33  ~ $8.15 ,$1.83 ,N/A,0.40%,N/A,N/A
Automotive (Legacy),Buying/Selling Cars,United States,"3,904",$8.08  ~ $8.16 ,$4.88 ,N/A,0.17%,N/A,N/A
Automotive (Legacy),Net Conferencing,United States,138,$11.51  ~ $26.91 ,$15.53 ,N/A,0.07%,N/A,N/A
Automotive (Legacy),Net Conferencing,Canada,40,$11.45  ~ $25.63 ,N/A,N/A,N/A,N/A,N/A
Automotive (Legacy),Hobbies & Interests,United States,"43,235",$8.83  ~ $9.93 ,$4.25 ,$22.44 ,0.21%,N/A,N/A
Automotive (Legacy),Hobbies & Interests,Canada,128,$8.09  ~ $19.08 ,N/A,N/A,N/A,N/A,N/A
Automotive (Legacy),Biotech/Biomedical,United States,"17,419",$12.51  ~ $14.16 ,$1.63 ,$2.05 ,0.77%,N/A,N/A
Automotive (Legacy),Alternative Medicine,United States,"28,907",$10.71  ~ $11.13 ,$3.75 ,N/A,0.29%,N/A,N/A
Automotive (Legacy),Home & Garden,United States,"105,046",$7.10  ~ $7.98 ,$5.44 ,$20.57 ,0.13%,N/A,N/A
Automotive (Legacy),Home & Garden,Canada,"2,793",$0.00  ~ $0.00 ,N/A,N/A,N/A,N/A,N/A
Automotive (Legacy),Insurance,United States,"6,743",$11.48  ~ $11.99 ,$3.91 ,N/A,0.29%,N/A,N/A
Automotive (Legacy),Careers,United States,"13,184",$8.61  ~ $9.42 ,$2.50 ,$6.48 ,0.35%,N/A,N/A
Automotive (Legacy),Government,United States,211,$8.21  ~ $8.21 ,$1.39 ,N/A,0.59%,N/A,N/A
Automotive (Legacy),Government,Canada,375,$7.89  ~ $16.31 ,$21.88 ,N/A,0.04%,N/A,N/A
Automotive (Legacy),Adventure Travel,United States,"12,312",$3.88  ~ $8.49 ,$2.42 ,$10.50 ,0.16%,N/A,N/A
Automotive (Legacy),Arthritis,United States,"1,027",$2.33  ~ $4.77 ,$2.52 ,N/A,0.09%,N/A,N/A
Automotive (Legacy),Remodeling & Construction,United States,"8,177",$4.10  ~ $8.38 ,$6.77 ,N/A,0.06%,N/A,N/A
Automotive (Legacy),Personal Finance,Canada,"1,599",$5.69  ~ $14.36 ,$7.70 ,$10.36 ,0.19%,N/A,N/A
Automotive (Legacy),Personal Finance,United States,"357,613",$8.17  ~ $8.49 ,$2.78 ,$11.27 ,0.29%,N/A,N/A
Automotive (Legacy),Cancer,Canada,"1,027",$5.38  ~ $5.38 ,$2.23 ,N/A,0.24%,N/A,N/A
Automotive (Legacy),News,Canada,"1,374",$8.14  ~ $10.34 ,$4.77 ,$13.84 ,0.22%,N/A,N/A
Automotive (Legacy),News,United States,"25,988",$10.67  ~ $11.52 ,$6.61 ,$18.18 ,0.17%,N/A,N/A
Automotive (Legacy),Large Animals,United States,"1,493",$8.15  ~ $8.62 ,$3.76 ,$13.17 ,0.23%,N/A,N/A
Automotive (Legacy),Theme Parks,United States,40,$19.26  ~ $42.39 ,N/A,N/A,N/A,N/A,N/A
Automotive (Legacy),Family & Parenting,United States,"23,145",$6.74  ~ $8.37 ,$2.35 ,$3.49 ,0.29%,N/A,N/A
Automotive (Legacy),Family & Parenting,Canada,196,$3.81  ~ $3.91 ,N/A,N/A,N/A,N/A,N/A
Automotive (Legacy),Job Fairs,United States,40,$7.45  ~ $18.52 ,$3.37 ,$3.37 ,0.22%,N/A,N/A
Automotive (Legacy),Job Search,United States,"2,926",$14.05  ~ $16.93 ,$9.00 ,$131.11 ,0.16%,N/A,N/A
Automotive (Legacy),"Law, Gov't & Politics",United States,"1,263",$11.09  ~ $16.51 ,$10.57 ,N/A,0.16%,N/A,N/A
Automotive (Legacy),"Law, Gov't & Politics",Canada,29,$3.94  ~ $9.75 ,$0.51 ,N/A,0.78%,N/A,N/A
Automotive (Legacy),Cigars,United States,"28,907",$10.71  ~ $11.13 ,$3.75 ,N/A,0.29%,N/A,N/A
Automotive (Legacy),Clothing,United States,"1,192",$6.38  ~ $6.38 ,$2.90 ,$6.76 ,0.22%,N/A,N/A
Automotive (Legacy),Politics,United States,"7,100",$8.15  ~ $8.23 ,$3.97 ,N/A,0.21%,N/A,N/A
Automotive (Legacy),Education,Canada,"52,778",$3.14  ~ $8.15 ,$3.19 ,$40.93 ,0.10%,N/A,N/A
Automotive (Legacy),Education,United States,"156,089",$8.04  ~ $8.29 ,$2.26 ,$4.90 ,0.36%,N/A,N/A
Automotive (Legacy),Automotive,Canada,"7,502",$4.39  ~ $7.73 ,$4.07 ,$21.03 ,0.11%,N/A,N/A
Automotive (Legacy),Automotive,United States,"56,068",$4.94  ~ $5.45 ,$3.33 ,$19.07 ,0.15%,N/A,N/A
Automotive (Legacy),Real Estate,Canada,390,$8.09  ~ $16.51 ,$1.76 ,N/A,0.46%,N/A,N/A
Automotive (Legacy),Real Estate,United States,"41,187",$4.21  ~ $5.02 ,$1.98 ,$7.46 ,0.25%,N/A,N/A
Automotive (Legacy),Exercise,United States,50,$1.36  ~ $3.06 ,N/A,N/A,N/A,N/A,N/A
Automotive (Legacy),Travel,Canada,"1,043",$8.16  ~ $8.53 ,$6.00 ,N/A,0.14%,N/A,N/A
Automotive (Legacy),Travel,United States,"163,466",$5.33  ~ $7.58 ,$1.23 ,$4.48 ,0.43%,N/A,N/A
Automotive (Legacy),Home Repair,United States,"7,445",$7.46  ~ $17.26 ,$2.25 ,$54.21 ,0.33%,N/A,N/A
Automotive (Legacy),Cocktails/Beer,United States,233,$20.33  ~ $20.57 ,$3.95 ,N/A,0.51%,N/A,N/A
Automotive (Legacy),Shopping,United States,"381,672",$6.99  ~ $7.62 ,$1.12 ,$1.33 ,0.62%,N/A,N/A
Automotive (Legacy),Shopping,Canada,"6,821",$7.32  ~ $17.07 ,$3.71 ,N/A,0.20%,N/A,N/A
Automotive (Legacy),Agriculture,United States,"1,762",$8.28  ~ $16.99 ,$4.47 ,$21.48 ,0.18%,N/A,N/A
Automotive (Legacy),Human Resources,United States,"5,598",$12.42  ~ $12.42 ,$2.29 ,$3.72 ,0.54%,N/A,N/A
Automotive (Legacy),Cold & Flu,United States,"16,373",$7.23  ~ $8.16 ,$13.81 ,$12.74 ,0.05%,N/A,N/A
Automotive (Legacy),Credit/Debt & Loans,United States,"21,610",$5.87  ~ $8.98 ,$1.30 ,$5.15 ,0.45%,N/A,N/A
Automotive (Legacy),Appliances,Canada,"2,084",$6.65  ~ $8.36 ,$3.40 ,N/A,0.20%,N/A,N/A
Automotive (Legacy),Appliances,United States,"3,695",$4.78  ~ $9.63 ,$2.87 ,N/A,0.17%,N/A,N/A
Automotive (Legacy),Private School,United States,890,$6.77  ~ $13.77 ,$7.40 ,N/A,0.09%,N/A,N/A
Automotive (Legacy),Pets,Canada,"1,420",$7.94  ~ $17.55 ,N/A,N/A,N/A,N/A,N/A
Automotive (Legacy),Pets,United States,"4,306",$2.72  ~ $7.74 ,N/A,N/A,N/A,N/A,N/A
Automotive (Legacy),Interior Decorating,United States,"18,078",$5.49  ~ $8.65 ,$2.61 ,$11.22 ,0.21%,N/A,N/A
Automotive (Legacy),Interior Decorating,Canada,49,$3.85  ~ $3.85 ,N/A,N/A,N/A,N/A,N/A
Automotive (Legacy),Arts & Entertainment,Canada,"8,075",$6.54  ~ $15.96 ,$2.63 ,$14.73 ,0.25%,N/A,N/A
Automotive (Legacy),Arts & Entertainment,United States,"47,911",$6.92  ~ $8.84 ,$1.50 ,$2.07 ,0.46%,N/A,N/A
Automotive (Legacy),Construction,United States,"5,706",$5.45  ~ $12.10 ,$1.55 ,$4.66 ,0.35%,N/A,N/A
Automotive (Legacy),Food & Drink,United States,"19,669",$4.25  ~ $6.78 ,$1.54 ,$3.75 ,0.44%,N/A,N/A
Automotive (Legacy),Food & Drink,Canada,615,$2.37  ~ $5.12 ,$0.89 ,N/A,0.27%,N/A,N/A
Automotive (Legacy),Investing,Canada,107,$24.76  ~ $24.76 ,$5.60 ,$18.68 ,0.44%,N/A,N/A
Automotive (Legacy),Marketing,United States,"6,240",$2.74  ~ $6.33 ,$1.59 ,N/A,0.17%,N/A,N/A
Automotive (Legacy),Marketing,Canada,"2,824",$6.31  ~ $12.89 ,$4.85 ,$38.81 ,0.13%,N/A,N/A
Automotive (Legacy),Hotels,United States,782,$5.91  ~ $14.35 ,$1.43 ,$2.85 ,0.41%,N/A,N/A
Automotive (Legacy),Hotels,Canada,210,$3.92  ~ $9.04 ,N/A,N/A,N/A,N/A,N/A
Automotive (Legacy),Green Solutions,United States,"1,590",$8.09  ~ $8.23 ,$4.73 ,N/A,0.17%,N/A,N/A
Automotive (Legacy),Business Software,Canada,"3,204",$7.79  ~ $16.59 ,$3.79 ,$56.90 ,0.21%,N/A,N/A
Automotive (Legacy),Business Software,United States,"19,741",$9.26  ~ $23.09 ,$3.75 ,$16.38 ,0.25%,N/A,N/A
Automotive (Legacy),Advertising,United States,"206,146",$0.64  ~ $0.79 ,$0.50 ,$4.55 ,0.16%,N/A,N/A
Automotive (Legacy),Advertising,Canada,"27,979",$0.33  ~ $0.68 ,$0.46 ,N/A,0.07%,N/A,N/A
Automotive (Legacy),Dogs,United States,51,$13.53  ~ $13.53 ,$0.54 ,N/A,2.50%,N/A,N/A
Automotive (Legacy),Business,Canada,"52,060",$5.04  ~ $6.47 ,$3.55 ,$41.55 ,0.14%,N/A,N/A
Automotive (Legacy),Business,United States,"527,179",$8.16  ~ $9.00 ,$2.91 ,$9.84 ,0.31%,N/A,N/A
Automotive (Legacy),Health & Fitness,United States,"326,781",$5.29  ~ $6.02 ,$3.36 ,$14.66 ,0.18%,N/A,N/A
Automotive (Legacy),Health & Fitness,Canada,"11,248",$3.87  ~ $4.63 ,$3.52 ,$31.39 ,0.13%,N/A,N/A
Automotive (Legacy),Senior Living,United States,"2,105",$6.70  ~ $8.17 ,$2.92 ,$10.21 ,0.23%,N/A,N/A
Automotive (Legacy),Career Planning,United States,"1,282",$2.07  ~ $4.42 ,N/A,N/A,N/A,N/A,N/A
Automotive (Legacy),Auto Parts,United States,67,$8.55  ~ $17.92 ,N/A,N/A,N/A,N/A,N/A
Automotive (Legacy),Graduate School,United States,"25,412",$8.14  ~ $8.67 ,$2.30 ,$9.18 ,0.35%,N/A,N/A
Automotive (Legacy),Graduate School,Canada,22,$6.25  ~ $13.90 ,$28.96 ,N/A,0.02%,N/A,N/A
Automotive (Legacy),Psychology/Psychiatry,United States,308,$0.00  ~ $0.00 ,N/A,N/A,N/A,N/A,N/A
Automotive (Legacy),Chronic Pain,United States,2,$0.00  ~ $0.00 ,N/A,N/A,N/A,N/A,N/A
Automotive (Legacy),Italian Cuisine,United States,3,$0.00  ~ $0.00 ,N/A,N/A,N/A,N/A,N/A
Automotive (Legacy),Legal Issues,United States,3,$0.00  ~ $0.00 ,N/A,N/A,N/A,N/A,N/A
Automotive (Legacy),By US Locale,United States,1,$0.00  ~ $0.00 ,N/A,N/A,N/A,N/A,N/A
Automotive (Legacy),Agriculture,Canada,323,$0.00  ~ $0.00 ,N/A,N/A,N/A,N/A,N/A
Automotive (Legacy),Logistics,United States,42,$0.00  ~ $0.00 ,N/A,N/A,N/A,N/A,N/A
Automotive (Legacy),Music,United States,"4,642",$0.00  ~ $0.00 ,N/A,N/A,N/A,N/A,N/A
Automotive (Legacy),Entertaining,United States,252,$0.00  ~ $0.00 ,N/A,N/A,N/A,N/A,N/A
Automotive (Legacy),Art/Technology,United States,651,$0.00  ~ $0.00 ,N/A,N/A,N/A,N/A,N/A
Automotive (Legacy),Teens,United States,37,$0.00  ~ $0.00 ,N/A,N/A,N/A,N/A,N/A
Automotive (Legacy),Pro Ice Hockey,Canada,36,$0.00  ~ $0.00 ,N/A,N/A,N/A,N/A,N/A
Automotive (Legacy),Comparison,United States,30,$0.00  ~ $0.00 ,N/A,N/A,N/A,N/A,N/A
Automotive (Legacy),Landscaping,United States,4,$0.00  ~ $0.00 ,N/A,N/A,N/A,N/A,N/A
Automotive (Legacy),Careers,Canada,452,$0.00  ~ $0.00 ,N/A,N/A,N/A,N/A,N/A
Automotive (Legacy),Distance Learning,United States,216,$0.00  ~ $0.00 ,N/A,N/A,N/A,N/A,N/A
Automotive (Legacy),Catholicism,United States,74,$0.00  ~ $0.00 ,N/A,N/A,N/A,N/A,N/A
Automotive (Legacy),Card Games,United States,"1,065",$0.00  ~ $0.00 ,N/A,N/A,N/A,N/A,N/A
Automotive (Legacy),Card Games,Canada,143,$0.00  ~ $0.00 ,N/A,N/A,N/A,N/A,N/A
Automotive (Legacy),Buying/Selling Homes,United States,24,$0.00  ~ $0.00 ,N/A,N/A,N/A,N/A,N/A
Automotive (Legacy),Job Search,Canada,15,$0.00  ~ $0.00 ,N/A,N/A,N/A,N/A,N/A
Automotive (Legacy),Cuisine-Specific,United States,203,$0.00  ~ $0.00 ,N/A,N/A,N/A,N/A,N/A
Automotive (Legacy),U.S. Government Resources,United States,1,$0.00  ~ $0.00 ,N/A,N/A,N/A,N/A,N/A
Automotive (Legacy),Dental Care,United States,17,$0.00  ~ $0.00 ,N/A,N/A,N/A,N/A,N/A
Automotive (Legacy),Substance Abuse,United States,95,$0.00  ~ $0.00 ,N/A,N/A,N/A,N/A,N/A
Automotive (Legacy),Investing,United States,13,$0.00  ~ $0.00 ,N/A,N/A,N/A,N/A,N/A
Business (Legacy),Family & Parenting,United States,"38,232",$6.53  ~ $8.33 ,$5.48 ,$15.74 ,0.12%,N/A,N/A
Business (Legacy),Family & Parenting,Canada,388,$3.92  ~ $3.94 ,N/A,N/A,N/A,N/A,N/A
Business (Legacy),Pediatrics,United States,"2,629",$7.69  ~ $8.16 ,$1.50 ,N/A,0.51%,N/A,N/A
Business (Legacy),Cold & Flu,United States,"24,730",$7.68  ~ $8.16 ,$5.15 ,$23.95 ,0.15%,N/A,N/A
Business (Legacy),Credit/Debt & Loans,United States,"62,407",$5.26  ~ $8.32 ,$1.60 ,$6.04 ,0.33%,N/A,N/A
Business (Legacy),Auto Parts,United States,52,$8.96  ~ $18.83 ,N/A,N/A,N/A,N/A,N/A
Business (Legacy),Marketing,United States,"11,137",$2.74  ~ $6.45 ,$2.00 ,$11.99 ,0.14%,N/A,N/A
Business (Legacy),Marketing,Canada,"6,004",$6.35  ~ $13.81 ,$6.95 ,$30.14 ,0.09%,N/A,N/A
Business (Legacy),News,Canada,"2,204",$8.17  ~ $10.09 ,$2.99 ,N/A,0.34%,N/A,N/A
Business (Legacy),News,United States,"57,253",$11.53  ~ $12.30 ,$5.01 ,$15.85 ,0.25%,N/A,N/A
Business (Legacy),Insurance,United States,"8,499",$10.89  ~ $11.26 ,$2.29 ,$81.26 ,0.48%,N/A,N/A
Business (Legacy),Agriculture,United States,958,$8.41  ~ $18.48 ,$3.74 ,$10.24 ,0.23%,N/A,N/A
Business (Legacy),Job Search,United States,"11,722",$13.63  ~ $16.05 ,$17.05 ,$64.95 ,0.08%,N/A,N/A
Business (Legacy),Biotech/Biomedical,United States,"19,968",$12.80  ~ $13.59 ,$1.95 ,$3.18 ,0.66%,N/A,N/A
Business (Legacy),Clothing,United States,"1,450",$6.73  ~ $6.73 ,$0.76 ,$1.25 ,0.88%,N/A,N/A
Business (Legacy),Private School,United States,"1,385",$6.78  ~ $14.11 ,$4.26 ,N/A,0.16%,N/A,N/A
Business (Legacy),Travel,Canada,"1,189",$7.95  ~ $8.55 ,$6.64 ,N/A,0.12%,N/A,N/A
Business (Legacy),Travel,United States,"270,535",$5.49  ~ $7.30 ,$2.14 ,$7.60 ,0.26%,N/A,N/A
Business (Legacy),Buying/Selling Cars,United States,"5,963",$8.04  ~ $8.16 ,$6.80 ,N/A,0.12%,N/A,N/A
Business (Legacy),Graduate School,United States,"34,103",$7.88  ~ $8.12 ,$2.05 ,$6.73 ,0.40%,N/A,N/A
Business (Legacy),Graduate School,Canada,18,$6.24  ~ $14.85 ,$4.15 ,$12.44 ,0.15%,N/A,N/A
Business (Legacy),Senior Living,United States,"4,211",$5.66  ~ $8.15 ,$5.10 ,N/A,0.11%,N/A,N/A
Business (Legacy),Arts & Entertainment,Canada,"12,923",$5.52  ~ $12.78 ,$2.88 ,$45.59 ,0.19%,N/A,N/A
Business (Legacy),Arts & Entertainment,United States,"57,626",$6.69  ~ $8.58 ,$2.23 ,$4.58 ,0.30%,N/A,N/A
Business (Legacy),Food & Drink,United States,"25,565",$4.11  ~ $6.55 ,$2.25 ,$3.38 ,0.29%,N/A,N/A
Business (Legacy),Food & Drink,Canada,"1,002",$2.58  ~ $5.18 ,$6.61 ,N/A,0.04%,N/A,N/A
Business (Legacy),Green Solutions,United States,"2,648",$8.05  ~ $8.36 ,$9.03 ,N/A,0.09%,N/A,N/A
Business (Legacy),Net Conferencing,United States,"1,674",$11.70  ~ $23.55 ,$115.39 ,N/A,0.01%,N/A,N/A
Business (Legacy),Net Conferencing,Canada,266,$11.70  ~ $25.97 ,N/A,N/A,N/A,N/A,N/A
Business (Legacy),Shopping,United States,"378,303",$6.69  ~ $7.16 ,$1.55 ,$2.06 ,0.43%,N/A,N/A
Business (Legacy),Shopping,Canada,"14,149",$7.26  ~ $17.24 ,$4.86 ,$19.42 ,0.15%,N/A,N/A
Business (Legacy),Interior Decorating,United States,"24,743",$5.82  ~ $9.25 ,$2.08 ,$6.32 ,0.28%,N/A,N/A
Business (Legacy),Interior Decorating,Canada,403,$3.87  ~ $3.87 ,$1.13 ,$1.13 ,0.34%,N/A,N/A
Business (Legacy),Dogs,United States,157,$13.01  ~ $13.01 ,$1.03 ,N/A,1.27%,N/A,N/A
Business (Legacy),Business Software,Canada,"6,249",$7.73  ~ $16.98 ,$3.36 ,N/A,0.23%,N/A,N/A
Business (Legacy),Business Software,United States,"82,254",$9.33  ~ $22.37 ,$2.08 ,$14.56 ,0.45%,N/A,N/A
Business (Legacy),Pets,United States,"4,018",$2.57  ~ $5.65 ,$1.69 ,N/A,0.34%,N/A,N/A
Business (Legacy),Pets,Canada,"3,119",$8.02  ~ $17.67 ,N/A,N/A,N/A,N/A,N/A
Business (Legacy),Job Fairs,United States,63,$7.14  ~ $15.51 ,$0.39 ,$1.67 ,1.85%,N/A,N/A
Business (Legacy),Theme Parks,United States,63,$19.20  ~ $41.19 ,$28.66 ,N/A,0.07%,N/A,N/A
Business (Legacy),Human Resources,United States,"9,067",$12.50  ~ $12.50 ,$1.54 ,$3.72 ,0.81%,N/A,N/A
Business (Legacy),Government,United States,232,$8.20  ~ $8.20 ,N/A,N/A,N/A,N/A,N/A
Business (Legacy),Government,Canada,39,$7.93  ~ $19.25 ,$6.98 ,N/A,0.11%,N/A,N/A
Business (Legacy),"Law, Gov't & Politics",United States,"2,378",$11.63  ~ $16.12 ,$10.92 ,N/A,0.15%,N/A,N/A
Business (Legacy),"Law, Gov't & Politics",Canada,30,$3.92  ~ $9.60 ,N/A,N/A,N/A,N/A,N/A
Business (Legacy),Home & Garden,United States,"79,026",$6.35  ~ $7.69 ,$1.81 ,$4.08 ,0.35%,N/A,N/A
Business (Legacy),Home & Garden,Canada,"6,000",$1.40  ~ $3.10 ,$1.80 ,$2.70 ,0.08%,N/A,N/A
Business (Legacy),Remodeling & Construction,United States,"4,547",$5.21  ~ $10.46 ,N/A,N/A,N/A,N/A,N/A
Business (Legacy),Automotive,Canada,"11,992",$4.94  ~ $7.69 ,$4.82 ,$25.70 ,0.10%,N/A,N/A
Business (Legacy),Automotive,United States,"92,504",$5.32  ~ $5.52 ,$3.24 ,$9.65 ,0.16%,N/A,N/A
Business (Legacy),Career Planning,United States,"3,570",$2.29  ~ $5.61 ,$1.22 ,$1.62 ,0.19%,N/A,N/A
Business (Legacy),Politics,United States,"8,329",$8.14  ~ $8.25 ,$4.41 ,N/A,0.19%,N/A,N/A
Business (Legacy),Education,Canada,"75,429",$3.02  ~ $8.54 ,$2.05 ,$6.40 ,0.15%,N/A,N/A
Business (Legacy),Education,United States,"235,864",$8.35  ~ $8.99 ,$2.62 ,$6.30 ,0.32%,N/A,N/A
Business (Legacy),Hobbies & Interests,United States,"56,598",$8.85  ~ $10.35 ,$3.28 ,$9.16 ,0.27%,N/A,N/A
Business (Legacy),Hobbies & Interests,Canada,306,$8.29  ~ $18.27 ,$3.17 ,N/A,0.26%,N/A,N/A
Business (Legacy),Home Repair,United States,"5,960",$7.79  ~ $18.25 ,$1.88 ,$72.25 ,0.41%,N/A,N/A
Business (Legacy),Advertising,Canada,"65,152",$0.36  ~ $0.80 ,$0.41 ,$7.02 ,0.09%,N/A,N/A
Business (Legacy),Advertising,United States,"370,013",$0.63  ~ $0.90 ,$0.53 ,$2.24 ,0.17%,N/A,N/A
Business (Legacy),Large Animals,United States,"2,698",$8.16  ~ $9.50 ,$2.75 ,$4.40 ,0.35%,N/A,N/A
Business (Legacy),Construction,United States,"4,298",$4.87  ~ $10.86 ,$2.15 ,$3.23 ,0.23%,N/A,N/A
Business (Legacy),Careers,United States,"23,876",$8.87  ~ $11.19 ,$2.95 ,$8.52 ,0.30%,N/A,N/A
Business (Legacy),Careers,Canada,595,$0.00  ~ $0.00 ,N/A,N/A,N/A,N/A,N/A
Business (Legacy),Investing,Canada,223,$24.82  ~ $24.82 ,$4.99 ,$34.95 ,0.50%,N/A,N/A
Business (Legacy),Adventure Travel,United States,"15,549",$4.22  ~ $9.48 ,$2.85 ,$10.69 ,0.15%,N/A,N/A
Business (Legacy),Cigars,United States,"42,288",$10.67  ~ $11.10 ,$3.83 ,N/A,0.28%,N/A,N/A
Business (Legacy),Exercise,United States,52,$1.27  ~ $3.11 ,N/A,N/A,N/A,N/A,N/A
Business (Legacy),Health & Fitness,United States,"452,581",$5.51  ~ $6.02 ,$4.43 ,$13.01 ,0.14%,N/A,N/A
Business (Legacy),Health & Fitness,Canada,"19,691",$4.14  ~ $4.76 ,$3.63 ,$12.87 ,0.13%,N/A,N/A
Business (Legacy),Business,Canada,"118,357",$5.15  ~ $6.30 ,$5.45 ,$54.48 ,0.09%,N/A,N/A
Business (Legacy),Business,United States,"969,785",$8.71  ~ $11.08 ,$3.56 ,$12.38 ,0.31%,N/A,N/A
Business (Legacy),Alternative Medicine,United States,"42,288",$10.67  ~ $11.10 ,$3.83 ,N/A,0.28%,N/A,N/A
Business (Legacy),Cancer,Canada,"3,114",$5.37  ~ $5.37 ,$1.25 ,$16.28 ,0.43%,N/A,N/A
Business (Legacy),Appliances,Canada,"6,043",$6.26  ~ $7.88 ,$6.94 ,N/A,0.11%,N/A,N/A
Business (Legacy),Appliances,United States,"1,890",$9.00  ~ $10.32 ,$9.85 ,N/A,0.09%,N/A,N/A
Business (Legacy),Arthritis,United States,"1,390",$2.59  ~ $5.71 ,N/A,N/A,N/A,N/A,N/A
Business (Legacy),Hotels,United States,"1,213",$5.52  ~ $11.75 ,$1.34 ,$4.93 ,0.41%,N/A,N/A
Business (Legacy),Hotels,Canada,405,$3.92  ~ $8.77 ,$3.57 ,N/A,0.11%,N/A,N/A
Business (Legacy),Cocktails/Beer,United States,452,$20.49  ~ $20.52 ,$6.83 ,N/A,0.30%,N/A,N/A
Business (Legacy),Personal Finance,Canada,"4,443",$6.23  ~ $7.93 ,$3.49 ,$15.38 ,0.23%,N/A,N/A
Business (Legacy),Personal Finance,United States,"765,645",$8.53  ~ $8.74 ,$3.89 ,$14.54 ,0.22%,N/A,N/A
Business (Legacy),Real Estate,United States,"120,908",$4.91  ~ $6.30 ,$3.92 ,$11.25 ,0.16%,N/A,N/A
Business (Legacy),Real Estate,Canada,253,$8.13  ~ $17.47 ,N/A,N/A,N/A,N/A,N/A
Business (Legacy),Card Games,Canada,243,$0.00  ~ $0.00 ,N/A,N/A,N/A,N/A,N/A
Business (Legacy),Card Games,United States,"3,265",$0.00  ~ $0.00 ,N/A,N/A,N/A,N/A,N/A
Business (Legacy),Catholicism,United States,105,$0.00  ~ $0.00 ,N/A,N/A,N/A,N/A,N/A
Business (Legacy),Landscaping,United States,9,$0.00  ~ $0.00 ,N/A,N/A,N/A,N/A,N/A
Business (Legacy),Distance Learning,United States,82,$0.00  ~ $0.00 ,N/A,N/A,N/A,N/A,N/A
Business (Legacy),Logistics,United States,128,$0.00  ~ $0.00 ,N/A,N/A,N/A,N/A,N/A
Business (Legacy),Pro Ice Hockey,Canada,36,$0.00  ~ $0.00 ,N/A,N/A,N/A,N/A,N/A
Business (Legacy),Legal Issues,United States,4,$0.00  ~ $0.00 ,N/A,N/A,N/A,N/A,N/A
Business (Legacy),Dental Care,United States,47,$0.00  ~ $0.00 ,N/A,N/A,N/A,N/A,N/A
Business (Legacy),Comparison,United States,30,$0.00  ~ $0.00 ,N/A,N/A,N/A,N/A,N/A
Business (Legacy),Insurance,Canada,1,$0.00  ~ $0.00 ,N/A,N/A,N/A,N/A,N/A
Business (Legacy),Buying/Selling Homes,United States,20,$0.00  ~ $0.00 ,N/A,N/A,N/A,N/A,N/A
Business (Legacy),Substance Abuse,United States,101,$0.00  ~ $0.00 ,N/A,N/A,N/A,N/A,N/A
Business (Legacy),College Life,Canada,10,$0.00  ~ $0.00 ,N/A,N/A,N/A,N/A,N/A
Business (Legacy),Job Search,Canada,5,$0.00  ~ $0.00 ,N/A,N/A,N/A,N/A,N/A
Business (Legacy),Italian Cuisine,United States,1,$0.00  ~ $0.00 ,N/A,N/A,N/A,N/A,N/A
Business (Legacy),Teens,United States,25,$0.00  ~ $0.00 ,N/A,N/A,N/A,N/A,N/A
Business (Legacy),Entertaining,United States,202,$0.00  ~ $0.00 ,N/A,N/A,N/A,N/A,N/A
Business (Legacy),Cuisine-Specific,United States,92,$0.00  ~ $0.00 ,N/A,N/A,N/A,N/A,N/A
Business (Legacy),Music,United States,"4,351",$0.00  ~ $0.00 ,N/A,N/A,N/A,N/A,N/A
Business (Legacy),Psychology/Psychiatry,United States,106,$0.00  ~ $0.00 ,N/A,N/A,N/A,N/A,N/A
Business (Legacy),By US Locale,United States,7,$0.00  ~ $0.00 ,N/A,N/A,N/A,N/A,N/A
Business (Legacy),Spas,United States,1,$0.00  ~ $0.00 ,N/A,N/A,N/A,N/A,N/A
Business (Legacy),Investing,United States,"1,000",$0.00  ~ $0.00 ,N/A,N/A,N/A,N/A,N/A
Business (Legacy),Chronic Pain,United States,5,$0.00  ~ $0.00 ,N/A,N/A,N/A,N/A,N/A
Business (Legacy),Art/Technology,United States,459,$0.00  ~ $0.00 ,N/A,N/A,N/A,N/A,N/A
Business (Legacy),Construction,Canada,1,$0.00  ~ $0.00 ,N/A,N/A,N/A,N/A,N/A
Business (Legacy),Agriculture,Canada,262,$0.00  ~ $0.00 ,N/A,N/A,N/A,N/A,N/A
Careers (Legacy),Auto Parts,United States,27,$9.05  ~ $21.44 ,N/A,N/A,N/A,N/A,N/A
Careers (Legacy),Advertising,Canada,"26,928",$0.91  ~ $2.00 ,$0.50 ,$10.96 ,0.18%,N/A,N/A
Careers (Legacy),Advertising,United States,"297,628",$0.62  ~ $1.81 ,$0.42 ,$1.49 ,0.43%,N/A,N/A
Careers (Legacy),Arthritis,United States,602,$2.92  ~ $5.90 ,$0.48 ,$1.43 ,0.61%,N/A,N/A
Careers (Legacy),Remodeling & Construction,United States,"2,571",$5.74  ~ $12.67 ,$1.15 ,$2.88 ,0.50%,N/A,N/A
Careers (Legacy),Theme Parks,United States,23,$19.23  ~ $40.88 ,$14.51 ,N/A,0.13%,N/A,N/A
Careers (Legacy),Business,Canada,"31,472",$5.16  ~ $5.47 ,$2.68 ,$16.70 ,0.20%,N/A,N/A
Careers (Legacy),Business,United States,"380,077",$9.26  ~ $12.58 ,$1.65 ,$4.77 ,0.76%,N/A,N/A
Careers (Legacy),Exercise,United States,75,$1.31  ~ $2.79 ,N/A,N/A,N/A,N/A,N/A
Careers (Legacy),Investing,Canada,156,$24.84  ~ $24.84 ,$20.22 ,$40.45 ,0.12%,N/A,N/A
Careers (Legacy),Green Solutions,United States,852,$8.09  ~ $8.20 ,$2.38 ,N/A,0.34%,N/A,N/A
Careers (Legacy),Agriculture,United States,893,$8.37  ~ $17.45 ,$3.38 ,$12.46 ,0.25%,N/A,N/A
Careers (Legacy),Career Planning,United States,"1,181",$2.26  ~ $5.55 ,N/A,N/A,N/A,N/A,N/A
Careers (Legacy),Interior Decorating,United States,"13,875",$5.91  ~ $8.13 ,$1.56 ,$4.34 ,0.38%,N/A,N/A
Careers (Legacy),Interior Decorating,Canada,96,$3.87  ~ $3.87 ,N/A,N/A,N/A,N/A,N/A
Careers (Legacy),Alternative Medicine,United States,"27,847",$10.57  ~ $11.12 ,$2.63 ,N/A,0.40%,N/A,N/A
Careers (Legacy),Private School,United States,880,$6.77  ~ $15.73 ,$5.16 ,$12.78 ,0.13%,N/A,N/A
Careers (Legacy),Automotive,Canada,"4,188",$4.60  ~ $7.78 ,$2.39 ,$20.69 ,0.19%,N/A,N/A
Careers (Legacy),Automotive,United States,"36,321",$5.76  ~ $6.15 ,$1.36 ,$2.48 ,0.42%,N/A,N/A
Careers (Legacy),Biotech/Biomedical,United States,"9,359",$13.24  ~ $14.53 ,$0.83 ,$1.07 ,1.59%,N/A,N/A
Careers (Legacy),Graduate School,Canada,7,$6.28  ~ $15.41 ,$2.32 ,$4.63 ,0.27%,N/A,N/A
Careers (Legacy),Graduate School,United States,"23,927",$8.15  ~ $8.80 ,$0.97 ,$2.05 ,0.84%,N/A,N/A
Careers (Legacy),Net Conferencing,United States,"2,601",$11.49  ~ $26.30 ,$36.93 ,N/A,0.03%,N/A,N/A
Careers (Legacy),Net Conferencing,Canada,469,$11.27  ~ $25.86 ,$5.00 ,N/A,0.23%,N/A,N/A
Careers (Legacy),Construction,United States,"2,496",$7.00  ~ $16.70 ,$1.83 ,$3.05 ,0.38%,N/A,N/A
Careers (Legacy),Pediatrics,United States,"1,752",$7.85  ~ $8.14 ,$0.84 ,N/A,0.93%,N/A,N/A
Careers (Legacy),Education,Canada,"21,134",$4.53  ~ $8.14 ,$2.10 ,$9.25 ,0.22%,N/A,N/A
Careers (Legacy),Education,United States,"136,766",$8.44  ~ $8.74 ,$1.17 ,$2.25 ,0.72%,N/A,N/A
Careers (Legacy),Insurance,United States,"5,205",$10.35  ~ $10.97 ,$1.18 ,$58.29 ,0.88%,N/A,N/A
Careers (Legacy),Travel,United States,"143,457",$5.27  ~ $7.41 ,$1.21 ,$3.30 ,0.44%,N/A,N/A
Careers (Legacy),Travel,Canada,458,$8.07  ~ $8.58 ,$3.86 ,N/A,0.21%,N/A,N/A
Careers (Legacy),Pets,Canada,"1,069",$8.02  ~ $16.72 ,N/A,N/A,N/A,N/A,N/A
Careers (Legacy),Pets,United States,"2,333",$2.65  ~ $10.32 ,$2.37 ,N/A,0.43%,N/A,N/A
Careers (Legacy),Buying/Selling Cars,United States,"2,988",$8.06  ~ $8.15 ,$3.16 ,$0.66 ,0.26%,N/A,N/A
Careers (Legacy),"Law, Gov't & Politics",United States,"1,309",$11.71  ~ $15.76 ,$6.94 ,N/A,0.23%,N/A,N/A
Careers (Legacy),"Law, Gov't & Politics",Canada,38,$3.90  ~ $9.09 ,$0.39 ,N/A,0.99%,N/A,N/A
Careers (Legacy),Politics,United States,"6,154",$8.16  ~ $8.27 ,$3.74 ,N/A,0.22%,N/A,N/A
Careers (Legacy),Job Fairs,United States,41,$7.11  ~ $16.01 ,$0.18 ,$0.75 ,4.05%,N/A,N/A
Careers (Legacy),Food & Drink,United States,"16,322",$4.01  ~ $7.44 ,$1.04 ,$1.79 ,0.72%,N/A,N/A
Careers (Legacy),Food & Drink,Canada,"1,351",$2.30  ~ $5.67 ,$3.17 ,N/A,0.07%,N/A,N/A
Careers (Legacy),Home Repair,United States,"4,792",$7.67  ~ $18.81 ,$0.83 ,$12.06 ,0.93%,N/A,N/A
Careers (Legacy),Credit/Debt & Loans,United States,"22,600",$6.07  ~ $8.86 ,$0.99 ,$2.00 ,0.61%,N/A,N/A
Careers (Legacy),Hotels,United States,"2,171",$6.81  ~ $16.47 ,$2.28 ,$9.11 ,0.30%,N/A,N/A
Careers (Legacy),Hotels,Canada,229,$3.91  ~ $9.36 ,$1.99 ,N/A,0.20%,N/A,N/A
Careers (Legacy),Business Software,Canada,"3,500",$7.96  ~ $17.63 ,$2.27 ,$34.73 ,0.35%,N/A,N/A
Careers (Legacy),Business Software,United States,"74,352",$8.88  ~ $21.03 ,$1.73 ,$14.68 ,0.51%,N/A,N/A
Careers (Legacy),Cold & Flu,United States,"13,196",$7.31  ~ $8.15 ,$1.82 ,$5.89 ,0.40%,N/A,N/A
Careers (Legacy),Cigars,United States,"27,847",$10.57  ~ $11.12 ,$2.63 ,N/A,0.40%,N/A,N/A
Careers (Legacy),Arts & Entertainment,United States,"36,031",$6.99  ~ $8.53 ,$0.63 ,$0.86 ,1.10%,N/A,N/A
Careers (Legacy),Arts & Entertainment,Canada,"7,161",$5.57  ~ $11.93 ,$2.02 ,N/A,0.28%,N/A,N/A
Careers (Legacy),Personal Finance,Canada,"2,197",$5.29  ~ $13.87 ,$3.74 ,$21.43 ,0.37%,N/A,N/A
Careers (Legacy),Personal Finance,United States,"251,438",$8.76  ~ $8.84 ,$2.20 ,$5.13 ,0.40%,N/A,N/A
Careers (Legacy),Hobbies & Interests,United States,"37,247",$8.85  ~ $10.51 ,$2.48 ,$5.22 ,0.36%,N/A,N/A
Careers (Legacy),Hobbies & Interests,Canada,150,$8.26  ~ $18.14 ,N/A,N/A,N/A,N/A,N/A
Careers (Legacy),Shopping,United States,"245,696",$7.19  ~ $7.39 ,$0.71 ,$0.85 ,1.01%,N/A,N/A
Careers (Legacy),Shopping,Canada,"4,818",$7.28  ~ $17.49 ,$6.01 ,N/A,0.12%,N/A,N/A
Careers (Legacy),Family & Parenting,United States,"24,984",$6.64  ~ $8.42 ,$2.07 ,$3.44 ,0.32%,N/A,N/A
Careers (Legacy),Family & Parenting,Canada,170,$3.89  ~ $3.90 ,N/A,N/A,N/A,N/A,N/A
Careers (Legacy),Dogs,United States,44,$14.46  ~ $14.46 ,$0.45 ,N/A,3.20%,N/A,N/A
Careers (Legacy),News,United States,"46,492",$10.60  ~ $12.29 ,$3.86 ,$18.61 ,0.32%,N/A,N/A
Careers (Legacy),News,Canada,"1,650",$8.16  ~ $11.66 ,$3.33 ,$43.18 ,0.35%,N/A,N/A
Careers (Legacy),Large Animals,United States,"2,002",$8.16  ~ $8.75 ,$2.29 ,$6.88 ,0.38%,N/A,N/A
Careers (Legacy),Government,United States,124,$8.23  ~ $8.23 ,N/A,N/A,N/A,N/A,N/A
Careers (Legacy),Government,Canada,52,$7.87  ~ $18.37 ,N/A,N/A,N/A,N/A,N/A
Careers (Legacy),Cocktails/Beer,United States,403,$20.41  ~ $20.50 ,$5.03 ,N/A,0.41%,N/A,N/A
Careers (Legacy),Home & Garden,United States,"46,253",$6.60  ~ $7.80 ,$1.05 ,$2.16 ,0.63%,N/A,N/A
Careers (Legacy),Home & Garden,Canada,"1,156",$4.73  ~ $11.59 ,$1.67 ,$5.01 ,0.28%,N/A,N/A
Careers (Legacy),Real Estate,Canada,201,$8.08  ~ $18.91 ,N/A,N/A,N/A,N/A,N/A
Careers (Legacy),Real Estate,United States,"31,653",$4.78  ~ $5.55 ,$1.02 ,$1.90 ,0.55%,N/A,N/A
Careers (Legacy),Human Resources,United States,"4,915",$12.42  ~ $12.42 ,$1.06 ,$1.78 ,1.17%,N/A,N/A
Careers (Legacy),Careers,United States,"10,678",$8.50  ~ $9.40 ,$1.38 ,$2.90 ,0.61%,N/A,N/A
Careers (Legacy),Clothing,United States,"1,165",$6.96  ~ $6.96 ,$0.47 ,$0.62 ,1.48%,N/A,N/A
Careers (Legacy),Appliances,Canada,"1,243",$7.92  ~ $8.78 ,N/A,N/A,N/A,N/A,N/A
Careers (Legacy),Appliances,United States,872,$7.69  ~ $10.37 ,N/A,N/A,N/A,N/A,N/A
Careers (Legacy),Cancer,Canada,"1,265",$5.40  ~ $5.40 ,$2.61 ,$18.28 ,0.21%,N/A,N/A
Careers (Legacy),Job Search,United States,"5,902",$13.59  ~ $15.78 ,$5.35 ,$20.11 ,0.25%,N/A,N/A
Careers (Legacy),Health & Fitness,United States,"243,066",$5.61  ~ $6.60 ,$2.41 ,$4.55 ,0.27%,N/A,N/A
Careers (Legacy),Health & Fitness,Canada,"9,048",$4.39  ~ $5.32 ,$2.44 ,$20.03 ,0.22%,N/A,N/A
Careers (Legacy),Adventure Travel,United States,"6,878",$4.32  ~ $9.28 ,$1.10 ,$3.85 ,0.39%,N/A,N/A
Careers (Legacy),Marketing,United States,"6,329",$3.00  ~ $7.13 ,$1.80 ,$10.78 ,0.17%,N/A,N/A
Careers (Legacy),Marketing,Canada,"1,635",$6.40  ~ $14.36 ,$3.42 ,$16.26 ,0.19%,N/A,N/A
Careers (Legacy),Senior Living,United States,"1,854",$6.74  ~ $8.16 ,$1.50 ,$5.98 ,0.45%,N/A,N/A
Careers (Legacy),Entertaining,United States,146,$0.00  ~ $0.00 ,N/A,N/A,N/A,N/A,N/A
Careers (Legacy),Careers,Canada,492,$0.00  ~ $0.00 ,N/A,N/A,N/A,N/A,N/A
Careers (Legacy),Agriculture,Canada,165,$0.00  ~ $0.00 ,N/A,N/A,N/A,N/A,N/A
Careers (Legacy),Teens,United States,33,$0.00  ~ $0.00 ,N/A,N/A,N/A,N/A,N/A
Careers (Legacy),Pro Ice Hockey,Canada,2,$0.00  ~ $0.00 ,N/A,N/A,N/A,N/A,N/A
Careers (Legacy),Substance Abuse,United States,48,$0.00  ~ $0.00 ,N/A,N/A,N/A,N/A,N/A
Careers (Legacy),College Life,Canada,3,$0.00  ~ $0.00 ,N/A,N/A,N/A,N/A,N/A
Careers (Legacy),Investing,United States,17,$0.00  ~ $0.00 ,N/A,N/A,N/A,N/A,N/A
Careers (Legacy),Distance Learning,United States,59,$0.00  ~ $0.00 ,N/A,N/A,N/A,N/A,N/A
Careers (Legacy),By US Locale,United States,3,$0.00  ~ $0.00 ,N/A,N/A,N/A,N/A,N/A
Careers (Legacy),Music,United States,"3,038",$0.00  ~ $0.00 ,N/A,N/A,N/A,N/A,N/A
Careers (Legacy),Art/Technology,United States,260,$0.00  ~ $0.00 ,N/A,N/A,N/A,N/A,N/A
Careers (Legacy),Italian Cuisine,United States,5,$0.00  ~ $0.00 ,N/A,N/A,N/A,N/A,N/A
Careers (Legacy),Gardening,Canada,1,$0.00  ~ $0.00 ,N/A,N/A,N/A,N/A,N/A
Careers (Legacy),Cuisine-Specific,United States,90,$0.00  ~ $0.00 ,N/A,N/A,N/A,N/A,N/A
Careers (Legacy),Job Search,Canada,6,$0.00  ~ $0.00 ,N/A,N/A,N/A,N/A,N/A
Careers (Legacy),Logistics,United States,29,$0.00  ~ $0.00 ,N/A,N/A,N/A,N/A,N/A
Careers (Legacy),Dental Care,United States,20,$0.00  ~ $0.00 ,N/A,N/A,N/A,N/A,N/A
Careers (Legacy),Card Games,Canada,211,$0.00  ~ $0.00 ,N/A,N/A,N/A,N/A,N/A
Careers (Legacy),Card Games,United States,"5,809",$0.00  ~ $0.00 ,N/A,N/A,N/A,N/A,N/A
Careers (Legacy),Landscaping,United States,1,$0.00  ~ $0.00 ,N/A,N/A,N/A,N/A,N/A
Careers (Legacy),Insurance,Canada,1,$0.00  ~ $0.00 ,N/A,N/A,N/A,N/A,N/A
Careers (Legacy),Comparison,United States,24,$0.00  ~ $0.00 ,N/A,N/A,N/A,N/A,N/A
Careers (Legacy),Chronic Pain,United States,2,$0.00  ~ $0.00 ,N/A,N/A,N/A,N/A,N/A
Careers (Legacy),Psychology/Psychiatry,United States,37,$0.00  ~ $0.00 ,N/A,N/A,N/A,N/A,N/A
Careers (Legacy),U.S. Government Resources,United States,11,$0.00  ~ $0.00 ,N/A,N/A,N/A,N/A,N/A
Careers (Legacy),Catholicism,United States,87,$0.00  ~ $0.00 ,N/A,N/A,N/A,N/A,N/A
Careers (Legacy),Buying/Selling Homes,United States,11,$0.00  ~ $0.00 ,N/A,N/A,N/A,N/A,N/A
Education (Legacy),Automotive,Canada,"6,074",$4.34  ~ $7.78 ,$4.94 ,$103.84 ,0.09%,N/A,N/A
Education (Legacy),Automotive,United States,"75,899",$5.39  ~ $5.71 ,$4.40 ,$38.35 ,0.12%,N/A,N/A
Education (Legacy),Theme Parks,United States,55,$19.25  ~ $42.35 ,N/A,N/A,N/A,N/A,N/A
Education (Legacy),Education,Canada,"50,603",$3.45  ~ $8.15 ,$2.59 ,$11.46 ,0.13%,N/A,N/A
Education (Legacy),Education,United States,"273,115",$7.51  ~ $7.89 ,$3.31 ,$23.19 ,0.23%,N/A,N/A
Education (Legacy),Large Animals,United States,"1,599",$8.15  ~ $9.03 ,$5.43 ,$32.56 ,0.17%,N/A,N/A
Education (Legacy),Shopping,United States,"340,187",$6.31  ~ $6.81 ,$3.09 ,$17.34 ,0.20%,N/A,N/A
Education (Legacy),Shopping,Canada,"6,248",$7.36  ~ $14.77 ,$5.53 ,N/A,0.13%,N/A,N/A
Education (Legacy),Careers,United States,"29,728",$8.57  ~ $9.56 ,$3.42 ,$18.63 ,0.25%,N/A,N/A
Education (Legacy),Careers,Canada,515,$0.00  ~ $0.00 ,N/A,N/A,N/A,N/A,N/A
Education (Legacy),Senior Living,United States,"4,809",$6.05  ~ $8.14 ,$1.92 ,$8.15 ,0.32%,N/A,N/A
Education (Legacy),Politics,United States,"9,515",$8.15  ~ $8.22 ,$4.15 ,N/A,0.20%,N/A,N/A
Education (Legacy),Insurance,United States,"9,244",$11.36  ~ $11.79 ,$4.95 ,N/A,0.23%,N/A,N/A
Education (Legacy),Travel,United States,"231,547",$5.41  ~ $7.51 ,$1.90 ,$10.98 ,0.28%,N/A,N/A
Education (Legacy),Travel,Canada,"1,044",$7.75  ~ $8.56 ,$3.76 ,N/A,0.21%,N/A,N/A
Education (Legacy),Job Search,United States,"4,729",$13.76  ~ $15.82 ,$10.06 ,$78.46 ,0.14%,N/A,N/A
Education (Legacy),Hobbies & Interests,United States,"64,907",$9.50  ~ $10.93 ,$4.33 ,$31.36 ,0.22%,N/A,N/A
Education (Legacy),Hobbies & Interests,Canada,162,$8.21  ~ $20.09 ,N/A,N/A,N/A,N/A,N/A
Education (Legacy),Adventure Travel,United States,"13,533",$4.17  ~ $10.16 ,$2.36 ,$49.59 ,0.18%,N/A,N/A
Education (Legacy),Clothing,United States,"2,409",$6.30  ~ $6.30 ,$2.57 ,N/A,0.25%,N/A,N/A
Education (Legacy),Private School,United States,"3,353",$6.77  ~ $16.71 ,$7.41 ,N/A,0.09%,N/A,N/A
Education (Legacy),Construction,United States,"4,705",$5.57  ~ $12.74 ,$4.80 ,$7.20 ,0.12%,N/A,N/A
Education (Legacy),"Law, Gov't & Politics",United States,"3,008",$11.23  ~ $16.46 ,$12.80 ,N/A,0.13%,N/A,N/A
Education (Legacy),"Law, Gov't & Politics",Canada,49,$3.92  ~ $8.91 ,N/A,N/A,N/A,N/A,N/A
Education (Legacy),Marketing,United States,"12,157",$2.75  ~ $6.18 ,$1.59 ,N/A,0.17%,N/A,N/A
Education (Legacy),Marketing,Canada,"2,127",$6.39  ~ $13.12 ,$4.29 ,$64.30 ,0.15%,N/A,N/A
Education (Legacy),Hotels,United States,816,$6.48  ~ $13.13 ,$2.53 ,$8.84 ,0.26%,N/A,N/A
Education (Legacy),Hotels,Canada,490,$3.90  ~ $8.67 ,$5.90 ,N/A,0.07%,N/A,N/A
Education (Legacy),Advertising,Canada,"46,384",$0.63  ~ $1.27 ,$0.46 ,$11.94 ,0.14%,N/A,N/A
Education (Legacy),Advertising,United States,"269,404",$0.63  ~ $0.66 ,$0.38 ,$10.00 ,0.17%,N/A,N/A
Education (Legacy),Green Solutions,United States,"1,983",$8.10  ~ $8.27 ,$8.28 ,N/A,0.10%,N/A,N/A
Education (Legacy),Government,United States,187,$8.20  ~ $8.20 ,$1.96 ,N/A,0.42%,N/A,N/A
Education (Legacy),Government,Canada,11,$7.92  ~ $19.23 ,N/A,N/A,N/A,N/A,N/A
Education (Legacy),Auto Parts,United States,93,$8.93  ~ $20.73 ,$2.39 ,$2.39 ,0.37%,N/A,N/A
Education (Legacy),Personal Finance,Canada,"2,891",$5.47  ~ $10.89 ,$5.26 ,N/A,0.21%,N/A,N/A
Education (Legacy),Personal Finance,United States,"549,261",$8.62  ~ $8.91 ,$4.60 ,$28.66 ,0.19%,N/A,N/A
Education (Legacy),Appliances,Canada,"3,937",$7.83  ~ $10.05 ,$9.42 ,N/A,0.08%,N/A,N/A
Education (Legacy),Appliances,United States,"2,393",$6.83  ~ $10.18 ,$16.65 ,N/A,0.04%,N/A,N/A
Education (Legacy),Arthritis,United States,"2,091",$2.67  ~ $6.15 ,$1.56 ,N/A,0.17%,N/A,N/A
Education (Legacy),Job Fairs,United States,122,$7.72  ~ $16.74 ,$2.49 ,$2.49 ,0.31%,N/A,N/A
Education (Legacy),Job Fairs,Canada,2,$5.35  ~ $13.18 ,N/A,N/A,N/A,N/A,N/A
Education (Legacy),Business,Canada,"70,859",$5.12  ~ $5.48 ,$2.65 ,$25.47 ,0.19%,N/A,N/A
Education (Legacy),Business,United States,"724,963",$8.70  ~ $10.12 ,$4.19 ,$24.17 ,0.24%,N/A,N/A
Education (Legacy),Business Software,Canada,"5,155",$7.89  ~ $16.77 ,$4.94 ,$32.92 ,0.16%,N/A,N/A
Education (Legacy),Business Software,United States,"33,145",$9.37  ~ $21.78 ,$3.60 ,$32.31 ,0.26%,N/A,N/A
Education (Legacy),Pediatrics,United States,"2,928",$7.58  ~ $8.15 ,$3.93 ,N/A,0.19%,N/A,N/A
Education (Legacy),Credit/Debt & Loans,United States,"33,455",$5.31  ~ $8.86 ,$1.87 ,$17.40 ,0.28%,N/A,N/A
Education (Legacy),Graduate School,United States,"36,498",$7.65  ~ $8.10 ,$2.20 ,$17.73 ,0.37%,N/A,N/A
Education (Legacy),Graduate School,Canada,29,$6.28  ~ $15.22 ,$18.39 ,N/A,0.03%,N/A,N/A
Education (Legacy),Human Resources,United States,"7,615",$12.48  ~ $12.48 ,$2.37 ,$14.92 ,0.53%,N/A,N/A
Education (Legacy),Food & Drink,United States,"31,594",$3.97  ~ $7.03 ,$2.48 ,$8.67 ,0.28%,N/A,N/A
Education (Legacy),Food & Drink,Canada,652,$2.18  ~ $5.31 ,N/A,N/A,N/A,N/A,N/A
Education (Legacy),Alternative Medicine,United States,"34,311",$10.66  ~ $11.06 ,$2.69 ,N/A,0.40%,N/A,N/A
Education (Legacy),Cancer,Canada,"1,243",$5.39  ~ $5.39 ,$1.93 ,N/A,0.28%,N/A,N/A
Education (Legacy),Family & Parenting,United States,"37,518",$6.81  ~ $8.31 ,$5.83 ,$40.97 ,0.12%,N/A,N/A
Education (Legacy),Family & Parenting,Canada,293,$3.81  ~ $3.91 ,N/A,N/A,N/A,N/A,N/A
Education (Legacy),Health & Fitness,United States,"477,886",$6.42  ~ $6.81 ,$5.21 ,$34.93 ,0.13%,N/A,N/A
Education (Legacy),Health & Fitness,Canada,"13,814",$4.22  ~ $5.13 ,$4.28 ,$31.23 ,0.12%,N/A,N/A
Education (Legacy),Exercise,United States,57,$1.36  ~ $3.36 ,N/A,N/A,N/A,N/A,N/A
Education (Legacy),Arts & Entertainment,Canada,"4,637",$6.44  ~ $13.21 ,$5.98 ,N/A,0.11%,N/A,N/A
Education (Legacy),Arts & Entertainment,United States,"64,755",$7.29  ~ $8.69 ,$4.75 ,$27.16 ,0.15%,N/A,N/A
Education (Legacy),Home & Garden,United States,"122,932",$6.34  ~ $7.77 ,$3.20 ,$31.17 ,0.20%,N/A,N/A
Education (Legacy),Home & Garden,Canada,"2,742",$5.44  ~ $12.66 ,$1.95 ,N/A,0.28%,N/A,N/A
Education (Legacy),Home Repair,United States,"9,174",$7.62  ~ $18.04 ,$3.99 ,$43.64 ,0.19%,N/A,N/A
Education (Legacy),Buying/Selling Cars,United States,"9,005",$8.10  ~ $8.15 ,$17.85 ,N/A,0.05%,N/A,N/A
Education (Legacy),Cocktails/Beer,United States,297,$20.35  ~ $20.42 ,$3.34 ,$30.06 ,0.61%,N/A,N/A
Education (Legacy),Biotech/Biomedical,United States,"17,073",$10.32  ~ $15.00 ,$7.95 ,$42.71 ,0.13%,N/A,N/A
Education (Legacy),Agriculture,United States,"2,916",$8.36  ~ $16.94 ,$3.48 ,$8.01 ,0.24%,N/A,N/A
Education (Legacy),Pets,United States,"5,549",$2.63  ~ $5.31 ,$3.98 ,N/A,0.13%,N/A,N/A
Education (Legacy),Pets,Canada,"1,717",$8.02  ~ $18.30 ,N/A,N/A,N/A,N/A,N/A
Education (Legacy),Cigars,United States,"34,311",$10.66  ~ $11.06 ,$2.69 ,N/A,0.40%,N/A,N/A
Education (Legacy),News,Canada,"1,918",$8.19  ~ $12.06 ,$8.40 ,$67.21 ,0.14%,N/A,N/A
Education (Legacy),News,United States,"65,260",$10.82  ~ $11.91 ,$6.14 ,$19.55 ,0.19%,N/A,N/A
Education (Legacy),Real Estate,Canada,230,$7.99  ~ $19.56 ,N/A,N/A,N/A,N/A,N/A
Education (Legacy),Real Estate,United States,"74,756",$4.04  ~ $4.95 ,$2.79 ,$14.36 ,0.18%,N/A,N/A
Education (Legacy),Cold & Flu,United States,"35,545",$7.91  ~ $8.16 ,$3.83 ,$46.09 ,0.21%,N/A,N/A
Education (Legacy),Net Conferencing,United States,"3,604",$11.53  ~ $24.79 ,$57.96 ,N/A,0.02%,N/A,N/A
Education (Legacy),Net Conferencing,Canada,870,$11.39  ~ $24.68 ,$4.92 ,N/A,0.23%,N/A,N/A
Education (Legacy),Buying/Selling Homes,United States,39,$0.00  ~ $0.00 ,N/A,N/A,N/A,N/A,N/A
Education (Legacy),Remodeling & Construction,United States,"10,052",$5.01  ~ $11.96 ,N/A,N/A,N/A,N/A,N/A
Education (Legacy),Career Planning,United States,"2,170",$2.18  ~ $5.14 ,$10.43 ,N/A,0.02%,N/A,N/A
Education (Legacy),Interior Decorating,United States,"22,328",$5.23  ~ $8.77 ,$2.97 ,$21.96 ,0.18%,N/A,N/A
Education (Legacy),Interior Decorating,Canada,151,$3.86  ~ $3.86 ,$1.78 ,N/A,0.22%,N/A,N/A
Education (Legacy),Investing,Canada,200,$24.83  ~ $24.83 ,$4.08 ,N/A,0.61%,N/A,N/A
Education (Legacy),Dogs,United States,69,$13.51  ~ $13.51 ,N/A,N/A,N/A,N/A,N/A
Education (Legacy),Entertaining,United States,289,$0.00  ~ $0.00 ,N/A,N/A,N/A,N/A,N/A
Education (Legacy),Dental Care,United States,221,$0.00  ~ $0.00 ,N/A,N/A,N/A,N/A,N/A
Education (Legacy),Catholicism,United States,147,$0.00  ~ $0.00 ,N/A,N/A,N/A,N/A,N/A
Education (Legacy),Card Games,Canada,90,$0.00  ~ $0.00 ,N/A,N/A,N/A,N/A,N/A
Education (Legacy),Card Games,United States,"8,711",$0.00  ~ $0.00 ,N/A,N/A,N/A,N/A,N/A
Education (Legacy),College Life,Canada,11,$0.00  ~ $0.00 ,N/A,N/A,N/A,N/A,N/A
Education (Legacy),Psychology/Psychiatry,United States,130,$0.00  ~ $0.00 ,N/A,N/A,N/A,N/A,N/A
Education (Legacy),Italian Cuisine,United States,8,$0.00  ~ $0.00 ,N/A,N/A,N/A,N/A,N/A
Education (Legacy),Art/Technology,United States,644,$0.00  ~ $0.00 ,N/A,N/A,N/A,N/A,N/A
Education (Legacy),Construction,Canada,1,$0.00  ~ $0.00 ,N/A,N/A,N/A,N/A,N/A
Education (Legacy),By US Locale,United States,13,$0.00  ~ $0.00 ,N/A,N/A,N/A,N/A,N/A
Education (Legacy),Chronic Pain,United States,4,$0.00  ~ $0.00 ,N/A,N/A,N/A,N/A,N/A
Education (Legacy),Landscaping,United States,1,$0.00  ~ $0.00 ,N/A,N/A,N/A,N/A,N/A
Education (Legacy),Comparison,United States,41,$0.00  ~ $0.00 ,N/A,N/A,N/A,N/A,N/A
Education (Legacy),Substance Abuse,United States,144,$0.00  ~ $0.00 ,N/A,N/A,N/A,N/A,N/A
Education (Legacy),Job Search,Canada,34,$0.00  ~ $0.00 ,N/A,N/A,N/A,N/A,N/A
Education (Legacy),Agriculture,Canada,296,$0.00  ~ $0.00 ,N/A,N/A,N/A,N/A,N/A
Education (Legacy),Teens,United States,56,$0.00  ~ $0.00 ,N/A,N/A,N/A,N/A,N/A
Education (Legacy),Pro Ice Hockey,Canada,12,$0.00  ~ $0.00 ,N/A,N/A,N/A,N/A,N/A
Education (Legacy),Music,United States,"6,135",$0.00  ~ $0.00 ,N/A,N/A,N/A,N/A,N/A
Education (Legacy),Distance Learning,United States,207,$0.00  ~ $0.00 ,N/A,N/A,N/A,N/A,N/A
Education (Legacy),Investing,United States,17,$0.00  ~ $0.00 ,N/A,N/A,N/A,N/A,N/A
Education (Legacy),Insurance,Canada,2,$0.00  ~ $0.00 ,N/A,N/A,N/A,N/A,N/A
Education (Legacy),Cuisine-Specific,United States,92,$0.00  ~ $0.00 ,N/A,N/A,N/A,N/A,N/A
Education (Legacy),Logistics,United States,85,$0.00  ~ $0.00 ,N/A,N/A,N/A,N/A,N/A
Family & Parenting (Legacy),Arts & Entertainment,Canada,"19,331",$6.77  ~ $15.58 ,$1.92 ,$16.68 ,0.35%,N/A,N/A
Family & Parenting (Legacy),Arts & Entertainment,United States,"48,012",$7.15  ~ $8.39 ,$1.64 ,$2.21 ,0.44%,N/A,N/A
Family & Parenting (Legacy),Real Estate,Canada,438,$7.98  ~ $18.20 ,N/A,N/A,N/A,N/A,N/A
Family & Parenting (Legacy),Real Estate,United States,"54,889",$4.70  ~ $5.66 ,$2.05 ,$5.44 ,0.28%,N/A,N/A
Family & Parenting (Legacy),Appliances,United States,"1,106",$7.74  ~ $10.09 ,N/A,N/A,N/A,N/A,N/A
Family & Parenting (Legacy),Appliances,Canada,"2,518",$7.16  ~ $8.34 ,N/A,N/A,N/A,N/A,N/A
Family & Parenting (Legacy),Large Animals,United States,"1,888",$8.16  ~ $8.95 ,$4.03 ,$24.15 ,0.22%,N/A,N/A
Family & Parenting (Legacy),Health & Fitness,Canada,"18,721",$4.91  ~ $6.16 ,$3.87 ,$25.40 ,0.16%,N/A,N/A
Family & Parenting (Legacy),Health & Fitness,United States,"533,663",$5.71  ~ $6.29 ,$4.94 ,$15.52 ,0.13%,N/A,N/A
Family & Parenting (Legacy),Home Repair,United States,"7,140",$7.74  ~ $19.03 ,$2.04 ,$30.35 ,0.38%,N/A,N/A
Family & Parenting (Legacy),Career Planning,United States,"3,436",$2.32  ~ $5.09 ,$3.67 ,$36.72 ,0.06%,N/A,N/A
Family & Parenting (Legacy),Interior Decorating,United States,"26,892",$5.51  ~ $8.67 ,$3.05 ,$13.52 ,0.18%,N/A,N/A
Family & Parenting (Legacy),Interior Decorating,Canada,155,$3.85  ~ $3.85 ,N/A,N/A,N/A,N/A,N/A
Family & Parenting (Legacy),Job Fairs,United States,44,$7.54  ~ $15.64 ,$0.28 ,$2.36 ,2.66%,N/A,N/A
Family & Parenting (Legacy),Travel,United States,"227,358",$5.61  ~ $7.42 ,$2.04 ,$6.30 ,0.28%,N/A,N/A
Family & Parenting (Legacy),Travel,Canada,717,$8.12  ~ $8.48 ,$5.01 ,$15.86 ,0.16%,N/A,N/A
Family & Parenting (Legacy),Credit/Debt & Loans,United States,"48,285",$5.54  ~ $8.53 ,$1.76 ,$5.51 ,0.31%,N/A,N/A
Family & Parenting (Legacy),Adventure Travel,United States,"10,691",$3.80  ~ $8.21 ,$1.33 ,$6.66 ,0.29%,N/A,N/A
Family & Parenting (Legacy),Politics,United States,"7,358",$8.14  ~ $8.30 ,$6.61 ,N/A,0.13%,N/A,N/A
Family & Parenting (Legacy),Advertising,Canada,"35,572",$0.35  ~ $0.82 ,$0.44 ,$8.73 ,0.08%,N/A,N/A
Family & Parenting (Legacy),Advertising,United States,"272,898",$0.61  ~ $0.81 ,$0.51 ,$2.57 ,0.16%,N/A,N/A
Family & Parenting (Legacy),Personal Finance,Canada,"2,501",$5.03  ~ $15.31 ,$7.15 ,$12.95 ,0.21%,N/A,N/A
Family & Parenting (Legacy),Personal Finance,United States,"438,252",$8.21  ~ $8.36 ,$3.46 ,$12.13 ,0.24%,N/A,N/A
Family & Parenting (Legacy),Business Software,Canada,"3,238",$7.80  ~ $17.45 ,$5.48 ,$74.94 ,0.14%,N/A,N/A
Family & Parenting (Legacy),Business Software,United States,"13,919",$10.96  ~ $24.42 ,$6.90 ,$17.05 ,0.16%,N/A,N/A
Family & Parenting (Legacy),Food & Drink,United States,"25,738",$4.19  ~ $7.26 ,$2.51 ,$4.62 ,0.29%,N/A,N/A
Family & Parenting (Legacy),Food & Drink,Canada,"1,773",$2.24  ~ $4.49 ,$5.92 ,N/A,0.04%,N/A,N/A
Family & Parenting (Legacy),Auto Parts,United States,86,$8.76  ~ $18.00 ,N/A,N/A,N/A,N/A,N/A
Family & Parenting (Legacy),Theme Parks,United States,63,$19.27  ~ $43.65 ,$54.87 ,$54.87 ,0.04%,N/A,N/A
Family & Parenting (Legacy),Agriculture,United States,"1,270",$8.25  ~ $19.48 ,$7.05 ,$54.62 ,0.12%,N/A,N/A
Family & Parenting (Legacy),Pets,United States,"9,653",$2.72  ~ $5.89 ,$3.01 ,N/A,0.20%,N/A,N/A
Family & Parenting (Legacy),Pets,Canada,"4,647",$8.02  ~ $17.89 ,N/A,N/A,N/A,N/A,N/A
Family & Parenting (Legacy),Government,United States,195,$8.55  ~ $8.55 ,N/A,N/A,N/A,N/A,N/A
Family & Parenting (Legacy),Government,Canada,588,$7.92  ~ $18.50 ,$12.60 ,N/A,0.06%,N/A,N/A
Family & Parenting (Legacy),Business,Canada,"43,763",$5.42  ~ $7.16 ,$3.38 ,$20.27 ,0.16%,N/A,N/A
Family & Parenting (Legacy),Business,United States,"476,672",$8.34  ~ $8.89 ,$2.13 ,$5.26 ,0.42%,N/A,N/A
Family & Parenting (Legacy),Biotech/Biomedical,United States,"20,062",$11.35  ~ $13.36 ,$2.52 ,$2.92 ,0.45%,N/A,N/A
Family & Parenting (Legacy),Alternative Medicine,United States,"46,881",$10.60  ~ $11.10 ,$3.52 ,N/A,0.30%,N/A,N/A
Family & Parenting (Legacy),Remodeling & Construction,United States,"5,554",$4.37  ~ $10.29 ,$2.45 ,$9.79 ,0.18%,N/A,N/A
Family & Parenting (Legacy),Clothing,United States,"2,192",$6.21  ~ $6.21 ,$1.10 ,$1.75 ,0.57%,N/A,N/A
Family & Parenting (Legacy),Green Solutions,United States,"1,867",$8.03  ~ $8.12 ,$5.80 ,N/A,0.14%,N/A,N/A
Family & Parenting (Legacy),Private School,United States,"1,274",$6.78  ~ $15.47 ,$5.41 ,$29.94 ,0.13%,N/A,N/A
Family & Parenting (Legacy),Education,Canada,"14,550",$2.84  ~ $8.15 ,$2.11 ,$13.90 ,0.13%,N/A,N/A
Family & Parenting (Legacy),Education,United States,"147,801",$7.73  ~ $8.12 ,$1.99 ,$3.98 ,0.41%,N/A,N/A
Family & Parenting (Legacy),Human Resources,United States,"5,036",$12.42  ~ $12.42 ,$2.04 ,$4.95 ,0.61%,N/A,N/A
Family & Parenting (Legacy),Buying/Selling Cars,United States,"4,585",$8.13  ~ $8.16 ,$6.92 ,$0.27 ,0.12%,N/A,N/A
Family & Parenting (Legacy),Exercise,United States,95,$1.28  ~ $2.65 ,N/A,N/A,N/A,N/A,N/A
Family & Parenting (Legacy),Cancer,Canada,"1,921",$5.40  ~ $5.40 ,$2.65 ,N/A,0.20%,N/A,N/A
Family & Parenting (Legacy),Careers,United States,"18,211",$8.27  ~ $9.38 ,$2.66 ,$9.78 ,0.31%,N/A,N/A
Family & Parenting (Legacy),Careers,Canada,260,$0.00  ~ $0.00 ,N/A,N/A,N/A,N/A,N/A
Family & Parenting (Legacy),News,Canada,"1,884",$8.08  ~ $8.15 ,$3.58 ,$10.34 ,0.23%,N/A,N/A
Family & Parenting (Legacy),News,United States,"41,288",$10.44  ~ $11.44 ,$8.30 ,$22.31 ,0.14%,N/A,N/A
Family & Parenting (Legacy),Job Search,United States,"3,656",$12.89  ~ $15.33 ,$7.20 ,$30.37 ,0.18%,N/A,N/A
Family & Parenting (Legacy),Pediatrics,United States,"2,814",$7.45  ~ $8.15 ,$2.79 ,N/A,0.27%,N/A,N/A
Family & Parenting (Legacy),Cocktails/Beer,United States,224,$20.45  ~ $20.46 ,$7.24 ,$25.35 ,0.28%,N/A,N/A
Family & Parenting (Legacy),Home & Garden,United States,"85,149",$6.09  ~ $7.64 ,$1.84 ,$4.46 ,0.33%,N/A,N/A
Family & Parenting (Legacy),Home & Garden,Canada,"3,910",$1.69  ~ $4.02 ,$1.70 ,$5.11 ,0.10%,N/A,N/A
Family & Parenting (Legacy),Insurance,United States,"7,980",$11.87  ~ $12.30 ,$3.10 ,$77.35 ,0.38%,N/A,N/A
Family & Parenting (Legacy),Construction,United States,"5,238",$5.86  ~ $12.68 ,$2.23 ,$6.69 ,0.26%,N/A,N/A
Family & Parenting (Legacy),Investing,Canada,239,$24.72  ~ $24.72 ,$15.12 ,N/A,0.16%,N/A,N/A
Family & Parenting (Legacy),Marketing,United States,"8,262",$2.74  ~ $5.79 ,$1.81 ,$19.96 ,0.15%,N/A,N/A
Family & Parenting (Legacy),Marketing,Canada,"3,045",$6.35  ~ $13.36 ,$3.67 ,$132.23 ,0.17%,N/A,N/A
Family & Parenting (Legacy),Net Conferencing,United States,12,$11.29  ~ $27.33 ,N/A,N/A,N/A,N/A,N/A
Family & Parenting (Legacy),Net Conferencing,Canada,9,$11.45  ~ $23.12 ,N/A,N/A,N/A,N/A,N/A
Family & Parenting (Legacy),Shopping,United States,"432,214",$6.70  ~ $6.88 ,$1.43 ,$1.83 ,0.47%,N/A,N/A
Family & Parenting (Legacy),Shopping,Canada,"17,095",$7.33  ~ $15.56 ,$5.76 ,N/A,0.13%,N/A,N/A
Family & Parenting (Legacy),Family & Parenting,United States,"40,742",$6.24  ~ $8.08 ,$4.80 ,$13.23 ,0.13%,N/A,N/A
Family & Parenting (Legacy),Family & Parenting,Canada,314,$3.87  ~ $3.92 ,N/A,N/A,N/A,N/A,N/A
Family & Parenting (Legacy),Dogs,United States,99,$14.31  ~ $14.31 ,$0.83 ,N/A,1.72%,N/A,N/A
Family & Parenting (Legacy),Graduate School,United States,"25,634",$8.14  ~ $8.59 ,$1.57 ,$4.01 ,0.52%,N/A,N/A
Family & Parenting (Legacy),Graduate School,Canada,27,$6.28  ~ $14.89 ,$2.67 ,$16.01 ,0.24%,N/A,N/A
Family & Parenting (Legacy),Automotive,Canada,"7,465",$4.72  ~ $7.64 ,$3.41 ,$18.78 ,0.14%,N/A,N/A
Family & Parenting (Legacy),Automotive,United States,"78,341",$5.26  ~ $5.66 ,$2.73 ,$8.35 ,0.19%,N/A,N/A
Family & Parenting (Legacy),Cold & Flu,United States,"24,785",$7.65  ~ $8.15 ,$4.90 ,$19.57 ,0.16%,N/A,N/A
Family & Parenting (Legacy),Cigars,United States,"46,881",$10.60  ~ $11.10 ,$3.52 ,N/A,0.30%,N/A,N/A
Family & Parenting (Legacy),Hotels,United States,"3,920",$8.11  ~ $18.54 ,$7.39 ,$60.07 ,0.11%,N/A,N/A
Family & Parenting (Legacy),Hotels,Canada,365,$3.93  ~ $9.04 ,$4.23 ,N/A,0.09%,N/A,N/A
Family & Parenting (Legacy),Senior Living,United States,"3,397",$6.34  ~ $8.16 ,$3.23 ,$18.29 ,0.20%,N/A,N/A
Family & Parenting (Legacy),Buying/Selling Homes,United States,67,$0.00  ~ $0.00 ,N/A,N/A,N/A,N/A,N/A
Family & Parenting (Legacy),Hobbies & Interests,United States,"91,111",$9.82  ~ $11.06 ,$5.73 ,$21.86 ,0.17%,N/A,N/A
Family & Parenting (Legacy),Hobbies & Interests,Canada,341,$8.23  ~ $17.62 ,N/A,N/A,N/A,N/A,N/A
Family & Parenting (Legacy),"Law, Gov't & Politics",United States,"2,401",$11.46  ~ $16.52 ,$12.28 ,N/A,0.13%,N/A,N/A
Family & Parenting (Legacy),"Law, Gov't & Politics",Canada,102,$3.89  ~ $9.68 ,N/A,N/A,N/A,N/A,N/A
Family & Parenting (Legacy),Arthritis,United States,"1,412",$2.85  ~ $7.06 ,$1.13 ,$3.39 ,0.25%,N/A,N/A
Family & Parenting (Legacy),College Life,Canada,9,$0.00  ~ $0.00 ,N/A,N/A,N/A,N/A,N/A
Family & Parenting (Legacy),Substance Abuse,United States,70,$0.00  ~ $0.00 ,N/A,N/A,N/A,N/A,N/A
Family & Parenting (Legacy),Legal Issues,United States,2,$0.00  ~ $0.00 ,N/A,N/A,N/A,N/A,N/A
Family & Parenting (Legacy),Italian Cuisine,United States,2,$0.00  ~ $0.00 ,N/A,N/A,N/A,N/A,N/A
Family & Parenting (Legacy),Gardening,Canada,5,$0.00  ~ $0.00 ,N/A,N/A,N/A,N/A,N/A
Family & Parenting (Legacy),Psychology/Psychiatry,United States,226,$0.00  ~ $0.00 ,N/A,N/A,N/A,N/A,N/A
Family & Parenting (Legacy),Art/Technology,United States,349,$0.00  ~ $0.00 ,N/A,N/A,N/A,N/A,N/A
Family & Parenting (Legacy),Construction,Canada,1,$0.00  ~ $0.00 ,N/A,N/A,N/A,N/A,N/A
Family & Parenting (Legacy),Dental Care,United States,42,$0.00  ~ $0.00 ,N/A,N/A,N/A,N/A,N/A
Family & Parenting (Legacy),Chronic Pain,United States,2,$0.00  ~ $0.00 ,N/A,N/A,N/A,N/A,N/A
Family & Parenting (Legacy),Entertaining,United States,281,$0.00  ~ $0.00 ,N/A,N/A,N/A,N/A,N/A
Family & Parenting (Legacy),Pro Ice Hockey,Canada,35,$0.00  ~ $0.00 ,N/A,N/A,N/A,N/A,N/A
Family & Parenting (Legacy),Investing,United States,16,$0.00  ~ $0.00 ,N/A,N/A,N/A,N/A,N/A
Family & Parenting (Legacy),Distance Learning,United States,63,$0.00  ~ $0.00 ,N/A,N/A,N/A,N/A,N/A
Family & Parenting (Legacy),Cuisine-Specific,United States,515,$0.00  ~ $0.00 ,N/A,N/A,N/A,N/A,N/A
Family & Parenting (Legacy),Landscaping,United States,7,$0.00  ~ $0.00 ,N/A,N/A,N/A,N/A,N/A
Family & Parenting (Legacy),Catholicism,United States,175,$0.00  ~ $0.00 ,N/A,N/A,N/A,N/A,N/A
Family & Parenting (Legacy),Job Search,Canada,11,$0.00  ~ $0.00 ,N/A,N/A,N/A,N/A,N/A
Family & Parenting (Legacy),U.S. Government Resources,United States,6,$0.00  ~ $0.00 ,N/A,N/A,N/A,N/A,N/A
Family & Parenting (Legacy),Agriculture,Canada,302,$0.00  ~ $0.00 ,N/A,N/A,N/A,N/A,N/A
Family & Parenting (Legacy),Teens,United States,21,$0.00  ~ $0.00 ,N/A,N/A,N/A,N/A,N/A
Family & Parenting (Legacy),Logistics,United States,8,$0.00  ~ $0.00 ,N/A,N/A,N/A,N/A,N/A
Family & Parenting (Legacy),By US Locale,United States,2,$0.00  ~ $0.00 ,N/A,N/A,N/A,N/A,N/A
Family & Parenting (Legacy),Music,United States,"5,461",$0.00  ~ $0.00 ,N/A,N/A,N/A,N/A,N/A
Family & Parenting (Legacy),Card Games,Canada,100,$0.00  ~ $0.00 ,N/A,N/A,N/A,N/A,N/A
Family & Parenting (Legacy),Card Games,United States,760,$0.00  ~ $0.00 ,N/A,N/A,N/A,N/A,N/A
Family & Parenting (Legacy),Comparison,United States,25,$0.00  ~ $0.00 ,N/A,N/A,N/A,N/A,N/A
Family & Parenting (Legacy),Spas,United States,1,$0.00  ~ $0.00 ,N/A,N/A,N/A,N/A,N/A
Food & Drink (Legacy),Home Repair,United States,"13,119",$7.71  ~ $17.36 ,$1.27 ,$33.51 ,0.61%,N/A,N/A
Food & Drink (Legacy),Senior Living,United States,"4,369",$8.04  ~ $8.16 ,$5.40 ,$12.61 ,0.15%,N/A,N/A
Food & Drink (Legacy),Cancer,Canada,"3,415",$5.41  ~ $5.41 ,$3.36 ,$33.64 ,0.16%,N/A,N/A
Food & Drink (Legacy),Arthritis,United States,"2,016",$3.07  ~ $6.74 ,$4.95 ,N/A,0.06%,N/A,N/A
Food & Drink (Legacy),Automotive,Canada,"34,529",$4.05  ~ $7.76 ,$4.53 ,$23.87 ,0.09%,N/A,N/A
Food & Drink (Legacy),Automotive,United States,"176,638",$5.56  ~ $6.13 ,$3.11 ,$6.81 ,0.18%,N/A,N/A
Food & Drink (Legacy),Careers,United States,"19,199",$8.50  ~ $9.80 ,$2.02 ,$3.54 ,0.42%,N/A,N/A
Food & Drink (Legacy),Careers,Canada,241,$0.00  ~ $0.00 ,N/A,N/A,N/A,N/A,N/A
Food & Drink (Legacy),Dogs,United States,133,$13.58  ~ $13.58 ,$0.71 ,N/A,1.92%,N/A,N/A
Food & Drink (Legacy),Shopping,United States,"948,810",$8.30  ~ $8.72 ,$1.79 ,$1.28 ,0.46%,N/A,N/A
Food & Drink (Legacy),Shopping,Canada,"21,699",$7.37  ~ $16.02 ,$14.21 ,$42.64 ,0.05%,N/A,N/A
Food & Drink (Legacy),Pediatrics,United States,"5,429",$7.34  ~ $8.14 ,$1.60 ,N/A,0.46%,N/A,N/A
Food & Drink (Legacy),Adventure Travel,United States,"25,216",$4.95  ~ $10.15 ,$2.84 ,$13.14 ,0.17%,N/A,N/A
Food & Drink (Legacy),Green Solutions,United States,"2,607",$8.09  ~ $8.16 ,$18.63 ,N/A,0.04%,N/A,N/A
Food & Drink (Legacy),"Law, Gov't & Politics",United States,"2,840",$11.21  ~ $15.90 ,$5.81 ,N/A,0.27%,N/A,N/A
Food & Drink (Legacy),"Law, Gov't & Politics",Canada,78,$3.91  ~ $8.01 ,N/A,N/A,N/A,N/A,N/A
Food & Drink (Legacy),Exercise,United States,247,$1.22  ~ $2.95 ,N/A,N/A,N/A,N/A,N/A
Food & Drink (Legacy),Arts & Entertainment,Canada,"14,851",$6.21  ~ $14.04 ,$3.09 ,$27.01 ,0.20%,N/A,N/A
Food & Drink (Legacy),Arts & Entertainment,United States,"62,550",$7.47  ~ $8.91 ,$1.18 ,$1.25 ,0.64%,N/A,N/A
Food & Drink (Legacy),Health & Fitness,United States,"1,012,084",$6.23  ~ $6.59 ,$6.45 ,$16.19 ,0.10%,N/A,N/A
Food & Drink (Legacy),Health & Fitness,Canada,"34,982",$3.99  ~ $4.85 ,$4.61 ,$18.66 ,0.11%,N/A,N/A
Food & Drink (Legacy),Advertising,Canada,"50,915",$0.32  ~ $0.75 ,$0.44 ,$3.71 ,0.07%,N/A,N/A
Food & Drink (Legacy),Advertising,United States,"425,491",$0.63  ~ $1.43 ,$0.42 ,$1.38 ,0.34%,N/A,N/A
Food & Drink (Legacy),Remodeling & Construction,United States,"7,604",$5.98  ~ $14.30 ,$3.92 ,$15.67 ,0.15%,N/A,N/A
Food & Drink (Legacy),News,Canada,"3,941",$8.14  ~ $8.19 ,$2.53 ,$15.05 ,0.32%,N/A,N/A
Food & Drink (Legacy),News,United States,"76,057",$11.31  ~ $11.78 ,$7.98 ,$11.62 ,0.15%,N/A,N/A
Food & Drink (Legacy),Job Fairs,United States,82,$7.26  ~ $16.69 ,$0.23 ,$1.20 ,3.10%,N/A,N/A
Food & Drink (Legacy),Net Conferencing,United States,28,$11.37  ~ $26.54 ,$2.95 ,N/A,0.39%,N/A,N/A
Food & Drink (Legacy),Travel,United States,"261,619",$7.04  ~ $8.90 ,$2.62 ,$3.70 ,0.27%,N/A,N/A
Food & Drink (Legacy),Travel,Canada,"1,339",$8.26  ~ $8.74 ,$8.85 ,$13.96 ,0.09%,N/A,N/A
Food & Drink (Legacy),Hobbies & Interests,United States,"89,155",$9.88  ~ $11.21 ,$4.62 ,$12.23 ,0.21%,N/A,N/A
Food & Drink (Legacy),Hobbies & Interests,Canada,531,$8.20  ~ $20.45 ,$1.62 ,N/A,0.51%,N/A,N/A
Food & Drink (Legacy),Auto Parts,United States,146,$8.77  ~ $20.75 ,N/A,N/A,N/A,N/A,N/A
Food & Drink (Legacy),Theme Parks,United States,167,$19.24  ~ $42.57 ,$11.54 ,N/A,0.17%,N/A,N/A
Food & Drink (Legacy),Career Planning,United States,"1,223",$2.48  ~ $5.77 ,$1.47 ,$1.96 ,0.17%,N/A,N/A
Food & Drink (Legacy),Alternative Medicine,United States,"34,994",$10.89  ~ $11.27 ,$5.11 ,N/A,0.21%,N/A,N/A
Food & Drink (Legacy),Business,Canada,"74,036",$6.30  ~ $7.57 ,$4.70 ,$25.27 ,0.13%,N/A,N/A
Food & Drink (Legacy),Business,United States,"685,901",$8.72  ~ $9.43 ,$1.51 ,$3.13 ,0.63%,N/A,N/A
Food & Drink (Legacy),Agriculture,United States,"1,653",$8.26  ~ $17.57 ,$10.07 ,$14.52 ,0.08%,N/A,N/A
Food & Drink (Legacy),Agriculture,Canada,679,$0.00  ~ $0.00 ,N/A,N/A,N/A,N/A,N/A
Food & Drink (Legacy),Insurance,United States,"10,713",$11.75  ~ $12.54 ,$2.10 ,$50.09 ,0.56%,N/A,N/A
Food & Drink (Legacy),Food & Drink,United States,"41,624",$4.19  ~ $6.99 ,$1.37 ,$2.04 ,0.51%,N/A,N/A
Food & Drink (Legacy),Food & Drink,Canada,"75,788",$2.81  ~ $5.67 ,$2.32 ,N/A,0.12%,N/A,N/A
Food & Drink (Legacy),Interior Decorating,United States,"33,138",$5.97  ~ $8.67 ,$2.39 ,$8.32 ,0.25%,N/A,N/A
Food & Drink (Legacy),Interior Decorating,Canada,349,$3.87  ~ $3.87 ,$1.66 ,$3.33 ,0.23%,N/A,N/A
Food & Drink (Legacy),Politics,United States,"6,733",$8.17  ~ $8.26 ,$5.45 ,N/A,0.15%,N/A,N/A
Food & Drink (Legacy),Personal Finance,United States,"641,916",$8.61  ~ $8.93 ,$3.29 ,$8.26 ,0.26%,N/A,N/A
Food & Drink (Legacy),Personal Finance,Canada,"5,232",$5.85  ~ $11.98 ,$10.06 ,$27.52 ,0.12%,N/A,N/A
Food & Drink (Legacy),Cold & Flu,United States,"56,133",$7.72  ~ $8.16 ,$4.63 ,N/A,0.17%,N/A,N/A
Food & Drink (Legacy),Buying/Selling Cars,United States,"15,007",$8.12  ~ $8.16 ,$5.35 ,$0.40 ,0.15%,N/A,N/A
Food & Drink (Legacy),Investing,Canada,434,$24.81  ~ $24.81 ,$12.57 ,$150.89 ,0.20%,N/A,N/A
Food & Drink (Legacy),Cigars,United States,"34,994",$10.89  ~ $11.27 ,$5.11 ,N/A,0.21%,N/A,N/A
Food & Drink (Legacy),Business Software,Canada,"5,240",$7.60  ~ $16.99 ,$5.18 ,$41.33 ,0.15%,N/A,N/A
Food & Drink (Legacy),Business Software,United States,"15,072",$10.15  ~ $21.58 ,$5.79 ,$12.91 ,0.18%,N/A,N/A
Food & Drink (Legacy),Family & Parenting,Canada,614,$3.88  ~ $3.90 ,N/A,N/A,N/A,N/A,N/A
Food & Drink (Legacy),Family & Parenting,United States,"66,416",$7.16  ~ $8.48 ,$2.92 ,$4.51 ,0.24%,N/A,N/A
Food & Drink (Legacy),Pets,United States,"14,872",$2.63  ~ $7.22 ,$1.43 ,$1.86 ,0.51%,N/A,N/A
Food & Drink (Legacy),Pets,Canada,"6,789",$8.00  ~ $19.89 ,N/A,N/A,N/A,N/A,N/A
Food & Drink (Legacy),Credit/Debt & Loans,United States,"43,681",$6.00  ~ $8.90 ,$1.09 ,$1.80 ,0.55%,N/A,N/A
Food & Drink (Legacy),Cocktails/Beer,United States,"1,108",$20.50  ~ $20.53 ,$5.21 ,$39.04 ,0.39%,N/A,N/A
Food & Drink (Legacy),Private School,United States,"3,121",$6.77  ~ $16.13 ,$3.89 ,$13.10 ,0.17%,N/A,N/A
Food & Drink (Legacy),Real Estate,Canada,365,$8.08  ~ $16.67 ,N/A,N/A,N/A,N/A,N/A
Food & Drink (Legacy),Real Estate,United States,"97,811",$4.75  ~ $5.88 ,$1.47 ,$2.54 ,0.40%,N/A,N/A
Food & Drink (Legacy),Government,United States,211,$8.21  ~ $8.21 ,N/A,N/A,N/A,N/A,N/A
Food & Drink (Legacy),Government,Canada,"1,064",$7.92  ~ $16.98 ,$14.02 ,N/A,0.06%,N/A,N/A
Food & Drink (Legacy),Graduate School,United States,"23,371",$8.15  ~ $8.99 ,$0.84 ,$1.67 ,0.97%,N/A,N/A
Food & Drink (Legacy),Graduate School,Canada,72,$6.28  ~ $13.42 ,$3.19 ,$10.27 ,0.20%,N/A,N/A
Food & Drink (Legacy),Clothing,United States,"4,486",$7.13  ~ $7.13 ,$0.93 ,$1.38 ,0.77%,N/A,N/A
Food & Drink (Legacy),Marketing,United States,"12,935",$3.15  ~ $6.59 ,$3.54 ,N/A,0.09%,N/A,N/A
Food & Drink (Legacy),Marketing,Canada,"5,236",$6.42  ~ $14.02 ,$6.43 ,$48.70 ,0.10%,N/A,N/A
Food & Drink (Legacy),Hotels,United States,"1,543",$7.94  ~ $17.91 ,$6.18 ,$37.04 ,0.13%,N/A,N/A
Food & Drink (Legacy),Hotels,Canada,591,$3.92  ~ $7.87 ,$2.13 ,$6.66 ,0.18%,N/A,N/A
Food & Drink (Legacy),Education,United States,"264,198",$8.24  ~ $8.84 ,$1.51 ,$2.50 ,0.55%,N/A,N/A
Food & Drink (Legacy),Education,Canada,"80,086",$3.39  ~ $8.13 ,$3.90 ,$11.78 ,0.09%,N/A,N/A
Food & Drink (Legacy),Home & Garden,Canada,"8,173",$0.64  ~ $1.51 ,$2.09 ,$4.18 ,0.03%,N/A,N/A
Food & Drink (Legacy),Home & Garden,United States,"155,535",$6.60  ~ $7.80 ,$1.56 ,$2.87 ,0.42%,N/A,N/A
Food & Drink (Legacy),Human Resources,United States,"6,175",$12.53  ~ $12.53 ,$1.64 ,$2.72 ,0.77%,N/A,N/A
Food & Drink (Legacy),Job Search,United States,"5,039",$15.42  ~ $17.64 ,$8.73 ,$33.76 ,0.18%,N/A,N/A
Food & Drink (Legacy),Appliances,Canada,"1,497",$8.71  ~ $11.43 ,N/A,N/A,N/A,N/A,N/A
Food & Drink (Legacy),Appliances,United States,"1,696",$10.71  ~ $11.82 ,$5.26 ,N/A,0.20%,N/A,N/A
Food & Drink (Legacy),Large Animals,United States,"2,363",$8.15  ~ $10.08 ,$2.71 ,$9.03 ,0.37%,N/A,N/A
Food & Drink (Legacy),Construction,United States,"9,927",$7.33  ~ $16.54 ,$1.86 ,$3.11 ,0.39%,N/A,N/A
Food & Drink (Legacy),Biotech/Biomedical,United States,"25,719",$12.53  ~ $14.28 ,$1.06 ,$1.36 ,1.19%,N/A,N/A
Food & Drink (Legacy),Entertaining,United States,412,$0.00  ~ $0.00 ,N/A,N/A,N/A,N/A,N/A
Food & Drink (Legacy),Card Games,United States,115,$0.00  ~ $0.00 ,N/A,N/A,N/A,N/A,N/A
Food & Drink (Legacy),Card Games,Canada,173,$0.00  ~ $0.00 ,N/A,N/A,N/A,N/A,N/A
Food & Drink (Legacy),Catholicism,United States,62,$0.00  ~ $0.00 ,N/A,N/A,N/A,N/A,N/A
Food & Drink (Legacy),U.S. Government Resources,United States,4,$0.00  ~ $0.00 ,N/A,N/A,N/A,N/A,N/A
Food & Drink (Legacy),Spas,United States,2,$0.00  ~ $0.00 ,N/A,N/A,N/A,N/A,N/A
Food & Drink (Legacy),Psychology/Psychiatry,United States,51,$0.00  ~ $0.00 ,N/A,N/A,N/A,N/A,N/A
Food & Drink (Legacy),Distance Learning,United States,40,$0.00  ~ $0.00 ,N/A,N/A,N/A,N/A,N/A
Food & Drink (Legacy),Job Search,Canada,12,$0.00  ~ $0.00 ,N/A,N/A,N/A,N/A,N/A
Food & Drink (Legacy),Pro Ice Hockey,Canada,43,$0.00  ~ $0.00 ,N/A,N/A,N/A,N/A,N/A
Food & Drink (Legacy),Buying/Selling Homes,United States,17,$0.00  ~ $0.00 ,N/A,N/A,N/A,N/A,N/A
Food & Drink (Legacy),Teens,United States,16,$0.00  ~ $0.00 ,N/A,N/A,N/A,N/A,N/A
Food & Drink (Legacy),Dental Care,United States,8,$0.00  ~ $0.00 ,N/A,N/A,N/A,N/A,N/A
Food & Drink (Legacy),Investing,United States,31,$0.00  ~ $0.00 ,N/A,N/A,N/A,N/A,N/A
Food & Drink (Legacy),College Life,Canada,8,$0.00  ~ $0.00 ,N/A,N/A,N/A,N/A,N/A
Food & Drink (Legacy),Logistics,United States,24,$0.00  ~ $0.00 ,N/A,N/A,N/A,N/A,N/A
Food & Drink (Legacy),Music,United States,"4,574",$0.00  ~ $0.00 ,N/A,N/A,N/A,N/A,N/A
Food & Drink (Legacy),Cuisine-Specific,United States,147,$0.00  ~ $0.00 ,N/A,N/A,N/A,N/A,N/A
Food & Drink (Legacy),Legal Issues,United States,25,$0.00  ~ $0.00 ,N/A,N/A,N/A,N/A,N/A
Food & Drink (Legacy),Art/Technology,United States,472,$0.00  ~ $0.00 ,N/A,N/A,N/A,N/A,N/A
Food & Drink (Legacy),Substance Abuse,United States,40,$0.00  ~ $0.00 ,N/A,N/A,N/A,N/A,N/A
Food & Drink (Legacy),Comparison,United States,27,$0.00  ~ $0.00 ,N/A,N/A,N/A,N/A,N/A
Food & Drink (Legacy),By US Locale,United States,7,$0.00  ~ $0.00 ,N/A,N/A,N/A,N/A,N/A
Food & Drink (Legacy),Landscaping,United States,13,$0.00  ~ $0.00 ,N/A,N/A,N/A,N/A,N/A
Food & Drink (Legacy),Italian Cuisine,United States,13,$0.00  ~ $0.00 ,N/A,N/A,N/A,N/A,N/A
Health & Fitness (Legacy),Real Estate,Canada,258,$8.06  ~ $16.97 ,N/A,N/A,N/A,N/A,N/A
Health & Fitness (Legacy),Real Estate,United States,"50,936",$4.39  ~ $5.31 ,$1.06 ,$1.72 ,0.50%,N/A,N/A
Health & Fitness (Legacy),Career Planning,United States,787,$2.20  ~ $4.95 ,N/A,N/A,N/A,N/A,N/A
Health & Fitness (Legacy),Buying/Selling Cars,United States,"5,270",$8.10  ~ $8.15 ,$2.92 ,$0.51 ,0.28%,N/A,N/A
Health & Fitness (Legacy),Government,United States,165,$8.23  ~ $8.23 ,$1.44 ,N/A,0.57%,N/A,N/A
Health & Fitness (Legacy),Government,Canada,285,$7.95  ~ $16.72 ,N/A,N/A,N/A,N/A,N/A
Health & Fitness (Legacy),Politics,United States,"6,137",$8.16  ~ $8.26 ,$3.69 ,N/A,0.22%,N/A,N/A
Health & Fitness (Legacy),Cancer,Canada,"1,817",$5.40  ~ $5.40 ,$3.09 ,$34.04 ,0.17%,N/A,N/A
Health & Fitness (Legacy),Careers,United States,"17,228",$9.61  ~ $11.13 ,$1.44 ,$2.65 ,0.67%,N/A,N/A
Health & Fitness (Legacy),Credit/Debt & Loans,United States,"32,781",$6.27  ~ $8.94 ,$0.95 ,$1.74 ,0.66%,N/A,N/A
Health & Fitness (Legacy),Investing,Canada,263,$24.80  ~ $24.80 ,$6.48 ,$21.61 ,0.38%,N/A,N/A
Health & Fitness (Legacy),Alternative Medicine,United States,"30,094",$10.81  ~ $11.19 ,$4.60 ,N/A,0.23%,N/A,N/A
Health & Fitness (Legacy),Job Fairs,United States,76,$7.03  ~ $15.80 ,$0.25 ,$1.68 ,2.83%,N/A,N/A
Health & Fitness (Legacy),Large Animals,United States,"2,395",$8.16  ~ $9.07 ,$2.28 ,$7.40 ,0.40%,N/A,N/A
Health & Fitness (Legacy),Green Solutions,United States,"1,454",$7.79  ~ $8.08 ,$13.67 ,N/A,0.06%,N/A,N/A
Health & Fitness (Legacy),Net Conferencing,United States,50,$11.68  ~ $27.42 ,$5.04 ,N/A,0.23%,N/A,N/A
Health & Fitness (Legacy),Net Conferencing,Canada,6,$11.37  ~ $25.11 ,N/A,N/A,N/A,N/A,N/A
Health & Fitness (Legacy),Business Software,Canada,"2,943",$7.66  ~ $18.23 ,$4.76 ,$29.60 ,0.16%,N/A,N/A
Health & Fitness (Legacy),Business Software,United States,"16,408",$10.27  ~ $21.77 ,$3.50 ,$9.94 ,0.29%,N/A,N/A
Health & Fitness (Legacy),Hotels,United States,"1,039",$5.63  ~ $12.64 ,$1.28 ,$3.42 ,0.44%,N/A,N/A
Health & Fitness (Legacy),Hotels,Canada,339,$3.93  ~ $9.20 ,N/A,N/A,N/A,N/A,N/A
Health & Fitness (Legacy),Exercise,United States,47,$1.29  ~ $3.15 ,N/A,N/A,N/A,N/A,N/A
Health & Fitness (Legacy),Pediatrics,United States,"2,861",$7.57  ~ $8.15 ,$1.44 ,N/A,0.52%,N/A,N/A
Health & Fitness (Legacy),Marketing,United States,"6,924",$2.97  ~ $6.97 ,$3.38 ,N/A,0.09%,N/A,N/A
Health & Fitness (Legacy),Marketing,Canada,"2,491",$6.53  ~ $13.42 ,$4.84 ,$30.03 ,0.13%,N/A,N/A
Health & Fitness (Legacy),Construction,United States,"4,248",$6.67  ~ $16.23 ,$1.12 ,$1.87 ,0.59%,N/A,N/A
Health & Fitness (Legacy),Job Search,United States,"4,650",$14.67  ~ $16.78 ,$7.03 ,$34.21 ,0.21%,N/A,N/A
Health & Fitness (Legacy),Graduate School,United States,"36,670",$8.15  ~ $8.73 ,$0.77 ,$1.40 ,1.06%,N/A,N/A
Health & Fitness (Legacy),Graduate School,Canada,45,$6.28  ~ $15.11 ,$3.24 ,$8.09 ,0.19%,N/A,N/A
Health & Fitness (Legacy),Appliances,Canada,"1,352",$8.32  ~ $8.96 ,$3.17 ,N/A,0.26%,N/A,N/A
Health & Fitness (Legacy),Appliances,United States,"1,065",$9.84  ~ $10.71 ,N/A,N/A,N/A,N/A,N/A
Health & Fitness (Legacy),Family & Parenting,United States,"82,588",$7.37  ~ $8.23 ,$3.72 ,$6.43 ,0.20%,N/A,N/A
Health & Fitness (Legacy),Family & Parenting,Canada,450,$3.88  ~ $3.90 ,N/A,N/A,N/A,N/A,N/A
Health & Fitness (Legacy),Home Repair,United States,"6,459",$7.77  ~ $15.96 ,$0.91 ,$22.41 ,0.85%,N/A,N/A
Health & Fitness (Legacy),Interior Decorating,United States,"28,897",$6.18  ~ $8.61 ,$1.85 ,$7.21 ,0.33%,N/A,N/A
Health & Fitness (Legacy),Interior Decorating,Canada,137,$3.86  ~ $3.86 ,$0.85 ,$0.85 ,0.45%,N/A,N/A
Health & Fitness (Legacy),Adventure Travel,United States,"11,871",$4.54  ~ $9.33 ,$1.49 ,$4.48 ,0.30%,N/A,N/A
Health & Fitness (Legacy),Private School,United States,"1,351",$6.77  ~ $13.57 ,$4.67 ,$7.55 ,0.15%,N/A,N/A
Health & Fitness (Legacy),Biotech/Biomedical,United States,"19,471",$13.53  ~ $14.90 ,$1.58 ,$2.23 ,0.86%,N/A,N/A
Health & Fitness (Legacy),Home & Garden,United States,"78,374",$6.29  ~ $7.71 ,$1.30 ,$2.84 ,0.48%,N/A,N/A
Health & Fitness (Legacy),Home & Garden,Canada,"3,075",$1.89  ~ $4.00 ,$2.00 ,N/A,0.09%,N/A,N/A
Health & Fitness (Legacy),Insurance,United States,"7,333",$11.24  ~ $11.94 ,$1.75 ,$84.75 ,0.64%,N/A,N/A
Health & Fitness (Legacy),Automotive,Canada,"12,545",$4.63  ~ $7.74 ,$3.31 ,$15.70 ,0.14%,N/A,N/A
Health & Fitness (Legacy),Automotive,United States,"78,149",$5.59  ~ $5.69 ,$2.75 ,$6.65 ,0.20%,N/A,N/A
Health & Fitness (Legacy),Hobbies & Interests,United States,"99,034",$10.93  ~ $12.14 ,$4.24 ,$10.28 ,0.26%,N/A,N/A
Health & Fitness (Legacy),Hobbies & Interests,Canada,355,$8.25  ~ $19.58 ,$6.15 ,N/A,0.13%,N/A,N/A
Health & Fitness (Legacy),Shopping,United States,"333,264",$8.04  ~ $8.71 ,$0.97 ,$0.87 ,0.82%,N/A,N/A
Health & Fitness (Legacy),Shopping,Canada,"12,212",$7.34  ~ $15.77 ,$4.70 ,N/A,0.16%,N/A,N/A
Health & Fitness (Legacy),Health & Fitness,United States,"758,645",$7.60  ~ $7.72 ,$6.15 ,$13.78 ,0.13%,N/A,N/A
Health & Fitness (Legacy),Health & Fitness,Canada,"17,701",$5.30  ~ $5.93 ,$4.71 ,$27.01 ,0.13%,N/A,N/A
Health & Fitness (Legacy),Food & Drink,United States,"23,065",$4.01  ~ $7.08 ,$1.08 ,$1.96 ,0.66%,N/A,N/A
Health & Fitness (Legacy),Food & Drink,Canada,"23,969",$2.69  ~ $6.45 ,$4.36 ,N/A,0.06%,N/A,N/A
Health & Fitness (Legacy),Advertising,Canada,"30,414",$0.44  ~ $1.06 ,$0.51 ,N/A,0.09%,N/A,N/A
Health & Fitness (Legacy),Advertising,United States,"407,286",$0.63  ~ $1.21 ,$0.44 ,$2.18 ,0.28%,N/A,N/A
Health & Fitness (Legacy),Business,Canada,"39,113",$6.18  ~ $7.33 ,$3.62 ,$19.19 ,0.17%,N/A,N/A
Health & Fitness (Legacy),Business,United States,"503,925",$8.93  ~ $9.63 ,$1.41 ,$3.21 ,0.68%,N/A,N/A
Health & Fitness (Legacy),"Law, Gov't & Politics",Canada,59,$3.89  ~ $9.18 ,N/A,N/A,N/A,N/A,N/A
Health & Fitness (Legacy),"Law, Gov't & Politics",United States,"1,782",$11.50  ~ $15.72 ,$6.95 ,N/A,0.23%,N/A,N/A
Health & Fitness (Legacy),Dogs,United States,163,$13.14  ~ $13.14 ,$0.78 ,N/A,1.69%,N/A,N/A
Health & Fitness (Legacy),Theme Parks,United States,87,$19.11  ~ $46.62 ,$20.53 ,N/A,0.09%,N/A,N/A
Health & Fitness (Legacy),Senior Living,United States,"3,061",$6.92  ~ $8.15 ,$3.45 ,N/A,0.20%,N/A,N/A
Health & Fitness (Legacy),Arthritis,United States,"1,224",$2.68  ~ $6.63 ,$1.52 ,N/A,0.18%,N/A,N/A
Health & Fitness (Legacy),News,Canada,"2,750",$8.19  ~ $9.69 ,$4.02 ,$27.99 ,0.24%,N/A,N/A
Health & Fitness (Legacy),News,United States,"47,975",$10.14  ~ $11.46 ,$6.00 ,$11.01 ,0.19%,N/A,N/A
Health & Fitness (Legacy),Pets,Canada,"5,364",$7.99  ~ $19.64 ,N/A,N/A,N/A,N/A,N/A
Health & Fitness (Legacy),Pets,United States,"18,029",$2.63  ~ $6.44 ,$1.72 ,$1.85 ,0.37%,N/A,N/A
Health & Fitness (Legacy),Auto Parts,United States,90,$8.60  ~ $19.84 ,N/A,N/A,N/A,N/A,N/A
Health & Fitness (Legacy),Clothing,United States,"1,868",$6.78  ~ $6.78 ,$0.79 ,$1.58 ,0.86%,N/A,N/A
Health & Fitness (Legacy),Personal Finance,Canada,"3,021",$5.61  ~ $12.47 ,$6.44 ,$21.50 ,0.19%,N/A,N/A
Health & Fitness (Legacy),Personal Finance,United States,"404,244",$8.44  ~ $8.85 ,$2.78 ,$7.14 ,0.30%,N/A,N/A
Health & Fitness (Legacy),Travel,Canada,814,$8.21  ~ $8.91 ,$9.21 ,N/A,0.09%,N/A,N/A
Health & Fitness (Legacy),Travel,United States,"198,383",$5.63  ~ $7.83 ,$1.33 ,$2.76 ,0.42%,N/A,N/A
Health & Fitness (Legacy),Cold & Flu,United States,"24,780",$7.32  ~ $8.16 ,$3.16 ,$23.67 ,0.23%,N/A,N/A
Health & Fitness (Legacy),Cigars,United States,"30,094",$10.81  ~ $11.19 ,$4.60 ,N/A,0.23%,N/A,N/A
Health & Fitness (Legacy),Education,Canada,"44,461",$3.61  ~ $8.15 ,$2.86 ,$13.46 ,0.13%,N/A,N/A
Health & Fitness (Legacy),Education,United States,"186,820",$7.90  ~ $8.02 ,$1.29 ,$1.91 ,0.62%,N/A,N/A
Health & Fitness (Legacy),Arts & Entertainment,Canada,"6,645",$6.59  ~ $15.97 ,$3.44 ,$16.73 ,0.19%,N/A,N/A
Health & Fitness (Legacy),Arts & Entertainment,United States,"47,145",$7.40  ~ $8.31 ,$0.89 ,$0.92 ,0.83%,N/A,N/A
Health & Fitness (Legacy),Agriculture,United States,947,$8.38  ~ $18.49 ,$3.32 ,$12.33 ,0.25%,N/A,N/A
Health & Fitness (Legacy),Agriculture,Canada,329,$0.00  ~ $0.00 ,N/A,N/A,N/A,N/A,N/A
Health & Fitness (Legacy),Cocktails/Beer,United States,452,$20.37  ~ $20.50 ,$3.30 ,N/A,0.62%,N/A,N/A
Health & Fitness (Legacy),Remodeling & Construction,United States,"5,530",$5.79  ~ $14.46 ,$2.65 ,$2.65 ,0.22%,N/A,N/A
Health & Fitness (Legacy),Human Resources,United States,"6,573",$12.46  ~ $12.46 ,$1.24 ,$1.80 ,1.01%,N/A,N/A
Health & Fitness (Legacy),Teens,United States,38,$0.00  ~ $0.00 ,N/A,N/A,N/A,N/A,N/A
Health & Fitness (Legacy),Art/Technology,United States,376,$0.00  ~ $0.00 ,N/A,N/A,N/A,N/A,N/A
Health & Fitness (Legacy),Dental Care,United States,21,$0.00  ~ $0.00 ,N/A,N/A,N/A,N/A,N/A
Health & Fitness (Legacy),College Life,Canada,8,$0.00  ~ $0.00 ,N/A,N/A,N/A,N/A,N/A
Health & Fitness (Legacy),Job Search,Canada,5,$0.00  ~ $0.00 ,N/A,N/A,N/A,N/A,N/A
Health & Fitness (Legacy),Music,United States,"2,965",$0.00  ~ $0.00 ,N/A,N/A,N/A,N/A,N/A
Health & Fitness (Legacy),U.S. Government Resources,United States,1,$0.00  ~ $0.00 ,N/A,N/A,N/A,N/A,N/A
Health & Fitness (Legacy),Card Games,United States,"1,369",$0.00  ~ $0.00 ,N/A,N/A,N/A,N/A,N/A
Health & Fitness (Legacy),Card Games,Canada,130,$0.00  ~ $0.00 ,N/A,N/A,N/A,N/A,N/A
Health & Fitness (Legacy),Comparison,United States,28,$0.00  ~ $0.00 ,N/A,N/A,N/A,N/A,N/A
Health & Fitness (Legacy),Logistics,United States,30,$0.00  ~ $0.00 ,N/A,N/A,N/A,N/A,N/A
Health & Fitness (Legacy),Buying/Selling Homes,United States,13,$0.00  ~ $0.00 ,N/A,N/A,N/A,N/A,N/A
Health & Fitness (Legacy),Careers,Canada,247,$0.00  ~ $0.00 ,N/A,N/A,N/A,N/A,N/A
Health & Fitness (Legacy),By US Locale,United States,1,$0.00  ~ $0.00 ,N/A,N/A,N/A,N/A,N/A
Health & Fitness (Legacy),Landscaping,United States,10,$0.00  ~ $0.00 ,N/A,N/A,N/A,N/A,N/A
Health & Fitness (Legacy),Catholicism,United States,146,$0.00  ~ $0.00 ,N/A,N/A,N/A,N/A,N/A
Health & Fitness (Legacy),Entertaining,United States,274,$0.00  ~ $0.00 ,N/A,N/A,N/A,N/A,N/A
Health & Fitness (Legacy),Cuisine-Specific,United States,115,$0.00  ~ $0.00 ,N/A,N/A,N/A,N/A,N/A
Health & Fitness (Legacy),Pro Ice Hockey,Canada,29,$0.00  ~ $0.00 ,N/A,N/A,N/A,N/A,N/A
Health & Fitness (Legacy),Spas,United States,2,$0.00  ~ $0.00 ,N/A,N/A,N/A,N/A,N/A
Health & Fitness (Legacy),Substance Abuse,United States,87,$0.00  ~ $0.00 ,N/A,N/A,N/A,N/A,N/A
Health & Fitness (Legacy),Psychology/Psychiatry,United States,78,$0.00  ~ $0.00 ,N/A,N/A,N/A,N/A,N/A
Health & Fitness (Legacy),Investing,United States,22,$0.00  ~ $0.00 ,N/A,N/A,N/A,N/A,N/A
Health & Fitness (Legacy),Legal Issues,United States,5,$0.00  ~ $0.00 ,N/A,N/A,N/A,N/A,N/A
Health & Fitness (Legacy),Distance Learning,United States,21,$0.00  ~ $0.00 ,N/A,N/A,N/A,N/A,N/A
Health & Fitness (Legacy),Italian Cuisine,United States,8,$0.00  ~ $0.00 ,N/A,N/A,N/A,N/A,N/A
Hobbies & Interests (Legacy),Politics,United States,"24,644",$8.15  ~ $8.29 ,$2.63 ,N/A,0.31%,N/A,N/A
Hobbies & Interests (Legacy),Personal Finance,United States,"564,383",$8.41  ~ $8.86 ,$2.60 ,$11.14 ,0.32%,N/A,N/A
Hobbies & Interests (Legacy),Personal Finance,Canada,"6,742",$5.99  ~ $11.31 ,$3.65 ,$18.11 ,0.31%,N/A,N/A
Hobbies & Interests (Legacy),Theme Parks,United States,126,$19.22  ~ $47.29 ,$52.88 ,N/A,0.04%,N/A,N/A
Hobbies & Interests (Legacy),Biotech/Biomedical,United States,"30,936",$10.34  ~ $12.41 ,$1.52 ,$1.81 ,0.68%,N/A,N/A
Hobbies & Interests (Legacy),Job Search,United States,"8,465",$13.89  ~ $17.25 ,$5.15 ,$32.98 ,0.27%,N/A,N/A
Hobbies & Interests (Legacy),Cocktails/Beer,United States,"1,204",$20.37  ~ $20.45 ,$3.52 ,N/A,0.58%,N/A,N/A
Hobbies & Interests (Legacy),Private School,United States,"3,740",$6.78  ~ $14.73 ,$3.49 ,$27.31 ,0.19%,N/A,N/A
Hobbies & Interests (Legacy),Auto Parts,United States,210,$9.06  ~ $19.98 ,N/A,N/A,N/A,N/A,N/A
Hobbies & Interests (Legacy),Hotels,United States,"1,904",$6.23  ~ $13.01 ,$2.16 ,$36.67 ,0.29%,N/A,N/A
Hobbies & Interests (Legacy),Hotels,Canada,929,$3.88  ~ $8.69 ,$2.48 ,N/A,0.16%,N/A,N/A
Hobbies & Interests (Legacy),Remodeling & Construction,United States,"11,614",$3.41  ~ $8.19 ,$3.18 ,N/A,0.11%,N/A,N/A
Hobbies & Interests (Legacy),Shopping,United States,"756,563",$7.31  ~ $7.34 ,$1.34 ,$1.77 ,0.55%,N/A,N/A
Hobbies & Interests (Legacy),Shopping,Canada,"10,550",$7.65  ~ $18.09 ,$10.33 ,N/A,0.07%,N/A,N/A
Hobbies & Interests (Legacy),Construction,United States,"11,663",$3.31  ~ $7.47 ,$5.61 ,$14.02 ,0.06%,N/A,N/A
Hobbies & Interests (Legacy),Arthritis,United States,"4,381",$1.71  ~ $4.23 ,$1.75 ,$26.27 ,0.10%,N/A,N/A
Hobbies & Interests (Legacy),News,Canada,"6,281",$7.88  ~ $12.61 ,$2.66 ,$90.37 ,0.47%,N/A,N/A
Hobbies & Interests (Legacy),News,United States,"117,254",$10.43  ~ $11.66 ,$3.87 ,$23.86 ,0.30%,N/A,N/A
Hobbies & Interests (Legacy),Insurance,United States,"14,625",$8.19  ~ $8.24 ,$1.63 ,N/A,0.50%,N/A,N/A
Hobbies & Interests (Legacy),Careers,United States,"26,643",$8.53  ~ $8.96 ,$2.77 ,$10.48 ,0.31%,N/A,N/A
Hobbies & Interests (Legacy),Careers,Canada,470,$0.00  ~ $0.00 ,N/A,N/A,N/A,N/A,N/A
Hobbies & Interests (Legacy),Buying/Selling Cars,United States,"7,904",$7.92  ~ $8.16 ,$1.56 ,N/A,0.51%,N/A,N/A
Hobbies & Interests (Legacy),Business,Canada,"108,068",$5.47  ~ $7.13 ,$2.37 ,$37.61 ,0.23%,N/A,N/A
Hobbies & Interests (Legacy),Business,United States,"1,050,236",$8.35  ~ $9.23 ,$2.11 ,$8.32 ,0.44%,N/A,N/A
Hobbies & Interests (Legacy),Automotive,Canada,"11,193",$4.39  ~ $7.74 ,$3.25 ,$55.32 ,0.13%,N/A,N/A
Hobbies & Interests (Legacy),Automotive,United States,"111,166",$4.64  ~ $4.84 ,$2.71 ,$10.09 ,0.18%,N/A,N/A
Hobbies & Interests (Legacy),Education,United States,"301,085",$7.47  ~ $7.56 ,$1.66 ,$5.13 ,0.45%,N/A,N/A
Hobbies & Interests (Legacy),Education,Canada,"56,690",$3.60  ~ $8.14 ,$1.28 ,$19.66 ,0.28%,N/A,N/A
Hobbies & Interests (Legacy),Career Planning,United States,629,$1.77  ~ $3.76 ,$3.61 ,N/A,0.05%,N/A,N/A
Hobbies & Interests (Legacy),Adventure Travel,United States,"15,549",$3.94  ~ $8.31 ,$2.58 ,$12.90 ,0.15%,N/A,N/A
Hobbies & Interests (Legacy),Alternative Medicine,United States,"80,409",$10.20  ~ $10.60 ,$2.43 ,N/A,0.42%,N/A,N/A
Hobbies & Interests (Legacy),Pets,United States,"5,200",$2.63  ~ $6.80 ,$2.24 ,$1.74 ,0.30%,N/A,N/A
Hobbies & Interests (Legacy),Pets,Canada,"3,003",$8.04  ~ $16.08 ,N/A,N/A,N/A,N/A,N/A
Hobbies & Interests (Legacy),"Law, Gov't & Politics",United States,"4,986",$11.08  ~ $14.03 ,$6.09 ,N/A,0.23%,N/A,N/A
Hobbies & Interests (Legacy),"Law, Gov't & Politics",Canada,107,$3.88  ~ $8.69 ,N/A,N/A,N/A,N/A,N/A
Hobbies & Interests (Legacy),Cigars,United States,"80,409",$10.20  ~ $10.60 ,$2.43 ,N/A,0.42%,N/A,N/A
Hobbies & Interests (Legacy),Family & Parenting,United States,"47,575",$7.09  ~ $8.68 ,$2.09 ,$7.59 ,0.34%,N/A,N/A
Hobbies & Interests (Legacy),Family & Parenting,Canada,362,$3.87  ~ $3.92 ,N/A,N/A,N/A,N/A,N/A
Hobbies & Interests (Legacy),Interior Decorating,United States,"18,141",$6.37  ~ $8.56 ,$2.48 ,$14.89 ,0.26%,N/A,N/A
Hobbies & Interests (Legacy),Interior Decorating,Canada,387,$3.86  ~ $3.86 ,$0.68 ,N/A,0.56%,N/A,N/A
Hobbies & Interests (Legacy),Advertising,Canada,"104,631",$0.69  ~ $1.40 ,$0.44 ,$38.66 ,0.16%,N/A,N/A
Hobbies & Interests (Legacy),Advertising,United States,"833,952",$0.62  ~ $0.85 ,$0.49 ,$3.20 ,0.17%,N/A,N/A
Hobbies & Interests (Legacy),Travel,United States,"217,377",$5.30  ~ $5.95 ,$1.37 ,$4.86 ,0.39%,N/A,N/A
Hobbies & Interests (Legacy),Travel,Canada,"3,087",$7.29  ~ $8.09 ,$4.99 ,$9.41 ,0.15%,N/A,N/A
Hobbies & Interests (Legacy),Pediatrics,United States,"6,944",$7.80  ~ $8.15 ,$1.42 ,N/A,0.55%,N/A,N/A
Hobbies & Interests (Legacy),Hobbies & Interests,United States,"126,294",$8.34  ~ $9.57 ,$3.03 ,$20.25 ,0.28%,N/A,N/A
Hobbies & Interests (Legacy),Hobbies & Interests,Canada,245,$8.17  ~ $18.93 ,N/A,N/A,N/A,N/A,N/A
Hobbies & Interests (Legacy),Net Conferencing,United States,76,$11.50  ~ $28.66 ,N/A,N/A,N/A,N/A,N/A
Hobbies & Interests (Legacy),Net Conferencing,Canada,14,$11.59  ~ $25.85 ,N/A,N/A,N/A,N/A,N/A
Hobbies & Interests (Legacy),Business Software,Canada,"22,736",$7.92  ~ $19.09 ,$2.34 ,$42.69 ,0.34%,N/A,N/A
Hobbies & Interests (Legacy),Business Software,United States,"121,942",$8.33  ~ $17.20 ,$2.18 ,$20.85 ,0.38%,N/A,N/A
Hobbies & Interests (Legacy),Cold & Flu,United States,"34,646",$7.61  ~ $8.16 ,$2.56 ,$17.41 ,0.30%,N/A,N/A
Hobbies & Interests (Legacy),Food & Drink,United States,"49,709",$3.57  ~ $5.94 ,$1.81 ,$4.18 ,0.33%,N/A,N/A
Hobbies & Interests (Legacy),Food & Drink,Canada,"2,745",$1.73  ~ $4.03 ,$10.82 ,N/A,0.02%,N/A,N/A
Hobbies & Interests (Legacy),Exercise,United States,10,$1.35  ~ $2.85 ,N/A,N/A,N/A,N/A,N/A
Hobbies & Interests (Legacy),Health & Fitness,United States,"668,574",$5.61  ~ $6.54 ,$2.75 ,$10.64 ,0.24%,N/A,N/A
Hobbies & Interests (Legacy),Health & Fitness,Canada,"18,256",$4.08  ~ $5.45 ,$1.93 ,$9.86 ,0.28%,N/A,N/A
Hobbies & Interests (Legacy),Senior Living,United States,"6,290",$6.28  ~ $8.16 ,$2.87 ,$13.13 ,0.22%,N/A,N/A
Hobbies & Interests (Legacy),Clothing,United States,500,$0.00  ~ $0.00 ,N/A,N/A,N/A,N/A,N/A
Hobbies & Interests (Legacy),Arts & Entertainment,Canada,"7,144",$6.72  ~ $15.27 ,$1.94 ,$24.70 ,0.35%,N/A,N/A
Hobbies & Interests (Legacy),Arts & Entertainment,United States,"82,015",$7.17  ~ $8.73 ,$1.60 ,$3.54 ,0.45%,N/A,N/A
Hobbies & Interests (Legacy),Home & Garden,United States,"147,914",$5.30  ~ $7.50 ,$1.55 ,$5.54 ,0.34%,N/A,N/A
Hobbies & Interests (Legacy),Home & Garden,Canada,"4,660",$3.55  ~ $7.41 ,$1.89 ,N/A,0.19%,N/A,N/A
Hobbies & Interests (Legacy),Real Estate,Canada,447,$8.09  ~ $17.41 ,$1.31 ,N/A,0.62%,N/A,N/A
Hobbies & Interests (Legacy),Real Estate,United States,"78,115",$3.88  ~ $4.98 ,$1.77 ,$6.15 ,0.28%,N/A,N/A
Hobbies & Interests (Legacy),Home Repair,United States,"22,647",$7.53  ~ $17.15 ,$1.14 ,$36.02 ,0.66%,N/A,N/A
Hobbies & Interests (Legacy),Investing,Canada,310,$24.79  ~ $24.79 ,$7.06 ,$84.77 ,0.35%,N/A,N/A
Hobbies & Interests (Legacy),Marketing,Canada,"1,672",$6.31  ~ $14.20 ,$2.99 ,$40.32 ,0.21%,N/A,N/A
Hobbies & Interests (Legacy),Marketing,United States,"15,536",$2.26  ~ $5.27 ,$1.21 ,$10.90 ,0.19%,N/A,N/A
Hobbies & Interests (Legacy),Graduate School,United States,"49,177",$8.17  ~ $9.05 ,$1.41 ,$5.08 ,0.58%,N/A,N/A
Hobbies & Interests (Legacy),Graduate School,Canada,26,$6.27  ~ $13.25 ,$8.75 ,$64.17 ,0.07%,N/A,N/A
Hobbies & Interests (Legacy),Job Fairs,United States,272,$7.83  ~ $16.94 ,$0.55 ,$4.25 ,1.43%,N/A,N/A
Hobbies & Interests (Legacy),Job Fairs,Canada,2,$5.22  ~ $10.54 ,N/A,N/A,N/A,N/A,N/A
Hobbies & Interests (Legacy),Cancer,Canada,"1,459",$5.39  ~ $5.39 ,$1.16 ,N/A,0.46%,N/A,N/A
Hobbies & Interests (Legacy),Government,United States,309,$8.18  ~ $8.18 ,$1.08 ,N/A,0.76%,N/A,N/A
Hobbies & Interests (Legacy),Government,Canada,12,$7.90  ~ $16.86 ,N/A,N/A,N/A,N/A,N/A
Hobbies & Interests (Legacy),Credit/Debt & Loans,United States,"51,749",$5.69  ~ $8.62 ,$1.35 ,$5.65 ,0.42%,N/A,N/A
Hobbies & Interests (Legacy),Agriculture,United States,"3,385",$8.31  ~ $17.69 ,$4.03 ,$22.77 ,0.21%,N/A,N/A
Hobbies & Interests (Legacy),Agriculture,Canada,626,$0.00  ~ $0.00 ,N/A,N/A,N/A,N/A,N/A
Hobbies & Interests (Legacy),Green Solutions,United States,"1,731",$8.09  ~ $8.32 ,$13.88 ,N/A,0.06%,N/A,N/A
Hobbies & Interests (Legacy),Appliances,Canada,"2,336",$7.25  ~ $8.94 ,N/A,N/A,N/A,N/A,N/A
Hobbies & Interests (Legacy),Appliances,United States,"1,482",$5.97  ~ $9.40 ,$2.42 ,N/A,0.25%,N/A,N/A
Hobbies & Interests (Legacy),Dogs,United States,75,$12.37  ~ $12.37 ,$1.25 ,N/A,0.99%,N/A,N/A
Hobbies & Interests (Legacy),Large Animals,United States,"4,532",$8.16  ~ $8.48 ,$2.35 ,$18.40 ,0.36%,N/A,N/A
Hobbies & Interests (Legacy),Human Resources,United States,"8,708",$12.53  ~ $12.53 ,$2.35 ,$10.52 ,0.53%,N/A,N/A
Hobbies & Interests (Legacy),Substance Abuse,United States,15,$0.00  ~ $0.00 ,N/A,N/A,N/A,N/A,N/A
Hobbies & Interests (Legacy),Logistics,United States,31,$0.00  ~ $0.00 ,N/A,N/A,N/A,N/A,N/A
Hobbies & Interests (Legacy),Entertaining,United States,348,$0.00  ~ $0.00 ,N/A,N/A,N/A,N/A,N/A
Hobbies & Interests (Legacy),Card Games,United States,317,$0.00  ~ $0.00 ,N/A,N/A,N/A,N/A,N/A
Hobbies & Interests (Legacy),Card Games,Canada,212,$0.00  ~ $0.00 ,N/A,N/A,N/A,N/A,N/A
Hobbies & Interests (Legacy),Job Search,Canada,29,$0.00  ~ $0.00 ,N/A,N/A,N/A,N/A,N/A
Hobbies & Interests (Legacy),Music,United States,"4,433",$0.00  ~ $0.00 ,N/A,N/A,N/A,N/A,N/A
Hobbies & Interests (Legacy),Art/Technology,United States,593,$0.00  ~ $0.00 ,N/A,N/A,N/A,N/A,N/A
Hobbies & Interests (Legacy),Distance Learning,United States,183,$0.00  ~ $0.00 ,N/A,N/A,N/A,N/A,N/A
Hobbies & Interests (Legacy),Catholicism,United States,170,$0.00  ~ $0.00 ,N/A,N/A,N/A,N/A,N/A
Hobbies & Interests (Legacy),Dental Care,United States,219,$0.00  ~ $0.00 ,N/A,N/A,N/A,N/A,N/A
Hobbies & Interests (Legacy),Landscaping,United States,6,$0.00  ~ $0.00 ,N/A,N/A,N/A,N/A,N/A
Hobbies & Interests (Legacy),By US Locale,United States,21,$0.00  ~ $0.00 ,N/A,N/A,N/A,N/A,N/A
Hobbies & Interests (Legacy),College Life,Canada,20,$0.00  ~ $0.00 ,N/A,N/A,N/A,N/A,N/A
Hobbies & Interests (Legacy),Legal Issues,United States,6,$0.00  ~ $0.00 ,N/A,N/A,N/A,N/A,N/A
Hobbies & Interests (Legacy),Teens,United States,56,$0.00  ~ $0.00 ,N/A,N/A,N/A,N/A,N/A
Hobbies & Interests (Legacy),Buying/Selling Homes,United States,134,$0.00  ~ $0.00 ,N/A,N/A,N/A,N/A,N/A
Hobbies & Interests (Legacy),Psychology/Psychiatry,United States,357,$0.00  ~ $0.00 ,N/A,N/A,N/A,N/A,N/A
Hobbies & Interests (Legacy),Cuisine-Specific,United States,18,$0.00  ~ $0.00 ,N/A,N/A,N/A,N/A,N/A
Hobbies & Interests (Legacy),Pro Ice Hockey,Canada,72,$0.00  ~ $0.00 ,N/A,N/A,N/A,N/A,N/A
Hobbies & Interests (Legacy),Comparison,United States,79,$0.00  ~ $0.00 ,N/A,N/A,N/A,N/A,N/A
Hobbies & Interests (Legacy),Investing,United States,9,$0.00  ~ $0.00 ,N/A,N/A,N/A,N/A,N/A
Hobbies & Interests (Legacy),Chronic Pain,United States,5,$0.00  ~ $0.00 ,N/A,N/A,N/A,N/A,N/A
Home & Garden (Legacy),Dogs,United States,70,$14.50  ~ $14.50 ,$0.65 ,N/A,2.22%,N/A,N/A
Home & Garden (Legacy),Cold & Flu,United States,"22,205",$7.70  ~ $8.16 ,$3.54 ,$10.93 ,0.22%,N/A,N/A
Home & Garden (Legacy),Real Estate,United States,"91,451",$4.26  ~ $5.73 ,$1.90 ,$3.83 ,0.30%,N/A,N/A
Home & Garden (Legacy),Real Estate,Canada,651,$8.13  ~ $17.08 ,$9.32 ,N/A,0.09%,N/A,N/A
Home & Garden (Legacy),Shopping,United States,"426,516",$7.32  ~ $7.53 ,$1.85 ,$2.28 ,0.40%,N/A,N/A
Home & Garden (Legacy),Shopping,Canada,"14,884",$7.35  ~ $15.57 ,$9.56 ,N/A,0.08%,N/A,N/A
Home & Garden (Legacy),News,United States,"32,464",$10.54  ~ $11.25 ,$5.81 ,$14.98 ,0.19%,N/A,N/A
Home & Garden (Legacy),News,Canada,"2,349",$8.00  ~ $8.08 ,$2.42 ,$16.53 ,0.33%,N/A,N/A
Home & Garden (Legacy),Automotive,Canada,"6,802",$4.73  ~ $7.68 ,$3.76 ,$30.07 ,0.13%,N/A,N/A
Home & Garden (Legacy),Automotive,United States,"74,668",$5.45  ~ $5.49 ,$2.20 ,$4.98 ,0.25%,N/A,N/A
Home & Garden (Legacy),Private School,United States,"1,419",$6.78  ~ $16.74 ,$6.90 ,N/A,0.10%,N/A,N/A
Home & Garden (Legacy),Government,United States,165,$8.40  ~ $8.40 ,$0.93 ,N/A,0.90%,N/A,N/A
Home & Garden (Legacy),Government,Canada,216,$7.92  ~ $19.07 ,N/A,N/A,N/A,N/A,N/A
Home & Garden (Legacy),Home Repair,United States,"6,621",$7.70  ~ $16.57 ,$1.19 ,$33.39 ,0.65%,N/A,N/A
Home & Garden (Legacy),Remodeling & Construction,United States,"7,674",$4.99  ~ $10.19 ,$2.50 ,$10.00 ,0.20%,N/A,N/A
Home & Garden (Legacy),Theme Parks,United States,47,$19.19  ~ $39.14 ,$16.08 ,N/A,0.12%,N/A,N/A
Home & Garden (Legacy),Career Planning,United States,"1,939",$2.28  ~ $5.15 ,$4.41 ,N/A,0.05%,N/A,N/A
Home & Garden (Legacy),Cigars,United States,"30,223",$10.62  ~ $11.02 ,$3.04 ,N/A,0.35%,N/A,N/A
Home & Garden (Legacy),Pets,United States,"7,684",$2.63  ~ $13.70 ,$1.47 ,N/A,0.93%,N/A,N/A
Home & Garden (Legacy),Pets,Canada,"3,351",$7.99  ~ $17.19 ,N/A,N/A,N/A,N/A,N/A
Home & Garden (Legacy),Business,Canada,"45,223",$5.71  ~ $7.11 ,$3.62 ,$21.98 ,0.16%,N/A,N/A
Home & Garden (Legacy),Business,United States,"488,524",$8.14  ~ $9.14 ,$1.63 ,$4.47 ,0.56%,N/A,N/A
Home & Garden (Legacy),Business Software,Canada,"3,172",$7.82  ~ $18.87 ,$5.53 ,$62.79 ,0.14%,N/A,N/A
Home & Garden (Legacy),Business Software,United States,"12,207",$10.19  ~ $25.32 ,$3.77 ,$15.19 ,0.27%,N/A,N/A
Home & Garden (Legacy),Food & Drink,United States,"25,734",$4.38  ~ $7.43 ,$1.53 ,$2.73 ,0.49%,N/A,N/A
Home & Garden (Legacy),Food & Drink,Canada,"8,841",$2.16  ~ $4.31 ,$9.40 ,N/A,0.02%,N/A,N/A
Home & Garden (Legacy),Hotels,United States,"3,295",$7.98  ~ $17.80 ,$10.83 ,$23.82 ,0.07%,N/A,N/A
Home & Garden (Legacy),Hotels,Canada,314,$3.92  ~ $9.54 ,$2.41 ,N/A,0.16%,N/A,N/A
Home & Garden (Legacy),Politics,United States,"5,182",$8.16  ~ $8.31 ,$6.82 ,N/A,0.12%,N/A,N/A
Home & Garden (Legacy),Personal Finance,Canada,"2,210",$5.65  ~ $14.87 ,$7.77 ,$15.49 ,0.19%,N/A,N/A
Home & Garden (Legacy),Personal Finance,United States,"375,293",$8.49  ~ $8.72 ,$2.66 ,$9.26 ,0.32%,N/A,N/A
Home & Garden (Legacy),Biotech/Biomedical,United States,"15,110",$10.67  ~ $13.01 ,$1.22 ,$1.18 ,0.87%,N/A,N/A
Home & Garden (Legacy),Human Resources,United States,"4,115",$12.47  ~ $12.47 ,$1.14 ,$1.71 ,1.09%,N/A,N/A
Home & Garden (Legacy),Education,Canada,"44,424",$3.95  ~ $8.14 ,$2.11 ,$65.28 ,0.19%,N/A,N/A
Home & Garden (Legacy),Education,United States,"178,736",$8.13  ~ $8.65 ,$1.70 ,$3.96 ,0.48%,N/A,N/A
Home & Garden (Legacy),Pediatrics,United States,"2,268",$7.33  ~ $8.14 ,$1.73 ,N/A,0.42%,N/A,N/A
Home & Garden (Legacy),Adventure Travel,United States,"12,693",$4.27  ~ $9.47 ,$2.07 ,$11.60 ,0.21%,N/A,N/A
Home & Garden (Legacy),Credit/Debt & Loans,United States,"31,499",$6.04  ~ $8.91 ,$1.38 ,$2.84 ,0.44%,N/A,N/A
Home & Garden (Legacy),Agriculture,United States,"1,072",$8.26  ~ $19.53 ,$15.63 ,$45.06 ,0.05%,N/A,N/A
Home & Garden (Legacy),Job Fairs,United States,35,$7.69  ~ $18.47 ,$0.33 ,$1.05 ,2.31%,N/A,N/A
Home & Garden (Legacy),Cancer,Canada,"1,400",$5.39  ~ $5.39 ,$2.62 ,N/A,0.21%,N/A,N/A
Home & Garden (Legacy),Arthritis,United States,"1,579",$2.62  ~ $5.85 ,$1.73 ,$2.31 ,0.15%,N/A,N/A
Home & Garden (Legacy),Buying/Selling Cars,United States,"6,279",$8.13  ~ $8.15 ,$6.60 ,$0.69 ,0.12%,N/A,N/A
Home & Garden (Legacy),Graduate School,United States,"31,309",$8.17  ~ $9.01 ,$1.44 ,$3.82 ,0.57%,N/A,N/A
Home & Garden (Legacy),Graduate School,Canada,14,$6.27  ~ $12.86 ,$6.93 ,$20.80 ,0.09%,N/A,N/A
Home & Garden (Legacy),"Law, Gov't & Politics",United States,"1,496",$11.26  ~ $16.05 ,$7.83 ,N/A,0.21%,N/A,N/A
Home & Garden (Legacy),"Law, Gov't & Politics",Canada,66,$3.88  ~ $9.62 ,N/A,N/A,N/A,N/A,N/A
Home & Garden (Legacy),Investing,Canada,142,$24.76  ~ $24.76 ,$9.26 ,$50.95 ,0.27%,N/A,N/A
Home & Garden (Legacy),Auto Parts,United States,89,$8.90  ~ $19.93 ,N/A,N/A,N/A,N/A,N/A
Home & Garden (Legacy),Cocktails/Beer,United States,573,$20.34  ~ $20.51 ,$7.57 ,N/A,0.27%,N/A,N/A
Home & Garden (Legacy),Family & Parenting,United States,"32,305",$6.79  ~ $8.19 ,$3.97 ,$9.50 ,0.17%,N/A,N/A
Home & Garden (Legacy),Family & Parenting,Canada,416,$3.87  ~ $3.89 ,N/A,N/A,N/A,N/A,N/A
Home & Garden (Legacy),Health & Fitness,United States,"383,179",$5.28  ~ $6.19 ,$3.72 ,$10.35 ,0.17%,N/A,N/A
Home & Garden (Legacy),Health & Fitness,Canada,"14,575",$4.52  ~ $5.56 ,$3.83 ,$25.86 ,0.15%,N/A,N/A
Home & Garden (Legacy),Hobbies & Interests,United States,"78,294",$9.86  ~ $11.13 ,$4.85 ,$18.05 ,0.20%,N/A,N/A
Home & Garden (Legacy),Hobbies & Interests,Canada,287,$8.23  ~ $17.85 ,N/A,N/A,N/A,N/A,N/A
Home & Garden (Legacy),Green Solutions,United States,"1,400",$8.07  ~ $8.11 ,$3.79 ,N/A,0.21%,N/A,N/A
Home & Garden (Legacy),Careers,United States,"15,388",$8.14  ~ $9.18 ,$1.57 ,$3.92 ,0.52%,N/A,N/A
Home & Garden (Legacy),Large Animals,United States,"1,862",$8.16  ~ $8.65 ,$2.22 ,$6.04 ,0.39%,N/A,N/A
Home & Garden (Legacy),Alternative Medicine,United States,"30,223",$10.62  ~ $11.02 ,$3.04 ,N/A,0.35%,N/A,N/A
Home & Garden (Legacy),Senior Living,United States,"2,952",$7.14  ~ $8.16 ,$5.26 ,$14.03 ,0.14%,N/A,N/A
Home & Garden (Legacy),Buying/Selling Homes,United States,91,$0.00  ~ $0.00 ,N/A,N/A,N/A,N/A,N/A
Home & Garden (Legacy),Home & Garden,United States,"101,687",$7.01  ~ $8.01 ,$2.41 ,$5.00 ,0.29%,N/A,N/A
Home & Garden (Legacy),Home & Garden,Canada,"3,918",$4.26  ~ $19.93 ,$2.56 ,$6.40 ,0.17%,N/A,N/A
Home & Garden (Legacy),Travel,Canada,692,$8.17  ~ $8.62 ,$6.39 ,$8.57 ,0.13%,N/A,N/A
Home & Garden (Legacy),Travel,United States,"177,168",$6.50  ~ $8.48 ,$2.38 ,$6.22 ,0.27%,N/A,N/A
Home & Garden (Legacy),Advertising,United States,"341,174",$0.63  ~ $1.80 ,$0.42 ,$1.50 ,0.43%,N/A,N/A
Home & Garden (Legacy),Advertising,Canada,"26,873",$0.71  ~ $1.73 ,$0.43 ,$26.76 ,0.16%,N/A,N/A
Home & Garden (Legacy),Net Conferencing,United States,236,$11.33  ~ $27.29 ,$8.23 ,N/A,0.14%,N/A,N/A
Home & Garden (Legacy),Net Conferencing,Canada,66,$11.27  ~ $25.26 ,N/A,N/A,N/A,N/A,N/A
Home & Garden (Legacy),Appliances,Canada,"1,386",$7.38  ~ $9.62 ,$2.79 ,N/A,0.26%,N/A,N/A
Home & Garden (Legacy),Appliances,United States,"2,520",$4.46  ~ $9.94 ,$6.91 ,N/A,0.06%,N/A,N/A
Home & Garden (Legacy),Insurance,United States,"6,765",$11.90  ~ $12.52 ,$2.03 ,$52.21 ,0.59%,N/A,N/A
Home & Garden (Legacy),Construction,United States,"6,437",$5.92  ~ $11.99 ,$2.06 ,$3.54 ,0.29%,N/A,N/A
Home & Garden (Legacy),Job Search,United States,"2,855",$13.60  ~ $16.34 ,$8.03 ,$38.02 ,0.17%,N/A,N/A
Home & Garden (Legacy),Interior Decorating,United States,"32,614",$7.74  ~ $8.67 ,$6.51 ,$26.78 ,0.12%,N/A,N/A
Home & Garden (Legacy),Interior Decorating,Canada,216,$3.86  ~ $3.86 ,$1.10 ,N/A,0.35%,N/A,N/A
Home & Garden (Legacy),Marketing,United States,"8,632",$2.99  ~ $6.55 ,$1.54 ,N/A,0.19%,N/A,N/A
Home & Garden (Legacy),Marketing,Canada,"1,762",$6.49  ~ $13.44 ,$4.87 ,$60.03 ,0.13%,N/A,N/A
Home & Garden (Legacy),Clothing,United States,"2,665",$6.52  ~ $6.52 ,$1.25 ,$1.74 ,0.52%,N/A,N/A
Home & Garden (Legacy),Exercise,United States,197,$1.23  ~ $2.57 ,N/A,N/A,N/A,N/A,N/A
Home & Garden (Legacy),Arts & Entertainment,Canada,"14,164",$6.75  ~ $13.87 ,$1.94 ,$10.70 ,0.35%,N/A,N/A
Home & Garden (Legacy),Arts & Entertainment,United States,"37,775",$7.34  ~ $8.79 ,$1.43 ,$1.85 ,0.51%,N/A,N/A
Home & Garden (Legacy),Substance Abuse,United States,39,$0.00  ~ $0.00 ,N/A,N/A,N/A,N/A,N/A
Home & Garden (Legacy),Dental Care,United States,46,$0.00  ~ $0.00 ,N/A,N/A,N/A,N/A,N/A
Home & Garden (Legacy),Music,United States,"6,028",$0.00  ~ $0.00 ,N/A,N/A,N/A,N/A,N/A
Home & Garden (Legacy),Psychology/Psychiatry,United States,65,$0.00  ~ $0.00 ,N/A,N/A,N/A,N/A,N/A
Home & Garden (Legacy),Insurance,Canada,1,$0.00  ~ $0.00 ,N/A,N/A,N/A,N/A,N/A
Home & Garden (Legacy),Italian Cuisine,United States,1,$0.00  ~ $0.00 ,N/A,N/A,N/A,N/A,N/A
Home & Garden (Legacy),Art/Technology,United States,303,$0.00  ~ $0.00 ,N/A,N/A,N/A,N/A,N/A
Home & Garden (Legacy),Cuisine-Specific,United States,361,$0.00  ~ $0.00 ,N/A,N/A,N/A,N/A,N/A
Home & Garden (Legacy),Entertaining,United States,340,$0.00  ~ $0.00 ,N/A,N/A,N/A,N/A,N/A
Home & Garden (Legacy),Careers,Canada,276,$0.00  ~ $0.00 ,N/A,N/A,N/A,N/A,N/A
Home & Garden (Legacy),Agriculture,Canada,330,$0.00  ~ $0.00 ,N/A,N/A,N/A,N/A,N/A
Home & Garden (Legacy),Job Search,Canada,13,$0.00  ~ $0.00 ,N/A,N/A,N/A,N/A,N/A
Home & Garden (Legacy),Legal Issues,United States,5,$0.00  ~ $0.00 ,N/A,N/A,N/A,N/A,N/A
Home & Garden (Legacy),Logistics,United States,22,$0.00  ~ $0.00 ,N/A,N/A,N/A,N/A,N/A
Home & Garden (Legacy),Comparison,United States,51,$0.00  ~ $0.00 ,N/A,N/A,N/A,N/A,N/A
Home & Garden (Legacy),By US Locale,United States,6,$0.00  ~ $0.00 ,N/A,N/A,N/A,N/A,N/A
Home & Garden (Legacy),Teens,United States,25,$0.00  ~ $0.00 ,N/A,N/A,N/A,N/A,N/A
Home & Garden (Legacy),College Life,Canada,5,$0.00  ~ $0.00 ,N/A,N/A,N/A,N/A,N/A
Home & Garden (Legacy),Card Games,Canada,205,$0.00  ~ $0.00 ,N/A,N/A,N/A,N/A,N/A
Home & Garden (Legacy),Card Games,United States,222,$0.00  ~ $0.00 ,N/A,N/A,N/A,N/A,N/A
Home & Garden (Legacy),Landscaping,United States,15,$0.00  ~ $0.00 ,N/A,N/A,N/A,N/A,N/A
Home & Garden (Legacy),Gardening,Canada,3,$0.00  ~ $0.00 ,N/A,N/A,N/A,N/A,N/A
Home & Garden (Legacy),Catholicism,United States,91,$0.00  ~ $0.00 ,N/A,N/A,N/A,N/A,N/A
Home & Garden (Legacy),Distance Learning,United States,258,$0.00  ~ $0.00 ,N/A,N/A,N/A,N/A,N/A
Home & Garden (Legacy),Chronic Pain,United States,6,$0.00  ~ $0.00 ,N/A,N/A,N/A,N/A,N/A
Home & Garden (Legacy),Pro Ice Hockey,Canada,25,$0.00  ~ $0.00 ,N/A,N/A,N/A,N/A,N/A
Home & Garden (Legacy),U.S. Government Resources,United States,10,$0.00  ~ $0.00 ,N/A,N/A,N/A,N/A,N/A
Home & Garden (Legacy),Investing,United States,25,$0.00  ~ $0.00 ,N/A,N/A,N/A,N/A,N/A
"Law, Gov't & Politics (Legacy)",Investing,Canada,137,$24.78  ~ $24.78 ,$6.27 ,$43.87 ,0.40%,N/A,N/A
"Law, Gov't & Politics (Legacy)",Alternative Medicine,United States,"51,306",$10.70  ~ $11.14 ,$3.08 ,N/A,0.35%,N/A,N/A
"Law, Gov't & Politics (Legacy)",Credit/Debt & Loans,United States,"12,671",$5.28  ~ $9.52 ,$1.42 ,$6.01 ,0.37%,N/A,N/A
"Law, Gov't & Politics (Legacy)",Family & Parenting,United States,"37,403",$6.90  ~ $8.45 ,$3.41 ,$8.60 ,0.20%,N/A,N/A
"Law, Gov't & Politics (Legacy)",Family & Parenting,Canada,364,$3.88  ~ $3.91 ,N/A,N/A,N/A,N/A,N/A
"Law, Gov't & Politics (Legacy)",Hobbies & Interests,United States,"67,198",$8.46  ~ $9.95 ,$2.93 ,$11.26 ,0.29%,N/A,N/A
"Law, Gov't & Politics (Legacy)",Hobbies & Interests,Canada,192,$8.26  ~ $18.48 ,$3.76 ,N/A,0.22%,N/A,N/A
"Law, Gov't & Politics (Legacy)",Large Animals,United States,"2,061",$8.15  ~ $9.45 ,$4.67 ,$11.68 ,0.20%,N/A,N/A
"Law, Gov't & Politics (Legacy)",Automotive,Canada,"5,916",$5.46  ~ $7.75 ,$2.98 ,$17.01 ,0.18%,N/A,N/A
"Law, Gov't & Politics (Legacy)",Automotive,United States,"87,890",$5.11  ~ $5.12 ,$2.62 ,$9.30 ,0.20%,N/A,N/A
"Law, Gov't & Politics (Legacy)",Shopping,Canada,"8,625",$7.40  ~ $16.63 ,$5.99 ,N/A,0.12%,N/A,N/A
"Law, Gov't & Politics (Legacy)",Shopping,United States,"603,235",$6.65  ~ $7.86 ,$1.30 ,$2.10 ,0.51%,N/A,N/A
"Law, Gov't & Politics (Legacy)",Education,Canada,"27,430",$3.30  ~ $8.09 ,$1.60 ,$11.89 ,0.21%,N/A,N/A
"Law, Gov't & Politics (Legacy)",Education,United States,"236,454",$7.84  ~ $8.56 ,$2.33 ,$7.70 ,0.34%,N/A,N/A
"Law, Gov't & Politics (Legacy)",Advertising,United States,"254,899",$0.63  ~ $0.72 ,$0.51 ,$2.30 ,0.14%,N/A,N/A
"Law, Gov't & Politics (Legacy)",Advertising,Canada,"28,874",$0.61  ~ $1.28 ,$0.46 ,$16.86 ,0.13%,N/A,N/A
"Law, Gov't & Politics (Legacy)",Real Estate,United States,"102,285",$5.07  ~ $5.65 ,$2.25 ,$9.38 ,0.25%,N/A,N/A
"Law, Gov't & Politics (Legacy)",Real Estate,Canada,249,$8.04  ~ $17.16 ,$0.79 ,$1.33 ,1.02%,N/A,N/A
"Law, Gov't & Politics (Legacy)",Food & Drink,United States,"36,889",$4.02  ~ $6.59 ,$2.24 ,$4.64 ,0.29%,N/A,N/A
"Law, Gov't & Politics (Legacy)",Food & Drink,Canada,"3,280",$2.11  ~ $4.25 ,$2.78 ,N/A,0.08%,N/A,N/A
"Law, Gov't & Politics (Legacy)",Pets,United States,"4,696",$2.61  ~ $7.15 ,$2.44 ,N/A,0.29%,N/A,N/A
"Law, Gov't & Politics (Legacy)",Pets,Canada,"1,186",$8.01  ~ $18.73 ,N/A,N/A,N/A,N/A,N/A
"Law, Gov't & Politics (Legacy)",Careers,United States,"13,539",$9.61  ~ $9.81 ,$4.11 ,$15.50 ,0.23%,N/A,N/A
"Law, Gov't & Politics (Legacy)",Cold & Flu,United States,"26,254",$7.54  ~ $8.15 ,$2.59 ,$8.58 ,0.29%,N/A,N/A
"Law, Gov't & Politics (Legacy)",Adventure Travel,United States,"12,390",$3.62  ~ $8.66 ,$2.35 ,$11.75 ,0.15%,N/A,N/A
"Law, Gov't & Politics (Legacy)",Hotels,United States,892,$4.98  ~ $11.38 ,$1.07 ,$4.83 ,0.46%,N/A,N/A
"Law, Gov't & Politics (Legacy)",Hotels,Canada,231,$3.92  ~ $9.79 ,$0.69 ,$1.76 ,0.56%,N/A,N/A
"Law, Gov't & Politics (Legacy)",Business Software,Canada,"3,496",$7.78  ~ $16.58 ,$2.03 ,$43.69 ,0.38%,N/A,N/A
"Law, Gov't & Politics (Legacy)",Business Software,United States,"51,943",$11.52  ~ $23.85 ,$3.01 ,$13.55 ,0.38%,N/A,N/A
"Law, Gov't & Politics (Legacy)",Pediatrics,United States,"3,579",$7.69  ~ $8.15 ,$2.01 ,N/A,0.38%,N/A,N/A
"Law, Gov't & Politics (Legacy)",Home & Garden,United States,"90,509",$6.00  ~ $7.47 ,$1.75 ,$5.91 ,0.34%,N/A,N/A
"Law, Gov't & Politics (Legacy)",Home & Garden,Canada,"2,708",$2.06  ~ $4.56 ,$1.79 ,$8.96 ,0.11%,N/A,N/A
"Law, Gov't & Politics (Legacy)",Green Solutions,United States,"5,950",$7.93  ~ $8.10 ,$14.60 ,N/A,0.05%,N/A,N/A
"Law, Gov't & Politics (Legacy)",Appliances,United States,"2,566",$5.02  ~ $10.31 ,$6.29 ,N/A,0.08%,N/A,N/A
"Law, Gov't & Politics (Legacy)",Appliances,Canada,"2,112",$7.96  ~ $8.59 ,$5.34 ,N/A,0.15%,N/A,N/A
"Law, Gov't & Politics (Legacy)",Exercise,United States,75,$1.28  ~ $3.18 ,N/A,N/A,N/A,N/A,N/A
"Law, Gov't & Politics (Legacy)",Human Resources,United States,"4,178",$12.56  ~ $12.56 ,$3.18 ,$11.92 ,0.40%,N/A,N/A
"Law, Gov't & Politics (Legacy)","Law, Gov't & Politics",United States,"3,900",$11.99  ~ $15.37 ,$9.92 ,N/A,0.15%,N/A,N/A
"Law, Gov't & Politics (Legacy)","Law, Gov't & Politics",Canada,56,$3.90  ~ $7.87 ,N/A,N/A,N/A,N/A,N/A
"Law, Gov't & Politics (Legacy)",Insurance,United States,"13,039",$10.70  ~ $11.02 ,$2.63 ,$48.72 ,0.41%,N/A,N/A
"Law, Gov't & Politics (Legacy)",Auto Parts,United States,110,$9.05  ~ $22.40 ,N/A,N/A,N/A,N/A,N/A
"Law, Gov't & Politics (Legacy)",Graduate School,United States,"30,394",$7.68  ~ $8.05 ,$1.87 ,$8.59 ,0.43%,N/A,N/A
"Law, Gov't & Politics (Legacy)",Graduate School,Canada,13,$6.30  ~ $12.70 ,$9.90 ,N/A,0.06%,N/A,N/A
"Law, Gov't & Politics (Legacy)",Cigars,United States,"51,306",$10.70  ~ $11.14 ,$3.08 ,N/A,0.35%,N/A,N/A
"Law, Gov't & Politics (Legacy)",Clothing,United States,"2,484",$6.67  ~ $6.67 ,$1.66 ,$3.84 ,0.40%,N/A,N/A
"Law, Gov't & Politics (Legacy)",Private School,United States,"2,681",$6.78  ~ $13.55 ,$2.97 ,$7.09 ,0.23%,N/A,N/A
"Law, Gov't & Politics (Legacy)",Job Search,United States,"7,706",$14.07  ~ $16.42 ,$8.02 ,$70.28 ,0.18%,N/A,N/A
"Law, Gov't & Politics (Legacy)",Home Repair,United States,"10,373",$7.84  ~ $16.35 ,$2.52 ,$137.10 ,0.31%,N/A,N/A
"Law, Gov't & Politics (Legacy)",Travel,Canada,840,$7.93  ~ $8.45 ,$2.43 ,$4.17 ,0.33%,N/A,N/A
"Law, Gov't & Politics (Legacy)",Travel,United States,"283,036",$4.79  ~ $6.86 ,$1.31 ,$6.44 ,0.37%,N/A,N/A
"Law, Gov't & Politics (Legacy)",Construction,United States,"6,827",$4.69  ~ $11.53 ,$3.07 ,$8.20 ,0.15%,N/A,N/A
"Law, Gov't & Politics (Legacy)",Arts & Entertainment,Canada,"4,835",$7.19  ~ $16.63 ,$1.27 ,$13.71 ,0.57%,N/A,N/A
"Law, Gov't & Politics (Legacy)",Arts & Entertainment,United States,"63,669",$7.08  ~ $8.18 ,$1.54 ,$2.86 ,0.46%,N/A,N/A
"Law, Gov't & Politics (Legacy)",Politics,United States,"9,533",$8.14  ~ $8.27 ,$4.56 ,N/A,0.18%,N/A,N/A
"Law, Gov't & Politics (Legacy)",Job Fairs,United States,175,$7.16  ~ $15.05 ,$0.48 ,$3.06 ,1.48%,N/A,N/A
"Law, Gov't & Politics (Legacy)",Health & Fitness,United States,"639,369",$5.19  ~ $5.84 ,$3.62 ,$14.40 ,0.16%,N/A,N/A
"Law, Gov't & Politics (Legacy)",Health & Fitness,Canada,"10,581",$3.91  ~ $4.86 ,$2.56 ,$140.16 ,0.19%,N/A,N/A
"Law, Gov't & Politics (Legacy)",Interior Decorating,United States,"7,507",$6.48  ~ $9.49 ,$2.56 ,$12.32 ,0.25%,N/A,N/A
"Law, Gov't & Politics (Legacy)",Interior Decorating,Canada,123,$3.85  ~ $3.85 ,N/A,N/A,N/A,N/A,N/A
"Law, Gov't & Politics (Legacy)",News,United States,"55,867",$11.75  ~ $11.79 ,$5.91 ,$21.56 ,0.20%,N/A,N/A
"Law, Gov't & Politics (Legacy)",News,Canada,"1,169",$8.10  ~ $10.26 ,$3.41 ,$54.39 ,0.30%,N/A,N/A
"Law, Gov't & Politics (Legacy)",Career Planning,United States,"3,672",$2.15  ~ $5.35 ,$3.13 ,N/A,0.07%,N/A,N/A
"Law, Gov't & Politics (Legacy)",Marketing,United States,"11,227",$2.42  ~ $5.49 ,$3.12 ,N/A,0.08%,N/A,N/A
"Law, Gov't & Politics (Legacy)",Marketing,Canada,"2,264",$6.33  ~ $14.63 ,$2.96 ,$35.53 ,0.21%,N/A,N/A
"Law, Gov't & Politics (Legacy)",Buying/Selling Cars,United States,"8,519",$8.01  ~ $8.16 ,$6.04 ,$1.01 ,0.13%,N/A,N/A
"Law, Gov't & Politics (Legacy)",Agriculture,United States,"1,483",$8.36  ~ $18.42 ,$2.98 ,N/A,0.28%,N/A,N/A
"Law, Gov't & Politics (Legacy)",Biotech/Biomedical,United States,"14,147",$13.25  ~ $13.36 ,$2.87 ,$4.69 ,0.46%,N/A,N/A
"Law, Gov't & Politics (Legacy)",Senior Living,United States,"4,154",$5.89  ~ $8.15 ,$2.43 ,$13.96 ,0.24%,N/A,N/A
"Law, Gov't & Politics (Legacy)",Net Conferencing,United States,114,$11.57  ~ $26.15 ,$5.87 ,N/A,0.20%,N/A,N/A
"Law, Gov't & Politics (Legacy)",Net Conferencing,Canada,10,$11.55  ~ $27.57 ,N/A,N/A,N/A,N/A,N/A
"Law, Gov't & Politics (Legacy)",Remodeling & Construction,United States,"4,404",$4.77  ~ $11.73 ,$2.59 ,N/A,0.18%,N/A,N/A
"Law, Gov't & Politics (Legacy)",Personal Finance,Canada,"1,933",$5.46  ~ $5.67 ,$1.87 ,$27.98 ,0.29%,N/A,N/A
"Law, Gov't & Politics (Legacy)",Personal Finance,United States,"743,814",$7.77  ~ $8.49 ,$3.46 ,$17.16 ,0.22%,N/A,N/A
"Law, Gov't & Politics (Legacy)",Government,United States,262,$8.16  ~ $8.16 ,$1.43 ,N/A,0.57%,N/A,N/A
"Law, Gov't & Politics (Legacy)",Government,Canada,26,$7.89  ~ $16.01 ,$4.33 ,N/A,0.18%,N/A,N/A
"Law, Gov't & Politics (Legacy)",Cancer,Canada,"1,511",$5.39  ~ $5.39 ,$1.33 ,$15.90 ,0.41%,N/A,N/A
"Law, Gov't & Politics (Legacy)",Dogs,United States,103,$12.73  ~ $12.73 ,$1.39 ,N/A,0.91%,N/A,N/A
"Law, Gov't & Politics (Legacy)",Theme Parks,United States,83,$19.23  ~ $47.58 ,$24.20 ,N/A,0.08%,N/A,N/A
"Law, Gov't & Politics (Legacy)",Business,Canada,"61,127",$4.89  ~ $5.00 ,$2.07 ,$29.18 ,0.24%,N/A,N/A
"Law, Gov't & Politics (Legacy)",Business,United States,"793,795",$7.88  ~ $8.84 ,$2.81 ,$9.79 ,0.31%,N/A,N/A
"Law, Gov't & Politics (Legacy)",Cocktails/Beer,United States,449,$20.45  ~ $20.52 ,$6.80 ,N/A,0.30%,N/A,N/A
"Law, Gov't & Politics (Legacy)",Arthritis,United States,"2,322",$2.43  ~ $5.39 ,$3.11 ,$6.21 ,0.08%,N/A,N/A
"Law, Gov't & Politics (Legacy)",Pro Ice Hockey,Canada,33,$0.00  ~ $0.00 ,N/A,N/A,N/A,N/A,N/A
"Law, Gov't & Politics (Legacy)",Chronic Pain,United States,2,$0.00  ~ $0.00 ,N/A,N/A,N/A,N/A,N/A
"Law, Gov't & Politics (Legacy)",College Life,Canada,8,$0.00  ~ $0.00 ,N/A,N/A,N/A,N/A,N/A
"Law, Gov't & Politics (Legacy)",Comparison,United States,45,$0.00  ~ $0.00 ,N/A,N/A,N/A,N/A,N/A
"Law, Gov't & Politics (Legacy)",Legal Issues,United States,2,$0.00  ~ $0.00 ,N/A,N/A,N/A,N/A,N/A
"Law, Gov't & Politics (Legacy)",Agriculture,Canada,194,$0.00  ~ $0.00 ,N/A,N/A,N/A,N/A,N/A
"Law, Gov't & Politics (Legacy)",Buying/Selling Homes,United States,40,$0.00  ~ $0.00 ,N/A,N/A,N/A,N/A,N/A
"Law, Gov't & Politics (Legacy)",Cuisine-Specific,United States,262,$0.00  ~ $0.00 ,N/A,N/A,N/A,N/A,N/A
"Law, Gov't & Politics (Legacy)",Music,United States,"7,879",$0.00  ~ $0.00 ,N/A,N/A,N/A,N/A,N/A
"Law, Gov't & Politics (Legacy)",Distance Learning,United States,124,$0.00  ~ $0.00 ,N/A,N/A,N/A,N/A,N/A
"Law, Gov't & Politics (Legacy)",Dental Care,United States,32,$0.00  ~ $0.00 ,N/A,N/A,N/A,N/A,N/A
"Law, Gov't & Politics (Legacy)",Gardening,Canada,2,$0.00  ~ $0.00 ,N/A,N/A,N/A,N/A,N/A
"Law, Gov't & Politics (Legacy)",Card Games,Canada,263,$0.00  ~ $0.00 ,N/A,N/A,N/A,N/A,N/A
"Law, Gov't & Politics (Legacy)",Card Games,United States,"4,478",$0.00  ~ $0.00 ,N/A,N/A,N/A,N/A,N/A
"Law, Gov't & Politics (Legacy)",Teens,United States,57,$0.00  ~ $0.00 ,N/A,N/A,N/A,N/A,N/A
"Law, Gov't & Politics (Legacy)",Spas,United States,2,$0.00  ~ $0.00 ,N/A,N/A,N/A,N/A,N/A
"Law, Gov't & Politics (Legacy)",Catholicism,United States,81,$0.00  ~ $0.00 ,N/A,N/A,N/A,N/A,N/A
"Law, Gov't & Politics (Legacy)",Careers,Canada,304,$0.00  ~ $0.00 ,N/A,N/A,N/A,N/A,N/A
"Law, Gov't & Politics (Legacy)",Entertaining,United States,510,$0.00  ~ $0.00 ,N/A,N/A,N/A,N/A,N/A
"Law, Gov't & Politics (Legacy)",By US Locale,United States,4,$0.00  ~ $0.00 ,N/A,N/A,N/A,N/A,N/A
"Law, Gov't & Politics (Legacy)",Insurance,Canada,2,$0.00  ~ $0.00 ,N/A,N/A,N/A,N/A,N/A
"Law, Gov't & Politics (Legacy)",Art/Technology,United States,666,$0.00  ~ $0.00 ,N/A,N/A,N/A,N/A,N/A
"Law, Gov't & Politics (Legacy)",Psychology/Psychiatry,United States,136,$0.00  ~ $0.00 ,N/A,N/A,N/A,N/A,N/A
"Law, Gov't & Politics (Legacy)",Logistics,United States,25,$0.00  ~ $0.00 ,N/A,N/A,N/A,N/A,N/A
"Law, Gov't & Politics (Legacy)",Landscaping,United States,15,$0.00  ~ $0.00 ,N/A,N/A,N/A,N/A,N/A
"Law, Gov't & Politics (Legacy)",Job Search,Canada,10,$0.00  ~ $0.00 ,N/A,N/A,N/A,N/A,N/A
"Law, Gov't & Politics (Legacy)",Investing,United States,29,$0.00  ~ $0.00 ,N/A,N/A,N/A,N/A,N/A
"Law, Gov't & Politics (Legacy)",Substance Abuse,United States,88,$0.00  ~ $0.00 ,N/A,N/A,N/A,N/A,N/A
News (Legacy),Home & Garden,United States,"675,586",$6.36  ~ $7.87 ,$1.70 ,$7.64 ,0.37%,N/A,N/A
News (Legacy),Home & Garden,Canada,"30,036",$2.47  ~ $19.90 ,$3.29 ,$13.18 ,0.08%,N/A,N/A
News (Legacy),Remodeling & Construction,United States,"39,119",$4.34  ~ $9.24 ,$3.12 ,$17.67 ,0.14%,N/A,N/A
News (Legacy),News,Canada,"3,145",$7.99  ~ $8.21 ,$2.66 ,$32.66 ,0.31%,N/A,N/A
News (Legacy),News,United States,"334,101",$11.69  ~ $12.10 ,$3.94 ,$10.41 ,0.31%,N/A,N/A
News (Legacy),Human Resources,United States,"59,827",$12.41  ~ $12.41 ,$1.73 ,$10.12 ,0.72%,N/A,N/A
News (Legacy),Job Fairs,United States,643,$7.87  ~ $19.16 ,$0.61 ,$2.41 ,1.29%,N/A,N/A
News (Legacy),Real Estate,Canada,"1,418",$8.05  ~ $16.58 ,$2.48 ,$3.84 ,0.32%,N/A,N/A
News (Legacy),Real Estate,United States,"533,294",$5.63  ~ $6.22 ,$2.00 ,$6.79 ,0.31%,N/A,N/A
News (Legacy),Home Repair,United States,"66,209",$7.92  ~ $19.78 ,$1.67 ,$26.21 ,0.48%,N/A,N/A
News (Legacy),Cigars,United States,"222,817",$10.67  ~ $11.10 ,$3.32 ,N/A,0.32%,N/A,N/A
News (Legacy),Clothing,United States,"17,019",$6.68  ~ $6.68 ,$1.11 ,$3.24 ,0.60%,N/A,N/A
News (Legacy),Cocktails/Beer,United States,"2,727",$20.26  ~ $20.46 ,$3.95 ,$58.15 ,0.51%,N/A,N/A
News (Legacy),Agriculture,United States,"10,381",$8.42  ~ $19.71 ,$2.63 ,$10.00 ,0.32%,N/A,N/A
News (Legacy),Cold & Flu,United States,"169,105",$8.15  ~ $8.24 ,$1.95 ,$16.45 ,0.42%,N/A,N/A
News (Legacy),Careers,United States,"229,514",$8.25  ~ $10.03 ,$2.03 ,$7.67 ,0.41%,N/A,N/A
News (Legacy),Careers,Canada,"5,730",$0.00  ~ $0.00 ,N/A,N/A,N/A,N/A,N/A
News (Legacy),Cancer,Canada,"7,833",$5.39  ~ $5.39 ,$1.49 ,$15.33 ,0.36%,N/A,N/A
News (Legacy),Buying/Selling Cars,United States,"40,121",$7.93  ~ $8.14 ,$5.21 ,$3.85 ,0.15%,N/A,N/A
News (Legacy),Green Solutions,United States,"28,356",$8.08  ~ $8.27 ,$15.17 ,N/A,0.05%,N/A,N/A
News (Legacy),Theme Parks,United States,458,$19.19  ~ $42.42 ,$40.00 ,$190.01 ,0.05%,N/A,N/A
News (Legacy),Shopping,United States,"3,469,455",$6.57  ~ $8.13 ,$1.59 ,$4.49 ,0.41%,N/A,N/A
News (Legacy),Shopping,Canada,"48,787",$7.35  ~ $15.99 ,$7.87 ,$37.37 ,0.09%,N/A,N/A
News (Legacy),Pediatrics,United States,"26,572",$7.58  ~ $8.14 ,$1.53 ,N/A,0.50%,N/A,N/A
News (Legacy),Marketing,United States,"52,024",$2.35  ~ $5.08 ,$2.20 ,$17.93 ,0.11%,N/A,N/A
News (Legacy),Marketing,Canada,"17,318",$6.15  ~ $14.79 ,$2.88 ,$20.29 ,0.21%,N/A,N/A
News (Legacy),Exercise,United States,493,$1.34  ~ $2.95 ,N/A,N/A,N/A,N/A,N/A
News (Legacy),Business Software,Canada,"27,575",$7.72  ~ $16.25 ,$2.74 ,$75.18 ,0.28%,N/A,N/A
News (Legacy),Business Software,United States,"172,113",$12.17  ~ $26.80 ,$4.02 ,$12.61 ,0.30%,N/A,N/A
News (Legacy),Alternative Medicine,United States,"222,817",$10.67  ~ $11.10 ,$3.32 ,N/A,0.32%,N/A,N/A
News (Legacy),Hotels,United States,"5,581",$6.04  ~ $13.22 ,$1.99 ,$7.97 ,0.30%,N/A,N/A
News (Legacy),Hotels,Canada,"1,625",$3.90  ~ $8.01 ,$1.05 ,$6.76 ,0.37%,N/A,N/A
News (Legacy),Automotive,Canada,"30,352",$4.89  ~ $7.76 ,$3.07 ,$20.58 ,0.16%,N/A,N/A
News (Legacy),Automotive,United States,"443,251",$5.14  ~ $5.18 ,$3.04 ,$11.86 ,0.17%,N/A,N/A
News (Legacy),Health & Fitness,United States,"3,844,773",$5.24  ~ $5.84 ,$2.84 ,$13.35 ,0.21%,N/A,N/A
News (Legacy),Health & Fitness,Canada,"68,802",$3.57  ~ $4.37 ,$2.03 ,$14.11 ,0.22%,N/A,N/A
News (Legacy),Appliances,Canada,"16,238",$5.95  ~ $8.74 ,$5.28 ,N/A,0.11%,N/A,N/A
News (Legacy),Appliances,United States,"17,048",$5.88  ~ $7.33 ,$7.01 ,N/A,0.08%,N/A,N/A
News (Legacy),Education,Canada,"159,817",$2.42  ~ $8.17 ,$1.79 ,$16.12 ,0.14%,N/A,N/A
News (Legacy),Education,United States,"1,399,684",$7.71  ~ $8.45 ,$1.90 ,$8.74 ,0.41%,N/A,N/A
News (Legacy),Large Animals,United States,"8,578",$8.16  ~ $9.92 ,$4.46 ,$12.85 ,0.22%,N/A,N/A
News (Legacy),Business,Canada,"356,360",$3.96  ~ $4.04 ,$2.12 ,$22.67 ,0.19%,N/A,N/A
News (Legacy),Business,United States,"5,034,510",$8.28  ~ $9.13 ,$2.06 ,$6.89 ,0.44%,N/A,N/A
News (Legacy),Construction,United States,"41,718",$3.83  ~ $8.77 ,$2.20 ,$4.96 ,0.17%,N/A,N/A
News (Legacy),Investing,Canada,670,$24.77  ~ $24.77 ,$4.49 ,$50.91 ,0.55%,N/A,N/A
News (Legacy),Graduate School,United States,"129,050",$7.03  ~ $8.00 ,$2.32 ,$9.06 ,0.35%,N/A,N/A
News (Legacy),Graduate School,Canada,73,$6.29  ~ $14.82 ,$13.41 ,$40.23 ,0.05%,N/A,N/A
News (Legacy),Net Conferencing,United States,"2,151",$11.58  ~ $26.04 ,$11.03 ,N/A,0.10%,N/A,N/A
News (Legacy),Net Conferencing,Canada,433,$11.56  ~ $24.97 ,$15.14 ,N/A,0.08%,N/A,N/A
News (Legacy),Arthritis,United States,"9,219",$2.19  ~ $4.68 ,$2.36 ,$22.39 ,0.09%,N/A,N/A
News (Legacy),Buying/Selling Homes,United States,332,$0.00  ~ $0.00 ,N/A,N/A,N/A,N/A,N/A
News (Legacy),Insurance,United States,"58,854",$9.81  ~ $10.05 ,$2.03 ,$69.64 ,0.48%,N/A,N/A
News (Legacy),Travel,Canada,"6,496",$7.84  ~ $8.36 ,$3.64 ,$35.05 ,0.22%,N/A,N/A
News (Legacy),Travel,United States,"1,964,148",$5.35  ~ $7.86 ,$1.45 ,$7.80 ,0.37%,N/A,N/A
News (Legacy),Career Planning,United States,"8,392",$1.97  ~ $4.71 ,$2.78 ,N/A,0.07%,N/A,N/A
News (Legacy),Government,United States,"2,251",$8.15  ~ $8.15 ,$0.98 ,N/A,0.83%,N/A,N/A
News (Legacy),Government,Canada,342,$7.94  ~ $17.71 ,$9.96 ,N/A,0.08%,N/A,N/A
News (Legacy),Advertising,Canada,"203,813",$0.54  ~ $1.32 ,$0.45 ,$6.62 ,0.12%,N/A,N/A
News (Legacy),Advertising,United States,"1,413,952",$0.63  ~ $0.72 ,$0.47 ,$2.30 ,0.16%,N/A,N/A
News (Legacy),Job Search,United States,"24,868",$15.84  ~ $17.61 ,$10.67 ,$63.48 ,0.15%,N/A,N/A
News (Legacy),Interior Decorating,United States,"142,426",$4.83  ~ $8.60 ,$1.97 ,$11.49 ,0.25%,N/A,N/A
News (Legacy),Interior Decorating,Canada,933,$3.85  ~ $3.85 ,$1.63 ,$4.89 ,0.24%,N/A,N/A
News (Legacy),Senior Living,United States,"26,737",$5.97  ~ $8.16 ,$3.20 ,$15.47 ,0.19%,N/A,N/A
News (Legacy),Politics,United States,"54,285",$8.13  ~ $8.36 ,$2.68 ,N/A,0.31%,N/A,N/A
News (Legacy),Personal Finance,United States,"4,254,413",$8.61  ~ $9.27 ,$2.68 ,$12.84 ,0.32%,N/A,N/A
News (Legacy),Personal Finance,Canada,"13,391",$5.58  ~ $9.00 ,$3.51 ,$15.94 ,0.26%,N/A,N/A
News (Legacy),Arts & Entertainment,Canada,"33,934",$6.97  ~ $17.07 ,$1.89 ,$7.53 ,0.37%,N/A,N/A
News (Legacy),Arts & Entertainment,United States,"429,718",$7.35  ~ $8.44 ,$2.20 ,$6.16 ,0.33%,N/A,N/A
News (Legacy),Biotech/Biomedical,United States,"128,967",$11.43  ~ $12.25 ,$2.34 ,$6.94 ,0.49%,N/A,N/A
News (Legacy),Pets,United States,"18,344",$2.63  ~ $7.71 ,$2.02 ,$4.82 ,0.38%,N/A,N/A
News (Legacy),Pets,Canada,"8,248",$8.01  ~ $16.96 ,N/A,N/A,N/A,N/A,N/A
News (Legacy),"Law, Gov't & Politics",Canada,186,$3.91  ~ $9.17 ,$0.99 ,N/A,0.39%,N/A,N/A
News (Legacy),"Law, Gov't & Politics",United States,"50,477",$11.90  ~ $15.69 ,$4.38 ,N/A,0.36%,N/A,N/A
News (Legacy),Adventure Travel,United States,"92,722",$3.80  ~ $7.88 ,$3.19 ,$20.74 ,0.12%,N/A,N/A
News (Legacy),Food & Drink,United States,"263,757",$3.73  ~ $6.13 ,$2.50 ,$6.24 ,0.25%,N/A,N/A
News (Legacy),Food & Drink,Canada,"32,361",$1.95  ~ $4.67 ,$4.07 ,N/A,0.05%,N/A,N/A
News (Legacy),Hobbies & Interests,United States,"380,465",$8.69  ~ $10.17 ,$3.32 ,$16.30 ,0.26%,N/A,N/A
News (Legacy),Hobbies & Interests,Canada,"6,820",$8.27  ~ $18.32 ,$2.37 ,N/A,0.35%,N/A,N/A
News (Legacy),Auto Parts,United States,422,$9.13  ~ $19.39 ,$2.03 ,$4.06 ,0.45%,N/A,N/A
News (Legacy),Dogs,United States,560,$12.63  ~ $12.63 ,$5.04 ,N/A,0.25%,N/A,N/A
News (Legacy),Family & Parenting,United States,"173,690",$7.69  ~ $8.91 ,$3.04 ,$11.80 ,0.25%,N/A,N/A
News (Legacy),Family & Parenting,Canada,"1,945",$3.89  ~ $3.89 ,N/A,N/A,N/A,N/A,N/A
News (Legacy),Credit/Debt & Loans,United States,"92,419",$5.52  ~ $8.89 ,$2.01 ,$11.77 ,0.28%,N/A,N/A
News (Legacy),Private School,United States,"8,921",$6.77  ~ $14.52 ,$4.40 ,$20.37 ,0.15%,N/A,N/A
News (Legacy),Legal Issues,United States,27,$0.00  ~ $0.00 ,N/A,N/A,N/A,N/A,N/A
News (Legacy),Music,United States,"44,857",$0.00  ~ $0.00 ,N/A,N/A,N/A,N/A,N/A
News (Legacy),Dental Care,United States,240,$0.00  ~ $0.00 ,N/A,N/A,N/A,N/A,N/A
News (Legacy),Catholicism,United States,428,$0.00  ~ $0.00 ,N/A,N/A,N/A,N/A,N/A
News (Legacy),Agriculture,Canada,"4,687",$0.00  ~ $0.00 ,N/A,N/A,N/A,N/A,N/A
News (Legacy),Landscaping,United States,87,$0.00  ~ $0.00 ,N/A,N/A,N/A,N/A,N/A
News (Legacy),Chronic Pain,United States,68,$0.00  ~ $0.00 ,N/A,N/A,N/A,N/A,N/A
News (Legacy),Spas,United States,11,$0.00  ~ $0.00 ,N/A,N/A,N/A,N/A,N/A
News (Legacy),Job Search,Canada,73,$0.00  ~ $0.00 ,N/A,N/A,N/A,N/A,N/A
News (Legacy),Teens,United States,441,$0.00  ~ $0.00 ,N/A,N/A,N/A,N/A,N/A
News (Legacy),Cuisine-Specific,United States,"1,967",$0.00  ~ $0.00 ,N/A,N/A,N/A,N/A,N/A
News (Legacy),By US Locale,United States,91,$0.00  ~ $0.00 ,N/A,N/A,N/A,N/A,N/A
News (Legacy),Logistics,United States,"1,251",$0.00  ~ $0.00 ,N/A,N/A,N/A,N/A,N/A
News (Legacy),Investing,United States,844,$0.00  ~ $0.00 ,N/A,N/A,N/A,N/A,N/A
News (Legacy),Comparison,United States,432,$0.00  ~ $0.00 ,N/A,N/A,N/A,N/A,N/A
News (Legacy),College Life,Canada,64,$0.00  ~ $0.00 ,N/A,N/A,N/A,N/A,N/A
News (Legacy),Insurance,Canada,18,$0.00  ~ $0.00 ,N/A,N/A,N/A,N/A,N/A
News (Legacy),Construction,Canada,8,$0.00  ~ $0.00 ,N/A,N/A,N/A,N/A,N/A
News (Legacy),Entertaining,United States,"3,195",$0.00  ~ $0.00 ,N/A,N/A,N/A,N/A,N/A
News (Legacy),Card Games,Canada,"2,371",$0.00  ~ $0.00 ,N/A,N/A,N/A,N/A,N/A
News (Legacy),Card Games,United States,"6,888",$0.00  ~ $0.00 ,N/A,N/A,N/A,N/A,N/A
News (Legacy),Distance Learning,United States,837,$0.00  ~ $0.00 ,N/A,N/A,N/A,N/A,N/A
News (Legacy),Substance Abuse,United States,"1,024",$0.00  ~ $0.00 ,N/A,N/A,N/A,N/A,N/A
News (Legacy),Pro Ice Hockey,Canada,243,$0.00  ~ $0.00 ,N/A,N/A,N/A,N/A,N/A
News (Legacy),Art/Technology,United States,"4,507",$0.00  ~ $0.00 ,N/A,N/A,N/A,N/A,N/A
News (Legacy),Psychology/Psychiatry,United States,"1,068",$0.00  ~ $0.00 ,N/A,N/A,N/A,N/A,N/A
News (Legacy),Italian Cuisine,United States,92,$0.00  ~ $0.00 ,N/A,N/A,N/A,N/A,N/A
Personal Finance (Legacy),Theme Parks,United States,60,$19.25  ~ $46.95 ,$40.54 ,N/A,0.05%,N/A,N/A
Personal Finance (Legacy),Alternative Medicine,United States,"24,325",$10.86  ~ $11.25 ,$2.90 ,N/A,0.37%,N/A,N/A
Personal Finance (Legacy),Politics,United States,"4,123",$8.14  ~ $8.27 ,$2.85 ,N/A,0.29%,N/A,N/A
Personal Finance (Legacy),Cancer,Canada,"1,326",$5.38  ~ $5.38 ,$1.72 ,N/A,0.31%,N/A,N/A
Personal Finance (Legacy),Business,Canada,"55,546",$5.01  ~ $6.39 ,$5.66 ,$37.64 ,0.09%,N/A,N/A
Personal Finance (Legacy),Business,United States,"661,990",$8.49  ~ $9.50 ,$1.91 ,$5.38 ,0.50%,N/A,N/A
Personal Finance (Legacy),Remodeling & Construction,United States,"3,514",$5.61  ~ $13.18 ,$4.24 ,N/A,0.13%,N/A,N/A
Personal Finance (Legacy),Construction,United States,"3,717",$6.06  ~ $14.83 ,$1.07 ,$1.83 ,0.57%,N/A,N/A
Personal Finance (Legacy),Family & Parenting,United States,"25,678",$6.87  ~ $8.29 ,$3.25 ,$5.56 ,0.21%,N/A,N/A
Personal Finance (Legacy),Family & Parenting,Canada,424,$3.92  ~ $3.94 ,N/A,N/A,N/A,N/A,N/A
Personal Finance (Legacy),Adventure Travel,United States,"8,800",$3.99  ~ $8.04 ,$3.38 ,$10.13 ,0.12%,N/A,N/A
Personal Finance (Legacy),Home & Garden,Canada,"2,220",$0.00  ~ $0.00 ,N/A,N/A,N/A,N/A,N/A
Personal Finance (Legacy),Home & Garden,United States,"61,882",$6.94  ~ $7.95 ,$1.59 ,$4.11 ,0.44%,N/A,N/A
Personal Finance (Legacy),Human Resources,United States,"7,553",$12.56  ~ $12.56 ,$1.60 ,$3.44 ,0.79%,N/A,N/A
Personal Finance (Legacy),Government,United States,122,$8.15  ~ $8.15 ,N/A,N/A,N/A,N/A,N/A
Personal Finance (Legacy),Government,Canada,30,$7.90  ~ $18.16 ,N/A,N/A,N/A,N/A,N/A
Personal Finance (Legacy),Investing,Canada,151,$24.82  ~ $24.82 ,$7.80 ,$19.51 ,0.32%,N/A,N/A
Personal Finance (Legacy),Dogs,United States,84,$13.27  ~ $13.27 ,$0.50 ,N/A,2.66%,N/A,N/A
Personal Finance (Legacy),Arthritis,United States,"1,136",$2.36  ~ $5.44 ,$2.23 ,N/A,0.11%,N/A,N/A
Personal Finance (Legacy),Exercise,United States,48,$1.36  ~ $3.11 ,N/A,N/A,N/A,N/A,N/A
Personal Finance (Legacy),Biotech/Biomedical,United States,"9,798",$13.95  ~ $15.09 ,$1.01 ,$1.36 ,1.38%,N/A,N/A
Personal Finance (Legacy),Personal Finance,Canada,"3,778",$6.24  ~ $7.15 ,$6.62 ,$13.35 ,0.11%,N/A,N/A
Personal Finance (Legacy),Personal Finance,United States,"573,907",$7.96  ~ $8.84 ,$2.23 ,$9.41 ,0.36%,N/A,N/A
Personal Finance (Legacy),Insurance,United States,"4,977",$11.19  ~ $11.65 ,$2.31 ,N/A,0.48%,N/A,N/A
Personal Finance (Legacy),Travel,United States,"142,353",$6.17  ~ $8.53 ,$1.23 ,$3.16 ,0.50%,N/A,N/A
Personal Finance (Legacy),Travel,Canada,571,$8.17  ~ $8.61 ,$8.77 ,N/A,0.09%,N/A,N/A
Personal Finance (Legacy),Business Software,Canada,"2,683",$7.76  ~ $19.38 ,$4.35 ,$37.04 ,0.18%,N/A,N/A
Personal Finance (Legacy),Business Software,United States,"12,575",$10.02  ~ $21.81 ,$2.42 ,$6.99 ,0.41%,N/A,N/A
Personal Finance (Legacy),Pediatrics,United States,"1,881",$7.46  ~ $8.16 ,$1.59 ,N/A,0.47%,N/A,N/A
Personal Finance (Legacy),Graduate School,United States,"15,770",$8.11  ~ $8.13 ,$1.11 ,$2.47 ,0.73%,N/A,N/A
Personal Finance (Legacy),Graduate School,Canada,15,$6.29  ~ $15.42 ,$6.83 ,$20.50 ,0.09%,N/A,N/A
Personal Finance (Legacy),Cocktails/Beer,United States,225,$20.20  ~ $20.55 ,$4.69 ,N/A,0.44%,N/A,N/A
Personal Finance (Legacy),Appliances,Canada,"3,177",$6.52  ~ $7.15 ,$4.14 ,N/A,0.17%,N/A,N/A
Personal Finance (Legacy),Appliances,United States,"1,103",$9.76  ~ $10.64 ,$2.39 ,N/A,0.41%,N/A,N/A
Personal Finance (Legacy),Real Estate,Canada,81,$8.11  ~ $16.24 ,N/A,N/A,N/A,N/A,N/A
Personal Finance (Legacy),Real Estate,United States,"53,277",$4.69  ~ $6.44 ,$2.03 ,$4.28 ,0.32%,N/A,N/A
Personal Finance (Legacy),Job Search,United States,"5,965",$13.17  ~ $17.11 ,$12.00 ,$86.14 ,0.11%,N/A,N/A
Personal Finance (Legacy),Advertising,Canada,"21,784",$0.49  ~ $1.15 ,$0.41 ,$8.24 ,0.12%,N/A,N/A
Personal Finance (Legacy),Advertising,United States,"156,183",$0.62  ~ $1.17 ,$0.51 ,$2.33 ,0.23%,N/A,N/A
Personal Finance (Legacy),Agriculture,United States,"1,118",$8.41  ~ $18.36 ,$2.09 ,$3.80 ,0.40%,N/A,N/A
Personal Finance (Legacy),Hobbies & Interests,United States,"35,522",$9.45  ~ $10.96 ,$3.41 ,$7.99 ,0.28%,N/A,N/A
Personal Finance (Legacy),Hobbies & Interests,Canada,198,$8.27  ~ $17.18 ,N/A,N/A,N/A,N/A,N/A
Personal Finance (Legacy),Hotels,Canada,173,$3.92  ~ $9.27 ,$1.69 ,$2.20 ,0.23%,N/A,N/A
Personal Finance (Legacy),Hotels,United States,277,$7.50  ~ $16.07 ,$3.99 ,$6.64 ,0.19%,N/A,N/A
Personal Finance (Legacy),Senior Living,United States,"2,754",$6.14  ~ $8.15 ,$3.33 ,$19.95 ,0.18%,N/A,N/A
Personal Finance (Legacy),Food & Drink,United States,"16,066",$3.96  ~ $6.85 ,$1.04 ,$2.47 ,0.66%,N/A,N/A
Personal Finance (Legacy),Food & Drink,Canada,"4,855",$2.59  ~ $5.67 ,$3.24 ,N/A,0.08%,N/A,N/A
Personal Finance (Legacy),Pets,United States,"3,668",$2.69  ~ $9.85 ,$1.63 ,N/A,0.60%,N/A,N/A
Personal Finance (Legacy),Pets,Canada,"1,208",$7.90  ~ $16.48 ,N/A,N/A,N/A,N/A,N/A
Personal Finance (Legacy),"Law, Gov't & Politics",United States,"1,421",$11.44  ~ $16.40 ,$3.21 ,N/A,0.51%,N/A,N/A
Personal Finance (Legacy),"Law, Gov't & Politics",Canada,19,$3.88  ~ $8.80 ,N/A,N/A,N/A,N/A,N/A
Personal Finance (Legacy),Careers,United States,"12,475",$9.54  ~ $11.30 ,$1.84 ,$3.66 ,0.52%,N/A,N/A
Personal Finance (Legacy),Careers,Canada,88,$0.00  ~ $0.00 ,N/A,N/A,N/A,N/A,N/A
Personal Finance (Legacy),Clothing,United States,"1,173",$6.88  ~ $6.88 ,$0.76 ,$2.20 ,0.90%,N/A,N/A
Personal Finance (Legacy),Cigars,United States,"24,325",$10.86  ~ $11.25 ,$2.90 ,N/A,0.37%,N/A,N/A
Personal Finance (Legacy),Private School,United States,935,$6.77  ~ $14.60 ,$3.75 ,N/A,0.18%,N/A,N/A
Personal Finance (Legacy),Shopping,United States,"263,645",$7.61  ~ $7.80 ,$0.80 ,$0.78 ,0.97%,N/A,N/A
Personal Finance (Legacy),Shopping,Canada,"3,980",$7.29  ~ $15.85 ,$12.48 ,$37.43 ,0.06%,N/A,N/A
Personal Finance (Legacy),Arts & Entertainment,Canada,"5,018",$5.90  ~ $12.30 ,$3.15 ,$37.16 ,0.19%,N/A,N/A
Personal Finance (Legacy),Arts & Entertainment,United States,"36,715",$7.16  ~ $8.66 ,$1.04 ,$1.29 ,0.69%,N/A,N/A
Personal Finance (Legacy),Auto Parts,United States,36,$8.89  ~ $21.16 ,N/A,N/A,N/A,N/A,N/A
Personal Finance (Legacy),Net Conferencing,United States,"1,600",$11.73  ~ $28.31 ,$34.44 ,N/A,0.03%,N/A,N/A
Personal Finance (Legacy),Net Conferencing,Canada,373,$11.73  ~ $25.47 ,N/A,N/A,N/A,N/A,N/A
Personal Finance (Legacy),Job Fairs,United States,51,$7.00  ~ $15.30 ,$0.25 ,$2.50 ,2.79%,N/A,N/A
Personal Finance (Legacy),Automotive,Canada,"8,292",$4.59  ~ $7.81 ,$4.30 ,$23.63 ,0.11%,N/A,N/A
Personal Finance (Legacy),Automotive,United States,"54,400",$5.36  ~ $5.73 ,$3.85 ,$11.44 ,0.14%,N/A,N/A
Personal Finance (Legacy),Interior Decorating,United States,"15,903",$5.80  ~ $8.83 ,$2.17 ,$8.29 ,0.27%,N/A,N/A
Personal Finance (Legacy),Interior Decorating,Canada,101,$3.87  ~ $3.87 ,$0.90 ,$0.90 ,0.43%,N/A,N/A
Personal Finance (Legacy),Credit/Debt & Loans,United States,"34,487",$5.36  ~ $8.67 ,$1.28 ,$2.38 ,0.42%,N/A,N/A
Personal Finance (Legacy),Education,Canada,"26,022",$3.00  ~ $8.25 ,$3.70 ,$16.16 ,0.08%,N/A,N/A
Personal Finance (Legacy),Education,United States,"130,248",$8.09  ~ $8.57 ,$1.41 ,$2.91 ,0.58%,N/A,N/A
Personal Finance (Legacy),Cold & Flu,United States,"19,475",$7.77  ~ $8.15 ,$1.87 ,$8.23 ,0.41%,N/A,N/A
Personal Finance (Legacy),Marketing,United States,"6,118",$2.65  ~ $6.23 ,$2.55 ,N/A,0.10%,N/A,N/A
Personal Finance (Legacy),Marketing,Canada,"2,181",$6.35  ~ $13.36 ,$3.46 ,$76.20 ,0.18%,N/A,N/A
Personal Finance (Legacy),Green Solutions,United States,"1,164",$7.85  ~ $8.08 ,$5.65 ,N/A,0.14%,N/A,N/A
Personal Finance (Legacy),News,Canada,"1,555",$8.21  ~ $10.29 ,$5.23 ,$31.27 ,0.20%,N/A,N/A
Personal Finance (Legacy),News,United States,"28,154",$11.03  ~ $11.82 ,$3.48 ,$10.04 ,0.34%,N/A,N/A
Personal Finance (Legacy),Health & Fitness,United States,"324,741",$5.41  ~ $6.14 ,$2.82 ,$9.16 ,0.22%,N/A,N/A
Personal Finance (Legacy),Health & Fitness,Canada,"11,258",$4.19  ~ $4.85 ,$4.69 ,$19.06 ,0.10%,N/A,N/A
Personal Finance (Legacy),Home Repair,United States,"4,877",$7.86  ~ $16.67 ,$1.16 ,$22.46 ,0.68%,N/A,N/A
Personal Finance (Legacy),Buying/Selling Cars,United States,"3,876",$8.04  ~ $8.16 ,$3.19 ,N/A,0.25%,N/A,N/A
Personal Finance (Legacy),Large Animals,United States,"1,194",$8.15  ~ $9.63 ,$2.87 ,$8.60 ,0.34%,N/A,N/A
Personal Finance (Legacy),Career Planning,United States,"2,057",$2.68  ~ $6.06 ,$0.96 ,$1.59 ,0.28%,N/A,N/A
Personal Finance (Legacy),Agriculture,Canada,138,$0.00  ~ $0.00 ,N/A,N/A,N/A,N/A,N/A
Personal Finance (Legacy),Teens,United States,26,$0.00  ~ $0.00 ,N/A,N/A,N/A,N/A,N/A
Personal Finance (Legacy),Substance Abuse,United States,251,$0.00  ~ $0.00 ,N/A,N/A,N/A,N/A,N/A
Personal Finance (Legacy),Job Search,Canada,1,$0.00  ~ $0.00 ,N/A,N/A,N/A,N/A,N/A
Personal Finance (Legacy),Landscaping,United States,16,$0.00  ~ $0.00 ,N/A,N/A,N/A,N/A,N/A
Personal Finance (Legacy),Entertaining,United States,201,$0.00  ~ $0.00 ,N/A,N/A,N/A,N/A,N/A
Personal Finance (Legacy),Comparison,United States,28,$0.00  ~ $0.00 ,N/A,N/A,N/A,N/A,N/A
Personal Finance (Legacy),Dental Care,United States,63,$0.00  ~ $0.00 ,N/A,N/A,N/A,N/A,N/A
Personal Finance (Legacy),Psychology/Psychiatry,United States,216,$0.00  ~ $0.00 ,N/A,N/A,N/A,N/A,N/A
Personal Finance (Legacy),Catholicism,United States,24,$0.00  ~ $0.00 ,N/A,N/A,N/A,N/A,N/A
Personal Finance (Legacy),By US Locale,United States,14,$0.00  ~ $0.00 ,N/A,N/A,N/A,N/A,N/A
Personal Finance (Legacy),Buying/Selling Homes,United States,7,$0.00  ~ $0.00 ,N/A,N/A,N/A,N/A,N/A
Personal Finance (Legacy),Investing,United States,"2,671",$0.00  ~ $0.00 ,N/A,N/A,N/A,N/A,N/A
Personal Finance (Legacy),College Life,Canada,2,$0.00  ~ $0.00 ,N/A,N/A,N/A,N/A,N/A
Personal Finance (Legacy),Logistics,United States,388,$0.00  ~ $0.00 ,N/A,N/A,N/A,N/A,N/A
Personal Finance (Legacy),Cuisine-Specific,United States,52,$0.00  ~ $0.00 ,N/A,N/A,N/A,N/A,N/A
Personal Finance (Legacy),Music,United States,"4,043",$0.00  ~ $0.00 ,N/A,N/A,N/A,N/A,N/A
Personal Finance (Legacy),Card Games,Canada,122,$0.00  ~ $0.00 ,N/A,N/A,N/A,N/A,N/A
Personal Finance (Legacy),Card Games,United States,281,$0.00  ~ $0.00 ,N/A,N/A,N/A,N/A,N/A
Personal Finance (Legacy),Pro Ice Hockey,Canada,22,$0.00  ~ $0.00 ,N/A,N/A,N/A,N/A,N/A
Personal Finance (Legacy),Distance Learning,United States,36,$0.00  ~ $0.00 ,N/A,N/A,N/A,N/A,N/A
Personal Finance (Legacy),Italian Cuisine,United States,13,$0.00  ~ $0.00 ,N/A,N/A,N/A,N/A,N/A
Personal Finance (Legacy),Art/Technology,United States,336,$0.00  ~ $0.00 ,N/A,N/A,N/A,N/A,N/A
Personal Finance (Legacy),Chronic Pain,United States,13,$0.00  ~ $0.00 ,N/A,N/A,N/A,N/A,N/A
Pets (Legacy),Appliances,Canada,304,$7.02  ~ $7.06 ,N/A,N/A,N/A,N/A,N/A
Pets (Legacy),Appliances,United States,362,$7.43  ~ $8.45 ,N/A,N/A,N/A,N/A,N/A
Pets (Legacy),Arthritis,United States,372,$2.30  ~ $4.76 ,$1.15 ,N/A,0.20%,N/A,N/A
Pets (Legacy),Family & Parenting,United States,"7,434",$7.32  ~ $8.04 ,$5.83 ,$26.09 ,0.13%,N/A,N/A
Pets (Legacy),Family & Parenting,Canada,62,$3.87  ~ $8.99 ,N/A,N/A,N/A,N/A,N/A
Pets (Legacy),Cold & Flu,United States,"5,309",$7.51  ~ $8.16 ,$8.26 ,N/A,0.09%,N/A,N/A
Pets (Legacy),Job Fairs,United States,12,$7.97  ~ $18.33 ,N/A,N/A,N/A,N/A,N/A
Pets (Legacy),Job Fairs,Canada,1,$5.41  ~ $12.35 ,N/A,N/A,N/A,N/A,N/A
Pets (Legacy),Exercise,United States,17,$1.36  ~ $2.81 ,N/A,N/A,N/A,N/A,N/A
Pets (Legacy),Construction,United States,"1,559",$5.54  ~ $11.89 ,N/A,N/A,N/A,N/A,N/A
Pets (Legacy),Cancer,Canada,874,$5.39  ~ $5.39 ,$0.95 ,$11.43 ,0.57%,N/A,N/A
Pets (Legacy),Remodeling & Construction,United States,"1,048",$5.01  ~ $10.11 ,N/A,N/A,N/A,N/A,N/A
Pets (Legacy),Large Animals,United States,521,$8.16  ~ $8.85 ,$3.09 ,N/A,0.29%,N/A,N/A
Pets (Legacy),Real Estate,Canada,38,$8.08  ~ $19.04 ,N/A,N/A,N/A,N/A,N/A
Pets (Legacy),Real Estate,United States,"12,202",$5.10  ~ $5.45 ,$2.83 ,$17.72 ,0.19%,N/A,N/A
Pets (Legacy),Buying/Selling Cars,United States,"1,240",$8.01  ~ $8.16 ,$3.19 ,N/A,0.25%,N/A,N/A
Pets (Legacy),Interior Decorating,United States,"7,422",$6.02  ~ $14.53 ,$3.10 ,$10.86 ,0.19%,N/A,N/A
Pets (Legacy),Interior Decorating,Canada,19,$3.85  ~ $3.85 ,N/A,N/A,N/A,N/A,N/A
Pets (Legacy),"Law, Gov't & Politics",United States,402,$11.16  ~ $15.83 ,$9.70 ,N/A,0.16%,N/A,N/A
Pets (Legacy),"Law, Gov't & Politics",Canada,5,$3.93  ~ $8.84 ,N/A,N/A,N/A,N/A,N/A
Pets (Legacy),Private School,United States,427,$6.78  ~ $14.55 ,N/A,N/A,N/A,N/A,N/A
Pets (Legacy),Travel,United States,"47,478",$5.50  ~ $7.62 ,$1.90 ,$10.41 ,0.29%,N/A,N/A
Pets (Legacy),Travel,Canada,233,$8.03  ~ $8.46 ,N/A,N/A,N/A,N/A,N/A
Pets (Legacy),Agriculture,United States,308,$8.29  ~ $19.25 ,$7.19 ,N/A,0.12%,N/A,N/A
Pets (Legacy),Alternative Medicine,United States,"13,881",$10.89  ~ $11.40 ,$2.84 ,N/A,0.38%,N/A,N/A
Pets (Legacy),Food & Drink,United States,"5,564",$4.21  ~ $7.16 ,$2.40 ,$14.21 ,0.30%,N/A,N/A
Pets (Legacy),Food & Drink,Canada,366,$2.32  ~ $5.63 ,$1.15 ,N/A,0.20%,N/A,N/A
Pets (Legacy),Credit/Debt & Loans,United States,"8,853",$5.74  ~ $8.86 ,$1.43 ,$6.43 ,0.40%,N/A,N/A
Pets (Legacy),Arts & Entertainment,Canada,664,$6.79  ~ $15.23 ,$1.79 ,N/A,0.38%,N/A,N/A
Pets (Legacy),Arts & Entertainment,United States,"8,194",$7.32  ~ $8.55 ,$3.70 ,$42.13 ,0.20%,N/A,N/A
Pets (Legacy),News,Canada,559,$8.24  ~ $9.99 ,$5.43 ,N/A,0.18%,N/A,N/A
Pets (Legacy),News,United States,"8,696",$10.70  ~ $11.58 ,$6.35 ,$16.06 ,0.18%,N/A,N/A
Pets (Legacy),Shopping,United States,"153,867",$6.54  ~ $7.08 ,$2.90 ,$13.75 ,0.23%,N/A,N/A
Pets (Legacy),Shopping,Canada,"1,672",$7.33  ~ $17.28 ,$5.02 ,N/A,0.15%,N/A,N/A
Pets (Legacy),Business Software,Canada,"1,934",$7.91  ~ $18.25 ,$3.46 ,N/A,0.23%,N/A,N/A
Pets (Legacy),Business Software,United States,"4,158",$9.30  ~ $19.13 ,$4.27 ,$51.79 ,0.22%,N/A,N/A
Pets (Legacy),Biotech/Biomedical,United States,"3,508",$10.86  ~ $12.79 ,$11.27 ,N/A,0.10%,N/A,N/A
Pets (Legacy),Careers,United States,"3,028",$8.52  ~ $9.42 ,$7.62 ,$35.18 ,0.11%,N/A,N/A
Pets (Legacy),Human Resources,United States,500,$12.64  ~ $12.64 ,$3.41 ,N/A,0.37%,N/A,N/A
Pets (Legacy),Pediatrics,United States,644,$7.45  ~ $8.15 ,$2.89 ,N/A,0.26%,N/A,N/A
Pets (Legacy),Auto Parts,United States,35,$9.06  ~ $21.56 ,N/A,N/A,N/A,N/A,N/A
Pets (Legacy),Adventure Travel,United States,"2,968",$4.36  ~ $9.31 ,$2.04 ,$14.29 ,0.21%,N/A,N/A
Pets (Legacy),Cocktails/Beer,United States,110,$20.11  ~ $20.48 ,$2.87 ,$11.49 ,0.71%,N/A,N/A
Pets (Legacy),Automotive,Canada,"1,516",$4.25  ~ $7.71 ,$1.78 ,$32.01 ,0.24%,N/A,N/A
Pets (Legacy),Automotive,United States,"15,021",$5.35  ~ $5.78 ,$3.99 ,$25.04 ,0.13%,N/A,N/A
Pets (Legacy),Job Search,United States,783,$14.56  ~ $17.29 ,$10.77 ,$140.77 ,0.14%,N/A,N/A
Pets (Legacy),Home Repair,United States,"1,387",$7.10  ~ $15.94 ,$4.47 ,N/A,0.16%,N/A,N/A
Pets (Legacy),Net Conferencing,United States,1,$11.36  ~ $27.84 ,N/A,N/A,N/A,N/A,N/A
Pets (Legacy),Net Conferencing,Canada,1,$11.23  ~ $25.56 ,N/A,N/A,N/A,N/A,N/A
Pets (Legacy),Clothing,United States,485,$6.43  ~ $6.43 ,$2.23 ,N/A,0.29%,N/A,N/A
Pets (Legacy),Advertising,Canada,"9,735",$0.47  ~ $1.14 ,$0.40 ,N/A,0.12%,N/A,N/A
Pets (Legacy),Advertising,United States,"71,812",$0.62  ~ $0.62 ,$0.56 ,$12.35 ,0.11%,N/A,N/A
Pets (Legacy),Home & Garden,United States,"17,412",$5.94  ~ $7.65 ,$4.50 ,$34.13 ,0.13%,N/A,N/A
Pets (Legacy),Home & Garden,Canada,944,$2.56  ~ $5.99 ,$1.53 ,N/A,0.17%,N/A,N/A
Pets (Legacy),Pets,United States,"10,282",$2.59  ~ $2.70 ,N/A,N/A,N/A,N/A,N/A
Pets (Legacy),Graduate School,United States,"5,242",$8.14  ~ $8.64 ,$2.62 ,$12.03 ,0.31%,N/A,N/A
Pets (Legacy),Graduate School,Canada,3,$6.27  ~ $15.41 ,$11.31 ,N/A,0.06%,N/A,N/A
Pets (Legacy),Politics,United States,"2,305",$8.17  ~ $8.30 ,$3.86 ,N/A,0.21%,N/A,N/A
Pets (Legacy),Dogs,United States,7,$13.13  ~ $13.13 ,N/A,N/A,N/A,N/A,N/A
Pets (Legacy),Insurance,United States,"1,599",$11.91  ~ $12.39 ,$5.61 ,N/A,0.21%,N/A,N/A
Pets (Legacy),Government,United States,50,$8.23  ~ $8.23 ,N/A,N/A,N/A,N/A,N/A
Pets (Legacy),Government,Canada,1,$7.88  ~ $18.01 ,$3.37 ,N/A,0.23%,N/A,N/A
Pets (Legacy),Investing,Canada,83,$24.83  ~ $24.83 ,$10.09 ,$20.19 ,0.25%,N/A,N/A
Pets (Legacy),Senior Living,United States,715,$7.66  ~ $8.16 ,$6.53 ,N/A,0.12%,N/A,N/A
Pets (Legacy),Personal Finance,Canada,602,$5.12  ~ $11.29 ,$3.22 ,$5.91 ,0.35%,N/A,N/A
Pets (Legacy),Personal Finance,United States,"81,786",$8.31  ~ $8.60 ,$3.79 ,$30.13 ,0.22%,N/A,N/A
Pets (Legacy),Marketing,United States,"2,141",$3.37  ~ $8.32 ,$0.91 ,$5.45 ,0.37%,N/A,N/A
Pets (Legacy),Marketing,Canada,669,$6.41  ~ $13.77 ,$2.53 ,$9.29 ,0.25%,N/A,N/A
Pets (Legacy),Education,Canada,"9,857",$3.18  ~ $8.18 ,$2.30 ,$4.57 ,0.14%,N/A,N/A
Pets (Legacy),Education,United States,"35,503",$7.94  ~ $8.26 ,$3.55 ,$25.87 ,0.23%,N/A,N/A
Pets (Legacy),Theme Parks,United States,19,$19.19  ~ $47.62 ,N/A,N/A,N/A,N/A,N/A
Pets (Legacy),Business,Canada,"14,379",$5.61  ~ $6.75 ,$1.78 ,$13.74 ,0.31%,N/A,N/A
Pets (Legacy),Business,United States,"132,912",$8.77  ~ $9.56 ,$3.77 ,$29.00 ,0.25%,N/A,N/A
Pets (Legacy),Health & Fitness,United States,"113,044",$5.85  ~ $6.36 ,$5.49 ,$29.83 ,0.12%,N/A,N/A
Pets (Legacy),Health & Fitness,Canada,"2,706",$4.55  ~ $5.00 ,$1.80 ,$13.71 ,0.28%,N/A,N/A
Pets (Legacy),Hobbies & Interests,United States,"16,549",$9.16  ~ $10.49 ,$4.67 ,$29.65 ,0.20%,N/A,N/A
Pets (Legacy),Hobbies & Interests,Canada,15,$8.13  ~ $20.02 ,N/A,N/A,N/A,N/A,N/A
Pets (Legacy),Cigars,United States,"13,881",$10.89  ~ $11.40 ,$2.84 ,N/A,0.38%,N/A,N/A
Pets (Legacy),Green Solutions,United States,533,$8.09  ~ $8.10 ,$7.60 ,N/A,0.11%,N/A,N/A
Pets (Legacy),Career Planning,United States,210,$2.72  ~ $6.18 ,N/A,N/A,N/A,N/A,N/A
Pets (Legacy),Hotels,United States,225,$6.12  ~ $13.46 ,$1.48 ,$2.96 ,0.41%,N/A,N/A
Pets (Legacy),Hotels,Canada,85,$3.89  ~ $9.06 ,N/A,N/A,N/A,N/A,N/A
Pets (Legacy),Distance Learning,United States,24,$0.00  ~ $0.00 ,N/A,N/A,N/A,N/A,N/A
Pets (Legacy),Music,United States,818,$0.00  ~ $0.00 ,N/A,N/A,N/A,N/A,N/A
Pets (Legacy),Pets,Canada,"6,934",$0.00  ~ $0.00 ,N/A,N/A,N/A,N/A,N/A
Pets (Legacy),Entertaining,United States,72,$0.00  ~ $0.00 ,N/A,N/A,N/A,N/A,N/A
Pets (Legacy),Psychology/Psychiatry,United States,30,$0.00  ~ $0.00 ,N/A,N/A,N/A,N/A,N/A
Pets (Legacy),Cuisine-Specific,United States,29,$0.00  ~ $0.00 ,N/A,N/A,N/A,N/A,N/A
Pets (Legacy),Agriculture,Canada,46,$0.00  ~ $0.00 ,N/A,N/A,N/A,N/A,N/A
Pets (Legacy),Substance Abuse,United States,8,$0.00  ~ $0.00 ,N/A,N/A,N/A,N/A,N/A
Pets (Legacy),Dental Care,United States,4,$0.00  ~ $0.00 ,N/A,N/A,N/A,N/A,N/A
Pets (Legacy),Job Search,Canada,3,$0.00  ~ $0.00 ,N/A,N/A,N/A,N/A,N/A
Pets (Legacy),Italian Cuisine,United States,1,$0.00  ~ $0.00 ,N/A,N/A,N/A,N/A,N/A
Pets (Legacy),Investing,United States,1,$0.00  ~ $0.00 ,N/A,N/A,N/A,N/A,N/A
Pets (Legacy),Careers,Canada,51,$0.00  ~ $0.00 ,N/A,N/A,N/A,N/A,N/A
Pets (Legacy),Catholicism,United States,28,$0.00  ~ $0.00 ,N/A,N/A,N/A,N/A,N/A
Pets (Legacy),Pro Ice Hockey,Canada,4,$0.00  ~ $0.00 ,N/A,N/A,N/A,N/A,N/A
Pets (Legacy),By US Locale,United States,1,$0.00  ~ $0.00 ,N/A,N/A,N/A,N/A,N/A
Pets (Legacy),Art/Technology,United States,99,$0.00  ~ $0.00 ,N/A,N/A,N/A,N/A,N/A
Pets (Legacy),Construction,Canada,1,$0.00  ~ $0.00 ,N/A,N/A,N/A,N/A,N/A
Pets (Legacy),Landscaping,United States,1,$0.00  ~ $0.00 ,N/A,N/A,N/A,N/A,N/A
Pets (Legacy),Teens,United States,13,$0.00  ~ $0.00 ,N/A,N/A,N/A,N/A,N/A
Pets (Legacy),Buying/Selling Homes,United States,7,$0.00  ~ $0.00 ,N/A,N/A,N/A,N/A,N/A
Pets (Legacy),Card Games,Canada,45,$0.00  ~ $0.00 ,N/A,N/A,N/A,N/A,N/A
Pets (Legacy),Card Games,United States,279,$0.00  ~ $0.00 ,N/A,N/A,N/A,N/A,N/A
Pets (Legacy),Comparison,United States,5,$0.00  ~ $0.00 ,N/A,N/A,N/A,N/A,N/A
Pets (Legacy),Logistics,United States,7,$0.00  ~ $0.00 ,N/A,N/A,N/A,N/A,N/A
Real Estate (Legacy),Cold & Flu,United States,"37,790",$7.28  ~ $8.16 ,$3.72 ,$11.35 ,0.20%,N/A,N/A
Real Estate (Legacy),Remodeling & Construction,United States,"63,030",$4.19  ~ $10.21 ,$2.63 ,N/A,0.16%,N/A,N/A
Real Estate (Legacy),Pets,United States,"7,369",$2.65  ~ $10.67 ,$1.38 ,N/A,0.77%,N/A,N/A
Real Estate (Legacy),Pets,Canada,995,$8.00  ~ $16.03 ,N/A,N/A,N/A,N/A,N/A
Real Estate (Legacy),Credit/Debt & Loans,United States,"75,100",$5.48  ~ $9.04 ,$1.22 ,$3.43 ,0.45%,N/A,N/A
Real Estate (Legacy),Marketing,United States,"29,501",$3.07  ~ $7.37 ,$1.56 ,N/A,0.20%,N/A,N/A
Real Estate (Legacy),Marketing,Canada,"1,474",$6.44  ~ $13.22 ,$4.79 ,$17.56 ,0.13%,N/A,N/A
Real Estate (Legacy),Graduate School,United States,"80,150",$8.17  ~ $8.40 ,$1.23 ,$3.41 ,0.67%,N/A,N/A
Real Estate (Legacy),Education,United States,"294,582",$8.30  ~ $8.84 ,$1.92 ,$4.22 ,0.43%,N/A,N/A
Real Estate (Legacy),Education,Canada,"33,713",$3.41  ~ $8.13 ,$3.88 ,$33.46 ,0.09%,N/A,N/A
Real Estate (Legacy),Arts & Entertainment,Canada,"8,092",$6.41  ~ $13.46 ,$7.26 ,N/A,0.09%,N/A,N/A
Real Estate (Legacy),Arts & Entertainment,United States,"83,273",$7.31  ~ $8.79 ,$1.53 ,$2.39 ,0.48%,N/A,N/A
Real Estate (Legacy),Home & Garden,United States,"471,273",$6.32  ~ $7.72 ,$1.89 ,$3.74 ,0.33%,N/A,N/A
Real Estate (Legacy),Home & Garden,Canada,"2,334",$1.97  ~ $19.93 ,N/A,N/A,N/A,N/A,N/A
Real Estate (Legacy),Large Animals,United States,"1,369",$8.16  ~ $9.98 ,$3.86 ,$13.51 ,0.26%,N/A,N/A
Real Estate (Legacy),Hotels,United States,"1,431",$7.21  ~ $14.67 ,$3.64 ,$7.28 ,0.20%,N/A,N/A
Real Estate (Legacy),Hotels,Canada,297,$3.91  ~ $8.02 ,$0.63 ,N/A,0.62%,N/A,N/A
Real Estate (Legacy),Clothing,United States,"2,275",$6.98  ~ $6.98 ,$0.62 ,$0.75 ,1.13%,N/A,N/A
Real Estate (Legacy),Senior Living,United States,"9,704",$6.59  ~ $8.15 ,$4.05 ,$10.13 ,0.16%,N/A,N/A
Real Estate (Legacy),Government,United States,120,$8.21  ~ $8.21 ,N/A,N/A,N/A,N/A,N/A
Real Estate (Legacy),Government,Canada,144,$7.92  ~ $18.31 ,N/A,N/A,N/A,N/A,N/A
Real Estate (Legacy),Buying/Selling Cars,United States,"8,743",$8.12  ~ $8.16 ,$4.33 ,N/A,0.19%,N/A,N/A
Real Estate (Legacy),Automotive,Canada,"4,685",$4.28  ~ $7.73 ,$2.70 ,$40.46 ,0.16%,N/A,N/A
Real Estate (Legacy),Automotive,United States,"76,634",$5.52  ~ $5.63 ,$2.14 ,$5.91 ,0.26%,N/A,N/A
Real Estate (Legacy),Health & Fitness,United States,"638,935",$5.69  ~ $6.53 ,$3.71 ,$8.18 ,0.18%,N/A,N/A
Real Estate (Legacy),Health & Fitness,Canada,"11,644",$4.00  ~ $5.39 ,$3.56 ,$74.89 ,0.15%,N/A,N/A
Real Estate (Legacy),Careers,United States,"104,903",$7.67  ~ $9.45 ,$2.75 ,$5.31 ,0.28%,N/A,N/A
Real Estate (Legacy),Interior Decorating,United States,"46,582",$6.13  ~ $13.16 ,$2.33 ,$7.13 ,0.26%,N/A,N/A
Real Estate (Legacy),Interior Decorating,Canada,88,$3.87  ~ $3.87 ,N/A,N/A,N/A,N/A,N/A
Real Estate (Legacy),Green Solutions,United States,"4,943",$8.09  ~ $8.12 ,$27.16 ,N/A,0.03%,N/A,N/A
Real Estate (Legacy),Private School,United States,"2,187",$6.78  ~ $16.93 ,$5.20 ,$16.94 ,0.13%,N/A,N/A
Real Estate (Legacy),Cancer,Canada,915,$5.38  ~ $5.38 ,$2.22 ,N/A,0.24%,N/A,N/A
Real Estate (Legacy),Business,United States,"4,514,387",$8.46  ~ $9.31 ,$1.80 ,$5.17 ,0.52%,N/A,N/A
Real Estate (Legacy),Business,Canada,"63,109",$5.59  ~ $6.92 ,$3.17 ,$35.47 ,0.18%,N/A,N/A
Real Estate (Legacy),Human Resources,United States,"3,540",$12.43  ~ $12.43 ,$1.63 ,$3.25 ,0.76%,N/A,N/A
Real Estate (Legacy),Insurance,United States,"9,089",$11.10  ~ $11.59 ,$2.79 ,$84.79 ,0.40%,N/A,N/A
Real Estate (Legacy),Theme Parks,United States,150,$19.25  ~ $42.57 ,$39.27 ,N/A,0.05%,N/A,N/A
Real Estate (Legacy),Job Search,United States,"6,164",$13.78  ~ $16.61 ,$10.97 ,$58.35 ,0.13%,N/A,N/A
Real Estate (Legacy),Investing,Canada,97,$24.72  ~ $24.72 ,$13.20 ,N/A,0.19%,N/A,N/A
Real Estate (Legacy),Auto Parts,United States,316,$8.66  ~ $20.77 ,$0.62 ,N/A,1.39%,N/A,N/A
Real Estate (Legacy),Cocktails/Beer,United States,257,$20.44  ~ $20.50 ,$6.67 ,N/A,0.31%,N/A,N/A
Real Estate (Legacy),Exercise,United States,101,$1.34  ~ $2.84 ,N/A,N/A,N/A,N/A,N/A
Real Estate (Legacy),Shopping,United States,"392,384",$6.79  ~ $7.19 ,$1.15 ,$1.30 ,0.59%,N/A,N/A
Real Estate (Legacy),Shopping,Canada,"4,840",$7.33  ~ $14.71 ,$5.26 ,N/A,0.14%,N/A,N/A
Real Estate (Legacy),Business Software,Canada,"1,783",$7.70  ~ $16.21 ,$5.05 ,$85.51 ,0.15%,N/A,N/A
Real Estate (Legacy),Business Software,United States,"26,362",$9.89  ~ $22.02 ,$3.53 ,$21.19 ,0.28%,N/A,N/A
Real Estate (Legacy),Construction,United States,"16,871",$6.41  ~ $14.45 ,$2.70 ,$5.41 ,0.24%,N/A,N/A
Real Estate (Legacy),Dogs,United States,31,$14.69  ~ $14.69 ,$1.24 ,N/A,1.18%,N/A,N/A
Real Estate (Legacy),Food & Drink,Canada,"1,160",$2.53  ~ $6.09 ,$2.37 ,N/A,0.11%,N/A,N/A
Real Estate (Legacy),Food & Drink,United States,"34,994",$4.00  ~ $7.04 ,$1.34 ,$2.37 ,0.52%,N/A,N/A
Real Estate (Legacy),Home Repair,United States,"18,802",$7.87  ~ $16.69 ,$1.29 ,$11.40 ,0.61%,N/A,N/A
Real Estate (Legacy),Career Planning,United States,"1,592",$2.61  ~ $5.88 ,$0.91 ,$1.17 ,0.29%,N/A,N/A
Real Estate (Legacy),Politics,United States,"7,037",$8.18  ~ $8.29 ,$5.04 ,N/A,0.16%,N/A,N/A
Real Estate (Legacy),Buying/Selling Homes,United States,451,$0.00  ~ $0.00 ,N/A,N/A,N/A,N/A,N/A
Real Estate (Legacy),Pediatrics,United States,"6,740",$7.60  ~ $8.14 ,$1.46 ,N/A,0.52%,N/A,N/A
Real Estate (Legacy),Biotech/Biomedical,United States,"17,434",$12.07  ~ $13.87 ,$1.19 ,$1.58 ,1.01%,N/A,N/A
Real Estate (Legacy),Job Fairs,United States,50,$6.75  ~ $16.48 ,$0.16 ,$1.01 ,4.18%,N/A,N/A
Real Estate (Legacy),Net Conferencing,United States,165,$11.45  ~ $25.09 ,$3.08 ,N/A,0.37%,N/A,N/A
Real Estate (Legacy),Net Conferencing,Canada,2,$11.72  ~ $23.77 ,N/A,N/A,N/A,N/A,N/A
Real Estate (Legacy),Appliances,Canada,"2,765",$8.06  ~ $8.83 ,$5.67 ,N/A,0.14%,N/A,N/A
Real Estate (Legacy),Appliances,United States,"5,031",$3.71  ~ $11.11 ,$4.01 ,N/A,0.09%,N/A,N/A
Real Estate (Legacy),Travel,United States,"409,658",$6.73  ~ $9.13 ,$2.73 ,$7.38 ,0.25%,N/A,N/A
Real Estate (Legacy),Travel,Canada,668,$7.95  ~ $8.60 ,$5.08 ,N/A,0.16%,N/A,N/A
Real Estate (Legacy),Agriculture,United States,"1,187",$8.34  ~ $17.81 ,$18.13 ,N/A,0.05%,N/A,N/A
Real Estate (Legacy),Hobbies & Interests,United States,"88,182",$8.95  ~ $10.27 ,$3.29 ,$9.93 ,0.27%,N/A,N/A
Real Estate (Legacy),Hobbies & Interests,Canada,361,$8.26  ~ $17.31 ,N/A,N/A,N/A,N/A,N/A
Real Estate (Legacy),Alternative Medicine,United States,"31,104",$10.72  ~ $11.16 ,$2.21 ,N/A,0.49%,N/A,N/A
Real Estate (Legacy),Advertising,Canada,"15,628",$0.35  ~ $0.86 ,$0.47 ,N/A,0.07%,N/A,N/A
Real Estate (Legacy),Advertising,United States,"269,822",$0.63  ~ $1.48 ,$0.44 ,$1.45 ,0.34%,N/A,N/A
Real Estate (Legacy),Personal Finance,Canada,"1,730",$5.78  ~ $14.16 ,$6.25 ,N/A,0.23%,N/A,N/A
Real Estate (Legacy),Personal Finance,United States,"731,346",$8.36  ~ $8.91 ,$3.36 ,$9.81 ,0.25%,N/A,N/A
Real Estate (Legacy),Family & Parenting,United States,"59,543",$6.90  ~ $8.48 ,$3.68 ,$6.95 ,0.19%,N/A,N/A
Real Estate (Legacy),Family & Parenting,Canada,456,$3.84  ~ $3.88 ,$0.15 ,$0.15 ,2.63%,N/A,N/A
Real Estate (Legacy),Arthritis,United States,"4,017",$2.18  ~ $4.51 ,$2.62 ,N/A,0.08%,N/A,N/A
Real Estate (Legacy),News,Canada,615,$8.19  ~ $9.90 ,$3.60 ,$21.04 ,0.28%,N/A,N/A
Real Estate (Legacy),News,United States,"31,640",$10.58  ~ $11.65 ,$6.49 ,$13.40 ,0.18%,N/A,N/A
Real Estate (Legacy),"Law, Gov't & Politics",United States,"2,307",$11.36  ~ $16.19 ,$10.36 ,N/A,0.16%,N/A,N/A
Real Estate (Legacy),"Law, Gov't & Politics",Canada,45,$3.91  ~ $9.28 ,N/A,N/A,N/A,N/A,N/A
Real Estate (Legacy),Adventure Travel,United States,"22,278",$4.38  ~ $10.40 ,$3.75 ,$9.38 ,0.12%,N/A,N/A
Real Estate (Legacy),Real Estate,Canada,350,$8.13  ~ $17.04 ,$9.34 ,N/A,0.09%,N/A,N/A
Real Estate (Legacy),Real Estate,United States,"603,826",$4.83  ~ $5.80 ,$3.61 ,$8.81 ,0.16%,N/A,N/A
Real Estate (Legacy),Cigars,United States,"31,104",$10.72  ~ $11.16 ,$2.21 ,N/A,0.49%,N/A,N/A
Real Estate (Legacy),Gardening,Canada,1,$0.00  ~ $0.00 ,N/A,N/A,N/A,N/A,N/A
Real Estate (Legacy),Card Games,Canada,93,$0.00  ~ $0.00 ,N/A,N/A,N/A,N/A,N/A
Real Estate (Legacy),Card Games,United States,"1,978",$0.00  ~ $0.00 ,N/A,N/A,N/A,N/A,N/A
Real Estate (Legacy),Job Search,Canada,12,$0.00  ~ $0.00 ,N/A,N/A,N/A,N/A,N/A
Real Estate (Legacy),Comparison,United States,993,$0.00  ~ $0.00 ,N/A,N/A,N/A,N/A,N/A
Real Estate (Legacy),Investing,United States,61,$0.00  ~ $0.00 ,N/A,N/A,N/A,N/A,N/A
Real Estate (Legacy),Careers,Canada,495,$0.00  ~ $0.00 ,N/A,N/A,N/A,N/A,N/A
Real Estate (Legacy),Substance Abuse,United States,"1,389",$0.00  ~ $0.00 ,N/A,N/A,N/A,N/A,N/A
Real Estate (Legacy),Psychology/Psychiatry,United States,"1,144",$0.00  ~ $0.00 ,N/A,N/A,N/A,N/A,N/A
Real Estate (Legacy),Dental Care,United States,240,$0.00  ~ $0.00 ,N/A,N/A,N/A,N/A,N/A
Real Estate (Legacy),Entertaining,United States,151,$0.00  ~ $0.00 ,N/A,N/A,N/A,N/A,N/A
Real Estate (Legacy),Catholicism,United States,454,$0.00  ~ $0.00 ,N/A,N/A,N/A,N/A,N/A
Real Estate (Legacy),Chronic Pain,United States,7,$0.00  ~ $0.00 ,N/A,N/A,N/A,N/A,N/A
Real Estate (Legacy),Pro Ice Hockey,Canada,10,$0.00  ~ $0.00 ,N/A,N/A,N/A,N/A,N/A
Real Estate (Legacy),Landscaping,United States,2,$0.00  ~ $0.00 ,N/A,N/A,N/A,N/A,N/A
Real Estate (Legacy),By US Locale,United States,25,$0.00  ~ $0.00 ,N/A,N/A,N/A,N/A,N/A
Real Estate (Legacy),Logistics,United States,"1,530",$0.00  ~ $0.00 ,N/A,N/A,N/A,N/A,N/A
Real Estate (Legacy),Agriculture,Canada,189,$0.00  ~ $0.00 ,N/A,N/A,N/A,N/A,N/A
Real Estate (Legacy),Legal Issues,United States,9,$0.00  ~ $0.00 ,N/A,N/A,N/A,N/A,N/A
Real Estate (Legacy),Graduate School,Canada,1,$0.00  ~ $0.00 ,N/A,N/A,N/A,N/A,N/A
Real Estate (Legacy),Music,United States,"18,075",$0.00  ~ $0.00 ,N/A,N/A,N/A,N/A,N/A
Real Estate (Legacy),Italian Cuisine,United States,71,$0.00  ~ $0.00 ,N/A,N/A,N/A,N/A,N/A
Real Estate (Legacy),Spas,United States,1,$0.00  ~ $0.00 ,N/A,N/A,N/A,N/A,N/A
Real Estate (Legacy),Teens,United States,110,$0.00  ~ $0.00 ,N/A,N/A,N/A,N/A,N/A
Real Estate (Legacy),Cuisine-Specific,United States,215,$0.00  ~ $0.00 ,N/A,N/A,N/A,N/A,N/A
Real Estate (Legacy),Art/Technology,United States,"2,667",$0.00  ~ $0.00 ,N/A,N/A,N/A,N/A,N/A
Real Estate (Legacy),U.S. Government Resources,United States,14,$0.00  ~ $0.00 ,N/A,N/A,N/A,N/A,N/A
Real Estate (Legacy),Distance Learning,United States,171,$0.00  ~ $0.00 ,N/A,N/A,N/A,N/A,N/A
Religion & Spirituality (Legacy),Education,Canada,"5,232",$3.42  ~ $8.19 ,$1.53 ,$7.37 ,0.22%,N/A,N/A
Religion & Spirituality (Legacy),Education,United States,"40,278",$7.81  ~ $8.06 ,$0.69 ,$1.50 ,1.14%,N/A,N/A
Religion & Spirituality (Legacy),Cold & Flu,United States,"5,328",$8.15  ~ $9.04 ,$1.51 ,$15.53 ,0.60%,N/A,N/A
Religion & Spirituality (Legacy),Job Fairs,United States,16,$7.77  ~ $17.97 ,$0.21 ,$1.12 ,3.62%,N/A,N/A
Religion & Spirituality (Legacy),Job Fairs,Canada,1,$5.41  ~ $12.74 ,N/A,N/A,N/A,N/A,N/A
Religion & Spirituality (Legacy),Net Conferencing,United States,10,$11.62  ~ $25.90 ,N/A,N/A,N/A,N/A,N/A
Religion & Spirituality (Legacy),Personal Finance,Canada,361,$5.85  ~ $5.85 ,$2.13 ,N/A,0.27%,N/A,N/A
Religion & Spirituality (Legacy),Personal Finance,United States,"82,315",$8.99  ~ $9.29 ,$1.29 ,$4.01 ,0.70%,N/A,N/A
Religion & Spirituality (Legacy),Private School,United States,318,$6.78  ~ $16.63 ,$4.08 ,N/A,0.17%,N/A,N/A
Religion & Spirituality (Legacy),Careers,United States,"2,128",$9.27  ~ $9.58 ,$0.79 ,$3.17 ,1.17%,N/A,N/A
Religion & Spirituality (Legacy),Politics,United States,"2,552",$8.15  ~ $8.22 ,$1.40 ,N/A,0.59%,N/A,N/A
Religion & Spirituality (Legacy),Arthritis,United States,283,$2.82  ~ $6.85 ,$0.63 ,$1.27 ,0.44%,N/A,N/A
Religion & Spirituality (Legacy),Cocktails/Beer,United States,92,$20.51  ~ $20.59 ,$2.08 ,N/A,0.99%,N/A,N/A
Religion & Spirituality (Legacy),Remodeling & Construction,United States,"1,084",$6.19  ~ $12.89 ,$2.12 ,N/A,0.29%,N/A,N/A
Religion & Spirituality (Legacy),Real Estate,Canada,13,$7.86  ~ $18.36 ,N/A,N/A,N/A,N/A,N/A
Religion & Spirituality (Legacy),Real Estate,United States,"11,422",$4.90  ~ $6.51 ,$0.73 ,$1.81 ,0.89%,N/A,N/A
Religion & Spirituality (Legacy),Cigars,United States,"12,911",$10.96  ~ $11.43 ,$2.71 ,N/A,0.40%,N/A,N/A
Religion & Spirituality (Legacy),Pediatrics,United States,778,$8.16  ~ $8.39 ,$0.81 ,N/A,1.04%,N/A,N/A
Religion & Spirituality (Legacy),Food & Drink,Canada,259,$2.39  ~ $4.98 ,N/A,N/A,N/A,N/A,N/A
Religion & Spirituality (Legacy),Food & Drink,United States,"4,752",$4.18  ~ $8.66 ,$1.04 ,$3.51 ,0.83%,N/A,N/A
Religion & Spirituality (Legacy),Alternative Medicine,United States,"12,911",$10.96  ~ $11.43 ,$2.71 ,N/A,0.40%,N/A,N/A
Religion & Spirituality (Legacy),Advertising,Canada,"5,606",$1.03  ~ $2.53 ,$0.44 ,N/A,0.23%,N/A,N/A
Religion & Spirituality (Legacy),Advertising,United States,"50,769",$0.63  ~ $2.20 ,$0.40 ,$1.75 ,0.55%,N/A,N/A
Religion & Spirituality (Legacy),Business,Canada,"8,371",$5.60  ~ $7.21 ,$1.37 ,$8.68 ,0.41%,N/A,N/A
Religion & Spirituality (Legacy),Business,United States,"110,559",$8.81  ~ $9.20 ,$0.83 ,$2.19 ,1.11%,N/A,N/A
Religion & Spirituality (Legacy),Adventure Travel,United States,"2,454",$4.10  ~ $9.58 ,$0.84 ,$2.32 ,0.49%,N/A,N/A
Religion & Spirituality (Legacy),Graduate School,United States,"5,968",$8.20  ~ $9.13 ,$0.52 ,$1.03 ,1.59%,N/A,N/A
Religion & Spirituality (Legacy),Green Solutions,United States,393,$7.93  ~ $8.09 ,$1.34 ,N/A,0.59%,N/A,N/A
Religion & Spirituality (Legacy),Biotech/Biomedical,United States,"4,835",$12.78  ~ $12.81 ,$0.75 ,$0.81 ,1.71%,N/A,N/A
Religion & Spirituality (Legacy),Insurance,United States,"2,254",$9.50  ~ $10.14 ,$0.71 ,$2.06 ,1.33%,N/A,N/A
Religion & Spirituality (Legacy),Agriculture,United States,295,$8.34  ~ $19.85 ,$1.01 ,$1.41 ,0.83%,N/A,N/A
Religion & Spirituality (Legacy),Hobbies & Interests,United States,"16,801",$9.79  ~ $11.10 ,$1.76 ,$4.46 ,0.56%,N/A,N/A
Religion & Spirituality (Legacy),Hobbies & Interests,Canada,23,$8.17  ~ $18.54 ,N/A,N/A,N/A,N/A,N/A
Religion & Spirituality (Legacy),News,Canada,176,$8.22  ~ $9.92 ,$2.96 ,$8.87 ,0.33%,N/A,N/A
Religion & Spirituality (Legacy),News,United States,"9,506",$11.02  ~ $12.91 ,$2.20 ,$6.16 ,0.59%,N/A,N/A
Religion & Spirituality (Legacy),Shopping,United States,"76,130",$7.36  ~ $7.40 ,$0.62 ,$0.81 ,1.19%,N/A,N/A
Religion & Spirituality (Legacy),Shopping,Canada,962,$7.27  ~ $14.76 ,$1.67 ,N/A,0.44%,N/A,N/A
Religion & Spirituality (Legacy),Job Search,United States,"1,328",$12.70  ~ $15.32 ,$2.37 ,$8.29 ,0.54%,N/A,N/A
Religion & Spirituality (Legacy),Exercise,United States,13,$1.33  ~ $2.90 ,N/A,N/A,N/A,N/A,N/A
Religion & Spirituality (Legacy),Travel,Canada,135,$7.91  ~ $8.52 ,$0.87 ,N/A,0.91%,N/A,N/A
Religion & Spirituality (Legacy),Travel,United States,"42,317",$5.14  ~ $7.39 ,$0.63 ,$1.86 ,0.82%,N/A,N/A
Religion & Spirituality (Legacy),Government,Canada,4,$7.97  ~ $17.14 ,N/A,N/A,N/A,N/A,N/A
Religion & Spirituality (Legacy),Government,United States,38,$8.20  ~ $8.20 ,N/A,N/A,N/A,N/A,N/A
Religion & Spirituality (Legacy),Buying/Selling Cars,United States,787,$8.08  ~ $8.15 ,$2.27 ,$0.18 ,0.36%,N/A,N/A
Religion & Spirituality (Legacy),Pets,Canada,261,$7.88  ~ $19.01 ,N/A,N/A,N/A,N/A,N/A
Religion & Spirituality (Legacy),Pets,United States,994,$2.71  ~ $16.94 ,$0.76 ,$0.38 ,2.22%,N/A,N/A
Religion & Spirituality (Legacy),Marketing,United States,"1,367",$2.78  ~ $5.58 ,$0.69 ,$1.38 ,0.40%,N/A,N/A
Religion & Spirituality (Legacy),Marketing,Canada,305,$6.30  ~ $13.19 ,$1.68 ,$13.41 ,0.38%,N/A,N/A
Religion & Spirituality (Legacy),Home & Garden,United States,"15,015",$6.84  ~ $8.03 ,$0.76 ,$1.64 ,0.90%,N/A,N/A
Religion & Spirituality (Legacy),Home & Garden,Canada,274,$0.00  ~ $0.00 ,N/A,N/A,N/A,N/A,N/A
Religion & Spirituality (Legacy),Automotive,Canada,"1,146",$4.19  ~ $7.77 ,$2.02 ,$20.20 ,0.21%,N/A,N/A
Religion & Spirituality (Legacy),Automotive,United States,"12,400",$5.31  ~ $6.36 ,$0.94 ,$1.67 ,0.56%,N/A,N/A
Religion & Spirituality (Legacy),Theme Parks,United States,12,$19.30  ~ $38.80 ,$6.56 ,N/A,0.29%,N/A,N/A
Religion & Spirituality (Legacy),Human Resources,United States,810,$12.40  ~ $12.40 ,$1.23 ,$3.93 ,1.01%,N/A,N/A
Religion & Spirituality (Legacy),Interior Decorating,United States,297,$8.73  ~ $20.61 ,$3.25 ,N/A,0.27%,N/A,N/A
Religion & Spirituality (Legacy),Interior Decorating,Canada,7,$3.86  ~ $3.86 ,N/A,N/A,N/A,N/A,N/A
Religion & Spirituality (Legacy),Credit/Debt & Loans,United States,"6,796",$6.31  ~ $9.47 ,$0.70 ,$1.21 ,0.90%,N/A,N/A
Religion & Spirituality (Legacy),Arts & Entertainment,Canada,401,$6.81  ~ $15.25 ,$3.79 ,N/A,0.18%,N/A,N/A
Religion & Spirituality (Legacy),Arts & Entertainment,United States,"8,720",$7.60  ~ $8.38 ,$0.61 ,$0.80 ,1.24%,N/A,N/A
Religion & Spirituality (Legacy),Business Software,United States,"5,855",$10.72  ~ $23.70 ,$1.49 ,$4.93 ,0.72%,N/A,N/A
Religion & Spirituality (Legacy),Business Software,Canada,547,$7.92  ~ $17.42 ,$2.71 ,N/A,0.29%,N/A,N/A
Religion & Spirituality (Legacy),Construction,United States,"1,236",$6.82  ~ $15.60 ,$0.98 ,$2.46 ,0.69%,N/A,N/A
Religion & Spirituality (Legacy),"Law, Gov't & Politics",United States,372,$11.26  ~ $14.77 ,$3.27 ,N/A,0.45%,N/A,N/A
Religion & Spirituality (Legacy),"Law, Gov't & Politics",Canada,4,$3.94  ~ $8.64 ,N/A,N/A,N/A,N/A,N/A
Religion & Spirituality (Legacy),Auto Parts,United States,13,$9.20  ~ $19.87 ,N/A,N/A,N/A,N/A,N/A
Religion & Spirituality (Legacy),Family & Parenting,United States,"9,046",$6.68  ~ $8.04 ,$1.54 ,$2.32 ,0.43%,N/A,N/A
Religion & Spirituality (Legacy),Family & Parenting,Canada,38,$3.87  ~ $3.87 ,N/A,N/A,N/A,N/A,N/A
Religion & Spirituality (Legacy),Health & Fitness,Canada,"1,306",$3.90  ~ $4.89 ,$1.70 ,$18.73 ,0.29%,N/A,N/A
Religion & Spirituality (Legacy),Health & Fitness,United States,"84,277",$6.05  ~ $7.42 ,$1.47 ,$3.39 ,0.51%,N/A,N/A
Religion & Spirituality (Legacy),Home Repair,United States,"1,505",$7.92  ~ $17.87 ,$0.53 ,$14.14 ,1.49%,N/A,N/A
Religion & Spirituality (Legacy),Clothing,United States,410,$7.39  ~ $7.39 ,$0.60 ,$1.23 ,1.23%,N/A,N/A
Religion & Spirituality (Legacy),Hotels,Canada,56,$3.92  ~ $8.84 ,N/A,N/A,N/A,N/A,N/A
Religion & Spirituality (Legacy),Hotels,United States,136,$6.11  ~ $13.80 ,$5.79 ,$5.79 ,0.11%,N/A,N/A
Religion & Spirituality (Legacy),Senior Living,United States,681,$6.77  ~ $8.15 ,$2.91 ,$8.73 ,0.23%,N/A,N/A
Religion & Spirituality (Legacy),Appliances,Canada,133,$6.91  ~ $7.68 ,N/A,N/A,N/A,N/A,N/A
Religion & Spirituality (Legacy),Appliances,United States,251,$9.33  ~ $10.07 ,$1.42 ,N/A,0.66%,N/A,N/A
Religion & Spirituality (Legacy),Dogs,United States,20,$15.02  ~ $15.02 ,$0.43 ,N/A,3.50%,N/A,N/A
Religion & Spirituality (Legacy),Large Animals,United States,588,$8.16  ~ $8.50 ,$0.68 ,$1.53 ,1.25%,N/A,N/A
Religion & Spirituality (Legacy),Career Planning,United States,328,$1.88  ~ $4.12 ,N/A,N/A,N/A,N/A,N/A
Religion & Spirituality (Legacy),Investing,Canada,49,$24.78  ~ $24.78 ,$2.58 ,N/A,0.96%,N/A,N/A
Religion & Spirituality (Legacy),Cancer,Canada,300,$5.40  ~ $5.40 ,$2.75 ,N/A,0.20%,N/A,N/A
Religion & Spirituality (Legacy),Pro Ice Hockey,Canada,2,$0.00  ~ $0.00 ,N/A,N/A,N/A,N/A,N/A
Religion & Spirituality (Legacy),Teens,United States,2,$0.00  ~ $0.00 ,N/A,N/A,N/A,N/A,N/A
Religion & Spirituality (Legacy),Investing,United States,4,$0.00  ~ $0.00 ,N/A,N/A,N/A,N/A,N/A
Religion & Spirituality (Legacy),Music,United States,880,$0.00  ~ $0.00 ,N/A,N/A,N/A,N/A,N/A
Religion & Spirituality (Legacy),Card Games,Canada,31,$0.00  ~ $0.00 ,N/A,N/A,N/A,N/A,N/A
Religion & Spirituality (Legacy),Card Games,United States,236,$0.00  ~ $0.00 ,N/A,N/A,N/A,N/A,N/A
Religion & Spirituality (Legacy),Logistics,United States,1,$0.00  ~ $0.00 ,N/A,N/A,N/A,N/A,N/A
Religion & Spirituality (Legacy),Substance Abuse,United States,7,$0.00  ~ $0.00 ,N/A,N/A,N/A,N/A,N/A
Religion & Spirituality (Legacy),Psychology/Psychiatry,United States,12,$0.00  ~ $0.00 ,N/A,N/A,N/A,N/A,N/A
Religion & Spirituality (Legacy),Buying/Selling Homes,United States,5,$0.00  ~ $0.00 ,N/A,N/A,N/A,N/A,N/A
Religion & Spirituality (Legacy),Comparison,United States,8,$0.00  ~ $0.00 ,N/A,N/A,N/A,N/A,N/A
Religion & Spirituality (Legacy),Dental Care,United States,7,$0.00  ~ $0.00 ,N/A,N/A,N/A,N/A,N/A
Religion & Spirituality (Legacy),Entertaining,United States,61,$0.00  ~ $0.00 ,N/A,N/A,N/A,N/A,N/A
Religion & Spirituality (Legacy),Cuisine-Specific,United States,11,$0.00  ~ $0.00 ,N/A,N/A,N/A,N/A,N/A
Religion & Spirituality (Legacy),Art/Technology,United States,53,$0.00  ~ $0.00 ,N/A,N/A,N/A,N/A,N/A
Religion & Spirituality (Legacy),Careers,Canada,46,$0.00  ~ $0.00 ,N/A,N/A,N/A,N/A,N/A
Religion & Spirituality (Legacy),Agriculture,Canada,22,$0.00  ~ $0.00 ,N/A,N/A,N/A,N/A,N/A
Religion & Spirituality (Legacy),Distance Learning,United States,18,$0.00  ~ $0.00 ,N/A,N/A,N/A,N/A,N/A
Religion & Spirituality (Legacy),Catholicism,United States,12,$0.00  ~ $0.00 ,N/A,N/A,N/A,N/A,N/A
Religion & Spirituality (Legacy),By US Locale,United States,1,$0.00  ~ $0.00 ,N/A,N/A,N/A,N/A,N/A
Science (Legacy),Theme Parks,United States,41,$19.25  ~ $41.72 ,N/A,N/A,N/A,N/A,N/A
Science (Legacy),Hobbies & Interests,Canada,"1,694",$8.27  ~ $16.92 ,$3.09 ,N/A,0.27%,N/A,N/A
Science (Legacy),Hobbies & Interests,United States,"53,211",$9.58  ~ $10.93 ,$2.79 ,$6.62 ,0.34%,N/A,N/A
Science (Legacy),Careers,United States,"14,448",$8.12  ~ $9.51 ,$1.31 ,$3.50 ,0.62%,N/A,N/A
Science (Legacy),Careers,Canada,303,$0.00  ~ $0.00 ,N/A,N/A,N/A,N/A,N/A
Science (Legacy),Buying/Selling Cars,United States,"3,456",$8.08  ~ $8.16 ,$5.98 ,N/A,0.14%,N/A,N/A
Science (Legacy),Government,United States,97,$8.17  ~ $8.17 ,N/A,N/A,N/A,N/A,N/A
Science (Legacy),Government,Canada,171,$7.87  ~ $19.48 ,$10.89 ,N/A,0.07%,N/A,N/A
Science (Legacy),Politics,United States,"5,940",$8.15  ~ $8.25 ,$5.12 ,N/A,0.16%,N/A,N/A
Science (Legacy),Green Solutions,United States,"1,247",$7.45  ~ $8.09 ,$4.43 ,N/A,0.17%,N/A,N/A
Science (Legacy),Home & Garden,United States,"65,219",$6.70  ~ $7.83 ,$1.42 ,$3.00 ,0.47%,N/A,N/A
Science (Legacy),Home & Garden,Canada,"4,292",$2.53  ~ $6.25 ,$1.91 ,N/A,0.13%,N/A,N/A
Science (Legacy),Real Estate,Canada,160,$8.04  ~ $18.20 ,N/A,N/A,N/A,N/A,N/A
Science (Legacy),Real Estate,United States,"44,483",$4.16  ~ $5.40 ,$1.09 ,$2.00 ,0.50%,N/A,N/A
Science (Legacy),"Law, Gov't & Politics",United States,"1,494",$11.28  ~ $15.84 ,$8.59 ,N/A,0.18%,N/A,N/A
Science (Legacy),"Law, Gov't & Politics",Canada,34,$3.92  ~ $8.21 ,N/A,N/A,N/A,N/A,N/A
Science (Legacy),Net Conferencing,United States,"3,086",$11.51  ~ $24.18 ,$8.98 ,N/A,0.13%,N/A,N/A
Science (Legacy),Net Conferencing,Canada,550,$11.45  ~ $27.85 ,$4.07 ,N/A,0.28%,N/A,N/A
Science (Legacy),Agriculture,United States,828,$8.35  ~ $17.76 ,$7.22 ,N/A,0.12%,N/A,N/A
Science (Legacy),Pets,Canada,"6,774",$8.01  ~ $17.90 ,N/A,N/A,N/A,N/A,N/A
Science (Legacy),Pets,United States,"11,949",$2.60  ~ $4.82 ,$2.19 ,N/A,0.22%,N/A,N/A
Science (Legacy),Personal Finance,Canada,"2,603",$6.03  ~ $9.81 ,$2.92 ,$18.91 ,0.34%,N/A,N/A
Science (Legacy),Personal Finance,United States,"321,290",$8.42  ~ $8.72 ,$2.13 ,$5.06 ,0.40%,N/A,N/A
Science (Legacy),Job Search,United States,"3,847",$13.10  ~ $16.86 ,$7.32 ,$22.41 ,0.18%,N/A,N/A
Science (Legacy),Health & Fitness,United States,"416,534",$6.82  ~ $7.09 ,$3.85 ,$7.73 ,0.18%,N/A,N/A
Science (Legacy),Health & Fitness,Canada,"14,839",$5.11  ~ $5.56 ,$2.21 ,$32.18 ,0.25%,N/A,N/A
Science (Legacy),Interior Decorating,United States,"19,819",$6.31  ~ $8.73 ,$2.13 ,$7.89 ,0.30%,N/A,N/A
Science (Legacy),Interior Decorating,Canada,158,$3.85  ~ $3.85 ,N/A,N/A,N/A,N/A,N/A
Science (Legacy),Education,Canada,"52,127",$3.36  ~ $8.03 ,$1.86 ,$6.98 ,0.18%,N/A,N/A
Science (Legacy),Education,United States,"169,145",$8.31  ~ $8.57 ,$1.11 ,$1.91 ,0.75%,N/A,N/A
Science (Legacy),Automotive,Canada,"6,190",$4.57  ~ $7.70 ,$2.82 ,$20.27 ,0.16%,N/A,N/A
Science (Legacy),Automotive,United States,"51,158",$5.38  ~ $5.40 ,$1.71 ,$3.48 ,0.32%,N/A,N/A
Science (Legacy),Investing,Canada,207,$24.78  ~ $24.78 ,$3.46 ,$13.85 ,0.72%,N/A,N/A
Science (Legacy),Marketing,Canada,"2,575",$6.49  ~ $14.80 ,$2.69 ,$59.21 ,0.24%,N/A,N/A
Science (Legacy),Marketing,United States,"6,634",$2.92  ~ $6.59 ,$0.84 ,$10.91 ,0.35%,N/A,N/A
Science (Legacy),Exercise,United States,39,$1.22  ~ $2.91 ,N/A,N/A,N/A,N/A,N/A
Science (Legacy),Insurance,United States,"6,581",$10.47  ~ $11.13 ,$1.24 ,N/A,0.84%,N/A,N/A
Science (Legacy),Food & Drink,United States,"15,461",$4.09  ~ $7.28 ,$1.03 ,$1.75 ,0.71%,N/A,N/A
Science (Legacy),Food & Drink,Canada,"3,191",$2.38  ~ $5.26 ,$4.26 ,N/A,0.06%,N/A,N/A
Science (Legacy),Biotech/Biomedical,United States,"10,126",$13.38  ~ $14.57 ,$0.97 ,$1.32 ,1.38%,N/A,N/A
Science (Legacy),Cancer,Canada,"1,830",$5.40  ~ $5.40 ,$0.93 ,$28.03 ,0.58%,N/A,N/A
Science (Legacy),Cigars,United States,"27,483",$10.84  ~ $11.26 ,$4.08 ,N/A,0.27%,N/A,N/A
Science (Legacy),Buying/Selling Homes,United States,20,$0.00  ~ $0.00 ,N/A,N/A,N/A,N/A,N/A
Science (Legacy),News,Canada,"2,169",$8.18  ~ $10.57 ,$3.68 ,N/A,0.29%,N/A,N/A
Science (Legacy),News,United States,"33,113",$10.50  ~ $11.63 ,$5.37 ,$13.69 ,0.22%,N/A,N/A
Science (Legacy),Large Animals,United States,"1,589",$8.15  ~ $8.72 ,$2.45 ,$4.42 ,0.36%,N/A,N/A
Science (Legacy),Travel,United States,"143,369",$5.90  ~ $7.75 ,$1.34 ,$3.14 ,0.44%,N/A,N/A
Science (Legacy),Travel,Canada,760,$8.17  ~ $8.62 ,$3.75 ,N/A,0.22%,N/A,N/A
Science (Legacy),Family & Parenting,United States,"34,071",$6.99  ~ $8.09 ,$3.18 ,$5.58 ,0.22%,N/A,N/A
Science (Legacy),Family & Parenting,Canada,306,$3.86  ~ $3.92 ,N/A,N/A,N/A,N/A,N/A
Science (Legacy),Cold & Flu,United States,"20,006",$7.07  ~ $8.16 ,$5.03 ,N/A,0.14%,N/A,N/A
Science (Legacy),Credit/Debt & Loans,United States,"27,332",$6.21  ~ $8.88 ,$0.83 ,$1.32 ,0.74%,N/A,N/A
Science (Legacy),Hotels,United States,429,$5.92  ~ $13.81 ,$1.38 ,$3.23 ,0.43%,N/A,N/A
Science (Legacy),Hotels,Canada,396,$3.90  ~ $8.71 ,N/A,N/A,N/A,N/A,N/A
Science (Legacy),Clothing,United States,"1,472",$7.06  ~ $7.06 ,$0.54 ,$0.88 ,1.31%,N/A,N/A
Science (Legacy),Appliances,Canada,"1,807",$9.16  ~ $10.19 ,$1.72 ,N/A,0.53%,N/A,N/A
Science (Legacy),Appliances,United States,"3,723",$7.83  ~ $10.75 ,$3.91 ,N/A,0.20%,N/A,N/A
Science (Legacy),Construction,United States,"4,150",$6.77  ~ $14.05 ,$1.35 ,$2.37 ,0.50%,N/A,N/A
Science (Legacy),Arthritis,United States,"1,010",$2.92  ~ $6.64 ,$1.15 ,$1.72 ,0.25%,N/A,N/A
Science (Legacy),Arts & Entertainment,Canada,"4,873",$7.79  ~ $17.88 ,$1.57 ,$11.20 ,0.50%,N/A,N/A
Science (Legacy),Arts & Entertainment,United States,"33,373",$7.48  ~ $8.64 ,$0.83 ,$1.12 ,0.90%,N/A,N/A
Science (Legacy),Job Fairs,United States,70,$6.81  ~ $16.26 ,$0.13 ,$0.99 ,5.25%,N/A,N/A
Science (Legacy),Human Resources,United States,"4,686",$12.47  ~ $12.47 ,$1.60 ,$2.98 ,0.78%,N/A,N/A
Science (Legacy),Alternative Medicine,United States,"27,483",$10.84  ~ $11.26 ,$4.08 ,N/A,0.27%,N/A,N/A
Science (Legacy),Senior Living,United States,"2,613",$6.92  ~ $8.15 ,$2.28 ,$6.83 ,0.30%,N/A,N/A
Science (Legacy),Business,Canada,"59,564",$5.49  ~ $6.06 ,$2.39 ,$29.32 ,0.23%,N/A,N/A
Science (Legacy),Business,United States,"470,223",$9.16  ~ $9.62 ,$1.42 ,$3.24 ,0.68%,N/A,N/A
Science (Legacy),Private School,United States,"1,311",$6.78  ~ $13.91 ,$5.07 ,N/A,0.13%,N/A,N/A
Science (Legacy),Dogs,United States,48,$13.83  ~ $13.83 ,$1.47 ,N/A,0.94%,N/A,N/A
Science (Legacy),Pediatrics,United States,"1,959",$7.41  ~ $8.14 ,$0.71 ,N/A,1.04%,N/A,N/A
Science (Legacy),Home Repair,United States,"5,198",$7.44  ~ $18.28 ,$0.76 ,$15.01 ,0.98%,N/A,N/A
Science (Legacy),Auto Parts,United States,31,$8.93  ~ $22.32 ,N/A,N/A,N/A,N/A,N/A
Science (Legacy),Remodeling & Construction,United States,"4,756",$4.97  ~ $11.67 ,$3.56 ,$3.56 ,0.14%,N/A,N/A
Science (Legacy),Shopping,United States,"265,506",$7.40  ~ $7.87 ,$0.61 ,$0.65 ,1.21%,N/A,N/A
Science (Legacy),Shopping,Canada,"7,542",$7.35  ~ $18.19 ,$9.05 ,N/A,0.08%,N/A,N/A
Science (Legacy),Business Software,Canada,"5,678",$7.91  ~ $15.98 ,$2.68 ,$32.23 ,0.29%,N/A,N/A
Science (Legacy),Business Software,United States,"22,695",$9.10  ~ $18.40 ,$2.20 ,$11.01 ,0.41%,N/A,N/A
Science (Legacy),Career Planning,United States,803,$1.92  ~ $3.97 ,$3.36 ,N/A,0.06%,N/A,N/A
Science (Legacy),Adventure Travel,United States,"8,927",$4.46  ~ $9.91 ,$2.49 ,$7.48 ,0.18%,N/A,N/A
Science (Legacy),Graduate School,United States,"22,477",$8.14  ~ $8.81 ,$0.75 ,$1.43 ,1.08%,N/A,N/A
Science (Legacy),Graduate School,Canada,31,$6.26  ~ $14.26 ,$11.14 ,N/A,0.06%,N/A,N/A
Science (Legacy),Advertising,Canada,"42,040",$0.69  ~ $1.52 ,$0.38 ,N/A,0.18%,N/A,N/A
Science (Legacy),Advertising,United States,"215,049",$0.62  ~ $1.65 ,$0.41 ,$1.52 ,0.40%,N/A,N/A
Science (Legacy),Cocktails/Beer,United States,379,$20.31  ~ $20.44 ,$3.03 ,$30.27 ,0.68%,N/A,N/A
Science (Legacy),Psychology/Psychiatry,United States,85,$0.00  ~ $0.00 ,N/A,N/A,N/A,N/A,N/A
Science (Legacy),Card Games,Canada,168,$0.00  ~ $0.00 ,N/A,N/A,N/A,N/A,N/A
Science (Legacy),Card Games,United States,416,$0.00  ~ $0.00 ,N/A,N/A,N/A,N/A,N/A
Science (Legacy),Substance Abuse,United States,76,$0.00  ~ $0.00 ,N/A,N/A,N/A,N/A,N/A
Science (Legacy),Cuisine-Specific,United States,165,$0.00  ~ $0.00 ,N/A,N/A,N/A,N/A,N/A
Science (Legacy),Spas,United States,2,$0.00  ~ $0.00 ,N/A,N/A,N/A,N/A,N/A
Science (Legacy),Catholicism,United States,43,$0.00  ~ $0.00 ,N/A,N/A,N/A,N/A,N/A
Science (Legacy),Landscaping,United States,14,$0.00  ~ $0.00 ,N/A,N/A,N/A,N/A,N/A
Science (Legacy),By US Locale,United States,4,$0.00  ~ $0.00 ,N/A,N/A,N/A,N/A,N/A
Science (Legacy),Pro Ice Hockey,Canada,35,$0.00  ~ $0.00 ,N/A,N/A,N/A,N/A,N/A
Science (Legacy),Distance Learning,United States,63,$0.00  ~ $0.00 ,N/A,N/A,N/A,N/A,N/A
Science (Legacy),Logistics,United States,34,$0.00  ~ $0.00 ,N/A,N/A,N/A,N/A,N/A
Science (Legacy),Job Search,Canada,9,$0.00  ~ $0.00 ,N/A,N/A,N/A,N/A,N/A
Science (Legacy),Teens,United States,24,$0.00  ~ $0.00 ,N/A,N/A,N/A,N/A,N/A
Science (Legacy),Italian Cuisine,United States,5,$0.00  ~ $0.00 ,N/A,N/A,N/A,N/A,N/A
Science (Legacy),Comparison,United States,33,$0.00  ~ $0.00 ,N/A,N/A,N/A,N/A,N/A
Science (Legacy),Investing,United States,72,$0.00  ~ $0.00 ,N/A,N/A,N/A,N/A,N/A
Science (Legacy),Chronic Pain,United States,1,$0.00  ~ $0.00 ,N/A,N/A,N/A,N/A,N/A
Science (Legacy),Insurance,Canada,6,$0.00  ~ $0.00 ,N/A,N/A,N/A,N/A,N/A
Science (Legacy),Dental Care,United States,44,$0.00  ~ $0.00 ,N/A,N/A,N/A,N/A,N/A
Science (Legacy),Art/Technology,United States,364,$0.00  ~ $0.00 ,N/A,N/A,N/A,N/A,N/A
Science (Legacy),College Life,Canada,15,$0.00  ~ $0.00 ,N/A,N/A,N/A,N/A,N/A
Science (Legacy),Agriculture,Canada,"1,185",$0.00  ~ $0.00 ,N/A,N/A,N/A,N/A,N/A
Science (Legacy),Legal Issues,United States,2,$0.00  ~ $0.00 ,N/A,N/A,N/A,N/A,N/A
Science (Legacy),Entertaining,United States,202,$0.00  ~ $0.00 ,N/A,N/A,N/A,N/A,N/A
Science (Legacy),Music,United States,"3,753",$0.00  ~ $0.00 ,N/A,N/A,N/A,N/A,N/A
Shopping (Legacy),Arthritis,United States,"1,207",$2.75  ~ $6.28 ,$0.46 ,$2.78 ,0.59%,N/A,N/A
Shopping (Legacy),News,Canada,"1,783",$7.66  ~ $11.68 ,$5.06 ,$24.25 ,0.23%,N/A,N/A
Shopping (Legacy),News,United States,"36,893",$10.38  ~ $11.91 ,$4.48 ,$13.98 ,0.27%,N/A,N/A
Shopping (Legacy),Business Software,United States,"22,470",$8.75  ~ $18.31 ,$2.29 ,$9.33 ,0.38%,N/A,N/A
Shopping (Legacy),Business Software,Canada,"2,890",$7.59  ~ $18.85 ,$4.26 ,$64.09 ,0.18%,N/A,N/A
Shopping (Legacy),Construction,United States,"4,924",$6.78  ~ $14.24 ,$0.93 ,$2.16 ,0.73%,N/A,N/A
Shopping (Legacy),Biotech/Biomedical,United States,"11,145",$12.82  ~ $14.16 ,$0.79 ,$1.05 ,1.62%,N/A,N/A
Shopping (Legacy),Buying/Selling Cars,United States,"8,119",$8.08  ~ $8.16 ,$3.06 ,$0.19 ,0.26%,N/A,N/A
Shopping (Legacy),Interior Decorating,United States,"15,844",$6.13  ~ $8.96 ,$1.59 ,$3.49 ,0.39%,N/A,N/A
Shopping (Legacy),Interior Decorating,Canada,85,$3.87  ~ $3.87 ,N/A,N/A,N/A,N/A,N/A
Shopping (Legacy),Alternative Medicine,United States,"41,170",$10.47  ~ $10.89 ,$2.76 ,N/A,0.38%,N/A,N/A
Shopping (Legacy),Careers,United States,"16,212",$8.64  ~ $9.28 ,$0.95 ,$1.88 ,0.91%,N/A,N/A
Shopping (Legacy),Net Conferencing,Canada,18,$11.83  ~ $28.87 ,N/A,N/A,N/A,N/A,N/A
Shopping (Legacy),Net Conferencing,United States,91,$11.76  ~ $25.50 ,$15.45 ,N/A,0.08%,N/A,N/A
Shopping (Legacy),Career Planning,United States,"2,027",$2.63  ~ $6.15 ,$2.74 ,$2.74 ,0.10%,N/A,N/A
Shopping (Legacy),Clothing,United States,"1,738",$7.03  ~ $7.03 ,$0.45 ,$0.56 ,1.55%,N/A,N/A
Shopping (Legacy),Large Animals,United States,"1,738",$8.16  ~ $8.67 ,$1.20 ,$2.39 ,0.72%,N/A,N/A
Shopping (Legacy),Home Repair,United States,"6,687",$7.82  ~ $17.63 ,$0.51 ,$8.34 ,1.55%,N/A,N/A
Shopping (Legacy),Government,Canada,39,$7.86  ~ $18.37 ,$12.33 ,N/A,0.06%,N/A,N/A
Shopping (Legacy),Government,United States,143,$8.29  ~ $8.29 ,N/A,N/A,N/A,N/A,N/A
Shopping (Legacy),Senior Living,United States,"2,567",$6.48  ~ $8.16 ,$4.60 ,$7.67 ,0.14%,N/A,N/A
Shopping (Legacy),Green Solutions,United States,"1,191",$8.09  ~ $8.28 ,$25.29 ,N/A,0.03%,N/A,N/A
Shopping (Legacy),Agriculture,United States,824,$8.33  ~ $18.09 ,$3.48 ,$6.52 ,0.24%,N/A,N/A
Shopping (Legacy),Hobbies & Interests,United States,"49,595",$9.23  ~ $10.80 ,$1.47 ,$2.21 ,0.63%,N/A,N/A
Shopping (Legacy),Hobbies & Interests,Canada,128,$8.28  ~ $19.96 ,N/A,N/A,N/A,N/A,N/A
Shopping (Legacy),Job Fairs,United States,101,$6.83  ~ $15.13 ,$0.13 ,$0.64 ,5.27%,N/A,N/A
Shopping (Legacy),Job Fairs,Canada,1,$4.95  ~ $12.01 ,N/A,N/A,N/A,N/A,N/A
Shopping (Legacy),Business,Canada,"46,248",$5.25  ~ $6.32 ,$4.84 ,$40.18 ,0.11%,N/A,N/A
Shopping (Legacy),Business,United States,"518,764",$8.47  ~ $9.48 ,$0.99 ,$2.23 ,0.95%,N/A,N/A
Shopping (Legacy),Cold & Flu,United States,"21,335",$7.03  ~ $8.15 ,$6.56 ,N/A,0.11%,N/A,N/A
Shopping (Legacy),Credit/Debt & Loans,United States,"35,437",$6.14  ~ $8.78 ,$0.64 ,$1.04 ,0.96%,N/A,N/A
Shopping (Legacy),Graduate School,United States,"23,300",$8.20  ~ $9.09 ,$0.70 ,$1.28 ,1.18%,N/A,N/A
Shopping (Legacy),Advertising,Canada,"37,306",$0.93  ~ $2.08 ,$0.43 ,$31.26 ,0.21%,N/A,N/A
Shopping (Legacy),Advertising,United States,"179,585",$0.63  ~ $2.85 ,$0.41 ,$1.60 ,0.70%,N/A,N/A
Shopping (Legacy),Arts & Entertainment,Canada,"3,386",$6.05  ~ $14.63 ,$1.95 ,$30.43 ,0.31%,N/A,N/A
Shopping (Legacy),Arts & Entertainment,United States,"41,549",$7.33  ~ $8.73 ,$0.68 ,$0.77 ,1.08%,N/A,N/A
Shopping (Legacy),Human Resources,United States,"5,515",$12.42  ~ $12.42 ,$0.87 ,$1.45 ,1.43%,N/A,N/A
Shopping (Legacy),Investing,Canada,129,$24.73  ~ $24.73 ,$6.21 ,$43.45 ,0.40%,N/A,N/A
Shopping (Legacy),Food & Drink,United States,"25,695",$4.00  ~ $7.31 ,$0.76 ,$1.16 ,0.96%,N/A,N/A
Shopping (Legacy),Food & Drink,Canada,"5,065",$2.71  ~ $6.04 ,$3.43 ,N/A,0.08%,N/A,N/A
Shopping (Legacy),Real Estate,Canada,121,$8.12  ~ $16.40 ,$5.06 ,N/A,0.16%,N/A,N/A
Shopping (Legacy),Real Estate,United States,"76,329",$4.55  ~ $5.61 ,$0.85 ,$1.30 ,0.66%,N/A,N/A
Shopping (Legacy),Adventure Travel,United States,"10,226",$4.37  ~ $10.86 ,$1.36 ,$5.62 ,0.32%,N/A,N/A
Shopping (Legacy),Dogs,United States,61,$14.15  ~ $14.15 ,$0.69 ,N/A,2.06%,N/A,N/A
Shopping (Legacy),Remodeling & Construction,United States,"4,716",$5.12  ~ $11.72 ,N/A,N/A,N/A,N/A,N/A
Shopping (Legacy),Travel,United States,"180,337",$5.79  ~ $7.54 ,$1.23 ,$2.50 ,0.47%,N/A,N/A
Shopping (Legacy),Travel,Canada,614,$7.91  ~ $8.75 ,$3.21 ,N/A,0.25%,N/A,N/A
Shopping (Legacy),Cocktails/Beer,United States,426,$20.41  ~ $20.43 ,$6.41 ,N/A,0.32%,N/A,N/A
Shopping (Legacy),Exercise,United States,64,$1.24  ~ $2.99 ,N/A,N/A,N/A,N/A,N/A
Shopping (Legacy),Appliances,Canada,"1,674",$6.06  ~ $9.50 ,$13.35 ,N/A,0.05%,N/A,N/A
Shopping (Legacy),Appliances,United States,"2,307",$9.07  ~ $9.86 ,$11.85 ,N/A,0.08%,N/A,N/A
Shopping (Legacy),Private School,United States,"1,236",$6.77  ~ $16.02 ,$2.73 ,N/A,0.25%,N/A,N/A
Shopping (Legacy),Education,Canada,"40,584",$2.94  ~ $8.15 ,$1.71 ,$59.28 ,0.17%,N/A,N/A
Shopping (Legacy),Education,United States,"146,964",$8.08  ~ $8.09 ,$0.85 ,$1.37 ,0.95%,N/A,N/A
Shopping (Legacy),Home & Garden,United States,"75,539",$6.38  ~ $7.81 ,$0.88 ,$1.39 ,0.72%,N/A,N/A
Shopping (Legacy),Home & Garden,Canada,"2,291",$0.64  ~ $1.44 ,$1.85 ,$3.70 ,0.03%,N/A,N/A
Shopping (Legacy),Insurance,United States,"6,601",$10.14  ~ $10.72 ,$0.84 ,N/A,1.21%,N/A,N/A
Shopping (Legacy),Pediatrics,United States,"2,128",$7.74  ~ $8.13 ,$0.69 ,N/A,1.12%,N/A,N/A
Shopping (Legacy),"Law, Gov't & Politics",United States,"1,435",$11.15  ~ $15.80 ,$10.46 ,N/A,0.15%,N/A,N/A
Shopping (Legacy),"Law, Gov't & Politics",Canada,77,$3.96  ~ $9.46 ,N/A,N/A,N/A,N/A,N/A
Shopping (Legacy),Theme Parks,United States,52,$19.19  ~ $45.54 ,N/A,N/A,N/A,N/A,N/A
Shopping (Legacy),Family & Parenting,United States,"27,779",$7.19  ~ $8.39 ,$1.58 ,$1.78 ,0.45%,N/A,N/A
Shopping (Legacy),Family & Parenting,Canada,198,$3.83  ~ $3.90 ,N/A,N/A,N/A,N/A,N/A
Shopping (Legacy),Pets,Canada,"1,961",$7.95  ~ $19.51 ,N/A,N/A,N/A,N/A,N/A
Shopping (Legacy),Pets,United States,"5,509",$2.61  ~ $8.85 ,$0.66 ,N/A,1.34%,N/A,N/A
Shopping (Legacy),Politics,United States,"6,349",$8.19  ~ $8.33 ,$4.29 ,N/A,0.19%,N/A,N/A
Shopping (Legacy),Job Search,United States,"4,983",$15.25  ~ $17.66 ,$5.57 ,$20.05 ,0.27%,N/A,N/A
Shopping (Legacy),Marketing,United States,"6,770",$2.97  ~ $6.28 ,$1.25 ,$5.62 ,0.24%,N/A,N/A
Shopping (Legacy),Marketing,Canada,"2,234",$6.41  ~ $14.36 ,$5.16 ,$36.09 ,0.12%,N/A,N/A
Shopping (Legacy),Cigars,United States,"41,170",$10.47  ~ $10.89 ,$2.76 ,N/A,0.38%,N/A,N/A
Shopping (Legacy),Hotels,United States,743,$7.20  ~ $14.94 ,$3.05 ,$8.12 ,0.24%,N/A,N/A
Shopping (Legacy),Hotels,Canada,218,$3.92  ~ $8.03 ,N/A,N/A,N/A,N/A,N/A
Shopping (Legacy),Cancer,Canada,"1,334",$5.37  ~ $5.37 ,$2.92 ,$32.08 ,0.18%,N/A,N/A
Shopping (Legacy),Personal Finance,Canada,"2,178",$5.82  ~ $10.74 ,$5.01 ,N/A,0.21%,N/A,N/A
Shopping (Legacy),Personal Finance,United States,"418,857",$8.36  ~ $8.88 ,$2.14 ,$4.35 ,0.39%,N/A,N/A
Shopping (Legacy),Health & Fitness,United States,"366,389",$5.99  ~ $6.60 ,$2.40 ,$4.43 ,0.28%,N/A,N/A
Shopping (Legacy),Health & Fitness,Canada,"11,267",$3.97  ~ $4.55 ,$3.65 ,$16.62 ,0.12%,N/A,N/A
Shopping (Legacy),Automotive,Canada,"7,065",$4.05  ~ $7.74 ,$3.91 ,$16.43 ,0.10%,N/A,N/A
Shopping (Legacy),Automotive,United States,"61,933",$5.35  ~ $5.46 ,$1.46 ,$2.71 ,0.37%,N/A,N/A
Shopping (Legacy),Shopping,United States,"378,984",$7.51  ~ $7.84 ,$0.90 ,$0.88 ,0.84%,N/A,N/A
Shopping (Legacy),Shopping,Canada,"6,114",$7.35  ~ $17.30 ,$7.06 ,N/A,0.10%,N/A,N/A
Shopping (Legacy),Auto Parts,United States,53,$8.81  ~ $20.68 ,N/A,N/A,N/A,N/A,N/A
Shopping (Legacy),Job Search,Canada,4,$0.00  ~ $0.00 ,N/A,N/A,N/A,N/A,N/A
Shopping (Legacy),Catholicism,United States,79,$0.00  ~ $0.00 ,N/A,N/A,N/A,N/A,N/A
Shopping (Legacy),Comparison,United States,40,$0.00  ~ $0.00 ,N/A,N/A,N/A,N/A,N/A
Shopping (Legacy),Spas,United States,1,$0.00  ~ $0.00 ,N/A,N/A,N/A,N/A,N/A
Shopping (Legacy),Graduate School,Canada,8,$0.00  ~ $0.00 ,N/A,N/A,N/A,N/A,N/A
Shopping (Legacy),Teens,United States,35,$0.00  ~ $0.00 ,N/A,N/A,N/A,N/A,N/A
Shopping (Legacy),Logistics,United States,58,$0.00  ~ $0.00 ,N/A,N/A,N/A,N/A,N/A
Shopping (Legacy),Careers,Canada,314,$0.00  ~ $0.00 ,N/A,N/A,N/A,N/A,N/A
Shopping (Legacy),Psychology/Psychiatry,United States,166,$0.00  ~ $0.00 ,N/A,N/A,N/A,N/A,N/A
Shopping (Legacy),Chronic Pain,United States,4,$0.00  ~ $0.00 ,N/A,N/A,N/A,N/A,N/A
Shopping (Legacy),Distance Learning,United States,38,$0.00  ~ $0.00 ,N/A,N/A,N/A,N/A,N/A
Shopping (Legacy),Insurance,Canada,1,$0.00  ~ $0.00 ,N/A,N/A,N/A,N/A,N/A
Shopping (Legacy),Cuisine-Specific,United States,144,$0.00  ~ $0.00 ,N/A,N/A,N/A,N/A,N/A
Shopping (Legacy),By US Locale,United States,2,$0.00  ~ $0.00 ,N/A,N/A,N/A,N/A,N/A
Shopping (Legacy),College Life,Canada,8,$0.00  ~ $0.00 ,N/A,N/A,N/A,N/A,N/A
Shopping (Legacy),Buying/Selling Homes,United States,45,$0.00  ~ $0.00 ,N/A,N/A,N/A,N/A,N/A
Shopping (Legacy),Landscaping,United States,3,$0.00  ~ $0.00 ,N/A,N/A,N/A,N/A,N/A
Shopping (Legacy),Dental Care,United States,41,$0.00  ~ $0.00 ,N/A,N/A,N/A,N/A,N/A
Shopping (Legacy),Card Games,Canada,234,$0.00  ~ $0.00 ,N/A,N/A,N/A,N/A,N/A
Shopping (Legacy),Card Games,United States,"2,212",$0.00  ~ $0.00 ,N/A,N/A,N/A,N/A,N/A
Shopping (Legacy),Entertaining,United States,191,$0.00  ~ $0.00 ,N/A,N/A,N/A,N/A,N/A
Shopping (Legacy),Substance Abuse,United States,256,$0.00  ~ $0.00 ,N/A,N/A,N/A,N/A,N/A
Shopping (Legacy),Pro Ice Hockey,Canada,32,$0.00  ~ $0.00 ,N/A,N/A,N/A,N/A,N/A
Shopping (Legacy),Music,United States,"7,817",$0.00  ~ $0.00 ,N/A,N/A,N/A,N/A,N/A
Shopping (Legacy),Construction,Canada,1,$0.00  ~ $0.00 ,N/A,N/A,N/A,N/A,N/A
Shopping (Legacy),Investing,United States,229,$0.00  ~ $0.00 ,N/A,N/A,N/A,N/A,N/A
Shopping (Legacy),Art/Technology,United States,"1,540",$0.00  ~ $0.00 ,N/A,N/A,N/A,N/A,N/A
Shopping (Legacy),Agriculture,Canada,112,$0.00  ~ $0.00 ,N/A,N/A,N/A,N/A,N/A
Society (Legacy),Alternative Medicine,United States,"42,673",$10.75  ~ $11.18 ,$3.22 ,N/A,0.33%,N/A,N/A
Society (Legacy),Politics,United States,"12,929",$8.17  ~ $8.27 ,$1.04 ,N/A,0.80%,N/A,N/A
Society (Legacy),Advertising,Canada,"30,695",$0.38  ~ $0.90 ,$0.48 ,N/A,0.08%,N/A,N/A
Society (Legacy),Advertising,United States,"379,919",$0.62  ~ $3.64 ,$0.39 ,$1.17 ,0.93%,N/A,N/A
Society (Legacy),Real Estate,Canada,251,$8.09  ~ $17.74 ,N/A,N/A,N/A,N/A,N/A
Society (Legacy),Real Estate,United States,"97,972",$5.04  ~ $6.24 ,$0.51 ,$0.88 ,1.22%,N/A,N/A
Society (Legacy),"Law, Gov't & Politics",United States,"3,387",$11.48  ~ $17.68 ,$2.34 ,N/A,0.76%,N/A,N/A
Society (Legacy),"Law, Gov't & Politics",Canada,68,$3.90  ~ $7.94 ,$0.26 ,N/A,1.52%,N/A,N/A
Society (Legacy),Investing,Canada,172,$24.80  ~ $24.80 ,$4.77 ,N/A,0.52%,N/A,N/A
Society (Legacy),Remodeling & Construction,United States,"6,489",$5.26  ~ $11.22 ,$1.10 ,$2.19 ,0.48%,N/A,N/A
Society (Legacy),Personal Finance,Canada,"2,418",$5.51  ~ $11.47 ,$2.95 ,$34.12 ,0.39%,N/A,N/A
Society (Legacy),Personal Finance,United States,"527,827",$9.06  ~ $9.50 ,$0.81 ,$1.33 ,1.18%,N/A,N/A
Society (Legacy),Insurance,United States,"17,643",$9.25  ~ $9.65 ,$0.57 ,$22.64 ,1.62%,N/A,N/A
Society (Legacy),Business Software,Canada,"4,047",$8.01  ~ $19.64 ,$2.41 ,$24.63 ,0.33%,N/A,N/A
Society (Legacy),Business Software,United States,"16,940",$10.48  ~ $25.06 ,$1.45 ,$2.87 ,0.72%,N/A,N/A
Society (Legacy),Biotech/Biomedical,United States,"61,153",$14.51  ~ $15.08 ,$0.41 ,$0.52 ,3.56%,N/A,N/A
Society (Legacy),Careers,United States,"44,602",$8.92  ~ $9.16 ,$0.57 ,$1.04 ,1.55%,N/A,N/A
Society (Legacy),Appliances,Canada,"1,673",$5.31  ~ $6.52 ,$7.00 ,N/A,0.08%,N/A,N/A
Society (Legacy),Appliances,United States,"3,939",$7.47  ~ $9.44 ,$2.13 ,N/A,0.35%,N/A,N/A
Society (Legacy),Arthritis,United States,"2,567",$3.00  ~ $7.45 ,$0.46 ,$0.96 ,0.65%,N/A,N/A
Society (Legacy),Pets,United States,"7,440",$2.63  ~ $18.29 ,$0.90 ,$0.86 ,2.03%,N/A,N/A
Society (Legacy),Pets,Canada,"2,585",$8.01  ~ $16.13 ,N/A,N/A,N/A,N/A,N/A
Society (Legacy),Buying/Selling Cars,United States,"7,512",$8.04  ~ $8.16 ,$0.74 ,$0.46 ,1.09%,N/A,N/A
Society (Legacy),Auto Parts,United States,198,$8.70  ~ $20.55 ,$2.11 ,$2.11 ,0.41%,N/A,N/A
Society (Legacy),Net Conferencing,Canada,1,$11.48  ~ $28.13 ,N/A,N/A,N/A,N/A,N/A
Society (Legacy),Net Conferencing,United States,117,$11.47  ~ $24.93 ,$7.20 ,N/A,0.16%,N/A,N/A
Society (Legacy),Cancer,Canada,"1,594",$5.37  ~ $5.37 ,$1.38 ,$22.05 ,0.39%,N/A,N/A
Society (Legacy),Education,Canada,"32,873",$2.35  ~ $8.15 ,$1.99 ,$8.80 ,0.12%,N/A,N/A
Society (Legacy),Education,United States,"339,829",$8.09  ~ $8.51 ,$0.40 ,$0.56 ,2.13%,N/A,N/A
Society (Legacy),Arts & Entertainment,Canada,"5,673",$6.72  ~ $15.83 ,$1.39 ,$12.33 ,0.48%,N/A,N/A
Society (Legacy),Arts & Entertainment,United States,"137,856",$7.67  ~ $8.83 ,$0.33 ,$0.43 ,2.31%,N/A,N/A
Society (Legacy),Theme Parks,United States,63,$19.24  ~ $41.07 ,$37.79 ,N/A,0.05%,N/A,N/A
Society (Legacy),Credit/Debt & Loans,United States,"35,294",$7.36  ~ $9.34 ,$0.38 ,$0.49 ,1.91%,N/A,N/A
Society (Legacy),Job Fairs,United States,192,$6.87  ~ $15.28 ,$0.11 ,$0.94 ,6.40%,N/A,N/A
Society (Legacy),Cold & Flu,United States,"24,683",$7.45  ~ $8.16 ,$1.78 ,$5.17 ,0.42%,N/A,N/A
Society (Legacy),Home & Garden,United States,"124,898",$7.01  ~ $7.91 ,$0.46 ,$0.79 ,1.52%,N/A,N/A
Society (Legacy),Home & Garden,Canada,"3,322",$3.50  ~ $19.93 ,$2.16 ,$10.80 ,0.16%,N/A,N/A
Society (Legacy),Travel,United States,"378,208",$5.48  ~ $7.82 ,$0.43 ,$0.66 ,1.26%,N/A,N/A
Society (Legacy),Travel,Canada,657,$8.00  ~ $8.44 ,$6.75 ,N/A,0.12%,N/A,N/A
Society (Legacy),Human Resources,United States,"9,392",$12.35  ~ $12.35 ,$0.77 ,$1.51 ,1.61%,N/A,N/A
Society (Legacy),Government,Canada,166,$7.92  ~ $18.30 ,$12.30 ,N/A,0.06%,N/A,N/A
Society (Legacy),Government,United States,494,$8.16  ~ $8.16 ,$0.67 ,N/A,1.21%,N/A,N/A
Society (Legacy),Dogs,United States,384,$14.14  ~ $14.14 ,$0.45 ,N/A,3.16%,N/A,N/A
Society (Legacy),Job Search,United States,"7,383",$14.05  ~ $16.09 ,$1.29 ,$4.65 ,1.09%,N/A,N/A
Society (Legacy),Pediatrics,United States,"6,207",$8.16  ~ $8.35 ,$0.63 ,N/A,1.32%,N/A,N/A
Society (Legacy),Green Solutions,United States,"2,120",$8.12  ~ $8.69 ,$6.05 ,N/A,0.14%,N/A,N/A
Society (Legacy),Large Animals,United States,"4,767",$8.16  ~ $8.69 ,$0.48 ,$0.91 ,1.81%,N/A,N/A
Society (Legacy),Food & Drink,United States,"46,548",$3.93  ~ $8.11 ,$0.50 ,$0.79 ,1.61%,N/A,N/A
Society (Legacy),Food & Drink,Canada,"3,118",$2.52  ~ $5.84 ,$2.76 ,N/A,0.09%,N/A,N/A
Society (Legacy),Hotels,Canada,333,$3.91  ~ $8.81 ,$1.53 ,N/A,0.25%,N/A,N/A
Society (Legacy),Hotels,United States,"2,988",$7.74  ~ $15.59 ,$5.25 ,$9.25 ,0.15%,N/A,N/A
Society (Legacy),Home Repair,United States,"28,770",$8.09  ~ $19.87 ,$0.42 ,$5.24 ,1.92%,N/A,N/A
Society (Legacy),Clothing,United States,"1,816",$7.55  ~ $7.55 ,$0.41 ,$0.62 ,1.85%,N/A,N/A
Society (Legacy),Shopping,United States,"928,580",$7.68  ~ $9.62 ,$0.33 ,$0.36 ,2.89%,N/A,N/A
Society (Legacy),Shopping,Canada,"8,095",$7.30  ~ $16.18 ,$3.25 ,N/A,0.22%,N/A,N/A
Society (Legacy),Business,Canada,"42,191",$5.64  ~ $6.84 ,$2.27 ,$12.73 ,0.25%,N/A,N/A
Society (Legacy),Business,United States,"1,154,025",$9.43  ~ $9.43 ,$0.50 ,$0.99 ,1.89%,N/A,N/A
Society (Legacy),News,Canada,"1,317",$10.74  ~ $23.81 ,$2.64 ,$17.09 ,0.41%,N/A,N/A
Society (Legacy),News,United States,"59,032",$10.41  ~ $11.67 ,$1.68 ,$3.28 ,0.69%,N/A,N/A
Society (Legacy),Family & Parenting,United States,"66,695",$7.48  ~ $8.66 ,$0.50 ,$0.54 ,1.49%,N/A,N/A
Society (Legacy),Family & Parenting,Canada,187,$3.90  ~ $3.92 ,$0.26 ,$0.26 ,1.52%,N/A,N/A
Society (Legacy),Career Planning,United States,"1,613",$3.19  ~ $7.20 ,$0.45 ,$0.55 ,0.71%,N/A,N/A
Society (Legacy),Marketing,United States,"9,136",$2.97  ~ $7.41 ,$1.29 ,$3.62 ,0.23%,N/A,N/A
Society (Legacy),Marketing,Canada,"2,679",$6.37  ~ $15.31 ,$2.35 ,$14.46 ,0.27%,N/A,N/A
Society (Legacy),Cigars,United States,"42,673",$10.75  ~ $11.18 ,$3.22 ,N/A,0.33%,N/A,N/A
Society (Legacy),Private School,United States,"2,153",$6.78  ~ $16.85 ,$2.63 ,$6.68 ,0.26%,N/A,N/A
Society (Legacy),Interior Decorating,United States,"27,246",$5.30  ~ $8.31 ,$0.93 ,$1.76 ,0.57%,N/A,N/A
Society (Legacy),Interior Decorating,Canada,121,$3.87  ~ $3.87 ,N/A,N/A,N/A,N/A,N/A
Society (Legacy),Adventure Travel,United States,"12,956",$4.20  ~ $9.91 ,$0.71 ,$1.39 ,0.59%,N/A,N/A
Society (Legacy),Cocktails/Beer,United States,417,$20.47  ~ $20.49 ,$3.46 ,$34.59 ,0.59%,N/A,N/A
Society (Legacy),Construction,United States,"13,128",$8.54  ~ $19.05 ,$0.78 ,$1.47 ,1.10%,N/A,N/A
Society (Legacy),Health & Fitness,Canada,"12,807",$4.15  ~ $4.85 ,$1.88 ,$5.97 ,0.26%,N/A,N/A
Society (Legacy),Health & Fitness,United States,"546,864",$6.35  ~ $7.94 ,$0.93 ,$1.45 ,0.85%,N/A,N/A
Society (Legacy),Graduate School,United States,"35,618",$8.22  ~ $8.30 ,$0.33 ,$0.56 ,2.51%,N/A,N/A
Society (Legacy),Graduate School,Canada,4,$6.28  ~ $15.22 ,$5.47 ,N/A,0.11%,N/A,N/A
Society (Legacy),Exercise,United States,75,$1.22  ~ $2.95 ,N/A,N/A,N/A,N/A,N/A
Society (Legacy),Automotive,Canada,"5,561",$4.33  ~ $7.78 ,$2.38 ,$29.36 ,0.18%,N/A,N/A
Society (Legacy),Automotive,United States,"136,910",$5.80  ~ $6.99 ,$0.64 ,$0.98 ,0.90%,N/A,N/A
Society (Legacy),Agriculture,United States,"1,343",$8.36  ~ $18.20 ,$1.05 ,$2.41 ,0.80%,N/A,N/A
Society (Legacy),Hobbies & Interests,United States,"115,886",$9.23  ~ $10.50 ,$1.16 ,$1.85 ,0.79%,N/A,N/A
Society (Legacy),Hobbies & Interests,Canada,287,$8.22  ~ $17.67 ,N/A,N/A,N/A,N/A,N/A
Society (Legacy),Senior Living,United States,"3,820",$6.60  ~ $8.15 ,$1.13 ,$4.90 ,0.58%,N/A,N/A
Society (Legacy),By US Locale,United States,6,$0.00  ~ $0.00 ,N/A,N/A,N/A,N/A,N/A
Society (Legacy),Agriculture,Canada,312,$0.00  ~ $0.00 ,N/A,N/A,N/A,N/A,N/A
Society (Legacy),Substance Abuse,United States,60,$0.00  ~ $0.00 ,N/A,N/A,N/A,N/A,N/A
Society (Legacy),Cuisine-Specific,United States,438,$0.00  ~ $0.00 ,N/A,N/A,N/A,N/A,N/A
Society (Legacy),Entertaining,United States,541,$0.00  ~ $0.00 ,N/A,N/A,N/A,N/A,N/A
Society (Legacy),Distance Learning,United States,75,$0.00  ~ $0.00 ,N/A,N/A,N/A,N/A,N/A
Society (Legacy),Music,United States,"3,522",$0.00  ~ $0.00 ,N/A,N/A,N/A,N/A,N/A
Society (Legacy),Comparison,United States,78,$0.00  ~ $0.00 ,N/A,N/A,N/A,N/A,N/A
Society (Legacy),Psychology/Psychiatry,United States,258,$0.00  ~ $0.00 ,N/A,N/A,N/A,N/A,N/A
Society (Legacy),Art/Technology,United States,570,$0.00  ~ $0.00 ,N/A,N/A,N/A,N/A,N/A
Society (Legacy),Pro Ice Hockey,Canada,17,$0.00  ~ $0.00 ,N/A,N/A,N/A,N/A,N/A
Society (Legacy),Buying/Selling Homes,United States,23,$0.00  ~ $0.00 ,N/A,N/A,N/A,N/A,N/A
Society (Legacy),U.S. Government Resources,United States,3,$0.00  ~ $0.00 ,N/A,N/A,N/A,N/A,N/A
Society (Legacy),Dental Care,United States,48,$0.00  ~ $0.00 ,N/A,N/A,N/A,N/A,N/A
Society (Legacy),Spas,United States,2,$0.00  ~ $0.00 ,N/A,N/A,N/A,N/A,N/A
Society (Legacy),Landscaping,United States,9,$0.00  ~ $0.00 ,N/A,N/A,N/A,N/A,N/A
Society (Legacy),College Life,Canada,3,$0.00  ~ $0.00 ,N/A,N/A,N/A,N/A,N/A
Society (Legacy),Investing,United States,42,$0.00  ~ $0.00 ,N/A,N/A,N/A,N/A,N/A
Society (Legacy),Catholicism,United States,268,$0.00  ~ $0.00 ,N/A,N/A,N/A,N/A,N/A
Society (Legacy),Careers,Canada,304,$0.00  ~ $0.00 ,N/A,N/A,N/A,N/A,N/A
Society (Legacy),Italian Cuisine,United States,41,$0.00  ~ $0.00 ,N/A,N/A,N/A,N/A,N/A
Society (Legacy),Logistics,United States,26,$0.00  ~ $0.00 ,N/A,N/A,N/A,N/A,N/A
Society (Legacy),Card Games,Canada,117,$0.00  ~ $0.00 ,N/A,N/A,N/A,N/A,N/A
Society (Legacy),Card Games,United States,516,$0.00  ~ $0.00 ,N/A,N/A,N/A,N/A,N/A
Society (Legacy),Teens,United States,52,$0.00  ~ $0.00 ,N/A,N/A,N/A,N/A,N/A
Society (Legacy),Legal Issues,United States,1,$0.00  ~ $0.00 ,N/A,N/A,N/A,N/A,N/A
Society (Legacy),Job Search,Canada,10,$0.00  ~ $0.00 ,N/A,N/A,N/A,N/A,N/A
Society (Legacy),Chronic Pain,United States,3,$0.00  ~ $0.00 ,N/A,N/A,N/A,N/A,N/A
Sports (Legacy),Credit/Debt & Loans,United States,"152,386",$5.55  ~ $8.62 ,$1.32 ,$5.04 ,0.42%,N/A,N/A
Sports (Legacy),Hotels,United States,"3,050",$5.44  ~ $12.17 ,$1.64 ,$7.23 ,0.33%,N/A,N/A
Sports (Legacy),Hotels,Canada,"1,088",$3.91  ~ $9.30 ,$1.75 ,N/A,0.22%,N/A,N/A
Sports (Legacy),Graduate School,United States,"113,546",$7.45  ~ $7.98 ,$2.00 ,$7.29 ,0.40%,N/A,N/A
Sports (Legacy),Graduate School,Canada,71,$6.28  ~ $15.27 ,$13.81 ,$33.14 ,0.05%,N/A,N/A
Sports (Legacy),Construction,United States,"24,432",$5.14  ~ $11.05 ,$2.34 ,$4.97 ,0.22%,N/A,N/A
Sports (Legacy),Clothing,United States,"12,612",$6.59  ~ $6.59 ,$1.13 ,$3.44 ,0.58%,N/A,N/A
Sports (Legacy),Cancer,Canada,"5,928",$5.39  ~ $5.39 ,$1.65 ,$11.40 ,0.33%,N/A,N/A
Sports (Legacy),"Law, Gov't & Politics",United States,"21,660",$11.34  ~ $16.53 ,$5.23 ,N/A,0.32%,N/A,N/A
Sports (Legacy),"Law, Gov't & Politics",Canada,179,$3.92  ~ $7.91 ,$1.57 ,N/A,0.25%,N/A,N/A
Sports (Legacy),Home & Garden,United States,"425,075",$5.90  ~ $7.74 ,$1.59 ,$5.86 ,0.37%,N/A,N/A
Sports (Legacy),Home & Garden,Canada,"9,578",$0.18  ~ $0.43 ,$1.55 ,N/A,0.01%,N/A,N/A
Sports (Legacy),Alternative Medicine,United States,"263,331",$10.32  ~ $10.81 ,$2.68 ,N/A,0.38%,N/A,N/A
Sports (Legacy),Arthritis,United States,"6,982",$2.41  ~ $5.59 ,$0.97 ,$21.44 ,0.25%,N/A,N/A
Sports (Legacy),Health & Fitness,United States,"2,068,962",$5.45  ~ $6.51 ,$2.40 ,$11.32 ,0.27%,N/A,N/A
Sports (Legacy),Health & Fitness,Canada,"35,928",$3.98  ~ $4.81 ,$1.85 ,$17.47 ,0.26%,N/A,N/A
Sports (Legacy),Marketing,United States,"55,553",$1.94  ~ $4.78 ,$1.78 ,$24.96 ,0.11%,N/A,N/A
Sports (Legacy),Marketing,Canada,"8,673",$6.43  ~ $14.67 ,$2.44 ,$36.67 ,0.26%,N/A,N/A
Sports (Legacy),Cocktails/Beer,United States,"1,682",$20.48  ~ $20.52 ,$3.77 ,$56.53 ,0.54%,N/A,N/A
Sports (Legacy),Appliances,United States,"9,748",$8.21  ~ $9.23 ,$7.93 ,N/A,0.10%,N/A,N/A
Sports (Legacy),Appliances,Canada,"6,649",$5.14  ~ $5.32 ,$5.62 ,N/A,0.09%,N/A,N/A
Sports (Legacy),Home Repair,United States,"53,315",$8.00  ~ $16.35 ,$2.10 ,$34.66 ,0.38%,N/A,N/A
Sports (Legacy),Career Planning,United States,"2,193",$1.89  ~ $4.55 ,$1.25 ,$8.78 ,0.15%,N/A,N/A
Sports (Legacy),Remodeling & Construction,United States,"19,853",$4.64  ~ $10.59 ,$3.28 ,N/A,0.14%,N/A,N/A
Sports (Legacy),Pediatrics,United States,"16,617",$7.77  ~ $8.15 ,$1.43 ,N/A,0.54%,N/A,N/A
Sports (Legacy),Interior Decorating,United States,"115,857",$5.24  ~ $12.00 ,$1.64 ,$9.09 ,0.32%,N/A,N/A
Sports (Legacy),Interior Decorating,Canada,436,$3.86  ~ $3.86 ,$3.08 ,N/A,0.13%,N/A,N/A
Sports (Legacy),Adventure Travel,United States,"58,297",$4.06  ~ $9.45 ,$2.74 ,$18.01 ,0.15%,N/A,N/A
Sports (Legacy),Job Fairs,United States,555,$7.50  ~ $17.97 ,$0.28 ,$1.69 ,2.71%,N/A,N/A
Sports (Legacy),Job Fairs,Canada,4,$5.39  ~ $13.45 ,$0.30 ,N/A,1.79%,N/A,N/A
Sports (Legacy),Dogs,United States,285,$12.68  ~ $12.68 ,$5.07 ,N/A,0.25%,N/A,N/A
Sports (Legacy),Large Animals,United States,"8,604",$8.16  ~ $9.09 ,$3.90 ,$15.61 ,0.23%,N/A,N/A
Sports (Legacy),Automotive,Canada,"17,519",$4.50  ~ $7.75 ,$2.82 ,$19.18 ,0.16%,N/A,N/A
Sports (Legacy),Automotive,United States,"335,322",$5.28  ~ $5.38 ,$2.74 ,$9.77 ,0.19%,N/A,N/A
Sports (Legacy),Travel,Canada,"3,083",$7.66  ~ $8.49 ,$3.08 ,$10.05 ,0.25%,N/A,N/A
Sports (Legacy),Travel,United States,"1,106,446",$5.30  ~ $7.16 ,$1.53 ,$8.29 ,0.35%,N/A,N/A
Sports (Legacy),Education,Canada,"54,120",$2.95  ~ $8.17 ,$1.68 ,$14.16 ,0.18%,N/A,N/A
Sports (Legacy),Education,United States,"821,018",$7.40  ~ $8.31 ,$1.87 ,$8.26 ,0.40%,N/A,N/A
Sports (Legacy),Cold & Flu,United States,"109,186",$7.90  ~ $8.16 ,$1.83 ,$15.92 ,0.43%,N/A,N/A
Sports (Legacy),Food & Drink,United States,"171,231",$3.88  ~ $6.57 ,$1.53 ,$4.43 ,0.43%,N/A,N/A
Sports (Legacy),Food & Drink,Canada,"6,413",$1.80  ~ $4.24 ,N/A,N/A,N/A,N/A,N/A
Sports (Legacy),Pets,United States,"11,009",$2.58  ~ $10.80 ,$2.30 ,$15.06 ,0.47%,N/A,N/A
Sports (Legacy),Pets,Canada,"3,579",$8.03  ~ $16.10 ,N/A,N/A,N/A,N/A,N/A
Sports (Legacy),Green Solutions,United States,"8,254",$8.09  ~ $8.09 ,$6.19 ,N/A,0.13%,N/A,N/A
Sports (Legacy),Net Conferencing,Canada,19,$11.49  ~ $28.28 ,N/A,N/A,N/A,N/A,N/A
Sports (Legacy),Net Conferencing,United States,54,$11.43  ~ $24.98 ,$3.35 ,N/A,0.34%,N/A,N/A
Sports (Legacy),News,Canada,"5,114",$7.58  ~ $10.20 ,$2.69 ,$14.89 ,0.38%,N/A,N/A
Sports (Legacy),News,United States,"273,714",$10.69  ~ $11.98 ,$3.58 ,$16.26 ,0.33%,N/A,N/A
Sports (Legacy),Insurance,United States,"43,947",$10.11  ~ $10.42 ,$2.34 ,$88.41 ,0.43%,N/A,N/A
Sports (Legacy),Biotech/Biomedical,United States,"90,550",$12.25  ~ $12.84 ,$2.54 ,$5.90 ,0.48%,N/A,N/A
Sports (Legacy),Government,United States,"1,673",$8.15  ~ $8.15 ,$0.76 ,N/A,1.07%,N/A,N/A
Sports (Legacy),Government,Canada,901,$7.91  ~ $16.57 ,$17.21 ,N/A,0.05%,N/A,N/A
Sports (Legacy),Buying/Selling Cars,United States,"21,713",$8.02  ~ $8.16 ,$3.97 ,$2.51 ,0.20%,N/A,N/A
Sports (Legacy),Investing,Canada,725,$24.82  ~ $24.82 ,$4.74 ,$42.65 ,0.52%,N/A,N/A
Sports (Legacy),Senior Living,United States,"20,056",$5.95  ~ $8.16 ,$2.67 ,$16.69 ,0.22%,N/A,N/A
Sports (Legacy),Theme Parks,United States,320,$19.20  ~ $43.65 ,$42.06 ,$168.22 ,0.05%,N/A,N/A
Sports (Legacy),Business,Canada,"140,237",$5.50  ~ $7.03 ,$2.49 ,$26.17 ,0.22%,N/A,N/A
Sports (Legacy),Business,United States,"2,824,459",$8.83  ~ $9.54 ,$2.03 ,$7.45 ,0.47%,N/A,N/A
Sports (Legacy),Agriculture,United States,"13,184",$8.33  ~ $17.74 ,$4.60 ,$20.72 ,0.18%,N/A,N/A
Sports (Legacy),Hobbies & Interests,United States,"276,098",$8.44  ~ $9.75 ,$2.80 ,$13.24 ,0.30%,N/A,N/A
Sports (Legacy),Hobbies & Interests,Canada,663,$8.27  ~ $20.63 ,N/A,N/A,N/A,N/A,N/A
Sports (Legacy),Careers,United States,"169,899",$6.95  ~ $9.85 ,$2.20 ,$7.91 ,0.32%,N/A,N/A
Sports (Legacy),Careers,Canada,"3,031",$0.00  ~ $0.00 ,N/A,N/A,N/A,N/A,N/A
Sports (Legacy),Personal Finance,Canada,"9,622",$6.22  ~ $10.44 ,$3.26 ,$15.99 ,0.32%,N/A,N/A
Sports (Legacy),Personal Finance,United States,"1,571,994",$8.40  ~ $8.73 ,$2.40 ,$11.33 ,0.35%,N/A,N/A
Sports (Legacy),Family & Parenting,United States,"95,190",$8.14  ~ $8.97 ,$2.81 ,$10.69 ,0.29%,N/A,N/A
Sports (Legacy),Family & Parenting,Canada,502,$3.88  ~ $3.90 ,N/A,N/A,N/A,N/A,N/A
Sports (Legacy),Private School,United States,"6,236",$6.77  ~ $14.18 ,$3.41 ,$9.26 ,0.20%,N/A,N/A
Sports (Legacy),Real Estate,Canada,608,$7.93  ~ $16.81 ,$0.63 ,N/A,1.26%,N/A,N/A
Sports (Legacy),Real Estate,United States,"260,536",$4.86  ~ $5.16 ,$1.66 ,$6.31 ,0.31%,N/A,N/A
Sports (Legacy),Exercise,United States,183,$1.28  ~ $2.75 ,N/A,N/A,N/A,N/A,N/A
Sports (Legacy),Business Software,Canada,"24,612",$7.94  ~ $16.83 ,$4.38 ,$49.23 ,0.18%,N/A,N/A
Sports (Legacy),Business Software,United States,"150,099",$8.85  ~ $19.31 ,$2.78 ,$13.28 ,0.32%,N/A,N/A
Sports (Legacy),Job Search,United States,"12,053",$16.40  ~ $18.26 ,$8.32 ,$68.12 ,0.20%,N/A,N/A
Sports (Legacy),Politics,United States,"48,849",$8.15  ~ $8.31 ,$2.13 ,N/A,0.39%,N/A,N/A
Sports (Legacy),Auto Parts,United States,411,$9.13  ~ $19.67 ,$2.27 ,$9.09 ,0.40%,N/A,N/A
Sports (Legacy),Cigars,United States,"263,331",$10.32  ~ $10.81 ,$2.68 ,N/A,0.38%,N/A,N/A
Sports (Legacy),Advertising,Canada,"105,338",$1.02  ~ $2.49 ,$0.44 ,$95.21 ,0.23%,N/A,N/A
Sports (Legacy),Advertising,United States,"1,419,148",$0.62  ~ $1.07 ,$0.40 ,$2.52 ,0.27%,N/A,N/A
Sports (Legacy),Human Resources,United States,"22,742",$12.64  ~ $12.64 ,$2.05 ,$9.57 ,0.62%,N/A,N/A
Sports (Legacy),Arts & Entertainment,Canada,"12,013",$6.72  ~ $13.94 ,$2.38 ,$26.55 ,0.28%,N/A,N/A
Sports (Legacy),Arts & Entertainment,United States,"236,941",$7.24  ~ $8.95 ,$1.75 ,$3.98 ,0.41%,N/A,N/A
Sports (Legacy),Shopping,United States,"1,554,863",$6.51  ~ $6.52 ,$1.57 ,$4.49 ,0.41%,N/A,N/A
Sports (Legacy),Shopping,Canada,"19,028",$7.69  ~ $17.27 ,$9.68 ,$26.62 ,0.08%,N/A,N/A
Sports (Legacy),Entertaining,United States,"1,129",$0.00  ~ $0.00 ,N/A,N/A,N/A,N/A,N/A
Sports (Legacy),Dental Care,United States,108,$0.00  ~ $0.00 ,N/A,N/A,N/A,N/A,N/A
Sports (Legacy),Spas,United States,1,$0.00  ~ $0.00 ,N/A,N/A,N/A,N/A,N/A
Sports (Legacy),Construction,Canada,9,$0.00  ~ $0.00 ,N/A,N/A,N/A,N/A,N/A
Sports (Legacy),Psychology/Psychiatry,United States,452,$0.00  ~ $0.00 ,N/A,N/A,N/A,N/A,N/A
Sports (Legacy),College Life,Canada,41,$0.00  ~ $0.00 ,N/A,N/A,N/A,N/A,N/A
Sports (Legacy),By US Locale,United States,81,$0.00  ~ $0.00 ,N/A,N/A,N/A,N/A,N/A
Sports (Legacy),Music,United States,"15,829",$0.00  ~ $0.00 ,N/A,N/A,N/A,N/A,N/A
Sports (Legacy),Insurance,Canada,30,$0.00  ~ $0.00 ,N/A,N/A,N/A,N/A,N/A
Sports (Legacy),Investing,United States,557,$0.00  ~ $0.00 ,N/A,N/A,N/A,N/A,N/A
Sports (Legacy),Cuisine-Specific,United States,714,$0.00  ~ $0.00 ,N/A,N/A,N/A,N/A,N/A
Sports (Legacy),Teens,United States,205,$0.00  ~ $0.00 ,N/A,N/A,N/A,N/A,N/A
Sports (Legacy),Job Search,Canada,52,$0.00  ~ $0.00 ,N/A,N/A,N/A,N/A,N/A
Sports (Legacy),Agriculture,Canada,"1,137",$0.00  ~ $0.00 ,N/A,N/A,N/A,N/A,N/A
Sports (Legacy),Legal Issues,United States,25,$0.00  ~ $0.00 ,N/A,N/A,N/A,N/A,N/A
Sports (Legacy),Distance Learning,United States,387,$0.00  ~ $0.00 ,N/A,N/A,N/A,N/A,N/A
Sports (Legacy),Pro Ice Hockey,Canada,78,$0.00  ~ $0.00 ,N/A,N/A,N/A,N/A,N/A
Sports (Legacy),Art/Technology,United States,"2,086",$0.00  ~ $0.00 ,N/A,N/A,N/A,N/A,N/A
Sports (Legacy),Comparison,United States,185,$0.00  ~ $0.00 ,N/A,N/A,N/A,N/A,N/A
Sports (Legacy),Landscaping,United States,43,$0.00  ~ $0.00 ,N/A,N/A,N/A,N/A,N/A
Sports (Legacy),Chronic Pain,United States,29,$0.00  ~ $0.00 ,N/A,N/A,N/A,N/A,N/A
Sports (Legacy),Catholicism,United States,560,$0.00  ~ $0.00 ,N/A,N/A,N/A,N/A,N/A
Sports (Legacy),Buying/Selling Homes,United States,337,$0.00  ~ $0.00 ,N/A,N/A,N/A,N/A,N/A
Sports (Legacy),Card Games,United States,"70,388",$0.00  ~ $0.00 ,N/A,N/A,N/A,N/A,N/A
Sports (Legacy),Card Games,Canada,"7,066",$0.00  ~ $0.00 ,N/A,N/A,N/A,N/A,N/A
Sports (Legacy),Italian Cuisine,United States,99,$0.00  ~ $0.00 ,N/A,N/A,N/A,N/A,N/A
Sports (Legacy),Logistics,United States,123,$0.00  ~ $0.00 ,N/A,N/A,N/A,N/A,N/A
Sports (Legacy),Substance Abuse,United States,522,$0.00  ~ $0.00 ,N/A,N/A,N/A,N/A,N/A
Style & Fashion (Legacy),Investing,Canada,144,$24.79  ~ $24.79 ,$7.73 ,$23.19 ,0.32%,N/A,N/A
Style & Fashion (Legacy),Cigars,United States,"37,365",$10.65  ~ $11.04 ,$3.35 ,N/A,0.32%,N/A,N/A
Style & Fashion (Legacy),Politics,United States,"12,299",$8.16  ~ $8.33 ,$1.10 ,N/A,0.76%,N/A,N/A
Style & Fashion (Legacy),Construction,United States,"9,370",$8.89  ~ $17.87 ,$0.61 ,$0.95 ,1.45%,N/A,N/A
Style & Fashion (Legacy),Buying/Selling Cars,United States,"7,279",$8.07  ~ $8.17 ,$0.82 ,$0.24 ,0.98%,N/A,N/A
Style & Fashion (Legacy),Adventure Travel,United States,"16,021",$4.46  ~ $10.16 ,$0.43 ,$0.83 ,1.03%,N/A,N/A
Style & Fashion (Legacy),Theme Parks,United States,38,$19.16  ~ $44.65 ,N/A,N/A,N/A,N/A,N/A
Style & Fashion (Legacy),Cold & Flu,United States,"26,234",$6.99  ~ $8.15 ,$2.67 ,$2.59 ,0.26%,N/A,N/A
Style & Fashion (Legacy),Interior Decorating,United States,"27,276",$5.79  ~ $8.79 ,$0.73 ,$1.16 ,0.79%,N/A,N/A
Style & Fashion (Legacy),Interior Decorating,Canada,162,$3.86  ~ $3.86 ,N/A,N/A,N/A,N/A,N/A
Style & Fashion (Legacy),Credit/Debt & Loans,United States,"39,744",$7.90  ~ $9.62 ,$0.27 ,$0.30 ,2.92%,N/A,N/A
Style & Fashion (Legacy),Private School,United States,"1,166",$6.78  ~ $16.27 ,$2.71 ,$9.78 ,0.25%,N/A,N/A
Style & Fashion (Legacy),Cancer,Canada,"1,265",$5.39  ~ $5.39 ,$1.60 ,$10.40 ,0.34%,N/A,N/A
Style & Fashion (Legacy),Automotive,Canada,"6,545",$4.65  ~ $7.65 ,$4.69 ,$19.54 ,0.10%,N/A,N/A
Style & Fashion (Legacy),Automotive,United States,"82,327",$6.23  ~ $6.61 ,$0.34 ,$0.47 ,1.86%,N/A,N/A
Style & Fashion (Legacy),Human Resources,United States,"6,118",$12.43  ~ $12.43 ,$0.51 ,$0.65 ,2.44%,N/A,N/A
Style & Fashion (Legacy),Pets,United States,"10,924",$2.64  ~ $22.36 ,$0.49 ,$0.28 ,4.59%,N/A,N/A
Style & Fashion (Legacy),Pets,Canada,"3,325",$7.88  ~ $18.47 ,N/A,N/A,N/A,N/A,N/A
Style & Fashion (Legacy),Job Fairs,United States,265,$6.63  ~ $15.79 ,$0.10 ,$0.42 ,6.92%,N/A,N/A
Style & Fashion (Legacy),Arthritis,United States,"1,603",$3.23  ~ $6.91 ,$0.49 ,$0.64 ,0.66%,N/A,N/A
Style & Fashion (Legacy),Hotels,United States,"5,337",$8.12  ~ $19.51 ,$5.63 ,$15.38 ,0.14%,N/A,N/A
Style & Fashion (Legacy),Hotels,Canada,674,$3.93  ~ $9.16 ,$2.33 ,N/A,0.17%,N/A,N/A
Style & Fashion (Legacy),Shopping,United States,"831,422",$7.91  ~ $8.04 ,$0.35 ,$0.41 ,2.32%,N/A,N/A
Style & Fashion (Legacy),Shopping,Canada,"11,126",$7.30  ~ $15.37 ,$5.93 ,N/A,0.12%,N/A,N/A
Style & Fashion (Legacy),Career Planning,United States,"1,024",$2.46  ~ $5.04 ,$2.48 ,$12.39 ,0.10%,N/A,N/A
Style & Fashion (Legacy),Graduate School,United States,"47,788",$8.21  ~ $9.43 ,$0.35 ,$0.62 ,2.33%,N/A,N/A
Style & Fashion (Legacy),Graduate School,Canada,19,$6.29  ~ $14.91 ,$6.00 ,$11.99 ,0.10%,N/A,N/A
Style & Fashion (Legacy),Careers,United States,"56,571",$8.33  ~ $8.72 ,$0.29 ,$0.46 ,2.83%,N/A,N/A
Style & Fashion (Legacy),News,Canada,"1,847",$8.20  ~ $10.19 ,$3.61 ,$8.09 ,0.28%,N/A,N/A
Style & Fashion (Legacy),News,United States,"48,799",$10.21  ~ $11.36 ,$2.04 ,$2.73 ,0.56%,N/A,N/A
Style & Fashion (Legacy),Large Animals,United States,"7,160",$8.17  ~ $8.35 ,$0.28 ,$0.38 ,3.00%,N/A,N/A
Style & Fashion (Legacy),Health & Fitness,Canada,"12,641",$4.55  ~ $5.77 ,$2.05 ,$4.09 ,0.28%,N/A,N/A
Style & Fashion (Legacy),Health & Fitness,United States,"512,701",$6.01  ~ $8.25 ,$0.63 ,$0.79 ,1.31%,N/A,N/A
Style & Fashion (Legacy),Cocktails/Beer,United States,305,$20.50  ~ $20.52 ,$6.27 ,$31.34 ,0.33%,N/A,N/A
Style & Fashion (Legacy),Business,Canada,"76,490",$5.51  ~ $7.13 ,$2.55 ,$8.44 ,0.22%,N/A,N/A
Style & Fashion (Legacy),Business,United States,"809,581",$9.03  ~ $9.32 ,$0.28 ,$0.57 ,3.32%,N/A,N/A
Style & Fashion (Legacy),Family & Parenting,United States,"79,507",$7.91  ~ $9.06 ,$0.45 ,$0.46 ,1.75%,N/A,N/A
Style & Fashion (Legacy),Family & Parenting,Canada,390,$3.86  ~ $3.90 ,N/A,N/A,N/A,N/A,N/A
Style & Fashion (Legacy),Exercise,United States,92,$1.25  ~ $3.08 ,N/A,N/A,N/A,N/A,N/A
Style & Fashion (Legacy),Agriculture,United States,"1,216",$8.35  ~ $19.27 ,$4.53 ,$8.44 ,0.18%,N/A,N/A
Style & Fashion (Legacy),Alternative Medicine,United States,"37,365",$10.65  ~ $11.04 ,$3.35 ,N/A,0.32%,N/A,N/A
Style & Fashion (Legacy),Appliances,Canada,"2,410",$6.45  ~ $7.93 ,N/A,N/A,N/A,N/A,N/A
Style & Fashion (Legacy),Appliances,United States,"1,211",$6.27  ~ $9.75 ,N/A,N/A,N/A,N/A,N/A
Style & Fashion (Legacy),Pediatrics,United States,"3,444",$8.16  ~ $8.25 ,$0.40 ,N/A,2.06%,N/A,N/A
Style & Fashion (Legacy),Hobbies & Interests,United States,"113,499",$9.92  ~ $11.42 ,$0.86 ,$1.11 ,1.15%,N/A,N/A
Style & Fashion (Legacy),Hobbies & Interests,Canada,589,$8.12  ~ $18.19 ,N/A,N/A,N/A,N/A,N/A
Style & Fashion (Legacy),Remodeling & Construction,United States,"6,354",$4.58  ~ $9.51 ,$0.64 ,$0.83 ,0.71%,N/A,N/A
Style & Fashion (Legacy),Travel,United States,"421,960",$5.88  ~ $7.61 ,$0.38 ,$0.48 ,1.54%,N/A,N/A
Style & Fashion (Legacy),Travel,Canada,989,$8.02  ~ $8.36 ,$4.31 ,N/A,0.19%,N/A,N/A
Style & Fashion (Legacy),Job Search,United States,"7,969",$13.40  ~ $15.08 ,$0.71 ,$2.66 ,1.90%,N/A,N/A
Style & Fashion (Legacy),Government,United States,456,$8.36  ~ $8.36 ,$1.10 ,N/A,0.76%,N/A,N/A
Style & Fashion (Legacy),Government,Canada,315,$7.92  ~ $17.12 ,$16.43 ,N/A,0.05%,N/A,N/A
Style & Fashion (Legacy),Education,Canada,"45,841",$2.49  ~ $8.15 ,$1.92 ,$26.00 ,0.13%,N/A,N/A
Style & Fashion (Legacy),Education,United States,"484,825",$7.93  ~ $8.28 ,$0.27 ,$0.36 ,3.10%,N/A,N/A
Style & Fashion (Legacy),Insurance,United States,"11,436",$9.05  ~ $9.61 ,$0.30 ,$50.83 ,3.05%,N/A,N/A
Style & Fashion (Legacy),Home Repair,United States,"17,054",$7.97  ~ $19.29 ,$0.23 ,$4.61 ,3.46%,N/A,N/A
Style & Fashion (Legacy),Net Conferencing,Canada,15,$11.64  ~ $27.98 ,N/A,N/A,N/A,N/A,N/A
Style & Fashion (Legacy),Net Conferencing,United States,70,$11.66  ~ $28.32 ,$5.50 ,N/A,0.21%,N/A,N/A
Style & Fashion (Legacy),Biotech/Biomedical,United States,"18,900",$14.90  ~ $15.85 ,$0.40 ,$0.53 ,3.73%,N/A,N/A
Style & Fashion (Legacy),Advertising,United States,"369,636",$0.63  ~ $6.51 ,$0.39 ,$1.36 ,1.67%,N/A,N/A
Style & Fashion (Legacy),Advertising,Canada,"25,648",$0.42  ~ $0.91 ,$0.43 ,$8.95 ,0.10%,N/A,N/A
Style & Fashion (Legacy),Clothing,United States,"1,462",$7.76  ~ $7.76 ,$0.20 ,$0.25 ,3.80%,N/A,N/A
Style & Fashion (Legacy),Senior Living,United States,"3,610",$6.58  ~ $8.16 ,$1.20 ,$2.15 ,0.55%,N/A,N/A
Style & Fashion (Legacy),Dogs,United States,531,$14.21  ~ $14.21 ,$0.51 ,N/A,2.78%,N/A,N/A
Style & Fashion (Legacy),Home & Garden,United States,"111,826",$6.61  ~ $7.81 ,$0.25 ,$0.32 ,2.61%,N/A,N/A
Style & Fashion (Legacy),Home & Garden,Canada,"3,934",$2.59  ~ $5.29 ,$1.86 ,$2.79 ,0.14%,N/A,N/A
Style & Fashion (Legacy),Personal Finance,United States,"445,813",$9.38  ~ $10.44 ,$0.59 ,$0.80 ,1.78%,N/A,N/A
Style & Fashion (Legacy),Personal Finance,Canada,"2,229",$5.31  ~ $14.14 ,$6.48 ,$16.17 ,0.22%,N/A,N/A
Style & Fashion (Legacy),Business Software,Canada,"4,143",$7.88  ~ $16.45 ,$1.95 ,$89.17 ,0.40%,N/A,N/A
Style & Fashion (Legacy),Business Software,United States,"17,429",$9.34  ~ $22.28 ,$0.99 ,$1.74 ,0.95%,N/A,N/A
Style & Fashion (Legacy),Arts & Entertainment,Canada,"7,677",$6.80  ~ $16.17 ,$1.98 ,$11.38 ,0.34%,N/A,N/A
Style & Fashion (Legacy),Arts & Entertainment,United States,"102,540",$7.88  ~ $9.11 ,$0.31 ,$0.40 ,2.57%,N/A,N/A
Style & Fashion (Legacy),Real Estate,Canada,408,$8.11  ~ $17.07 ,$5.29 ,N/A,0.15%,N/A,N/A
Style & Fashion (Legacy),Real Estate,United States,"92,039",$4.71  ~ $6.17 ,$0.31 ,$0.43 ,2.00%,N/A,N/A
Style & Fashion (Legacy),Food & Drink,United States,"41,497",$4.09  ~ $8.61 ,$0.36 ,$0.54 ,2.41%,N/A,N/A
Style & Fashion (Legacy),Food & Drink,Canada,"3,875",$2.79  ~ $6.06 ,N/A,N/A,N/A,N/A,N/A
Style & Fashion (Legacy),Marketing,United States,"8,637",$2.91  ~ $6.74 ,$0.73 ,$1.79 ,0.40%,N/A,N/A
Style & Fashion (Legacy),Marketing,Canada,"2,844",$6.37  ~ $14.14 ,$3.08 ,$52.30 ,0.21%,N/A,N/A
Style & Fashion (Legacy),Green Solutions,United States,"1,446",$8.07  ~ $8.11 ,$14.39 ,N/A,0.06%,N/A,N/A
Style & Fashion (Legacy),"Law, Gov't & Politics",United States,"2,076",$11.05  ~ $15.47 ,$2.68 ,N/A,0.58%,N/A,N/A
Style & Fashion (Legacy),"Law, Gov't & Politics",Canada,13,$3.92  ~ $8.31 ,N/A,N/A,N/A,N/A,N/A
Style & Fashion (Legacy),Auto Parts,United States,88,$8.68  ~ $19.84 ,$1.15 ,$1.15 ,0.75%,N/A,N/A
Style & Fashion (Legacy),Card Games,Canada,84,$0.00  ~ $0.00 ,N/A,N/A,N/A,N/A,N/A
Style & Fashion (Legacy),Card Games,United States,"1,310",$0.00  ~ $0.00 ,N/A,N/A,N/A,N/A,N/A
Style & Fashion (Legacy),Entertaining,United States,573,$0.00  ~ $0.00 ,N/A,N/A,N/A,N/A,N/A
Style & Fashion (Legacy),Landscaping,United States,8,$0.00  ~ $0.00 ,N/A,N/A,N/A,N/A,N/A
Style & Fashion (Legacy),Job Search,Canada,23,$0.00  ~ $0.00 ,N/A,N/A,N/A,N/A,N/A
Style & Fashion (Legacy),Teens,United States,29,$0.00  ~ $0.00 ,N/A,N/A,N/A,N/A,N/A
Style & Fashion (Legacy),Cuisine-Specific,United States,329,$0.00  ~ $0.00 ,N/A,N/A,N/A,N/A,N/A
Style & Fashion (Legacy),Music,United States,"5,908",$0.00  ~ $0.00 ,N/A,N/A,N/A,N/A,N/A
Style & Fashion (Legacy),Careers,Canada,347,$0.00  ~ $0.00 ,N/A,N/A,N/A,N/A,N/A
Style & Fashion (Legacy),Insurance,Canada,2,$0.00  ~ $0.00 ,N/A,N/A,N/A,N/A,N/A
Style & Fashion (Legacy),Pro Ice Hockey,Canada,19,$0.00  ~ $0.00 ,N/A,N/A,N/A,N/A,N/A
Style & Fashion (Legacy),Chronic Pain,United States,1,$0.00  ~ $0.00 ,N/A,N/A,N/A,N/A,N/A
Style & Fashion (Legacy),Spas,United States,2,$0.00  ~ $0.00 ,N/A,N/A,N/A,N/A,N/A
Style & Fashion (Legacy),Catholicism,United States,116,$0.00  ~ $0.00 ,N/A,N/A,N/A,N/A,N/A
Style & Fashion (Legacy),Comparison,United States,36,$0.00  ~ $0.00 ,N/A,N/A,N/A,N/A,N/A
Style & Fashion (Legacy),Dental Care,United States,51,$0.00  ~ $0.00 ,N/A,N/A,N/A,N/A,N/A
Style & Fashion (Legacy),Buying/Selling Homes,United States,27,$0.00  ~ $0.00 ,N/A,N/A,N/A,N/A,N/A
Style & Fashion (Legacy),Substance Abuse,United States,43,$0.00  ~ $0.00 ,N/A,N/A,N/A,N/A,N/A
Style & Fashion (Legacy),Legal Issues,United States,7,$0.00  ~ $0.00 ,N/A,N/A,N/A,N/A,N/A
Style & Fashion (Legacy),Psychology/Psychiatry,United States,73,$0.00  ~ $0.00 ,N/A,N/A,N/A,N/A,N/A
Style & Fashion (Legacy),Art/Technology,United States,491,$0.00  ~ $0.00 ,N/A,N/A,N/A,N/A,N/A
Style & Fashion (Legacy),Agriculture,Canada,414,$0.00  ~ $0.00 ,N/A,N/A,N/A,N/A,N/A
Style & Fashion (Legacy),Distance Learning,United States,21,$0.00  ~ $0.00 ,N/A,N/A,N/A,N/A,N/A
Style & Fashion (Legacy),By US Locale,United States,11,$0.00  ~ $0.00 ,N/A,N/A,N/A,N/A,N/A
Style & Fashion (Legacy),U.S. Government Resources,United States,2,$0.00  ~ $0.00 ,N/A,N/A,N/A,N/A,N/A
Style & Fashion (Legacy),Logistics,United States,19,$0.00  ~ $0.00 ,N/A,N/A,N/A,N/A,N/A
Style & Fashion (Legacy),Gardening,Canada,1,$0.00  ~ $0.00 ,N/A,N/A,N/A,N/A,N/A
Style & Fashion (Legacy),Investing,United States,19,$0.00  ~ $0.00 ,N/A,N/A,N/A,N/A,N/A
Technology & Computing (Legacy),Adventure Travel,United States,"24,691",$3.89  ~ $9.43 ,$1.85 ,$5.86 ,0.21%,N/A,N/A
Technology & Computing (Legacy),Cigars,United States,"59,699",$10.30  ~ $10.78 ,$3.46 ,N/A,0.30%,N/A,N/A
Technology & Computing (Legacy),Advertising,Canada,"68,633",$0.51  ~ $1.26 ,$0.45 ,$14.27 ,0.12%,N/A,N/A
Technology & Computing (Legacy),Advertising,United States,"518,922",$0.62  ~ $0.98 ,$0.42 ,$2.08 ,0.23%,N/A,N/A
Technology & Computing (Legacy),Cocktails/Beer,United States,731,$20.37  ~ $20.52 ,$6.09 ,$36.51 ,0.34%,N/A,N/A
Technology & Computing (Legacy),Exercise,United States,86,$1.28  ~ $2.61 ,N/A,N/A,N/A,N/A,N/A
Technology & Computing (Legacy),Real Estate,Canada,264,$8.03  ~ $18.73 ,N/A,N/A,N/A,N/A,N/A
Technology & Computing (Legacy),Real Estate,United States,"122,825",$3.55  ~ $4.64 ,$1.50 ,$3.42 ,0.31%,N/A,N/A
Technology & Computing (Legacy),Cold & Flu,United States,"41,999",$6.39  ~ $8.16 ,$3.08 ,$12.79 ,0.21%,N/A,N/A
Technology & Computing (Legacy),News,Canada,"2,101",$7.87  ~ $11.40 ,$3.51 ,$33.78 ,0.33%,N/A,N/A
Technology & Computing (Legacy),News,United States,"75,015",$10.53  ~ $12.03 ,$4.86 ,$21.51 ,0.25%,N/A,N/A
Technology & Computing (Legacy),Theme Parks,United States,86,$19.25  ~ $46.31 ,$32.03 ,N/A,0.06%,N/A,N/A
Technology & Computing (Legacy),Job Fairs,United States,154,$7.16  ~ $14.53 ,$0.21 ,$0.61 ,3.36%,N/A,N/A
Technology & Computing (Legacy),Appliances,Canada,"4,642",$5.32  ~ $7.36 ,$5.47 ,N/A,0.10%,N/A,N/A
Technology & Computing (Legacy),Appliances,United States,"8,603",$5.36  ~ $8.07 ,$5.24 ,N/A,0.10%,N/A,N/A
Technology & Computing (Legacy),Graduate School,United States,"42,854",$8.13  ~ $8.98 ,$1.60 ,$5.03 ,0.51%,N/A,N/A
Technology & Computing (Legacy),Graduate School,Canada,25,$6.25  ~ $14.16 ,$9.53 ,$22.23 ,0.07%,N/A,N/A
Technology & Computing (Legacy),Education,United States,"374,154",$7.62  ~ $8.54 ,$1.46 ,$2.97 ,0.52%,N/A,N/A
Technology & Computing (Legacy),Education,Canada,"88,999",$2.89  ~ $8.17 ,$2.13 ,$15.62 ,0.14%,N/A,N/A
Technology & Computing (Legacy),Agriculture,United States,"1,821",$8.29  ~ $18.27 ,$3.66 ,$8.34 ,0.23%,N/A,N/A
Technology & Computing (Legacy),Dogs,United States,117,$14.42  ~ $14.42 ,$0.60 ,N/A,2.40%,N/A,N/A
Technology & Computing (Legacy),Remodeling & Construction,United States,"11,934",$3.31  ~ $7.62 ,$3.22 ,$6.43 ,0.10%,N/A,N/A
Technology & Computing (Legacy),Automotive,United States,"110,103",$5.40  ~ $5.43 ,$1.62 ,$2.84 ,0.33%,N/A,N/A
Technology & Computing (Legacy),Automotive,Canada,"9,510",$4.55  ~ $7.78 ,$3.72 ,$18.60 ,0.12%,N/A,N/A
Technology & Computing (Legacy),Business,Canada,"85,511",$5.16  ~ $6.34 ,$3.23 ,$27.14 ,0.16%,N/A,N/A
Technology & Computing (Legacy),Business,United States,"1,349,736",$8.19  ~ $9.74 ,$1.66 ,$4.19 ,0.59%,N/A,N/A
Technology & Computing (Legacy),Food & Drink,United States,"44,429",$3.73  ~ $6.69 ,$1.17 ,$1.67 ,0.57%,N/A,N/A
Technology & Computing (Legacy),Food & Drink,Canada,"2,074",$2.33  ~ $4.82 ,$1.40 ,N/A,0.17%,N/A,N/A
Technology & Computing (Legacy),Politics,United States,"12,751",$8.15  ~ $8.25 ,$3.20 ,N/A,0.26%,N/A,N/A
Technology & Computing (Legacy),Travel,Canada,"1,204",$7.79  ~ $8.51 ,$6.69 ,N/A,0.12%,N/A,N/A
Technology & Computing (Legacy),Travel,United States,"364,068",$5.09  ~ $6.34 ,$1.60 ,$5.12 ,0.32%,N/A,N/A
Technology & Computing (Legacy),Personal Finance,Canada,"3,394",$5.76  ~ $11.92 ,$5.10 ,$62.20 ,0.23%,N/A,N/A
Technology & Computing (Legacy),Personal Finance,United States,"656,827",$8.15  ~ $8.65 ,$2.08 ,$4.96 ,0.39%,N/A,N/A
Technology & Computing (Legacy),Shopping,United States,"856,940",$6.14  ~ $6.74 ,$1.01 ,$1.28 ,0.61%,N/A,N/A
Technology & Computing (Legacy),Shopping,Canada,"13,339",$7.27  ~ $15.43 ,$6.73 ,N/A,0.11%,N/A,N/A
Technology & Computing (Legacy),Family & Parenting,United States,"48,128",$7.41  ~ $8.64 ,$2.90 ,$5.31 ,0.26%,N/A,N/A
Technology & Computing (Legacy),Family & Parenting,Canada,318,$3.91  ~ $3.91 ,N/A,N/A,N/A,N/A,N/A
Technology & Computing (Legacy),Auto Parts,United States,164,$9.18  ~ $20.47 ,$1.67 ,$1.67 ,0.55%,N/A,N/A
Technology & Computing (Legacy),Cancer,Canada,"2,329",$5.37  ~ $5.37 ,$3.04 ,N/A,0.18%,N/A,N/A
Technology & Computing (Legacy),Insurance,United States,"19,015",$10.38  ~ $10.97 ,$1.45 ,$157.41 ,0.72%,N/A,N/A
Technology & Computing (Legacy),Careers,United States,"32,724",$8.18  ~ $9.24 ,$1.87 ,$6.09 ,0.44%,N/A,N/A
Technology & Computing (Legacy),Careers,Canada,533,$0.00  ~ $0.00 ,N/A,N/A,N/A,N/A,N/A
Technology & Computing (Legacy),Hotels,Canada,565,$3.91  ~ $8.33 ,$3.75 ,N/A,0.10%,N/A,N/A
Technology & Computing (Legacy),Hotels,United States,"1,449",$5.08  ~ $12.57 ,$0.68 ,$1.83 ,0.75%,N/A,N/A
Technology & Computing (Legacy),Arts & Entertainment,Canada,"8,151",$6.73  ~ $15.80 ,$1.57 ,$22.75 ,0.43%,N/A,N/A
Technology & Computing (Legacy),Arts & Entertainment,United States,"92,881",$7.33  ~ $8.78 ,$0.89 ,$1.54 ,0.82%,N/A,N/A
Technology & Computing (Legacy),Job Search,United States,"7,194",$15.80  ~ $18.75 ,$5.17 ,$18.58 ,0.31%,N/A,N/A
Technology & Computing (Legacy),Health & Fitness,United States,"780,510",$5.40  ~ $6.03 ,$2.77 ,$5.78 ,0.22%,N/A,N/A
Technology & Computing (Legacy),Health & Fitness,Canada,"18,588",$3.89  ~ $4.97 ,$3.25 ,$16.71 ,0.15%,N/A,N/A
Technology & Computing (Legacy),Hobbies & Interests,United States,"111,676",$8.39  ~ $9.97 ,$2.86 ,$6.56 ,0.29%,N/A,N/A
Technology & Computing (Legacy),Hobbies & Interests,Canada,"3,015",$8.29  ~ $17.60 ,N/A,N/A,N/A,N/A,N/A
Technology & Computing (Legacy),Home Repair,United States,"20,341",$7.70  ~ $17.81 ,$0.96 ,$39.41 ,0.80%,N/A,N/A
Technology & Computing (Legacy),Buying/Selling Cars,United States,"7,724",$7.94  ~ $8.14 ,$4.46 ,$1.11 ,0.18%,N/A,N/A
Technology & Computing (Legacy),Interior Decorating,United States,"28,270",$4.64  ~ $8.90 ,$1.77 ,$4.73 ,0.26%,N/A,N/A
Technology & Computing (Legacy),Interior Decorating,Canada,158,$3.85  ~ $3.85 ,N/A,N/A,N/A,N/A,N/A
Technology & Computing (Legacy),Marketing,United States,"16,867",$2.22  ~ $5.49 ,$1.25 ,$3.74 ,0.18%,N/A,N/A
Technology & Computing (Legacy),Marketing,Canada,"3,678",$6.39  ~ $13.65 ,$3.95 ,$80.90 ,0.16%,N/A,N/A
Technology & Computing (Legacy),Home & Garden,United States,"152,577",$5.12  ~ $7.52 ,$1.05 ,$1.92 ,0.49%,N/A,N/A
Technology & Computing (Legacy),Home & Garden,Canada,"4,798",$1.08  ~ $2.68 ,$1.72 ,$3.45 ,0.06%,N/A,N/A
Technology & Computing (Legacy),Business Software,Canada,"8,302",$7.88  ~ $15.77 ,$3.35 ,$35.87 ,0.23%,N/A,N/A
Technology & Computing (Legacy),Business Software,United States,"97,090",$8.56  ~ $17.36 ,$1.86 ,$8.96 ,0.46%,N/A,N/A
Technology & Computing (Legacy),Career Planning,United States,"1,644",$2.02  ~ $4.88 ,$1.61 ,$8.04 ,0.13%,N/A,N/A
Technology & Computing (Legacy),"Law, Gov't & Politics",United States,"5,775",$11.23  ~ $16.33 ,$9.65 ,N/A,0.17%,N/A,N/A
Technology & Computing (Legacy),"Law, Gov't & Politics",Canada,84,$3.90  ~ $9.24 ,N/A,N/A,N/A,N/A,N/A
Technology & Computing (Legacy),Senior Living,United States,"6,764",$5.65  ~ $8.16 ,$5.97 ,$32.84 ,0.09%,N/A,N/A
Technology & Computing (Legacy),Green Solutions,United States,"2,446",$8.10  ~ $8.12 ,$8.42 ,N/A,0.10%,N/A,N/A
Technology & Computing (Legacy),Large Animals,United States,"3,256",$8.16  ~ $8.67 ,$1.53 ,$2.43 ,0.57%,N/A,N/A
Technology & Computing (Legacy),Construction,United States,"16,109",$4.91  ~ $11.89 ,$2.01 ,$3.07 ,0.24%,N/A,N/A
Technology & Computing (Legacy),Pediatrics,United States,"7,055",$6.73  ~ $8.14 ,$0.93 ,N/A,0.72%,N/A,N/A
Technology & Computing (Legacy),Biotech/Biomedical,United States,"30,286",$12.58  ~ $14.15 ,$1.02 ,$1.31 ,1.23%,N/A,N/A
Technology & Computing (Legacy),Investing,Canada,172,$24.75  ~ $24.75 ,$6.53 ,$71.78 ,0.38%,N/A,N/A
Technology & Computing (Legacy),Alternative Medicine,United States,"59,699",$10.30  ~ $10.78 ,$3.46 ,N/A,0.30%,N/A,N/A
Technology & Computing (Legacy),Credit/Debt & Loans,United States,"78,270",$5.07  ~ $8.68 ,$1.50 ,$4.12 ,0.34%,N/A,N/A
Technology & Computing (Legacy),Clothing,United States,"2,866",$6.71  ~ $6.71 ,$0.48 ,$0.72 ,1.39%,N/A,N/A
Technology & Computing (Legacy),Private School,United States,"3,530",$6.77  ~ $14.01 ,$3.33 ,$47.58 ,0.20%,N/A,N/A
Technology & Computing (Legacy),Human Resources,United States,"8,469",$12.43  ~ $12.43 ,$0.97 ,$1.29 ,1.29%,N/A,N/A
Technology & Computing (Legacy),Pets,United States,"9,343",$2.61  ~ $8.64 ,$5.05 ,N/A,0.17%,N/A,N/A
Technology & Computing (Legacy),Pets,Canada,"6,334",$7.93  ~ $18.49 ,N/A,N/A,N/A,N/A,N/A
Technology & Computing (Legacy),Arthritis,United States,"4,802",$2.07  ~ $4.52 ,$2.21 ,$5.51 ,0.09%,N/A,N/A
Technology & Computing (Legacy),Government,United States,260,$8.18  ~ $8.18 ,N/A,N/A,N/A,N/A,N/A
Technology & Computing (Legacy),Government,Canada,48,$7.91  ~ $19.04 ,N/A,N/A,N/A,N/A,N/A
Technology & Computing (Legacy),Buying/Selling Homes,United States,39,$0.00  ~ $0.00 ,N/A,N/A,N/A,N/A,N/A
Technology & Computing (Legacy),Net Conferencing,United States,"1,680",$11.65  ~ $23.76 ,$16.96 ,N/A,0.07%,N/A,N/A
Technology & Computing (Legacy),Net Conferencing,Canada,213,$11.67  ~ $27.79 ,$10.69 ,N/A,0.11%,N/A,N/A
Technology & Computing (Legacy),Job Search,Canada,7,$0.00  ~ $0.00 ,N/A,N/A,N/A,N/A,N/A
Technology & Computing (Legacy),Pro Ice Hockey,Canada,39,$0.00  ~ $0.00 ,N/A,N/A,N/A,N/A,N/A
Technology & Computing (Legacy),Card Games,United States,"2,287",$0.00  ~ $0.00 ,N/A,N/A,N/A,N/A,N/A
Technology & Computing (Legacy),Card Games,Canada,565,$0.00  ~ $0.00 ,N/A,N/A,N/A,N/A,N/A
Technology & Computing (Legacy),Entertaining,United States,479,$0.00  ~ $0.00 ,N/A,N/A,N/A,N/A,N/A
Technology & Computing (Legacy),Legal Issues,United States,3,$0.00  ~ $0.00 ,N/A,N/A,N/A,N/A,N/A
Technology & Computing (Legacy),Logistics,United States,146,$0.00  ~ $0.00 ,N/A,N/A,N/A,N/A,N/A
Technology & Computing (Legacy),Spas,United States,1,$0.00  ~ $0.00 ,N/A,N/A,N/A,N/A,N/A
Technology & Computing (Legacy),Gardening,Canada,1,$0.00  ~ $0.00 ,N/A,N/A,N/A,N/A,N/A
Technology & Computing (Legacy),Landscaping,United States,8,$0.00  ~ $0.00 ,N/A,N/A,N/A,N/A,N/A
Technology & Computing (Legacy),Italian Cuisine,United States,33,$0.00  ~ $0.00 ,N/A,N/A,N/A,N/A,N/A
Technology & Computing (Legacy),Distance Learning,United States,25,$0.00  ~ $0.00 ,N/A,N/A,N/A,N/A,N/A
Technology & Computing (Legacy),Cuisine-Specific,United States,339,$0.00  ~ $0.00 ,N/A,N/A,N/A,N/A,N/A
Technology & Computing (Legacy),Substance Abuse,United States,63,$0.00  ~ $0.00 ,N/A,N/A,N/A,N/A,N/A
Technology & Computing (Legacy),Construction,Canada,2,$0.00  ~ $0.00 ,N/A,N/A,N/A,N/A,N/A
Technology & Computing (Legacy),Investing,United States,99,$0.00  ~ $0.00 ,N/A,N/A,N/A,N/A,N/A
Technology & Computing (Legacy),Music,United States,"5,415",$0.00  ~ $0.00 ,N/A,N/A,N/A,N/A,N/A
Technology & Computing (Legacy),U.S. Government Resources,United States,4,$0.00  ~ $0.00 ,N/A,N/A,N/A,N/A,N/A
Technology & Computing (Legacy),By US Locale,United States,11,$0.00  ~ $0.00 ,N/A,N/A,N/A,N/A,N/A
Technology & Computing (Legacy),Dental Care,United States,96,$0.00  ~ $0.00 ,N/A,N/A,N/A,N/A,N/A
Technology & Computing (Legacy),Psychology/Psychiatry,United States,157,$0.00  ~ $0.00 ,N/A,N/A,N/A,N/A,N/A
Technology & Computing (Legacy),Comparison,United States,113,$0.00  ~ $0.00 ,N/A,N/A,N/A,N/A,N/A
Technology & Computing (Legacy),Art/Technology,United States,848,$0.00  ~ $0.00 ,N/A,N/A,N/A,N/A,N/A
Technology & Computing (Legacy),Agriculture,Canada,"1,870",$0.00  ~ $0.00 ,N/A,N/A,N/A,N/A,N/A
Technology & Computing (Legacy),Chronic Pain,United States,2,$0.00  ~ $0.00 ,N/A,N/A,N/A,N/A,N/A
Technology & Computing (Legacy),Catholicism,United States,221,$0.00  ~ $0.00 ,N/A,N/A,N/A,N/A,N/A
Technology & Computing (Legacy),Teens,United States,115,$0.00  ~ $0.00 ,N/A,N/A,N/A,N/A,N/A
Travel (Legacy),Education,Canada,"47,851",$3.97  ~ $8.16 ,$5.12 ,$47.49 ,0.08%,N/A,N/A
Travel (Legacy),Education,United States,"170,051",$8.36  ~ $8.85 ,$0.49 ,$0.71 ,1.69%,N/A,N/A
Travel (Legacy),Business Software,Canada,"1,974",$7.63  ~ $17.88 ,$4.42 ,$25.82 ,0.17%,N/A,N/A
Travel (Legacy),Business Software,United States,"13,174",$10.51  ~ $23.78 ,$1.94 ,$3.79 ,0.54%,N/A,N/A
Travel (Legacy),Investing,Canada,144,$24.72  ~ $24.72 ,$15.62 ,$98.91 ,0.16%,N/A,N/A
Travel (Legacy),Advertising,Canada,"27,407",$0.35  ~ $0.84 ,$0.46 ,N/A,0.07%,N/A,N/A
Travel (Legacy),Advertising,United States,"243,587",$0.63  ~ $3.30 ,$0.40 ,$1.09 ,0.84%,N/A,N/A
Travel (Legacy),Family & Parenting,United States,"33,526",$6.58  ~ $8.38 ,$0.83 ,$0.94 ,0.80%,N/A,N/A
Travel (Legacy),Family & Parenting,Canada,499,$3.87  ~ $3.89 ,N/A,N/A,N/A,N/A,N/A
Travel (Legacy),Alternative Medicine,United States,"29,682",$10.77  ~ $11.23 ,$3.31 ,N/A,0.33%,N/A,N/A
Travel (Legacy),Arthritis,United States,744,$3.23  ~ $6.81 ,$1.03 ,$1.81 ,0.31%,N/A,N/A
Travel (Legacy),Agriculture,United States,"1,295",$8.26  ~ $18.66 ,$5.04 ,$19.38 ,0.16%,N/A,N/A
Travel (Legacy),Insurance,United States,"6,334",$11.04  ~ $11.75 ,$1.05 ,$106.77 ,1.05%,N/A,N/A
Travel (Legacy),Hobbies & Interests,United States,"41,424",$9.49  ~ $10.86 ,$2.38 ,$3.81 ,0.40%,N/A,N/A
Travel (Legacy),Hobbies & Interests,Canada,501,$8.25  ~ $19.62 ,$0.42 ,N/A,1.96%,N/A,N/A
Travel (Legacy),Auto Parts,United States,55,$8.80  ~ $21.01 ,$2.95 ,$2.95 ,0.30%,N/A,N/A
Travel (Legacy),Exercise,United States,255,$1.27  ~ $2.95 ,N/A,N/A,N/A,N/A,N/A
Travel (Legacy),Real Estate,Canada,771,$8.07  ~ $19.11 ,$4.34 ,$1.21 ,0.19%,N/A,N/A
Travel (Legacy),Real Estate,United States,"53,134",$4.36  ~ $6.06 ,$0.67 ,$1.11 ,0.91%,N/A,N/A
Travel (Legacy),Shopping,United States,"354,527",$8.05  ~ $8.93 ,$0.43 ,$0.46 ,2.07%,N/A,N/A
Travel (Legacy),Shopping,Canada,"19,470",$7.28  ~ $17.25 ,$4.29 ,$14.31 ,0.17%,N/A,N/A
Travel (Legacy),Government,United States,152,$8.16  ~ $8.16 ,$0.74 ,N/A,1.10%,N/A,N/A
Travel (Legacy),Government,Canada,126,$7.90  ~ $16.19 ,$18.68 ,N/A,0.04%,N/A,N/A
Travel (Legacy),Pets,Canada,"3,021",$7.99  ~ $18.35 ,N/A,N/A,N/A,N/A,N/A
Travel (Legacy),Pets,United States,"4,979",$2.66  ~ $14.59 ,$0.93 ,$0.62 ,1.56%,N/A,N/A
Travel (Legacy),Buying/Selling Cars,United States,"5,739",$8.14  ~ $8.17 ,$2.96 ,$0.67 ,0.28%,N/A,N/A
Travel (Legacy),Politics,United States,"7,396",$8.15  ~ $8.33 ,$2.21 ,N/A,0.38%,N/A,N/A
Travel (Legacy),Green Solutions,United States,930,$8.00  ~ $8.12 ,$9.27 ,N/A,0.09%,N/A,N/A
Travel (Legacy),Appliances,Canada,"1,329",$6.25  ~ $6.48 ,N/A,N/A,N/A,N/A,N/A
Travel (Legacy),Appliances,United States,"6,889",$8.46  ~ $9.96 ,$1.55 ,N/A,0.54%,N/A,N/A
Travel (Legacy),Construction,United States,"3,751",$8.11  ~ $17.00 ,$0.83 ,$1.47 ,0.98%,N/A,N/A
Travel (Legacy),Cocktails/Beer,United States,229,$20.52  ~ $20.53 ,$8.73 ,N/A,0.24%,N/A,N/A
Travel (Legacy),Marketing,United States,"4,985",$3.29  ~ $7.14 ,$2.36 ,$8.26 ,0.14%,N/A,N/A
Travel (Legacy),Marketing,Canada,"3,237",$6.42  ~ $15.42 ,$5.90 ,$30.48 ,0.11%,N/A,N/A
Travel (Legacy),Adventure Travel,United States,"11,270",$4.34  ~ $9.77 ,$0.92 ,$2.27 ,0.47%,N/A,N/A
Travel (Legacy),Career Planning,United States,"1,489",$2.99  ~ $6.13 ,$0.65 ,$0.90 ,0.46%,N/A,N/A
Travel (Legacy),Credit/Debt & Loans,United States,"15,998",$7.21  ~ $9.59 ,$0.45 ,$0.51 ,1.62%,N/A,N/A
Travel (Legacy),Dogs,United States,123,$14.59  ~ $14.59 ,$0.52 ,N/A,2.83%,N/A,N/A
Travel (Legacy),Business,Canada,"50,766",$5.80  ~ $8.72 ,$3.39 ,$19.58 ,0.17%,N/A,N/A
Travel (Legacy),Business,United States,"413,410",$9.69  ~ $10.25 ,$0.59 ,$1.35 ,1.73%,N/A,N/A
Travel (Legacy),Health & Fitness,Canada,"23,322",$4.67  ~ $6.36 ,$4.13 ,$23.07 ,0.15%,N/A,N/A
Travel (Legacy),Health & Fitness,United States,"300,116",$5.48  ~ $6.92 ,$1.38 ,$2.30 ,0.50%,N/A,N/A
Travel (Legacy),Biotech/Biomedical,United States,"21,872",$13.39  ~ $14.75 ,$0.47 ,$0.57 ,2.87%,N/A,N/A
Travel (Legacy),Careers,United States,"18,230",$8.85  ~ $9.68 ,$0.67 ,$1.05 ,1.32%,N/A,N/A
Travel (Legacy),Graduate School,United States,"18,639",$8.22  ~ $9.34 ,$0.35 ,$0.57 ,2.35%,N/A,N/A
Travel (Legacy),Graduate School,Canada,6,$6.28  ~ $13.66 ,N/A,N/A,N/A,N/A,N/A
Travel (Legacy),Net Conferencing,United States,38,$11.65  ~ $27.57 ,N/A,N/A,N/A,N/A,N/A
Travel (Legacy),Net Conferencing,Canada,8,$11.37  ~ $24.95 ,N/A,N/A,N/A,N/A,N/A
Travel (Legacy),Interior Decorating,United States,"16,203",$5.61  ~ $7.82 ,$1.61 ,$3.09 ,0.35%,N/A,N/A
Travel (Legacy),Interior Decorating,Canada,106,$3.87  ~ $3.87 ,$1.15 ,N/A,0.34%,N/A,N/A
Travel (Legacy),Clothing,United States,"1,538",$7.33  ~ $7.33 ,$0.39 ,$0.70 ,1.87%,N/A,N/A
Travel (Legacy),Senior Living,United States,"2,354",$7.72  ~ $8.15 ,$2.14 ,$10.71 ,0.36%,N/A,N/A
Travel (Legacy),Private School,United States,916,$6.78  ~ $16.50 ,$6.68 ,$23.73 ,0.10%,N/A,N/A
Travel (Legacy),Cold & Flu,United States,"14,510",$8.01  ~ $8.16 ,$1.70 ,$9.94 ,0.47%,N/A,N/A
Travel (Legacy),Arts & Entertainment,Canada,"28,459",$4.42  ~ $10.83 ,$4.47 ,$30.47 ,0.10%,N/A,N/A
Travel (Legacy),Arts & Entertainment,United States,"90,121",$7.45  ~ $8.74 ,$0.43 ,$0.52 ,1.75%,N/A,N/A
Travel (Legacy),Home & Garden,Canada,"4,955",$3.11  ~ $7.60 ,$1.77 ,$8.84 ,0.18%,N/A,N/A
Travel (Legacy),Home & Garden,United States,"66,786",$6.56  ~ $7.71 ,$0.55 ,$0.84 ,1.19%,N/A,N/A
Travel (Legacy),Travel,United States,"216,450",$7.70  ~ $9.45 ,$1.29 ,$1.25 ,0.60%,N/A,N/A
Travel (Legacy),Travel,Canada,"1,306",$8.15  ~ $8.36 ,$8.00 ,$8.74 ,0.10%,N/A,N/A
Travel (Legacy),Theme Parks,United States,30,$19.29  ~ $46.46 ,$18.06 ,N/A,0.11%,N/A,N/A
Travel (Legacy),Home Repair,United States,"5,830",$7.95  ~ $16.95 ,$0.52 ,$8.30 ,1.52%,N/A,N/A
Travel (Legacy),Hotels,United States,"5,864",$8.09  ~ $17.16 ,$6.41 ,$30.35 ,0.13%,N/A,N/A
Travel (Legacy),Hotels,Canada,415,$3.94  ~ $9.78 ,$3.97 ,N/A,0.10%,N/A,N/A
Travel (Legacy),Personal Finance,Canada,"3,120",$5.20  ~ $18.12 ,$11.05 ,$13.91 ,0.16%,N/A,N/A
Travel (Legacy),Personal Finance,United States,"343,891",$8.81  ~ $9.04 ,$1.13 ,$1.97 ,0.80%,N/A,N/A
Travel (Legacy),Job Search,United States,"4,352",$12.78  ~ $15.54 ,$2.73 ,$10.58 ,0.47%,N/A,N/A
Travel (Legacy),Food & Drink,United States,"27,329",$4.40  ~ $7.42 ,$0.66 ,$0.91 ,1.13%,N/A,N/A
Travel (Legacy),Food & Drink,Canada,"1,035",$2.33  ~ $4.84 ,N/A,N/A,N/A,N/A,N/A
Travel (Legacy),Remodeling & Construction,United States,"3,877",$4.66  ~ $10.54 ,$3.03 ,$4.54 ,0.15%,N/A,N/A
Travel (Legacy),News,United States,"30,539",$10.38  ~ $11.68 ,$3.52 ,$6.43 ,0.33%,N/A,N/A
Travel (Legacy),News,Canada,"1,396",$8.09  ~ $9.33 ,$3.40 ,$47.18 ,0.27%,N/A,N/A
Travel (Legacy),Large Animals,United States,"1,523",$8.16  ~ $8.62 ,$1.00 ,$2.06 ,0.86%,N/A,N/A
Travel (Legacy),"Law, Gov't & Politics",United States,"1,998",$11.47  ~ $16.39 ,$4.02 ,N/A,0.41%,N/A,N/A
Travel (Legacy),"Law, Gov't & Politics",Canada,142,$3.88  ~ $8.99 ,N/A,N/A,N/A,N/A,N/A
Travel (Legacy),Cigars,United States,"29,682",$10.77  ~ $11.23 ,$3.31 ,N/A,0.33%,N/A,N/A
Travel (Legacy),Automotive,Canada,"8,029",$4.56  ~ $7.65 ,$4.23 ,$22.94 ,0.11%,N/A,N/A
Travel (Legacy),Automotive,United States,"57,225",$5.51  ~ $5.77 ,$0.97 ,$1.51 ,0.57%,N/A,N/A
Travel (Legacy),Human Resources,United States,"5,163",$12.44  ~ $12.44 ,$0.59 ,$0.83 ,2.10%,N/A,N/A
Travel (Legacy),Pediatrics,United States,"2,326",$8.12  ~ $8.15 ,$0.71 ,N/A,1.15%,N/A,N/A
Travel (Legacy),Job Fairs,United States,92,$6.81  ~ $15.75 ,$0.09 ,$0.75 ,7.29%,N/A,N/A
Travel (Legacy),Cancer,Canada,"2,025",$5.39  ~ $5.39 ,$1.76 ,$35.19 ,0.31%,N/A,N/A
Travel (Legacy),Comparison,United States,24,$0.00  ~ $0.00 ,N/A,N/A,N/A,N/A,N/A
Travel (Legacy),Psychology/Psychiatry,United States,104,$0.00  ~ $0.00 ,N/A,N/A,N/A,N/A,N/A
Travel (Legacy),College Life,Canada,9,$0.00  ~ $0.00 ,N/A,N/A,N/A,N/A,N/A
Travel (Legacy),Catholicism,United States,236,$0.00  ~ $0.00 ,N/A,N/A,N/A,N/A,N/A
Travel (Legacy),Entertaining,United States,193,$0.00  ~ $0.00 ,N/A,N/A,N/A,N/A,N/A
Travel (Legacy),By US Locale,United States,1,$0.00  ~ $0.00 ,N/A,N/A,N/A,N/A,N/A
Travel (Legacy),Cuisine-Specific,United States,384,$0.00  ~ $0.00 ,N/A,N/A,N/A,N/A,N/A
Travel (Legacy),Distance Learning,United States,18,$0.00  ~ $0.00 ,N/A,N/A,N/A,N/A,N/A
Travel (Legacy),Legal Issues,United States,1,$0.00  ~ $0.00 ,N/A,N/A,N/A,N/A,N/A
Travel (Legacy),Substance Abuse,United States,61,$0.00  ~ $0.00 ,N/A,N/A,N/A,N/A,N/A
Travel (Legacy),Music,United States,"5,908",$0.00  ~ $0.00 ,N/A,N/A,N/A,N/A,N/A
Travel (Legacy),Teens,United States,26,$0.00  ~ $0.00 ,N/A,N/A,N/A,N/A,N/A
Travel (Legacy),Chronic Pain,United States,3,$0.00  ~ $0.00 ,N/A,N/A,N/A,N/A,N/A
Travel (Legacy),Gardening,Canada,7,$0.00  ~ $0.00 ,N/A,N/A,N/A,N/A,N/A
Travel (Legacy),Buying/Selling Homes,United States,39,$0.00  ~ $0.00 ,N/A,N/A,N/A,N/A,N/A
Travel (Legacy),Pro Ice Hockey,Canada,40,$0.00  ~ $0.00 ,N/A,N/A,N/A,N/A,N/A
Travel (Legacy),Investing,United States,15,$0.00  ~ $0.00 ,N/A,N/A,N/A,N/A,N/A
Travel (Legacy),Landscaping,United States,12,$0.00  ~ $0.00 ,N/A,N/A,N/A,N/A,N/A
Travel (Legacy),Careers,Canada,286,$0.00  ~ $0.00 ,N/A,N/A,N/A,N/A,N/A
Travel (Legacy),Agriculture,Canada,671,$0.00  ~ $0.00 ,N/A,N/A,N/A,N/A,N/A
Travel (Legacy),Card Games,Canada,106,$0.00  ~ $0.00 ,N/A,N/A,N/A,N/A,N/A
Travel (Legacy),Card Games,United States,577,$0.00  ~ $0.00 ,N/A,N/A,N/A,N/A,N/A
Travel (Legacy),Art/Technology,United States,336,$0.00  ~ $0.00 ,N/A,N/A,N/A,N/A,N/A
Travel (Legacy),Italian Cuisine,United States,3,$0.00  ~ $0.00 ,N/A,N/A,N/A,N/A,N/A
Travel (Legacy),Dental Care,United States,44,$0.00  ~ $0.00 ,N/A,N/A,N/A,N/A,N/A
Travel (Legacy),U.S. Government Resources,United States,28,$0.00  ~ $0.00 ,N/A,N/A,N/A,N/A,N/A
Travel (Legacy),Logistics,United States,16,$0.00  ~ $0.00 ,N/A,N/A,N/A,N/A,N/A
Travel (Legacy),Job Search,Canada,20,$0.00  ~ $0.00 ,N/A,N/A,N/A,N/A,N/A