Category,Brand Category,Country,Impressions,eCPM,eCPC,eCPE,CTR,Video Completion Rate,Audio Completion Rate
Arts & Entertainment (Legacy),Music,United States,"2,308",$14.04  ~ $14.06 ,$35.44 ,N/A,0.04%,78.22%,N/A
Arts & Entertainment (Legacy),Biotech/Biomedical,United States,"40,203",$25.07  ~ $25.20 ,$62.30 ,N/A,0.04%,74.74%,N/A
Arts & Entertainment (Legacy),Video & Computer Games,United States,"3,681",$19.53  ~ $19.53 ,$31.43 ,N/A,0.06%,74.19%,N/A
Arts & Entertainment (Legacy),Career Planning,United States,"1,649",$17.90  ~ $19.53 ,$92.25 ,N/A,0.02%,72.33%,N/A
Arts & Entertainment (Legacy),Weight Loss,United States,"1,942",$12.12  ~ $16.43 ,$59.47 ,N/A,0.03%,78.19%,N/A
Arts & Entertainment (Legacy),Fine Art,Canada,9,$18.64  ~ $23.90 ,$18.38 ,N/A,0.10%,64.43%,N/A
Arts & Entertainment (Legacy),Fine Art,United States,15,$7.55  ~ $16.20 ,$96.03 ,N/A,0.01%,91.60%,N/A
Arts & Entertainment (Legacy),Internet Technology,Canada,101,$17.93  ~ $39.34 ,$11.33 ,N/A,0.16%,74.55%,N/A
Arts & Entertainment (Legacy),Internet Technology,United States,407,$8.28  ~ $9.15 ,N/A,N/A,N/A,72.34%,N/A
Arts & Entertainment (Legacy),Shopping,United States,"22,405",$15.34  ~ $15.35 ,$40.05 ,N/A,0.04%,83.45%,N/A
Arts & Entertainment (Legacy),Shopping,Canada,1,$8.93  ~ $19.07 ,N/A,N/A,N/A,50.00%,N/A
Arts & Entertainment (Legacy),Nutrition,Canada,840,$5.10  ~ $5.10 ,$7.01 ,N/A,0.07%,82.18%,N/A
Arts & Entertainment (Legacy),Arts & Crafts,United States,"2,323",$16.10  ~ $16.10 ,$70.55 ,N/A,0.02%,87.50%,N/A
Arts & Entertainment (Legacy),Infertility,United States,3,$14.17  ~ $30.43 ,N/A,N/A,N/A,71.58%,N/A
Arts & Entertainment (Legacy),Desserts & Baking,United States,"1,032",$10.70  ~ $10.70 ,$23.15 ,N/A,0.05%,77.82%,N/A
Arts & Entertainment (Legacy),Investors & Patents,Canada,63,$13.42  ~ $31.57 ,N/A,N/A,N/A,94.62%,N/A
Arts & Entertainment (Legacy),Investors & Patents,United States,"6,253",$18.36  ~ $18.45 ,$498.95 ,N/A,0.00%,78.28%,N/A
Arts & Entertainment (Legacy),Human Resources,United States,"5,629",$21.66  ~ $22.06 ,$34.15 ,N/A,0.06%,66.71%,N/A
Arts & Entertainment (Legacy),Human Resources,Canada,"3,460",$13.11  ~ $14.11 ,$21.81 ,N/A,0.06%,79.28%,N/A
Arts & Entertainment (Legacy),"Law, Gov't & Politics",United States,544,$27.57  ~ $35.59 ,$38.34 ,N/A,0.07%,68.37%,N/A
Arts & Entertainment (Legacy),Dogs,United States,"1,725",$16.56  ~ $21.61 ,$109.37 ,N/A,0.02%,86.36%,N/A
Arts & Entertainment (Legacy),Dogs,Canada,673,$11.60  ~ $28.03 ,$26.35 ,N/A,0.04%,84.19%,N/A
Arts & Entertainment (Legacy),By US Locale,United States,10,$21.88  ~ $52.63 ,N/A,N/A,N/A,88.27%,N/A
Arts & Entertainment (Legacy),Job Search,United States,"3,986",$13.27  ~ $13.47 ,$168.44 ,N/A,0.01%,83.61%,N/A
Arts & Entertainment (Legacy),Arts & Entertainment,Canada,17,$9.37  ~ $23.12 ,$11.86 ,N/A,0.08%,84.41%,N/A
Arts & Entertainment (Legacy),Arts & Entertainment,United States,"1,348",$14.69  ~ $14.89 ,$48.38 ,N/A,0.03%,84.65%,N/A
Arts & Entertainment (Legacy),Home Repair,Canada,"5,613",$8.33  ~ $8.49 ,$6.62 ,N/A,0.13%,79.31%,N/A
Arts & Entertainment (Legacy),Home Repair,United States,"3,623",$13.04  ~ $17.29 ,$77.89 ,N/A,0.02%,76.72%,N/A
Arts & Entertainment (Legacy),Books & Literature,United States,3,$17.83  ~ $36.68 ,N/A,N/A,N/A,92.66%,N/A
Arts & Entertainment (Legacy),Cigars,United States,157,$13.66  ~ $14.49 ,$60.83 ,N/A,0.02%,78.70%,N/A
Arts & Entertainment (Legacy),Clothing,United States,"4,355",$8.91  ~ $15.36 ,$50.10 ,N/A,0.03%,64.09%,N/A
Arts & Entertainment (Legacy),Clothing,Canada,208,$17.03  ~ $21.94 ,$39.95 ,N/A,0.04%,80.05%,N/A
Arts & Entertainment (Legacy),Veterinary Medicine,United States,349,$18.42  ~ $18.91 ,$142.93 ,N/A,0.01%,83.89%,N/A
Arts & Entertainment (Legacy),Apartments,Canada,32,$15.82  ~ $15.82 ,$13.88 ,N/A,0.11%,77.67%,N/A
Arts & Entertainment (Legacy),Apartments,United States,107,$13.95  ~ $17.66 ,N/A,N/A,N/A,87.25%,N/A
Arts & Entertainment (Legacy),Business,United States,"18,460",$12.72  ~ $16.72 ,$54.31 ,N/A,0.02%,71.04%,N/A
Arts & Entertainment (Legacy),Business,Canada,"5,955",$3.08  ~ $3.32 ,$5.08 ,N/A,0.06%,83.24%,N/A
Arts & Entertainment (Legacy),Martial Arts,United States,46,$14.22  ~ $14.22 ,$37.00 ,N/A,0.04%,62.85%,N/A
Arts & Entertainment (Legacy),Dental Care,United States,76,$5.94  ~ $12.54 ,$15.61 ,N/A,0.04%,45.89%,N/A
Arts & Entertainment (Legacy),Buying/Selling Cars,Canada,152,$19.11  ~ $19.98 ,$28.05 ,N/A,0.07%,76.42%,N/A
Arts & Entertainment (Legacy),Buying/Selling Cars,United States,"15,974",$23.43  ~ $23.77 ,$78.56 ,N/A,0.03%,82.56%,N/A
Arts & Entertainment (Legacy),Advertising,Canada,"2,181",$6.79  ~ $14.93 ,$12.71 ,N/A,0.12%,78.54%,N/A
Arts & Entertainment (Legacy),Advertising,United States,"12,073",$15.21  ~ $15.54 ,$21.84 ,N/A,0.07%,67.37%,N/A
Arts & Entertainment (Legacy),Exercise,United States,293,$13.84  ~ $20.19 ,"$1,008.25 ",N/A,0.00%,88.18%,N/A
Arts & Entertainment (Legacy),Incest/Abuse Support,United States,"9,840",$14.93  ~ $19.81 ,$28.76 ,N/A,0.05%,75.98%,N/A
Arts & Entertainment (Legacy),Theme Parks,United States,820,$24.18  ~ $24.18 ,$390.53 ,N/A,0.01%,83.05%,N/A
Arts & Entertainment (Legacy),Radio,United States,49,$5.31  ~ $5.31 ,N/A,N/A,N/A,86.81%,N/A
Arts & Entertainment (Legacy),Legal Issues,Canada,"4,927",$16.20  ~ $16.96 ,$9.12 ,N/A,0.18%,82.18%,N/A
Arts & Entertainment (Legacy),Legal Issues,United States,"64,856",$15.39  ~ $15.88 ,$37.44 ,N/A,0.04%,75.44%,N/A
Arts & Entertainment (Legacy),Technology & Computing,United States,490,$29.65  ~ $36.76 ,$110.87 ,N/A,0.03%,50.77%,N/A
Arts & Entertainment (Legacy),Agriculture,United States,772,$13.81  ~ $13.86 ,$243.23 ,N/A,0.01%,87.14%,N/A
Arts & Entertainment (Legacy),Agriculture,Canada,87,$15.68  ~ $18.76 ,$16.57 ,N/A,0.11%,86.43%,N/A
Arts & Entertainment (Legacy),Careers,United States,"3,653",$24.11  ~ $24.73 ,$193.29 ,N/A,0.01%,85.95%,N/A
Arts & Entertainment (Legacy),Careers,Canada,2,$11.75  ~ $11.75 ,N/A,N/A,N/A,79.36%,N/A
Arts & Entertainment (Legacy),Senor Health,United States,422,$9.86  ~ $10.47 ,$24.75 ,N/A,0.04%,63.87%,N/A
Arts & Entertainment (Legacy),Hobbies & Interests,United States,"2,659",$13.80  ~ $16.01 ,$66.63 ,N/A,0.02%,82.12%,N/A
Arts & Entertainment (Legacy),Card Games,Canada,"1,000",$14.44  ~ $16.73 ,$7.61 ,N/A,0.22%,78.07%,N/A
Arts & Entertainment (Legacy),Card Games,United States,"33,397",$17.62  ~ $18.02 ,$81.71 ,N/A,0.02%,80.83%,N/A
Arts & Entertainment (Legacy),Honeymoons/Getaways,United States,"24,740",$13.18  ~ $16.76 ,$37.32 ,N/A,0.04%,79.38%,N/A
Arts & Entertainment (Legacy),Psychology/Psychiatry,United States,"13,065",$19.42  ~ $20.73 ,$34.81 ,N/A,0.06%,65.47%,N/A
Arts & Entertainment (Legacy),Appliances,United States,318,$14.71  ~ $15.28 ,N/A,N/A,N/A,87.12%,N/A
Arts & Entertainment (Legacy),Accessories,United States,156,$19.38  ~ $25.02 ,$96.03 ,N/A,0.03%,76.89%,N/A
Arts & Entertainment (Legacy),Real Estate,United States,"2,345",$15.16  ~ $15.64 ,$31.44 ,N/A,0.05%,67.00%,N/A
Arts & Entertainment (Legacy),Real Estate,Canada,85,$18.14  ~ $44.54 ,$14.80 ,N/A,0.12%,76.12%,N/A
Arts & Entertainment (Legacy),Logistics,Canada,"1,706",$4.32  ~ $6.61 ,$10.72 ,N/A,0.06%,80.58%,N/A
Arts & Entertainment (Legacy),Logistics,United States,"1,192",$17.33  ~ $19.74 ,$27.66 ,N/A,0.07%,76.77%,N/A
Arts & Entertainment (Legacy),Auto Parts,United States,182,$6.49  ~ $6.51 ,$82.46 ,N/A,0.01%,88.43%,N/A
Arts & Entertainment (Legacy),Home & Garden,United States,"114,216",$5.79  ~ $5.98 ,$32.01 ,N/A,0.02%,78.30%,N/A
Arts & Entertainment (Legacy),Pets,United States,"2,598",$19.47  ~ $44.63 ,$51.27 ,N/A,0.04%,84.15%,N/A
Arts & Entertainment (Legacy),Computer Peripherals,Canada,6,$26.03  ~ $26.76 ,$18.56 ,N/A,0.14%,86.08%,N/A
Arts & Entertainment (Legacy),Computer Peripherals,United States,734,$27.26  ~ $27.61 ,$138.51 ,N/A,0.02%,63.39%,N/A
Arts & Entertainment (Legacy),Health & Fitness,Canada,"2,196",$18.31  ~ $19.32 ,$7.20 ,N/A,0.25%,73.35%,N/A
Arts & Entertainment (Legacy),Health & Fitness,United States,"33,865",$15.13  ~ $16.13 ,$41.33 ,N/A,0.04%,77.84%,N/A
Arts & Entertainment (Legacy),Cocktails/Beer,United States,322,$7.95  ~ $10.55 ,$19.60 ,N/A,0.05%,71.64%,N/A
Arts & Entertainment (Legacy),Network Security,United States,29,$13.09  ~ $13.09 ,$23.16 ,N/A,0.06%,67.33%,N/A
Arts & Entertainment (Legacy),Off-Road Vehicles,United States,40,$18.73  ~ $18.73 ,N/A,N/A,N/A,79.77%,N/A
Arts & Entertainment (Legacy),Off-Road Vehicles,Canada,828,$12.14  ~ $12.14 ,$19.89 ,N/A,0.06%,83.29%,N/A
Arts & Entertainment (Legacy),Interior Decorating,United States,"7,073",$14.35  ~ $16.02 ,$7.92 ,N/A,0.18%,75.40%,N/A
Arts & Entertainment (Legacy),Interior Decorating,Canada,106,$11.29  ~ $13.17 ,$12.46 ,N/A,0.09%,84.83%,N/A
Arts & Entertainment (Legacy),Automotive,United States,"13,876",$17.66  ~ $19.24 ,$39.47 ,N/A,0.04%,86.68%,N/A
Arts & Entertainment (Legacy),Automotive,Canada,"1,226",$20.20  ~ $20.20 ,$17.41 ,N/A,0.12%,74.20%,N/A
Arts & Entertainment (Legacy),Travel,Canada,33,$15.37  ~ $15.49 ,$20.05 ,N/A,0.08%,85.48%,N/A
Arts & Entertainment (Legacy),Travel,United States,"25,296",$14.22  ~ $14.43 ,$92.98 ,N/A,0.02%,84.03%,N/A
Arts & Entertainment (Legacy),Government,United States,41,$29.63  ~ $29.63 ,$107.78 ,N/A,0.03%,75.19%,N/A
Arts & Entertainment (Legacy),Food & Drink,United States,"1,927",$18.82  ~ $19.31 ,$139.04 ,N/A,0.01%,80.89%,N/A
Arts & Entertainment (Legacy),Food & Drink,Canada,"1,128",$7.78  ~ $18.55 ,$10.95 ,N/A,0.07%,81.79%,N/A
Arts & Entertainment (Legacy),Distance Learning,United States,6,$16.29  ~ $34.88 ,$170.62 ,N/A,0.01%,55.83%,N/A
Arts & Entertainment (Legacy),Cancer,United States,"2,571",$13.57  ~ $15.69 ,$39.37 ,N/A,0.04%,71.35%,N/A
Arts & Entertainment (Legacy),Pediatrics,United States,658,$18.49  ~ $19.13 ,$43.62 ,N/A,0.04%,65.71%,N/A
Arts & Entertainment (Legacy),Auto Repair,United States,859,$12.48  ~ $12.48 ,$6.90 ,N/A,0.18%,76.04%,N/A
Arts & Entertainment (Legacy),College,United States,"1,874",$12.46  ~ $14.83 ,$38.32 ,N/A,0.03%,82.80%,N/A
Arts & Entertainment (Legacy),Alternative Medicine,United States,"3,084",$15.71  ~ $18.97 ,$36.52 ,N/A,0.05%,52.23%,N/A
Arts & Entertainment (Legacy),Birdwatching,United States,171,$18.45  ~ $18.45 ,$56.49 ,N/A,0.03%,92.73%,N/A
Arts & Entertainment (Legacy),Personal Finance,United States,"31,402",$14.99  ~ $15.33 ,$5.25 ,N/A,0.29%,68.20%,N/A
Arts & Entertainment (Legacy),Personal Finance,Canada,113,$19.10  ~ $46.94 ,$7.37 ,N/A,0.26%,81.18%,N/A
Arts & Entertainment (Legacy),Graduate School,United States,"21,655",$16.95  ~ $17.28 ,$34.10 ,N/A,0.05%,77.34%,N/A
Arts & Entertainment (Legacy),Family & Parenting,United States,"1,859",$12.49  ~ $13.51 ,$31.22 ,N/A,0.04%,77.68%,N/A
Arts & Entertainment (Legacy),Air Travel,United States,47,$19.48  ~ $20.22 ,$64.76 ,N/A,0.03%,54.45%,N/A
Arts & Entertainment (Legacy),Credit/Debt & Loans,United States,"1,288",$20.10  ~ $20.67 ,$58.86 ,N/A,0.03%,78.68%,N/A
Arts & Entertainment (Legacy),Credit/Debt & Loans,Canada,177,$7.43  ~ $7.43 ,$4.90 ,N/A,0.15%,90.02%,N/A
Arts & Entertainment (Legacy),Catholicism,United States,111,$22.05  ~ $54.52 ,N/A,N/A,N/A,71.93%,N/A
Arts & Entertainment (Legacy),Gardening,United States,"88,195",$5.02  ~ $5.06 ,$64.07 ,N/A,0.01%,86.51%,N/A
Arts & Entertainment (Legacy),Gardening,Canada,12,$15.21  ~ $15.21 ,N/A,N/A,N/A,94.15%,N/A
Arts & Entertainment (Legacy),Sexuality,United States,57,$11.01  ~ $25.30 ,N/A,N/A,N/A,85.52%,N/A
Arts & Entertainment (Legacy),Politics,United States,"260,854",$16.40  ~ $16.64 ,$34.65 ,N/A,0.05%,54.84%,N/A
Arts & Entertainment (Legacy),Metals,Canada,277,$14.42  ~ $14.72 ,$37.51 ,N/A,0.04%,79.33%,N/A
Arts & Entertainment (Legacy),Metals,United States,"4,970",$13.97  ~ $18.46 ,$35.08 ,N/A,0.05%,73.15%,N/A
Arts & Entertainment (Legacy),Cold & Flu,United States,"2,286",$10.84  ~ $11.29 ,$23.87 ,N/A,0.05%,67.44%,N/A
Arts & Entertainment (Legacy),Health/Lowfat Cooking,United States,"3,807",$18.07  ~ $18.09 ,$52.29 ,N/A,0.03%,70.08%,N/A
Arts & Entertainment (Legacy),Contests & Freebies,United States,"1,113",$19.69  ~ $19.69 ,$145.28 ,N/A,0.01%,87.90%,N/A
Arts & Entertainment (Legacy),Computer Networking,United States,112,$12.41  ~ $27.70 ,$395.31 ,N/A,0.00%,95.33%,N/A
Arts & Entertainment (Legacy),Hunting/Shooting,United States,183,$16.73  ~ $16.73 ,N/A,N/A,N/A,90.50%,N/A
Arts & Entertainment (Legacy),Hotels,United States,"2,763",$14.27  ~ $16.31 ,$121.69 ,N/A,0.01%,75.68%,N/A
Arts & Entertainment (Legacy),Hotels,Canada,5,$35.13  ~ $87.09 ,N/A,N/A,N/A,92.11%,N/A
Arts & Entertainment (Legacy),Couponing,United States,204,$10.65  ~ $19.77 ,$21.12 ,N/A,0.09%,81.08%,N/A
Arts & Entertainment (Legacy),Pro Basketball,United States,381,$17.61  ~ $17.61 ,$9.39 ,N/A,0.19%,66.04%,N/A
Arts & Entertainment (Legacy),Mutual Funds,United States,"112,765",$13.83  ~ $15.29 ,$5.82 ,N/A,0.26%,60.93%,N/A
Arts & Entertainment (Legacy),Senior Living,United States,"3,704",$3.41  ~ $3.77 ,$22.56 ,N/A,0.02%,68.65%,N/A
Arts & Entertainment (Legacy),Green Solutions,United States,"8,303",$28.24  ~ $28.36 ,$160.11 ,N/A,0.02%,59.13%,N/A
Arts & Entertainment (Legacy),Green Solutions,Canada,31,$18.57  ~ $18.57 ,N/A,N/A,N/A,75.37%,N/A
Arts & Entertainment (Legacy),K-6 Educators,United States,139,$17.00  ~ $19.38 ,$47.28 ,N/A,0.04%,63.49%,N/A
Arts & Entertainment (Legacy),Coffee/Tea,United States,"11,110",$13.05  ~ $13.05 ,$148.23 ,N/A,0.01%,61.77%,N/A
Arts & Entertainment (Legacy),Dining Out,United States,"5,990",$13.59  ~ $14.51 ,$50.62 ,N/A,0.03%,81.22%,N/A
Arts & Entertainment (Legacy),Environmental Safety,United States,206,$13.23  ~ $13.23 ,$40.99 ,N/A,0.03%,72.69%,N/A
Arts & Entertainment (Legacy),Adult Education,United States,923,$10.95  ~ $11.94 ,$60.98 ,N/A,0.02%,66.32%,N/A
Arts & Entertainment (Legacy),Construction,United States,52,$18.13  ~ $18.63 ,$67.14 ,N/A,0.03%,71.99%,N/A
Arts & Entertainment (Legacy),Physical Therapy,Canada,6,$18.64  ~ $18.64 ,N/A,N/A,N/A,79.20%,N/A
Arts & Entertainment (Legacy),Physical Therapy,United States,36,$18.57  ~ $18.57 ,N/A,N/A,N/A,76.60%,N/A
Arts & Entertainment (Legacy),Football,United States,219,$6.81  ~ $6.81 ,$43.00 ,N/A,0.02%,59.95%,N/A
Arts & Entertainment (Legacy),Marketing,United States,62,$19.00  ~ $19.00 ,N/A,N/A,N/A,50.46%,N/A
Arts & Entertainment (Legacy),Remodeling & Construction,United States,"3,082",$16.78  ~ $17.34 ,$170.00 ,N/A,0.01%,84.73%,N/A
Arts & Entertainment (Legacy),Education,Canada,37,$3.50  ~ $8.10 ,N/A,N/A,N/A,83.74%,N/A
Arts & Entertainment (Legacy),Education,United States,"5,463",$11.75  ~ $12.61 ,$89.39 ,N/A,0.01%,79.27%,N/A
Arts & Entertainment (Legacy),Investing,Canada,10,$17.11  ~ $17.11 ,N/A,N/A,N/A,78.83%,N/A
Arts & Entertainment (Legacy),Investing,United States,372,$9.08  ~ $18.59 ,$73.12 ,N/A,0.01%,67.15%,N/A
Arts & Entertainment (Legacy),Weddings,United States,11,$15.62  ~ $34.47 ,$20.55 ,N/A,0.08%,92.10%,N/A
Arts & Entertainment (Legacy),Buying/Selling Homes,United States,"4,356",$18.55  ~ $20.40 ,$3.51 ,N/A,0.53%,72.73%,N/A
Arts & Entertainment (Legacy),Landscaping,United States,125,$34.04  ~ $34.04 ,$36.55 ,N/A,0.09%,53.90%,N/A
Arts & Entertainment (Legacy),News,Canada,603,$18.44  ~ $40.78 ,$43.80 ,N/A,0.04%,80.46%,N/A
Arts & Entertainment (Legacy),News,United States,"7,552",$16.62  ~ $18.47 ,$27.83 ,N/A,0.07%,76.64%,N/A
Arts & Entertainment (Legacy),Canada,Canada,160,$12.17  ~ $12.17 ,$5.91 ,N/A,0.21%,79.61%,N/A
Arts & Entertainment (Legacy),Business Software,Canada,142,$9.95  ~ $13.27 ,$52.75 ,N/A,0.02%,78.48%,N/A
Arts & Entertainment (Legacy),Business Software,United States,"20,041",$18.72  ~ $18.84 ,$104.83 ,N/A,0.02%,77.74%,N/A
Arts & Entertainment (Legacy),Retirement Planning,United States,980,$16.38  ~ $20.13 ,$139.81 ,N/A,0.01%,87.19%,N/A
Arts & Entertainment (Legacy),Commentary,United States,49,$17.78  ~ $17.78 ,$178.01 ,N/A,0.01%,82.37%,N/A
Arts & Entertainment (Legacy),Insurance,United States,"16,606",$28.25  ~ $30.53 ,$46.38 ,N/A,0.06%,57.26%,N/A
Arts & Entertainment (Legacy),Cruises,United States,"15,910",$3.91  ~ $16.96 ,$73.45 ,N/A,0.01%,83.53%,N/A
Arts & Entertainment (Legacy),Cruises,Canada,15,$12.52  ~ $14.19 ,$5.09 ,N/A,0.28%,72.01%,N/A
Arts & Entertainment (Legacy),Adventure Travel,United States,1,$28.86  ~ $62.36 ,N/A,N/A,N/A,76.67%,N/A
Arts & Entertainment (Legacy),Bed & Breakfasts,United States,6,$18.69  ~ $18.69 ,N/A,N/A,N/A,60.55%,N/A
Arts & Entertainment (Legacy),Art/Technology,United States,5,$0.00  ~ $0.00 ,N/A,N/A,N/A,N/A,N/A
Arts & Entertainment (Legacy),Local News,United States,1,$0.00  ~ $0.00 ,N/A,N/A,N/A,N/A,N/A
Arts & Entertainment (Legacy),Cameras & Camcorders,United States,7,$0.00  ~ $0.00 ,N/A,N/A,N/A,N/A,N/A
Arts & Entertainment (Legacy),Jewelry,United States,3,$0.00  ~ $0.00 ,N/A,N/A,N/A,N/A,N/A
Automotive (Legacy),Logistics,Canada,47,$3.66  ~ $6.79 ,$30.41 ,N/A,0.02%,84.03%,N/A
Automotive (Legacy),Logistics,United States,62,$14.59  ~ $18.21 ,$37.15 ,N/A,0.05%,79.55%,N/A
Automotive (Legacy),Gardening,United States,"1,759",$6.35  ~ $6.40 ,$32.58 ,N/A,0.02%,83.28%,N/A
Automotive (Legacy),Gardening,Canada,2,$18.93  ~ $18.93 ,N/A,N/A,N/A,78.14%,N/A
Automotive (Legacy),Home Repair,United States,78,$10.95  ~ $18.48 ,$31.74 ,N/A,0.03%,87.10%,N/A
Automotive (Legacy),Home Repair,Canada,15,$8.85  ~ $9.06 ,$17.04 ,N/A,0.05%,77.18%,N/A
Automotive (Legacy),Nutrition,Canada,33,$6.58  ~ $6.58 ,$9.55 ,N/A,0.07%,79.11%,N/A
Automotive (Legacy),Couponing,United States,3,$10.28  ~ $20.26 ,$52.71 ,N/A,0.04%,79.74%,N/A
Automotive (Legacy),Politics,United States,"4,304",$19.07  ~ $19.36 ,$29.36 ,N/A,0.07%,71.43%,N/A
Automotive (Legacy),Senior Living,United States,50,$4.73  ~ $5.27 ,$14.81 ,N/A,0.04%,80.05%,N/A
Automotive (Legacy),Football,United States,19,$9.50  ~ $9.50 ,$58.55 ,N/A,0.02%,68.28%,N/A
Automotive (Legacy),Family & Parenting,United States,142,$12.95  ~ $14.39 ,$26.80 ,N/A,0.05%,85.02%,N/A
Automotive (Legacy),Agriculture,United States,30,$12.93  ~ $12.97 ,N/A,N/A,N/A,90.14%,N/A
Automotive (Legacy),Shopping,United States,"1,222",$13.50  ~ $13.55 ,$53.05 ,N/A,0.03%,85.80%,N/A
Automotive (Legacy),Video & Computer Games,United States,66,$19.44  ~ $19.44 ,$20.36 ,N/A,0.10%,77.71%,N/A
Automotive (Legacy),College,United States,48,$12.34  ~ $13.86 ,$69.92 ,N/A,0.02%,84.95%,N/A
Automotive (Legacy),Dental Care,United States,1,$7.05  ~ $12.78 ,N/A,N/A,N/A,61.83%,N/A
Automotive (Legacy),Green Solutions,United States,69,$22.73  ~ $23.34 ,$97.20 ,N/A,0.02%,70.33%,N/A
Automotive (Legacy),Careers,United States,11,$22.64  ~ $23.33 ,$883.52 ,N/A,0.00%,91.09%,N/A
Automotive (Legacy),Automotive,United States,"5,086",$12.94  ~ $17.49 ,$21.44 ,N/A,0.06%,76.26%,N/A
Automotive (Legacy),Automotive,Canada,12,$20.42  ~ $20.42 ,$12.42 ,N/A,0.16%,68.11%,N/A
Automotive (Legacy),Bed & Breakfasts,United States,807,$18.30  ~ $18.30 ,$111.81 ,N/A,0.02%,85.66%,N/A
Automotive (Legacy),Investing,United States,8,$18.99  ~ $19.29 ,N/A,N/A,N/A,45.58%,N/A
Automotive (Legacy),Real Estate,United States,147,$15.54  ~ $16.53 ,$39.11 ,N/A,0.04%,63.31%,N/A
Automotive (Legacy),Accessories,United States,1,$17.85  ~ $23.45 ,$24.90 ,N/A,0.09%,79.42%,N/A
Automotive (Legacy),Computer Peripherals,United States,4,$27.97  ~ $28.60 ,$35.27 ,N/A,0.08%,75.78%,N/A
Automotive (Legacy),Mutual Funds,United States,772,$13.94  ~ $15.42 ,$22.63 ,N/A,0.07%,43.31%,N/A
Automotive (Legacy),Metals,United States,277,$12.87  ~ $16.04 ,$84.44 ,N/A,0.02%,79.61%,N/A
Automotive (Legacy),Metals,Canada,1,$11.76  ~ $13.94 ,N/A,N/A,N/A,79.61%,N/A
Automotive (Legacy),Food & Drink,United States,278,$16.02  ~ $17.14 ,$138.53 ,N/A,0.01%,90.14%,N/A
Automotive (Legacy),Food & Drink,Canada,19,$7.79  ~ $17.79 ,$29.02 ,N/A,0.03%,86.13%,N/A
Automotive (Legacy),Dining Out,United States,201,$13.73  ~ $15.00 ,$158.15 ,N/A,0.01%,84.80%,N/A
Automotive (Legacy),Arts & Crafts,United States,25,$17.96  ~ $17.96 ,$79.59 ,N/A,0.02%,86.22%,N/A
Automotive (Legacy),Career Planning,United States,74,$17.18  ~ $17.72 ,N/A,N/A,N/A,79.13%,N/A
Automotive (Legacy),Honeymoons/Getaways,United States,149,$14.63  ~ $19.14 ,$47.82 ,N/A,0.04%,76.13%,N/A
Automotive (Legacy),Travel,United States,216,$17.66  ~ $17.71 ,$63.87 ,N/A,0.03%,78.63%,N/A
Automotive (Legacy),Interior Decorating,United States,379,$9.70  ~ $13.85 ,$13.06 ,N/A,0.07%,69.77%,N/A
Automotive (Legacy),Interior Decorating,Canada,12,$11.04  ~ $13.47 ,$35.67 ,N/A,0.03%,84.23%,N/A
Automotive (Legacy),Education,United States,247,$10.33  ~ $12.09 ,$78.70 ,N/A,0.02%,84.20%,N/A
Automotive (Legacy),Incest/Abuse Support,United States,314,$13.62  ~ $17.15 ,$26.05 ,N/A,0.05%,81.21%,N/A
Automotive (Legacy),Psychology/Psychiatry,United States,366,$18.66  ~ $18.91 ,$31.34 ,N/A,0.06%,74.48%,N/A
Automotive (Legacy),Retirement Planning,United States,33,$14.45  ~ $15.77 ,$92.93 ,N/A,0.02%,92.28%,N/A
Automotive (Legacy),Desserts & Baking,United States,3,$10.64  ~ $10.64 ,$11.25 ,N/A,0.09%,78.72%,N/A
Automotive (Legacy),Veterinary Medicine,United States,17,$18.28  ~ $18.73 ,N/A,N/A,N/A,85.32%,N/A
Automotive (Legacy),Theme Parks,United States,18,$19.43  ~ $19.43 ,$32.39 ,N/A,0.06%,86.33%,N/A
Automotive (Legacy),Canada,Canada,3,$12.28  ~ $12.28 ,$5.02 ,N/A,0.24%,75.91%,N/A
Automotive (Legacy),Pets,United States,157,$16.86  ~ $34.72 ,N/A,N/A,N/A,78.27%,N/A
Automotive (Legacy),Insurance,United States,598,$26.74  ~ $27.77 ,$32.93 ,N/A,0.08%,70.31%,N/A
Automotive (Legacy),Insurance,Canada,7,$15.66  ~ $17.47 ,N/A,N/A,N/A,82.86%,N/A
Automotive (Legacy),Clothing,Canada,10,$16.77  ~ $18.44 ,$21.02 ,N/A,0.08%,79.55%,N/A
Automotive (Legacy),Clothing,United States,36,$8.90  ~ $15.44 ,$47.48 ,N/A,0.03%,76.62%,N/A
Automotive (Legacy),News,United States,449,$14.31  ~ $16.55 ,$41.89 ,N/A,0.04%,77.50%,N/A
Automotive (Legacy),Home & Garden,United States,"3,315",$6.30  ~ $8.27 ,$12.60 ,N/A,0.05%,68.12%,N/A
Automotive (Legacy),Environmental Safety,United States,8,$14.52  ~ $14.52 ,$28.97 ,N/A,0.05%,80.50%,N/A
Automotive (Legacy),Apartments,United States,10,$22.11  ~ $45.02 ,N/A,N/A,N/A,88.89%,N/A
Automotive (Legacy),Auto Repair,United States,10,$12.14  ~ $12.14 ,$16.78 ,N/A,0.07%,80.74%,N/A
Automotive (Legacy),Pediatrics,United States,2,$17.75  ~ $20.26 ,$54.67 ,N/A,0.04%,76.76%,N/A
Automotive (Legacy),Remodeling & Construction,United States,328,$14.72  ~ $14.86 ,$133.35 ,N/A,0.01%,88.86%,N/A
Automotive (Legacy),Human Resources,United States,179,$19.32  ~ $19.59 ,$94.91 ,N/A,0.02%,79.61%,N/A
Automotive (Legacy),Human Resources,Canada,33,$12.33  ~ $12.49 ,N/A,N/A,N/A,79.66%,N/A
Automotive (Legacy),Coffee/Tea,United States,527,$12.40  ~ $12.40 ,$213.71 ,N/A,0.01%,76.51%,N/A
Automotive (Legacy),Hunting/Shooting,United States,7,$14.74  ~ $14.74 ,N/A,N/A,N/A,92.02%,N/A
Automotive (Legacy),Appliances,United States,8,$14.65  ~ $14.65 ,N/A,N/A,N/A,88.41%,N/A
Automotive (Legacy),Advertising,United States,87,$13.59  ~ $13.67 ,$35.43 ,N/A,0.04%,76.71%,N/A
Automotive (Legacy),Graduate School,United States,826,$15.38  ~ $15.60 ,$22.12 ,N/A,0.07%,75.75%,N/A
Automotive (Legacy),Job Search,United States,25,$12.55  ~ $12.86 ,$82.98 ,N/A,0.02%,85.30%,N/A
Automotive (Legacy),Cocktails/Beer,United States,5,$7.16  ~ $9.74 ,$12.77 ,N/A,0.08%,74.91%,N/A
Automotive (Legacy),Investors & Patents,United States,70,$19.31  ~ $19.67 ,$129.24 ,N/A,0.01%,79.94%,N/A
Automotive (Legacy),Technology & Computing,United States,1,$28.73  ~ $33.75 ,N/A,N/A,N/A,61.10%,N/A
Automotive (Legacy),Buying/Selling Homes,United States,422,$17.11  ~ $21.16 ,$19.72 ,N/A,0.09%,85.21%,N/A
Automotive (Legacy),Hotels,United States,23,$14.72  ~ $15.29 ,N/A,N/A,N/A,82.76%,N/A
Automotive (Legacy),Contests & Freebies,United States,40,$18.80  ~ $18.80 ,N/A,N/A,N/A,91.22%,N/A
Automotive (Legacy),Cigars,United States,2,$13.81  ~ $15.22 ,$38.93 ,N/A,0.04%,76.31%,N/A
Automotive (Legacy),Cancer,United States,32,$16.59  ~ $18.69 ,$35.22 ,N/A,0.05%,79.19%,N/A
Automotive (Legacy),Alternative Medicine,United States,37,$15.35  ~ $19.95 ,$68.53 ,N/A,0.03%,63.57%,N/A
Automotive (Legacy),Radio,United States,1,$5.31  ~ $5.31 ,N/A,N/A,N/A,84.53%,N/A
Automotive (Legacy),Government,United States,10,$28.47  ~ $28.47 ,N/A,N/A,N/A,78.60%,N/A
Automotive (Legacy),Biotech/Biomedical,United States,292,$26.92  ~ $27.70 ,$52.41 ,N/A,0.05%,77.09%,N/A
Automotive (Legacy),Exercise,United States,4,$11.08  ~ $16.82 ,N/A,N/A,N/A,92.26%,N/A
Automotive (Legacy),Arts & Entertainment,United States,56,$10.16  ~ $11.98 ,$98.26 ,N/A,0.01%,84.84%,N/A
Automotive (Legacy),Buying/Selling Cars,Canada,5,$20.29  ~ $20.96 ,$18.19 ,N/A,0.11%,77.43%,N/A
Automotive (Legacy),Buying/Selling Cars,United States,246,$21.08  ~ $21.09 ,$79.02 ,N/A,0.03%,80.46%,N/A
Automotive (Legacy),Cruises,United States,789,$2.61  ~ $16.40 ,$22.53 ,N/A,0.01%,90.74%,N/A
Automotive (Legacy),Business,United States,245,$10.14  ~ $16.71 ,$75.90 ,N/A,0.01%,82.17%,N/A
Automotive (Legacy),Business,Canada,14,$3.07  ~ $3.66 ,$21.37 ,N/A,0.02%,81.99%,N/A
Automotive (Legacy),Health & Fitness,Canada,27,$17.26  ~ $18.59 ,$55.29 ,N/A,0.03%,76.14%,N/A
Automotive (Legacy),Health & Fitness,United States,498,$14.87  ~ $15.21 ,$40.62 ,N/A,0.04%,80.93%,N/A
Automotive (Legacy),Hobbies & Interests,United States,162,$10.44  ~ $15.52 ,N/A,N/A,N/A,77.83%,N/A
Automotive (Legacy),Card Games,United States,400,$15.99  ~ $16.97 ,$34.97 ,N/A,0.05%,84.47%,N/A
Automotive (Legacy),Card Games,Canada,3,$14.94  ~ $16.72 ,$19.07 ,N/A,0.09%,76.53%,N/A
Automotive (Legacy),Music,United States,63,$13.71  ~ $13.82 ,N/A,N/A,N/A,75.59%,N/A
Automotive (Legacy),Cold & Flu,United States,35,$11.01  ~ $11.72 ,$19.15 ,N/A,0.06%,73.32%,N/A
Automotive (Legacy),K-6 Educators,United States,13,$17.60  ~ $18.02 ,$44.97 ,N/A,0.04%,61.22%,N/A
Automotive (Legacy),Birdwatching,United States,2,$17.51  ~ $17.51 ,N/A,N/A,N/A,95.55%,N/A
Automotive (Legacy),Computer Networking,United States,2,$7.94  ~ $16.28 ,N/A,N/A,N/A,95.69%,N/A
Automotive (Legacy),Legal Issues,United States,"1,377",$15.70  ~ $16.02 ,$46.77 ,N/A,0.03%,75.34%,N/A
Automotive (Legacy),Legal Issues,Canada,112,$16.13  ~ $16.60 ,$51.66 ,N/A,0.03%,82.05%,N/A
Automotive (Legacy),Health/Lowfat Cooking,United States,116,$17.87  ~ $18.08 ,$25.96 ,N/A,0.07%,72.75%,N/A
Automotive (Legacy),Credit/Debt & Loans,United States,309,$19.04  ~ $22.45 ,$38.68 ,N/A,0.06%,80.53%,N/A
Automotive (Legacy),Credit/Debt & Loans,Canada,13,$6.97  ~ $6.97 ,N/A,N/A,N/A,91.23%,N/A
Automotive (Legacy),Dogs,United States,75,$12.40  ~ $15.24 ,N/A,N/A,N/A,90.81%,N/A
Automotive (Legacy),Dogs,Canada,1,$11.74  ~ $27.76 ,$7.58 ,N/A,0.15%,84.87%,N/A
Automotive (Legacy),Auto Parts,United States,338,$6.63  ~ $7.96 ,$8.91 ,N/A,0.09%,81.94%,N/A
Automotive (Legacy),Fine Art,Canada,3,$19.20  ~ $24.20 ,N/A,N/A,N/A,62.50%,N/A
Automotive (Legacy),Weight Loss,United States,120,$13.31  ~ $17.10 ,$173.87 ,N/A,0.01%,89.87%,N/A
Automotive (Legacy),Business Software,United States,571,$16.63  ~ $16.77 ,$177.37 ,N/A,0.01%,84.88%,N/A
Automotive (Legacy),Business Software,Canada,1,$11.87  ~ $12.47 ,$19.83 ,N/A,0.06%,85.05%,N/A
Automotive (Legacy),Internet Technology,United States,5,$7.61  ~ $7.78 ,$9.70 ,N/A,0.08%,66.20%,N/A
Automotive (Legacy),Pro Basketball,United States,10,$17.32  ~ $17.32 ,$27.32 ,N/A,0.06%,65.45%,N/A
Automotive (Legacy),"Law, Gov't & Politics",United States,15,$28.52  ~ $44.68 ,$35.02 ,N/A,0.08%,74.96%,N/A
Automotive (Legacy),Personal Finance,United States,404,$16.03  ~ $16.13 ,$18.19 ,N/A,0.09%,60.89%,N/A
Automotive (Legacy),Personal Finance,Canada,3,$19.37  ~ $43.63 ,$11.91 ,N/A,0.16%,79.21%,N/A
Automotive (Legacy),Senor Health,United States,22,$10.23  ~ $10.74 ,$43.99 ,N/A,0.02%,71.29%,N/A
Automotive (Legacy),Adult Education,United States,218,$10.70  ~ $14.65 ,$60.11 ,N/A,0.02%,78.34%,N/A
Automotive (Legacy),Couponing,Canada,1,$0.00  ~ $0.00 ,N/A,N/A,N/A,N/A,N/A
Automotive (Legacy),Motorcycles,United States,4,$0.00  ~ $0.00 ,N/A,N/A,N/A,N/A,N/A
Automotive (Legacy),Art/Technology,United States,1,$0.00  ~ $0.00 ,N/A,N/A,N/A,N/A,N/A
Automotive (Legacy),Cameras & Camcorders,United States,3,$0.00  ~ $0.00 ,N/A,N/A,N/A,N/A,N/A
Automotive (Legacy),Trucks & Accessories,United States,1,$0.00  ~ $0.00 ,N/A,N/A,N/A,N/A,N/A
Business (Legacy),Air Travel,United States,6,$19.81  ~ $19.82 ,$66.22 ,N/A,0.03%,59.02%,N/A
Business (Legacy),Radio,United States,16,$5.34  ~ $5.34 ,N/A,N/A,N/A,79.19%,N/A
Business (Legacy),Senior Living,United States,81,$5.42  ~ $6.48 ,$22.57 ,N/A,0.03%,65.50%,N/A
Business (Legacy),Health & Fitness,Canada,39,$18.16  ~ $19.07 ,$38.83 ,N/A,0.05%,68.57%,N/A
Business (Legacy),Health & Fitness,United States,"3,658",$16.55  ~ $17.17 ,$38.79 ,N/A,0.04%,77.17%,N/A
Business (Legacy),Career Planning,United States,61,$11.12  ~ $18.58 ,$71.52 ,N/A,0.02%,35.73%,N/A
Business (Legacy),Cancer,United States,84,$15.04  ~ $20.90 ,$161.60 ,N/A,0.01%,75.64%,N/A
Business (Legacy),Logistics,United States,46,$23.14  ~ $23.41 ,$56.65 ,N/A,0.04%,70.05%,N/A
Business (Legacy),Logistics,Canada,52,$5.50  ~ $8.15 ,$30.46 ,N/A,0.03%,68.69%,N/A
Business (Legacy),Contests & Freebies,United States,16,$21.13  ~ $21.13 ,$14.36 ,N/A,0.15%,81.93%,N/A
Business (Legacy),Environmental Safety,United States,16,$15.37  ~ $15.37 ,$109.31 ,N/A,0.01%,66.80%,N/A
Business (Legacy),Family & Parenting,United States,34,$13.58  ~ $15.01 ,$19.94 ,N/A,0.08%,77.49%,N/A
Business (Legacy),Card Games,United States,877,$22.02  ~ $22.07 ,$41.09 ,N/A,0.05%,77.87%,N/A
Business (Legacy),Card Games,Canada,10,$14.29  ~ $16.48 ,$17.60 ,N/A,0.09%,68.57%,N/A
Business (Legacy),Network Security,United States,9,$12.78  ~ $12.78 ,N/A,N/A,N/A,58.52%,N/A
Business (Legacy),Metals,United States,141,$15.15  ~ $19.43 ,$48.08 ,N/A,0.04%,72.41%,N/A
Business (Legacy),Metals,Canada,1,$14.63  ~ $17.46 ,$45.38 ,N/A,0.04%,77.69%,N/A
Business (Legacy),Advertising,United States,284,$17.21  ~ $17.39 ,$33.75 ,N/A,0.05%,62.85%,N/A
Business (Legacy),Advertising,Canada,47,$6.66  ~ $15.78 ,$42.80 ,N/A,0.04%,68.79%,N/A
Business (Legacy),Exercise,United States,37,$15.39  ~ $21.52 ,$33.42 ,N/A,0.05%,85.75%,N/A
Business (Legacy),Internet Technology,Canada,14,$18.59  ~ $40.84 ,N/A,N/A,N/A,61.32%,N/A
Business (Legacy),Internet Technology,United States,10,$9.12  ~ $9.30 ,$16.47 ,N/A,0.06%,64.49%,N/A
Business (Legacy),Automotive,United States,"4,964",$12.98  ~ $17.12 ,$22.84 ,N/A,0.06%,77.92%,N/A
Business (Legacy),Automotive,Canada,16,$19.87  ~ $19.87 ,N/A,N/A,N/A,66.29%,N/A
Business (Legacy),Off-Road Vehicles,United States,2,$18.47  ~ $18.47 ,$10.31 ,N/A,0.18%,81.38%,N/A
Business (Legacy),Off-Road Vehicles,Canada,5,$12.58  ~ $12.58 ,$52.97 ,N/A,0.02%,73.72%,N/A
Business (Legacy),Gardening,United States,"1,001",$6.63  ~ $6.71 ,$24.07 ,N/A,0.03%,73.08%,N/A
Business (Legacy),Bed & Breakfasts,United States,706,$18.48  ~ $18.48 ,$112.62 ,N/A,0.02%,88.61%,N/A
Business (Legacy),Pediatrics,United States,28,$18.09  ~ $19.75 ,$104.69 ,N/A,0.02%,73.05%,N/A
Business (Legacy),Nutrition,Canada,17,$6.18  ~ $6.18 ,$15.25 ,N/A,0.04%,68.37%,N/A
Business (Legacy),Government,United States,1,$34.06  ~ $34.06 ,N/A,N/A,N/A,58.46%,N/A
Business (Legacy),Legal Issues,United States,"2,600",$17.48  ~ $17.57 ,$33.02 ,N/A,0.05%,72.72%,N/A
Business (Legacy),Legal Issues,Canada,75,$16.86  ~ $17.09 ,N/A,N/A,N/A,74.81%,N/A
Business (Legacy),Travel,United States,75,$19.06  ~ $19.11 ,$45.29 ,N/A,0.04%,65.52%,N/A
Business (Legacy),Incest/Abuse Support,United States,130,$17.94  ~ $23.94 ,$24.47 ,N/A,0.07%,76.63%,N/A
Business (Legacy),Investors & Patents,United States,189,$20.16  ~ $21.58 ,$152.17 ,N/A,0.01%,65.47%,N/A
Business (Legacy),Interior Decorating,United States,"1,283",$10.67  ~ $13.30 ,$13.14 ,N/A,0.08%,57.82%,N/A
Business (Legacy),Interior Decorating,Canada,11,$11.79  ~ $13.56 ,$19.24 ,N/A,0.06%,73.90%,N/A
Business (Legacy),Politics,United States,"5,237",$23.43  ~ $23.45 ,$34.90 ,N/A,0.07%,67.63%,N/A
Business (Legacy),Biotech/Biomedical,United States,627,$25.77  ~ $26.40 ,$49.59 ,N/A,0.05%,73.64%,N/A
Business (Legacy),Insurance,Canada,14,$16.14  ~ $17.50 ,$49.64 ,N/A,0.04%,71.61%,N/A
Business (Legacy),Insurance,United States,880,$29.51  ~ $31.06 ,$42.01 ,N/A,0.07%,66.80%,N/A
Business (Legacy),Pro Basketball,United States,13,$17.60  ~ $17.60 ,$9.69 ,N/A,0.18%,65.38%,N/A
Business (Legacy),Adult Education,United States,23,$10.79  ~ $11.66 ,N/A,N/A,N/A,63.23%,N/A
Business (Legacy),Investing,United States,26,$18.65  ~ $19.91 ,$25.59 ,N/A,0.07%,41.39%,N/A
Business (Legacy),Cruises,United States,440,$6.52  ~ $17.79 ,$20.87 ,N/A,0.03%,78.48%,N/A
Business (Legacy),"Law, Gov't & Politics",United States,18,$28.57  ~ $33.92 ,$44.88 ,N/A,0.06%,67.17%,N/A
Business (Legacy),Birdwatching,United States,7,$18.89  ~ $18.89 ,N/A,N/A,N/A,95.31%,N/A
Business (Legacy),Hobbies & Interests,United States,41,$15.49  ~ $17.27 ,$30.14 ,N/A,0.05%,74.20%,N/A
Business (Legacy),Business Software,Canada,7,$16.58  ~ $23.03 ,N/A,N/A,N/A,78.95%,N/A
Business (Legacy),Business Software,United States,875,$30.62  ~ $30.99 ,$86.88 ,N/A,0.04%,74.94%,N/A
Business (Legacy),Honeymoons/Getaways,United States,239,$18.48  ~ $23.83 ,$28.09 ,N/A,0.08%,71.66%,N/A
Business (Legacy),Cigars,United States,3,$15.40  ~ $15.89 ,N/A,N/A,N/A,77.35%,N/A
Business (Legacy),Personal Finance,United States,617,$14.80  ~ $15.16 ,$11.74 ,N/A,0.13%,58.95%,N/A
Business (Legacy),Personal Finance,Canada,1,$19.44  ~ $40.06 ,$17.84 ,N/A,0.11%,73.33%,N/A
Business (Legacy),Football,United States,49,$10.54  ~ $10.54 ,$185.32 ,N/A,0.01%,66.42%,N/A
Business (Legacy),Food & Drink,United States,46,$17.24  ~ $21.45 ,$78.78 ,N/A,0.02%,84.82%,N/A
Business (Legacy),Food & Drink,Canada,46,$7.78  ~ $16.78 ,$7.08 ,N/A,0.11%,76.95%,N/A
Business (Legacy),Credit/Debt & Loans,Canada,23,$8.33  ~ $8.33 ,$19.17 ,N/A,0.04%,84.10%,N/A
Business (Legacy),Credit/Debt & Loans,United States,130,$21.40  ~ $23.33 ,$36.87 ,N/A,0.06%,77.17%,N/A
Business (Legacy),K-6 Educators,United States,1,$20.87  ~ $21.05 ,N/A,N/A,N/A,60.45%,N/A
Business (Legacy),Veterinary Medicine,United States,7,$18.55  ~ $18.97 ,$26.93 ,N/A,0.07%,76.31%,N/A
Business (Legacy),Dining Out,United States,107,$14.44  ~ $15.94 ,$47.06 ,N/A,0.03%,80.29%,N/A
Business (Legacy),Construction,United States,2,$18.50  ~ $18.51 ,$20.56 ,N/A,0.09%,71.35%,N/A
Business (Legacy),Dental Care,United States,2,$7.06  ~ $13.19 ,N/A,N/A,N/A,60.74%,N/A
Business (Legacy),Sexuality,United States,1,$11.04  ~ $24.53 ,N/A,N/A,N/A,76.32%,N/A
Business (Legacy),Hotels,United States,184,$14.92  ~ $16.55 ,$38.88 ,N/A,0.04%,73.66%,N/A
Business (Legacy),Retirement Planning,United States,46,$15.90  ~ $19.76 ,$399.30 ,N/A,0.00%,76.05%,N/A
Business (Legacy),Appliances,United States,15,$14.44  ~ $15.39 ,N/A,N/A,N/A,86.42%,N/A
Business (Legacy),Buying/Selling Cars,United States,181,$28.47  ~ $28.51 ,$84.43 ,N/A,0.03%,78.15%,N/A
Business (Legacy),Shopping,United States,278,$11.26  ~ $11.94 ,$37.07 ,N/A,0.03%,70.57%,N/A
Business (Legacy),Shopping,Canada,1,$8.29  ~ $20.25 ,N/A,N/A,N/A,100.00%,N/A
Business (Legacy),Distance Learning,United States,3,$16.22  ~ $37.56 ,$27.16 ,N/A,0.06%,37.45%,N/A
Business (Legacy),Home Repair,Canada,76,$8.37  ~ $8.62 ,$28.84 ,N/A,0.03%,70.77%,N/A
Business (Legacy),Home Repair,United States,80,$15.92  ~ $21.59 ,$44.73 ,N/A,0.04%,76.52%,N/A
Business (Legacy),Auto Parts,United States,27,$7.32  ~ $7.90 ,$7.57 ,N/A,0.10%,83.53%,N/A
Business (Legacy),News,Canada,20,$18.53  ~ $40.90 ,$110.37 ,N/A,0.02%,79.21%,N/A
Business (Legacy),News,United States,194,$18.13  ~ $19.82 ,$47.20 ,N/A,0.04%,75.17%,N/A
Business (Legacy),Business,United States,682,$16.51  ~ $18.03 ,$41.47 ,N/A,0.04%,71.68%,N/A
Business (Legacy),Business,Canada,59,$7.75  ~ $13.05 ,$17.02 ,N/A,0.05%,75.70%,N/A
Business (Legacy),Hunting/Shooting,United States,1,$18.43  ~ $18.43 ,N/A,N/A,N/A,88.96%,N/A
Business (Legacy),Computer Networking,United States,3,$19.37  ~ $43.50 ,N/A,N/A,N/A,88.94%,N/A
Business (Legacy),Remodeling & Construction,United States,38,$19.35  ~ $20.35 ,$59.38 ,N/A,0.03%,76.06%,N/A
Business (Legacy),Computer Peripherals,United States,13,$26.20  ~ $27.87 ,$247.70 ,N/A,0.01%,57.13%,N/A
Business (Legacy),Accessories,United States,4,$20.34  ~ $20.50 ,$78.15 ,N/A,0.03%,86.60%,N/A
Business (Legacy),Senor Health,United States,48,$11.51  ~ $12.33 ,$44.60 ,N/A,0.03%,69.65%,N/A
Business (Legacy),Theme Parks,United States,13,$26.58  ~ $26.58 ,$41.36 ,N/A,0.06%,89.03%,N/A
Business (Legacy),Dogs,United States,48,$20.65  ~ $23.37 ,N/A,N/A,N/A,87.11%,N/A
Business (Legacy),Dogs,Canada,2,$11.73  ~ $28.41 ,$101.48 ,N/A,0.01%,73.63%,N/A
Business (Legacy),Auto Repair,United States,16,$12.76  ~ $12.76 ,$30.53 ,N/A,0.04%,80.92%,N/A
Business (Legacy),Real Estate,United States,312,$16.31  ~ $16.55 ,$51.41 ,N/A,0.03%,70.34%,N/A
Business (Legacy),Job Search,United States,59,$12.21  ~ $12.51 ,$216.87 ,N/A,0.01%,85.80%,N/A
Business (Legacy),College,United States,175,$16.21  ~ $20.61 ,$44.10 ,N/A,0.05%,69.25%,N/A
Business (Legacy),Desserts & Baking,United States,34,$10.66  ~ $10.66 ,$16.48 ,N/A,0.06%,80.27%,N/A
Business (Legacy),Couponing,United States,4,$10.67  ~ $20.90 ,N/A,N/A,N/A,79.67%,N/A
Business (Legacy),Arts & Entertainment,United States,49,$14.46  ~ $14.73 ,$40.46 ,N/A,0.04%,80.09%,N/A
Business (Legacy),Home & Garden,United States,"8,354",$6.50  ~ $8.98 ,$12.87 ,N/A,0.05%,68.03%,N/A
Business (Legacy),Arts & Crafts,United States,39,$17.88  ~ $17.88 ,$41.70 ,N/A,0.04%,79.59%,N/A
Business (Legacy),Education,United States,71,$11.45  ~ $13.92 ,$22.15 ,N/A,0.06%,75.36%,N/A
Business (Legacy),Graduate School,United States,"1,042",$15.57  ~ $16.12 ,$55.36 ,N/A,0.03%,70.75%,N/A
Business (Legacy),Agriculture,United States,27,$17.92  ~ $17.94 ,N/A,N/A,N/A,88.70%,N/A
Business (Legacy),Alternative Medicine,United States,47,$16.15  ~ $21.03 ,$28.49 ,N/A,0.07%,65.46%,N/A
Business (Legacy),Fine Art,United States,4,$12.87  ~ $13.63 ,$6.45 ,N/A,0.20%,70.33%,N/A
Business (Legacy),Martial Arts,United States,1,$14.97  ~ $14.97 ,$11.59 ,N/A,0.13%,63.48%,N/A
Business (Legacy),Buying/Selling Homes,United States,451,$19.42  ~ $20.25 ,$15.86 ,N/A,0.12%,72.79%,N/A
Business (Legacy),Green Solutions,United States,99,$30.19  ~ $30.51 ,$72.78 ,N/A,0.04%,59.91%,N/A
Business (Legacy),Green Solutions,Canada,1,$18.67  ~ $18.67 ,N/A,N/A,N/A,66.60%,N/A
Business (Legacy),Careers,Canada,1,$12.41  ~ $12.41 ,N/A,N/A,N/A,57.94%,N/A
Business (Legacy),Careers,United States,36,$20.09  ~ $20.42 ,$73.44 ,N/A,0.03%,85.71%,N/A
Business (Legacy),Technology & Computing,United States,10,$22.58  ~ $25.38 ,$87.85 ,N/A,0.03%,51.74%,N/A
Business (Legacy),Weight Loss,United States,380,$13.97  ~ $19.11 ,$154.31 ,N/A,0.01%,88.77%,N/A
Business (Legacy),Mutual Funds,United States,"1,521",$13.93  ~ $15.94 ,$14.81 ,N/A,0.11%,49.92%,N/A
Business (Legacy),Psychology/Psychiatry,United States,390,$20.25  ~ $20.30 ,$31.75 ,N/A,0.06%,69.09%,N/A
Business (Legacy),Cocktails/Beer,United States,21,$7.18  ~ $10.73 ,$19.48 ,N/A,0.06%,71.81%,N/A
Business (Legacy),Video & Computer Games,United States,155,$19.62  ~ $19.62 ,$78.32 ,N/A,0.03%,72.03%,N/A
Business (Legacy),Pets,United States,229,$17.21  ~ $40.41 ,$9.02 ,N/A,0.19%,73.55%,N/A
Business (Legacy),Clothing,United States,145,$9.07  ~ $21.24 ,$24.08 ,N/A,0.09%,63.35%,N/A
Business (Legacy),Clothing,Canada,13,$16.99  ~ $20.15 ,$28.88 ,N/A,0.06%,71.73%,N/A
Business (Legacy),Coffee/Tea,United States,234,$13.14  ~ $13.14 ,$38.44 ,N/A,0.03%,65.16%,N/A
Business (Legacy),Canada,Canada,3,$12.42  ~ $12.42 ,$3.95 ,N/A,0.31%,74.32%,N/A
Business (Legacy),Health/Lowfat Cooking,United States,262,$18.48  ~ $18.48 ,$67.89 ,N/A,0.03%,65.53%,N/A
Business (Legacy),Cold & Flu,United States,188,$11.56  ~ $13.24 ,$26.94 ,N/A,0.04%,72.06%,N/A
Business (Legacy),Music,United States,15,$13.96  ~ $14.43 ,$42.24 ,N/A,0.03%,74.00%,N/A
Business (Legacy),Human Resources,United States,380,$24.71  ~ $25.10 ,$79.52 ,N/A,0.03%,64.19%,N/A
Business (Legacy),Human Resources,Canada,18,$12.87  ~ $13.44 ,N/A,N/A,N/A,69.34%,N/A
Business (Legacy),Art/Technology,United States,1,$0.00  ~ $0.00 ,N/A,N/A,N/A,N/A,N/A
Business (Legacy),Jewelry,United States,2,$0.00  ~ $0.00 ,N/A,N/A,N/A,N/A,N/A
Business (Legacy),Motorcycles,United States,3,$0.00  ~ $0.00 ,N/A,N/A,N/A,N/A,N/A
Business (Legacy),Cameras & Camcorders,United States,2,$0.00  ~ $0.00 ,N/A,N/A,N/A,N/A,N/A
Business (Legacy),Babies & Toddlers,United States,1,$0.00  ~ $0.00 ,N/A,N/A,N/A,N/A,N/A
Careers (Legacy),Home Repair,Canada,53,$8.80  ~ $9.02 ,$25.85 ,N/A,0.03%,78.74%,N/A
Careers (Legacy),Home Repair,United States,75,$15.28  ~ $19.69 ,$21.26 ,N/A,0.07%,78.26%,N/A
Careers (Legacy),Buying/Selling Cars,United States,526,$28.37  ~ $28.49 ,$85.47 ,N/A,0.03%,74.05%,N/A
Careers (Legacy),Metals,United States,98,$14.69  ~ $18.93 ,$36.73 ,N/A,0.05%,74.85%,N/A
Careers (Legacy),Careers,United States,68,$18.98  ~ $19.54 ,$40.57 ,N/A,0.05%,82.92%,N/A
Careers (Legacy),Canada,Canada,6,$12.33  ~ $12.33 ,N/A,N/A,N/A,79.68%,N/A
Careers (Legacy),Family & Parenting,United States,35,$13.91  ~ $15.44 ,$20.96 ,N/A,0.07%,81.13%,N/A
Careers (Legacy),Adult Education,United States,54,$10.75  ~ $12.32 ,$16.44 ,N/A,0.07%,73.42%,N/A
Careers (Legacy),Birdwatching,United States,9,$18.99  ~ $18.99 ,N/A,N/A,N/A,95.39%,N/A
Careers (Legacy),Senior Living,United States,34,$4.48  ~ $5.19 ,$35.10 ,N/A,0.01%,75.69%,N/A
Careers (Legacy),Psychology/Psychiatry,United States,778,$20.29  ~ $20.49 ,$31.52 ,N/A,0.06%,72.39%,N/A
Careers (Legacy),Pets,United States,172,$16.25  ~ $33.54 ,N/A,N/A,N/A,71.26%,N/A
Careers (Legacy),Government,United States,1,$29.41  ~ $29.41 ,N/A,N/A,N/A,75.11%,N/A
Careers (Legacy),Nutrition,Canada,121,$6.72  ~ $6.72 ,$15.12 ,N/A,0.04%,80.25%,N/A
Careers (Legacy),Agriculture,United States,22,$16.35  ~ $16.35 ,N/A,N/A,N/A,85.52%,N/A
Careers (Legacy),Investing,United States,30,$19.12  ~ $19.81 ,$17.47 ,N/A,0.11%,42.60%,N/A
Careers (Legacy),Landscaping,United States,2,$34.21  ~ $34.21 ,$14.47 ,N/A,0.24%,65.57%,N/A
Careers (Legacy),Cruises,United States,286,$5.53  ~ $18.32 ,$73.42 ,N/A,0.01%,83.95%,N/A
Careers (Legacy),Real Estate,United States,247,$16.17  ~ $16.40 ,$55.46 ,N/A,0.03%,69.42%,N/A
Careers (Legacy),Automotive,United States,"1,117",$12.77  ~ $16.36 ,$22.48 ,N/A,0.06%,78.32%,N/A
Careers (Legacy),Automotive,Canada,1,$19.26  ~ $19.26 ,N/A,N/A,N/A,62.93%,N/A
Careers (Legacy),"Law, Gov't & Politics",United States,5,$29.70  ~ $36.15 ,$35.64 ,N/A,0.08%,69.21%,N/A
Careers (Legacy),Auto Repair,United States,13,$12.79  ~ $12.79 ,$18.08 ,N/A,0.07%,81.43%,N/A
Careers (Legacy),Gardening,United States,"4,163",$6.24  ~ $6.31 ,$28.57 ,N/A,0.02%,81.73%,N/A
Careers (Legacy),K-6 Educators,United States,9,$20.22  ~ $21.49 ,N/A,N/A,N/A,65.75%,N/A
Careers (Legacy),Radio,United States,33,$5.04  ~ $5.04 ,N/A,N/A,N/A,86.78%,N/A
Careers (Legacy),Cancer,United States,44,$15.11  ~ $18.50 ,$34.72 ,N/A,0.05%,77.05%,N/A
Careers (Legacy),Pediatrics,United States,24,$18.57  ~ $20.17 ,$45.64 ,N/A,0.04%,76.95%,N/A
Careers (Legacy),Auto Parts,United States,33,$7.04  ~ $7.06 ,N/A,N/A,N/A,84.45%,N/A
Careers (Legacy),Dining Out,United States,199,$14.57  ~ $15.75 ,$112.92 ,N/A,0.01%,81.29%,N/A
Careers (Legacy),Off-Road Vehicles,Canada,1,$12.29  ~ $12.29 ,N/A,N/A,N/A,79.95%,N/A
Careers (Legacy),Off-Road Vehicles,United States,4,$18.63  ~ $18.63 ,N/A,N/A,N/A,85.44%,N/A
Careers (Legacy),Mutual Funds,United States,"2,383",$13.94  ~ $15.74 ,$16.99 ,N/A,0.09%,54.62%,N/A
Careers (Legacy),Graduate School,United States,657,$15.80  ~ $16.13 ,$20.91 ,N/A,0.08%,72.83%,N/A
Careers (Legacy),Home & Garden,United States,"7,435",$6.38  ~ $8.51 ,$11.83 ,N/A,0.05%,69.02%,N/A
Careers (Legacy),Couponing,United States,5,$10.77  ~ $20.49 ,N/A,N/A,N/A,81.93%,N/A
Careers (Legacy),Cold & Flu,United States,120,$11.56  ~ $12.89 ,$27.22 ,N/A,0.04%,76.08%,N/A
Careers (Legacy),Music,United States,25,$14.90  ~ $15.00 ,$37.60 ,N/A,0.04%,73.89%,N/A
Careers (Legacy),Incest/Abuse Support,United States,214,$16.11  ~ $23.43 ,$47.36 ,N/A,0.03%,78.02%,N/A
Careers (Legacy),Cocktails/Beer,United States,9,$6.99  ~ $9.48 ,$12.57 ,N/A,0.08%,76.38%,N/A
Careers (Legacy),Career Planning,United States,21,$15.87  ~ $19.05 ,$45.14 ,N/A,0.04%,59.19%,N/A
Careers (Legacy),Interior Decorating,United States,"1,412",$10.73  ~ $14.45 ,$17.31 ,N/A,0.06%,65.29%,N/A
Careers (Legacy),Interior Decorating,Canada,15,$11.76  ~ $13.28 ,N/A,N/A,N/A,83.13%,N/A
Careers (Legacy),Human Resources,United States,291,$23.15  ~ $23.41 ,$81.97 ,N/A,0.03%,72.90%,N/A
Careers (Legacy),Human Resources,Canada,13,$13.33  ~ $13.70 ,$24.28 ,N/A,0.06%,78.42%,N/A
Careers (Legacy),Bed & Breakfasts,United States,510,$18.13  ~ $18.13 ,$132.12 ,N/A,0.01%,85.90%,N/A
Careers (Legacy),Veterinary Medicine,United States,16,$18.40  ~ $18.95 ,N/A,N/A,N/A,79.30%,N/A
Careers (Legacy),Travel,United States,321,$18.64  ~ $18.66 ,$69.29 ,N/A,0.03%,73.37%,N/A
Careers (Legacy),Credit/Debt & Loans,United States,41,$21.84  ~ $23.90 ,$35.50 ,N/A,0.07%,79.00%,N/A
Careers (Legacy),Credit/Debt & Loans,Canada,11,$7.52  ~ $7.52 ,$21.12 ,N/A,0.04%,90.03%,N/A
Careers (Legacy),Construction,United States,8,$18.76  ~ $18.86 ,$13.14 ,N/A,0.14%,85.03%,N/A
Careers (Legacy),Contests & Freebies,United States,20,$20.85  ~ $20.85 ,N/A,N/A,N/A,83.33%,N/A
Careers (Legacy),Dogs,United States,57,$14.88  ~ $23.15 ,N/A,N/A,N/A,86.37%,N/A
Careers (Legacy),Dogs,Canada,3,$11.74  ~ $25.32 ,$34.15 ,N/A,0.03%,83.88%,N/A
Careers (Legacy),Arts & Entertainment,United States,25,$16.26  ~ $17.87 ,$61.63 ,N/A,0.03%,80.80%,N/A
Careers (Legacy),Biotech/Biomedical,United States,576,$25.93  ~ $26.01 ,$45.61 ,N/A,0.06%,77.12%,N/A
Careers (Legacy),Theme Parks,United States,10,$28.03  ~ $28.03 ,N/A,N/A,N/A,85.51%,N/A
Careers (Legacy),Weight Loss,United States,242,$13.93  ~ $19.31 ,$46.40 ,N/A,0.04%,90.74%,N/A
Careers (Legacy),Advertising,United States,579,$16.57  ~ $16.68 ,$39.31 ,N/A,0.04%,70.05%,N/A
Careers (Legacy),Advertising,Canada,5,$6.76  ~ $16.42 ,$36.97 ,N/A,0.04%,77.97%,N/A
Careers (Legacy),Food & Drink,United States,19,$18.28  ~ $19.86 ,N/A,N/A,N/A,84.77%,N/A
Careers (Legacy),Food & Drink,Canada,35,$7.80  ~ $17.84 ,N/A,N/A,N/A,82.12%,N/A
Careers (Legacy),Health/Lowfat Cooking,United States,223,$18.35  ~ $18.37 ,$134.41 ,N/A,0.01%,72.68%,N/A
Careers (Legacy),Politics,United States,"7,277",$22.62  ~ $22.62 ,$27.94 ,N/A,0.08%,68.33%,N/A
Careers (Legacy),Computer Networking,United States,2,$16.01  ~ $36.13 ,N/A,N/A,N/A,93.63%,N/A
Careers (Legacy),News,United States,159,$17.89  ~ $18.83 ,$31.75 ,N/A,0.06%,77.71%,N/A
Careers (Legacy),News,Canada,3,$18.53  ~ $42.51 ,$27.86 ,N/A,0.07%,78.73%,N/A
Careers (Legacy),Education,United States,114,$10.88  ~ $14.01 ,$49.29 ,N/A,0.03%,78.51%,N/A
Careers (Legacy),Exercise,United States,3,$14.95  ~ $19.55 ,$65.01 ,N/A,0.02%,85.37%,N/A
Careers (Legacy),Retirement Planning,United States,7,$16.07  ~ $21.13 ,N/A,N/A,N/A,78.69%,N/A
Careers (Legacy),Buying/Selling Homes,United States,424,$19.09  ~ $20.74 ,$7.13 ,N/A,0.27%,75.48%,N/A
Careers (Legacy),Coffee/Tea,United States,159,$13.33  ~ $13.33 ,$139.77 ,N/A,0.01%,70.97%,N/A
Careers (Legacy),Video & Computer Games,United States,281,$19.55  ~ $19.55 ,$51.86 ,N/A,0.04%,75.79%,N/A
Careers (Legacy),Business Software,United States,634,$23.80  ~ $24.34 ,$139.71 ,N/A,0.02%,76.60%,N/A
Careers (Legacy),Business Software,Canada,1,$15.00  ~ $20.55 ,N/A,N/A,N/A,83.33%,N/A
Careers (Legacy),Hobbies & Interests,United States,38,$13.84  ~ $17.08 ,N/A,N/A,N/A,82.65%,N/A
Careers (Legacy),College,United States,89,$15.89  ~ $19.18 ,$53.20 ,N/A,0.04%,72.30%,N/A
Careers (Legacy),Personal Finance,United States,772,$15.01  ~ $16.09 ,$13.42 ,N/A,0.12%,59.93%,N/A
Careers (Legacy),Shopping,United States,391,$12.80  ~ $13.33 ,$65.25 ,N/A,0.02%,77.77%,N/A
Careers (Legacy),Business,United States,501,$12.86  ~ $16.77 ,$30.86 ,N/A,0.04%,74.26%,N/A
Careers (Legacy),Business,Canada,5,$4.54  ~ $5.66 ,$11.03 ,N/A,0.04%,81.68%,N/A
Careers (Legacy),Card Games,United States,"1,034",$21.94  ~ $22.14 ,$51.56 ,N/A,0.04%,86.20%,N/A
Careers (Legacy),Card Games,Canada,11,$14.33  ~ $16.73 ,$33.42 ,N/A,0.05%,78.71%,N/A
Careers (Legacy),Insurance,United States,"1,516",$30.64  ~ $31.93 ,$38.84 ,N/A,0.08%,66.93%,N/A
Careers (Legacy),Insurance,Canada,16,$16.21  ~ $17.51 ,$35.50 ,N/A,0.05%,81.70%,N/A
Careers (Legacy),Arts & Crafts,United States,79,$18.09  ~ $18.09 ,$177.56 ,N/A,0.01%,82.98%,N/A
Careers (Legacy),Accessories,United States,4,$19.85  ~ $26.57 ,$27.01 ,N/A,0.10%,79.63%,N/A
Careers (Legacy),Legal Issues,United States,"3,552",$17.39  ~ $17.49 ,$32.95 ,N/A,0.05%,73.41%,N/A
Careers (Legacy),Legal Issues,Canada,89,$16.53  ~ $17.03 ,$41.40 ,N/A,0.04%,81.49%,N/A
Careers (Legacy),Football,United States,22,$12.35  ~ $12.35 ,N/A,N/A,N/A,71.37%,N/A
Careers (Legacy),Clothing,United States,121,$8.93  ~ $23.31 ,$63.97 ,N/A,0.04%,53.09%,N/A
Careers (Legacy),Clothing,Canada,19,$18.64  ~ $25.89 ,$18.91 ,N/A,0.10%,73.81%,N/A
Careers (Legacy),Internet Technology,United States,37,$7.91  ~ $7.97 ,N/A,N/A,N/A,78.88%,N/A
Careers (Legacy),Pro Basketball,United States,8,$16.67  ~ $16.67 ,$39.45 ,N/A,0.04%,71.04%,N/A
Careers (Legacy),Investors & Patents,United States,11,$20.59  ~ $23.91 ,N/A,N/A,N/A,64.42%,N/A
Careers (Legacy),Cigars,United States,30,$15.58  ~ $15.99 ,N/A,N/A,N/A,80.02%,N/A
Careers (Legacy),Senor Health,United States,55,$10.96  ~ $11.58 ,$28.00 ,N/A,0.04%,67.99%,N/A
Careers (Legacy),Technology & Computing,United States,7,$30.01  ~ $36.93 ,N/A,N/A,N/A,64.84%,N/A
Careers (Legacy),Hotels,United States,110,$13.47  ~ $16.59 ,N/A,N/A,N/A,75.90%,N/A
Careers (Legacy),Honeymoons/Getaways,United States,323,$14.92  ~ $19.95 ,$42.00 ,N/A,0.05%,73.59%,N/A
Careers (Legacy),Remodeling & Construction,United States,72,$18.74  ~ $19.22 ,$100.40 ,N/A,0.02%,82.92%,N/A
Careers (Legacy),Computer Peripherals,United States,10,$26.79  ~ $28.52 ,N/A,N/A,N/A,61.18%,N/A
Careers (Legacy),Desserts & Baking,United States,24,$10.72  ~ $10.72 ,$12.32 ,N/A,0.09%,83.74%,N/A
Careers (Legacy),Environmental Safety,United States,64,$15.45  ~ $15.45 ,$18.48 ,N/A,0.08%,79.59%,N/A
Careers (Legacy),Logistics,United States,26,$21.74  ~ $22.34 ,$73.76 ,N/A,0.03%,75.82%,N/A
Careers (Legacy),Logistics,Canada,81,$8.03  ~ $10.25 ,$10.36 ,N/A,0.10%,78.76%,N/A
Careers (Legacy),Health & Fitness,Canada,4,$18.21  ~ $18.86 ,$25.02 ,N/A,0.07%,71.31%,N/A
Careers (Legacy),Health & Fitness,United States,"1,784",$16.36  ~ $16.76 ,$33.66 ,N/A,0.05%,79.93%,N/A
Careers (Legacy),Dental Care,United States,1,$10.88  ~ $12.38 ,N/A,N/A,N/A,62.78%,N/A
Careers (Legacy),Alternative Medicine,United States,83,$16.21  ~ $20.63 ,$35.10 ,N/A,0.06%,66.63%,N/A
Careers (Legacy),Job Search,United States,58,$12.86  ~ $13.09 ,$187.40 ,N/A,0.01%,84.27%,N/A
Careers (Legacy),Green Solutions,United States,146,$26.61  ~ $27.09 ,$51.40 ,N/A,0.05%,63.53%,N/A
Careers (Legacy),Appliances,United States,23,$15.26  ~ $15.33 ,N/A,N/A,N/A,87.90%,N/A
Education (Legacy),Buying/Selling Homes,Canada,37,$18.75  ~ $18.75 ,$28.02 ,N/A,0.07%,74.36%,N/A
Education (Legacy),Buying/Selling Homes,United States,780,$18.11  ~ $20.71 ,$16.00 ,N/A,0.11%,72.35%,N/A
Education (Legacy),Video & Computer Games,United States,128,$19.19  ~ $19.19 ,$45.23 ,N/A,0.04%,78.40%,N/A
Education (Legacy),Insurance,United States,"2,088",$28.80  ~ $31.03 ,$47.60 ,N/A,0.06%,66.45%,N/A
Education (Legacy),Insurance,Canada,113,$16.25  ~ $17.51 ,$78.38 ,N/A,0.02%,62.67%,N/A
Education (Legacy),Hunting/Shooting,United States,28,$14.74  ~ $14.74 ,N/A,N/A,N/A,92.68%,N/A
Education (Legacy),"Law, Gov't & Politics",United States,126,$25.06  ~ $30.18 ,$39.68 ,N/A,0.06%,73.80%,N/A
Education (Legacy),Appliances,United States,137,$15.14  ~ $15.73 ,N/A,N/A,N/A,84.30%,N/A
Education (Legacy),Education,United States,478,$11.44  ~ $14.84 ,$71.21 ,N/A,0.02%,80.14%,N/A
Education (Legacy),Business Software,United States,"1,428",$17.91  ~ $18.09 ,$131.84 ,N/A,0.01%,84.03%,N/A
Education (Legacy),Business Software,Canada,48,$11.79  ~ $13.99 ,$11.91 ,N/A,0.10%,87.47%,N/A
Education (Legacy),Desserts & Baking,United States,44,$10.68  ~ $10.68 ,$13.26 ,N/A,0.08%,78.45%,N/A
Education (Legacy),Logistics,United States,223,$18.64  ~ $20.17 ,$125.12 ,N/A,0.02%,80.96%,N/A
Education (Legacy),Logistics,Canada,227,$2.81  ~ $5.53 ,$12.75 ,N/A,0.04%,73.32%,N/A
Education (Legacy),Graduate School,United States,"1,248",$14.33  ~ $14.97 ,$45.99 ,N/A,0.03%,71.28%,N/A
Education (Legacy),Incest/Abuse Support,United States,714,$15.82  ~ $19.23 ,$48.47 ,N/A,0.03%,80.81%,N/A
Education (Legacy),Health/Lowfat Cooking,United States,883,$18.50  ~ $18.66 ,$96.78 ,N/A,0.02%,57.70%,N/A
Education (Legacy),College,United States,231,$14.54  ~ $14.84 ,$75.56 ,N/A,0.02%,80.26%,N/A
Education (Legacy),Honeymoons/Getaways,United States,427,$15.92  ~ $25.57 ,$91.03 ,N/A,0.03%,72.24%,N/A
Education (Legacy),Physical Therapy,United States,31,$18.90  ~ $18.90 ,N/A,N/A,N/A,69.23%,N/A
Education (Legacy),Psychology/Psychiatry,United States,950,$20.03  ~ $20.23 ,$45.91 ,N/A,0.04%,70.05%,N/A
Education (Legacy),Off-Road Vehicles,United States,1,$18.66  ~ $18.66 ,N/A,N/A,N/A,82.78%,N/A
Education (Legacy),Off-Road Vehicles,Canada,3,$12.36  ~ $12.36 ,N/A,N/A,N/A,77.99%,N/A
Education (Legacy),Home Repair,Canada,226,$8.90  ~ $9.17 ,$21.53 ,N/A,0.04%,70.14%,N/A
Education (Legacy),Home Repair,United States,522,$12.15  ~ $19.49 ,$69.82 ,N/A,0.02%,84.40%,N/A
Education (Legacy),Food & Drink,United States,272,$16.65  ~ $18.98 ,N/A,N/A,N/A,86.18%,N/A
Education (Legacy),Food & Drink,Canada,278,$7.79  ~ $17.08 ,$32.29 ,N/A,0.02%,81.48%,N/A
Education (Legacy),Green Solutions,United States,602,$30.75  ~ $30.98 ,$171.42 ,N/A,0.02%,64.46%,N/A
Education (Legacy),K-6 Educators,United States,108,$17.51  ~ $19.24 ,N/A,N/A,N/A,62.01%,N/A
Education (Legacy),Legal Issues,United States,"10,702",$16.30  ~ $16.76 ,$62.16 ,N/A,0.03%,73.52%,N/A
Education (Legacy),Legal Issues,Canada,"1,373",$16.24  ~ $16.90 ,$43.85 ,N/A,0.04%,78.49%,N/A
Education (Legacy),Real Estate,United States,272,$15.43  ~ $15.52 ,$37.52 ,N/A,0.04%,64.51%,N/A
Education (Legacy),Real Estate,Canada,1,$18.40  ~ $44.66 ,N/A,N/A,N/A,66.88%,N/A
Education (Legacy),Pro Basketball,United States,37,$17.04  ~ $17.04 ,$35.40 ,N/A,0.05%,74.93%,N/A
Education (Legacy),Bed & Breakfasts,United States,"1,251",$18.88  ~ $18.88 ,$112.23 ,N/A,0.02%,86.59%,N/A
Education (Legacy),Contests & Freebies,United States,114,$19.97  ~ $19.97 ,$112.15 ,N/A,0.02%,92.64%,N/A
Education (Legacy),Distance Learning,United States,8,$15.76  ~ $33.56 ,$71.37 ,N/A,0.02%,25.80%,N/A
Education (Legacy),Business,United States,"1,948",$10.42  ~ $16.83 ,$67.88 ,N/A,0.02%,80.68%,N/A
Education (Legacy),Business,Canada,103,$3.43  ~ $4.10 ,$15.51 ,N/A,0.03%,72.42%,N/A
Education (Legacy),Environmental Safety,United States,82,$14.81  ~ $14.81 ,$92.40 ,N/A,0.02%,80.31%,N/A
Education (Legacy),Auto Parts,United States,19,$6.87  ~ $7.33 ,$37.80 ,N/A,0.02%,87.18%,N/A
Education (Legacy),Arts & Entertainment,United States,173,$12.63  ~ $13.59 ,$37.85 ,N/A,0.04%,82.45%,N/A
Education (Legacy),Arts & Entertainment,Canada,2,$9.61  ~ $19.37 ,N/A,N/A,N/A,66.11%,N/A
Education (Legacy),Home & Garden,United States,"34,467",$6.58  ~ $8.90 ,$16.12 ,N/A,0.04%,63.29%,N/A
Education (Legacy),Alternative Medicine,United States,173,$16.61  ~ $19.63 ,$17.95 ,N/A,0.11%,62.41%,N/A
Education (Legacy),Couponing,United States,54,$10.63  ~ $20.17 ,N/A,N/A,N/A,82.48%,N/A
Education (Legacy),Construction,United States,13,$17.28  ~ $18.64 ,N/A,N/A,N/A,68.39%,N/A
Education (Legacy),Cancer,United States,80,$16.39  ~ $19.39 ,$44.95 ,N/A,0.04%,80.59%,N/A
Education (Legacy),Senior Living,United States,354,$6.03  ~ $6.88 ,$28.13 ,N/A,0.02%,61.28%,N/A
Education (Legacy),Biotech/Biomedical,United States,"2,474",$26.83  ~ $26.85 ,$54.50 ,N/A,0.05%,75.89%,N/A
Education (Legacy),Biotech/Biomedical,Canada,1,$18.96  ~ $41.35 ,N/A,N/A,N/A,69.57%,N/A
Education (Legacy),Exercise,United States,15,$12.68  ~ $16.83 ,$279.73 ,N/A,0.00%,89.20%,N/A
Education (Legacy),Agriculture,United States,117,$13.75  ~ $13.82 ,N/A,N/A,N/A,91.11%,N/A
Education (Legacy),Computer Peripherals,United States,68,$27.06  ~ $28.39 ,$112.38 ,N/A,0.02%,72.59%,N/A
Education (Legacy),Card Games,United States,"2,008",$17.93  ~ $18.77 ,$66.15 ,N/A,0.03%,83.96%,N/A
Education (Legacy),Card Games,Canada,106,$13.51  ~ $16.38 ,$50.05 ,N/A,0.03%,71.78%,N/A
Education (Legacy),Cold & Flu,United States,180,$11.15  ~ $12.45 ,$16.34 ,N/A,0.07%,72.55%,N/A
Education (Legacy),Catholicism,United States,7,$22.12  ~ $45.93 ,N/A,N/A,N/A,65.45%,N/A
Education (Legacy),Gardening,United States,"2,637",$5.57  ~ $5.67 ,$29.38 ,N/A,0.02%,82.03%,N/A
Education (Legacy),Metals,United States,640,$13.68  ~ $16.49 ,$75.74 ,N/A,0.02%,77.63%,N/A
Education (Legacy),Metals,Canada,12,$12.80  ~ $13.80 ,N/A,N/A,N/A,76.91%,N/A
Education (Legacy),Internet Technology,Canada,2,$18.40  ~ $37.16 ,N/A,N/A,N/A,67.78%,N/A
Education (Legacy),Internet Technology,United States,6,$7.57  ~ $7.72 ,N/A,N/A,N/A,64.37%,N/A
Education (Legacy),Investing,United States,11,$19.22  ~ $19.46 ,$38.18 ,N/A,0.05%,46.79%,N/A
Education (Legacy),Radio,United States,9,$5.36  ~ $5.36 ,N/A,N/A,N/A,86.90%,N/A
Education (Legacy),Politics,United States,"22,107",$19.81  ~ $20.06 ,$44.55 ,N/A,0.05%,67.96%,N/A
Education (Legacy),Dining Out,United States,453,$14.18  ~ $15.71 ,$127.69 ,N/A,0.01%,85.59%,N/A
Education (Legacy),Weddings,United States,11,$13.01  ~ $26.94 ,N/A,N/A,N/A,92.31%,N/A
Education (Legacy),Fine Art,United States,3,$12.37  ~ $15.36 ,$6.64 ,N/A,0.19%,84.44%,N/A
Education (Legacy),Network Security,United States,2,$12.74  ~ $12.74 ,$22.54 ,N/A,0.06%,73.62%,N/A
Education (Legacy),Marketing,United States,2,$19.01  ~ $19.01 ,N/A,N/A,N/A,46.85%,N/A
Education (Legacy),Interior Decorating,United States,"2,864",$10.52  ~ $14.71 ,$31.41 ,N/A,0.03%,66.34%,N/A
Education (Legacy),Interior Decorating,Canada,80,$10.66  ~ $13.52 ,$44.99 ,N/A,0.02%,75.97%,N/A
Education (Legacy),Canada,Canada,10,$12.43  ~ $12.43 ,$13.76 ,N/A,0.09%,76.21%,N/A
Education (Legacy),Accessories,United States,13,$18.59  ~ $24.53 ,$79.08 ,N/A,0.03%,85.13%,N/A
Education (Legacy),Credit/Debt & Loans,United States,328,$20.09  ~ $22.37 ,$31.34 ,N/A,0.07%,75.79%,N/A
Education (Legacy),Credit/Debt & Loans,Canada,123,$7.29  ~ $7.29 ,$21.71 ,N/A,0.03%,88.10%,N/A
Education (Legacy),Technology & Computing,United States,179,$25.49  ~ $27.62 ,$185.58 ,N/A,0.01%,63.10%,N/A
Education (Legacy),Adult Education,United States,22,$11.04  ~ $14.18 ,$42.46 ,N/A,0.03%,74.13%,N/A
Education (Legacy),Travel,United States,178,$16.08  ~ $16.43 ,$101.54 ,N/A,0.02%,78.37%,N/A
Education (Legacy),Cigars,United States,26,$14.02  ~ $14.81 ,$25.99 ,N/A,0.05%,80.90%,N/A
Education (Legacy),Martial Arts,United States,4,$16.54  ~ $16.54 ,N/A,N/A,N/A,68.17%,N/A
Education (Legacy),Investors & Patents,United States,340,$19.91  ~ $20.21 ,$104.54 ,N/A,0.02%,76.49%,N/A
Education (Legacy),Birdwatching,United States,8,$18.27  ~ $18.27 ,N/A,N/A,N/A,95.39%,N/A
Education (Legacy),Hobbies & Interests,United States,471,$12.43  ~ $15.27 ,$136.24 ,N/A,0.01%,84.46%,N/A
Education (Legacy),Landscaping,United States,3,$34.43  ~ $34.43 ,$14.46 ,N/A,0.24%,54.02%,N/A
Education (Legacy),News,United States,"1,245",$16.43  ~ $18.62 ,$42.21 ,N/A,0.04%,77.14%,N/A
Education (Legacy),News,Canada,103,$18.57  ~ $46.30 ,$84.11 ,N/A,0.02%,69.74%,N/A
Education (Legacy),Arts & Crafts,United States,78,$17.69  ~ $17.69 ,$50.01 ,N/A,0.04%,84.48%,N/A
Education (Legacy),Clothing,United States,275,$9.00  ~ $17.92 ,$64.37 ,N/A,0.03%,72.76%,N/A
Education (Legacy),Clothing,Canada,88,$16.33  ~ $18.20 ,$34.15 ,N/A,0.05%,57.59%,N/A
Education (Legacy),Careers,Canada,4,$7.25  ~ $12.28 ,$8.09 ,N/A,0.09%,77.02%,N/A
Education (Legacy),Careers,United States,178,$23.74  ~ $24.51 ,$373.02 ,N/A,0.01%,88.76%,N/A
Education (Legacy),Career Planning,United States,308,$18.63  ~ $18.98 ,$272.19 ,N/A,0.01%,81.39%,N/A
Education (Legacy),Cruises,United States,"1,892",$3.91  ~ $16.67 ,$38.07 ,N/A,0.01%,86.77%,N/A
Education (Legacy),Cruises,Canada,6,$13.10  ~ $14.41 ,$10.97 ,N/A,0.13%,70.40%,N/A
Education (Legacy),Family & Parenting,United States,138,$13.42  ~ $14.64 ,$76.64 ,N/A,0.02%,81.14%,N/A
Education (Legacy),Coffee/Tea,United States,215,$13.03  ~ $13.03 ,$112.37 ,N/A,0.01%,72.14%,N/A
Education (Legacy),Theme Parks,United States,68,$21.95  ~ $21.95 ,N/A,N/A,N/A,87.91%,N/A
Education (Legacy),Auto Repair,United States,54,$12.55  ~ $12.55 ,$29.74 ,N/A,0.04%,79.59%,N/A
Education (Legacy),Mutual Funds,United States,"4,510",$14.27  ~ $16.55 ,$25.20 ,N/A,0.07%,53.57%,N/A
Education (Legacy),Cocktails/Beer,United States,66,$7.18  ~ $9.94 ,$12.60 ,N/A,0.08%,73.24%,N/A
Education (Legacy),Human Resources,United States,387,$20.68  ~ $21.01 ,$137.85 ,N/A,0.02%,75.09%,N/A
Education (Legacy),Human Resources,Canada,189,$12.80  ~ $14.43 ,$33.06 ,N/A,0.04%,69.84%,N/A
Education (Legacy),Beauty,United States,1,$10.45  ~ $10.45 ,N/A,N/A,N/A,86.41%,N/A
Education (Legacy),Government,United States,1,$30.41  ~ $30.41 ,N/A,N/A,N/A,77.10%,N/A
Education (Legacy),Pets,United States,241,$18.27  ~ $40.31 ,$30.61 ,N/A,0.06%,84.98%,N/A
Education (Legacy),Weight Loss,United States,208,$12.74  ~ $17.42 ,$292.55 ,N/A,0.01%,86.40%,N/A
Education (Legacy),Pediatrics,United States,33,$18.18  ~ $19.51 ,$80.81 ,N/A,0.02%,73.18%,N/A
Education (Legacy),Advertising,Canada,72,$6.75  ~ $14.73 ,$90.11 ,N/A,0.02%,76.39%,N/A
Education (Legacy),Advertising,United States,889,$15.43  ~ $15.74 ,$40.16 ,N/A,0.04%,69.45%,N/A
Education (Legacy),Hotels,United States,186,$13.95  ~ $16.03 ,N/A,N/A,N/A,82.34%,N/A
Education (Legacy),Music,United States,137,$14.37  ~ $14.60 ,N/A,N/A,N/A,72.65%,N/A
Education (Legacy),Dental Care,United States,1,$8.43  ~ $13.05 ,N/A,N/A,N/A,71.56%,N/A
Education (Legacy),Infertility,United States,2,$6.93  ~ $15.00 ,N/A,N/A,N/A,43.37%,N/A
Education (Legacy),Personal Finance,United States,"2,137",$17.12  ~ $17.20 ,$24.30 ,N/A,0.07%,61.80%,N/A
Education (Legacy),Personal Finance,Canada,1,$19.22  ~ $47.35 ,$34.52 ,N/A,0.06%,70.26%,N/A
Education (Legacy),Dogs,United States,426,$13.32  ~ $17.67 ,$67.00 ,N/A,0.02%,86.76%,N/A
Education (Legacy),Dogs,Canada,44,$11.80  ~ $29.22 ,N/A,N/A,N/A,75.19%,N/A
Education (Legacy),Football,United States,155,$8.07  ~ $8.07 ,$50.89 ,N/A,0.02%,68.95%,N/A
Education (Legacy),Buying/Selling Cars,United States,"1,791",$23.32  ~ $23.34 ,$122.71 ,N/A,0.02%,83.74%,N/A
Education (Legacy),Buying/Selling Cars,Canada,11,$18.30  ~ $19.22 ,$59.24 ,N/A,0.03%,72.04%,N/A
Education (Legacy),Automotive,United States,909,$14.41  ~ $15.76 ,$390.66 ,N/A,0.00%,81.07%,N/A
Education (Legacy),Veterinary Medicine,United States,22,$18.50  ~ $18.90 ,$27.01 ,N/A,0.07%,86.97%,N/A
Education (Legacy),Remodeling & Construction,United States,403,$16.58  ~ $16.83 ,$193.71 ,N/A,0.01%,88.67%,N/A
Education (Legacy),Health & Fitness,Canada,75,$17.95  ~ $18.84 ,$44.40 ,N/A,0.04%,66.43%,N/A
Education (Legacy),Health & Fitness,United States,"3,686",$14.46  ~ $15.03 ,$49.78 ,N/A,0.03%,79.58%,N/A
Education (Legacy),Senor Health,United States,247,$9.77  ~ $10.44 ,$22.05 ,N/A,0.05%,64.16%,N/A
Education (Legacy),Job Search,United States,207,$13.15  ~ $13.56 ,$93.69 ,N/A,0.01%,81.65%,N/A
Education (Legacy),Sexuality,United States,3,$11.02  ~ $25.58 ,N/A,N/A,N/A,59.03%,N/A
Education (Legacy),Shopping,United States,"1,539",$14.55  ~ $14.68 ,$79.10 ,N/A,0.02%,81.46%,N/A
Education (Legacy),Nutrition,Canada,8,$6.66  ~ $6.66 ,$27.88 ,N/A,0.02%,72.24%,N/A
Education (Legacy),Computer Networking,United States,50,$10.98  ~ $23.20 ,N/A,N/A,N/A,95.60%,N/A
Education (Legacy),Home & Garden,Canada,1,$0.00  ~ $0.00 ,N/A,N/A,N/A,N/A,N/A
Education (Legacy),Cameras & Camcorders,United States,6,$0.00  ~ $0.00 ,N/A,N/A,N/A,N/A,N/A
Family & Parenting (Legacy),Football,United States,4,$9.15  ~ $9.15 ,$26.37 ,N/A,0.03%,69.40%,N/A
Family & Parenting (Legacy),Family & Parenting,United States,138,$13.98  ~ $15.61 ,$24.04 ,N/A,0.06%,82.44%,N/A
Family & Parenting (Legacy),Shopping,United States,"2,231",$13.17  ~ $13.53 ,$31.13 ,N/A,0.04%,80.32%,N/A
Family & Parenting (Legacy),Pets,United States,233,$17.68  ~ $39.38 ,N/A,N/A,N/A,81.13%,N/A
Family & Parenting (Legacy),Radio,United States,17,$5.43  ~ $5.43 ,N/A,N/A,N/A,76.53%,N/A
Family & Parenting (Legacy),Air Travel,United States,1,$20.63  ~ $20.89 ,$82.91 ,N/A,0.03%,43.44%,N/A
Family & Parenting (Legacy),Logistics,United States,86,$21.13  ~ $21.98 ,$87.66 ,N/A,0.03%,79.92%,N/A
Family & Parenting (Legacy),Logistics,Canada,172,$4.78  ~ $7.07 ,$12.05 ,N/A,0.06%,79.21%,N/A
Family & Parenting (Legacy),Cigars,United States,49,$14.79  ~ $15.73 ,$21.00 ,N/A,0.07%,77.60%,N/A
Family & Parenting (Legacy),Beauty,United States,1,$10.39  ~ $10.39 ,N/A,N/A,N/A,82.28%,N/A
Family & Parenting (Legacy),Bed & Breakfasts,United States,"1,092",$18.25  ~ $18.25 ,$53.99 ,N/A,0.03%,86.03%,N/A
Family & Parenting (Legacy),News,United States,737,$17.28  ~ $18.23 ,$29.35 ,N/A,0.06%,75.96%,N/A
Family & Parenting (Legacy),News,Canada,7,$18.50  ~ $45.22 ,$42.27 ,N/A,0.04%,88.06%,N/A
Family & Parenting (Legacy),Hotels,United States,503,$15.27  ~ $17.50 ,N/A,N/A,N/A,81.93%,N/A
Family & Parenting (Legacy),Music,United States,145,$13.43  ~ $13.47 ,$77.59 ,N/A,0.02%,78.40%,N/A
Family & Parenting (Legacy),Theme Parks,United States,84,$29.06  ~ $29.06 ,N/A,N/A,N/A,88.06%,N/A
Family & Parenting (Legacy),Pro Basketball,United States,25,$17.78  ~ $17.78 ,$12.57 ,N/A,0.14%,64.46%,N/A
Family & Parenting (Legacy),Personal Finance,United States,"2,715",$15.70  ~ $15.85 ,$9.26 ,N/A,0.17%,62.12%,N/A
Family & Parenting (Legacy),Personal Finance,Canada,3,$19.29  ~ $41.93 ,$14.68 ,N/A,0.13%,81.83%,N/A
Family & Parenting (Legacy),Buying/Selling Homes,United States,72,$19.80  ~ $20.86 ,$7.75 ,N/A,0.26%,69.86%,N/A
Family & Parenting (Legacy),Computer Peripherals,United States,15,$27.46  ~ $28.00 ,$38.85 ,N/A,0.07%,77.74%,N/A
Family & Parenting (Legacy),Computer Peripherals,Canada,1,$26.17  ~ $26.61 ,$3.53 ,N/A,0.74%,76.87%,N/A
Family & Parenting (Legacy),Home & Garden,United States,"24,728",$6.16  ~ $7.91 ,$10.22 ,N/A,0.06%,69.81%,N/A
Family & Parenting (Legacy),Technology & Computing,United States,60,$29.91  ~ $36.63 ,N/A,N/A,N/A,59.29%,N/A
Family & Parenting (Legacy),Construction,United States,3,$18.70  ~ $18.79 ,N/A,N/A,N/A,82.76%,N/A
Family & Parenting (Legacy),Distance Learning,United States,4,$15.77  ~ $35.75 ,$18.99 ,N/A,0.08%,31.22%,N/A
Family & Parenting (Legacy),Investing,United States,35,$19.11  ~ $20.10 ,$6.24 ,N/A,0.31%,42.02%,N/A
Family & Parenting (Legacy),Auto Parts,United States,78,$6.55  ~ $6.97 ,N/A,N/A,N/A,88.51%,N/A
Family & Parenting (Legacy),Education,United States,430,$11.57  ~ $14.03 ,$22.01 ,N/A,0.06%,78.53%,N/A
Family & Parenting (Legacy),Accessories,United States,21,$19.93  ~ $25.96 ,$48.20 ,N/A,0.05%,75.30%,N/A
Family & Parenting (Legacy),Careers,United States,66,$23.06  ~ $23.24 ,$41.32 ,N/A,0.06%,82.13%,N/A
Family & Parenting (Legacy),Careers,Canada,3,$7.65  ~ $11.69 ,$71.31 ,N/A,0.01%,88.95%,N/A
Family & Parenting (Legacy),Cocktails/Beer,United States,173,$7.00  ~ $8.58 ,$42.66 ,N/A,0.02%,76.33%,N/A
Family & Parenting (Legacy),Card Games,United States,"1,969",$21.37  ~ $21.39 ,$66.24 ,N/A,0.03%,86.47%,N/A
Family & Parenting (Legacy),Card Games,Canada,24,$14.13  ~ $16.76 ,$32.50 ,N/A,0.05%,81.40%,N/A
Family & Parenting (Legacy),Alternative Medicine,United States,201,$17.62  ~ $20.37 ,$25.90 ,N/A,0.08%,61.34%,N/A
Family & Parenting (Legacy),Clothing,United States,406,$9.06  ~ $19.27 ,$42.43 ,N/A,0.05%,68.59%,N/A
Family & Parenting (Legacy),Clothing,Canada,83,$15.68  ~ $18.41 ,$34.09 ,N/A,0.05%,86.05%,N/A
Family & Parenting (Legacy),College,United States,325,$15.01  ~ $16.28 ,$32.04 ,N/A,0.05%,80.99%,N/A
Family & Parenting (Legacy),Honeymoons/Getaways,United States,146,$16.91  ~ $22.40 ,$51.73 ,N/A,0.04%,64.43%,N/A
Family & Parenting (Legacy),Adult Education,United States,137,$10.84  ~ $12.28 ,$31.32 ,N/A,0.04%,73.30%,N/A
Family & Parenting (Legacy),Off-Road Vehicles,United States,2,$18.56  ~ $18.56 ,N/A,N/A,N/A,77.69%,N/A
Family & Parenting (Legacy),Off-Road Vehicles,Canada,8,$12.16  ~ $12.16 ,N/A,N/A,N/A,84.57%,N/A
Family & Parenting (Legacy),Sexuality,United States,7,$11.06  ~ $26.66 ,N/A,N/A,N/A,86.33%,N/A
Family & Parenting (Legacy),Pediatrics,United States,61,$18.54  ~ $20.17 ,$32.84 ,N/A,0.06%,71.84%,N/A
Family & Parenting (Legacy),Politics,United States,"18,952",$22.34  ~ $22.35 ,$33.12 ,N/A,0.07%,67.87%,N/A
Family & Parenting (Legacy),Human Resources,United States,490,$23.34  ~ $23.80 ,$81.55 ,N/A,0.03%,75.00%,N/A
Family & Parenting (Legacy),Human Resources,Canada,62,$13.35  ~ $15.22 ,$41.47 ,N/A,0.04%,77.92%,N/A
Family & Parenting (Legacy),Metals,Canada,24,$17.38  ~ $19.09 ,$14.32 ,N/A,0.13%,78.64%,N/A
Family & Parenting (Legacy),Metals,United States,354,$13.86  ~ $19.47 ,$53.42 ,N/A,0.04%,73.84%,N/A
Family & Parenting (Legacy),Arts & Crafts,United States,228,$17.94  ~ $17.94 ,$41.40 ,N/A,0.04%,84.31%,N/A
Family & Parenting (Legacy),Contests & Freebies,United States,52,$20.69  ~ $20.69 ,$18.00 ,N/A,0.11%,83.29%,N/A
Family & Parenting (Legacy),Martial Arts,United States,2,$12.96  ~ $12.96 ,N/A,N/A,N/A,67.07%,N/A
Family & Parenting (Legacy),Exercise,United States,29,$15.32  ~ $21.36 ,$105.85 ,N/A,0.01%,89.01%,N/A
Family & Parenting (Legacy),Career Planning,United States,180,$17.87  ~ $19.31 ,$70.18 ,N/A,0.03%,60.48%,N/A
Family & Parenting (Legacy),Veterinary Medicine,United States,50,$18.59  ~ $18.91 ,N/A,N/A,N/A,80.91%,N/A
Family & Parenting (Legacy),Appliances,United States,70,$15.04  ~ $16.17 ,N/A,N/A,N/A,87.43%,N/A
Family & Parenting (Legacy),Graduate School,United States,"2,216",$16.31  ~ $16.50 ,$24.55 ,N/A,0.07%,74.61%,N/A
Family & Parenting (Legacy),Gardening,United States,"12,792",$5.94  ~ $6.01 ,$21.53 ,N/A,0.03%,84.15%,N/A
Family & Parenting (Legacy),Gardening,Canada,10,$15.35  ~ $15.35 ,N/A,N/A,N/A,94.81%,N/A
Family & Parenting (Legacy),Dogs,United States,247,$16.70  ~ $24.64 ,N/A,N/A,N/A,78.60%,N/A
Family & Parenting (Legacy),Dogs,Canada,39,$11.75  ~ $25.28 ,N/A,N/A,N/A,85.33%,N/A
Family & Parenting (Legacy),Landscaping,United States,1,$34.30  ~ $34.30 ,N/A,N/A,N/A,59.28%,N/A
Family & Parenting (Legacy),Arts & Entertainment,United States,220,$16.23  ~ $20.47 ,$45.53 ,N/A,0.04%,79.59%,N/A
Family & Parenting (Legacy),Cold & Flu,United States,333,$11.33  ~ $12.52 ,$18.78 ,N/A,0.06%,74.55%,N/A
Family & Parenting (Legacy),Environmental Safety,United States,316,$15.60  ~ $15.60 ,$33.20 ,N/A,0.05%,81.52%,N/A
Family & Parenting (Legacy),Auto Repair,United States,132,$13.73  ~ $13.73 ,$21.17 ,N/A,0.06%,74.31%,N/A
Family & Parenting (Legacy),Canada,Canada,2,$12.07  ~ $12.07 ,N/A,N/A,N/A,80.43%,N/A
Family & Parenting (Legacy),Real Estate,United States,605,$15.68  ~ $17.19 ,$44.13 ,N/A,0.04%,59.54%,N/A
Family & Parenting (Legacy),Apartments,Canada,3,$15.95  ~ $15.95 ,$18.19 ,N/A,0.09%,71.83%,N/A
Family & Parenting (Legacy),Apartments,United States,12,$15.93  ~ $19.94 ,N/A,N/A,N/A,88.77%,N/A
Family & Parenting (Legacy),Dental Care,United States,6,$10.87  ~ $12.61 ,N/A,N/A,N/A,91.33%,N/A
Family & Parenting (Legacy),Cancer,United States,191,$15.07  ~ $17.63 ,$31.12 ,N/A,0.06%,78.34%,N/A
Family & Parenting (Legacy),Coffee/Tea,United States,841,$13.64  ~ $13.64 ,$56.21 ,N/A,0.02%,77.67%,N/A
Family & Parenting (Legacy),Internet Technology,Canada,1,$18.40  ~ $42.39 ,N/A,N/A,N/A,79.78%,N/A
Family & Parenting (Legacy),Internet Technology,United States,7,$9.15  ~ $9.33 ,N/A,N/A,N/A,55.45%,N/A
Family & Parenting (Legacy),"Law, Gov't & Politics",United States,17,$38.61  ~ $56.09 ,$132.85 ,N/A,0.03%,67.21%,N/A
Family & Parenting (Legacy),Home Repair,Canada,283,$8.81  ~ $8.91 ,$15.64 ,N/A,0.06%,80.93%,N/A
Family & Parenting (Legacy),Home Repair,United States,340,$16.34  ~ $19.67 ,$41.29 ,N/A,0.04%,77.18%,N/A
Family & Parenting (Legacy),Interior Decorating,United States,"6,541",$10.30  ~ $14.80 ,$17.21 ,N/A,0.06%,69.36%,N/A
Family & Parenting (Legacy),Catholicism,United States,12,$23.98  ~ $54.95 ,N/A,N/A,N/A,85.88%,N/A
Family & Parenting (Legacy),Automotive,United States,"2,674",$13.92  ~ $17.03 ,$26.42 ,N/A,0.05%,71.43%,N/A
Family & Parenting (Legacy),Investors & Patents,United States,725,$20.35  ~ $20.41 ,$51.48 ,N/A,0.04%,83.80%,N/A
Family & Parenting (Legacy),Legal Issues,United States,"8,396",$17.72  ~ $18.09 ,$28.44 ,N/A,0.06%,70.87%,N/A
Family & Parenting (Legacy),Legal Issues,Canada,267,$19.41  ~ $20.42 ,$105.70 ,N/A,0.02%,82.54%,N/A
Family & Parenting (Legacy),Hobbies & Interests,United States,215,$16.63  ~ $17.88 ,$19.10 ,N/A,0.09%,76.00%,N/A
Family & Parenting (Legacy),Job Search,United States,144,$12.74  ~ $13.10 ,$134.19 ,N/A,0.01%,79.96%,N/A
Family & Parenting (Legacy),Incest/Abuse Support,United States,814,$17.31  ~ $21.09 ,$49.83 ,N/A,0.03%,76.59%,N/A
Family & Parenting (Legacy),Video & Computer Games,United States,460,$19.42  ~ $19.42 ,$26.68 ,N/A,0.07%,78.44%,N/A
Family & Parenting (Legacy),Advertising,United States,"1,216",$16.84  ~ $17.04 ,$29.52 ,N/A,0.06%,72.31%,N/A
Family & Parenting (Legacy),Advertising,Canada,41,$6.96  ~ $15.69 ,N/A,N/A,N/A,81.06%,N/A
Family & Parenting (Legacy),Green Solutions,United States,426,$36.83  ~ $37.01 ,$190.50 ,N/A,0.02%,52.71%,N/A
Family & Parenting (Legacy),K-6 Educators,United States,10,$21.61  ~ $22.75 ,$16.79 ,N/A,0.14%,70.50%,N/A
Family & Parenting (Legacy),Health & Fitness,Canada,93,$18.15  ~ $19.12 ,$54.90 ,N/A,0.03%,72.21%,N/A
Family & Parenting (Legacy),Health & Fitness,United States,"4,071",$15.60  ~ $16.48 ,$22.12 ,N/A,0.07%,79.27%,N/A
Family & Parenting (Legacy),Senior Living,United States,218,$4.07  ~ $4.63 ,$48.87 ,N/A,0.01%,80.49%,N/A
Family & Parenting (Legacy),Travel,United States,332,$17.53  ~ $18.22 ,$63.17 ,N/A,0.03%,74.59%,N/A
Family & Parenting (Legacy),Cruises,United States,"3,353",$5.53  ~ $18.69 ,$52.88 ,N/A,0.01%,83.07%,N/A
Family & Parenting (Legacy),Cruises,Canada,3,$13.14  ~ $14.46 ,$4.48 ,N/A,0.32%,66.16%,N/A
Family & Parenting (Legacy),Nutrition,Canada,271,$7.04  ~ $7.04 ,$18.52 ,N/A,0.04%,80.82%,N/A
Family & Parenting (Legacy),Senor Health,United States,110,$10.50  ~ $11.04 ,$19.07 ,N/A,0.06%,65.34%,N/A
Family & Parenting (Legacy),Mutual Funds,United States,"3,128",$13.96  ~ $15.86 ,$7.59 ,N/A,0.21%,51.35%,N/A
Family & Parenting (Legacy),Business Software,United States,"1,796",$22.24  ~ $22.49 ,$74.80 ,N/A,0.03%,78.87%,N/A
Family & Parenting (Legacy),Business Software,Canada,9,$14.47  ~ $20.49 ,$13.28 ,N/A,0.11%,84.83%,N/A
Family & Parenting (Legacy),Psychology/Psychiatry,United States,"1,678",$20.04  ~ $20.75 ,$27.05 ,N/A,0.07%,74.02%,N/A
Family & Parenting (Legacy),Couponing,United States,1,$10.62  ~ $20.94 ,$74.75 ,N/A,0.03%,80.41%,N/A
Family & Parenting (Legacy),Biotech/Biomedical,United States,"1,147",$25.72  ~ $26.11 ,$35.89 ,N/A,0.07%,74.64%,N/A
Family & Parenting (Legacy),Food & Drink,Canada,121,$7.80  ~ $15.98 ,$5.83 ,N/A,0.13%,79.20%,N/A
Family & Parenting (Legacy),Food & Drink,United States,97,$18.27  ~ $20.06 ,$81.42 ,N/A,0.02%,85.98%,N/A
Family & Parenting (Legacy),Hunting/Shooting,United States,12,$18.00  ~ $18.00 ,N/A,N/A,N/A,89.97%,N/A
Family & Parenting (Legacy),Birdwatching,United States,1,$18.99  ~ $18.99 ,N/A,N/A,N/A,94.99%,N/A
Family & Parenting (Legacy),Marketing,United States,4,$19.01  ~ $19.01 ,N/A,N/A,N/A,56.34%,N/A
Family & Parenting (Legacy),Health/Lowfat Cooking,United States,358,$18.22  ~ $18.23 ,$43.46 ,N/A,0.04%,75.57%,N/A
Family & Parenting (Legacy),Dining Out,United States,439,$14.40  ~ $15.61 ,$31.06 ,N/A,0.05%,76.20%,N/A
Family & Parenting (Legacy),Agriculture,United States,85,$16.64  ~ $16.76 ,$29.76 ,N/A,0.06%,84.32%,N/A
Family & Parenting (Legacy),Agriculture,Canada,1,$17.53  ~ $18.79 ,$21.07 ,N/A,0.09%,86.45%,N/A
Family & Parenting (Legacy),Retirement Planning,United States,95,$15.38  ~ $24.69 ,$113.77 ,N/A,0.02%,85.82%,N/A
Family & Parenting (Legacy),Desserts & Baking,United States,37,$10.71  ~ $10.71 ,$22.63 ,N/A,0.05%,83.76%,N/A
Family & Parenting (Legacy),Remodeling & Construction,United States,432,$19.07  ~ $19.60 ,$80.85 ,N/A,0.02%,84.12%,N/A
Family & Parenting (Legacy),Insurance,United States,"3,326",$28.58  ~ $30.46 ,$26.24 ,N/A,0.11%,66.17%,N/A
Family & Parenting (Legacy),Insurance,Canada,6,$15.88  ~ $17.47 ,$17.85 ,N/A,0.10%,83.92%,N/A
Family & Parenting (Legacy),Credit/Debt & Loans,United States,104,$21.40  ~ $23.75 ,$75.72 ,N/A,0.03%,78.50%,N/A
Family & Parenting (Legacy),Credit/Debt & Loans,Canada,29,$7.54  ~ $7.54 ,N/A,N/A,N/A,93.13%,N/A
Family & Parenting (Legacy),Buying/Selling Cars,Canada,7,$19.61  ~ $20.19 ,$61.32 ,N/A,0.03%,77.24%,N/A
Family & Parenting (Legacy),Buying/Selling Cars,United States,738,$26.15  ~ $26.31 ,$83.96 ,N/A,0.03%,79.38%,N/A
Family & Parenting (Legacy),Business,United States,792,$14.18  ~ $17.12 ,$33.63 ,N/A,0.04%,72.52%,N/A
Family & Parenting (Legacy),Business,Canada,202,$4.68  ~ $4.70 ,$12.49 ,N/A,0.04%,86.42%,N/A
Family & Parenting (Legacy),Weight Loss,United States,246,$13.70  ~ $18.90 ,$230.58 ,N/A,0.01%,86.71%,N/A
Family & Parenting (Legacy),Computer Networking,United States,2,$19.98  ~ $42.47 ,N/A,N/A,N/A,91.68%,N/A
Family & Parenting (Legacy),Cameras & Camcorders,United States,1,$0.00  ~ $0.00 ,N/A,N/A,N/A,N/A,N/A
Family & Parenting (Legacy),Art/Technology,United States,1,$0.00  ~ $0.00 ,N/A,N/A,N/A,N/A,N/A
Food & Drink (Legacy),Politics,United States,"12,906",$25.17  ~ $25.52 ,$35.45 ,N/A,0.07%,76.50%,N/A
Food & Drink (Legacy),Couponing,United States,25,$11.98  ~ $21.19 ,$53.70 ,N/A,0.04%,90.48%,N/A
Food & Drink (Legacy),"Law, Gov't & Politics",United States,21,$31.67  ~ $46.14 ,$40.43 ,N/A,0.08%,82.04%,N/A
Food & Drink (Legacy),Veterinary Medicine,United States,21,$18.75  ~ $18.85 ,$67.24 ,N/A,0.03%,93.54%,N/A
Food & Drink (Legacy),Senor Health,United States,72,$13.78  ~ $14.16 ,$71.84 ,N/A,0.02%,82.87%,N/A
Food & Drink (Legacy),Radio,United States,8,$5.24  ~ $5.24 ,N/A,N/A,N/A,88.67%,N/A
Food & Drink (Legacy),Off-Road Vehicles,United States,4,$18.67  ~ $18.67 ,$18.78 ,N/A,0.10%,88.84%,N/A
Food & Drink (Legacy),Business,United States,723,$12.97  ~ $17.14 ,$51.80 ,N/A,0.03%,86.50%,N/A
Food & Drink (Legacy),Business,Canada,61,$4.21  ~ $5.93 ,$22.77 ,N/A,0.03%,90.10%,N/A
Food & Drink (Legacy),Environmental Safety,United States,75,$15.81  ~ $15.81 ,$37.06 ,N/A,0.04%,77.01%,N/A
Food & Drink (Legacy),Investing,United States,10,$19.93  ~ $20.19 ,$53.67 ,N/A,0.04%,38.70%,N/A
Food & Drink (Legacy),Travel,United States,315,$19.28  ~ $19.56 ,$46.29 ,N/A,0.04%,77.07%,N/A
Food & Drink (Legacy),Arts & Entertainment,United States,64,$16.04  ~ $16.47 ,$80.93 ,N/A,0.02%,86.75%,N/A
Food & Drink (Legacy),Agriculture,United States,56,$15.51  ~ $15.73 ,N/A,N/A,N/A,94.81%,N/A
Food & Drink (Legacy),Auto Repair,United States,67,$13.79  ~ $13.79 ,$41.89 ,N/A,0.03%,81.95%,N/A
Food & Drink (Legacy),Real Estate,United States,189,$15.50  ~ $17.66 ,$42.11 ,N/A,0.04%,61.79%,N/A
Food & Drink (Legacy),Alternative Medicine,United States,78,$16.92  ~ $19.53 ,$22.75 ,N/A,0.09%,57.09%,N/A
Food & Drink (Legacy),Clothing,Canada,37,$15.82  ~ $18.65 ,$46.87 ,N/A,0.03%,91.86%,N/A
Food & Drink (Legacy),Clothing,United States,138,$9.40  ~ $19.51 ,$28.99 ,N/A,0.07%,68.81%,N/A
Food & Drink (Legacy),Retirement Planning,United States,73,$16.23  ~ $24.16 ,$272.22 ,N/A,0.01%,92.56%,N/A
Food & Drink (Legacy),Investors & Patents,United States,99,$20.65  ~ $20.73 ,$244.48 ,N/A,0.01%,87.29%,N/A
Food & Drink (Legacy),Metals,United States,451,$12.21  ~ $17.03 ,$65.41 ,N/A,0.03%,86.18%,N/A
Food & Drink (Legacy),Metals,Canada,1,$14.45  ~ $14.90 ,N/A,N/A,N/A,89.95%,N/A
Food & Drink (Legacy),Education,United States,279,$12.77  ~ $16.02 ,$91.23 ,N/A,0.02%,88.77%,N/A
Food & Drink (Legacy),College,United States,89,$14.94  ~ $15.59 ,$83.74 ,N/A,0.02%,86.15%,N/A
Food & Drink (Legacy),Apartments,United States,14,$15.27  ~ $16.21 ,N/A,N/A,N/A,93.74%,N/A
Food & Drink (Legacy),Graduate School,United States,"1,007",$18.68  ~ $18.84 ,$52.16 ,N/A,0.04%,79.94%,N/A
Food & Drink (Legacy),Hunting/Shooting,United States,22,$17.76  ~ $17.76 ,N/A,N/A,N/A,88.33%,N/A
Food & Drink (Legacy),Family & Parenting,United States,63,$13.71  ~ $16.12 ,$42.37 ,N/A,0.04%,84.52%,N/A
Food & Drink (Legacy),Weddings,United States,5,$18.54  ~ $45.09 ,N/A,N/A,N/A,97.74%,N/A
Food & Drink (Legacy),Business Software,United States,824,$17.19  ~ $17.23 ,$70.25 ,N/A,0.02%,88.64%,N/A
Food & Drink (Legacy),Business Software,Canada,4,$12.83  ~ $28.21 ,$41.26 ,N/A,0.03%,91.58%,N/A
Food & Drink (Legacy),Arts & Crafts,United States,96,$17.95  ~ $17.95 ,$153.33 ,N/A,0.01%,91.29%,N/A
Food & Drink (Legacy),By US Locale,United States,1,$21.05  ~ $45.48 ,N/A,N/A,N/A,94.83%,N/A
Food & Drink (Legacy),Exercise,United States,27,$15.26  ~ $16.93 ,$97.90 ,N/A,0.02%,92.33%,N/A
Food & Drink (Legacy),Food & Drink,United States,196,$21.23  ~ $22.42 ,$100.78 ,N/A,0.02%,88.76%,N/A
Food & Drink (Legacy),Food & Drink,Canada,68,$7.80  ~ $17.17 ,$66.01 ,N/A,0.01%,90.89%,N/A
Food & Drink (Legacy),Health/Lowfat Cooking,United States,627,$17.22  ~ $17.26 ,$45.93 ,N/A,0.04%,78.31%,N/A
Food & Drink (Legacy),Bed & Breakfasts,United States,532,$18.22  ~ $18.22 ,$194.45 ,N/A,0.01%,95.50%,N/A
Food & Drink (Legacy),Weight Loss,United States,144,$13.65  ~ $19.54 ,$92.82 ,N/A,0.02%,92.73%,N/A
Food & Drink (Legacy),Health & Fitness,Canada,35,$18.22  ~ $18.76 ,$46.84 ,N/A,0.04%,84.15%,N/A
Food & Drink (Legacy),Health & Fitness,United States,"1,917",$16.72  ~ $16.88 ,$47.59 ,N/A,0.04%,78.89%,N/A
Food & Drink (Legacy),Pets,United States,93,$18.86  ~ $46.19 ,N/A,N/A,N/A,92.70%,N/A
Food & Drink (Legacy),Technology & Computing,United States,8,$35.14  ~ $46.87 ,$62.21 ,N/A,0.06%,75.62%,N/A
Food & Drink (Legacy),Fine Art,United States,1,$13.14  ~ $17.44 ,N/A,N/A,N/A,85.93%,N/A
Food & Drink (Legacy),Fine Art,Canada,3,$19.18  ~ $24.61 ,$14.19 ,N/A,0.14%,68.93%,N/A
Food & Drink (Legacy),Nutrition,Canada,37,$9.29  ~ $9.29 ,$36.79 ,N/A,0.03%,86.42%,N/A
Food & Drink (Legacy),Cold & Flu,United States,159,$11.16  ~ $13.19 ,$14.40 ,N/A,0.08%,76.21%,N/A
Food & Drink (Legacy),Construction,United States,4,$18.42  ~ $18.58 ,$35.20 ,N/A,0.05%,91.46%,N/A
Food & Drink (Legacy),Honeymoons/Getaways,United States,302,$15.85  ~ $23.06 ,$56.53 ,N/A,0.04%,78.95%,N/A
Food & Drink (Legacy),Football,United States,52,$15.77  ~ $15.77 ,$25.11 ,N/A,0.06%,89.80%,N/A
Food & Drink (Legacy),Internet Technology,Canada,15,$18.35  ~ $44.20 ,N/A,N/A,N/A,74.63%,N/A
Food & Drink (Legacy),Internet Technology,United States,99,$8.11  ~ $8.18 ,N/A,N/A,N/A,71.36%,N/A
Food & Drink (Legacy),Pro Basketball,United States,41,$18.72  ~ $18.72 ,$47.07 ,N/A,0.04%,69.27%,N/A
Food & Drink (Legacy),Cancer,United States,71,$17.15  ~ $20.08 ,$101.09 ,N/A,0.02%,84.81%,N/A
Food & Drink (Legacy),Birdwatching,United States,3,$18.94  ~ $18.94 ,$37.40 ,N/A,0.05%,97.46%,N/A
Food & Drink (Legacy),Buying/Selling Homes,United States,342,$21.22  ~ $21.58 ,$22.90 ,N/A,0.09%,82.62%,N/A
Food & Drink (Legacy),Card Games,United States,"1,068",$23.20  ~ $23.25 ,$179.08 ,N/A,0.01%,88.98%,N/A
Food & Drink (Legacy),Card Games,Canada,4,$14.20  ~ $17.15 ,$79.85 ,N/A,0.02%,90.76%,N/A
Food & Drink (Legacy),Video & Computer Games,United States,41,$19.72  ~ $19.72 ,$18.21 ,N/A,0.11%,84.20%,N/A
Food & Drink (Legacy),Accessories,United States,7,$19.64  ~ $23.73 ,$41.39 ,N/A,0.06%,85.19%,N/A
Food & Drink (Legacy),Shopping,United States,"1,082",$16.23  ~ $16.66 ,$87.07 ,N/A,0.02%,88.73%,N/A
Food & Drink (Legacy),Biotech/Biomedical,United States,511,$27.25  ~ $27.99 ,$31.53 ,N/A,0.09%,79.07%,N/A
Food & Drink (Legacy),Biotech/Biomedical,Canada,1,$18.85  ~ $45.70 ,N/A,N/A,N/A,84.75%,N/A
Food & Drink (Legacy),Human Resources,United States,124,$24.60  ~ $24.91 ,$77.76 ,N/A,0.03%,81.09%,N/A
Food & Drink (Legacy),Human Resources,Canada,65,$12.47  ~ $13.09 ,$65.48 ,N/A,0.02%,88.68%,N/A
Food & Drink (Legacy),Sexuality,United States,1,$11.04  ~ $24.18 ,$0.99 ,N/A,1.11%,91.23%,N/A
Food & Drink (Legacy),Careers,United States,44,$23.92  ~ $24.04 ,$69.89 ,N/A,0.03%,92.33%,N/A
Food & Drink (Legacy),Careers,Canada,2,$5.19  ~ $11.97 ,$82.69 ,N/A,0.01%,94.71%,N/A
Food & Drink (Legacy),Home Repair,United States,424,$17.02  ~ $21.57 ,$97.47 ,N/A,0.02%,86.30%,N/A
Food & Drink (Legacy),Home Repair,Canada,32,$8.83  ~ $9.07 ,$32.47 ,N/A,0.03%,87.60%,N/A
Food & Drink (Legacy),Personal Finance,United States,939,$16.55  ~ $17.15 ,$25.57 ,N/A,0.06%,73.01%,N/A
Food & Drink (Legacy),Personal Finance,Canada,1,$19.77  ~ $47.70 ,$74.22 ,N/A,0.03%,90.02%,N/A
Food & Drink (Legacy),Psychology/Psychiatry,United States,533,$22.07  ~ $22.32 ,$34.19 ,N/A,0.06%,76.82%,N/A
Food & Drink (Legacy),Incest/Abuse Support,United States,420,$20.73  ~ $23.47 ,$102.52 ,N/A,0.02%,86.75%,N/A
Food & Drink (Legacy),Career Planning,United States,278,$18.50  ~ $20.03 ,$59.50 ,N/A,0.03%,83.18%,N/A
Food & Drink (Legacy),Auto Parts,United States,25,$6.84  ~ $7.26 ,$18.88 ,N/A,0.04%,89.07%,N/A
Food & Drink (Legacy),Buying/Selling Cars,United States,"1,880",$27.67  ~ $27.71 ,$215.44 ,N/A,0.01%,90.00%,N/A
Food & Drink (Legacy),Hobbies & Interests,United States,270,$14.84  ~ $16.50 ,$173.43 ,N/A,0.01%,90.53%,N/A
Food & Drink (Legacy),Senior Living,United States,231,$9.11  ~ $9.97 ,$24.47 ,N/A,0.04%,81.69%,N/A
Food & Drink (Legacy),Credit/Debt & Loans,United States,75,$20.33  ~ $23.98 ,$45.34 ,N/A,0.05%,87.48%,N/A
Food & Drink (Legacy),Credit/Debt & Loans,Canada,26,$5.60  ~ $5.60 ,$99.83 ,N/A,0.01%,97.22%,N/A
Food & Drink (Legacy),Dogs,United States,148,$13.79  ~ $24.80 ,N/A,N/A,N/A,91.16%,N/A
Food & Drink (Legacy),Dogs,Canada,23,$11.87  ~ $25.12 ,$333.69 ,N/A,0.00%,93.32%,N/A
Food & Drink (Legacy),Computer Networking,United States,62,$18.54  ~ $41.19 ,$121.00 ,N/A,0.02%,95.35%,N/A
Food & Drink (Legacy),Computer Peripherals,United States,8,$27.68  ~ $28.01 ,N/A,N/A,N/A,81.71%,N/A
Food & Drink (Legacy),Contests & Freebies,United States,141,$21.54  ~ $21.54 ,N/A,N/A,N/A,95.20%,N/A
Food & Drink (Legacy),Adult Education,United States,128,$10.79  ~ $12.44 ,$16.89 ,N/A,0.07%,65.91%,N/A
Food & Drink (Legacy),Interior Decorating,United States,623,$10.86  ~ $13.98 ,$24.41 ,N/A,0.04%,74.29%,N/A
Food & Drink (Legacy),Interior Decorating,Canada,19,$12.35  ~ $13.25 ,$98.08 ,N/A,0.01%,94.23%,N/A
Food & Drink (Legacy),Coffee/Tea,United States,440,$13.85  ~ $13.85 ,$95.02 ,N/A,0.01%,86.16%,N/A
Food & Drink (Legacy),Advertising,United States,254,$17.13  ~ $17.22 ,$39.79 ,N/A,0.04%,82.93%,N/A
Food & Drink (Legacy),Advertising,Canada,35,$6.77  ~ $14.09 ,$47.64 ,N/A,0.03%,87.05%,N/A
Food & Drink (Legacy),Cocktails/Beer,United States,23,$7.17  ~ $10.10 ,$29.35 ,N/A,0.03%,78.41%,N/A
Food & Drink (Legacy),Music,United States,148,$14.46  ~ $14.54 ,N/A,N/A,N/A,86.27%,N/A
Food & Drink (Legacy),Theme Parks,United States,96,$27.31  ~ $27.31 ,N/A,N/A,N/A,90.98%,N/A
Food & Drink (Legacy),Gardening,United States,"4,546",$7.18  ~ $7.26 ,$31.59 ,N/A,0.02%,85.47%,N/A
Food & Drink (Legacy),Gardening,Canada,7,$15.76  ~ $15.76 ,N/A,N/A,N/A,96.18%,N/A
Food & Drink (Legacy),Government,United States,3,$33.45  ~ $33.45 ,$7.07 ,N/A,0.47%,82.98%,N/A
Food & Drink (Legacy),Appliances,United States,35,$14.12  ~ $14.27 ,N/A,N/A,N/A,93.26%,N/A
Food & Drink (Legacy),Logistics,United States,111,$18.46  ~ $20.70 ,$63.02 ,N/A,0.03%,80.66%,N/A
Food & Drink (Legacy),Logistics,Canada,62,$11.16  ~ $14.20 ,$85.79 ,N/A,0.02%,89.44%,N/A
Food & Drink (Legacy),Catholicism,United States,2,$23.30  ~ $57.73 ,N/A,N/A,N/A,84.08%,N/A
Food & Drink (Legacy),News,United States,316,$18.16  ~ $19.83 ,$62.23 ,N/A,0.03%,81.89%,N/A
Food & Drink (Legacy),News,Canada,65,$18.70  ~ $42.90 ,N/A,N/A,N/A,92.68%,N/A
Food & Drink (Legacy),Legal Issues,United States,"4,303",$18.54  ~ $18.57 ,$47.17 ,N/A,0.04%,81.40%,N/A
Food & Drink (Legacy),Legal Issues,Canada,224,$16.49  ~ $16.76 ,$91.70 ,N/A,0.02%,89.27%,N/A
Food & Drink (Legacy),Cruises,United States,702,$4.81  ~ $16.34 ,$36.57 ,N/A,0.01%,88.86%,N/A
Food & Drink (Legacy),Green Solutions,United States,244,$24.88  ~ $26.41 ,$51.25 ,N/A,0.05%,74.15%,N/A
Food & Drink (Legacy),Automotive,United States,"1,577",$16.31  ~ $17.37 ,$85.60 ,N/A,0.02%,71.59%,N/A
Food & Drink (Legacy),Automotive,Canada,9,$19.08  ~ $19.08 ,$65.65 ,N/A,0.03%,72.70%,N/A
Food & Drink (Legacy),Books & Literature,United States,1,$18.72  ~ $44.51 ,N/A,N/A,N/A,97.19%,N/A
Food & Drink (Legacy),Pediatrics,United States,10,$18.76  ~ $20.03 ,N/A,N/A,N/A,77.64%,N/A
Food & Drink (Legacy),Hotels,United States,185,$17.10  ~ $18.37 ,$59.34 ,N/A,0.03%,84.79%,N/A
Food & Drink (Legacy),Dental Care,United States,1,$9.80  ~ $12.00 ,$7.91 ,N/A,0.12%,79.30%,N/A
Food & Drink (Legacy),Dining Out,United States,472,$14.73  ~ $16.22 ,$86.68 ,N/A,0.02%,86.07%,N/A
Food & Drink (Legacy),Insurance,United States,"1,442",$29.13  ~ $30.92 ,$25.08 ,N/A,0.12%,65.62%,N/A
Food & Drink (Legacy),Insurance,Canada,10,$16.31  ~ $17.57 ,$116.23 ,N/A,0.02%,94.84%,N/A
Food & Drink (Legacy),Home & Garden,United States,"5,423",$6.40  ~ $9.02 ,$13.96 ,N/A,0.05%,75.93%,N/A
Food & Drink (Legacy),Job Search,United States,79,$13.31  ~ $13.71 ,$44.17 ,N/A,0.03%,87.85%,N/A
Food & Drink (Legacy),Cigars,United States,11,$15.47  ~ $15.84 ,$49.21 ,N/A,0.03%,79.24%,N/A
Food & Drink (Legacy),Mutual Funds,United States,"1,016",$14.26  ~ $17.16 ,$21.75 ,N/A,0.08%,67.64%,N/A
Food & Drink (Legacy),K-6 Educators,United States,33,$21.90  ~ $25.04 ,N/A,N/A,N/A,82.25%,N/A
Food & Drink (Legacy),Desserts & Baking,United States,3,$10.65  ~ $10.65 ,$34.14 ,N/A,0.03%,85.60%,N/A
Food & Drink (Legacy),Remodeling & Construction,United States,254,$20.03  ~ $20.34 ,$289.59 ,N/A,0.01%,89.76%,N/A
Food & Drink (Legacy),Jewelry,United States,2,$0.00  ~ $0.00 ,N/A,N/A,N/A,N/A,N/A
Food & Drink (Legacy),Sailing,United States,1,$0.00  ~ $0.00 ,N/A,N/A,N/A,N/A,N/A
Food & Drink (Legacy),Bed & Breakfasts,Canada,2,$0.00  ~ $0.00 ,N/A,N/A,N/A,N/A,N/A
Food & Drink (Legacy),Motorcycles,United States,1,$0.00  ~ $0.00 ,N/A,N/A,N/A,N/A,N/A
Food & Drink (Legacy),Cameras & Camcorders,United States,2,$0.00  ~ $0.00 ,N/A,N/A,N/A,N/A,N/A
Health & Fitness (Legacy),Career Planning,United States,386,$19.77  ~ $21.08 ,$143.31 ,N/A,0.01%,50.67%,N/A
Health & Fitness (Legacy),Gardening,United States,"11,559",$6.53  ~ $6.59 ,$28.64 ,N/A,0.02%,78.96%,N/A
Health & Fitness (Legacy),Gardening,Canada,9,$17.70  ~ $17.70 ,N/A,N/A,N/A,90.73%,N/A
Health & Fitness (Legacy),Construction,United States,16,$18.55  ~ $18.82 ,$11.00 ,N/A,0.17%,80.36%,N/A
Health & Fitness (Legacy),Music,United States,153,$15.82  ~ $15.95 ,$47.98 ,N/A,0.03%,77.22%,N/A
Health & Fitness (Legacy),Personal Finance,United States,"1,815",$14.84  ~ $15.56 ,$19.33 ,N/A,0.08%,57.62%,N/A
Health & Fitness (Legacy),Metals,Canada,73,$15.06  ~ $17.84 ,$8.76 ,N/A,0.20%,84.01%,N/A
Health & Fitness (Legacy),Metals,United States,"1,822",$13.01  ~ $18.55 ,$44.85 ,N/A,0.04%,75.51%,N/A
Health & Fitness (Legacy),Health & Fitness,Canada,291,$18.45  ~ $19.53 ,$19.16 ,N/A,0.10%,77.07%,N/A
Health & Fitness (Legacy),Health & Fitness,United States,"2,712",$15.45  ~ $17.09 ,$36.05 ,N/A,0.05%,74.40%,N/A
Health & Fitness (Legacy),Senor Health,United States,88,$11.62  ~ $12.22 ,$44.13 ,N/A,0.03%,67.46%,N/A
Health & Fitness (Legacy),Incest/Abuse Support,United States,"1,689",$17.17  ~ $22.79 ,$54.93 ,N/A,0.03%,76.70%,N/A
Health & Fitness (Legacy),Accessories,United States,26,$19.51  ~ $27.21 ,$21.46 ,N/A,0.13%,78.80%,N/A
Health & Fitness (Legacy),Honeymoons/Getaways,United States,804,$15.64  ~ $19.89 ,$75.36 ,N/A,0.03%,73.82%,N/A
Health & Fitness (Legacy),Cancer,United States,85,$16.12  ~ $20.40 ,$67.80 ,N/A,0.03%,77.50%,N/A
Health & Fitness (Legacy),Home Repair,Canada,362,$8.80  ~ $9.01 ,$14.17 ,N/A,0.06%,79.00%,N/A
Health & Fitness (Legacy),Home Repair,United States,657,$16.14  ~ $20.62 ,$44.82 ,N/A,0.04%,79.15%,N/A
Health & Fitness (Legacy),Psychology/Psychiatry,United States,"1,390",$20.10  ~ $20.15 ,$23.50 ,N/A,0.09%,65.52%,N/A
Health & Fitness (Legacy),Home & Garden,United States,"10,858",$6.28  ~ $8.31 ,$13.08 ,N/A,0.05%,68.74%,N/A
Health & Fitness (Legacy),Pro Basketball,United States,206,$16.93  ~ $16.93 ,$32.44 ,N/A,0.05%,72.54%,N/A
Health & Fitness (Legacy),Dogs,United States,"1,568",$16.75  ~ $24.30 ,N/A,N/A,N/A,88.24%,N/A
Health & Fitness (Legacy),Dogs,Canada,139,$11.80  ~ $23.86 ,$58.52 ,N/A,0.02%,87.36%,N/A
Health & Fitness (Legacy),Buying/Selling Homes,United States,274,$20.07  ~ $20.87 ,$24.67 ,N/A,0.08%,76.93%,N/A
Health & Fitness (Legacy),Hotels,United States,506,$14.02  ~ $16.81 ,N/A,N/A,N/A,78.46%,N/A
Health & Fitness (Legacy),Internet Technology,Canada,12,$18.55  ~ $42.30 ,N/A,N/A,N/A,77.21%,N/A
Health & Fitness (Legacy),Internet Technology,United States,21,$8.96  ~ $9.31 ,N/A,N/A,N/A,84.31%,N/A
Health & Fitness (Legacy),Automotive,United States,611,$14.12  ~ $16.25 ,$60.89 ,N/A,0.02%,75.87%,N/A
Health & Fitness (Legacy),Automotive,Canada,5,$18.99  ~ $18.99 ,N/A,N/A,N/A,72.54%,N/A
Health & Fitness (Legacy),By US Locale,United States,5,$21.53  ~ $46.31 ,N/A,N/A,N/A,88.31%,N/A
Health & Fitness (Legacy),Environmental Safety,United States,22,$15.60  ~ $15.60 ,N/A,N/A,N/A,72.88%,N/A
Health & Fitness (Legacy),Job Search,United States,119,$12.98  ~ $13.26 ,$47.63 ,N/A,0.03%,82.15%,N/A
Health & Fitness (Legacy),Off-Road Vehicles,United States,9,$18.71  ~ $18.71 ,N/A,N/A,N/A,80.24%,N/A
Health & Fitness (Legacy),Off-Road Vehicles,Canada,30,$12.26  ~ $12.26 ,N/A,N/A,N/A,85.98%,N/A
Health & Fitness (Legacy),Technology & Computing,United States,16,$23.01  ~ $24.96 ,$24.99 ,N/A,0.09%,47.27%,N/A
Health & Fitness (Legacy),K-6 Educators,United States,6,$21.05  ~ $21.37 ,N/A,N/A,N/A,68.59%,N/A
Health & Fitness (Legacy),Couponing,United States,5,$10.30  ~ $20.60 ,$44.62 ,N/A,0.05%,84.79%,N/A
Health & Fitness (Legacy),Veterinary Medicine,United States,119,$18.72  ~ $18.91 ,N/A,N/A,N/A,82.79%,N/A
Health & Fitness (Legacy),Cigars,United States,12,$15.52  ~ $15.91 ,$35.16 ,N/A,0.04%,71.46%,N/A
Health & Fitness (Legacy),Legal Issues,United States,"5,699",$17.82  ~ $17.88 ,$36.27 ,N/A,0.05%,72.62%,N/A
Health & Fitness (Legacy),Legal Issues,Canada,979,$19.01  ~ $19.44 ,N/A,N/A,N/A,84.24%,N/A
Health & Fitness (Legacy),Apartments,United States,63,$16.13  ~ $18.60 ,N/A,N/A,N/A,85.70%,N/A
Health & Fitness (Legacy),Advertising,Canada,409,$6.70  ~ $15.35 ,$85.36 ,N/A,0.02%,83.56%,N/A
Health & Fitness (Legacy),Advertising,United States,338,$16.78  ~ $16.98 ,$39.50 ,N/A,0.04%,69.72%,N/A
Health & Fitness (Legacy),Cocktails/Beer,United States,17,$6.92  ~ $9.75 ,$13.64 ,N/A,0.07%,73.70%,N/A
Health & Fitness (Legacy),Bed & Breakfasts,United States,680,$18.11  ~ $18.11 ,$346.12 ,N/A,0.01%,85.55%,N/A
Health & Fitness (Legacy),Network Security,United States,1,$12.80  ~ $12.80 ,N/A,N/A,N/A,62.18%,N/A
Health & Fitness (Legacy),Hunting/Shooting,United States,25,$17.42  ~ $17.42 ,N/A,N/A,N/A,87.20%,N/A
Health & Fitness (Legacy),Theme Parks,United States,146,$26.50  ~ $26.50 ,$14.60 ,N/A,0.18%,84.37%,N/A
Health & Fitness (Legacy),Shopping,United States,"3,475",$13.84  ~ $14.40 ,$55.86 ,N/A,0.03%,79.72%,N/A
Health & Fitness (Legacy),Martial Arts,United States,7,$13.26  ~ $13.26 ,$3.54 ,N/A,0.37%,55.26%,N/A
Health & Fitness (Legacy),Football,United States,17,$9.86  ~ $9.86 ,$32.03 ,N/A,0.03%,68.82%,N/A
Health & Fitness (Legacy),Exercise,United States,9,$14.98  ~ $21.70 ,N/A,N/A,N/A,85.36%,N/A
Health & Fitness (Legacy),Catholicism,United States,1,$23.95  ~ $58.15 ,N/A,N/A,N/A,75.63%,N/A
Health & Fitness (Legacy),Cruises,Canada,2,$13.13  ~ $15.84 ,$13.00 ,N/A,0.12%,65.40%,N/A
Health & Fitness (Legacy),Cruises,United States,"4,891",$4.16  ~ $17.36 ,N/A,N/A,N/A,84.93%,N/A
Health & Fitness (Legacy),Contests & Freebies,United States,150,$20.66  ~ $20.66 ,N/A,N/A,N/A,83.96%,N/A
Health & Fitness (Legacy),Travel,United States,"1,484",$16.64  ~ $17.23 ,$45.21 ,N/A,0.04%,77.29%,N/A
Health & Fitness (Legacy),Business Software,United States,"1,524",$22.64  ~ $23.01 ,$74.40 ,N/A,0.03%,75.35%,N/A
Health & Fitness (Legacy),Business Software,Canada,94,$14.30  ~ $15.96 ,$48.87 ,N/A,0.03%,88.73%,N/A
Health & Fitness (Legacy),Pets,United States,873,$18.87  ~ $45.24 ,N/A,N/A,N/A,84.02%,N/A
Health & Fitness (Legacy),Human Resources,United States,"1,053",$23.06  ~ $23.10 ,$77.43 ,N/A,0.03%,70.15%,N/A
Health & Fitness (Legacy),Human Resources,Canada,308,$13.60  ~ $13.95 ,N/A,N/A,N/A,81.31%,N/A
Health & Fitness (Legacy),Weight Loss,United States,183,$13.98  ~ $19.28 ,N/A,N/A,N/A,90.95%,N/A
Health & Fitness (Legacy),Insurance,United States,"2,127",$28.94  ~ $30.57 ,$26.63 ,N/A,0.11%,63.50%,N/A
Health & Fitness (Legacy),Insurance,Canada,119,$13.78  ~ $17.54 ,$26.71 ,N/A,0.07%,85.00%,N/A
Health & Fitness (Legacy),Business,United States,"2,055",$14.26  ~ $16.48 ,$46.13 ,N/A,0.03%,77.53%,N/A
Health & Fitness (Legacy),Business,Canada,559,$3.93  ~ $4.59 ,$30.01 ,N/A,0.02%,84.92%,N/A
Health & Fitness (Legacy),Coffee/Tea,United States,"2,983",$13.54  ~ $13.54 ,$76.70 ,N/A,0.02%,75.10%,N/A
Health & Fitness (Legacy),Computer Peripherals,United States,37,$27.50  ~ $28.51 ,N/A,N/A,N/A,73.41%,N/A
Health & Fitness (Legacy),Arts & Entertainment,United States,612,$15.98  ~ $17.13 ,$79.08 ,N/A,0.02%,79.19%,N/A
Health & Fitness (Legacy),Arts & Entertainment,Canada,2,$9.78  ~ $22.25 ,N/A,N/A,N/A,76.83%,N/A
Health & Fitness (Legacy),College,United States,288,$16.21  ~ $17.29 ,$49.47 ,N/A,0.03%,79.52%,N/A
Health & Fitness (Legacy),Investors & Patents,United States,209,$20.01  ~ $20.14 ,$109.47 ,N/A,0.02%,74.87%,N/A
Health & Fitness (Legacy),News,United States,"1,060",$19.10  ~ $19.49 ,$42.54 ,N/A,0.05%,68.86%,N/A
Health & Fitness (Legacy),News,Canada,70,$18.63  ~ $46.56 ,N/A,N/A,N/A,85.41%,N/A
Health & Fitness (Legacy),Card Games,United States,"1,441",$21.44  ~ $21.52 ,$69.22 ,N/A,0.03%,85.37%,N/A
Health & Fitness (Legacy),Card Games,Canada,32,$14.09  ~ $16.93 ,$33.58 ,N/A,0.05%,83.50%,N/A
Health & Fitness (Legacy),Green Solutions,United States,584,$27.10  ~ $27.62 ,$77.54 ,N/A,0.04%,66.34%,N/A
Health & Fitness (Legacy),Desserts & Baking,United States,5,$10.70  ~ $10.70 ,$22.47 ,N/A,0.05%,79.59%,N/A
Health & Fitness (Legacy),Politics,United States,"12,590",$23.15  ~ $23.17 ,$36.95 ,N/A,0.06%,67.00%,N/A
Health & Fitness (Legacy),Mutual Funds,United States,"2,315",$13.86  ~ $15.40 ,$29.28 ,N/A,0.05%,45.36%,N/A
Health & Fitness (Legacy),Senior Living,United States,556,$6.15  ~ $7.65 ,$38.49 ,N/A,0.02%,75.96%,N/A
Health & Fitness (Legacy),Food & Drink,United States,648,$19.00  ~ $20.28 ,N/A,N/A,N/A,85.01%,N/A
Health & Fitness (Legacy),Food & Drink,Canada,260,$7.79  ~ $19.22 ,$20.53 ,N/A,0.04%,82.83%,N/A
Health & Fitness (Legacy),Hobbies & Interests,United States,"1,095",$15.52  ~ $16.88 ,$82.20 ,N/A,0.02%,82.85%,N/A
Health & Fitness (Legacy),Video & Computer Games,United States,126,$19.56  ~ $19.56 ,$81.54 ,N/A,0.02%,77.03%,N/A
Health & Fitness (Legacy),Cold & Flu,United States,237,$11.37  ~ $12.86 ,$16.54 ,N/A,0.07%,70.74%,N/A
Health & Fitness (Legacy),Investing,United States,15,$19.63  ~ $19.94 ,N/A,N/A,N/A,41.91%,N/A
Health & Fitness (Legacy),Family & Parenting,United States,317,$14.13  ~ $15.64 ,$18.59 ,N/A,0.08%,81.10%,N/A
Health & Fitness (Legacy),Agriculture,United States,155,$16.64  ~ $16.81 ,N/A,N/A,N/A,90.65%,N/A
Health & Fitness (Legacy),Buying/Selling Cars,Canada,18,$20.21  ~ $20.76 ,$64.82 ,N/A,0.03%,75.75%,N/A
Health & Fitness (Legacy),Buying/Selling Cars,United States,"1,815",$26.37  ~ $26.49 ,$54.75 ,N/A,0.05%,78.80%,N/A
Health & Fitness (Legacy),Real Estate,United States,234,$15.77  ~ $16.65 ,$30.13 ,N/A,0.06%,65.46%,N/A
Health & Fitness (Legacy),Real Estate,Canada,3,$18.71  ~ $44.61 ,N/A,N/A,N/A,75.79%,N/A
Health & Fitness (Legacy),Health/Lowfat Cooking,United States,202,$17.75  ~ $17.80 ,$21.85 ,N/A,0.08%,71.92%,N/A
Health & Fitness (Legacy),Careers,United States,24,$20.33  ~ $20.65 ,$111.24 ,N/A,0.02%,81.80%,N/A
Health & Fitness (Legacy),Careers,Canada,4,$6.10  ~ $10.95 ,$41.68 ,N/A,0.01%,90.31%,N/A
Health & Fitness (Legacy),"Law, Gov't & Politics",United States,70,$34.90  ~ $53.46 ,$100.17 ,N/A,0.03%,71.40%,N/A
Health & Fitness (Legacy),Biotech/Biomedical,United States,"2,145",$26.85  ~ $26.92 ,$29.91 ,N/A,0.09%,65.29%,N/A
Health & Fitness (Legacy),Nutrition,Canada,20,$11.66  ~ $11.66 ,$18.35 ,N/A,0.06%,74.30%,N/A
Health & Fitness (Legacy),Birdwatching,United States,2,$19.00  ~ $19.00 ,N/A,N/A,N/A,89.01%,N/A
Health & Fitness (Legacy),Appliances,United States,18,$14.38  ~ $14.58 ,N/A,N/A,N/A,88.50%,N/A
Health & Fitness (Legacy),Interior Decorating,Canada,17,$12.40  ~ $13.53 ,$43.98 ,N/A,0.03%,87.75%,N/A
Health & Fitness (Legacy),Interior Decorating,United States,"1,109",$10.68  ~ $14.76 ,$28.49 ,N/A,0.04%,68.52%,N/A
Health & Fitness (Legacy),Canada,Canada,12,$12.33  ~ $12.33 ,N/A,N/A,N/A,80.19%,N/A
Health & Fitness (Legacy),Graduate School,United States,"3,185",$16.82  ~ $16.91 ,$26.11 ,N/A,0.06%,69.15%,N/A
Health & Fitness (Legacy),Dental Care,United States,18,$7.19  ~ $12.53 ,N/A,N/A,N/A,63.78%,N/A
Health & Fitness (Legacy),Alternative Medicine,United States,175,$18.26  ~ $19.20 ,$20.29 ,N/A,0.09%,50.71%,N/A
Health & Fitness (Legacy),Remodeling & Construction,United States,739,$19.05  ~ $19.80 ,$169.03 ,N/A,0.01%,82.63%,N/A
Health & Fitness (Legacy),Fine Art,United States,2,$12.39  ~ $13.87 ,$7.68 ,N/A,0.16%,76.16%,N/A
Health & Fitness (Legacy),Fine Art,Canada,5,$19.09  ~ $24.25 ,N/A,N/A,N/A,60.06%,N/A
Health & Fitness (Legacy),Auto Repair,United States,162,$13.28  ~ $13.28 ,$110.64 ,N/A,0.01%,79.11%,N/A
Health & Fitness (Legacy),Adult Education,United States,856,$11.04  ~ $12.26 ,$88.66 ,N/A,0.01%,78.27%,N/A
Health & Fitness (Legacy),Radio,United States,2,$5.14  ~ $5.14 ,N/A,N/A,N/A,91.14%,N/A
Health & Fitness (Legacy),Clothing,United States,107,$8.96  ~ $19.67 ,$32.45 ,N/A,0.06%,64.57%,N/A
Health & Fitness (Legacy),Clothing,Canada,18,$15.79  ~ $18.57 ,$18.31 ,N/A,0.09%,85.39%,N/A
Health & Fitness (Legacy),Logistics,Canada,81,$7.44  ~ $10.40 ,$105.42 ,N/A,0.01%,83.56%,N/A
Health & Fitness (Legacy),Logistics,United States,261,$21.09  ~ $22.40 ,$43.94 ,N/A,0.05%,73.76%,N/A
Health & Fitness (Legacy),Dining Out,United States,555,$14.11  ~ $15.96 ,$58.10 ,N/A,0.03%,80.64%,N/A
Health & Fitness (Legacy),Credit/Debt & Loans,United States,169,$21.14  ~ $24.86 ,$42.04 ,N/A,0.06%,78.00%,N/A
Health & Fitness (Legacy),Credit/Debt & Loans,Canada,23,$6.32  ~ $6.32 ,$37.53 ,N/A,0.02%,94.01%,N/A
Health & Fitness (Legacy),Retirement Planning,United States,538,$16.62  ~ $24.51 ,$61.33 ,N/A,0.04%,82.28%,N/A
Health & Fitness (Legacy),Pediatrics,United States,40,$19.40  ~ $20.51 ,N/A,N/A,N/A,72.84%,N/A
Health & Fitness (Legacy),Government,United States,2,$33.31  ~ $33.31 ,N/A,N/A,N/A,81.88%,N/A
Health & Fitness (Legacy),Computer Networking,United States,6,$17.45  ~ $37.78 ,N/A,N/A,N/A,93.16%,N/A
Health & Fitness (Legacy),Education,United States,"1,319",$11.73  ~ $14.21 ,$77.57 ,N/A,0.02%,77.53%,N/A
Health & Fitness (Legacy),Arts & Crafts,United States,121,$18.29  ~ $18.29 ,$65.56 ,N/A,0.03%,82.96%,N/A
Health & Fitness (Legacy),Auto Parts,United States,12,$7.28  ~ $7.41 ,$10.05 ,N/A,0.07%,86.40%,N/A
Health & Fitness (Legacy),Bed & Breakfasts,Canada,2,$0.00  ~ $0.00 ,N/A,N/A,N/A,N/A,N/A
Health & Fitness (Legacy),Jewelry,United States,1,$0.00  ~ $0.00 ,N/A,N/A,N/A,N/A,N/A
Hobbies & Interests (Legacy),Buying/Selling Cars,Canada,154,$16.07  ~ $17.81 ,$48.57 ,N/A,0.03%,76.63%,N/A
Hobbies & Interests (Legacy),Buying/Selling Cars,United States,"15,518",$21.28  ~ $21.29 ,$254.73 ,N/A,0.01%,73.57%,N/A
Hobbies & Interests (Legacy),Real Estate,United States,"1,539",$15.88  ~ $16.29 ,$105.10 ,N/A,0.02%,59.40%,N/A
Hobbies & Interests (Legacy),Real Estate,Canada,13,$18.49  ~ $39.84 ,N/A,N/A,N/A,49.47%,N/A
Hobbies & Interests (Legacy),Biotech/Biomedical,United States,"14,556",$24.40  ~ $25.94 ,$214.05 ,N/A,0.01%,75.87%,N/A
Hobbies & Interests (Legacy),Interior Decorating,United States,"1,409",$11.51  ~ $11.76 ,$60.04 ,N/A,0.02%,69.75%,N/A
Hobbies & Interests (Legacy),Interior Decorating,Canada,41,$13.41  ~ $13.54 ,$42.49 ,N/A,0.03%,80.49%,N/A
Hobbies & Interests (Legacy),Cold & Flu,United States,"1,168",$13.40  ~ $19.07 ,$56.36 ,N/A,0.02%,60.31%,N/A
Hobbies & Interests (Legacy),Bed & Breakfasts,United States,"5,732",$17.90  ~ $17.90 ,$320.09 ,N/A,0.01%,71.87%,N/A
Hobbies & Interests (Legacy),Dental Care,United States,49,$11.13  ~ $13.03 ,$34.90 ,N/A,0.03%,75.46%,N/A
Hobbies & Interests (Legacy),Appliances,United States,266,$10.38  ~ $12.88 ,N/A,N/A,N/A,91.22%,N/A
Hobbies & Interests (Legacy),Football,United States,250,$10.98  ~ $10.98 ,$201.77 ,N/A,0.01%,66.17%,N/A
Hobbies & Interests (Legacy),Construction,United States,175,$18.31  ~ $18.80 ,N/A,N/A,N/A,69.26%,N/A
Hobbies & Interests (Legacy),Physical Therapy,United States,6,$19.49  ~ $19.49 ,N/A,N/A,N/A,75.68%,N/A
Hobbies & Interests (Legacy),Hunting/Shooting,United States,553,$15.51  ~ $15.51 ,N/A,N/A,N/A,92.18%,N/A
Hobbies & Interests (Legacy),Birdwatching,United States,70,$17.31  ~ $17.31 ,N/A,N/A,N/A,91.92%,N/A
Hobbies & Interests (Legacy),Arts & Entertainment,United States,"4,114",$15.10  ~ $15.43 ,$166.61 ,N/A,0.01%,84.52%,N/A
Hobbies & Interests (Legacy),Arts & Entertainment,Canada,21,$11.28  ~ $24.10 ,N/A,N/A,N/A,77.34%,N/A
Hobbies & Interests (Legacy),Mutual Funds,United States,"13,119",$15.18  ~ $17.64 ,$36.20 ,N/A,0.05%,58.75%,N/A
Hobbies & Interests (Legacy),Exercise,United States,222,$14.83  ~ $20.84 ,$721.02 ,N/A,0.00%,79.20%,N/A
Hobbies & Interests (Legacy),Couponing,United States,242,$10.35  ~ $16.80 ,$93.16 ,N/A,0.02%,71.16%,N/A
Hobbies & Interests (Legacy),Weight Loss,United States,"2,104",$11.27  ~ $18.31 ,$238.80 ,N/A,0.01%,88.60%,N/A
Hobbies & Interests (Legacy),Air Travel,United States,2,$20.90  ~ $30.76 ,N/A,N/A,N/A,43.94%,N/A
Hobbies & Interests (Legacy),Pediatrics,United States,214,$17.02  ~ $17.30 ,$207.87 ,N/A,0.01%,69.14%,N/A
Hobbies & Interests (Legacy),Logistics,United States,"2,411",$15.76  ~ $17.56 ,$83.11 ,N/A,0.02%,75.28%,N/A
Hobbies & Interests (Legacy),Logistics,Canada,"1,945",$2.43  ~ $5.44 ,$41.21 ,N/A,0.01%,82.49%,N/A
Hobbies & Interests (Legacy),Off-Road Vehicles,United States,78,$18.75  ~ $18.75 ,$156.28 ,N/A,0.01%,77.20%,N/A
Hobbies & Interests (Legacy),Off-Road Vehicles,Canada,71,$12.19  ~ $12.19 ,$82.52 ,N/A,0.01%,77.37%,N/A
Hobbies & Interests (Legacy),Pro Basketball,United States,717,$18.87  ~ $18.87 ,$765.39 ,N/A,0.00%,71.81%,N/A
Hobbies & Interests (Legacy),Computer Networking,United States,366,$13.81  ~ $29.02 ,$508.29 ,N/A,0.00%,95.61%,N/A
Hobbies & Interests (Legacy),Legal Issues,United States,"49,215",$15.22  ~ $15.88 ,$150.74 ,N/A,0.01%,77.83%,N/A
Hobbies & Interests (Legacy),Legal Issues,Canada,"4,649",$18.95  ~ $19.60 ,$190.27 ,N/A,0.01%,84.40%,N/A
Hobbies & Interests (Legacy),Adult Education,United States,"2,980",$11.06  ~ $15.78 ,$283.22 ,N/A,0.01%,83.52%,N/A
Hobbies & Interests (Legacy),Automotive,United States,"5,738",$14.76  ~ $15.81 ,$357.72 ,N/A,0.00%,80.82%,N/A
Hobbies & Interests (Legacy),Automotive,Canada,1,$19.10  ~ $19.10 ,N/A,N/A,N/A,74.47%,N/A
Hobbies & Interests (Legacy),Music,United States,"4,365",$15.78  ~ $15.82 ,"$2,027.10 ",N/A,0.00%,40.32%,N/A
Hobbies & Interests (Legacy),Contests & Freebies,United States,"1,577",$20.87  ~ $20.87 ,$724.41 ,N/A,0.00%,82.67%,N/A
Hobbies & Interests (Legacy),Psychology/Psychiatry,United States,"6,010",$19.41  ~ $21.15 ,$77.04 ,N/A,0.03%,69.72%,N/A
Hobbies & Interests (Legacy),Job Search,United States,"1,507",$13.02  ~ $13.46 ,$926.38 ,N/A,0.00%,83.18%,N/A
Hobbies & Interests (Legacy),By US Locale,United States,48,$22.36  ~ $50.87 ,N/A,N/A,N/A,92.05%,N/A
Hobbies & Interests (Legacy),Theme Parks,United States,"1,408",$24.41  ~ $24.41 ,$149.06 ,N/A,0.02%,71.75%,N/A
Hobbies & Interests (Legacy),Martial Arts,United States,7,$20.15  ~ $20.15 ,$69.86 ,N/A,0.03%,69.16%,N/A
Hobbies & Interests (Legacy),Canada,Canada,33,$12.60  ~ $12.60 ,$20.89 ,N/A,0.06%,74.70%,N/A
Hobbies & Interests (Legacy),Cruises,United States,"48,437",$2.77  ~ $16.22 ,$150.86 ,N/A,0.00%,90.83%,N/A
Hobbies & Interests (Legacy),Cruises,Canada,32,$13.05  ~ $15.11 ,$1.57 ,N/A,0.96%,77.23%,N/A
Hobbies & Interests (Legacy),Pets,United States,"7,481",$18.86  ~ $45.78 ,"$1,504.31 ",N/A,0.00%,88.89%,N/A
Hobbies & Interests (Legacy),Nutrition,Canada,334,$5.36  ~ $5.36 ,$27.95 ,N/A,0.02%,80.88%,N/A
Hobbies & Interests (Legacy),Internet Technology,Canada,70,$18.45  ~ $39.68 ,N/A,N/A,N/A,52.56%,N/A
Hobbies & Interests (Legacy),Internet Technology,United States,40,$11.62  ~ $12.29 ,$85.88 ,N/A,0.01%,75.28%,N/A
Hobbies & Interests (Legacy),Alternative Medicine,United States,473,$11.79  ~ $17.30 ,$92.07 ,N/A,0.02%,70.29%,N/A
Hobbies & Interests (Legacy),Business Software,United States,"11,300",$12.03  ~ $12.70 ,$286.48 ,N/A,0.00%,78.18%,N/A
Hobbies & Interests (Legacy),Business Software,Canada,676,$12.02  ~ $13.73 ,$164.42 ,N/A,0.01%,80.18%,N/A
Hobbies & Interests (Legacy),Home & Garden,United States,"49,253",$7.36  ~ $8.47 ,$21.51 ,N/A,0.03%,71.16%,N/A
Hobbies & Interests (Legacy),Weddings,United States,16,$15.50  ~ $33.96 ,N/A,N/A,N/A,92.59%,N/A
Hobbies & Interests (Legacy),Technology & Computing,United States,182,$26.59  ~ $28.08 ,N/A,N/A,N/A,60.80%,N/A
Hobbies & Interests (Legacy),Retirement Planning,United States,"2,463",$16.11  ~ $21.47 ,$813.92 ,N/A,0.00%,89.63%,N/A
Hobbies & Interests (Legacy),Honeymoons/Getaways,United States,"2,789",$19.14  ~ $21.90 ,$53.53 ,N/A,0.04%,76.01%,N/A
Hobbies & Interests (Legacy),Veterinary Medicine,United States,775,$18.03  ~ $18.27 ,$331.04 ,N/A,0.01%,89.22%,N/A
Hobbies & Interests (Legacy),Investing,United States,324,$19.14  ~ $19.16 ,$86.37 ,N/A,0.02%,45.13%,N/A
Hobbies & Interests (Legacy),Incest/Abuse Support,United States,"14,946",$13.01  ~ $20.07 ,$150.27 ,N/A,0.01%,65.31%,N/A
Hobbies & Interests (Legacy),Insurance,United States,"8,296",$27.55  ~ $31.50 ,$48.66 ,N/A,0.06%,72.28%,N/A
Hobbies & Interests (Legacy),Accessories,United States,200,$17.21  ~ $18.39 ,$164.00 ,N/A,0.01%,90.10%,N/A
Hobbies & Interests (Legacy),Arts & Crafts,United States,258,$16.66  ~ $16.66 ,$148.28 ,N/A,0.01%,77.52%,N/A
Hobbies & Interests (Legacy),Network Security,United States,57,$13.28  ~ $13.28 ,$69.75 ,N/A,0.02%,62.99%,N/A
Hobbies & Interests (Legacy),Cocktails/Beer,United States,166,$10.12  ~ $12.74 ,$58.76 ,N/A,0.02%,80.16%,N/A
Hobbies & Interests (Legacy),Senor Health,United States,316,$10.59  ~ $11.20 ,$60.00 ,N/A,0.02%,68.59%,N/A
Hobbies & Interests (Legacy),Cigars,United States,48,$12.82  ~ $13.27 ,$99.91 ,N/A,0.01%,77.46%,N/A
Hobbies & Interests (Legacy),Card Games,United States,"6,045",$19.86  ~ $19.94 ,$107.97 ,N/A,0.02%,83.92%,N/A
Hobbies & Interests (Legacy),Card Games,Canada,350,$14.07  ~ $16.71 ,$32.61 ,N/A,0.05%,75.80%,N/A
Hobbies & Interests (Legacy),Environmental Safety,United States,149,$12.41  ~ $12.41 ,$75.86 ,N/A,0.02%,87.34%,N/A
Hobbies & Interests (Legacy),Landscaping,United States,1,$35.87  ~ $35.87 ,N/A,N/A,N/A,66.00%,N/A
Hobbies & Interests (Legacy),Shopping,United States,"44,682",$14.38  ~ $14.67 ,$371.09 ,N/A,0.00%,85.26%,N/A
Hobbies & Interests (Legacy),Shopping,Canada,2,$9.56  ~ $22.40 ,N/A,N/A,N/A,33.33%,N/A
Hobbies & Interests (Legacy),Business,United States,"12,215",$4.21  ~ $14.19 ,$239.22 ,N/A,0.00%,69.65%,N/A
Hobbies & Interests (Legacy),Business,Canada,"2,498",$1.77  ~ $2.48 ,$84.21 ,N/A,0.00%,67.64%,N/A
Hobbies & Interests (Legacy),Advertising,United States,"1,935",$12.20  ~ $13.06 ,$96.02 ,N/A,0.01%,74.05%,N/A
Hobbies & Interests (Legacy),Advertising,Canada,460,$7.11  ~ $14.67 ,$63.90 ,N/A,0.02%,80.57%,N/A
Hobbies & Interests (Legacy),Education,United States,"12,545",$12.86  ~ $14.42 ,$283.89 ,N/A,0.01%,76.21%,N/A
Hobbies & Interests (Legacy),Gardening,United States,"84,683",$7.27  ~ $7.32 ,$41.12 ,N/A,0.02%,82.07%,N/A
Hobbies & Interests (Legacy),Gardening,Canada,37,$17.21  ~ $17.21 ,$54.05 ,N/A,0.03%,94.04%,N/A
Hobbies & Interests (Legacy),Government,United States,36,$26.54  ~ $26.54 ,$178.96 ,N/A,0.01%,72.64%,N/A
Hobbies & Interests (Legacy),Senior Living,United States,"9,247",$6.47  ~ $6.98 ,$114.50 ,N/A,0.01%,78.96%,N/A
Hobbies & Interests (Legacy),Hotels,United States,"3,970",$15.97  ~ $17.76 ,$179.94 ,N/A,0.01%,80.84%,N/A
Hobbies & Interests (Legacy),Credit/Debt & Loans,Canada,236,$7.53  ~ $7.53 ,$162.16 ,N/A,0.00%,93.22%,N/A
Hobbies & Interests (Legacy),Credit/Debt & Loans,United States,"1,624",$19.45  ~ $19.97 ,$208.20 ,N/A,0.01%,79.95%,N/A
Hobbies & Interests (Legacy),Human Resources,United States,"7,543",$19.82  ~ $20.21 ,$109.09 ,N/A,0.02%,80.08%,N/A
Hobbies & Interests (Legacy),Human Resources,Canada,"2,476",$14.92  ~ $14.93 ,$241.24 ,N/A,0.01%,71.73%,N/A
Hobbies & Interests (Legacy),Career Planning,United States,"5,581",$19.38  ~ $19.54 ,$903.36 ,N/A,0.00%,84.30%,N/A
Hobbies & Interests (Legacy),"Law, Gov't & Politics",United States,428,$18.87  ~ $24.13 ,$105.36 ,N/A,0.02%,72.26%,N/A
Hobbies & Interests (Legacy),Distance Learning,United States,2,$16.56  ~ $37.33 ,$59.42 ,N/A,0.03%,41.35%,N/A
Hobbies & Interests (Legacy),Home Repair,Canada,"1,409",$8.73  ~ $8.85 ,$18.59 ,N/A,0.05%,85.81%,N/A
Hobbies & Interests (Legacy),Home Repair,United States,"11,663",$12.17  ~ $20.77 ,$162.28 ,N/A,0.01%,83.30%,N/A
Hobbies & Interests (Legacy),Metals,United States,"12,561",$8.97  ~ $10.83 ,$294.18 ,N/A,0.00%,81.47%,N/A
Hobbies & Interests (Legacy),Metals,Canada,389,$11.43  ~ $12.04 ,$130.67 ,N/A,0.01%,65.23%,N/A
Hobbies & Interests (Legacy),Health/Lowfat Cooking,United States,"3,525",$13.98  ~ $16.50 ,$356.91 ,N/A,0.00%,66.92%,N/A
Hobbies & Interests (Legacy),Graduate School,United States,"17,182",$15.76  ~ $15.94 ,$75.25 ,N/A,0.02%,71.79%,N/A
Hobbies & Interests (Legacy),Remodeling & Construction,United States,"11,918",$18.82  ~ $18.95 ,$856.11 ,N/A,0.00%,74.84%,N/A
Hobbies & Interests (Legacy),Agriculture,United States,"2,199",$14.65  ~ $14.99 ,$352.56 ,N/A,0.00%,85.45%,N/A
Hobbies & Interests (Legacy),Personal Finance,United States,"13,084",$16.53  ~ $17.06 ,$41.43 ,N/A,0.04%,66.53%,N/A
Hobbies & Interests (Legacy),Video & Computer Games,United States,"2,681",$19.65  ~ $19.65 ,$17.97 ,N/A,0.11%,76.22%,N/A
Hobbies & Interests (Legacy),K-6 Educators,United States,172,$17.38  ~ $23.65 ,$480.74 ,N/A,0.00%,56.69%,N/A
Hobbies & Interests (Legacy),Cancer,United States,460,$17.01  ~ $19.37 ,$58.20 ,N/A,0.03%,79.16%,N/A
Hobbies & Interests (Legacy),Health & Fitness,Canada,"2,838",$19.63  ~ $20.28 ,$209.07 ,N/A,0.01%,78.37%,N/A
Hobbies & Interests (Legacy),Health & Fitness,United States,"16,311",$13.54  ~ $15.94 ,$105.05 ,N/A,0.02%,71.44%,N/A
Hobbies & Interests (Legacy),Investors & Patents,United States,"2,321",$19.34  ~ $19.47 ,$757.41 ,N/A,0.00%,85.58%,N/A
Hobbies & Interests (Legacy),Investors & Patents,Canada,1,$14.14  ~ $28.45 ,N/A,N/A,N/A,86.35%,N/A
Hobbies & Interests (Legacy),Dogs,United States,"6,320",$19.79  ~ $23.96 ,N/A,N/A,N/A,77.10%,N/A
Hobbies & Interests (Legacy),Dogs,Canada,716,$11.69  ~ $25.88 ,$73.60 ,N/A,0.02%,91.09%,N/A
Hobbies & Interests (Legacy),Auto Repair,United States,"1,023",$12.94  ~ $12.94 ,$77.94 ,N/A,0.02%,71.77%,N/A
Hobbies & Interests (Legacy),News,Canada,732,$18.21  ~ $43.04 ,N/A,N/A,N/A,67.14%,N/A
Hobbies & Interests (Legacy),News,United States,"9,490",$16.15  ~ $17.34 ,$111.78 ,N/A,0.02%,78.06%,N/A
Hobbies & Interests (Legacy),Careers,United States,610,$26.22  ~ $26.45 ,$599.75 ,N/A,0.00%,71.30%,N/A
Hobbies & Interests (Legacy),Careers,Canada,21,$10.80  ~ $10.81 ,$78.59 ,N/A,0.01%,90.63%,N/A
Hobbies & Interests (Legacy),Food & Drink,United States,"5,954",$17.48  ~ $18.26 ,"$3,085.88 ",N/A,0.00%,78.58%,N/A
Hobbies & Interests (Legacy),Food & Drink,Canada,"2,280",$7.76  ~ $18.46 ,$85.98 ,N/A,0.01%,89.51%,N/A
Hobbies & Interests (Legacy),Travel,United States,"8,181",$13.33  ~ $14.67 ,$241.50 ,N/A,0.01%,75.83%,N/A
Hobbies & Interests (Legacy),Green Solutions,United States,"3,385",$21.26  ~ $21.77 ,$132.79 ,N/A,0.02%,62.40%,N/A
Hobbies & Interests (Legacy),Green Solutions,Canada,13,$18.44  ~ $18.44 ,N/A,N/A,N/A,60.37%,N/A
Hobbies & Interests (Legacy),Catholicism,United States,5,$22.70  ~ $45.82 ,$69.00 ,N/A,0.03%,51.89%,N/A
Hobbies & Interests (Legacy),Fine Art,United States,16,$14.89  ~ $18.54 ,N/A,N/A,N/A,86.80%,N/A
Hobbies & Interests (Legacy),Fine Art,Canada,7,$18.12  ~ $23.57 ,$70.05 ,N/A,0.03%,73.57%,N/A
Hobbies & Interests (Legacy),Apartments,United States,513,$15.59  ~ $19.41 ,$245.07 ,N/A,0.01%,85.21%,N/A
Hobbies & Interests (Legacy),Buying/Selling Homes,Canada,55,$18.79  ~ $18.79 ,$78.85 ,N/A,0.02%,78.65%,N/A
Hobbies & Interests (Legacy),Buying/Selling Homes,United States,"4,029",$18.61  ~ $21.34 ,$43.69 ,N/A,0.04%,85.97%,N/A
Hobbies & Interests (Legacy),Family & Parenting,United States,"1,827",$14.05  ~ $15.09 ,$120.16 ,N/A,0.01%,78.26%,N/A
Hobbies & Interests (Legacy),College,United States,"2,003",$14.13  ~ $15.76 ,$94.64 ,N/A,0.01%,79.32%,N/A
Hobbies & Interests (Legacy),Clothing,United States,833,$8.79  ~ $19.06 ,$90.82 ,N/A,0.02%,62.26%,N/A
Hobbies & Interests (Legacy),Clothing,Canada,52,$17.66  ~ $22.86 ,$49.11 ,N/A,0.04%,76.50%,N/A
Hobbies & Interests (Legacy),Desserts & Baking,United States,1,$10.74  ~ $10.74 ,$19.71 ,N/A,0.05%,80.69%,N/A
Hobbies & Interests (Legacy),Auto Parts,United States,109,$6.96  ~ $7.18 ,N/A,N/A,N/A,81.73%,N/A
Hobbies & Interests (Legacy),Computer Peripherals,United States,399,$28.54  ~ $28.81 ,$547.93 ,N/A,0.01%,63.68%,N/A
Hobbies & Interests (Legacy),Coffee/Tea,United States,"16,630",$12.77  ~ $12.77 ,$267.82 ,N/A,0.00%,69.24%,N/A
Hobbies & Interests (Legacy),Dining Out,United States,"4,946",$10.28  ~ $15.27 ,$265.54 ,N/A,0.01%,81.31%,N/A
Hobbies & Interests (Legacy),Radio,United States,132,$5.21  ~ $5.21 ,N/A,N/A,N/A,92.67%,N/A
Hobbies & Interests (Legacy),Politics,United States,"117,059",$15.01  ~ $15.51 ,$90.65 ,N/A,0.02%,69.79%,N/A
Hobbies & Interests (Legacy),Hobbies & Interests,United States,"8,312",$12.75  ~ $16.18 ,$428.27 ,N/A,0.00%,72.24%,N/A
Hobbies & Interests (Legacy),Cameras & Camcorders,United States,16,$0.00  ~ $0.00 ,N/A,N/A,N/A,N/A,N/A
Hobbies & Interests (Legacy),Television,United States,1,$0.00  ~ $0.00 ,N/A,N/A,N/A,N/A,N/A
Hobbies & Interests (Legacy),Jewelry,United States,2,$0.00  ~ $0.00 ,N/A,N/A,N/A,N/A,N/A
Hobbies & Interests (Legacy),Art/Technology,United States,2,$0.00  ~ $0.00 ,N/A,N/A,N/A,N/A,N/A
Hobbies & Interests (Legacy),Motorcycles,United States,1,$0.00  ~ $0.00 ,N/A,N/A,N/A,N/A,N/A
Home & Garden (Legacy),Hotels,United States,"1,265",$18.30  ~ $18.90 ,$256.52 ,N/A,0.01%,85.52%,N/A
Home & Garden (Legacy),Metals,United States,"3,479",$11.15  ~ $16.02 ,$82.98 ,N/A,0.02%,81.87%,N/A
Home & Garden (Legacy),Metals,Canada,107,$13.25  ~ $14.08 ,$19.06 ,N/A,0.07%,84.50%,N/A
Home & Garden (Legacy),Retirement Planning,United States,775,$16.19  ~ $27.12 ,$202.84 ,N/A,0.01%,86.18%,N/A
Home & Garden (Legacy),Cigars,United States,28,$13.23  ~ $13.47 ,$42.18 ,N/A,0.03%,86.99%,N/A
Home & Garden (Legacy),Football,United States,9,$9.42  ~ $9.42 ,$21.62 ,N/A,0.04%,73.67%,N/A
Home & Garden (Legacy),Agriculture,United States,516,$16.58  ~ $16.96 ,$104.17 ,N/A,0.02%,90.14%,N/A
Home & Garden (Legacy),Psychology/Psychiatry,United States,"1,257",$20.61  ~ $21.44 ,$37.64 ,N/A,0.05%,76.94%,N/A
Home & Garden (Legacy),Food & Drink,United States,"1,718",$18.88  ~ $20.04 ,$235.04 ,N/A,0.01%,90.72%,N/A
Home & Garden (Legacy),Food & Drink,Canada,"2,159",$7.75  ~ $16.70 ,$38.95 ,N/A,0.02%,84.42%,N/A
Home & Garden (Legacy),Couponing,United States,5,$10.69  ~ $20.44 ,$59.84 ,N/A,0.03%,85.76%,N/A
Home & Garden (Legacy),"Law, Gov't & Politics",United States,57,$30.50  ~ $41.86 ,$77.17 ,N/A,0.04%,76.18%,N/A
Home & Garden (Legacy),Theme Parks,United States,296,$27.91  ~ $27.91 ,$42.37 ,N/A,0.07%,87.67%,N/A
Home & Garden (Legacy),Senior Living,United States,"3,513",$4.21  ~ $5.01 ,$33.67 ,N/A,0.01%,85.63%,N/A
Home & Garden (Legacy),Travel,United States,"2,168",$16.92  ~ $17.91 ,$49.27 ,N/A,0.04%,78.47%,N/A
Home & Garden (Legacy),Incest/Abuse Support,United States,"4,573",$14.60  ~ $20.09 ,$55.12 ,N/A,0.03%,81.36%,N/A
Home & Garden (Legacy),News,United States,"2,442",$15.18  ~ $16.87 ,$42.33 ,N/A,0.04%,82.20%,N/A
Home & Garden (Legacy),News,Canada,426,$18.53  ~ $44.54 ,N/A,N/A,N/A,88.23%,N/A
Home & Garden (Legacy),Dining Out,United States,"1,509",$13.80  ~ $16.22 ,$40.51 ,N/A,0.04%,82.46%,N/A
Home & Garden (Legacy),Bed & Breakfasts,United States,"3,138",$17.86  ~ $17.86 ,$181.36 ,N/A,0.01%,86.94%,N/A
Home & Garden (Legacy),Investors & Patents,United States,680,$20.96  ~ $21.09 ,$189.35 ,N/A,0.01%,86.95%,N/A
Home & Garden (Legacy),Auto Parts,United States,72,$7.08  ~ $7.11 ,$4.70 ,N/A,0.15%,87.44%,N/A
Home & Garden (Legacy),Internet Technology,Canada,26,$18.69  ~ $40.87 ,N/A,N/A,N/A,84.46%,N/A
Home & Garden (Legacy),Internet Technology,United States,135,$8.38  ~ $8.62 ,N/A,N/A,N/A,70.78%,N/A
Home & Garden (Legacy),Arts & Entertainment,United States,997,$17.75  ~ $18.91 ,$96.04 ,N/A,0.02%,85.76%,N/A
Home & Garden (Legacy),Arts & Entertainment,Canada,7,$10.49  ~ $24.07 ,N/A,N/A,N/A,87.21%,N/A
Home & Garden (Legacy),Biotech/Biomedical,United States,"3,584",$26.73  ~ $26.94 ,$55.35 ,N/A,0.05%,80.04%,N/A
Home & Garden (Legacy),Business Software,Canada,148,$12.03  ~ $16.19 ,N/A,N/A,N/A,89.02%,N/A
Home & Garden (Legacy),Business Software,United States,"2,573",$15.71  ~ $15.88 ,$68.14 ,N/A,0.02%,85.87%,N/A
Home & Garden (Legacy),Card Games,Canada,147,$13.96  ~ $16.78 ,$40.37 ,N/A,0.04%,81.11%,N/A
Home & Garden (Legacy),Card Games,United States,"1,703",$20.69  ~ $21.10 ,$48.80 ,N/A,0.04%,87.63%,N/A
Home & Garden (Legacy),Hunting/Shooting,United States,123,$17.75  ~ $17.75 ,N/A,N/A,N/A,89.47%,N/A
Home & Garden (Legacy),Insurance,United States,"1,996",$28.04  ~ $29.97 ,$26.27 ,N/A,0.11%,70.13%,N/A
Home & Garden (Legacy),Insurance,Canada,258,$15.94  ~ $17.51 ,$65.29 ,N/A,0.03%,86.72%,N/A
Home & Garden (Legacy),College,United States,550,$13.71  ~ $16.10 ,$150.52 ,N/A,0.01%,85.28%,N/A
Home & Garden (Legacy),Exercise,United States,15,$15.30  ~ $21.43 ,$225.83 ,N/A,0.01%,90.41%,N/A
Home & Garden (Legacy),Honeymoons/Getaways,United States,206,$21.56  ~ $23.03 ,$30.65 ,N/A,0.08%,73.23%,N/A
Home & Garden (Legacy),Sexuality,United States,1,$11.03  ~ $24.58 ,N/A,N/A,N/A,82.14%,N/A
Home & Garden (Legacy),Automotive,United States,"2,422",$14.48  ~ $16.95 ,$29.96 ,N/A,0.05%,78.01%,N/A
Home & Garden (Legacy),Automotive,Canada,4,$19.74  ~ $19.74 ,N/A,N/A,N/A,68.70%,N/A
Home & Garden (Legacy),Alternative Medicine,United States,267,$14.23  ~ $18.06 ,$85.56 ,N/A,0.02%,69.56%,N/A
Home & Garden (Legacy),Cocktails/Beer,United States,35,$7.29  ~ $10.05 ,$21.11 ,N/A,0.05%,75.05%,N/A
Home & Garden (Legacy),Coffee/Tea,United States,"5,312",$13.62  ~ $13.62 ,$148.20 ,N/A,0.01%,84.06%,N/A
Home & Garden (Legacy),Weight Loss,United States,530,$12.45  ~ $18.51 ,$58.72 ,N/A,0.03%,89.14%,N/A
Home & Garden (Legacy),Politics,United States,"18,866",$19.09  ~ $19.50 ,$37.73 ,N/A,0.05%,72.46%,N/A
Home & Garden (Legacy),Personal Finance,United States,"3,682",$15.46  ~ $16.05 ,$26.58 ,N/A,0.06%,66.19%,N/A
Home & Garden (Legacy),Fine Art,United States,9,$11.41  ~ $13.22 ,N/A,N/A,N/A,73.25%,N/A
Home & Garden (Legacy),Fine Art,Canada,8,$18.51  ~ $24.45 ,N/A,N/A,N/A,60.53%,N/A
Home & Garden (Legacy),Veterinary Medicine,United States,221,$18.84  ~ $18.90 ,N/A,N/A,N/A,88.46%,N/A
Home & Garden (Legacy),Advertising,United States,906,$16.07  ~ $16.10 ,$39.83 ,N/A,0.04%,73.35%,N/A
Home & Garden (Legacy),Advertising,Canada,476,$6.35  ~ $15.60 ,$43.93 ,N/A,0.04%,81.53%,N/A
Home & Garden (Legacy),Pediatrics,United States,54,$19.31  ~ $19.73 ,N/A,N/A,N/A,74.69%,N/A
Home & Garden (Legacy),Apartments,United States,163,$15.72  ~ $19.52 ,$59.70 ,N/A,0.03%,89.25%,N/A
Home & Garden (Legacy),Human Resources,United States,"2,169",$23.15  ~ $23.16 ,$47.29 ,N/A,0.05%,81.77%,N/A
Home & Garden (Legacy),Human Resources,Canada,"1,122",$14.76  ~ $15.15 ,N/A,N/A,N/A,84.92%,N/A
Home & Garden (Legacy),Construction,United States,20,$18.42  ~ $18.49 ,N/A,N/A,N/A,83.93%,N/A
Home & Garden (Legacy),Environmental Safety,United States,127,$15.30  ~ $15.30 ,$22.82 ,N/A,0.07%,78.67%,N/A
Home & Garden (Legacy),Health & Fitness,Canada,"1,184",$19.94  ~ $20.82 ,$59.99 ,N/A,0.03%,81.75%,N/A
Home & Garden (Legacy),Health & Fitness,United States,"3,395",$14.92  ~ $15.61 ,$26.36 ,N/A,0.06%,79.64%,N/A
Home & Garden (Legacy),Contests & Freebies,United States,378,$20.86  ~ $20.86 ,N/A,N/A,N/A,91.45%,N/A
Home & Garden (Legacy),Home Repair,Canada,485,$10.24  ~ $10.59 ,$15.68 ,N/A,0.07%,82.56%,N/A
Home & Garden (Legacy),Home Repair,United States,"4,789",$15.71  ~ $20.38 ,$74.82 ,N/A,0.02%,84.10%,N/A
Home & Garden (Legacy),Real Estate,United States,429,$15.36  ~ $16.77 ,$35.74 ,N/A,0.05%,65.08%,N/A
Home & Garden (Legacy),Real Estate,Canada,14,$18.61  ~ $40.79 ,N/A,N/A,N/A,83.18%,N/A
Home & Garden (Legacy),Career Planning,United States,"1,073",$18.56  ~ $19.85 ,$104.57 ,N/A,0.02%,72.28%,N/A
Home & Garden (Legacy),Music,United States,955,$15.02  ~ $15.07 ,N/A,N/A,N/A,81.65%,N/A
Home & Garden (Legacy),Computer Peripherals,United States,20,$28.31  ~ $28.40 ,$88.97 ,N/A,0.03%,81.25%,N/A
Home & Garden (Legacy),Computer Peripherals,Canada,1,$27.09  ~ $29.08 ,N/A,N/A,N/A,73.81%,N/A
Home & Garden (Legacy),Pro Basketball,United States,170,$17.79  ~ $17.79 ,$43.30 ,N/A,0.04%,69.96%,N/A
Home & Garden (Legacy),Desserts & Baking,United States,6,$10.67  ~ $10.67 ,$19.49 ,N/A,0.05%,85.38%,N/A
Home & Garden (Legacy),By US Locale,United States,10,$22.48  ~ $49.35 ,N/A,N/A,N/A,89.29%,N/A
Home & Garden (Legacy),Logistics,Canada,684,$4.87  ~ $9.69 ,$26.17 ,N/A,0.04%,85.00%,N/A
Home & Garden (Legacy),Logistics,United States,602,$21.50  ~ $22.62 ,$24.82 ,N/A,0.09%,80.27%,N/A
Home & Garden (Legacy),Cold & Flu,United States,305,$11.66  ~ $13.70 ,$21.01 ,N/A,0.06%,74.12%,N/A
Home & Garden (Legacy),Adult Education,United States,"1,023",$11.15  ~ $12.51 ,$181.48 ,N/A,0.01%,80.72%,N/A
Home & Garden (Legacy),Dogs,United States,"1,207",$13.35  ~ $22.94 ,N/A,N/A,N/A,85.61%,N/A
Home & Garden (Legacy),Dogs,Canada,894,$11.80  ~ $27.05 ,$32.70 ,N/A,0.04%,87.14%,N/A
Home & Garden (Legacy),Accessories,United States,65,$19.55  ~ $20.57 ,$48.80 ,N/A,0.04%,86.54%,N/A
Home & Garden (Legacy),Green Solutions,United States,957,$23.87  ~ $24.70 ,$53.02 ,N/A,0.05%,73.73%,N/A
Home & Garden (Legacy),Green Solutions,Canada,7,$18.63  ~ $18.63 ,N/A,N/A,N/A,82.13%,N/A
Home & Garden (Legacy),Graduate School,United States,"4,551",$17.24  ~ $17.29 ,$29.73 ,N/A,0.06%,76.93%,N/A
Home & Garden (Legacy),Birdwatching,United States,1,$18.95  ~ $18.95 ,$17.00 ,N/A,0.11%,91.38%,N/A
Home & Garden (Legacy),Cancer,United States,177,$15.30  ~ $19.42 ,$55.27 ,N/A,0.04%,84.61%,N/A
Home & Garden (Legacy),Cruises,United States,"15,993",$2.84  ~ $17.48 ,$41.05 ,N/A,0.01%,88.32%,N/A
Home & Garden (Legacy),Remodeling & Construction,United States,"3,809",$19.06  ~ $19.37 ,$52.64 ,N/A,0.04%,86.30%,N/A
Home & Garden (Legacy),Clothing,United States,121,$8.94  ~ $27.85 ,$44.61 ,N/A,0.06%,26.77%,N/A
Home & Garden (Legacy),Clothing,Canada,81,$22.67  ~ $29.03 ,$66.89 ,N/A,0.03%,59.10%,N/A
Home & Garden (Legacy),Education,United States,"4,052",$12.44  ~ $14.65 ,$202.09 ,N/A,0.01%,85.27%,N/A
Home & Garden (Legacy),K-6 Educators,United States,17,$19.97  ~ $21.02 ,$36.20 ,N/A,0.06%,70.17%,N/A
Home & Garden (Legacy),Pets,United States,"2,260",$20.93  ~ $43.11 ,N/A,N/A,N/A,90.78%,N/A
Home & Garden (Legacy),Canada,Canada,17,$12.33  ~ $12.33 ,N/A,N/A,N/A,81.24%,N/A
Home & Garden (Legacy),Buying/Selling Homes,Canada,1,$18.97  ~ $18.97 ,$32.52 ,N/A,0.06%,79.38%,N/A
Home & Garden (Legacy),Buying/Selling Homes,United States,376,$19.40  ~ $20.60 ,$4.52 ,N/A,0.43%,76.11%,N/A
Home & Garden (Legacy),Business,United States,"2,981",$14.00  ~ $17.26 ,$81.98 ,N/A,0.02%,82.67%,N/A
Home & Garden (Legacy),Business,Canada,983,$2.99  ~ $3.75 ,$11.30 ,N/A,0.03%,88.03%,N/A
Home & Garden (Legacy),Arts & Crafts,United States,187,$19.00  ~ $19.00 ,$11.41 ,N/A,0.17%,85.06%,N/A
Home & Garden (Legacy),Investing,United States,97,$19.48  ~ $19.78 ,$13.11 ,N/A,0.15%,48.18%,N/A
Home & Garden (Legacy),Legal Issues,United States,"8,009",$17.26  ~ $17.60 ,$48.07 ,N/A,0.04%,76.65%,N/A
Home & Garden (Legacy),Legal Issues,Canada,"2,064",$18.16  ~ $18.53 ,$124.74 ,N/A,0.01%,86.55%,N/A
Home & Garden (Legacy),Off-Road Vehicles,United States,14,$18.68  ~ $18.68 ,$20.23 ,N/A,0.09%,82.77%,N/A
Home & Garden (Legacy),Off-Road Vehicles,Canada,35,$12.09  ~ $12.09 ,$20.55 ,N/A,0.06%,86.45%,N/A
Home & Garden (Legacy),Catholicism,United States,6,$23.82  ~ $49.19 ,N/A,N/A,N/A,83.07%,N/A
Home & Garden (Legacy),Senor Health,United States,64,$12.19  ~ $12.86 ,$41.57 ,N/A,0.03%,75.67%,N/A
Home & Garden (Legacy),Mutual Funds,United States,"3,420",$14.09  ~ $16.12 ,$21.13 ,N/A,0.08%,53.95%,N/A
Home & Garden (Legacy),Buying/Selling Cars,Canada,38,$18.77  ~ $19.75 ,$84.19 ,N/A,0.02%,78.93%,N/A
Home & Garden (Legacy),Buying/Selling Cars,United States,"1,778",$24.78  ~ $24.85 ,$87.27 ,N/A,0.03%,83.91%,N/A
Home & Garden (Legacy),Shopping,United States,"14,516",$15.13  ~ $15.41 ,$79.31 ,N/A,0.02%,84.04%,N/A
Home & Garden (Legacy),Family & Parenting,United States,614,$14.58  ~ $15.67 ,$34.96 ,N/A,0.04%,85.01%,N/A
Home & Garden (Legacy),Auto Repair,United States,306,$13.35  ~ $13.35 ,$22.34 ,N/A,0.06%,72.00%,N/A
Home & Garden (Legacy),Health/Lowfat Cooking,United States,513,$17.53  ~ $17.68 ,$53.52 ,N/A,0.03%,75.55%,N/A
Home & Garden (Legacy),Computer Networking,United States,9,$18.18  ~ $36.40 ,N/A,N/A,N/A,91.60%,N/A
Home & Garden (Legacy),Nutrition,Canada,207,$7.66  ~ $7.66 ,$19.40 ,N/A,0.04%,80.38%,N/A
Home & Garden (Legacy),Interior Decorating,Canada,45,$12.80  ~ $13.60 ,$58.77 ,N/A,0.02%,86.68%,N/A
Home & Garden (Legacy),Interior Decorating,United States,"1,234",$14.38  ~ $16.63 ,$26.58 ,N/A,0.05%,64.51%,N/A
Home & Garden (Legacy),Gardening,United States,"41,585",$6.19  ~ $6.27 ,$36.07 ,N/A,0.02%,82.79%,N/A
Home & Garden (Legacy),Gardening,Canada,17,$16.99  ~ $16.99 ,N/A,N/A,N/A,90.29%,N/A
Home & Garden (Legacy),Government,United States,6,$33.52  ~ $33.52 ,N/A,N/A,N/A,73.48%,N/A
Home & Garden (Legacy),Video & Computer Games,United States,608,$19.67  ~ $19.67 ,$31.64 ,N/A,0.06%,82.40%,N/A
Home & Garden (Legacy),Technology & Computing,United States,39,$26.90  ~ $33.61 ,N/A,N/A,N/A,64.66%,N/A
Home & Garden (Legacy),Job Search,United States,486,$12.80  ~ $12.95 ,$700.53 ,N/A,0.00%,85.06%,N/A
Home & Garden (Legacy),Home & Garden,United States,"18,244",$6.26  ~ $7.56 ,$15.09 ,N/A,0.04%,69.67%,N/A
Home & Garden (Legacy),Careers,United States,13,$20.17  ~ $20.31 ,$110.85 ,N/A,0.02%,84.04%,N/A
Home & Garden (Legacy),Careers,Canada,7,$7.23  ~ $11.17 ,$52.97 ,N/A,0.01%,88.62%,N/A
Home & Garden (Legacy),Credit/Debt & Loans,United States,367,$19.69  ~ $21.86 ,$89.07 ,N/A,0.02%,87.95%,N/A
Home & Garden (Legacy),Credit/Debt & Loans,Canada,470,$7.77  ~ $7.77 ,N/A,N/A,N/A,91.81%,N/A
Home & Garden (Legacy),Hobbies & Interests,United States,"2,039",$16.61  ~ $17.05 ,$39.55 ,N/A,0.04%,81.12%,N/A
Home & Garden (Legacy),Dental Care,United States,3,$8.76  ~ $12.73 ,$17.90 ,N/A,0.05%,71.32%,N/A
Home & Garden (Legacy),Appliances,United States,63,$15.08  ~ $15.35 ,N/A,N/A,N/A,85.83%,N/A
Home & Garden (Legacy),Art/Technology,United States,1,$0.00  ~ $0.00 ,N/A,N/A,N/A,N/A,N/A
Home & Garden (Legacy),Babies & Toddlers,United States,1,$0.00  ~ $0.00 ,N/A,N/A,N/A,N/A,N/A
Home & Garden (Legacy),Jewelry,United States,1,$0.00  ~ $0.00 ,N/A,N/A,N/A,N/A,N/A
"Law, Gov't & Politics (Legacy)",Advertising,United States,"1,059",$15.50  ~ $15.89 ,$25.06 ,N/A,0.06%,63.45%,N/A
"Law, Gov't & Politics (Legacy)",Advertising,Canada,127,$6.69  ~ $16.15 ,$27.11 ,N/A,0.06%,78.36%,N/A
"Law, Gov't & Politics (Legacy)",Logistics,Canada,168,$5.21  ~ $7.87 ,$12.69 ,N/A,0.06%,78.95%,N/A
"Law, Gov't & Politics (Legacy)",Logistics,United States,260,$20.73  ~ $21.69 ,$44.41 ,N/A,0.05%,70.29%,N/A
"Law, Gov't & Politics (Legacy)",Music,United States,483,$15.72  ~ $16.00 ,$21.80 ,N/A,0.07%,74.32%,N/A
"Law, Gov't & Politics (Legacy)",Canada,Canada,5,$12.46  ~ $12.46 ,$8.04 ,N/A,0.15%,75.35%,N/A
"Law, Gov't & Politics (Legacy)",Card Games,Canada,26,$14.18  ~ $16.45 ,$15.11 ,N/A,0.11%,75.64%,N/A
"Law, Gov't & Politics (Legacy)",Card Games,United States,"3,251",$19.99  ~ $20.41 ,$37.89 ,N/A,0.05%,84.21%,N/A
"Law, Gov't & Politics (Legacy)",Careers,United States,120,$22.12  ~ $22.31 ,$61.08 ,N/A,0.04%,78.88%,N/A
"Law, Gov't & Politics (Legacy)",Couponing,United States,74,$10.59  ~ $20.45 ,$69.71 ,N/A,0.03%,77.33%,N/A
"Law, Gov't & Politics (Legacy)",Appliances,United States,94,$15.94  ~ $17.05 ,N/A,N/A,N/A,83.30%,N/A
"Law, Gov't & Politics (Legacy)",Gardening,United States,"11,422",$5.76  ~ $5.82 ,$24.77 ,N/A,0.02%,78.77%,N/A
"Law, Gov't & Politics (Legacy)",Gardening,Canada,3,$16.99  ~ $16.99 ,N/A,N/A,N/A,85.84%,N/A
"Law, Gov't & Politics (Legacy)",Incest/Abuse Support,United States,"2,432",$15.78  ~ $23.17 ,$33.87 ,N/A,0.05%,75.59%,N/A
"Law, Gov't & Politics (Legacy)",Mutual Funds,United States,"10,588",$13.92  ~ $15.71 ,$21.50 ,N/A,0.07%,55.72%,N/A
"Law, Gov't & Politics (Legacy)",Psychology/Psychiatry,United States,"1,905",$20.20  ~ $20.47 ,$30.15 ,N/A,0.07%,73.30%,N/A
"Law, Gov't & Politics (Legacy)",Senior Living,United States,888,$5.38  ~ $6.94 ,$29.54 ,N/A,0.02%,72.34%,N/A
"Law, Gov't & Politics (Legacy)",Education,United States,"1,201",$11.49  ~ $13.38 ,$42.54 ,N/A,0.03%,75.11%,N/A
"Law, Gov't & Politics (Legacy)",Dining Out,United States,794,$14.14  ~ $15.78 ,$36.48 ,N/A,0.04%,81.73%,N/A
"Law, Gov't & Politics (Legacy)",Internet Technology,Canada,2,$18.37  ~ $43.15 ,N/A,N/A,N/A,79.85%,N/A
"Law, Gov't & Politics (Legacy)",Internet Technology,United States,206,$10.02  ~ $10.29 ,N/A,N/A,N/A,67.92%,N/A
"Law, Gov't & Politics (Legacy)",Job Search,United States,319,$12.53  ~ $12.85 ,$63.65 ,N/A,0.02%,84.36%,N/A
"Law, Gov't & Politics (Legacy)",Fine Art,United States,2,$13.28  ~ $16.79 ,N/A,N/A,N/A,75.88%,N/A
"Law, Gov't & Politics (Legacy)",Retirement Planning,United States,154,$16.36  ~ $21.41 ,$131.72 ,N/A,0.02%,74.81%,N/A
"Law, Gov't & Politics (Legacy)",Pets,United States,629,$18.82  ~ $46.80 ,$25.12 ,N/A,0.07%,78.53%,N/A
"Law, Gov't & Politics (Legacy)",Honeymoons/Getaways,United States,996,$17.52  ~ $22.21 ,$35.80 ,N/A,0.06%,66.58%,N/A
"Law, Gov't & Politics (Legacy)",Real Estate,United States,483,$15.70  ~ $16.41 ,$31.65 ,N/A,0.05%,66.65%,N/A
"Law, Gov't & Politics (Legacy)",Real Estate,Canada,10,$18.58  ~ $39.67 ,N/A,N/A,N/A,71.99%,N/A
"Law, Gov't & Politics (Legacy)",Business Software,United States,"4,379",$20.70  ~ $20.85 ,$41.75 ,N/A,0.05%,75.44%,N/A
"Law, Gov't & Politics (Legacy)",Business Software,Canada,51,$16.81  ~ $19.84 ,N/A,N/A,N/A,75.07%,N/A
"Law, Gov't & Politics (Legacy)",Career Planning,United States,446,$18.11  ~ $19.47 ,$48.82 ,N/A,0.04%,65.89%,N/A
"Law, Gov't & Politics (Legacy)",Martial Arts,United States,3,$10.18  ~ $10.18 ,$9.44 ,N/A,0.11%,64.29%,N/A
"Law, Gov't & Politics (Legacy)",Hunting/Shooting,United States,48,$17.89  ~ $17.89 ,N/A,N/A,N/A,91.06%,N/A
"Law, Gov't & Politics (Legacy)",Bed & Breakfasts,United States,3,$18.75  ~ $18.75 ,N/A,N/A,N/A,69.40%,N/A
"Law, Gov't & Politics (Legacy)",Physical Therapy,United States,2,$19.00  ~ $19.00 ,N/A,N/A,N/A,76.47%,N/A
"Law, Gov't & Politics (Legacy)",Food & Drink,United States,548,$18.09  ~ $21.73 ,$313.99 ,N/A,0.01%,85.83%,N/A
"Law, Gov't & Politics (Legacy)",Food & Drink,Canada,227,$7.79  ~ $16.04 ,$14.20 ,N/A,0.05%,79.91%,N/A
"Law, Gov't & Politics (Legacy)",Credit/Debt & Loans,United States,377,$21.23  ~ $23.11 ,$40.36 ,N/A,0.06%,77.69%,N/A
"Law, Gov't & Politics (Legacy)",Credit/Debt & Loans,Canada,29,$8.30  ~ $8.30 ,N/A,N/A,N/A,87.62%,N/A
"Law, Gov't & Politics (Legacy)",Biotech/Biomedical,United States,"1,362",$30.83  ~ $64.97 ,$63.63 ,N/A,0.05%,77.35%,N/A
"Law, Gov't & Politics (Legacy)",Marketing,United States,5,$19.00  ~ $19.00 ,N/A,N/A,N/A,63.38%,N/A
"Law, Gov't & Politics (Legacy)",Home Repair,Canada,153,$8.57  ~ $8.79 ,$16.51 ,N/A,0.05%,76.10%,N/A
"Law, Gov't & Politics (Legacy)",Home Repair,United States,698,$15.01  ~ $19.16 ,$36.34 ,N/A,0.04%,78.19%,N/A
"Law, Gov't & Politics (Legacy)",Arts & Crafts,United States,150,$17.99  ~ $17.99 ,$36.77 ,N/A,0.05%,82.83%,N/A
"Law, Gov't & Politics (Legacy)",Hotels,United States,351,$13.73  ~ $15.65 ,$81.50 ,N/A,0.02%,73.95%,N/A
"Law, Gov't & Politics (Legacy)",Dogs,United States,590,$18.98  ~ $24.51 ,N/A,N/A,N/A,81.41%,N/A
"Law, Gov't & Politics (Legacy)",Dogs,Canada,115,$11.75  ~ $23.67 ,N/A,N/A,N/A,80.74%,N/A
"Law, Gov't & Politics (Legacy)",Contests & Freebies,United States,179,$20.39  ~ $20.39 ,$58.49 ,N/A,0.03%,59.38%,N/A
"Law, Gov't & Politics (Legacy)",Personal Finance,United States,"2,977",$13.96  ~ $15.39 ,$15.24 ,N/A,0.10%,62.20%,N/A
"Law, Gov't & Politics (Legacy)",Shopping,United States,"3,202",$7.84  ~ $8.77 ,$46.10 ,N/A,0.02%,65.30%,N/A
"Law, Gov't & Politics (Legacy)",Graduate School,United States,"5,181",$15.51  ~ $15.85 ,$24.62 ,N/A,0.06%,73.40%,N/A
"Law, Gov't & Politics (Legacy)",Health/Lowfat Cooking,United States,707,$18.51  ~ $18.54 ,$46.75 ,N/A,0.04%,65.41%,N/A
"Law, Gov't & Politics (Legacy)",Distance Learning,United States,2,$16.15  ~ $38.66 ,$64.76 ,N/A,0.02%,37.11%,N/A
"Law, Gov't & Politics (Legacy)",Dental Care,United States,24,$6.68  ~ $12.78 ,$4.58 ,N/A,0.15%,59.18%,N/A
"Law, Gov't & Politics (Legacy)",Birdwatching,United States,7,$18.94  ~ $18.94 ,N/A,N/A,N/A,91.79%,N/A
"Law, Gov't & Politics (Legacy)",Computer Networking,United States,5,$19.67  ~ $44.60 ,N/A,N/A,N/A,89.61%,N/A
"Law, Gov't & Politics (Legacy)",Hobbies & Interests,United States,798,$14.25  ~ $16.62 ,$31.69 ,N/A,0.04%,77.82%,N/A
"Law, Gov't & Politics (Legacy)",Buying/Selling Cars,Canada,2,$19.55  ~ $20.17 ,$17.36 ,N/A,0.11%,74.58%,N/A
"Law, Gov't & Politics (Legacy)",Buying/Selling Cars,United States,"2,781",$26.26  ~ $26.32 ,$86.12 ,N/A,0.03%,81.22%,N/A
"Law, Gov't & Politics (Legacy)",Alternative Medicine,United States,75,$14.87  ~ $21.17 ,$52.45 ,N/A,0.04%,65.34%,N/A
"Law, Gov't & Politics (Legacy)",Off-Road Vehicles,United States,7,$18.62  ~ $18.62 ,$30.47 ,N/A,0.06%,78.89%,N/A
"Law, Gov't & Politics (Legacy)",Sexuality,United States,5,$11.04  ~ $26.29 ,N/A,N/A,N/A,73.45%,N/A
"Law, Gov't & Politics (Legacy)",Video & Computer Games,United States,255,$19.54  ~ $19.54 ,$39.79 ,N/A,0.05%,72.19%,N/A
"Law, Gov't & Politics (Legacy)",Football,United States,269,$10.18  ~ $10.18 ,$37.99 ,N/A,0.03%,62.36%,N/A
"Law, Gov't & Politics (Legacy)",Human Resources,United States,769,$21.99  ~ $22.34 ,$54.34 ,N/A,0.04%,69.99%,N/A
"Law, Gov't & Politics (Legacy)",Human Resources,Canada,180,$13.43  ~ $14.22 ,$73.58 ,N/A,0.02%,76.56%,N/A
"Law, Gov't & Politics (Legacy)",Adult Education,United States,724,$10.84  ~ $11.58 ,$71.59 ,N/A,0.02%,68.62%,N/A
"Law, Gov't & Politics (Legacy)",Cancer,United States,187,$15.27  ~ $18.17 ,$38.27 ,N/A,0.05%,77.47%,N/A
"Law, Gov't & Politics (Legacy)",Politics,United States,"33,683",$23.70  ~ $24.00 ,$30.37 ,N/A,0.08%,65.91%,N/A
"Law, Gov't & Politics (Legacy)",Automotive,United States,"1,798",$13.81  ~ $16.55 ,$22.28 ,N/A,0.06%,72.37%,N/A
"Law, Gov't & Politics (Legacy)",Automotive,Canada,1,$19.62  ~ $19.62 ,N/A,N/A,N/A,62.38%,N/A
"Law, Gov't & Politics (Legacy)",Auto Parts,United States,25,$6.60  ~ $6.96 ,$6.53 ,N/A,0.10%,84.80%,N/A
"Law, Gov't & Politics (Legacy)",News,United States,"1,395",$13.95  ~ $16.77 ,$34.77 ,N/A,0.05%,76.71%,N/A
"Law, Gov't & Politics (Legacy)",News,Canada,30,$18.45  ~ $38.46 ,$63.60 ,N/A,0.03%,78.70%,N/A
"Law, Gov't & Politics (Legacy)",Accessories,United States,24,$19.36  ~ $23.50 ,$116.32 ,N/A,0.02%,77.22%,N/A
"Law, Gov't & Politics (Legacy)",Family & Parenting,United States,175,$12.65  ~ $13.67 ,$38.69 ,N/A,0.04%,73.69%,N/A
"Law, Gov't & Politics (Legacy)",Remodeling & Construction,United States,823,$18.72  ~ $19.66 ,$32.86 ,N/A,0.06%,79.35%,N/A
"Law, Gov't & Politics (Legacy)",Coffee/Tea,United States,"3,289",$12.97  ~ $12.97 ,$31.74 ,N/A,0.04%,72.45%,N/A
"Law, Gov't & Politics (Legacy)",Nutrition,Canada,233,$6.55  ~ $6.55 ,$13.44 ,N/A,0.05%,77.61%,N/A
"Law, Gov't & Politics (Legacy)",Auto Repair,United States,94,$12.43  ~ $12.43 ,$23.73 ,N/A,0.05%,76.54%,N/A
"Law, Gov't & Politics (Legacy)",Exercise,United States,40,$15.65  ~ $21.75 ,$35.62 ,N/A,0.04%,82.08%,N/A
"Law, Gov't & Politics (Legacy)",Insurance,United States,"4,464",$30.38  ~ $32.24 ,$38.04 ,N/A,0.08%,66.84%,N/A
"Law, Gov't & Politics (Legacy)",Insurance,Canada,32,$15.61  ~ $17.51 ,$26.07 ,N/A,0.07%,77.83%,N/A
"Law, Gov't & Politics (Legacy)",By US Locale,United States,3,$22.02  ~ $51.82 ,N/A,N/A,N/A,91.15%,N/A
"Law, Gov't & Politics (Legacy)",Cocktails/Beer,United States,85,$7.14  ~ $9.89 ,$13.20 ,N/A,0.07%,73.50%,N/A
"Law, Gov't & Politics (Legacy)",Travel,United States,"1,326",$17.84  ~ $18.00 ,$34.70 ,N/A,0.05%,70.05%,N/A
"Law, Gov't & Politics (Legacy)",Agriculture,United States,708,$17.34  ~ $17.65 ,$43.62 ,N/A,0.04%,87.45%,N/A
"Law, Gov't & Politics (Legacy)",Weight Loss,United States,555,$13.35  ~ $18.90 ,$78.68 ,N/A,0.02%,88.97%,N/A
"Law, Gov't & Politics (Legacy)",Radio,United States,34,$5.18  ~ $5.18 ,N/A,N/A,N/A,93.63%,N/A
"Law, Gov't & Politics (Legacy)",Cigars,United States,8,$15.10  ~ $15.85 ,$32.76 ,N/A,0.05%,75.62%,N/A
"Law, Gov't & Politics (Legacy)",Landscaping,United States,7,$34.28  ~ $34.28 ,$34.93 ,N/A,0.10%,62.50%,N/A
"Law, Gov't & Politics (Legacy)",Pediatrics,United States,87,$19.30  ~ $20.27 ,$139.27 ,N/A,0.01%,75.70%,N/A
"Law, Gov't & Politics (Legacy)",Cold & Flu,United States,485,$12.28  ~ $13.72 ,$16.23 ,N/A,0.08%,73.87%,N/A
"Law, Gov't & Politics (Legacy)",Construction,United States,32,$18.42  ~ $18.46 ,$45.96 ,N/A,0.04%,64.44%,N/A
"Law, Gov't & Politics (Legacy)",Investors & Patents,United States,444,$20.60  ~ $20.78 ,$188.34 ,N/A,0.01%,78.46%,N/A
"Law, Gov't & Politics (Legacy)",Veterinary Medicine,United States,117,$18.57  ~ $18.91 ,$72.65 ,N/A,0.03%,76.47%,N/A
"Law, Gov't & Politics (Legacy)",Theme Parks,United States,243,$26.79  ~ $26.79 ,$41.18 ,N/A,0.07%,83.18%,N/A
"Law, Gov't & Politics (Legacy)",Apartments,United States,75,$15.01  ~ $19.44 ,$51.19 ,N/A,0.04%,83.05%,N/A
"Law, Gov't & Politics (Legacy)",College,United States,344,$15.92  ~ $16.99 ,$35.78 ,N/A,0.04%,72.91%,N/A
"Law, Gov't & Politics (Legacy)",K-6 Educators,United States,13,$20.29  ~ $21.36 ,$43.61 ,N/A,0.05%,67.52%,N/A
"Law, Gov't & Politics (Legacy)",Interior Decorating,United States,"3,524",$10.09  ~ $12.02 ,$13.38 ,N/A,0.08%,68.06%,N/A
"Law, Gov't & Politics (Legacy)",Interior Decorating,Canada,5,$12.62  ~ $13.56 ,$14.07 ,N/A,0.09%,80.39%,N/A
"Law, Gov't & Politics (Legacy)",Cruises,United States,"3,379",$5.91  ~ $18.10 ,$22.62 ,N/A,0.03%,80.52%,N/A
"Law, Gov't & Politics (Legacy)",Government,United States,31,$31.10  ~ $31.10 ,$7.95 ,N/A,0.39%,64.97%,N/A
"Law, Gov't & Politics (Legacy)",Arts & Entertainment,United States,541,$14.50  ~ $15.54 ,$38.49 ,N/A,0.04%,81.75%,N/A
"Law, Gov't & Politics (Legacy)",Arts & Entertainment,Canada,6,$10.64  ~ $23.05 ,N/A,N/A,N/A,79.48%,N/A
"Law, Gov't & Politics (Legacy)",Business,Canada,162,$4.46  ~ $4.74 ,$23.38 ,N/A,0.02%,80.13%,N/A
"Law, Gov't & Politics (Legacy)",Business,United States,"2,217",$11.52  ~ $14.93 ,$30.55 ,N/A,0.04%,67.95%,N/A
"Law, Gov't & Politics (Legacy)",Green Solutions,United States,"1,004",$36.81  ~ $36.92 ,$125.98 ,N/A,0.03%,50.49%,N/A
"Law, Gov't & Politics (Legacy)",Desserts & Baking,United States,59,$10.66  ~ $10.66 ,$12.23 ,N/A,0.09%,82.16%,N/A
"Law, Gov't & Politics (Legacy)",Investing,United States,15,$18.31  ~ $19.90 ,$51.15 ,N/A,0.04%,47.07%,N/A
"Law, Gov't & Politics (Legacy)",Pro Basketball,United States,82,$17.50  ~ $17.50 ,$72.96 ,N/A,0.02%,65.41%,N/A
"Law, Gov't & Politics (Legacy)","Law, Gov't & Politics",United States,187,$23.93  ~ $28.90 ,$42.95 ,N/A,0.06%,71.55%,N/A
"Law, Gov't & Politics (Legacy)",Environmental Safety,United States,108,$15.61  ~ $15.61 ,$40.95 ,N/A,0.04%,71.85%,N/A
"Law, Gov't & Politics (Legacy)",Health & Fitness,Canada,262,$18.28  ~ $19.77 ,$22.39 ,N/A,0.08%,72.82%,N/A
"Law, Gov't & Politics (Legacy)",Health & Fitness,United States,"6,780",$15.91  ~ $16.99 ,$31.79 ,N/A,0.05%,77.89%,N/A
"Law, Gov't & Politics (Legacy)",Senor Health,United States,171,$9.99  ~ $10.71 ,$18.78 ,N/A,0.06%,67.51%,N/A
"Law, Gov't & Politics (Legacy)",Buying/Selling Homes,Canada,3,$18.75  ~ $18.75 ,$9.04 ,N/A,0.21%,68.52%,N/A
"Law, Gov't & Politics (Legacy)",Buying/Selling Homes,United States,"1,710",$19.26  ~ $20.57 ,$11.15 ,N/A,0.17%,71.35%,N/A
"Law, Gov't & Politics (Legacy)",Legal Issues,United States,"16,704",$17.64  ~ $17.68 ,$35.12 ,N/A,0.05%,71.96%,N/A
"Law, Gov't & Politics (Legacy)",Legal Issues,Canada,369,$17.02  ~ $17.58 ,$37.43 ,N/A,0.05%,81.73%,N/A
"Law, Gov't & Politics (Legacy)",Computer Peripherals,United States,208,$27.58  ~ $28.61 ,$153.83 ,N/A,0.02%,68.12%,N/A
"Law, Gov't & Politics (Legacy)",Metals,Canada,38,$17.56  ~ $21.72 ,N/A,N/A,N/A,81.73%,N/A
"Law, Gov't & Politics (Legacy)",Metals,United States,"2,005",$15.67  ~ $19.52 ,$61.88 ,N/A,0.03%,71.45%,N/A
"Law, Gov't & Politics (Legacy)",Network Security,United States,43,$13.22  ~ $13.22 ,$54.95 ,N/A,0.02%,59.62%,N/A
"Law, Gov't & Politics (Legacy)",Clothing,United States,709,$8.88  ~ $17.64 ,$28.74 ,N/A,0.06%,68.06%,N/A
"Law, Gov't & Politics (Legacy)",Clothing,Canada,43,$15.88  ~ $18.35 ,$24.78 ,N/A,0.06%,78.39%,N/A
"Law, Gov't & Politics (Legacy)",Technology & Computing,United States,18,$21.30  ~ $23.33 ,N/A,N/A,N/A,41.04%,N/A
"Law, Gov't & Politics (Legacy)",Home & Garden,United States,"23,926",$6.26  ~ $7.23 ,$9.73 ,N/A,0.06%,70.81%,N/A
"Law, Gov't & Politics (Legacy)",Catholicism,United States,4,$23.55  ~ $54.08 ,N/A,N/A,N/A,70.93%,N/A
"Law, Gov't & Politics (Legacy)",Babies & Toddlers,United States,1,$0.00  ~ $0.00 ,N/A,N/A,N/A,N/A,N/A
"Law, Gov't & Politics (Legacy)",Art/Technology,United States,1,$0.00  ~ $0.00 ,N/A,N/A,N/A,N/A,N/A
"Law, Gov't & Politics (Legacy)",Jewelry,United States,1,$0.00  ~ $0.00 ,N/A,N/A,N/A,N/A,N/A
"Law, Gov't & Politics (Legacy)",Sailing,United States,1,$0.00  ~ $0.00 ,N/A,N/A,N/A,N/A,N/A
"Law, Gov't & Politics (Legacy)",Motorcycles,United States,1,$0.00  ~ $0.00 ,N/A,N/A,N/A,N/A,N/A
News (Legacy),Politics,United States,"518,590",$23.47  ~ $23.98 ,$47.65 ,N/A,0.05%,55.85%,N/A
News (Legacy),Remodeling & Construction,United States,"12,235",$18.28  ~ $19.06 ,$72.50 ,N/A,0.03%,77.05%,N/A
News (Legacy),Football,United States,105,$9.33  ~ $9.33 ,$57.53 ,N/A,0.02%,71.86%,N/A
News (Legacy),Health/Lowfat Cooking,United States,"12,564",$18.43  ~ $18.49 ,$68.59 ,N/A,0.03%,67.85%,N/A
News (Legacy),Cocktails/Beer,United States,"3,262",$8.81  ~ $10.50 ,$32.57 ,N/A,0.03%,69.37%,N/A
News (Legacy),Cold & Flu,United States,"4,548",$11.54  ~ $12.69 ,$22.47 ,N/A,0.05%,67.97%,N/A
News (Legacy),Cigars,United States,479,$15.01  ~ $15.76 ,$86.85 ,N/A,0.02%,70.43%,N/A
News (Legacy),Government,United States,440,$31.50  ~ $31.50 ,$71.22 ,N/A,0.04%,66.19%,N/A
News (Legacy),Graduate School,United States,"33,062",$19.28  ~ $20.08 ,$55.62 ,N/A,0.03%,72.31%,N/A
News (Legacy),Insurance,United States,"63,612",$27.62  ~ $30.53 ,$41.17 ,N/A,0.07%,57.21%,N/A
News (Legacy),Insurance,Canada,664,$15.70  ~ $17.48 ,$26.12 ,N/A,0.07%,77.37%,N/A
News (Legacy),Investors & Patents,United States,"2,843",$19.82  ~ $20.17 ,$169.87 ,N/A,0.01%,75.04%,N/A
News (Legacy),Computer Networking,United States,21,$17.13  ~ $36.94 ,N/A,N/A,N/A,88.10%,N/A
News (Legacy),News,United States,"30,762",$17.81  ~ $18.65 ,$59.59 ,N/A,0.03%,74.52%,N/A
News (Legacy),News,Canada,785,$18.54  ~ $39.63 ,$112.17 ,N/A,0.02%,83.78%,N/A
News (Legacy),Buying/Selling Homes,United States,"3,438",$19.06  ~ $20.13 ,$19.51 ,N/A,0.10%,71.43%,N/A
News (Legacy),Cancer,United States,"2,387",$14.15  ~ $17.94 ,$59.35 ,N/A,0.03%,75.27%,N/A
News (Legacy),Apartments,Canada,1,$15.74  ~ $15.74 ,$68.71 ,N/A,0.02%,64.89%,N/A
News (Legacy),Apartments,United States,"1,217",$14.69  ~ $20.73 ,N/A,N/A,N/A,89.35%,N/A
News (Legacy),Video & Computer Games,United States,670,$19.71  ~ $19.71 ,$51.52 ,N/A,0.04%,76.76%,N/A
News (Legacy),Credit/Debt & Loans,United States,"2,951",$20.35  ~ $23.32 ,$68.78 ,N/A,0.03%,74.89%,N/A
News (Legacy),Credit/Debt & Loans,Canada,81,$8.44  ~ $8.44 ,$59.20 ,N/A,0.01%,89.39%,N/A
News (Legacy),Off-Road Vehicles,United States,417,$18.66  ~ $18.66 ,$167.01 ,N/A,0.01%,73.70%,N/A
News (Legacy),Off-Road Vehicles,Canada,172,$12.49  ~ $12.49 ,$68.09 ,N/A,0.02%,80.12%,N/A
News (Legacy),Family & Parenting,United States,"5,352",$12.06  ~ $12.47 ,$63.95 ,N/A,0.02%,75.19%,N/A
News (Legacy),Commentary,United States,77,$18.12  ~ $18.12 ,$147.20 ,N/A,0.01%,74.61%,N/A
News (Legacy),Books & Literature,United States,1,$23.74  ~ $50.53 ,$164.54 ,N/A,0.01%,83.63%,N/A
News (Legacy),Metals,United States,"22,412",$13.20  ~ $18.26 ,$62.79 ,N/A,0.03%,75.51%,N/A
News (Legacy),Metals,Canada,369,$15.39  ~ $19.44 ,$42.60 ,N/A,0.05%,82.48%,N/A
News (Legacy),Technology & Computing,United States,700,$18.00  ~ $18.04 ,$88.69 ,N/A,0.02%,41.64%,N/A
News (Legacy),Careers,Canada,2,$7.86  ~ $11.89 ,$19.78 ,N/A,0.04%,80.95%,N/A
News (Legacy),Careers,United States,"7,515",$23.23  ~ $23.31 ,$134.10 ,N/A,0.02%,77.15%,N/A
News (Legacy),Marketing,United States,2,$19.01  ~ $19.01 ,N/A,N/A,N/A,49.56%,N/A
News (Legacy),Computer Peripherals,United States,"1,187",$26.97  ~ $28.33 ,$163.05 ,N/A,0.02%,67.30%,N/A
News (Legacy),Automotive,United States,"11,657",$13.49  ~ $17.11 ,$58.83 ,N/A,0.02%,80.89%,N/A
News (Legacy),Automotive,Canada,15,$20.29  ~ $20.29 ,N/A,N/A,N/A,74.21%,N/A
News (Legacy),Honeymoons/Getaways,United States,"1,646",$18.54  ~ $21.72 ,$43.79 ,N/A,0.05%,61.86%,N/A
News (Legacy),Dogs,United States,"6,997",$21.50  ~ $24.86 ,N/A,N/A,N/A,84.25%,N/A
News (Legacy),Dogs,Canada,307,$11.73  ~ $26.95 ,$42.94 ,N/A,0.03%,81.45%,N/A
News (Legacy),Adventure Travel,United States,1,$32.45  ~ $79.03 ,N/A,N/A,N/A,83.43%,N/A
News (Legacy),Exercise,United States,158,$15.21  ~ $19.69 ,$94.12 ,N/A,0.02%,83.70%,N/A
News (Legacy),Food & Drink,United States,"6,968",$15.53  ~ $18.97 ,$134.26 ,N/A,0.01%,85.07%,N/A
News (Legacy),Food & Drink,Canada,"1,745",$7.78  ~ $19.33 ,$12.22 ,N/A,0.06%,80.08%,N/A
News (Legacy),Coffee/Tea,United States,"52,522",$12.74  ~ $12.74 ,$164.97 ,N/A,0.01%,76.74%,N/A
News (Legacy),By US Locale,United States,56,$21.82  ~ $46.09 ,N/A,N/A,N/A,95.66%,N/A
News (Legacy),Dining Out,United States,"23,101",$13.53  ~ $15.31 ,$46.04 ,N/A,0.03%,78.15%,N/A
News (Legacy),Theme Parks,United States,"2,007",$24.53  ~ $24.53 ,$143.46 ,N/A,0.02%,80.25%,N/A
News (Legacy),Pediatrics,United States,"2,878",$19.91  ~ $19.95 ,$72.23 ,N/A,0.03%,75.45%,N/A
News (Legacy),Health & Fitness,United States,"44,540",$16.39  ~ $17.35 ,$57.36 ,N/A,0.03%,69.97%,N/A
News (Legacy),Health & Fitness,Canada,"1,342",$19.33  ~ $20.17 ,$36.95 ,N/A,0.05%,77.37%,N/A
News (Legacy),Hotels,Canada,N/A,$36.62  ~ $86.71 ,N/A,N/A,N/A,85.71%,N/A
News (Legacy),Hotels,United States,"4,589",$14.54  ~ $15.68 ,$123.91 ,N/A,0.01%,71.48%,N/A
News (Legacy),Accessories,United States,"2,239",$20.03  ~ $26.81 ,$43.89 ,N/A,0.06%,81.21%,N/A
News (Legacy),Senor Health,United States,"6,795",$9.25  ~ $9.80 ,$25.55 ,N/A,0.04%,61.04%,N/A
News (Legacy),Adult Education,United States,"88,727",$10.91  ~ $11.07 ,$175.02 ,N/A,0.01%,87.40%,N/A
News (Legacy),Physical Therapy,United States,148,$18.92  ~ $18.92 ,N/A,N/A,N/A,67.08%,N/A
News (Legacy),Personal Finance,Canada,7,$18.17  ~ $40.00 ,$23.45 ,N/A,0.08%,79.12%,N/A
News (Legacy),Personal Finance,United States,"56,423",$13.98  ~ $15.51 ,$23.38 ,N/A,0.07%,53.75%,N/A
News (Legacy),Shopping,United States,"46,398",$11.67  ~ $12.16 ,$84.86 ,N/A,0.01%,75.52%,N/A
News (Legacy),Home & Garden,United States,"297,185",$6.30  ~ $10.30 ,$11.01 ,N/A,0.06%,67.91%,N/A
News (Legacy),Home & Garden,Canada,1,$10.20  ~ $25.38 ,N/A,N/A,N/A,66.67%,N/A
News (Legacy),Job Search,United States,"2,396",$13.12  ~ $13.70 ,$72.58 ,N/A,0.02%,82.24%,N/A
News (Legacy),Fine Art,Canada,3,$18.33  ~ $24.34 ,$16.57 ,N/A,0.11%,62.62%,N/A
News (Legacy),Fine Art,United States,35,$12.16  ~ $16.25 ,$52.00 ,N/A,0.02%,75.32%,N/A
News (Legacy),"Law, Gov't & Politics",United States,"1,897",$25.58  ~ $31.16 ,$56.49 ,N/A,0.05%,65.53%,N/A
News (Legacy),"Law, Gov't & Politics",Canada,34,$18.08  ~ $18.08 ,$7.87 ,N/A,0.23%,70.54%,N/A
News (Legacy),Sexuality,United States,216,$11.05  ~ $22.17 ,N/A,N/A,N/A,73.61%,N/A
News (Legacy),Senior Living,United States,"8,911",$4.43  ~ $5.44 ,$27.69 ,N/A,0.02%,72.46%,N/A
News (Legacy),Home Repair,Canada,"1,007",$8.31  ~ $8.44 ,$16.70 ,N/A,0.05%,75.40%,N/A
News (Legacy),Home Repair,United States,"18,487",$15.07  ~ $18.94 ,$48.89 ,N/A,0.03%,75.34%,N/A
News (Legacy),Buying/Selling Cars,United States,"15,502",$25.69  ~ $26.18 ,$91.98 ,N/A,0.03%,78.69%,N/A
News (Legacy),Buying/Selling Cars,Canada,135,$19.21  ~ $20.11 ,$26.73 ,N/A,0.07%,73.77%,N/A
News (Legacy),Travel,United States,"22,314",$18.51  ~ $18.71 ,$34.96 ,N/A,0.05%,68.34%,N/A
News (Legacy),Advertising,Canada,"1,812",$6.89  ~ $15.56 ,$49.72 ,N/A,0.03%,80.90%,N/A
News (Legacy),Advertising,United States,"29,179",$15.36  ~ $15.73 ,$36.36 ,N/A,0.04%,66.98%,N/A
News (Legacy),Logistics,United States,"12,192",$20.61  ~ $21.29 ,$58.16 ,N/A,0.04%,67.16%,N/A
News (Legacy),Logistics,Canada,232,$5.19  ~ $7.24 ,$18.69 ,N/A,0.04%,77.32%,N/A
News (Legacy),Career Planning,United States,"6,865",$15.15  ~ $19.73 ,$51.75 ,N/A,0.03%,54.87%,N/A
News (Legacy),Veterinary Medicine,United States,"1,671",$18.29  ~ $18.49 ,$106.88 ,N/A,0.02%,82.46%,N/A
News (Legacy),Large Animals,United States,2,$19.69  ~ $43.13 ,N/A,N/A,N/A,73.82%,N/A
News (Legacy),Auto Parts,United States,23,$6.22  ~ $6.46 ,$14.83 ,N/A,0.04%,86.27%,N/A
News (Legacy),Interior Decorating,United States,"58,014",$9.91  ~ $12.16 ,$13.05 ,N/A,0.08%,62.86%,N/A
News (Legacy),Interior Decorating,Canada,60,$12.28  ~ $13.46 ,$22.47 ,N/A,0.05%,80.30%,N/A
News (Legacy),Real Estate,United States,"4,047",$14.87  ~ $15.24 ,$38.02 ,N/A,0.04%,67.30%,N/A
News (Legacy),Real Estate,Canada,19,$18.54  ~ $38.15 ,$27.09 ,N/A,0.07%,73.79%,N/A
News (Legacy),Hobbies & Interests,United States,"8,121",$15.42  ~ $16.97 ,$73.67 ,N/A,0.02%,75.47%,N/A
News (Legacy),Retirement Planning,United States,"6,926",$15.39  ~ $21.43 ,$491.35 ,N/A,0.00%,84.16%,N/A
News (Legacy),Contests & Freebies,United States,"2,714",$20.28  ~ $20.28 ,$101.64 ,N/A,0.02%,81.26%,N/A
News (Legacy),Weight Loss,United States,"12,515",$13.25  ~ $16.72 ,$153.02 ,N/A,0.01%,81.17%,N/A
News (Legacy),Mutual Funds,United States,"51,631",$13.90  ~ $15.68 ,$19.52 ,N/A,0.08%,42.93%,N/A
News (Legacy),Nutrition,Canada,150,$5.71  ~ $5.71 ,$15.39 ,N/A,0.04%,73.48%,N/A
News (Legacy),Card Games,United States,"64,255",$20.35  ~ $20.52 ,$62.82 ,N/A,0.03%,76.06%,N/A
News (Legacy),Card Games,Canada,236,$14.26  ~ $16.36 ,$23.65 ,N/A,0.07%,74.90%,N/A
News (Legacy),Pro Basketball,United States,"1,202",$17.30  ~ $17.30 ,$30.06 ,N/A,0.06%,68.99%,N/A
News (Legacy),Cruises,United States,"59,206",$5.25  ~ $17.75 ,$54.94 ,N/A,0.01%,80.47%,N/A
News (Legacy),Cruises,Canada,13,$13.29  ~ $14.99 ,$3.44 ,N/A,0.44%,65.61%,N/A
News (Legacy),Business Software,United States,"40,691",$20.53  ~ $20.62 ,$85.49 ,N/A,0.02%,77.20%,N/A
News (Legacy),Business Software,Canada,554,$16.50  ~ $17.33 ,$38.05 ,N/A,0.04%,78.63%,N/A
News (Legacy),Couponing,United States,950,$10.51  ~ $20.46 ,$87.05 ,N/A,0.02%,77.36%,N/A
News (Legacy),Arts & Entertainment,United States,"4,174",$15.23  ~ $16.62 ,$45.91 ,N/A,0.03%,79.89%,N/A
News (Legacy),Arts & Entertainment,Canada,13,$10.88  ~ $27.07 ,$16.87 ,N/A,0.06%,79.31%,N/A
News (Legacy),Incest/Abuse Support,United States,"24,046",$15.31  ~ $22.78 ,$51.83 ,N/A,0.03%,72.54%,N/A
News (Legacy),Auto Repair,United States,"1,554",$13.14  ~ $13.14 ,$26.10 ,N/A,0.05%,73.68%,N/A
News (Legacy),Business,Canada,"1,464",$4.01  ~ $5.54 ,$17.61 ,N/A,0.02%,84.09%,N/A
News (Legacy),Business,United States,"69,982",$14.59  ~ $14.74 ,$54.81 ,N/A,0.03%,68.16%,N/A
News (Legacy),Arts & Crafts,United States,"9,325",$16.36  ~ $16.36 ,$70.85 ,N/A,0.02%,84.56%,N/A
News (Legacy),Hunting/Shooting,United States,95,$17.71  ~ $17.71 ,N/A,N/A,N/A,91.51%,N/A
News (Legacy),Biotech/Biomedical,United States,"25,106",$25.78  ~ $26.01 ,$74.79 ,N/A,0.03%,70.80%,N/A
News (Legacy),Psychology/Psychiatry,United States,"71,978",$21.90  ~ $24.19 ,$63.17 ,N/A,0.03%,61.66%,N/A
News (Legacy),Infertility,United States,26,$7.76  ~ $18.69 ,N/A,N/A,N/A,72.12%,N/A
News (Legacy),Air Travel,United States,25,$21.41  ~ $21.43 ,$45.64 ,N/A,0.05%,54.85%,N/A
News (Legacy),Investing,United States,498,$10.50  ~ $20.05 ,$63.93 ,N/A,0.02%,60.81%,N/A
News (Legacy),Network Security,United States,65,$11.03  ~ $11.03 ,$40.46 ,N/A,0.03%,72.18%,N/A
News (Legacy),Human Resources,Canada,"1,682",$13.70  ~ $14.50 ,$65.25 ,N/A,0.02%,79.23%,N/A
News (Legacy),Human Resources,United States,"21,455",$21.63  ~ $21.79 ,$94.43 ,N/A,0.02%,61.49%,N/A
News (Legacy),Catholicism,United States,664,$20.81  ~ $46.17 ,N/A,N/A,N/A,70.38%,N/A
News (Legacy),Birdwatching,United States,56,$18.58  ~ $18.58 ,N/A,N/A,N/A,92.60%,N/A
News (Legacy),Canada,Canada,37,$12.58  ~ $12.58 ,$8.90 ,N/A,0.14%,76.18%,N/A
News (Legacy),Internet Technology,Canada,49,$18.40  ~ $44.36 ,N/A,N/A,N/A,72.86%,N/A
News (Legacy),Internet Technology,United States,"1,440",$9.96  ~ $10.06 ,$102.84 ,N/A,0.01%,56.66%,N/A
News (Legacy),Music,United States,"2,170",$14.63  ~ $15.03 ,$68.44 ,N/A,0.02%,74.00%,N/A
News (Legacy),Environmental Safety,United States,350,$15.29  ~ $15.29 ,$53.00 ,N/A,0.03%,71.83%,N/A
News (Legacy),College,United States,"4,115",$16.05  ~ $17.42 ,$50.36 ,N/A,0.03%,74.14%,N/A
News (Legacy),Agriculture,United States,"1,195",$16.45  ~ $16.86 ,$144.14 ,N/A,0.01%,84.87%,N/A
News (Legacy),K-6 Educators,United States,"2,427",$19.83  ~ $20.31 ,$64.94 ,N/A,0.03%,56.27%,N/A
News (Legacy),Construction,United States,452,$18.47  ~ $18.65 ,$76.51 ,N/A,0.02%,73.07%,N/A
News (Legacy),Radio,United States,102,$5.18  ~ $5.18 ,$7.33 ,N/A,0.07%,88.82%,N/A
News (Legacy),Education,United States,"36,684",$10.70  ~ $11.75 ,$65.96 ,N/A,0.02%,74.86%,N/A
News (Legacy),Green Solutions,United States,"33,383",$29.69  ~ $29.85 ,$103.57 ,N/A,0.03%,58.61%,N/A
News (Legacy),Green Solutions,Canada,2,$18.59  ~ $18.59 ,$49.22 ,N/A,0.04%,79.07%,N/A
News (Legacy),Clothing,United States,"12,562",$8.93  ~ $14.87 ,$49.80 ,N/A,0.03%,67.45%,N/A
News (Legacy),Clothing,Canada,224,$16.33  ~ $18.26 ,$32.28 ,N/A,0.05%,75.54%,N/A
News (Legacy),Distance Learning,United States,13,$16.17  ~ $39.76 ,$35.53 ,N/A,0.05%,37.13%,N/A
News (Legacy),Dental Care,United States,272,$6.53  ~ $12.68 ,$23.55 ,N/A,0.03%,60.38%,N/A
News (Legacy),Martial Arts,United States,177,$10.18  ~ $10.18 ,$19.71 ,N/A,0.05%,55.78%,N/A
News (Legacy),Desserts & Baking,United States,93,$10.63  ~ $10.63 ,$21.90 ,N/A,0.05%,75.58%,N/A
News (Legacy),Legal Issues,United States,"232,991",$17.17  ~ $17.32 ,$47.84 ,N/A,0.04%,67.60%,N/A
News (Legacy),Legal Issues,Canada,"3,402",$17.33  ~ $18.24 ,$57.45 ,N/A,0.03%,84.70%,N/A
News (Legacy),Pets,United States,"8,697",$20.10  ~ $46.61 ,$156.55 ,N/A,0.01%,92.25%,N/A
News (Legacy),Alternative Medicine,United States,"26,081",$14.41  ~ $18.71 ,$82.35 ,N/A,0.02%,59.15%,N/A
News (Legacy),Gardening,United States,"16,094",$14.26  ~ $14.96 ,$48.12 ,N/A,0.03%,69.04%,N/A
News (Legacy),Gardening,Canada,128,$16.53  ~ $16.53 ,$19.00 ,N/A,0.09%,91.77%,N/A
News (Legacy),Appliances,United States,"1,417",$14.43  ~ $15.02 ,$48.03 ,N/A,0.03%,87.95%,N/A
News (Legacy),Weddings,United States,37,$19.62  ~ $45.15 ,$26.84 ,N/A,0.07%,90.42%,N/A
News (Legacy),Bed & Breakfasts,United States,14,$18.75  ~ $18.75 ,$126.23 ,N/A,0.01%,74.54%,N/A
News (Legacy),Landscaping,United States,48,$34.30  ~ $34.30 ,$26.90 ,N/A,0.13%,59.80%,N/A
News (Legacy),Jewelry,United States,11,$0.00  ~ $0.00 ,N/A,N/A,N/A,N/A,N/A
News (Legacy),Local News,United States,2,$0.00  ~ $0.00 ,N/A,N/A,N/A,N/A,N/A
News (Legacy),Sailing,United States,1,$0.00  ~ $0.00 ,N/A,N/A,N/A,N/A,N/A
News (Legacy),Trucks & Accessories,United States,1,$0.00  ~ $0.00 ,N/A,N/A,N/A,N/A,N/A
News (Legacy),Art/Technology,United States,1,$0.00  ~ $0.00 ,N/A,N/A,N/A,N/A,N/A
News (Legacy),Motorcycles,United States,3,$0.00  ~ $0.00 ,N/A,N/A,N/A,N/A,N/A
News (Legacy),Cameras & Camcorders,United States,12,$0.00  ~ $0.00 ,N/A,N/A,N/A,N/A,N/A
News (Legacy),Babies & Toddlers,United States,1,$0.00  ~ $0.00 ,N/A,N/A,N/A,N/A,N/A
Personal Finance (Legacy),Bed & Breakfasts,United States,667,$18.31  ~ $18.31 ,$160.60 ,N/A,0.01%,90.57%,N/A
Personal Finance (Legacy),Weight Loss,United States,174,$13.50  ~ $19.18 ,$169.02 ,N/A,0.01%,91.10%,N/A
Personal Finance (Legacy),News,United States,127,$15.41  ~ $18.53 ,$38.59 ,N/A,0.05%,77.73%,N/A
Personal Finance (Legacy),News,Canada,34,$18.39  ~ $39.92 ,$85.38 ,N/A,0.02%,88.23%,N/A
Personal Finance (Legacy),Buying/Selling Cars,United States,197,$28.37  ~ $28.40 ,$128.11 ,N/A,0.02%,81.55%,N/A
Personal Finance (Legacy),Video & Computer Games,United States,202,$19.36  ~ $19.36 ,$67.23 ,N/A,0.03%,75.75%,N/A
Personal Finance (Legacy),Green Solutions,United States,237,$30.40  ~ $30.76 ,$84.63 ,N/A,0.04%,58.16%,N/A
Personal Finance (Legacy),Birdwatching,United States,4,$18.88  ~ $18.88 ,N/A,N/A,N/A,94.17%,N/A
Personal Finance (Legacy),Agriculture,United States,22,$17.69  ~ $17.71 ,N/A,N/A,N/A,89.23%,N/A
Personal Finance (Legacy),Buying/Selling Homes,United States,449,$20.36  ~ $21.02 ,$36.59 ,N/A,0.06%,78.06%,N/A
Personal Finance (Legacy),Advertising,United States,332,$16.14  ~ $16.31 ,$36.02 ,N/A,0.05%,68.37%,N/A
Personal Finance (Legacy),Advertising,Canada,42,$6.62  ~ $14.70 ,N/A,N/A,N/A,79.37%,N/A
Personal Finance (Legacy),Health/Lowfat Cooking,United States,218,$18.10  ~ $18.14 ,$53.44 ,N/A,0.03%,73.24%,N/A
Personal Finance (Legacy),Adult Education,United States,301,$10.75  ~ $11.49 ,$52.25 ,N/A,0.02%,76.74%,N/A
Personal Finance (Legacy),Cancer,United States,64,$15.67  ~ $19.72 ,$75.62 ,N/A,0.03%,63.74%,N/A
Personal Finance (Legacy),Senior Living,United States,103,$5.72  ~ $6.75 ,$16.96 ,N/A,0.04%,73.75%,N/A
Personal Finance (Legacy),Psychology/Psychiatry,United States,609,$19.60  ~ $20.09 ,$28.25 ,N/A,0.07%,72.63%,N/A
Personal Finance (Legacy),Dining Out,United States,113,$13.97  ~ $15.76 ,$45.25 ,N/A,0.03%,82.57%,N/A
Personal Finance (Legacy),Arts & Crafts,United States,67,$17.15  ~ $17.15 ,$69.66 ,N/A,0.02%,86.61%,N/A
Personal Finance (Legacy),Cocktails/Beer,United States,17,$7.12  ~ $10.84 ,$22.04 ,N/A,0.05%,76.88%,N/A
Personal Finance (Legacy),Construction,United States,4,$18.57  ~ $18.62 ,N/A,N/A,N/A,72.67%,N/A
Personal Finance (Legacy),Legal Issues,Canada,92,$17.07  ~ $17.33 ,$163.63 ,N/A,0.01%,80.45%,N/A
Personal Finance (Legacy),Legal Issues,United States,"2,402",$17.68  ~ $17.83 ,$40.43 ,N/A,0.04%,73.62%,N/A
Personal Finance (Legacy),Cruises,United States,364,$4.24  ~ $18.02 ,$15.82 ,N/A,0.03%,82.98%,N/A
Personal Finance (Legacy),Investing,United States,5,$18.07  ~ $19.77 ,N/A,N/A,N/A,44.92%,N/A
Personal Finance (Legacy),Martial Arts,United States,3,$10.19  ~ $10.19 ,N/A,N/A,N/A,70.81%,N/A
Personal Finance (Legacy),Couponing,United States,2,$10.74  ~ $20.77 ,N/A,N/A,N/A,82.13%,N/A
Personal Finance (Legacy),Dental Care,United States,11,$8.09  ~ $12.84 ,N/A,N/A,N/A,64.23%,N/A
Personal Finance (Legacy),Senor Health,United States,60,$11.34  ~ $11.89 ,$30.56 ,N/A,0.04%,71.89%,N/A
Personal Finance (Legacy),Contests & Freebies,United States,10,$20.55  ~ $20.55 ,N/A,N/A,N/A,69.47%,N/A
Personal Finance (Legacy),Appliances,United States,43,$14.15  ~ $14.26 ,N/A,N/A,N/A,88.60%,N/A
Personal Finance (Legacy),Pediatrics,United States,35,$18.74  ~ $20.44 ,$69.84 ,N/A,0.03%,74.13%,N/A
Personal Finance (Legacy),Careers,United States,33,$23.01  ~ $23.02 ,$46.36 ,N/A,0.05%,82.61%,N/A
Personal Finance (Legacy),Careers,Canada,2,$12.58  ~ $12.58 ,N/A,N/A,N/A,70.30%,N/A
Personal Finance (Legacy),Arts & Entertainment,United States,60,$15.29  ~ $16.09 ,$62.29 ,N/A,0.02%,79.87%,N/A
Personal Finance (Legacy),"Law, Gov't & Politics",United States,10,$26.41  ~ $31.55 ,$25.95 ,N/A,0.10%,74.34%,N/A
Personal Finance (Legacy),Cigars,United States,1,$14.44  ~ $15.00 ,$37.68 ,N/A,0.04%,81.88%,N/A
Personal Finance (Legacy),Physical Therapy,United States,1,$18.94  ~ $18.94 ,N/A,N/A,N/A,64.86%,N/A
Personal Finance (Legacy),Auto Repair,United States,8,$13.06  ~ $13.06 ,$23.28 ,N/A,0.06%,81.23%,N/A
Personal Finance (Legacy),Travel,United States,104,$18.38  ~ $18.41 ,$24.24 ,N/A,0.08%,69.52%,N/A
Personal Finance (Legacy),Shopping,United States,604,$8.60  ~ $9.60 ,$35.62 ,N/A,0.03%,74.14%,N/A
Personal Finance (Legacy),Education,United States,225,$11.66  ~ $14.80 ,$37.16 ,N/A,0.04%,79.16%,N/A
Personal Finance (Legacy),Exercise,United States,43,$14.69  ~ $21.01 ,$50.55 ,N/A,0.03%,85.83%,N/A
Personal Finance (Legacy),Pets,United States,302,$18.69  ~ $40.97 ,$7.54 ,N/A,0.25%,79.47%,N/A
Personal Finance (Legacy),Computer Peripherals,United States,6,$26.43  ~ $28.01 ,$102.52 ,N/A,0.03%,52.62%,N/A
Personal Finance (Legacy),Accessories,United States,6,$19.88  ~ $25.47 ,N/A,N/A,N/A,76.83%,N/A
Personal Finance (Legacy),Dogs,United States,52,$17.59  ~ $22.59 ,N/A,N/A,N/A,84.34%,N/A
Personal Finance (Legacy),Dogs,Canada,3,$11.77  ~ $28.76 ,$40.99 ,N/A,0.03%,83.47%,N/A
Personal Finance (Legacy),Technology & Computing,United States,5,$23.20  ~ $27.17 ,N/A,N/A,N/A,58.84%,N/A
Personal Finance (Legacy),Government,United States,8,$31.66  ~ $31.66 ,N/A,N/A,N/A,73.33%,N/A
Personal Finance (Legacy),Computer Networking,United States,5,$15.45  ~ $38.41 ,N/A,N/A,N/A,86.78%,N/A
Personal Finance (Legacy),Hobbies & Interests,United States,51,$16.04  ~ $17.13 ,$77.27 ,N/A,0.02%,76.40%,N/A
Personal Finance (Legacy),K-6 Educators,United States,5,$20.04  ~ $20.27 ,$20.95 ,N/A,0.10%,66.88%,N/A
Personal Finance (Legacy),Mutual Funds,United States,"1,650",$14.01  ~ $16.17 ,$20.01 ,N/A,0.08%,55.30%,N/A
Personal Finance (Legacy),Internet Technology,Canada,14,$18.35  ~ $44.70 ,N/A,N/A,N/A,57.68%,N/A
Personal Finance (Legacy),Internet Technology,United States,13,$8.41  ~ $8.55 ,N/A,N/A,N/A,75.65%,N/A
Personal Finance (Legacy),Catholicism,United States,3,$23.26  ~ $48.91 ,N/A,N/A,N/A,76.62%,N/A
Personal Finance (Legacy),Job Search,United States,64,$12.09  ~ $12.69 ,$122.43 ,N/A,0.01%,80.44%,N/A
Personal Finance (Legacy),Logistics,United States,72,$22.49  ~ $22.96 ,$58.95 ,N/A,0.04%,70.64%,N/A
Personal Finance (Legacy),Logistics,Canada,51,$7.92  ~ $11.00 ,$73.66 ,N/A,0.01%,72.94%,N/A
Personal Finance (Legacy),Card Games,Canada,4,$14.39  ~ $16.84 ,$108.31 ,N/A,0.02%,81.34%,N/A
Personal Finance (Legacy),Card Games,United States,897,$20.66  ~ $20.94 ,$22.49 ,N/A,0.09%,73.77%,N/A
Personal Finance (Legacy),Credit/Debt & Loans,Canada,10,$6.44  ~ $6.44 ,N/A,N/A,N/A,92.56%,N/A
Personal Finance (Legacy),Credit/Debt & Loans,United States,101,$20.60  ~ $22.62 ,$54.00 ,N/A,0.04%,79.17%,N/A
Personal Finance (Legacy),Personal Finance,United States,912,$14.76  ~ $16.06 ,$15.66 ,N/A,0.09%,66.74%,N/A
Personal Finance (Legacy),Personal Finance,Canada,1,$19.51  ~ $41.84 ,$46.37 ,N/A,0.04%,81.92%,N/A
Personal Finance (Legacy),Home & Garden,United States,"6,098",$6.44  ~ $7.90 ,$10.45 ,N/A,0.06%,70.87%,N/A
Personal Finance (Legacy),Clothing,United States,121,$9.24  ~ $18.73 ,$37.68 ,N/A,0.05%,69.37%,N/A
Personal Finance (Legacy),Clothing,Canada,14,$15.70  ~ $18.62 ,$51.27 ,N/A,0.03%,84.45%,N/A
Personal Finance (Legacy),Pro Basketball,United States,8,$17.71  ~ $17.71 ,$9.88 ,N/A,0.18%,64.76%,N/A
Personal Finance (Legacy),Food & Drink,United States,52,$19.99  ~ $22.25 ,$25.93 ,N/A,0.08%,83.57%,N/A
Personal Finance (Legacy),Food & Drink,Canada,31,$7.80  ~ $16.79 ,N/A,N/A,N/A,83.03%,N/A
Personal Finance (Legacy),Biotech/Biomedical,United States,654,$26.30  ~ $26.62 ,$52.85 ,N/A,0.05%,75.46%,N/A
Personal Finance (Legacy),Nutrition,Canada,17,$7.23  ~ $7.23 ,$18.22 ,N/A,0.04%,77.36%,N/A
Personal Finance (Legacy),Cold & Flu,United States,94,$11.51  ~ $13.04 ,$35.81 ,N/A,0.03%,72.56%,N/A
Personal Finance (Legacy),Home Repair,Canada,62,$8.58  ~ $8.81 ,$35.97 ,N/A,0.02%,77.17%,N/A
Personal Finance (Legacy),Home Repair,United States,184,$16.34  ~ $20.07 ,$25.47 ,N/A,0.06%,80.21%,N/A
Personal Finance (Legacy),Insurance,Canada,8,$15.79  ~ $17.49 ,N/A,N/A,N/A,82.56%,N/A
Personal Finance (Legacy),Insurance,United States,"2,643",$29.02  ~ $29.93 ,$30.12 ,N/A,0.10%,67.48%,N/A
Personal Finance (Legacy),Canada,Canada,1,$12.42  ~ $12.42 ,$6.17 ,N/A,0.20%,79.55%,N/A
Personal Finance (Legacy),Incest/Abuse Support,United States,166,$18.15  ~ $23.27 ,$48.34 ,N/A,0.04%,79.40%,N/A
Personal Finance (Legacy),Human Resources,Canada,22,$13.23  ~ $13.76 ,N/A,N/A,N/A,80.35%,N/A
Personal Finance (Legacy),Human Resources,United States,308,$21.37  ~ $21.51 ,$73.56 ,N/A,0.03%,69.28%,N/A
Personal Finance (Legacy),Real Estate,United States,370,$15.95  ~ $17.00 ,$45.59 ,N/A,0.04%,67.31%,N/A
Personal Finance (Legacy),Sexuality,United States,1,$11.02  ~ $26.64 ,N/A,N/A,N/A,80.95%,N/A
Personal Finance (Legacy),Interior Decorating,United States,"1,229",$11.71  ~ $14.83 ,$10.84 ,N/A,0.11%,67.74%,N/A
Personal Finance (Legacy),Interior Decorating,Canada,16,$11.58  ~ $13.38 ,$33.61 ,N/A,0.03%,84.16%,N/A
Personal Finance (Legacy),Honeymoons/Getaways,United States,131,$16.77  ~ $23.76 ,$34.77 ,N/A,0.07%,77.19%,N/A
Personal Finance (Legacy),Investors & Patents,United States,82,$20.36  ~ $21.53 ,N/A,N/A,N/A,72.92%,N/A
Personal Finance (Legacy),Investors & Patents,Canada,1,$13.16  ~ $30.95 ,N/A,N/A,N/A,85.71%,N/A
Personal Finance (Legacy),Remodeling & Construction,United States,213,$19.43  ~ $20.12 ,$64.29 ,N/A,0.03%,79.44%,N/A
Personal Finance (Legacy),Football,United States,55,$10.03  ~ $10.03 ,$66.14 ,N/A,0.02%,70.72%,N/A
Personal Finance (Legacy),Health & Fitness,United States,"3,724",$17.08  ~ $17.42 ,$39.17 ,N/A,0.04%,78.35%,N/A
Personal Finance (Legacy),Health & Fitness,Canada,42,$18.77  ~ $19.56 ,$71.30 ,N/A,0.03%,78.21%,N/A
Personal Finance (Legacy),Coffee/Tea,United States,304,$12.94  ~ $12.94 ,$148.10 ,N/A,0.01%,67.46%,N/A
Personal Finance (Legacy),Alternative Medicine,United States,78,$16.55  ~ $19.77 ,$25.61 ,N/A,0.08%,63.37%,N/A
Personal Finance (Legacy),Music,United States,20,$13.52  ~ $13.59 ,$54.00 ,N/A,0.03%,75.02%,N/A
Personal Finance (Legacy),Automotive,Canada,6,$19.44  ~ $19.44 ,$16.00 ,N/A,0.12%,74.33%,N/A
Personal Finance (Legacy),Automotive,United States,"2,577",$13.07  ~ $17.05 ,$19.56 ,N/A,0.07%,75.50%,N/A
Personal Finance (Legacy),Politics,United States,"8,759",$23.89  ~ $24.03 ,$32.58 ,N/A,0.07%,68.69%,N/A
Personal Finance (Legacy),Family & Parenting,United States,15,$13.70  ~ $15.75 ,$19.46 ,N/A,0.08%,81.00%,N/A
Personal Finance (Legacy),College,United States,590,$16.03  ~ $19.34 ,$46.20 ,N/A,0.04%,74.98%,N/A
Personal Finance (Legacy),Theme Parks,United States,5,$26.01  ~ $26.01 ,N/A,N/A,N/A,84.82%,N/A
Personal Finance (Legacy),Business Software,United States,982,$21.49  ~ $21.86 ,$107.04 ,N/A,0.02%,77.53%,N/A
Personal Finance (Legacy),Business Software,Canada,15,$14.91  ~ $23.55 ,N/A,N/A,N/A,79.67%,N/A
Personal Finance (Legacy),Hotels,United States,152,$16.14  ~ $17.04 ,$37.56 ,N/A,0.05%,81.10%,N/A
Personal Finance (Legacy),Gardening,United States,"1,509",$6.05  ~ $6.11 ,$39.53 ,N/A,0.02%,76.54%,N/A
Personal Finance (Legacy),Retirement Planning,United States,65,$16.11  ~ $19.81 ,$319.61 ,N/A,0.01%,76.84%,N/A
Personal Finance (Legacy),Desserts & Baking,United States,17,$10.63  ~ $10.63 ,$19.66 ,N/A,0.05%,82.63%,N/A
Personal Finance (Legacy),Metals,United States,193,$14.36  ~ $19.10 ,$47.99 ,N/A,0.04%,75.39%,N/A
Personal Finance (Legacy),Graduate School,United States,989,$15.83  ~ $16.42 ,$92.57 ,N/A,0.02%,72.91%,N/A
Personal Finance (Legacy),Career Planning,United States,55,$17.74  ~ $18.71 ,N/A,N/A,N/A,66.69%,N/A
Personal Finance (Legacy),Environmental Safety,United States,18,$15.57  ~ $15.57 ,$48.46 ,N/A,0.03%,71.27%,N/A
Personal Finance (Legacy),Business,United States,598,$15.49  ~ $17.30 ,$47.23 ,N/A,0.03%,75.39%,N/A
Personal Finance (Legacy),Business,Canada,40,$3.89  ~ $4.98 ,$26.97 ,N/A,0.02%,82.67%,N/A
Personal Finance (Legacy),Hunting/Shooting,United States,5,$17.36  ~ $17.36 ,N/A,N/A,N/A,88.75%,N/A
Personal Finance (Legacy),Veterinary Medicine,United States,10,$18.50  ~ $18.90 ,N/A,N/A,N/A,83.26%,N/A
Personal Finance (Legacy),Auto Parts,United States,27,$7.30  ~ $7.34 ,$12.61 ,N/A,0.06%,83.30%,N/A
Personal Finance (Legacy),Sailing,United States,1,$0.00  ~ $0.00 ,N/A,N/A,N/A,N/A,N/A
Personal Finance (Legacy),Babies & Toddlers,United States,1,$0.00  ~ $0.00 ,N/A,N/A,N/A,N/A,N/A
Personal Finance (Legacy),Motorcycles,United States,1,$0.00  ~ $0.00 ,N/A,N/A,N/A,N/A,N/A
Pets (Legacy),Veterinary Medicine,United States,4,$18.82  ~ $18.97 ,N/A,N/A,N/A,94.48%,N/A
Pets (Legacy),Apartments,United States,3,$16.01  ~ $19.26 ,N/A,N/A,N/A,83.70%,N/A
Pets (Legacy),Family & Parenting,United States,200,$14.00  ~ $14.73 ,$39.43 ,N/A,0.04%,83.13%,N/A
Pets (Legacy),Hotels,United States,50,$13.84  ~ $19.75 ,N/A,N/A,N/A,87.96%,N/A
Pets (Legacy),Hunting/Shooting,United States,11,$18.41  ~ $18.41 ,N/A,N/A,N/A,92.10%,N/A
Pets (Legacy),Gardening,United States,795,$7.87  ~ $7.92 ,$41.24 ,N/A,0.02%,76.90%,N/A
Pets (Legacy),"Law, Gov't & Politics",United States,9,$24.53  ~ $39.42 ,$50.37 ,N/A,0.05%,84.72%,N/A
Pets (Legacy),Mutual Funds,United States,466,$14.17  ~ $16.62 ,$20.84 ,N/A,0.08%,50.76%,N/A
Pets (Legacy),Metals,United States,241,$12.94  ~ $15.70 ,$40.06 ,N/A,0.04%,88.25%,N/A
Pets (Legacy),Metals,Canada,1,$15.39  ~ $17.34 ,N/A,N/A,N/A,70.26%,N/A
Pets (Legacy),Shopping,United States,336,$13.74  ~ $14.55 ,$106.02 ,N/A,0.01%,88.38%,N/A
Pets (Legacy),Insurance,United States,770,$31.18  ~ $33.69 ,$38.69 ,N/A,0.08%,68.87%,N/A
Pets (Legacy),Insurance,Canada,2,$13.73  ~ $17.42 ,$9.42 ,N/A,0.18%,85.52%,N/A
Pets (Legacy),Arts & Crafts,United States,36,$19.49  ~ $19.49 ,$58.41 ,N/A,0.03%,93.67%,N/A
Pets (Legacy),Real Estate,United States,78,$16.34  ~ $16.63 ,$36.81 ,N/A,0.05%,65.25%,N/A
Pets (Legacy),Accessories,United States,5,$18.04  ~ $21.83 ,N/A,N/A,N/A,84.37%,N/A
Pets (Legacy),Credit/Debt & Loans,United States,48,$20.05  ~ $21.30 ,$79.85 ,N/A,0.03%,84.74%,N/A
Pets (Legacy),Credit/Debt & Loans,Canada,4,$7.23  ~ $7.23 ,N/A,N/A,N/A,90.47%,N/A
Pets (Legacy),Health/Lowfat Cooking,United States,416,$18.16  ~ $18.26 ,$61.87 ,N/A,0.03%,72.67%,N/A
Pets (Legacy),Job Search,United States,39,$13.49  ~ $13.88 ,$53.40 ,N/A,0.03%,81.80%,N/A
Pets (Legacy),Adult Education,United States,39,$10.87  ~ $16.28 ,N/A,N/A,N/A,79.89%,N/A
Pets (Legacy),Alternative Medicine,United States,22,$16.40  ~ $19.17 ,$68.02 ,N/A,0.03%,60.84%,N/A
Pets (Legacy),Cocktails/Beer,United States,24,$7.23  ~ $10.43 ,$36.52 ,N/A,0.03%,73.53%,N/A
Pets (Legacy),Appliances,United States,14,$16.33  ~ $18.15 ,N/A,N/A,N/A,92.35%,N/A
Pets (Legacy),Pediatrics,United States,10,$17.05  ~ $19.21 ,N/A,N/A,N/A,79.35%,N/A
Pets (Legacy),Retirement Planning,United States,59,$15.69  ~ $23.54 ,N/A,N/A,N/A,83.71%,N/A
Pets (Legacy),Politics,United States,"7,217",$21.71  ~ $21.88 ,$34.36 ,N/A,0.06%,71.12%,N/A
Pets (Legacy),Music,United States,8,$13.89  ~ $14.00 ,N/A,N/A,N/A,78.50%,N/A
Pets (Legacy),Weight Loss,United States,80,$11.95  ~ $18.87 ,N/A,N/A,N/A,92.34%,N/A
Pets (Legacy),Physical Therapy,United States,4,$19.23  ~ $19.23 ,N/A,N/A,N/A,78.79%,N/A
Pets (Legacy),Birdwatching,United States,15,$19.03  ~ $19.03 ,N/A,N/A,N/A,96.99%,N/A
Pets (Legacy),Coffee/Tea,United States,314,$12.82  ~ $12.82 ,N/A,N/A,N/A,67.61%,N/A
Pets (Legacy),Investing,United States,3,$19.63  ~ $19.95 ,$7.60 ,N/A,0.26%,54.12%,N/A
Pets (Legacy),Home Repair,Canada,11,$9.71  ~ $10.21 ,$9.29 ,N/A,0.10%,76.65%,N/A
Pets (Legacy),Home Repair,United States,128,$13.14  ~ $19.43 ,$71.04 ,N/A,0.02%,88.04%,N/A
Pets (Legacy),Interior Decorating,United States,619,$10.54  ~ $13.04 ,$18.88 ,N/A,0.06%,69.29%,N/A
Pets (Legacy),Football,United States,45,$8.45  ~ $8.45 ,$33.87 ,N/A,0.02%,85.29%,N/A
Pets (Legacy),Buying/Selling Cars,United States,"1,295",$23.50  ~ $23.52 ,$230.51 ,N/A,0.01%,89.26%,N/A
Pets (Legacy),Graduate School,United States,769,$16.35  ~ $16.47 ,$92.13 ,N/A,0.02%,79.49%,N/A
Pets (Legacy),Pets,United States,49,$19.49  ~ $48.61 ,N/A,N/A,N/A,91.94%,N/A
Pets (Legacy),Clothing,United States,88,$8.97  ~ $19.93 ,$17.56 ,N/A,0.11%,67.94%,N/A
Pets (Legacy),Clothing,Canada,5,$15.95  ~ $18.32 ,$17.95 ,N/A,0.09%,76.92%,N/A
Pets (Legacy),Pro Basketball,United States,21,$17.01  ~ $17.01 ,N/A,N/A,N/A,70.86%,N/A
Pets (Legacy),Auto Parts,United States,4,$7.01  ~ $7.38 ,$7.60 ,N/A,0.09%,91.40%,N/A
Pets (Legacy),Legal Issues,United States,"3,157",$17.00  ~ $18.24 ,$77.11 ,N/A,0.02%,82.69%,N/A
Pets (Legacy),Legal Issues,Canada,61,$17.25  ~ $17.52 ,$46.56 ,N/A,0.04%,85.42%,N/A
Pets (Legacy),Travel,United States,128,$15.98  ~ $16.48 ,$28.35 ,N/A,0.06%,79.55%,N/A
Pets (Legacy),Home & Garden,United States,"2,012",$6.41  ~ $8.99 ,$10.48 ,N/A,0.06%,66.93%,N/A
Pets (Legacy),Theme Parks,United States,18,$26.49  ~ $26.49 ,N/A,N/A,N/A,90.94%,N/A
Pets (Legacy),Bed & Breakfasts,United States,108,$18.29  ~ $18.29 ,$154.12 ,N/A,0.01%,87.79%,N/A
Pets (Legacy),Advertising,United States,94,$15.39  ~ $16.42 ,$47.87 ,N/A,0.03%,75.15%,N/A
Pets (Legacy),Agriculture,United States,15,$15.58  ~ $15.63 ,N/A,N/A,N/A,93.97%,N/A
Pets (Legacy),Cigars,United States,1,$12.14  ~ $12.82 ,$14.26 ,N/A,0.09%,82.09%,N/A
Pets (Legacy),Food & Drink,Canada,8,$7.79  ~ $19.31 ,N/A,N/A,N/A,84.31%,N/A
Pets (Legacy),Food & Drink,United States,53,$21.22  ~ $22.82 ,N/A,N/A,N/A,92.70%,N/A
Pets (Legacy),Computer Peripherals,United States,45,$28.70  ~ $29.13 ,N/A,N/A,N/A,84.86%,N/A
Pets (Legacy),Cruises,United States,495,$6.64  ~ $15.73 ,N/A,N/A,N/A,84.97%,N/A
Pets (Legacy),Biotech/Biomedical,United States,135,$26.88  ~ $27.87 ,$33.09 ,N/A,0.08%,79.29%,N/A
Pets (Legacy),Exercise,United States,14,$15.69  ~ $21.32 ,N/A,N/A,N/A,92.48%,N/A
Pets (Legacy),Radio,United States,10,$4.92  ~ $4.92 ,N/A,N/A,N/A,92.06%,N/A
Pets (Legacy),Off-Road Vehicles,United States,1,$18.51  ~ $18.51 ,N/A,N/A,N/A,87.01%,N/A
Pets (Legacy),Off-Road Vehicles,Canada,1,$12.57  ~ $12.57 ,N/A,N/A,N/A,83.52%,N/A
Pets (Legacy),College,United States,80,$15.33  ~ $16.57 ,$216.66 ,N/A,0.01%,82.97%,N/A
Pets (Legacy),Career Planning,United States,232,$19.75  ~ $20.30 ,$114.37 ,N/A,0.02%,89.03%,N/A
Pets (Legacy),Remodeling & Construction,United States,120,$19.05  ~ $19.23 ,N/A,N/A,N/A,92.50%,N/A
Pets (Legacy),Personal Finance,United States,382,$15.34  ~ $15.51 ,$22.53 ,N/A,0.07%,59.78%,N/A
Pets (Legacy),Psychology/Psychiatry,United States,260,$21.29  ~ $22.43 ,$32.61 ,N/A,0.07%,74.30%,N/A
Pets (Legacy),Dining Out,United States,226,$13.65  ~ $16.55 ,$331.39 ,N/A,0.00%,91.06%,N/A
Pets (Legacy),Green Solutions,United States,73,$24.74  ~ $25.45 ,$152.00 ,N/A,0.02%,67.27%,N/A
Pets (Legacy),Honeymoons/Getaways,United States,118,$18.54  ~ $21.01 ,N/A,N/A,N/A,76.34%,N/A
Pets (Legacy),Couponing,United States,20,$9.99  ~ $19.24 ,N/A,N/A,N/A,75.22%,N/A
Pets (Legacy),News,United States,210,$15.44  ~ $17.17 ,$86.61 ,N/A,0.02%,80.48%,N/A
Pets (Legacy),Logistics,United States,98,$16.69  ~ $18.76 ,$209.10 ,N/A,0.01%,84.24%,N/A
Pets (Legacy),Logistics,Canada,9,$3.17  ~ $5.47 ,$26.69 ,N/A,0.02%,81.40%,N/A
Pets (Legacy),Cold & Flu,United States,50,$11.56  ~ $13.95 ,N/A,N/A,N/A,70.78%,N/A
Pets (Legacy),Catholicism,United States,1,$22.27  ~ $55.56 ,N/A,N/A,N/A,72.09%,N/A
Pets (Legacy),Business Software,United States,347,$15.16  ~ $15.56 ,$804.84 ,N/A,0.00%,88.47%,N/A
Pets (Legacy),Business Software,Canada,4,$16.62  ~ $19.11 ,N/A,N/A,N/A,83.39%,N/A
Pets (Legacy),Incest/Abuse Support,United States,138,$17.71  ~ $21.64 ,$53.97 ,N/A,0.03%,83.27%,N/A
Pets (Legacy),Human Resources,United States,90,$23.00  ~ $23.56 ,$128.62 ,N/A,0.02%,80.96%,N/A
Pets (Legacy),Human Resources,Canada,17,$12.37  ~ $12.94 ,N/A,N/A,N/A,79.70%,N/A
Pets (Legacy),Investors & Patents,United States,24,$20.34  ~ $20.46 ,N/A,N/A,N/A,83.38%,N/A
Pets (Legacy),Education,United States,179,$12.76  ~ $14.02 ,$249.87 ,N/A,0.01%,90.12%,N/A
Pets (Legacy),Air Travel,United States,1,$21.45  ~ $21.55 ,$149.44 ,N/A,0.01%,47.16%,N/A
Pets (Legacy),Buying/Selling Homes,United States,139,$20.46  ~ $21.01 ,$18.85 ,N/A,0.11%,89.20%,N/A
Pets (Legacy),Environmental Safety,United States,15,$14.85  ~ $14.85 ,$23.50 ,N/A,0.06%,72.65%,N/A
Pets (Legacy),Computer Networking,United States,53,$19.58  ~ $43.86 ,N/A,N/A,N/A,96.71%,N/A
Pets (Legacy),Business,United States,515,$7.33  ~ $14.08 ,$75.39 ,N/A,0.01%,89.50%,N/A
Pets (Legacy),Business,Canada,8,$2.57  ~ $3.78 ,$5.52 ,N/A,0.05%,77.86%,N/A
Pets (Legacy),Automotive,United States,417,$17.48  ~ $18.14 ,$80.08 ,N/A,0.02%,89.68%,N/A
Pets (Legacy),Senior Living,United States,64,$5.92  ~ $6.42 ,$30.34 ,N/A,0.02%,75.91%,N/A
Pets (Legacy),Health & Fitness,Canada,3,$18.43  ~ $19.35 ,$38.59 ,N/A,0.05%,71.99%,N/A
Pets (Legacy),Health & Fitness,United States,876,$13.14  ~ $15.36 ,$37.15 ,N/A,0.04%,81.40%,N/A
Pets (Legacy),Technology & Computing,United States,2,$21.77  ~ $25.18 ,$17.14 ,N/A,0.13%,51.27%,N/A
Pets (Legacy),Careers,United States,26,$26.90  ~ $27.21 ,N/A,N/A,N/A,91.37%,N/A
Pets (Legacy),Construction,United States,5,$18.56  ~ $18.70 ,N/A,N/A,N/A,93.97%,N/A
Pets (Legacy),Contests & Freebies,United States,129,$21.48  ~ $21.48 ,N/A,N/A,N/A,94.51%,N/A
Pets (Legacy),Fine Art,United States,2,$18.66  ~ $19.82 ,N/A,N/A,N/A,87.00%,N/A
Pets (Legacy),Cancer,United States,10,$16.13  ~ $18.99 ,$18.51 ,N/A,0.10%,75.06%,N/A
Pets (Legacy),Hobbies & Interests,United States,163,$12.47  ~ $14.73 ,N/A,N/A,N/A,93.74%,N/A
Pets (Legacy),Video & Computer Games,United States,27,$19.59  ~ $19.59 ,$30.95 ,N/A,0.06%,78.46%,N/A
Pets (Legacy),Senor Health,United States,29,$10.98  ~ $11.55 ,$40.69 ,N/A,0.03%,72.91%,N/A
Pets (Legacy),Arts & Entertainment,United States,43,$15.21  ~ $16.44 ,$62.47 ,N/A,0.02%,88.08%,N/A
Pets (Legacy),Card Games,United States,476,$24.11  ~ $25.78 ,$73.86 ,N/A,0.03%,83.11%,N/A
Pets (Legacy),K-6 Educators,United States,13,$17.86  ~ $22.63 ,N/A,N/A,N/A,84.16%,N/A
Pets (Legacy),Dogs,United States,65,$10.29  ~ $24.83 ,N/A,N/A,N/A,91.13%,N/A
Pets (Legacy),Dogs,Canada,1,$11.77  ~ $24.92 ,N/A,N/A,N/A,82.15%,N/A
Pets (Legacy),Jewelry,United States,1,$0.00  ~ $0.00 ,N/A,N/A,N/A,N/A,N/A
Pets (Legacy),Sailing,United States,1,$0.00  ~ $0.00 ,N/A,N/A,N/A,N/A,N/A
Pets (Legacy),Babies & Toddlers,United States,1,$0.00  ~ $0.00 ,N/A,N/A,N/A,N/A,N/A
Real Estate (Legacy),Auto Parts,United States,19,$6.98  ~ $7.15 ,$6.12 ,N/A,0.11%,85.80%,N/A
Real Estate (Legacy),Psychology/Psychiatry,United States,692,$20.03  ~ $20.56 ,$46.82 ,N/A,0.04%,72.14%,N/A
Real Estate (Legacy),Desserts & Baking,United States,16,$10.69  ~ $10.69 ,$13.20 ,N/A,0.08%,82.29%,N/A
Real Estate (Legacy),Graduate School,United States,"2,224",$18.31  ~ $18.70 ,$73.46 ,N/A,0.02%,78.59%,N/A
Real Estate (Legacy),Green Solutions,Canada,2,$18.76  ~ $18.76 ,N/A,N/A,N/A,78.35%,N/A
Real Estate (Legacy),Green Solutions,United States,249,$27.08  ~ $27.56 ,$57.16 ,N/A,0.05%,63.07%,N/A
Real Estate (Legacy),Automotive,United States,952,$15.82  ~ $17.32 ,$40.45 ,N/A,0.04%,74.69%,N/A
Real Estate (Legacy),Automotive,Canada,3,$19.67  ~ $19.67 ,N/A,N/A,N/A,69.05%,N/A
Real Estate (Legacy),Canada,Canada,2,$12.28  ~ $12.28 ,N/A,N/A,N/A,85.04%,N/A
Real Estate (Legacy),Human Resources,Canada,189,$13.70  ~ $14.23 ,$16.02 ,N/A,0.09%,84.06%,N/A
Real Estate (Legacy),Human Resources,United States,472,$22.55  ~ $22.75 ,$154.93 ,N/A,0.01%,75.88%,N/A
Real Estate (Legacy),Appliances,United States,24,$15.41  ~ $15.56 ,N/A,N/A,N/A,81.74%,N/A
Real Estate (Legacy),Computer Networking,United States,6,$17.72  ~ $43.64 ,N/A,N/A,N/A,93.04%,N/A
Real Estate (Legacy),Education,United States,954,$11.22  ~ $14.13 ,$81.82 ,N/A,0.02%,79.12%,N/A
Real Estate (Legacy),Insurance,Canada,53,$17.51  ~ $43.65 ,$31.29 ,N/A,0.06%,86.94%,N/A
Real Estate (Legacy),Insurance,United States,"1,194",$29.61  ~ $31.67 ,$44.55 ,N/A,0.07%,63.43%,N/A
Real Estate (Legacy),Investing,United States,13,$19.62  ~ $19.98 ,$17.68 ,N/A,0.11%,47.02%,N/A
Real Estate (Legacy),Radio,United States,1,$5.23  ~ $5.23 ,N/A,N/A,N/A,88.81%,N/A
Real Estate (Legacy),Home Repair,Canada,87,$9.85  ~ $10.26 ,$14.65 ,N/A,0.07%,83.61%,N/A
Real Estate (Legacy),Home Repair,United States,953,$15.63  ~ $20.01 ,$57.01 ,N/A,0.03%,81.87%,N/A
Real Estate (Legacy),Advertising,United States,679,$15.87  ~ $16.02 ,$44.56 ,N/A,0.04%,69.84%,N/A
Real Estate (Legacy),Advertising,Canada,90,$6.84  ~ $15.43 ,$21.10 ,N/A,0.07%,84.43%,N/A
Real Estate (Legacy),Job Search,United States,179,$12.93  ~ $13.52 ,$160.77 ,N/A,0.01%,74.42%,N/A
Real Estate (Legacy),Pro Basketball,United States,38,$16.93  ~ $16.93 ,$29.14 ,N/A,0.06%,70.31%,N/A
Real Estate (Legacy),Adventure Travel,United States,1,$32.95  ~ $71.05 ,N/A,N/A,N/A,91.67%,N/A
Real Estate (Legacy),Clothing,United States,288,$8.90  ~ $21.93 ,$31.01 ,N/A,0.07%,56.40%,N/A
Real Estate (Legacy),Clothing,Canada,7,$16.83  ~ $21.29 ,$12.00 ,N/A,0.14%,82.57%,N/A
Real Estate (Legacy),Dental Care,United States,21,$4.74  ~ $12.64 ,N/A,N/A,N/A,31.68%,N/A
Real Estate (Legacy),Buying/Selling Homes,United States,327,$19.66  ~ $20.52 ,$7.12 ,N/A,0.28%,74.98%,N/A
Real Estate (Legacy),Credit/Debt & Loans,United States,80,$21.73  ~ $23.61 ,$50.47 ,N/A,0.05%,80.93%,N/A
Real Estate (Legacy),Credit/Debt & Loans,Canada,8,$7.00  ~ $7.00 ,N/A,N/A,N/A,93.81%,N/A
Real Estate (Legacy),Nutrition,Canada,101,$6.25  ~ $6.25 ,$18.48 ,N/A,0.03%,82.55%,N/A
Real Estate (Legacy),Agriculture,United States,125,$16.86  ~ $16.93 ,$30.28 ,N/A,0.06%,89.90%,N/A
Real Estate (Legacy),Agriculture,Canada,3,$17.85  ~ $18.80 ,N/A,N/A,N/A,89.28%,N/A
Real Estate (Legacy),Pets,United States,561,$19.94  ~ $46.38 ,N/A,N/A,N/A,83.86%,N/A
Real Estate (Legacy),Couponing,United States,3,$10.75  ~ $20.82 ,$41.91 ,N/A,0.05%,84.28%,N/A
Real Estate (Legacy),Cruises,United States,"3,623",$3.58  ~ $17.33 ,$29.53 ,N/A,0.01%,89.10%,N/A
Real Estate (Legacy),Cruises,Canada,3,$13.06  ~ $16.96 ,$9.52 ,N/A,0.18%,45.68%,N/A
Real Estate (Legacy),Accessories,United States,24,$19.88  ~ $26.20 ,$24.02 ,N/A,0.11%,82.42%,N/A
Real Estate (Legacy),Contests & Freebies,United States,93,$20.76  ~ $20.76 ,N/A,N/A,N/A,84.16%,N/A
Real Estate (Legacy),Investors & Patents,United States,572,$20.10  ~ $20.41 ,N/A,N/A,N/A,78.83%,N/A
Real Estate (Legacy),Network Security,United States,1,$12.77  ~ $12.77 ,$5.62 ,N/A,0.23%,61.71%,N/A
Real Estate (Legacy),Hobbies & Interests,United States,579,$14.30  ~ $16.71 ,$82.18 ,N/A,0.02%,83.01%,N/A
Real Estate (Legacy),Logistics,United States,227,$19.66  ~ $21.44 ,$48.05 ,N/A,0.04%,73.91%,N/A
Real Estate (Legacy),Logistics,Canada,139,$5.26  ~ $8.26 ,$18.06 ,N/A,0.05%,85.24%,N/A
Real Estate (Legacy),Weight Loss,United States,128,$13.35  ~ $18.78 ,N/A,N/A,N/A,89.21%,N/A
Real Estate (Legacy),Auto Repair,United States,110,$13.52  ~ $13.52 ,$18.41 ,N/A,0.07%,77.45%,N/A
Real Estate (Legacy),Family & Parenting,United States,217,$13.94  ~ $15.54 ,N/A,N/A,N/A,82.26%,N/A
Real Estate (Legacy),Cold & Flu,United States,166,$11.27  ~ $12.87 ,N/A,N/A,N/A,72.51%,N/A
Real Estate (Legacy),Remodeling & Construction,United States,910,$18.94  ~ $19.30 ,$72.60 ,N/A,0.03%,83.97%,N/A
Real Estate (Legacy),Exercise,United States,13,$14.97  ~ $20.06 ,N/A,N/A,N/A,89.00%,N/A
Real Estate (Legacy),Football,United States,10,$10.26  ~ $10.26 ,N/A,N/A,N/A,73.28%,N/A
Real Estate (Legacy),Home & Garden,United States,"21,644",$6.25  ~ $7.44 ,$19.39 ,N/A,0.03%,65.16%,N/A
Real Estate (Legacy),Fine Art,United States,3,$8.16  ~ $14.53 ,N/A,N/A,N/A,83.53%,N/A
Real Estate (Legacy),Honeymoons/Getaways,United States,250,$15.35  ~ $19.68 ,$44.36 ,N/A,0.04%,74.20%,N/A
Real Estate (Legacy),Landscaping,United States,1,$34.58  ~ $34.58 ,N/A,N/A,N/A,68.52%,N/A
Real Estate (Legacy),Metals,United States,"1,254",$12.87  ~ $18.13 ,$54.31 ,N/A,0.03%,79.06%,N/A
Real Estate (Legacy),Metals,Canada,23,$13.40  ~ $16.51 ,$12.23 ,N/A,0.13%,84.11%,N/A
Real Estate (Legacy),Gardening,Canada,7,$16.35  ~ $16.35 ,N/A,N/A,N/A,92.08%,N/A
Real Estate (Legacy),Gardening,United States,"10,891",$6.20  ~ $6.24 ,$44.78 ,N/A,0.01%,82.72%,N/A
Real Estate (Legacy),Hunting/Shooting,United States,17,$17.54  ~ $17.54 ,N/A,N/A,N/A,90.45%,N/A
Real Estate (Legacy),Birdwatching,United States,1,$18.93  ~ $18.93 ,N/A,N/A,N/A,92.75%,N/A
Real Estate (Legacy),Computer Peripherals,United States,13,$27.31  ~ $28.44 ,N/A,N/A,N/A,75.84%,N/A
Real Estate (Legacy),Biotech/Biomedical,United States,"1,845",$27.09  ~ $27.44 ,$77.17 ,N/A,0.04%,77.22%,N/A
Real Estate (Legacy),Incest/Abuse Support,United States,"1,024",$16.32  ~ $22.88 ,$55.84 ,N/A,0.03%,79.20%,N/A
Real Estate (Legacy),Health/Lowfat Cooking,United States,158,$18.20  ~ $18.24 ,$48.48 ,N/A,0.04%,69.84%,N/A
Real Estate (Legacy),Senor Health,United States,92,$9.65  ~ $10.20 ,$28.34 ,N/A,0.04%,61.07%,N/A
Real Estate (Legacy),Technology & Computing,United States,50,$25.41  ~ $30.57 ,N/A,N/A,N/A,58.98%,N/A
Real Estate (Legacy),"Law, Gov't & Politics",United States,21,$29.69  ~ $38.00 ,N/A,N/A,N/A,72.10%,N/A
Real Estate (Legacy),Business,United States,"1,156",$14.26  ~ $17.24 ,$49.22 ,N/A,0.03%,80.82%,N/A
Real Estate (Legacy),Business,Canada,87,$4.45  ~ $6.63 ,N/A,N/A,N/A,88.11%,N/A
Real Estate (Legacy),Video & Computer Games,United States,116,$19.59  ~ $19.59 ,$38.35 ,N/A,0.05%,81.41%,N/A
Real Estate (Legacy),Card Games,United States,"1,233",$20.97  ~ $21.06 ,$90.75 ,N/A,0.02%,86.15%,N/A
Real Estate (Legacy),Card Games,Canada,3,$14.21  ~ $16.76 ,$35.66 ,N/A,0.05%,83.92%,N/A
Real Estate (Legacy),Veterinary Medicine,United States,61,$18.53  ~ $18.91 ,N/A,N/A,N/A,83.47%,N/A
Real Estate (Legacy),Buying/Selling Cars,Canada,59,$20.13  ~ $20.74 ,$93.98 ,N/A,0.02%,76.88%,N/A
Real Estate (Legacy),Buying/Selling Cars,United States,"1,121",$26.93  ~ $27.03 ,$106.93 ,N/A,0.03%,80.54%,N/A
Real Estate (Legacy),Travel,United States,"1,452",$17.87  ~ $18.20 ,$45.78 ,N/A,0.04%,77.13%,N/A
Real Estate (Legacy),Internet Technology,United States,12,$8.33  ~ $8.37 ,N/A,N/A,N/A,47.56%,N/A
Real Estate (Legacy),Internet Technology,Canada,8,$18.36  ~ $44.19 ,N/A,N/A,N/A,86.05%,N/A
Real Estate (Legacy),Arts & Entertainment,Canada,3,$9.77  ~ $21.22 ,N/A,N/A,N/A,73.44%,N/A
Real Estate (Legacy),Arts & Entertainment,United States,261,$15.31  ~ $16.30 ,$64.60 ,N/A,0.02%,84.34%,N/A
Real Estate (Legacy),Interior Decorating,United States,"4,825",$11.29  ~ $14.02 ,$25.15 ,N/A,0.04%,66.00%,N/A
Real Estate (Legacy),Apartments,United States,82,$16.15  ~ $21.65 ,N/A,N/A,N/A,91.98%,N/A
Real Estate (Legacy),Cocktails/Beer,United States,21,$8.01  ~ $9.85 ,$16.65 ,N/A,0.06%,71.69%,N/A
Real Estate (Legacy),Senior Living,United States,844,$4.33  ~ $5.71 ,$24.16 ,N/A,0.02%,78.42%,N/A
Real Estate (Legacy),Real Estate,Canada,2,$18.61  ~ $45.08 ,N/A,N/A,N/A,76.98%,N/A
Real Estate (Legacy),Real Estate,United States,513,$15.56  ~ $16.39 ,$72.82 ,N/A,0.02%,66.46%,N/A
Real Estate (Legacy),Business Software,United States,"1,347",$22.97  ~ $23.41 ,$86.84 ,N/A,0.03%,78.66%,N/A
Real Estate (Legacy),Business Software,Canada,26,$14.81  ~ $18.77 ,N/A,N/A,N/A,85.76%,N/A
Real Estate (Legacy),Alternative Medicine,United States,57,$16.11  ~ $20.09 ,$88.09 ,N/A,0.02%,63.13%,N/A
Real Estate (Legacy),Career Planning,United States,367,$16.65  ~ $18.97 ,$97.75 ,N/A,0.02%,62.01%,N/A
Real Estate (Legacy),Environmental Safety,United States,54,$15.35  ~ $15.35 ,$25.84 ,N/A,0.06%,77.19%,N/A
Real Estate (Legacy),Dogs,United States,551,$18.04  ~ $25.06 ,$13.10 ,N/A,0.14%,86.61%,N/A
Real Estate (Legacy),Dogs,Canada,19,$11.77  ~ $26.07 ,$34.58 ,N/A,0.03%,89.08%,N/A
Real Estate (Legacy),Bed & Breakfasts,United States,522,$17.99  ~ $17.99 ,$304.71 ,N/A,0.01%,88.22%,N/A
Real Estate (Legacy),Legal Issues,United States,"5,230",$17.53  ~ $17.66 ,$68.04 ,N/A,0.03%,66.45%,N/A
Real Estate (Legacy),Legal Issues,Canada,382,$17.42  ~ $17.99 ,$21.33 ,N/A,0.08%,86.07%,N/A
Real Estate (Legacy),Government,United States,3,$34.31  ~ $34.31 ,N/A,N/A,N/A,70.44%,N/A
Real Estate (Legacy),Politics,United States,"14,159",$26.82  ~ $27.09 ,$46.74 ,N/A,0.06%,66.36%,N/A
Real Estate (Legacy),Mutual Funds,United States,"3,371",$14.11  ~ $15.86 ,$18.69 ,N/A,0.08%,55.73%,N/A
Real Estate (Legacy),Health & Fitness,Canada,153,$19.12  ~ $19.76 ,N/A,N/A,N/A,78.27%,N/A
Real Estate (Legacy),Health & Fitness,United States,"1,749",$16.69  ~ $17.20 ,$31.09 ,N/A,0.06%,75.29%,N/A
Real Estate (Legacy),Hotels,United States,398,$14.81  ~ $17.57 ,N/A,N/A,N/A,82.07%,N/A
Real Estate (Legacy),Adult Education,United States,423,$11.01  ~ $11.76 ,N/A,N/A,N/A,86.91%,N/A
Real Estate (Legacy),Food & Drink,United States,284,$16.86  ~ $19.41 ,N/A,N/A,N/A,88.41%,N/A
Real Estate (Legacy),Food & Drink,Canada,99,$7.79  ~ $16.27 ,$25.89 ,N/A,0.03%,85.38%,N/A
Real Estate (Legacy),Personal Finance,United States,"2,184",$15.43  ~ $15.90 ,$17.41 ,N/A,0.09%,60.96%,N/A
Real Estate (Legacy),Shopping,United States,"2,032",$17.22  ~ $17.72 ,$141.87 ,N/A,0.01%,82.98%,N/A
Real Estate (Legacy),Cigars,United States,21,$15.14  ~ $15.61 ,N/A,N/A,N/A,78.80%,N/A
Real Estate (Legacy),By US Locale,United States,1,$24.57  ~ $59.02 ,N/A,N/A,N/A,90.00%,N/A
Real Estate (Legacy),News,United States,623,$17.18  ~ $18.49 ,$40.42 ,N/A,0.05%,76.95%,N/A
Real Estate (Legacy),News,Canada,129,$18.60  ~ $40.38 ,N/A,N/A,N/A,89.40%,N/A
Real Estate (Legacy),Careers,United States,30,$21.27  ~ $21.42 ,$78.51 ,N/A,0.03%,81.30%,N/A
Real Estate (Legacy),Off-Road Vehicles,Canada,7,$12.14  ~ $12.14 ,N/A,N/A,N/A,87.77%,N/A
Real Estate (Legacy),Off-Road Vehicles,United States,1,$18.79  ~ $18.79 ,$11.63 ,N/A,0.16%,83.82%,N/A
Real Estate (Legacy),Martial Arts,United States,2,$10.18  ~ $10.18 ,N/A,N/A,N/A,42.11%,N/A
Real Estate (Legacy),Dining Out,United States,457,$13.75  ~ $15.83 ,$40.51 ,N/A,0.04%,80.99%,N/A
Real Estate (Legacy),College,United States,138,$16.12  ~ $16.71 ,$78.48 ,N/A,0.02%,79.79%,N/A
Real Estate (Legacy),Arts & Crafts,United States,69,$17.24  ~ $17.24 ,$5.81 ,N/A,0.30%,84.96%,N/A
Real Estate (Legacy),Music,United States,120,$13.84  ~ $13.89 ,N/A,N/A,N/A,78.53%,N/A
Real Estate (Legacy),Retirement Planning,United States,493,$16.15  ~ $20.61 ,N/A,N/A,N/A,81.21%,N/A
Real Estate (Legacy),Coffee/Tea,United States,"3,019",$13.36  ~ $13.36 ,$98.19 ,N/A,0.01%,79.74%,N/A
Real Estate (Legacy),Cancer,United States,28,$15.06  ~ $19.24 ,$29.13 ,N/A,0.07%,59.13%,N/A
Real Estate (Legacy),Sexuality,United States,1,$11.08  ~ $26.90 ,N/A,N/A,N/A,74.42%,N/A
Real Estate (Legacy),Pediatrics,United States,92,$19.09  ~ $20.13 ,$20.19 ,N/A,0.10%,72.67%,N/A
Real Estate (Legacy),Catholicism,United States,12,$22.71  ~ $49.45 ,N/A,N/A,N/A,83.91%,N/A
Real Estate (Legacy),K-6 Educators,United States,3,$21.10  ~ $21.23 ,$19.22 ,N/A,0.11%,64.82%,N/A
Real Estate (Legacy),Theme Parks,United States,102,$27.12  ~ $27.12 ,N/A,N/A,N/A,85.34%,N/A
Real Estate (Legacy),Jewelry,United States,1,$0.00  ~ $0.00 ,N/A,N/A,N/A,N/A,N/A
Real Estate (Legacy),Cameras & Camcorders,United States,3,$0.00  ~ $0.00 ,N/A,N/A,N/A,N/A,N/A
Real Estate (Legacy),Dining Out,Canada,1,$0.00  ~ $0.00 ,N/A,N/A,N/A,N/A,N/A
Religion & Spirituality (Legacy),Computer Peripherals,United States,5,$27.65  ~ $28.05 ,N/A,N/A,N/A,64.57%,N/A
Religion & Spirituality (Legacy),Business,United States,209,$7.94  ~ $14.83 ,$63.45 ,N/A,0.01%,87.03%,N/A
Religion & Spirituality (Legacy),Clothing,United States,26,$8.89  ~ $17.20 ,$15.57 ,N/A,0.11%,73.43%,N/A
Religion & Spirituality (Legacy),Clothing,Canada,1,$16.25  ~ $18.42 ,$21.94 ,N/A,0.07%,79.92%,N/A
Religion & Spirituality (Legacy),Radio,United States,45,$5.19  ~ $5.19 ,N/A,N/A,N/A,91.64%,N/A
Religion & Spirituality (Legacy),Theme Parks,United States,8,$22.79  ~ $22.79 ,N/A,N/A,N/A,87.49%,N/A
Religion & Spirituality (Legacy),Weight Loss,United States,29,$12.88  ~ $18.74 ,$24.86 ,N/A,0.08%,92.81%,N/A
Religion & Spirituality (Legacy),Birdwatching,United States,2,$17.69  ~ $17.69 ,N/A,N/A,N/A,95.53%,N/A
Religion & Spirituality (Legacy),Network Security,United States,1,$13.00  ~ $13.00 ,N/A,N/A,N/A,61.15%,N/A
Religion & Spirituality (Legacy),Investors & Patents,United States,24,$19.42  ~ $19.61 ,$68.44 ,N/A,0.03%,87.27%,N/A
Religion & Spirituality (Legacy),"Law, Gov't & Politics",United States,14,$26.82  ~ $41.61 ,N/A,N/A,N/A,81.41%,N/A
Religion & Spirituality (Legacy),Travel,United States,77,$16.52  ~ $16.74 ,$52.07 ,N/A,0.03%,83.05%,N/A
Religion & Spirituality (Legacy),Senior Living,United States,27,$4.68  ~ $5.30 ,N/A,N/A,N/A,76.23%,N/A
Religion & Spirituality (Legacy),Football,United States,14,$9.73  ~ $9.73 ,$73.50 ,N/A,0.01%,79.70%,N/A
Religion & Spirituality (Legacy),Real Estate,United States,66,$15.45  ~ $15.94 ,$59.24 ,N/A,0.03%,71.45%,N/A
Religion & Spirituality (Legacy),Card Games,United States,193,$19.36  ~ $19.76 ,$98.37 ,N/A,0.02%,84.91%,N/A
Religion & Spirituality (Legacy),Arts & Entertainment,United States,12,$14.59  ~ $15.03 ,$42.11 ,N/A,0.03%,83.59%,N/A
Religion & Spirituality (Legacy),Careers,United States,7,$20.59  ~ $20.71 ,$201.18 ,N/A,0.01%,88.86%,N/A
Religion & Spirituality (Legacy),Home Repair,Canada,1,$10.04  ~ $10.69 ,N/A,N/A,N/A,75.59%,N/A
Religion & Spirituality (Legacy),Home Repair,United States,43,$12.84  ~ $19.68 ,$115.46 ,N/A,0.01%,87.60%,N/A
Religion & Spirituality (Legacy),Psychology/Psychiatry,United States,70,$20.03  ~ $20.37 ,$36.57 ,N/A,0.05%,75.28%,N/A
Religion & Spirituality (Legacy),Health/Lowfat Cooking,United States,83,$18.21  ~ $18.32 ,$120.02 ,N/A,0.02%,70.51%,N/A
Religion & Spirituality (Legacy),Coffee/Tea,United States,19,$12.71  ~ $12.71 ,N/A,N/A,N/A,75.73%,N/A
Religion & Spirituality (Legacy),Cold & Flu,United States,27,$11.46  ~ $12.89 ,$33.21 ,N/A,0.03%,75.50%,N/A
Religion & Spirituality (Legacy),Agriculture,United States,24,$14.71  ~ $14.82 ,N/A,N/A,N/A,91.33%,N/A
Religion & Spirituality (Legacy),Cigars,United States,1,$13.23  ~ $13.80 ,N/A,N/A,N/A,82.65%,N/A
Religion & Spirituality (Legacy),Advertising,United States,54,$14.47  ~ $14.73 ,$49.20 ,N/A,0.03%,75.52%,N/A
Religion & Spirituality (Legacy),Green Solutions,United States,20,$25.54  ~ $26.06 ,$37.60 ,N/A,0.07%,68.95%,N/A
Religion & Spirituality (Legacy),Credit/Debt & Loans,United States,49,$20.20  ~ $20.57 ,$66.56 ,N/A,0.03%,83.97%,N/A
Religion & Spirituality (Legacy),Credit/Debt & Loans,Canada,3,$7.32  ~ $7.32 ,N/A,N/A,N/A,92.71%,N/A
Religion & Spirituality (Legacy),Internet Technology,United States,2,$11.17  ~ $12.25 ,N/A,N/A,N/A,78.23%,N/A
Religion & Spirituality (Legacy),Alternative Medicine,United States,21,$16.69  ~ $20.22 ,N/A,N/A,N/A,63.82%,N/A
Religion & Spirituality (Legacy),Arts & Crafts,United States,11,$18.44  ~ $18.44 ,$53.08 ,N/A,0.03%,89.15%,N/A
Religion & Spirituality (Legacy),Cancer,United States,4,$16.84  ~ $18.40 ,N/A,N/A,N/A,77.38%,N/A
Religion & Spirituality (Legacy),Hunting/Shooting,United States,2,$15.52  ~ $15.52 ,N/A,N/A,N/A,86.89%,N/A
Religion & Spirituality (Legacy),Desserts & Baking,United States,6,$10.70  ~ $10.70 ,$15.02 ,N/A,0.07%,81.24%,N/A
Religion & Spirituality (Legacy),Appliances,United States,6,$15.45  ~ $15.92 ,N/A,N/A,N/A,91.11%,N/A
Religion & Spirituality (Legacy),Auto Parts,United States,8,$6.74  ~ $7.27 ,N/A,N/A,N/A,90.72%,N/A
Religion & Spirituality (Legacy),Logistics,United States,40,$15.31  ~ $17.62 ,$75.90 ,N/A,0.02%,80.39%,N/A
Religion & Spirituality (Legacy),Logistics,Canada,2,$4.39  ~ $8.84 ,$13.97 ,N/A,0.06%,80.28%,N/A
Religion & Spirituality (Legacy),Home & Garden,United States,"1,034",$6.31  ~ $8.28 ,$9.40 ,N/A,0.07%,69.73%,N/A
Religion & Spirituality (Legacy),Contests & Freebies,United States,5,$20.50  ~ $20.50 ,N/A,N/A,N/A,93.76%,N/A
Religion & Spirituality (Legacy),Politics,United States,"2,983",$19.92  ~ $20.04 ,$39.14 ,N/A,0.05%,72.98%,N/A
Religion & Spirituality (Legacy),Cocktails/Beer,United States,6,$7.07  ~ $9.98 ,N/A,N/A,N/A,76.74%,N/A
Religion & Spirituality (Legacy),Hotels,United States,17,$14.63  ~ $17.59 ,N/A,N/A,N/A,85.30%,N/A
Religion & Spirituality (Legacy),Senor Health,United States,3,$10.05  ~ $10.55 ,$22.84 ,N/A,0.05%,65.07%,N/A
Religion & Spirituality (Legacy),Cruises,United States,132,$5.03  ~ $15.84 ,N/A,N/A,N/A,87.82%,N/A
Religion & Spirituality (Legacy),Incest/Abuse Support,United States,333,$15.59  ~ $20.50 ,$53.80 ,N/A,0.03%,83.08%,N/A
Religion & Spirituality (Legacy),Dining Out,United States,94,$14.01  ~ $15.89 ,N/A,N/A,N/A,88.66%,N/A
Religion & Spirituality (Legacy),Insurance,United States,140,$22.84  ~ $23.95 ,$29.27 ,N/A,0.08%,72.18%,N/A
Religion & Spirituality (Legacy),Insurance,Canada,3,$13.34  ~ $17.43 ,$10.39 ,N/A,0.17%,83.19%,N/A
Religion & Spirituality (Legacy),Pets,United States,5,$19.47  ~ $42.29 ,$7.77 ,N/A,0.25%,90.96%,N/A
Religion & Spirituality (Legacy),Video & Computer Games,United States,44,$19.44  ~ $19.44 ,$43.57 ,N/A,0.04%,76.09%,N/A
Religion & Spirituality (Legacy),Human Resources,United States,28,$20.44  ~ $20.74 ,$66.04 ,N/A,0.03%,78.73%,N/A
Religion & Spirituality (Legacy),K-6 Educators,United States,3,$17.28  ~ $21.22 ,N/A,N/A,N/A,73.21%,N/A
Religion & Spirituality (Legacy),Construction,United States,2,$18.49  ~ $18.73 ,N/A,N/A,N/A,81.63%,N/A
Religion & Spirituality (Legacy),Buying/Selling Cars,United States,548,$22.35  ~ $22.36 ,$132.05 ,N/A,0.02%,87.53%,N/A
Religion & Spirituality (Legacy),Mutual Funds,United States,421,$14.02  ~ $15.46 ,$18.49 ,N/A,0.08%,67.47%,N/A
Religion & Spirituality (Legacy),Adult Education,United States,4,$10.93  ~ $15.95 ,N/A,N/A,N/A,76.18%,N/A
Religion & Spirituality (Legacy),Legal Issues,United States,"1,527",$16.34  ~ $17.02 ,$61.24 ,N/A,0.03%,76.35%,N/A
Religion & Spirituality (Legacy),Legal Issues,Canada,18,$16.67  ~ $17.16 ,$20.01 ,N/A,0.08%,84.38%,N/A
Religion & Spirituality (Legacy),Metals,United States,55,$12.45  ~ $16.02 ,$211.93 ,N/A,0.01%,80.75%,N/A
Religion & Spirituality (Legacy),College,United States,16,$13.00  ~ $14.09 ,$68.57 ,N/A,0.02%,84.95%,N/A
Religion & Spirituality (Legacy),Gardening,United States,147,$6.21  ~ $6.26 ,$13.39 ,N/A,0.05%,80.82%,N/A
Religion & Spirituality (Legacy),Interior Decorating,United States,133,$11.72  ~ $15.05 ,$12.71 ,N/A,0.09%,67.96%,N/A
Religion & Spirituality (Legacy),Interior Decorating,Canada,10,$12.00  ~ $13.61 ,N/A,N/A,N/A,82.18%,N/A
Religion & Spirituality (Legacy),Couponing,United States,6,$10.28  ~ $20.33 ,N/A,N/A,N/A,79.70%,N/A
Religion & Spirituality (Legacy),Honeymoons/Getaways,United States,320,$16.21  ~ $21.38 ,$28.68 ,N/A,0.07%,70.31%,N/A
Religion & Spirituality (Legacy),Shopping,United States,47,$16.76  ~ $17.39 ,$92.71 ,N/A,0.02%,87.78%,N/A
Religion & Spirituality (Legacy),Food & Drink,United States,16,$18.92  ~ $20.29 ,N/A,N/A,N/A,85.98%,N/A
Religion & Spirituality (Legacy),Food & Drink,Canada,4,$7.80  ~ $18.58 ,$10.18 ,N/A,0.08%,86.27%,N/A
Religion & Spirituality (Legacy),Bed & Breakfasts,United States,181,$18.48  ~ $18.48 ,$69.01 ,N/A,0.03%,85.96%,N/A
Religion & Spirituality (Legacy),News,United States,29,$14.93  ~ $17.22 ,$23.27 ,N/A,0.07%,84.48%,N/A
Religion & Spirituality (Legacy),Buying/Selling Homes,United States,106,$20.09  ~ $21.19 ,$20.23 ,N/A,0.10%,77.99%,N/A
Religion & Spirituality (Legacy),Health & Fitness,United States,515,$13.83  ~ $14.94 ,$69.77 ,N/A,0.02%,82.14%,N/A
Religion & Spirituality (Legacy),Hobbies & Interests,United States,24,$13.55  ~ $15.55 ,N/A,N/A,N/A,83.39%,N/A
Religion & Spirituality (Legacy),Pediatrics,United States,1,$17.49  ~ $18.93 ,N/A,N/A,N/A,75.89%,N/A
Religion & Spirituality (Legacy),Remodeling & Construction,United States,27,$17.26  ~ $17.42 ,$201.44 ,N/A,0.01%,89.47%,N/A
Religion & Spirituality (Legacy),Education,United States,46,$12.35  ~ $13.74 ,$44.20 ,N/A,0.03%,86.81%,N/A
Religion & Spirituality (Legacy),Family & Parenting,United States,1,$13.58  ~ $14.55 ,$37.70 ,N/A,0.04%,81.78%,N/A
Religion & Spirituality (Legacy),Technology & Computing,United States,1,$18.44  ~ $18.50 ,N/A,N/A,N/A,51.01%,N/A
Religion & Spirituality (Legacy),Dogs,United States,9,$14.79  ~ $21.97 ,$18.82 ,N/A,0.08%,91.75%,N/A
Religion & Spirituality (Legacy),Dogs,Canada,1,$11.79  ~ $27.47 ,N/A,N/A,N/A,81.34%,N/A
Religion & Spirituality (Legacy),Environmental Safety,United States,13,$14.60  ~ $14.60 ,$30.75 ,N/A,0.05%,79.21%,N/A
Religion & Spirituality (Legacy),Automotive,United States,204,$15.19  ~ $15.81 ,$114.12 ,N/A,0.01%,88.57%,N/A
Religion & Spirituality (Legacy),Weddings,United States,3,$14.31  ~ $32.86 ,N/A,N/A,N/A,89.20%,N/A
Religion & Spirituality (Legacy),Music,United States,1,$13.34  ~ $13.35 ,$125.19 ,N/A,0.01%,83.82%,N/A
Religion & Spirituality (Legacy),Exercise,United States,6,$13.64  ~ $20.39 ,N/A,N/A,N/A,92.36%,N/A
Religion & Spirituality (Legacy),Biotech/Biomedical,United States,137,$31.84  ~ $79.02 ,$255.98 ,N/A,0.01%,88.82%,N/A
Religion & Spirituality (Legacy),Business Software,United States,148,$16.28  ~ $16.64 ,$150.92 ,N/A,0.01%,85.94%,N/A
Religion & Spirituality (Legacy),Career Planning,United States,93,$18.71  ~ $19.60 ,N/A,N/A,N/A,85.53%,N/A
Religion & Spirituality (Legacy),Pro Basketball,United States,2,$17.77  ~ $17.77 ,$7.16 ,N/A,0.25%,69.08%,N/A
Religion & Spirituality (Legacy),Computer Networking,United States,16,$14.38  ~ $29.73 ,N/A,N/A,N/A,95.86%,N/A
Religion & Spirituality (Legacy),Graduate School,United States,453,$18.59  ~ $19.53 ,$41.36 ,N/A,0.04%,78.40%,N/A
Religion & Spirituality (Legacy),Investing,United States,4,$19.21  ~ $19.72 ,N/A,N/A,N/A,64.64%,N/A
Religion & Spirituality (Legacy),Personal Finance,United States,202,$15.60  ~ $15.71 ,$14.11 ,N/A,0.11%,69.81%,N/A
Religion & Spirituality (Legacy),Job Search,United States,4,$12.42  ~ $12.54 ,$231.69 ,N/A,0.01%,86.29%,N/A
Science (Legacy),Government,United States,6,$33.48  ~ $33.48 ,$23.80 ,N/A,0.14%,77.76%,N/A
Science (Legacy),Business Software,Canada,61,$15.27  ~ $19.54 ,N/A,N/A,N/A,86.71%,N/A
Science (Legacy),Business Software,United States,"1,132",$21.38  ~ $21.60 ,$100.42 ,N/A,0.02%,81.02%,N/A
Science (Legacy),Coffee/Tea,United States,"1,589",$13.22  ~ $13.22 ,$47.47 ,N/A,0.03%,77.31%,N/A
Science (Legacy),Careers,United States,111,$23.87  ~ $24.10 ,$125.02 ,N/A,0.02%,87.76%,N/A
Science (Legacy),College,United States,96,$14.91  ~ $15.03 ,$55.45 ,N/A,0.03%,81.34%,N/A
Science (Legacy),Card Games,United States,809,$19.19  ~ $19.98 ,$33.16 ,N/A,0.06%,87.50%,N/A
Science (Legacy),Card Games,Canada,50,$14.01  ~ $16.62 ,$13.22 ,N/A,0.13%,78.10%,N/A
Science (Legacy),Honeymoons/Getaways,United States,185,$18.93  ~ $22.91 ,$31.98 ,N/A,0.07%,69.99%,N/A
Science (Legacy),Family & Parenting,United States,138,$13.56  ~ $14.82 ,$17.48 ,N/A,0.08%,78.16%,N/A
Science (Legacy),Pets,United States,445,$19.28  ~ $44.51 ,$40.14 ,N/A,0.05%,81.78%,N/A
Science (Legacy),Remodeling & Construction,United States,661,$18.77  ~ $19.37 ,$59.29 ,N/A,0.03%,83.37%,N/A
Science (Legacy),Food & Drink,United States,557,$18.31  ~ $20.35 ,N/A,N/A,N/A,88.01%,N/A
Science (Legacy),Food & Drink,Canada,168,$7.80  ~ $16.03 ,$4.46 ,N/A,0.17%,82.58%,N/A
Science (Legacy),Hobbies & Interests,United States,694,$14.83  ~ $16.07 ,$66.30 ,N/A,0.02%,80.74%,N/A
Science (Legacy),"Law, Gov't & Politics",United States,79,$28.45  ~ $35.41 ,$48.76 ,N/A,0.06%,72.53%,N/A
Science (Legacy),Marketing,United States,3,$19.02  ~ $19.02 ,N/A,N/A,N/A,60.41%,N/A
Science (Legacy),Off-Road Vehicles,United States,2,$18.55  ~ $18.55 ,N/A,N/A,N/A,84.35%,N/A
Science (Legacy),Off-Road Vehicles,Canada,6,$12.53  ~ $12.53 ,N/A,N/A,N/A,81.94%,N/A
Science (Legacy),Interior Decorating,United States,191,$14.76  ~ $15.76 ,$18.70 ,N/A,0.08%,59.42%,N/A
Science (Legacy),Interior Decorating,Canada,5,$12.65  ~ $13.64 ,$25.06 ,N/A,0.05%,81.02%,N/A
Science (Legacy),Dining Out,United States,215,$14.37  ~ $15.75 ,$49.35 ,N/A,0.03%,83.43%,N/A
Science (Legacy),Agriculture,United States,127,$16.07  ~ $16.49 ,N/A,N/A,N/A,91.45%,N/A
Science (Legacy),Hunting/Shooting,United States,35,$17.54  ~ $17.54 ,N/A,N/A,N/A,86.53%,N/A
Science (Legacy),News,United States,759,$15.60  ~ $17.25 ,$59.35 ,N/A,0.03%,76.39%,N/A
Science (Legacy),News,Canada,97,$18.54  ~ $40.20 ,$63.74 ,N/A,0.03%,84.85%,N/A
Science (Legacy),Football,United States,16,$11.30  ~ $11.30 ,$74.71 ,N/A,0.02%,68.32%,N/A
Science (Legacy),Graduate School,United States,"1,985",$17.86  ~ $17.89 ,$36.28 ,N/A,0.05%,73.21%,N/A
Science (Legacy),Home & Garden,United States,"7,849",$6.45  ~ $8.51 ,$13.33 ,N/A,0.05%,69.76%,N/A
Science (Legacy),Auto Repair,United States,100,$12.65  ~ $12.65 ,$23.71 ,N/A,0.05%,77.49%,N/A
Science (Legacy),Logistics,United States,243,$22.11  ~ $22.75 ,$93.16 ,N/A,0.02%,74.68%,N/A
Science (Legacy),Logistics,Canada,158,$5.04  ~ $8.03 ,$18.01 ,N/A,0.04%,78.00%,N/A
Science (Legacy),Metals,United States,"1,067",$13.57  ~ $18.30 ,$57.98 ,N/A,0.03%,76.97%,N/A
Science (Legacy),Metals,Canada,24,$13.75  ~ $15.23 ,$18.53 ,N/A,0.08%,78.64%,N/A
Science (Legacy),Legal Issues,United States,"4,843",$16.99  ~ $17.28 ,$40.14 ,N/A,0.04%,75.03%,N/A
Science (Legacy),Legal Issues,Canada,526,$16.68  ~ $17.26 ,$91.44 ,N/A,0.02%,81.54%,N/A
Science (Legacy),Catholicism,United States,4,$22.63  ~ $53.83 ,N/A,N/A,N/A,75.91%,N/A
Science (Legacy),Construction,United States,4,$18.42  ~ $18.70 ,N/A,N/A,N/A,79.39%,N/A
Science (Legacy),Distance Learning,United States,1,$16.22  ~ $32.56 ,N/A,N/A,N/A,47.70%,N/A
Science (Legacy),Biotech/Biomedical,United States,"1,644",$26.57  ~ $26.75 ,$44.42 ,N/A,0.06%,66.75%,N/A
Science (Legacy),Biotech/Biomedical,Canada,1,$18.93  ~ $43.82 ,N/A,N/A,N/A,73.68%,N/A
Science (Legacy),Cold & Flu,United States,168,$11.85  ~ $14.07 ,$42.14 ,N/A,0.03%,74.53%,N/A
Science (Legacy),Theme Parks,United States,97,$25.64  ~ $25.64 ,N/A,N/A,N/A,88.14%,N/A
Science (Legacy),Alternative Medicine,United States,41,$17.51  ~ $19.74 ,$40.08 ,N/A,0.05%,63.66%,N/A
Science (Legacy),Dental Care,United States,20,$9.19  ~ $12.66 ,$6.61 ,N/A,0.14%,83.96%,N/A
Science (Legacy),Career Planning,United States,406,$17.09  ~ $19.60 ,$31.67 ,N/A,0.05%,63.61%,N/A
Science (Legacy),Cigars,United States,4,$15.20  ~ $15.87 ,$19.97 ,N/A,0.08%,80.55%,N/A
Science (Legacy),Exercise,United States,14,$14.81  ~ $20.41 ,N/A,N/A,N/A,88.15%,N/A
Science (Legacy),Nutrition,Canada,37,$10.77  ~ $10.77 ,$22.47 ,N/A,0.05%,70.60%,N/A
Science (Legacy),Psychology/Psychiatry,United States,"1,356",$20.36  ~ $20.57 ,$30.76 ,N/A,0.07%,71.72%,N/A
Science (Legacy),Senor Health,United States,61,$11.02  ~ $11.67 ,$42.01 ,N/A,0.03%,72.61%,N/A
Science (Legacy),Accessories,United States,11,$19.43  ~ $19.92 ,$400.25 ,N/A,0.00%,84.21%,N/A
Science (Legacy),Arts & Crafts,United States,50,$17.52  ~ $17.52 ,$35.16 ,N/A,0.05%,83.34%,N/A
Science (Legacy),Pro Basketball,United States,16,$17.63  ~ $17.63 ,$27.08 ,N/A,0.07%,64.00%,N/A
Science (Legacy),Human Resources,United States,554,$23.41  ~ $23.73 ,$90.49 ,N/A,0.03%,69.24%,N/A
Science (Legacy),Human Resources,Canada,118,$13.01  ~ $13.72 ,$31.89 ,N/A,0.04%,77.71%,N/A
Science (Legacy),Incest/Abuse Support,United States,861,$16.56  ~ $21.84 ,$49.20 ,N/A,0.03%,79.39%,N/A
Science (Legacy),Job Search,United States,128,$12.57  ~ $12.84 ,$167.49 ,N/A,0.01%,85.78%,N/A
Science (Legacy),Dogs,United States,829,$18.14  ~ $22.15 ,N/A,N/A,N/A,88.32%,N/A
Science (Legacy),Dogs,Canada,15,$11.72  ~ $26.07 ,$21.96 ,N/A,0.05%,82.16%,N/A
Science (Legacy),Investing,United States,2,$19.47  ~ $19.79 ,$10.08 ,N/A,0.19%,50.59%,N/A
Science (Legacy),Appliances,United States,31,$15.07  ~ $15.46 ,N/A,N/A,N/A,84.43%,N/A
Science (Legacy),Fine Art,United States,7,$13.17  ~ $14.19 ,N/A,N/A,N/A,76.67%,N/A
Science (Legacy),Buying/Selling Homes,United States,466,$19.54  ~ $20.90 ,$22.30 ,N/A,0.09%,78.18%,N/A
Science (Legacy),Retirement Planning,United States,316,$16.66  ~ $23.63 ,$105.10 ,N/A,0.02%,81.49%,N/A
Science (Legacy),Senior Living,United States,406,$5.41  ~ $6.38 ,$44.92 ,N/A,0.01%,81.95%,N/A
Science (Legacy),Advertising,United States,137,$16.27  ~ $16.63 ,$34.86 ,N/A,0.05%,68.74%,N/A
Science (Legacy),Advertising,Canada,38,$6.71  ~ $16.28 ,$30.16 ,N/A,0.05%,75.65%,N/A
Science (Legacy),Health & Fitness,Canada,275,$17.93  ~ $19.26 ,$167.10 ,N/A,0.01%,76.56%,N/A
Science (Legacy),Health & Fitness,United States,"1,166",$15.28  ~ $15.82 ,$34.90 ,N/A,0.05%,79.21%,N/A
Science (Legacy),Adult Education,United States,322,$10.90  ~ $12.90 ,N/A,N/A,N/A,61.03%,N/A
Science (Legacy),Mutual Funds,United States,"1,214",$13.85  ~ $15.39 ,$22.68 ,N/A,0.07%,54.20%,N/A
Science (Legacy),Real Estate,United States,272,$15.79  ~ $16.21 ,$19.63 ,N/A,0.08%,69.78%,N/A
Science (Legacy),Real Estate,Canada,2,$18.62  ~ $38.90 ,$8.62 ,N/A,0.22%,76.09%,N/A
Science (Legacy),Couponing,United States,11,$10.70  ~ $20.03 ,$56.60 ,N/A,0.04%,79.05%,N/A
Science (Legacy),Music,United States,241,$14.25  ~ $14.36 ,$31.05 ,N/A,0.05%,77.12%,N/A
Science (Legacy),Internet Technology,Canada,1,$18.62  ~ $39.89 ,N/A,N/A,N/A,73.19%,N/A
Science (Legacy),Internet Technology,United States,2,$9.49  ~ $9.82 ,N/A,N/A,N/A,85.33%,N/A
Science (Legacy),Gardening,United States,"6,481",$6.58  ~ $6.65 ,$30.48 ,N/A,0.02%,79.80%,N/A
Science (Legacy),Gardening,Canada,3,$16.96  ~ $16.96 ,N/A,N/A,N/A,83.64%,N/A
Science (Legacy),Business,Canada,230,$3.20  ~ $3.89 ,$7.07 ,N/A,0.05%,85.05%,N/A
Science (Legacy),Business,United States,976,$13.85  ~ $16.80 ,$41.18 ,N/A,0.03%,76.15%,N/A
Science (Legacy),Automotive,United States,939,$13.57  ~ $15.24 ,$19.91 ,N/A,0.07%,75.40%,N/A
Science (Legacy),Automotive,Canada,12,$19.75  ~ $19.75 ,$5.83 ,N/A,0.34%,66.54%,N/A
Science (Legacy),Politics,United States,"8,936",$20.88  ~ $21.13 ,$31.47 ,N/A,0.07%,72.52%,N/A
Science (Legacy),Health/Lowfat Cooking,United States,264,$18.13  ~ $18.22 ,$59.56 ,N/A,0.03%,68.29%,N/A
Science (Legacy),Radio,United States,5,$5.25  ~ $5.25 ,N/A,N/A,N/A,93.26%,N/A
Science (Legacy),Shopping,United States,"3,980",$14.03  ~ $14.31 ,$38.03 ,N/A,0.04%,78.22%,N/A
Science (Legacy),Hotels,United States,138,$16.36  ~ $17.59 ,$40.64 ,N/A,0.04%,82.10%,N/A
Science (Legacy),Clothing,United States,178,$9.09  ~ $19.72 ,$22.87 ,N/A,0.09%,72.24%,N/A
Science (Legacy),Clothing,Canada,30,$16.07  ~ $18.43 ,$10.28 ,N/A,0.16%,77.80%,N/A
Science (Legacy),Cancer,United States,81,$16.76  ~ $20.17 ,$19.71 ,N/A,0.10%,83.14%,N/A
Science (Legacy),Buying/Selling Cars,Canada,11,$19.86  ~ $20.60 ,$47.38 ,N/A,0.04%,73.06%,N/A
Science (Legacy),Buying/Selling Cars,United States,"1,036",$25.03  ~ $25.08 ,$63.66 ,N/A,0.04%,82.61%,N/A
Science (Legacy),Travel,United States,656,$17.91  ~ $18.07 ,$46.62 ,N/A,0.04%,75.34%,N/A
Science (Legacy),Canada,Canada,2,$12.40  ~ $12.40 ,$7.88 ,N/A,0.16%,75.91%,N/A
Science (Legacy),Weight Loss,United States,220,$13.56  ~ $18.74 ,$64.48 ,N/A,0.03%,89.80%,N/A
Science (Legacy),Computer Peripherals,United States,9,$27.20  ~ $28.83 ,$49.36 ,N/A,0.06%,71.97%,N/A
Science (Legacy),Weddings,United States,1,$17.28  ~ $38.16 ,N/A,N/A,N/A,92.36%,N/A
Science (Legacy),Investors & Patents,United States,163,$20.50  ~ $20.84 ,$138.51 ,N/A,0.01%,78.89%,N/A
Science (Legacy),By US Locale,United States,9,$23.45  ~ $48.47 ,N/A,N/A,N/A,94.25%,N/A
Science (Legacy),Network Security,United States,4,$13.14  ~ $13.14 ,$15.17 ,N/A,0.09%,67.71%,N/A
Science (Legacy),Computer Networking,United States,10,$13.99  ~ $34.19 ,N/A,N/A,N/A,93.12%,N/A
Science (Legacy),Home Repair,Canada,112,$9.85  ~ $10.35 ,$14.90 ,N/A,0.07%,75.80%,N/A
Science (Legacy),Home Repair,United States,"1,023",$15.33  ~ $21.03 ,$81.08 ,N/A,0.02%,81.69%,N/A
Science (Legacy),Education,United States,961,$11.74  ~ $13.71 ,$46.69 ,N/A,0.03%,81.82%,N/A
Science (Legacy),Bed & Breakfasts,United States,779,$18.16  ~ $18.16 ,$78.90 ,N/A,0.02%,87.07%,N/A
Science (Legacy),Cruises,United States,"3,094",$4.05  ~ $18.09 ,$73.44 ,N/A,0.01%,84.78%,N/A
Science (Legacy),Cruises,Canada,5,$13.10  ~ $14.29 ,$5.59 ,N/A,0.26%,66.77%,N/A
Science (Legacy),Cocktails/Beer,United States,16,$7.25  ~ $10.02 ,$13.78 ,N/A,0.07%,74.31%,N/A
Science (Legacy),Apartments,United States,58,$21.82  ~ $50.88 ,N/A,N/A,N/A,86.93%,N/A
Science (Legacy),Arts & Entertainment,United States,325,$15.70  ~ $16.65 ,$43.52 ,N/A,0.04%,81.54%,N/A
Science (Legacy),Arts & Entertainment,Canada,3,$9.57  ~ $20.62 ,N/A,N/A,N/A,78.05%,N/A
Science (Legacy),Contests & Freebies,United States,141,$20.57  ~ $20.57 ,N/A,N/A,N/A,86.79%,N/A
Science (Legacy),Veterinary Medicine,United States,77,$18.69  ~ $18.92 ,N/A,N/A,N/A,85.43%,N/A
Science (Legacy),Pediatrics,United States,22,$18.64  ~ $20.19 ,$79.31 ,N/A,0.03%,76.72%,N/A
Science (Legacy),Insurance,United States,994,$28.40  ~ $29.89 ,$32.04 ,N/A,0.09%,69.77%,N/A
Science (Legacy),Insurance,Canada,19,$14.68  ~ $17.53 ,$52.86 ,N/A,0.03%,78.06%,N/A
Science (Legacy),Green Solutions,United States,376,$28.58  ~ $29.11 ,$220.71 ,N/A,0.01%,64.01%,N/A
Science (Legacy),Green Solutions,Canada,2,$18.67  ~ $18.67 ,N/A,N/A,N/A,65.64%,N/A
Science (Legacy),Technology & Computing,United States,8,$22.14  ~ $24.27 ,N/A,N/A,N/A,51.00%,N/A
Science (Legacy),Auto Parts,United States,17,$7.15  ~ $7.28 ,$10.73 ,N/A,0.07%,86.06%,N/A
Science (Legacy),Personal Finance,United States,"1,448",$13.84  ~ $15.06 ,$17.56 ,N/A,0.09%,62.23%,N/A
Science (Legacy),Personal Finance,Canada,3,$19.36  ~ $39.51 ,$18.10 ,N/A,0.11%,76.47%,N/A
Science (Legacy),Video & Computer Games,United States,248,$19.60  ~ $19.60 ,$22.05 ,N/A,0.09%,75.67%,N/A
Science (Legacy),K-6 Educators,United States,1,$20.04  ~ $21.21 ,N/A,N/A,N/A,66.35%,N/A
Science (Legacy),Credit/Debt & Loans,Canada,17,$7.14  ~ $7.14 ,$13.32 ,N/A,0.05%,90.80%,N/A
Science (Legacy),Credit/Debt & Loans,United States,213,$20.50  ~ $22.95 ,$50.69 ,N/A,0.05%,80.98%,N/A
Science (Legacy),Environmental Safety,United States,16,$15.23  ~ $15.23 ,$36.85 ,N/A,0.04%,72.44%,N/A
Science (Legacy),Babies & Toddlers,United States,1,$0.00  ~ $0.00 ,N/A,N/A,N/A,N/A,N/A
Science (Legacy),Cameras & Camcorders,United States,1,$0.00  ~ $0.00 ,N/A,N/A,N/A,N/A,N/A
Science (Legacy),Art/Technology,United States,1,$0.00  ~ $0.00 ,N/A,N/A,N/A,N/A,N/A
Science (Legacy),Bed & Breakfasts,Canada,2,$0.00  ~ $0.00 ,N/A,N/A,N/A,N/A,N/A
Shopping (Legacy),Off-Road Vehicles,Canada,3,$12.32  ~ $12.32 ,N/A,N/A,N/A,83.39%,N/A
Shopping (Legacy),Bed & Breakfasts,United States,664,$16.84  ~ $16.84 ,"$1,960.49 ",N/A,0.00%,96.81%,N/A
Shopping (Legacy),Dining Out,United States,269,$11.77  ~ $15.91 ,$149.97 ,N/A,0.01%,91.12%,N/A
Shopping (Legacy),Couponing,United States,46,$10.38  ~ $18.35 ,N/A,N/A,N/A,86.37%,N/A
Shopping (Legacy),Theme Parks,United States,89,$24.60  ~ $24.60 ,N/A,N/A,N/A,89.35%,N/A
Shopping (Legacy),Cancer,United States,38,$16.51  ~ $18.38 ,$42.88 ,N/A,0.04%,80.82%,N/A
Shopping (Legacy),Family & Parenting,United States,48,$12.82  ~ $13.88 ,$47.88 ,N/A,0.03%,89.02%,N/A
Shopping (Legacy),Coffee/Tea,United States,460,$12.72  ~ $12.72 ,$145.20 ,N/A,0.01%,95.62%,N/A
Shopping (Legacy),Accessories,United States,15,$18.95  ~ $23.00 ,$44.19 ,N/A,0.05%,84.48%,N/A
Shopping (Legacy),Careers,United States,32,$26.12  ~ $26.70 ,$420.33 ,N/A,0.01%,89.07%,N/A
Shopping (Legacy),News,United States,460,$15.71  ~ $17.95 ,$68.85 ,N/A,0.03%,88.59%,N/A
Shopping (Legacy),News,Canada,16,$18.64  ~ $44.85 ,N/A,N/A,N/A,92.13%,N/A
Shopping (Legacy),Insurance,United States,"1,517",$28.62  ~ $30.59 ,$36.83 ,N/A,0.08%,69.62%,N/A
Shopping (Legacy),Insurance,Canada,34,$15.89  ~ $17.50 ,$30.94 ,N/A,0.06%,84.13%,N/A
Shopping (Legacy),Hunting/Shooting,United States,18,$17.96  ~ $17.96 ,N/A,N/A,N/A,95.68%,N/A
Shopping (Legacy),Honeymoons/Getaways,United States,425,$17.08  ~ $20.30 ,$53.77 ,N/A,0.04%,80.32%,N/A
Shopping (Legacy),Incest/Abuse Support,United States,484,$16.47  ~ $20.82 ,$82.81 ,N/A,0.02%,85.79%,N/A
Shopping (Legacy),Radio,United States,2,$5.25  ~ $5.25 ,N/A,N/A,N/A,87.84%,N/A
Shopping (Legacy),Apartments,United States,6,$15.91  ~ $21.15 ,N/A,N/A,N/A,97.39%,N/A
Shopping (Legacy),Human Resources,United States,388,$23.36  ~ $23.58 ,$118.20 ,N/A,0.02%,86.52%,N/A
Shopping (Legacy),Human Resources,Canada,191,$13.50  ~ $13.67 ,$65.38 ,N/A,0.02%,90.33%,N/A
Shopping (Legacy),Career Planning,United States,209,$17.80  ~ $19.64 ,$491.85 ,N/A,0.00%,80.52%,N/A
Shopping (Legacy),Birdwatching,United States,4,$18.75  ~ $18.75 ,N/A,N/A,N/A,96.91%,N/A
Shopping (Legacy),Auto Parts,United States,31,$6.41  ~ $7.22 ,$19.37 ,N/A,0.03%,90.75%,N/A
Shopping (Legacy),Senor Health,United States,72,$10.75  ~ $11.30 ,$156.57 ,N/A,0.01%,78.34%,N/A
Shopping (Legacy),K-6 Educators,United States,5,$18.59  ~ $25.22 ,$75.88 ,N/A,0.03%,81.54%,N/A
Shopping (Legacy),By US Locale,United States,2,$21.79  ~ $53.52 ,N/A,N/A,N/A,98.57%,N/A
Shopping (Legacy),Network Security,United States,17,$7.48  ~ $7.48 ,$33.04 ,N/A,0.02%,92.33%,N/A
Shopping (Legacy),Home Repair,Canada,77,$8.63  ~ $8.79 ,$27.31 ,N/A,0.03%,86.22%,N/A
Shopping (Legacy),Home Repair,United States,356,$14.46  ~ $19.49 ,$119.39 ,N/A,0.01%,89.88%,N/A
Shopping (Legacy),Clothing,United States,101,$8.96  ~ $24.49 ,$36.79 ,N/A,0.07%,47.38%,N/A
Shopping (Legacy),Clothing,Canada,77,$23.01  ~ $27.49 ,$47.35 ,N/A,0.05%,56.67%,N/A
Shopping (Legacy),Green Solutions,United States,128,$24.83  ~ $25.50 ,$159.26 ,N/A,0.02%,74.17%,N/A
Shopping (Legacy),Politics,United States,"11,246",$19.70  ~ $20.05 ,$33.17 ,N/A,0.06%,74.37%,N/A
Shopping (Legacy),Advertising,United States,282,$14.12  ~ $14.20 ,$36.02 ,N/A,0.04%,84.02%,N/A
Shopping (Legacy),Advertising,Canada,15,$6.79  ~ $13.52 ,$35.83 ,N/A,0.04%,86.55%,N/A
Shopping (Legacy),Music,United States,128,$14.75  ~ $14.83 ,$32.36 ,N/A,0.05%,88.62%,N/A
Shopping (Legacy),Pets,United States,211,$21.35  ~ $48.47 ,N/A,N/A,N/A,98.19%,N/A
Shopping (Legacy),Alternative Medicine,United States,83,$11.92  ~ $16.82 ,$68.17 ,N/A,0.02%,82.80%,N/A
Shopping (Legacy),Buying/Selling Homes,United States,427,$20.07  ~ $20.73 ,$43.93 ,N/A,0.05%,85.13%,N/A
Shopping (Legacy),Business Software,United States,"1,019",$16.19  ~ $16.28 ,$179.36 ,N/A,0.01%,93.23%,N/A
Shopping (Legacy),Business Software,Canada,8,$15.49  ~ $17.40 ,N/A,N/A,N/A,89.17%,N/A
Shopping (Legacy),Hobbies & Interests,United States,255,$14.95  ~ $16.13 ,$165.04 ,N/A,0.01%,89.39%,N/A
Shopping (Legacy),Interior Decorating,United States,551,$11.22  ~ $13.91 ,$21.30 ,N/A,0.05%,71.55%,N/A
Shopping (Legacy),Interior Decorating,Canada,9,$11.81  ~ $13.28 ,$46.87 ,N/A,0.03%,79.62%,N/A
Shopping (Legacy),Football,United States,38,$14.15  ~ $14.15 ,$581.06 ,N/A,0.00%,91.62%,N/A
Shopping (Legacy),Biotech/Biomedical,United States,975,$26.25  ~ $26.86 ,$56.06 ,N/A,0.05%,85.72%,N/A
Shopping (Legacy),Health/Lowfat Cooking,United States,304,$17.92  ~ $18.20 ,$95.48 ,N/A,0.02%,81.47%,N/A
Shopping (Legacy),Technology & Computing,United States,26,$41.40  ~ $46.84 ,N/A,N/A,N/A,85.46%,N/A
Shopping (Legacy),Auto Repair,United States,24,$12.72  ~ $12.72 ,$61.25 ,N/A,0.02%,84.07%,N/A
Shopping (Legacy),Weight Loss,United States,209,$12.80  ~ $18.40 ,$156.96 ,N/A,0.01%,95.58%,N/A
Shopping (Legacy),Dogs,United States,384,$19.49  ~ $25.81 ,N/A,N/A,N/A,93.10%,N/A
Shopping (Legacy),Dogs,Canada,49,$11.76  ~ $26.24 ,$124.58 ,N/A,0.01%,85.68%,N/A
Shopping (Legacy),Pediatrics,United States,18,$17.81  ~ $19.25 ,N/A,N/A,N/A,75.69%,N/A
Shopping (Legacy),Retirement Planning,United States,51,$15.82  ~ $20.49 ,N/A,N/A,N/A,76.37%,N/A
Shopping (Legacy),Canada,Canada,4,$12.45  ~ $12.45 ,$16.88 ,N/A,0.07%,78.73%,N/A
Shopping (Legacy),Internet Technology,Canada,9,$18.62  ~ $44.58 ,N/A,N/A,N/A,69.88%,N/A
Shopping (Legacy),Internet Technology,United States,1,$8.46  ~ $8.59 ,$13.46 ,N/A,0.06%,84.07%,N/A
Shopping (Legacy),Arts & Crafts,United States,114,$18.70  ~ $18.70 ,$69.05 ,N/A,0.03%,92.22%,N/A
Shopping (Legacy),Logistics,United States,107,$17.90  ~ $20.51 ,$69.66 ,N/A,0.03%,85.54%,N/A
Shopping (Legacy),Logistics,Canada,95,$5.17  ~ $8.54 ,$40.06 ,N/A,0.02%,76.56%,N/A
Shopping (Legacy),Travel,United States,408,$17.24  ~ $17.43 ,$94.39 ,N/A,0.02%,88.17%,N/A
Shopping (Legacy),Buying/Selling Cars,United States,"1,698",$23.50  ~ $23.65 ,$120.89 ,N/A,0.02%,90.27%,N/A
Shopping (Legacy),Education,United States,233,$12.21  ~ $13.93 ,$71.78 ,N/A,0.02%,91.89%,N/A
Shopping (Legacy),Gardening,Canada,1,$17.18  ~ $17.18 ,N/A,N/A,N/A,69.39%,N/A
Shopping (Legacy),Gardening,United States,"2,847",$7.60  ~ $7.64 ,$33.12 ,N/A,0.02%,81.34%,N/A
Shopping (Legacy),Desserts & Baking,United States,13,$10.67  ~ $10.67 ,$13.31 ,N/A,0.08%,81.97%,N/A
Shopping (Legacy),Government,United States,8,$27.81  ~ $27.81 ,$14.30 ,N/A,0.19%,84.35%,N/A
Shopping (Legacy),Cruises,United States,857,$6.15  ~ $17.04 ,$35.67 ,N/A,0.02%,83.78%,N/A
Shopping (Legacy),Cruises,Canada,5,$13.29  ~ $14.18 ,$17.24 ,N/A,0.08%,79.13%,N/A
Shopping (Legacy),Real Estate,United States,174,$15.72  ~ $16.43 ,$40.07 ,N/A,0.04%,68.16%,N/A
Shopping (Legacy),Video & Computer Games,United States,144,$19.46  ~ $19.46 ,$53.13 ,N/A,0.04%,75.22%,N/A
Shopping (Legacy),Home & Garden,United States,"3,789",$6.60  ~ $9.40 ,$17.45 ,N/A,0.04%,72.30%,N/A
Shopping (Legacy),Adult Education,United States,101,$10.82  ~ $14.11 ,$65.36 ,N/A,0.02%,47.73%,N/A
Shopping (Legacy),Legal Issues,United States,"5,309",$16.59  ~ $17.43 ,$69.96 ,N/A,0.02%,83.41%,N/A
Shopping (Legacy),Legal Issues,Canada,272,$16.95  ~ $18.10 ,$258.74 ,N/A,0.01%,90.71%,N/A
Shopping (Legacy),Shopping,United States,"1,404",$17.00  ~ $17.03 ,$271.35 ,N/A,0.01%,91.91%,N/A
Shopping (Legacy),Food & Drink,United States,215,$20.15  ~ $21.29 ,N/A,N/A,N/A,92.74%,N/A
Shopping (Legacy),Food & Drink,Canada,136,$7.74  ~ $18.42 ,N/A,N/A,N/A,87.26%,N/A
Shopping (Legacy),Card Games,United States,"1,051",$20.81  ~ $22.98 ,$72.59 ,N/A,0.03%,89.10%,N/A
Shopping (Legacy),Card Games,Canada,14,$14.04  ~ $16.49 ,$61.48 ,N/A,0.03%,79.14%,N/A
Shopping (Legacy),College,United States,97,$14.97  ~ $15.28 ,$45.29 ,N/A,0.03%,86.15%,N/A
Shopping (Legacy),Physical Therapy,United States,2,$19.50  ~ $19.50 ,N/A,N/A,N/A,78.26%,N/A
Shopping (Legacy),Computer Networking,United States,52,$19.07  ~ $43.99 ,N/A,N/A,N/A,95.75%,N/A
Shopping (Legacy),Metals,United States,404,$12.47  ~ $15.08 ,$384.91 ,N/A,0.00%,90.73%,N/A
Shopping (Legacy),Metals,Canada,14,$14.98  ~ $15.37 ,$37.14 ,N/A,0.04%,91.04%,N/A
Shopping (Legacy),Graduate School,United States,"1,103",$18.67  ~ $19.40 ,$51.12 ,N/A,0.04%,85.83%,N/A
Shopping (Legacy),Health & Fitness,Canada,108,$19.80  ~ $20.42 ,$356.99 ,N/A,0.01%,86.98%,N/A
Shopping (Legacy),Health & Fitness,United States,"3,651",$15.11  ~ $17.18 ,$84.04 ,N/A,0.02%,86.89%,N/A
Shopping (Legacy),Cigars,United States,43,$14.12  ~ $14.49 ,N/A,N/A,N/A,82.01%,N/A
Shopping (Legacy),Personal Finance,Canada,1,$19.04  ~ $39.33 ,$12.30 ,N/A,0.15%,79.76%,N/A
Shopping (Legacy),Personal Finance,United States,911,$16.46  ~ $17.26 ,$14.84 ,N/A,0.11%,71.52%,N/A
Shopping (Legacy),Investors & Patents,United States,85,$20.20  ~ $20.86 ,$101.39 ,N/A,0.02%,80.76%,N/A
Shopping (Legacy),Agriculture,United States,162,$14.42  ~ $15.39 ,$133.18 ,N/A,0.01%,95.10%,N/A
Shopping (Legacy),Nutrition,Canada,33,$5.83  ~ $5.83 ,$21.86 ,N/A,0.03%,80.66%,N/A
Shopping (Legacy),Cocktails/Beer,United States,16,$6.89  ~ $10.06 ,$19.30 ,N/A,0.05%,77.55%,N/A
Shopping (Legacy),Job Search,United States,89,$13.08  ~ $13.58 ,$89.34 ,N/A,0.02%,91.46%,N/A
Shopping (Legacy),Fine Art,United States,3,$11.70  ~ $12.53 ,$16.69 ,N/A,0.07%,77.38%,N/A
Shopping (Legacy),Arts & Entertainment,United States,164,$15.91  ~ $17.03 ,$98.14 ,N/A,0.02%,87.47%,N/A
Shopping (Legacy),Arts & Entertainment,Canada,1,$11.14  ~ $26.02 ,N/A,N/A,N/A,89.71%,N/A
Shopping (Legacy),Mutual Funds,United States,982,$14.39  ~ $16.38 ,$9.52 ,N/A,0.17%,52.18%,N/A
Shopping (Legacy),Senior Living,United States,808,$6.73  ~ $7.43 ,$55.80 ,N/A,0.01%,85.41%,N/A
Shopping (Legacy),Hotels,United States,174,$19.81  ~ $19.95 ,N/A,N/A,N/A,91.58%,N/A
Shopping (Legacy),Pro Basketball,United States,42,$17.94  ~ $17.94 ,$35.14 ,N/A,0.05%,82.31%,N/A
Shopping (Legacy),Contests & Freebies,United States,104,$20.97  ~ $20.97 ,$58.84 ,N/A,0.04%,95.07%,N/A
Shopping (Legacy),Computer Peripherals,United States,29,$27.27  ~ $28.17 ,$97.67 ,N/A,0.03%,78.89%,N/A
Shopping (Legacy),Credit/Debt & Loans,United States,130,$18.93  ~ $20.27 ,$56.53 ,N/A,0.04%,92.99%,N/A
Shopping (Legacy),Automotive,United States,"2,850",$14.30  ~ $18.95 ,$54.19 ,N/A,0.03%,89.67%,N/A
Shopping (Legacy),Automotive,Canada,4,$20.40  ~ $20.40 ,$14.88 ,N/A,0.14%,74.55%,N/A
Shopping (Legacy),Construction,United States,1,$18.68  ~ $18.75 ,N/A,N/A,N/A,92.69%,N/A
Shopping (Legacy),"Law, Gov't & Politics",United States,20,$25.94  ~ $32.83 ,$16.49 ,N/A,0.16%,82.25%,N/A
Shopping (Legacy),Cold & Flu,United States,120,$11.51  ~ $13.65 ,$16.42 ,N/A,0.07%,77.48%,N/A
Shopping (Legacy),Environmental Safety,United States,30,$14.56  ~ $14.56 ,$85.55 ,N/A,0.02%,89.49%,N/A
Shopping (Legacy),Business,United States,758,$10.73  ~ $16.33 ,$61.63 ,N/A,0.02%,89.75%,N/A
Shopping (Legacy),Business,Canada,303,$2.49  ~ $3.52 ,$58.05 ,N/A,0.00%,93.07%,N/A
Shopping (Legacy),Remodeling & Construction,United States,144,$19.12  ~ $19.37 ,$114.49 ,N/A,0.02%,90.59%,N/A
Shopping (Legacy),Psychology/Psychiatry,United States,537,$19.37  ~ $20.50 ,$31.71 ,N/A,0.06%,81.63%,N/A
Shopping (Legacy),Veterinary Medicine,United States,19,$18.16  ~ $18.17 ,N/A,N/A,N/A,95.82%,N/A
Shopping (Legacy),Exercise,United States,75,$16.27  ~ $19.05 ,$205.87 ,N/A,0.01%,93.35%,N/A
Shopping (Legacy),Weddings,United States,1,$19.82  ~ $45.47 ,N/A,N/A,N/A,96.95%,N/A
Shopping (Legacy),Appliances,United States,33,$14.28  ~ $14.85 ,N/A,N/A,N/A,92.88%,N/A
Shopping (Legacy),Couponing,Canada,1,$0.00  ~ $0.00 ,N/A,N/A,N/A,N/A,N/A
Shopping (Legacy),Jewelry,United States,1,$0.00  ~ $0.00 ,N/A,N/A,N/A,N/A,N/A
Shopping (Legacy),Art/Technology,United States,2,$0.00  ~ $0.00 ,N/A,N/A,N/A,N/A,N/A
Society (Legacy),Auto Parts,United States,55,$7.08  ~ $7.41 ,$32.98 ,N/A,0.02%,91.48%,N/A
Society (Legacy),Family & Parenting,United States,104,$13.83  ~ $15.21 ,$21.48 ,N/A,0.07%,85.94%,N/A
Society (Legacy),Contests & Freebies,United States,242,$21.47  ~ $21.47 ,N/A,N/A,N/A,93.69%,N/A
Society (Legacy),Coffee/Tea,United States,"1,117",$13.21  ~ $13.21 ,$64.65 ,N/A,0.02%,75.27%,N/A
Society (Legacy),Music,United States,248,$14.80  ~ $14.93 ,$16.13 ,N/A,0.09%,76.46%,N/A
Society (Legacy),Clothing,United States,251,$9.27  ~ $23.82 ,$18.71 ,N/A,0.13%,80.30%,N/A
Society (Legacy),Clothing,Canada,50,$15.90  ~ $18.29 ,$54.01 ,N/A,0.03%,80.65%,N/A
Society (Legacy),Desserts & Baking,United States,22,$10.74  ~ $10.74 ,$16.24 ,N/A,0.07%,87.96%,N/A
Society (Legacy),Mutual Funds,United States,"2,264",$14.19  ~ $17.25 ,$10.15 ,N/A,0.17%,69.66%,N/A
Society (Legacy),Advertising,United States,459,$14.79  ~ $15.47 ,$26.64 ,N/A,0.06%,72.66%,N/A
Society (Legacy),Advertising,Canada,21,$6.53  ~ $15.21 ,$76.36 ,N/A,0.02%,80.60%,N/A
Society (Legacy),Automotive,United States,"1,662",$16.76  ~ $17.82 ,$84.82 ,N/A,0.02%,89.11%,N/A
Society (Legacy),Fine Art,United States,14,$17.89  ~ $19.50 ,N/A,N/A,N/A,92.63%,N/A
Society (Legacy),Senor Health,United States,209,$14.43  ~ $14.90 ,$43.10 ,N/A,0.03%,84.21%,N/A
Society (Legacy),Bed & Breakfasts,United States,"3,184",$16.41  ~ $16.41 ,$259.54 ,N/A,0.01%,91.62%,N/A
Society (Legacy),Canada,Canada,1,$12.38  ~ $12.38 ,$23.18 ,N/A,0.05%,79.28%,N/A
Society (Legacy),Veterinary Medicine,United States,9,$18.85  ~ $18.99 ,N/A,N/A,N/A,93.46%,N/A
Society (Legacy),Senior Living,United States,708,$4.78  ~ $5.53 ,$28.11 ,N/A,0.02%,72.80%,N/A
Society (Legacy),College,United States,355,$14.70  ~ $15.39 ,$32.72 ,N/A,0.05%,86.44%,N/A
Society (Legacy),Gardening,United States,"5,490",$7.42  ~ $7.48 ,$34.41 ,N/A,0.02%,79.01%,N/A
Society (Legacy),Gardening,Canada,1,$16.19  ~ $16.19 ,N/A,N/A,N/A,80.65%,N/A
Society (Legacy),News,United States,612,$16.58  ~ $18.55 ,$34.71 ,N/A,0.05%,85.64%,N/A
Society (Legacy),Cruises,United States,"2,326",$6.07  ~ $18.24 ,$71.44 ,N/A,0.01%,82.97%,N/A
Society (Legacy),Off-Road Vehicles,Canada,5,$12.49  ~ $12.49 ,N/A,N/A,N/A,81.97%,N/A
Society (Legacy),Off-Road Vehicles,United States,2,$18.79  ~ $18.79 ,N/A,N/A,N/A,90.07%,N/A
Society (Legacy),Interior Decorating,United States,"1,128",$10.90  ~ $13.99 ,$14.25 ,N/A,0.08%,66.57%,N/A
Society (Legacy),Interior Decorating,Canada,5,$12.05  ~ $13.64 ,$32.77 ,N/A,0.04%,83.92%,N/A
Society (Legacy),Dining Out,United States,"1,359",$13.99  ~ $16.45 ,$55.41 ,N/A,0.03%,91.42%,N/A
Society (Legacy),Technology & Computing,United States,25,$26.02  ~ $31.63 ,$19.39 ,N/A,0.13%,64.36%,N/A
Society (Legacy),Internet Technology,United States,25,$8.24  ~ $8.52 ,N/A,N/A,N/A,89.02%,N/A
Society (Legacy),Cancer,United States,39,$14.52  ~ $17.93 ,$36.45 ,N/A,0.05%,80.12%,N/A
Society (Legacy),"Law, Gov't & Politics",United States,141,$22.34  ~ $28.04 ,$27.68 ,N/A,0.08%,83.48%,N/A
Society (Legacy),By US Locale,United States,2,$22.94  ~ $56.64 ,N/A,N/A,N/A,98.27%,N/A
Society (Legacy),Remodeling & Construction,United States,404,$19.15  ~ $19.40 ,$124.71 ,N/A,0.02%,91.80%,N/A
Society (Legacy),Travel,United States,"1,109",$16.45  ~ $17.93 ,$67.06 ,N/A,0.03%,88.11%,N/A
Society (Legacy),Business,United States,"2,856",$9.65  ~ $16.34 ,$23.04 ,N/A,0.04%,89.96%,N/A
Society (Legacy),Business,Canada,20,$3.32  ~ $3.43 ,$4.98 ,N/A,0.07%,76.55%,N/A
Society (Legacy),Exercise,United States,183,$15.68  ~ $21.33 ,$199.91 ,N/A,0.01%,90.18%,N/A
Society (Legacy),Weddings,United States,8,$19.47  ~ $45.01 ,N/A,N/A,N/A,88.21%,N/A
Society (Legacy),Graduate School,United States,"2,202",$16.64  ~ $16.98 ,$46.52 ,N/A,0.04%,83.64%,N/A
Society (Legacy),Incest/Abuse Support,United States,761,$19.42  ~ $22.59 ,$58.61 ,N/A,0.03%,87.69%,N/A
Society (Legacy),Accessories,United States,11,$18.52  ~ $22.08 ,$148.07 ,N/A,0.01%,84.90%,N/A
Society (Legacy),Dogs,United States,268,$10.79  ~ $24.99 ,N/A,N/A,N/A,91.70%,N/A
Society (Legacy),Dogs,Canada,1,$11.76  ~ $28.68 ,$30.80 ,N/A,0.04%,83.22%,N/A
Society (Legacy),Network Security,United States,4,$13.11  ~ $13.11 ,N/A,N/A,N/A,66.18%,N/A
Society (Legacy),Nutrition,Canada,39,$6.26  ~ $6.26 ,$18.61 ,N/A,0.03%,80.71%,N/A
Society (Legacy),Investing,United States,26,$19.88  ~ $20.08 ,$36.17 ,N/A,0.05%,65.33%,N/A
Society (Legacy),Environmental Safety,United States,127,$14.75  ~ $14.75 ,$50.75 ,N/A,0.03%,74.28%,N/A
Society (Legacy),Politics,United States,"35,603",$21.72  ~ $21.83 ,$27.64 ,N/A,0.08%,76.42%,N/A
Society (Legacy),Cold & Flu,United States,882,$12.16  ~ $13.85 ,$20.71 ,N/A,0.06%,83.84%,N/A
Society (Legacy),Government,United States,1,$29.66  ~ $29.66 ,N/A,N/A,N/A,86.60%,N/A
Society (Legacy),Legal Issues,United States,"15,066",$17.06  ~ $18.22 ,$62.12 ,N/A,0.03%,83.60%,N/A
Society (Legacy),Legal Issues,Canada,154,$16.87  ~ $17.36 ,$39.05 ,N/A,0.04%,84.41%,N/A
Society (Legacy),Real Estate,United States,"1,483",$17.32  ~ $17.39 ,$23.94 ,N/A,0.07%,81.47%,N/A
Society (Legacy),Shopping,United States,"1,138",$14.62  ~ $15.20 ,$97.17 ,N/A,0.02%,89.10%,N/A
Society (Legacy),Green Solutions,United States,513,$25.38  ~ $25.91 ,$36.43 ,N/A,0.07%,74.07%,N/A
Society (Legacy),Hotels,United States,416,$13.26  ~ $17.27 ,$83.77 ,N/A,0.02%,85.28%,N/A
Society (Legacy),Theme Parks,United States,75,$27.81  ~ $27.81 ,$185.75 ,N/A,0.01%,91.35%,N/A
Society (Legacy),Auto Repair,United States,66,$11.62  ~ $11.62 ,$25.77 ,N/A,0.05%,89.40%,N/A
Society (Legacy),Metals,Canada,1,$15.86  ~ $18.44 ,N/A,N/A,N/A,76.30%,N/A
Society (Legacy),Metals,United States,830,$14.03  ~ $17.81 ,$45.15 ,N/A,0.04%,87.56%,N/A
Society (Legacy),Health/Lowfat Cooking,United States,"1,941",$17.56  ~ $18.00 ,$38.31 ,N/A,0.05%,77.70%,N/A
Society (Legacy),Cocktails/Beer,United States,83,$6.89  ~ $12.40 ,$11.48 ,N/A,0.11%,81.13%,N/A
Society (Legacy),Hunting/Shooting,United States,6,$18.51  ~ $18.51 ,N/A,N/A,N/A,93.30%,N/A
Society (Legacy),Retirement Planning,United States,51,$16.05  ~ $22.38 ,$70.08 ,N/A,0.03%,73.63%,N/A
Society (Legacy),Adult Education,United States,141,$10.92  ~ $16.37 ,N/A,N/A,N/A,73.70%,N/A
Society (Legacy),Apartments,United States,3,$15.48  ~ $16.38 ,N/A,N/A,N/A,82.17%,N/A
Society (Legacy),Video & Computer Games,United States,135,$19.60  ~ $19.60 ,$61.04 ,N/A,0.03%,76.43%,N/A
Society (Legacy),Honeymoons/Getaways,United States,"1,182",$15.86  ~ $20.13 ,$43.65 ,N/A,0.05%,83.47%,N/A
Society (Legacy),Pro Basketball,United States,45,$17.82  ~ $17.82 ,$23.32 ,N/A,0.08%,73.97%,N/A
Society (Legacy),Dental Care,United States,17,$7.81  ~ $13.41 ,N/A,N/A,N/A,67.21%,N/A
Society (Legacy),Sexuality,United States,1,$11.08  ~ $26.30 ,$1.92 ,N/A,0.58%,89.12%,N/A
Society (Legacy),Careers,United States,266,$26.00  ~ $26.17 ,$154.21 ,N/A,0.02%,90.71%,N/A
Society (Legacy),Career Planning,United States,705,$19.30  ~ $20.23 ,$237.33 ,N/A,0.01%,87.23%,N/A
Society (Legacy),Cigars,United States,27,$14.89  ~ $15.55 ,$96.12 ,N/A,0.02%,86.73%,N/A
Society (Legacy),Pediatrics,United States,20,$16.95  ~ $20.19 ,$41.33 ,N/A,0.05%,84.46%,N/A
Society (Legacy),Personal Finance,United States,"1,580",$14.53  ~ $16.77 ,$5.08 ,N/A,0.33%,64.24%,N/A
Society (Legacy),Personal Finance,Canada,1,$18.98  ~ $39.95 ,$9.34 ,N/A,0.20%,79.31%,N/A
Society (Legacy),Pets,United States,200,$20.29  ~ $48.35 ,N/A,N/A,N/A,90.37%,N/A
Society (Legacy),Human Resources,United States,437,$23.27  ~ $23.41 ,$110.20 ,N/A,0.02%,84.76%,N/A
Society (Legacy),Human Resources,Canada,15,$12.66  ~ $13.63 ,$25.20 ,N/A,0.05%,72.93%,N/A
Society (Legacy),Weight Loss,United States,"1,686",$12.91  ~ $19.84 ,$281.02 ,N/A,0.01%,94.90%,N/A
Society (Legacy),Buying/Selling Homes,United States,"3,128",$19.91  ~ $20.89 ,$39.34 ,N/A,0.05%,89.38%,N/A
Society (Legacy),Health & Fitness,Canada,11,$18.35  ~ $19.06 ,$23.56 ,N/A,0.08%,70.73%,N/A
Society (Legacy),Health & Fitness,United States,"8,005",$16.19  ~ $17.34 ,$22.31 ,N/A,0.08%,83.63%,N/A
Society (Legacy),Arts & Crafts,United States,195,$19.37  ~ $19.37 ,$92.87 ,N/A,0.02%,91.74%,N/A
Society (Legacy),Agriculture,United States,246,$15.45  ~ $15.53 ,$258.04 ,N/A,0.01%,94.38%,N/A
Society (Legacy),Arts & Entertainment,United States,229,$15.97  ~ $16.01 ,$300.33 ,N/A,0.01%,90.18%,N/A
Society (Legacy),Business Software,Canada,1,$12.89  ~ $17.43 ,$16.49 ,N/A,0.08%,82.16%,N/A
Society (Legacy),Business Software,United States,"1,852",$18.40  ~ $18.52 ,$47.28 ,N/A,0.04%,88.08%,N/A
Society (Legacy),Computer Peripherals,United States,147,$28.74  ~ $29.07 ,$149.20 ,N/A,0.02%,85.13%,N/A
Society (Legacy),Education,United States,686,$12.99  ~ $14.57 ,$44.01 ,N/A,0.03%,87.94%,N/A
Society (Legacy),Food & Drink,United States,307,$21.14  ~ $23.08 ,$165.73 ,N/A,0.01%,92.40%,N/A
Society (Legacy),Food & Drink,Canada,20,$7.79  ~ $19.44 ,$9.10 ,N/A,0.09%,83.13%,N/A
Society (Legacy),Books & Literature,United States,3,$19.41  ~ $44.61 ,N/A,N/A,N/A,98.03%,N/A
Society (Legacy),Logistics,United States,326,$17.65  ~ $19.18 ,$60.77 ,N/A,0.03%,83.49%,N/A
Society (Legacy),Logistics,Canada,47,$5.18  ~ $7.72 ,$48.22 ,N/A,0.02%,72.92%,N/A
Society (Legacy),Home & Garden,United States,"9,593",$6.75  ~ $9.84 ,$13.90 ,N/A,0.05%,67.13%,N/A
Society (Legacy),Construction,United States,12,$18.55  ~ $18.75 ,N/A,N/A,N/A,90.78%,N/A
Society (Legacy),Birdwatching,United States,85,$19.03  ~ $19.03 ,N/A,N/A,N/A,96.84%,N/A
Society (Legacy),Home Repair,United States,589,$13.91  ~ $19.39 ,$23.78 ,N/A,0.06%,88.01%,N/A
Society (Legacy),Home Repair,Canada,42,$8.96  ~ $9.23 ,$8.68 ,N/A,0.10%,75.58%,N/A
Society (Legacy),Card Games,United States,"4,201",$23.73  ~ $24.96 ,$31.66 ,N/A,0.07%,89.30%,N/A
Society (Legacy),Card Games,Canada,12,$14.47  ~ $16.80 ,$39.74 ,N/A,0.04%,76.44%,N/A
Society (Legacy),Distance Learning,United States,4,$16.21  ~ $33.60 ,$17.32 ,N/A,0.09%,42.51%,N/A
Society (Legacy),Football,United States,412,$13.94  ~ $13.94 ,$145.00 ,N/A,0.01%,88.50%,N/A
Society (Legacy),Job Search,United States,211,$13.15  ~ $13.88 ,$94.48 ,N/A,0.01%,87.41%,N/A
Society (Legacy),Physical Therapy,United States,2,$19.59  ~ $19.59 ,N/A,N/A,N/A,72.53%,N/A
Society (Legacy),Computer Networking,United States,163,$19.16  ~ $39.58 ,N/A,N/A,N/A,96.79%,N/A
Society (Legacy),Biotech/Biomedical,United States,"2,445",$26.20  ~ $26.82 ,$50.58 ,N/A,0.05%,86.56%,N/A
Society (Legacy),Catholicism,United States,6,$21.72  ~ $51.93 ,N/A,N/A,N/A,59.72%,N/A
Society (Legacy),Credit/Debt & Loans,United States,528,$22.30  ~ $22.57 ,$29.97 ,N/A,0.07%,89.67%,N/A
Society (Legacy),Credit/Debt & Loans,Canada,12,$7.65  ~ $7.65 ,N/A,N/A,N/A,88.98%,N/A
Society (Legacy),Investors & Patents,United States,175,$20.52  ~ $20.84 ,$98.80 ,N/A,0.02%,80.96%,N/A
Society (Legacy),Martial Arts,United States,3,$10.19  ~ $10.19 ,N/A,N/A,N/A,78.46%,N/A
Society (Legacy),Insurance,United States,"3,934",$28.22  ~ $29.71 ,$38.95 ,N/A,0.07%,80.78%,N/A
Society (Legacy),Insurance,Canada,1,$16.17  ~ $17.48 ,$53.93 ,N/A,0.03%,83.79%,N/A
Society (Legacy),Alternative Medicine,United States,252,$15.70  ~ $20.53 ,$25.69 ,N/A,0.08%,75.88%,N/A
Society (Legacy),Buying/Selling Cars,United States,"5,536",$24.33  ~ $24.34 ,$96.34 ,N/A,0.03%,85.53%,N/A
Society (Legacy),Buying/Selling Cars,Canada,1,$18.71  ~ $19.76 ,$23.11 ,N/A,0.08%,77.20%,N/A
Society (Legacy),Psychology/Psychiatry,United States,"2,472",$20.86  ~ $22.20 ,$45.21 ,N/A,0.05%,82.17%,N/A
Society (Legacy),K-6 Educators,United States,75,$18.73  ~ $22.82 ,$158.05 ,N/A,0.01%,85.66%,N/A
Society (Legacy),Couponing,United States,69,$11.85  ~ $19.21 ,$36.26 ,N/A,0.05%,83.76%,N/A
Society (Legacy),Hobbies & Interests,United States,383,$13.00  ~ $16.01 ,$86.88 ,N/A,0.01%,93.41%,N/A
Society (Legacy),Radio,United States,109,$5.16  ~ $5.16 ,N/A,N/A,N/A,95.01%,N/A
Society (Legacy),Appliances,United States,60,$16.87  ~ $17.59 ,N/A,N/A,N/A,92.18%,N/A
Society (Legacy),Jewelry,United States,1,$0.00  ~ $0.00 ,N/A,N/A,N/A,N/A,N/A
Society (Legacy),Cameras & Camcorders,United States,3,$0.00  ~ $0.00 ,N/A,N/A,N/A,N/A,N/A
Sports (Legacy),Veterinary Medicine,United States,"1,170",$18.75  ~ $18.88 ,$91.22 ,N/A,0.02%,83.94%,N/A
Sports (Legacy),Landscaping,United States,5,$34.39  ~ $34.39 ,$39.05 ,N/A,0.09%,53.43%,N/A
Sports (Legacy),Marketing,United States,2,$18.99  ~ $18.99 ,N/A,N/A,N/A,40.31%,N/A
Sports (Legacy),Remodeling & Construction,United States,"12,780",$19.06  ~ $19.19 ,$285.90 ,N/A,0.01%,64.86%,N/A
Sports (Legacy),Internet Technology,Canada,96,$18.38  ~ $44.37 ,N/A,N/A,N/A,39.23%,N/A
Sports (Legacy),Internet Technology,United States,144,$13.11  ~ $13.43 ,N/A,N/A,N/A,60.91%,N/A
Sports (Legacy),Gardening,Canada,118,$16.51  ~ $16.51 ,$23.15 ,N/A,0.07%,91.07%,N/A
Sports (Legacy),Gardening,United States,"148,674",$6.51  ~ $6.55 ,$37.58 ,N/A,0.02%,81.72%,N/A
Sports (Legacy),Desserts & Baking,United States,46,$10.65  ~ $10.65 ,$33.73 ,N/A,0.03%,76.83%,N/A
Sports (Legacy),Home Repair,Canada,"1,493",$8.51  ~ $8.67 ,$14.38 ,N/A,0.06%,76.61%,N/A
Sports (Legacy),Home Repair,United States,"11,292",$14.07  ~ $22.28 ,$99.17 ,N/A,0.01%,72.32%,N/A
Sports (Legacy),Graduate School,United States,"28,073",$18.68  ~ $19.02 ,$166.27 ,N/A,0.01%,74.02%,N/A
Sports (Legacy),Senor Health,United States,152,$11.90  ~ $12.58 ,$55.29 ,N/A,0.02%,67.63%,N/A
Sports (Legacy),Contests & Freebies,United States,"1,961",$21.10  ~ $21.10 ,$349.90 ,N/A,0.01%,67.16%,N/A
Sports (Legacy),Buying/Selling Cars,Canada,252,$18.63  ~ $20.35 ,$29.89 ,N/A,0.06%,69.35%,N/A
Sports (Legacy),Buying/Selling Cars,United States,"9,756",$24.93  ~ $24.98 ,$123.74 ,N/A,0.02%,61.29%,N/A
Sports (Legacy),Music,United States,"3,996",$15.92  ~ $15.94 ,$932.06 ,N/A,0.00%,38.51%,N/A
Sports (Legacy),Couponing,United States,55,$10.53  ~ $16.32 ,$62.07 ,N/A,0.03%,63.79%,N/A
Sports (Legacy),Dental Care,United States,42,$11.04  ~ $13.28 ,$76.31 ,N/A,0.01%,64.03%,N/A
Sports (Legacy),Cancer,United States,687,$16.99  ~ $18.88 ,$79.39 ,N/A,0.02%,74.40%,N/A
Sports (Legacy),Education,United States,"17,043",$12.84  ~ $14.71 ,$154.90 ,N/A,0.01%,67.92%,N/A
Sports (Legacy),Cocktails/Beer,United States,63,$9.47  ~ $11.45 ,$18.65 ,N/A,0.06%,72.21%,N/A
Sports (Legacy),Video & Computer Games,United States,"2,509",$19.63  ~ $19.63 ,$16.20 ,N/A,0.12%,73.27%,N/A
Sports (Legacy),"Law, Gov't & Politics",United States,523,$22.55  ~ $28.84 ,$70.42 ,N/A,0.03%,60.09%,N/A
Sports (Legacy),Buying/Selling Homes,Canada,54,$18.79  ~ $18.79 ,$15.00 ,N/A,0.13%,77.33%,N/A
Sports (Legacy),Buying/Selling Homes,United States,"3,043",$18.91  ~ $20.11 ,$15.74 ,N/A,0.12%,72.42%,N/A
Sports (Legacy),Travel,United States,"16,859",$14.81  ~ $15.44 ,$188.23 ,N/A,0.01%,73.39%,N/A
Sports (Legacy),Shopping,United States,"47,392",$15.12  ~ $15.39 ,$99.54 ,N/A,0.02%,77.74%,N/A
Sports (Legacy),Business,United States,"15,471",$4.25  ~ $15.27 ,$119.68 ,N/A,0.00%,64.66%,N/A
Sports (Legacy),Business,Canada,"3,270",$1.76  ~ $2.14 ,$50.97 ,N/A,0.00%,65.48%,N/A
Sports (Legacy),Health/Lowfat Cooking,United States,"1,440",$18.01  ~ $18.20 ,$79.03 ,N/A,0.02%,58.11%,N/A
Sports (Legacy),Alternative Medicine,United States,360,$14.94  ~ $18.65 ,$38.44 ,N/A,0.05%,62.09%,N/A
Sports (Legacy),Catholicism,United States,3,$22.96  ~ $50.13 ,N/A,N/A,N/A,54.59%,N/A
Sports (Legacy),Environmental Safety,United States,40,$15.35  ~ $15.35 ,$29.24 ,N/A,0.05%,73.11%,N/A
Sports (Legacy),Birdwatching,United States,10,$18.91  ~ $18.91 ,N/A,N/A,N/A,83.58%,N/A
Sports (Legacy),Advertising,United States,"2,676",$15.51  ~ $16.66 ,$21.68 ,N/A,0.07%,68.51%,N/A
Sports (Legacy),Advertising,Canada,"2,017",$7.05  ~ $15.59 ,$56.67 ,N/A,0.03%,78.47%,N/A
Sports (Legacy),Exercise,United States,46,$15.57  ~ $20.55 ,"$1,407.68 ",N/A,0.00%,69.78%,N/A
Sports (Legacy),Arts & Crafts,United States,128,$15.65  ~ $15.65 ,$342.73 ,N/A,0.00%,73.29%,N/A
Sports (Legacy),Clothing,United States,532,$8.74  ~ $19.02 ,$71.00 ,N/A,0.03%,56.97%,N/A
Sports (Legacy),Clothing,Canada,170,$16.26  ~ $18.30 ,$33.78 ,N/A,0.05%,77.06%,N/A
Sports (Legacy),Investing,United States,313,$18.36  ~ $19.67 ,$47.48 ,N/A,0.04%,43.56%,N/A
Sports (Legacy),Network Security,United States,12,$13.42  ~ $13.42 ,$54.11 ,N/A,0.02%,84.46%,N/A
Sports (Legacy),Mutual Funds,United States,"26,953",$14.59  ~ $17.21 ,$19.11 ,N/A,0.09%,50.26%,N/A
Sports (Legacy),Business Software,United States,"15,689",$11.35  ~ $12.01 ,$152.11 ,N/A,0.01%,69.08%,N/A
Sports (Legacy),Business Software,Canada,812,$14.91  ~ $15.00 ,$54.89 ,N/A,0.03%,68.38%,N/A
Sports (Legacy),Insurance,United States,"6,404",$31.08  ~ $34.06 ,$43.26 ,N/A,0.07%,61.99%,N/A
Sports (Legacy),Insurance,Canada,724,$15.16  ~ $17.40 ,$41.23 ,N/A,0.04%,77.01%,N/A
Sports (Legacy),Careers,Canada,11,$11.45  ~ $11.45 ,N/A,N/A,N/A,82.91%,N/A
Sports (Legacy),Careers,United States,164,$26.10  ~ $26.22 ,$666.11 ,N/A,0.00%,60.39%,N/A
Sports (Legacy),Pets,United States,"8,972",$21.11  ~ $48.70 ,$426.76 ,N/A,0.00%,81.52%,N/A
Sports (Legacy),Fine Art,United States,24,$11.05  ~ $13.77 ,$33.38 ,N/A,0.03%,80.41%,N/A
Sports (Legacy),Fine Art,Canada,7,$19.97  ~ $24.29 ,$49.02 ,N/A,0.04%,59.75%,N/A
Sports (Legacy),Sexuality,United States,3,$11.01  ~ $26.87 ,N/A,N/A,N/A,69.19%,N/A
Sports (Legacy),Nutrition,Canada,144,$4.65  ~ $4.65 ,$24.61 ,N/A,0.02%,74.19%,N/A
Sports (Legacy),Psychology/Psychiatry,United States,"7,133",$19.91  ~ $21.92 ,$64.42 ,N/A,0.03%,61.85%,N/A
Sports (Legacy),Coffee/Tea,United States,"39,343",$13.53  ~ $13.53 ,$193.60 ,N/A,0.01%,68.77%,N/A
Sports (Legacy),Weight Loss,United States,"1,920",$12.47  ~ $18.32 ,$109.66 ,N/A,0.02%,86.34%,N/A
Sports (Legacy),Martial Arts,United States,13,$17.04  ~ $17.04 ,N/A,N/A,N/A,46.70%,N/A
Sports (Legacy),Hotels,United States,"4,200",$18.98  ~ $19.16 ,$93.68 ,N/A,0.02%,83.21%,N/A
Sports (Legacy),Air Travel,United States,4,$18.34  ~ $25.21 ,$219.68 ,N/A,0.01%,42.87%,N/A
Sports (Legacy),Auto Parts,United States,92,$7.40  ~ $7.42 ,$214.99 ,N/A,0.00%,76.55%,N/A
Sports (Legacy),News,Canada,997,$18.14  ~ $43.01 ,$319.84 ,N/A,0.01%,59.31%,N/A
Sports (Legacy),News,United States,"10,959",$18.31  ~ $18.82 ,$68.50 ,N/A,0.03%,68.61%,N/A
Sports (Legacy),Personal Finance,United States,"15,706",$16.06  ~ $16.45 ,$23.39 ,N/A,0.07%,57.16%,N/A
Sports (Legacy),Personal Finance,Canada,1,$17.90  ~ $38.55 ,$20.80 ,N/A,0.09%,80.11%,N/A
Sports (Legacy),Cruises,United States,"57,628",$4.39  ~ $16.59 ,$109.00 ,N/A,0.00%,82.43%,N/A
Sports (Legacy),Cruises,Canada,37,$13.01  ~ $15.11 ,$9.73 ,N/A,0.16%,58.51%,N/A
Sports (Legacy),Home & Garden,United States,"104,224",$6.49  ~ $7.54 ,$12.28 ,N/A,0.05%,66.35%,N/A
Sports (Legacy),Agriculture,United States,"1,672",$16.36  ~ $16.78 ,$479.96 ,N/A,0.00%,80.06%,N/A
Sports (Legacy),Agriculture,Canada,10,$16.75  ~ $18.59 ,$120.13 ,N/A,0.02%,72.65%,N/A
Sports (Legacy),Credit/Debt & Loans,United States,"1,890",$19.96  ~ $21.74 ,$112.99 ,N/A,0.02%,73.23%,N/A
Sports (Legacy),Credit/Debt & Loans,Canada,430,$7.76  ~ $7.76 ,$37.43 ,N/A,0.02%,89.29%,N/A
Sports (Legacy),Career Planning,United States,"6,150",$19.43  ~ $20.31 ,$248.57 ,N/A,0.01%,69.21%,N/A
Sports (Legacy),Hobbies & Interests,United States,"10,545",$13.42  ~ $16.82 ,$282.03 ,N/A,0.00%,56.95%,N/A
Sports (Legacy),Pro Basketball,United States,"1,572",$16.88  ~ $16.88 ,$25.36 ,N/A,0.07%,68.72%,N/A
Sports (Legacy),Human Resources,United States,"10,738",$18.15  ~ $18.26 ,$52.92 ,N/A,0.03%,64.40%,N/A
Sports (Legacy),Human Resources,Canada,"3,107",$15.23  ~ $15.39 ,$289.36 ,N/A,0.01%,68.79%,N/A
Sports (Legacy),Theme Parks,United States,"2,038",$23.75  ~ $23.75 ,$269.77 ,N/A,0.01%,58.39%,N/A
Sports (Legacy),Auto Repair,United States,"1,454",$13.60  ~ $13.60 ,$18.60 ,N/A,0.07%,66.02%,N/A
Sports (Legacy),Food & Drink,United States,"7,566",$15.20  ~ $18.27 ,$308.94 ,N/A,0.01%,69.27%,N/A
Sports (Legacy),Food & Drink,Canada,"2,922",$7.75  ~ $18.79 ,$28.39 ,N/A,0.03%,82.97%,N/A
Sports (Legacy),By US Locale,United States,82,$21.88  ~ $51.19 ,N/A,N/A,N/A,87.35%,N/A
Sports (Legacy),Arts & Entertainment,United States,"5,757",$17.31  ~ $18.94 ,$129.17 ,N/A,0.01%,75.69%,N/A
Sports (Legacy),Arts & Entertainment,Canada,19,$11.22  ~ $26.16 ,N/A,N/A,N/A,74.10%,N/A
Sports (Legacy),Adult Education,United States,"5,932",$10.92  ~ $11.74 ,$171.60 ,N/A,0.01%,81.33%,N/A
Sports (Legacy),Biotech/Biomedical,United States,"17,645",$25.27  ~ $26.52 ,$146.59 ,N/A,0.02%,66.63%,N/A
Sports (Legacy),Card Games,United States,"6,650",$19.32  ~ $19.79 ,$72.47 ,N/A,0.03%,79.64%,N/A
Sports (Legacy),Card Games,Canada,386,$14.10  ~ $16.69 ,$30.08 ,N/A,0.06%,68.90%,N/A
Sports (Legacy),Dogs,United States,"8,654",$23.79  ~ $25.97 ,$754.79 ,N/A,0.00%,66.21%,N/A
Sports (Legacy),Dogs,Canada,"1,206",$11.74  ~ $28.81 ,$55.85 ,N/A,0.02%,85.11%,N/A
Sports (Legacy),Apartments,United States,"1,116",$15.62  ~ $20.90 ,N/A,N/A,N/A,85.75%,N/A
Sports (Legacy),College,United States,"2,432",$14.60  ~ $17.51 ,$93.57 ,N/A,0.02%,73.41%,N/A
Sports (Legacy),Honeymoons/Getaways,United States,"4,321",$15.90  ~ $18.35 ,$38.97 ,N/A,0.05%,71.11%,N/A
Sports (Legacy),Computer Peripherals,United States,184,$28.94  ~ $29.31 ,$649.30 ,N/A,0.00%,56.21%,N/A
Sports (Legacy),Legal Issues,United States,"34,405",$17.21  ~ $17.22 ,$90.39 ,N/A,0.02%,61.95%,N/A
Sports (Legacy),Legal Issues,Canada,"5,338",$18.70  ~ $19.47 ,$82.65 ,N/A,0.02%,78.07%,N/A
Sports (Legacy),Hunting/Shooting,United States,502,$17.77  ~ $17.77 ,N/A,N/A,N/A,89.03%,N/A
Sports (Legacy),Bed & Breakfasts,United States,"12,888",$17.88  ~ $17.88 ,$171.03 ,N/A,0.01%,84.49%,N/A
Sports (Legacy),Interior Decorating,United States,703,$13.13  ~ $13.37 ,$33.46 ,N/A,0.04%,61.42%,N/A
Sports (Legacy),Interior Decorating,Canada,81,$11.92  ~ $13.37 ,$30.04 ,N/A,0.04%,78.62%,N/A
Sports (Legacy),Dining Out,United States,"5,830",$9.90  ~ $14.66 ,$124.68 ,N/A,0.01%,72.84%,N/A
Sports (Legacy),Off-Road Vehicles,United States,97,$18.66  ~ $18.66 ,N/A,N/A,N/A,59.45%,N/A
Sports (Legacy),Off-Road Vehicles,Canada,182,$11.90  ~ $11.90 ,$50.90 ,N/A,0.02%,69.93%,N/A
Sports (Legacy),Government,United States,91,$27.38  ~ $27.38 ,N/A,N/A,N/A,59.25%,N/A
Sports (Legacy),Accessories,United States,248,$19.20  ~ $24.16 ,$38.36 ,N/A,0.06%,81.88%,N/A
Sports (Legacy),Green Solutions,United States,"4,200",$24.45  ~ $24.72 ,$50.41 ,N/A,0.05%,54.66%,N/A
Sports (Legacy),Green Solutions,Canada,10,$18.40  ~ $18.40 ,N/A,N/A,N/A,44.55%,N/A
Sports (Legacy),Computer Networking,United States,35,$17.10  ~ $38.41 ,N/A,N/A,N/A,87.10%,N/A
Sports (Legacy),K-6 Educators,United States,51,$19.04  ~ $24.26 ,$125.43 ,N/A,0.02%,45.10%,N/A
Sports (Legacy),Health & Fitness,United States,"12,338",$15.05  ~ $17.91 ,$86.74 ,N/A,0.02%,61.03%,N/A
Sports (Legacy),Health & Fitness,Canada,"3,126",$20.01  ~ $20.46 ,$99.27 ,N/A,0.02%,71.37%,N/A
Sports (Legacy),Radio,United States,30,$5.24  ~ $5.24 ,N/A,N/A,N/A,92.46%,N/A
Sports (Legacy),Logistics,United States,"2,595",$18.05  ~ $19.83 ,$76.57 ,N/A,0.03%,61.93%,N/A
Sports (Legacy),Logistics,Canada,"1,359",$4.56  ~ $7.81 ,$33.53 ,N/A,0.02%,79.22%,N/A
Sports (Legacy),Job Search,United States,"1,679",$13.04  ~ $13.41 ,$180.77 ,N/A,0.01%,77.43%,N/A
Sports (Legacy),Retirement Planning,United States,"5,369",$16.64  ~ $26.18 ,$337.99 ,N/A,0.01%,89.21%,N/A
Sports (Legacy),Investors & Patents,United States,"1,864",$20.63  ~ $20.76 ,$260.50 ,N/A,0.01%,83.31%,N/A
Sports (Legacy),Investors & Patents,Canada,1,$16.13  ~ $33.67 ,N/A,N/A,N/A,82.47%,N/A
Sports (Legacy),Appliances,United States,204,$15.10  ~ $18.84 ,N/A,N/A,N/A,77.05%,N/A
Sports (Legacy),Real Estate,United States,"2,220",$15.65  ~ $16.67 ,$103.11 ,N/A,0.02%,52.00%,N/A
Sports (Legacy),Real Estate,Canada,19,$18.41  ~ $37.88 ,N/A,N/A,N/A,39.26%,N/A
Sports (Legacy),Family & Parenting,United States,"3,089",$14.26  ~ $15.36 ,$83.56 ,N/A,0.02%,72.01%,N/A
Sports (Legacy),Technology & Computing,United States,353,$25.61  ~ $27.40 ,$196.29 ,N/A,0.01%,56.97%,N/A
Sports (Legacy),Politics,United States,"91,517",$16.14  ~ $16.53 ,$58.09 ,N/A,0.03%,57.70%,N/A
Sports (Legacy),Cigars,United States,17,$13.84  ~ $14.09 ,$86.42 ,N/A,0.02%,65.25%,N/A
Sports (Legacy),Metals,United States,"21,483",$10.45  ~ $12.92 ,$160.48 ,N/A,0.01%,72.86%,N/A
Sports (Legacy),Metals,Canada,530,$12.68  ~ $14.21 ,$34.59 ,N/A,0.04%,71.45%,N/A
Sports (Legacy),Incest/Abuse Support,United States,"19,566",$13.52  ~ $20.29 ,$182.24 ,N/A,0.01%,54.92%,N/A
Sports (Legacy),Construction,United States,135,$18.65  ~ $18.72 ,$190.15 ,N/A,0.01%,58.60%,N/A
Sports (Legacy),Football,United States,123,$8.10  ~ $8.10 ,$45.87 ,N/A,0.02%,56.07%,N/A
Sports (Legacy),Cold & Flu,United States,"1,635",$12.71  ~ $16.29 ,$43.02 ,N/A,0.03%,58.29%,N/A
Sports (Legacy),Pediatrics,United States,617,$18.49  ~ $19.00 ,$50.60 ,N/A,0.04%,72.73%,N/A
Sports (Legacy),Canada,Canada,62,$12.73  ~ $12.73 ,$12.81 ,N/A,0.10%,70.84%,N/A
Sports (Legacy),Automotive,United States,"7,427",$15.91  ~ $18.25 ,$634.86 ,N/A,0.00%,71.15%,N/A
Sports (Legacy),Automotive,Canada,1,$19.91  ~ $19.91 ,N/A,N/A,N/A,68.22%,N/A
Sports (Legacy),Senior Living,United States,"11,846",$6.34  ~ $7.19 ,$86.75 ,N/A,0.01%,74.20%,N/A
Sports (Legacy),Dining Out,Canada,1,$0.00  ~ $0.00 ,N/A,N/A,N/A,N/A,N/A
Sports (Legacy),Art/Technology,United States,1,$0.00  ~ $0.00 ,N/A,N/A,N/A,N/A,N/A
Sports (Legacy),Jewelry,United States,2,$0.00  ~ $0.00 ,N/A,N/A,N/A,N/A,N/A
Sports (Legacy),Cameras & Camcorders,United States,6,$0.00  ~ $0.00 ,N/A,N/A,N/A,N/A,N/A
Style & Fashion (Legacy),Remodeling & Construction,United States,341,$18.99  ~ $19.44 ,$101.34 ,N/A,0.02%,83.81%,N/A
Style & Fashion (Legacy),Home Repair,United States,355,$15.56  ~ $19.60 ,$244.10 ,N/A,0.01%,81.85%,N/A
Style & Fashion (Legacy),Home Repair,Canada,111,$9.18  ~ $9.33 ,$24.99 ,N/A,0.04%,80.54%,N/A
Style & Fashion (Legacy),Cold & Flu,United States,130,$11.12  ~ $12.45 ,$21.02 ,N/A,0.05%,75.03%,N/A
Style & Fashion (Legacy),Computer Networking,United States,4,$19.74  ~ $42.91 ,N/A,N/A,N/A,89.23%,N/A
Style & Fashion (Legacy),Dining Out,United States,385,$14.26  ~ $16.21 ,$57.13 ,N/A,0.03%,83.89%,N/A
Style & Fashion (Legacy),Hunting/Shooting,United States,15,$18.33  ~ $18.33 ,N/A,N/A,N/A,93.37%,N/A
Style & Fashion (Legacy),Landscaping,United States,2,$34.06  ~ $34.06 ,$9.30 ,N/A,0.37%,51.82%,N/A
Style & Fashion (Legacy),Travel,United States,731,$17.48  ~ $17.59 ,$54.42 ,N/A,0.03%,80.43%,N/A
Style & Fashion (Legacy),Auto Repair,United States,18,$13.04  ~ $13.04 ,$33.26 ,N/A,0.04%,76.24%,N/A
Style & Fashion (Legacy),Health & Fitness,Canada,135,$18.40  ~ $19.42 ,$64.72 ,N/A,0.03%,71.62%,N/A
Style & Fashion (Legacy),Health & Fitness,United States,"1,271",$15.17  ~ $16.43 ,$16.59 ,N/A,0.10%,75.98%,N/A
Style & Fashion (Legacy),Senor Health,United States,77,$11.97  ~ $12.61 ,$30.76 ,N/A,0.04%,73.09%,N/A
Style & Fashion (Legacy),Construction,United States,9,$18.64  ~ $18.83 ,N/A,N/A,N/A,83.84%,N/A
Style & Fashion (Legacy),Cigars,United States,25,$15.36  ~ $15.83 ,$28.08 ,N/A,0.05%,78.24%,N/A
Style & Fashion (Legacy),Arts & Entertainment,United States,104,$17.57  ~ $18.42 ,$22.97 ,N/A,0.08%,81.89%,N/A
Style & Fashion (Legacy),Arts & Entertainment,Canada,3,$9.48  ~ $21.08 ,N/A,N/A,N/A,80.49%,N/A
Style & Fashion (Legacy),Computer Peripherals,United States,17,$27.09  ~ $28.67 ,N/A,N/A,N/A,68.45%,N/A
Style & Fashion (Legacy),Hobbies & Interests,United States,220,$14.57  ~ $16.86 ,$121.27 ,N/A,0.01%,83.33%,N/A
Style & Fashion (Legacy),Buying/Selling Cars,United States,411,$23.59  ~ $23.71 ,$115.20 ,N/A,0.02%,82.84%,N/A
Style & Fashion (Legacy),Buying/Selling Cars,Canada,5,$18.87  ~ $19.68 ,$121.44 ,N/A,0.02%,77.87%,N/A
Style & Fashion (Legacy),Buying/Selling Homes,United States,116,$20.60  ~ $21.30 ,$3.51 ,N/A,0.59%,77.45%,N/A
Style & Fashion (Legacy),Honeymoons/Getaways,United States,435,$15.68  ~ $20.35 ,$54.64 ,N/A,0.04%,74.45%,N/A
Style & Fashion (Legacy),Mutual Funds,United States,"1,493",$13.99  ~ $15.70 ,$12.11 ,N/A,0.13%,51.98%,N/A
Style & Fashion (Legacy),Exercise,United States,19,$16.30  ~ $20.98 ,N/A,N/A,N/A,87.87%,N/A
Style & Fashion (Legacy),Fine Art,United States,2,$11.72  ~ $12.31 ,N/A,N/A,N/A,65.97%,N/A
Style & Fashion (Legacy),Music,United States,544,$13.71  ~ $13.76 ,$26.04 ,N/A,0.05%,78.52%,N/A
Style & Fashion (Legacy),Politics,United States,"12,413",$18.25  ~ $18.67 ,$40.50 ,N/A,0.05%,75.66%,N/A
Style & Fashion (Legacy),News,Canada,35,$18.57  ~ $38.71 ,$48.98 ,N/A,0.04%,88.05%,N/A
Style & Fashion (Legacy),News,United States,419,$15.18  ~ $17.73 ,$59.61 ,N/A,0.03%,79.94%,N/A
Style & Fashion (Legacy),Graduate School,United States,814,$15.65  ~ $16.11 ,$48.58 ,N/A,0.03%,72.75%,N/A
Style & Fashion (Legacy),Family & Parenting,United States,71,$13.60  ~ $15.05 ,$30.53 ,N/A,0.05%,83.95%,N/A
Style & Fashion (Legacy),Accessories,United States,18,$17.41  ~ $19.72 ,$105.87 ,N/A,0.02%,90.00%,N/A
Style & Fashion (Legacy),Pets,United States,242,$20.71  ~ $42.13 ,$99.85 ,N/A,0.02%,94.20%,N/A
Style & Fashion (Legacy),Pediatrics,United States,32,$17.75  ~ $20.06 ,N/A,N/A,N/A,73.47%,N/A
Style & Fashion (Legacy),Cocktails/Beer,United States,42,$6.95  ~ $9.79 ,$24.48 ,N/A,0.04%,76.92%,N/A
Style & Fashion (Legacy),Dental Care,United States,18,$5.92  ~ $12.47 ,N/A,N/A,N/A,50.66%,N/A
Style & Fashion (Legacy),Video & Computer Games,United States,253,$19.54  ~ $19.54 ,$44.51 ,N/A,0.04%,77.05%,N/A
Style & Fashion (Legacy),Nutrition,Canada,92,$6.57  ~ $6.57 ,$15.43 ,N/A,0.04%,76.66%,N/A
Style & Fashion (Legacy),Desserts & Baking,United States,14,$10.64  ~ $10.64 ,N/A,N/A,N/A,81.36%,N/A
Style & Fashion (Legacy),Health/Lowfat Cooking,United States,216,$18.20  ~ $18.22 ,$68.21 ,N/A,0.03%,75.04%,N/A
Style & Fashion (Legacy),Adult Education,United States,294,$10.94  ~ $14.73 ,$36.45 ,N/A,0.04%,75.95%,N/A
Style & Fashion (Legacy),Senior Living,United States,309,$5.46  ~ $6.16 ,$17.49 ,N/A,0.04%,79.53%,N/A
Style & Fashion (Legacy),Real Estate,United States,183,$15.41  ~ $16.96 ,$33.73 ,N/A,0.05%,62.46%,N/A
Style & Fashion (Legacy),Real Estate,Canada,2,$18.71  ~ $37.69 ,N/A,N/A,N/A,83.45%,N/A
Style & Fashion (Legacy),Bed & Breakfasts,United States,656,$17.66  ~ $17.66 ,$224.35 ,N/A,0.01%,89.12%,N/A
Style & Fashion (Legacy),Weight Loss,United States,205,$13.02  ~ $18.78 ,$75.71 ,N/A,0.02%,90.02%,N/A
Style & Fashion (Legacy),Agriculture,United States,55,$16.22  ~ $17.22 ,N/A,N/A,N/A,92.52%,N/A
Style & Fashion (Legacy),"Law, Gov't & Politics",United States,17,$30.98  ~ $46.40 ,$114.20 ,N/A,0.03%,74.98%,N/A
Style & Fashion (Legacy),Investing,United States,4,$19.14  ~ $19.84 ,N/A,N/A,N/A,46.37%,N/A
Style & Fashion (Legacy),Personal Finance,United States,814,$15.76  ~ $16.12 ,$15.16 ,N/A,0.10%,64.30%,N/A
Style & Fashion (Legacy),Personal Finance,Canada,1,$19.27  ~ $45.10 ,$31.33 ,N/A,0.06%,82.87%,N/A
Style & Fashion (Legacy),Hotels,United States,221,$19.08  ~ $19.32 ,N/A,N/A,N/A,87.37%,N/A
Style & Fashion (Legacy),Gardening,United States,"5,463",$6.42  ~ $6.53 ,$27.80 ,N/A,0.02%,83.26%,N/A
Style & Fashion (Legacy),Books & Literature,United States,4,$19.77  ~ $42.08 ,N/A,N/A,N/A,94.68%,N/A
Style & Fashion (Legacy),Retirement Planning,United States,57,$17.14  ~ $27.03 ,$52.62 ,N/A,0.05%,85.22%,N/A
Style & Fashion (Legacy),Business,United States,836,$11.08  ~ $17.34 ,$47.35 ,N/A,0.02%,83.99%,N/A
Style & Fashion (Legacy),Business,Canada,24,$3.32  ~ $3.46 ,$8.52 ,N/A,0.04%,82.70%,N/A
Style & Fashion (Legacy),Radio,United States,39,$5.36  ~ $5.36 ,N/A,N/A,N/A,86.78%,N/A
Style & Fashion (Legacy),Education,United States,326,$13.45  ~ $15.39 ,$103.37 ,N/A,0.01%,81.80%,N/A
Style & Fashion (Legacy),Contests & Freebies,United States,35,$21.06  ~ $21.06 ,$26.37 ,N/A,0.08%,87.37%,N/A
Style & Fashion (Legacy),Green Solutions,United States,333,$24.42  ~ $25.06 ,$92.84 ,N/A,0.03%,69.15%,N/A
Style & Fashion (Legacy),Green Solutions,Canada,3,$18.73  ~ $18.73 ,N/A,N/A,N/A,69.14%,N/A
Style & Fashion (Legacy),Alternative Medicine,United States,169,$16.95  ~ $19.17 ,$48.18 ,N/A,0.04%,62.31%,N/A
Style & Fashion (Legacy),Football,United States,17,$13.16  ~ $13.16 ,$66.26 ,N/A,0.02%,78.52%,N/A
Style & Fashion (Legacy),Technology & Computing,United States,27,$28.25  ~ $35.41 ,$23.33 ,N/A,0.12%,60.60%,N/A
Style & Fashion (Legacy),Canada,Canada,2,$11.93  ~ $11.93 ,$11.27 ,N/A,0.11%,83.62%,N/A
Style & Fashion (Legacy),Pro Basketball,United States,28,$18.13  ~ $18.13 ,$19.21 ,N/A,0.09%,68.13%,N/A
Style & Fashion (Legacy),Investors & Patents,United States,277,$20.19  ~ $20.32 ,$53.78 ,N/A,0.04%,81.00%,N/A
Style & Fashion (Legacy),Psychology/Psychiatry,United States,970,$19.66  ~ $19.96 ,$43.39 ,N/A,0.05%,75.83%,N/A
Style & Fashion (Legacy),Arts & Crafts,United States,151,$19.53  ~ $19.53 ,$13.67 ,N/A,0.14%,79.59%,N/A
Style & Fashion (Legacy),Metals,United States,346,$13.89  ~ $17.18 ,$81.02 ,N/A,0.02%,82.77%,N/A
Style & Fashion (Legacy),Metals,Canada,14,$15.34  ~ $16.24 ,N/A,N/A,N/A,80.30%,N/A
Style & Fashion (Legacy),Couponing,United States,1,$10.55  ~ $19.39 ,$15.79 ,N/A,0.12%,79.72%,N/A
Style & Fashion (Legacy),Appliances,United States,26,$15.01  ~ $16.33 ,N/A,N/A,N/A,93.49%,N/A
Style & Fashion (Legacy),Shopping,United States,"2,083",$14.04  ~ $14.36 ,$55.04 ,N/A,0.03%,82.99%,N/A
Style & Fashion (Legacy),Cruises,United States,966,$4.42  ~ $17.38 ,$49.70 ,N/A,0.01%,84.43%,N/A
Style & Fashion (Legacy),Cruises,Canada,1,$13.03  ~ $14.56 ,$4.66 ,N/A,0.31%,71.82%,N/A
Style & Fashion (Legacy),Card Games,United States,"1,183",$21.14  ~ $21.28 ,$54.17 ,N/A,0.04%,86.33%,N/A
Style & Fashion (Legacy),Card Games,Canada,15,$13.81  ~ $16.57 ,$29.72 ,N/A,0.06%,81.58%,N/A
Style & Fashion (Legacy),Career Planning,United States,261,$17.01  ~ $19.42 ,$108.99 ,N/A,0.02%,72.34%,N/A
Style & Fashion (Legacy),Birdwatching,United States,3,$18.91  ~ $18.91 ,N/A,N/A,N/A,93.36%,N/A
Style & Fashion (Legacy),Auto Parts,United States,53,$6.88  ~ $7.26 ,$4.65 ,N/A,0.15%,89.07%,N/A
Style & Fashion (Legacy),Incest/Abuse Support,United States,575,$14.83  ~ $22.29 ,$40.44 ,N/A,0.04%,76.52%,N/A
Style & Fashion (Legacy),Careers,United States,45,$19.87  ~ $20.03 ,N/A,N/A,N/A,85.41%,N/A
Style & Fashion (Legacy),Careers,Canada,1,$7.02  ~ $11.90 ,$38.45 ,N/A,0.02%,86.28%,N/A
Style & Fashion (Legacy),Cancer,United States,47,$15.44  ~ $18.22 ,$33.30 ,N/A,0.05%,83.50%,N/A
Style & Fashion (Legacy),Biotech/Biomedical,United States,519,$26.33  ~ $26.43 ,$24.81 ,N/A,0.11%,76.11%,N/A
Style & Fashion (Legacy),Job Search,United States,134,$12.76  ~ $12.95 ,N/A,N/A,N/A,90.77%,N/A
Style & Fashion (Legacy),Automotive,United States,"1,163",$14.23  ~ $17.57 ,$45.04 ,N/A,0.03%,78.52%,N/A
Style & Fashion (Legacy),Business Software,United States,859,$19.19  ~ $19.35 ,$63.45 ,N/A,0.03%,81.90%,N/A
Style & Fashion (Legacy),Business Software,Canada,30,$14.23  ~ $19.83 ,N/A,N/A,N/A,88.10%,N/A
Style & Fashion (Legacy),Interior Decorating,United States,"1,706",$10.57  ~ $14.19 ,$21.82 ,N/A,0.05%,71.82%,N/A
Style & Fashion (Legacy),Interior Decorating,Canada,15,$11.75  ~ $13.60 ,$22.56 ,N/A,0.05%,84.41%,N/A
Style & Fashion (Legacy),Legal Issues,United States,"4,855",$17.00  ~ $17.47 ,$54.06 ,N/A,0.03%,76.00%,N/A
Style & Fashion (Legacy),Legal Issues,Canada,381,$16.08  ~ $17.12 ,$110.15 ,N/A,0.01%,86.26%,N/A
Style & Fashion (Legacy),Advertising,Canada,19,$6.67  ~ $15.12 ,$53.63 ,N/A,0.03%,82.72%,N/A
Style & Fashion (Legacy),Advertising,United States,483,$16.36  ~ $16.39 ,$34.52 ,N/A,0.05%,74.20%,N/A
Style & Fashion (Legacy),Food & Drink,United States,143,$20.07  ~ $20.70 ,$169.67 ,N/A,0.01%,88.53%,N/A
Style & Fashion (Legacy),Food & Drink,Canada,66,$7.79  ~ $17.67 ,$21.03 ,N/A,0.04%,85.52%,N/A
Style & Fashion (Legacy),K-6 Educators,United States,6,$19.40  ~ $22.54 ,N/A,N/A,N/A,70.13%,N/A
Style & Fashion (Legacy),Veterinary Medicine,United States,27,$18.58  ~ $18.62 ,N/A,N/A,N/A,91.77%,N/A
Style & Fashion (Legacy),Dogs,United States,291,$15.20  ~ $24.36 ,N/A,N/A,N/A,89.52%,N/A
Style & Fashion (Legacy),Dogs,Canada,41,$11.75  ~ $24.63 ,$17.25 ,N/A,0.07%,86.54%,N/A
Style & Fashion (Legacy),Insurance,United States,"3,835",$27.96  ~ $29.92 ,$30.01 ,N/A,0.09%,69.81%,N/A
Style & Fashion (Legacy),Insurance,Canada,10,$15.22  ~ $17.43 ,$44.29 ,N/A,0.04%,84.43%,N/A
Style & Fashion (Legacy),Home & Garden,United States,"9,339",$6.24  ~ $8.43 ,$13.83 ,N/A,0.05%,68.76%,N/A
Style & Fashion (Legacy),Logistics,Canada,134,$4.08  ~ $6.96 ,$22.01 ,N/A,0.03%,81.94%,N/A
Style & Fashion (Legacy),Logistics,United States,111,$19.50  ~ $21.59 ,$37.32 ,N/A,0.06%,78.40%,N/A
Style & Fashion (Legacy),Apartments,United States,8,$21.43  ~ $46.56 ,N/A,N/A,N/A,97.62%,N/A
Style & Fashion (Legacy),Clothing,United States,140,$8.99  ~ $29.26 ,$41.74 ,N/A,0.07%,15.90%,N/A
Style & Fashion (Legacy),Clothing,Canada,61,$28.74  ~ $30.58 ,$33.52 ,N/A,0.09%,27.63%,N/A
Style & Fashion (Legacy),College,United States,219,$14.20  ~ $14.74 ,$57.49 ,N/A,0.02%,82.91%,N/A
Style & Fashion (Legacy),Martial Arts,United States,3,$18.22  ~ $18.22 ,$6.72 ,N/A,0.27%,43.30%,N/A
Style & Fashion (Legacy),Environmental Safety,United States,65,$15.17  ~ $15.17 ,$24.46 ,N/A,0.06%,77.88%,N/A
Style & Fashion (Legacy),Coffee/Tea,United States,568,$13.72  ~ $13.72 ,$123.21 ,N/A,0.01%,88.78%,N/A
Style & Fashion (Legacy),Internet Technology,United States,9,$9.07  ~ $9.27 ,N/A,N/A,N/A,58.59%,N/A
Style & Fashion (Legacy),Human Resources,United States,547,$25.48  ~ $26.03 ,$41.05 ,N/A,0.06%,75.21%,N/A
Style & Fashion (Legacy),Human Resources,Canada,90,$13.51  ~ $15.03 ,N/A,N/A,N/A,82.56%,N/A
Style & Fashion (Legacy),Credit/Debt & Loans,United States,97,$18.73  ~ $21.93 ,$29.78 ,N/A,0.07%,85.27%,N/A
Style & Fashion (Legacy),Credit/Debt & Loans,Canada,33,$7.64  ~ $7.64 ,N/A,N/A,N/A,90.48%,N/A
Style & Fashion (Legacy),Theme Parks,United States,29,$25.77  ~ $25.77 ,$47.13 ,N/A,0.05%,86.80%,N/A
Style & Fashion (Legacy),Art/Technology,United States,5,$0.00  ~ $0.00 ,N/A,N/A,N/A,N/A,N/A
Style & Fashion (Legacy),Jewelry,United States,5,$0.00  ~ $0.00 ,N/A,N/A,N/A,N/A,N/A
Technology & Computing (Legacy),Hotels,United States,382,$18.41  ~ $18.51 ,$186.72 ,N/A,0.01%,86.24%,N/A
Technology & Computing (Legacy),Metals,United States,"1,189",$10.85  ~ $12.45 ,$144.42 ,N/A,0.01%,74.27%,N/A
Technology & Computing (Legacy),Metals,Canada,31,$12.33  ~ $12.87 ,$28.19 ,N/A,0.05%,69.97%,N/A
Technology & Computing (Legacy),Card Games,United States,"1,746",$19.67  ~ $20.43 ,$97.25 ,N/A,0.02%,79.60%,N/A
Technology & Computing (Legacy),Card Games,Canada,86,$13.84  ~ $16.56 ,$28.40 ,N/A,0.06%,69.07%,N/A
Technology & Computing (Legacy),Cold & Flu,United States,331,$13.01  ~ $16.83 ,$52.59 ,N/A,0.02%,57.43%,N/A
Technology & Computing (Legacy),Education,United States,998,$13.02  ~ $14.85 ,$148.55 ,N/A,0.01%,69.96%,N/A
Technology & Computing (Legacy),Dining Out,United States,583,$9.12  ~ $14.66 ,$119.83 ,N/A,0.01%,75.70%,N/A
Technology & Computing (Legacy),Job Search,United States,169,$13.13  ~ $13.69 ,$274.83 ,N/A,0.00%,76.50%,N/A
Technology & Computing (Legacy),Bed & Breakfasts,United States,"1,936",$17.50  ~ $17.50 ,$212.52 ,N/A,0.01%,91.48%,N/A
Technology & Computing (Legacy),Home Repair,United States,684,$12.80  ~ $21.42 ,$67.88 ,N/A,0.02%,74.81%,N/A
Technology & Computing (Legacy),Home Repair,Canada,213,$8.52  ~ $8.63 ,$31.56 ,N/A,0.03%,82.15%,N/A
Technology & Computing (Legacy),Music,United States,490,$15.74  ~ $15.77 ,$301.76 ,N/A,0.01%,37.48%,N/A
Technology & Computing (Legacy),Career Planning,United States,343,$18.22  ~ $19.61 ,$97.30 ,N/A,0.02%,75.29%,N/A
Technology & Computing (Legacy),Arts & Entertainment,United States,260,$15.77  ~ $17.06 ,$17.79 ,N/A,0.09%,78.50%,N/A
Technology & Computing (Legacy),Arts & Entertainment,Canada,3,$11.37  ~ $27.71 ,$35.48 ,N/A,0.03%,76.69%,N/A
Technology & Computing (Legacy),Buying/Selling Cars,Canada,18,$16.27  ~ $18.29 ,$86.34 ,N/A,0.02%,73.62%,N/A
Technology & Computing (Legacy),Buying/Selling Cars,United States,"1,983",$21.99  ~ $22.03 ,$209.71 ,N/A,0.01%,65.50%,N/A
Technology & Computing (Legacy),Graduate School,United States,"3,894",$15.00  ~ $15.48 ,$69.69 ,N/A,0.02%,66.54%,N/A
Technology & Computing (Legacy),Alternative Medicine,United States,143,$12.45  ~ $17.26 ,$114.26 ,N/A,0.02%,71.47%,N/A
Technology & Computing (Legacy),Automotive,Canada,6,$19.52  ~ $19.52 ,N/A,N/A,N/A,77.75%,N/A
Technology & Computing (Legacy),Automotive,United States,"3,479",$15.61  ~ $18.10 ,$299.71 ,N/A,0.01%,72.89%,N/A
Technology & Computing (Legacy),Retirement Planning,United States,186,$15.90  ~ $23.47 ,$219.80 ,N/A,0.01%,88.53%,N/A
Technology & Computing (Legacy),Landscaping,United States,3,$34.46  ~ $34.46 ,N/A,N/A,N/A,59.26%,N/A
Technology & Computing (Legacy),News,United States,829,$16.44  ~ $17.59 ,$223.93 ,N/A,0.01%,71.24%,N/A
Technology & Computing (Legacy),News,Canada,56,$18.13  ~ $36.94 ,$963.31 ,N/A,0.00%,60.19%,N/A
Technology & Computing (Legacy),Computer Peripherals,United States,29,$28.39  ~ $29.32 ,$512.15 ,N/A,0.01%,57.88%,N/A
Technology & Computing (Legacy),Coffee/Tea,United States,"1,460",$12.94  ~ $12.94 ,$180.07 ,N/A,0.01%,79.12%,N/A
Technology & Computing (Legacy),Off-Road Vehicles,Canada,18,$12.04  ~ $12.04 ,N/A,N/A,N/A,74.54%,N/A
Technology & Computing (Legacy),Off-Road Vehicles,United States,12,$18.70  ~ $18.70 ,N/A,N/A,N/A,64.31%,N/A
Technology & Computing (Legacy),Biotech/Biomedical,United States,"1,743",$24.46  ~ $25.97 ,$252.87 ,N/A,0.01%,70.70%,N/A
Technology & Computing (Legacy),Home & Garden,United States,"11,531",$6.87  ~ $8.80 ,$17.03 ,N/A,0.04%,71.29%,N/A
Technology & Computing (Legacy),Internet Technology,United States,10,$13.26  ~ $13.58 ,N/A,N/A,N/A,64.31%,N/A
Technology & Computing (Legacy),Cigars,United States,56,$13.73  ~ $13.85 ,N/A,N/A,N/A,65.87%,N/A
Technology & Computing (Legacy),Physical Therapy,United States,2,$19.15  ~ $19.15 ,N/A,N/A,N/A,69.16%,N/A
Technology & Computing (Legacy),Birdwatching,United States,8,$18.82  ~ $18.82 ,N/A,N/A,N/A,86.84%,N/A
Technology & Computing (Legacy),Food & Drink,United States,626,$16.12  ~ $18.57 ,$508.55 ,N/A,0.00%,69.59%,N/A
Technology & Computing (Legacy),Food & Drink,Canada,279,$7.75  ~ $18.12 ,$30.34 ,N/A,0.03%,85.03%,N/A
Technology & Computing (Legacy),Weddings,United States,3,$18.63  ~ $38.93 ,N/A,N/A,N/A,90.30%,N/A
Technology & Computing (Legacy),Cancer,United States,240,$17.18  ~ $19.30 ,$42.93 ,N/A,0.04%,70.40%,N/A
Technology & Computing (Legacy),Football,United States,72,$10.24  ~ $10.24 ,$74.53 ,N/A,0.01%,65.03%,N/A
Technology & Computing (Legacy),Green Solutions,United States,583,$23.04  ~ $23.20 ,$104.34 ,N/A,0.02%,52.17%,N/A
Technology & Computing (Legacy),Careers,United States,120,$26.80  ~ $26.91 ,$547.73 ,N/A,0.00%,60.16%,N/A
Technology & Computing (Legacy),Construction,United States,5,$18.71  ~ $18.76 ,N/A,N/A,N/A,64.39%,N/A
Technology & Computing (Legacy),College,United States,203,$13.48  ~ $16.52 ,$114.56 ,N/A,0.01%,72.66%,N/A
Technology & Computing (Legacy),Dogs,United States,873,$22.97  ~ $25.74 ,$801.41 ,N/A,0.00%,68.88%,N/A
Technology & Computing (Legacy),Dogs,Canada,57,$11.73  ~ $25.83 ,$45.77 ,N/A,0.03%,88.25%,N/A
Technology & Computing (Legacy),Computer Networking,United States,31,$16.22  ~ $33.37 ,$39.31 ,N/A,0.04%,90.52%,N/A
Technology & Computing (Legacy),Theme Parks,United States,151,$23.10  ~ $23.10 ,$257.46 ,N/A,0.01%,58.85%,N/A
Technology & Computing (Legacy),Politics,United States,"15,111",$15.40  ~ $15.84 ,$61.28 ,N/A,0.03%,55.90%,N/A
Technology & Computing (Legacy),Health/Lowfat Cooking,United States,460,$17.90  ~ $18.09 ,$47.50 ,N/A,0.04%,62.94%,N/A
Technology & Computing (Legacy),Couponing,United States,11,$10.34  ~ $16.63 ,$68.27 ,N/A,0.02%,69.12%,N/A
Technology & Computing (Legacy),Air Travel,United States,2,$19.27  ~ $22.73 ,$240.19 ,N/A,0.01%,53.40%,N/A
Technology & Computing (Legacy),Real Estate,United States,243,$16.01  ~ $16.89 ,$118.09 ,N/A,0.01%,48.87%,N/A
Technology & Computing (Legacy),Buying/Selling Homes,Canada,4,$18.61  ~ $18.61 ,N/A,N/A,N/A,83.05%,N/A
Technology & Computing (Legacy),Buying/Selling Homes,United States,559,$18.39  ~ $20.65 ,$22.09 ,N/A,0.08%,81.18%,N/A
Technology & Computing (Legacy),Business,United States,"1,504",$3.19  ~ $14.83 ,$132.86 ,N/A,0.00%,64.40%,N/A
Technology & Computing (Legacy),Business,Canada,240,$1.78  ~ $2.47 ,$136.87 ,N/A,0.00%,66.41%,N/A
Technology & Computing (Legacy),Business Software,United States,"1,540",$13.13  ~ $13.56 ,$146.49 ,N/A,0.01%,74.18%,N/A
Technology & Computing (Legacy),Business Software,Canada,62,$14.24  ~ $14.64 ,$166.36 ,N/A,0.01%,69.95%,N/A
Technology & Computing (Legacy),Veterinary Medicine,United States,68,$18.37  ~ $18.45 ,$124.80 ,N/A,0.01%,87.83%,N/A
Technology & Computing (Legacy),Auto Repair,United States,71,$13.58  ~ $13.58 ,$53.00 ,N/A,0.03%,65.18%,N/A
Technology & Computing (Legacy),Appliances,United States,84,$14.44  ~ $16.49 ,$25.38 ,N/A,0.06%,86.02%,N/A
Technology & Computing (Legacy),Pediatrics,United States,36,$16.99  ~ $18.34 ,$66.26 ,N/A,0.03%,67.29%,N/A
Technology & Computing (Legacy),Accessories,United States,15,$18.84  ~ $21.48 ,$138.14 ,N/A,0.02%,78.43%,N/A
Technology & Computing (Legacy),Catholicism,United States,1,$22.08  ~ $48.51 ,N/A,N/A,N/A,54.31%,N/A
Technology & Computing (Legacy),Sexuality,United States,2,$10.98  ~ $27.32 ,N/A,N/A,N/A,73.36%,N/A
Technology & Computing (Legacy),Auto Parts,United States,41,$6.94  ~ $7.39 ,$67.11 ,N/A,0.01%,78.59%,N/A
Technology & Computing (Legacy),Remodeling & Construction,United States,666,$18.90  ~ $19.03 ,$289.33 ,N/A,0.01%,66.25%,N/A
Technology & Computing (Legacy),Legal Issues,Canada,513,$17.31  ~ $18.51 ,$277.89 ,N/A,0.01%,77.53%,N/A
Technology & Computing (Legacy),Legal Issues,United States,"5,680",$16.66  ~ $16.93 ,$98.70 ,N/A,0.02%,65.33%,N/A
Technology & Computing (Legacy),Travel,United States,829,$14.32  ~ $15.05 ,$132.77 ,N/A,0.01%,72.89%,N/A
Technology & Computing (Legacy),Exercise,United States,74,$15.57  ~ $18.65 ,$733.17 ,N/A,0.00%,71.47%,N/A
Technology & Computing (Legacy),Pets,United States,637,$20.90  ~ $44.41 ,N/A,N/A,N/A,89.31%,N/A
Technology & Computing (Legacy),Human Resources,United States,656,$21.12  ~ $22.04 ,$273.27 ,N/A,0.01%,75.37%,N/A
Technology & Computing (Legacy),Human Resources,Canada,256,$14.50  ~ $14.59 ,$272.06 ,N/A,0.01%,69.67%,N/A
Technology & Computing (Legacy),Cruises,United States,"3,524",$6.50  ~ $16.12 ,$24.48 ,N/A,0.03%,77.79%,N/A
Technology & Computing (Legacy),Cruises,Canada,3,$13.09  ~ $14.26 ,$2.14 ,N/A,0.67%,73.83%,N/A
Technology & Computing (Legacy),Family & Parenting,United States,90,$13.82  ~ $14.85 ,$56.16 ,N/A,0.03%,70.42%,N/A
Technology & Computing (Legacy),Video & Computer Games,United States,"1,706",$19.72  ~ $19.72 ,$8.42 ,N/A,0.23%,72.61%,N/A
Technology & Computing (Legacy),Clothing,United States,208,$8.78  ~ $17.32 ,$79.88 ,N/A,0.02%,62.89%,N/A
Technology & Computing (Legacy),Clothing,Canada,50,$15.89  ~ $18.28 ,$42.39 ,N/A,0.04%,83.13%,N/A
Technology & Computing (Legacy),Weight Loss,United States,253,$12.00  ~ $18.42 ,$117.94 ,N/A,0.02%,90.79%,N/A
Technology & Computing (Legacy),Personal Finance,United States,"1,548",$16.75  ~ $16.88 ,$39.52 ,N/A,0.04%,63.15%,N/A
Technology & Computing (Legacy),Personal Finance,Canada,2,$19.20  ~ $46.26 ,$17.84 ,N/A,0.11%,80.67%,N/A
Technology & Computing (Legacy),Hobbies & Interests,United States,651,$11.72  ~ $16.52 ,$186.51 ,N/A,0.01%,58.89%,N/A
Technology & Computing (Legacy),"Law, Gov't & Politics",United States,77,$19.41  ~ $21.70 ,$187.95 ,N/A,0.01%,60.37%,N/A
Technology & Computing (Legacy),Network Security,United States,8,$12.48  ~ $12.48 ,$64.59 ,N/A,0.02%,89.35%,N/A
Technology & Computing (Legacy),Mutual Funds,United States,"2,524",$15.13  ~ $18.10 ,$26.73 ,N/A,0.07%,56.17%,N/A
Technology & Computing (Legacy),Advertising,United States,361,$14.40  ~ $15.34 ,$66.22 ,N/A,0.02%,77.02%,N/A
Technology & Computing (Legacy),Advertising,Canada,168,$6.78  ~ $14.13 ,N/A,N/A,N/A,83.29%,N/A
Technology & Computing (Legacy),Psychology/Psychiatry,United States,"1,202",$18.85  ~ $21.20 ,$92.21 ,N/A,0.02%,63.00%,N/A
Technology & Computing (Legacy),Insurance,Canada,62,$15.14  ~ $17.41 ,$183.00 ,N/A,0.01%,73.67%,N/A
Technology & Computing (Legacy),Insurance,United States,"1,918",$26.07  ~ $29.10 ,$43.96 ,N/A,0.06%,63.06%,N/A
Technology & Computing (Legacy),K-6 Educators,United States,14,$18.17  ~ $24.24 ,$661.92 ,N/A,0.00%,47.37%,N/A
Technology & Computing (Legacy),Contests & Freebies,United States,151,$21.05  ~ $21.05 ,$385.26 ,N/A,0.01%,73.06%,N/A
Technology & Computing (Legacy),Investing,United States,30,$19.15  ~ $19.52 ,$51.58 ,N/A,0.04%,37.95%,N/A
Technology & Computing (Legacy),By US Locale,United States,2,$21.74  ~ $51.92 ,N/A,N/A,N/A,98.48%,N/A
Technology & Computing (Legacy),Hunting/Shooting,United States,32,$16.98  ~ $16.98 ,N/A,N/A,N/A,93.80%,N/A
Technology & Computing (Legacy),Environmental Safety,United States,71,$14.79  ~ $14.79 ,$49.65 ,N/A,0.03%,87.76%,N/A
Technology & Computing (Legacy),Senior Living,United States,342,$7.25  ~ $7.74 ,$122.94 ,N/A,0.01%,77.25%,N/A
Technology & Computing (Legacy),Health & Fitness,Canada,231,$19.89  ~ $20.26 ,$300.69 ,N/A,0.01%,72.11%,N/A
Technology & Computing (Legacy),Health & Fitness,United States,"4,287",$13.83  ~ $17.35 ,$93.87 ,N/A,0.02%,66.12%,N/A
Technology & Computing (Legacy),Cocktails/Beer,United States,22,$10.41  ~ $12.42 ,$51.31 ,N/A,0.02%,75.87%,N/A
Technology & Computing (Legacy),Pro Basketball,United States,39,$18.72  ~ $18.72 ,$85.67 ,N/A,0.02%,65.18%,N/A
Technology & Computing (Legacy),Incest/Abuse Support,United States,"1,022",$13.19  ~ $20.10 ,$217.81 ,N/A,0.01%,53.42%,N/A
Technology & Computing (Legacy),Interior Decorating,United States,"1,180",$10.96  ~ $11.80 ,$26.88 ,N/A,0.04%,70.04%,N/A
Technology & Computing (Legacy),Interior Decorating,Canada,3,$12.27  ~ $13.19 ,$122.57 ,N/A,0.01%,77.76%,N/A
Technology & Computing (Legacy),Apartments,United States,27,$15.44  ~ $19.95 ,N/A,N/A,N/A,87.88%,N/A
Technology & Computing (Legacy),Agriculture,United States,112,$15.59  ~ $16.15 ,$443.47 ,N/A,0.00%,82.16%,N/A
Technology & Computing (Legacy),Technology & Computing,United States,10,$31.89  ~ $33.64 ,$256.92 ,N/A,0.01%,64.97%,N/A
Technology & Computing (Legacy),Credit/Debt & Loans,United States,187,$19.42  ~ $21.24 ,$250.57 ,N/A,0.01%,79.33%,N/A
Technology & Computing (Legacy),Fine Art,United States,2,$11.61  ~ $16.09 ,N/A,N/A,N/A,84.30%,N/A
Technology & Computing (Legacy),Fine Art,Canada,3,$18.54  ~ $24.02 ,$21.57 ,N/A,0.09%,71.82%,N/A
Technology & Computing (Legacy),Government,United States,3,$25.70  ~ $25.70 ,$102.86 ,N/A,0.02%,60.35%,N/A
Technology & Computing (Legacy),Adult Education,United States,443,$10.94  ~ $13.46 ,$360.35 ,N/A,0.00%,62.32%,N/A
Technology & Computing (Legacy),Honeymoons/Getaways,United States,242,$22.45  ~ $23.24 ,$31.88 ,N/A,0.07%,72.55%,N/A
Technology & Computing (Legacy),Investors & Patents,United States,352,$19.56  ~ $19.77 ,$184.49 ,N/A,0.01%,81.24%,N/A
Technology & Computing (Legacy),Dental Care,United States,1,$11.31  ~ $13.27 ,$74.69 ,N/A,0.02%,71.20%,N/A
Technology & Computing (Legacy),Martial Arts,United States,4,$20.86  ~ $20.86 ,$31.24 ,N/A,0.07%,63.51%,N/A
Technology & Computing (Legacy),Canada,Canada,20,$12.74  ~ $12.74 ,$22.18 ,N/A,0.06%,71.80%,N/A
Technology & Computing (Legacy),Shopping,United States,"2,486",$16.76  ~ $17.04 ,$45.28 ,N/A,0.04%,81.94%,N/A
Technology & Computing (Legacy),Logistics,United States,283,$16.51  ~ $18.51 ,$137.53 ,N/A,0.01%,64.42%,N/A
Technology & Computing (Legacy),Logistics,Canada,144,$3.51  ~ $6.20 ,$22.59 ,N/A,0.03%,81.16%,N/A
Technology & Computing (Legacy),Nutrition,Canada,164,$4.63  ~ $4.63 ,$29.52 ,N/A,0.02%,72.36%,N/A
Technology & Computing (Legacy),Desserts & Baking,United States,18,$10.60  ~ $10.60 ,$5.30 ,N/A,0.20%,85.29%,N/A
Technology & Computing (Legacy),Senor Health,United States,164,$12.01  ~ $12.54 ,$50.04 ,N/A,0.03%,72.49%,N/A
Technology & Computing (Legacy),Arts & Crafts,United States,112,$16.34  ~ $16.34 ,$234.66 ,N/A,0.01%,78.01%,N/A
Technology & Computing (Legacy),Gardening,United States,"8,410",$7.41  ~ $7.46 ,$14.31 ,N/A,0.05%,80.66%,N/A
Technology & Computing (Legacy),Gardening,Canada,7,$16.54  ~ $16.54 ,N/A,N/A,N/A,95.47%,N/A
Technology & Computing (Legacy),Cameras & Camcorders,United States,6,$0.00  ~ $0.00 ,N/A,N/A,N/A,N/A,N/A
Technology & Computing (Legacy),Motorcycles,United States,5,$0.00  ~ $0.00 ,N/A,N/A,N/A,N/A,N/A
Technology & Computing (Legacy),Jewelry,United States,2,$0.00  ~ $0.00 ,N/A,N/A,N/A,N/A,N/A
Travel (Legacy),Hotels,United States,96,$13.22  ~ $15.09 ,$86.07 ,N/A,0.02%,72.35%,N/A
Travel (Legacy),Careers,United States,28,$22.59  ~ $22.82 ,$40.02 ,N/A,0.06%,83.81%,N/A
Travel (Legacy),Home Repair,Canada,32,$9.42  ~ $9.80 ,$20.97 ,N/A,0.04%,79.56%,N/A
Travel (Legacy),Home Repair,United States,231,$15.18  ~ $20.70 ,$28.54 ,N/A,0.05%,76.88%,N/A
Travel (Legacy),K-6 Educators,United States,7,$19.62  ~ $19.65 ,$12.89 ,N/A,0.15%,63.84%,N/A
Travel (Legacy),Couponing,United States,3,$11.18  ~ $20.57 ,N/A,N/A,N/A,80.02%,N/A
Travel (Legacy),Politics,United States,"6,901",$22.46  ~ $22.47 ,$35.86 ,N/A,0.06%,65.92%,N/A
Travel (Legacy),News,Canada,4,$18.65  ~ $41.59 ,N/A,N/A,N/A,87.39%,N/A
Travel (Legacy),News,United States,310,$14.46  ~ $16.99 ,$61.50 ,N/A,0.03%,73.63%,N/A
Travel (Legacy),Pets,United States,126,$16.47  ~ $41.15 ,N/A,N/A,N/A,77.05%,N/A
Travel (Legacy),Human Resources,United States,270,$19.74  ~ $19.75 ,$43.72 ,N/A,0.05%,63.58%,N/A
Travel (Legacy),Human Resources,Canada,47,$12.80  ~ $13.25 ,$14.40 ,N/A,0.09%,76.28%,N/A
Travel (Legacy),Pro Basketball,United States,11,$17.65  ~ $17.65 ,$25.19 ,N/A,0.07%,63.65%,N/A
Travel (Legacy),Pediatrics,United States,33,$18.36  ~ $19.84 ,$51.53 ,N/A,0.04%,72.37%,N/A
Travel (Legacy),Metals,United States,247,$14.98  ~ $18.78 ,$39.09 ,N/A,0.05%,76.54%,N/A
Travel (Legacy),Metals,Canada,2,$13.79  ~ $15.93 ,$12.97 ,N/A,0.12%,66.53%,N/A
Travel (Legacy),Coffee/Tea,United States,321,$13.25  ~ $13.25 ,$184.06 ,N/A,0.01%,74.22%,N/A
Travel (Legacy),Career Planning,United States,73,$16.86  ~ $19.43 ,$59.95 ,N/A,0.03%,66.69%,N/A
Travel (Legacy),Environmental Safety,United States,24,$15.20  ~ $15.20 ,$32.19 ,N/A,0.05%,73.67%,N/A
Travel (Legacy),Cocktails/Beer,United States,5,$6.98  ~ $9.90 ,$14.72 ,N/A,0.07%,74.01%,N/A
Travel (Legacy),Birdwatching,United States,1,$18.75  ~ $18.75 ,N/A,N/A,N/A,92.64%,N/A
Travel (Legacy),Auto Parts,United States,3,$6.92  ~ $7.49 ,$12.14 ,N/A,0.06%,87.88%,N/A
Travel (Legacy),Senior Living,United States,162,$5.26  ~ $6.37 ,$20.79 ,N/A,0.03%,75.57%,N/A
Travel (Legacy),Football,United States,15,$9.55  ~ $9.55 ,$38.70 ,N/A,0.02%,67.07%,N/A
Travel (Legacy),Dining Out,United States,228,$14.46  ~ $15.63 ,$31.94 ,N/A,0.05%,79.22%,N/A
Travel (Legacy),Computer Peripherals,United States,15,$27.99  ~ $28.27 ,N/A,N/A,N/A,69.06%,N/A
Travel (Legacy),Travel,United States,533,$21.68  ~ $21.70 ,$44.56 ,N/A,0.05%,71.88%,N/A
Travel (Legacy),Technology & Computing,United States,13,$22.46  ~ $25.08 ,N/A,N/A,N/A,59.06%,N/A
Travel (Legacy),Legal Issues,United States,"2,312",$16.97  ~ $17.03 ,$43.25 ,N/A,0.04%,72.48%,N/A
Travel (Legacy),Legal Issues,Canada,129,$18.38  ~ $18.94 ,$152.22 ,N/A,0.01%,84.70%,N/A
Travel (Legacy),Alternative Medicine,United States,33,$16.55  ~ $20.64 ,$29.95 ,N/A,0.07%,66.45%,N/A
Travel (Legacy),Green Solutions,United States,277,$26.73  ~ $27.19 ,$49.01 ,N/A,0.06%,62.67%,N/A
Travel (Legacy),Off-Road Vehicles,United States,2,$18.64  ~ $18.64 ,N/A,N/A,N/A,79.63%,N/A
Travel (Legacy),Veterinary Medicine,United States,26,$18.49  ~ $18.87 ,N/A,N/A,N/A,83.12%,N/A
Travel (Legacy),Interior Decorating,United States,"1,357",$10.64  ~ $14.48 ,$16.02 ,N/A,0.07%,61.64%,N/A
Travel (Legacy),Interior Decorating,Canada,1,$12.56  ~ $13.65 ,$33.09 ,N/A,0.04%,86.49%,N/A
Travel (Legacy),Advertising,United States,371,$15.94  ~ $16.05 ,$31.67 ,N/A,0.05%,69.54%,N/A
Travel (Legacy),Advertising,Canada,16,$6.54  ~ $15.56 ,N/A,N/A,N/A,83.63%,N/A
Travel (Legacy),Business,United States,570,$12.39  ~ $16.27 ,$36.25 ,N/A,0.03%,76.39%,N/A
Travel (Legacy),Business,Canada,24,$4.04  ~ $4.72 ,$13.19 ,N/A,0.04%,83.24%,N/A
Travel (Legacy),Hunting/Shooting,United States,12,$17.16  ~ $17.16 ,N/A,N/A,N/A,88.46%,N/A
Travel (Legacy),Logistics,United States,156,$17.98  ~ $20.29 ,$50.58 ,N/A,0.04%,72.61%,N/A
Travel (Legacy),Logistics,Canada,135,$6.92  ~ $9.84 ,$15.05 ,N/A,0.07%,76.68%,N/A
Travel (Legacy),Education,United States,243,$11.53  ~ $13.68 ,$82.61 ,N/A,0.02%,77.34%,N/A
Travel (Legacy),Music,United States,110,$13.66  ~ $13.68 ,$91.06 ,N/A,0.02%,76.87%,N/A
Travel (Legacy),Landscaping,United States,1,$34.18  ~ $34.18 ,N/A,N/A,N/A,53.17%,N/A
Travel (Legacy),Honeymoons/Getaways,United States,357,$15.33  ~ $18.39 ,$38.40 ,N/A,0.05%,77.03%,N/A
Travel (Legacy),"Law, Gov't & Politics",United States,54,$29.13  ~ $36.06 ,$29.23 ,N/A,0.10%,70.22%,N/A
Travel (Legacy),Contests & Freebies,United States,36,$20.36  ~ $20.36 ,N/A,N/A,N/A,85.31%,N/A
Travel (Legacy),Investing,United States,9,$19.01  ~ $19.92 ,$21.52 ,N/A,0.09%,45.81%,N/A
Travel (Legacy),Auto Repair,United States,20,$13.00  ~ $13.00 ,$19.12 ,N/A,0.07%,73.89%,N/A
Travel (Legacy),Biotech/Biomedical,United States,844,$27.34  ~ $27.57 ,$51.91 ,N/A,0.05%,74.24%,N/A
Travel (Legacy),Buying/Selling Homes,United States,239,$19.47  ~ $21.10 ,$10.65 ,N/A,0.18%,75.11%,N/A
Travel (Legacy),Video & Computer Games,United States,113,$19.44  ~ $19.44 ,$50.29 ,N/A,0.04%,78.90%,N/A
Travel (Legacy),Automotive,United States,570,$17.50  ~ $18.74 ,$50.35 ,N/A,0.03%,59.91%,N/A
Travel (Legacy),Automotive,Canada,1,$20.13  ~ $20.13 ,$67.47 ,N/A,0.03%,48.73%,N/A
Travel (Legacy),Theme Parks,United States,28,$24.69  ~ $24.69 ,N/A,N/A,N/A,82.83%,N/A
Travel (Legacy),Remodeling & Construction,United States,148,$17.68  ~ $18.16 ,$70.01 ,N/A,0.03%,82.98%,N/A
Travel (Legacy),Apartments,United States,7,$15.47  ~ $18.20 ,N/A,N/A,N/A,87.22%,N/A
Travel (Legacy),Internet Technology,United States,19,$8.97  ~ $9.14 ,N/A,N/A,N/A,63.29%,N/A
Travel (Legacy),Bed & Breakfasts,United States,"1,466",$18.62  ~ $18.62 ,$70.03 ,N/A,0.03%,88.37%,N/A
Travel (Legacy),Appliances,United States,22,$14.62  ~ $14.62 ,N/A,N/A,N/A,88.76%,N/A
Travel (Legacy),Credit/Debt & Loans,United States,46,$21.02  ~ $24.32 ,$173.26 ,N/A,0.01%,77.68%,N/A
Travel (Legacy),Credit/Debt & Loans,Canada,2,$7.33  ~ $7.33 ,$29.18 ,N/A,0.03%,91.05%,N/A
Travel (Legacy),Job Search,United States,126,$12.84  ~ $13.17 ,$68.02 ,N/A,0.02%,80.74%,N/A
Travel (Legacy),Retirement Planning,United States,44,$16.58  ~ $18.83 ,N/A,N/A,N/A,83.49%,N/A
Travel (Legacy),Distance Learning,United States,1,$16.35  ~ $35.20 ,$27.61 ,N/A,0.06%,47.61%,N/A
Travel (Legacy),Hobbies & Interests,United States,122,$11.96  ~ $16.67 ,$84.63 ,N/A,0.01%,75.40%,N/A
Travel (Legacy),Accessories,United States,14,$19.31  ~ $22.17 ,$22.12 ,N/A,0.10%,82.04%,N/A
Travel (Legacy),Catholicism,United States,3,$20.04  ~ $50.01 ,N/A,N/A,N/A,70.68%,N/A
Travel (Legacy),Construction,United States,8,$18.15  ~ $18.26 ,N/A,N/A,N/A,73.92%,N/A
Travel (Legacy),Adult Education,United States,115,$10.84  ~ $12.96 ,$40.08 ,N/A,0.03%,77.67%,N/A
Travel (Legacy),Investors & Patents,United States,150,$19.80  ~ $20.01 ,$97.91 ,N/A,0.02%,75.93%,N/A
Travel (Legacy),Sexuality,United States,1,$10.94  ~ $25.05 ,N/A,N/A,N/A,75.00%,N/A
Travel (Legacy),Exercise,United States,7,$13.82  ~ $20.95 ,N/A,N/A,N/A,87.96%,N/A
Travel (Legacy),By US Locale,United States,1,$21.41  ~ $48.55 ,N/A,N/A,N/A,82.35%,N/A
Travel (Legacy),Graduate School,United States,542,$15.78  ~ $16.06 ,$21.30 ,N/A,0.08%,71.27%,N/A
Travel (Legacy),Psychology/Psychiatry,United States,345,$20.34  ~ $20.41 ,$27.65 ,N/A,0.07%,69.49%,N/A
Travel (Legacy),Gardening,United States,"1,857",$6.35  ~ $6.40 ,$35.50 ,N/A,0.02%,77.38%,N/A
Travel (Legacy),Weight Loss,United States,174,$14.04  ~ $18.63 ,$42.37 ,N/A,0.04%,88.04%,N/A
Travel (Legacy),Dogs,United States,308,$14.14  ~ $22.13 ,$18.60 ,N/A,0.08%,84.01%,N/A
Travel (Legacy),Dogs,Canada,13,$11.73  ~ $28.68 ,$22.63 ,N/A,0.05%,85.32%,N/A
Travel (Legacy),Health/Lowfat Cooking,United States,141,$18.16  ~ $18.18 ,$67.35 ,N/A,0.03%,70.23%,N/A
Travel (Legacy),Home & Garden,United States,"6,162",$6.30  ~ $8.18 ,$11.43 ,N/A,0.06%,66.36%,N/A
Travel (Legacy),Arts & Entertainment,United States,76,$15.00  ~ $15.36 ,$42.02 ,N/A,0.04%,77.06%,N/A
Travel (Legacy),Family & Parenting,United States,56,$13.28  ~ $14.73 ,$35.09 ,N/A,0.04%,79.04%,N/A
Travel (Legacy),Health & Fitness,Canada,49,$18.29  ~ $18.99 ,$18.12 ,N/A,0.10%,73.14%,N/A
Travel (Legacy),Health & Fitness,United States,973,$15.61  ~ $16.49 ,$36.63 ,N/A,0.05%,77.97%,N/A
Travel (Legacy),Insurance,United States,"1,476",$29.46  ~ $30.93 ,$33.22 ,N/A,0.09%,64.13%,N/A
Travel (Legacy),Insurance,Canada,3,$16.29  ~ $17.56 ,$33.37 ,N/A,0.05%,82.90%,N/A
Travel (Legacy),Government,United States,10,$30.71  ~ $30.71 ,N/A,N/A,N/A,72.01%,N/A
Travel (Legacy),Dental Care,United States,3,$5.32  ~ $12.47 ,N/A,N/A,N/A,40.10%,N/A
Travel (Legacy),Personal Finance,United States,"1,011",$15.13  ~ $15.72 ,$14.38 ,N/A,0.11%,61.54%,N/A
Travel (Legacy),Personal Finance,Canada,2,$19.52  ~ $43.81 ,$29.10 ,N/A,0.07%,82.51%,N/A
Travel (Legacy),Fine Art,United States,1,$13.50  ~ $14.70 ,$17.79 ,N/A,0.08%,65.12%,N/A
Travel (Legacy),Network Security,United States,4,$12.96  ~ $12.96 ,N/A,N/A,N/A,58.93%,N/A
Travel (Legacy),Card Games,Canada,18,$14.47  ~ $16.59 ,$22.03 ,N/A,0.08%,77.98%,N/A
Travel (Legacy),Card Games,United States,717,$19.54  ~ $20.10 ,$40.39 ,N/A,0.05%,86.37%,N/A
Travel (Legacy),Cold & Flu,United States,58,$11.41  ~ $13.22 ,$19.60 ,N/A,0.06%,72.08%,N/A
Travel (Legacy),Desserts & Baking,United States,22,$10.69  ~ $10.69 ,$9.92 ,N/A,0.11%,78.07%,N/A
Travel (Legacy),Cancer,United States,29,$15.82  ~ $18.50 ,$66.96 ,N/A,0.03%,76.72%,N/A
Travel (Legacy),Business Software,United States,958,$20.84  ~ $21.50 ,$95.27 ,N/A,0.02%,78.43%,N/A
Travel (Legacy),Business Software,Canada,12,$11.71  ~ $18.36 ,N/A,N/A,N/A,91.08%,N/A
Travel (Legacy),Cruises,United States,944,$9.37  ~ $23.79 ,$100.00 ,N/A,0.01%,73.60%,N/A
Travel (Legacy),Cruises,Canada,2,$13.05  ~ $14.66 ,$4.15 ,N/A,0.35%,62.74%,N/A
Travel (Legacy),Senor Health,United States,70,$9.93  ~ $10.37 ,$23.17 ,N/A,0.04%,65.19%,N/A
Travel (Legacy),Clothing,United States,136,$9.01  ~ $26.61 ,$53.84 ,N/A,0.05%,30.20%,N/A
Travel (Legacy),Clothing,Canada,8,$24.24  ~ $28.43 ,$84.28 ,N/A,0.03%,50.64%,N/A
Travel (Legacy),Nutrition,Canada,17,$6.58  ~ $6.58 ,$13.90 ,N/A,0.05%,78.53%,N/A
Travel (Legacy),Food & Drink,Canada,19,$7.79  ~ $15.98 ,N/A,N/A,N/A,82.41%,N/A
Travel (Legacy),Food & Drink,United States,61,$17.54  ~ $19.55 ,$85.03 ,N/A,0.02%,87.28%,N/A
Travel (Legacy),College,United States,63,$15.45  ~ $15.72 ,$80.49 ,N/A,0.02%,77.20%,N/A
Travel (Legacy),Arts & Crafts,United States,70,$18.00  ~ $18.00 ,$44.45 ,N/A,0.04%,81.59%,N/A
Travel (Legacy),Cigars,United States,6,$15.41  ~ $16.01 ,$23.07 ,N/A,0.07%,74.76%,N/A
Travel (Legacy),Shopping,United States,680,$13.39  ~ $13.93 ,$43.70 ,N/A,0.03%,79.21%,N/A
Travel (Legacy),Agriculture,United States,56,$16.20  ~ $16.21 ,$31.85 ,N/A,0.05%,87.64%,N/A
Travel (Legacy),Infertility,United States,1,$7.57  ~ $18.43 ,N/A,N/A,N/A,72.73%,N/A
Travel (Legacy),Computer Networking,United States,9,$14.01  ~ $30.29 ,N/A,N/A,N/A,93.29%,N/A
Travel (Legacy),Physical Therapy,United States,6,$18.18  ~ $18.18 ,N/A,N/A,N/A,84.62%,N/A
Travel (Legacy),Buying/Selling Cars,United States,502,$25.54  ~ $25.57 ,$87.64 ,N/A,0.03%,83.05%,N/A
Travel (Legacy),Canada,Canada,1,$12.40  ~ $12.40 ,$7.37 ,N/A,0.17%,78.88%,N/A
Travel (Legacy),Mutual Funds,United States,"2,085",$13.84  ~ $15.37 ,$15.74 ,N/A,0.10%,52.15%,N/A
Travel (Legacy),Real Estate,United States,75,$15.73  ~ $17.98 ,$49.53 ,N/A,0.04%,52.96%,N/A
Travel (Legacy),Incest/Abuse Support,United States,313,$16.04  ~ $22.63 ,$29.69 ,N/A,0.05%,78.35%,N/A
Travel (Legacy),Cameras & Camcorders,United States,2,$0.00  ~ $0.00 ,N/A,N/A,N/A,N/A,N/A