Category,Brand Category,Video Type,Country,Device,Impressions,eCPM,eCPC,eCPE,CTR,Video Completion Rate,Audio Completion Rate
Arts & Entertainment (Legacy),Auto Repair,Outstream,United States,Desktop,1,$7.68  ~ $13.58 ,N/A,N/A,N/A,N/A,N/A
Arts & Entertainment (Legacy),Apartments,Outstream,United Kingdom,Desktop,1,$6.70  ~ $6.72 ,N/A,N/A,N/A,N/A,N/A
Arts & Entertainment (Legacy),College,Outstream,United States,Desktop,31,$6.86  ~ $7.35 ,N/A,N/A,N/A,N/A,N/A
Arts & Entertainment (Legacy),College,Outstream,United States,Mobile Web,2,$6.64  ~ $10.48 ,N/A,N/A,N/A,N/A,N/A
Arts & Entertainment (Legacy),Nutrition,Outstream,United States,Desktop,1,$6.70  ~ $13.47 ,N/A,N/A,N/A,N/A,N/A
Arts & Entertainment (Legacy),Fine Art,Outstream,United States,Desktop,1,$7.05  ~ $7.19 ,N/A,N/A,N/A,N/A,N/A
Arts & Entertainment (Legacy),Personal Finance,Outstream,United Kingdom,Desktop,1,$5.08  ~ $7.63 ,N/A,N/A,N/A,N/A,N/A
Arts & Entertainment (Legacy),Personal Finance,Outstream,United States,Desktop,368,$5.27  ~ $5.34 ,$92.50 ,$146.40 ,0.01%,N/A,N/A
Arts & Entertainment (Legacy),Personal Finance,Outstream,United States,Mobile Web,39,$5.13  ~ $6.36 ,$3.24 ,$56.97 ,0.16%,N/A,N/A
Arts & Entertainment (Legacy),Personal Finance,Outstream,United States,Tablet,3,$3.89  ~ $4.70 ,$3.18 ,N/A,0.12%,N/A,N/A
Arts & Entertainment (Legacy),Business Software,Outstream,United States,Desktop,3,$5.54  ~ $7.36 ,N/A,N/A,N/A,N/A,N/A
Arts & Entertainment (Legacy),Business Software,Outstream,United States,Mobile Web,6,$5.46  ~ $6.98 ,$5.40 ,$7.14 ,0.13%,N/A,N/A
Arts & Entertainment (Legacy),Business Software,Outstream,United States,Tablet,1,$3.68  ~ $5.19 ,N/A,N/A,N/A,N/A,N/A
Arts & Entertainment (Legacy),Green Solutions,Outstream,United States,Desktop,2,$9.07  ~ $21.07 ,N/A,N/A,N/A,N/A,N/A
Arts & Entertainment (Legacy),Real Estate,Outstream,United States,Desktop,24,$6.07  ~ $6.62 ,N/A,N/A,N/A,N/A,N/A
Arts & Entertainment (Legacy),Real Estate,Outstream,United States,Mobile Web,11,$5.88  ~ $6.68 ,$22.26 ,N/A,0.03%,N/A,N/A
Arts & Entertainment (Legacy),Family & Parenting,Outstream,United States,Mobile Web,13,$5.66  ~ $6.48 ,$2.28 ,$16.06 ,0.25%,N/A,N/A
Arts & Entertainment (Legacy),Family & Parenting,Outstream,United States,Tablet,1,$5.81  ~ $6.89 ,$4.59 ,N/A,0.13%,N/A,N/A
Arts & Entertainment (Legacy),Family & Parenting,Outstream,United States,Desktop,81,$5.42  ~ $6.09 ,$58.34 ,N/A,0.01%,N/A,N/A
Arts & Entertainment (Legacy),Cell Phones,Outstream,United Kingdom,Desktop,2,$7.17  ~ $16.95 ,N/A,N/A,N/A,N/A,N/A
Arts & Entertainment (Legacy),Card Games,Outstream,United States,Desktop,29,$6.72  ~ $7.06 ,N/A,N/A,N/A,N/A,N/A
Arts & Entertainment (Legacy),Card Games,Outstream,United States,Mobile Web,61,$0.88  ~ $1.00 ,$3.42 ,N/A,0.03%,N/A,N/A
Arts & Entertainment (Legacy),Home & Garden,Outstream,United States,Tablet,3,$4.03  ~ $6.06 ,$3.76 ,$17.89 ,0.11%,N/A,N/A
Arts & Entertainment (Legacy),Home & Garden,Outstream,United States,Desktop,331,$3.68  ~ $6.84 ,$31.17 ,N/A,0.01%,N/A,N/A
Arts & Entertainment (Legacy),Home & Garden,Outstream,United States,Mobile Web,33,$4.58  ~ $5.48 ,$1.12 ,$21.30 ,0.41%,N/A,N/A
Arts & Entertainment (Legacy),Careers,Outstream,United States,Desktop,12,$3.59  ~ $8.19 ,N/A,N/A,N/A,N/A,N/A
Arts & Entertainment (Legacy),Careers,Outstream,United States,Mobile Web,17,$1.04  ~ $10.49 ,$3.53 ,N/A,0.03%,N/A,N/A
Arts & Entertainment (Legacy),Legal Issues,Outstream,United States,Desktop,3,$5.82  ~ $5.94 ,N/A,N/A,N/A,N/A,N/A
Arts & Entertainment (Legacy),Legal Issues,Outstream,United Kingdom,Desktop,4,$4.14  ~ $4.14 ,N/A,N/A,N/A,N/A,N/A
Arts & Entertainment (Legacy),Music,Outstream,United States,Desktop,126,$7.42  ~ $7.47 ,$19.09 ,$40.30 ,0.04%,N/A,N/A
Arts & Entertainment (Legacy),Music,Outstream,United States,Mobile Web,2,$6.99  ~ $7.49 ,$7.41 ,$107.87 ,0.09%,N/A,N/A
Arts & Entertainment (Legacy),Adventure Travel,Outstream,United States,Desktop,4,$4.86  ~ $9.76 ,$1.99 ,N/A,0.24%,N/A,N/A
Arts & Entertainment (Legacy),Adventure Travel,Outstream,United States,Mobile Web,1,$3.28  ~ $9.43 ,$3.24 ,N/A,0.10%,N/A,N/A
Arts & Entertainment (Legacy),Hotels,Outstream,United States,Desktop,13,$3.99  ~ $4.75 ,$2.52 ,N/A,0.19%,N/A,N/A
Arts & Entertainment (Legacy),Hotels,Outstream,United States,Mobile Web,3,$3.95  ~ $4.20 ,N/A,N/A,N/A,N/A,N/A
Arts & Entertainment (Legacy),Buying/Selling Cars,Outstream,United States,Desktop,28,$7.34  ~ $7.35 ,N/A,N/A,N/A,N/A,N/A
Arts & Entertainment (Legacy),Buying/Selling Cars,Outstream,United States,Mobile Web,3,$7.40  ~ $7.85 ,$8.41 ,N/A,0.09%,N/A,N/A
Arts & Entertainment (Legacy),Honeymoons/Getaways,Outstream,United Kingdom,Desktop,1,$6.99  ~ $8.99 ,N/A,N/A,N/A,N/A,N/A
Arts & Entertainment (Legacy),Honeymoons/Getaways,Outstream,United States,Desktop,1,$11.05  ~ $11.45 ,N/A,N/A,N/A,N/A,N/A
Arts & Entertainment (Legacy),Advertising,Outstream,United States,Desktop,9,$11.88  ~ $11.92 ,N/A,N/A,N/A,N/A,N/A
Arts & Entertainment (Legacy),Advertising,Outstream,United States,Mobile Web,7,$19.93  ~ $28.80 ,N/A,N/A,N/A,N/A,N/A
Arts & Entertainment (Legacy),Advertising,Outstream,United States,Tablet,1,$6.58  ~ $11.87 ,N/A,N/A,N/A,N/A,N/A
Arts & Entertainment (Legacy),Politics,Outstream,United States,Desktop,24,$8.99  ~ $9.74 ,N/A,N/A,N/A,N/A,N/A
Arts & Entertainment (Legacy),Politics,Outstream,United States,Mobile Web,3,$7.02  ~ $8.96 ,N/A,N/A,N/A,N/A,N/A
Arts & Entertainment (Legacy),Senior Living,Outstream,United States,Desktop,5,$5.77  ~ $6.76 ,N/A,N/A,N/A,N/A,N/A
Arts & Entertainment (Legacy),Senior Living,Outstream,United States,Mobile Web,1,$4.96  ~ $6.79 ,N/A,N/A,N/A,N/A,N/A
Arts & Entertainment (Legacy),Catholicism,Outstream,United States,Desktop,6,$6.65  ~ $6.65 ,N/A,N/A,N/A,N/A,N/A
Arts & Entertainment (Legacy),Biotech/Biomedical,Outstream,United States,Desktop,40,$21.83  ~ $24.87 ,N/A,N/A,N/A,N/A,N/A
Arts & Entertainment (Legacy),Biotech/Biomedical,Outstream,United States,Mobile Web,4,$12.11  ~ $12.93 ,$25.19 ,N/A,0.05%,N/A,N/A
Arts & Entertainment (Legacy),Education,Interstitial,United States,Mobile Web,1,$6.03  ~ $7.62 ,N/A,N/A,N/A,N/A,N/A
Arts & Entertainment (Legacy),Education,Outstream,United Kingdom,Desktop,3,$7.07  ~ $7.15 ,N/A,N/A,N/A,N/A,N/A
Arts & Entertainment (Legacy),Education,Outstream,United States,Mobile Web,18,$7.70  ~ $8.45 ,$2.47 ,$54.79 ,0.34%,N/A,N/A
Arts & Entertainment (Legacy),Education,Outstream,United States,Desktop,147,$7.77  ~ $8.70 ,$70.17 ,$102.45 ,0.01%,N/A,N/A
Arts & Entertainment (Legacy),Pediatrics,Outstream,United States,Mobile Web,5,$9.24  ~ $19.38 ,N/A,N/A,N/A,N/A,N/A
Arts & Entertainment (Legacy),Pediatrics,Outstream,United States,Desktop,7,$9.14  ~ $15.23 ,N/A,N/A,N/A,N/A,N/A
Arts & Entertainment (Legacy),Food & Drink,Outstream,United Kingdom,Desktop,3,$9.25  ~ $18.70 ,N/A,N/A,N/A,N/A,N/A
Arts & Entertainment (Legacy),Food & Drink,Outstream,United States,Tablet,1,$6.05  ~ $7.22 ,N/A,N/A,N/A,N/A,N/A
Arts & Entertainment (Legacy),Food & Drink,Outstream,United States,Desktop,145,$5.95  ~ $7.18 ,$52.03 ,N/A,0.01%,N/A,N/A
Arts & Entertainment (Legacy),Food & Drink,Outstream,United States,Mobile Web,26,$6.27  ~ $7.38 ,$2.81 ,$76.53 ,0.22%,N/A,N/A
Arts & Entertainment (Legacy),Agriculture,Outstream,United States,Desktop,2,$6.17  ~ $6.29 ,N/A,N/A,N/A,N/A,N/A
Arts & Entertainment (Legacy),Remodeling & Construction,Outstream,United States,Mobile Web,1,$4.23  ~ $10.33 ,$1.56 ,N/A,0.27%,N/A,N/A
Arts & Entertainment (Legacy),Investing,Outstream,United States,Desktop,2,$4.80  ~ $5.37 ,N/A,N/A,N/A,N/A,N/A
Arts & Entertainment (Legacy),Art/Technology,Outstream,United States,Desktop,14,$6.85  ~ $7.39 ,N/A,N/A,N/A,N/A,N/A
Arts & Entertainment (Legacy),Art/Technology,Outstream,United States,Mobile Web,3,$6.74  ~ $7.62 ,$6.99 ,N/A,0.11%,N/A,N/A
Arts & Entertainment (Legacy),Insurance,Outstream,United States,Desktop,3,$11.83  ~ $13.92 ,N/A,N/A,N/A,N/A,N/A
Arts & Entertainment (Legacy),Cold & Flu,Outstream,United States,Desktop,18,$7.90  ~ $8.66 ,N/A,N/A,N/A,N/A,N/A
Arts & Entertainment (Legacy),Construction,Outstream,United States,Desktop,1,$1.65  ~ $6.51 ,N/A,N/A,N/A,N/A,N/A
Arts & Entertainment (Legacy),Computer Peripherals,Outstream,United Kingdom,Desktop,1,$12.13  ~ $12.13 ,N/A,N/A,N/A,N/A,N/A
Arts & Entertainment (Legacy),Interior Decorating,Outstream,United States,Tablet,6,$3.59  ~ $3.62 ,N/A,N/A,N/A,N/A,N/A
Arts & Entertainment (Legacy),Interior Decorating,Outstream,United States,Desktop,797,$6.12  ~ $6.77 ,$2.44 ,N/A,0.28%,N/A,N/A
Arts & Entertainment (Legacy),Interior Decorating,Outstream,United States,Mobile Web,23,$3.38  ~ $3.96 ,N/A,N/A,N/A,N/A,N/A
Arts & Entertainment (Legacy),"Law, Gov't & Politics",Outstream,United States,Desktop,273,$14.63  ~ $14.74 ,N/A,N/A,N/A,N/A,N/A
Arts & Entertainment (Legacy),"Law, Gov't & Politics",Outstream,United States,Mobile Web,11,$19.41  ~ $21.95 ,$27.56 ,N/A,0.07%,N/A,N/A
Arts & Entertainment (Legacy),Pets,Outstream,United States,Desktop,1,$4.65  ~ $8.05 ,N/A,N/A,N/A,N/A,N/A
Arts & Entertainment (Legacy),Travel,Outstream,United States,Desktop,342,$4.33  ~ $4.96 ,$120.16 ,N/A,0.00%,N/A,N/A
Arts & Entertainment (Legacy),Travel,Outstream,United States,Mobile Web,24,$3.96  ~ $4.07 ,$1.20 ,$11.97 ,0.33%,N/A,N/A
Arts & Entertainment (Legacy),Travel,Outstream,United Kingdom,Desktop,5,$3.58  ~ $4.22 ,$14.35 ,$49.86 ,0.02%,N/A,N/A
Arts & Entertainment (Legacy),Cocktails/Beer,Outstream,United States,Desktop,3,$13.38  ~ $13.38 ,N/A,N/A,N/A,N/A,N/A
Arts & Entertainment (Legacy),Hobbies & Interests,Interstitial,United Kingdom,Desktop,1,$3.34  ~ $3.34 ,N/A,N/A,N/A,N/A,N/A
Arts & Entertainment (Legacy),Hobbies & Interests,Outstream,United Kingdom,Desktop,9,$1.38  ~ $1.38 ,$3.28 ,N/A,0.04%,N/A,N/A
Arts & Entertainment (Legacy),Hobbies & Interests,Outstream,United States,Mobile Web,17,$6.66  ~ $7.82 ,$5.28 ,$22.52 ,0.13%,N/A,N/A
Arts & Entertainment (Legacy),Hobbies & Interests,Outstream,United States,Tablet,1,$6.51  ~ $7.77 ,$3.42 ,$12.61 ,0.19%,N/A,N/A
Arts & Entertainment (Legacy),Hobbies & Interests,Outstream,United States,Desktop,255,$6.84  ~ $7.38 ,$42.72 ,$61.22 ,0.02%,N/A,N/A
Arts & Entertainment (Legacy),Health/Lowfat Cooking,Outstream,United States,Desktop,1,$4.29  ~ $4.36 ,N/A,N/A,N/A,N/A,N/A
Arts & Entertainment (Legacy),Credit/Debt & Loans,Outstream,United States,Desktop,10,$5.57  ~ $12.81 ,N/A,N/A,N/A,N/A,N/A
Arts & Entertainment (Legacy),Air Travel,Outstream,United States,Desktop,3,$16.26  ~ $16.26 ,N/A,N/A,N/A,N/A,N/A
Arts & Entertainment (Legacy),Home Repair,Outstream,United States,Desktop,19,$7.04  ~ $7.29 ,N/A,N/A,N/A,N/A,N/A
Arts & Entertainment (Legacy),Home Repair,Outstream,United States,Mobile Web,3,$8.18  ~ $9.44 ,N/A,N/A,N/A,N/A,N/A
Arts & Entertainment (Legacy),Exercise,Outstream,United States,Mobile Web,1,$2.28  ~ $2.46 ,$3.25 ,$11.35 ,0.08%,N/A,N/A
Arts & Entertainment (Legacy),Exercise,Outstream,United States,Desktop,12,$4.81  ~ $4.84 ,N/A,N/A,N/A,N/A,N/A
Arts & Entertainment (Legacy),Automotive,Outstream,United States,Desktop,59,$5.41  ~ $6.51 ,N/A,N/A,N/A,N/A,N/A
Arts & Entertainment (Legacy),Automotive,Outstream,United States,Mobile Web,8,$4.67  ~ $6.07 ,$2.94 ,$31.86 ,0.16%,N/A,N/A
Arts & Entertainment (Legacy),Health & Fitness,Outstream,United States,Desktop,608,$6.45  ~ $10.64 ,$76.15 ,N/A,0.01%,N/A,N/A
Arts & Entertainment (Legacy),Health & Fitness,Outstream,United States,Mobile Web,52,$5.75  ~ $8.45 ,$6.48 ,$88.03 ,0.09%,N/A,N/A
Arts & Entertainment (Legacy),Health & Fitness,Outstream,United States,Tablet,3,$6.15  ~ $7.38 ,$19.68 ,N/A,0.03%,N/A,N/A
Arts & Entertainment (Legacy),Clothing,Outstream,United States,Desktop,1,$8.57  ~ $9.33 ,N/A,N/A,N/A,N/A,N/A
Arts & Entertainment (Legacy),Auto Parts,Outstream,United States,Desktop,10,$6.56  ~ $15.25 ,N/A,N/A,N/A,N/A,N/A
Arts & Entertainment (Legacy),Arts & Entertainment,Interstitial,United States,Desktop,4,$5.45  ~ $5.49 ,N/A,N/A,N/A,N/A,N/A
Arts & Entertainment (Legacy),Arts & Entertainment,Outstream,Canada,Desktop,4,$6.27  ~ $6.85 ,N/A,N/A,N/A,N/A,N/A
Arts & Entertainment (Legacy),Arts & Entertainment,Outstream,Canada,Mobile Web,1,$6.32  ~ $7.25 ,$2.42 ,$4.97 ,0.26%,N/A,N/A
Arts & Entertainment (Legacy),Arts & Entertainment,Outstream,United Kingdom,Desktop,15,$6.76  ~ $10.02 ,N/A,N/A,N/A,N/A,N/A
Arts & Entertainment (Legacy),Arts & Entertainment,Outstream,United Kingdom,Mobile Web,2,$7.09  ~ $10.82 ,$0.96 ,$1.71 ,0.74%,N/A,N/A
Arts & Entertainment (Legacy),Arts & Entertainment,Outstream,United States,Desktop,155,$6.09  ~ $7.12 ,N/A,N/A,N/A,N/A,N/A
Arts & Entertainment (Legacy),Arts & Entertainment,Outstream,United States,Mobile Web,7,$5.25  ~ $6.34 ,$4.94 ,N/A,0.11%,N/A,N/A
Arts & Entertainment (Legacy),Arts & Entertainment,Outstream,United States,Tablet,1,$4.96  ~ $6.37 ,$6.58 ,N/A,0.08%,N/A,N/A
Arts & Entertainment (Legacy),Logistics,Outstream,United States,Desktop,1,$6.63  ~ $9.56 ,N/A,N/A,N/A,N/A,N/A
Arts & Entertainment (Legacy),Coffee/Tea,Outstream,United States,Desktop,8,$6.69  ~ $6.70 ,N/A,N/A,N/A,N/A,N/A
Arts & Entertainment (Legacy),Career Planning,Outstream,United States,Desktop,1,$5.91  ~ $7.54 ,N/A,N/A,N/A,N/A,N/A
Arts & Entertainment (Legacy),Large Animals,Outstream,United States,Desktop,3,$8.10  ~ $8.10 ,N/A,N/A,N/A,N/A,N/A
Arts & Entertainment (Legacy),Large Animals,Outstream,United States,Mobile Web,1,$8.04  ~ $8.04 ,$0.61 ,$1.21 ,1.32%,N/A,N/A
Arts & Entertainment (Legacy),Gardening,Outstream,United States,Mobile Web,1,$4.63  ~ $8.89 ,$2.26 ,N/A,0.39%,N/A,N/A
Arts & Entertainment (Legacy),Gardening,Outstream,United States,Desktop,28,$4.70  ~ $8.70 ,$17.09 ,N/A,0.05%,N/A,N/A
Arts & Entertainment (Legacy),Job Search,Outstream,United States,Desktop,5,$9.27  ~ $10.39 ,N/A,N/A,N/A,N/A,N/A
Arts & Entertainment (Legacy),Job Search,Outstream,United States,Mobile Web,1,$8.69  ~ $8.77 ,$6.74 ,N/A,0.13%,N/A,N/A
Arts & Entertainment (Legacy),Pro Ice Hockey,Outstream,Canada,Mobile Web,2,$6.71  ~ $7.79 ,$0.38 ,N/A,2.06%,N/A,N/A
Arts & Entertainment (Legacy),Mountain Biking,Outstream,United States,Desktop,1,$0.87  ~ $2.13 ,N/A,N/A,N/A,N/A,N/A
Arts & Entertainment (Legacy),Shopping,Interstitial,United States,Mobile Web,2,$2.55  ~ $5.84 ,N/A,N/A,N/A,N/A,N/A
Arts & Entertainment (Legacy),Shopping,Outstream,Canada,Mobile Web,4,$0.94  ~ $1.21 ,$3.02 ,$7.85 ,0.04%,N/A,N/A
Arts & Entertainment (Legacy),Shopping,Outstream,United Kingdom,Desktop,3,$3.80  ~ $4.08 ,$51.58 ,N/A,0.01%,N/A,N/A
Arts & Entertainment (Legacy),Shopping,Outstream,United States,Desktop,258,$4.49  ~ $5.53 ,$68.08 ,N/A,0.01%,N/A,N/A
Arts & Entertainment (Legacy),Shopping,Outstream,United States,Mobile Web,121,$0.80  ~ $6.59 ,$0.77 ,$7.98 ,0.10%,N/A,N/A
Arts & Entertainment (Legacy),Psychology/Psychiatry,Outstream,United States,Desktop,6,$6.70  ~ $6.92 ,N/A,N/A,N/A,N/A,N/A
Arts & Entertainment (Legacy),Psychology/Psychiatry,Outstream,United States,Mobile Web,1,$4.29  ~ $7.98 ,N/A,N/A,N/A,N/A,N/A
Arts & Entertainment (Legacy),Human Resources,Outstream,United States,Desktop,1,$9.93  ~ $10.18 ,N/A,N/A,N/A,N/A,N/A
Arts & Entertainment (Legacy),Human Resources,Outstream,United States,Mobile Web,1,$10.60  ~ $10.75 ,N/A,N/A,N/A,N/A,N/A
Arts & Entertainment (Legacy),Graduate School,Outstream,United States,Mobile Web,2,$6.15  ~ $12.18 ,$3.68 ,$23.77 ,0.17%,N/A,N/A
Arts & Entertainment (Legacy),Graduate School,Outstream,United States,Desktop,9,$4.71  ~ $11.66 ,N/A,N/A,N/A,N/A,N/A
Arts & Entertainment (Legacy),News,Outstream,United States,Desktop,51,$11.24  ~ $11.76 ,N/A,N/A,N/A,N/A,N/A
Arts & Entertainment (Legacy),News,Outstream,United States,Mobile Web,13,$9.74  ~ $12.09 ,$19.10 ,N/A,0.05%,N/A,N/A
Arts & Entertainment (Legacy),Mutual Funds,Outstream,United States,Mobile Web,1,$11.69  ~ $14.31 ,N/A,N/A,N/A,N/A,N/A
Arts & Entertainment (Legacy),Mutual Funds,Outstream,United States,Desktop,2,$9.15  ~ $10.85 ,N/A,N/A,N/A,N/A,N/A
Arts & Entertainment (Legacy),Business,Outstream,United States,Desktop,975,$6.80  ~ $8.21 ,$118.15 ,N/A,0.01%,N/A,N/A
Arts & Entertainment (Legacy),Business,Outstream,United States,Mobile Web,93,$6.22  ~ $7.51 ,$2.60 ,$28.42 ,0.24%,N/A,N/A
Arts & Entertainment (Legacy),Business,Outstream,United States,Tablet,2,$6.00  ~ $7.37 ,$8.84 ,N/A,0.07%,N/A,N/A
Arts & Entertainment (Legacy),Business,Outstream,Canada,Mobile Web,14,$4.12  ~ $6.95 ,$4.23 ,N/A,0.10%,N/A,N/A
Arts & Entertainment (Legacy),Business,Outstream,United Kingdom,Desktop,13,$4.62  ~ $6.16 ,$25.47 ,N/A,0.02%,N/A,N/A
Arts & Entertainment (Legacy),Business,Outstream,United Kingdom,Mobile Web,1,$5.56  ~ $6.96 ,$0.49 ,$2.31 ,1.14%,N/A,N/A
Arts & Entertainment (Legacy),Metals,Outstream,United States,Desktop,5,$7.16  ~ $10.49 ,N/A,N/A,N/A,N/A,N/A
Arts & Entertainment (Legacy),Health & Fitness,Instream,United Kingdom,Desktop,1,$0.00  ~ $0.00 ,N/A,N/A,N/A,N/A,N/A
Arts & Entertainment (Legacy),Green Solutions,Outstream,United Kingdom,Desktop,2,$0.00  ~ $0.00 ,N/A,N/A,N/A,N/A,N/A
Arts & Entertainment (Legacy),Logistics,Outstream,United Kingdom,Desktop,1,$0.00  ~ $0.00 ,N/A,N/A,N/A,N/A,N/A
Arts & Entertainment (Legacy),Private School,Outstream,United States,Desktop,7,$0.00  ~ $0.00 ,N/A,N/A,N/A,N/A,N/A
Automotive (Legacy),Arts & Entertainment,Outstream,United States,Desktop,1,$4.78  ~ $5.94 ,N/A,N/A,N/A,N/A,N/A
Automotive (Legacy),Arts & Entertainment,Outstream,United Kingdom,Desktop,1,$6.55  ~ $9.31 ,N/A,N/A,N/A,N/A,N/A
Automotive (Legacy),Automotive,Outstream,United Kingdom,Desktop,1,$5.50  ~ $5.79 ,$4.92 ,$4.92 ,0.12%,N/A,N/A
Automotive (Legacy),Shopping,Outstream,United States,Mobile Web,11,$0.75  ~ $5.91 ,$1.61 ,$27.60 ,0.05%,N/A,N/A
Automotive (Legacy),Shopping,Outstream,United Kingdom,Desktop,2,$2.87  ~ $5.89 ,N/A,N/A,N/A,N/A,N/A
Automotive (Legacy),Job Search,Outstream,United States,Desktop,1,$10.49  ~ $13.10 ,N/A,N/A,N/A,N/A,N/A
Automotive (Legacy),Personal Finance,Outstream,United States,Mobile Web,1,$5.97  ~ $6.74 ,$4.25 ,N/A,0.14%,N/A,N/A
Automotive (Legacy),Personal Finance,Outstream,United Kingdom,Desktop,1,$6.86  ~ $9.13 ,N/A,N/A,N/A,N/A,N/A
Automotive (Legacy),Travel,Outstream,United States,Desktop,2,$2.60  ~ $3.23 ,N/A,N/A,N/A,N/A,N/A
Automotive (Legacy),Travel,Outstream,United States,Mobile Web,2,$2.87  ~ $3.59 ,$3.28 ,$9.97 ,0.11%,N/A,N/A
Automotive (Legacy),Advertising,Outstream,United States,Mobile Web,4,$17.72  ~ $22.45 ,N/A,N/A,N/A,N/A,N/A
Automotive (Legacy),Pets,Outstream,United States,Mobile Web,1,$4.87  ~ $8.02 ,$5.94 ,N/A,0.08%,N/A,N/A
Automotive (Legacy),Education,Outstream,United States,Mobile Web,2,$7.09  ~ $9.37 ,$4.25 ,$28.43 ,0.17%,N/A,N/A
Automotive (Legacy),Home & Garden,Outstream,United Kingdom,Mobile Web,2,$6.59  ~ $6.59 ,N/A,N/A,N/A,N/A,N/A
Automotive (Legacy),Home & Garden,Outstream,United States,Mobile Web,3,$4.66  ~ $5.45 ,$3.53 ,$34.72 ,0.13%,N/A,N/A
Automotive (Legacy),Home & Garden,Outstream,United States,Desktop,3,$4.54  ~ $6.15 ,N/A,N/A,N/A,N/A,N/A
Automotive (Legacy),Business,Outstream,United States,Desktop,4,$6.39  ~ $8.26 ,$27.35 ,N/A,0.02%,N/A,N/A
Automotive (Legacy),Business,Outstream,United States,Mobile Web,14,$6.27  ~ $7.78 ,$3.50 ,$41.40 ,0.18%,N/A,N/A
Automotive (Legacy),Business,Outstream,United States,Tablet,1,$5.89  ~ $8.02 ,$15.42 ,N/A,0.04%,N/A,N/A
Automotive (Legacy),Business,Outstream,Canada,Desktop,1,$2.81  ~ $7.21 ,N/A,N/A,N/A,N/A,N/A
Automotive (Legacy),Business,Outstream,United Kingdom,Mobile Web,1,$5.51  ~ $6.19 ,$7.67 ,N/A,0.08%,N/A,N/A
Automotive (Legacy),Business,Outstream,United Kingdom,Desktop,1,$5.79  ~ $6.95 ,N/A,N/A,N/A,N/A,N/A
Automotive (Legacy),Hobbies & Interests,Outstream,United States,Desktop,1,$7.35  ~ $8.09 ,N/A,N/A,N/A,N/A,N/A
Automotive (Legacy),Hobbies & Interests,Outstream,United Kingdom,Mobile Web,5,$0.92  ~ $0.92 ,$8.68 ,N/A,0.01%,N/A,N/A
Automotive (Legacy),Hobbies & Interests,Outstream,United Kingdom,Desktop,8,$0.91  ~ $0.91 ,N/A,N/A,N/A,N/A,N/A
Automotive (Legacy),Family & Parenting,Outstream,United States,Desktop,1,$6.56  ~ $7.04 ,N/A,N/A,N/A,N/A,N/A
Automotive (Legacy),Music,Outstream,United States,Mobile Web,1,$7.00  ~ $7.61 ,$20.90 ,N/A,0.03%,N/A,N/A
Automotive (Legacy),Health & Fitness,Outstream,United States,Mobile Web,4,$7.53  ~ $9.92 ,$8.90 ,$31.03 ,0.08%,N/A,N/A
Automotive (Legacy),Art/Technology,Outstream,United States,Mobile Web,1,$6.73  ~ $7.53 ,N/A,N/A,N/A,N/A,N/A
Automotive (Legacy),Food & Drink,Outstream,United States,Mobile Web,1,$6.48  ~ $7.34 ,$14.83 ,N/A,0.04%,N/A,N/A
Automotive (Legacy),Food & Drink,Outstream,United Kingdom,Desktop,1,$9.20  ~ $20.51 ,N/A,N/A,N/A,N/A,N/A
Business (Legacy),Interior Decorating,Outstream,United States,Desktop,1,$7.44  ~ $7.92 ,N/A,N/A,N/A,N/A,N/A
Business (Legacy),Hobbies & Interests,Outstream,United Kingdom,Desktop,3,$1.22  ~ $1.22 ,N/A,N/A,N/A,N/A,N/A
Business (Legacy),Hobbies & Interests,Interstitial,United Kingdom,Desktop,1,$0.51  ~ $0.51 ,N/A,N/A,N/A,N/A,N/A
Business (Legacy),Advertising,Outstream,United States,Desktop,1,$8.79  ~ $29.59 ,N/A,N/A,N/A,N/A,N/A
Business (Legacy),Advertising,Outstream,United States,Mobile Web,1,$14.43  ~ $17.42 ,$1.85 ,N/A,0.78%,N/A,N/A
Business (Legacy),Music,Outstream,United States,Mobile Web,1,$7.02  ~ $7.49 ,$15.79 ,N/A,0.04%,N/A,N/A
Business (Legacy),Family & Parenting,Outstream,United States,Mobile Web,1,$5.45  ~ $5.95 ,$2.68 ,N/A,0.20%,N/A,N/A
Business (Legacy),Business,Interstitial,United Kingdom,Desktop,1,$7.84  ~ $8.70 ,N/A,N/A,N/A,N/A,N/A
Business (Legacy),Business,Outstream,United States,Desktop,11,$7.16  ~ $9.16 ,N/A,N/A,N/A,N/A,N/A
Business (Legacy),Business,Outstream,United Kingdom,Desktop,2,$6.73  ~ $7.46 ,$14.09 ,N/A,0.05%,N/A,N/A
Business (Legacy),Travel,Outstream,United States,Desktop,1,$3.20  ~ $4.52 ,$8.00 ,N/A,0.06%,N/A,N/A
Business (Legacy),Travel,Outstream,United States,Mobile Web,4,$2.82  ~ $3.21 ,$3.88 ,N/A,0.08%,N/A,N/A
Business (Legacy),Travel,Interstitial,United Kingdom,Desktop,2,$7.41  ~ $7.41 ,N/A,N/A,N/A,N/A,N/A
Business (Legacy),Shopping,Outstream,United States,Desktop,2,$3.26  ~ $6.53 ,$9.32 ,N/A,0.03%,N/A,N/A
Business (Legacy),Shopping,Outstream,United Kingdom,Desktop,1,$2.52  ~ $4.23 ,N/A,N/A,N/A,N/A,N/A
Business (Legacy),Shopping,Outstream,Canada,Mobile Web,1,$1.20  ~ $1.64 ,$4.52 ,N/A,0.04%,N/A,N/A
Business (Legacy),Shopping,Interstitial,United States,Mobile Web,2,$0.69  ~ $5.90 ,$0.12 ,N/A,0.58%,N/A,N/A
Business (Legacy),Health & Fitness,Outstream,United States,Mobile Web,1,$6.00  ~ $8.83 ,$4.13 ,$11.24 ,0.15%,N/A,N/A
Business (Legacy),Health & Fitness,Outstream,United States,Desktop,1,$7.76  ~ $8.39 ,N/A,N/A,N/A,N/A,N/A
Business (Legacy),Business Software,Outstream,United Kingdom,Mobile Web,1,$7.40  ~ $7.42 ,N/A,N/A,N/A,N/A,N/A
Business (Legacy),Exercise,Outstream,United States,Desktop,1,$2.54  ~ $2.59 ,N/A,N/A,N/A,N/A,N/A
Business (Legacy),Investing,Outstream,United States,Desktop,1,$6.65  ~ $6.65 ,N/A,N/A,N/A,N/A,N/A
Business (Legacy),Real Estate,Outstream,United Kingdom,Desktop,1,$7.36  ~ $11.87 ,$8.20 ,N/A,0.14%,N/A,N/A
Business (Legacy),Careers,Outstream,United States,Mobile Web,3,$0.94  ~ $7.95 ,N/A,N/A,N/A,N/A,N/A
Business (Legacy),Careers,Outstream,Canada,Desktop,1,$3.96  ~ $4.31 ,N/A,N/A,N/A,N/A,N/A
Business (Legacy),Home & Garden,Outstream,United States,Mobile Web,1,$4.42  ~ $5.00 ,$2.50 ,$9.55 ,0.18%,N/A,N/A
Business (Legacy),Appliances,Outstream,United States,Desktop,2,$10.63  ~ $10.65 ,N/A,N/A,N/A,N/A,N/A
Business (Legacy),Personal Finance,Outstream,United States,Mobile Web,1,$5.24  ~ $7.74 ,$6.73 ,$36.45 ,0.08%,N/A,N/A
Business (Legacy),Personal Finance,Outstream,United States,Desktop,5,$6.19  ~ $7.86 ,N/A,N/A,N/A,N/A,N/A
Business (Legacy),Personal Finance,Outstream,United Kingdom,Desktop,11,$66.63  ~ $102.45 ,N/A,N/A,N/A,N/A,N/A
Business (Legacy),Pediatrics,Outstream,United States,Mobile Web,1,$7.82  ~ $20.28 ,N/A,N/A,N/A,N/A,N/A
Business (Legacy),Education,Outstream,United Kingdom,Desktop,1,$7.34  ~ $7.45 ,N/A,N/A,N/A,N/A,N/A
Business (Legacy),Education,Interstitial,United States,Desktop,1,$4.71  ~ $9.15 ,N/A,N/A,N/A,N/A,N/A
Business (Legacy),Shopping,Interstitial,United Kingdom,Desktop,1,$0.00  ~ $0.00 ,N/A,N/A,N/A,N/A,N/A
Business (Legacy),Education,Interstitial,United Kingdom,Desktop,1,$0.00  ~ $0.00 ,N/A,N/A,N/A,N/A,N/A
Business (Legacy),Investing,Interstitial,United States,Desktop,2,$0.00  ~ $0.00 ,N/A,N/A,N/A,N/A,N/A
Business (Legacy),Investing,Interstitial,United States,Mobile Web,1,$0.00  ~ $0.00 ,N/A,N/A,N/A,N/A,N/A
Careers (Legacy),Personal Finance,Outstream,United Kingdom,Desktop,1,$9.75  ~ $10.75 ,N/A,N/A,N/A,N/A,N/A
Careers (Legacy),Business,Outstream,United Kingdom,Desktop,1,$7.18  ~ $7.83 ,N/A,N/A,N/A,N/A,N/A
Careers (Legacy),Computer Peripherals,Outstream,United Kingdom,Desktop,4,$12.19  ~ $12.19 ,$0.30 ,N/A,4.00%,N/A,N/A
Careers (Legacy),Advertising,Outstream,United States,Mobile Web,2,$18.12  ~ $26.59 ,N/A,N/A,N/A,N/A,N/A
Careers (Legacy),Private School,Outstream,United States,Desktop,1,$0.00  ~ $0.00 ,N/A,N/A,N/A,N/A,N/A
Education (Legacy),Personal Finance,Outstream,United States,Mobile Web,2,$6.26  ~ $7.28 ,$3.83 ,$66.92 ,0.16%,N/A,N/A
Education (Legacy),Personal Finance,Outstream,United States,Desktop,1,$4.71  ~ $5.22 ,$36.76 ,N/A,0.01%,N/A,N/A
Education (Legacy),Legal Issues,Outstream,United Kingdom,Desktop,5,$4.16  ~ $4.16 ,N/A,N/A,N/A,N/A,N/A
Education (Legacy),Hobbies & Interests,Outstream,United Kingdom,Mobile Web,1,$0.88  ~ $0.90 ,N/A,N/A,N/A,N/A,N/A
Education (Legacy),Hobbies & Interests,Outstream,United Kingdom,Desktop,1,$0.82  ~ $0.82 ,N/A,N/A,N/A,N/A,N/A
Education (Legacy),Hobbies & Interests,Interstitial,United Kingdom,Mobile Web,1,$0.33  ~ $0.33 ,N/A,N/A,N/A,N/A,N/A
Education (Legacy),Hobbies & Interests,Interstitial,United Kingdom,Desktop,2,$1.11  ~ $1.11 ,N/A,N/A,N/A,N/A,N/A
Education (Legacy),Home & Garden,Outstream,United States,Desktop,3,$4.92  ~ $7.12 ,$9.50 ,N/A,0.05%,N/A,N/A
Education (Legacy),News,Outstream,United States,Desktop,1,$12.02  ~ $12.36 ,N/A,N/A,N/A,N/A,N/A
Education (Legacy),Health & Fitness,Outstream,United States,Mobile Web,1,$6.47  ~ $9.03 ,$9.39 ,$25.21 ,0.07%,N/A,N/A
Education (Legacy),Health & Fitness,Outstream,United Kingdom,Desktop,5,$4.83  ~ $5.74 ,N/A,N/A,N/A,N/A,N/A
Education (Legacy),Arts & Entertainment,Interstitial,United States,Desktop,1,$7.73  ~ $8.77 ,N/A,N/A,N/A,N/A,N/A
Education (Legacy),Arts & Entertainment,Outstream,United States,Desktop,2,$5.46  ~ $5.52 ,N/A,N/A,N/A,N/A,N/A
Education (Legacy),Careers,Outstream,United States,Desktop,1,$5.96  ~ $7.61 ,N/A,N/A,N/A,N/A,N/A
Education (Legacy),Travel,Outstream,United Kingdom,Desktop,3,$4.70  ~ $5.90 ,N/A,N/A,N/A,N/A,N/A
Education (Legacy),Advertising,Outstream,United States,Tablet,1,$9.56  ~ $15.59 ,N/A,N/A,N/A,N/A,N/A
Education (Legacy),Exercise,Outstream,United States,Desktop,2,$2.68  ~ $2.73 ,N/A,N/A,N/A,N/A,N/A
Education (Legacy),Shopping,Outstream,United States,Desktop,1,$3.95  ~ $5.79 ,N/A,N/A,N/A,N/A,N/A
Education (Legacy),Shopping,Outstream,United States,Mobile Web,1,$0.76  ~ $5.85 ,$1.62 ,$12.54 ,0.05%,N/A,N/A
Education (Legacy),Business,Outstream,United Kingdom,Desktop,9,$6.17  ~ $6.93 ,N/A,N/A,N/A,N/A,N/A
Education (Legacy),Business,Outstream,United States,Desktop,5,$6.46  ~ $7.29 ,$65.28 ,$41.44 ,0.01%,N/A,N/A
Education (Legacy),Biotech/Biomedical,Outstream,United States,Desktop,1,$19.70  ~ $27.81 ,N/A,N/A,N/A,N/A,N/A
Education (Legacy),Legal Issues,Interstitial,United Kingdom,Mobile Web,1,$0.00  ~ $0.00 ,N/A,N/A,N/A,N/A,N/A
Family & Parenting (Legacy),Personal Finance,Outstream,United States,Desktop,1,$4.93  ~ $5.08 ,N/A,N/A,N/A,N/A,N/A
Family & Parenting (Legacy),Food & Drink,Outstream,United States,Mobile Web,1,$6.47  ~ $7.06 ,$6.69 ,N/A,0.10%,N/A,N/A
Family & Parenting (Legacy),Food & Drink,Outstream,United States,Desktop,1,$7.01  ~ $7.06 ,N/A,N/A,N/A,N/A,N/A
Family & Parenting (Legacy),Food & Drink,Outstream,United Kingdom,Desktop,1,$9.28  ~ $19.66 ,N/A,N/A,N/A,N/A,N/A
Family & Parenting (Legacy),Home & Garden,Outstream,United States,Desktop,3,$4.37  ~ $5.55 ,N/A,N/A,N/A,N/A,N/A
Family & Parenting (Legacy),Interior Decorating,Outstream,United States,Desktop,6,$5.41  ~ $5.98 ,N/A,N/A,N/A,N/A,N/A
Family & Parenting (Legacy),Shopping,Outstream,United Kingdom,Mobile Web,1,$5.83  ~ $6.16 ,$3.44 ,$34.39 ,0.17%,N/A,N/A
Family & Parenting (Legacy),Shopping,Outstream,United States,Desktop,2,$3.12  ~ $3.83 ,N/A,N/A,N/A,N/A,N/A
Family & Parenting (Legacy),Shopping,Outstream,United States,Mobile Web,8,$0.88  ~ $3.79 ,$1.34 ,$14.85 ,0.07%,N/A,N/A
Family & Parenting (Legacy),Shopping,Interstitial,United States,Mobile Web,2,$2.56  ~ $3.82 ,N/A,N/A,N/A,N/A,N/A
Family & Parenting (Legacy),Hobbies & Interests,Outstream,United States,Desktop,1,$7.16  ~ $8.49 ,$12.86 ,N/A,0.06%,N/A,N/A
Family & Parenting (Legacy),Automotive,Instream,United States,Mobile Web,4,$1.38  ~ $3.28 ,N/A,N/A,N/A,N/A,N/A
Family & Parenting (Legacy),Automotive,Outstream,United States,Mobile Web,3,$4.79  ~ $7.10 ,$1.06 ,N/A,0.45%,N/A,N/A
Family & Parenting (Legacy),Business,Outstream,United States,Desktop,8,$6.70  ~ $7.69 ,$25.28 ,N/A,0.03%,N/A,N/A
Family & Parenting (Legacy),Business,Outstream,United States,Mobile Web,5,$6.20  ~ $7.36 ,$5.46 ,$75.43 ,0.11%,N/A,N/A
Family & Parenting (Legacy),Business,Outstream,United Kingdom,Desktop,2,$6.26  ~ $7.24 ,N/A,N/A,N/A,N/A,N/A
Family & Parenting (Legacy),Arts & Entertainment,Outstream,United States,Desktop,1,$5.29  ~ $6.06 ,$3.32 ,$2.15 ,0.16%,N/A,N/A
Family & Parenting (Legacy),Arts & Entertainment,Outstream,United Kingdom,Mobile Web,1,$6.60  ~ $9.69 ,$2.20 ,N/A,0.30%,N/A,N/A
Family & Parenting (Legacy),Real Estate,Outstream,United Kingdom,Desktop,1,$7.45  ~ $11.99 ,N/A,N/A,N/A,N/A,N/A
Family & Parenting (Legacy),Health & Fitness,Outstream,Ireland,Mobile Web,8,$2.06  ~ $4.67 ,$1.08 ,N/A,0.19%,N/A,N/A
Family & Parenting (Legacy),Health & Fitness,Outstream,United States,Desktop,2,$6.31  ~ $8.16 ,N/A,N/A,N/A,N/A,N/A
Family & Parenting (Legacy),Music,Outstream,United States,Desktop,1,$7.52  ~ $7.66 ,N/A,N/A,N/A,N/A,N/A
Food & Drink (Legacy),News,Outstream,United States,Mobile Web,5,$11.80  ~ $11.95 ,$3.54 ,N/A,0.34%,N/A,N/A
Food & Drink (Legacy),Business,Outstream,United States,Mobile Web,5,$6.83  ~ $7.45 ,$11.80 ,$83.70 ,0.06%,N/A,N/A
Food & Drink (Legacy),Business,Outstream,United States,Desktop,2,$7.01  ~ $7.88 ,$42.52 ,N/A,0.02%,N/A,N/A
Food & Drink (Legacy),Business,Outstream,United Kingdom,Desktop,3,$4.39  ~ $6.63 ,N/A,N/A,N/A,N/A,N/A
Food & Drink (Legacy),Health & Fitness,Outstream,United States,Desktop,2,$8.20  ~ $9.66 ,N/A,N/A,N/A,N/A,N/A
Food & Drink (Legacy),Health & Fitness,Outstream,United Kingdom,Desktop,1,$3.51  ~ $4.52 ,N/A,N/A,N/A,N/A,N/A
Food & Drink (Legacy),Shopping,Outstream,United States,Desktop,1,$5.27  ~ $5.41 ,$28.64 ,$23.18 ,0.02%,N/A,N/A
Food & Drink (Legacy),"Law, Gov't & Politics",Outstream,United States,Mobile Web,1,$18.34  ~ $20.38 ,$9.39 ,N/A,0.20%,N/A,N/A
Food & Drink (Legacy),"Law, Gov't & Politics",Outstream,United States,Desktop,1,$21.09  ~ $22.26 ,N/A,N/A,N/A,N/A,N/A
Food & Drink (Legacy),Home & Garden,Outstream,United States,Mobile Web,1,$5.82  ~ $5.84 ,$6.43 ,$105.73 ,0.09%,N/A,N/A
Food & Drink (Legacy),Home & Garden,Outstream,United States,Desktop,1,$6.29  ~ $7.15 ,$21.56 ,$18.33 ,0.03%,N/A,N/A
Food & Drink (Legacy),Hobbies & Interests,Outstream,United Kingdom,Mobile Web,1,$0.56  ~ $0.56 ,$1.62 ,N/A,0.03%,N/A,N/A
Food & Drink (Legacy),Hobbies & Interests,Outstream,United Kingdom,Desktop,2,$0.46  ~ $0.46 ,$2.58 ,N/A,0.02%,N/A,N/A
Food & Drink (Legacy),Gardening,Outstream,United States,Desktop,1,$4.73  ~ $8.14 ,N/A,N/A,N/A,N/A,N/A
Food & Drink (Legacy),Careers,Outstream,United States,Mobile Web,1,$1.50  ~ $7.87 ,$2.37 ,N/A,0.06%,N/A,N/A
Food & Drink (Legacy),Music,Outstream,United States,Desktop,1,$7.46  ~ $7.54 ,$9.26 ,N/A,0.08%,N/A,N/A
Food & Drink (Legacy),Personal Finance,Outstream,United States,Mobile Web,1,$5.44  ~ $5.74 ,$6.92 ,N/A,0.08%,N/A,N/A
Health & Fitness (Legacy),Travel,Outstream,United States,Desktop,1,$4.09  ~ $4.49 ,N/A,N/A,N/A,N/A,N/A
Health & Fitness (Legacy),Business,Outstream,United States,Desktop,5,$6.36  ~ $8.03 ,$43.54 ,N/A,0.01%,N/A,N/A
Health & Fitness (Legacy),Business,Outstream,United Kingdom,Mobile Web,1,$5.24  ~ $6.18 ,$3.87 ,$13.93 ,0.16%,N/A,N/A
Health & Fitness (Legacy),Business,Interstitial,United Kingdom,Mobile Web,1,$9.29  ~ $19.90 ,N/A,N/A,N/A,N/A,N/A
Health & Fitness (Legacy),Home & Garden,Outstream,United States,Mobile Web,1,$4.84  ~ $4.93 ,$6.57 ,$32.99 ,0.07%,N/A,N/A
Health & Fitness (Legacy),Shopping,Outstream,United States,Mobile Web,2,$0.83  ~ $4.08 ,$1.90 ,N/A,0.04%,N/A,N/A
Health & Fitness (Legacy),Shopping,Outstream,United Kingdom,Desktop,2,$3.23  ~ $6.09 ,$3.43 ,N/A,0.09%,N/A,N/A
Health & Fitness (Legacy),Shopping,Outstream,Canada,Mobile Web,3,$1.44  ~ $1.67 ,$3.65 ,$7.88 ,0.05%,N/A,N/A
Health & Fitness (Legacy),Hobbies & Interests,Outstream,United Kingdom,Desktop,4,$0.70  ~ $0.70 ,N/A,N/A,N/A,N/A,N/A
Health & Fitness (Legacy),Advertising,Outstream,United States,Mobile Web,10,$17.76  ~ $19.08 ,N/A,N/A,N/A,N/A,N/A
Health & Fitness (Legacy),Legal Issues,Outstream,United States,Mobile Web,1,$5.21  ~ $5.38 ,N/A,N/A,N/A,N/A,N/A
Health & Fitness (Legacy),News,Outstream,United States,Mobile Web,5,$10.18  ~ $11.47 ,$3.42 ,N/A,0.30%,N/A,N/A
Health & Fitness (Legacy),News,Outstream,United States,Desktop,2,$7.52  ~ $11.10 ,N/A,N/A,N/A,N/A,N/A
Health & Fitness (Legacy),Careers,Outstream,United States,Mobile Web,1,$2.12  ~ $12.47 ,N/A,N/A,N/A,N/A,N/A
Health & Fitness (Legacy),Pets,Outstream,United States,Mobile Web,1,$4.76  ~ $8.00 ,$7.84 ,N/A,0.06%,N/A,N/A
Health & Fitness (Legacy),Metals,Outstream,United States,Desktop,1,$9.96  ~ $10.12 ,N/A,N/A,N/A,N/A,N/A
Health & Fitness (Legacy),Automotive,Outstream,United States,Mobile Web,1,$4.77  ~ $6.75 ,$3.38 ,N/A,0.14%,N/A,N/A
Health & Fitness (Legacy),Health & Fitness,Outstream,United States,Desktop,3,$8.61  ~ $10.18 ,N/A,N/A,N/A,N/A,N/A
Health & Fitness (Legacy),Health & Fitness,Outstream,United States,Mobile Web,1,$9.29  ~ $9.31 ,$8.05 ,$38.09 ,0.12%,N/A,N/A
Health & Fitness (Legacy),Investing,Interstitial,United States,Mobile Web,1,$0.00  ~ $0.00 ,N/A,N/A,N/A,N/A,N/A
Hobbies & Interests (Legacy),Biotech/Biomedical,Outstream,United States,Mobile Web,1,$20.22  ~ $25.78 ,$29.38 ,N/A,0.07%,N/A,N/A
Hobbies & Interests (Legacy),Clothing,Interstitial,United States,Desktop,1,$0.00  ~ $0.00 ,N/A,N/A,N/A,N/A,N/A
Hobbies & Interests (Legacy),Legal Issues,Outstream,United States,Mobile Web,1,$4.50  ~ $4.54 ,$5.64 ,N/A,0.08%,N/A,N/A
Hobbies & Interests (Legacy),Legal Issues,Outstream,United Kingdom,Mobile Web,2,$3.91  ~ $3.91 ,N/A,N/A,N/A,N/A,N/A
Hobbies & Interests (Legacy),Travel,Outstream,United States,Mobile Web,3,$3.49  ~ $3.57 ,$1.81 ,$19.63 ,0.20%,N/A,N/A
Hobbies & Interests (Legacy),Travel,Outstream,United States,Desktop,2,$2.72  ~ $2.82 ,N/A,N/A,N/A,N/A,N/A
Hobbies & Interests (Legacy),Travel,Interstitial,United Kingdom,Desktop,1,$6.78  ~ $7.76 ,N/A,N/A,N/A,N/A,N/A
Hobbies & Interests (Legacy),Travel,Rewarded,United Kingdom,Desktop,1,$0.00  ~ $0.00 ,N/A,N/A,N/A,N/A,N/A
Hobbies & Interests (Legacy),Hotels,Outstream,United States,Mobile Web,2,$3.94  ~ $4.23 ,N/A,N/A,N/A,N/A,N/A
Hobbies & Interests (Legacy),Hotels,Interstitial,United States,Desktop,1,$0.00  ~ $0.00 ,N/A,N/A,N/A,N/A,N/A
Hobbies & Interests (Legacy),Arts & Entertainment,Outstream,United Kingdom,Mobile Web,1,$5.74  ~ $7.96 ,N/A,N/A,N/A,N/A,N/A
Hobbies & Interests (Legacy),Arts & Entertainment,Rewarded,United States,Desktop,3,$0.00  ~ $0.00 ,N/A,N/A,N/A,N/A,N/A
Hobbies & Interests (Legacy),Arts & Entertainment,Interstitial,United States,Desktop,2,$4.43  ~ $5.59 ,N/A,N/A,N/A,N/A,N/A
Hobbies & Interests (Legacy),Personal Finance,Outstream,United States,Mobile Web,4,$4.21  ~ $4.94 ,$2.50 ,$79.30 ,0.17%,N/A,N/A
Hobbies & Interests (Legacy),Personal Finance,Interstitial,United States,Desktop,4,$5.31  ~ $6.35 ,N/A,N/A,N/A,N/A,N/A
Hobbies & Interests (Legacy),Personal Finance,Rewarded,United States,Desktop,6,$3.74  ~ $8.19 ,N/A,N/A,N/A,N/A,N/A
Hobbies & Interests (Legacy),Logistics,Outstream,United Kingdom,Desktop,1,$7.05  ~ $7.05 ,N/A,N/A,N/A,N/A,N/A
Hobbies & Interests (Legacy),Business Software,Outstream,Canada,Desktop,1,$3.66  ~ $10.48 ,$8.03 ,N/A,0.13%,N/A,N/A
Hobbies & Interests (Legacy),Home & Garden,Outstream,United States,Mobile Web,2,$4.00  ~ $5.93 ,$3.51 ,$15.51 ,0.11%,N/A,N/A
Hobbies & Interests (Legacy),Advertising,Outstream,United States,Desktop,1,$5.03  ~ $6.17 ,N/A,N/A,N/A,N/A,N/A
Hobbies & Interests (Legacy),Advertising,Interstitial,United States,Mobile Web,1,$0.00  ~ $23.55 ,N/A,N/A,N/A,N/A,N/A
Hobbies & Interests (Legacy),Advertising,Interstitial,United States,Desktop,1,$0.00  ~ $0.00 ,N/A,N/A,N/A,N/A,N/A
Hobbies & Interests (Legacy),Advertising,Rewarded,United States,Mobile Web,1,$0.00  ~ $0.00 ,N/A,N/A,N/A,N/A,N/A
Hobbies & Interests (Legacy),Advertising,Rewarded,United States,Desktop,2,$0.00  ~ $0.00 ,N/A,N/A,N/A,N/A,N/A
Hobbies & Interests (Legacy),Food & Drink,Outstream,United States,Mobile Web,1,$6.21  ~ $7.61 ,$8.52 ,N/A,0.07%,N/A,N/A
Hobbies & Interests (Legacy),Food & Drink,Outstream,United States,Desktop,1,$6.79  ~ $7.42 ,N/A,N/A,N/A,N/A,N/A
Hobbies & Interests (Legacy),Shopping,Outstream,United States,Mobile Web,29,$0.59  ~ $5.81 ,$1.49 ,N/A,0.04%,N/A,N/A
Hobbies & Interests (Legacy),Shopping,Interstitial,United States,Mobile Web,2,$2.77  ~ $6.42 ,$2.33 ,N/A,0.12%,N/A,N/A
Hobbies & Interests (Legacy),Shopping,Interstitial,United Kingdom,Desktop,2,$3.69  ~ $3.75 ,N/A,N/A,N/A,N/A,N/A
Hobbies & Interests (Legacy),Shopping,Rewarded,United Kingdom,Desktop,2,$0.00  ~ $7.20 ,N/A,N/A,N/A,N/A,N/A
Hobbies & Interests (Legacy),Careers,Outstream,United States,Mobile Web,2,$0.63  ~ $6.72 ,$4.40 ,N/A,0.01%,N/A,N/A
Hobbies & Interests (Legacy),Adventure Travel,Outstream,United States,Mobile Web,1,$3.07  ~ $9.49 ,$1.62 ,N/A,0.19%,N/A,N/A
Hobbies & Interests (Legacy),Business,Interstitial,United States,Mobile Web,3,$6.31  ~ $7.83 ,$1.35 ,N/A,0.47%,N/A,N/A
Hobbies & Interests (Legacy),Business,Interstitial,United States,Desktop,6,$5.30  ~ $7.22 ,$2.16 ,N/A,0.25%,N/A,N/A
Hobbies & Interests (Legacy),Business,Interstitial,United Kingdom,Mobile Web,1,$7.24  ~ $8.49 ,N/A,N/A,N/A,N/A,N/A
Hobbies & Interests (Legacy),Business,Rewarded,United Kingdom,Desktop,3,$0.00  ~ $0.00 ,N/A,N/A,N/A,N/A,N/A
Hobbies & Interests (Legacy),Business,Rewarded,United States,Desktop,2,$7.49  ~ $36.87 ,N/A,N/A,N/A,N/A,N/A
Hobbies & Interests (Legacy),Business,Outstream,United States,Mobile Web,24,$4.69  ~ $6.35 ,$2.83 ,$21.21 ,0.17%,N/A,N/A
Hobbies & Interests (Legacy),Business,Outstream,United States,Desktop,1,$3.47  ~ $6.18 ,$28.57 ,$152.25 ,0.01%,N/A,N/A
Hobbies & Interests (Legacy),Business,Outstream,United Kingdom,Desktop,5,$4.43  ~ $4.77 ,$11.04 ,N/A,0.04%,N/A,N/A
Hobbies & Interests (Legacy),Art/Technology,Outstream,United States,Desktop,1,$6.95  ~ $7.49 ,N/A,N/A,N/A,N/A,N/A
Hobbies & Interests (Legacy),Buying/Selling Cars,Outstream,United States,Mobile Web,1,$7.31  ~ $7.67 ,N/A,N/A,N/A,N/A,N/A
Hobbies & Interests (Legacy),Education,Outstream,United States,Mobile Web,3,$7.02  ~ $7.82 ,$4.76 ,$17.52 ,0.15%,N/A,N/A
Hobbies & Interests (Legacy),Education,Interstitial,United States,Mobile Web,2,$7.33  ~ $7.78 ,$0.36 ,$0.46 ,2.01%,N/A,N/A
Hobbies & Interests (Legacy),Health & Fitness,Interstitial,United States,Mobile Web,1,$8.09  ~ $11.17 ,$1.20 ,N/A,0.68%,N/A,N/A
Hobbies & Interests (Legacy),Health & Fitness,Interstitial,United States,Desktop,1,$3.24  ~ $6.54 ,N/A,N/A,N/A,N/A,N/A
Hobbies & Interests (Legacy),Health & Fitness,Rewarded,United States,Desktop,1,$0.00  ~ $0.00 ,N/A,N/A,N/A,N/A,N/A
Hobbies & Interests (Legacy),Health & Fitness,Outstream,United States,Mobile Web,5,$5.98  ~ $8.28 ,$4.64 ,$46.53 ,0.13%,N/A,N/A
Hobbies & Interests (Legacy),Health & Fitness,Outstream,United Kingdom,Desktop,5,$2.54  ~ $4.02 ,N/A,N/A,N/A,N/A,N/A
Hobbies & Interests (Legacy),Real Estate,Outstream,United States,Mobile Web,3,$4.01  ~ $6.82 ,$2.81 ,N/A,0.14%,N/A,N/A
Hobbies & Interests (Legacy),Hobbies & Interests,Outstream,United Kingdom,Desktop,6,$0.75  ~ $0.75 ,$1.42 ,N/A,0.05%,N/A,N/A
Hobbies & Interests (Legacy),Hobbies & Interests,Interstitial,United Kingdom,Mobile Web,1,$3.31  ~ $3.31 ,N/A,N/A,N/A,N/A,N/A
Home & Garden (Legacy),Hobbies & Interests,Outstream,United Kingdom,Mobile Web,2,$0.72  ~ $0.72 ,$2.19 ,N/A,0.03%,N/A,N/A
Home & Garden (Legacy),Computer Peripherals,Outstream,United Kingdom,Mobile Web,1,$12.22  ~ $12.22 ,N/A,N/A,N/A,N/A,N/A
Home & Garden (Legacy),Computer Peripherals,Outstream,United Kingdom,Desktop,1,$12.19  ~ $12.19 ,N/A,N/A,N/A,N/A,N/A
Home & Garden (Legacy),Health & Fitness,Outstream,United States,Desktop,1,$6.86  ~ $9.05 ,N/A,N/A,N/A,N/A,N/A
Home & Garden (Legacy),Personal Finance,Outstream,Canada,Desktop,2,$4.29  ~ $5.57 ,N/A,N/A,N/A,N/A,N/A
Home & Garden (Legacy),Personal Finance,Outstream,United States,Desktop,1,$5.29  ~ $5.61 ,N/A,N/A,N/A,N/A,N/A
Home & Garden (Legacy),Personal Finance,Outstream,United States,Mobile Web,3,$4.92  ~ $5.93 ,$3.89 ,$57.60 ,0.13%,N/A,N/A
Home & Garden (Legacy),Advertising,Outstream,United States,Mobile Web,9,$8.80  ~ $14.11 ,N/A,N/A,N/A,N/A,N/A
Home & Garden (Legacy),Travel,Outstream,United States,Desktop,1,$2.33  ~ $3.15 ,N/A,N/A,N/A,N/A,N/A
Home & Garden (Legacy),Careers,Outstream,Canada,Desktop,1,$3.77  ~ $3.97 ,N/A,N/A,N/A,N/A,N/A
Home & Garden (Legacy),"Law, Gov't & Politics",Outstream,United States,Mobile Web,1,$35.05  ~ $42.51 ,N/A,N/A,N/A,N/A,N/A
Home & Garden (Legacy),Shopping,Outstream,United States,Desktop,2,$4.47  ~ $5.57 ,$11.54 ,N/A,0.04%,N/A,N/A
Home & Garden (Legacy),Shopping,Outstream,United Kingdom,Mobile Web,1,$5.76  ~ $6.06 ,$2.65 ,$9.05 ,0.22%,N/A,N/A
Home & Garden (Legacy),Business,Outstream,Canada,Desktop,1,$2.67  ~ $6.68 ,N/A,N/A,N/A,N/A,N/A
Home & Garden (Legacy),Business,Outstream,United Kingdom,Desktop,1,$5.44  ~ $6.56 ,N/A,N/A,N/A,N/A,N/A
Home & Garden (Legacy),Business,Outstream,United Kingdom,Mobile Web,1,$5.43  ~ $5.78 ,$2.37 ,N/A,0.24%,N/A,N/A
Home & Garden (Legacy),Business,Outstream,United States,Desktop,1,$6.87  ~ $8.12 ,$50.48 ,N/A,0.01%,N/A,N/A
Home & Garden (Legacy),Business,Outstream,United States,Mobile Web,6,$5.57  ~ $7.18 ,$3.37 ,$34.66 ,0.17%,N/A,N/A
Home & Garden (Legacy),Business,Interstitial,United States,Mobile Web,2,$6.45  ~ $9.57 ,N/A,N/A,N/A,N/A,N/A
Home & Garden (Legacy),Home & Garden,Outstream,United States,Mobile Web,1,$5.64  ~ $6.95 ,$5.14 ,$20.43 ,0.11%,N/A,N/A
"Law, Gov't & Politics (Legacy)",Home & Garden,Outstream,United States,Desktop,1,$5.42  ~ $5.78 ,N/A,N/A,N/A,N/A,N/A
"Law, Gov't & Politics (Legacy)",Home & Garden,Outstream,United States,Tablet,3,$3.88  ~ $4.88 ,$5.89 ,N/A,0.07%,N/A,N/A
"Law, Gov't & Politics (Legacy)",Food & Drink,Outstream,United States,Mobile Web,1,$5.41  ~ $7.10 ,$3.02 ,N/A,0.18%,N/A,N/A
"Law, Gov't & Politics (Legacy)",Arts & Entertainment,Outstream,United States,Desktop,1,$5.38  ~ $5.91 ,$16.40 ,N/A,0.03%,N/A,N/A
"Law, Gov't & Politics (Legacy)",Arts & Entertainment,Outstream,United Kingdom,Mobile Web,1,$6.11  ~ $9.30 ,$3.54 ,N/A,0.17%,N/A,N/A
"Law, Gov't & Politics (Legacy)",Personal Finance,Outstream,United States,Mobile Web,1,$7.15  ~ $7.90 ,$5.37 ,$44.30 ,0.13%,N/A,N/A
"Law, Gov't & Politics (Legacy)",Business,Outstream,United Kingdom,Desktop,5,$7.34  ~ $8.30 ,$24.07 ,N/A,0.03%,N/A,N/A
"Law, Gov't & Politics (Legacy)",Business,Outstream,United States,Mobile Web,1,$6.42  ~ $7.91 ,$2.51 ,$24.12 ,0.26%,N/A,N/A
"Law, Gov't & Politics (Legacy)",Business,Outstream,United States,Desktop,1,$7.06  ~ $8.20 ,$97.05 ,N/A,0.01%,N/A,N/A
"Law, Gov't & Politics (Legacy)","Law, Gov't & Politics",Outstream,United States,Desktop,5,$13.38  ~ $15.97 ,N/A,N/A,N/A,N/A,N/A
"Law, Gov't & Politics (Legacy)",Travel,Outstream,United Kingdom,Desktop,1,$4.53  ~ $5.35 ,N/A,N/A,N/A,N/A,N/A
"Law, Gov't & Politics (Legacy)",Advertising,Outstream,United States,Mobile Web,5,$13.78  ~ $16.76 ,N/A,N/A,N/A,N/A,N/A
"Law, Gov't & Politics (Legacy)",Health & Fitness,Outstream,United Kingdom,Mobile Web,6,$4.65  ~ $6.39 ,$4.31 ,N/A,0.11%,N/A,N/A
"Law, Gov't & Politics (Legacy)",Careers,Outstream,Canada,Desktop,1,$4.51  ~ $5.18 ,N/A,N/A,N/A,N/A,N/A
"Law, Gov't & Politics (Legacy)",Clothing,Outstream,United States,Mobile Web,1,$9.70  ~ $11.91 ,$2.25 ,$4.36 ,0.43%,N/A,N/A
"Law, Gov't & Politics (Legacy)",Clothing,Outstream,United States,Desktop,1,$7.26  ~ $9.43 ,N/A,N/A,N/A,N/A,N/A
"Law, Gov't & Politics (Legacy)",Music,Outstream,United States,Mobile Web,1,$7.09  ~ $7.51 ,$6.74 ,$17.15 ,0.11%,N/A,N/A
"Law, Gov't & Politics (Legacy)",Shopping,Outstream,United States,Desktop,1,$4.71  ~ $6.61 ,$15.76 ,N/A,0.03%,N/A,N/A
News (Legacy),Job Search,Outstream,United States,Desktop,1,$10.17  ~ $12.25 ,N/A,N/A,N/A,N/A,N/A
News (Legacy),Graduate School,Outstream,United States,Mobile Web,7,$7.06  ~ $18.95 ,$1.93 ,$27.37 ,0.37%,N/A,N/A
News (Legacy),Graduate School,Outstream,United States,Desktop,3,$6.22  ~ $15.37 ,N/A,N/A,N/A,N/A,N/A
News (Legacy),Large Animals,Outstream,United States,Desktop,1,$8.05  ~ $8.05 ,N/A,N/A,N/A,N/A,N/A
News (Legacy),College,Outstream,United States,Desktop,3,$6.34  ~ $7.19 ,N/A,N/A,N/A,N/A,N/A
News (Legacy),College,Outstream,Canada,Desktop,1,$4.03  ~ $8.75 ,N/A,N/A,N/A,N/A,N/A
News (Legacy),Exercise,Outstream,United States,Mobile Web,2,$2.82  ~ $3.01 ,$5.58 ,$94.37 ,0.05%,N/A,N/A
News (Legacy),Exercise,Outstream,United States,Desktop,3,$3.35  ~ $3.40 ,N/A,N/A,N/A,N/A,N/A
News (Legacy),Exercise,Native,United States,Desktop,1,$1.86  ~ $1.95 ,N/A,N/A,N/A,N/A,N/A
News (Legacy),Business Software,Outstream,United States,Desktop,3,$5.30  ~ $9.47 ,$27.05 ,N/A,0.04%,N/A,N/A
News (Legacy),Business Software,Outstream,United States,Mobile Web,1,$5.77  ~ $7.37 ,$2.31 ,N/A,0.32%,N/A,N/A
News (Legacy),Business Software,Outstream,United Kingdom,Mobile Web,1,$8.12  ~ $8.22 ,$0.49 ,$1.01 ,1.65%,N/A,N/A
News (Legacy),Computer Peripherals,Outstream,Ireland,Desktop,2,$12.14  ~ $12.14 ,N/A,N/A,N/A,N/A,N/A
News (Legacy),Computer Peripherals,Outstream,United States,Desktop,1,$2.95  ~ $6.70 ,N/A,N/A,N/A,N/A,N/A
News (Legacy),Computer Peripherals,Outstream,United Kingdom,Desktop,4,$12.93  ~ $12.93 ,N/A,N/A,N/A,N/A,N/A
News (Legacy),Buying/Selling Cars,Outstream,United States,Desktop,3,$6.57  ~ $6.59 ,N/A,N/A,N/A,N/A,N/A
News (Legacy),Card Games,Outstream,United Kingdom,Mobile Web,1,$0.84  ~ $2.10 ,$1.41 ,N/A,0.06%,N/A,N/A
News (Legacy),Card Games,Outstream,United States,Desktop,10,$8.36  ~ $8.53 ,N/A,N/A,N/A,N/A,N/A
News (Legacy),Card Games,Outstream,United States,Mobile Web,10,$0.82  ~ $1.22 ,$2.88 ,N/A,0.03%,N/A,N/A
News (Legacy),Pediatrics,Outstream,United States,Desktop,1,$8.21  ~ $20.32 ,N/A,N/A,N/A,N/A,N/A
News (Legacy),Advertising,Interstitial,United States,Mobile Web,1,$6.76  ~ $6.76 ,N/A,N/A,N/A,N/A,N/A
News (Legacy),Advertising,Outstream,United States,Desktop,3,$14.12  ~ $22.60 ,N/A,N/A,N/A,N/A,N/A
News (Legacy),Advertising,Outstream,United States,Mobile Web,52,$11.16  ~ $15.64 ,$6.84 ,$3.36 ,0.23%,N/A,N/A
News (Legacy),Advertising,Outstream,United Kingdom,Mobile Web,1,$6.19  ~ $6.19 ,N/A,N/A,N/A,N/A,N/A
News (Legacy),Incest/Abuse Support,Outstream,United States,Desktop,1,$10.92  ~ $11.68 ,N/A,N/A,N/A,N/A,N/A
News (Legacy),Incest/Abuse Support,Outstream,United States,Mobile Web,1,$7.91  ~ $12.01 ,N/A,N/A,N/A,N/A,N/A
News (Legacy),Football,Outstream,United States,Desktop,1,$2.44  ~ $2.68 ,N/A,N/A,N/A,N/A,N/A
News (Legacy),Beauty,Outstream,United States,Desktop,1,$3.98  ~ $8.39 ,N/A,N/A,N/A,N/A,N/A
News (Legacy),News,Outstream,Canada,Mobile Web,1,$4.73  ~ $6.93 ,$3.01 ,N/A,0.16%,N/A,N/A
News (Legacy),News,Outstream,United States,Mobile Web,1,$9.35  ~ $12.89 ,$5.60 ,N/A,0.17%,N/A,N/A
News (Legacy),News,Outstream,United States,Desktop,23,$11.34  ~ $11.42 ,N/A,N/A,N/A,N/A,N/A
News (Legacy),Hobbies & Interests,Outstream,United Kingdom,Desktop,1,$3.88  ~ $4.01 ,$14.14 ,N/A,0.03%,N/A,N/A
News (Legacy),Hobbies & Interests,Outstream,United Kingdom,Mobile Web,6,$3.21  ~ $3.26 ,$6.85 ,N/A,0.05%,N/A,N/A
News (Legacy),Hobbies & Interests,Outstream,United States,Desktop,77,$7.30  ~ $8.61 ,$30.61 ,N/A,0.02%,N/A,N/A
News (Legacy),Hobbies & Interests,Outstream,United States,Mobile Web,2,$6.03  ~ $8.61 ,$6.48 ,$53.03 ,0.09%,N/A,N/A
News (Legacy),Green Solutions,Outstream,United States,Desktop,2,$7.99  ~ $10.41 ,$7.92 ,$5.16 ,0.10%,N/A,N/A
News (Legacy),Insurance,Outstream,United States,Desktop,3,$8.94  ~ $9.28 ,N/A,N/A,N/A,N/A,N/A
News (Legacy),Education,Interstitial,United Kingdom,Desktop,1,$0.00  ~ $7.11 ,N/A,N/A,N/A,N/A,N/A
News (Legacy),Education,Outstream,United Kingdom,Mobile Web,1,$7.78  ~ $7.97 ,$5.66 ,$16.39 ,0.14%,N/A,N/A
News (Legacy),Education,Outstream,United Kingdom,Desktop,19,$7.46  ~ $8.44 ,N/A,N/A,N/A,N/A,N/A
News (Legacy),Education,Outstream,United States,Mobile Web,8,$15.06  ~ $16.70 ,$11.30 ,$112.31 ,0.13%,N/A,N/A
News (Legacy),Education,Outstream,United States,Desktop,28,$21.61  ~ $28.74 ,$103.94 ,$222.02 ,0.02%,N/A,N/A
News (Legacy),Education,Instream,United States,Mobile Web,3,$7.14  ~ $7.26 ,N/A,N/A,N/A,N/A,N/A
News (Legacy),Travel,Outstream,United Kingdom,Desktop,9,$4.51  ~ $5.09 ,$15.43 ,$50.73 ,0.03%,N/A,N/A
News (Legacy),Travel,Outstream,United Kingdom,Mobile Web,9,$5.22  ~ $5.33 ,$0.43 ,$0.82 ,1.21%,N/A,N/A
News (Legacy),Travel,Outstream,United States,Desktop,103,$4.92  ~ $5.88 ,$98.35 ,N/A,0.01%,N/A,N/A
News (Legacy),Travel,Outstream,United States,Mobile Web,11,$3.45  ~ $3.81 ,$1.64 ,$20.22 ,0.23%,N/A,N/A
News (Legacy),Arts & Entertainment,Outstream,Canada,Desktop,1,$4.38  ~ $4.66 ,$3.05 ,N/A,0.14%,N/A,N/A
News (Legacy),Arts & Entertainment,Outstream,United Kingdom,Mobile Web,3,$6.30  ~ $9.66 ,$1.83 ,$5.03 ,0.34%,N/A,N/A
News (Legacy),Arts & Entertainment,Outstream,United Kingdom,Desktop,18,$6.22  ~ $9.40 ,N/A,N/A,N/A,N/A,N/A
News (Legacy),Arts & Entertainment,Outstream,United States,Mobile Web,8,$4.43  ~ $5.37 ,$1.90 ,$22.46 ,0.23%,N/A,N/A
News (Legacy),Arts & Entertainment,Outstream,United States,Desktop,48,$5.36  ~ $5.45 ,$10.59 ,$11.84 ,0.05%,N/A,N/A
News (Legacy),Arts & Entertainment,Interstitial,United States,Desktop,1,$4.81  ~ $5.41 ,N/A,N/A,N/A,N/A,N/A
News (Legacy),Clothing,Outstream,United States,Desktop,1,$9.59  ~ $10.25 ,N/A,N/A,N/A,N/A,N/A
News (Legacy),Shopping,Outstream,Ireland,Desktop,1,$4.75  ~ $5.19 ,N/A,N/A,N/A,N/A,N/A
News (Legacy),Shopping,Outstream,Ireland,Mobile Web,1,$4.71  ~ $4.98 ,$0.24 ,N/A,2.05%,N/A,N/A
News (Legacy),Shopping,Outstream,United States,Mobile Web,53,$0.74  ~ $5.96 ,$1.16 ,$14.09 ,0.06%,N/A,N/A
News (Legacy),Shopping,Outstream,United States,Desktop,66,$4.38  ~ $5.78 ,$14.03 ,$36.68 ,0.03%,N/A,N/A
News (Legacy),Shopping,Outstream,Canada,Mobile Web,4,$1.18  ~ $1.83 ,$0.26 ,$0.49 ,0.69%,N/A,N/A
News (Legacy),Shopping,Outstream,United Kingdom,Desktop,8,$5.33  ~ $5.83 ,$14.97 ,$71.02 ,0.04%,N/A,N/A
News (Legacy),Shopping,Outstream,United Kingdom,Mobile Web,3,$6.58  ~ $6.72 ,$0.93 ,$2.81 ,0.71%,N/A,N/A
News (Legacy),Shopping,Interstitial,United Kingdom,Desktop,1,$4.97  ~ $6.74 ,N/A,N/A,N/A,N/A,N/A
News (Legacy),Shopping,Interstitial,United States,Mobile Web,3,$3.15  ~ $4.61 ,$1.22 ,N/A,0.26%,N/A,N/A
News (Legacy),Biotech/Biomedical,Outstream,United States,Mobile Web,2,$23.73  ~ $28.21 ,$12.43 ,N/A,0.19%,N/A,N/A
News (Legacy),Biotech/Biomedical,Outstream,United States,Desktop,7,$21.24  ~ $26.83 ,N/A,N/A,N/A,N/A,N/A
News (Legacy),Coffee/Tea,Outstream,United States,Desktop,1,$6.66  ~ $6.67 ,$3.88 ,N/A,0.17%,N/A,N/A
News (Legacy),Remodeling & Construction,Outstream,United States,Mobile Web,1,$5.94  ~ $10.65 ,$1.64 ,N/A,0.36%,N/A,N/A
News (Legacy),Logistics,Outstream,United Kingdom,Mobile Web,1,$6.84  ~ $6.84 ,N/A,N/A,N/A,N/A,N/A
News (Legacy),Cold & Flu,Outstream,United States,Desktop,3,$8.55  ~ $9.85 ,N/A,N/A,N/A,N/A,N/A
News (Legacy),Agriculture,Outstream,United States,Desktop,4,$4.62  ~ $9.51 ,$25.00 ,N/A,0.04%,N/A,N/A
News (Legacy),Agriculture,Outstream,United States,Mobile Web,1,$5.35  ~ $9.77 ,$9.79 ,$1.84 ,0.10%,N/A,N/A
News (Legacy),Home & Garden,Outstream,Canada,Mobile Web,1,$2.90  ~ $5.58 ,$1.33 ,$16.06 ,0.22%,N/A,N/A
News (Legacy),Home & Garden,Outstream,Canada,Desktop,1,$4.32  ~ $5.00 ,N/A,N/A,N/A,N/A,N/A
News (Legacy),Home & Garden,Outstream,United Kingdom,Desktop,3,$6.54  ~ $6.68 ,N/A,N/A,N/A,N/A,N/A
News (Legacy),Home & Garden,Outstream,United States,Mobile Web,5,$4.22  ~ $4.34 ,$3.14 ,$24.18 ,0.13%,N/A,N/A
News (Legacy),Home & Garden,Outstream,United States,Tablet,3,$3.88  ~ $5.13 ,$5.54 ,$29.76 ,0.07%,N/A,N/A
News (Legacy),Home & Garden,Outstream,United States,Desktop,166,$4.96  ~ $4.98 ,$66.00 ,N/A,0.01%,N/A,N/A
News (Legacy),Home & Garden,Native,United States,Mobile Web,1,$2.96  ~ $4.80 ,$0.39 ,$0.72 ,0.76%,N/A,N/A
News (Legacy),Art/Technology,Outstream,United States,Desktop,5,$6.82  ~ $7.34 ,N/A,N/A,N/A,N/A,N/A
News (Legacy),Family & Parenting,Outstream,United States,Desktop,29,$6.74  ~ $6.88 ,$7.57 ,$11.79 ,0.09%,N/A,N/A
News (Legacy),Family & Parenting,Outstream,United States,Mobile Web,2,$6.25  ~ $6.99 ,$3.51 ,$60.16 ,0.18%,N/A,N/A
News (Legacy),Family & Parenting,Outstream,United Kingdom,Mobile Web,1,$10.86  ~ $10.89 ,$5.54 ,$15.71 ,0.20%,N/A,N/A
News (Legacy),Hotels,Outstream,United States,Desktop,13,$4.22  ~ $4.87 ,N/A,N/A,N/A,N/A,N/A
News (Legacy),Health & Fitness,Outstream,United Kingdom,Mobile Web,10,$4.80  ~ $6.36 ,$1.78 ,$6.17 ,0.27%,N/A,N/A
News (Legacy),Health & Fitness,Outstream,United Kingdom,Desktop,3,$6.39  ~ $6.40 ,$24.48 ,N/A,0.03%,N/A,N/A
News (Legacy),Health & Fitness,Outstream,United States,Mobile Web,10,$6.53  ~ $7.87 ,$4.43 ,$53.87 ,0.15%,N/A,N/A
News (Legacy),Health & Fitness,Outstream,United States,Desktop,158,$7.26  ~ $8.49 ,$27.46 ,N/A,0.03%,N/A,N/A
News (Legacy),Health & Fitness,Outstream,Canada,Desktop,3,$3.06  ~ $3.59 ,N/A,N/A,N/A,N/A,N/A
News (Legacy),Health & Fitness,Outstream,Canada,Mobile Web,10,$2.35  ~ $3.37 ,$1.80 ,$13.07 ,0.13%,N/A,N/A
News (Legacy),Health & Fitness,Instream,United Kingdom,Desktop,1,$7.97  ~ $8.76 ,N/A,N/A,N/A,N/A,N/A
News (Legacy),Health & Fitness,Instream,United States,Mobile Web,1,$10.85  ~ $10.98 ,$4.45 ,N/A,0.25%,N/A,N/A
News (Legacy),Health & Fitness,Native,United States,Desktop,2,$6.10  ~ $6.10 ,$0.96 ,N/A,0.63%,N/A,N/A
News (Legacy),Health & Fitness,Interstitial,United Kingdom,Desktop,1,$6.65  ~ $6.65 ,N/A,N/A,N/A,N/A,N/A
News (Legacy),Senior Living,Outstream,United States,Desktop,2,$5.77  ~ $6.84 ,N/A,N/A,N/A,N/A,N/A
News (Legacy),Mountain Biking,Outstream,United States,Mobile Web,1,$1.28  ~ $3.15 ,N/A,N/A,N/A,N/A,N/A
News (Legacy),Human Resources,Outstream,United States,Desktop,3,$11.09  ~ $11.51 ,N/A,N/A,N/A,N/A,N/A
News (Legacy),Careers,Outstream,United States,Desktop,7,$7.20  ~ $7.77 ,$5.52 ,N/A,0.13%,N/A,N/A
News (Legacy),Careers,Outstream,United States,Mobile Web,3,$1.03  ~ $8.26 ,$3.32 ,N/A,0.03%,N/A,N/A
News (Legacy),Careers,Outstream,Canada,Desktop,9,$4.55  ~ $4.86 ,N/A,N/A,N/A,N/A,N/A
News (Legacy),Food & Drink,Interstitial,United Kingdom,Mobile Web,1,$9.30  ~ $23.24 ,N/A,N/A,N/A,N/A,N/A
News (Legacy),Food & Drink,Outstream,United Kingdom,Desktop,1,$9.29  ~ $20.22 ,N/A,N/A,N/A,N/A,N/A
News (Legacy),Food & Drink,Outstream,United Kingdom,Mobile Web,1,$9.27  ~ $19.44 ,$2.23 ,$17.81 ,0.42%,N/A,N/A
News (Legacy),Food & Drink,Outstream,United States,Desktop,23,$7.39  ~ $7.56 ,$16.76 ,$25.30 ,0.05%,N/A,N/A
News (Legacy),Food & Drink,Outstream,United States,Mobile Web,12,$5.38  ~ $7.05 ,$3.59 ,$38.27 ,0.15%,N/A,N/A
News (Legacy),Food & Drink,Outstream,United States,Tablet,1,$6.18  ~ $7.09 ,$4.17 ,N/A,0.15%,N/A,N/A
News (Legacy),Business,Outstream,United Kingdom,Mobile Web,21,$6.90  ~ $8.09 ,$1.48 ,$7.97 ,0.47%,N/A,N/A
News (Legacy),Business,Outstream,United Kingdom,Tablet,2,$9.27  ~ $11.18 ,$16.75 ,$71.58 ,0.06%,N/A,N/A
News (Legacy),Business,Outstream,United Kingdom,Desktop,133,$7.86  ~ $9.56 ,$141.34 ,N/A,0.01%,N/A,N/A
News (Legacy),Business,Outstream,United States,Desktop,248,$6.87  ~ $8.35 ,$35.23 ,$180.84 ,0.02%,N/A,N/A
News (Legacy),Business,Outstream,United States,Mobile Web,59,$5.94  ~ $7.61 ,$2.69 ,$36.79 ,0.22%,N/A,N/A
News (Legacy),Business,Outstream,Canada,Desktop,4,$4.45  ~ $7.21 ,$9.86 ,N/A,0.05%,N/A,N/A
News (Legacy),Business,Outstream,Canada,Mobile Web,3,$4.44  ~ $6.00 ,$0.70 ,$5.69 ,0.63%,N/A,N/A
News (Legacy),Business,Outstream,Ireland,Desktop,1,$4.34  ~ $6.17 ,N/A,N/A,N/A,N/A,N/A
News (Legacy),Business,Native,United Kingdom,Desktop,1,$4.33  ~ $6.55 ,N/A,N/A,N/A,N/A,N/A
News (Legacy),Business,Instream,United States,Desktop,1,$8.97  ~ $9.87 ,N/A,N/A,N/A,N/A,N/A
News (Legacy),Business,Interstitial,United Kingdom,Desktop,1,$8.23  ~ $9.29 ,N/A,N/A,N/A,N/A,N/A
News (Legacy),Business,Interstitial,United Kingdom,Mobile Web,1,$7.18  ~ $7.53 ,$1.74 ,N/A,0.41%,N/A,N/A
News (Legacy),Business,Interstitial,United States,Mobile Web,4,$6.66  ~ $8.16 ,N/A,N/A,N/A,N/A,N/A
News (Legacy),Business,Interstitial,United States,Desktop,6,$7.40  ~ $7.81 ,$0.78 ,N/A,1.00%,N/A,N/A
News (Legacy),Metals,Outstream,United States,Desktop,1,$7.31  ~ $7.65 ,N/A,N/A,N/A,N/A,N/A
News (Legacy),Credit/Debt & Loans,Outstream,United States,Mobile Web,1,$2.49  ~ $10.12 ,$1.25 ,$18.17 ,0.20%,N/A,N/A
News (Legacy),Credit/Debt & Loans,Outstream,Canada,Desktop,1,$5.85  ~ $5.85 ,N/A,N/A,N/A,N/A,N/A
News (Legacy),Real Estate,Outstream,United States,Desktop,9,$6.01  ~ $6.62 ,$29.47 ,N/A,0.02%,N/A,N/A
News (Legacy),Real Estate,Outstream,United States,Mobile Web,5,$5.57  ~ $6.64 ,$9.27 ,N/A,0.06%,N/A,N/A
News (Legacy),Real Estate,Outstream,United Kingdom,Mobile Web,7,$7.18  ~ $10.82 ,$1.50 ,$4.72 ,0.72%,N/A,N/A
News (Legacy),Real Estate,Outstream,United Kingdom,Desktop,12,$7.42  ~ $13.05 ,$63.33 ,N/A,0.02%,N/A,N/A
News (Legacy),Real Estate,Native,United States,Desktop,2,$2.48  ~ $3.99 ,N/A,N/A,N/A,N/A,N/A
News (Legacy),Interior Decorating,Outstream,United States,Mobile Web,1,$3.50  ~ $4.32 ,$5.19 ,N/A,0.08%,N/A,N/A
News (Legacy),Interior Decorating,Outstream,United States,Desktop,251,$4.76  ~ $6.54 ,$1.21 ,N/A,0.54%,N/A,N/A
News (Legacy),Politics,Outstream,United States,Mobile Web,1,$8.34  ~ $8.61 ,N/A,N/A,N/A,N/A,N/A
News (Legacy),Politics,Outstream,United States,Desktop,6,$10.98  ~ $11.45 ,N/A,N/A,N/A,N/A,N/A
News (Legacy),Personal Finance,Outstream,Canada,Desktop,2,$5.02  ~ $5.70 ,N/A,N/A,N/A,N/A,N/A
News (Legacy),Personal Finance,Outstream,United States,Mobile Web,18,$6.52  ~ $8.16 ,$6.07 ,$77.11 ,0.11%,N/A,N/A
News (Legacy),Personal Finance,Outstream,United States,Desktop,62,$6.39  ~ $8.32 ,$41.82 ,$244.87 ,0.02%,N/A,N/A
News (Legacy),Personal Finance,Outstream,United Kingdom,Desktop,15,$13.06  ~ $24.60 ,$107.48 ,N/A,0.01%,N/A,N/A
News (Legacy),Personal Finance,Interstitial,United Kingdom,Desktop,1,$10.18  ~ $11.75 ,N/A,N/A,N/A,N/A,N/A
News (Legacy),Personal Finance,Instream,United Kingdom,Desktop,3,$6.02  ~ $7.41 ,N/A,N/A,N/A,N/A,N/A
News (Legacy),Personal Finance,Native,United States,Desktop,4,$4.08  ~ $4.12 ,N/A,N/A,N/A,N/A,N/A
News (Legacy),Automotive,Instream,United States,Mobile Web,4,$5.96  ~ $6.25 ,N/A,N/A,N/A,N/A,N/A
News (Legacy),Automotive,Outstream,United States,Desktop,14,$6.62  ~ $6.78 ,$16.94 ,$14.04 ,0.04%,N/A,N/A
News (Legacy),Automotive,Outstream,United States,Mobile Web,8,$4.46  ~ $6.55 ,$2.50 ,$88.57 ,0.18%,N/A,N/A
News (Legacy),Automotive,Outstream,United Kingdom,Desktop,1,$5.67  ~ $6.55 ,$8.02 ,$12.73 ,0.08%,N/A,N/A
News (Legacy),Gardening,Outstream,United States,Desktop,4,$4.41  ~ $8.92 ,$34.82 ,N/A,0.03%,N/A,N/A
News (Legacy),Pets,Outstream,United States,Desktop,3,$4.97  ~ $8.01 ,$13.96 ,N/A,0.04%,N/A,N/A
News (Legacy),Music,Outstream,United States,Mobile Web,3,$6.65  ~ $6.99 ,$9.38 ,$34.49 ,0.07%,N/A,N/A
News (Legacy),Music,Outstream,United States,Desktop,30,$7.37  ~ $7.45 ,$17.09 ,$41.60 ,0.04%,N/A,N/A
News (Legacy),"Law, Gov't & Politics",Outstream,United States,Desktop,24,$27.63  ~ $38.36 ,$53.86 ,N/A,0.05%,N/A,N/A
News (Legacy),"Law, Gov't & Politics",Outstream,United States,Mobile Web,1,$24.56  ~ $29.95 ,$26.37 ,N/A,0.09%,N/A,N/A
News (Legacy),Home Repair,Outstream,United States,Desktop,10,$7.77  ~ $8.07 ,N/A,N/A,N/A,N/A,N/A
News (Legacy),Home Repair,Outstream,United States,Mobile Web,1,$7.29  ~ $8.36 ,$16.85 ,N/A,0.04%,N/A,N/A
News (Legacy),Legal Issues,Outstream,United States,Mobile Web,3,$5.07  ~ $5.32 ,$3.11 ,$49.22 ,0.17%,N/A,N/A
News (Legacy),Legal Issues,Outstream,United Kingdom,Desktop,7,$4.32  ~ $4.32 ,$8.13 ,N/A,0.05%,N/A,N/A
News (Legacy),Legal Issues,Outstream,United Kingdom,Mobile Web,6,$3.83  ~ $3.83 ,$8.75 ,N/A,0.04%,N/A,N/A
News (Legacy),Psychology/Psychiatry,Outstream,United States,Desktop,3,$6.20  ~ $9.57 ,N/A,N/A,N/A,N/A,N/A
News (Legacy),Metals,Instream,United States,Desktop,1,$0.00  ~ $0.00 ,N/A,N/A,N/A,N/A,N/A
News (Legacy),Green Solutions,Outstream,United Kingdom,Desktop,4,$0.00  ~ $0.00 ,N/A,N/A,N/A,N/A,N/A
News (Legacy),Green Solutions,Outstream,United Kingdom,Mobile Web,7,$0.00  ~ $0.00 ,N/A,N/A,N/A,N/A,N/A
News (Legacy),Advertising,Interstitial,United States,Desktop,1,$0.00  ~ $0.00 ,N/A,N/A,N/A,N/A,N/A
News (Legacy),Clothing,Interstitial,United States,Desktop,1,$0.00  ~ $0.00 ,N/A,N/A,N/A,N/A,N/A
News (Legacy),Business Software,Interstitial,United Kingdom,Desktop,1,$0.00  ~ $0.00 ,N/A,N/A,N/A,N/A,N/A
Personal Finance (Legacy),Gardening,Outstream,United States,Desktop,1,$4.70  ~ $10.35 ,N/A,N/A,N/A,N/A,N/A
Personal Finance (Legacy),Careers,Outstream,United States,Mobile Web,3,$1.24  ~ $14.97 ,N/A,N/A,N/A,N/A,N/A
Personal Finance (Legacy),News,Outstream,Canada,Desktop,1,$5.54  ~ $12.26 ,N/A,N/A,N/A,N/A,N/A
Personal Finance (Legacy),Hobbies & Interests,Outstream,United Kingdom,Desktop,2,$0.83  ~ $0.83 ,$1.05 ,N/A,0.08%,N/A,N/A
Personal Finance (Legacy),Business,Outstream,United States,Desktop,7,$7.18  ~ $9.10 ,$60.00 ,N/A,0.01%,N/A,N/A
Personal Finance (Legacy),Business,Outstream,United States,Mobile Web,2,$6.81  ~ $8.09 ,$4.22 ,$52.00 ,0.16%,N/A,N/A
Personal Finance (Legacy),Business,Outstream,United Kingdom,Desktop,2,$6.49  ~ $7.38 ,N/A,N/A,N/A,N/A,N/A
Personal Finance (Legacy),Shopping,Outstream,United States,Desktop,2,$3.88  ~ $6.69 ,N/A,N/A,N/A,N/A,N/A
Personal Finance (Legacy),Shopping,Interstitial,United States,Mobile Web,2,$0.83  ~ $3.69 ,N/A,N/A,N/A,N/A,N/A
Personal Finance (Legacy),Legal Issues,Outstream,United Kingdom,Desktop,1,$4.38  ~ $4.38 ,N/A,N/A,N/A,N/A,N/A
Personal Finance (Legacy),Travel,Outstream,United States,Mobile Web,4,$3.26  ~ $3.93 ,$2.38 ,N/A,0.17%,N/A,N/A
Personal Finance (Legacy),Investing,Outstream,United States,Desktop,1,$6.61  ~ $6.61 ,N/A,N/A,N/A,N/A,N/A
Personal Finance (Legacy),Personal Finance,Outstream,United States,Mobile Web,3,$6.66  ~ $7.18 ,$4.88 ,$27.97 ,0.14%,N/A,N/A
Personal Finance (Legacy),Investing,Interstitial,United States,Desktop,2,$0.00  ~ $0.00 ,N/A,N/A,N/A,N/A,N/A
Pets (Legacy),Personal Finance,Outstream,United States,Mobile Web,2,$6.79  ~ $8.14 ,$4.24 ,N/A,0.16%,N/A,N/A
Pets (Legacy),Health & Fitness,Outstream,Ireland,Desktop,1,$3.37  ~ $4.84 ,N/A,N/A,N/A,N/A,N/A
Pets (Legacy),Advertising,Outstream,United States,Mobile Web,3,$9.28  ~ $14.99 ,N/A,N/A,N/A,N/A,N/A
Pets (Legacy),Hobbies & Interests,Native,United Kingdom,Desktop,1,$1.84  ~ $1.84 ,N/A,N/A,N/A,N/A,N/A
Pets (Legacy),Hobbies & Interests,Outstream,United States,Desktop,1,$6.98  ~ $8.54 ,N/A,N/A,N/A,N/A,N/A
Pets (Legacy),Hobbies & Interests,Outstream,United Kingdom,Desktop,2,$0.71  ~ $0.71 ,N/A,N/A,N/A,N/A,N/A
Pets (Legacy),Hobbies & Interests,Outstream,United Kingdom,Mobile Web,1,$0.96  ~ $0.97 ,N/A,N/A,N/A,N/A,N/A
Pets (Legacy),Shopping,Outstream,United States,Desktop,2,$3.79  ~ $6.09 ,N/A,N/A,N/A,N/A,N/A
Pets (Legacy),Shopping,Outstream,United Kingdom,Mobile Web,1,$4.59  ~ $6.39 ,$2.02 ,$3.14 ,0.23%,N/A,N/A
Pets (Legacy),Business,Outstream,United States,Mobile Web,3,$6.23  ~ $7.27 ,$1.84 ,$16.00 ,0.34%,N/A,N/A
Real Estate (Legacy),Arts & Entertainment,Outstream,United States,Mobile Web,3,$4.82  ~ $5.95 ,$3.57 ,N/A,0.14%,N/A,N/A
Real Estate (Legacy),Arts & Entertainment,Outstream,United States,Desktop,2,$6.44  ~ $6.52 ,$13.06 ,N/A,0.05%,N/A,N/A
Real Estate (Legacy),Buying/Selling Cars,Outstream,United States,Desktop,1,$6.70  ~ $6.78 ,N/A,N/A,N/A,N/A,N/A
Real Estate (Legacy),Family & Parenting,Outstream,United States,Desktop,5,$5.76  ~ $6.10 ,N/A,N/A,N/A,N/A,N/A
Real Estate (Legacy),Family & Parenting,Outstream,United States,Mobile Web,5,$5.83  ~ $6.43 ,$5.19 ,N/A,0.11%,N/A,N/A
Real Estate (Legacy),Hobbies & Interests,Outstream,United Kingdom,Tablet,1,$0.45  ~ $0.45 ,N/A,N/A,N/A,N/A,N/A
Real Estate (Legacy),Hobbies & Interests,Outstream,United States,Mobile Web,4,$7.70  ~ $8.84 ,$8.89 ,N/A,0.09%,N/A,N/A
Real Estate (Legacy),Hobbies & Interests,Outstream,United States,Desktop,4,$7.69  ~ $8.04 ,N/A,N/A,N/A,N/A,N/A
Real Estate (Legacy),Real Estate,Outstream,United States,Desktop,341,$6.41  ~ $6.61 ,N/A,N/A,N/A,N/A,N/A
Real Estate (Legacy),Real Estate,Outstream,United States,Mobile Web,169,$6.02  ~ $6.58 ,$7.90 ,N/A,0.08%,N/A,N/A
Real Estate (Legacy),Real Estate,Outstream,United States,Tablet,20,$5.82  ~ $6.66 ,N/A,N/A,N/A,N/A,N/A
Real Estate (Legacy),Interior Decorating,Outstream,United States,Mobile Web,1,$2.91  ~ $3.49 ,N/A,N/A,N/A,N/A,N/A
Real Estate (Legacy),Interior Decorating,Outstream,United States,Desktop,16,$5.82  ~ $6.42 ,N/A,N/A,N/A,N/A,N/A
Real Estate (Legacy),Interior Decorating,Outstream,United States,Tablet,1,$3.74  ~ $3.93 ,N/A,N/A,N/A,N/A,N/A
Real Estate (Legacy),Home & Garden,Outstream,United States,Desktop,69,$5.33  ~ $6.68 ,N/A,N/A,N/A,N/A,N/A
Real Estate (Legacy),Home & Garden,Outstream,United States,Mobile Web,27,$4.89  ~ $5.04 ,$3.11 ,$62.04 ,0.16%,N/A,N/A
Real Estate (Legacy),Home & Garden,Outstream,United States,Tablet,1,$4.23  ~ $6.53 ,N/A,N/A,N/A,N/A,N/A
Real Estate (Legacy),Italian Cuisine,Outstream,United States,Desktop,1,$8.49  ~ $18.91 ,N/A,N/A,N/A,N/A,N/A
Real Estate (Legacy),Travel,Outstream,United States,Mobile Web,4,$3.82  ~ $4.21 ,$3.10 ,$21.35 ,0.14%,N/A,N/A
Real Estate (Legacy),Travel,Outstream,United States,Desktop,5,$4.21  ~ $5.11 ,N/A,N/A,N/A,N/A,N/A
Real Estate (Legacy),Job Search,Outstream,United States,Mobile Web,1,$7.99  ~ $8.22 ,$4.44 ,$4.44 ,0.19%,N/A,N/A
Real Estate (Legacy),Food & Drink,Outstream,United States,Desktop,6,$7.24  ~ $7.32 ,N/A,N/A,N/A,N/A,N/A
Real Estate (Legacy),Food & Drink,Outstream,United States,Mobile Web,4,$5.74  ~ $7.07 ,$6.40 ,N/A,0.09%,N/A,N/A
Real Estate (Legacy),Food & Drink,Outstream,United Kingdom,Desktop,1,$9.29  ~ $23.21 ,N/A,N/A,N/A,N/A,N/A
Real Estate (Legacy),Insurance,Outstream,United States,Mobile Web,2,$11.66  ~ $14.61 ,N/A,N/A,N/A,N/A,N/A
Real Estate (Legacy),Insurance,Outstream,United States,Desktop,2,$12.97  ~ $13.43 ,N/A,N/A,N/A,N/A,N/A
Real Estate (Legacy),Education,Outstream,United States,Desktop,3,$12.00  ~ $12.25 ,N/A,N/A,N/A,N/A,N/A
Real Estate (Legacy),Education,Outstream,United States,Mobile Web,6,$8.75  ~ $9.00 ,$11.81 ,N/A,0.08%,N/A,N/A
Real Estate (Legacy),Business,Outstream,United States,Tablet,3,$5.53  ~ $7.73 ,$8.77 ,N/A,0.06%,N/A,N/A
Real Estate (Legacy),Business,Outstream,United States,Desktop,39,$7.42  ~ $8.41 ,$98.27 ,N/A,0.01%,N/A,N/A
Real Estate (Legacy),Business,Outstream,United States,Mobile Web,19,$6.30  ~ $7.75 ,$6.26 ,$49.49 ,0.10%,N/A,N/A
Real Estate (Legacy),Business,Outstream,Canada,Desktop,9,$3.03  ~ $7.04 ,N/A,N/A,N/A,N/A,N/A
Real Estate (Legacy),Business,Interstitial,United States,Mobile Web,1,$7.17  ~ $9.26 ,N/A,N/A,N/A,N/A,N/A
Real Estate (Legacy),Automotive,Outstream,United States,Desktop,4,$6.71  ~ $8.08 ,N/A,N/A,N/A,N/A,N/A
Real Estate (Legacy),Card Games,Outstream,United States,Desktop,2,$7.06  ~ $7.84 ,N/A,N/A,N/A,N/A,N/A
Real Estate (Legacy),Card Games,Outstream,United States,Mobile Web,1,$7.48  ~ $9.71 ,N/A,N/A,N/A,N/A,N/A
Real Estate (Legacy),Cold & Flu,Outstream,United States,Mobile Web,1,$7.29  ~ $7.83 ,N/A,N/A,N/A,N/A,N/A
Real Estate (Legacy),Metals,Outstream,United States,Mobile Web,2,$7.53  ~ $11.43 ,$0.58 ,$2.06 ,1.29%,N/A,N/A
Real Estate (Legacy),Art/Technology,Outstream,United States,Mobile Web,1,$6.88  ~ $7.46 ,N/A,N/A,N/A,N/A,N/A
Real Estate (Legacy),Art/Technology,Outstream,United States,Tablet,1,$6.73  ~ $7.56 ,N/A,N/A,N/A,N/A,N/A
Real Estate (Legacy),Art/Technology,Outstream,United States,Desktop,2,$7.00  ~ $7.29 ,N/A,N/A,N/A,N/A,N/A
Real Estate (Legacy),Advertising,Outstream,United States,Desktop,1,$11.91  ~ $15.31 ,N/A,N/A,N/A,N/A,N/A
Real Estate (Legacy),Computer Peripherals,Outstream,United Kingdom,Desktop,1,$12.12  ~ $12.12 ,N/A,N/A,N/A,N/A,N/A
Real Estate (Legacy),Personal Finance,Outstream,United States,Desktop,6,$6.04  ~ $6.71 ,N/A,N/A,N/A,N/A,N/A
Real Estate (Legacy),Personal Finance,Outstream,United States,Mobile Web,3,$5.61  ~ $6.45 ,$3.29 ,N/A,0.17%,N/A,N/A
Real Estate (Legacy),Personal Finance,Outstream,Canada,Desktop,7,$3.73  ~ $5.16 ,N/A,N/A,N/A,N/A,N/A
Real Estate (Legacy),Health & Fitness,Outstream,United States,Mobile Web,14,$7.09  ~ $8.13 ,$6.65 ,N/A,0.11%,N/A,N/A
Real Estate (Legacy),Health & Fitness,Outstream,United States,Desktop,14,$9.69  ~ $10.13 ,N/A,N/A,N/A,N/A,N/A
Real Estate (Legacy),Music,Outstream,United States,Desktop,4,$7.53  ~ $7.65 ,N/A,N/A,N/A,N/A,N/A
Real Estate (Legacy),Careers,Outstream,United States,Mobile Web,1,$1.99  ~ $7.63 ,$3.92 ,N/A,0.05%,N/A,N/A
Real Estate (Legacy),Careers,Outstream,Canada,Desktop,1,$3.21  ~ $4.75 ,N/A,N/A,N/A,N/A,N/A
Real Estate (Legacy),"Law, Gov't & Politics",Outstream,United States,Mobile Web,8,$21.13  ~ $23.87 ,$12.19 ,$0.17 ,0.17%,N/A,N/A
Real Estate (Legacy),"Law, Gov't & Politics",Outstream,United States,Desktop,1,$16.41  ~ $17.44 ,N/A,N/A,N/A,N/A,N/A
Real Estate (Legacy),News,Outstream,United States,Desktop,3,$9.18  ~ $14.65 ,N/A,N/A,N/A,N/A,N/A
Real Estate (Legacy),Shopping,Outstream,United Kingdom,Desktop,2,$1.75  ~ $4.28 ,N/A,N/A,N/A,N/A,N/A
Real Estate (Legacy),Shopping,Outstream,United States,Desktop,18,$5.83  ~ $6.81 ,N/A,N/A,N/A,N/A,N/A
Real Estate (Legacy),Shopping,Outstream,United States,Tablet,3,$4.41  ~ $6.50 ,N/A,N/A,N/A,N/A,N/A
Real Estate (Legacy),Shopping,Outstream,United States,Mobile Web,10,$1.01  ~ $6.24 ,$1.02 ,$18.99 ,0.10%,N/A,N/A
Real Estate (Legacy),Biotech/Biomedical,Outstream,United States,Mobile Web,1,$23.32  ~ $28.35 ,$11.03 ,N/A,0.21%,N/A,N/A
Real Estate (Legacy),Biotech/Biomedical,Outstream,United States,Desktop,1,$26.81  ~ $28.98 ,N/A,N/A,N/A,N/A,N/A
Real Estate (Legacy),Large Animals,Outstream,United States,Desktop,1,$8.13  ~ $8.13 ,N/A,N/A,N/A,N/A,N/A
Real Estate (Legacy),Large Animals,Outstream,United States,Mobile Web,1,$8.07  ~ $8.07 ,N/A,N/A,N/A,N/A,N/A
Real Estate (Legacy),Senior Living,Outstream,United States,Mobile Web,1,$5.69  ~ $6.79 ,N/A,N/A,N/A,N/A,N/A
Real Estate (Legacy),Senior Living,Outstream,United States,Desktop,1,$6.73  ~ $6.86 ,N/A,N/A,N/A,N/A,N/A
Real Estate (Legacy),Coffee/Tea,Outstream,United States,Mobile Web,1,$6.70  ~ $6.70 ,N/A,N/A,N/A,N/A,N/A
Religion & Spirituality (Legacy),Exercise,Outstream,United States,Mobile Web,1,$2.25  ~ $2.43 ,N/A,N/A,N/A,N/A,N/A
Religion & Spirituality (Legacy),Advertising,Outstream,United States,Mobile Web,1,$19.99  ~ $24.23 ,N/A,N/A,N/A,N/A,N/A
Science (Legacy),Clothing,Outstream,United States,Mobile Web,1,$9.48  ~ $10.95 ,N/A,N/A,N/A,N/A,N/A
Science (Legacy),Personal Finance,Outstream,United States,Mobile Web,2,$5.80  ~ $6.55 ,$4.58 ,N/A,0.13%,N/A,N/A
Science (Legacy),Personal Finance,Outstream,United States,Desktop,2,$4.85  ~ $5.42 ,$17.43 ,$13.38 ,0.03%,N/A,N/A
Science (Legacy),Home & Garden,Outstream,United States,Desktop,1,$5.00  ~ $6.58 ,N/A,N/A,N/A,N/A,N/A
Science (Legacy),Home & Garden,Outstream,United States,Mobile Web,1,$5.37  ~ $6.40 ,$5.18 ,$30.80 ,0.10%,N/A,N/A
Science (Legacy),Home & Garden,Outstream,United Kingdom,Mobile Web,1,$6.75  ~ $6.82 ,N/A,N/A,N/A,N/A,N/A
Science (Legacy),Health & Fitness,Outstream,United States,Desktop,1,$8.18  ~ $8.74 ,$7.39 ,N/A,0.11%,N/A,N/A
Science (Legacy),Business Software,Outstream,Canada,Desktop,1,$9.83  ~ $20.36 ,N/A,N/A,N/A,N/A,N/A
Science (Legacy),Advertising,Outstream,United States,Mobile Web,9,$22.62  ~ $36.87 ,$1.18 ,N/A,1.92%,N/A,N/A
Science (Legacy),Advertising,Outstream,United States,Desktop,1,$18.61  ~ $27.82 ,N/A,N/A,N/A,N/A,N/A
Science (Legacy),Music,Outstream,United States,Desktop,1,$7.32  ~ $7.62 ,N/A,N/A,N/A,N/A,N/A
Science (Legacy),Travel,Outstream,United States,Desktop,1,$3.11  ~ $3.85 ,N/A,N/A,N/A,N/A,N/A
Science (Legacy),Shopping,Outstream,United States,Mobile Web,1,$0.80  ~ $5.61 ,$1.66 ,$15.18 ,0.05%,N/A,N/A
Science (Legacy),Business,Outstream,United States,Desktop,5,$6.73  ~ $8.23 ,$18.83 ,$45.62 ,0.04%,N/A,N/A
Science (Legacy),Business,Outstream,United States,Mobile Web,1,$6.33  ~ $7.57 ,$4.35 ,$30.12 ,0.15%,N/A,N/A
Science (Legacy),Business,Outstream,United Kingdom,Desktop,5,$7.48  ~ $8.70 ,$10.17 ,N/A,0.07%,N/A,N/A
Science (Legacy),Business,Interstitial,United States,Desktop,1,$8.08  ~ $10.86 ,N/A,N/A,N/A,N/A,N/A
Science (Legacy),Interior Decorating,Outstream,United States,Desktop,1,$5.45  ~ $5.76 ,N/A,N/A,N/A,N/A,N/A
Science (Legacy),Logistics,Outstream,United Kingdom,Desktop,1,$7.19  ~ $7.19 ,N/A,N/A,N/A,N/A,N/A
Science (Legacy),Investing,Interstitial,United States,Mobile Web,1,$0.00  ~ $0.00 ,N/A,N/A,N/A,N/A,N/A
Shopping (Legacy),Health & Fitness,Outstream,United States,Mobile Web,3,$7.59  ~ $10.05 ,$8.61 ,$25.28 ,0.09%,N/A,N/A
Shopping (Legacy),Health & Fitness,Outstream,United States,Desktop,2,$7.57  ~ $9.74 ,N/A,N/A,N/A,N/A,N/A
Shopping (Legacy),Personal Finance,Outstream,United States,Desktop,1,$6.01  ~ $6.21 ,N/A,N/A,N/A,N/A,N/A
Shopping (Legacy),Personal Finance,Outstream,United Kingdom,Desktop,1,$10.86  ~ $21.39 ,N/A,N/A,N/A,N/A,N/A
Shopping (Legacy),Job Search,Outstream,United States,Desktop,1,$10.38  ~ $12.47 ,N/A,N/A,N/A,N/A,N/A
Shopping (Legacy),Home & Garden,Outstream,United States,Mobile Web,1,$5.27  ~ $5.52 ,$2.82 ,N/A,0.19%,N/A,N/A
Shopping (Legacy),Home & Garden,Outstream,United States,Desktop,5,$5.08  ~ $6.62 ,N/A,N/A,N/A,N/A,N/A
Shopping (Legacy),Advertising,Outstream,United States,Mobile Web,4,$15.14  ~ $17.56 ,N/A,N/A,N/A,N/A,N/A
Shopping (Legacy),Arts & Entertainment,Outstream,United States,Desktop,1,$5.85  ~ $5.99 ,N/A,N/A,N/A,N/A,N/A
Shopping (Legacy),Business,Interstitial,United Kingdom,Desktop,1,$9.71  ~ $9.95 ,N/A,N/A,N/A,N/A,N/A
Shopping (Legacy),Business,Outstream,United States,Desktop,9,$6.58  ~ $8.05 ,$48.41 ,N/A,0.01%,N/A,N/A
Shopping (Legacy),Business,Outstream,United States,Mobile Web,2,$6.12  ~ $7.17 ,$3.71 ,$22.50 ,0.17%,N/A,N/A
Shopping (Legacy),Business,Outstream,United Kingdom,Desktop,5,$4.38  ~ $4.79 ,N/A,N/A,N/A,N/A,N/A
Shopping (Legacy),Travel,Interstitial,United Kingdom,Desktop,2,$0.00  ~ $0.00 ,N/A,N/A,N/A,N/A,N/A
Shopping (Legacy),Travel,Outstream,United Kingdom,Mobile Web,1,$3.32  ~ $4.59 ,$3.33 ,$6.74 ,0.10%,N/A,N/A
Shopping (Legacy),Travel,Outstream,United States,Mobile Web,5,$3.09  ~ $3.68 ,$2.02 ,$11.10 ,0.18%,N/A,N/A
Shopping (Legacy),Travel,Outstream,United States,Desktop,1,$4.13  ~ $4.51 ,$9.00 ,N/A,0.05%,N/A,N/A
Shopping (Legacy),Hobbies & Interests,Outstream,United Kingdom,Desktop,2,$1.45  ~ $1.45 ,$2.20 ,N/A,0.07%,N/A,N/A
Shopping (Legacy),Shopping,Outstream,United States,Desktop,1,$3.98  ~ $4.97 ,N/A,N/A,N/A,N/A,N/A
Shopping (Legacy),Shopping,Outstream,United States,Mobile Web,4,$0.73  ~ $4.42 ,$1.04 ,$15.79 ,0.07%,N/A,N/A
Shopping (Legacy),Careers,Outstream,United States,Mobile Web,3,$1.07  ~ $8.37 ,$3.11 ,N/A,0.03%,N/A,N/A
Society (Legacy),Home & Garden,Outstream,United States,Desktop,1,$4.26  ~ $4.61 ,$9.30 ,N/A,0.05%,N/A,N/A
Society (Legacy),Home & Garden,Outstream,United States,Mobile Web,5,$3.58  ~ $4.69 ,$1.13 ,N/A,0.32%,N/A,N/A
Society (Legacy),Hotels,Outstream,United States,Mobile Web,1,$3.94  ~ $5.38 ,N/A,N/A,N/A,N/A,N/A
Society (Legacy),Biotech/Biomedical,Outstream,United States,Mobile Web,1,$16.10  ~ $17.20 ,$12.47 ,N/A,0.13%,N/A,N/A
Society (Legacy),Biotech/Biomedical,Outstream,United States,Desktop,1,$21.44  ~ $28.34 ,N/A,N/A,N/A,N/A,N/A
Society (Legacy),Family & Parenting,Outstream,United States,Mobile Web,1,$5.64  ~ $6.36 ,$2.29 ,$16.48 ,0.25%,N/A,N/A
Society (Legacy),Advertising,Outstream,United States,Mobile Web,12,$10.73  ~ $14.87 ,N/A,N/A,N/A,N/A,N/A
Society (Legacy),Graduate School,Outstream,United States,Mobile Web,1,$3.99  ~ $13.44 ,$4.74 ,$18.86 ,0.08%,N/A,N/A
Society (Legacy),Education,Outstream,United States,Mobile Web,4,$7.57  ~ $8.42 ,$2.70 ,$28.93 ,0.28%,N/A,N/A
Society (Legacy),Education,Outstream,United Kingdom,Mobile Web,3,$6.97  ~ $7.03 ,$3.75 ,N/A,0.19%,N/A,N/A
Society (Legacy),Automotive,Outstream,United States,Mobile Web,1,$4.14  ~ $6.57 ,$1.84 ,$14.76 ,0.23%,N/A,N/A
Society (Legacy),Food & Drink,Outstream,United States,Mobile Web,1,$5.71  ~ $7.14 ,$2.15 ,N/A,0.27%,N/A,N/A
Society (Legacy),Arts & Entertainment,Outstream,United States,Mobile Web,1,$4.59  ~ $6.60 ,$2.56 ,$20.81 ,0.18%,N/A,N/A
Society (Legacy),Health & Fitness,Outstream,United States,Desktop,3,$6.68  ~ $8.43 ,$20.07 ,$11.78 ,0.03%,N/A,N/A
Society (Legacy),Health & Fitness,Outstream,United States,Mobile Web,1,$5.93  ~ $8.64 ,$5.33 ,$25.28 ,0.11%,N/A,N/A
Society (Legacy),Health & Fitness,Outstream,United Kingdom,Desktop,8,$5.03  ~ $5.36 ,N/A,N/A,N/A,N/A,N/A
Society (Legacy),Business,Interstitial,United Kingdom,Mobile Web,1,$4.86  ~ $5.53 ,N/A,N/A,N/A,N/A,N/A
Society (Legacy),Business,Outstream,United States,Desktop,3,$6.57  ~ $7.51 ,N/A,N/A,N/A,N/A,N/A
Society (Legacy),Business,Outstream,United States,Mobile Web,16,$5.35  ~ $7.06 ,$2.62 ,$38.90 ,0.20%,N/A,N/A
Society (Legacy),Business,Outstream,United Kingdom,Desktop,3,$5.56  ~ $6.95 ,$4.39 ,N/A,0.13%,N/A,N/A
Society (Legacy),Business,Outstream,United Kingdom,Mobile Web,1,$4.62  ~ $4.96 ,$4.49 ,$11.41 ,0.11%,N/A,N/A
Society (Legacy),Business,Outstream,Canada,Mobile Web,1,$2.72  ~ $6.92 ,$3.17 ,N/A,0.09%,N/A,N/A
Society (Legacy),Hobbies & Interests,Outstream,United Kingdom,Tablet,1,$0.48  ~ $0.48 ,$0.46 ,N/A,0.11%,N/A,N/A
Society (Legacy),Hobbies & Interests,Interstitial,United Kingdom,Desktop,1,$0.63  ~ $0.63 ,N/A,N/A,N/A,N/A,N/A
Society (Legacy),Clothing,Outstream,United States,Desktop,1,$11.29  ~ $12.28 ,N/A,N/A,N/A,N/A,N/A
Society (Legacy),Personal Finance,Outstream,United States,Mobile Web,7,$5.06  ~ $6.04 ,$3.48 ,$27.84 ,0.15%,N/A,N/A
Society (Legacy),Personal Finance,Outstream,United States,Desktop,1,$5.15  ~ $5.32 ,$22.88 ,$18.11 ,0.02%,N/A,N/A
Society (Legacy),Personal Finance,Outstream,Canada,Desktop,1,$5.84  ~ $6.18 ,N/A,N/A,N/A,N/A,N/A
Society (Legacy),Buying/Selling Cars,Outstream,United States,Mobile Web,3,$7.41  ~ $8.08 ,N/A,N/A,N/A,N/A,N/A
Society (Legacy),Shopping,Outstream,United States,Mobile Web,19,$1.14  ~ $6.61 ,$1.18 ,$21.22 ,0.10%,N/A,N/A
Society (Legacy),Shopping,Outstream,United States,Desktop,1,$3.82  ~ $5.71 ,$6.58 ,N/A,0.06%,N/A,N/A
Society (Legacy),Legal Issues,Outstream,United Kingdom,Desktop,6,$4.17  ~ $4.17 ,N/A,N/A,N/A,N/A,N/A
Society (Legacy),Travel,Outstream,United Kingdom,Desktop,3,$3.79  ~ $4.45 ,N/A,N/A,N/A,N/A,N/A
Society (Legacy),Travel,Outstream,United States,Mobile Web,5,$3.41  ~ $3.42 ,$1.85 ,$19.62 ,0.18%,N/A,N/A
Society (Legacy),Travel,Outstream,United States,Desktop,1,$3.24  ~ $3.76 ,N/A,N/A,N/A,N/A,N/A
Society (Legacy),Home Repair,Outstream,United States,Mobile Web,1,$6.93  ~ $8.32 ,N/A,N/A,N/A,N/A,N/A
Society (Legacy),Remodeling & Construction,Outstream,United States,Mobile Web,1,$4.07  ~ $10.57 ,$0.60 ,N/A,0.68%,N/A,N/A
Society (Legacy),Real Estate,Outstream,United States,Mobile Web,1,$5.44  ~ $6.57 ,$18.01 ,N/A,0.03%,N/A,N/A
Society (Legacy),Real Estate,Outstream,United States,Desktop,1,$6.30  ~ $6.49 ,N/A,N/A,N/A,N/A,N/A
Society (Legacy),Real Estate,Outstream,United Kingdom,Desktop,1,$7.51  ~ $15.35 ,N/A,N/A,N/A,N/A,N/A
Society (Legacy),Health & Fitness,Instream,United Kingdom,Desktop,1,$0.00  ~ $0.00 ,N/A,N/A,N/A,N/A,N/A
Sports (Legacy),Pediatrics,Outstream,United States,Mobile Web,1,$14.11  ~ $19.38 ,$3.27 ,N/A,0.43%,N/A,N/A
Sports (Legacy),Home & Garden,Outstream,United States,Desktop,2,$4.30  ~ $5.36 ,N/A,N/A,N/A,N/A,N/A
Sports (Legacy),Home & Garden,Outstream,United States,Mobile Web,5,$5.41  ~ $5.95 ,$1.81 ,$26.70 ,0.33%,N/A,N/A
Sports (Legacy),Home & Garden,Outstream,United Kingdom,Desktop,1,$8.61  ~ $8.88 ,N/A,N/A,N/A,N/A,N/A
Sports (Legacy),Home & Garden,Outstream,United Kingdom,Mobile Web,3,$7.14  ~ $7.58 ,$9.31 ,N/A,0.08%,N/A,N/A
Sports (Legacy),Hobbies & Interests,Outstream,United States,Mobile Web,1,$6.75  ~ $8.11 ,$5.81 ,$19.98 ,0.12%,N/A,N/A
Sports (Legacy),Hobbies & Interests,Outstream,United States,Desktop,2,$7.72  ~ $7.81 ,N/A,N/A,N/A,N/A,N/A
Sports (Legacy),Hobbies & Interests,Outstream,United Kingdom,Desktop,6,$1.25  ~ $1.25 ,$4.87 ,N/A,0.03%,N/A,N/A
Sports (Legacy),Hobbies & Interests,Interstitial,United Kingdom,Desktop,1,$6.09  ~ $6.09 ,N/A,N/A,N/A,N/A,N/A
Sports (Legacy),Graduate School,Outstream,United States,Desktop,1,$7.23  ~ $16.60 ,N/A,N/A,N/A,N/A,N/A
Sports (Legacy),Appliances,Outstream,United States,Desktop,2,$6.75  ~ $6.76 ,N/A,N/A,N/A,N/A,N/A
Sports (Legacy),"Law, Gov't & Politics",Outstream,United States,Desktop,2,$31.93  ~ $37.78 ,N/A,N/A,N/A,N/A,N/A
Sports (Legacy),Adventure Travel,Outstream,United States,Mobile Web,1,$3.63  ~ $9.46 ,N/A,N/A,N/A,N/A,N/A
Sports (Legacy),Automotive,Outstream,United States,Desktop,1,$5.49  ~ $5.76 ,$5.92 ,$14.46 ,0.10%,N/A,N/A
Sports (Legacy),Automotive,Outstream,United States,Mobile Web,1,$4.89  ~ $7.20 ,$1.79 ,$22.21 ,0.27%,N/A,N/A
Sports (Legacy),Automotive,Outstream,United Kingdom,Desktop,1,$5.64  ~ $6.72 ,N/A,N/A,N/A,N/A,N/A
Sports (Legacy),Travel,Outstream,United Kingdom,Desktop,2,$3.99  ~ $4.07 ,N/A,N/A,N/A,N/A,N/A
Sports (Legacy),Travel,Outstream,United States,Mobile Web,10,$4.68  ~ $4.85 ,$1.95 ,$14.78 ,0.24%,N/A,N/A
Sports (Legacy),Travel,Outstream,United States,Desktop,2,$4.23  ~ $5.02 ,$20.11 ,N/A,0.02%,N/A,N/A
Sports (Legacy),Legal Issues,Outstream,United States,Desktop,1,$6.36  ~ $6.53 ,N/A,N/A,N/A,N/A,N/A
Sports (Legacy),Legal Issues,Outstream,United States,Mobile Web,1,$4.86  ~ $4.97 ,$1.88 ,$16.91 ,0.26%,N/A,N/A
Sports (Legacy),Legal Issues,Outstream,United Kingdom,Desktop,2,$4.05  ~ $4.05 ,N/A,N/A,N/A,N/A,N/A
Sports (Legacy),Senior Living,Outstream,United States,Desktop,1,$5.33  ~ $7.07 ,N/A,N/A,N/A,N/A,N/A
Sports (Legacy),Senior Living,Outstream,United States,Mobile Web,1,$5.22  ~ $6.79 ,$0.69 ,N/A,0.75%,N/A,N/A
Sports (Legacy),Personal Finance,Outstream,United States,Mobile Web,11,$5.76  ~ $6.09 ,$2.79 ,$28.98 ,0.21%,N/A,N/A
Sports (Legacy),Personal Finance,Outstream,United States,Desktop,6,$4.69  ~ $5.34 ,$87.92 ,N/A,0.01%,N/A,N/A
Sports (Legacy),Personal Finance,Interstitial,United Kingdom,Desktop,1,$9.18  ~ $14.73 ,N/A,N/A,N/A,N/A,N/A
Sports (Legacy),Food & Drink,Outstream,United Kingdom,Desktop,2,$9.27  ~ $22.91 ,N/A,N/A,N/A,N/A,N/A
Sports (Legacy),Food & Drink,Outstream,United States,Mobile Web,9,$6.78  ~ $7.08 ,$2.48 ,$42.50 ,0.27%,N/A,N/A
Sports (Legacy),Food & Drink,Outstream,United States,Desktop,2,$7.62  ~ $7.64 ,$9.21 ,$14.40 ,0.08%,N/A,N/A
Sports (Legacy),Health/Lowfat Cooking,Outstream,Mexico,Desktop,1,$10.96  ~ $10.96 ,N/A,N/A,N/A,N/A,N/A
Sports (Legacy),Shopping,Outstream,Canada,Mobile Web,3,$1.06  ~ $1.32 ,$3.37 ,$16.41 ,0.04%,N/A,N/A
Sports (Legacy),Shopping,Outstream,United States,Mobile Web,327,$0.95  ~ $5.89 ,$0.94 ,$16.58 ,0.10%,N/A,N/A
Sports (Legacy),Shopping,Outstream,United States,Desktop,29,$4.21  ~ $5.74 ,$17.77 ,N/A,0.02%,N/A,N/A
Sports (Legacy),Shopping,Outstream,United Kingdom,Desktop,12,$3.05  ~ $5.20 ,$19.89 ,N/A,0.02%,N/A,N/A
Sports (Legacy),Shopping,Outstream,United Kingdom,Mobile Web,1,$6.21  ~ $6.45 ,$4.09 ,$11.81 ,0.16%,N/A,N/A
Sports (Legacy),Agriculture,Outstream,United States,Desktop,1,$4.20  ~ $16.30 ,$19.66 ,N/A,0.08%,N/A,N/A
Sports (Legacy),Agriculture,Outstream,United States,Mobile Web,1,$5.46  ~ $17.94 ,$9.51 ,$0.78 ,0.19%,N/A,N/A
Sports (Legacy),Hotels,Outstream,United States,Mobile Web,3,$4.16  ~ $6.99 ,$3.06 ,N/A,0.23%,N/A,N/A
Sports (Legacy),Biotech/Biomedical,Outstream,United States,Mobile Web,1,$17.91  ~ $18.71 ,$20.29 ,N/A,0.09%,N/A,N/A
Sports (Legacy),Biotech/Biomedical,Outstream,United States,Desktop,1,$18.23  ~ $22.98 ,N/A,N/A,N/A,N/A,N/A
Sports (Legacy),Exercise,Outstream,United States,Mobile Web,2,$2.58  ~ $2.85 ,$4.02 ,$48.09 ,0.07%,N/A,N/A
Sports (Legacy),Education,Outstream,United States,Desktop,6,$7.76  ~ $8.56 ,$36.30 ,N/A,0.02%,N/A,N/A
Sports (Legacy),Education,Outstream,United States,Mobile Web,10,$6.62  ~ $7.17 ,$1.90 ,$18.77 ,0.35%,N/A,N/A
Sports (Legacy),Education,Outstream,United Kingdom,Desktop,3,$6.46  ~ $6.52 ,N/A,N/A,N/A,N/A,N/A
Sports (Legacy),Education,Interstitial,United Kingdom,Desktop,2,$7.11  ~ $7.13 ,N/A,N/A,N/A,N/A,N/A
Sports (Legacy),Buying/Selling Cars,Outstream,United States,Mobile Web,2,$7.75  ~ $7.98 ,$22.63 ,N/A,0.03%,N/A,N/A
Sports (Legacy),Card Games,Outstream,United Kingdom,Mobile Web,1,$2.22  ~ $3.65 ,$8.57 ,N/A,0.03%,N/A,N/A
Sports (Legacy),Card Games,Outstream,United States,Desktop,1,$8.73  ~ $8.73 ,N/A,N/A,N/A,N/A,N/A
Sports (Legacy),Card Games,Outstream,United States,Mobile Web,88,$1.65  ~ $2.23 ,$5.07 ,N/A,0.03%,N/A,N/A
Sports (Legacy),Arts & Entertainment,Interstitial,United States,Desktop,1,$3.30  ~ $7.62 ,N/A,N/A,N/A,N/A,N/A
Sports (Legacy),Arts & Entertainment,Rewarded,United States,Desktop,1,$0.00  ~ $0.00 ,N/A,N/A,N/A,N/A,N/A
Sports (Legacy),Arts & Entertainment,Outstream,United Kingdom,Desktop,1,$4.22  ~ $8.78 ,N/A,N/A,N/A,N/A,N/A
Sports (Legacy),Arts & Entertainment,Outstream,United States,Mobile Web,12,$4.34  ~ $5.04 ,$0.99 ,$15.45 ,0.44%,N/A,N/A
Sports (Legacy),Arts & Entertainment,Outstream,United States,Desktop,5,$4.69  ~ $4.85 ,$14.95 ,N/A,0.03%,N/A,N/A
Sports (Legacy),Arts & Entertainment,Outstream,Canada,Mobile Web,1,$5.21  ~ $5.53 ,$3.36 ,N/A,0.16%,N/A,N/A
Sports (Legacy),Advertising,Outstream,United States,Desktop,2,$10.95  ~ $11.82 ,N/A,N/A,N/A,N/A,N/A
Sports (Legacy),Advertising,Outstream,United States,Mobile Web,5,$14.49  ~ $15.49 ,N/A,N/A,N/A,N/A,N/A
Sports (Legacy),Advertising,Outstream,United States,Tablet,1,$9.44  ~ $12.02 ,N/A,N/A,N/A,N/A,N/A
Sports (Legacy),Advertising,Outstream,Canada,Mobile Web,2,$4.75  ~ $6.59 ,$0.55 ,N/A,1.20%,N/A,N/A
Sports (Legacy),Family & Parenting,Outstream,United States,Desktop,2,$6.42  ~ $6.84 ,N/A,N/A,N/A,N/A,N/A
Sports (Legacy),Family & Parenting,Outstream,United States,Mobile Web,1,$6.37  ~ $6.67 ,$1.40 ,$49.80 ,0.46%,N/A,N/A
Sports (Legacy),Careers,Outstream,United States,Mobile Web,51,$1.44  ~ $8.97 ,$5.43 ,N/A,0.03%,N/A,N/A
Sports (Legacy),Careers,Outstream,United States,Desktop,3,$7.44  ~ $10.10 ,N/A,N/A,N/A,N/A,N/A
Sports (Legacy),Football,Outstream,Canada,Mobile Web,1,$1.98  ~ $4.38 ,$1.91 ,$4.87 ,0.10%,N/A,N/A
Sports (Legacy),Football,Outstream,United States,Desktop,2,$2.54  ~ $2.67 ,$0.35 ,N/A,0.72%,N/A,N/A
Sports (Legacy),Cell Phones,Outstream,United Kingdom,Desktop,4,$7.17  ~ $16.72 ,N/A,N/A,N/A,N/A,N/A
Sports (Legacy),Health & Fitness,Outstream,United Kingdom,Desktop,1,$5.11  ~ $5.52 ,$5.97 ,N/A,0.09%,N/A,N/A
Sports (Legacy),Health & Fitness,Outstream,United States,Mobile Web,7,$8.59  ~ $9.22 ,$4.85 ,$26.08 ,0.18%,N/A,N/A
Sports (Legacy),Health & Fitness,Outstream,United States,Desktop,6,$6.99  ~ $9.04 ,$45.04 ,$51.43 ,0.02%,N/A,N/A
Sports (Legacy),Weight Loss,Outstream,United States,Mobile Web,1,$6.68  ~ $6.68 ,N/A,N/A,N/A,N/A,N/A
Sports (Legacy),Music,Outstream,United States,Mobile Web,2,$6.79  ~ $7.30 ,$6.94 ,$54.34 ,0.10%,N/A,N/A
Sports (Legacy),Music,Outstream,United States,Desktop,3,$7.28  ~ $7.38 ,N/A,N/A,N/A,N/A,N/A
Sports (Legacy),Real Estate,Outstream,United States,Mobile Web,3,$5.42  ~ $6.51 ,$4.43 ,$28.71 ,0.12%,N/A,N/A
Sports (Legacy),Real Estate,Outstream,United Kingdom,Mobile Web,1,$7.08  ~ $8.41 ,$5.62 ,N/A,0.15%,N/A,N/A
Sports (Legacy),Real Estate,Outstream,United Kingdom,Desktop,2,$7.50  ~ $12.55 ,N/A,N/A,N/A,N/A,N/A
Sports (Legacy),Business,Interstitial,United Kingdom,Desktop,2,$7.65  ~ $8.71 ,N/A,N/A,N/A,N/A,N/A
Sports (Legacy),Business,Interstitial,United Kingdom,Mobile Web,1,$7.09  ~ $7.66 ,$1.28 ,N/A,0.56%,N/A,N/A
Sports (Legacy),Business,Interstitial,United States,Mobile Web,1,$6.78  ~ $7.93 ,$0.57 ,$0.83 ,1.18%,N/A,N/A
Sports (Legacy),Business,Outstream,United States,Desktop,37,$6.49  ~ $7.87 ,$47.67 ,$220.28 ,0.01%,N/A,N/A
Sports (Legacy),Business,Outstream,United States,Mobile Web,33,$6.39  ~ $7.70 ,$2.52 ,$16.25 ,0.25%,N/A,N/A
Sports (Legacy),Business,Outstream,United Kingdom,Mobile Web,2,$4.31  ~ $5.22 ,$3.21 ,$35.60 ,0.16%,N/A,N/A
Sports (Legacy),Business,Outstream,United Kingdom,Desktop,9,$4.77  ~ $5.67 ,$14.52 ,$34.94 ,0.03%,N/A,N/A
Sports (Legacy),Business,Outstream,Canada,Mobile Web,2,$3.64  ~ $7.30 ,$4.01 ,$47.94 ,0.09%,N/A,N/A
Sports (Legacy),Private School,Outstream,United States,Desktop,1,$0.00  ~ $0.00 ,N/A,N/A,N/A,N/A,N/A
Style & Fashion (Legacy),"Law, Gov't & Politics",Outstream,United States,Desktop,3,$12.20  ~ $20.17 ,$5.28 ,N/A,0.38%,N/A,N/A
Style & Fashion (Legacy),Hotels,Interstitial,United States,Desktop,1,$0.00  ~ $0.00 ,N/A,N/A,N/A,N/A,N/A
Style & Fashion (Legacy),Health & Fitness,Interstitial,United States,Desktop,1,$5.93  ~ $6.42 ,N/A,N/A,N/A,N/A,N/A
Style & Fashion (Legacy),Biotech/Biomedical,Outstream,United States,Desktop,1,$22.84  ~ $27.56 ,N/A,N/A,N/A,N/A,N/A
Style & Fashion (Legacy),Business,Outstream,United States,Mobile Web,6,$6.03  ~ $6.99 ,$6.21 ,$45.77 ,0.10%,N/A,N/A
Style & Fashion (Legacy),Business,Outstream,United States,Desktop,6,$6.14  ~ $7.52 ,$36.06 ,N/A,0.02%,N/A,N/A
Style & Fashion (Legacy),Business,Outstream,United Kingdom,Desktop,1,$5.86  ~ $6.67 ,N/A,N/A,N/A,N/A,N/A
Style & Fashion (Legacy),Business,Interstitial,United States,Desktop,2,$5.33  ~ $8.55 ,N/A,N/A,N/A,N/A,N/A
Style & Fashion (Legacy),Business,Interstitial,United Kingdom,Desktop,1,$5.80  ~ $9.27 ,N/A,N/A,N/A,N/A,N/A
Style & Fashion (Legacy),Business,Rewarded,United States,Desktop,1,$0.00  ~ $0.26 ,N/A,N/A,N/A,N/A,N/A
Style & Fashion (Legacy),Hobbies & Interests,Interstitial,United Kingdom,Desktop,1,$3.58  ~ $3.58 ,N/A,N/A,N/A,N/A,N/A
Style & Fashion (Legacy),Arts & Entertainment,Rewarded,United States,Desktop,2,$0.00  ~ $0.00 ,N/A,N/A,N/A,N/A,N/A
Style & Fashion (Legacy),Arts & Entertainment,Outstream,United States,Desktop,2,$6.08  ~ $6.16 ,N/A,N/A,N/A,N/A,N/A
Style & Fashion (Legacy),Arts & Entertainment,Interstitial,United States,Desktop,2,$0.00  ~ $3.88 ,N/A,N/A,N/A,N/A,N/A
Style & Fashion (Legacy),Home & Garden,Outstream,United States,Mobile Web,2,$4.75  ~ $5.60 ,$7.60 ,$10.76 ,0.06%,N/A,N/A
Style & Fashion (Legacy),Home & Garden,Outstream,United States,Desktop,1,$5.13  ~ $6.07 ,N/A,N/A,N/A,N/A,N/A
Style & Fashion (Legacy),Shopping,Outstream,United States,Mobile Web,6,$0.76  ~ $6.36 ,$3.53 ,$23.64 ,0.02%,N/A,N/A
Style & Fashion (Legacy),Shopping,Outstream,United States,Desktop,1,$3.86  ~ $6.40 ,$7.91 ,$6.72 ,0.05%,N/A,N/A
Style & Fashion (Legacy),Shopping,Rewarded,United States,Desktop,1,$0.00  ~ $0.14 ,N/A,N/A,N/A,N/A,N/A
Style & Fashion (Legacy),Advertising,Interstitial,United States,Desktop,1,$0.00  ~ $0.00 ,N/A,N/A,N/A,N/A,N/A
Style & Fashion (Legacy),Advertising,Outstream,United States,Mobile Web,2,$8.23  ~ $12.20 ,N/A,N/A,N/A,N/A,N/A
Style & Fashion (Legacy),Advertising,Rewarded,United States,Desktop,2,$0.00  ~ $0.00 ,N/A,N/A,N/A,N/A,N/A
Style & Fashion (Legacy),Clothing,Rewarded,United States,Desktop,1,$0.00  ~ $0.00 ,N/A,N/A,N/A,N/A,N/A
Style & Fashion (Legacy),Legal Issues,Outstream,United Kingdom,Desktop,1,$4.01  ~ $4.01 ,N/A,N/A,N/A,N/A,N/A
Style & Fashion (Legacy),Personal Finance,Outstream,United States,Mobile Web,1,$5.34  ~ $5.98 ,$5.05 ,N/A,0.11%,N/A,N/A
Style & Fashion (Legacy),Personal Finance,Interstitial,United States,Desktop,4,$5.83  ~ $6.13 ,N/A,N/A,N/A,N/A,N/A
Style & Fashion (Legacy),Personal Finance,Rewarded,United States,Desktop,5,$0.00  ~ $0.00 ,N/A,N/A,N/A,N/A,N/A
Style & Fashion (Legacy),Clothing,Interstitial,United States,Desktop,2,$0.00  ~ $0.00 ,N/A,N/A,N/A,N/A,N/A
Technology & Computing (Legacy),Education,Outstream,United States,Mobile Web,2,$8.99  ~ $11.04 ,$7.09 ,$40.47 ,0.13%,N/A,N/A
Technology & Computing (Legacy),Education,Interstitial,United States,Mobile Web,1,$7.87  ~ $8.38 ,N/A,N/A,N/A,N/A,N/A
Technology & Computing (Legacy),Education,Interstitial,United States,Desktop,1,$6.48  ~ $7.01 ,N/A,N/A,N/A,N/A,N/A
Technology & Computing (Legacy),Business Software,Outstream,Canada,Desktop,1,$4.14  ~ $8.87 ,N/A,N/A,N/A,N/A,N/A
Technology & Computing (Legacy),Food & Drink,Outstream,United States,Mobile Web,6,$6.89  ~ $7.70 ,$13.06 ,$19.99 ,0.05%,N/A,N/A
Technology & Computing (Legacy),Agriculture,Outstream,Canada,Mobile Web,1,$3.34  ~ $4.59 ,$1.02 ,N/A,0.33%,N/A,N/A
Technology & Computing (Legacy),Interior Decorating,Outstream,United States,Mobile Web,3,$2.32  ~ $3.36 ,N/A,N/A,N/A,N/A,N/A
Technology & Computing (Legacy),Automotive,Outstream,United States,Mobile Web,1,$4.73  ~ $5.93 ,$3.16 ,N/A,0.15%,N/A,N/A
Technology & Computing (Legacy),Automotive,Outstream,United States,Desktop,1,$6.04  ~ $6.13 ,N/A,N/A,N/A,N/A,N/A
Technology & Computing (Legacy),Air Travel,Outstream,United States,Desktop,1,$18.70  ~ $18.70 ,N/A,N/A,N/A,N/A,N/A
Technology & Computing (Legacy),Graduate School,Outstream,United States,Mobile Web,1,$5.68  ~ $11.20 ,$8.90 ,$8.77 ,0.06%,N/A,N/A
Technology & Computing (Legacy),Biotech/Biomedical,Outstream,United States,Mobile Web,1,$17.17  ~ $19.14 ,$15.02 ,N/A,0.11%,N/A,N/A
Technology & Computing (Legacy),Computer Peripherals,Outstream,United Kingdom,Desktop,1,$12.16  ~ $12.16 ,$2.40 ,N/A,0.51%,N/A,N/A
Technology & Computing (Legacy),Computer Peripherals,Outstream,United Kingdom,Mobile Web,1,$12.19  ~ $12.19 ,N/A,N/A,N/A,N/A,N/A
Technology & Computing (Legacy),Computer Peripherals,Outstream,Ireland,Desktop,2,$12.16  ~ $12.16 ,N/A,N/A,N/A,N/A,N/A
Technology & Computing (Legacy),Pediatrics,Outstream,United States,Mobile Web,1,$8.48  ~ $18.12 ,N/A,N/A,N/A,N/A,N/A
Technology & Computing (Legacy),Football,Outstream,Canada,Mobile Web,1,$2.03  ~ $4.45 ,$1.20 ,N/A,0.17%,N/A,N/A
Technology & Computing (Legacy),Home & Garden,Outstream,United States,Desktop,1,$4.35  ~ $6.35 ,N/A,N/A,N/A,N/A,N/A
Technology & Computing (Legacy),Home Repair,Outstream,United States,Mobile Web,2,$7.71  ~ $8.30 ,N/A,N/A,N/A,N/A,N/A
Technology & Computing (Legacy),Personal Finance,Outstream,United States,Mobile Web,8,$5.29  ~ $6.13 ,$4.53 ,$71.02 ,0.12%,N/A,N/A
Technology & Computing (Legacy),Personal Finance,Outstream,United States,Desktop,4,$5.20  ~ $5.70 ,N/A,N/A,N/A,N/A,N/A
Technology & Computing (Legacy),Business,Outstream,United States,Desktop,27,$6.11  ~ $7.95 ,$32.24 ,$64.60 ,0.02%,N/A,N/A
Technology & Computing (Legacy),Business,Outstream,United States,Mobile Web,36,$5.84  ~ $7.41 ,$5.94 ,$90.46 ,0.10%,N/A,N/A
Technology & Computing (Legacy),Business,Outstream,United Kingdom,Desktop,11,$4.82  ~ $6.37 ,N/A,N/A,N/A,N/A,N/A
Technology & Computing (Legacy),Business,Outstream,Canada,Mobile Web,3,$3.56  ~ $4.70 ,$3.30 ,N/A,0.11%,N/A,N/A
Technology & Computing (Legacy),Business,Interstitial,United States,Desktop,2,$7.63  ~ $9.93 ,N/A,N/A,N/A,N/A,N/A
Technology & Computing (Legacy),Business,Interstitial,United States,Mobile Web,3,$7.22  ~ $9.23 ,N/A,N/A,N/A,N/A,N/A
Technology & Computing (Legacy),Arts & Entertainment,Outstream,United States,Mobile Web,1,$4.63  ~ $5.92 ,$11.40 ,N/A,0.04%,N/A,N/A
Technology & Computing (Legacy),Arts & Entertainment,Outstream,United States,Desktop,2,$5.52  ~ $6.73 ,N/A,N/A,N/A,N/A,N/A
Technology & Computing (Legacy),Arts & Entertainment,Interstitial,United States,Desktop,1,$0.00  ~ $6.80 ,N/A,N/A,N/A,N/A,N/A
Technology & Computing (Legacy),Careers,Outstream,United States,Mobile Web,4,$1.22  ~ $11.29 ,N/A,N/A,N/A,N/A,N/A
Technology & Computing (Legacy),Careers,Outstream,Canada,Desktop,2,$3.68  ~ $4.47 ,N/A,N/A,N/A,N/A,N/A
Technology & Computing (Legacy),Family & Parenting,Outstream,United States,Desktop,1,$6.32  ~ $6.95 ,$5.48 ,$3.93 ,0.12%,N/A,N/A
Technology & Computing (Legacy),Investing,Outstream,United States,Desktop,1,$4.76  ~ $5.60 ,N/A,N/A,N/A,N/A,N/A
Technology & Computing (Legacy),Legal Issues,Outstream,United Kingdom,Desktop,5,$3.99  ~ $3.99 ,N/A,N/A,N/A,N/A,N/A
Technology & Computing (Legacy),Legal Issues,Interstitial,United Kingdom,Desktop,1,$4.30  ~ $4.30 ,N/A,N/A,N/A,N/A,N/A
Technology & Computing (Legacy),Logistics,Outstream,United Kingdom,Desktop,2,$7.18  ~ $7.18 ,N/A,N/A,N/A,N/A,N/A
Technology & Computing (Legacy),Shopping,Outstream,United Kingdom,Desktop,1,$1.15  ~ $3.77 ,N/A,N/A,N/A,N/A,N/A
Technology & Computing (Legacy),Shopping,Outstream,United Kingdom,Mobile Web,1,$6.43  ~ $7.34 ,$3.52 ,$4.51 ,0.18%,N/A,N/A
Technology & Computing (Legacy),Shopping,Outstream,United States,Mobile Web,40,$0.68  ~ $6.10 ,$1.92 ,N/A,0.04%,N/A,N/A
Technology & Computing (Legacy),Shopping,Outstream,United States,Desktop,1,$2.94  ~ $6.08 ,$11.25 ,N/A,0.03%,N/A,N/A
Technology & Computing (Legacy),Advertising,Outstream,United States,Desktop,1,$8.96  ~ $12.98 ,N/A,N/A,N/A,N/A,N/A
Technology & Computing (Legacy),Advertising,Outstream,United States,Mobile Web,5,$11.70  ~ $13.82 ,N/A,N/A,N/A,N/A,N/A
Technology & Computing (Legacy),Real Estate,Outstream,United States,Mobile Web,1,$5.29  ~ $6.59 ,$13.34 ,N/A,0.04%,N/A,N/A
Technology & Computing (Legacy),Hobbies & Interests,Interstitial,United Kingdom,Mobile Web,1,$4.20  ~ $4.20 ,N/A,N/A,N/A,N/A,N/A
Technology & Computing (Legacy),Hobbies & Interests,Outstream,United Kingdom,Desktop,5,$0.97  ~ $0.97 ,N/A,N/A,N/A,N/A,N/A
Technology & Computing (Legacy),Hobbies & Interests,Outstream,United Kingdom,Mobile Web,2,$1.26  ~ $1.29 ,$1.08 ,N/A,0.12%,N/A,N/A
Technology & Computing (Legacy),Metals,Outstream,United States,Desktop,2,$6.62  ~ $6.64 ,N/A,N/A,N/A,N/A,N/A
Technology & Computing (Legacy),Music,Outstream,United States,Desktop,1,$7.41  ~ $7.43 ,N/A,N/A,N/A,N/A,N/A
Technology & Computing (Legacy),Travel,Outstream,United Kingdom,Desktop,4,$4.04  ~ $4.86 ,N/A,N/A,N/A,N/A,N/A
Technology & Computing (Legacy),Travel,Outstream,United States,Desktop,1,$3.18  ~ $3.66 ,N/A,N/A,N/A,N/A,N/A
Technology & Computing (Legacy),Travel,Outstream,United States,Mobile Web,3,$3.83  ~ $4.07 ,$4.93 ,$39.04 ,0.08%,N/A,N/A
Technology & Computing (Legacy),"Law, Gov't & Politics",Outstream,United States,Mobile Web,1,$17.99  ~ $18.20 ,N/A,N/A,N/A,N/A,N/A
Technology & Computing (Legacy),Health & Fitness,Outstream,United States,Mobile Web,3,$6.51  ~ $8.41 ,$8.31 ,N/A,0.08%,N/A,N/A
Technology & Computing (Legacy),Health & Fitness,Outstream,United States,Desktop,5,$6.17  ~ $8.08 ,N/A,N/A,N/A,N/A,N/A
Technology & Computing (Legacy),Health & Fitness,Outstream,United Kingdom,Desktop,6,$3.57  ~ $3.91 ,N/A,N/A,N/A,N/A,N/A
Technology & Computing (Legacy),Health & Fitness,Outstream,Canada,Desktop,2,$3.82  ~ $3.95 ,N/A,N/A,N/A,N/A,N/A
Technology & Computing (Legacy),Exercise,Outstream,United States,Desktop,1,$2.50  ~ $2.55 ,N/A,N/A,N/A,N/A,N/A
Technology & Computing (Legacy),Investing,Interstitial,United States,Desktop,1,$0.00  ~ $0.00 ,N/A,N/A,N/A,N/A,N/A
Travel (Legacy),Advertising,Outstream,United States,Desktop,1,$7.63  ~ $10.59 ,N/A,N/A,N/A,N/A,N/A
Travel (Legacy),Advertising,Outstream,United States,Mobile Web,7,$13.33  ~ $16.27 ,N/A,N/A,N/A,N/A,N/A
Travel (Legacy),Shopping,Outstream,United States,Desktop,1,$3.53  ~ $5.99 ,$6.55 ,N/A,0.05%,N/A,N/A
Travel (Legacy),Shopping,Interstitial,United States,Desktop,1,$20.47  ~ $50.91 ,N/A,N/A,N/A,N/A,N/A
Travel (Legacy),Food & Drink,Outstream,United States,Desktop,1,$6.76  ~ $6.96 ,N/A,N/A,N/A,N/A,N/A
Travel (Legacy),Food & Drink,Outstream,United States,Mobile Web,1,$5.52  ~ $7.10 ,N/A,N/A,N/A,N/A,N/A
Travel (Legacy),Health & Fitness,Outstream,United States,Mobile Web,3,$7.78  ~ $9.46 ,$5.01 ,N/A,0.16%,N/A,N/A
Travel (Legacy),Health & Fitness,Outstream,United States,Desktop,4,$7.12  ~ $8.76 ,N/A,N/A,N/A,N/A,N/A
Travel (Legacy),Health & Fitness,Outstream,Ireland,Desktop,1,$2.98  ~ $4.69 ,N/A,N/A,N/A,N/A,N/A
Travel (Legacy),Health & Fitness,Native,Ireland,Desktop,1,$3.34  ~ $4.78 ,N/A,N/A,N/A,N/A,N/A
Travel (Legacy),Personal Finance,Outstream,United Kingdom,Desktop,1,$8.18  ~ $11.15 ,N/A,N/A,N/A,N/A,N/A
Travel (Legacy),Personal Finance,Outstream,United States,Desktop,1,$5.08  ~ $5.16 ,N/A,N/A,N/A,N/A,N/A
Travel (Legacy),"Law, Gov't & Politics",Outstream,United States,Desktop,1,$11.81  ~ $15.46 ,N/A,N/A,N/A,N/A,N/A
Travel (Legacy),Computer Peripherals,Outstream,United Kingdom,Desktop,4,$12.00  ~ $12.00 ,N/A,N/A,N/A,N/A,N/A
Travel (Legacy),Hobbies & Interests,Outstream,United States,Desktop,2,$7.89  ~ $8.71 ,N/A,N/A,N/A,N/A,N/A
Travel (Legacy),Hobbies & Interests,Outstream,United Kingdom,Desktop,3,$0.96  ~ $0.96 ,N/A,N/A,N/A,N/A,N/A
Travel (Legacy),Hobbies & Interests,Native,United Kingdom,Desktop,1,$4.88  ~ $4.88 ,N/A,N/A,N/A,N/A,N/A
Travel (Legacy),Travel,Outstream,United Kingdom,Mobile Web,1,$4.44  ~ $5.94 ,$8.51 ,$16.11 ,0.05%,N/A,N/A
Travel (Legacy),Travel,Outstream,United Kingdom,Desktop,4,$5.54  ~ $6.59 ,N/A,N/A,N/A,N/A,N/A
Travel (Legacy),Politics,Outstream,United States,Desktop,1,$5.31  ~ $6.12 ,N/A,N/A,N/A,N/A,N/A
Travel (Legacy),Home & Garden,Outstream,United States,Desktop,2,$4.75  ~ $5.66 ,N/A,N/A,N/A,N/A,N/A
Travel (Legacy),Business,Interstitial,United States,Desktop,1,$1.84  ~ $4.11 ,N/A,N/A,N/A,N/A,N/A
Travel (Legacy),Business,Interstitial,United Kingdom,Mobile Web,1,$10.07  ~ $10.24 ,N/A,N/A,N/A,N/A,N/A
Travel (Legacy),Business,Outstream,United States,Desktop,6,$6.68  ~ $7.77 ,$36.44 ,N/A,0.02%,N/A,N/A
Travel (Legacy),Business,Outstream,United States,Mobile Web,2,$6.08  ~ $7.79 ,$2.25 ,$25.86 ,0.27%,N/A,N/A
Travel (Legacy),Business,Outstream,United Kingdom,Mobile Web,1,$5.08  ~ $5.79 ,$3.76 ,N/A,0.15%,N/A,N/A
Travel (Legacy),Business,Outstream,United Kingdom,Desktop,7,$6.72  ~ $7.55 ,N/A,N/A,N/A,N/A,N/A
Travel (Legacy),Business,Outstream,Canada,Desktop,2,$3.37  ~ $8.24 ,N/A,N/A,N/A,N/A,N/A
Travel (Legacy),Arts & Entertainment,Outstream,United States,Desktop,1,$5.58  ~ $5.61 ,N/A,N/A,N/A,N/A,N/A
Travel (Legacy),Legal Issues,Outstream,United Kingdom,Desktop,3,$4.24  ~ $4.24 ,N/A,N/A,N/A,N/A,N/A