Category,Brand Category,Country,Impressions,eCPM,eCPC,eCPE,CTR,Video Completion Rate,Audio Completion Rate
Arts & Entertainment (Legacy),Cameras & Camcorders,United States,N/A,$43.48  ~ $43.48 ,$67.39 ,N/A,0.06%,97.91%,N/A
Arts & Entertainment (Legacy),Cigars,United States,N/A,$31.72  ~ $33.38 ,N/A,N/A,N/A,76.56%,N/A
Arts & Entertainment (Legacy),Arts & Entertainment,United States,N/A,$27.32  ~ $27.88 ,$20.10 ,N/A,0.14%,96.99%,N/A
Arts & Entertainment (Legacy),Arts & Entertainment,Canada,N/A,$47.44  ~ $47.44 ,N/A,N/A,N/A,91.67%,N/A
Arts & Entertainment (Legacy),Senior Living,United States,N/A,$36.98  ~ $37.11 ,N/A,N/A,N/A,99.53%,N/A
Arts & Entertainment (Legacy),Advertising,Canada,N/A,$14.16  ~ $14.16 ,N/A,N/A,N/A,95.83%,N/A
Arts & Entertainment (Legacy),Advertising,United States,N/A,$26.62  ~ $38.38 ,N/A,N/A,N/A,97.45%,N/A
Arts & Entertainment (Legacy),Careers,United States,N/A,$25.20  ~ $25.21 ,$35.08 ,N/A,0.07%,97.19%,N/A
Arts & Entertainment (Legacy),Careers,Canada,N/A,$32.17  ~ $32.17 ,N/A,N/A,N/A,100.00%,N/A
Arts & Entertainment (Legacy),Travel,United States,N/A,$34.45  ~ $34.60 ,$58.14 ,N/A,0.06%,97.92%,N/A
Arts & Entertainment (Legacy),Travel,Canada,N/A,$43.00  ~ $43.00 ,N/A,N/A,N/A,95.38%,N/A
Arts & Entertainment (Legacy),Contests & Freebies,United States,N/A,$41.46  ~ $41.46 ,$28.13 ,N/A,0.15%,94.96%,N/A
Arts & Entertainment (Legacy),Green Solutions,Canada,N/A,$40.38  ~ $41.02 ,$45.81 ,N/A,0.09%,91.00%,N/A
Arts & Entertainment (Legacy),Green Solutions,United States,N/A,$27.01  ~ $27.06 ,$55.06 ,N/A,0.05%,97.05%,N/A
Arts & Entertainment (Legacy),Computer Networking,United States,N/A,$40.26  ~ $90.77 ,N/A,N/A,N/A,94.89%,N/A
Arts & Entertainment (Legacy),Incest/Abuse Support,United States,N/A,$38.72  ~ $45.82 ,N/A,N/A,N/A,97.98%,N/A
Arts & Entertainment (Legacy),Adult Education,United States,N/A,$19.04  ~ $37.93 ,N/A,N/A,N/A,98.14%,N/A
Arts & Entertainment (Legacy),Family & Parenting,United States,N/A,$32.72  ~ $32.75 ,$27.00 ,N/A,0.12%,96.76%,N/A
Arts & Entertainment (Legacy),Mutual Funds,United States,13,$32.96  ~ $35.66 ,$54.46 ,N/A,0.07%,94.89%,N/A
Arts & Entertainment (Legacy),Dogs,United States,N/A,$0.00  ~ $0.00 ,N/A,N/A,N/A,N/A,N/A
Arts & Entertainment (Legacy),Alternative Medicine,United States,N/A,$22.59  ~ $26.86 ,N/A,N/A,N/A,92.08%,N/A
Arts & Entertainment (Legacy),Landscaping,United States,N/A,$40.60  ~ $40.71 ,N/A,N/A,N/A,97.75%,N/A
Arts & Entertainment (Legacy),Theme Parks,United States,N/A,$31.25  ~ $32.36 ,N/A,N/A,N/A,100.00%,N/A
Arts & Entertainment (Legacy),Video & Computer Games,United States,N/A,$37.23  ~ $37.23 ,$29.56 ,N/A,0.13%,97.70%,N/A
Arts & Entertainment (Legacy),Human Resources,Canada,N/A,$43.98  ~ $43.98 ,N/A,N/A,N/A,N/A,N/A
Arts & Entertainment (Legacy),Human Resources,United States,N/A,$35.42  ~ $53.86 ,$195.38 ,N/A,0.03%,97.51%,N/A
Arts & Entertainment (Legacy),Birdwatching,United States,N/A,$37.05  ~ $89.96 ,N/A,N/A,N/A,66.67%,N/A
Arts & Entertainment (Legacy),Home Repair,United States,1,$21.18  ~ $25.80 ,$56.86 ,N/A,0.05%,98.22%,N/A
Arts & Entertainment (Legacy),Home Repair,Canada,N/A,$65.00  ~ $155.38 ,N/A,N/A,N/A,N/A,N/A
Arts & Entertainment (Legacy),Card Games,Canada,N/A,$45.04  ~ $46.80 ,N/A,N/A,N/A,91.87%,N/A
Arts & Entertainment (Legacy),Card Games,United States,N/A,$40.36  ~ $51.22 ,N/A,N/A,N/A,96.20%,N/A
Arts & Entertainment (Legacy),Honeymoons/Getaways,United States,N/A,$38.25  ~ $38.51 ,N/A,N/A,N/A,97.81%,N/A
Arts & Entertainment (Legacy),Business,Canada,N/A,$55.42  ~ $56.06 ,N/A,N/A,N/A,98.00%,N/A
Arts & Entertainment (Legacy),Business,United States,25,$44.29  ~ $44.54 ,$66.80 ,N/A,0.07%,96.87%,N/A
Arts & Entertainment (Legacy),Logistics,United States,3,$40.83  ~ $41.04 ,$25.02 ,N/A,0.16%,96.43%,N/A
Arts & Entertainment (Legacy),Health & Fitness,United States,4,$35.09  ~ $35.72 ,$30.51 ,N/A,0.12%,94.65%,N/A
Arts & Entertainment (Legacy),Health & Fitness,Canada,N/A,$31.65  ~ $37.86 ,N/A,N/A,N/A,91.24%,N/A
Arts & Entertainment (Legacy),Jewelry,United States,N/A,$39.41  ~ $39.73 ,$44.47 ,N/A,0.09%,95.75%,N/A
Arts & Entertainment (Legacy),Accessories,United States,18,$42.77  ~ $42.77 ,$13.31 ,N/A,0.32%,90.64%,N/A
Arts & Entertainment (Legacy),Personal Finance,United States,2,$46.26  ~ $46.58 ,$32.30 ,N/A,0.14%,96.16%,N/A
Arts & Entertainment (Legacy),Biotech/Biomedical,United States,N/A,$32.47  ~ $36.63 ,$29.44 ,N/A,0.11%,98.64%,N/A
Arts & Entertainment (Legacy),College,United States,1,$32.49  ~ $38.00 ,$111.55 ,N/A,0.03%,95.29%,N/A
Arts & Entertainment (Legacy),Fine Art,United States,N/A,$24.34  ~ $30.64 ,$12.36 ,N/A,0.25%,95.88%,N/A
Arts & Entertainment (Legacy),Fine Art,Canada,N/A,$49.80  ~ $124.05 ,N/A,N/A,N/A,100.00%,N/A
Arts & Entertainment (Legacy),Air Travel,United States,N/A,$19.48  ~ $19.50 ,$6.62 ,N/A,0.29%,97.82%,N/A
Arts & Entertainment (Legacy),Catholicism,United States,N/A,$49.48  ~ $112.44 ,N/A,N/A,N/A,91.71%,N/A
Arts & Entertainment (Legacy),Metals,United States,N/A,$56.82  ~ $59.74 ,$136.81 ,N/A,0.04%,97.93%,N/A
Arts & Entertainment (Legacy),Cocktails/Beer,United States,N/A,$30.29  ~ $31.50 ,$10.05 ,N/A,0.30%,97.78%,N/A
Arts & Entertainment (Legacy),Hobbies & Interests,United States,N/A,$38.15  ~ $38.24 ,N/A,N/A,N/A,98.36%,N/A
Arts & Entertainment (Legacy),Music,United States,N/A,$23.93  ~ $27.33 ,$33.58 ,N/A,0.08%,97.83%,N/A
Arts & Entertainment (Legacy),Hunting/Shooting,United States,N/A,$25.42  ~ $25.46 ,N/A,N/A,N/A,98.11%,N/A
Arts & Entertainment (Legacy),Football,United States,N/A,$36.85  ~ $63.73 ,$36.76 ,N/A,0.10%,96.71%,N/A
Arts & Entertainment (Legacy),Appliances,United States,N/A,$14.22  ~ $14.22 ,$3.94 ,N/A,0.36%,96.40%,N/A
Arts & Entertainment (Legacy),Appliances,Canada,N/A,$22.61  ~ $22.61 ,N/A,N/A,N/A,N/A,N/A
Arts & Entertainment (Legacy),Physical Therapy,United States,N/A,$32.55  ~ $32.55 ,N/A,N/A,N/A,99.03%,N/A
Arts & Entertainment (Legacy),Health/Lowfat Cooking,United States,N/A,$57.00  ~ $60.00 ,N/A,N/A,N/A,98.32%,N/A
Arts & Entertainment (Legacy),Pediatrics,United States,N/A,$8.93  ~ $21.27 ,N/A,N/A,N/A,100.00%,N/A
Arts & Entertainment (Legacy),Government,United States,N/A,$35.73  ~ $35.73 ,N/A,N/A,N/A,100.00%,N/A
Arts & Entertainment (Legacy),Credit/Debt & Loans,United States,N/A,$17.45  ~ $24.05 ,$32.94 ,N/A,0.07%,97.33%,N/A
Arts & Entertainment (Legacy),Real Estate,United States,N/A,$25.61  ~ $30.85 ,N/A,N/A,N/A,99.16%,N/A
Arts & Entertainment (Legacy),Cancer,United States,N/A,$39.90  ~ $39.90 ,N/A,N/A,N/A,93.06%,N/A
Arts & Entertainment (Legacy),Environmental Safety,United States,N/A,$33.53  ~ $33.54 ,N/A,N/A,N/A,98.93%,N/A
Arts & Entertainment (Legacy),Computer Peripherals,United States,N/A,$43.13  ~ $43.13 ,N/A,N/A,N/A,100.00%,N/A
Arts & Entertainment (Legacy),Clothing,United States,N/A,$30.10  ~ $30.11 ,$19.05 ,N/A,0.16%,97.45%,N/A
Arts & Entertainment (Legacy),Clothing,Canada,N/A,$36.60  ~ $36.60 ,$76.81 ,N/A,0.05%,93.05%,N/A
Arts & Entertainment (Legacy),Art/Technology,United States,5,$32.11  ~ $32.11 ,$29.94 ,N/A,0.11%,98.42%,N/A
Arts & Entertainment (Legacy),Desserts & Baking,United States,N/A,$17.83  ~ $17.83 ,N/A,N/A,N/A,97.96%,N/A
Arts & Entertainment (Legacy),Investing,United States,N/A,$32.28  ~ $41.49 ,N/A,N/A,N/A,94.23%,N/A
Arts & Entertainment (Legacy),Graduate School,United States,N/A,$33.05  ~ $33.17 ,$11.49 ,N/A,0.29%,96.28%,N/A
Arts & Entertainment (Legacy),Senor Health,United States,N/A,$13.70  ~ $25.84 ,N/A,N/A,N/A,99.18%,N/A
Arts & Entertainment (Legacy),Food & Drink,United States,N/A,$26.18  ~ $26.18 ,$11.61 ,N/A,0.23%,99.00%,N/A
Arts & Entertainment (Legacy),Coffee/Tea,United States,N/A,$22.09  ~ $22.09 ,N/A,N/A,N/A,99.03%,N/A
Arts & Entertainment (Legacy),Gardening,United States,N/A,$32.46  ~ $32.53 ,$40.40 ,N/A,0.08%,97.24%,N/A
Arts & Entertainment (Legacy),Interior Decorating,United States,6,$30.25  ~ $31.38 ,$43.47 ,N/A,0.07%,96.85%,N/A
Arts & Entertainment (Legacy),Off-Road Vehicles,United States,N/A,$22.90  ~ $23.08 ,$22.45 ,N/A,0.10%,90.45%,N/A
Arts & Entertainment (Legacy),Hotels,United States,N/A,$23.70  ~ $24.18 ,$54.39 ,N/A,0.04%,96.54%,N/A
Arts & Entertainment (Legacy),Auto Parts,United States,N/A,$113.18  ~ $113.18 ,N/A,N/A,N/A,99.13%,N/A
Arts & Entertainment (Legacy),Pets,United States,N/A,$15.49  ~ $15.49 ,$13.68 ,N/A,0.11%,93.07%,N/A
Arts & Entertainment (Legacy),Buying/Selling Cars,Canada,N/A,$65.90  ~ $65.96 ,N/A,N/A,N/A,95.84%,N/A
Arts & Entertainment (Legacy),Buying/Selling Cars,United States,4,$50.34  ~ $51.25 ,$46.33 ,N/A,0.11%,96.16%,N/A
Arts & Entertainment (Legacy),Retirement Planning,United States,N/A,$34.95  ~ $83.72 ,$54.77 ,N/A,0.06%,96.90%,N/A
Arts & Entertainment (Legacy),Remodeling & Construction,United States,2,$20.82  ~ $26.35 ,$9.43 ,N/A,0.28%,93.05%,N/A
Arts & Entertainment (Legacy),Shopping,United States,N/A,$29.55  ~ $29.59 ,$32.28 ,N/A,0.09%,97.43%,N/A
Arts & Entertainment (Legacy),Shopping,Canada,N/A,$21.67  ~ $21.67 ,N/A,N/A,N/A,100.00%,N/A
Arts & Entertainment (Legacy),Education,United States,N/A,$23.53  ~ $32.59 ,$60.72 ,N/A,0.05%,96.94%,N/A
Arts & Entertainment (Legacy),Education,Canada,N/A,$30.39  ~ $74.69 ,$2.37 ,N/A,1.28%,97.50%,N/A
Arts & Entertainment (Legacy),Dental Care,United States,N/A,$14.68  ~ $14.72 ,N/A,N/A,N/A,96.88%,N/A
Arts & Entertainment (Legacy),Politics,United States,12,$63.28  ~ $66.95 ,$38.89 ,N/A,0.17%,95.70%,N/A
Arts & Entertainment (Legacy),Exercise,United States,N/A,$39.17  ~ $41.58 ,N/A,N/A,N/A,98.73%,N/A
Arts & Entertainment (Legacy),Legal Issues,Canada,N/A,$39.10  ~ $45.32 ,N/A,N/A,N/A,100.00%,N/A
Arts & Entertainment (Legacy),Legal Issues,United States,N/A,$33.86  ~ $34.70 ,$311.45 ,N/A,0.01%,98.09%,N/A
Arts & Entertainment (Legacy),Automotive,Canada,N/A,$49.92  ~ $49.92 ,N/A,N/A,N/A,100.00%,N/A
Arts & Entertainment (Legacy),Automotive,United States,N/A,$36.87  ~ $38.24 ,$43.97 ,N/A,0.08%,98.11%,N/A
Arts & Entertainment (Legacy),Cold & Flu,United States,N/A,$10.97  ~ $21.81 ,$111.06 ,N/A,0.02%,98.65%,N/A
Arts & Entertainment (Legacy),Internet Technology,United States,N/A,$11.18  ~ $11.18 ,N/A,N/A,N/A,99.31%,N/A
Arts & Entertainment (Legacy),Insurance,United States,1,$40.24  ~ $40.31 ,$89.22 ,N/A,0.05%,98.16%,N/A
Arts & Entertainment (Legacy),Business Software,United States,N/A,$31.31  ~ $41.86 ,$24.55 ,N/A,0.17%,97.75%,N/A
Arts & Entertainment (Legacy),Business Software,Canada,N/A,$81.67  ~ $194.32 ,N/A,N/A,N/A,100.00%,N/A
Arts & Entertainment (Legacy),Auto Repair,United States,N/A,$33.54  ~ $50.68 ,$6.37 ,N/A,0.53%,91.97%,N/A
Arts & Entertainment (Legacy),Dining Out,United States,N/A,$33.02  ~ $34.43 ,N/A,N/A,N/A,98.26%,N/A
Arts & Entertainment (Legacy),Apartments,United States,N/A,$23.70  ~ $23.70 ,$50.46 ,N/A,0.05%,97.08%,N/A
Arts & Entertainment (Legacy),Bed & Breakfasts,United States,N/A,$32.56  ~ $32.57 ,N/A,N/A,N/A,98.30%,N/A
Arts & Entertainment (Legacy),News,United States,N/A,$32.66  ~ $48.04 ,N/A,N/A,N/A,98.47%,N/A
Arts & Entertainment (Legacy),Cruises,United States,N/A,$18.60  ~ $24.66 ,$13.07 ,N/A,0.19%,97.84%,N/A
Arts & Entertainment (Legacy),Cruises,Canada,N/A,$37.18  ~ $79.52 ,$76.43 ,N/A,0.05%,97.84%,N/A
Arts & Entertainment (Legacy),Buying/Selling Homes,United States,N/A,$14.09  ~ $16.47 ,$15.84 ,N/A,0.10%,98.48%,N/A
Arts & Entertainment (Legacy),Job Search,United States,2,$35.82  ~ $35.82 ,$24.75 ,N/A,0.14%,92.42%,N/A
Arts & Entertainment (Legacy),Nutrition,Canada,N/A,$53.45  ~ $53.45 ,N/A,N/A,N/A,98.61%,N/A
Arts & Entertainment (Legacy),Investors & Patents,United States,N/A,$37.16  ~ $37.30 ,N/A,N/A,N/A,99.69%,N/A
Arts & Entertainment (Legacy),Distance Learning,United States,N/A,$54.33  ~ $54.33 ,N/A,N/A,N/A,98.87%,N/A
Arts & Entertainment (Legacy),Psychology/Psychiatry,United States,N/A,$29.59  ~ $36.29 ,$35.88 ,N/A,0.10%,94.94%,N/A
Arts & Entertainment (Legacy),Weight Loss,United States,N/A,$32.48  ~ $75.07 ,N/A,N/A,N/A,100.00%,N/A
Arts & Entertainment (Legacy),Pro Basketball,United States,N/A,$32.64  ~ $32.65 ,$34.97 ,N/A,0.09%,97.43%,N/A
Arts & Entertainment (Legacy),Motorcycles,United States,N/A,$16.62  ~ $16.69 ,N/A,N/A,N/A,97.03%,N/A
Arts & Entertainment (Legacy),Local News,United States,N/A,$46.25  ~ $46.25 ,N/A,N/A,N/A,100.00%,N/A
Arts & Entertainment (Legacy),Home & Garden,United States,102,$27.67  ~ $38.27 ,$25.96 ,N/A,0.11%,89.46%,N/A
Arts & Entertainment (Legacy),Technology & Computing,United States,N/A,$25.04  ~ $25.04 ,N/A,N/A,N/A,100.00%,N/A
Arts & Entertainment (Legacy),Marketing,United States,N/A,$42.65  ~ $42.65 ,N/A,N/A,N/A,100.00%,N/A
Arts & Entertainment (Legacy),"Law, Gov't & Politics",United States,N/A,$37.05  ~ $39.91 ,N/A,N/A,N/A,99.51%,N/A
Arts & Entertainment (Legacy),Construction,United States,N/A,$39.40  ~ $39.40 ,$54.06 ,N/A,0.07%,95.14%,N/A
Arts & Entertainment (Legacy),K-6 Educators,United States,N/A,$26.31  ~ $26.43 ,$16.71 ,N/A,0.16%,95.05%,N/A
Arts & Entertainment (Legacy),Career Planning,United States,N/A,$44.58  ~ $44.59 ,N/A,N/A,N/A,99.06%,N/A
Arts & Entertainment (Legacy),Radio,United States,N/A,$0.00  ~ $0.00 ,N/A,N/A,N/A,N/A,N/A
Arts & Entertainment (Legacy),Personal Finance,Canada,N/A,$0.00  ~ $0.00 ,N/A,N/A,N/A,N/A,N/A
Arts & Entertainment (Legacy),Logistics,Canada,N/A,$0.00  ~ $0.00 ,N/A,N/A,N/A,N/A,N/A
Arts & Entertainment (Legacy),Computer Peripherals,Canada,N/A,$0.00  ~ $0.00 ,N/A,N/A,N/A,N/A,N/A
Arts & Entertainment (Legacy),Internet Technology,Canada,N/A,$0.00  ~ $0.00 ,N/A,N/A,N/A,N/A,N/A
Arts & Entertainment (Legacy),Veterinary Medicine,United States,N/A,$0.00  ~ $0.00 ,N/A,N/A,N/A,N/A,N/A
Arts & Entertainment (Legacy),Books & Literature,United States,N/A,$0.00  ~ $0.00 ,N/A,N/A,N/A,N/A,N/A
Arts & Entertainment (Legacy),By US Locale,United States,N/A,$0.00  ~ $0.00 ,N/A,N/A,N/A,N/A,N/A
Arts & Entertainment (Legacy),Dogs,Canada,N/A,$0.00  ~ $0.00 ,N/A,N/A,N/A,N/A,N/A
Arts & Entertainment (Legacy),Sexuality,United States,N/A,$0.00  ~ $0.00 ,N/A,N/A,N/A,N/A,N/A
Arts & Entertainment (Legacy),Metals,Canada,N/A,$0.00  ~ $0.00 ,N/A,N/A,N/A,N/A,N/A
Arts & Entertainment (Legacy),Interior Decorating,Canada,N/A,$0.00  ~ $0.00 ,N/A,N/A,N/A,N/A,N/A
Arts & Entertainment (Legacy),Arts & Crafts,United States,N/A,$0.00  ~ $0.00 ,N/A,N/A,N/A,N/A,N/A
Arts & Entertainment (Legacy),Off-Road Vehicles,Canada,N/A,$0.00  ~ $0.00 ,N/A,N/A,N/A,N/A,N/A
Arts & Entertainment (Legacy),Apartments,Canada,N/A,$0.00  ~ $0.00 ,N/A,N/A,N/A,N/A,N/A
Arts & Entertainment (Legacy),Credit/Debt & Loans,Canada,N/A,$0.00  ~ $0.00 ,N/A,N/A,N/A,N/A,N/A
Arts & Entertainment (Legacy),Canada,Canada,N/A,$0.00  ~ $0.00 ,N/A,N/A,N/A,N/A,N/A
Arts & Entertainment (Legacy),Food & Drink,Canada,N/A,$0.00  ~ $0.00 ,N/A,N/A,N/A,N/A,N/A
Arts & Entertainment (Legacy),News,Canada,N/A,$0.00  ~ $0.00 ,N/A,N/A,N/A,N/A,N/A
Arts & Entertainment (Legacy),Couponing,United States,N/A,$0.00  ~ $0.00 ,N/A,N/A,N/A,N/A,N/A
Arts & Entertainment (Legacy),Real Estate,Canada,N/A,$0.00  ~ $0.00 ,N/A,N/A,N/A,N/A,N/A
Arts & Entertainment (Legacy),Health/Lowfat Cooking,Canada,N/A,$0.00  ~ $0.00 ,N/A,N/A,N/A,N/A,N/A
Arts & Entertainment (Legacy),Investing,Canada,N/A,$0.00  ~ $0.00 ,N/A,N/A,N/A,N/A,N/A
Arts & Entertainment (Legacy),Agriculture,United States,N/A,$0.00  ~ $0.00 ,N/A,N/A,N/A,N/A,N/A
Arts & Entertainment (Legacy),Agriculture,Canada,N/A,$0.00  ~ $0.00 ,N/A,N/A,N/A,N/A,N/A
Arts & Entertainment (Legacy),Martial Arts,United States,N/A,$0.00  ~ $0.00 ,N/A,N/A,N/A,N/A,N/A
Arts & Entertainment (Legacy),Network Security,United States,N/A,$0.00  ~ $0.00 ,N/A,N/A,N/A,N/A,N/A
Arts & Entertainment (Legacy),Gardening,Canada,N/A,$0.00  ~ $0.00 ,N/A,N/A,N/A,N/A,N/A
Arts & Entertainment (Legacy),Infertility,United States,N/A,$0.00  ~ $0.00 ,N/A,N/A,N/A,N/A,N/A
Arts & Entertainment (Legacy),Weddings,United States,N/A,$0.00  ~ $0.00 ,N/A,N/A,N/A,N/A,N/A
Arts & Entertainment (Legacy),Investors & Patents,Canada,N/A,$0.00  ~ $0.00 ,N/A,N/A,N/A,N/A,N/A
Automotive (Legacy),Home Repair,United States,N/A,$27.98  ~ $35.21 ,N/A,N/A,N/A,97.65%,N/A
Automotive (Legacy),Graduate School,United States,N/A,$42.80  ~ $43.63 ,N/A,N/A,N/A,65.38%,N/A
Automotive (Legacy),Construction,United States,5,$39.49  ~ $39.49 ,N/A,N/A,N/A,70.42%,N/A
Automotive (Legacy),"Law, Gov't & Politics",United States,N/A,$36.44  ~ $84.39 ,N/A,N/A,N/A,100.00%,N/A
Automotive (Legacy),Appliances,United States,N/A,$13.19  ~ $13.19 ,N/A,N/A,N/A,77.78%,N/A
Automotive (Legacy),Accessories,United States,N/A,$69.30  ~ $69.30 ,N/A,N/A,N/A,87.50%,N/A
Automotive (Legacy),K-6 Educators,United States,N/A,$25.70  ~ $25.70 ,N/A,N/A,N/A,58.33%,N/A
Automotive (Legacy),Metals,United States,N/A,$33.61  ~ $36.29 ,N/A,N/A,N/A,70.00%,N/A
Automotive (Legacy),Biotech/Biomedical,United States,N/A,$36.27  ~ $36.28 ,N/A,N/A,N/A,100.00%,N/A
Automotive (Legacy),College,United States,N/A,$49.53  ~ $51.97 ,N/A,N/A,N/A,73.04%,N/A
Automotive (Legacy),Cigars,United States,N/A,$13.43  ~ $13.43 ,N/A,N/A,N/A,100.00%,N/A
Automotive (Legacy),Alternative Medicine,United States,N/A,$24.30  ~ $24.30 ,N/A,N/A,N/A,100.00%,N/A
Automotive (Legacy),Real Estate,United States,N/A,$24.48  ~ $27.24 ,N/A,N/A,N/A,100.00%,N/A
Automotive (Legacy),Retirement Planning,United States,N/A,$27.22  ~ $54.87 ,N/A,N/A,N/A,N/A,N/A
Automotive (Legacy),Clothing,United States,N/A,$17.60  ~ $17.60 ,N/A,N/A,N/A,96.02%,N/A
Automotive (Legacy),Careers,United States,N/A,$21.50  ~ $21.50 ,N/A,N/A,N/A,78.79%,N/A
Automotive (Legacy),Interior Decorating,United States,N/A,$33.77  ~ $33.96 ,N/A,N/A,N/A,85.12%,N/A
Automotive (Legacy),Green Solutions,United States,N/A,$23.90  ~ $25.62 ,N/A,N/A,N/A,80.00%,N/A
Automotive (Legacy),News,United States,N/A,$39.82  ~ $62.67 ,N/A,N/A,N/A,87.50%,N/A
Automotive (Legacy),Coffee/Tea,United States,N/A,$32.06  ~ $32.06 ,N/A,N/A,N/A,100.00%,N/A
Automotive (Legacy),Psychology/Psychiatry,United States,N/A,$27.77  ~ $36.06 ,N/A,N/A,N/A,86.55%,N/A
Automotive (Legacy),Jewelry,United States,N/A,$47.62  ~ $47.62 ,N/A,N/A,N/A,100.00%,N/A
Automotive (Legacy),Cancer,United States,N/A,$39.57  ~ $39.57 ,N/A,N/A,N/A,100.00%,N/A
Automotive (Legacy),Video & Computer Games,United States,N/A,$46.09  ~ $46.09 ,N/A,N/A,N/A,66.67%,N/A
Automotive (Legacy),Family & Parenting,United States,N/A,$40.00  ~ $40.29 ,N/A,N/A,N/A,94.12%,N/A
Automotive (Legacy),Business,United States,N/A,$35.52  ~ $36.04 ,$10.44 ,N/A,0.34%,85.77%,N/A
Automotive (Legacy),Pro Basketball,United States,N/A,$19.68  ~ $19.68 ,N/A,N/A,N/A,83.33%,N/A
Automotive (Legacy),Automotive,United States,N/A,$35.90  ~ $35.90 ,N/A,N/A,N/A,100.00%,N/A
Automotive (Legacy),Senior Living,United States,N/A,$39.79  ~ $40.24 ,N/A,N/A,N/A,100.00%,N/A
Automotive (Legacy),Personal Finance,United States,N/A,$30.73  ~ $31.06 ,N/A,N/A,N/A,82.74%,N/A
Automotive (Legacy),Remodeling & Construction,United States,N/A,$26.61  ~ $35.50 ,N/A,N/A,N/A,83.08%,N/A
Automotive (Legacy),Computer Peripherals,United States,N/A,$47.64  ~ $47.64 ,N/A,N/A,N/A,100.00%,N/A
Automotive (Legacy),Job Search,United States,N/A,$38.32  ~ $38.32 ,N/A,N/A,N/A,69.47%,N/A
Automotive (Legacy),Hotels,United States,N/A,$46.96  ~ $46.96 ,N/A,N/A,N/A,100.00%,N/A
Automotive (Legacy),Buying/Selling Homes,United States,N/A,$47.63  ~ $47.63 ,N/A,N/A,N/A,100.00%,N/A
Automotive (Legacy),Home & Garden,United States,N/A,$27.11  ~ $36.40 ,$7.71 ,N/A,0.35%,72.74%,N/A
Automotive (Legacy),Shopping,United States,N/A,$32.76  ~ $33.03 ,N/A,N/A,N/A,91.30%,N/A
Automotive (Legacy),Cold & Flu,United States,N/A,$11.10  ~ $11.45 ,N/A,N/A,N/A,99.42%,N/A
Automotive (Legacy),Motorcycles,United States,N/A,$18.75  ~ $19.35 ,N/A,N/A,N/A,80.00%,N/A
Automotive (Legacy),Senor Health,United States,N/A,$10.21  ~ $24.02 ,N/A,N/A,N/A,100.00%,N/A
Automotive (Legacy),Politics,United States,N/A,$31.75  ~ $34.70 ,$25.14 ,N/A,0.14%,95.58%,N/A
Automotive (Legacy),Investors & Patents,United States,N/A,$35.20  ~ $71.28 ,N/A,N/A,N/A,100.00%,N/A
Automotive (Legacy),Logistics,United States,N/A,$41.70  ~ $41.83 ,$5.23 ,N/A,0.80%,83.05%,N/A
Automotive (Legacy),Mutual Funds,United States,N/A,$40.42  ~ $40.64 ,N/A,N/A,N/A,78.80%,N/A
Automotive (Legacy),Human Resources,United States,N/A,$12.81  ~ $12.81 ,N/A,N/A,N/A,100.00%,N/A
Automotive (Legacy),Legal Issues,United States,N/A,$45.02  ~ $46.11 ,N/A,N/A,N/A,94.59%,N/A
Automotive (Legacy),Music,United States,N/A,$16.49  ~ $16.63 ,N/A,N/A,N/A,84.62%,N/A
Automotive (Legacy),Card Games,United States,N/A,$89.69  ~ $89.69 ,N/A,N/A,N/A,100.00%,N/A
Automotive (Legacy),Apartments,United States,N/A,$16.37  ~ $16.37 ,N/A,N/A,N/A,100.00%,N/A
Automotive (Legacy),Health & Fitness,United States,N/A,$44.52  ~ $46.30 ,$4.45 ,N/A,1.00%,75.82%,N/A
Automotive (Legacy),Credit/Debt & Loans,United States,N/A,$13.79  ~ $15.17 ,N/A,N/A,N/A,82.61%,N/A
Automotive (Legacy),Computer Networking,United States,N/A,$40.84  ~ $87.76 ,N/A,N/A,N/A,66.67%,N/A
Automotive (Legacy),Cruises,United States,N/A,$20.00  ~ $23.80 ,N/A,N/A,N/A,88.24%,N/A
Automotive (Legacy),Buying/Selling Cars,United States,N/A,$39.15  ~ $39.45 ,$12.18 ,N/A,0.32%,82.35%,N/A
Automotive (Legacy),Auto Repair,United States,N/A,$35.09  ~ $35.73 ,N/A,N/A,N/A,75.00%,N/A
Automotive (Legacy),Business Software,United States,N/A,$27.26  ~ $27.26 ,N/A,N/A,N/A,83.33%,N/A
Automotive (Legacy),Air Travel,United States,N/A,$30.02  ~ $30.02 ,N/A,N/A,N/A,100.00%,N/A
Automotive (Legacy),Environmental Safety,United States,N/A,$39.49  ~ $39.49 ,N/A,N/A,N/A,100.00%,N/A
Automotive (Legacy),Bed & Breakfasts,United States,N/A,$29.69  ~ $29.69 ,N/A,N/A,N/A,100.00%,N/A
Automotive (Legacy),Dining Out,United States,N/A,$36.47  ~ $38.11 ,N/A,N/A,N/A,100.00%,N/A
Automotive (Legacy),Travel,United States,N/A,$31.18  ~ $31.27 ,N/A,N/A,N/A,67.65%,N/A
Automotive (Legacy),Insurance,United States,N/A,$39.85  ~ $40.17 ,N/A,N/A,N/A,76.36%,N/A
Automotive (Legacy),Arts & Entertainment,United States,N/A,$33.48  ~ $33.77 ,N/A,N/A,N/A,68.00%,N/A
Automotive (Legacy),Education,United States,N/A,$21.06  ~ $50.89 ,N/A,N/A,N/A,100.00%,N/A
Automotive (Legacy),Cocktails/Beer,United States,N/A,$9.66  ~ $9.66 ,N/A,N/A,N/A,75.00%,N/A
Automotive (Legacy),Gardening,United States,N/A,$0.00  ~ $0.00 ,N/A,N/A,N/A,N/A,N/A
Automotive (Legacy),Pets,United States,N/A,$0.00  ~ $0.00 ,N/A,N/A,N/A,N/A,N/A
Automotive (Legacy),Food & Drink,United States,N/A,$0.00  ~ $0.00 ,N/A,N/A,N/A,N/A,N/A
Automotive (Legacy),Food & Drink,Canada,N/A,$0.00  ~ $0.00 ,N/A,N/A,N/A,N/A,N/A
Automotive (Legacy),Canada,Canada,N/A,$0.00  ~ $0.00 ,N/A,N/A,N/A,N/A,N/A
Automotive (Legacy),Health & Fitness,Canada,N/A,$0.00  ~ $0.00 ,N/A,N/A,N/A,N/A,N/A
Automotive (Legacy),Hobbies & Interests,United States,N/A,$0.00  ~ $0.00 ,N/A,N/A,N/A,N/A,N/A
Automotive (Legacy),Couponing,United States,N/A,$0.00  ~ $0.00 ,N/A,N/A,N/A,N/A,N/A
Automotive (Legacy),Couponing,Canada,N/A,$0.00  ~ $0.00 ,N/A,N/A,N/A,N/A,N/A
Automotive (Legacy),Investing,United States,N/A,$0.00  ~ $0.00 ,N/A,N/A,N/A,N/A,N/A
Automotive (Legacy),Martial Arts,United States,N/A,$0.00  ~ $0.00 ,N/A,N/A,N/A,N/A,N/A
Automotive (Legacy),Business,Canada,N/A,$0.00  ~ $0.00 ,N/A,N/A,N/A,N/A,N/A
Automotive (Legacy),Exercise,United States,N/A,$0.00  ~ $0.00 ,N/A,N/A,N/A,N/A,N/A
Automotive (Legacy),Agriculture,United States,N/A,$0.00  ~ $0.00 ,N/A,N/A,N/A,N/A,N/A
Automotive (Legacy),Business Software,Canada,N/A,$0.00  ~ $0.00 ,N/A,N/A,N/A,N/A,N/A
Automotive (Legacy),Insurance,Canada,N/A,$0.00  ~ $0.00 ,N/A,N/A,N/A,N/A,N/A
Automotive (Legacy),Logistics,Canada,N/A,$0.00  ~ $0.00 ,N/A,N/A,N/A,N/A,N/A
Automotive (Legacy),Legal Issues,Canada,N/A,$0.00  ~ $0.00 ,N/A,N/A,N/A,N/A,N/A
Automotive (Legacy),Nutrition,Canada,N/A,$0.00  ~ $0.00 ,N/A,N/A,N/A,N/A,N/A
Automotive (Legacy),Fine Art,Canada,N/A,$0.00  ~ $0.00 ,N/A,N/A,N/A,N/A,N/A
Automotive (Legacy),Automotive,Canada,N/A,$0.00  ~ $0.00 ,N/A,N/A,N/A,N/A,N/A
Automotive (Legacy),Landscaping,United States,N/A,$0.00  ~ $0.00 ,N/A,N/A,N/A,N/A,N/A
Automotive (Legacy),Desserts & Baking,United States,N/A,$0.00  ~ $0.00 ,N/A,N/A,N/A,N/A,N/A
Automotive (Legacy),Weight Loss,United States,N/A,$0.00  ~ $0.00 ,N/A,N/A,N/A,N/A,N/A
Automotive (Legacy),Hunting/Shooting,United States,N/A,$0.00  ~ $0.00 ,N/A,N/A,N/A,N/A,N/A
Automotive (Legacy),Career Planning,United States,N/A,$0.00  ~ $0.00 ,N/A,N/A,N/A,N/A,N/A
Automotive (Legacy),Card Games,Canada,N/A,$0.00  ~ $0.00 ,N/A,N/A,N/A,N/A,N/A
Automotive (Legacy),Art/Technology,United States,N/A,$0.00  ~ $0.00 ,N/A,N/A,N/A,N/A,N/A
Automotive (Legacy),Pediatrics,United States,N/A,$0.00  ~ $0.00 ,N/A,N/A,N/A,N/A,N/A
Automotive (Legacy),Home Repair,Canada,N/A,$0.00  ~ $0.00 ,N/A,N/A,N/A,N/A,N/A
Automotive (Legacy),Incest/Abuse Support,United States,N/A,$0.00  ~ $0.00 ,N/A,N/A,N/A,N/A,N/A
Automotive (Legacy),Theme Parks,United States,N/A,$0.00  ~ $0.00 ,N/A,N/A,N/A,N/A,N/A
Automotive (Legacy),Internet Technology,United States,N/A,$0.00  ~ $0.00 ,N/A,N/A,N/A,N/A,N/A
Automotive (Legacy),Adult Education,United States,N/A,$0.00  ~ $0.00 ,N/A,N/A,N/A,N/A,N/A
Automotive (Legacy),Credit/Debt & Loans,Canada,N/A,$0.00  ~ $0.00 ,N/A,N/A,N/A,N/A,N/A
Automotive (Legacy),Radio,United States,N/A,$0.00  ~ $0.00 ,N/A,N/A,N/A,N/A,N/A
Automotive (Legacy),Honeymoons/Getaways,United States,N/A,$0.00  ~ $0.00 ,N/A,N/A,N/A,N/A,N/A
Automotive (Legacy),Interior Decorating,Canada,N/A,$0.00  ~ $0.00 ,N/A,N/A,N/A,N/A,N/A
Automotive (Legacy),Contests & Freebies,United States,N/A,$0.00  ~ $0.00 ,N/A,N/A,N/A,N/A,N/A
Automotive (Legacy),Government,United States,N/A,$0.00  ~ $0.00 ,N/A,N/A,N/A,N/A,N/A
Automotive (Legacy),Dogs,United States,N/A,$0.00  ~ $0.00 ,N/A,N/A,N/A,N/A,N/A
Automotive (Legacy),Dogs,Canada,N/A,$0.00  ~ $0.00 ,N/A,N/A,N/A,N/A,N/A
Automotive (Legacy),Advertising,United States,N/A,$0.00  ~ $0.00 ,N/A,N/A,N/A,N/A,N/A
Automotive (Legacy),Health/Lowfat Cooking,United States,N/A,$0.00  ~ $0.00 ,N/A,N/A,N/A,N/A,N/A
Automotive (Legacy),Auto Parts,United States,N/A,$0.00  ~ $0.00 ,N/A,N/A,N/A,N/A,N/A
Automotive (Legacy),Clothing,Canada,N/A,$0.00  ~ $0.00 ,N/A,N/A,N/A,N/A,N/A
Automotive (Legacy),Human Resources,Canada,N/A,$0.00  ~ $0.00 ,N/A,N/A,N/A,N/A,N/A
Automotive (Legacy),Cameras & Camcorders,United States,N/A,$0.00  ~ $0.00 ,N/A,N/A,N/A,N/A,N/A
Automotive (Legacy),Arts & Crafts,United States,N/A,$0.00  ~ $0.00 ,N/A,N/A,N/A,N/A,N/A
Automotive (Legacy),Technology & Computing,United States,N/A,$0.00  ~ $0.00 ,N/A,N/A,N/A,N/A,N/A
Automotive (Legacy),Birdwatching,United States,N/A,$0.00  ~ $0.00 ,N/A,N/A,N/A,N/A,N/A
Automotive (Legacy),Veterinary Medicine,United States,N/A,$0.00  ~ $0.00 ,N/A,N/A,N/A,N/A,N/A
Business (Legacy),Psychology/Psychiatry,United States,N/A,$25.37  ~ $36.33 ,N/A,N/A,N/A,76.52%,N/A
Business (Legacy),Metals,United States,N/A,$41.89  ~ $42.79 ,N/A,N/A,N/A,85.71%,N/A
Business (Legacy),Health & Fitness,United States,2,$55.18  ~ $56.17 ,N/A,N/A,N/A,86.14%,N/A
Business (Legacy),Home Repair,United States,N/A,$31.76  ~ $33.61 ,N/A,N/A,N/A,71.05%,N/A
Business (Legacy),Family & Parenting,United States,N/A,$41.77  ~ $41.77 ,N/A,N/A,N/A,60.00%,N/A
Business (Legacy),"Law, Gov't & Politics",United States,N/A,$17.63  ~ $17.63 ,N/A,N/A,N/A,N/A,N/A
Business (Legacy),Card Games,United States,N/A,$71.79  ~ $71.79 ,N/A,N/A,N/A,50.00%,N/A
Business (Legacy),Job Search,United States,N/A,$37.27  ~ $37.27 ,N/A,N/A,N/A,79.83%,N/A
Business (Legacy),Football,United States,N/A,$34.12  ~ $76.52 ,N/A,N/A,N/A,71.43%,N/A
Business (Legacy),Cameras & Camcorders,United States,N/A,$68.71  ~ $68.71 ,N/A,N/A,N/A,60.00%,N/A
Business (Legacy),Video & Computer Games,United States,N/A,$46.10  ~ $46.10 ,N/A,N/A,N/A,100.00%,N/A
Business (Legacy),Shopping,United States,N/A,$32.05  ~ $32.05 ,N/A,N/A,N/A,75.76%,N/A
Business (Legacy),Buying/Selling Cars,United States,N/A,$40.14  ~ $40.51 ,N/A,N/A,N/A,85.98%,N/A
Business (Legacy),Travel,United States,N/A,$28.33  ~ $28.56 ,N/A,N/A,N/A,87.91%,N/A
Business (Legacy),Politics,United States,N/A,$35.76  ~ $36.98 ,$65.33 ,N/A,0.06%,96.25%,N/A
Business (Legacy),Credit/Debt & Loans,United States,N/A,$16.05  ~ $20.28 ,N/A,N/A,N/A,88.89%,N/A
Business (Legacy),Off-Road Vehicles,United States,N/A,$23.06  ~ $23.06 ,N/A,N/A,N/A,67.74%,N/A
Business (Legacy),Incest/Abuse Support,United States,N/A,$40.84  ~ $40.84 ,N/A,N/A,N/A,100.00%,N/A
Business (Legacy),Pets,United States,N/A,$33.95  ~ $33.95 ,N/A,N/A,N/A,N/A,N/A
Business (Legacy),Biotech/Biomedical,United States,N/A,$38.72  ~ $38.72 ,N/A,N/A,N/A,N/A,N/A
Business (Legacy),Home & Garden,United States,N/A,$28.58  ~ $50.50 ,$16.43 ,N/A,0.17%,76.83%,N/A
Business (Legacy),Legal Issues,United States,N/A,$42.80  ~ $43.02 ,N/A,N/A,N/A,95.35%,N/A
Business (Legacy),Automotive,United States,N/A,$33.08  ~ $33.09 ,N/A,N/A,N/A,99.23%,N/A
Business (Legacy),Adult Education,United States,N/A,$12.74  ~ $12.74 ,N/A,N/A,N/A,N/A,N/A
Business (Legacy),Hobbies & Interests,United States,N/A,$21.94  ~ $21.94 ,N/A,N/A,N/A,100.00%,N/A
Business (Legacy),Construction,United States,N/A,$40.20  ~ $40.20 ,N/A,N/A,N/A,97.38%,N/A
Business (Legacy),Computer Networking,United States,N/A,$40.15  ~ $93.86 ,N/A,N/A,N/A,N/A,N/A
Business (Legacy),Arts & Entertainment,United States,N/A,$35.05  ~ $35.39 ,$5.73 ,N/A,0.62%,73.08%,N/A
Business (Legacy),Fine Art,United States,N/A,$22.88  ~ $36.78 ,N/A,N/A,N/A,75.00%,N/A
Business (Legacy),College,United States,N/A,$58.80  ~ $60.42 ,N/A,N/A,N/A,84.62%,N/A
Business (Legacy),Cold & Flu,United States,N/A,$38.00  ~ $76.20 ,N/A,N/A,N/A,50.00%,N/A
Business (Legacy),Personal Finance,United States,N/A,$26.48  ~ $26.48 ,N/A,N/A,N/A,76.62%,N/A
Business (Legacy),Dining Out,United States,N/A,$30.21  ~ $30.24 ,N/A,N/A,N/A,100.00%,N/A
Business (Legacy),Cocktails/Beer,United States,N/A,$12.75  ~ $12.75 ,N/A,N/A,N/A,95.24%,N/A
Business (Legacy),Buying/Selling Homes,United States,N/A,$38.72  ~ $38.72 ,N/A,N/A,N/A,50.00%,N/A
Business (Legacy),K-6 Educators,United States,N/A,$22.61  ~ $22.82 ,$1.26 ,N/A,1.82%,85.45%,N/A
Business (Legacy),Clothing,United States,N/A,$36.34  ~ $36.34 ,N/A,N/A,N/A,77.27%,N/A
Business (Legacy),Clothing,Canada,N/A,$31.28  ~ $31.28 ,N/A,N/A,N/A,100.00%,N/A
Business (Legacy),Cancer,United States,N/A,$39.85  ~ $39.85 ,N/A,N/A,N/A,N/A,N/A
Business (Legacy),Gardening,United States,N/A,$40.81  ~ $40.81 ,N/A,N/A,N/A,50.00%,N/A
Business (Legacy),Cigars,United States,N/A,$13.57  ~ $20.78 ,N/A,N/A,N/A,66.67%,N/A
Business (Legacy),Jewelry,United States,N/A,$36.45  ~ $37.74 ,N/A,N/A,N/A,100.00%,N/A
Business (Legacy),Appliances,United States,N/A,$12.74  ~ $12.74 ,N/A,N/A,N/A,100.00%,N/A
Business (Legacy),Senior Living,United States,N/A,$33.04  ~ $82.10 ,N/A,N/A,N/A,100.00%,N/A
Business (Legacy),Auto Repair,United States,N/A,$33.67  ~ $33.69 ,N/A,N/A,N/A,90.09%,N/A
Business (Legacy),Interior Decorating,United States,N/A,$33.32  ~ $33.42 ,N/A,N/A,N/A,80.45%,N/A
Business (Legacy),Cruises,United States,N/A,$30.64  ~ $30.80 ,N/A,N/A,N/A,94.29%,N/A
Business (Legacy),Air Travel,United States,N/A,$28.41  ~ $28.41 ,N/A,N/A,N/A,76.19%,N/A
Business (Legacy),Green Solutions,United States,N/A,$26.33  ~ $28.19 ,N/A,N/A,N/A,65.22%,N/A
Business (Legacy),Education,United States,N/A,$33.92  ~ $37.80 ,N/A,N/A,N/A,71.43%,N/A
Business (Legacy),Motorcycles,United States,N/A,$16.33  ~ $34.40 ,N/A,N/A,N/A,N/A,N/A
Business (Legacy),Careers,United States,N/A,$22.76  ~ $22.76 ,N/A,N/A,N/A,76.36%,N/A
Business (Legacy),Business,United States,N/A,$43.34  ~ $43.74 ,N/A,N/A,N/A,77.67%,N/A
Business (Legacy),Pro Basketball,United States,N/A,$18.73  ~ $18.73 ,N/A,N/A,N/A,80.00%,N/A
Business (Legacy),Exercise,United States,N/A,$48.13  ~ $48.13 ,N/A,N/A,N/A,100.00%,N/A
Business (Legacy),Mutual Funds,United States,N/A,$46.69  ~ $46.95 ,N/A,N/A,N/A,76.15%,N/A
Business (Legacy),Senor Health,United States,N/A,$36.06  ~ $88.67 ,N/A,N/A,N/A,75.00%,N/A
Business (Legacy),Investors & Patents,United States,N/A,$16.50  ~ $16.50 ,N/A,N/A,N/A,100.00%,N/A
Business (Legacy),Graduate School,United States,N/A,$38.40  ~ $39.81 ,N/A,N/A,N/A,73.91%,N/A
Business (Legacy),Business Software,United States,N/A,$32.43  ~ $32.43 ,N/A,N/A,N/A,91.18%,N/A
Business (Legacy),Music,United States,N/A,$16.46  ~ $20.71 ,N/A,N/A,N/A,88.24%,N/A
Business (Legacy),Insurance,United States,N/A,$43.41  ~ $43.41 ,N/A,N/A,N/A,76.92%,N/A
Business (Legacy),Contests & Freebies,United States,N/A,$102.06  ~ $102.06 ,N/A,N/A,N/A,N/A,N/A
Business (Legacy),Hotels,United States,N/A,$39.39  ~ $39.39 ,N/A,N/A,N/A,85.71%,N/A
Business (Legacy),Human Resources,United States,N/A,$52.04  ~ $52.04 ,N/A,N/A,N/A,100.00%,N/A
Business (Legacy),Advertising,United States,N/A,$33.87  ~ $33.87 ,N/A,N/A,N/A,N/A,N/A
Business (Legacy),Remodeling & Construction,United States,N/A,$26.61  ~ $35.70 ,N/A,N/A,N/A,95.05%,N/A
Business (Legacy),Logistics,United States,N/A,$43.63  ~ $43.72 ,N/A,N/A,N/A,86.82%,N/A
Business (Legacy),Desserts & Baking,United States,N/A,$0.00  ~ $0.00 ,N/A,N/A,N/A,N/A,N/A
Business (Legacy),Internet Technology,United States,N/A,$0.00  ~ $0.00 ,N/A,N/A,N/A,N/A,N/A
Business (Legacy),Internet Technology,Canada,N/A,$0.00  ~ $0.00 ,N/A,N/A,N/A,N/A,N/A
Business (Legacy),Bed & Breakfasts,United States,N/A,$0.00  ~ $0.00 ,N/A,N/A,N/A,N/A,N/A
Business (Legacy),Accessories,United States,N/A,$0.00  ~ $0.00 ,N/A,N/A,N/A,N/A,N/A
Business (Legacy),Health & Fitness,Canada,N/A,$0.00  ~ $0.00 ,N/A,N/A,N/A,N/A,N/A
Business (Legacy),Interior Decorating,Canada,N/A,$0.00  ~ $0.00 ,N/A,N/A,N/A,N/A,N/A
Business (Legacy),Art/Technology,United States,N/A,$0.00  ~ $0.00 ,N/A,N/A,N/A,N/A,N/A
Business (Legacy),Health/Lowfat Cooking,United States,N/A,$0.00  ~ $0.00 ,N/A,N/A,N/A,N/A,N/A
Business (Legacy),Arts & Crafts,United States,N/A,$0.00  ~ $0.00 ,N/A,N/A,N/A,N/A,N/A
Business (Legacy),Legal Issues,Canada,N/A,$0.00  ~ $0.00 ,N/A,N/A,N/A,N/A,N/A
Business (Legacy),Logistics,Canada,N/A,$0.00  ~ $0.00 ,N/A,N/A,N/A,N/A,N/A
Business (Legacy),Honeymoons/Getaways,United States,N/A,$0.00  ~ $0.00 ,N/A,N/A,N/A,N/A,N/A
Business (Legacy),Auto Parts,United States,N/A,$0.00  ~ $0.00 ,N/A,N/A,N/A,N/A,N/A
Business (Legacy),Retirement Planning,United States,N/A,$0.00  ~ $0.00 ,N/A,N/A,N/A,N/A,N/A
Business (Legacy),Theme Parks,United States,N/A,$0.00  ~ $0.00 ,N/A,N/A,N/A,N/A,N/A
Business (Legacy),Distance Learning,United States,N/A,$0.00  ~ $0.00 ,N/A,N/A,N/A,N/A,N/A
Business (Legacy),Automotive,Canada,N/A,$0.00  ~ $0.00 ,N/A,N/A,N/A,N/A,N/A
Business (Legacy),Pediatrics,United States,N/A,$0.00  ~ $0.00 ,N/A,N/A,N/A,N/A,N/A
Business (Legacy),Marketing,United States,N/A,$0.00  ~ $0.00 ,N/A,N/A,N/A,N/A,N/A
Business (Legacy),Martial Arts,United States,N/A,$0.00  ~ $0.00 ,N/A,N/A,N/A,N/A,N/A
Business (Legacy),Landscaping,United States,N/A,$0.00  ~ $0.00 ,N/A,N/A,N/A,N/A,N/A
Business (Legacy),Weight Loss,United States,N/A,$0.00  ~ $0.00 ,N/A,N/A,N/A,N/A,N/A
Business (Legacy),Human Resources,Canada,N/A,$0.00  ~ $0.00 ,N/A,N/A,N/A,N/A,N/A
Business (Legacy),Career Planning,United States,N/A,$0.00  ~ $0.00 ,N/A,N/A,N/A,N/A,N/A
Business (Legacy),Agriculture,United States,N/A,$0.00  ~ $0.00 ,N/A,N/A,N/A,N/A,N/A
Business (Legacy),Card Games,Canada,N/A,$0.00  ~ $0.00 ,N/A,N/A,N/A,N/A,N/A
Business (Legacy),Buying/Selling Cars,Canada,N/A,$0.00  ~ $0.00 ,N/A,N/A,N/A,N/A,N/A
Business (Legacy),Food & Drink,United States,N/A,$0.00  ~ $0.00 ,N/A,N/A,N/A,N/A,N/A
Business (Legacy),Food & Drink,Canada,N/A,$0.00  ~ $0.00 ,N/A,N/A,N/A,N/A,N/A
Business (Legacy),News,United States,N/A,$0.00  ~ $0.00 ,N/A,N/A,N/A,N/A,N/A
Business (Legacy),News,Canada,N/A,$0.00  ~ $0.00 ,N/A,N/A,N/A,N/A,N/A
Business (Legacy),Business,Canada,N/A,$0.00  ~ $0.00 ,N/A,N/A,N/A,N/A,N/A
Business (Legacy),Real Estate,United States,N/A,$0.00  ~ $0.00 ,N/A,N/A,N/A,N/A,N/A
Business (Legacy),Real Estate,Canada,N/A,$0.00  ~ $0.00 ,N/A,N/A,N/A,N/A,N/A
Business (Legacy),Alternative Medicine,United States,N/A,$0.00  ~ $0.00 ,N/A,N/A,N/A,N/A,N/A
Business (Legacy),Nutrition,Canada,N/A,$0.00  ~ $0.00 ,N/A,N/A,N/A,N/A,N/A
Business (Legacy),Government,United States,N/A,$0.00  ~ $0.00 ,N/A,N/A,N/A,N/A,N/A
Business (Legacy),Credit/Debt & Loans,Canada,N/A,$0.00  ~ $0.00 ,N/A,N/A,N/A,N/A,N/A
Business (Legacy),Dogs,United States,N/A,$0.00  ~ $0.00 ,N/A,N/A,N/A,N/A,N/A
Business (Legacy),Dogs,Canada,N/A,$0.00  ~ $0.00 ,N/A,N/A,N/A,N/A,N/A
Business (Legacy),Advertising,Canada,N/A,$0.00  ~ $0.00 ,N/A,N/A,N/A,N/A,N/A
Business (Legacy),Green Solutions,Canada,N/A,$0.00  ~ $0.00 ,N/A,N/A,N/A,N/A,N/A
Business (Legacy),Computer Peripherals,United States,N/A,$0.00  ~ $0.00 ,N/A,N/A,N/A,N/A,N/A
Business (Legacy),Veterinary Medicine,United States,N/A,$0.00  ~ $0.00 ,N/A,N/A,N/A,N/A,N/A
Business (Legacy),Radio,United States,N/A,$0.00  ~ $0.00 ,N/A,N/A,N/A,N/A,N/A
Business (Legacy),Technology & Computing,United States,N/A,$0.00  ~ $0.00 ,N/A,N/A,N/A,N/A,N/A
Business (Legacy),Home Repair,Canada,N/A,$0.00  ~ $0.00 ,N/A,N/A,N/A,N/A,N/A
Business (Legacy),Metals,Canada,N/A,$0.00  ~ $0.00 ,N/A,N/A,N/A,N/A,N/A
Business (Legacy),Environmental Safety,United States,N/A,$0.00  ~ $0.00 ,N/A,N/A,N/A,N/A,N/A
Business (Legacy),Entertainment,United States,N/A,$0.00  ~ $0.00 ,N/A,N/A,N/A,N/A,N/A
Business (Legacy),U.S. Military,United States,N/A,$0.00  ~ $0.00 ,N/A,N/A,N/A,N/A,N/A
Business (Legacy),Investing,United States,N/A,$0.00  ~ $0.00 ,N/A,N/A,N/A,N/A,N/A
Business (Legacy),Coffee/Tea,United States,N/A,$0.00  ~ $0.00 ,N/A,N/A,N/A,N/A,N/A
Business (Legacy),Insurance,Canada,N/A,$0.00  ~ $0.00 ,N/A,N/A,N/A,N/A,N/A
Careers (Legacy),Cruises,United States,N/A,$28.11  ~ $28.11 ,N/A,N/A,N/A,97.53%,N/A
Careers (Legacy),Credit/Debt & Loans,United States,N/A,$11.09  ~ $11.20 ,N/A,N/A,N/A,71.51%,N/A
Careers (Legacy),Home & Garden,United States,N/A,$28.57  ~ $42.54 ,$17.09 ,N/A,0.17%,69.86%,N/A
Careers (Legacy),Interior Decorating,United States,N/A,$33.06  ~ $33.50 ,$4.48 ,N/A,0.74%,81.54%,N/A
Careers (Legacy),Mutual Funds,United States,N/A,$44.17  ~ $44.26 ,N/A,N/A,N/A,66.67%,N/A
Careers (Legacy),Off-Road Vehicles,United States,N/A,$23.14  ~ $23.14 ,N/A,N/A,N/A,70.00%,N/A
Careers (Legacy),Hotels,United States,N/A,$47.64  ~ $47.64 ,N/A,N/A,N/A,N/A,N/A
Careers (Legacy),Cocktails/Beer,United States,N/A,$11.09  ~ $11.09 ,N/A,N/A,N/A,100.00%,N/A
Careers (Legacy),Investors & Patents,United States,N/A,$16.03  ~ $16.03 ,N/A,N/A,N/A,100.00%,N/A
Careers (Legacy),Human Resources,United States,N/A,$12.68  ~ $12.68 ,N/A,N/A,N/A,50.00%,N/A
Careers (Legacy),Psychology/Psychiatry,United States,N/A,$32.62  ~ $36.35 ,N/A,N/A,N/A,74.70%,N/A
Careers (Legacy),Home Repair,United States,N/A,$28.09  ~ $35.63 ,$6.09 ,N/A,0.58%,81.93%,N/A
Careers (Legacy),Shopping,United States,N/A,$29.78  ~ $29.92 ,N/A,N/A,N/A,93.55%,N/A
Careers (Legacy),Education,United States,N/A,$38.04  ~ $44.72 ,N/A,N/A,N/A,28.57%,N/A
Careers (Legacy),K-6 Educators,United States,N/A,$24.57  ~ $24.57 ,N/A,N/A,N/A,60.00%,N/A
Careers (Legacy),Fine Art,United States,N/A,$22.81  ~ $31.65 ,N/A,N/A,N/A,50.00%,N/A
Careers (Legacy),Personal Finance,United States,N/A,$30.01  ~ $30.13 ,N/A,N/A,N/A,67.57%,N/A
Careers (Legacy),Football,United States,N/A,$30.72  ~ $73.42 ,N/A,N/A,N/A,66.67%,N/A
Careers (Legacy),Dining Out,United States,N/A,$30.24  ~ $68.68 ,N/A,N/A,N/A,100.00%,N/A
Careers (Legacy),News,United States,N/A,$28.09  ~ $62.13 ,N/A,N/A,N/A,95.45%,N/A
Careers (Legacy),Birdwatching,United States,N/A,$37.74  ~ $88.35 ,N/A,N/A,N/A,63.64%,N/A
Careers (Legacy),Careers,United States,N/A,$20.68  ~ $20.68 ,N/A,N/A,N/A,80.95%,N/A
Careers (Legacy),Appliances,United States,N/A,$17.57  ~ $17.57 ,N/A,N/A,N/A,100.00%,N/A
Careers (Legacy),Buying/Selling Homes,United States,N/A,$38.72  ~ $38.72 ,N/A,N/A,N/A,33.33%,N/A
Careers (Legacy),Senior Living,United States,N/A,$34.49  ~ $71.25 ,N/A,N/A,N/A,100.00%,N/A
Careers (Legacy),Cigars,United States,N/A,$46.64  ~ $46.64 ,N/A,N/A,N/A,N/A,N/A
Careers (Legacy),Cold & Flu,United States,N/A,$38.33  ~ $84.18 ,N/A,N/A,N/A,72.73%,N/A
Careers (Legacy),Gardening,United States,N/A,$40.81  ~ $40.81 ,N/A,N/A,N/A,100.00%,N/A
Careers (Legacy),Pro Basketball,United States,N/A,$17.81  ~ $17.81 ,N/A,N/A,N/A,87.50%,N/A
Careers (Legacy),Travel,United States,N/A,$31.90  ~ $32.70 ,N/A,N/A,N/A,64.71%,N/A
Careers (Legacy),Job Search,United States,N/A,$37.76  ~ $37.76 ,N/A,N/A,N/A,64.37%,N/A
Careers (Legacy),Logistics,United States,N/A,$45.78  ~ $46.52 ,N/A,N/A,N/A,84.00%,N/A
Careers (Legacy),Buying/Selling Cars,United States,N/A,$40.00  ~ $42.24 ,$3.48 ,N/A,1.15%,72.29%,N/A
Careers (Legacy),Legal Issues,United States,N/A,$42.31  ~ $44.53 ,N/A,N/A,N/A,83.33%,N/A
Careers (Legacy),Green Solutions,United States,N/A,$39.00  ~ $39.90 ,N/A,N/A,N/A,50.00%,N/A
Careers (Legacy),Remodeling & Construction,United States,N/A,$35.71  ~ $88.77 ,N/A,N/A,N/A,81.71%,N/A
Careers (Legacy),Music,United States,N/A,$18.56  ~ $24.95 ,$0.30 ,N/A,8.33%,63.64%,N/A
Careers (Legacy),College,United States,N/A,$46.32  ~ $55.45 ,N/A,N/A,N/A,82.76%,N/A
Careers (Legacy),Automotive,United States,N/A,$47.16  ~ $48.01 ,N/A,N/A,N/A,93.75%,N/A
Careers (Legacy),Insurance,United States,N/A,$45.65  ~ $45.88 ,N/A,N/A,N/A,92.11%,N/A
Careers (Legacy),Arts & Entertainment,United States,N/A,$36.93  ~ $39.13 ,$2.35 ,N/A,1.67%,68.97%,N/A
Careers (Legacy),Video & Computer Games,United States,N/A,$66.39  ~ $66.39 ,N/A,N/A,N/A,50.00%,N/A
Careers (Legacy),Health & Fitness,United States,N/A,$52.13  ~ $57.54 ,N/A,N/A,N/A,60.80%,N/A
Careers (Legacy),Card Games,United States,N/A,$111.98  ~ $111.98 ,N/A,N/A,N/A,N/A,N/A
Careers (Legacy),Business Software,United States,N/A,$27.36  ~ $27.36 ,N/A,N/A,N/A,95.00%,N/A
Careers (Legacy),Construction,United States,N/A,$39.57  ~ $39.57 ,N/A,N/A,N/A,73.17%,N/A
Careers (Legacy),Clothing,United States,N/A,$33.69  ~ $33.69 ,$1.62 ,N/A,2.08%,78.95%,N/A
Careers (Legacy),Clothing,Canada,N/A,$43.14  ~ $43.14 ,N/A,N/A,N/A,100.00%,N/A
Careers (Legacy),Graduate School,United States,N/A,$39.10  ~ $39.47 ,N/A,N/A,N/A,78.26%,N/A
Careers (Legacy),Auto Repair,United States,N/A,$33.97  ~ $76.98 ,N/A,N/A,N/A,81.63%,N/A
Careers (Legacy),Catholicism,United States,N/A,$50.14  ~ $106.26 ,N/A,N/A,N/A,43.75%,N/A
Careers (Legacy),Metals,United States,N/A,$41.82  ~ $42.25 ,N/A,N/A,N/A,66.67%,N/A
Careers (Legacy),Family & Parenting,United States,N/A,$41.38  ~ $41.38 ,N/A,N/A,N/A,45.45%,N/A
Careers (Legacy),Adult Education,United States,N/A,$56.85  ~ $138.37 ,N/A,N/A,N/A,N/A,N/A
Careers (Legacy),Real Estate,United States,N/A,$45.08  ~ $49.13 ,N/A,N/A,N/A,100.00%,N/A
Careers (Legacy),Alternative Medicine,United States,N/A,$46.64  ~ $46.64 ,N/A,N/A,N/A,N/A,N/A
Careers (Legacy),Business,United States,N/A,$40.28  ~ $41.47 ,N/A,N/A,N/A,76.88%,N/A
Careers (Legacy),Politics,United States,N/A,$42.65  ~ $43.22 ,N/A,N/A,N/A,87.22%,N/A
Careers (Legacy),Nutrition,Canada,N/A,$0.00  ~ $0.00 ,N/A,N/A,N/A,N/A,N/A
Careers (Legacy),Internet Technology,United States,N/A,$0.00  ~ $0.00 ,N/A,N/A,N/A,N/A,N/A
Careers (Legacy),Agriculture,United States,N/A,$0.00  ~ $0.00 ,N/A,N/A,N/A,N/A,N/A
Careers (Legacy),Hobbies & Interests,United States,N/A,$0.00  ~ $0.00 ,N/A,N/A,N/A,N/A,N/A
Careers (Legacy),Desserts & Baking,United States,N/A,$0.00  ~ $0.00 ,N/A,N/A,N/A,N/A,N/A
Careers (Legacy),Cancer,United States,N/A,$0.00  ~ $0.00 ,N/A,N/A,N/A,N/A,N/A
Careers (Legacy),Environmental Safety,United States,N/A,$0.00  ~ $0.00 ,N/A,N/A,N/A,N/A,N/A
Careers (Legacy),Marketing,United States,N/A,$0.00  ~ $0.00 ,N/A,N/A,N/A,N/A,N/A
Careers (Legacy),Auto Parts,United States,N/A,$0.00  ~ $0.00 ,N/A,N/A,N/A,N/A,N/A
Careers (Legacy),Physical Therapy,United States,N/A,$0.00  ~ $0.00 ,N/A,N/A,N/A,N/A,N/A
Careers (Legacy),Computer Peripherals,United States,N/A,$0.00  ~ $0.00 ,N/A,N/A,N/A,N/A,N/A
Careers (Legacy),Computer Peripherals,Canada,N/A,$0.00  ~ $0.00 ,N/A,N/A,N/A,N/A,N/A
Careers (Legacy),Automotive,Canada,N/A,$0.00  ~ $0.00 ,N/A,N/A,N/A,N/A,N/A
Careers (Legacy),Metals,Canada,N/A,$0.00  ~ $0.00 ,N/A,N/A,N/A,N/A,N/A
Careers (Legacy),News,Canada,N/A,$0.00  ~ $0.00 ,N/A,N/A,N/A,N/A,N/A
Careers (Legacy),Legal Issues,Canada,N/A,$0.00  ~ $0.00 ,N/A,N/A,N/A,N/A,N/A
Careers (Legacy),Biotech/Biomedical,United States,N/A,$0.00  ~ $0.00 ,N/A,N/A,N/A,N/A,N/A
Careers (Legacy),Pediatrics,United States,N/A,$0.00  ~ $0.00 ,N/A,N/A,N/A,N/A,N/A
Careers (Legacy),Accessories,United States,N/A,$0.00  ~ $0.00 ,N/A,N/A,N/A,N/A,N/A
Careers (Legacy),Exercise,United States,N/A,$0.00  ~ $0.00 ,N/A,N/A,N/A,N/A,N/A
Careers (Legacy),"Law, Gov't & Politics",United States,N/A,$0.00  ~ $0.00 ,N/A,N/A,N/A,N/A,N/A
Careers (Legacy),Weight Loss,United States,N/A,$0.00  ~ $0.00 ,N/A,N/A,N/A,N/A,N/A
Careers (Legacy),Health & Fitness,Canada,N/A,$0.00  ~ $0.00 ,N/A,N/A,N/A,N/A,N/A
Careers (Legacy),Bed & Breakfasts,United States,N/A,$0.00  ~ $0.00 ,N/A,N/A,N/A,N/A,N/A
Careers (Legacy),Veterinary Medicine,United States,N/A,$0.00  ~ $0.00 ,N/A,N/A,N/A,N/A,N/A
Careers (Legacy),Dental Care,United States,N/A,$0.00  ~ $0.00 ,N/A,N/A,N/A,N/A,N/A
Careers (Legacy),Logistics,Canada,N/A,$0.00  ~ $0.00 ,N/A,N/A,N/A,N/A,N/A
Careers (Legacy),Arts & Entertainment,Canada,N/A,$0.00  ~ $0.00 ,N/A,N/A,N/A,N/A,N/A
Careers (Legacy),Radio,United States,N/A,$0.00  ~ $0.00 ,N/A,N/A,N/A,N/A,N/A
Careers (Legacy),Home Repair,Canada,N/A,$0.00  ~ $0.00 ,N/A,N/A,N/A,N/A,N/A
Careers (Legacy),Card Games,Canada,N/A,$0.00  ~ $0.00 ,N/A,N/A,N/A,N/A,N/A
Careers (Legacy),Theme Parks,United States,N/A,$0.00  ~ $0.00 ,N/A,N/A,N/A,N/A,N/A
Careers (Legacy),Government,United States,N/A,$0.00  ~ $0.00 ,N/A,N/A,N/A,N/A,N/A
Careers (Legacy),Business,Canada,N/A,$0.00  ~ $0.00 ,N/A,N/A,N/A,N/A,N/A
Careers (Legacy),Incest/Abuse Support,United States,N/A,$0.00  ~ $0.00 ,N/A,N/A,N/A,N/A,N/A
Careers (Legacy),Pets,United States,N/A,$0.00  ~ $0.00 ,N/A,N/A,N/A,N/A,N/A
Careers (Legacy),Arts & Crafts,United States,N/A,$0.00  ~ $0.00 ,N/A,N/A,N/A,N/A,N/A
Careers (Legacy),Technology & Computing,United States,N/A,$0.00  ~ $0.00 ,N/A,N/A,N/A,N/A,N/A
Careers (Legacy),Martial Arts,United States,N/A,$0.00  ~ $0.00 ,N/A,N/A,N/A,N/A,N/A
Careers (Legacy),Advertising,United States,N/A,$0.00  ~ $0.00 ,N/A,N/A,N/A,N/A,N/A
Careers (Legacy),Advertising,Canada,N/A,$0.00  ~ $0.00 ,N/A,N/A,N/A,N/A,N/A
Careers (Legacy),Human Resources,Canada,N/A,$0.00  ~ $0.00 ,N/A,N/A,N/A,N/A,N/A
Careers (Legacy),Landscaping,United States,N/A,$0.00  ~ $0.00 ,N/A,N/A,N/A,N/A,N/A
Careers (Legacy),Interior Decorating,Canada,N/A,$0.00  ~ $0.00 ,N/A,N/A,N/A,N/A,N/A
Careers (Legacy),Career Planning,United States,N/A,$0.00  ~ $0.00 ,N/A,N/A,N/A,N/A,N/A
Careers (Legacy),Honeymoons/Getaways,United States,N/A,$0.00  ~ $0.00 ,N/A,N/A,N/A,N/A,N/A
Careers (Legacy),Retirement Planning,United States,N/A,$0.00  ~ $0.00 ,N/A,N/A,N/A,N/A,N/A
Careers (Legacy),Personal Finance,Canada,N/A,$0.00  ~ $0.00 ,N/A,N/A,N/A,N/A,N/A
Careers (Legacy),Dogs,United States,N/A,$0.00  ~ $0.00 ,N/A,N/A,N/A,N/A,N/A
Careers (Legacy),Dogs,Canada,N/A,$0.00  ~ $0.00 ,N/A,N/A,N/A,N/A,N/A
Careers (Legacy),Canada,Canada,N/A,$0.00  ~ $0.00 ,N/A,N/A,N/A,N/A,N/A
Careers (Legacy),Senor Health,United States,N/A,$0.00  ~ $0.00 ,N/A,N/A,N/A,N/A,N/A
Careers (Legacy),Coffee/Tea,United States,N/A,$0.00  ~ $0.00 ,N/A,N/A,N/A,N/A,N/A
Careers (Legacy),Credit/Debt & Loans,Canada,N/A,$0.00  ~ $0.00 ,N/A,N/A,N/A,N/A,N/A
Careers (Legacy),Couponing,United States,N/A,$0.00  ~ $0.00 ,N/A,N/A,N/A,N/A,N/A
Careers (Legacy),Health/Lowfat Cooking,United States,N/A,$0.00  ~ $0.00 ,N/A,N/A,N/A,N/A,N/A
Careers (Legacy),Contests & Freebies,United States,N/A,$0.00  ~ $0.00 ,N/A,N/A,N/A,N/A,N/A
Careers (Legacy),Food & Drink,Canada,N/A,$0.00  ~ $0.00 ,N/A,N/A,N/A,N/A,N/A
Careers (Legacy),Food & Drink,United States,N/A,$0.00  ~ $0.00 ,N/A,N/A,N/A,N/A,N/A
Careers (Legacy),Insurance,Canada,N/A,$0.00  ~ $0.00 ,N/A,N/A,N/A,N/A,N/A
Education (Legacy),Shopping,United States,N/A,$32.19  ~ $32.64 ,N/A,N/A,N/A,83.24%,N/A
Education (Legacy),Job Search,United States,N/A,$36.28  ~ $36.28 ,N/A,N/A,N/A,77.57%,N/A
Education (Legacy),Hotels,United States,N/A,$28.65  ~ $28.65 ,N/A,N/A,N/A,50.00%,N/A
Education (Legacy),Cold & Flu,United States,N/A,$38.46  ~ $89.63 ,N/A,N/A,N/A,97.44%,N/A
Education (Legacy),Automotive,United States,N/A,$31.68  ~ $31.72 ,N/A,N/A,N/A,96.53%,N/A
Education (Legacy),Exercise,United States,N/A,$37.68  ~ $48.34 ,N/A,N/A,N/A,100.00%,N/A
Education (Legacy),Theme Parks,United States,N/A,$40.15  ~ $86.68 ,N/A,N/A,N/A,50.00%,N/A
Education (Legacy),Careers,United States,N/A,$25.17  ~ $25.17 ,N/A,N/A,N/A,87.50%,N/A
Education (Legacy),Interior Decorating,United States,1,$33.15  ~ $35.63 ,N/A,N/A,N/A,84.94%,N/A
Education (Legacy),Personal Finance,United States,N/A,$31.68  ~ $31.79 ,N/A,N/A,N/A,91.79%,N/A
Education (Legacy),Metals,United States,N/A,$41.52  ~ $41.64 ,N/A,N/A,N/A,96.62%,N/A
Education (Legacy),Fine Art,United States,N/A,$23.14  ~ $34.19 ,N/A,N/A,N/A,85.71%,N/A
Education (Legacy),Construction,United States,6,$40.62  ~ $40.62 ,N/A,N/A,N/A,83.87%,N/A
Education (Legacy),K-6 Educators,United States,N/A,$31.33  ~ $31.44 ,N/A,N/A,N/A,80.95%,N/A
Education (Legacy),Arts & Entertainment,United States,N/A,$27.43  ~ $32.81 ,$2.88 ,N/A,0.95%,72.38%,N/A
Education (Legacy),Home & Garden,United States,2,$28.85  ~ $41.26 ,$38.55 ,N/A,0.07%,78.17%,N/A
Education (Legacy),Home Repair,United States,N/A,$25.30  ~ $38.39 ,$16.47 ,N/A,0.23%,93.85%,N/A
Education (Legacy),Computer Networking,United States,N/A,$40.15  ~ $89.70 ,N/A,N/A,N/A,100.00%,N/A
Education (Legacy),Advertising,United States,N/A,$36.91  ~ $37.50 ,N/A,N/A,N/A,98.88%,N/A
Education (Legacy),Legal Issues,United States,N/A,$40.63  ~ $40.68 ,N/A,N/A,N/A,97.22%,N/A
Education (Legacy),Politics,United States,N/A,$40.11  ~ $44.45 ,$10.32 ,N/A,0.43%,92.05%,N/A
Education (Legacy),Contests & Freebies,United States,N/A,$47.62  ~ $47.62 ,N/A,N/A,N/A,100.00%,N/A
Education (Legacy),Appliances,United States,N/A,$26.49  ~ $26.49 ,N/A,N/A,N/A,100.00%,N/A
Education (Legacy),Health/Lowfat Cooking,United States,N/A,$17.06  ~ $17.06 ,N/A,N/A,N/A,100.00%,N/A
Education (Legacy),Retirement Planning,United States,N/A,$29.52  ~ $70.77 ,N/A,N/A,N/A,66.67%,N/A
Education (Legacy),Auto Parts,United States,N/A,$34.51  ~ $37.40 ,N/A,N/A,N/A,100.00%,N/A
Education (Legacy),Health & Fitness,United States,N/A,$50.32  ~ $53.87 ,N/A,N/A,N/A,92.16%,N/A
Education (Legacy),Health & Fitness,Canada,N/A,$28.16  ~ $70.08 ,N/A,N/A,N/A,100.00%,N/A
Education (Legacy),Education,United States,N/A,$42.09  ~ $56.37 ,N/A,N/A,N/A,91.43%,N/A
Education (Legacy),Education,Canada,N/A,$30.65  ~ $75.36 ,N/A,N/A,N/A,100.00%,N/A
Education (Legacy),Senior Living,United States,N/A,$37.13  ~ $79.87 ,N/A,N/A,N/A,100.00%,N/A
Education (Legacy),Adult Education,United States,N/A,$46.28  ~ $105.74 ,N/A,N/A,N/A,100.00%,N/A
Education (Legacy),Psychology/Psychiatry,United States,N/A,$35.01  ~ $36.01 ,N/A,N/A,N/A,85.19%,N/A
Education (Legacy),Remodeling & Construction,United States,N/A,$35.65  ~ $76.51 ,N/A,N/A,N/A,84.80%,N/A
Education (Legacy),Birdwatching,United States,N/A,$44.36  ~ $89.32 ,N/A,N/A,N/A,98.77%,N/A
Education (Legacy),"Law, Gov't & Politics",United States,N/A,$27.36  ~ $33.53 ,N/A,N/A,N/A,100.00%,N/A
Education (Legacy),Business,United States,N/A,$34.00  ~ $36.11 ,N/A,N/A,N/A,91.58%,N/A
Education (Legacy),Catholicism,United States,N/A,$54.92  ~ $116.20 ,N/A,N/A,N/A,80.00%,N/A
Education (Legacy),Senor Health,United States,N/A,$36.09  ~ $79.27 ,N/A,N/A,N/A,100.00%,N/A
Education (Legacy),Dining Out,United States,N/A,$36.00  ~ $36.00 ,N/A,N/A,N/A,100.00%,N/A
Education (Legacy),Travel,United States,N/A,$32.35  ~ $32.91 ,N/A,N/A,N/A,93.26%,N/A
Education (Legacy),Incest/Abuse Support,United States,N/A,$40.90  ~ $43.99 ,N/A,N/A,N/A,75.00%,N/A
Education (Legacy),Cruises,United States,N/A,$25.43  ~ $26.02 ,N/A,N/A,N/A,98.21%,N/A
Education (Legacy),Music,United States,N/A,$16.54  ~ $20.60 ,N/A,N/A,N/A,92.39%,N/A
Education (Legacy),College,United States,N/A,$50.12  ~ $55.39 ,N/A,N/A,N/A,84.72%,N/A
Education (Legacy),Accessories,United States,1,$72.28  ~ $72.28 ,N/A,N/A,N/A,100.00%,N/A
Education (Legacy),Clothing,United States,N/A,$34.22  ~ $34.24 ,$1.61 ,N/A,2.13%,81.82%,N/A
Education (Legacy),Clothing,Canada,N/A,$35.11  ~ $35.11 ,N/A,N/A,N/A,75.00%,N/A
Education (Legacy),Gardening,United States,N/A,$37.68  ~ $37.68 ,N/A,N/A,N/A,66.67%,N/A
Education (Legacy),Alternative Medicine,United States,N/A,$24.36  ~ $24.36 ,N/A,N/A,N/A,100.00%,N/A
Education (Legacy),Food & Drink,United States,N/A,$23.13  ~ $23.43 ,N/A,N/A,N/A,89.66%,N/A
Education (Legacy),Cigars,United States,N/A,$39.35  ~ $47.64 ,N/A,N/A,N/A,66.67%,N/A
Education (Legacy),Cameras & Camcorders,United States,N/A,$30.63  ~ $30.63 ,N/A,N/A,N/A,100.00%,N/A
Education (Legacy),Logistics,United States,6,$43.05  ~ $43.19 ,N/A,N/A,N/A,89.40%,N/A
Education (Legacy),Insurance,United States,N/A,$45.43  ~ $45.45 ,N/A,N/A,N/A,92.79%,N/A
Education (Legacy),Cocktails/Beer,United States,N/A,$9.19  ~ $21.00 ,N/A,N/A,N/A,50.00%,N/A
Education (Legacy),Auto Repair,United States,N/A,$32.56  ~ $33.81 ,N/A,N/A,N/A,78.57%,N/A
Education (Legacy),Off-Road Vehicles,United States,N/A,$23.12  ~ $23.12 ,N/A,N/A,N/A,80.95%,N/A
Education (Legacy),Human Resources,United States,N/A,$13.12  ~ $13.12 ,N/A,N/A,N/A,97.26%,N/A
Education (Legacy),Pro Basketball,United States,N/A,$17.28  ~ $19.77 ,N/A,N/A,N/A,84.62%,N/A
Education (Legacy),Desserts & Baking,United States,N/A,$42.97  ~ $42.97 ,N/A,N/A,N/A,98.53%,N/A
Education (Legacy),News,United States,N/A,$24.74  ~ $59.67 ,N/A,N/A,N/A,100.00%,N/A
Education (Legacy),Business Software,United States,N/A,$35.53  ~ $35.53 ,N/A,N/A,N/A,98.97%,N/A
Education (Legacy),Football,United States,N/A,$37.74  ~ $39.19 ,N/A,N/A,N/A,96.28%,N/A
Education (Legacy),Biotech/Biomedical,United States,N/A,$30.79  ~ $44.49 ,N/A,N/A,N/A,95.65%,N/A
Education (Legacy),Card Games,United States,N/A,$51.17  ~ $67.27 ,N/A,N/A,N/A,100.00%,N/A
Education (Legacy),Family & Parenting,United States,N/A,$41.67  ~ $41.78 ,N/A,N/A,N/A,94.44%,N/A
Education (Legacy),Video & Computer Games,United States,N/A,$46.12  ~ $46.12 ,N/A,N/A,N/A,100.00%,N/A
Education (Legacy),Graduate School,United States,N/A,$35.28  ~ $35.60 ,N/A,N/A,N/A,81.67%,N/A
Education (Legacy),Credit/Debt & Loans,United States,N/A,$16.29  ~ $17.84 ,N/A,N/A,N/A,93.10%,N/A
Education (Legacy),Buying/Selling Cars,United States,N/A,$44.47  ~ $44.59 ,$51.31 ,N/A,0.09%,96.06%,N/A
Education (Legacy),Buying/Selling Cars,Canada,N/A,$43.20  ~ $43.20 ,N/A,N/A,N/A,99.75%,N/A
Education (Legacy),Cancer,United States,N/A,$40.07  ~ $40.07 ,N/A,N/A,N/A,98.55%,N/A
Education (Legacy),Green Solutions,United States,N/A,$44.40  ~ $44.40 ,N/A,N/A,N/A,66.67%,N/A
Education (Legacy),Real Estate,United States,N/A,$51.94  ~ $53.99 ,N/A,N/A,N/A,100.00%,N/A
Education (Legacy),Mutual Funds,United States,N/A,$38.82  ~ $39.32 ,N/A,N/A,N/A,78.69%,N/A
Education (Legacy),Coffee/Tea,United States,N/A,$32.21  ~ $32.21 ,N/A,N/A,N/A,100.00%,N/A
Education (Legacy),Metals,Canada,N/A,$0.00  ~ $0.00 ,N/A,N/A,N/A,N/A,N/A
Education (Legacy),Honeymoons/Getaways,United States,N/A,$0.00  ~ $0.00 ,N/A,N/A,N/A,N/A,N/A
Education (Legacy),Business Software,Canada,N/A,$0.00  ~ $0.00 ,N/A,N/A,N/A,N/A,N/A
Education (Legacy),Food & Drink,Canada,N/A,$0.00  ~ $0.00 ,N/A,N/A,N/A,N/A,N/A
Education (Legacy),Internet Technology,United States,N/A,$0.00  ~ $0.00 ,N/A,N/A,N/A,N/A,N/A
Education (Legacy),Green Solutions,Canada,N/A,$0.00  ~ $0.00 ,N/A,N/A,N/A,N/A,N/A
Education (Legacy),Sexuality,United States,N/A,$0.00  ~ $0.00 ,N/A,N/A,N/A,N/A,N/A
Education (Legacy),Physical Therapy,United States,N/A,$0.00  ~ $0.00 ,N/A,N/A,N/A,N/A,N/A
Education (Legacy),By US Locale,United States,N/A,$0.00  ~ $0.00 ,N/A,N/A,N/A,N/A,N/A
Education (Legacy),Technology & Computing,United States,N/A,$0.00  ~ $0.00 ,N/A,N/A,N/A,N/A,N/A
Education (Legacy),Environmental Safety,United States,N/A,$0.00  ~ $0.00 ,N/A,N/A,N/A,N/A,N/A
Education (Legacy),Sailing,United States,N/A,$0.00  ~ $0.00 ,N/A,N/A,N/A,N/A,N/A
Education (Legacy),Pediatrics,United States,N/A,$0.00  ~ $0.00 ,N/A,N/A,N/A,N/A,N/A
Education (Legacy),Nutrition,Canada,N/A,$0.00  ~ $0.00 ,N/A,N/A,N/A,N/A,N/A
Education (Legacy),Legal Issues,Canada,N/A,$0.00  ~ $0.00 ,N/A,N/A,N/A,N/A,N/A
Education (Legacy),Investing,United States,N/A,$0.00  ~ $0.00 ,N/A,N/A,N/A,N/A,N/A
Education (Legacy),Advertising,Canada,N/A,$0.00  ~ $0.00 ,N/A,N/A,N/A,N/A,N/A
Education (Legacy),Hunting/Shooting,United States,N/A,$0.00  ~ $0.00 ,N/A,N/A,N/A,N/A,N/A
Education (Legacy),Government,United States,N/A,$0.00  ~ $0.00 ,N/A,N/A,N/A,N/A,N/A
Education (Legacy),Home Repair,Canada,N/A,$0.00  ~ $0.00 ,N/A,N/A,N/A,N/A,N/A
Education (Legacy),Arts & Entertainment,Canada,N/A,$0.00  ~ $0.00 ,N/A,N/A,N/A,N/A,N/A
Education (Legacy),Buying/Selling Homes,United States,N/A,$0.00  ~ $0.00 ,N/A,N/A,N/A,N/A,N/A
Education (Legacy),Hobbies & Interests,United States,N/A,$0.00  ~ $0.00 ,N/A,N/A,N/A,N/A,N/A
Education (Legacy),Couponing,United States,N/A,$0.00  ~ $0.00 ,N/A,N/A,N/A,N/A,N/A
Education (Legacy),Agriculture,United States,N/A,$0.00  ~ $0.00 ,N/A,N/A,N/A,N/A,N/A
Education (Legacy),Agriculture,Canada,N/A,$0.00  ~ $0.00 ,N/A,N/A,N/A,N/A,N/A
Education (Legacy),Infertility,United States,N/A,$0.00  ~ $0.00 ,N/A,N/A,N/A,N/A,N/A
Education (Legacy),Card Games,Canada,N/A,$0.00  ~ $0.00 ,N/A,N/A,N/A,N/A,N/A
Education (Legacy),Cruises,Canada,N/A,$0.00  ~ $0.00 ,N/A,N/A,N/A,N/A,N/A
Education (Legacy),Pets,United States,N/A,$0.00  ~ $0.00 ,N/A,N/A,N/A,N/A,N/A
Education (Legacy),Distance Learning,United States,N/A,$0.00  ~ $0.00 ,N/A,N/A,N/A,N/A,N/A
Education (Legacy),Off-Road Vehicles,Canada,N/A,$0.00  ~ $0.00 ,N/A,N/A,N/A,N/A,N/A
Education (Legacy),Dogs,United States,N/A,$0.00  ~ $0.00 ,N/A,N/A,N/A,N/A,N/A
Education (Legacy),Dogs,Canada,N/A,$0.00  ~ $0.00 ,N/A,N/A,N/A,N/A,N/A
Education (Legacy),Veterinary Medicine,United States,N/A,$0.00  ~ $0.00 ,N/A,N/A,N/A,N/A,N/A
Education (Legacy),Computer Peripherals,United States,N/A,$0.00  ~ $0.00 ,N/A,N/A,N/A,N/A,N/A
Education (Legacy),Radio,United States,N/A,$0.00  ~ $0.00 ,N/A,N/A,N/A,N/A,N/A
Education (Legacy),Business,Canada,N/A,$0.00  ~ $0.00 ,N/A,N/A,N/A,N/A,N/A
Education (Legacy),Credit/Debt & Loans,Canada,N/A,$0.00  ~ $0.00 ,N/A,N/A,N/A,N/A,N/A
Education (Legacy),Investors & Patents,United States,N/A,$0.00  ~ $0.00 ,N/A,N/A,N/A,N/A,N/A
Education (Legacy),Investors & Patents,Canada,N/A,$0.00  ~ $0.00 ,N/A,N/A,N/A,N/A,N/A
Education (Legacy),Career Planning,United States,N/A,$0.00  ~ $0.00 ,N/A,N/A,N/A,N/A,N/A
Education (Legacy),Interior Decorating,Canada,N/A,$0.00  ~ $0.00 ,N/A,N/A,N/A,N/A,N/A
Education (Legacy),Insurance,Canada,N/A,$0.00  ~ $0.00 ,N/A,N/A,N/A,N/A,N/A
Education (Legacy),Human Resources,Canada,N/A,$0.00  ~ $0.00 ,N/A,N/A,N/A,N/A,N/A
Education (Legacy),News,Canada,N/A,$0.00  ~ $0.00 ,N/A,N/A,N/A,N/A,N/A
Education (Legacy),Canada,Canada,N/A,$0.00  ~ $0.00 ,N/A,N/A,N/A,N/A,N/A
Education (Legacy),Dental Care,United States,N/A,$0.00  ~ $0.00 ,N/A,N/A,N/A,N/A,N/A
Education (Legacy),Weight Loss,United States,N/A,$0.00  ~ $0.00 ,N/A,N/A,N/A,N/A,N/A
Education (Legacy),Logistics,Canada,N/A,$0.00  ~ $0.00 ,N/A,N/A,N/A,N/A,N/A
Education (Legacy),Arts & Crafts,United States,N/A,$0.00  ~ $0.00 ,N/A,N/A,N/A,N/A,N/A
Education (Legacy),Careers,Canada,N/A,$0.00  ~ $0.00 ,N/A,N/A,N/A,N/A,N/A
Education (Legacy),Bed & Breakfasts,United States,N/A,$0.00  ~ $0.00 ,N/A,N/A,N/A,N/A,N/A
Family & Parenting (Legacy),Incest/Abuse Support,United States,N/A,$32.42  ~ $33.19 ,N/A,N/A,N/A,100.00%,N/A
Family & Parenting (Legacy),Clothing,United States,N/A,$35.56  ~ $35.56 ,N/A,N/A,N/A,82.35%,N/A
Family & Parenting (Legacy),Clothing,Canada,N/A,$45.58  ~ $45.58 ,N/A,N/A,N/A,100.00%,N/A
Family & Parenting (Legacy),Buying/Selling Homes,United States,N/A,$42.50  ~ $42.50 ,N/A,N/A,N/A,50.00%,N/A
Family & Parenting (Legacy),Cruises,United States,N/A,$24.39  ~ $24.56 ,N/A,N/A,N/A,84.21%,N/A
Family & Parenting (Legacy),Family & Parenting,United States,N/A,$41.23  ~ $41.23 ,N/A,N/A,N/A,77.78%,N/A
Family & Parenting (Legacy),Nutrition,Canada,N/A,$47.26  ~ $47.26 ,N/A,N/A,N/A,100.00%,N/A
Family & Parenting (Legacy),Dining Out,United States,N/A,$30.53  ~ $30.53 ,N/A,N/A,N/A,100.00%,N/A
Family & Parenting (Legacy),Advertising,United States,N/A,$47.63  ~ $47.63 ,N/A,N/A,N/A,N/A,N/A
Family & Parenting (Legacy),Business Software,United States,N/A,$53.78  ~ $53.78 ,N/A,N/A,N/A,88.24%,N/A
Family & Parenting (Legacy),Buying/Selling Cars,United States,N/A,$40.09  ~ $40.33 ,$16.36 ,N/A,0.25%,84.86%,N/A
Family & Parenting (Legacy),Buying/Selling Cars,Canada,N/A,$35.25  ~ $35.25 ,N/A,N/A,N/A,66.67%,N/A
Family & Parenting (Legacy),Travel,United States,N/A,$30.63  ~ $30.78 ,N/A,N/A,N/A,62.82%,N/A
Family & Parenting (Legacy),Insurance,United States,N/A,$44.96  ~ $45.50 ,N/A,N/A,N/A,64.29%,N/A
Family & Parenting (Legacy),College,United States,N/A,$59.40  ~ $60.99 ,N/A,N/A,N/A,81.31%,N/A
Family & Parenting (Legacy),Politics,United States,N/A,$43.80  ~ $48.40 ,$6.41 ,N/A,0.76%,70.20%,N/A
Family & Parenting (Legacy),Personal Finance,United States,N/A,$28.10  ~ $28.10 ,$5.09 ,N/A,0.55%,78.53%,N/A
Family & Parenting (Legacy),Off-Road Vehicles,United States,N/A,$22.58  ~ $22.58 ,N/A,N/A,N/A,73.33%,N/A
Family & Parenting (Legacy),Music,United States,N/A,$16.06  ~ $25.68 ,N/A,N/A,N/A,80.00%,N/A
Family & Parenting (Legacy),Legal Issues,United States,N/A,$38.33  ~ $40.50 ,N/A,N/A,N/A,86.67%,N/A
Family & Parenting (Legacy),Card Games,United States,N/A,$74.08  ~ $74.08 ,N/A,N/A,N/A,50.00%,N/A
Family & Parenting (Legacy),Senior Living,United States,N/A,$38.72  ~ $38.72 ,N/A,N/A,N/A,100.00%,N/A
Family & Parenting (Legacy),Interior Decorating,United States,N/A,$32.49  ~ $33.51 ,N/A,N/A,N/A,84.29%,N/A
Family & Parenting (Legacy),Remodeling & Construction,United States,N/A,$26.61  ~ $36.09 ,$2.24 ,N/A,1.61%,80.00%,N/A
Family & Parenting (Legacy),Appliances,United States,N/A,$13.71  ~ $13.71 ,N/A,N/A,N/A,100.00%,N/A
Family & Parenting (Legacy),Hotels,United States,N/A,$31.99  ~ $31.99 ,N/A,N/A,N/A,100.00%,N/A
Family & Parenting (Legacy),Automotive,United States,N/A,$33.94  ~ $34.30 ,N/A,N/A,N/A,81.82%,N/A
Family & Parenting (Legacy),Logistics,United States,N/A,$45.46  ~ $45.55 ,N/A,N/A,N/A,75.51%,N/A
Family & Parenting (Legacy),Cameras & Camcorders,United States,N/A,$61.07  ~ $61.07 ,N/A,N/A,N/A,100.00%,N/A
Family & Parenting (Legacy),Cocktails/Beer,United States,N/A,$12.87  ~ $12.87 ,N/A,N/A,N/A,100.00%,N/A
Family & Parenting (Legacy),Mutual Funds,United States,N/A,$44.79  ~ $45.02 ,N/A,N/A,N/A,77.30%,N/A
Family & Parenting (Legacy),Pro Basketball,United States,N/A,$20.43  ~ $20.43 ,N/A,N/A,N/A,57.14%,N/A
Family & Parenting (Legacy),Fine Art,United States,N/A,$36.90  ~ $88.78 ,N/A,N/A,N/A,66.67%,N/A
Family & Parenting (Legacy),Careers,United States,N/A,$22.11  ~ $22.11 ,N/A,N/A,N/A,54.55%,N/A
Family & Parenting (Legacy),Job Search,United States,N/A,$41.44  ~ $41.44 ,$7.96 ,N/A,0.52%,74.46%,N/A
Family & Parenting (Legacy),Cold & Flu,United States,N/A,$39.25  ~ $92.44 ,N/A,N/A,N/A,50.00%,N/A
Family & Parenting (Legacy),Education,United States,N/A,$45.91  ~ $45.91 ,N/A,N/A,N/A,75.00%,N/A
Family & Parenting (Legacy),Psychology/Psychiatry,United States,N/A,$24.53  ~ $35.10 ,N/A,N/A,N/A,70.18%,N/A
Family & Parenting (Legacy),K-6 Educators,United States,N/A,$26.14  ~ $26.14 ,N/A,N/A,N/A,59.38%,N/A
Family & Parenting (Legacy),Health & Fitness,United States,N/A,$46.29  ~ $53.32 ,N/A,N/A,N/A,68.13%,N/A
Family & Parenting (Legacy),Pets,United States,N/A,$34.03  ~ $34.03 ,N/A,N/A,N/A,100.00%,N/A
Family & Parenting (Legacy),Football,United States,N/A,$12.17  ~ $29.09 ,N/A,N/A,N/A,87.50%,N/A
Family & Parenting (Legacy),Health/Lowfat Cooking,United States,N/A,$61.72  ~ $61.72 ,N/A,N/A,N/A,100.00%,N/A
Family & Parenting (Legacy),Arts & Entertainment,United States,N/A,$34.55  ~ $34.68 ,$4.82 ,N/A,0.72%,68.12%,N/A
Family & Parenting (Legacy),Green Solutions,United States,N/A,$30.75  ~ $30.75 ,N/A,N/A,N/A,66.67%,N/A
Family & Parenting (Legacy),Credit/Debt & Loans,United States,N/A,$11.40  ~ $12.03 ,$1.12 ,N/A,1.08%,94.25%,N/A
Family & Parenting (Legacy),Air Travel,United States,N/A,$31.46  ~ $31.46 ,N/A,N/A,N/A,83.33%,N/A
Family & Parenting (Legacy),Graduate School,United States,N/A,$39.85  ~ $42.80 ,$1.04 ,N/A,3.85%,68.63%,N/A
Family & Parenting (Legacy),Biotech/Biomedical,United States,N/A,$36.88  ~ $85.24 ,N/A,N/A,N/A,100.00%,N/A
Family & Parenting (Legacy),Business,United States,N/A,$46.25  ~ $46.36 ,$9.57 ,N/A,0.48%,65.31%,N/A
Family & Parenting (Legacy),Home & Garden,United States,N/A,$29.93  ~ $32.82 ,$6.16 ,N/A,0.49%,74.01%,N/A
Family & Parenting (Legacy),Catholicism,United States,N/A,$50.85  ~ $117.44 ,N/A,N/A,N/A,75.00%,N/A
Family & Parenting (Legacy),Apartments,United States,N/A,$26.36  ~ $26.36 ,N/A,N/A,N/A,100.00%,N/A
Family & Parenting (Legacy),Cigars,United States,N/A,$35.20  ~ $76.22 ,N/A,N/A,N/A,50.00%,N/A
Family & Parenting (Legacy),Adult Education,United States,N/A,$14.16  ~ $14.16 ,N/A,N/A,N/A,100.00%,N/A
Family & Parenting (Legacy),Home Repair,United States,N/A,$30.86  ~ $34.03 ,N/A,N/A,N/A,85.71%,N/A
Family & Parenting (Legacy),Shopping,United States,N/A,$32.71  ~ $32.92 ,N/A,N/A,N/A,84.00%,N/A
Family & Parenting (Legacy),Metals,United States,N/A,$39.48  ~ $40.61 ,N/A,N/A,N/A,62.50%,N/A
Family & Parenting (Legacy),Auto Repair,United States,N/A,$32.91  ~ $34.22 ,N/A,N/A,N/A,82.56%,N/A
Family & Parenting (Legacy),Career Planning,United States,N/A,$0.00  ~ $0.00 ,N/A,N/A,N/A,N/A,N/A
Family & Parenting (Legacy),Martial Arts,United States,N/A,$0.00  ~ $0.00 ,N/A,N/A,N/A,N/A,N/A
Family & Parenting (Legacy),Human Resources,United States,N/A,$0.00  ~ $0.00 ,N/A,N/A,N/A,N/A,N/A
Family & Parenting (Legacy),Human Resources,Canada,N/A,$0.00  ~ $0.00 ,N/A,N/A,N/A,N/A,N/A
Family & Parenting (Legacy),Agriculture,United States,N/A,$0.00  ~ $0.00 ,N/A,N/A,N/A,N/A,N/A
Family & Parenting (Legacy),Internet Technology,United States,N/A,$0.00  ~ $0.00 ,N/A,N/A,N/A,N/A,N/A
Family & Parenting (Legacy),Internet Technology,Canada,N/A,$0.00  ~ $0.00 ,N/A,N/A,N/A,N/A,N/A
Family & Parenting (Legacy),Arts & Crafts,United States,N/A,$0.00  ~ $0.00 ,N/A,N/A,N/A,N/A,N/A
Family & Parenting (Legacy),Desserts & Baking,United States,N/A,$0.00  ~ $0.00 ,N/A,N/A,N/A,N/A,N/A
Family & Parenting (Legacy),Landscaping,United States,N/A,$0.00  ~ $0.00 ,N/A,N/A,N/A,N/A,N/A
Family & Parenting (Legacy),Automotive,Canada,N/A,$0.00  ~ $0.00 ,N/A,N/A,N/A,N/A,N/A
Family & Parenting (Legacy),Home Repair,Canada,N/A,$0.00  ~ $0.00 ,N/A,N/A,N/A,N/A,N/A
Family & Parenting (Legacy),Investing,United States,N/A,$0.00  ~ $0.00 ,N/A,N/A,N/A,N/A,N/A
Family & Parenting (Legacy),Real Estate,United States,N/A,$0.00  ~ $0.00 ,N/A,N/A,N/A,N/A,N/A
Family & Parenting (Legacy),Radio,United States,N/A,$0.00  ~ $0.00 ,N/A,N/A,N/A,N/A,N/A
Family & Parenting (Legacy),Health & Fitness,Canada,N/A,$0.00  ~ $0.00 ,N/A,N/A,N/A,N/A,N/A
Family & Parenting (Legacy),Exercise,United States,N/A,$0.00  ~ $0.00 ,N/A,N/A,N/A,N/A,N/A
Family & Parenting (Legacy),News,United States,N/A,$0.00  ~ $0.00 ,N/A,N/A,N/A,N/A,N/A
Family & Parenting (Legacy),News,Canada,N/A,$0.00  ~ $0.00 ,N/A,N/A,N/A,N/A,N/A
Family & Parenting (Legacy),Card Games,Canada,N/A,$0.00  ~ $0.00 ,N/A,N/A,N/A,N/A,N/A
Family & Parenting (Legacy),Distance Learning,United States,N/A,$0.00  ~ $0.00 ,N/A,N/A,N/A,N/A,N/A
Family & Parenting (Legacy),"Law, Gov't & Politics",United States,N/A,$0.00  ~ $0.00 ,N/A,N/A,N/A,N/A,N/A
Family & Parenting (Legacy),Honeymoons/Getaways,United States,N/A,$0.00  ~ $0.00 ,N/A,N/A,N/A,N/A,N/A
Family & Parenting (Legacy),Advertising,Canada,N/A,$0.00  ~ $0.00 ,N/A,N/A,N/A,N/A,N/A
Family & Parenting (Legacy),Environmental Safety,United States,N/A,$0.00  ~ $0.00 ,N/A,N/A,N/A,N/A,N/A
Family & Parenting (Legacy),Credit/Debt & Loans,Canada,N/A,$0.00  ~ $0.00 ,N/A,N/A,N/A,N/A,N/A
Family & Parenting (Legacy),Food & Drink,United States,N/A,$0.00  ~ $0.00 ,N/A,N/A,N/A,N/A,N/A
Family & Parenting (Legacy),Food & Drink,Canada,N/A,$0.00  ~ $0.00 ,N/A,N/A,N/A,N/A,N/A
Family & Parenting (Legacy),Computer Peripherals,United States,N/A,$0.00  ~ $0.00 ,N/A,N/A,N/A,N/A,N/A
Family & Parenting (Legacy),Business,Canada,N/A,$0.00  ~ $0.00 ,N/A,N/A,N/A,N/A,N/A
Family & Parenting (Legacy),Business Software,Canada,N/A,$0.00  ~ $0.00 ,N/A,N/A,N/A,N/A,N/A
Family & Parenting (Legacy),Dogs,Canada,N/A,$0.00  ~ $0.00 ,N/A,N/A,N/A,N/A,N/A
Family & Parenting (Legacy),Dogs,United States,N/A,$0.00  ~ $0.00 ,N/A,N/A,N/A,N/A,N/A
Family & Parenting (Legacy),Cancer,United States,N/A,$0.00  ~ $0.00 ,N/A,N/A,N/A,N/A,N/A
Family & Parenting (Legacy),Technology & Computing,United States,N/A,$0.00  ~ $0.00 ,N/A,N/A,N/A,N/A,N/A
Family & Parenting (Legacy),Bed & Breakfasts,United States,N/A,$0.00  ~ $0.00 ,N/A,N/A,N/A,N/A,N/A
Family & Parenting (Legacy),Marketing,United States,N/A,$0.00  ~ $0.00 ,N/A,N/A,N/A,N/A,N/A
Family & Parenting (Legacy),Hobbies & Interests,United States,N/A,$0.00  ~ $0.00 ,N/A,N/A,N/A,N/A,N/A
Family & Parenting (Legacy),Insurance,Canada,N/A,$0.00  ~ $0.00 ,N/A,N/A,N/A,N/A,N/A
Family & Parenting (Legacy),Interior Decorating,Canada,N/A,$0.00  ~ $0.00 ,N/A,N/A,N/A,N/A,N/A
Family & Parenting (Legacy),Accessories,United States,N/A,$0.00  ~ $0.00 ,N/A,N/A,N/A,N/A,N/A
Family & Parenting (Legacy),Investors & Patents,United States,N/A,$0.00  ~ $0.00 ,N/A,N/A,N/A,N/A,N/A
Family & Parenting (Legacy),Gardening,United States,N/A,$0.00  ~ $0.00 ,N/A,N/A,N/A,N/A,N/A
Family & Parenting (Legacy),Art/Technology,United States,N/A,$0.00  ~ $0.00 ,N/A,N/A,N/A,N/A,N/A
Family & Parenting (Legacy),Alternative Medicine,United States,N/A,$0.00  ~ $0.00 ,N/A,N/A,N/A,N/A,N/A
Family & Parenting (Legacy),Contests & Freebies,United States,N/A,$0.00  ~ $0.00 ,N/A,N/A,N/A,N/A,N/A
Family & Parenting (Legacy),Theme Parks,United States,N/A,$0.00  ~ $0.00 ,N/A,N/A,N/A,N/A,N/A
Family & Parenting (Legacy),Birdwatching,United States,N/A,$0.00  ~ $0.00 ,N/A,N/A,N/A,N/A,N/A
Family & Parenting (Legacy),Legal Issues,Canada,N/A,$0.00  ~ $0.00 ,N/A,N/A,N/A,N/A,N/A
Family & Parenting (Legacy),Off-Road Vehicles,Canada,N/A,$0.00  ~ $0.00 ,N/A,N/A,N/A,N/A,N/A
Family & Parenting (Legacy),Metals,Canada,N/A,$0.00  ~ $0.00 ,N/A,N/A,N/A,N/A,N/A
Family & Parenting (Legacy),Logistics,Canada,N/A,$0.00  ~ $0.00 ,N/A,N/A,N/A,N/A,N/A
Family & Parenting (Legacy),Canada,Canada,N/A,$0.00  ~ $0.00 ,N/A,N/A,N/A,N/A,N/A
Family & Parenting (Legacy),Coffee/Tea,United States,N/A,$0.00  ~ $0.00 ,N/A,N/A,N/A,N/A,N/A
Family & Parenting (Legacy),Pediatrics,United States,N/A,$0.00  ~ $0.00 ,N/A,N/A,N/A,N/A,N/A
Family & Parenting (Legacy),Veterinary Medicine,United States,N/A,$0.00  ~ $0.00 ,N/A,N/A,N/A,N/A,N/A
Family & Parenting (Legacy),Retirement Planning,United States,N/A,$0.00  ~ $0.00 ,N/A,N/A,N/A,N/A,N/A
Family & Parenting (Legacy),Dental Care,United States,N/A,$0.00  ~ $0.00 ,N/A,N/A,N/A,N/A,N/A
Family & Parenting (Legacy),Hunting/Shooting,United States,N/A,$0.00  ~ $0.00 ,N/A,N/A,N/A,N/A,N/A
Family & Parenting (Legacy),Auto Parts,United States,N/A,$0.00  ~ $0.00 ,N/A,N/A,N/A,N/A,N/A
Family & Parenting (Legacy),Video & Computer Games,United States,N/A,$0.00  ~ $0.00 ,N/A,N/A,N/A,N/A,N/A
Family & Parenting (Legacy),Senor Health,United States,N/A,$0.00  ~ $0.00 ,N/A,N/A,N/A,N/A,N/A
Family & Parenting (Legacy),Weight Loss,United States,N/A,$0.00  ~ $0.00 ,N/A,N/A,N/A,N/A,N/A
Food & Drink (Legacy),Accessories,United States,N/A,$37.72  ~ $37.72 ,N/A,N/A,N/A,100.00%,N/A
Food & Drink (Legacy),Dining Out,United States,N/A,$0.00  ~ $0.00 ,N/A,N/A,N/A,N/A,N/A
Food & Drink (Legacy),Business Software,United States,N/A,$32.32  ~ $32.32 ,N/A,N/A,N/A,100.00%,N/A
Food & Drink (Legacy),Green Solutions,United States,N/A,$25.05  ~ $25.05 ,N/A,N/A,N/A,35.00%,N/A
Food & Drink (Legacy),Graduate School,United States,N/A,$36.82  ~ $37.85 ,N/A,N/A,N/A,81.03%,N/A
Food & Drink (Legacy),Advertising,United States,N/A,$36.89  ~ $36.89 ,N/A,N/A,N/A,98.48%,N/A
Food & Drink (Legacy),Theme Parks,United States,N/A,$40.15  ~ $94.67 ,N/A,N/A,N/A,100.00%,N/A
Food & Drink (Legacy),Metals,United States,N/A,$45.53  ~ $45.95 ,N/A,N/A,N/A,96.50%,N/A
Food & Drink (Legacy),Apartments,United States,N/A,$30.57  ~ $30.57 ,N/A,N/A,N/A,100.00%,N/A
Food & Drink (Legacy),Interior Decorating,United States,N/A,$32.66  ~ $33.47 ,N/A,N/A,N/A,81.30%,N/A
Food & Drink (Legacy),Construction,United States,N/A,$40.70  ~ $40.70 ,N/A,N/A,N/A,48.00%,N/A
Food & Drink (Legacy),Appliances,United States,N/A,$11.48  ~ $11.48 ,N/A,N/A,N/A,95.24%,N/A
Food & Drink (Legacy),Cancer,United States,N/A,$40.02  ~ $40.02 ,N/A,N/A,N/A,100.00%,N/A
Food & Drink (Legacy),Pets,United States,N/A,$33.98  ~ $33.98 ,N/A,N/A,N/A,33.33%,N/A
Food & Drink (Legacy),Travel,United States,N/A,$33.71  ~ $33.88 ,N/A,N/A,N/A,78.29%,N/A
Food & Drink (Legacy),News,United States,N/A,$61.98  ~ $76.23 ,N/A,N/A,N/A,100.00%,N/A
Food & Drink (Legacy),Biotech/Biomedical,United States,N/A,$32.98  ~ $39.20 ,N/A,N/A,N/A,98.85%,N/A
Food & Drink (Legacy),Alternative Medicine,United States,N/A,$30.24  ~ $30.24 ,N/A,N/A,N/A,100.00%,N/A
Food & Drink (Legacy),Cocktails/Beer,United States,N/A,$10.59  ~ $10.86 ,N/A,N/A,N/A,92.11%,N/A
Food & Drink (Legacy),Politics,United States,N/A,$43.36  ~ $44.68 ,$16.87 ,N/A,0.26%,93.12%,N/A
Food & Drink (Legacy),Cruises,United States,N/A,$25.80  ~ $26.61 ,N/A,N/A,N/A,97.40%,N/A
Food & Drink (Legacy),Home Repair,United States,N/A,$28.84  ~ $38.40 ,$2.17 ,N/A,1.77%,88.99%,N/A
Food & Drink (Legacy),Credit/Debt & Loans,United States,N/A,$15.19  ~ $16.48 ,N/A,N/A,N/A,91.01%,N/A
Food & Drink (Legacy),Automotive,United States,N/A,$40.31  ~ $40.31 ,N/A,N/A,N/A,93.33%,N/A
Food & Drink (Legacy),Gardening,United States,N/A,$30.00  ~ $30.00 ,N/A,N/A,N/A,88.46%,N/A
Food & Drink (Legacy),Cameras & Camcorders,United States,N/A,$76.17  ~ $76.17 ,N/A,N/A,N/A,66.67%,N/A
Food & Drink (Legacy),Pro Basketball,United States,N/A,$18.92  ~ $18.92 ,$0.38 ,N/A,5.00%,75.00%,N/A
Food & Drink (Legacy),Legal Issues,United States,N/A,$48.65  ~ $48.74 ,N/A,N/A,N/A,91.92%,N/A
Food & Drink (Legacy),Senior Living,United States,N/A,$44.84  ~ $46.61 ,N/A,N/A,N/A,100.00%,N/A
Food & Drink (Legacy),Coffee/Tea,United States,N/A,$32.35  ~ $32.35 ,N/A,N/A,N/A,100.00%,N/A
Food & Drink (Legacy),"Law, Gov't & Politics",United States,N/A,$38.70  ~ $89.52 ,N/A,N/A,N/A,100.00%,N/A
Food & Drink (Legacy),Exercise,United States,N/A,$28.27  ~ $57.00 ,N/A,N/A,N/A,100.00%,N/A
Food & Drink (Legacy),Honeymoons/Getaways,United States,N/A,$30.63  ~ $30.63 ,N/A,N/A,N/A,100.00%,N/A
Food & Drink (Legacy),Home & Garden,United States,N/A,$30.30  ~ $31.53 ,$7.49 ,N/A,0.42%,78.02%,N/A
Food & Drink (Legacy),Jewelry,United States,N/A,$44.00  ~ $44.76 ,N/A,N/A,N/A,37.50%,N/A
Food & Drink (Legacy),Insurance,United States,N/A,$41.80  ~ $41.98 ,N/A,N/A,N/A,90.10%,N/A
Food & Drink (Legacy),Agriculture,United States,N/A,$14.76  ~ $14.76 ,N/A,N/A,N/A,N/A,N/A
Food & Drink (Legacy),Buying/Selling Cars,United States,N/A,$34.68  ~ $35.34 ,N/A,N/A,N/A,88.85%,N/A
Food & Drink (Legacy),Remodeling & Construction,United States,N/A,$30.32  ~ $37.47 ,$0.79 ,N/A,4.76%,80.00%,N/A
Food & Drink (Legacy),Incest/Abuse Support,United States,N/A,$38.19  ~ $40.91 ,N/A,N/A,N/A,83.33%,N/A
Food & Drink (Legacy),Human Resources,United States,N/A,$13.20  ~ $13.20 ,N/A,N/A,N/A,97.31%,N/A
Food & Drink (Legacy),Football,United States,N/A,$21.07  ~ $34.24 ,N/A,N/A,N/A,75.00%,N/A
Food & Drink (Legacy),College,United States,N/A,$42.89  ~ $51.41 ,N/A,N/A,N/A,84.78%,N/A
Food & Drink (Legacy),Physical Therapy,United States,N/A,$41.90  ~ $41.90 ,N/A,N/A,N/A,100.00%,N/A
Food & Drink (Legacy),K-6 Educators,United States,N/A,$28.65  ~ $28.65 ,N/A,N/A,N/A,50.00%,N/A
Food & Drink (Legacy),Education,United States,N/A,$43.48  ~ $45.30 ,N/A,N/A,N/A,70.59%,N/A
Food & Drink (Legacy),Hotels,United States,N/A,$36.77  ~ $36.77 ,N/A,N/A,N/A,81.82%,N/A
Food & Drink (Legacy),Music,United States,N/A,$17.23  ~ $20.52 ,N/A,N/A,N/A,72.41%,N/A
Food & Drink (Legacy),Health & Fitness,United States,N/A,$46.27  ~ $47.93 ,N/A,N/A,N/A,89.51%,N/A
Food & Drink (Legacy),Auto Repair,United States,N/A,$34.10  ~ $79.58 ,N/A,N/A,N/A,78.57%,N/A
Food & Drink (Legacy),Off-Road Vehicles,United States,N/A,$23.12  ~ $23.12 ,N/A,N/A,N/A,85.71%,N/A
Food & Drink (Legacy),Business,Canada,N/A,$56.74  ~ $56.74 ,N/A,N/A,N/A,100.00%,N/A
Food & Drink (Legacy),Business,United States,N/A,$43.08  ~ $43.71 ,$4.98 ,N/A,0.86%,73.35%,N/A
Food & Drink (Legacy),Psychology/Psychiatry,United States,N/A,$35.78  ~ $36.33 ,N/A,N/A,N/A,88.46%,N/A
Food & Drink (Legacy),Card Games,United States,N/A,$54.51  ~ $54.51 ,N/A,N/A,N/A,87.50%,N/A
Food & Drink (Legacy),Mutual Funds,United States,N/A,$39.52  ~ $41.96 ,N/A,N/A,N/A,73.91%,N/A
Food & Drink (Legacy),Family & Parenting,United States,N/A,$42.44  ~ $42.49 ,N/A,N/A,N/A,98.10%,N/A
Food & Drink (Legacy),Computer Networking,United States,N/A,$40.15  ~ $85.49 ,N/A,N/A,N/A,100.00%,N/A
Food & Drink (Legacy),Cigars,United States,N/A,$19.04  ~ $32.55 ,N/A,N/A,N/A,94.74%,N/A
Food & Drink (Legacy),Cold & Flu,United States,N/A,$38.13  ~ $88.02 ,N/A,N/A,N/A,96.43%,N/A
Food & Drink (Legacy),Careers,United States,N/A,$25.54  ~ $25.54 ,N/A,N/A,N/A,76.27%,N/A
Food & Drink (Legacy),Clothing,United States,N/A,$39.00  ~ $39.00 ,N/A,N/A,N/A,87.50%,N/A
Food & Drink (Legacy),Clothing,Canada,N/A,$45.94  ~ $45.94 ,N/A,N/A,N/A,100.00%,N/A
Food & Drink (Legacy),Arts & Entertainment,United States,N/A,$37.02  ~ $37.16 ,$4.64 ,N/A,0.80%,60.00%,N/A
Food & Drink (Legacy),Video & Computer Games,United States,N/A,$30.54  ~ $30.54 ,N/A,N/A,N/A,87.50%,N/A
Food & Drink (Legacy),Shopping,United States,N/A,$30.20  ~ $30.86 ,$2.93 ,N/A,1.03%,85.11%,N/A
Food & Drink (Legacy),Job Search,United States,N/A,$33.84  ~ $33.84 ,$3.28 ,N/A,1.03%,67.71%,N/A
Food & Drink (Legacy),Food & Drink,United States,N/A,$19.78  ~ $21.98 ,N/A,N/A,N/A,85.71%,N/A
Food & Drink (Legacy),Landscaping,United States,N/A,$57.76  ~ $57.76 ,N/A,N/A,N/A,80.00%,N/A
Food & Drink (Legacy),Buying/Selling Homes,United States,N/A,$33.13  ~ $33.13 ,N/A,N/A,N/A,85.71%,N/A
Food & Drink (Legacy),Personal Finance,United States,N/A,$36.30  ~ $36.32 ,N/A,N/A,N/A,92.91%,N/A
Food & Drink (Legacy),Logistics,United States,N/A,$46.05  ~ $46.11 ,N/A,N/A,N/A,82.09%,N/A
Food & Drink (Legacy),Environmental Safety,United States,N/A,$33.69  ~ $33.69 ,N/A,N/A,N/A,100.00%,N/A
Food & Drink (Legacy),Health/Lowfat Cooking,United States,N/A,$0.00  ~ $0.00 ,N/A,N/A,N/A,N/A,N/A
Food & Drink (Legacy),Insurance,Canada,N/A,$0.00  ~ $0.00 ,N/A,N/A,N/A,N/A,N/A
Food & Drink (Legacy),Pediatrics,United States,N/A,$0.00  ~ $0.00 ,N/A,N/A,N/A,N/A,N/A
Food & Drink (Legacy),Food & Drink,Canada,N/A,$0.00  ~ $0.00 ,N/A,N/A,N/A,N/A,N/A
Food & Drink (Legacy),Real Estate,United States,N/A,$0.00  ~ $0.00 ,N/A,N/A,N/A,N/A,N/A
Food & Drink (Legacy),Automotive,Canada,N/A,$0.00  ~ $0.00 ,N/A,N/A,N/A,N/A,N/A
Food & Drink (Legacy),Bed & Breakfasts,United States,N/A,$0.00  ~ $0.00 ,N/A,N/A,N/A,N/A,N/A
Food & Drink (Legacy),Metals,Canada,N/A,$0.00  ~ $0.00 ,N/A,N/A,N/A,N/A,N/A
Food & Drink (Legacy),Veterinary Medicine,United States,N/A,$0.00  ~ $0.00 ,N/A,N/A,N/A,N/A,N/A
Food & Drink (Legacy),Hobbies & Interests,United States,N/A,$0.00  ~ $0.00 ,N/A,N/A,N/A,N/A,N/A
Food & Drink (Legacy),Senor Health,United States,N/A,$0.00  ~ $0.00 ,N/A,N/A,N/A,N/A,N/A
Food & Drink (Legacy),Auto Parts,United States,N/A,$0.00  ~ $0.00 ,N/A,N/A,N/A,N/A,N/A
Food & Drink (Legacy),Radio,United States,N/A,$0.00  ~ $0.00 ,N/A,N/A,N/A,N/A,N/A
Food & Drink (Legacy),Agriculture,Canada,N/A,$0.00  ~ $0.00 ,N/A,N/A,N/A,N/A,N/A
Food & Drink (Legacy),Legal Issues,Canada,N/A,$0.00  ~ $0.00 ,N/A,N/A,N/A,N/A,N/A
Food & Drink (Legacy),Advertising,Canada,N/A,$0.00  ~ $0.00 ,N/A,N/A,N/A,N/A,N/A
Food & Drink (Legacy),Gardening,Canada,N/A,$0.00  ~ $0.00 ,N/A,N/A,N/A,N/A,N/A
Food & Drink (Legacy),Interior Decorating,Canada,N/A,$0.00  ~ $0.00 ,N/A,N/A,N/A,N/A,N/A
Food & Drink (Legacy),Hunting/Shooting,United States,N/A,$0.00  ~ $0.00 ,N/A,N/A,N/A,N/A,N/A
Food & Drink (Legacy),Investors & Patents,United States,N/A,$0.00  ~ $0.00 ,N/A,N/A,N/A,N/A,N/A
Food & Drink (Legacy),Technology & Computing,United States,N/A,$0.00  ~ $0.00 ,N/A,N/A,N/A,N/A,N/A
Food & Drink (Legacy),Internet Technology,United States,N/A,$0.00  ~ $0.00 ,N/A,N/A,N/A,N/A,N/A
Food & Drink (Legacy),Internet Technology,Canada,N/A,$0.00  ~ $0.00 ,N/A,N/A,N/A,N/A,N/A
Food & Drink (Legacy),Arts & Crafts,United States,N/A,$0.00  ~ $0.00 ,N/A,N/A,N/A,N/A,N/A
Food & Drink (Legacy),Computer Peripherals,United States,N/A,$0.00  ~ $0.00 ,N/A,N/A,N/A,N/A,N/A
Food & Drink (Legacy),Canada,Canada,N/A,$0.00  ~ $0.00 ,N/A,N/A,N/A,N/A,N/A
Food & Drink (Legacy),News,Canada,N/A,$0.00  ~ $0.00 ,N/A,N/A,N/A,N/A,N/A
Food & Drink (Legacy),Contests & Freebies,United States,N/A,$0.00  ~ $0.00 ,N/A,N/A,N/A,N/A,N/A
Food & Drink (Legacy),Credit/Debt & Loans,Canada,N/A,$0.00  ~ $0.00 ,N/A,N/A,N/A,N/A,N/A
Food & Drink (Legacy),Careers,Canada,N/A,$0.00  ~ $0.00 ,N/A,N/A,N/A,N/A,N/A
Food & Drink (Legacy),Business Software,Canada,N/A,$0.00  ~ $0.00 ,N/A,N/A,N/A,N/A,N/A
Food & Drink (Legacy),Distance Learning,United States,N/A,$0.00  ~ $0.00 ,N/A,N/A,N/A,N/A,N/A
Food & Drink (Legacy),Human Resources,Canada,N/A,$0.00  ~ $0.00 ,N/A,N/A,N/A,N/A,N/A
Food & Drink (Legacy),Weddings,United States,N/A,$0.00  ~ $0.00 ,N/A,N/A,N/A,N/A,N/A
Food & Drink (Legacy),Desserts & Baking,United States,N/A,$0.00  ~ $0.00 ,N/A,N/A,N/A,N/A,N/A
Food & Drink (Legacy),By US Locale,United States,N/A,$0.00  ~ $0.00 ,N/A,N/A,N/A,N/A,N/A
Food & Drink (Legacy),Birdwatching,United States,N/A,$0.00  ~ $0.00 ,N/A,N/A,N/A,N/A,N/A
Food & Drink (Legacy),Dogs,United States,N/A,$0.00  ~ $0.00 ,N/A,N/A,N/A,N/A,N/A
Food & Drink (Legacy),Dogs,Canada,N/A,$0.00  ~ $0.00 ,N/A,N/A,N/A,N/A,N/A
Food & Drink (Legacy),Card Games,Canada,N/A,$0.00  ~ $0.00 ,N/A,N/A,N/A,N/A,N/A
Food & Drink (Legacy),Government,United States,N/A,$0.00  ~ $0.00 ,N/A,N/A,N/A,N/A,N/A
Food & Drink (Legacy),Career Planning,United States,N/A,$0.00  ~ $0.00 ,N/A,N/A,N/A,N/A,N/A
Food & Drink (Legacy),Weight Loss,United States,N/A,$0.00  ~ $0.00 ,N/A,N/A,N/A,N/A,N/A
Food & Drink (Legacy),Home Repair,Canada,N/A,$0.00  ~ $0.00 ,N/A,N/A,N/A,N/A,N/A
Food & Drink (Legacy),Retirement Planning,United States,N/A,$0.00  ~ $0.00 ,N/A,N/A,N/A,N/A,N/A
Food & Drink (Legacy),Adult Education,United States,N/A,$0.00  ~ $0.00 ,N/A,N/A,N/A,N/A,N/A
Food & Drink (Legacy),Nutrition,Canada,N/A,$0.00  ~ $0.00 ,N/A,N/A,N/A,N/A,N/A
Food & Drink (Legacy),Logistics,Canada,N/A,$0.00  ~ $0.00 ,N/A,N/A,N/A,N/A,N/A
Food & Drink (Legacy),Health & Fitness,Canada,N/A,$0.00  ~ $0.00 ,N/A,N/A,N/A,N/A,N/A
Food & Drink (Legacy),Couponing,United States,N/A,$0.00  ~ $0.00 ,N/A,N/A,N/A,N/A,N/A
Health & Fitness (Legacy),Real Estate,United States,N/A,$53.98  ~ $133.19 ,N/A,N/A,N/A,100.00%,N/A
Health & Fitness (Legacy),Fine Art,United States,N/A,$23.14  ~ $27.96 ,N/A,N/A,N/A,70.59%,N/A
Health & Fitness (Legacy),Cruises,United States,N/A,$23.10  ~ $23.10 ,N/A,N/A,N/A,71.74%,N/A
Health & Fitness (Legacy),Cruises,Canada,N/A,$40.55  ~ $98.19 ,N/A,N/A,N/A,100.00%,N/A
Health & Fitness (Legacy),Education,United States,N/A,$30.08  ~ $34.71 ,N/A,N/A,N/A,100.00%,N/A
Health & Fitness (Legacy),Appliances,United States,N/A,$19.66  ~ $19.66 ,N/A,N/A,N/A,100.00%,N/A
Health & Fitness (Legacy),"Law, Gov't & Politics",United States,N/A,$35.18  ~ $75.52 ,N/A,N/A,N/A,100.00%,N/A
Health & Fitness (Legacy),Gardening,United States,N/A,$32.05  ~ $32.05 ,N/A,N/A,N/A,33.33%,N/A
Health & Fitness (Legacy),Automotive,United States,N/A,$46.73  ~ $48.55 ,N/A,N/A,N/A,95.35%,N/A
Health & Fitness (Legacy),Senior Living,United States,N/A,$34.49  ~ $69.08 ,N/A,N/A,N/A,100.00%,N/A
Health & Fitness (Legacy),Exercise,United States,N/A,$28.25  ~ $64.24 ,N/A,N/A,N/A,N/A,N/A
Health & Fitness (Legacy),Green Solutions,United States,N/A,$26.23  ~ $26.23 ,N/A,N/A,N/A,35.48%,N/A
Health & Fitness (Legacy),Incest/Abuse Support,United States,N/A,$33.19  ~ $33.19 ,N/A,N/A,N/A,100.00%,N/A
Health & Fitness (Legacy),Weddings,United States,N/A,$44.10  ~ $94.37 ,N/A,N/A,N/A,33.33%,N/A
Health & Fitness (Legacy),Auto Repair,United States,N/A,$45.17  ~ $61.24 ,N/A,N/A,N/A,69.50%,N/A
Health & Fitness (Legacy),Music,United States,N/A,$16.81  ~ $17.29 ,$0.71 ,N/A,2.44%,95.12%,N/A
Health & Fitness (Legacy),Business Software,United States,N/A,$88.43  ~ $91.70 ,N/A,N/A,N/A,66.50%,N/A
Health & Fitness (Legacy),Accessories,United States,N/A,$61.52  ~ $61.52 ,N/A,N/A,N/A,69.82%,N/A
Health & Fitness (Legacy),Hotels,United States,N/A,$33.80  ~ $33.80 ,$0.14 ,N/A,25.00%,50.00%,N/A
Health & Fitness (Legacy),News,United States,N/A,$45.71  ~ $45.71 ,N/A,N/A,N/A,20.00%,N/A
Health & Fitness (Legacy),Advertising,United States,N/A,$36.23  ~ $36.23 ,N/A,N/A,N/A,N/A,N/A
Health & Fitness (Legacy),Buying/Selling Homes,United States,N/A,$24.84  ~ $24.84 ,N/A,N/A,N/A,100.00%,N/A
Health & Fitness (Legacy),Home & Garden,United States,N/A,$29.10  ~ $38.99 ,$44.38 ,N/A,0.07%,69.79%,N/A
Health & Fitness (Legacy),Logistics,United States,N/A,$41.94  ~ $41.94 ,N/A,N/A,N/A,73.91%,N/A
Health & Fitness (Legacy),Internet Technology,United States,N/A,$99.37  ~ $99.37 ,N/A,N/A,N/A,83.33%,N/A
Health & Fitness (Legacy),Business,United States,N/A,$45.46  ~ $45.94 ,N/A,N/A,N/A,72.84%,N/A
Health & Fitness (Legacy),Apartments,United States,N/A,$27.92  ~ $27.92 ,N/A,N/A,N/A,N/A,N/A
Health & Fitness (Legacy),Cigars,United States,N/A,$19.13  ~ $19.13 ,N/A,N/A,N/A,100.00%,N/A
Health & Fitness (Legacy),Off-Road Vehicles,United States,N/A,$23.13  ~ $23.13 ,N/A,N/A,N/A,66.67%,N/A
Health & Fitness (Legacy),Careers,United States,N/A,$21.39  ~ $21.39 ,N/A,N/A,N/A,81.44%,N/A
Health & Fitness (Legacy),Insurance,United States,N/A,$42.41  ~ $42.76 ,N/A,N/A,N/A,77.27%,N/A
Health & Fitness (Legacy),Cold & Flu,United States,N/A,$39.55  ~ $96.85 ,N/A,N/A,N/A,83.33%,N/A
Health & Fitness (Legacy),Home Repair,United States,N/A,$54.09  ~ $54.24 ,N/A,N/A,N/A,42.68%,N/A
Health & Fitness (Legacy),Psychology/Psychiatry,United States,N/A,$24.07  ~ $36.07 ,N/A,N/A,N/A,87.34%,N/A
Health & Fitness (Legacy),Biotech/Biomedical,United States,N/A,$0.00  ~ $36.17 ,N/A,N/A,N/A,85.71%,N/A
Health & Fitness (Legacy),Alternative Medicine,United States,N/A,$30.24  ~ $30.24 ,N/A,N/A,N/A,100.00%,N/A
Health & Fitness (Legacy),Credit/Debt & Loans,United States,N/A,$12.95  ~ $13.66 ,N/A,N/A,N/A,67.35%,N/A
Health & Fitness (Legacy),Dining Out,United States,N/A,$30.68  ~ $30.68 ,N/A,N/A,N/A,50.00%,N/A
Health & Fitness (Legacy),Video & Computer Games,United States,N/A,$34.12  ~ $34.12 ,N/A,N/A,N/A,66.67%,N/A
Health & Fitness (Legacy),Mutual Funds,United States,N/A,$46.12  ~ $57.12 ,N/A,N/A,N/A,64.24%,N/A
Health & Fitness (Legacy),Health & Fitness,United States,N/A,$46.20  ~ $47.90 ,N/A,N/A,N/A,75.86%,N/A
Health & Fitness (Legacy),Legal Issues,United States,N/A,$65.42  ~ $65.47 ,N/A,N/A,N/A,73.47%,N/A
Health & Fitness (Legacy),Legal Issues,Canada,N/A,$22.04  ~ $53.15 ,N/A,N/A,N/A,100.00%,N/A
Health & Fitness (Legacy),Human Resources,United States,N/A,$85.65  ~ $85.65 ,N/A,N/A,N/A,69.19%,N/A
Health & Fitness (Legacy),K-6 Educators,United States,N/A,$23.33  ~ $23.33 ,N/A,N/A,N/A,66.67%,N/A
Health & Fitness (Legacy),Politics,United States,N/A,$58.01  ~ $102.31 ,N/A,N/A,N/A,58.69%,N/A
Health & Fitness (Legacy),Football,United States,N/A,$29.74  ~ $62.72 ,N/A,N/A,N/A,55.56%,N/A
Health & Fitness (Legacy),Graduate School,United States,N/A,$42.80  ~ $44.49 ,N/A,N/A,N/A,76.47%,N/A
Health & Fitness (Legacy),Arts & Entertainment,United States,N/A,$35.71  ~ $35.79 ,N/A,N/A,N/A,59.32%,N/A
Health & Fitness (Legacy),Family & Parenting,United States,N/A,$43.34  ~ $43.89 ,N/A,N/A,N/A,80.00%,N/A
Health & Fitness (Legacy),Cocktails/Beer,United States,N/A,$9.97  ~ $9.97 ,N/A,N/A,N/A,100.00%,N/A
Health & Fitness (Legacy),Personal Finance,United States,N/A,$81.21  ~ $84.36 ,N/A,N/A,N/A,77.37%,N/A
Health & Fitness (Legacy),Clothing,United States,N/A,$40.03  ~ $40.03 ,N/A,N/A,N/A,100.00%,N/A
Health & Fitness (Legacy),Clothing,Canada,N/A,$34.80  ~ $34.80 ,N/A,N/A,N/A,100.00%,N/A
Health & Fitness (Legacy),Senor Health,United States,N/A,$36.14  ~ $77.73 ,N/A,N/A,N/A,N/A,N/A
Health & Fitness (Legacy),Pro Basketball,United States,N/A,$18.54  ~ $18.54 ,N/A,N/A,N/A,56.25%,N/A
Health & Fitness (Legacy),College,United States,N/A,$51.47  ~ $56.19 ,N/A,N/A,N/A,77.36%,N/A
Health & Fitness (Legacy),Card Games,United States,N/A,$67.27  ~ $67.27 ,N/A,N/A,N/A,33.33%,N/A
Health & Fitness (Legacy),Adult Education,United States,N/A,$56.97  ~ $116.94 ,N/A,N/A,N/A,100.00%,N/A
Health & Fitness (Legacy),Cancer,United States,N/A,$40.15  ~ $40.15 ,N/A,N/A,N/A,100.00%,N/A
Health & Fitness (Legacy),Metals,United States,N/A,$69.19  ~ $69.23 ,N/A,N/A,N/A,65.52%,N/A
Health & Fitness (Legacy),Interior Decorating,United States,N/A,$32.29  ~ $35.31 ,N/A,N/A,N/A,89.78%,N/A
Health & Fitness (Legacy),Shopping,United States,N/A,$34.44  ~ $34.44 ,N/A,N/A,N/A,75.68%,N/A
Health & Fitness (Legacy),Buying/Selling Cars,United States,N/A,$64.44  ~ $64.44 ,$758.51 ,N/A,0.01%,68.58%,N/A
Health & Fitness (Legacy),Pets,United States,N/A,$34.03  ~ $34.03 ,N/A,N/A,N/A,100.00%,N/A
Health & Fitness (Legacy),Travel,United States,N/A,$29.30  ~ $29.31 ,N/A,N/A,N/A,70.30%,N/A
Health & Fitness (Legacy),Jewelry,United States,N/A,$41.83  ~ $41.83 ,N/A,N/A,N/A,40.91%,N/A
Health & Fitness (Legacy),Remodeling & Construction,United States,N/A,$35.67  ~ $75.59 ,N/A,N/A,N/A,83.33%,N/A
Health & Fitness (Legacy),Food & Drink,United States,N/A,$24.67  ~ $25.38 ,N/A,N/A,N/A,87.50%,N/A
Health & Fitness (Legacy),Air Travel,United States,N/A,$32.95  ~ $32.95 ,N/A,N/A,N/A,100.00%,N/A
Health & Fitness (Legacy),Construction,United States,N/A,$40.06  ~ $40.06 ,N/A,N/A,N/A,64.15%,N/A
Health & Fitness (Legacy),Job Search,United States,N/A,$36.44  ~ $36.44 ,N/A,N/A,N/A,68.28%,N/A
Health & Fitness (Legacy),Food & Drink,Canada,N/A,$0.00  ~ $0.00 ,N/A,N/A,N/A,N/A,N/A
Health & Fitness (Legacy),Pediatrics,United States,N/A,$0.00  ~ $0.00 ,N/A,N/A,N/A,N/A,N/A
Health & Fitness (Legacy),Theme Parks,United States,N/A,$0.00  ~ $0.00 ,N/A,N/A,N/A,N/A,N/A
Health & Fitness (Legacy),Desserts & Baking,United States,N/A,$0.00  ~ $0.00 ,N/A,N/A,N/A,N/A,N/A
Health & Fitness (Legacy),Government,United States,N/A,$0.00  ~ $0.00 ,N/A,N/A,N/A,N/A,N/A
Health & Fitness (Legacy),Buying/Selling Cars,Canada,N/A,$0.00  ~ $0.00 ,N/A,N/A,N/A,N/A,N/A
Health & Fitness (Legacy),Green Solutions,Canada,N/A,$0.00  ~ $0.00 ,N/A,N/A,N/A,N/A,N/A
Health & Fitness (Legacy),Honeymoons/Getaways,United States,N/A,$0.00  ~ $0.00 ,N/A,N/A,N/A,N/A,N/A
Health & Fitness (Legacy),Credit/Debt & Loans,Canada,N/A,$0.00  ~ $0.00 ,N/A,N/A,N/A,N/A,N/A
Health & Fitness (Legacy),Investing,United States,N/A,$0.00  ~ $0.00 ,N/A,N/A,N/A,N/A,N/A
Health & Fitness (Legacy),Retirement Planning,United States,N/A,$0.00  ~ $0.00 ,N/A,N/A,N/A,N/A,N/A
Health & Fitness (Legacy),Martial Arts,United States,N/A,$0.00  ~ $0.00 ,N/A,N/A,N/A,N/A,N/A
Health & Fitness (Legacy),Card Games,Canada,N/A,$0.00  ~ $0.00 ,N/A,N/A,N/A,N/A,N/A
Health & Fitness (Legacy),Agriculture,United States,N/A,$0.00  ~ $0.00 ,N/A,N/A,N/A,N/A,N/A
Health & Fitness (Legacy),Agriculture,Canada,N/A,$0.00  ~ $0.00 ,N/A,N/A,N/A,N/A,N/A
Health & Fitness (Legacy),Fine Art,Canada,N/A,$0.00  ~ $0.00 ,N/A,N/A,N/A,N/A,N/A
Health & Fitness (Legacy),Weight Loss,United States,N/A,$0.00  ~ $0.00 ,N/A,N/A,N/A,N/A,N/A
Health & Fitness (Legacy),Logistics,Canada,N/A,$0.00  ~ $0.00 ,N/A,N/A,N/A,N/A,N/A
Health & Fitness (Legacy),Business Software,Canada,N/A,$0.00  ~ $0.00 ,N/A,N/A,N/A,N/A,N/A
Health & Fitness (Legacy),Human Resources,Canada,N/A,$0.00  ~ $0.00 ,N/A,N/A,N/A,N/A,N/A
Health & Fitness (Legacy),Computer Peripherals,United States,N/A,$0.00  ~ $0.00 ,N/A,N/A,N/A,N/A,N/A
Health & Fitness (Legacy),Internet Technology,Canada,N/A,$0.00  ~ $0.00 ,N/A,N/A,N/A,N/A,N/A
Health & Fitness (Legacy),Investors & Patents,United States,N/A,$0.00  ~ $0.00 ,N/A,N/A,N/A,N/A,N/A
Health & Fitness (Legacy),Investors & Patents,Canada,N/A,$0.00  ~ $0.00 ,N/A,N/A,N/A,N/A,N/A
Health & Fitness (Legacy),Distance Learning,United States,N/A,$0.00  ~ $0.00 ,N/A,N/A,N/A,N/A,N/A
Health & Fitness (Legacy),Computer Networking,United States,N/A,$0.00  ~ $0.00 ,N/A,N/A,N/A,N/A,N/A
Health & Fitness (Legacy),Veterinary Medicine,United States,N/A,$0.00  ~ $0.00 ,N/A,N/A,N/A,N/A,N/A
Health & Fitness (Legacy),Off-Road Vehicles,Canada,N/A,$0.00  ~ $0.00 ,N/A,N/A,N/A,N/A,N/A
Health & Fitness (Legacy),Health & Fitness,Canada,N/A,$0.00  ~ $0.00 ,N/A,N/A,N/A,N/A,N/A
Health & Fitness (Legacy),Business,Canada,N/A,$0.00  ~ $0.00 ,N/A,N/A,N/A,N/A,N/A
Health & Fitness (Legacy),Dogs,United States,N/A,$0.00  ~ $0.00 ,N/A,N/A,N/A,N/A,N/A
Health & Fitness (Legacy),Dogs,Canada,N/A,$0.00  ~ $0.00 ,N/A,N/A,N/A,N/A,N/A
Health & Fitness (Legacy),Technology & Computing,United States,N/A,$0.00  ~ $0.00 ,N/A,N/A,N/A,N/A,N/A
Health & Fitness (Legacy),Environmental Safety,United States,N/A,$0.00  ~ $0.00 ,N/A,N/A,N/A,N/A,N/A
Health & Fitness (Legacy),Careers,Canada,N/A,$0.00  ~ $0.00 ,N/A,N/A,N/A,N/A,N/A
Health & Fitness (Legacy),Dental Care,United States,N/A,$0.00  ~ $0.00 ,N/A,N/A,N/A,N/A,N/A
Health & Fitness (Legacy),Couponing,United States,N/A,$0.00  ~ $0.00 ,N/A,N/A,N/A,N/A,N/A
Health & Fitness (Legacy),Canada,Canada,N/A,$0.00  ~ $0.00 ,N/A,N/A,N/A,N/A,N/A
Health & Fitness (Legacy),Hobbies & Interests,United States,N/A,$0.00  ~ $0.00 ,N/A,N/A,N/A,N/A,N/A
Health & Fitness (Legacy),Radio,United States,N/A,$0.00  ~ $0.00 ,N/A,N/A,N/A,N/A,N/A
Health & Fitness (Legacy),By US Locale,United States,N/A,$0.00  ~ $0.00 ,N/A,N/A,N/A,N/A,N/A
Health & Fitness (Legacy),Automotive,Canada,N/A,$0.00  ~ $0.00 ,N/A,N/A,N/A,N/A,N/A
Health & Fitness (Legacy),Bed & Breakfasts,United States,N/A,$0.00  ~ $0.00 ,N/A,N/A,N/A,N/A,N/A
Health & Fitness (Legacy),Metals,Canada,N/A,$0.00  ~ $0.00 ,N/A,N/A,N/A,N/A,N/A
Health & Fitness (Legacy),Advertising,Canada,N/A,$0.00  ~ $0.00 ,N/A,N/A,N/A,N/A,N/A
Health & Fitness (Legacy),Career Planning,United States,N/A,$0.00  ~ $0.00 ,N/A,N/A,N/A,N/A,N/A
Health & Fitness (Legacy),Auto Parts,United States,N/A,$0.00  ~ $0.00 ,N/A,N/A,N/A,N/A,N/A
Health & Fitness (Legacy),Gardening,Canada,N/A,$0.00  ~ $0.00 ,N/A,N/A,N/A,N/A,N/A
Health & Fitness (Legacy),Interior Decorating,Canada,N/A,$0.00  ~ $0.00 ,N/A,N/A,N/A,N/A,N/A
Health & Fitness (Legacy),Hunting/Shooting,United States,N/A,$0.00  ~ $0.00 ,N/A,N/A,N/A,N/A,N/A
Health & Fitness (Legacy),Insurance,Canada,N/A,$0.00  ~ $0.00 ,N/A,N/A,N/A,N/A,N/A
Health & Fitness (Legacy),Nutrition,Canada,N/A,$0.00  ~ $0.00 ,N/A,N/A,N/A,N/A,N/A
Health & Fitness (Legacy),Home Repair,Canada,N/A,$0.00  ~ $0.00 ,N/A,N/A,N/A,N/A,N/A
Health & Fitness (Legacy),Coffee/Tea,United States,N/A,$0.00  ~ $0.00 ,N/A,N/A,N/A,N/A,N/A
Health & Fitness (Legacy),News,Canada,N/A,$0.00  ~ $0.00 ,N/A,N/A,N/A,N/A,N/A
Health & Fitness (Legacy),Arts & Entertainment,Canada,N/A,$0.00  ~ $0.00 ,N/A,N/A,N/A,N/A,N/A
Health & Fitness (Legacy),Health/Lowfat Cooking,United States,N/A,$0.00  ~ $0.00 ,N/A,N/A,N/A,N/A,N/A
Health & Fitness (Legacy),Arts & Crafts,United States,N/A,$0.00  ~ $0.00 ,N/A,N/A,N/A,N/A,N/A
Health & Fitness (Legacy),Contests & Freebies,United States,N/A,$0.00  ~ $0.00 ,N/A,N/A,N/A,N/A,N/A
Hobbies & Interests (Legacy),Hotels,United States,N/A,$50.30  ~ $50.30 ,N/A,N/A,N/A,83.33%,N/A
Hobbies & Interests (Legacy),Adult Education,United States,N/A,$10.60  ~ $12.07 ,N/A,N/A,N/A,100.00%,N/A
Hobbies & Interests (Legacy),Real Estate,United States,N/A,$25.95  ~ $26.79 ,N/A,N/A,N/A,100.00%,N/A
Hobbies & Interests (Legacy),Clothing,United States,N/A,$15.55  ~ $15.55 ,N/A,N/A,N/A,88.10%,N/A
Hobbies & Interests (Legacy),Clothing,Canada,N/A,$23.05  ~ $23.05 ,N/A,N/A,N/A,100.00%,N/A
Hobbies & Interests (Legacy),Remodeling & Construction,United States,N/A,$27.05  ~ $67.38 ,N/A,N/A,N/A,75.00%,N/A
Hobbies & Interests (Legacy),Mutual Funds,United States,N/A,$46.41  ~ $46.48 ,N/A,N/A,N/A,72.37%,N/A
Hobbies & Interests (Legacy),Buying/Selling Cars,United States,N/A,$33.31  ~ $33.31 ,N/A,N/A,N/A,88.18%,N/A
Hobbies & Interests (Legacy),Senior Living,United States,N/A,$36.73  ~ $36.73 ,N/A,N/A,N/A,100.00%,N/A
Hobbies & Interests (Legacy),Graduate School,United States,N/A,$50.64  ~ $50.64 ,N/A,N/A,N/A,100.00%,N/A
Hobbies & Interests (Legacy),Home & Garden,United States,N/A,$26.79  ~ $35.80 ,N/A,N/A,N/A,73.29%,N/A
Hobbies & Interests (Legacy),Metals,United States,N/A,$37.45  ~ $37.45 ,N/A,N/A,N/A,92.50%,N/A
Hobbies & Interests (Legacy),Food & Drink,United States,N/A,$24.39  ~ $29.12 ,N/A,N/A,N/A,100.00%,N/A
Hobbies & Interests (Legacy),K-6 Educators,United States,N/A,$21.82  ~ $22.06 ,N/A,N/A,N/A,96.08%,N/A
Hobbies & Interests (Legacy),Music,United States,N/A,$16.50  ~ $23.92 ,N/A,N/A,N/A,66.67%,N/A
Hobbies & Interests (Legacy),Business Software,United States,N/A,$39.72  ~ $39.72 ,N/A,N/A,N/A,94.26%,N/A
Hobbies & Interests (Legacy),Interior Decorating,United States,N/A,$28.74  ~ $34.25 ,N/A,N/A,N/A,71.05%,N/A
Hobbies & Interests (Legacy),Fine Art,United States,N/A,$27.90  ~ $28.31 ,N/A,N/A,N/A,100.00%,N/A
Hobbies & Interests (Legacy),Senor Health,United States,N/A,$13.92  ~ $29.31 ,N/A,N/A,N/A,100.00%,N/A
Hobbies & Interests (Legacy),News,United States,N/A,$41.57  ~ $101.41 ,N/A,N/A,N/A,N/A,N/A
Hobbies & Interests (Legacy),Business,United States,N/A,$31.06  ~ $31.42 ,N/A,N/A,N/A,85.19%,N/A
Hobbies & Interests (Legacy),Construction,United States,N/A,$36.28  ~ $36.28 ,N/A,N/A,N/A,57.14%,N/A
Hobbies & Interests (Legacy),Green Solutions,United States,N/A,$32.62  ~ $32.62 ,N/A,N/A,N/A,75.00%,N/A
Hobbies & Interests (Legacy),Education,United States,N/A,$31.33  ~ $73.51 ,N/A,N/A,N/A,82.61%,N/A
Hobbies & Interests (Legacy),Family & Parenting,United States,N/A,$48.92  ~ $48.92 ,N/A,N/A,N/A,100.00%,N/A
Hobbies & Interests (Legacy),Human Resources,United States,N/A,$22.68  ~ $22.68 ,N/A,N/A,N/A,100.00%,N/A
Hobbies & Interests (Legacy),Accessories,United States,N/A,$68.44  ~ $68.44 ,N/A,N/A,N/A,93.75%,N/A
Hobbies & Interests (Legacy),Politics,United States,N/A,$34.10  ~ $34.91 ,$17.12 ,N/A,0.20%,97.29%,N/A
Hobbies & Interests (Legacy),Insurance,United States,N/A,$35.56  ~ $49.35 ,N/A,N/A,N/A,100.00%,N/A
Hobbies & Interests (Legacy),Cameras & Camcorders,United States,N/A,$43.07  ~ $43.07 ,N/A,N/A,N/A,96.15%,N/A
Hobbies & Interests (Legacy),Air Travel,United States,N/A,$0.00  ~ $0.00 ,N/A,N/A,N/A,N/A,N/A
Hobbies & Interests (Legacy),Video & Computer Games,United States,N/A,$41.69  ~ $41.69 ,N/A,N/A,N/A,90.91%,N/A
Hobbies & Interests (Legacy),Personal Finance,United States,N/A,$30.70  ~ $30.88 ,$2.88 ,N/A,1.07%,87.80%,N/A
Hobbies & Interests (Legacy),Off-Road Vehicles,United States,N/A,$22.34  ~ $22.34 ,N/A,N/A,N/A,100.00%,N/A
Hobbies & Interests (Legacy),Cruises,United States,N/A,$21.19  ~ $21.19 ,N/A,N/A,N/A,85.71%,N/A
Hobbies & Interests (Legacy),Cruises,Canada,N/A,$28.48  ~ $70.50 ,N/A,N/A,N/A,83.33%,N/A
Hobbies & Interests (Legacy),Retirement Planning,United States,N/A,$25.03  ~ $58.06 ,N/A,N/A,N/A,100.00%,N/A
Hobbies & Interests (Legacy),Automotive,United States,N/A,$22.56  ~ $22.56 ,N/A,N/A,N/A,50.00%,N/A
Hobbies & Interests (Legacy),Credit/Debt & Loans,United States,N/A,$10.35  ~ $13.26 ,N/A,N/A,N/A,80.65%,N/A
Hobbies & Interests (Legacy),Logistics,United States,N/A,$36.06  ~ $36.06 ,N/A,N/A,N/A,93.02%,N/A
Hobbies & Interests (Legacy),Home Repair,United States,N/A,$24.38  ~ $28.77 ,N/A,N/A,N/A,84.78%,N/A
Hobbies & Interests (Legacy),Arts & Entertainment,United States,N/A,$30.58  ~ $33.62 ,N/A,N/A,N/A,83.33%,N/A
Hobbies & Interests (Legacy),Gardening,United States,N/A,$32.63  ~ $32.63 ,N/A,N/A,N/A,88.89%,N/A
Hobbies & Interests (Legacy),Auto Repair,United States,N/A,$40.46  ~ $97.86 ,N/A,N/A,N/A,83.33%,N/A
Hobbies & Interests (Legacy),Shopping,United States,N/A,$32.95  ~ $32.95 ,N/A,N/A,N/A,75.00%,N/A
Hobbies & Interests (Legacy),Shopping,Canada,N/A,$32.91  ~ $32.91 ,N/A,N/A,N/A,50.00%,N/A
Hobbies & Interests (Legacy),Travel,United States,N/A,$28.04  ~ $32.53 ,N/A,N/A,N/A,88.89%,N/A
Hobbies & Interests (Legacy),Appliances,United States,N/A,$9.66  ~ $9.66 ,N/A,N/A,N/A,100.00%,N/A
Hobbies & Interests (Legacy),Alternative Medicine,United States,N/A,$24.44  ~ $24.44 ,N/A,N/A,N/A,28.57%,N/A
Hobbies & Interests (Legacy),Cigars,United States,N/A,$0.00  ~ $34.99 ,N/A,N/A,N/A,62.50%,N/A
Hobbies & Interests (Legacy),Card Games,United States,N/A,$74.14  ~ $74.63 ,N/A,N/A,N/A,55.00%,N/A
Hobbies & Interests (Legacy),College,United States,N/A,$52.15  ~ $54.94 ,N/A,N/A,N/A,83.58%,N/A
Hobbies & Interests (Legacy),Environmental Safety,United States,N/A,$31.82  ~ $31.82 ,N/A,N/A,N/A,100.00%,N/A
Hobbies & Interests (Legacy),Hobbies & Interests,United States,N/A,$43.20  ~ $43.20 ,N/A,N/A,N/A,100.00%,N/A
Hobbies & Interests (Legacy),Cocktails/Beer,United States,N/A,$11.05  ~ $11.05 ,N/A,N/A,N/A,52.83%,N/A
Hobbies & Interests (Legacy),Advertising,United States,N/A,$24.77  ~ $24.77 ,N/A,N/A,N/A,100.00%,N/A
Hobbies & Interests (Legacy),Psychology/Psychiatry,United States,N/A,$25.85  ~ $29.34 ,N/A,N/A,N/A,95.58%,N/A
Hobbies & Interests (Legacy),Health & Fitness,United States,N/A,$53.38  ~ $54.82 ,N/A,N/A,N/A,75.00%,N/A
Hobbies & Interests (Legacy),Health & Fitness,Canada,N/A,$29.31  ~ $40.42 ,N/A,N/A,N/A,75.00%,N/A
Hobbies & Interests (Legacy),Job Search,United States,N/A,$34.87  ~ $34.87 ,N/A,N/A,N/A,66.67%,N/A
Hobbies & Interests (Legacy),Football,United States,N/A,$0.00  ~ $31.14 ,N/A,N/A,N/A,100.00%,N/A
Hobbies & Interests (Legacy),Incest/Abuse Support,United States,N/A,$30.63  ~ $76.07 ,$0.03 ,N/A,100.00%,N/A,N/A
Hobbies & Interests (Legacy),Careers,United States,N/A,$27.64  ~ $27.64 ,N/A,N/A,N/A,60.42%,N/A
Hobbies & Interests (Legacy),"Law, Gov't & Politics",United States,N/A,$26.39  ~ $34.95 ,N/A,N/A,N/A,100.00%,N/A
Hobbies & Interests (Legacy),Apartments,United States,N/A,$29.52  ~ $29.52 ,N/A,N/A,N/A,100.00%,N/A
Hobbies & Interests (Legacy),Cold & Flu,United States,N/A,$10.80  ~ $10.87 ,N/A,N/A,N/A,99.87%,N/A
Hobbies & Interests (Legacy),Legal Issues,United States,N/A,$38.68  ~ $38.69 ,N/A,N/A,N/A,86.89%,N/A
Hobbies & Interests (Legacy),Biotech/Biomedical,United States,N/A,$30.93  ~ $30.93 ,N/A,N/A,N/A,100.00%,N/A
Hobbies & Interests (Legacy),Contests & Freebies,United States,N/A,$45.00  ~ $45.00 ,N/A,N/A,N/A,100.00%,N/A
Hobbies & Interests (Legacy),Gardening,Canada,N/A,$0.00  ~ $0.00 ,N/A,N/A,N/A,N/A,N/A
Hobbies & Interests (Legacy),Weight Loss,United States,N/A,$0.00  ~ $0.00 ,N/A,N/A,N/A,N/A,N/A
Hobbies & Interests (Legacy),Investing,United States,N/A,$0.00  ~ $0.00 ,N/A,N/A,N/A,N/A,N/A
Hobbies & Interests (Legacy),Desserts & Baking,United States,N/A,$0.00  ~ $0.00 ,N/A,N/A,N/A,N/A,N/A
Hobbies & Interests (Legacy),Career Planning,United States,N/A,$0.00  ~ $0.00 ,N/A,N/A,N/A,N/A,N/A
Hobbies & Interests (Legacy),Art/Technology,United States,N/A,$0.00  ~ $0.00 ,N/A,N/A,N/A,N/A,N/A
Hobbies & Interests (Legacy),Interior Decorating,Canada,N/A,$0.00  ~ $0.00 ,N/A,N/A,N/A,N/A,N/A
Hobbies & Interests (Legacy),Legal Issues,Canada,N/A,$0.00  ~ $0.00 ,N/A,N/A,N/A,N/A,N/A
Hobbies & Interests (Legacy),Human Resources,Canada,N/A,$0.00  ~ $0.00 ,N/A,N/A,N/A,N/A,N/A
Hobbies & Interests (Legacy),Agriculture,United States,N/A,$0.00  ~ $0.00 ,N/A,N/A,N/A,N/A,N/A
Hobbies & Interests (Legacy),Agriculture,Canada,N/A,$0.00  ~ $0.00 ,N/A,N/A,N/A,N/A,N/A
Hobbies & Interests (Legacy),Computer Networking,United States,N/A,$0.00  ~ $0.00 ,N/A,N/A,N/A,N/A,N/A
Hobbies & Interests (Legacy),Weddings,United States,N/A,$0.00  ~ $0.00 ,N/A,N/A,N/A,N/A,N/A
Hobbies & Interests (Legacy),Advertising,Canada,N/A,$0.00  ~ $0.00 ,N/A,N/A,N/A,N/A,N/A
Hobbies & Interests (Legacy),Bed & Breakfasts,United States,N/A,$0.00  ~ $0.00 ,N/A,N/A,N/A,N/A,N/A
Hobbies & Interests (Legacy),Pro Basketball,United States,N/A,$0.00  ~ $0.00 ,N/A,N/A,N/A,N/A,N/A
Hobbies & Interests (Legacy),Arts & Entertainment,Canada,N/A,$0.00  ~ $0.00 ,N/A,N/A,N/A,N/A,N/A
Hobbies & Interests (Legacy),Credit/Debt & Loans,Canada,N/A,$0.00  ~ $0.00 ,N/A,N/A,N/A,N/A,N/A
Hobbies & Interests (Legacy),Dining Out,United States,N/A,$0.00  ~ $0.00 ,N/A,N/A,N/A,N/A,N/A
Hobbies & Interests (Legacy),Computer Peripherals,United States,N/A,$0.00  ~ $0.00 ,N/A,N/A,N/A,N/A,N/A
Hobbies & Interests (Legacy),Careers,Canada,N/A,$0.00  ~ $0.00 ,N/A,N/A,N/A,N/A,N/A
Hobbies & Interests (Legacy),Apartments,Canada,N/A,$0.00  ~ $0.00 ,N/A,N/A,N/A,N/A,N/A
Hobbies & Interests (Legacy),Veterinary Medicine,United States,N/A,$0.00  ~ $0.00 ,N/A,N/A,N/A,N/A,N/A
Hobbies & Interests (Legacy),Couponing,United States,N/A,$0.00  ~ $0.00 ,N/A,N/A,N/A,N/A,N/A
Hobbies & Interests (Legacy),Buying/Selling Homes,United States,N/A,$0.00  ~ $0.00 ,N/A,N/A,N/A,N/A,N/A
Hobbies & Interests (Legacy),Buying/Selling Homes,Canada,N/A,$0.00  ~ $0.00 ,N/A,N/A,N/A,N/A,N/A
Hobbies & Interests (Legacy),Off-Road Vehicles,Canada,N/A,$0.00  ~ $0.00 ,N/A,N/A,N/A,N/A,N/A
Hobbies & Interests (Legacy),Food & Drink,Canada,N/A,$0.00  ~ $0.00 ,N/A,N/A,N/A,N/A,N/A
Hobbies & Interests (Legacy),Business Software,Canada,N/A,$0.00  ~ $0.00 ,N/A,N/A,N/A,N/A,N/A
Hobbies & Interests (Legacy),Automotive,Canada,N/A,$0.00  ~ $0.00 ,N/A,N/A,N/A,N/A,N/A
Hobbies & Interests (Legacy),Card Games,Canada,N/A,$0.00  ~ $0.00 ,N/A,N/A,N/A,N/A,N/A
Hobbies & Interests (Legacy),Nutrition,Canada,N/A,$0.00  ~ $0.00 ,N/A,N/A,N/A,N/A,N/A
Hobbies & Interests (Legacy),Buying/Selling Cars,Canada,N/A,$0.00  ~ $0.00 ,N/A,N/A,N/A,N/A,N/A
Hobbies & Interests (Legacy),Theme Parks,United States,N/A,$0.00  ~ $0.00 ,N/A,N/A,N/A,N/A,N/A
Hobbies & Interests (Legacy),By US Locale,United States,N/A,$0.00  ~ $0.00 ,N/A,N/A,N/A,N/A,N/A
Hobbies & Interests (Legacy),Coffee/Tea,United States,N/A,$0.00  ~ $0.00 ,N/A,N/A,N/A,N/A,N/A
Hobbies & Interests (Legacy),Arts & Crafts,United States,N/A,$0.00  ~ $0.00 ,N/A,N/A,N/A,N/A,N/A
Hobbies & Interests (Legacy),Auto Parts,United States,N/A,$0.00  ~ $0.00 ,N/A,N/A,N/A,N/A,N/A
Hobbies & Interests (Legacy),Pediatrics,United States,N/A,$0.00  ~ $0.00 ,N/A,N/A,N/A,N/A,N/A
Hobbies & Interests (Legacy),Birdwatching,United States,N/A,$0.00  ~ $0.00 ,N/A,N/A,N/A,N/A,N/A
Hobbies & Interests (Legacy),Catholicism,United States,N/A,$0.00  ~ $0.00 ,N/A,N/A,N/A,N/A,N/A
Hobbies & Interests (Legacy),Hunting/Shooting,United States,N/A,$0.00  ~ $0.00 ,N/A,N/A,N/A,N/A,N/A
Hobbies & Interests (Legacy),Investors & Patents,United States,N/A,$0.00  ~ $0.00 ,N/A,N/A,N/A,N/A,N/A
Hobbies & Interests (Legacy),Investors & Patents,Canada,N/A,$0.00  ~ $0.00 ,N/A,N/A,N/A,N/A,N/A
Hobbies & Interests (Legacy),Home Repair,Canada,N/A,$0.00  ~ $0.00 ,N/A,N/A,N/A,N/A,N/A
Hobbies & Interests (Legacy),News,Canada,N/A,$0.00  ~ $0.00 ,N/A,N/A,N/A,N/A,N/A
Hobbies & Interests (Legacy),Dogs,United States,N/A,$0.00  ~ $0.00 ,N/A,N/A,N/A,N/A,N/A
Hobbies & Interests (Legacy),Dogs,Canada,N/A,$0.00  ~ $0.00 ,N/A,N/A,N/A,N/A,N/A
Hobbies & Interests (Legacy),Metals,Canada,N/A,$0.00  ~ $0.00 ,N/A,N/A,N/A,N/A,N/A
Hobbies & Interests (Legacy),Cancer,United States,N/A,$0.00  ~ $0.00 ,N/A,N/A,N/A,N/A,N/A
Hobbies & Interests (Legacy),Canada,Canada,N/A,$0.00  ~ $0.00 ,N/A,N/A,N/A,N/A,N/A
Hobbies & Interests (Legacy),Business,Canada,N/A,$0.00  ~ $0.00 ,N/A,N/A,N/A,N/A,N/A
Hobbies & Interests (Legacy),Pets,United States,N/A,$0.00  ~ $0.00 ,N/A,N/A,N/A,N/A,N/A
Hobbies & Interests (Legacy),Health/Lowfat Cooking,United States,N/A,$0.00  ~ $0.00 ,N/A,N/A,N/A,N/A,N/A
Hobbies & Interests (Legacy),Logistics,Canada,N/A,$0.00  ~ $0.00 ,N/A,N/A,N/A,N/A,N/A
Hobbies & Interests (Legacy),Real Estate,Canada,N/A,$0.00  ~ $0.00 ,N/A,N/A,N/A,N/A,N/A
Hobbies & Interests (Legacy),Internet Technology,United States,N/A,$0.00  ~ $0.00 ,N/A,N/A,N/A,N/A,N/A
Hobbies & Interests (Legacy),Internet Technology,Canada,N/A,$0.00  ~ $0.00 ,N/A,N/A,N/A,N/A,N/A
Hobbies & Interests (Legacy),Hobbies & Interests,Canada,N/A,$0.00  ~ $0.00 ,N/A,N/A,N/A,N/A,N/A
Hobbies & Interests (Legacy),Honeymoons/Getaways,United States,N/A,$0.00  ~ $0.00 ,N/A,N/A,N/A,N/A,N/A
Hobbies & Interests (Legacy),Fine Art,Canada,N/A,$0.00  ~ $0.00 ,N/A,N/A,N/A,N/A,N/A
Hobbies & Interests (Legacy),Dental Care,United States,N/A,$0.00  ~ $0.00 ,N/A,N/A,N/A,N/A,N/A
Hobbies & Interests (Legacy),Network Security,United States,N/A,$0.00  ~ $0.00 ,N/A,N/A,N/A,N/A,N/A
Hobbies & Interests (Legacy),Green Solutions,Canada,N/A,$0.00  ~ $0.00 ,N/A,N/A,N/A,N/A,N/A
Hobbies & Interests (Legacy),Exercise,United States,N/A,$0.00  ~ $0.00 ,N/A,N/A,N/A,N/A,N/A
Hobbies & Interests (Legacy),Technology & Computing,United States,N/A,$0.00  ~ $0.00 ,N/A,N/A,N/A,N/A,N/A
Hobbies & Interests (Legacy),Distance Learning,United States,N/A,$0.00  ~ $0.00 ,N/A,N/A,N/A,N/A,N/A
Hobbies & Interests (Legacy),Martial Arts,United States,N/A,$0.00  ~ $0.00 ,N/A,N/A,N/A,N/A,N/A
Hobbies & Interests (Legacy),Radio,United States,N/A,$0.00  ~ $0.00 ,N/A,N/A,N/A,N/A,N/A
Hobbies & Interests (Legacy),Government,United States,N/A,$0.00  ~ $0.00 ,N/A,N/A,N/A,N/A,N/A
Home & Garden (Legacy),Cocktails/Beer,United States,N/A,$11.41  ~ $11.41 ,N/A,N/A,N/A,100.00%,N/A
Home & Garden (Legacy),Gardening,United States,N/A,$40.83  ~ $40.83 ,N/A,N/A,N/A,100.00%,N/A
Home & Garden (Legacy),K-6 Educators,United States,N/A,$21.65  ~ $21.65 ,N/A,N/A,N/A,100.00%,N/A
Home & Garden (Legacy),Home Repair,United States,N/A,$27.94  ~ $32.79 ,$1.51 ,N/A,2.17%,80.00%,N/A
Home & Garden (Legacy),Cruises,Canada,N/A,$35.58  ~ $82.16 ,N/A,N/A,N/A,85.71%,N/A
Home & Garden (Legacy),Cruises,United States,N/A,$29.28  ~ $29.28 ,N/A,N/A,N/A,100.00%,N/A
Home & Garden (Legacy),Insurance,United States,N/A,$40.03  ~ $40.03 ,N/A,N/A,N/A,80.00%,N/A
Home & Garden (Legacy),Remodeling & Construction,United States,N/A,$35.41  ~ $87.99 ,N/A,N/A,N/A,57.14%,N/A
Home & Garden (Legacy),Business Software,United States,N/A,$38.25  ~ $38.25 ,N/A,N/A,N/A,81.25%,N/A
Home & Garden (Legacy),Cancer,United States,N/A,$39.62  ~ $39.62 ,N/A,N/A,N/A,66.67%,N/A
Home & Garden (Legacy),Alternative Medicine,United States,N/A,$24.44  ~ $24.44 ,N/A,N/A,N/A,N/A,N/A
Home & Garden (Legacy),Green Solutions,United States,N/A,$33.75  ~ $33.75 ,N/A,N/A,N/A,66.67%,N/A
Home & Garden (Legacy),Shopping,United States,N/A,$33.44  ~ $33.44 ,N/A,N/A,N/A,88.89%,N/A
Home & Garden (Legacy),Investors & Patents,United States,N/A,$16.65  ~ $16.65 ,N/A,N/A,N/A,100.00%,N/A
Home & Garden (Legacy),Education,United States,N/A,$40.15  ~ $40.15 ,N/A,N/A,N/A,100.00%,N/A
Home & Garden (Legacy),Psychology/Psychiatry,United States,N/A,$28.01  ~ $37.26 ,N/A,N/A,N/A,77.78%,N/A
Home & Garden (Legacy),Arts & Entertainment,United States,N/A,$33.87  ~ $33.87 ,N/A,N/A,N/A,92.86%,N/A
Home & Garden (Legacy),Metals,United States,N/A,$32.93  ~ $32.93 ,N/A,N/A,N/A,100.00%,N/A
Home & Garden (Legacy),Cold & Flu,United States,N/A,$39.01  ~ $95.56 ,N/A,N/A,N/A,100.00%,N/A
Home & Garden (Legacy),Appliances,United States,N/A,$9.89  ~ $9.89 ,N/A,N/A,N/A,100.00%,N/A
Home & Garden (Legacy),Catholicism,United States,N/A,$49.55  ~ $111.64 ,N/A,N/A,N/A,N/A,N/A
Home & Garden (Legacy),Music,United States,N/A,$16.49  ~ $24.46 ,N/A,N/A,N/A,50.00%,N/A
Home & Garden (Legacy),Buying/Selling Cars,United States,N/A,$37.74  ~ $38.29 ,N/A,N/A,N/A,75.00%,N/A
Home & Garden (Legacy),Health & Fitness,United States,N/A,$51.36  ~ $56.10 ,N/A,N/A,N/A,69.57%,N/A
Home & Garden (Legacy),Family & Parenting,United States,N/A,$41.81  ~ $41.81 ,$0.29 ,N/A,14.29%,50.00%,N/A
Home & Garden (Legacy),Automotive,United States,N/A,$40.80  ~ $40.80 ,N/A,N/A,N/A,85.71%,N/A
Home & Garden (Legacy),Adult Education,United States,N/A,$12.63  ~ $12.63 ,N/A,N/A,N/A,100.00%,N/A
Home & Garden (Legacy),"Law, Gov't & Politics",United States,N/A,$17.70  ~ $17.70 ,N/A,N/A,N/A,N/A,N/A
Home & Garden (Legacy),Politics,United States,N/A,$40.46  ~ $44.24 ,$6.92 ,N/A,0.64%,77.86%,N/A
Home & Garden (Legacy),Legal Issues,United States,N/A,$45.11  ~ $45.11 ,N/A,N/A,N/A,90.00%,N/A
Home & Garden (Legacy),Football,United States,N/A,$35.43  ~ $86.92 ,N/A,N/A,N/A,100.00%,N/A
Home & Garden (Legacy),Card Games,United States,N/A,$75.91  ~ $76.66 ,N/A,N/A,N/A,60.00%,N/A
Home & Garden (Legacy),Off-Road Vehicles,United States,N/A,$23.13  ~ $23.13 ,N/A,N/A,N/A,66.67%,N/A
Home & Garden (Legacy),Clothing,United States,N/A,$22.26  ~ $22.26 ,$0.27 ,N/A,8.33%,80.00%,N/A
Home & Garden (Legacy),Travel,United States,N/A,$31.00  ~ $31.00 ,N/A,N/A,N/A,72.73%,N/A
Home & Garden (Legacy),Fine Art,United States,N/A,$36.91  ~ $81.98 ,N/A,N/A,N/A,66.67%,N/A
Home & Garden (Legacy),Senor Health,United States,N/A,$36.14  ~ $89.27 ,N/A,N/A,N/A,N/A,N/A
Home & Garden (Legacy),Interior Decorating,United States,N/A,$30.09  ~ $32.38 ,N/A,N/A,N/A,80.22%,N/A
Home & Garden (Legacy),Business,Canada,N/A,$56.78  ~ $56.78 ,N/A,N/A,N/A,100.00%,N/A
Home & Garden (Legacy),Business,United States,N/A,$35.50  ~ $36.21 ,$0.91 ,N/A,4.00%,78.26%,N/A
Home & Garden (Legacy),Personal Finance,United States,N/A,$18.13  ~ $18.31 ,N/A,N/A,N/A,74.52%,N/A
Home & Garden (Legacy),Home & Garden,United States,N/A,$26.67  ~ $40.92 ,$14.88 ,N/A,0.18%,68.99%,N/A
Home & Garden (Legacy),College,United States,N/A,$61.55  ~ $62.84 ,$9.79 ,N/A,0.63%,73.19%,N/A
Home & Garden (Legacy),Job Search,United States,N/A,$37.12  ~ $37.12 ,N/A,N/A,N/A,90.91%,N/A
Home & Garden (Legacy),Graduate School,United States,N/A,$44.94  ~ $46.40 ,N/A,N/A,N/A,92.31%,N/A
Home & Garden (Legacy),Mutual Funds,United States,N/A,$47.31  ~ $47.39 ,N/A,N/A,N/A,64.29%,N/A
Home & Garden (Legacy),Credit/Debt & Loans,United States,N/A,$10.01  ~ $10.01 ,N/A,N/A,N/A,97.05%,N/A
Home & Garden (Legacy),Cigars,United States,N/A,$35.12  ~ $77.06 ,N/A,N/A,N/A,100.00%,N/A
Home & Garden (Legacy),Logistics,United States,N/A,$59.15  ~ $59.15 ,N/A,N/A,N/A,86.49%,N/A
Home & Garden (Legacy),Careers,United States,N/A,$22.01  ~ $22.01 ,N/A,N/A,N/A,71.43%,N/A
Home & Garden (Legacy),Construction,United States,N/A,$37.08  ~ $37.08 ,N/A,N/A,N/A,83.33%,N/A
Home & Garden (Legacy),Auto Repair,United States,N/A,$32.98  ~ $34.02 ,N/A,N/A,N/A,94.12%,N/A
Home & Garden (Legacy),Metals,Canada,N/A,$0.00  ~ $0.00 ,N/A,N/A,N/A,N/A,N/A
Home & Garden (Legacy),Contests & Freebies,United States,N/A,$0.00  ~ $0.00 ,N/A,N/A,N/A,N/A,N/A
Home & Garden (Legacy),Pro Basketball,United States,N/A,$0.00  ~ $0.00 ,N/A,N/A,N/A,N/A,N/A
Home & Garden (Legacy),Real Estate,Canada,N/A,$0.00  ~ $0.00 ,N/A,N/A,N/A,N/A,N/A
Home & Garden (Legacy),Real Estate,United States,N/A,$0.00  ~ $0.00 ,N/A,N/A,N/A,N/A,N/A
Home & Garden (Legacy),Weight Loss,United States,N/A,$0.00  ~ $0.00 ,N/A,N/A,N/A,N/A,N/A
Home & Garden (Legacy),Internet Technology,United States,N/A,$0.00  ~ $0.00 ,N/A,N/A,N/A,N/A,N/A
Home & Garden (Legacy),Internet Technology,Canada,N/A,$0.00  ~ $0.00 ,N/A,N/A,N/A,N/A,N/A
Home & Garden (Legacy),Hobbies & Interests,United States,N/A,$0.00  ~ $0.00 ,N/A,N/A,N/A,N/A,N/A
Home & Garden (Legacy),Hotels,United States,N/A,$0.00  ~ $0.00 ,N/A,N/A,N/A,N/A,N/A
Home & Garden (Legacy),Cameras & Camcorders,United States,N/A,$0.00  ~ $0.00 ,N/A,N/A,N/A,N/A,N/A
Home & Garden (Legacy),Investing,United States,N/A,$0.00  ~ $0.00 ,N/A,N/A,N/A,N/A,N/A
Home & Garden (Legacy),Careers,Canada,N/A,$0.00  ~ $0.00 ,N/A,N/A,N/A,N/A,N/A
Home & Garden (Legacy),Couponing,United States,N/A,$0.00  ~ $0.00 ,N/A,N/A,N/A,N/A,N/A
Home & Garden (Legacy),Buying/Selling Cars,Canada,N/A,$0.00  ~ $0.00 ,N/A,N/A,N/A,N/A,N/A
Home & Garden (Legacy),Senior Living,United States,N/A,$0.00  ~ $0.00 ,N/A,N/A,N/A,N/A,N/A
Home & Garden (Legacy),Arts & Crafts,United States,N/A,$0.00  ~ $0.00 ,N/A,N/A,N/A,N/A,N/A
Home & Garden (Legacy),Honeymoons/Getaways,United States,N/A,$0.00  ~ $0.00 ,N/A,N/A,N/A,N/A,N/A
Home & Garden (Legacy),Legal Issues,Canada,N/A,$0.00  ~ $0.00 ,N/A,N/A,N/A,N/A,N/A
Home & Garden (Legacy),Bed & Breakfasts,United States,N/A,$0.00  ~ $0.00 ,N/A,N/A,N/A,N/A,N/A
Home & Garden (Legacy),Apartments,United States,N/A,$0.00  ~ $0.00 ,N/A,N/A,N/A,N/A,N/A
Home & Garden (Legacy),Off-Road Vehicles,Canada,N/A,$0.00  ~ $0.00 ,N/A,N/A,N/A,N/A,N/A
Home & Garden (Legacy),Home Repair,Canada,N/A,$0.00  ~ $0.00 ,N/A,N/A,N/A,N/A,N/A
Home & Garden (Legacy),Insurance,Canada,N/A,$0.00  ~ $0.00 ,N/A,N/A,N/A,N/A,N/A
Home & Garden (Legacy),Clothing,Canada,N/A,$0.00  ~ $0.00 ,N/A,N/A,N/A,N/A,N/A
Home & Garden (Legacy),Arts & Entertainment,Canada,N/A,$0.00  ~ $0.00 ,N/A,N/A,N/A,N/A,N/A
Home & Garden (Legacy),Buying/Selling Homes,United States,N/A,$0.00  ~ $0.00 ,N/A,N/A,N/A,N/A,N/A
Home & Garden (Legacy),Exercise,United States,N/A,$0.00  ~ $0.00 ,N/A,N/A,N/A,N/A,N/A
Home & Garden (Legacy),Environmental Safety,United States,N/A,$0.00  ~ $0.00 ,N/A,N/A,N/A,N/A,N/A
Home & Garden (Legacy),Dental Care,United States,N/A,$0.00  ~ $0.00 ,N/A,N/A,N/A,N/A,N/A
Home & Garden (Legacy),Coffee/Tea,United States,N/A,$0.00  ~ $0.00 ,N/A,N/A,N/A,N/A,N/A
Home & Garden (Legacy),Biotech/Biomedical,United States,N/A,$0.00  ~ $0.00 ,N/A,N/A,N/A,N/A,N/A
Home & Garden (Legacy),Retirement Planning,United States,N/A,$0.00  ~ $0.00 ,N/A,N/A,N/A,N/A,N/A
Home & Garden (Legacy),Birdwatching,United States,N/A,$0.00  ~ $0.00 ,N/A,N/A,N/A,N/A,N/A
Home & Garden (Legacy),Card Games,Canada,N/A,$0.00  ~ $0.00 ,N/A,N/A,N/A,N/A,N/A
Home & Garden (Legacy),Desserts & Baking,United States,N/A,$0.00  ~ $0.00 ,N/A,N/A,N/A,N/A,N/A
Home & Garden (Legacy),News,United States,N/A,$0.00  ~ $0.00 ,N/A,N/A,N/A,N/A,N/A
Home & Garden (Legacy),News,Canada,N/A,$0.00  ~ $0.00 ,N/A,N/A,N/A,N/A,N/A
Home & Garden (Legacy),Accessories,United States,N/A,$0.00  ~ $0.00 ,N/A,N/A,N/A,N/A,N/A
Home & Garden (Legacy),Gardening,Canada,N/A,$0.00  ~ $0.00 ,N/A,N/A,N/A,N/A,N/A
Home & Garden (Legacy),Hunting/Shooting,United States,N/A,$0.00  ~ $0.00 ,N/A,N/A,N/A,N/A,N/A
Home & Garden (Legacy),Nutrition,Canada,N/A,$0.00  ~ $0.00 ,N/A,N/A,N/A,N/A,N/A
Home & Garden (Legacy),Babies & Toddlers,United States,N/A,$0.00  ~ $0.00 ,N/A,N/A,N/A,N/A,N/A
Home & Garden (Legacy),Interior Decorating,Canada,N/A,$0.00  ~ $0.00 ,N/A,N/A,N/A,N/A,N/A
Home & Garden (Legacy),Food & Drink,United States,N/A,$0.00  ~ $0.00 ,N/A,N/A,N/A,N/A,N/A
Home & Garden (Legacy),Food & Drink,Canada,N/A,$0.00  ~ $0.00 ,N/A,N/A,N/A,N/A,N/A
Home & Garden (Legacy),Veterinary Medicine,United States,N/A,$0.00  ~ $0.00 ,N/A,N/A,N/A,N/A,N/A
Home & Garden (Legacy),Logistics,Canada,N/A,$0.00  ~ $0.00 ,N/A,N/A,N/A,N/A,N/A
Home & Garden (Legacy),Automotive,Canada,N/A,$0.00  ~ $0.00 ,N/A,N/A,N/A,N/A,N/A
Home & Garden (Legacy),Credit/Debt & Loans,Canada,N/A,$0.00  ~ $0.00 ,N/A,N/A,N/A,N/A,N/A
Home & Garden (Legacy),Human Resources,United States,N/A,$0.00  ~ $0.00 ,N/A,N/A,N/A,N/A,N/A
Home & Garden (Legacy),Human Resources,Canada,N/A,$0.00  ~ $0.00 ,N/A,N/A,N/A,N/A,N/A
Home & Garden (Legacy),Dogs,United States,N/A,$0.00  ~ $0.00 ,N/A,N/A,N/A,N/A,N/A
Home & Garden (Legacy),Dogs,Canada,N/A,$0.00  ~ $0.00 ,N/A,N/A,N/A,N/A,N/A
Home & Garden (Legacy),Sexuality,United States,N/A,$0.00  ~ $0.00 ,N/A,N/A,N/A,N/A,N/A
Home & Garden (Legacy),Pediatrics,United States,N/A,$0.00  ~ $0.00 ,N/A,N/A,N/A,N/A,N/A
Home & Garden (Legacy),Advertising,United States,N/A,$0.00  ~ $0.00 ,N/A,N/A,N/A,N/A,N/A
Home & Garden (Legacy),Advertising,Canada,N/A,$0.00  ~ $0.00 ,N/A,N/A,N/A,N/A,N/A
Home & Garden (Legacy),Career Planning,United States,N/A,$0.00  ~ $0.00 ,N/A,N/A,N/A,N/A,N/A
Home & Garden (Legacy),Auto Parts,United States,N/A,$0.00  ~ $0.00 ,N/A,N/A,N/A,N/A,N/A
Home & Garden (Legacy),Incest/Abuse Support,United States,N/A,$0.00  ~ $0.00 ,N/A,N/A,N/A,N/A,N/A
Home & Garden (Legacy),Computer Peripherals,United States,N/A,$0.00  ~ $0.00 ,N/A,N/A,N/A,N/A,N/A
Home & Garden (Legacy),Weddings,United States,N/A,$0.00  ~ $0.00 ,N/A,N/A,N/A,N/A,N/A
Home & Garden (Legacy),By US Locale,United States,N/A,$0.00  ~ $0.00 ,N/A,N/A,N/A,N/A,N/A
Home & Garden (Legacy),Health & Fitness,Canada,N/A,$0.00  ~ $0.00 ,N/A,N/A,N/A,N/A,N/A
Home & Garden (Legacy),Agriculture,United States,N/A,$0.00  ~ $0.00 ,N/A,N/A,N/A,N/A,N/A
Home & Garden (Legacy),Agriculture,Canada,N/A,$0.00  ~ $0.00 ,N/A,N/A,N/A,N/A,N/A
Home & Garden (Legacy),Computer Networking,United States,N/A,$0.00  ~ $0.00 ,N/A,N/A,N/A,N/A,N/A
Home & Garden (Legacy),Video & Computer Games,United States,N/A,$0.00  ~ $0.00 ,N/A,N/A,N/A,N/A,N/A
Home & Garden (Legacy),Canada,Canada,N/A,$0.00  ~ $0.00 ,N/A,N/A,N/A,N/A,N/A
Home & Garden (Legacy),Dining Out,United States,N/A,$0.00  ~ $0.00 ,N/A,N/A,N/A,N/A,N/A
Home & Garden (Legacy),Health/Lowfat Cooking,United States,N/A,$0.00  ~ $0.00 ,N/A,N/A,N/A,N/A,N/A
Home & Garden (Legacy),Theme Parks,United States,N/A,$0.00  ~ $0.00 ,N/A,N/A,N/A,N/A,N/A
Home & Garden (Legacy),Business Software,Canada,N/A,$0.00  ~ $0.00 ,N/A,N/A,N/A,N/A,N/A
Home & Garden (Legacy),Green Solutions,Canada,N/A,$0.00  ~ $0.00 ,N/A,N/A,N/A,N/A,N/A
Home & Garden (Legacy),Technology & Computing,United States,N/A,$0.00  ~ $0.00 ,N/A,N/A,N/A,N/A,N/A
Home & Garden (Legacy),Government,United States,N/A,$0.00  ~ $0.00 ,N/A,N/A,N/A,N/A,N/A
Home & Garden (Legacy),Pets,United States,N/A,$0.00  ~ $0.00 ,N/A,N/A,N/A,N/A,N/A
"Law, Gov't & Politics (Legacy)",News,United States,N/A,$34.95  ~ $62.77 ,N/A,N/A,N/A,75.00%,N/A
"Law, Gov't & Politics (Legacy)",Adult Education,United States,N/A,$10.88  ~ $38.04 ,N/A,N/A,N/A,85.71%,N/A
"Law, Gov't & Politics (Legacy)",Nutrition,Canada,N/A,$48.62  ~ $48.62 ,N/A,N/A,N/A,94.74%,N/A
"Law, Gov't & Politics (Legacy)",Logistics,United States,N/A,$43.46  ~ $43.90 ,$12.10 ,N/A,0.36%,80.83%,N/A
"Law, Gov't & Politics (Legacy)",Exercise,United States,N/A,$43.53  ~ $48.85 ,N/A,N/A,N/A,20.00%,N/A
"Law, Gov't & Politics (Legacy)",Football,United States,N/A,$31.82  ~ $78.19 ,N/A,N/A,N/A,74.07%,N/A
"Law, Gov't & Politics (Legacy)",Gardening,United States,N/A,$40.82  ~ $40.82 ,N/A,N/A,N/A,58.33%,N/A
"Law, Gov't & Politics (Legacy)",Video & Computer Games,United States,N/A,$43.20  ~ $43.20 ,N/A,N/A,N/A,64.00%,N/A
"Law, Gov't & Politics (Legacy)",Home Repair,United States,N/A,$34.04  ~ $35.04 ,$5.56 ,N/A,0.63%,82.85%,N/A
"Law, Gov't & Politics (Legacy)",Clothing,United States,N/A,$26.79  ~ $26.79 ,$6.21 ,N/A,0.43%,91.67%,N/A
"Law, Gov't & Politics (Legacy)",Clothing,Canada,N/A,$32.13  ~ $32.13 ,N/A,N/A,N/A,95.57%,N/A
"Law, Gov't & Politics (Legacy)",Dining Out,United States,N/A,$31.73  ~ $37.77 ,N/A,N/A,N/A,79.17%,N/A
"Law, Gov't & Politics (Legacy)",Biotech/Biomedical,United States,N/A,$31.53  ~ $32.19 ,N/A,N/A,N/A,93.83%,N/A
"Law, Gov't & Politics (Legacy)",Music,United States,N/A,$17.91  ~ $20.36 ,$2.00 ,N/A,1.02%,80.46%,N/A
"Law, Gov't & Politics (Legacy)",Marketing,United States,N/A,$12.48  ~ $28.20 ,N/A,N/A,N/A,N/A,N/A
"Law, Gov't & Politics (Legacy)",Cigars,United States,N/A,$35.11  ~ $35.13 ,N/A,N/A,N/A,54.55%,N/A
"Law, Gov't & Politics (Legacy)",Incest/Abuse Support,United States,N/A,$29.20  ~ $29.33 ,N/A,N/A,N/A,84.21%,N/A
"Law, Gov't & Politics (Legacy)",Insurance,United States,N/A,$42.67  ~ $42.80 ,N/A,N/A,N/A,76.78%,N/A
"Law, Gov't & Politics (Legacy)",Pro Basketball,United States,N/A,$19.28  ~ $19.28 ,$2.70 ,N/A,0.71%,71.53%,N/A
"Law, Gov't & Politics (Legacy)",Food & Drink,United States,N/A,$54.44  ~ $54.44 ,N/A,N/A,N/A,100.00%,N/A
"Law, Gov't & Politics (Legacy)",Pets,United States,N/A,$33.97  ~ $33.97 ,N/A,N/A,N/A,80.00%,N/A
"Law, Gov't & Politics (Legacy)",Cold & Flu,United States,N/A,$10.72  ~ $12.99 ,N/A,N/A,N/A,98.94%,N/A
"Law, Gov't & Politics (Legacy)",Interior Decorating,United States,N/A,$31.64  ~ $35.31 ,$4.22 ,N/A,0.84%,74.98%,N/A
"Law, Gov't & Politics (Legacy)",Senior Living,United States,N/A,$34.54  ~ $34.64 ,N/A,N/A,N/A,86.25%,N/A
"Law, Gov't & Politics (Legacy)",Environmental Safety,United States,N/A,$30.61  ~ $30.61 ,N/A,N/A,N/A,100.00%,N/A
"Law, Gov't & Politics (Legacy)",Investors & Patents,United States,N/A,$17.13  ~ $17.13 ,N/A,N/A,N/A,100.00%,N/A
"Law, Gov't & Politics (Legacy)",Birdwatching,United States,N/A,$38.27  ~ $76.96 ,N/A,N/A,N/A,83.33%,N/A
"Law, Gov't & Politics (Legacy)",Business Software,United States,N/A,$32.98  ~ $32.98 ,$1.47 ,N/A,2.24%,77.85%,N/A
"Law, Gov't & Politics (Legacy)",Job Search,United States,N/A,$35.04  ~ $35.04 ,$7.16 ,N/A,0.49%,68.20%,N/A
"Law, Gov't & Politics (Legacy)",Hotels,United States,N/A,$35.23  ~ $35.50 ,N/A,N/A,N/A,58.54%,N/A
"Law, Gov't & Politics (Legacy)",Senor Health,United States,N/A,$27.49  ~ $59.21 ,N/A,N/A,N/A,100.00%,N/A
"Law, Gov't & Politics (Legacy)",Contests & Freebies,United States,N/A,$55.37  ~ $55.37 ,N/A,N/A,N/A,80.00%,N/A
"Law, Gov't & Politics (Legacy)",Computer Networking,United States,N/A,$40.20  ~ $85.80 ,N/A,N/A,N/A,87.50%,N/A
"Law, Gov't & Politics (Legacy)",Cameras & Camcorders,United States,N/A,$63.78  ~ $63.78 ,N/A,N/A,N/A,60.00%,N/A
"Law, Gov't & Politics (Legacy)",Business,United States,N/A,$45.24  ~ $45.57 ,$4.69 ,N/A,0.96%,69.79%,N/A
"Law, Gov't & Politics (Legacy)",Business,Canada,N/A,$56.78  ~ $56.78 ,N/A,N/A,N/A,100.00%,N/A
"Law, Gov't & Politics (Legacy)",Personal Finance,United States,N/A,$26.96  ~ $27.27 ,$17.66 ,N/A,0.15%,77.09%,N/A
"Law, Gov't & Politics (Legacy)",Catholicism,United States,N/A,$51.63  ~ $110.93 ,$9.14 ,N/A,0.56%,73.14%,N/A
"Law, Gov't & Politics (Legacy)",Metals,United States,1,$37.74  ~ $38.66 ,N/A,N/A,N/A,81.10%,N/A
"Law, Gov't & Politics (Legacy)",Legal Issues,United States,N/A,$37.99  ~ $39.14 ,N/A,N/A,N/A,82.68%,N/A
"Law, Gov't & Politics (Legacy)",Legal Issues,Canada,N/A,$43.08  ~ $43.08 ,N/A,N/A,N/A,N/A,N/A
"Law, Gov't & Politics (Legacy)",Travel,United States,N/A,$30.76  ~ $30.83 ,$3.32 ,N/A,0.93%,70.83%,N/A
"Law, Gov't & Politics (Legacy)",College,United States,N/A,$46.28  ~ $52.25 ,N/A,N/A,N/A,80.76%,N/A
"Law, Gov't & Politics (Legacy)",Human Resources,United States,N/A,$24.11  ~ $24.11 ,N/A,N/A,N/A,97.56%,N/A
"Law, Gov't & Politics (Legacy)",Arts & Entertainment,United States,N/A,$35.94  ~ $36.23 ,$7.39 ,N/A,0.49%,70.56%,N/A
"Law, Gov't & Politics (Legacy)",Health & Fitness,United States,2,$46.88  ~ $48.69 ,$10.86 ,N/A,0.43%,79.35%,N/A
"Law, Gov't & Politics (Legacy)",Health & Fitness,Canada,N/A,$33.34  ~ $34.37 ,N/A,N/A,N/A,83.33%,N/A
"Law, Gov't & Politics (Legacy)",Cruises,United States,N/A,$27.07  ~ $27.07 ,$123.21 ,N/A,0.02%,98.00%,N/A
"Law, Gov't & Politics (Legacy)",Credit/Debt & Loans,United States,N/A,$15.04  ~ $16.72 ,$6.19 ,N/A,0.27%,94.12%,N/A
"Law, Gov't & Politics (Legacy)",Mutual Funds,United States,N/A,$41.16  ~ $42.49 ,$7.87 ,N/A,0.54%,68.05%,N/A
"Law, Gov't & Politics (Legacy)",Fine Art,United States,N/A,$23.11  ~ $29.12 ,$1.46 ,N/A,2.00%,62.22%,N/A
"Law, Gov't & Politics (Legacy)",Apartments,United States,N/A,$22.45  ~ $22.45 ,$0.27 ,N/A,8.33%,75.00%,N/A
"Law, Gov't & Politics (Legacy)",Alternative Medicine,United States,N/A,$38.39  ~ $40.35 ,N/A,N/A,N/A,20.00%,N/A
"Law, Gov't & Politics (Legacy)",Shopping,United States,N/A,$35.70  ~ $35.76 ,$8.96 ,N/A,0.40%,68.49%,N/A
"Law, Gov't & Politics (Legacy)",Advertising,United States,N/A,$36.16  ~ $36.77 ,N/A,N/A,N/A,53.33%,N/A
"Law, Gov't & Politics (Legacy)",Appliances,United States,N/A,$26.13  ~ $26.13 ,N/A,N/A,N/A,79.07%,N/A
"Law, Gov't & Politics (Legacy)","Law, Gov't & Politics",United States,N/A,$36.04  ~ $81.12 ,N/A,N/A,N/A,100.00%,N/A
"Law, Gov't & Politics (Legacy)",Real Estate,United States,N/A,$28.66  ~ $29.19 ,N/A,N/A,N/A,100.00%,N/A
"Law, Gov't & Politics (Legacy)",Careers,United States,N/A,$22.34  ~ $22.34 ,N/A,N/A,N/A,69.91%,N/A
"Law, Gov't & Politics (Legacy)",Card Games,United States,N/A,$48.64  ~ $49.75 ,N/A,N/A,N/A,54.55%,N/A
"Law, Gov't & Politics (Legacy)",Card Games,Canada,N/A,$25.66  ~ $25.66 ,N/A,N/A,N/A,90.91%,N/A
"Law, Gov't & Politics (Legacy)",Jewelry,United States,N/A,$41.26  ~ $42.27 ,$1.49 ,N/A,2.78%,82.86%,N/A
"Law, Gov't & Politics (Legacy)",Construction,United States,N/A,$40.34  ~ $40.34 ,$12.02 ,N/A,0.34%,71.63%,N/A
"Law, Gov't & Politics (Legacy)",Green Solutions,United States,N/A,$27.71  ~ $27.86 ,N/A,N/A,N/A,72.61%,N/A
"Law, Gov't & Politics (Legacy)",Green Solutions,Canada,N/A,$23.81  ~ $23.81 ,$0.48 ,N/A,5.00%,94.74%,N/A
"Law, Gov't & Politics (Legacy)",Auto Repair,United States,N/A,$34.12  ~ $34.20 ,$5.62 ,N/A,0.61%,78.36%,N/A
"Law, Gov't & Politics (Legacy)",Cocktails/Beer,United States,N/A,$9.19  ~ $9.19 ,N/A,N/A,N/A,60.00%,N/A
"Law, Gov't & Politics (Legacy)",Buying/Selling Homes,United States,N/A,$43.36  ~ $43.36 ,N/A,N/A,N/A,81.82%,N/A
"Law, Gov't & Politics (Legacy)",Home & Garden,United States,N/A,$30.87  ~ $32.34 ,$13.51 ,N/A,0.23%,71.56%,N/A
"Law, Gov't & Politics (Legacy)",Remodeling & Construction,United States,N/A,$28.94  ~ $35.76 ,$4.92 ,N/A,0.73%,81.16%,N/A
"Law, Gov't & Politics (Legacy)",Off-Road Vehicles,United States,N/A,$22.92  ~ $22.92 ,N/A,N/A,N/A,69.23%,N/A
"Law, Gov't & Politics (Legacy)",Air Travel,United States,N/A,$30.74  ~ $31.25 ,N/A,N/A,N/A,86.84%,N/A
"Law, Gov't & Politics (Legacy)",Politics,United States,N/A,$40.83  ~ $42.65 ,$7.99 ,N/A,0.53%,86.79%,N/A
"Law, Gov't & Politics (Legacy)",Landscaping,United States,N/A,$30.91  ~ $30.91 ,N/A,N/A,N/A,100.00%,N/A
"Law, Gov't & Politics (Legacy)",Weddings,United States,N/A,$44.17  ~ $97.73 ,N/A,N/A,N/A,50.00%,N/A
"Law, Gov't & Politics (Legacy)",Psychology/Psychiatry,United States,N/A,$24.51  ~ $33.47 ,$14.06 ,N/A,0.24%,78.09%,N/A
"Law, Gov't & Politics (Legacy)",Automotive,United States,N/A,$38.90  ~ $39.06 ,N/A,N/A,N/A,84.92%,N/A
"Law, Gov't & Politics (Legacy)",Career Planning,United States,N/A,$40.83  ~ $40.83 ,N/A,N/A,N/A,100.00%,N/A
"Law, Gov't & Politics (Legacy)",Retirement Planning,United States,N/A,$23.29  ~ $52.66 ,$0.70 ,N/A,3.33%,91.43%,N/A
"Law, Gov't & Politics (Legacy)",Accessories,United States,1,$88.45  ~ $88.45 ,N/A,N/A,N/A,76.92%,N/A
"Law, Gov't & Politics (Legacy)",Family & Parenting,United States,N/A,$41.67  ~ $41.78 ,$3.27 ,N/A,1.28%,69.65%,N/A
"Law, Gov't & Politics (Legacy)",Honeymoons/Getaways,United States,N/A,$38.72  ~ $93.17 ,N/A,N/A,N/A,66.67%,N/A
"Law, Gov't & Politics (Legacy)",Agriculture,United States,N/A,$14.85  ~ $14.85 ,N/A,N/A,N/A,N/A,N/A
"Law, Gov't & Politics (Legacy)",Buying/Selling Cars,United States,N/A,$37.31  ~ $37.75 ,$8.45 ,N/A,0.44%,76.86%,N/A
"Law, Gov't & Politics (Legacy)",Buying/Selling Cars,Canada,N/A,$47.27  ~ $47.27 ,N/A,N/A,N/A,100.00%,N/A
"Law, Gov't & Politics (Legacy)",Education,United States,N/A,$33.62  ~ $37.42 ,$1.78 ,N/A,1.89%,90.38%,N/A
"Law, Gov't & Politics (Legacy)",Graduate School,United States,N/A,$41.90  ~ $43.32 ,$12.36 ,N/A,0.34%,66.73%,N/A
"Law, Gov't & Politics (Legacy)",K-6 Educators,United States,N/A,$25.31  ~ $25.75 ,$3.99 ,N/A,0.65%,60.14%,N/A
"Law, Gov't & Politics (Legacy)",News,Canada,N/A,$0.00  ~ $0.00 ,N/A,N/A,N/A,N/A,N/A
"Law, Gov't & Politics (Legacy)",Gardening,Canada,N/A,$0.00  ~ $0.00 ,N/A,N/A,N/A,N/A,N/A
"Law, Gov't & Politics (Legacy)",Insurance,Canada,N/A,$0.00  ~ $0.00 ,N/A,N/A,N/A,N/A,N/A
"Law, Gov't & Politics (Legacy)",Couponing,United States,N/A,$0.00  ~ $0.00 ,N/A,N/A,N/A,N/A,N/A
"Law, Gov't & Politics (Legacy)",Sailing,United States,N/A,$0.00  ~ $0.00 ,N/A,N/A,N/A,N/A,N/A
"Law, Gov't & Politics (Legacy)",Radio,United States,N/A,$0.00  ~ $0.00 ,N/A,N/A,N/A,N/A,N/A
"Law, Gov't & Politics (Legacy)",Network Security,United States,N/A,$0.00  ~ $0.00 ,N/A,N/A,N/A,N/A,N/A
"Law, Gov't & Politics (Legacy)",Cancer,United States,N/A,$0.00  ~ $0.00 ,N/A,N/A,N/A,N/A,N/A
"Law, Gov't & Politics (Legacy)",Auto Parts,United States,N/A,$0.00  ~ $0.00 ,N/A,N/A,N/A,N/A,N/A
"Law, Gov't & Politics (Legacy)",Investing,United States,N/A,$0.00  ~ $0.00 ,N/A,N/A,N/A,N/A,N/A
"Law, Gov't & Politics (Legacy)",Entertainment,United States,N/A,$0.00  ~ $0.00 ,N/A,N/A,N/A,N/A,N/A
"Law, Gov't & Politics (Legacy)",Arts & Crafts,United States,N/A,$0.00  ~ $0.00 ,N/A,N/A,N/A,N/A,N/A
"Law, Gov't & Politics (Legacy)",Pediatrics,United States,N/A,$0.00  ~ $0.00 ,N/A,N/A,N/A,N/A,N/A
"Law, Gov't & Politics (Legacy)",Veterinary Medicine,United States,N/A,$0.00  ~ $0.00 ,N/A,N/A,N/A,N/A,N/A
"Law, Gov't & Politics (Legacy)",Interior Decorating,Canada,N/A,$0.00  ~ $0.00 ,N/A,N/A,N/A,N/A,N/A
"Law, Gov't & Politics (Legacy)",Government,United States,N/A,$0.00  ~ $0.00 ,N/A,N/A,N/A,N/A,N/A
"Law, Gov't & Politics (Legacy)",Metals,Canada,N/A,$0.00  ~ $0.00 ,N/A,N/A,N/A,N/A,N/A
"Law, Gov't & Politics (Legacy)",Canada,Canada,N/A,$0.00  ~ $0.00 ,N/A,N/A,N/A,N/A,N/A
"Law, Gov't & Politics (Legacy)",Business Software,Canada,N/A,$0.00  ~ $0.00 ,N/A,N/A,N/A,N/A,N/A
"Law, Gov't & Politics (Legacy)",Distance Learning,United States,N/A,$0.00  ~ $0.00 ,N/A,N/A,N/A,N/A,N/A
"Law, Gov't & Politics (Legacy)",Bed & Breakfasts,United States,N/A,$0.00  ~ $0.00 ,N/A,N/A,N/A,N/A,N/A
"Law, Gov't & Politics (Legacy)",Technology & Computing,United States,N/A,$0.00  ~ $0.00 ,N/A,N/A,N/A,N/A,N/A
"Law, Gov't & Politics (Legacy)",Health/Lowfat Cooking,United States,N/A,$0.00  ~ $0.00 ,N/A,N/A,N/A,N/A,N/A
"Law, Gov't & Politics (Legacy)",Careers,Canada,N/A,$0.00  ~ $0.00 ,N/A,N/A,N/A,N/A,N/A
"Law, Gov't & Politics (Legacy)",Logistics,Canada,N/A,$0.00  ~ $0.00 ,N/A,N/A,N/A,N/A,N/A
"Law, Gov't & Politics (Legacy)",By US Locale,United States,N/A,$0.00  ~ $0.00 ,N/A,N/A,N/A,N/A,N/A
"Law, Gov't & Politics (Legacy)",Dogs,United States,N/A,$0.00  ~ $0.00 ,N/A,N/A,N/A,N/A,N/A
"Law, Gov't & Politics (Legacy)",Dogs,Canada,N/A,$0.00  ~ $0.00 ,N/A,N/A,N/A,N/A,N/A
"Law, Gov't & Politics (Legacy)",Computer Peripherals,United States,N/A,$0.00  ~ $0.00 ,N/A,N/A,N/A,N/A,N/A
"Law, Gov't & Politics (Legacy)",Automotive,Canada,N/A,$0.00  ~ $0.00 ,N/A,N/A,N/A,N/A,N/A
"Law, Gov't & Politics (Legacy)",Food & Drink,Canada,N/A,$0.00  ~ $0.00 ,N/A,N/A,N/A,N/A,N/A
"Law, Gov't & Politics (Legacy)",Human Resources,Canada,N/A,$0.00  ~ $0.00 ,N/A,N/A,N/A,N/A,N/A
"Law, Gov't & Politics (Legacy)",Arts & Entertainment,Canada,N/A,$0.00  ~ $0.00 ,N/A,N/A,N/A,N/A,N/A
"Law, Gov't & Politics (Legacy)",Martial Arts,United States,N/A,$0.00  ~ $0.00 ,N/A,N/A,N/A,N/A,N/A
"Law, Gov't & Politics (Legacy)",Advertising,Canada,N/A,$0.00  ~ $0.00 ,N/A,N/A,N/A,N/A,N/A
"Law, Gov't & Politics (Legacy)",Dental Care,United States,N/A,$0.00  ~ $0.00 ,N/A,N/A,N/A,N/A,N/A
"Law, Gov't & Politics (Legacy)",Credit/Debt & Loans,Canada,N/A,$0.00  ~ $0.00 ,N/A,N/A,N/A,N/A,N/A
"Law, Gov't & Politics (Legacy)",Theme Parks,United States,N/A,$0.00  ~ $0.00 ,N/A,N/A,N/A,N/A,N/A
"Law, Gov't & Politics (Legacy)",Fashion,United States,N/A,$0.00  ~ $0.00 ,N/A,N/A,N/A,N/A,N/A
"Law, Gov't & Politics (Legacy)",Hunting/Shooting,United States,N/A,$0.00  ~ $0.00 ,N/A,N/A,N/A,N/A,N/A
"Law, Gov't & Politics (Legacy)",Weight Loss,United States,N/A,$0.00  ~ $0.00 ,N/A,N/A,N/A,N/A,N/A
"Law, Gov't & Politics (Legacy)",Home Repair,Canada,N/A,$0.00  ~ $0.00 ,N/A,N/A,N/A,N/A,N/A
"Law, Gov't & Politics (Legacy)",Internet Technology,United States,N/A,$0.00  ~ $0.00 ,N/A,N/A,N/A,N/A,N/A
"Law, Gov't & Politics (Legacy)",Real Estate,Canada,N/A,$0.00  ~ $0.00 ,N/A,N/A,N/A,N/A,N/A
"Law, Gov't & Politics (Legacy)",Coffee/Tea,United States,N/A,$0.00  ~ $0.00 ,N/A,N/A,N/A,N/A,N/A
"Law, Gov't & Politics (Legacy)",Desserts & Baking,United States,N/A,$0.00  ~ $0.00 ,N/A,N/A,N/A,N/A,N/A
"Law, Gov't & Politics (Legacy)",Hobbies & Interests,United States,N/A,$0.00  ~ $0.00 ,N/A,N/A,N/A,N/A,N/A
"Law, Gov't & Politics (Legacy)",Hobbies & Interests,Canada,N/A,$0.00  ~ $0.00 ,N/A,N/A,N/A,N/A,N/A
News (Legacy),Off-Road Vehicles,United States,N/A,$23.14  ~ $23.14 ,$21.94 ,N/A,0.11%,76.08%,N/A
News (Legacy),Job Search,United States,2,$37.21  ~ $37.21 ,$7.60 ,N/A,0.49%,72.07%,N/A
News (Legacy),Business Software,United States,N/A,$35.75  ~ $35.75 ,$12.46 ,N/A,0.29%,82.34%,N/A
News (Legacy),Logistics,United States,8,$45.94  ~ $47.25 ,$50.75 ,N/A,0.09%,83.18%,N/A
News (Legacy),Dental Care,United States,N/A,$22.89  ~ $23.32 ,N/A,N/A,N/A,84.21%,N/A
News (Legacy),Birdwatching,United States,N/A,$37.14  ~ $89.50 ,N/A,N/A,N/A,68.63%,N/A
News (Legacy),Alternative Medicine,United States,N/A,$25.03  ~ $25.03 ,N/A,N/A,N/A,93.44%,N/A
News (Legacy),Food & Drink,United States,N/A,$30.59  ~ $30.60 ,N/A,N/A,N/A,98.07%,N/A
News (Legacy),Commentary,United States,N/A,$58.26  ~ $58.26 ,N/A,N/A,N/A,61.35%,N/A
News (Legacy),College,United States,N/A,$35.38  ~ $52.11 ,$88.45 ,N/A,0.04%,81.62%,N/A
News (Legacy),Card Games,United States,N/A,$64.98  ~ $75.69 ,N/A,N/A,N/A,85.80%,N/A
News (Legacy),Appliances,United States,3,$20.20  ~ $20.20 ,N/A,N/A,N/A,98.64%,N/A
News (Legacy),Coffee/Tea,United States,N/A,$32.30  ~ $32.30 ,N/A,N/A,N/A,100.00%,N/A
News (Legacy),Catholicism,United States,N/A,$52.67  ~ $125.83 ,$13.50 ,N/A,0.39%,77.13%,N/A
News (Legacy),Human Resources,United States,N/A,$60.58  ~ $60.63 ,$16.44 ,N/A,0.37%,92.16%,N/A
News (Legacy),Marketing,United States,N/A,$12.48  ~ $29.19 ,N/A,N/A,N/A,N/A,N/A
News (Legacy),Clothing,United States,2,$33.25  ~ $33.25 ,$9.75 ,N/A,0.34%,69.16%,N/A
News (Legacy),Clothing,Canada,N/A,$34.17  ~ $34.17 ,$12.88 ,N/A,0.27%,77.26%,N/A
News (Legacy),Music,United States,N/A,$17.02  ~ $18.75 ,$25.73 ,N/A,0.07%,94.25%,N/A
News (Legacy),Environmental Safety,United States,N/A,$28.32  ~ $28.32 ,N/A,N/A,N/A,83.33%,N/A
News (Legacy),Fashion,United States,N/A,$13.52  ~ $13.52 ,N/A,N/A,N/A,80.00%,N/A
News (Legacy),Retirement Planning,United States,N/A,$28.58  ~ $63.98 ,N/A,N/A,N/A,32.28%,N/A
News (Legacy),K-6 Educators,United States,N/A,$27.27  ~ $27.63 ,$4.88 ,N/A,0.57%,71.80%,N/A
News (Legacy),Internet Technology,United States,N/A,$6.86  ~ $6.86 ,N/A,N/A,N/A,99.38%,N/A
News (Legacy),Investing,United States,N/A,$42.20  ~ $42.20 ,N/A,N/A,N/A,100.00%,N/A
News (Legacy),Home & Garden,United States,9,$29.06  ~ $38.86 ,$18.72 ,N/A,0.16%,59.20%,N/A
News (Legacy),Business,United States,3,$38.31  ~ $38.72 ,$18.11 ,N/A,0.21%,69.57%,N/A
News (Legacy),Business,Canada,N/A,$26.56  ~ $26.56 ,N/A,N/A,N/A,93.33%,N/A
News (Legacy),Cold & Flu,United States,N/A,$10.98  ~ $15.88 ,$123.98 ,N/A,0.01%,97.16%,N/A
News (Legacy),Swimming,United States,1,$29.65  ~ $31.53 ,$52.57 ,N/A,0.06%,83.33%,N/A
News (Legacy),Cancer,United States,N/A,$39.91  ~ $39.91 ,N/A,N/A,N/A,76.92%,N/A
News (Legacy),Honeymoons/Getaways,United States,N/A,$40.48  ~ $40.48 ,N/A,N/A,N/A,99.11%,N/A
News (Legacy),Personal Finance,Canada,N/A,$45.49  ~ $103.06 ,N/A,N/A,N/A,100.00%,N/A
News (Legacy),Personal Finance,United States,1,$32.78  ~ $32.80 ,$19.14 ,N/A,0.17%,80.61%,N/A
News (Legacy),Green Solutions,United States,N/A,$30.27  ~ $30.36 ,$9.92 ,N/A,0.31%,63.35%,N/A
News (Legacy),Green Solutions,Canada,N/A,$30.80  ~ $61.89 ,N/A,N/A,N/A,100.00%,N/A
News (Legacy),Dining Out,United States,N/A,$30.11  ~ $34.55 ,N/A,N/A,N/A,79.26%,N/A
News (Legacy),Real Estate,United States,N/A,$31.71  ~ $47.16 ,N/A,N/A,N/A,97.74%,N/A
News (Legacy),Education,United States,5,$39.71  ~ $39.72 ,$20.77 ,N/A,0.19%,90.71%,N/A
News (Legacy),Home Repair,United States,3,$33.78  ~ $35.48 ,$45.08 ,N/A,0.08%,86.72%,N/A
News (Legacy),Senor Health,United States,N/A,$27.93  ~ $30.39 ,N/A,N/A,N/A,85.31%,N/A
News (Legacy),Gardening,United States,N/A,$29.20  ~ $29.20 ,$38.28 ,N/A,0.08%,48.41%,N/A
News (Legacy),Computer Peripherals,United States,N/A,$47.64  ~ $47.64 ,N/A,N/A,N/A,100.00%,N/A
News (Legacy),Contests & Freebies,United States,N/A,$43.98  ~ $43.98 ,N/A,N/A,N/A,84.98%,N/A
News (Legacy),Investors & Patents,United States,N/A,$18.44  ~ $18.48 ,N/A,N/A,N/A,98.98%,N/A
News (Legacy),Landscaping,United States,N/A,$30.45  ~ $33.99 ,N/A,N/A,N/A,62.75%,N/A
News (Legacy),Auto Repair,United States,N/A,$34.09  ~ $34.72 ,$11.49 ,N/A,0.30%,82.52%,N/A
News (Legacy),Arts & Entertainment,United States,N/A,$34.86  ~ $36.15 ,$8.21 ,N/A,0.44%,75.68%,N/A
News (Legacy),Arts & Entertainment,Canada,N/A,$47.63  ~ $47.63 ,N/A,N/A,N/A,50.00%,N/A
News (Legacy),Adult Education,United States,N/A,$27.99  ~ $39.31 ,N/A,N/A,N/A,79.51%,N/A
News (Legacy),Buying/Selling Homes,United States,2,$28.74  ~ $28.75 ,$11.88 ,N/A,0.24%,43.58%,N/A
News (Legacy),Buying/Selling Homes,Canada,N/A,$37.23  ~ $39.99 ,N/A,N/A,N/A,92.86%,N/A
News (Legacy),Hunting/Shooting,United States,N/A,$22.59  ~ $22.59 ,N/A,N/A,N/A,N/A,N/A
News (Legacy),Cruises,United States,2,$24.95  ~ $24.95 ,$108.32 ,N/A,0.02%,96.24%,N/A
News (Legacy),Cruises,Canada,N/A,$35.71  ~ $80.61 ,N/A,N/A,N/A,83.33%,N/A
News (Legacy),Pro Basketball,United States,N/A,$18.40  ~ $18.40 ,$9.05 ,N/A,0.20%,82.46%,N/A
News (Legacy),Desserts & Baking,United States,N/A,$33.79  ~ $33.79 ,N/A,N/A,N/A,87.50%,N/A
News (Legacy),Graduate School,United States,N/A,$44.02  ~ $45.41 ,$7.11 ,N/A,0.62%,70.87%,N/A
News (Legacy),Weddings,United States,N/A,$44.14  ~ $109.49 ,N/A,N/A,N/A,40.00%,N/A
News (Legacy),Video & Computer Games,United States,N/A,$41.91  ~ $41.91 ,$23.13 ,N/A,0.18%,57.93%,N/A
News (Legacy),Cigars,United States,N/A,$36.95  ~ $41.48 ,N/A,N/A,N/A,72.41%,N/A
News (Legacy),Remodeling & Construction,United States,N/A,$22.83  ~ $25.91 ,$12.28 ,N/A,0.21%,86.92%,N/A
News (Legacy),Senior Living,United States,N/A,$30.38  ~ $30.51 ,N/A,N/A,N/A,98.85%,N/A
News (Legacy),Advertising,United States,N/A,$37.06  ~ $37.08 ,N/A,N/A,N/A,95.38%,N/A
News (Legacy),Agriculture,United States,N/A,$15.45  ~ $15.45 ,N/A,N/A,N/A,N/A,N/A
News (Legacy),Accessories,United States,3,$58.37  ~ $58.37 ,$159.05 ,N/A,0.04%,48.37%,N/A
News (Legacy),Biotech/Biomedical,United States,N/A,$31.67  ~ $43.75 ,$18.63 ,N/A,0.23%,94.12%,N/A
News (Legacy),Automotive,United States,N/A,$39.88  ~ $40.31 ,$37.14 ,N/A,0.11%,90.95%,N/A
News (Legacy),Exercise,United States,N/A,$37.42  ~ $45.83 ,N/A,N/A,N/A,91.10%,N/A
News (Legacy),Construction,United States,8,$39.80  ~ $39.80 ,$27.57 ,N/A,0.14%,84.69%,N/A
News (Legacy),Health & Fitness,United States,3,$37.49  ~ $38.97 ,$27.48 ,N/A,0.14%,61.66%,N/A
News (Legacy),Health & Fitness,Canada,N/A,$30.62  ~ $34.11 ,N/A,N/A,N/A,99.10%,N/A
News (Legacy),Hotels,United States,N/A,$28.66  ~ $28.67 ,$36.14 ,N/A,0.08%,60.02%,N/A
News (Legacy),Hotels,Canada,3,$39.76  ~ $39.76 ,N/A,N/A,N/A,75.00%,N/A
News (Legacy),Apartments,United States,N/A,$26.70  ~ $26.70 ,$17.54 ,N/A,0.15%,69.76%,N/A
News (Legacy),Air Travel,United States,N/A,$40.68  ~ $40.69 ,$9.21 ,N/A,0.44%,90.90%,N/A
News (Legacy),News,United States,N/A,$43.29  ~ $47.04 ,N/A,N/A,N/A,52.46%,N/A
News (Legacy),Metals,United States,1,$41.87  ~ $42.58 ,$31.44 ,N/A,0.13%,81.54%,N/A
News (Legacy),Nutrition,Canada,N/A,$51.21  ~ $51.21 ,N/A,N/A,N/A,95.00%,N/A
News (Legacy),Physical Therapy,United States,N/A,$31.83  ~ $31.83 ,N/A,N/A,N/A,83.33%,N/A
News (Legacy),Legal Issues,United States,2,$39.43  ~ $39.60 ,$46.61 ,N/A,0.08%,86.87%,N/A
News (Legacy),Legal Issues,Canada,N/A,$39.23  ~ $39.23 ,N/A,N/A,N/A,50.00%,N/A
News (Legacy),Buying/Selling Cars,United States,5,$36.29  ~ $37.19 ,$11.55 ,N/A,0.31%,79.50%,N/A
News (Legacy),Buying/Selling Cars,Canada,N/A,$65.64  ~ $65.64 ,$1.44 ,N/A,4.55%,81.82%,N/A
News (Legacy),U.S. Government Resources,United States,1,$51.72  ~ $121.89 ,N/A,N/A,N/A,95.40%,N/A
News (Legacy),Health/Lowfat Cooking,United States,4,$52.80  ~ $52.80 ,N/A,N/A,N/A,39.29%,N/A
News (Legacy),Theme Parks,United States,N/A,$39.93  ~ $95.68 ,N/A,N/A,N/A,83.33%,N/A
News (Legacy),Auto Parts,United States,N/A,$23.14  ~ $51.57 ,N/A,N/A,N/A,100.00%,N/A
News (Legacy),Shopping,United States,N/A,$32.52  ~ $32.64 ,$34.01 ,N/A,0.10%,90.99%,N/A
News (Legacy),"Law, Gov't & Politics",United States,N/A,$24.77  ~ $34.79 ,N/A,N/A,N/A,97.69%,N/A
News (Legacy),Travel,United States,N/A,$31.33  ~ $31.69 ,$16.16 ,N/A,0.20%,64.70%,N/A
News (Legacy),Mutual Funds,United States,3,$36.43  ~ $38.02 ,$17.05 ,N/A,0.22%,68.86%,N/A
News (Legacy),Incest/Abuse Support,United States,N/A,$33.60  ~ $35.64 ,N/A,N/A,N/A,70.32%,N/A
News (Legacy),Pets,United States,N/A,$28.39  ~ $28.39 ,$4.03 ,N/A,0.70%,75.74%,N/A
News (Legacy),Art/Technology,United States,N/A,$26.47  ~ $26.47 ,N/A,N/A,N/A,75.53%,N/A
News (Legacy),Weight Loss,United States,N/A,$49.99  ~ $104.66 ,N/A,N/A,N/A,N/A,N/A
News (Legacy),Technology & Computing,United States,N/A,$19.79  ~ $19.79 ,N/A,N/A,N/A,100.00%,N/A
News (Legacy),Psychology/Psychiatry,United States,3,$27.40  ~ $41.14 ,$23.89 ,N/A,0.17%,54.05%,N/A
News (Legacy),Politics,United States,N/A,$36.63  ~ $38.37 ,$11.27 ,N/A,0.34%,86.75%,N/A
News (Legacy),Family & Parenting,United States,N/A,$23.13  ~ $23.62 ,$42.97 ,N/A,0.05%,94.20%,N/A
News (Legacy),Careers,United States,N/A,$21.60  ~ $21.60 ,N/A,N/A,N/A,79.85%,N/A
News (Legacy),Insurance,United States,1,$43.45  ~ $43.48 ,$207.13 ,N/A,0.02%,90.17%,N/A
News (Legacy),Cocktails/Beer,United States,N/A,$12.90  ~ $13.94 ,N/A,N/A,N/A,89.47%,N/A
News (Legacy),Hobbies & Interests,United States,N/A,$32.43  ~ $33.08 ,N/A,N/A,N/A,98.53%,N/A
News (Legacy),Football,United States,N/A,$28.64  ~ $32.02 ,$34.36 ,N/A,0.08%,57.54%,N/A
News (Legacy),Computer Networking,United States,N/A,$40.06  ~ $97.96 ,N/A,N/A,N/A,64.94%,N/A
News (Legacy),Cameras & Camcorders,United States,N/A,$41.71  ~ $41.71 ,N/A,N/A,N/A,57.39%,N/A
News (Legacy),Interior Decorating,United States,1,$33.34  ~ $33.59 ,$26.62 ,N/A,0.13%,72.65%,N/A
News (Legacy),Jewelry,United States,N/A,$33.80  ~ $34.05 ,$33.43 ,N/A,0.10%,58.02%,N/A
News (Legacy),Fine Art,United States,N/A,$27.16  ~ $30.00 ,$11.22 ,N/A,0.27%,49.20%,N/A
News (Legacy),Credit/Debt & Loans,United States,4,$14.91  ~ $16.56 ,$45.86 ,N/A,0.04%,88.68%,N/A
News (Legacy),Couponing,United States,N/A,$0.00  ~ $0.00 ,N/A,N/A,N/A,N/A,N/A
News (Legacy),Internet Technology,Canada,N/A,$0.00  ~ $0.00 ,N/A,N/A,N/A,N/A,N/A
News (Legacy),Logistics,Canada,N/A,$0.00  ~ $0.00 ,N/A,N/A,N/A,N/A,N/A
News (Legacy),Gardening,Canada,N/A,$0.00  ~ $0.00 ,N/A,N/A,N/A,N/A,N/A
News (Legacy),Local News,United States,N/A,$0.00  ~ $0.00 ,N/A,N/A,N/A,N/A,N/A
News (Legacy),Agriculture,Canada,N/A,$0.00  ~ $0.00 ,N/A,N/A,N/A,N/A,N/A
News (Legacy),Network Security,United States,N/A,$0.00  ~ $0.00 ,N/A,N/A,N/A,N/A,N/A
News (Legacy),Martial Arts,United States,N/A,$0.00  ~ $0.00 ,N/A,N/A,N/A,N/A,N/A
News (Legacy),Entertainment,United States,N/A,$0.00  ~ $0.00 ,N/A,N/A,N/A,N/A,N/A
News (Legacy),Sexuality,United States,N/A,$0.00  ~ $0.00 ,N/A,N/A,N/A,N/A,N/A
News (Legacy),Career Planning,United States,N/A,$0.00  ~ $0.00 ,N/A,N/A,N/A,N/A,N/A
News (Legacy),Government,United States,N/A,$0.00  ~ $0.00 ,N/A,N/A,N/A,N/A,N/A
News (Legacy),Arthritis,United States,N/A,$0.00  ~ $0.00 ,N/A,N/A,N/A,N/A,N/A
News (Legacy),Canada,Canada,N/A,$0.00  ~ $0.00 ,N/A,N/A,N/A,N/A,N/A
News (Legacy),Automotive,Canada,N/A,$0.00  ~ $0.00 ,N/A,N/A,N/A,N/A,N/A
News (Legacy),Bed & Breakfasts,United States,N/A,$0.00  ~ $0.00 ,N/A,N/A,N/A,N/A,N/A
News (Legacy),Home Repair,Canada,N/A,$0.00  ~ $0.00 ,N/A,N/A,N/A,N/A,N/A
News (Legacy),Interior Decorating,Canada,N/A,$0.00  ~ $0.00 ,N/A,N/A,N/A,N/A,N/A
News (Legacy),Computer Peripherals,Canada,N/A,$0.00  ~ $0.00 ,N/A,N/A,N/A,N/A,N/A
News (Legacy),Radio,United States,N/A,$0.00  ~ $0.00 ,N/A,N/A,N/A,N/A,N/A
News (Legacy),Careers,Canada,N/A,$0.00  ~ $0.00 ,N/A,N/A,N/A,N/A,N/A
News (Legacy),Dogs,United States,N/A,$0.00  ~ $0.00 ,N/A,N/A,N/A,N/A,N/A
News (Legacy),Dogs,Canada,N/A,$0.00  ~ $0.00 ,N/A,N/A,N/A,N/A,N/A
News (Legacy),Distance Learning,United States,N/A,$0.00  ~ $0.00 ,N/A,N/A,N/A,N/A,N/A
News (Legacy),Card Games,Canada,N/A,$0.00  ~ $0.00 ,N/A,N/A,N/A,N/A,N/A
News (Legacy),Human Resources,Canada,N/A,$0.00  ~ $0.00 ,N/A,N/A,N/A,N/A,N/A
News (Legacy),Real Estate,Canada,N/A,$0.00  ~ $0.00 ,N/A,N/A,N/A,N/A,N/A
News (Legacy),Advertising,Canada,N/A,$0.00  ~ $0.00 ,N/A,N/A,N/A,N/A,N/A
News (Legacy),Veterinary Medicine,United States,N/A,$0.00  ~ $0.00 ,N/A,N/A,N/A,N/A,N/A
News (Legacy),News,Canada,N/A,$0.00  ~ $0.00 ,N/A,N/A,N/A,N/A,N/A
News (Legacy),Off-Road Vehicles,Canada,N/A,$0.00  ~ $0.00 ,N/A,N/A,N/A,N/A,N/A
News (Legacy),Business Software,Canada,N/A,$0.00  ~ $0.00 ,N/A,N/A,N/A,N/A,N/A
News (Legacy),By US Locale,United States,N/A,$0.00  ~ $0.00 ,N/A,N/A,N/A,N/A,N/A
News (Legacy),Metals,Canada,N/A,$0.00  ~ $0.00 ,N/A,N/A,N/A,N/A,N/A
News (Legacy),Apartments,Canada,N/A,$0.00  ~ $0.00 ,N/A,N/A,N/A,N/A,N/A
News (Legacy),Credit/Debt & Loans,Canada,N/A,$0.00  ~ $0.00 ,N/A,N/A,N/A,N/A,N/A
News (Legacy),Pediatrics,United States,N/A,$0.00  ~ $0.00 ,N/A,N/A,N/A,N/A,N/A
News (Legacy),Infertility,United States,N/A,$0.00  ~ $0.00 ,N/A,N/A,N/A,N/A,N/A
News (Legacy),Insurance,Canada,N/A,$0.00  ~ $0.00 ,N/A,N/A,N/A,N/A,N/A
News (Legacy),Food & Drink,Canada,N/A,$0.00  ~ $0.00 ,N/A,N/A,N/A,N/A,N/A
News (Legacy),Arts & Crafts,United States,N/A,$0.00  ~ $0.00 ,N/A,N/A,N/A,N/A,N/A
Personal Finance (Legacy),Hotels,United States,N/A,$35.23  ~ $35.23 ,N/A,N/A,N/A,33.33%,N/A
Personal Finance (Legacy),News,United States,N/A,$26.71  ~ $57.24 ,N/A,N/A,N/A,100.00%,N/A
Personal Finance (Legacy),Off-Road Vehicles,United States,N/A,$23.01  ~ $23.01 ,N/A,N/A,N/A,50.00%,N/A
Personal Finance (Legacy),Advertising,United States,N/A,$33.87  ~ $34.54 ,N/A,N/A,N/A,50.00%,N/A
Personal Finance (Legacy),Air Travel,United States,N/A,$29.60  ~ $29.60 ,N/A,N/A,N/A,100.00%,N/A
Personal Finance (Legacy),Dining Out,United States,N/A,$33.05  ~ $34.48 ,N/A,N/A,N/A,100.00%,N/A
Personal Finance (Legacy),Health & Fitness,United States,N/A,$54.95  ~ $56.93 ,N/A,N/A,N/A,74.29%,N/A
Personal Finance (Legacy),Travel,United States,N/A,$31.97  ~ $32.37 ,N/A,N/A,N/A,71.70%,N/A
Personal Finance (Legacy),Credit/Debt & Loans,United States,N/A,$11.49  ~ $13.35 ,N/A,N/A,N/A,70.59%,N/A
Personal Finance (Legacy),Real Estate,United States,N/A,$53.17  ~ $121.63 ,N/A,N/A,N/A,N/A,N/A
Personal Finance (Legacy),"Law, Gov't & Politics",United States,N/A,$30.16  ~ $60.63 ,N/A,N/A,N/A,100.00%,N/A
Personal Finance (Legacy),Clothing,Canada,N/A,$34.72  ~ $34.72 ,N/A,N/A,N/A,100.00%,N/A
Personal Finance (Legacy),Clothing,United States,N/A,$33.86  ~ $33.86 ,N/A,N/A,N/A,66.67%,N/A
Personal Finance (Legacy),Home Repair,United States,N/A,$35.46  ~ $36.34 ,N/A,N/A,N/A,64.15%,N/A
Personal Finance (Legacy),Cancer,United States,N/A,$39.85  ~ $39.85 ,N/A,N/A,N/A,N/A,N/A
Personal Finance (Legacy),Mutual Funds,United States,N/A,$45.98  ~ $46.89 ,N/A,N/A,N/A,69.34%,N/A
Personal Finance (Legacy),Business,United States,N/A,$47.45  ~ $48.30 ,$10.20 ,N/A,0.47%,74.11%,N/A
Personal Finance (Legacy),Education,United States,N/A,$40.39  ~ $50.78 ,N/A,N/A,N/A,66.67%,N/A
Personal Finance (Legacy),Arts & Entertainment,United States,N/A,$35.59  ~ $35.90 ,N/A,N/A,N/A,64.00%,N/A
Personal Finance (Legacy),College,United States,N/A,$58.60  ~ $59.57 ,N/A,N/A,N/A,78.85%,N/A
Personal Finance (Legacy),Senior Living,United States,N/A,$36.61  ~ $38.72 ,N/A,N/A,N/A,100.00%,N/A
Personal Finance (Legacy),Cigars,United States,N/A,$30.24  ~ $32.72 ,N/A,N/A,N/A,N/A,N/A
Personal Finance (Legacy),Business Software,United States,N/A,$21.78  ~ $21.78 ,$0.02 ,N/A,100.00%,N/A,N/A
Personal Finance (Legacy),Metals,United States,N/A,$36.41  ~ $42.23 ,N/A,N/A,N/A,90.91%,N/A
Personal Finance (Legacy),Buying/Selling Cars,United States,N/A,$39.10  ~ $39.97 ,N/A,N/A,N/A,71.76%,N/A
Personal Finance (Legacy),Graduate School,United States,N/A,$40.44  ~ $40.92 ,N/A,N/A,N/A,67.19%,N/A
Personal Finance (Legacy),Football,United States,N/A,$26.51  ~ $65.60 ,N/A,N/A,N/A,75.00%,N/A
Personal Finance (Legacy),Gardening,United States,N/A,$40.81  ~ $40.81 ,N/A,N/A,N/A,50.00%,N/A
Personal Finance (Legacy),Pro Basketball,United States,N/A,$20.64  ~ $20.64 ,N/A,N/A,N/A,63.64%,N/A
Personal Finance (Legacy),Cocktails/Beer,United States,N/A,$11.37  ~ $11.37 ,N/A,N/A,N/A,71.43%,N/A
Personal Finance (Legacy),Home & Garden,United States,N/A,$29.31  ~ $34.02 ,$8.15 ,N/A,0.36%,75.00%,N/A
Personal Finance (Legacy),Appliances,United States,N/A,$16.59  ~ $16.59 ,N/A,N/A,N/A,92.31%,N/A
Personal Finance (Legacy),Birdwatching,United States,N/A,$38.83  ~ $88.91 ,N/A,N/A,N/A,100.00%,N/A
Personal Finance (Legacy),Green Solutions,United States,N/A,$26.92  ~ $26.92 ,N/A,N/A,N/A,77.78%,N/A
Personal Finance (Legacy),K-6 Educators,United States,N/A,$25.87  ~ $25.87 ,N/A,N/A,N/A,69.23%,N/A
Personal Finance (Legacy),Politics,United States,N/A,$47.50  ~ $53.34 ,$32.06 ,N/A,0.17%,75.64%,N/A
Personal Finance (Legacy),Construction,United States,N/A,$41.35  ~ $41.35 ,N/A,N/A,N/A,88.24%,N/A
Personal Finance (Legacy),Remodeling & Construction,United States,N/A,$35.63  ~ $87.56 ,N/A,N/A,N/A,99.10%,N/A
Personal Finance (Legacy),Legal Issues,United States,N/A,$36.23  ~ $45.77 ,N/A,N/A,N/A,66.67%,N/A
Personal Finance (Legacy),Insurance,United States,N/A,$44.99  ~ $45.11 ,N/A,N/A,N/A,57.14%,N/A
Personal Finance (Legacy),Auto Repair,United States,N/A,$33.64  ~ $33.69 ,N/A,N/A,N/A,85.25%,N/A
Personal Finance (Legacy),Biotech/Biomedical,United States,N/A,$33.25  ~ $38.48 ,N/A,N/A,N/A,100.00%,N/A
Personal Finance (Legacy),Alternative Medicine,United States,N/A,$25.42  ~ $25.42 ,N/A,N/A,N/A,100.00%,N/A
Personal Finance (Legacy),Psychology/Psychiatry,United States,N/A,$25.13  ~ $36.47 ,N/A,N/A,N/A,73.49%,N/A
Personal Finance (Legacy),Family & Parenting,United States,N/A,$43.73  ~ $43.73 ,$0.61 ,N/A,7.14%,69.23%,N/A
Personal Finance (Legacy),Card Games,United States,N/A,$48.50  ~ $48.50 ,N/A,N/A,N/A,N/A,N/A
Personal Finance (Legacy),Automotive,United States,N/A,$34.30  ~ $34.54 ,N/A,N/A,N/A,100.00%,N/A
Personal Finance (Legacy),Human Resources,United States,N/A,$25.48  ~ $25.48 ,N/A,N/A,N/A,100.00%,N/A
Personal Finance (Legacy),Careers,United States,N/A,$23.64  ~ $23.64 ,N/A,N/A,N/A,60.61%,N/A
Personal Finance (Legacy),Fine Art,United States,N/A,$23.14  ~ $31.32 ,N/A,N/A,N/A,N/A,N/A
Personal Finance (Legacy),Cruises,United States,N/A,$23.53  ~ $23.53 ,N/A,N/A,N/A,89.74%,N/A
Personal Finance (Legacy),Job Search,United States,N/A,$35.96  ~ $35.96 ,$5.93 ,N/A,0.61%,66.67%,N/A
Personal Finance (Legacy),Music,United States,N/A,$16.58  ~ $17.34 ,N/A,N/A,N/A,100.00%,N/A
Personal Finance (Legacy),Cold & Flu,United States,N/A,$37.84  ~ $94.06 ,N/A,N/A,N/A,N/A,N/A
Personal Finance (Legacy),Catholicism,United States,N/A,$54.01  ~ $109.17 ,N/A,N/A,N/A,63.16%,N/A
Personal Finance (Legacy),Logistics,United States,N/A,$48.68  ~ $49.18 ,N/A,N/A,N/A,76.60%,N/A
Personal Finance (Legacy),Personal Finance,United States,N/A,$23.81  ~ $23.81 ,N/A,N/A,N/A,77.30%,N/A
Personal Finance (Legacy),Shopping,United States,N/A,$33.66  ~ $33.66 ,N/A,N/A,N/A,76.19%,N/A
Personal Finance (Legacy),Interior Decorating,United States,N/A,$34.10  ~ $38.76 ,$3.64 ,N/A,1.06%,72.53%,N/A
Personal Finance (Legacy),Exercise,United States,N/A,$0.00  ~ $0.00 ,N/A,N/A,N/A,N/A,N/A
Personal Finance (Legacy),Business Software,Canada,N/A,$0.00  ~ $0.00 ,N/A,N/A,N/A,N/A,N/A
Personal Finance (Legacy),Health/Lowfat Cooking,United States,N/A,$0.00  ~ $0.00 ,N/A,N/A,N/A,N/A,N/A
Personal Finance (Legacy),Arts & Crafts,United States,N/A,$0.00  ~ $0.00 ,N/A,N/A,N/A,N/A,N/A
Personal Finance (Legacy),Entertainment,United States,N/A,$0.00  ~ $0.00 ,N/A,N/A,N/A,N/A,N/A
Personal Finance (Legacy),Computer Networking,United States,N/A,$0.00  ~ $0.00 ,N/A,N/A,N/A,N/A,N/A
Personal Finance (Legacy),Business,Canada,N/A,$0.00  ~ $0.00 ,N/A,N/A,N/A,N/A,N/A
Personal Finance (Legacy),Accessories,United States,N/A,$0.00  ~ $0.00 ,N/A,N/A,N/A,N/A,N/A
Personal Finance (Legacy),Honeymoons/Getaways,United States,N/A,$0.00  ~ $0.00 ,N/A,N/A,N/A,N/A,N/A
Personal Finance (Legacy),Bed & Breakfasts,United States,N/A,$0.00  ~ $0.00 ,N/A,N/A,N/A,N/A,N/A
Personal Finance (Legacy),Metals,Canada,N/A,$0.00  ~ $0.00 ,N/A,N/A,N/A,N/A,N/A
Personal Finance (Legacy),Environmental Safety,United States,N/A,$0.00  ~ $0.00 ,N/A,N/A,N/A,N/A,N/A
Personal Finance (Legacy),Distance Learning,United States,N/A,$0.00  ~ $0.00 ,N/A,N/A,N/A,N/A,N/A
Personal Finance (Legacy),Advertising,Canada,N/A,$0.00  ~ $0.00 ,N/A,N/A,N/A,N/A,N/A
Personal Finance (Legacy),Investing,United States,N/A,$0.00  ~ $0.00 ,N/A,N/A,N/A,N/A,N/A
Personal Finance (Legacy),Career Planning,United States,N/A,$0.00  ~ $0.00 ,N/A,N/A,N/A,N/A,N/A
Personal Finance (Legacy),Investors & Patents,United States,N/A,$0.00  ~ $0.00 ,N/A,N/A,N/A,N/A,N/A
Personal Finance (Legacy),Technology & Computing,United States,N/A,$0.00  ~ $0.00 ,N/A,N/A,N/A,N/A,N/A
Personal Finance (Legacy),Coffee/Tea,United States,N/A,$0.00  ~ $0.00 ,N/A,N/A,N/A,N/A,N/A
Personal Finance (Legacy),Desserts & Baking,United States,N/A,$0.00  ~ $0.00 ,N/A,N/A,N/A,N/A,N/A
Personal Finance (Legacy),Agriculture,United States,N/A,$0.00  ~ $0.00 ,N/A,N/A,N/A,N/A,N/A
Personal Finance (Legacy),Credit/Debt & Loans,Canada,N/A,$0.00  ~ $0.00 ,N/A,N/A,N/A,N/A,N/A
Personal Finance (Legacy),News,Canada,N/A,$0.00  ~ $0.00 ,N/A,N/A,N/A,N/A,N/A
Personal Finance (Legacy),Retirement Planning,United States,N/A,$0.00  ~ $0.00 ,N/A,N/A,N/A,N/A,N/A
Personal Finance (Legacy),Food & Drink,United States,N/A,$0.00  ~ $0.00 ,N/A,N/A,N/A,N/A,N/A
Personal Finance (Legacy),Food & Drink,Canada,N/A,$0.00  ~ $0.00 ,N/A,N/A,N/A,N/A,N/A
Personal Finance (Legacy),Weight Loss,United States,N/A,$0.00  ~ $0.00 ,N/A,N/A,N/A,N/A,N/A
Personal Finance (Legacy),Human Resources,Canada,N/A,$0.00  ~ $0.00 ,N/A,N/A,N/A,N/A,N/A
Personal Finance (Legacy),Veterinary Medicine,United States,N/A,$0.00  ~ $0.00 ,N/A,N/A,N/A,N/A,N/A
Personal Finance (Legacy),Home Repair,Canada,N/A,$0.00  ~ $0.00 ,N/A,N/A,N/A,N/A,N/A
Personal Finance (Legacy),Logistics,Canada,N/A,$0.00  ~ $0.00 ,N/A,N/A,N/A,N/A,N/A
Personal Finance (Legacy),Card Games,Canada,N/A,$0.00  ~ $0.00 ,N/A,N/A,N/A,N/A,N/A
Personal Finance (Legacy),Adult Education,United States,N/A,$0.00  ~ $0.00 ,N/A,N/A,N/A,N/A,N/A
Personal Finance (Legacy),Automotive,Canada,N/A,$0.00  ~ $0.00 ,N/A,N/A,N/A,N/A,N/A
Personal Finance (Legacy),Education,Canada,N/A,$0.00  ~ $0.00 ,N/A,N/A,N/A,N/A,N/A
Personal Finance (Legacy),Dogs,United States,N/A,$0.00  ~ $0.00 ,N/A,N/A,N/A,N/A,N/A
Personal Finance (Legacy),Dogs,Canada,N/A,$0.00  ~ $0.00 ,N/A,N/A,N/A,N/A,N/A
Personal Finance (Legacy),Internet Technology,United States,N/A,$0.00  ~ $0.00 ,N/A,N/A,N/A,N/A,N/A
Personal Finance (Legacy),Internet Technology,Canada,N/A,$0.00  ~ $0.00 ,N/A,N/A,N/A,N/A,N/A
Personal Finance (Legacy),Weddings,United States,N/A,$0.00  ~ $0.00 ,N/A,N/A,N/A,N/A,N/A
Personal Finance (Legacy),Interior Decorating,Canada,N/A,$0.00  ~ $0.00 ,N/A,N/A,N/A,N/A,N/A
Personal Finance (Legacy),Pediatrics,United States,N/A,$0.00  ~ $0.00 ,N/A,N/A,N/A,N/A,N/A
Personal Finance (Legacy),Buying/Selling Cars,Canada,N/A,$0.00  ~ $0.00 ,N/A,N/A,N/A,N/A,N/A
Personal Finance (Legacy),Hobbies & Interests,United States,N/A,$0.00  ~ $0.00 ,N/A,N/A,N/A,N/A,N/A
Personal Finance (Legacy),Theme Parks,United States,N/A,$0.00  ~ $0.00 ,N/A,N/A,N/A,N/A,N/A
Personal Finance (Legacy),Incest/Abuse Support,United States,N/A,$0.00  ~ $0.00 ,N/A,N/A,N/A,N/A,N/A
Personal Finance (Legacy),Pets,United States,N/A,$0.00  ~ $0.00 ,N/A,N/A,N/A,N/A,N/A
Personal Finance (Legacy),Couponing,United States,N/A,$0.00  ~ $0.00 ,N/A,N/A,N/A,N/A,N/A
Personal Finance (Legacy),Computer Peripherals,United States,N/A,$0.00  ~ $0.00 ,N/A,N/A,N/A,N/A,N/A
Personal Finance (Legacy),Radio,United States,N/A,$0.00  ~ $0.00 ,N/A,N/A,N/A,N/A,N/A
Personal Finance (Legacy),Buying/Selling Homes,United States,N/A,$0.00  ~ $0.00 ,N/A,N/A,N/A,N/A,N/A
Personal Finance (Legacy),Martial Arts,United States,N/A,$0.00  ~ $0.00 ,N/A,N/A,N/A,N/A,N/A
Personal Finance (Legacy),Legal Issues,Canada,N/A,$0.00  ~ $0.00 ,N/A,N/A,N/A,N/A,N/A
Personal Finance (Legacy),Nutrition,Canada,N/A,$0.00  ~ $0.00 ,N/A,N/A,N/A,N/A,N/A
Personal Finance (Legacy),Auto Parts,United States,N/A,$0.00  ~ $0.00 ,N/A,N/A,N/A,N/A,N/A
Personal Finance (Legacy),Health & Fitness,Canada,N/A,$0.00  ~ $0.00 ,N/A,N/A,N/A,N/A,N/A
Personal Finance (Legacy),Video & Computer Games,United States,N/A,$0.00  ~ $0.00 ,N/A,N/A,N/A,N/A,N/A
Personal Finance (Legacy),Senor Health,United States,N/A,$0.00  ~ $0.00 ,N/A,N/A,N/A,N/A,N/A
Personal Finance (Legacy),Insurance,Canada,N/A,$0.00  ~ $0.00 ,N/A,N/A,N/A,N/A,N/A
Pets (Legacy),Education,United States,N/A,$17.29  ~ $46.70 ,N/A,N/A,N/A,100.00%,N/A
Pets (Legacy),Home Repair,United States,N/A,$36.90  ~ $39.91 ,N/A,N/A,N/A,92.31%,N/A
Pets (Legacy),Shopping,United States,N/A,$33.60  ~ $33.60 ,N/A,N/A,N/A,85.71%,N/A
Pets (Legacy),Green Solutions,United States,N/A,$25.07  ~ $25.07 ,N/A,N/A,N/A,66.67%,N/A
Pets (Legacy),Automotive,United States,N/A,$38.84  ~ $38.84 ,N/A,N/A,N/A,100.00%,N/A
Pets (Legacy),Logistics,United States,N/A,$40.77  ~ $40.77 ,N/A,N/A,N/A,93.46%,N/A
Pets (Legacy),Cruises,United States,N/A,$17.13  ~ $17.13 ,N/A,N/A,N/A,66.67%,N/A
Pets (Legacy),Politics,United States,N/A,$42.79  ~ $44.62 ,$6.40 ,N/A,0.70%,82.78%,N/A
Pets (Legacy),Legal Issues,United States,N/A,$42.84  ~ $43.92 ,N/A,N/A,N/A,57.14%,N/A
Pets (Legacy),College,United States,N/A,$49.97  ~ $57.60 ,N/A,N/A,N/A,74.07%,N/A
Pets (Legacy),Job Search,United States,N/A,$35.47  ~ $35.47 ,N/A,N/A,N/A,78.26%,N/A
Pets (Legacy),Travel,United States,N/A,$27.27  ~ $29.43 ,N/A,N/A,N/A,78.57%,N/A
Pets (Legacy),Psychology/Psychiatry,United States,N/A,$24.37  ~ $38.45 ,N/A,N/A,N/A,82.61%,N/A
Pets (Legacy),Health & Fitness,United States,N/A,$39.06  ~ $42.51 ,$1.29 ,N/A,3.03%,65.52%,N/A
Pets (Legacy),Hotels,United States,N/A,$34.80  ~ $34.80 ,N/A,N/A,N/A,N/A,N/A
Pets (Legacy),Arts & Entertainment,United States,N/A,$35.36  ~ $35.36 ,N/A,N/A,N/A,63.64%,N/A
Pets (Legacy),Family & Parenting,United States,N/A,$40.82  ~ $40.82 ,N/A,N/A,N/A,100.00%,N/A
Pets (Legacy),Clothing,United States,N/A,$39.48  ~ $39.48 ,N/A,N/A,N/A,100.00%,N/A
Pets (Legacy),Mutual Funds,United States,N/A,$44.81  ~ $45.00 ,N/A,N/A,N/A,88.24%,N/A
Pets (Legacy),Adult Education,United States,N/A,$11.03  ~ $11.03 ,N/A,N/A,N/A,100.00%,N/A
Pets (Legacy),Insurance,United States,N/A,$38.10  ~ $39.66 ,N/A,N/A,N/A,71.43%,N/A
Pets (Legacy),Music,United States,N/A,$16.46  ~ $18.37 ,N/A,N/A,N/A,100.00%,N/A
Pets (Legacy),Advertising,United States,N/A,$47.63  ~ $47.63 ,N/A,N/A,N/A,N/A,N/A
Pets (Legacy),Business,United States,N/A,$45.78  ~ $45.93 ,N/A,N/A,N/A,73.68%,N/A
Pets (Legacy),K-6 Educators,United States,N/A,$21.78  ~ $21.78 ,N/A,N/A,N/A,60.00%,N/A
Pets (Legacy),Buying/Selling Cars,United States,N/A,$39.89  ~ $40.19 ,N/A,N/A,N/A,94.48%,N/A
Pets (Legacy),Catholicism,United States,N/A,$48.23  ~ $97.97 ,N/A,N/A,N/A,100.00%,N/A
Pets (Legacy),Dining Out,United States,N/A,$44.17  ~ $44.17 ,N/A,N/A,N/A,100.00%,N/A
Pets (Legacy),Football,United States,N/A,$28.24  ~ $61.03 ,N/A,N/A,N/A,100.00%,N/A
Pets (Legacy),Senor Health,United States,N/A,$36.14  ~ $87.64 ,N/A,N/A,N/A,N/A,N/A
Pets (Legacy),Personal Finance,United States,N/A,$31.45  ~ $31.45 ,N/A,N/A,N/A,81.82%,N/A
Pets (Legacy),Careers,United States,N/A,$23.87  ~ $23.87 ,N/A,N/A,N/A,58.82%,N/A
Pets (Legacy),Pro Basketball,United States,N/A,$18.68  ~ $18.68 ,N/A,N/A,N/A,66.67%,N/A
Pets (Legacy),Interior Decorating,United States,N/A,$32.11  ~ $32.29 ,N/A,N/A,N/A,69.23%,N/A
Pets (Legacy),Remodeling & Construction,United States,N/A,$37.20  ~ $85.10 ,N/A,N/A,N/A,100.00%,N/A
Pets (Legacy),Senior Living,United States,N/A,$37.14  ~ $91.48 ,N/A,N/A,N/A,100.00%,N/A
Pets (Legacy),Credit/Debt & Loans,United States,N/A,$15.55  ~ $22.60 ,N/A,N/A,N/A,91.67%,N/A
Pets (Legacy),Air Travel,United States,N/A,$36.82  ~ $36.82 ,N/A,N/A,N/A,100.00%,N/A
Pets (Legacy),Home & Garden,United States,N/A,$33.30  ~ $54.57 ,N/A,N/A,N/A,75.45%,N/A
Pets (Legacy),Investors & Patents,United States,N/A,$16.51  ~ $16.51 ,N/A,N/A,N/A,100.00%,N/A
Pets (Legacy),Appliances,United States,N/A,$26.21  ~ $26.21 ,N/A,N/A,N/A,100.00%,N/A
Pets (Legacy),Graduate School,United States,N/A,$42.64  ~ $42.64 ,$0.55 ,N/A,7.69%,61.54%,N/A
Pets (Legacy),Metals,United States,N/A,$33.92  ~ $33.92 ,N/A,N/A,N/A,57.14%,N/A
Pets (Legacy),Construction,United States,N/A,$40.46  ~ $40.46 ,$4.05 ,N/A,1.00%,78.79%,N/A
Pets (Legacy),Cigars,United States,N/A,$0.00  ~ $0.00 ,N/A,N/A,N/A,N/A,N/A
Pets (Legacy),Buying/Selling Homes,United States,N/A,$0.00  ~ $0.00 ,N/A,N/A,N/A,N/A,N/A
Pets (Legacy),Business Software,United States,N/A,$0.00  ~ $0.00 ,N/A,N/A,N/A,N/A,N/A
Pets (Legacy),Metals,Canada,N/A,$0.00  ~ $0.00 ,N/A,N/A,N/A,N/A,N/A
Pets (Legacy),Video & Computer Games,United States,N/A,$0.00  ~ $0.00 ,N/A,N/A,N/A,N/A,N/A
Pets (Legacy),Hunting/Shooting,United States,N/A,$0.00  ~ $0.00 ,N/A,N/A,N/A,N/A,N/A
Pets (Legacy),Business,Canada,N/A,$0.00  ~ $0.00 ,N/A,N/A,N/A,N/A,N/A
Pets (Legacy),Human Resources,United States,N/A,$0.00  ~ $0.00 ,N/A,N/A,N/A,N/A,N/A
Pets (Legacy),Human Resources,Canada,N/A,$0.00  ~ $0.00 ,N/A,N/A,N/A,N/A,N/A
Pets (Legacy),Auto Parts,United States,N/A,$0.00  ~ $0.00 ,N/A,N/A,N/A,N/A,N/A
Pets (Legacy),Legal Issues,Canada,N/A,$0.00  ~ $0.00 ,N/A,N/A,N/A,N/A,N/A
Pets (Legacy),Computer Networking,United States,N/A,$0.00  ~ $0.00 ,N/A,N/A,N/A,N/A,N/A
Pets (Legacy),Contests & Freebies,United States,N/A,$0.00  ~ $0.00 ,N/A,N/A,N/A,N/A,N/A
Pets (Legacy),Couponing,United States,N/A,$0.00  ~ $0.00 ,N/A,N/A,N/A,N/A,N/A
Pets (Legacy),Cold & Flu,United States,N/A,$0.00  ~ $0.00 ,N/A,N/A,N/A,N/A,N/A
Pets (Legacy),Health/Lowfat Cooking,United States,N/A,$0.00  ~ $0.00 ,N/A,N/A,N/A,N/A,N/A
Pets (Legacy),Birdwatching,United States,N/A,$0.00  ~ $0.00 ,N/A,N/A,N/A,N/A,N/A
Pets (Legacy),Hobbies & Interests,United States,N/A,$0.00  ~ $0.00 ,N/A,N/A,N/A,N/A,N/A
Pets (Legacy),Green Solutions,Canada,N/A,$0.00  ~ $0.00 ,N/A,N/A,N/A,N/A,N/A
Pets (Legacy),Alternative Medicine,United States,N/A,$0.00  ~ $0.00 ,N/A,N/A,N/A,N/A,N/A
Pets (Legacy),Apartments,United States,N/A,$0.00  ~ $0.00 ,N/A,N/A,N/A,N/A,N/A
Pets (Legacy),Pets,United States,N/A,$0.00  ~ $0.00 ,N/A,N/A,N/A,N/A,N/A
Pets (Legacy),Cameras & Camcorders,United States,N/A,$0.00  ~ $0.00 ,N/A,N/A,N/A,N/A,N/A
Pets (Legacy),Dogs,Canada,N/A,$0.00  ~ $0.00 ,N/A,N/A,N/A,N/A,N/A
Pets (Legacy),Dogs,United States,N/A,$0.00  ~ $0.00 ,N/A,N/A,N/A,N/A,N/A
Pets (Legacy),Card Games,Canada,N/A,$0.00  ~ $0.00 ,N/A,N/A,N/A,N/A,N/A
Pets (Legacy),Card Games,United States,N/A,$0.00  ~ $0.00 ,N/A,N/A,N/A,N/A,N/A
Pets (Legacy),Biotech/Biomedical,United States,N/A,$0.00  ~ $0.00 ,N/A,N/A,N/A,N/A,N/A
Pets (Legacy),Cancer,United States,N/A,$0.00  ~ $0.00 ,N/A,N/A,N/A,N/A,N/A
Pets (Legacy),Retirement Planning,United States,N/A,$0.00  ~ $0.00 ,N/A,N/A,N/A,N/A,N/A
Pets (Legacy),Nutrition,Canada,N/A,$0.00  ~ $0.00 ,N/A,N/A,N/A,N/A,N/A
Pets (Legacy),Honeymoons/Getaways,United States,N/A,$0.00  ~ $0.00 ,N/A,N/A,N/A,N/A,N/A
Pets (Legacy),Radio,United States,N/A,$0.00  ~ $0.00 ,N/A,N/A,N/A,N/A,N/A
Pets (Legacy),Health & Fitness,Canada,N/A,$0.00  ~ $0.00 ,N/A,N/A,N/A,N/A,N/A
Pets (Legacy),Cocktails/Beer,United States,N/A,$0.00  ~ $0.00 ,N/A,N/A,N/A,N/A,N/A
Pets (Legacy),Food & Drink,United States,N/A,$0.00  ~ $0.00 ,N/A,N/A,N/A,N/A,N/A
Pets (Legacy),Food & Drink,Canada,N/A,$0.00  ~ $0.00 ,N/A,N/A,N/A,N/A,N/A
Pets (Legacy),"Law, Gov't & Politics",United States,N/A,$0.00  ~ $0.00 ,N/A,N/A,N/A,N/A,N/A
Pets (Legacy),Pediatrics,United States,N/A,$0.00  ~ $0.00 ,N/A,N/A,N/A,N/A,N/A
Pets (Legacy),Gardening,United States,N/A,$0.00  ~ $0.00 ,N/A,N/A,N/A,N/A,N/A
Pets (Legacy),Clothing,Canada,N/A,$0.00  ~ $0.00 ,N/A,N/A,N/A,N/A,N/A
Pets (Legacy),Coffee/Tea,United States,N/A,$0.00  ~ $0.00 ,N/A,N/A,N/A,N/A,N/A
Pets (Legacy),Environmental Safety,United States,N/A,$0.00  ~ $0.00 ,N/A,N/A,N/A,N/A,N/A
Pets (Legacy),Desserts & Baking,United States,N/A,$0.00  ~ $0.00 ,N/A,N/A,N/A,N/A,N/A
Pets (Legacy),Agriculture,United States,N/A,$0.00  ~ $0.00 ,N/A,N/A,N/A,N/A,N/A
Pets (Legacy),Insurance,Canada,N/A,$0.00  ~ $0.00 ,N/A,N/A,N/A,N/A,N/A
Pets (Legacy),Investing,United States,N/A,$0.00  ~ $0.00 ,N/A,N/A,N/A,N/A,N/A
Pets (Legacy),Home Repair,Canada,N/A,$0.00  ~ $0.00 ,N/A,N/A,N/A,N/A,N/A
Pets (Legacy),Exercise,United States,N/A,$0.00  ~ $0.00 ,N/A,N/A,N/A,N/A,N/A
Pets (Legacy),Veterinary Medicine,United States,N/A,$0.00  ~ $0.00 ,N/A,N/A,N/A,N/A,N/A
Pets (Legacy),Arts & Crafts,United States,N/A,$0.00  ~ $0.00 ,N/A,N/A,N/A,N/A,N/A
Pets (Legacy),News,United States,N/A,$0.00  ~ $0.00 ,N/A,N/A,N/A,N/A,N/A
Pets (Legacy),News,Canada,N/A,$0.00  ~ $0.00 ,N/A,N/A,N/A,N/A,N/A
Pets (Legacy),Incest/Abuse Support,United States,N/A,$0.00  ~ $0.00 ,N/A,N/A,N/A,N/A,N/A
Pets (Legacy),Computer Peripherals,United States,N/A,$0.00  ~ $0.00 ,N/A,N/A,N/A,N/A,N/A
Pets (Legacy),Weight Loss,United States,N/A,$0.00  ~ $0.00 ,N/A,N/A,N/A,N/A,N/A
Pets (Legacy),Theme Parks,United States,N/A,$0.00  ~ $0.00 ,N/A,N/A,N/A,N/A,N/A
Pets (Legacy),Logistics,Canada,N/A,$0.00  ~ $0.00 ,N/A,N/A,N/A,N/A,N/A
Pets (Legacy),Accessories,United States,N/A,$0.00  ~ $0.00 ,N/A,N/A,N/A,N/A,N/A
Pets (Legacy),Canada,Canada,N/A,$0.00  ~ $0.00 ,N/A,N/A,N/A,N/A,N/A
Pets (Legacy),Career Planning,United States,N/A,$0.00  ~ $0.00 ,N/A,N/A,N/A,N/A,N/A
Pets (Legacy),Technology & Computing,United States,N/A,$0.00  ~ $0.00 ,N/A,N/A,N/A,N/A,N/A
Pets (Legacy),Bed & Breakfasts,United States,N/A,$0.00  ~ $0.00 ,N/A,N/A,N/A,N/A,N/A
Pets (Legacy),Real Estate,United States,N/A,$0.00  ~ $0.00 ,N/A,N/A,N/A,N/A,N/A
Real Estate (Legacy),Home & Garden,United States,N/A,$27.20  ~ $36.41 ,$26.29 ,N/A,0.10%,58.44%,N/A
Real Estate (Legacy),Remodeling & Construction,United States,N/A,$35.73  ~ $76.48 ,N/A,N/A,N/A,98.90%,N/A
Real Estate (Legacy),Mutual Funds,United States,N/A,$44.79  ~ $44.79 ,N/A,N/A,N/A,67.52%,N/A
Real Estate (Legacy),Politics,United States,N/A,$50.17  ~ $58.99 ,$4.98 ,N/A,1.18%,74.16%,N/A
Real Estate (Legacy),Apartments,United States,N/A,$26.36  ~ $26.36 ,N/A,N/A,N/A,66.67%,N/A
Real Estate (Legacy),Biotech/Biomedical,United States,N/A,$38.11  ~ $38.48 ,N/A,N/A,N/A,100.00%,N/A
Real Estate (Legacy),Business Software,United States,N/A,$21.78  ~ $27.82 ,N/A,N/A,N/A,50.00%,N/A
Real Estate (Legacy),Green Solutions,United States,N/A,$25.74  ~ $26.78 ,N/A,N/A,N/A,76.19%,N/A
Real Estate (Legacy),Appliances,United States,N/A,$14.94  ~ $14.94 ,N/A,N/A,N/A,75.00%,N/A
Real Estate (Legacy),Personal Finance,United States,N/A,$29.86  ~ $29.86 ,N/A,N/A,N/A,65.22%,N/A
Real Estate (Legacy),Graduate School,United States,N/A,$34.71  ~ $34.73 ,N/A,N/A,N/A,73.75%,N/A
Real Estate (Legacy),College,United States,N/A,$57.17  ~ $60.84 ,N/A,N/A,N/A,67.83%,N/A
Real Estate (Legacy),Education,United States,N/A,$46.29  ~ $46.29 ,N/A,N/A,N/A,100.00%,N/A
Real Estate (Legacy),Job Search,United States,N/A,$37.52  ~ $37.52 ,N/A,N/A,N/A,65.93%,N/A
Real Estate (Legacy),Psychology/Psychiatry,United States,N/A,$29.62  ~ $37.10 ,N/A,N/A,N/A,71.03%,N/A
Real Estate (Legacy),Careers,United States,N/A,$20.37  ~ $20.37 ,N/A,N/A,N/A,61.11%,N/A
Real Estate (Legacy),Health & Fitness,United States,N/A,$59.92  ~ $62.35 ,N/A,N/A,N/A,71.95%,N/A
Real Estate (Legacy),Dining Out,United States,N/A,$33.87  ~ $33.87 ,N/A,N/A,N/A,100.00%,N/A
Real Estate (Legacy),Senor Health,United States,N/A,$36.14  ~ $80.84 ,N/A,N/A,N/A,N/A,N/A
Real Estate (Legacy),Legal Issues,United States,N/A,$41.46  ~ $42.51 ,N/A,N/A,N/A,55.56%,N/A
Real Estate (Legacy),Clothing,United States,N/A,$32.64  ~ $32.64 ,N/A,N/A,N/A,100.00%,N/A
Real Estate (Legacy),Clothing,Canada,N/A,$36.14  ~ $36.14 ,N/A,N/A,N/A,37.50%,N/A
Real Estate (Legacy),Cruises,United States,N/A,$27.11  ~ $27.11 ,N/A,N/A,N/A,90.63%,N/A
Real Estate (Legacy),Alternative Medicine,United States,N/A,$40.15  ~ $40.15 ,N/A,N/A,N/A,100.00%,N/A
Real Estate (Legacy),Arts & Entertainment,United States,N/A,$33.81  ~ $34.03 ,N/A,N/A,N/A,66.06%,N/A
Real Estate (Legacy),Arts & Entertainment,Canada,N/A,$47.63  ~ $47.63 ,N/A,N/A,N/A,100.00%,N/A
Real Estate (Legacy),Fine Art,United States,N/A,$23.08  ~ $31.18 ,N/A,N/A,N/A,66.67%,N/A
Real Estate (Legacy),Credit/Debt & Loans,United States,N/A,$14.19  ~ $21.79 ,N/A,N/A,N/A,67.50%,N/A
Real Estate (Legacy),Buying/Selling Cars,United States,N/A,$38.92  ~ $39.93 ,$6.38 ,N/A,0.61%,78.34%,N/A
Real Estate (Legacy),Hotels,United States,N/A,$29.36  ~ $29.36 ,N/A,N/A,N/A,N/A,N/A
Real Estate (Legacy),Food & Drink,United States,N/A,$22.19  ~ $22.19 ,N/A,N/A,N/A,N/A,N/A
Real Estate (Legacy),Family & Parenting,United States,N/A,$42.54  ~ $42.54 ,N/A,N/A,N/A,82.35%,N/A
Real Estate (Legacy),Auto Repair,United States,N/A,$33.43  ~ $35.85 ,N/A,N/A,N/A,84.21%,N/A
Real Estate (Legacy),Human Resources,United States,N/A,$12.98  ~ $12.98 ,N/A,N/A,N/A,81.82%,N/A
Real Estate (Legacy),Incest/Abuse Support,United States,N/A,$40.51  ~ $96.21 ,N/A,N/A,N/A,N/A,N/A
Real Estate (Legacy),Logistics,United States,N/A,$45.74  ~ $45.76 ,N/A,N/A,N/A,63.53%,N/A
Real Estate (Legacy),Off-Road Vehicles,United States,N/A,$22.97  ~ $22.97 ,N/A,N/A,N/A,57.14%,N/A
Real Estate (Legacy),K-6 Educators,United States,N/A,$29.76  ~ $29.76 ,N/A,N/A,N/A,41.67%,N/A
Real Estate (Legacy),Business,United States,N/A,$44.51  ~ $44.68 ,$7.88 ,N/A,0.56%,64.37%,N/A
Real Estate (Legacy),Gardening,United States,N/A,$40.82  ~ $40.82 ,N/A,N/A,N/A,50.00%,N/A
Real Estate (Legacy),Shopping,United States,N/A,$32.48  ~ $32.48 ,N/A,N/A,N/A,83.33%,N/A
Real Estate (Legacy),Home Repair,United States,N/A,$35.45  ~ $35.85 ,N/A,N/A,N/A,94.66%,N/A
Real Estate (Legacy),Automotive,United States,N/A,$36.82  ~ $37.41 ,N/A,N/A,N/A,100.00%,N/A
Real Estate (Legacy),Cigars,United States,N/A,$40.15  ~ $40.15 ,N/A,N/A,N/A,100.00%,N/A
Real Estate (Legacy),Weddings,United States,N/A,$44.17  ~ $102.90 ,N/A,N/A,N/A,N/A,N/A
Real Estate (Legacy),Music,United States,N/A,$18.63  ~ $19.18 ,$0.09 ,N/A,20.00%,50.00%,N/A
Real Estate (Legacy),Senior Living,United States,N/A,$36.61  ~ $38.72 ,N/A,N/A,N/A,N/A,N/A
Real Estate (Legacy),Contests & Freebies,United States,N/A,$102.06  ~ $102.06 ,N/A,N/A,N/A,N/A,N/A
Real Estate (Legacy),Catholicism,United States,N/A,$50.41  ~ $119.21 ,N/A,N/A,N/A,100.00%,N/A
Real Estate (Legacy),Pro Basketball,United States,N/A,$20.00  ~ $20.00 ,N/A,N/A,N/A,68.75%,N/A
Real Estate (Legacy),Travel,United States,N/A,$30.13  ~ $30.18 ,N/A,N/A,N/A,72.22%,N/A
Real Estate (Legacy),Interior Decorating,United States,N/A,$33.05  ~ $33.47 ,$19.60 ,N/A,0.17%,57.77%,N/A
Real Estate (Legacy),Construction,United States,N/A,$40.83  ~ $40.83 ,$3.10 ,N/A,1.32%,68.33%,N/A
Real Estate (Legacy),Insurance,United States,N/A,$45.56  ~ $45.67 ,N/A,N/A,N/A,75.28%,N/A
Real Estate (Legacy),Football,United States,N/A,$27.69  ~ $58.98 ,N/A,N/A,N/A,66.67%,N/A
Real Estate (Legacy),Cold & Flu,United States,N/A,$38.61  ~ $89.36 ,N/A,N/A,N/A,100.00%,N/A
Real Estate (Legacy),Video & Computer Games,United States,N/A,$46.09  ~ $46.09 ,N/A,N/A,N/A,20.00%,N/A
Real Estate (Legacy),Metals,United States,N/A,$31.46  ~ $32.12 ,N/A,N/A,N/A,92.31%,N/A
Real Estate (Legacy),Legal Issues,Canada,N/A,$0.00  ~ $0.00 ,N/A,N/A,N/A,N/A,N/A
Real Estate (Legacy),Metals,Canada,N/A,$0.00  ~ $0.00 ,N/A,N/A,N/A,N/A,N/A
Real Estate (Legacy),Honeymoons/Getaways,United States,N/A,$0.00  ~ $0.00 ,N/A,N/A,N/A,N/A,N/A
Real Estate (Legacy),Dogs,United States,N/A,$0.00  ~ $0.00 ,N/A,N/A,N/A,N/A,N/A
Real Estate (Legacy),Dogs,Canada,N/A,$0.00  ~ $0.00 ,N/A,N/A,N/A,N/A,N/A
Real Estate (Legacy),Internet Technology,United States,N/A,$0.00  ~ $0.00 ,N/A,N/A,N/A,N/A,N/A
Real Estate (Legacy),Internet Technology,Canada,N/A,$0.00  ~ $0.00 ,N/A,N/A,N/A,N/A,N/A
Real Estate (Legacy),Insurance,Canada,N/A,$0.00  ~ $0.00 ,N/A,N/A,N/A,N/A,N/A
Real Estate (Legacy),Cancer,United States,N/A,$0.00  ~ $0.00 ,N/A,N/A,N/A,N/A,N/A
Real Estate (Legacy),Dental Care,United States,N/A,$0.00  ~ $0.00 ,N/A,N/A,N/A,N/A,N/A
Real Estate (Legacy),Buying/Selling Cars,Canada,N/A,$0.00  ~ $0.00 ,N/A,N/A,N/A,N/A,N/A
Real Estate (Legacy),Retirement Planning,United States,N/A,$0.00  ~ $0.00 ,N/A,N/A,N/A,N/A,N/A
Real Estate (Legacy),Health & Fitness,Canada,N/A,$0.00  ~ $0.00 ,N/A,N/A,N/A,N/A,N/A
Real Estate (Legacy),Real Estate,United States,N/A,$0.00  ~ $0.00 ,N/A,N/A,N/A,N/A,N/A
Real Estate (Legacy),Investors & Patents,United States,N/A,$0.00  ~ $0.00 ,N/A,N/A,N/A,N/A,N/A
Real Estate (Legacy),Cocktails/Beer,United States,N/A,$0.00  ~ $0.00 ,N/A,N/A,N/A,N/A,N/A
Real Estate (Legacy),Business,Canada,N/A,$0.00  ~ $0.00 ,N/A,N/A,N/A,N/A,N/A
Real Estate (Legacy),Human Resources,Canada,N/A,$0.00  ~ $0.00 ,N/A,N/A,N/A,N/A,N/A
Real Estate (Legacy),Arts & Crafts,United States,N/A,$0.00  ~ $0.00 ,N/A,N/A,N/A,N/A,N/A
Real Estate (Legacy),Investing,United States,N/A,$0.00  ~ $0.00 ,N/A,N/A,N/A,N/A,N/A
Real Estate (Legacy),Technology & Computing,United States,N/A,$0.00  ~ $0.00 ,N/A,N/A,N/A,N/A,N/A
Real Estate (Legacy),Marketing,United States,N/A,$0.00  ~ $0.00 ,N/A,N/A,N/A,N/A,N/A
Real Estate (Legacy),Buying/Selling Homes,United States,N/A,$0.00  ~ $0.00 ,N/A,N/A,N/A,N/A,N/A
Real Estate (Legacy),Buying/Selling Homes,Canada,N/A,$0.00  ~ $0.00 ,N/A,N/A,N/A,N/A,N/A
Real Estate (Legacy),Birdwatching,United States,N/A,$0.00  ~ $0.00 ,N/A,N/A,N/A,N/A,N/A
Real Estate (Legacy),Food & Drink,Canada,N/A,$0.00  ~ $0.00 ,N/A,N/A,N/A,N/A,N/A
Real Estate (Legacy),Environmental Safety,United States,N/A,$0.00  ~ $0.00 ,N/A,N/A,N/A,N/A,N/A
Real Estate (Legacy),Government,United States,N/A,$0.00  ~ $0.00 ,N/A,N/A,N/A,N/A,N/A
Real Estate (Legacy),Exercise,United States,N/A,$0.00  ~ $0.00 ,N/A,N/A,N/A,N/A,N/A
Real Estate (Legacy),Veterinary Medicine,United States,N/A,$0.00  ~ $0.00 ,N/A,N/A,N/A,N/A,N/A
Real Estate (Legacy),Desserts & Baking,United States,N/A,$0.00  ~ $0.00 ,N/A,N/A,N/A,N/A,N/A
Real Estate (Legacy),Weight Loss,United States,N/A,$0.00  ~ $0.00 ,N/A,N/A,N/A,N/A,N/A
Real Estate (Legacy),Computer Networking,United States,N/A,$0.00  ~ $0.00 ,N/A,N/A,N/A,N/A,N/A
Real Estate (Legacy),Couponing,United States,N/A,$0.00  ~ $0.00 ,N/A,N/A,N/A,N/A,N/A
Real Estate (Legacy),Fashion,United States,N/A,$0.00  ~ $0.00 ,N/A,N/A,N/A,N/A,N/A
Real Estate (Legacy),By US Locale,United States,N/A,$0.00  ~ $0.00 ,N/A,N/A,N/A,N/A,N/A
Real Estate (Legacy),Health/Lowfat Cooking,United States,N/A,$0.00  ~ $0.00 ,N/A,N/A,N/A,N/A,N/A
Real Estate (Legacy),Landscaping,United States,N/A,$0.00  ~ $0.00 ,N/A,N/A,N/A,N/A,N/A
Real Estate (Legacy),Off-Road Vehicles,Canada,N/A,$0.00  ~ $0.00 ,N/A,N/A,N/A,N/A,N/A
Real Estate (Legacy),Business Software,Canada,N/A,$0.00  ~ $0.00 ,N/A,N/A,N/A,N/A,N/A
Real Estate (Legacy),Accessories,United States,N/A,$0.00  ~ $0.00 ,N/A,N/A,N/A,N/A,N/A
Real Estate (Legacy),Pediatrics,United States,N/A,$0.00  ~ $0.00 ,N/A,N/A,N/A,N/A,N/A
Real Estate (Legacy),Bed & Breakfasts,United States,N/A,$0.00  ~ $0.00 ,N/A,N/A,N/A,N/A,N/A
Real Estate (Legacy),Card Games,Canada,N/A,$0.00  ~ $0.00 ,N/A,N/A,N/A,N/A,N/A
Real Estate (Legacy),Card Games,United States,N/A,$0.00  ~ $0.00 ,N/A,N/A,N/A,N/A,N/A
Real Estate (Legacy),Dining Out,Canada,N/A,$0.00  ~ $0.00 ,N/A,N/A,N/A,N/A,N/A
Real Estate (Legacy),Home Repair,Canada,N/A,$0.00  ~ $0.00 ,N/A,N/A,N/A,N/A,N/A
Real Estate (Legacy),Advertising,United States,N/A,$0.00  ~ $0.00 ,N/A,N/A,N/A,N/A,N/A
Real Estate (Legacy),Advertising,Canada,N/A,$0.00  ~ $0.00 ,N/A,N/A,N/A,N/A,N/A
Real Estate (Legacy),Theme Parks,United States,N/A,$0.00  ~ $0.00 ,N/A,N/A,N/A,N/A,N/A
Real Estate (Legacy),Entertainment,United States,N/A,$0.00  ~ $0.00 ,N/A,N/A,N/A,N/A,N/A
Real Estate (Legacy),Computer Peripherals,United States,N/A,$0.00  ~ $0.00 ,N/A,N/A,N/A,N/A,N/A
Real Estate (Legacy),Automotive,Canada,N/A,$0.00  ~ $0.00 ,N/A,N/A,N/A,N/A,N/A
Real Estate (Legacy),Career Planning,United States,N/A,$0.00  ~ $0.00 ,N/A,N/A,N/A,N/A,N/A
Real Estate (Legacy),Adult Education,United States,N/A,$0.00  ~ $0.00 ,N/A,N/A,N/A,N/A,N/A
Real Estate (Legacy),Agriculture,United States,N/A,$0.00  ~ $0.00 ,N/A,N/A,N/A,N/A,N/A
Real Estate (Legacy),Coffee/Tea,United States,N/A,$0.00  ~ $0.00 ,N/A,N/A,N/A,N/A,N/A
Real Estate (Legacy),Hobbies & Interests,United States,N/A,$0.00  ~ $0.00 ,N/A,N/A,N/A,N/A,N/A
Real Estate (Legacy),Cameras & Camcorders,United States,N/A,$0.00  ~ $0.00 ,N/A,N/A,N/A,N/A,N/A
Real Estate (Legacy),Pets,United States,N/A,$0.00  ~ $0.00 ,N/A,N/A,N/A,N/A,N/A
Real Estate (Legacy),Interior Decorating,Canada,N/A,$0.00  ~ $0.00 ,N/A,N/A,N/A,N/A,N/A
Real Estate (Legacy),Nutrition,Canada,N/A,$0.00  ~ $0.00 ,N/A,N/A,N/A,N/A,N/A
Real Estate (Legacy),Hunting/Shooting,United States,N/A,$0.00  ~ $0.00 ,N/A,N/A,N/A,N/A,N/A
Real Estate (Legacy),Credit/Debt & Loans,Canada,N/A,$0.00  ~ $0.00 ,N/A,N/A,N/A,N/A,N/A
Real Estate (Legacy),Logistics,Canada,N/A,$0.00  ~ $0.00 ,N/A,N/A,N/A,N/A,N/A
Real Estate (Legacy),Auto Parts,United States,N/A,$0.00  ~ $0.00 ,N/A,N/A,N/A,N/A,N/A
Real Estate (Legacy),Gardening,Canada,N/A,$0.00  ~ $0.00 ,N/A,N/A,N/A,N/A,N/A
Real Estate (Legacy),News,United States,N/A,$0.00  ~ $0.00 ,N/A,N/A,N/A,N/A,N/A
Real Estate (Legacy),News,Canada,N/A,$0.00  ~ $0.00 ,N/A,N/A,N/A,N/A,N/A
Real Estate (Legacy),"Law, Gov't & Politics",United States,N/A,$0.00  ~ $0.00 ,N/A,N/A,N/A,N/A,N/A
Real Estate (Legacy),Radio,United States,N/A,$0.00  ~ $0.00 ,N/A,N/A,N/A,N/A,N/A
Religion & Spirituality (Legacy),Mutual Funds,United States,N/A,$46.19  ~ $47.66 ,N/A,N/A,N/A,75.00%,N/A
Religion & Spirituality (Legacy),Appliances,United States,N/A,$18.76  ~ $18.76 ,N/A,N/A,N/A,100.00%,N/A
Religion & Spirituality (Legacy),Biotech/Biomedical,United States,N/A,$45.72  ~ $105.70 ,N/A,N/A,N/A,100.00%,N/A
Religion & Spirituality (Legacy),Personal Finance,United States,N/A,$28.26  ~ $28.26 ,$1.07 ,N/A,2.63%,71.05%,N/A
Religion & Spirituality (Legacy),Interior Decorating,United States,N/A,$32.87  ~ $34.41 ,N/A,N/A,N/A,82.05%,N/A
Religion & Spirituality (Legacy),Education,United States,N/A,$33.63  ~ $60.49 ,N/A,N/A,N/A,69.23%,N/A
Religion & Spirituality (Legacy),Business Software,United States,N/A,$24.80  ~ $24.80 ,N/A,N/A,N/A,100.00%,N/A
Religion & Spirituality (Legacy),Hotels,United States,N/A,$34.80  ~ $34.80 ,N/A,N/A,N/A,100.00%,N/A
Religion & Spirituality (Legacy),Cocktails/Beer,United States,N/A,$9.54  ~ $9.54 ,N/A,N/A,N/A,N/A,N/A
Religion & Spirituality (Legacy),Alternative Medicine,United States,N/A,$24.36  ~ $24.36 ,N/A,N/A,N/A,100.00%,N/A
Religion & Spirituality (Legacy),K-6 Educators,United States,N/A,$33.32  ~ $33.32 ,$0.93 ,N/A,3.57%,92.86%,N/A
Religion & Spirituality (Legacy),Home & Garden,United States,N/A,$31.05  ~ $33.70 ,N/A,N/A,N/A,70.64%,N/A
Religion & Spirituality (Legacy),Cruises,United States,N/A,$26.44  ~ $26.44 ,N/A,N/A,N/A,100.00%,N/A
Religion & Spirituality (Legacy),Remodeling & Construction,United States,N/A,$36.87  ~ $87.64 ,N/A,N/A,N/A,64.29%,N/A
Religion & Spirituality (Legacy),Health & Fitness,United States,N/A,$53.14  ~ $55.38 ,$6.75 ,N/A,0.79%,90.32%,N/A
Religion & Spirituality (Legacy),Credit/Debt & Loans,United States,N/A,$13.77  ~ $25.68 ,N/A,N/A,N/A,87.50%,N/A
Religion & Spirituality (Legacy),Pro Basketball,United States,N/A,$20.14  ~ $20.14 ,N/A,N/A,N/A,100.00%,N/A
Religion & Spirituality (Legacy),Travel,United States,N/A,$31.81  ~ $31.81 ,N/A,N/A,N/A,79.17%,N/A
Religion & Spirituality (Legacy),Music,United States,N/A,$16.49  ~ $33.97 ,N/A,N/A,N/A,33.33%,N/A
Religion & Spirituality (Legacy),Legal Issues,United States,N/A,$46.04  ~ $46.04 ,N/A,N/A,N/A,77.78%,N/A
Religion & Spirituality (Legacy),Automotive,United States,N/A,$35.31  ~ $35.51 ,N/A,N/A,N/A,87.50%,N/A
Religion & Spirituality (Legacy),Logistics,United States,N/A,$57.41  ~ $57.41 ,N/A,N/A,N/A,80.00%,N/A
Religion & Spirituality (Legacy),Careers,United States,N/A,$27.15  ~ $27.15 ,N/A,N/A,N/A,66.67%,N/A
Religion & Spirituality (Legacy),Cigars,United States,N/A,$35.20  ~ $78.60 ,N/A,N/A,N/A,100.00%,N/A
Religion & Spirituality (Legacy),Arts & Entertainment,United States,N/A,$33.50  ~ $33.52 ,N/A,N/A,N/A,71.43%,N/A
Religion & Spirituality (Legacy),Home Repair,United States,N/A,$34.46  ~ $35.69 ,$0.69 ,N/A,5.17%,80.70%,N/A
Religion & Spirituality (Legacy),Business,United States,N/A,$39.40  ~ $40.00 ,$2.15 ,N/A,1.83%,56.88%,N/A
Religion & Spirituality (Legacy),Psychology/Psychiatry,United States,N/A,$25.12  ~ $31.21 ,N/A,N/A,N/A,69.23%,N/A
Religion & Spirituality (Legacy),Graduate School,United States,N/A,$43.55  ~ $44.95 ,N/A,N/A,N/A,85.71%,N/A
Religion & Spirituality (Legacy),Clothing,United States,N/A,$34.23  ~ $34.23 ,N/A,N/A,N/A,85.71%,N/A
Religion & Spirituality (Legacy),Insurance,United States,N/A,$46.13  ~ $58.98 ,N/A,N/A,N/A,50.00%,N/A
Religion & Spirituality (Legacy),College,United States,N/A,$34.64  ~ $43.08 ,$0.52 ,N/A,6.67%,78.57%,N/A
Religion & Spirituality (Legacy),Human Resources,United States,N/A,$36.05  ~ $36.05 ,N/A,N/A,N/A,100.00%,N/A
Religion & Spirituality (Legacy),Exercise,United States,N/A,$48.34  ~ $48.34 ,N/A,N/A,N/A,N/A,N/A
Religion & Spirituality (Legacy),Construction,United States,N/A,$37.72  ~ $37.72 ,N/A,N/A,N/A,50.00%,N/A
Religion & Spirituality (Legacy),Honeymoons/Getaways,United States,N/A,$38.72  ~ $91.91 ,N/A,N/A,N/A,N/A,N/A
Religion & Spirituality (Legacy),Politics,United States,N/A,$50.50  ~ $53.33 ,$8.91 ,N/A,0.60%,70.78%,N/A
Religion & Spirituality (Legacy),Shopping,United States,N/A,$34.92  ~ $34.92 ,N/A,N/A,N/A,42.86%,N/A
Religion & Spirituality (Legacy),Catholicism,United States,N/A,$48.34  ~ $111.13 ,$0.29 ,N/A,16.67%,50.00%,N/A
Religion & Spirituality (Legacy),Job Search,United States,N/A,$37.15  ~ $37.15 ,N/A,N/A,N/A,66.67%,N/A
Religion & Spirituality (Legacy),Family & Parenting,United States,N/A,$41.97  ~ $41.97 ,N/A,N/A,N/A,83.33%,N/A
Religion & Spirituality (Legacy),Football,United States,N/A,$16.43  ~ $36.42 ,N/A,N/A,N/A,N/A,N/A
Religion & Spirituality (Legacy),Gardening,United States,N/A,$40.82  ~ $40.82 ,N/A,N/A,N/A,50.00%,N/A
Religion & Spirituality (Legacy),Metals,United States,N/A,$36.65  ~ $36.65 ,N/A,N/A,N/A,80.00%,N/A
Religion & Spirituality (Legacy),Green Solutions,United States,N/A,$37.82  ~ $37.82 ,N/A,N/A,N/A,78.57%,N/A
Religion & Spirituality (Legacy),Buying/Selling Cars,United States,N/A,$41.01  ~ $41.01 ,N/A,N/A,N/A,71.43%,N/A
Religion & Spirituality (Legacy),Computer Networking,United States,N/A,$0.00  ~ $0.00 ,N/A,N/A,N/A,N/A,N/A
Religion & Spirituality (Legacy),Investors & Patents,United States,N/A,$0.00  ~ $0.00 ,N/A,N/A,N/A,N/A,N/A
Religion & Spirituality (Legacy),Cancer,United States,N/A,$0.00  ~ $0.00 ,N/A,N/A,N/A,N/A,N/A
Religion & Spirituality (Legacy),Incest/Abuse Support,United States,N/A,$0.00  ~ $0.00 ,N/A,N/A,N/A,N/A,N/A
Religion & Spirituality (Legacy),Buying/Selling Homes,United States,N/A,$0.00  ~ $0.00 ,N/A,N/A,N/A,N/A,N/A
Religion & Spirituality (Legacy),Coffee/Tea,United States,N/A,$0.00  ~ $0.00 ,N/A,N/A,N/A,N/A,N/A
Religion & Spirituality (Legacy),Interior Decorating,Canada,N/A,$0.00  ~ $0.00 ,N/A,N/A,N/A,N/A,N/A
Religion & Spirituality (Legacy),Career Planning,United States,N/A,$0.00  ~ $0.00 ,N/A,N/A,N/A,N/A,N/A
Religion & Spirituality (Legacy),Veterinary Medicine,United States,N/A,$0.00  ~ $0.00 ,N/A,N/A,N/A,N/A,N/A
Religion & Spirituality (Legacy),Clothing,Canada,N/A,$0.00  ~ $0.00 ,N/A,N/A,N/A,N/A,N/A
Religion & Spirituality (Legacy),Dining Out,United States,N/A,$0.00  ~ $0.00 ,N/A,N/A,N/A,N/A,N/A
Religion & Spirituality (Legacy),News,United States,N/A,$0.00  ~ $0.00 ,N/A,N/A,N/A,N/A,N/A
Religion & Spirituality (Legacy),Theme Parks,United States,N/A,$0.00  ~ $0.00 ,N/A,N/A,N/A,N/A,N/A
Religion & Spirituality (Legacy),Legal Issues,Canada,N/A,$0.00  ~ $0.00 ,N/A,N/A,N/A,N/A,N/A
Religion & Spirituality (Legacy),Auto Parts,United States,N/A,$0.00  ~ $0.00 ,N/A,N/A,N/A,N/A,N/A
Religion & Spirituality (Legacy),Contests & Freebies,United States,N/A,$0.00  ~ $0.00 ,N/A,N/A,N/A,N/A,N/A
Religion & Spirituality (Legacy),Dogs,United States,N/A,$0.00  ~ $0.00 ,N/A,N/A,N/A,N/A,N/A
Religion & Spirituality (Legacy),Landscaping,United States,N/A,$0.00  ~ $0.00 ,N/A,N/A,N/A,N/A,N/A
Religion & Spirituality (Legacy),Card Games,United States,N/A,$0.00  ~ $0.00 ,N/A,N/A,N/A,N/A,N/A
Religion & Spirituality (Legacy),Couponing,United States,N/A,$0.00  ~ $0.00 ,N/A,N/A,N/A,N/A,N/A
Religion & Spirituality (Legacy),Senior Living,United States,N/A,$0.00  ~ $0.00 ,N/A,N/A,N/A,N/A,N/A
Religion & Spirituality (Legacy),Logistics,Canada,N/A,$0.00  ~ $0.00 ,N/A,N/A,N/A,N/A,N/A
Religion & Spirituality (Legacy),Weight Loss,United States,N/A,$0.00  ~ $0.00 ,N/A,N/A,N/A,N/A,N/A
Religion & Spirituality (Legacy),Environmental Safety,United States,N/A,$0.00  ~ $0.00 ,N/A,N/A,N/A,N/A,N/A
Religion & Spirituality (Legacy),Air Travel,United States,N/A,$0.00  ~ $0.00 ,N/A,N/A,N/A,N/A,N/A
Religion & Spirituality (Legacy),Pediatrics,United States,N/A,$0.00  ~ $0.00 ,N/A,N/A,N/A,N/A,N/A
Religion & Spirituality (Legacy),Distance Learning,United States,N/A,$0.00  ~ $0.00 ,N/A,N/A,N/A,N/A,N/A
Religion & Spirituality (Legacy),Internet Technology,United States,N/A,$0.00  ~ $0.00 ,N/A,N/A,N/A,N/A,N/A
Religion & Spirituality (Legacy),Advertising,United States,N/A,$0.00  ~ $0.00 ,N/A,N/A,N/A,N/A,N/A
Religion & Spirituality (Legacy),Cold & Flu,United States,N/A,$0.00  ~ $0.00 ,N/A,N/A,N/A,N/A,N/A
Religion & Spirituality (Legacy),Birdwatching,United States,N/A,$0.00  ~ $0.00 ,N/A,N/A,N/A,N/A,N/A
Religion & Spirituality (Legacy),Senor Health,United States,N/A,$0.00  ~ $0.00 ,N/A,N/A,N/A,N/A,N/A
Religion & Spirituality (Legacy),Pets,United States,N/A,$0.00  ~ $0.00 ,N/A,N/A,N/A,N/A,N/A
Religion & Spirituality (Legacy),Radio,United States,N/A,$0.00  ~ $0.00 ,N/A,N/A,N/A,N/A,N/A
Religion & Spirituality (Legacy),Nutrition,Canada,N/A,$0.00  ~ $0.00 ,N/A,N/A,N/A,N/A,N/A
Religion & Spirituality (Legacy),Technology & Computing,United States,N/A,$0.00  ~ $0.00 ,N/A,N/A,N/A,N/A,N/A
Religion & Spirituality (Legacy),"Law, Gov't & Politics",United States,N/A,$0.00  ~ $0.00 ,N/A,N/A,N/A,N/A,N/A
Religion & Spirituality (Legacy),Computer Peripherals,United States,N/A,$0.00  ~ $0.00 ,N/A,N/A,N/A,N/A,N/A
Religion & Spirituality (Legacy),Hobbies & Interests,United States,N/A,$0.00  ~ $0.00 ,N/A,N/A,N/A,N/A,N/A
Religion & Spirituality (Legacy),Insurance,Canada,N/A,$0.00  ~ $0.00 ,N/A,N/A,N/A,N/A,N/A
Religion & Spirituality (Legacy),Arts & Crafts,United States,N/A,$0.00  ~ $0.00 ,N/A,N/A,N/A,N/A,N/A
Religion & Spirituality (Legacy),Food & Drink,United States,N/A,$0.00  ~ $0.00 ,N/A,N/A,N/A,N/A,N/A
Religion & Spirituality (Legacy),Food & Drink,Canada,N/A,$0.00  ~ $0.00 ,N/A,N/A,N/A,N/A,N/A
Religion & Spirituality (Legacy),Desserts & Baking,United States,N/A,$0.00  ~ $0.00 ,N/A,N/A,N/A,N/A,N/A
Religion & Spirituality (Legacy),Agriculture,United States,N/A,$0.00  ~ $0.00 ,N/A,N/A,N/A,N/A,N/A
Religion & Spirituality (Legacy),Video & Computer Games,United States,N/A,$0.00  ~ $0.00 ,N/A,N/A,N/A,N/A,N/A
Religion & Spirituality (Legacy),Bed & Breakfasts,United States,N/A,$0.00  ~ $0.00 ,N/A,N/A,N/A,N/A,N/A
Religion & Spirituality (Legacy),Retirement Planning,United States,N/A,$0.00  ~ $0.00 ,N/A,N/A,N/A,N/A,N/A
Religion & Spirituality (Legacy),Adult Education,United States,N/A,$0.00  ~ $0.00 ,N/A,N/A,N/A,N/A,N/A
Religion & Spirituality (Legacy),Health/Lowfat Cooking,United States,N/A,$0.00  ~ $0.00 ,N/A,N/A,N/A,N/A,N/A
Religion & Spirituality (Legacy),Credit/Debt & Loans,Canada,N/A,$0.00  ~ $0.00 ,N/A,N/A,N/A,N/A,N/A
Religion & Spirituality (Legacy),Real Estate,United States,N/A,$0.00  ~ $0.00 ,N/A,N/A,N/A,N/A,N/A
Science (Legacy),Auto Repair,United States,N/A,$34.15  ~ $34.18 ,N/A,N/A,N/A,77.08%,N/A
Science (Legacy),Hotels,United States,N/A,$35.62  ~ $35.62 ,N/A,N/A,N/A,62.50%,N/A
Science (Legacy),Interior Decorating,United States,N/A,$31.15  ~ $31.51 ,N/A,N/A,N/A,71.67%,N/A
Science (Legacy),Shopping,United States,N/A,$35.67  ~ $35.88 ,N/A,N/A,N/A,75.00%,N/A
Science (Legacy),Coffee/Tea,United States,N/A,$32.26  ~ $32.26 ,N/A,N/A,N/A,100.00%,N/A
Science (Legacy),Card Games,United States,N/A,$70.32  ~ $70.32 ,N/A,N/A,N/A,33.33%,N/A
Science (Legacy),Dining Out,United States,N/A,$39.02  ~ $39.02 ,N/A,N/A,N/A,100.00%,N/A
Science (Legacy),Business,United States,N/A,$46.36  ~ $46.81 ,$3.52 ,N/A,1.32%,65.28%,N/A
Science (Legacy),Metals,United States,N/A,$41.49  ~ $50.03 ,$0.33 ,N/A,12.50%,83.33%,N/A
Science (Legacy),K-6 Educators,United States,N/A,$30.53  ~ $30.53 ,$1.19 ,N/A,2.56%,78.95%,N/A
Science (Legacy),Job Search,United States,N/A,$36.85  ~ $36.85 ,$1.97 ,N/A,1.88%,69.74%,N/A
Science (Legacy),College,United States,N/A,$50.33  ~ $56.87 ,N/A,N/A,N/A,80.00%,N/A
Science (Legacy),Investors & Patents,United States,N/A,$15.81  ~ $15.81 ,N/A,N/A,N/A,100.00%,N/A
Science (Legacy),Cancer,United States,N/A,$39.71  ~ $39.71 ,N/A,N/A,N/A,N/A,N/A
Science (Legacy),Football,United States,N/A,$23.51  ~ $58.70 ,N/A,N/A,N/A,100.00%,N/A
Science (Legacy),Apartments,United States,N/A,$28.65  ~ $28.65 ,N/A,N/A,N/A,50.00%,N/A
Science (Legacy),Logistics,United States,N/A,$43.62  ~ $43.62 ,N/A,N/A,N/A,79.10%,N/A
Science (Legacy),Appliances,United States,N/A,$27.24  ~ $27.24 ,N/A,N/A,N/A,85.71%,N/A
Science (Legacy),Automotive,United States,N/A,$40.72  ~ $40.72 ,N/A,N/A,N/A,87.50%,N/A
Science (Legacy),"Law, Gov't & Politics",United States,N/A,$35.89  ~ $84.89 ,N/A,N/A,N/A,100.00%,N/A
Science (Legacy),Home & Garden,United States,N/A,$29.79  ~ $34.80 ,$29.85 ,N/A,0.10%,72.93%,N/A
Science (Legacy),Home Repair,United States,N/A,$29.90  ~ $33.40 ,$1.18 ,N/A,2.83%,66.67%,N/A
Science (Legacy),Travel,United States,N/A,$30.38  ~ $30.75 ,N/A,N/A,N/A,68.42%,N/A
Science (Legacy),Careers,United States,N/A,$22.66  ~ $22.66 ,N/A,N/A,N/A,66.67%,N/A
Science (Legacy),Green Solutions,United States,N/A,$33.19  ~ $33.19 ,N/A,N/A,N/A,52.17%,N/A
Science (Legacy),Health & Fitness,United States,N/A,$48.32  ~ $51.69 ,$6.33 ,N/A,0.76%,67.86%,N/A
Science (Legacy),Health & Fitness,Canada,N/A,$28.14  ~ $60.60 ,N/A,N/A,N/A,N/A,N/A
Science (Legacy),Off-Road Vehicles,United States,N/A,$22.97  ~ $22.97 ,N/A,N/A,N/A,75.00%,N/A
Science (Legacy),Music,United States,N/A,$16.69  ~ $24.05 ,$0.77 ,N/A,3.13%,66.67%,N/A
Science (Legacy),Video & Computer Games,United States,N/A,$46.08  ~ $46.08 ,N/A,N/A,N/A,100.00%,N/A
Science (Legacy),Personal Finance,United States,N/A,$30.73  ~ $30.73 ,N/A,N/A,N/A,72.18%,N/A
Science (Legacy),Construction,United States,N/A,$39.24  ~ $39.24 ,N/A,N/A,N/A,58.33%,N/A
Science (Legacy),Buying/Selling Cars,United States,N/A,$40.37  ~ $41.12 ,N/A,N/A,N/A,79.69%,N/A
Science (Legacy),Biotech/Biomedical,United States,N/A,$35.53  ~ $84.75 ,N/A,N/A,N/A,100.00%,N/A
Science (Legacy),Human Resources,United States,N/A,$12.91  ~ $12.91 ,N/A,N/A,N/A,N/A,N/A
Science (Legacy),Pro Basketball,United States,N/A,$18.18  ~ $18.18 ,N/A,N/A,N/A,66.67%,N/A
Science (Legacy),News,United States,N/A,$26.71  ~ $64.54 ,N/A,N/A,N/A,100.00%,N/A
Science (Legacy),Fine Art,United States,N/A,$23.14  ~ $34.34 ,N/A,N/A,N/A,85.71%,N/A
Science (Legacy),Accessories,United States,N/A,$68.41  ~ $68.41 ,N/A,N/A,N/A,100.00%,N/A
Science (Legacy),Cocktails/Beer,United States,N/A,$10.35  ~ $10.35 ,N/A,N/A,N/A,100.00%,N/A
Science (Legacy),Clothing,United States,N/A,$27.45  ~ $27.45 ,$1.24 ,N/A,2.22%,81.82%,N/A
Science (Legacy),Clothing,Canada,N/A,$46.45  ~ $46.45 ,N/A,N/A,N/A,95.35%,N/A
Science (Legacy),Senor Health,United States,N/A,$36.12  ~ $75.80 ,N/A,N/A,N/A,25.00%,N/A
Science (Legacy),Education,United States,N/A,$23.73  ~ $45.92 ,N/A,N/A,N/A,83.33%,N/A
Science (Legacy),Business Software,United States,N/A,$34.40  ~ $34.40 ,N/A,N/A,N/A,42.86%,N/A
Science (Legacy),Senior Living,United States,N/A,$38.72  ~ $38.72 ,N/A,N/A,N/A,N/A,N/A
Science (Legacy),Arts & Entertainment,United States,N/A,$33.95  ~ $34.23 ,N/A,N/A,N/A,64.17%,N/A
Science (Legacy),Incest/Abuse Support,United States,N/A,$38.28  ~ $38.28 ,N/A,N/A,N/A,N/A,N/A
Science (Legacy),Family & Parenting,United States,N/A,$42.60  ~ $43.02 ,$2.19 ,N/A,1.96%,91.30%,N/A
Science (Legacy),Insurance,United States,N/A,$43.56  ~ $43.56 ,N/A,N/A,N/A,84.62%,N/A
Science (Legacy),Air Travel,United States,N/A,$32.41  ~ $32.41 ,N/A,N/A,N/A,87.50%,N/A
Science (Legacy),Computer Networking,United States,N/A,$40.15  ~ $99.12 ,N/A,N/A,N/A,100.00%,N/A
Science (Legacy),Psychology/Psychiatry,United States,N/A,$26.78  ~ $35.44 ,N/A,N/A,N/A,76.19%,N/A
Science (Legacy),Credit/Debt & Loans,United States,N/A,$10.48  ~ $10.62 ,N/A,N/A,N/A,86.13%,N/A
Science (Legacy),Buying/Selling Homes,United States,N/A,$30.71  ~ $30.71 ,N/A,N/A,N/A,100.00%,N/A
Science (Legacy),Graduate School,United States,N/A,$42.55  ~ $43.44 ,N/A,N/A,N/A,63.41%,N/A
Science (Legacy),Contests & Freebies,United States,N/A,$102.09  ~ $102.09 ,N/A,N/A,N/A,N/A,N/A
Science (Legacy),Gardening,United States,N/A,$40.82  ~ $40.82 ,N/A,N/A,N/A,66.67%,N/A
Science (Legacy),Cold & Flu,United States,N/A,$38.81  ~ $92.33 ,N/A,N/A,N/A,88.89%,N/A
Science (Legacy),Mutual Funds,United States,N/A,$42.71  ~ $43.52 ,$3.61 ,N/A,1.20%,67.95%,N/A
Science (Legacy),Remodeling & Construction,United States,N/A,$36.10  ~ $80.81 ,$1.06 ,N/A,3.39%,77.78%,N/A
Science (Legacy),Legal Issues,Canada,N/A,$43.08  ~ $43.08 ,N/A,N/A,N/A,N/A,N/A
Science (Legacy),Legal Issues,United States,N/A,$43.36  ~ $44.13 ,N/A,N/A,N/A,80.49%,N/A
Science (Legacy),Politics,United States,N/A,$48.18  ~ $52.26 ,$3.67 ,N/A,1.43%,80.56%,N/A
Science (Legacy),Cruises,United States,N/A,$25.14  ~ $25.16 ,N/A,N/A,N/A,90.00%,N/A
Science (Legacy),Cruises,Canada,N/A,$38.41  ~ $81.79 ,N/A,N/A,N/A,95.40%,N/A
Science (Legacy),Nutrition,Canada,N/A,$47.27  ~ $47.27 ,N/A,N/A,N/A,94.44%,N/A
Science (Legacy),Pets,United States,N/A,$0.00  ~ $0.00 ,N/A,N/A,N/A,N/A,N/A
Science (Legacy),Exercise,United States,N/A,$0.00  ~ $0.00 ,N/A,N/A,N/A,N/A,N/A
Science (Legacy),Buying/Selling Homes,Canada,N/A,$0.00  ~ $0.00 ,N/A,N/A,N/A,N/A,N/A
Science (Legacy),Radio,United States,N/A,$0.00  ~ $0.00 ,N/A,N/A,N/A,N/A,N/A
Science (Legacy),Career Planning,United States,N/A,$0.00  ~ $0.00 ,N/A,N/A,N/A,N/A,N/A
Science (Legacy),Real Estate,United States,N/A,$0.00  ~ $0.00 ,N/A,N/A,N/A,N/A,N/A
Science (Legacy),Theme Parks,United States,N/A,$0.00  ~ $0.00 ,N/A,N/A,N/A,N/A,N/A
Science (Legacy),Birdwatching,United States,N/A,$0.00  ~ $0.00 ,N/A,N/A,N/A,N/A,N/A
Science (Legacy),Government,United States,N/A,$0.00  ~ $0.00 ,N/A,N/A,N/A,N/A,N/A
Science (Legacy),Technology & Computing,United States,N/A,$0.00  ~ $0.00 ,N/A,N/A,N/A,N/A,N/A
Science (Legacy),By US Locale,United States,N/A,$0.00  ~ $0.00 ,N/A,N/A,N/A,N/A,N/A
Science (Legacy),Dental Care,United States,N/A,$0.00  ~ $0.00 ,N/A,N/A,N/A,N/A,N/A
Science (Legacy),Human Resources,Canada,N/A,$0.00  ~ $0.00 ,N/A,N/A,N/A,N/A,N/A
Science (Legacy),Buying/Selling Cars,Canada,N/A,$0.00  ~ $0.00 ,N/A,N/A,N/A,N/A,N/A
Science (Legacy),Distance Learning,United States,N/A,$0.00  ~ $0.00 ,N/A,N/A,N/A,N/A,N/A
Science (Legacy),Insurance,Canada,N/A,$0.00  ~ $0.00 ,N/A,N/A,N/A,N/A,N/A
Science (Legacy),Alternative Medicine,United States,N/A,$0.00  ~ $0.00 ,N/A,N/A,N/A,N/A,N/A
Science (Legacy),Physical Therapy,United States,N/A,$0.00  ~ $0.00 ,N/A,N/A,N/A,N/A,N/A
Science (Legacy),Auto Parts,United States,N/A,$0.00  ~ $0.00 ,N/A,N/A,N/A,N/A,N/A
Science (Legacy),Interior Decorating,Canada,N/A,$0.00  ~ $0.00 ,N/A,N/A,N/A,N/A,N/A
Science (Legacy),Food & Drink,United States,N/A,$0.00  ~ $0.00 ,N/A,N/A,N/A,N/A,N/A
Science (Legacy),Food & Drink,Canada,N/A,$0.00  ~ $0.00 ,N/A,N/A,N/A,N/A,N/A
Science (Legacy),Card Games,Canada,N/A,$0.00  ~ $0.00 ,N/A,N/A,N/A,N/A,N/A
Science (Legacy),Careers,Canada,N/A,$0.00  ~ $0.00 ,N/A,N/A,N/A,N/A,N/A
Science (Legacy),Weddings,United States,N/A,$0.00  ~ $0.00 ,N/A,N/A,N/A,N/A,N/A
Science (Legacy),Weight Loss,United States,N/A,$0.00  ~ $0.00 ,N/A,N/A,N/A,N/A,N/A
Science (Legacy),Art/Technology,United States,N/A,$0.00  ~ $0.00 ,N/A,N/A,N/A,N/A,N/A
Science (Legacy),Gardening,Canada,N/A,$0.00  ~ $0.00 ,N/A,N/A,N/A,N/A,N/A
Science (Legacy),Credit/Debt & Loans,Canada,N/A,$0.00  ~ $0.00 ,N/A,N/A,N/A,N/A,N/A
Science (Legacy),Pediatrics,United States,N/A,$0.00  ~ $0.00 ,N/A,N/A,N/A,N/A,N/A
Science (Legacy),Martial Arts,United States,N/A,$0.00  ~ $0.00 ,N/A,N/A,N/A,N/A,N/A
Science (Legacy),Couponing,United States,N/A,$0.00  ~ $0.00 ,N/A,N/A,N/A,N/A,N/A
Science (Legacy),Cigars,United States,N/A,$0.00  ~ $0.00 ,N/A,N/A,N/A,N/A,N/A
Science (Legacy),Health/Lowfat Cooking,United States,N/A,$0.00  ~ $0.00 ,N/A,N/A,N/A,N/A,N/A
Science (Legacy),Internet Technology,United States,N/A,$0.00  ~ $0.00 ,N/A,N/A,N/A,N/A,N/A
Science (Legacy),Internet Technology,Canada,N/A,$0.00  ~ $0.00 ,N/A,N/A,N/A,N/A,N/A
Science (Legacy),Environmental Safety,United States,N/A,$0.00  ~ $0.00 ,N/A,N/A,N/A,N/A,N/A
Science (Legacy),Business Software,Canada,N/A,$0.00  ~ $0.00 ,N/A,N/A,N/A,N/A,N/A
Science (Legacy),Investing,United States,N/A,$0.00  ~ $0.00 ,N/A,N/A,N/A,N/A,N/A
Science (Legacy),Metals,Canada,N/A,$0.00  ~ $0.00 ,N/A,N/A,N/A,N/A,N/A
Science (Legacy),Bed & Breakfasts,United States,N/A,$0.00  ~ $0.00 ,N/A,N/A,N/A,N/A,N/A
Science (Legacy),Arts & Entertainment,Canada,N/A,$0.00  ~ $0.00 ,N/A,N/A,N/A,N/A,N/A
Science (Legacy),Honeymoons/Getaways,United States,N/A,$0.00  ~ $0.00 ,N/A,N/A,N/A,N/A,N/A
Science (Legacy),News,Canada,N/A,$0.00  ~ $0.00 ,N/A,N/A,N/A,N/A,N/A
Science (Legacy),Desserts & Baking,United States,N/A,$0.00  ~ $0.00 ,N/A,N/A,N/A,N/A,N/A
Science (Legacy),Advertising,Canada,N/A,$0.00  ~ $0.00 ,N/A,N/A,N/A,N/A,N/A
Science (Legacy),Advertising,United States,N/A,$0.00  ~ $0.00 ,N/A,N/A,N/A,N/A,N/A
Science (Legacy),Arts & Crafts,United States,N/A,$0.00  ~ $0.00 ,N/A,N/A,N/A,N/A,N/A
Science (Legacy),Adult Education,United States,N/A,$0.00  ~ $0.00 ,N/A,N/A,N/A,N/A,N/A
Science (Legacy),Computer Peripherals,United States,N/A,$0.00  ~ $0.00 ,N/A,N/A,N/A,N/A,N/A
Science (Legacy),Home Repair,Canada,N/A,$0.00  ~ $0.00 ,N/A,N/A,N/A,N/A,N/A
Science (Legacy),Agriculture,United States,N/A,$0.00  ~ $0.00 ,N/A,N/A,N/A,N/A,N/A
Science (Legacy),Babies & Toddlers,United States,N/A,$0.00  ~ $0.00 ,N/A,N/A,N/A,N/A,N/A
Science (Legacy),Logistics,Canada,N/A,$0.00  ~ $0.00 ,N/A,N/A,N/A,N/A,N/A
Science (Legacy),Business,Canada,N/A,$0.00  ~ $0.00 ,N/A,N/A,N/A,N/A,N/A
Science (Legacy),Hobbies & Interests,United States,N/A,$0.00  ~ $0.00 ,N/A,N/A,N/A,N/A,N/A
Science (Legacy),Dogs,United States,N/A,$0.00  ~ $0.00 ,N/A,N/A,N/A,N/A,N/A
Science (Legacy),Dogs,Canada,N/A,$0.00  ~ $0.00 ,N/A,N/A,N/A,N/A,N/A
Science (Legacy),Veterinary Medicine,United States,N/A,$0.00  ~ $0.00 ,N/A,N/A,N/A,N/A,N/A
Science (Legacy),Off-Road Vehicles,Canada,N/A,$0.00  ~ $0.00 ,N/A,N/A,N/A,N/A,N/A
Science (Legacy),Hunting/Shooting,United States,N/A,$0.00  ~ $0.00 ,N/A,N/A,N/A,N/A,N/A
Science (Legacy),Retirement Planning,United States,N/A,$0.00  ~ $0.00 ,N/A,N/A,N/A,N/A,N/A
Shopping (Legacy),Human Resources,United States,N/A,$13.05  ~ $13.05 ,N/A,N/A,N/A,100.00%,N/A
Shopping (Legacy),Careers,United States,N/A,$20.68  ~ $20.68 ,N/A,N/A,N/A,72.92%,N/A
Shopping (Legacy),Education,United States,N/A,$39.01  ~ $88.48 ,N/A,N/A,N/A,83.33%,N/A
Shopping (Legacy),Apartments,United States,N/A,$16.37  ~ $16.37 ,N/A,N/A,N/A,100.00%,N/A
Shopping (Legacy),Jewelry,United States,N/A,$40.11  ~ $40.11 ,N/A,N/A,N/A,55.56%,N/A
Shopping (Legacy),Music,United States,N/A,$16.45  ~ $17.37 ,N/A,N/A,N/A,98.85%,N/A
Shopping (Legacy),Family & Parenting,United States,N/A,$43.97  ~ $43.97 ,N/A,N/A,N/A,84.62%,N/A
Shopping (Legacy),Video & Computer Games,United States,N/A,$46.09  ~ $46.09 ,N/A,N/A,N/A,100.00%,N/A
Shopping (Legacy),Home Repair,United States,N/A,$36.04  ~ $40.84 ,N/A,N/A,N/A,76.92%,N/A
Shopping (Legacy),Psychology/Psychiatry,United States,N/A,$31.91  ~ $36.11 ,N/A,N/A,N/A,78.48%,N/A
Shopping (Legacy),K-6 Educators,United States,N/A,$26.92  ~ $27.71 ,$0.25 ,N/A,11.11%,44.44%,N/A
Shopping (Legacy),Accessories,United States,N/A,$88.47  ~ $88.47 ,N/A,N/A,N/A,50.00%,N/A
Shopping (Legacy),Construction,United States,N/A,$40.86  ~ $40.86 ,N/A,N/A,N/A,72.73%,N/A
Shopping (Legacy),Mutual Funds,United States,N/A,$43.30  ~ $43.32 ,N/A,N/A,N/A,65.96%,N/A
Shopping (Legacy),Cigars,United States,N/A,$35.14  ~ $81.20 ,N/A,N/A,N/A,90.91%,N/A
Shopping (Legacy),Graduate School,United States,N/A,$42.61  ~ $44.22 ,N/A,N/A,N/A,70.83%,N/A
Shopping (Legacy),Pro Basketball,United States,N/A,$18.75  ~ $18.75 ,N/A,N/A,N/A,77.78%,N/A
Shopping (Legacy),Adult Education,United States,N/A,$13.70  ~ $13.70 ,N/A,N/A,N/A,N/A,N/A
Shopping (Legacy),Arts & Entertainment,United States,N/A,$32.03  ~ $32.03 ,N/A,N/A,N/A,80.00%,N/A
Shopping (Legacy),Clothing,Canada,N/A,$34.71  ~ $34.71 ,N/A,N/A,N/A,75.00%,N/A
Shopping (Legacy),Clothing,United States,N/A,$39.43  ~ $39.43 ,N/A,N/A,N/A,66.67%,N/A
Shopping (Legacy),Legal Issues,United States,N/A,$44.36  ~ $44.36 ,N/A,N/A,N/A,77.78%,N/A
Shopping (Legacy),Credit/Debt & Loans,United States,N/A,$13.23  ~ $17.66 ,N/A,N/A,N/A,85.71%,N/A
Shopping (Legacy),Biotech/Biomedical,United States,N/A,$34.23  ~ $76.53 ,N/A,N/A,N/A,100.00%,N/A
Shopping (Legacy),Green Solutions,United States,N/A,$31.61  ~ $31.61 ,N/A,N/A,N/A,85.71%,N/A
Shopping (Legacy),Appliances,United States,N/A,$15.96  ~ $15.96 ,N/A,N/A,N/A,63.64%,N/A
Shopping (Legacy),Travel,United States,N/A,$30.73  ~ $31.15 ,N/A,N/A,N/A,84.62%,N/A
Shopping (Legacy),Shopping,United States,N/A,$29.93  ~ $29.93 ,N/A,N/A,N/A,83.64%,N/A
Shopping (Legacy),Interior Decorating,United States,N/A,$31.99  ~ $32.67 ,$13.25 ,N/A,0.24%,74.94%,N/A
Shopping (Legacy),Logistics,United States,N/A,$42.01  ~ $42.54 ,N/A,N/A,N/A,93.65%,N/A
Shopping (Legacy),Job Search,United States,N/A,$36.27  ~ $36.27 ,N/A,N/A,N/A,65.00%,N/A
Shopping (Legacy),Remodeling & Construction,United States,N/A,$35.53  ~ $72.78 ,N/A,N/A,N/A,33.33%,N/A
Shopping (Legacy),Incest/Abuse Support,United States,N/A,$35.72  ~ $88.54 ,N/A,N/A,N/A,100.00%,N/A
Shopping (Legacy),Cold & Flu,United States,N/A,$37.97  ~ $93.68 ,N/A,N/A,N/A,96.00%,N/A
Shopping (Legacy),Auto Repair,United States,N/A,$33.28  ~ $66.74 ,N/A,N/A,N/A,90.00%,N/A
Shopping (Legacy),Food & Drink,United States,N/A,$54.45  ~ $54.45 ,N/A,N/A,N/A,100.00%,N/A
Shopping (Legacy),Personal Finance,United States,N/A,$27.46  ~ $27.52 ,$5.56 ,N/A,0.50%,81.36%,N/A
Shopping (Legacy),Health & Fitness,United States,N/A,$54.69  ~ $56.38 ,N/A,N/A,N/A,78.40%,N/A
Shopping (Legacy),College,United States,N/A,$53.99  ~ $60.30 ,N/A,N/A,N/A,70.89%,N/A
Shopping (Legacy),Football,United States,N/A,$35.42  ~ $88.43 ,N/A,N/A,N/A,75.00%,N/A
Shopping (Legacy),Alternative Medicine,United States,N/A,$24.46  ~ $24.46 ,N/A,N/A,N/A,100.00%,N/A
Shopping (Legacy),Metals,United States,N/A,$39.82  ~ $43.68 ,N/A,N/A,N/A,71.43%,N/A
Shopping (Legacy),Politics,United States,N/A,$41.90  ~ $52.30 ,$4.75 ,N/A,1.10%,64.63%,N/A
Shopping (Legacy),Fine Art,United States,N/A,$23.14  ~ $27.98 ,N/A,N/A,N/A,25.00%,N/A
Shopping (Legacy),Business Software,United States,N/A,$22.92  ~ $22.92 ,N/A,N/A,N/A,25.00%,N/A
Shopping (Legacy),Cancer,United States,N/A,$39.53  ~ $39.53 ,N/A,N/A,N/A,100.00%,N/A
Shopping (Legacy),Insurance,United States,N/A,$43.92  ~ $43.95 ,N/A,N/A,N/A,74.36%,N/A
Shopping (Legacy),Cocktails/Beer,United States,N/A,$13.14  ~ $13.14 ,N/A,N/A,N/A,87.50%,N/A
Shopping (Legacy),Pets,United States,N/A,$34.03  ~ $34.03 ,N/A,N/A,N/A,100.00%,N/A
Shopping (Legacy),Cruises,United States,N/A,$22.18  ~ $22.18 ,N/A,N/A,N/A,86.67%,N/A
Shopping (Legacy),Cruises,Canada,N/A,$37.34  ~ $84.36 ,N/A,N/A,N/A,50.00%,N/A
Shopping (Legacy),Buying/Selling Cars,United States,N/A,$39.71  ~ $40.04 ,N/A,N/A,N/A,82.52%,N/A
Shopping (Legacy),Business,United States,N/A,$39.77  ~ $40.00 ,N/A,N/A,N/A,68.63%,N/A
Shopping (Legacy),Home & Garden,United States,N/A,$27.82  ~ $34.79 ,$32.99 ,N/A,0.08%,72.77%,N/A
Shopping (Legacy),News,United States,N/A,$26.35  ~ $54.34 ,N/A,N/A,N/A,100.00%,N/A
Shopping (Legacy),Automotive,United States,N/A,$49.87  ~ $49.87 ,N/A,N/A,N/A,95.83%,N/A
Shopping (Legacy),Investors & Patents,United States,N/A,$0.00  ~ $0.00 ,N/A,N/A,N/A,N/A,N/A
Shopping (Legacy),Art/Technology,United States,N/A,$0.00  ~ $0.00 ,N/A,N/A,N/A,N/A,N/A
Shopping (Legacy),Insurance,Canada,N/A,$0.00  ~ $0.00 ,N/A,N/A,N/A,N/A,N/A
Shopping (Legacy),Home Repair,Canada,N/A,$0.00  ~ $0.00 ,N/A,N/A,N/A,N/A,N/A
Shopping (Legacy),News,Canada,N/A,$0.00  ~ $0.00 ,N/A,N/A,N/A,N/A,N/A
Shopping (Legacy),Business,Canada,N/A,$0.00  ~ $0.00 ,N/A,N/A,N/A,N/A,N/A
Shopping (Legacy),Health/Lowfat Cooking,United States,N/A,$0.00  ~ $0.00 ,N/A,N/A,N/A,N/A,N/A
Shopping (Legacy),Exercise,United States,N/A,$0.00  ~ $0.00 ,N/A,N/A,N/A,N/A,N/A
Shopping (Legacy),Theme Parks,United States,N/A,$0.00  ~ $0.00 ,N/A,N/A,N/A,N/A,N/A
Shopping (Legacy),Weight Loss,United States,N/A,$0.00  ~ $0.00 ,N/A,N/A,N/A,N/A,N/A
Shopping (Legacy),Hobbies & Interests,United States,N/A,$0.00  ~ $0.00 ,N/A,N/A,N/A,N/A,N/A
Shopping (Legacy),Desserts & Baking,United States,N/A,$0.00  ~ $0.00 ,N/A,N/A,N/A,N/A,N/A
Shopping (Legacy),Internet Technology,United States,N/A,$0.00  ~ $0.00 ,N/A,N/A,N/A,N/A,N/A
Shopping (Legacy),Internet Technology,Canada,N/A,$0.00  ~ $0.00 ,N/A,N/A,N/A,N/A,N/A
Shopping (Legacy),Card Games,United States,N/A,$0.00  ~ $0.00 ,N/A,N/A,N/A,N/A,N/A
Shopping (Legacy),Card Games,Canada,N/A,$0.00  ~ $0.00 ,N/A,N/A,N/A,N/A,N/A
Shopping (Legacy),Gardening,United States,N/A,$0.00  ~ $0.00 ,N/A,N/A,N/A,N/A,N/A
Shopping (Legacy),Dental Care,United States,N/A,$0.00  ~ $0.00 ,N/A,N/A,N/A,N/A,N/A
Shopping (Legacy),Retirement Planning,United States,N/A,$0.00  ~ $0.00 ,N/A,N/A,N/A,N/A,N/A
Shopping (Legacy),Metals,Canada,N/A,$0.00  ~ $0.00 ,N/A,N/A,N/A,N/A,N/A
Shopping (Legacy),Honeymoons/Getaways,United States,N/A,$0.00  ~ $0.00 ,N/A,N/A,N/A,N/A,N/A
Shopping (Legacy),Coffee/Tea,United States,N/A,$0.00  ~ $0.00 ,N/A,N/A,N/A,N/A,N/A
Shopping (Legacy),Dogs,United States,N/A,$0.00  ~ $0.00 ,N/A,N/A,N/A,N/A,N/A
Shopping (Legacy),Dogs,Canada,N/A,$0.00  ~ $0.00 ,N/A,N/A,N/A,N/A,N/A
Shopping (Legacy),Senor Health,United States,N/A,$0.00  ~ $0.00 ,N/A,N/A,N/A,N/A,N/A
Shopping (Legacy),Business Software,Canada,N/A,$0.00  ~ $0.00 ,N/A,N/A,N/A,N/A,N/A
Shopping (Legacy),Computer Peripherals,United States,N/A,$0.00  ~ $0.00 ,N/A,N/A,N/A,N/A,N/A
Shopping (Legacy),Agriculture,United States,N/A,$0.00  ~ $0.00 ,N/A,N/A,N/A,N/A,N/A
Shopping (Legacy),Agriculture,Canada,N/A,$0.00  ~ $0.00 ,N/A,N/A,N/A,N/A,N/A
Shopping (Legacy),Logistics,Canada,N/A,$0.00  ~ $0.00 ,N/A,N/A,N/A,N/A,N/A
Shopping (Legacy),Real Estate,United States,N/A,$0.00  ~ $0.00 ,N/A,N/A,N/A,N/A,N/A
Shopping (Legacy),Sailing,United States,N/A,$0.00  ~ $0.00 ,N/A,N/A,N/A,N/A,N/A
Shopping (Legacy),"Law, Gov't & Politics",United States,N/A,$0.00  ~ $0.00 ,N/A,N/A,N/A,N/A,N/A
Shopping (Legacy),Physical Therapy,United States,N/A,$0.00  ~ $0.00 ,N/A,N/A,N/A,N/A,N/A
Shopping (Legacy),Off-Road Vehicles,Canada,N/A,$0.00  ~ $0.00 ,N/A,N/A,N/A,N/A,N/A
Shopping (Legacy),Food & Drink,Canada,N/A,$0.00  ~ $0.00 ,N/A,N/A,N/A,N/A,N/A
Shopping (Legacy),Weddings,United States,N/A,$0.00  ~ $0.00 ,N/A,N/A,N/A,N/A,N/A
Shopping (Legacy),Legal Issues,Canada,N/A,$0.00  ~ $0.00 ,N/A,N/A,N/A,N/A,N/A
Shopping (Legacy),Auto Parts,United States,N/A,$0.00  ~ $0.00 ,N/A,N/A,N/A,N/A,N/A
Shopping (Legacy),By US Locale,United States,N/A,$0.00  ~ $0.00 ,N/A,N/A,N/A,N/A,N/A
Shopping (Legacy),Human Resources,Canada,N/A,$0.00  ~ $0.00 ,N/A,N/A,N/A,N/A,N/A
Shopping (Legacy),Arts & Crafts,United States,N/A,$0.00  ~ $0.00 ,N/A,N/A,N/A,N/A,N/A
Shopping (Legacy),Birdwatching,United States,N/A,$0.00  ~ $0.00 ,N/A,N/A,N/A,N/A,N/A
Shopping (Legacy),Nutrition,Canada,N/A,$0.00  ~ $0.00 ,N/A,N/A,N/A,N/A,N/A
Shopping (Legacy),Dining Out,United States,N/A,$0.00  ~ $0.00 ,N/A,N/A,N/A,N/A,N/A
Shopping (Legacy),Automotive,Canada,N/A,$0.00  ~ $0.00 ,N/A,N/A,N/A,N/A,N/A
Shopping (Legacy),Canada,Canada,N/A,$0.00  ~ $0.00 ,N/A,N/A,N/A,N/A,N/A
Shopping (Legacy),Investing,United States,N/A,$0.00  ~ $0.00 ,N/A,N/A,N/A,N/A,N/A
Shopping (Legacy),Technology & Computing,United States,N/A,$0.00  ~ $0.00 ,N/A,N/A,N/A,N/A,N/A
Shopping (Legacy),Hunting/Shooting,United States,N/A,$0.00  ~ $0.00 ,N/A,N/A,N/A,N/A,N/A
Shopping (Legacy),Network Security,United States,N/A,$0.00  ~ $0.00 ,N/A,N/A,N/A,N/A,N/A
Shopping (Legacy),Buying/Selling Homes,United States,N/A,$0.00  ~ $0.00 ,N/A,N/A,N/A,N/A,N/A
Shopping (Legacy),Environmental Safety,United States,N/A,$0.00  ~ $0.00 ,N/A,N/A,N/A,N/A,N/A
Shopping (Legacy),Couponing,United States,N/A,$0.00  ~ $0.00 ,N/A,N/A,N/A,N/A,N/A
Shopping (Legacy),Couponing,Canada,N/A,$0.00  ~ $0.00 ,N/A,N/A,N/A,N/A,N/A
Shopping (Legacy),Bed & Breakfasts,United States,N/A,$0.00  ~ $0.00 ,N/A,N/A,N/A,N/A,N/A
Shopping (Legacy),Computer Networking,United States,N/A,$0.00  ~ $0.00 ,N/A,N/A,N/A,N/A,N/A
Shopping (Legacy),Hotels,United States,N/A,$0.00  ~ $0.00 ,N/A,N/A,N/A,N/A,N/A
Shopping (Legacy),Interior Decorating,Canada,N/A,$0.00  ~ $0.00 ,N/A,N/A,N/A,N/A,N/A
Shopping (Legacy),Career Planning,United States,N/A,$0.00  ~ $0.00 ,N/A,N/A,N/A,N/A,N/A
Shopping (Legacy),Veterinary Medicine,United States,N/A,$0.00  ~ $0.00 ,N/A,N/A,N/A,N/A,N/A
Shopping (Legacy),Health & Fitness,Canada,N/A,$0.00  ~ $0.00 ,N/A,N/A,N/A,N/A,N/A
Shopping (Legacy),Arts & Entertainment,Canada,N/A,$0.00  ~ $0.00 ,N/A,N/A,N/A,N/A,N/A
Shopping (Legacy),Distance Learning,United States,N/A,$0.00  ~ $0.00 ,N/A,N/A,N/A,N/A,N/A
Shopping (Legacy),Pediatrics,United States,N/A,$0.00  ~ $0.00 ,N/A,N/A,N/A,N/A,N/A
Shopping (Legacy),Contests & Freebies,United States,N/A,$0.00  ~ $0.00 ,N/A,N/A,N/A,N/A,N/A
Shopping (Legacy),Advertising,Canada,N/A,$0.00  ~ $0.00 ,N/A,N/A,N/A,N/A,N/A
Shopping (Legacy),Advertising,United States,N/A,$0.00  ~ $0.00 ,N/A,N/A,N/A,N/A,N/A
Shopping (Legacy),Senior Living,United States,N/A,$0.00  ~ $0.00 ,N/A,N/A,N/A,N/A,N/A
Society (Legacy),Auto Repair,United States,N/A,$32.62  ~ $33.66 ,$27.97 ,N/A,0.12%,95.92%,N/A
Society (Legacy),Graduate School,United States,N/A,$44.18  ~ $44.55 ,N/A,N/A,N/A,86.85%,N/A
Society (Legacy),Catholicism,United States,N/A,$52.09  ~ $127.78 ,N/A,N/A,N/A,94.61%,N/A
Society (Legacy),Metals,United States,N/A,$42.30  ~ $43.18 ,N/A,N/A,N/A,90.97%,N/A
Society (Legacy),Green Solutions,United States,N/A,$24.94  ~ $25.14 ,$5.76 ,N/A,0.44%,92.07%,N/A
Society (Legacy),Mutual Funds,United States,N/A,$45.39  ~ $45.76 ,$17.25 ,N/A,0.26%,89.04%,N/A
Society (Legacy),Video & Computer Games,United States,N/A,$49.18  ~ $49.18 ,N/A,N/A,N/A,100.00%,N/A
Society (Legacy),Credit/Debt & Loans,United States,N/A,$17.52  ~ $20.65 ,N/A,N/A,N/A,84.46%,N/A
Society (Legacy),Shopping,United States,N/A,$31.22  ~ $31.56 ,$5.99 ,N/A,0.52%,78.77%,N/A
Society (Legacy),Health & Fitness,Canada,N/A,$28.14  ~ $65.00 ,N/A,N/A,N/A,100.00%,N/A
Society (Legacy),Health & Fitness,United States,N/A,$49.57  ~ $54.23 ,N/A,N/A,N/A,80.68%,N/A
Society (Legacy),Arts & Entertainment,United States,N/A,$37.00  ~ $37.15 ,$15.56 ,N/A,0.24%,93.04%,N/A
Society (Legacy),Home Repair,United States,N/A,$36.34  ~ $36.95 ,$18.50 ,N/A,0.20%,91.52%,N/A
Society (Legacy),K-6 Educators,United States,N/A,$29.64  ~ $29.80 ,$2.50 ,N/A,1.19%,90.48%,N/A
Society (Legacy),Legal Issues,United States,N/A,$44.96  ~ $44.98 ,N/A,N/A,N/A,87.01%,N/A
Society (Legacy),Appliances,United States,N/A,$28.34  ~ $28.34 ,N/A,N/A,N/A,91.67%,N/A
Society (Legacy),Off-Road Vehicles,United States,N/A,$22.82  ~ $22.82 ,N/A,N/A,N/A,96.30%,N/A
Society (Legacy),Cigars,United States,N/A,$35.20  ~ $77.73 ,N/A,N/A,N/A,75.00%,N/A
Society (Legacy),Family & Parenting,United States,N/A,$22.64  ~ $22.69 ,N/A,N/A,N/A,98.10%,N/A
Society (Legacy),Business,United States,N/A,$44.28  ~ $44.87 ,$19.19 ,N/A,0.23%,85.37%,N/A
Society (Legacy),Dining Out,United States,N/A,$33.76  ~ $33.79 ,N/A,N/A,N/A,100.00%,N/A
Society (Legacy),Advertising,United States,N/A,$37.22  ~ $37.22 ,N/A,N/A,N/A,78.70%,N/A
Society (Legacy),Education,United States,N/A,$43.79  ~ $44.36 ,N/A,N/A,N/A,93.98%,N/A
Society (Legacy),Automotive,United States,N/A,$43.52  ~ $44.92 ,N/A,N/A,N/A,100.00%,N/A
Society (Legacy),Exercise,United States,N/A,$38.72  ~ $38.72 ,N/A,N/A,N/A,100.00%,N/A
Society (Legacy),News,United States,N/A,$55.87  ~ $127.87 ,N/A,N/A,N/A,100.00%,N/A
Society (Legacy),Logistics,United States,N/A,$50.88  ~ $51.69 ,$17.60 ,N/A,0.29%,92.40%,N/A
Society (Legacy),Computer Networking,United States,N/A,$40.15  ~ $96.82 ,N/A,N/A,N/A,100.00%,N/A
Society (Legacy),Dental Care,United States,N/A,$10.16  ~ $10.16 ,N/A,N/A,N/A,50.00%,N/A
Society (Legacy),Interior Decorating,United States,N/A,$28.39  ~ $32.01 ,N/A,N/A,N/A,84.99%,N/A
Society (Legacy),Hotels,United States,N/A,$34.42  ~ $34.56 ,$2.44 ,N/A,1.41%,92.96%,N/A
Society (Legacy),Gardening,United States,N/A,$38.93  ~ $40.82 ,N/A,N/A,N/A,50.00%,N/A
Society (Legacy),Cocktails/Beer,United States,N/A,$9.70  ~ $9.70 ,N/A,N/A,N/A,100.00%,N/A
Society (Legacy),Agriculture,United States,N/A,$14.94  ~ $14.94 ,N/A,N/A,N/A,N/A,N/A
Society (Legacy),Senior Living,United States,N/A,$28.52  ~ $30.14 ,N/A,N/A,N/A,100.00%,N/A
Society (Legacy),College,United States,N/A,$49.49  ~ $52.02 ,N/A,N/A,N/A,81.41%,N/A
Society (Legacy),Cameras & Camcorders,United States,N/A,$64.14  ~ $64.14 ,N/A,N/A,N/A,75.00%,N/A
Society (Legacy),Senor Health,United States,N/A,$39.75  ~ $91.05 ,N/A,N/A,N/A,100.00%,N/A
Society (Legacy),Construction,United States,N/A,$41.26  ~ $41.26 ,N/A,N/A,N/A,89.75%,N/A
Society (Legacy),Remodeling & Construction,United States,N/A,$25.39  ~ $37.54 ,$0.85 ,N/A,4.41%,73.77%,N/A
Society (Legacy),Investors & Patents,United States,N/A,$16.63  ~ $16.63 ,N/A,N/A,N/A,100.00%,N/A
Society (Legacy),Investing,United States,N/A,$42.20  ~ $42.20 ,N/A,N/A,N/A,100.00%,N/A
Society (Legacy),Incest/Abuse Support,United States,N/A,$33.19  ~ $33.19 ,N/A,N/A,N/A,100.00%,N/A
Society (Legacy),Apartments,United States,N/A,$20.64  ~ $20.64 ,N/A,N/A,N/A,100.00%,N/A
Society (Legacy),Music,United States,N/A,$18.89  ~ $19.05 ,N/A,N/A,N/A,93.04%,N/A
Society (Legacy),Food & Drink,United States,N/A,$21.77  ~ $21.77 ,N/A,N/A,N/A,N/A,N/A
Society (Legacy),Buying/Selling Homes,United States,N/A,$38.47  ~ $39.53 ,N/A,N/A,N/A,66.67%,N/A
Society (Legacy),Card Games,United States,N/A,$36.75  ~ $36.75 ,N/A,N/A,N/A,100.00%,N/A
Society (Legacy),Buying/Selling Cars,United States,N/A,$40.06  ~ $41.04 ,$19.35 ,N/A,0.21%,93.13%,N/A
Society (Legacy),Buying/Selling Cars,Canada,N/A,$46.99  ~ $46.99 ,N/A,N/A,N/A,92.31%,N/A
Society (Legacy),Careers,United States,N/A,$24.78  ~ $24.78 ,N/A,N/A,N/A,55.00%,N/A
Society (Legacy),Psychology/Psychiatry,United States,N/A,$23.52  ~ $24.59 ,N/A,N/A,N/A,94.43%,N/A
Society (Legacy),Cruises,United States,N/A,$26.10  ~ $26.10 ,N/A,N/A,N/A,96.17%,N/A
Society (Legacy),"Law, Gov't & Politics",United States,N/A,$29.20  ~ $29.20 ,N/A,N/A,N/A,100.00%,N/A
Society (Legacy),Accessories,United States,N/A,$88.45  ~ $88.45 ,N/A,N/A,N/A,100.00%,N/A
Society (Legacy),Clothing,United States,N/A,$36.78  ~ $36.78 ,N/A,N/A,N/A,85.00%,N/A
Society (Legacy),Personal Finance,United States,N/A,$30.45  ~ $31.02 ,$32.37 ,N/A,0.09%,88.09%,N/A
Society (Legacy),Politics,United States,N/A,$36.85  ~ $36.95 ,N/A,N/A,N/A,92.34%,N/A
Society (Legacy),Home & Garden,United States,N/A,$32.03  ~ $35.36 ,$20.16 ,N/A,0.18%,86.00%,N/A
Society (Legacy),Fine Art,United States,N/A,$23.06  ~ $23.06 ,N/A,N/A,N/A,33.33%,N/A
Society (Legacy),Contests & Freebies,United States,N/A,$71.21  ~ $71.21 ,N/A,N/A,N/A,100.00%,N/A
Society (Legacy),Adult Education,United States,N/A,$10.87  ~ $33.92 ,N/A,N/A,N/A,50.00%,N/A
Society (Legacy),Human Resources,United States,N/A,$31.79  ~ $31.79 ,N/A,N/A,N/A,50.00%,N/A
Society (Legacy),Business Software,United States,N/A,$36.69  ~ $36.79 ,N/A,N/A,N/A,90.28%,N/A
Society (Legacy),Job Search,United States,N/A,$35.07  ~ $35.07 ,$13.10 ,N/A,0.27%,93.10%,N/A
Society (Legacy),Travel,United States,N/A,$30.67  ~ $30.88 ,$5.71 ,N/A,0.54%,90.79%,N/A
Society (Legacy),Pro Basketball,United States,N/A,$19.78  ~ $19.78 ,N/A,N/A,N/A,76.32%,N/A
Society (Legacy),Football,United States,N/A,$12.17  ~ $25.59 ,N/A,N/A,N/A,76.92%,N/A
Society (Legacy),Pets,United States,N/A,$33.94  ~ $33.94 ,N/A,N/A,N/A,N/A,N/A
Society (Legacy),Cold & Flu,United States,N/A,$39.06  ~ $86.06 ,N/A,N/A,N/A,50.00%,N/A
Society (Legacy),Insurance,United States,N/A,$46.59  ~ $48.09 ,N/A,N/A,N/A,80.00%,N/A
Society (Legacy),Biotech/Biomedical,United States,N/A,$38.56  ~ $45.14 ,N/A,N/A,N/A,98.78%,N/A
Society (Legacy),Hobbies & Interests,United States,N/A,$0.00  ~ $0.00 ,N/A,N/A,N/A,N/A,N/A
Society (Legacy),Home Repair,Canada,N/A,$0.00  ~ $0.00 ,N/A,N/A,N/A,N/A,N/A
Society (Legacy),Network Security,United States,N/A,$0.00  ~ $0.00 ,N/A,N/A,N/A,N/A,N/A
Society (Legacy),Technology & Computing,United States,N/A,$0.00  ~ $0.00 ,N/A,N/A,N/A,N/A,N/A
Society (Legacy),Cancer,United States,N/A,$0.00  ~ $0.00 ,N/A,N/A,N/A,N/A,N/A
Society (Legacy),Weight Loss,United States,N/A,$0.00  ~ $0.00 ,N/A,N/A,N/A,N/A,N/A
Society (Legacy),Food & Drink,Canada,N/A,$0.00  ~ $0.00 ,N/A,N/A,N/A,N/A,N/A
Society (Legacy),Advertising,Canada,N/A,$0.00  ~ $0.00 ,N/A,N/A,N/A,N/A,N/A
Society (Legacy),Bed & Breakfasts,United States,N/A,$0.00  ~ $0.00 ,N/A,N/A,N/A,N/A,N/A
Society (Legacy),Auto Parts,United States,N/A,$0.00  ~ $0.00 ,N/A,N/A,N/A,N/A,N/A
Society (Legacy),Birdwatching,United States,N/A,$0.00  ~ $0.00 ,N/A,N/A,N/A,N/A,N/A
Society (Legacy),Legal Issues,Canada,N/A,$0.00  ~ $0.00 ,N/A,N/A,N/A,N/A,N/A
Society (Legacy),Card Games,Canada,N/A,$0.00  ~ $0.00 ,N/A,N/A,N/A,N/A,N/A
Society (Legacy),Nutrition,Canada,N/A,$0.00  ~ $0.00 ,N/A,N/A,N/A,N/A,N/A
Society (Legacy),Arts & Crafts,United States,N/A,$0.00  ~ $0.00 ,N/A,N/A,N/A,N/A,N/A
Society (Legacy),Alternative Medicine,United States,N/A,$0.00  ~ $0.00 ,N/A,N/A,N/A,N/A,N/A
Society (Legacy),Veterinary Medicine,United States,N/A,$0.00  ~ $0.00 ,N/A,N/A,N/A,N/A,N/A
Society (Legacy),Career Planning,United States,N/A,$0.00  ~ $0.00 ,N/A,N/A,N/A,N/A,N/A
Society (Legacy),Weddings,United States,N/A,$0.00  ~ $0.00 ,N/A,N/A,N/A,N/A,N/A
Society (Legacy),Environmental Safety,United States,N/A,$0.00  ~ $0.00 ,N/A,N/A,N/A,N/A,N/A
Society (Legacy),Logistics,Canada,N/A,$0.00  ~ $0.00 ,N/A,N/A,N/A,N/A,N/A
Society (Legacy),Desserts & Baking,United States,N/A,$0.00  ~ $0.00 ,N/A,N/A,N/A,N/A,N/A
Society (Legacy),Retirement Planning,United States,N/A,$0.00  ~ $0.00 ,N/A,N/A,N/A,N/A,N/A
Society (Legacy),Government,United States,N/A,$0.00  ~ $0.00 ,N/A,N/A,N/A,N/A,N/A
Society (Legacy),Gardening,Canada,N/A,$0.00  ~ $0.00 ,N/A,N/A,N/A,N/A,N/A
Society (Legacy),Insurance,Canada,N/A,$0.00  ~ $0.00 ,N/A,N/A,N/A,N/A,N/A
Society (Legacy),Honeymoons/Getaways,United States,N/A,$0.00  ~ $0.00 ,N/A,N/A,N/A,N/A,N/A
Society (Legacy),Dogs,United States,N/A,$0.00  ~ $0.00 ,N/A,N/A,N/A,N/A,N/A
Society (Legacy),Interior Decorating,Canada,N/A,$0.00  ~ $0.00 ,N/A,N/A,N/A,N/A,N/A
Society (Legacy),Clothing,Canada,N/A,$0.00  ~ $0.00 ,N/A,N/A,N/A,N/A,N/A
Society (Legacy),News,Canada,N/A,$0.00  ~ $0.00 ,N/A,N/A,N/A,N/A,N/A
Society (Legacy),Marketing,United States,N/A,$0.00  ~ $0.00 ,N/A,N/A,N/A,N/A,N/A
Society (Legacy),Distance Learning,United States,N/A,$0.00  ~ $0.00 ,N/A,N/A,N/A,N/A,N/A
Society (Legacy),Arts & Entertainment,Canada,N/A,$0.00  ~ $0.00 ,N/A,N/A,N/A,N/A,N/A
Society (Legacy),Hunting/Shooting,United States,N/A,$0.00  ~ $0.00 ,N/A,N/A,N/A,N/A,N/A
Society (Legacy),Real Estate,United States,N/A,$0.00  ~ $0.00 ,N/A,N/A,N/A,N/A,N/A
Society (Legacy),Radio,United States,N/A,$0.00  ~ $0.00 ,N/A,N/A,N/A,N/A,N/A
Society (Legacy),Business Software,Canada,N/A,$0.00  ~ $0.00 ,N/A,N/A,N/A,N/A,N/A
Society (Legacy),Coffee/Tea,United States,N/A,$0.00  ~ $0.00 ,N/A,N/A,N/A,N/A,N/A
Society (Legacy),Personal Finance,Canada,N/A,$0.00  ~ $0.00 ,N/A,N/A,N/A,N/A,N/A
Society (Legacy),Business,Canada,N/A,$0.00  ~ $0.00 ,N/A,N/A,N/A,N/A,N/A
Society (Legacy),Couponing,United States,N/A,$0.00  ~ $0.00 ,N/A,N/A,N/A,N/A,N/A
Society (Legacy),Health/Lowfat Cooking,United States,N/A,$0.00  ~ $0.00 ,N/A,N/A,N/A,N/A,N/A
Society (Legacy),Pediatrics,United States,N/A,$0.00  ~ $0.00 ,N/A,N/A,N/A,N/A,N/A
Society (Legacy),Martial Arts,United States,N/A,$0.00  ~ $0.00 ,N/A,N/A,N/A,N/A,N/A
Society (Legacy),Credit/Debt & Loans,Canada,N/A,$0.00  ~ $0.00 ,N/A,N/A,N/A,N/A,N/A
Society (Legacy),Internet Technology,United States,N/A,$0.00  ~ $0.00 ,N/A,N/A,N/A,N/A,N/A
Society (Legacy),Internet Technology,Canada,N/A,$0.00  ~ $0.00 ,N/A,N/A,N/A,N/A,N/A
Society (Legacy),Theme Parks,United States,N/A,$0.00  ~ $0.00 ,N/A,N/A,N/A,N/A,N/A
Society (Legacy),Computer Peripherals,United States,N/A,$0.00  ~ $0.00 ,N/A,N/A,N/A,N/A,N/A
Society (Legacy),Books & Literature,United States,N/A,$0.00  ~ $0.00 ,N/A,N/A,N/A,N/A,N/A
Society (Legacy),Human Resources,Canada,N/A,$0.00  ~ $0.00 ,N/A,N/A,N/A,N/A,N/A
Sports (Legacy),Incest/Abuse Support,United States,N/A,$32.65  ~ $33.19 ,N/A,N/A,N/A,50.00%,N/A
Sports (Legacy),Travel,United States,N/A,$35.76  ~ $35.83 ,N/A,N/A,N/A,84.44%,N/A
Sports (Legacy),Cold & Flu,United States,N/A,$38.79  ~ $88.08 ,$12.69 ,N/A,0.31%,76.92%,N/A
Sports (Legacy),Personal Finance,United States,N/A,$47.34  ~ $49.03 ,$340.15 ,N/A,0.01%,86.54%,N/A
Sports (Legacy),Personal Finance,Canada,N/A,$45.22  ~ $91.44 ,N/A,N/A,N/A,100.00%,N/A
Sports (Legacy),Hotels,United States,N/A,$27.21  ~ $27.23 ,N/A,N/A,N/A,88.18%,N/A
Sports (Legacy),Senor Health,United States,N/A,$34.88  ~ $74.07 ,N/A,N/A,N/A,96.88%,N/A
Sports (Legacy),College,United States,N/A,$46.02  ~ $54.37 ,$66.27 ,N/A,0.07%,79.45%,N/A
Sports (Legacy),Cigars,United States,N/A,$38.87  ~ $42.49 ,N/A,N/A,N/A,53.85%,N/A
Sports (Legacy),Hunting/Shooting,United States,N/A,$19.41  ~ $19.41 ,N/A,N/A,N/A,100.00%,N/A
Sports (Legacy),Theme Parks,United States,N/A,$40.15  ~ $98.98 ,N/A,N/A,N/A,50.00%,N/A
Sports (Legacy),Card Games,United States,N/A,$60.96  ~ $61.11 ,N/A,N/A,N/A,95.31%,N/A
Sports (Legacy),Card Games,Canada,N/A,$40.52  ~ $40.74 ,N/A,N/A,N/A,98.21%,N/A
Sports (Legacy),Catholicism,United States,N/A,$53.56  ~ $108.54 ,N/A,N/A,N/A,64.29%,N/A
Sports (Legacy),Insurance,United States,N/A,$50.96  ~ $51.02 ,$227.31 ,N/A,0.02%,85.11%,N/A
Sports (Legacy),Graduate School,United States,N/A,$33.35  ~ $33.54 ,$32.47 ,N/A,0.10%,79.53%,N/A
Sports (Legacy),Appliances,United States,N/A,$21.59  ~ $21.59 ,N/A,N/A,N/A,91.88%,N/A
Sports (Legacy),Coffee/Tea,United States,N/A,$26.87  ~ $26.87 ,N/A,N/A,N/A,100.00%,N/A
Sports (Legacy),Video & Computer Games,United States,N/A,$47.04  ~ $47.04 ,N/A,N/A,N/A,56.41%,N/A
Sports (Legacy),Home & Garden,United States,3,$28.02  ~ $39.07 ,$49.22 ,N/A,0.06%,72.73%,N/A
Sports (Legacy),Marketing,United States,N/A,$27.15  ~ $27.15 ,N/A,N/A,N/A,100.00%,N/A
Sports (Legacy),Retirement Planning,United States,N/A,$41.94  ~ $86.80 ,N/A,N/A,N/A,90.40%,N/A
Sports (Legacy),Nutrition,Canada,N/A,$45.29  ~ $45.29 ,N/A,N/A,N/A,100.00%,N/A
Sports (Legacy),Clothing,United States,2,$38.07  ~ $38.08 ,N/A,N/A,N/A,77.97%,N/A
Sports (Legacy),Clothing,Canada,N/A,$37.63  ~ $37.63 ,N/A,N/A,N/A,73.17%,N/A
Sports (Legacy),Logistics,United States,10,$42.40  ~ $42.97 ,$81.07 ,N/A,0.05%,83.93%,N/A
Sports (Legacy),Landscaping,United States,N/A,$40.85  ~ $40.85 ,N/A,N/A,N/A,92.86%,N/A
Sports (Legacy),Buying/Selling Homes,United States,2,$36.85  ~ $36.85 ,N/A,N/A,N/A,70.59%,N/A
Sports (Legacy),Buying/Selling Homes,Canada,N/A,$39.06  ~ $39.79 ,N/A,N/A,N/A,85.71%,N/A
Sports (Legacy),Contests & Freebies,United States,N/A,$38.46  ~ $38.46 ,N/A,N/A,N/A,87.68%,N/A
Sports (Legacy),Physical Therapy,United States,N/A,$67.77  ~ $67.77 ,N/A,N/A,N/A,92.31%,N/A
Sports (Legacy),Arts & Entertainment,United States,N/A,$28.34  ~ $28.87 ,$14.61 ,N/A,0.20%,76.43%,N/A
Sports (Legacy),Arts & Entertainment,Canada,N/A,$47.63  ~ $47.63 ,N/A,N/A,N/A,100.00%,N/A
Sports (Legacy),Home Repair,United States,N/A,$46.63  ~ $47.96 ,$254.78 ,N/A,0.02%,94.10%,N/A
Sports (Legacy),Home Repair,Canada,N/A,$26.15  ~ $62.87 ,N/A,N/A,N/A,98.06%,N/A
Sports (Legacy),Fine Art,United States,N/A,$28.14  ~ $29.94 ,N/A,N/A,N/A,70.28%,N/A
Sports (Legacy),Cruises,Canada,N/A,$35.86  ~ $84.80 ,$3.52 ,N/A,1.02%,79.11%,N/A
Sports (Legacy),Cruises,United States,N/A,$26.91  ~ $26.98 ,$432.37 ,N/A,0.01%,96.46%,N/A
Sports (Legacy),Remodeling & Construction,United States,N/A,$32.81  ~ $35.67 ,$2.43 ,N/A,1.47%,80.95%,N/A
Sports (Legacy),Pets,United States,N/A,$33.71  ~ $33.71 ,N/A,N/A,N/A,58.82%,N/A
Sports (Legacy),Apartments,United States,N/A,$26.97  ~ $26.97 ,N/A,N/A,N/A,81.03%,N/A
Sports (Legacy),Health & Fitness,United States,3,$36.96  ~ $37.74 ,$316.37 ,N/A,0.01%,82.08%,N/A
Sports (Legacy),Health & Fitness,Canada,N/A,$28.09  ~ $59.89 ,N/A,N/A,N/A,81.08%,N/A
Sports (Legacy),Interior Decorating,Canada,N/A,$44.82  ~ $44.82 ,N/A,N/A,N/A,100.00%,N/A
Sports (Legacy),Interior Decorating,United States,N/A,$32.05  ~ $32.36 ,$84.47 ,N/A,0.04%,81.27%,N/A
Sports (Legacy),"Law, Gov't & Politics",United States,N/A,$26.97  ~ $31.51 ,N/A,N/A,N/A,100.00%,N/A
Sports (Legacy),Adult Education,United States,N/A,$34.94  ~ $39.61 ,N/A,N/A,N/A,70.83%,N/A
Sports (Legacy),Health/Lowfat Cooking,United States,N/A,$17.06  ~ $17.06 ,N/A,N/A,N/A,100.00%,N/A
Sports (Legacy),Pediatrics,United States,N/A,$38.67  ~ $79.95 ,N/A,N/A,N/A,100.00%,N/A
Sports (Legacy),Swimming,United States,1,$26.03  ~ $30.82 ,N/A,N/A,N/A,90.44%,N/A
Sports (Legacy),Hobbies & Interests,United States,N/A,$25.96  ~ $33.40 ,N/A,N/A,N/A,100.00%,N/A
Sports (Legacy),Green Solutions,Canada,N/A,$43.13  ~ $43.13 ,N/A,N/A,N/A,100.00%,N/A
Sports (Legacy),Green Solutions,United States,N/A,$33.79  ~ $33.89 ,N/A,N/A,N/A,78.65%,N/A
Sports (Legacy),Education,United States,1,$40.08  ~ $45.66 ,N/A,N/A,N/A,75.46%,N/A
Sports (Legacy),Education,Canada,N/A,$27.73  ~ $61.96 ,$4.74 ,N/A,0.58%,64.74%,N/A
Sports (Legacy),Buying/Selling Cars,United States,N/A,$39.64  ~ $40.03 ,$14.56 ,N/A,0.27%,90.66%,N/A
Sports (Legacy),Buying/Selling Cars,Canada,N/A,$66.89  ~ $66.92 ,$27.06 ,N/A,0.25%,73.85%,N/A
Sports (Legacy),Auto Repair,United States,N/A,$51.06  ~ $61.24 ,N/A,N/A,N/A,92.32%,N/A
Sports (Legacy),Cancer,United States,N/A,$40.09  ~ $40.09 ,N/A,N/A,N/A,99.44%,N/A
Sports (Legacy),Gardening,Canada,N/A,$19.43  ~ $19.43 ,N/A,N/A,N/A,100.00%,N/A
Sports (Legacy),Gardening,United States,N/A,$35.67  ~ $35.67 ,N/A,N/A,N/A,86.96%,N/A
Sports (Legacy),Business Software,United States,N/A,$85.94  ~ $91.14 ,N/A,N/A,N/A,97.15%,N/A
Sports (Legacy),Biotech/Biomedical,United States,N/A,$38.21  ~ $40.59 ,N/A,N/A,N/A,95.83%,N/A
Sports (Legacy),News,United States,N/A,$33.16  ~ $39.04 ,N/A,N/A,N/A,94.44%,N/A
Sports (Legacy),Desserts & Baking,United States,N/A,$42.64  ~ $42.64 ,N/A,N/A,N/A,97.30%,N/A
Sports (Legacy),Art/Technology,United States,N/A,$26.08  ~ $26.08 ,$312.93 ,N/A,0.01%,88.93%,N/A
Sports (Legacy),Cameras & Camcorders,United States,N/A,$56.33  ~ $56.33 ,N/A,N/A,N/A,79.03%,N/A
Sports (Legacy),Jewelry,United States,N/A,$39.41  ~ $40.13 ,N/A,N/A,N/A,80.36%,N/A
Sports (Legacy),Pro Basketball,United States,N/A,$18.08  ~ $18.18 ,N/A,N/A,N/A,77.40%,N/A
Sports (Legacy),Internet Technology,United States,N/A,$94.05  ~ $94.05 ,N/A,N/A,N/A,95.35%,N/A
Sports (Legacy),Advertising,United States,N/A,$37.90  ~ $40.32 ,N/A,N/A,N/A,96.35%,N/A
Sports (Legacy),Psychology/Psychiatry,United States,N/A,$32.68  ~ $51.54 ,$605.05 ,N/A,0.01%,76.14%,N/A
Sports (Legacy),Mutual Funds,United States,N/A,$47.20  ~ $57.23 ,N/A,N/A,N/A,90.70%,N/A
Sports (Legacy),Off-Road Vehicles,United States,N/A,$23.32  ~ $23.32 ,N/A,N/A,N/A,66.27%,N/A
Sports (Legacy),Dental Care,United States,N/A,$14.32  ~ $14.32 ,N/A,N/A,N/A,60.00%,N/A
Sports (Legacy),Birdwatching,United States,N/A,$42.51  ~ $98.04 ,N/A,N/A,N/A,90.18%,N/A
Sports (Legacy),Bed & Breakfasts,United States,N/A,$37.04  ~ $37.04 ,N/A,N/A,N/A,91.94%,N/A
Sports (Legacy),Exercise,United States,N/A,$27.80  ~ $50.86 ,N/A,N/A,N/A,95.31%,N/A
Sports (Legacy),Politics,United States,N/A,$46.24  ~ $61.23 ,$60.16 ,N/A,0.10%,83.10%,N/A
Sports (Legacy),Credit/Debt & Loans,United States,N/A,$15.52  ~ $17.97 ,N/A,N/A,N/A,89.45%,N/A
Sports (Legacy),Investing,United States,N/A,$31.43  ~ $31.43 ,N/A,N/A,N/A,66.67%,N/A
Sports (Legacy),Cocktails/Beer,United States,N/A,$33.35  ~ $33.35 ,N/A,N/A,N/A,94.57%,N/A
Sports (Legacy),Job Search,United States,2,$38.50  ~ $38.50 ,$48.50 ,N/A,0.08%,76.50%,N/A
Sports (Legacy),Music,United States,N/A,$24.05  ~ $25.27 ,N/A,N/A,N/A,89.06%,N/A
Sports (Legacy),Business,United States,2,$32.34  ~ $33.69 ,$44.54 ,N/A,0.08%,83.17%,N/A
Sports (Legacy),Business,Canada,N/A,$52.22  ~ $108.09 ,N/A,N/A,N/A,66.67%,N/A
Sports (Legacy),Shopping,United States,N/A,$28.31  ~ $28.32 ,$137.42 ,N/A,0.02%,81.09%,N/A
Sports (Legacy),Family & Parenting,United States,N/A,$35.54  ~ $36.23 ,N/A,N/A,N/A,88.18%,N/A
Sports (Legacy),Food & Drink,United States,N/A,$30.11  ~ $30.15 ,N/A,N/A,N/A,96.40%,N/A
Sports (Legacy),Real Estate,United States,N/A,$30.48  ~ $32.76 ,N/A,N/A,N/A,95.18%,N/A
Sports (Legacy),Investors & Patents,United States,N/A,$17.39  ~ $17.39 ,N/A,N/A,N/A,97.96%,N/A
Sports (Legacy),Human Resources,United States,N/A,$54.33  ~ $54.33 ,N/A,N/A,N/A,93.09%,N/A
Sports (Legacy),Human Resources,Canada,N/A,$33.12  ~ $33.12 ,N/A,N/A,N/A,100.00%,N/A
Sports (Legacy),Alternative Medicine,United States,N/A,$28.14  ~ $28.14 ,N/A,N/A,N/A,88.24%,N/A
Sports (Legacy),K-6 Educators,United States,N/A,$32.75  ~ $32.91 ,N/A,N/A,N/A,78.83%,N/A
Sports (Legacy),Football,United States,N/A,$41.59  ~ $45.89 ,N/A,N/A,N/A,85.46%,N/A
Sports (Legacy),Automotive,Canada,N/A,$25.98  ~ $25.98 ,N/A,N/A,N/A,100.00%,N/A
Sports (Legacy),Automotive,United States,N/A,$37.53  ~ $37.91 ,$776.04 ,N/A,0.00%,82.97%,N/A
Sports (Legacy),Computer Networking,United States,N/A,$36.64  ~ $81.23 ,N/A,N/A,N/A,65.00%,N/A
Sports (Legacy),Accessories,United States,N/A,$87.96  ~ $87.96 ,N/A,N/A,N/A,98.16%,N/A
Sports (Legacy),Auto Parts,United States,N/A,$35.01  ~ $36.51 ,N/A,N/A,N/A,100.00%,N/A
Sports (Legacy),Arts & Crafts,United States,N/A,$67.82  ~ $67.82 ,N/A,N/A,N/A,N/A,N/A
Sports (Legacy),Legal Issues,United States,N/A,$38.43  ~ $38.73 ,N/A,N/A,N/A,88.39%,N/A
Sports (Legacy),Legal Issues,Canada,N/A,$40.70  ~ $44.36 ,N/A,N/A,N/A,99.34%,N/A
Sports (Legacy),Dining Out,United States,N/A,$26.28  ~ $27.98 ,N/A,N/A,N/A,77.27%,N/A
Sports (Legacy),Dining Out,Canada,N/A,$17.65  ~ $41.34 ,N/A,N/A,N/A,100.00%,N/A
Sports (Legacy),Senior Living,United States,N/A,$37.71  ~ $43.50 ,N/A,N/A,N/A,100.00%,N/A
Sports (Legacy),Agriculture,United States,N/A,$14.76  ~ $14.76 ,N/A,N/A,N/A,N/A,N/A
Sports (Legacy),Air Travel,United States,N/A,$33.60  ~ $33.60 ,$564.89 ,N/A,0.01%,81.87%,N/A
Sports (Legacy),Metals,United States,N/A,$78.48  ~ $78.93 ,$338.19 ,N/A,0.02%,93.78%,N/A
Sports (Legacy),Metals,Canada,N/A,$42.13  ~ $98.83 ,N/A,N/A,N/A,100.00%,N/A
Sports (Legacy),Construction,United States,1,$39.63  ~ $39.63 ,N/A,N/A,N/A,74.91%,N/A
Sports (Legacy),Careers,United States,N/A,$21.98  ~ $21.98 ,N/A,N/A,N/A,76.39%,N/A
Sports (Legacy),Internet Technology,Canada,N/A,$0.00  ~ $0.00 ,N/A,N/A,N/A,N/A,N/A
Sports (Legacy),Martial Arts,United States,N/A,$0.00  ~ $0.00 ,N/A,N/A,N/A,N/A,N/A
Sports (Legacy),Advertising,Canada,N/A,$0.00  ~ $0.00 ,N/A,N/A,N/A,N/A,N/A
Sports (Legacy),Logistics,Canada,N/A,$0.00  ~ $0.00 ,N/A,N/A,N/A,N/A,N/A
Sports (Legacy),By US Locale,United States,N/A,$0.00  ~ $0.00 ,N/A,N/A,N/A,N/A,N/A
Sports (Legacy),Career Planning,United States,N/A,$0.00  ~ $0.00 ,N/A,N/A,N/A,N/A,N/A
Sports (Legacy),News,Canada,N/A,$0.00  ~ $0.00 ,N/A,N/A,N/A,N/A,N/A
Sports (Legacy),Weight Loss,United States,N/A,$0.00  ~ $0.00 ,N/A,N/A,N/A,N/A,N/A
Sports (Legacy),Network Security,United States,N/A,$0.00  ~ $0.00 ,N/A,N/A,N/A,N/A,N/A
Sports (Legacy),Fine Art,Canada,N/A,$0.00  ~ $0.00 ,N/A,N/A,N/A,N/A,N/A
Sports (Legacy),Business Software,Canada,N/A,$0.00  ~ $0.00 ,N/A,N/A,N/A,N/A,N/A
Sports (Legacy),Dogs,United States,N/A,$0.00  ~ $0.00 ,N/A,N/A,N/A,N/A,N/A
Sports (Legacy),Dogs,Canada,N/A,$0.00  ~ $0.00 ,N/A,N/A,N/A,N/A,N/A
Sports (Legacy),Honeymoons/Getaways,United States,N/A,$0.00  ~ $0.00 ,N/A,N/A,N/A,N/A,N/A
Sports (Legacy),Technology & Computing,United States,N/A,$0.00  ~ $0.00 ,N/A,N/A,N/A,N/A,N/A
Sports (Legacy),Credit/Debt & Loans,Canada,N/A,$0.00  ~ $0.00 ,N/A,N/A,N/A,N/A,N/A
Sports (Legacy),Veterinary Medicine,United States,N/A,$0.00  ~ $0.00 ,N/A,N/A,N/A,N/A,N/A
Sports (Legacy),Couponing,United States,N/A,$0.00  ~ $0.00 ,N/A,N/A,N/A,N/A,N/A
Sports (Legacy),Real Estate,Canada,N/A,$0.00  ~ $0.00 ,N/A,N/A,N/A,N/A,N/A
Sports (Legacy),Government,United States,N/A,$0.00  ~ $0.00 ,N/A,N/A,N/A,N/A,N/A
Sports (Legacy),Insurance,Canada,N/A,$0.00  ~ $0.00 ,N/A,N/A,N/A,N/A,N/A
Sports (Legacy),Computer Peripherals,United States,N/A,$0.00  ~ $0.00 ,N/A,N/A,N/A,N/A,N/A
Sports (Legacy),Agriculture,Canada,N/A,$0.00  ~ $0.00 ,N/A,N/A,N/A,N/A,N/A
Sports (Legacy),Weddings,United States,N/A,$0.00  ~ $0.00 ,N/A,N/A,N/A,N/A,N/A
Sports (Legacy),Off-Road Vehicles,Canada,N/A,$0.00  ~ $0.00 ,N/A,N/A,N/A,N/A,N/A
Sports (Legacy),Environmental Safety,United States,N/A,$0.00  ~ $0.00 ,N/A,N/A,N/A,N/A,N/A
Sports (Legacy),Radio,United States,N/A,$0.00  ~ $0.00 ,N/A,N/A,N/A,N/A,N/A
Sports (Legacy),Food & Drink,Canada,N/A,$0.00  ~ $0.00 ,N/A,N/A,N/A,N/A,N/A
Sports (Legacy),Careers,Canada,N/A,$0.00  ~ $0.00 ,N/A,N/A,N/A,N/A,N/A
Sports (Legacy),Canada,Canada,N/A,$0.00  ~ $0.00 ,N/A,N/A,N/A,N/A,N/A
Style & Fashion (Legacy),Business Software,United States,N/A,$13.61  ~ $13.61 ,N/A,N/A,N/A,100.00%,N/A
Style & Fashion (Legacy),Personal Finance,United States,N/A,$36.42  ~ $36.42 ,$2.45 ,N/A,1.49%,89.80%,N/A
Style & Fashion (Legacy),Legal Issues,United States,N/A,$44.33  ~ $44.33 ,N/A,N/A,N/A,66.67%,N/A
Style & Fashion (Legacy),Mutual Funds,United States,N/A,$44.87  ~ $45.21 ,N/A,N/A,N/A,61.90%,N/A
Style & Fashion (Legacy),Off-Road Vehicles,United States,N/A,$23.14  ~ $23.14 ,N/A,N/A,N/A,66.67%,N/A
Style & Fashion (Legacy),Logistics,United States,N/A,$39.21  ~ $39.34 ,N/A,N/A,N/A,81.82%,N/A
Style & Fashion (Legacy),Card Games,United States,N/A,$87.52  ~ $87.52 ,N/A,N/A,N/A,33.33%,N/A
Style & Fashion (Legacy),Construction,United States,N/A,$40.07  ~ $40.07 ,N/A,N/A,N/A,87.50%,N/A
Style & Fashion (Legacy),Green Solutions,United States,N/A,$21.99  ~ $21.99 ,N/A,N/A,N/A,66.67%,N/A
Style & Fashion (Legacy),Interior Decorating,United States,N/A,$34.31  ~ $35.58 ,N/A,N/A,N/A,79.07%,N/A
Style & Fashion (Legacy),Insurance,United States,N/A,$40.81  ~ $41.63 ,N/A,N/A,N/A,70.00%,N/A
Style & Fashion (Legacy),Shopping,United States,N/A,$35.38  ~ $35.38 ,N/A,N/A,N/A,71.43%,N/A
Style & Fashion (Legacy),Shopping,Canada,N/A,$32.60  ~ $32.60 ,N/A,N/A,N/A,100.00%,N/A
Style & Fashion (Legacy),Home Repair,United States,N/A,$37.44  ~ $42.17 ,N/A,N/A,N/A,87.50%,N/A
Style & Fashion (Legacy),Family & Parenting,United States,N/A,$41.59  ~ $41.59 ,N/A,N/A,N/A,90.63%,N/A
Style & Fashion (Legacy),Education,United States,N/A,$40.84  ~ $92.90 ,N/A,N/A,N/A,100.00%,N/A
Style & Fashion (Legacy),Biotech/Biomedical,United States,N/A,$30.62  ~ $68.05 ,N/A,N/A,N/A,50.00%,N/A
Style & Fashion (Legacy),Music,United States,N/A,$16.49  ~ $16.49 ,N/A,N/A,N/A,50.00%,N/A
Style & Fashion (Legacy),Job Search,United States,N/A,$36.19  ~ $36.19 ,$1.66 ,N/A,2.17%,61.36%,N/A
Style & Fashion (Legacy),Travel,United States,N/A,$34.63  ~ $35.37 ,N/A,N/A,N/A,80.77%,N/A
Style & Fashion (Legacy),Cold & Flu,United States,N/A,$38.61  ~ $87.72 ,N/A,N/A,N/A,66.67%,N/A
Style & Fashion (Legacy),Hotels,United States,N/A,$24.19  ~ $24.19 ,N/A,N/A,N/A,N/A,N/A
Style & Fashion (Legacy),Exercise,United States,N/A,$27.24  ~ $64.73 ,N/A,N/A,N/A,100.00%,N/A
Style & Fashion (Legacy),Auto Repair,United States,N/A,$34.51  ~ $81.34 ,N/A,N/A,N/A,70.00%,N/A
Style & Fashion (Legacy),K-6 Educators,United States,N/A,$25.01  ~ $25.01 ,N/A,N/A,N/A,25.00%,N/A
Style & Fashion (Legacy),Pro Basketball,United States,N/A,$17.56  ~ $17.56 ,N/A,N/A,N/A,83.33%,N/A
Style & Fashion (Legacy),Graduate School,United States,N/A,$44.58  ~ $44.58 ,N/A,N/A,N/A,80.00%,N/A
Style & Fashion (Legacy),Automotive,United States,N/A,$32.19  ~ $32.19 ,N/A,N/A,N/A,100.00%,N/A
Style & Fashion (Legacy),Careers,United States,N/A,$26.66  ~ $26.66 ,N/A,N/A,N/A,80.65%,N/A
Style & Fashion (Legacy),Health & Fitness,United States,N/A,$51.96  ~ $54.51 ,N/A,N/A,N/A,77.63%,N/A
Style & Fashion (Legacy),Real Estate,United States,N/A,$53.17  ~ $119.97 ,N/A,N/A,N/A,100.00%,N/A
Style & Fashion (Legacy),Accessories,United States,N/A,$32.75  ~ $32.75 ,N/A,N/A,N/A,100.00%,N/A
Style & Fashion (Legacy),Home & Garden,United States,N/A,$28.82  ~ $36.98 ,$6.51 ,N/A,0.44%,80.61%,N/A
Style & Fashion (Legacy),Metals,United States,N/A,$40.80  ~ $45.44 ,N/A,N/A,N/A,50.00%,N/A
Style & Fashion (Legacy),Arts & Entertainment,United States,N/A,$37.25  ~ $38.23 ,N/A,N/A,N/A,78.57%,N/A
Style & Fashion (Legacy),Remodeling & Construction,United States,N/A,$37.39  ~ $77.62 ,N/A,N/A,N/A,73.33%,N/A
Style & Fashion (Legacy),Business,United States,N/A,$42.25  ~ $42.62 ,N/A,N/A,N/A,85.42%,N/A
Style & Fashion (Legacy),Adult Education,United States,N/A,$12.43  ~ $12.43 ,N/A,N/A,N/A,100.00%,N/A
Style & Fashion (Legacy),Politics,United States,N/A,$45.92  ~ $56.40 ,$3.74 ,N/A,1.51%,82.49%,N/A
Style & Fashion (Legacy),College,United States,N/A,$33.97  ~ $43.78 ,N/A,N/A,N/A,73.68%,N/A
Style & Fashion (Legacy),Fine Art,United States,N/A,$23.14  ~ $23.14 ,N/A,N/A,N/A,100.00%,N/A
Style & Fashion (Legacy),Gardening,United States,N/A,$40.81  ~ $40.81 ,N/A,N/A,N/A,N/A,N/A
Style & Fashion (Legacy),Football,United States,N/A,$27.33  ~ $57.78 ,N/A,N/A,N/A,50.00%,N/A
Style & Fashion (Legacy),Dining Out,United States,N/A,$0.00  ~ $0.00 ,N/A,N/A,N/A,N/A,N/A
Style & Fashion (Legacy),Nutrition,Canada,N/A,$47.27  ~ $47.27 ,N/A,N/A,N/A,100.00%,N/A
Style & Fashion (Legacy),Psychology/Psychiatry,United States,N/A,$32.49  ~ $37.64 ,N/A,N/A,N/A,80.43%,N/A
Style & Fashion (Legacy),Clothing,United States,N/A,$36.32  ~ $36.32 ,N/A,N/A,N/A,77.78%,N/A
Style & Fashion (Legacy),Clothing,Canada,N/A,$46.02  ~ $46.02 ,N/A,N/A,N/A,100.00%,N/A
Style & Fashion (Legacy),News,United States,N/A,$46.90  ~ $62.89 ,N/A,N/A,N/A,N/A,N/A
Style & Fashion (Legacy),Buying/Selling Homes,United States,N/A,$24.33  ~ $24.33 ,N/A,N/A,N/A,100.00%,N/A
Style & Fashion (Legacy),Buying/Selling Cars,United States,N/A,$36.83  ~ $38.37 ,N/A,N/A,N/A,76.09%,N/A
Style & Fashion (Legacy),Incest/Abuse Support,United States,N/A,$48.64  ~ $48.64 ,N/A,N/A,N/A,100.00%,N/A
Style & Fashion (Legacy),Video & Computer Games,United States,N/A,$46.09  ~ $46.09 ,N/A,N/A,N/A,N/A,N/A
Style & Fashion (Legacy),Cruises,United States,N/A,$32.27  ~ $32.73 ,N/A,N/A,N/A,100.00%,N/A
Style & Fashion (Legacy),Credit/Debt & Loans,United States,N/A,$11.62  ~ $11.62 ,N/A,N/A,N/A,78.57%,N/A
Style & Fashion (Legacy),Cigars,United States,N/A,$35.12  ~ $85.73 ,N/A,N/A,N/A,100.00%,N/A
Style & Fashion (Legacy),Buying/Selling Cars,Canada,N/A,$0.00  ~ $0.00 ,N/A,N/A,N/A,N/A,N/A
Style & Fashion (Legacy),Bed & Breakfasts,United States,N/A,$0.00  ~ $0.00 ,N/A,N/A,N/A,N/A,N/A
Style & Fashion (Legacy),Apartments,United States,N/A,$0.00  ~ $0.00 ,N/A,N/A,N/A,N/A,N/A
Style & Fashion (Legacy),Internet Technology,United States,N/A,$0.00  ~ $0.00 ,N/A,N/A,N/A,N/A,N/A
Style & Fashion (Legacy),Metals,Canada,N/A,$0.00  ~ $0.00 ,N/A,N/A,N/A,N/A,N/A
Style & Fashion (Legacy),Investing,United States,N/A,$0.00  ~ $0.00 ,N/A,N/A,N/A,N/A,N/A
Style & Fashion (Legacy),Health/Lowfat Cooking,United States,N/A,$0.00  ~ $0.00 ,N/A,N/A,N/A,N/A,N/A
Style & Fashion (Legacy),Dental Care,United States,N/A,$0.00  ~ $0.00 ,N/A,N/A,N/A,N/A,N/A
Style & Fashion (Legacy),Insurance,Canada,N/A,$0.00  ~ $0.00 ,N/A,N/A,N/A,N/A,N/A
Style & Fashion (Legacy),Automotive,Canada,N/A,$0.00  ~ $0.00 ,N/A,N/A,N/A,N/A,N/A
Style & Fashion (Legacy),News,Canada,N/A,$0.00  ~ $0.00 ,N/A,N/A,N/A,N/A,N/A
Style & Fashion (Legacy),Landscaping,United States,N/A,$0.00  ~ $0.00 ,N/A,N/A,N/A,N/A,N/A
Style & Fashion (Legacy),Business Software,Canada,N/A,$0.00  ~ $0.00 ,N/A,N/A,N/A,N/A,N/A
Style & Fashion (Legacy),Environmental Safety,United States,N/A,$0.00  ~ $0.00 ,N/A,N/A,N/A,N/A,N/A
Style & Fashion (Legacy),Sailing,United States,N/A,$0.00  ~ $0.00 ,N/A,N/A,N/A,N/A,N/A
Style & Fashion (Legacy),Legal Issues,Canada,N/A,$0.00  ~ $0.00 ,N/A,N/A,N/A,N/A,N/A
Style & Fashion (Legacy),Computer Peripherals,United States,N/A,$0.00  ~ $0.00 ,N/A,N/A,N/A,N/A,N/A
Style & Fashion (Legacy),Jewelry,United States,N/A,$0.00  ~ $0.00 ,N/A,N/A,N/A,N/A,N/A
Style & Fashion (Legacy),Art/Technology,United States,N/A,$0.00  ~ $0.00 ,N/A,N/A,N/A,N/A,N/A
Style & Fashion (Legacy),Real Estate,Canada,N/A,$0.00  ~ $0.00 ,N/A,N/A,N/A,N/A,N/A
Style & Fashion (Legacy),Investors & Patents,United States,N/A,$0.00  ~ $0.00 ,N/A,N/A,N/A,N/A,N/A
Style & Fashion (Legacy),Theme Parks,United States,N/A,$0.00  ~ $0.00 ,N/A,N/A,N/A,N/A,N/A
Style & Fashion (Legacy),Canada,Canada,N/A,$0.00  ~ $0.00 ,N/A,N/A,N/A,N/A,N/A
Style & Fashion (Legacy),Arts & Crafts,United States,N/A,$0.00  ~ $0.00 ,N/A,N/A,N/A,N/A,N/A
Style & Fashion (Legacy),Careers,Canada,N/A,$0.00  ~ $0.00 ,N/A,N/A,N/A,N/A,N/A
Style & Fashion (Legacy),Logistics,Canada,N/A,$0.00  ~ $0.00 ,N/A,N/A,N/A,N/A,N/A
Style & Fashion (Legacy),Desserts & Baking,United States,N/A,$0.00  ~ $0.00 ,N/A,N/A,N/A,N/A,N/A
Style & Fashion (Legacy),Hobbies & Interests,United States,N/A,$0.00  ~ $0.00 ,N/A,N/A,N/A,N/A,N/A
Style & Fashion (Legacy),Cocktails/Beer,United States,N/A,$0.00  ~ $0.00 ,N/A,N/A,N/A,N/A,N/A
Style & Fashion (Legacy),Contests & Freebies,United States,N/A,$0.00  ~ $0.00 ,N/A,N/A,N/A,N/A,N/A
Style & Fashion (Legacy),Radio,United States,N/A,$0.00  ~ $0.00 ,N/A,N/A,N/A,N/A,N/A
Style & Fashion (Legacy),Alternative Medicine,United States,N/A,$0.00  ~ $0.00 ,N/A,N/A,N/A,N/A,N/A
Style & Fashion (Legacy),Agriculture,United States,N/A,$0.00  ~ $0.00 ,N/A,N/A,N/A,N/A,N/A
Style & Fashion (Legacy),"Law, Gov't & Politics",United States,N/A,$0.00  ~ $0.00 ,N/A,N/A,N/A,N/A,N/A
Style & Fashion (Legacy),Human Resources,United States,N/A,$0.00  ~ $0.00 ,N/A,N/A,N/A,N/A,N/A
Style & Fashion (Legacy),Human Resources,Canada,N/A,$0.00  ~ $0.00 ,N/A,N/A,N/A,N/A,N/A
Style & Fashion (Legacy),Card Games,Canada,N/A,$0.00  ~ $0.00 ,N/A,N/A,N/A,N/A,N/A
Style & Fashion (Legacy),Cancer,United States,N/A,$0.00  ~ $0.00 ,N/A,N/A,N/A,N/A,N/A
Style & Fashion (Legacy),Home Repair,Canada,N/A,$0.00  ~ $0.00 ,N/A,N/A,N/A,N/A,N/A
Style & Fashion (Legacy),Food & Drink,United States,N/A,$0.00  ~ $0.00 ,N/A,N/A,N/A,N/A,N/A
Style & Fashion (Legacy),Food & Drink,Canada,N/A,$0.00  ~ $0.00 ,N/A,N/A,N/A,N/A,N/A
Style & Fashion (Legacy),Pediatrics,United States,N/A,$0.00  ~ $0.00 ,N/A,N/A,N/A,N/A,N/A
Style & Fashion (Legacy),Health & Fitness,Canada,N/A,$0.00  ~ $0.00 ,N/A,N/A,N/A,N/A,N/A
Style & Fashion (Legacy),Auto Parts,United States,N/A,$0.00  ~ $0.00 ,N/A,N/A,N/A,N/A,N/A
Style & Fashion (Legacy),Birdwatching,United States,N/A,$0.00  ~ $0.00 ,N/A,N/A,N/A,N/A,N/A
Style & Fashion (Legacy),Computer Networking,United States,N/A,$0.00  ~ $0.00 ,N/A,N/A,N/A,N/A,N/A
Style & Fashion (Legacy),Advertising,United States,N/A,$0.00  ~ $0.00 ,N/A,N/A,N/A,N/A,N/A
Style & Fashion (Legacy),Advertising,Canada,N/A,$0.00  ~ $0.00 ,N/A,N/A,N/A,N/A,N/A
Style & Fashion (Legacy),Honeymoons/Getaways,United States,N/A,$0.00  ~ $0.00 ,N/A,N/A,N/A,N/A,N/A
Style & Fashion (Legacy),Pets,United States,N/A,$0.00  ~ $0.00 ,N/A,N/A,N/A,N/A,N/A
Style & Fashion (Legacy),Retirement Planning,United States,N/A,$0.00  ~ $0.00 ,N/A,N/A,N/A,N/A,N/A
Style & Fashion (Legacy),Appliances,United States,N/A,$0.00  ~ $0.00 ,N/A,N/A,N/A,N/A,N/A
Style & Fashion (Legacy),Books & Literature,United States,N/A,$0.00  ~ $0.00 ,N/A,N/A,N/A,N/A,N/A
Style & Fashion (Legacy),Couponing,United States,N/A,$0.00  ~ $0.00 ,N/A,N/A,N/A,N/A,N/A
Style & Fashion (Legacy),Credit/Debt & Loans,Canada,N/A,$0.00  ~ $0.00 ,N/A,N/A,N/A,N/A,N/A
Style & Fashion (Legacy),Interior Decorating,Canada,N/A,$0.00  ~ $0.00 ,N/A,N/A,N/A,N/A,N/A
Style & Fashion (Legacy),Technology & Computing,United States,N/A,$0.00  ~ $0.00 ,N/A,N/A,N/A,N/A,N/A
Style & Fashion (Legacy),Weight Loss,United States,N/A,$0.00  ~ $0.00 ,N/A,N/A,N/A,N/A,N/A
Style & Fashion (Legacy),Career Planning,United States,N/A,$0.00  ~ $0.00 ,N/A,N/A,N/A,N/A,N/A
Style & Fashion (Legacy),Coffee/Tea,United States,N/A,$0.00  ~ $0.00 ,N/A,N/A,N/A,N/A,N/A
Style & Fashion (Legacy),Senior Living,United States,N/A,$0.00  ~ $0.00 ,N/A,N/A,N/A,N/A,N/A
Style & Fashion (Legacy),Veterinary Medicine,United States,N/A,$0.00  ~ $0.00 ,N/A,N/A,N/A,N/A,N/A
Style & Fashion (Legacy),Business,Canada,N/A,$0.00  ~ $0.00 ,N/A,N/A,N/A,N/A,N/A
Style & Fashion (Legacy),Dogs,United States,N/A,$0.00  ~ $0.00 ,N/A,N/A,N/A,N/A,N/A
Style & Fashion (Legacy),Dogs,Canada,N/A,$0.00  ~ $0.00 ,N/A,N/A,N/A,N/A,N/A
Style & Fashion (Legacy),Hunting/Shooting,United States,N/A,$0.00  ~ $0.00 ,N/A,N/A,N/A,N/A,N/A
Style & Fashion (Legacy),Martial Arts,United States,N/A,$0.00  ~ $0.00 ,N/A,N/A,N/A,N/A,N/A
Style & Fashion (Legacy),Senor Health,United States,N/A,$0.00  ~ $0.00 ,N/A,N/A,N/A,N/A,N/A
Style & Fashion (Legacy),Physical Therapy,United States,N/A,$0.00  ~ $0.00 ,N/A,N/A,N/A,N/A,N/A
Style & Fashion (Legacy),Gardening,Canada,N/A,$0.00  ~ $0.00 ,N/A,N/A,N/A,N/A,N/A
Technology & Computing (Legacy),Food & Drink,United States,N/A,$21.80  ~ $22.62 ,N/A,N/A,N/A,66.67%,N/A
Technology & Computing (Legacy),Cold & Flu,United States,N/A,$10.93  ~ $37.73 ,N/A,N/A,N/A,97.50%,N/A
Technology & Computing (Legacy),Air Travel,United States,N/A,$30.46  ~ $30.46 ,N/A,N/A,N/A,66.67%,N/A
Technology & Computing (Legacy),Family & Parenting,United States,N/A,$35.87  ~ $37.12 ,$0.76 ,N/A,4.88%,91.43%,N/A
Technology & Computing (Legacy),Travel,United States,N/A,$31.06  ~ $33.14 ,N/A,N/A,N/A,77.01%,N/A
Technology & Computing (Legacy),Music,United States,N/A,$16.51  ~ $16.97 ,N/A,N/A,N/A,93.36%,N/A
Technology & Computing (Legacy),Credit/Debt & Loans,United States,N/A,$12.48  ~ $13.16 ,$7.65 ,N/A,0.17%,89.42%,N/A
Technology & Computing (Legacy),Graduate School,United States,N/A,$36.91  ~ $37.41 ,$1.65 ,N/A,2.27%,88.24%,N/A
Technology & Computing (Legacy),Psychology/Psychiatry,United States,N/A,$29.62  ~ $32.57 ,N/A,N/A,N/A,91.89%,N/A
Technology & Computing (Legacy),Home & Garden,United States,N/A,$30.35  ~ $34.81 ,$20.71 ,N/A,0.15%,83.40%,N/A
Technology & Computing (Legacy),Pro Basketball,United States,N/A,$17.62  ~ $17.62 ,N/A,N/A,N/A,96.83%,N/A
Technology & Computing (Legacy),"Law, Gov't & Politics",United States,N/A,$17.64  ~ $28.17 ,N/A,N/A,N/A,100.00%,N/A
Technology & Computing (Legacy),Card Games,United States,N/A,$67.06  ~ $70.06 ,N/A,N/A,N/A,46.67%,N/A
Technology & Computing (Legacy),Legal Issues,United States,N/A,$37.91  ~ $37.94 ,N/A,N/A,N/A,86.09%,N/A
Technology & Computing (Legacy),Automotive,United States,N/A,$37.51  ~ $37.51 ,N/A,N/A,N/A,97.44%,N/A
Technology & Computing (Legacy),Business Software,United States,N/A,$27.00  ~ $27.04 ,N/A,N/A,N/A,96.59%,N/A
Technology & Computing (Legacy),Biotech/Biomedical,United States,N/A,$32.53  ~ $32.83 ,N/A,N/A,N/A,98.36%,N/A
Technology & Computing (Legacy),Cigars,United States,N/A,$40.63  ~ $47.42 ,N/A,N/A,N/A,94.44%,N/A
Technology & Computing (Legacy),Retirement Planning,United States,N/A,$17.02  ~ $35.64 ,N/A,N/A,N/A,100.00%,N/A
Technology & Computing (Legacy),News,United States,N/A,$25.43  ~ $57.34 ,N/A,N/A,N/A,100.00%,N/A
Technology & Computing (Legacy),Insurance,United States,N/A,$40.43  ~ $40.75 ,N/A,N/A,N/A,94.44%,N/A
Technology & Computing (Legacy),Buying/Selling Cars,Canada,N/A,$65.99  ~ $65.99 ,$1.19 ,N/A,5.56%,91.67%,N/A
Technology & Computing (Legacy),Buying/Selling Cars,United States,N/A,$36.03  ~ $36.19 ,$3.01 ,N/A,1.20%,91.20%,N/A
Technology & Computing (Legacy),Remodeling & Construction,United States,N/A,$18.47  ~ $33.29 ,$2.70 ,N/A,1.23%,87.01%,N/A
Technology & Computing (Legacy),Senor Health,United States,N/A,$36.24  ~ $74.54 ,N/A,N/A,N/A,100.00%,N/A
Technology & Computing (Legacy),Adult Education,United States,N/A,$12.13  ~ $12.13 ,N/A,N/A,N/A,100.00%,N/A
Technology & Computing (Legacy),Investors & Patents,United States,N/A,$20.62  ~ $20.62 ,N/A,N/A,N/A,90.91%,N/A
Technology & Computing (Legacy),Alternative Medicine,United States,N/A,$24.48  ~ $24.48 ,N/A,N/A,N/A,40.00%,N/A
Technology & Computing (Legacy),Green Solutions,United States,N/A,$27.32  ~ $27.78 ,N/A,N/A,N/A,89.13%,N/A
Technology & Computing (Legacy),Health & Fitness,Canada,N/A,$28.21  ~ $61.53 ,N/A,N/A,N/A,98.15%,N/A
Technology & Computing (Legacy),Health & Fitness,United States,N/A,$46.51  ~ $53.76 ,$41.39 ,N/A,0.11%,70.22%,N/A
Technology & Computing (Legacy),Buying/Selling Homes,United States,N/A,$12.46  ~ $12.46 ,N/A,N/A,N/A,100.00%,N/A
Technology & Computing (Legacy),Cocktails/Beer,United States,N/A,$9.48  ~ $10.55 ,$0.19 ,N/A,5.56%,77.78%,N/A
Technology & Computing (Legacy),Nutrition,Canada,N/A,$47.26  ~ $47.26 ,N/A,N/A,N/A,100.00%,N/A
Technology & Computing (Legacy),Careers,United States,N/A,$22.58  ~ $22.58 ,N/A,N/A,N/A,90.72%,N/A
Technology & Computing (Legacy),Clothing,United States,N/A,$34.52  ~ $34.52 ,N/A,N/A,N/A,81.08%,N/A
Technology & Computing (Legacy),Clothing,Canada,N/A,$40.87  ~ $40.87 ,N/A,N/A,N/A,100.00%,N/A
Technology & Computing (Legacy),Shopping,United States,N/A,$32.08  ~ $32.44 ,N/A,N/A,N/A,84.06%,N/A
Technology & Computing (Legacy),Education,United States,N/A,$36.65  ~ $37.19 ,N/A,N/A,N/A,87.14%,N/A
Technology & Computing (Legacy),Construction,United States,N/A,$40.04  ~ $40.04 ,N/A,N/A,N/A,87.29%,N/A
Technology & Computing (Legacy),Metals,United States,N/A,$33.09  ~ $34.05 ,N/A,N/A,N/A,91.57%,N/A
Technology & Computing (Legacy),Incest/Abuse Support,United States,N/A,$33.19  ~ $36.72 ,N/A,N/A,N/A,96.77%,N/A
Technology & Computing (Legacy),Dining Out,United States,N/A,$29.77  ~ $33.87 ,N/A,N/A,N/A,25.00%,N/A
Technology & Computing (Legacy),Logistics,United States,N/A,$42.84  ~ $42.95 ,N/A,N/A,N/A,87.58%,N/A
Technology & Computing (Legacy),Interior Decorating,United States,N/A,$31.65  ~ $31.65 ,$17.63 ,N/A,0.18%,89.17%,N/A
Technology & Computing (Legacy),Job Search,United States,N/A,$34.90  ~ $34.90 ,$3.87 ,N/A,0.90%,64.15%,N/A
Technology & Computing (Legacy),Pets,United States,N/A,$23.54  ~ $23.54 ,N/A,N/A,N/A,100.00%,N/A
Technology & Computing (Legacy),Commentary,United States,N/A,$61.24  ~ $61.24 ,N/A,N/A,N/A,N/A,N/A
Technology & Computing (Legacy),Senior Living,United States,N/A,$38.91  ~ $84.18 ,N/A,N/A,N/A,50.00%,N/A
Technology & Computing (Legacy),Politics,United States,N/A,$36.78  ~ $37.78 ,$18.58 ,N/A,0.20%,97.64%,N/A
Technology & Computing (Legacy),Fine Art,United States,N/A,$24.12  ~ $24.68 ,N/A,N/A,N/A,92.00%,N/A
Technology & Computing (Legacy),Cameras & Camcorders,United States,N/A,$34.24  ~ $34.24 ,N/A,N/A,N/A,92.86%,N/A
Technology & Computing (Legacy),Contests & Freebies,United States,N/A,$45.00  ~ $45.00 ,N/A,N/A,N/A,100.00%,N/A
Technology & Computing (Legacy),Landscaping,United States,N/A,$68.05  ~ $68.05 ,N/A,N/A,N/A,100.00%,N/A
Technology & Computing (Legacy),Mutual Funds,United States,N/A,$29.93  ~ $33.20 ,N/A,N/A,N/A,75.95%,N/A
Technology & Computing (Legacy),College,United States,N/A,$31.63  ~ $58.97 ,N/A,N/A,N/A,93.11%,N/A
Technology & Computing (Legacy),Theme Parks,United States,N/A,$40.15  ~ $84.89 ,N/A,N/A,N/A,N/A,N/A
Technology & Computing (Legacy),Human Resources,United States,N/A,$19.49  ~ $19.49 ,N/A,N/A,N/A,76.19%,N/A
Technology & Computing (Legacy),Video & Computer Games,United States,N/A,$34.35  ~ $34.35 ,$0.41 ,N/A,8.33%,75.00%,N/A
Technology & Computing (Legacy),Motorcycles,United States,N/A,$16.28  ~ $16.31 ,N/A,N/A,N/A,80.00%,N/A
Technology & Computing (Legacy),Hobbies & Interests,United States,N/A,$22.35  ~ $22.35 ,N/A,N/A,N/A,90.00%,N/A
Technology & Computing (Legacy),Arts & Entertainment,United States,N/A,$34.40  ~ $34.66 ,N/A,N/A,N/A,66.27%,N/A
Technology & Computing (Legacy),Apartments,United States,N/A,$23.81  ~ $23.81 ,N/A,N/A,N/A,80.00%,N/A
Technology & Computing (Legacy),Football,United States,N/A,$0.00  ~ $23.86 ,N/A,N/A,N/A,88.57%,N/A
Technology & Computing (Legacy),Business,Canada,N/A,$56.71  ~ $56.71 ,N/A,N/A,N/A,100.00%,N/A
Technology & Computing (Legacy),Business,United States,N/A,$37.03  ~ $37.29 ,$27.00 ,N/A,0.14%,82.42%,N/A
Technology & Computing (Legacy),Personal Finance,United States,N/A,$24.41  ~ $24.65 ,$6.56 ,N/A,0.38%,80.01%,N/A
Technology & Computing (Legacy),Appliances,United States,N/A,$17.18  ~ $17.18 ,N/A,N/A,N/A,97.62%,N/A
Technology & Computing (Legacy),Hotels,United States,N/A,$25.32  ~ $25.32 ,N/A,N/A,N/A,71.43%,N/A
Technology & Computing (Legacy),Home Repair,United States,N/A,$33.41  ~ $33.44 ,N/A,N/A,N/A,75.94%,N/A
Technology & Computing (Legacy),Catholicism,United States,N/A,$55.08  ~ $120.17 ,N/A,N/A,N/A,81.82%,N/A
Technology & Computing (Legacy),Auto Repair,United States,N/A,$33.81  ~ $74.76 ,N/A,N/A,N/A,82.81%,N/A
Technology & Computing (Legacy),Advertising,United States,N/A,$36.23  ~ $36.24 ,N/A,N/A,N/A,97.37%,N/A
Technology & Computing (Legacy),K-6 Educators,United States,N/A,$23.87  ~ $23.87 ,N/A,N/A,N/A,95.65%,N/A
Technology & Computing (Legacy),Cruises,United States,N/A,$25.99  ~ $26.65 ,$15.40 ,N/A,0.17%,97.39%,N/A
Technology & Computing (Legacy),Off-Road Vehicles,United States,N/A,$22.67  ~ $22.67 ,N/A,N/A,N/A,80.95%,N/A
Technology & Computing (Legacy),Exercise,United States,N/A,$20.42  ~ $36.31 ,N/A,N/A,N/A,50.00%,N/A
Technology & Computing (Legacy),Veterinary Medicine,United States,N/A,$0.00  ~ $0.00 ,N/A,N/A,N/A,N/A,N/A
Technology & Computing (Legacy),Dogs,United States,N/A,$0.00  ~ $0.00 ,N/A,N/A,N/A,N/A,N/A
Technology & Computing (Legacy),Dogs,Canada,N/A,$0.00  ~ $0.00 ,N/A,N/A,N/A,N/A,N/A
Technology & Computing (Legacy),Coffee/Tea,United States,N/A,$0.00  ~ $0.00 ,N/A,N/A,N/A,N/A,N/A
Technology & Computing (Legacy),Bed & Breakfasts,United States,N/A,$0.00  ~ $0.00 ,N/A,N/A,N/A,N/A,N/A
Technology & Computing (Legacy),Computer Networking,United States,N/A,$0.00  ~ $0.00 ,N/A,N/A,N/A,N/A,N/A
Technology & Computing (Legacy),Computer Peripherals,United States,N/A,$0.00  ~ $0.00 ,N/A,N/A,N/A,N/A,N/A
Technology & Computing (Legacy),Advertising,Canada,N/A,$0.00  ~ $0.00 ,N/A,N/A,N/A,N/A,N/A
Technology & Computing (Legacy),Arts & Crafts,United States,N/A,$0.00  ~ $0.00 ,N/A,N/A,N/A,N/A,N/A
Technology & Computing (Legacy),Network Security,United States,N/A,$0.00  ~ $0.00 ,N/A,N/A,N/A,N/A,N/A
Technology & Computing (Legacy),Sexuality,United States,N/A,$0.00  ~ $0.00 ,N/A,N/A,N/A,N/A,N/A
Technology & Computing (Legacy),Card Games,Canada,N/A,$0.00  ~ $0.00 ,N/A,N/A,N/A,N/A,N/A
Technology & Computing (Legacy),Food & Drink,Canada,N/A,$0.00  ~ $0.00 ,N/A,N/A,N/A,N/A,N/A
Technology & Computing (Legacy),Auto Parts,United States,N/A,$0.00  ~ $0.00 ,N/A,N/A,N/A,N/A,N/A
Technology & Computing (Legacy),Sailing,United States,N/A,$0.00  ~ $0.00 ,N/A,N/A,N/A,N/A,N/A
Technology & Computing (Legacy),Gardening,United States,N/A,$0.00  ~ $0.00 ,N/A,N/A,N/A,N/A,N/A
Technology & Computing (Legacy),Gardening,Canada,N/A,$0.00  ~ $0.00 ,N/A,N/A,N/A,N/A,N/A
Technology & Computing (Legacy),Couponing,United States,N/A,$0.00  ~ $0.00 ,N/A,N/A,N/A,N/A,N/A
Technology & Computing (Legacy),Automotive,Canada,N/A,$0.00  ~ $0.00 ,N/A,N/A,N/A,N/A,N/A
Technology & Computing (Legacy),Desserts & Baking,United States,N/A,$0.00  ~ $0.00 ,N/A,N/A,N/A,N/A,N/A
Technology & Computing (Legacy),Interior Decorating,Canada,N/A,$0.00  ~ $0.00 ,N/A,N/A,N/A,N/A,N/A
Technology & Computing (Legacy),Off-Road Vehicles,Canada,N/A,$0.00  ~ $0.00 ,N/A,N/A,N/A,N/A,N/A
Technology & Computing (Legacy),Birdwatching,United States,N/A,$0.00  ~ $0.00 ,N/A,N/A,N/A,N/A,N/A
Technology & Computing (Legacy),Weight Loss,United States,N/A,$0.00  ~ $0.00 ,N/A,N/A,N/A,N/A,N/A
Technology & Computing (Legacy),Human Resources,Canada,N/A,$0.00  ~ $0.00 ,N/A,N/A,N/A,N/A,N/A
Technology & Computing (Legacy),Hunting/Shooting,United States,N/A,$0.00  ~ $0.00 ,N/A,N/A,N/A,N/A,N/A
Technology & Computing (Legacy),By US Locale,United States,N/A,$0.00  ~ $0.00 ,N/A,N/A,N/A,N/A,N/A
Technology & Computing (Legacy),Technology & Computing,United States,N/A,$0.00  ~ $0.00 ,N/A,N/A,N/A,N/A,N/A
Technology & Computing (Legacy),Distance Learning,United States,N/A,$0.00  ~ $0.00 ,N/A,N/A,N/A,N/A,N/A
Technology & Computing (Legacy),Radio,United States,N/A,$0.00  ~ $0.00 ,N/A,N/A,N/A,N/A,N/A
Technology & Computing (Legacy),Home Repair,Canada,N/A,$0.00  ~ $0.00 ,N/A,N/A,N/A,N/A,N/A
Technology & Computing (Legacy),Real Estate,Canada,N/A,$0.00  ~ $0.00 ,N/A,N/A,N/A,N/A,N/A
Technology & Computing (Legacy),Real Estate,United States,N/A,$0.00  ~ $0.00 ,N/A,N/A,N/A,N/A,N/A
Technology & Computing (Legacy),Pediatrics,United States,N/A,$0.00  ~ $0.00 ,N/A,N/A,N/A,N/A,N/A
Technology & Computing (Legacy),Investing,United States,N/A,$0.00  ~ $0.00 ,N/A,N/A,N/A,N/A,N/A
Technology & Computing (Legacy),News,Canada,N/A,$0.00  ~ $0.00 ,N/A,N/A,N/A,N/A,N/A
Technology & Computing (Legacy),Legal Issues,Canada,N/A,$0.00  ~ $0.00 ,N/A,N/A,N/A,N/A,N/A
Technology & Computing (Legacy),Insurance,Canada,N/A,$0.00  ~ $0.00 ,N/A,N/A,N/A,N/A,N/A
Technology & Computing (Legacy),Canada,Canada,N/A,$0.00  ~ $0.00 ,N/A,N/A,N/A,N/A,N/A
Technology & Computing (Legacy),Business Software,Canada,N/A,$0.00  ~ $0.00 ,N/A,N/A,N/A,N/A,N/A
Technology & Computing (Legacy),Career Planning,United States,N/A,$0.00  ~ $0.00 ,N/A,N/A,N/A,N/A,N/A
Technology & Computing (Legacy),Health/Lowfat Cooking,United States,N/A,$0.00  ~ $0.00 ,N/A,N/A,N/A,N/A,N/A
Technology & Computing (Legacy),Accessories,United States,N/A,$0.00  ~ $0.00 ,N/A,N/A,N/A,N/A,N/A
Technology & Computing (Legacy),Logistics,Canada,N/A,$0.00  ~ $0.00 ,N/A,N/A,N/A,N/A,N/A
Technology & Computing (Legacy),Cancer,United States,N/A,$0.00  ~ $0.00 ,N/A,N/A,N/A,N/A,N/A
Technology & Computing (Legacy),Weddings,United States,N/A,$0.00  ~ $0.00 ,N/A,N/A,N/A,N/A,N/A
Technology & Computing (Legacy),Metals,Canada,N/A,$0.00  ~ $0.00 ,N/A,N/A,N/A,N/A,N/A
Technology & Computing (Legacy),Hobbies & Interests,Canada,N/A,$0.00  ~ $0.00 ,N/A,N/A,N/A,N/A,N/A
Technology & Computing (Legacy),Agriculture,United States,N/A,$0.00  ~ $0.00 ,N/A,N/A,N/A,N/A,N/A
Technology & Computing (Legacy),Honeymoons/Getaways,United States,N/A,$0.00  ~ $0.00 ,N/A,N/A,N/A,N/A,N/A
Technology & Computing (Legacy),Internet Technology,United States,N/A,$0.00  ~ $0.00 ,N/A,N/A,N/A,N/A,N/A
Technology & Computing (Legacy),Green Solutions,Canada,N/A,$0.00  ~ $0.00 ,N/A,N/A,N/A,N/A,N/A
Technology & Computing (Legacy),Environmental Safety,United States,N/A,$0.00  ~ $0.00 ,N/A,N/A,N/A,N/A,N/A
Travel (Legacy),Metals,United States,N/A,$35.60  ~ $36.21 ,N/A,N/A,N/A,59.09%,N/A
Travel (Legacy),Music,United States,N/A,$16.82  ~ $17.25 ,N/A,N/A,N/A,81.82%,N/A
Travel (Legacy),Computer Networking,United States,N/A,$40.84  ~ $84.15 ,N/A,N/A,N/A,100.00%,N/A
Travel (Legacy),Arts & Entertainment,United States,N/A,$34.83  ~ $34.94 ,$5.45 ,N/A,0.64%,59.74%,N/A
Travel (Legacy),Home Repair,United States,N/A,$32.89  ~ $33.79 ,N/A,N/A,N/A,73.96%,N/A
Travel (Legacy),Adult Education,United States,N/A,$86.00  ~ $86.00 ,N/A,N/A,N/A,100.00%,N/A
Travel (Legacy),Coffee/Tea,United States,N/A,$32.52  ~ $32.52 ,N/A,N/A,N/A,100.00%,N/A
Travel (Legacy),Careers,United States,N/A,$21.27  ~ $21.27 ,N/A,N/A,N/A,73.13%,N/A
Travel (Legacy),Legal Issues,United States,N/A,$52.72  ~ $55.56 ,N/A,N/A,N/A,84.38%,N/A
Travel (Legacy),Pro Basketball,United States,N/A,$18.67  ~ $18.67 ,N/A,N/A,N/A,76.19%,N/A
Travel (Legacy),Environmental Safety,United States,N/A,$41.45  ~ $41.45 ,N/A,N/A,N/A,100.00%,N/A
Travel (Legacy),Personal Finance,United States,N/A,$31.50  ~ $31.50 ,$15.34 ,N/A,0.21%,80.32%,N/A
Travel (Legacy),Off-Road Vehicles,United States,N/A,$23.08  ~ $23.08 ,$1.06 ,N/A,2.17%,79.07%,N/A
Travel (Legacy),Graduate School,United States,N/A,$40.67  ~ $40.91 ,$2.16 ,N/A,1.89%,63.46%,N/A
Travel (Legacy),Education,United States,N/A,$31.29  ~ $36.01 ,N/A,N/A,N/A,83.33%,N/A
Travel (Legacy),Travel,United States,N/A,$30.25  ~ $31.88 ,N/A,N/A,N/A,73.77%,N/A
Travel (Legacy),"Law, Gov't & Politics",United States,N/A,$38.43  ~ $83.73 ,N/A,N/A,N/A,100.00%,N/A
Travel (Legacy),Catholicism,United States,N/A,$52.30  ~ $115.49 ,N/A,N/A,N/A,64.71%,N/A
Travel (Legacy),Birdwatching,United States,N/A,$40.84  ~ $92.79 ,N/A,N/A,N/A,N/A,N/A
Travel (Legacy),Cameras & Camcorders,United States,N/A,$68.54  ~ $68.54 ,N/A,N/A,N/A,100.00%,N/A
Travel (Legacy),Construction,United States,N/A,$38.53  ~ $38.53 ,N/A,N/A,N/A,72.73%,N/A
Travel (Legacy),Card Games,United States,N/A,$51.42  ~ $51.42 ,N/A,N/A,N/A,N/A,N/A
Travel (Legacy),Video & Computer Games,United States,N/A,$46.10  ~ $46.10 ,N/A,N/A,N/A,75.00%,N/A
Travel (Legacy),Politics,United States,N/A,$45.54  ~ $55.62 ,$8.43 ,N/A,0.66%,84.50%,N/A
Travel (Legacy),Biotech/Biomedical,United States,N/A,$34.81  ~ $80.99 ,N/A,N/A,N/A,100.00%,N/A
Travel (Legacy),College,United States,N/A,$46.90  ~ $52.12 ,N/A,N/A,N/A,71.68%,N/A
Travel (Legacy),Cold & Flu,United States,N/A,$38.63  ~ $86.30 ,N/A,N/A,N/A,87.14%,N/A
Travel (Legacy),Cocktails/Beer,United States,N/A,$9.51  ~ $20.51 ,N/A,N/A,N/A,100.00%,N/A
Travel (Legacy),Health & Fitness,United States,N/A,$54.71  ~ $56.39 ,N/A,N/A,N/A,71.76%,N/A
Travel (Legacy),Football,United States,N/A,$27.37  ~ $37.72 ,N/A,N/A,N/A,88.24%,N/A
Travel (Legacy),Remodeling & Construction,United States,N/A,$38.20  ~ $77.32 ,N/A,N/A,N/A,65.00%,N/A
Travel (Legacy),Automotive,United States,N/A,$56.96  ~ $57.58 ,N/A,N/A,N/A,87.88%,N/A
Travel (Legacy),Credit/Debt & Loans,United States,N/A,$16.60  ~ $16.98 ,N/A,N/A,N/A,81.82%,N/A
Travel (Legacy),Cigars,United States,N/A,$13.43  ~ $26.50 ,N/A,N/A,N/A,100.00%,N/A
Travel (Legacy),Alternative Medicine,United States,N/A,$24.28  ~ $24.28 ,N/A,N/A,N/A,100.00%,N/A
Travel (Legacy),Family & Parenting,United States,N/A,$42.02  ~ $42.15 ,$3.75 ,N/A,1.12%,95.40%,N/A
Travel (Legacy),Buying/Selling Cars,United States,N/A,$39.22  ~ $39.85 ,N/A,N/A,N/A,78.20%,N/A
Travel (Legacy),Air Travel,United States,N/A,$25.20  ~ $25.20 ,N/A,N/A,N/A,100.00%,N/A
Travel (Legacy),Cruises,United States,N/A,$22.30  ~ $23.83 ,$1.67 ,N/A,1.43%,94.20%,N/A
Travel (Legacy),Incest/Abuse Support,United States,N/A,$44.72  ~ $47.08 ,N/A,N/A,N/A,100.00%,N/A
Travel (Legacy),Insurance,United States,N/A,$39.44  ~ $39.71 ,N/A,N/A,N/A,80.70%,N/A
Travel (Legacy),Dining Out,United States,N/A,$30.24  ~ $30.24 ,N/A,N/A,N/A,50.00%,N/A
Travel (Legacy),Accessories,United States,N/A,$58.99  ~ $58.99 ,N/A,N/A,N/A,83.33%,N/A
Travel (Legacy),Home & Garden,United States,N/A,$27.37  ~ $37.57 ,$13.43 ,N/A,0.20%,73.67%,N/A
Travel (Legacy),K-6 Educators,United States,N/A,$29.80  ~ $29.80 ,$0.98 ,N/A,3.03%,56.25%,N/A
Travel (Legacy),News,United States,N/A,$40.69  ~ $53.53 ,N/A,N/A,N/A,100.00%,N/A
Travel (Legacy),Appliances,United States,N/A,$21.50  ~ $21.50 ,N/A,N/A,N/A,66.67%,N/A
Travel (Legacy),Contests & Freebies,United States,N/A,$49.84  ~ $49.84 ,N/A,N/A,N/A,100.00%,N/A
Travel (Legacy),Interior Decorating,United States,N/A,$33.44  ~ $34.34 ,$11.44 ,N/A,0.29%,80.69%,N/A
Travel (Legacy),Job Search,United States,N/A,$36.70  ~ $36.70 ,N/A,N/A,N/A,65.77%,N/A
Travel (Legacy),Hotels,United States,N/A,$30.84  ~ $30.84 ,N/A,N/A,N/A,85.71%,N/A
Travel (Legacy),Senior Living,United States,N/A,$31.59  ~ $66.19 ,N/A,N/A,N/A,100.00%,N/A
Travel (Legacy),Business,United States,N/A,$41.44  ~ $41.63 ,$12.52 ,N/A,0.33%,72.32%,N/A
Travel (Legacy),Mutual Funds,United States,N/A,$44.35  ~ $44.39 ,N/A,N/A,N/A,71.51%,N/A
Travel (Legacy),Auto Repair,United States,N/A,$33.59  ~ $34.22 ,$1.78 ,N/A,1.89%,78.10%,N/A
Travel (Legacy),Human Resources,United States,N/A,$12.91  ~ $12.91 ,N/A,N/A,N/A,100.00%,N/A
Travel (Legacy),Green Solutions,United States,N/A,$25.51  ~ $28.30 ,N/A,N/A,N/A,79.17%,N/A
Travel (Legacy),Business Software,United States,N/A,$17.20  ~ $20.03 ,N/A,N/A,N/A,83.33%,N/A
Travel (Legacy),Senor Health,United States,N/A,$36.10  ~ $90.20 ,N/A,N/A,N/A,75.00%,N/A
Travel (Legacy),Buying/Selling Homes,United States,N/A,$38.72  ~ $38.72 ,N/A,N/A,N/A,100.00%,N/A
Travel (Legacy),Logistics,United States,N/A,$43.33  ~ $43.35 ,$4.09 ,N/A,1.06%,83.15%,N/A
Travel (Legacy),Psychology/Psychiatry,United States,N/A,$30.93  ~ $37.29 ,$11.78 ,N/A,0.32%,80.97%,N/A
Travel (Legacy),Clothing,Canada,N/A,$34.76  ~ $34.76 ,N/A,N/A,N/A,100.00%,N/A
Travel (Legacy),Clothing,United States,N/A,$39.50  ~ $39.50 ,$1.19 ,N/A,3.33%,67.86%,N/A
Travel (Legacy),Advertising,United States,N/A,$35.38  ~ $35.38 ,N/A,N/A,N/A,50.00%,N/A
Travel (Legacy),Shopping,United States,N/A,$33.47  ~ $33.47 ,N/A,N/A,N/A,76.92%,N/A
Travel (Legacy),Gardening,United States,N/A,$0.00  ~ $0.00 ,N/A,N/A,N/A,N/A,N/A
Travel (Legacy),Technology & Computing,United States,N/A,$0.00  ~ $0.00 ,N/A,N/A,N/A,N/A,N/A
Travel (Legacy),Cancer,United States,N/A,$0.00  ~ $0.00 ,N/A,N/A,N/A,N/A,N/A
Travel (Legacy),Auto Parts,United States,N/A,$0.00  ~ $0.00 ,N/A,N/A,N/A,N/A,N/A
Travel (Legacy),Off-Road Vehicles,Canada,N/A,$0.00  ~ $0.00 ,N/A,N/A,N/A,N/A,N/A
Travel (Legacy),Apartments,United States,N/A,$0.00  ~ $0.00 ,N/A,N/A,N/A,N/A,N/A
Travel (Legacy),Investors & Patents,United States,N/A,$0.00  ~ $0.00 ,N/A,N/A,N/A,N/A,N/A
Travel (Legacy),Buying/Selling Cars,Canada,N/A,$0.00  ~ $0.00 ,N/A,N/A,N/A,N/A,N/A
Travel (Legacy),Martial Arts,United States,N/A,$0.00  ~ $0.00 ,N/A,N/A,N/A,N/A,N/A
Travel (Legacy),Hobbies & Interests,United States,N/A,$0.00  ~ $0.00 ,N/A,N/A,N/A,N/A,N/A
Travel (Legacy),Food & Drink,Canada,N/A,$0.00  ~ $0.00 ,N/A,N/A,N/A,N/A,N/A
Travel (Legacy),Food & Drink,United States,N/A,$0.00  ~ $0.00 ,N/A,N/A,N/A,N/A,N/A
Travel (Legacy),Weight Loss,United States,N/A,$0.00  ~ $0.00 ,N/A,N/A,N/A,N/A,N/A
Travel (Legacy),Card Games,Canada,N/A,$0.00  ~ $0.00 ,N/A,N/A,N/A,N/A,N/A
Travel (Legacy),Dogs,United States,N/A,$0.00  ~ $0.00 ,N/A,N/A,N/A,N/A,N/A
Travel (Legacy),Agriculture,United States,N/A,$0.00  ~ $0.00 ,N/A,N/A,N/A,N/A,N/A
Travel (Legacy),Home Repair,Canada,N/A,$0.00  ~ $0.00 ,N/A,N/A,N/A,N/A,N/A
Travel (Legacy),Veterinary Medicine,United States,N/A,$0.00  ~ $0.00 ,N/A,N/A,N/A,N/A,N/A
Travel (Legacy),Arts & Crafts,United States,N/A,$0.00  ~ $0.00 ,N/A,N/A,N/A,N/A,N/A
Travel (Legacy),Computer Peripherals,United States,N/A,$0.00  ~ $0.00 ,N/A,N/A,N/A,N/A,N/A
Travel (Legacy),Personal Finance,Canada,N/A,$0.00  ~ $0.00 ,N/A,N/A,N/A,N/A,N/A
Travel (Legacy),Couponing,United States,N/A,$0.00  ~ $0.00 ,N/A,N/A,N/A,N/A,N/A
Travel (Legacy),Sexuality,United States,N/A,$0.00  ~ $0.00 ,N/A,N/A,N/A,N/A,N/A
Travel (Legacy),Business Software,Canada,N/A,$0.00  ~ $0.00 ,N/A,N/A,N/A,N/A,N/A
Travel (Legacy),Insurance,Canada,N/A,$0.00  ~ $0.00 ,N/A,N/A,N/A,N/A,N/A
Travel (Legacy),Pets,United States,N/A,$0.00  ~ $0.00 ,N/A,N/A,N/A,N/A,N/A
Travel (Legacy),Legal Issues,Canada,N/A,$0.00  ~ $0.00 ,N/A,N/A,N/A,N/A,N/A
Travel (Legacy),Health/Lowfat Cooking,United States,N/A,$0.00  ~ $0.00 ,N/A,N/A,N/A,N/A,N/A
Travel (Legacy),Career Planning,United States,N/A,$0.00  ~ $0.00 ,N/A,N/A,N/A,N/A,N/A
Travel (Legacy),By US Locale,United States,N/A,$0.00  ~ $0.00 ,N/A,N/A,N/A,N/A,N/A
Travel (Legacy),Credit/Debt & Loans,Canada,N/A,$0.00  ~ $0.00 ,N/A,N/A,N/A,N/A,N/A
Travel (Legacy),Dental Care,United States,N/A,$0.00  ~ $0.00 ,N/A,N/A,N/A,N/A,N/A
Travel (Legacy),Nutrition,Canada,N/A,$0.00  ~ $0.00 ,N/A,N/A,N/A,N/A,N/A
Travel (Legacy),Government,United States,N/A,$0.00  ~ $0.00 ,N/A,N/A,N/A,N/A,N/A
Travel (Legacy),Logistics,Canada,N/A,$0.00  ~ $0.00 ,N/A,N/A,N/A,N/A,N/A
Travel (Legacy),Pediatrics,United States,N/A,$0.00  ~ $0.00 ,N/A,N/A,N/A,N/A,N/A
Travel (Legacy),Art/Technology,United States,N/A,$0.00  ~ $0.00 ,N/A,N/A,N/A,N/A,N/A
Travel (Legacy),Interior Decorating,Canada,N/A,$0.00  ~ $0.00 ,N/A,N/A,N/A,N/A,N/A
Travel (Legacy),News,Canada,N/A,$0.00  ~ $0.00 ,N/A,N/A,N/A,N/A,N/A
Travel (Legacy),Retirement Planning,United States,N/A,$0.00  ~ $0.00 ,N/A,N/A,N/A,N/A,N/A
Travel (Legacy),Honeymoons/Getaways,United States,N/A,$0.00  ~ $0.00 ,N/A,N/A,N/A,N/A,N/A
Travel (Legacy),Health & Fitness,Canada,N/A,$0.00  ~ $0.00 ,N/A,N/A,N/A,N/A,N/A
Travel (Legacy),Investing,United States,N/A,$0.00  ~ $0.00 ,N/A,N/A,N/A,N/A,N/A
Travel (Legacy),Bed & Breakfasts,United States,N/A,$0.00  ~ $0.00 ,N/A,N/A,N/A,N/A,N/A
Travel (Legacy),Advertising,Canada,N/A,$0.00  ~ $0.00 ,N/A,N/A,N/A,N/A,N/A
Travel (Legacy),Real Estate,United States,N/A,$0.00  ~ $0.00 ,N/A,N/A,N/A,N/A,N/A
Travel (Legacy),Desserts & Baking,United States,N/A,$0.00  ~ $0.00 ,N/A,N/A,N/A,N/A,N/A
Travel (Legacy),Human Resources,Canada,N/A,$0.00  ~ $0.00 ,N/A,N/A,N/A,N/A,N/A
Travel (Legacy),Hunting/Shooting,United States,N/A,$0.00  ~ $0.00 ,N/A,N/A,N/A,N/A,N/A
Travel (Legacy),Internet Technology,United States,N/A,$0.00  ~ $0.00 ,N/A,N/A,N/A,N/A,N/A
Travel (Legacy),Exercise,United States,N/A,$0.00  ~ $0.00 ,N/A,N/A,N/A,N/A,N/A
Travel (Legacy),Theme Parks,United States,N/A,$0.00  ~ $0.00 ,N/A,N/A,N/A,N/A,N/A
Travel (Legacy),Distance Learning,United States,N/A,$0.00  ~ $0.00 ,N/A,N/A,N/A,N/A,N/A
Travel (Legacy),Business,Canada,N/A,$0.00  ~ $0.00 ,N/A,N/A,N/A,N/A,N/A