Category,Brand Category,Country,Impressions,eCPM,eCPC,eCPE,CTR,Video Completion Rate,Audio Completion Rate
Arts & Entertainment (Legacy),Insurance,United States,"13,447",$25.64  ~ $26.53 ,$84.96 ,N/A,0.03%,68.88%,N/A
Arts & Entertainment (Legacy),Logistics,United States,"2,960",$17.05  ~ $20.24 ,$95.06 ,N/A,0.02%,74.05%,N/A
Arts & Entertainment (Legacy),Logistics,Canada,"1,971",$5.52  ~ $26.59 ,$81.56 ,N/A,0.03%,84.11%,N/A
Arts & Entertainment (Legacy),Adventure Travel,United States,"1,282",$5.97  ~ $34.97 ,$122.38 ,N/A,0.00%,86.36%,N/A
Arts & Entertainment (Legacy),Senor Health,United States,720,$17.87  ~ $17.87 ,$102.34 ,N/A,0.02%,61.72%,N/A
Arts & Entertainment (Legacy),Couponing,United States,585,$1.69  ~ $1.69 ,$13.79 ,N/A,0.01%,82.17%,N/A
Arts & Entertainment (Legacy),Automotive,United States,"2,002",$9.16  ~ $9.32 ,$67.27 ,N/A,0.01%,59.28%,N/A
Arts & Entertainment (Legacy),Automotive,Canada,9,$13.66  ~ $13.66 ,N/A,N/A,N/A,48.66%,N/A
Arts & Entertainment (Legacy),Auto Parts,United States,"1,723",$7.75  ~ $7.75 ,$107.57 ,N/A,0.01%,87.05%,N/A
Arts & Entertainment (Legacy),Weight Loss,United States,973,$12.88  ~ $12.88 ,$136.74 ,N/A,0.01%,65.76%,N/A
Arts & Entertainment (Legacy),Physical Therapy,United States,2,$10.46  ~ $10.46 ,N/A,N/A,N/A,39.29%,N/A
Arts & Entertainment (Legacy),Arts & Entertainment,Canada,"2,838",$0.61  ~ $13.58 ,$37.26 ,N/A,0.04%,80.69%,N/A
Arts & Entertainment (Legacy),Arts & Entertainment,United States,"4,318",$18.31  ~ $21.62 ,$39.94 ,N/A,0.05%,70.47%,N/A
Arts & Entertainment (Legacy),Biotech/Biomedical,Canada,872,$17.81  ~ $43.65 ,$104.95 ,N/A,0.02%,89.61%,N/A
Arts & Entertainment (Legacy),Biotech/Biomedical,United States,"19,084",$12.27  ~ $19.62 ,$44.83 ,N/A,0.03%,75.97%,N/A
Arts & Entertainment (Legacy),"Law, Gov't & Politics",United States,"8,688",$21.31  ~ $22.32 ,$9.26 ,N/A,0.24%,62.41%,N/A
Arts & Entertainment (Legacy),Credit/Debt & Loans,United States,"2,987",$18.05  ~ $26.25 ,$34.66 ,N/A,0.05%,58.81%,N/A
Arts & Entertainment (Legacy),Green Solutions,United States,"3,425",$17.29  ~ $17.29 ,$73.24 ,N/A,0.02%,58.17%,N/A
Arts & Entertainment (Legacy),Alternative Medicine,United States,"1,113",$18.00  ~ $18.66 ,$47.68 ,N/A,0.04%,58.42%,N/A
Arts & Entertainment (Legacy),Gardening,United States,69,$16.30  ~ $16.30 ,$32.23 ,N/A,0.05%,65.00%,N/A
Arts & Entertainment (Legacy),By US Locale,United States,278,$20.13  ~ $45.90 ,N/A,N/A,N/A,90.71%,N/A
Arts & Entertainment (Legacy),Sexuality,United States,234,$11.04  ~ $11.04 ,$19.41 ,N/A,0.06%,75.77%,N/A
Arts & Entertainment (Legacy),Travel,Canada,"3,463",$15.61  ~ $15.63 ,$322.69 ,N/A,0.00%,87.67%,N/A
Arts & Entertainment (Legacy),Travel,United States,"196,306",$8.22  ~ $8.35 ,$60.09 ,N/A,0.01%,83.58%,N/A
Arts & Entertainment (Legacy),Agriculture,Canada,2,$18.45  ~ $18.45 ,$73.92 ,N/A,0.02%,88.58%,N/A
Arts & Entertainment (Legacy),Agriculture,United States,53,$3.45  ~ $3.53 ,$46.11 ,N/A,0.01%,93.46%,N/A
Arts & Entertainment (Legacy),Business Software,Canada,"1,092",$10.07  ~ $10.12 ,$20.89 ,N/A,0.05%,71.57%,N/A
Arts & Entertainment (Legacy),Business Software,United States,"27,701",$15.39  ~ $16.41 ,$94.83 ,N/A,0.02%,71.08%,N/A
Arts & Entertainment (Legacy),Mutual Funds,United States,"11,879",$17.88  ~ $17.88 ,$16.18 ,N/A,0.11%,63.48%,N/A
Arts & Entertainment (Legacy),Large Animals,United States,42,$16.04  ~ $16.04 ,$61.98 ,N/A,0.03%,69.51%,N/A
Arts & Entertainment (Legacy),Cancer,Canada,842,$17.25  ~ $36.14 ,$199.49 ,N/A,0.01%,87.73%,N/A
Arts & Entertainment (Legacy),Cancer,United States,271,$48.53  ~ $48.53 ,N/A,N/A,N/A,85.66%,N/A
Arts & Entertainment (Legacy),Pets,United States,95,$14.71  ~ $32.00 ,N/A,N/A,N/A,74.61%,N/A
Arts & Entertainment (Legacy),Accessories,United States,"1,729",$19.01  ~ $19.22 ,$100.80 ,N/A,0.02%,71.59%,N/A
Arts & Entertainment (Legacy),Dogs,Canada,"2,629",$11.11  ~ $16.63 ,$46.54 ,N/A,0.04%,89.25%,N/A
Arts & Entertainment (Legacy),Dogs,United States,"1,519",$26.19  ~ $26.24 ,$749.53 ,N/A,0.00%,88.16%,N/A
Arts & Entertainment (Legacy),Pro Basketball,Canada,52,$6.13  ~ $13.26 ,$40.60 ,N/A,0.03%,87.68%,N/A
Arts & Entertainment (Legacy),Pro Basketball,United States,20,$18.28  ~ $18.28 ,$17.24 ,N/A,0.11%,57.26%,N/A
Arts & Entertainment (Legacy),Advertising,United States,"17,857",$8.95  ~ $13.54 ,$199.93 ,N/A,0.00%,68.17%,N/A
Arts & Entertainment (Legacy),Advertising,Canada,52,$13.79  ~ $29.82 ,$55.20 ,N/A,0.02%,76.65%,N/A
Arts & Entertainment (Legacy),Health/Lowfat Cooking,Canada,482,$18.27  ~ $37.91 ,N/A,N/A,N/A,90.30%,N/A
Arts & Entertainment (Legacy),Health/Lowfat Cooking,United States,"6,056",$15.75  ~ $15.87 ,$102.51 ,N/A,0.02%,76.08%,N/A
Arts & Entertainment (Legacy),Theme Parks,United States,179,$45.32  ~ $56.01 ,N/A,N/A,N/A,59.39%,N/A
Arts & Entertainment (Legacy),Contests & Freebies,United States,967,$2.34  ~ $2.34 ,N/A,N/A,N/A,58.51%,N/A
Arts & Entertainment (Legacy),Private School,United States,942,$15.48  ~ $35.13 ,$224.23 ,N/A,0.01%,62.91%,N/A
Arts & Entertainment (Legacy),Cold & Flu,United States,"14,830",$11.95  ~ $27.60 ,$34.47 ,N/A,0.03%,60.89%,N/A
Arts & Entertainment (Legacy),Business,Canada,"17,219",$3.03  ~ $3.09 ,$26.03 ,N/A,0.01%,85.06%,N/A
Arts & Entertainment (Legacy),Business,United States,"112,948",$8.62  ~ $9.94 ,$28.90 ,N/A,0.03%,69.18%,N/A
Arts & Entertainment (Legacy),Remodeling & Construction,United States,"7,816",$19.25  ~ $19.25 ,$121.07 ,N/A,0.02%,86.39%,N/A
Arts & Entertainment (Legacy),Metals,United States,"6,112",$4.26  ~ $10.94 ,$18.91 ,N/A,0.02%,82.92%,N/A
Arts & Entertainment (Legacy),Metals,Canada,"2,761",$22.46  ~ $47.32 ,$64.80 ,N/A,0.03%,80.49%,N/A
Arts & Entertainment (Legacy),Veterinary Medicine,United States,"1,449",$3.46  ~ $3.46 ,$34.64 ,N/A,0.01%,89.30%,N/A
Arts & Entertainment (Legacy),Computer Peripherals,Canada,6,$29.05  ~ $29.05 ,$14.12 ,N/A,0.21%,76.47%,N/A
Arts & Entertainment (Legacy),Computer Peripherals,United States,775,$6.50  ~ $6.50 ,$58.59 ,N/A,0.01%,79.26%,N/A
Arts & Entertainment (Legacy),Chronic Pain,United States,260,$22.74  ~ $22.74 ,N/A,N/A,N/A,80.34%,N/A
Arts & Entertainment (Legacy),Internet Technology,United States,34,$5.86  ~ $5.86 ,$24.67 ,N/A,0.02%,88.96%,N/A
Arts & Entertainment (Legacy),Dental Care,United States,166,$3.94  ~ $5.03 ,$15.86 ,N/A,0.03%,45.30%,N/A
Arts & Entertainment (Legacy),Home Repair,United States,"9,878",$15.05  ~ $15.16 ,$102.66 ,N/A,0.01%,73.86%,N/A
Arts & Entertainment (Legacy),Cruises,Canada,279,$14.76  ~ $14.76 ,$27.69 ,N/A,0.05%,37.86%,N/A
Arts & Entertainment (Legacy),Cruises,United States,"1,454",$15.42  ~ $15.42 ,$121.28 ,N/A,0.01%,79.29%,N/A
Arts & Entertainment (Legacy),Honeymoons/Getaways,Canada,"12,227",$25.51  ~ $25.51 ,$11.15 ,N/A,0.23%,49.03%,N/A
Arts & Entertainment (Legacy),Honeymoons/Getaways,United States,"2,168",$24.73  ~ $33.53 ,$89.25 ,N/A,0.04%,50.36%,N/A
Arts & Entertainment (Legacy),Job Search,United States,"3,604",$12.59  ~ $12.59 ,$131.92 ,N/A,0.01%,79.28%,N/A
Arts & Entertainment (Legacy),Nutrition,United States,"13,809",$18.63  ~ $18.63 ,$11.05 ,N/A,0.17%,45.39%,N/A
Arts & Entertainment (Legacy),Cigars,United States,5,$17.81  ~ $17.81 ,$40.03 ,N/A,0.04%,53.62%,N/A
Arts & Entertainment (Legacy),Catholicism,United States,169,$17.04  ~ $38.16 ,$107.01 ,N/A,0.02%,60.84%,N/A
Arts & Entertainment (Legacy),Off-Road Vehicles,United States,23,$7.81  ~ $7.81 ,$9.28 ,N/A,0.08%,71.83%,N/A
Arts & Entertainment (Legacy),Graduate School,United States,"5,371",$13.96  ~ $13.98 ,$30.44 ,N/A,0.05%,71.74%,N/A
Arts & Entertainment (Legacy),Health & Fitness,United States,"61,337",$10.41  ~ $13.49 ,$49.77 ,N/A,0.03%,66.24%,N/A
Arts & Entertainment (Legacy),Health & Fitness,Canada,"4,351",$7.70  ~ $18.10 ,$12.54 ,N/A,0.06%,72.65%,N/A
Arts & Entertainment (Legacy),Investing,United States,"52,348",$0.82  ~ $0.82 ,$42.15 ,N/A,0.00%,68.99%,N/A
Arts & Entertainment (Legacy),Exercise,United States,65,$21.03  ~ $21.03 ,$34.11 ,N/A,0.06%,70.79%,N/A
Arts & Entertainment (Legacy),Auto Repair,United States,"1,792",$15.02  ~ $16.03 ,$8.57 ,N/A,0.18%,71.30%,N/A
Arts & Entertainment (Legacy),Pro Ice Hockey,Canada,"1,237",$15.42  ~ $34.45 ,$42.21 ,N/A,0.04%,77.29%,N/A
Arts & Entertainment (Legacy),K-6 Educators,United States,395,$13.49  ~ $13.49 ,$62.76 ,N/A,0.02%,42.75%,N/A
Arts & Entertainment (Legacy),Music,United States,"2,737",$14.78  ~ $21.76 ,$279.57 ,N/A,0.01%,59.41%,N/A
Arts & Entertainment (Legacy),Hotels,United States,"6,109",$4.99  ~ $15.85 ,$65.40 ,N/A,0.02%,73.11%,N/A
Arts & Entertainment (Legacy),Hotels,Canada,75,$1.44  ~ $1.44 ,N/A,N/A,N/A,69.79%,N/A
Arts & Entertainment (Legacy),Human Resources,United States,382,$21.17  ~ $23.33 ,$44.45 ,N/A,0.05%,74.35%,N/A
Arts & Entertainment (Legacy),Infertility,United States,130,$7.30  ~ $7.32 ,$89.70 ,N/A,0.01%,87.36%,N/A
Arts & Entertainment (Legacy),Incest/Abuse Support,United States,"8,402",$22.25  ~ $22.25 ,$105.40 ,N/A,0.02%,66.67%,N/A
Arts & Entertainment (Legacy),Legal Issues,Canada,179,$22.28  ~ $22.45 ,$8.52 ,N/A,0.26%,79.13%,N/A
Arts & Entertainment (Legacy),Legal Issues,United States,"18,425",$15.62  ~ $15.74 ,$92.30 ,N/A,0.02%,58.97%,N/A
Arts & Entertainment (Legacy),Buying/Selling Cars,United States,"6,417",$17.80  ~ $17.80 ,$194.10 ,N/A,0.01%,60.84%,N/A
Arts & Entertainment (Legacy),Careers,Canada,6,$12.79  ~ $12.79 ,N/A,N/A,N/A,63.54%,N/A
Arts & Entertainment (Legacy),Careers,United States,"1,810",$18.26  ~ $22.83 ,$34.10 ,N/A,0.05%,74.84%,N/A
Arts & Entertainment (Legacy),Personal Finance,United States,"127,118",$15.10  ~ $16.24 ,$12.36 ,N/A,0.12%,65.63%,N/A
Arts & Entertainment (Legacy),Personal Finance,Canada,285,$17.79  ~ $42.71 ,$6.53 ,N/A,0.27%,74.49%,N/A
Arts & Entertainment (Legacy),Adult Education,United States,27,$5.86  ~ $13.58 ,N/A,N/A,N/A,61.67%,N/A
Arts & Entertainment (Legacy),Dining Out,United States,"35,264",$16.09  ~ $16.09 ,$112.41 ,N/A,0.01%,74.78%,N/A
Arts & Entertainment (Legacy),Shopping,United States,"16,707",$12.18  ~ $12.60 ,$41.83 ,N/A,0.03%,70.65%,N/A
Arts & Entertainment (Legacy),Shopping,Canada,216,$4.74  ~ $10.61 ,$3.51 ,N/A,0.14%,72.72%,N/A
Arts & Entertainment (Legacy),Retirement Planning,United States,4,$5.31  ~ $5.31 ,N/A,N/A,N/A,79.02%,N/A
Arts & Entertainment (Legacy),Comparison,United States,24,$2.58  ~ $2.58 ,N/A,N/A,N/A,56.62%,N/A
Arts & Entertainment (Legacy),Family & Parenting,United States,"4,758",$8.74  ~ $8.85 ,$54.58 ,N/A,0.02%,55.86%,N/A
Arts & Entertainment (Legacy),Books & Literature,United States,488,$18.35  ~ $18.35 ,$64.47 ,N/A,0.03%,87.26%,N/A
Arts & Entertainment (Legacy),Cocktails/Beer,United States,"4,116",$20.70  ~ $20.70 ,$112.20 ,N/A,0.02%,83.32%,N/A
Arts & Entertainment (Legacy),Real Estate,United States,"3,883",$11.32  ~ $11.33 ,$33.69 ,N/A,0.03%,68.76%,N/A
Arts & Entertainment (Legacy),Education,United States,"10,916",$11.01  ~ $16.43 ,$41.37 ,N/A,0.03%,73.81%,N/A
Arts & Entertainment (Legacy),Education,Canada,"1,514",$0.31  ~ $0.68 ,$10.10 ,N/A,0.00%,94.14%,N/A
Arts & Entertainment (Legacy),Parenting - K-6 Kids,United States,2,$18.03  ~ $18.03 ,N/A,N/A,N/A,14.73%,N/A
Arts & Entertainment (Legacy),Psychology/Psychiatry,United States,"22,476",$7.91  ~ $8.44 ,$42.04 ,N/A,0.02%,70.13%,N/A
Arts & Entertainment (Legacy),Food & Drink,United States,"7,654",$12.36  ~ $13.62 ,$121.97 ,N/A,0.01%,81.25%,N/A
Arts & Entertainment (Legacy),Food & Drink,Canada,78,$7.11  ~ $7.11 ,N/A,N/A,N/A,90.50%,N/A
Arts & Entertainment (Legacy),Fine Art,Canada,17,$16.03  ~ $16.03 ,$61.61 ,N/A,0.03%,61.67%,N/A
Arts & Entertainment (Legacy),Fine Art,United States,"2,962",$4.19  ~ $4.19 ,$94.87 ,N/A,0.00%,56.62%,N/A
Arts & Entertainment (Legacy),Hobbies & Interests,United States,"7,325",$12.29  ~ $13.36 ,$72.99 ,N/A,0.02%,59.13%,N/A
Arts & Entertainment (Legacy),Hobbies & Interests,Canada,1,$10.01  ~ $23.12 ,N/A,N/A,N/A,60.87%,N/A
Arts & Entertainment (Legacy),News,Canada,"6,367",$13.63  ~ $15.40 ,$16.59 ,N/A,0.08%,74.36%,N/A
Arts & Entertainment (Legacy),News,United States,"4,437",$14.06  ~ $16.04 ,$83.25 ,N/A,0.02%,63.57%,N/A
Arts & Entertainment (Legacy),College,Canada,"8,277",$4.55  ~ $4.55 ,$38.99 ,N/A,0.01%,70.08%,N/A
Arts & Entertainment (Legacy),College,United States,"3,020",$11.90  ~ $13.18 ,$102.68 ,N/A,0.01%,53.83%,N/A
Arts & Entertainment (Legacy),Commentary,United States,"1,517",$18.20  ~ $19.23 ,$67.84 ,N/A,0.03%,50.25%,N/A
Arts & Entertainment (Legacy),Senior Living,United States,"3,021",$5.48  ~ $5.63 ,$25.34 ,N/A,0.02%,76.38%,N/A
Arts & Entertainment (Legacy),Apartments,United States,73,$7.95  ~ $7.95 ,$38.10 ,N/A,0.02%,78.33%,N/A
Arts & Entertainment (Legacy),Buying/Selling Homes,United States,875,$10.04  ~ $13.85 ,$53.70 ,N/A,0.03%,44.59%,N/A
Arts & Entertainment (Legacy),Construction,United States,55,$13.34  ~ $15.56 ,$89.07 ,N/A,0.02%,64.89%,N/A
Arts & Entertainment (Legacy),Pediatrics,United States,"1,746",$12.47  ~ $20.39 ,$59.66 ,N/A,0.02%,56.69%,N/A
Arts & Entertainment (Legacy),Card Games,United States,"4,477",$29.97  ~ $32.02 ,$136.32 ,N/A,0.02%,75.54%,N/A
Arts & Entertainment (Legacy),U.S. Government Resources,United States,"1,746",$18.73  ~ $18.73 ,$72.15 ,N/A,0.03%,58.18%,N/A
Arts & Entertainment (Legacy),Clothing,United States,"3,414",$21.42  ~ $21.42 ,$62.07 ,N/A,0.03%,67.80%,N/A
Arts & Entertainment (Legacy),Clothing,Canada,"2,148",$10.28  ~ $10.28 ,$14.24 ,N/A,0.07%,67.08%,N/A
Arts & Entertainment (Legacy),Weddings,United States,200,$18.94  ~ $18.94 ,N/A,N/A,N/A,87.45%,N/A
Arts & Entertainment (Legacy),Home & Garden,United States,"60,538",$7.39  ~ $9.47 ,$65.12 ,N/A,0.01%,72.09%,N/A
Arts & Entertainment (Legacy),Interior Decorating,United States,"4,164",$7.24  ~ $8.39 ,$24.63 ,N/A,0.03%,65.76%,N/A
Arts & Entertainment (Legacy),Politics,United States,"100,738",$18.71  ~ $20.93 ,$63.52 ,N/A,0.03%,62.00%,N/A
Arts & Entertainment (Legacy),Career Planning,Canada,1,$9.68  ~ $9.68 ,$13.61 ,N/A,0.07%,42.58%,N/A
Arts & Entertainment (Legacy),Career Planning,United States,355,$12.41  ~ $12.51 ,$62.65 ,N/A,0.02%,43.83%,N/A
Arts & Entertainment (Legacy),Football,United States,5,$0.00  ~ $0.00 ,N/A,N/A,N/A,N/A,N/A
Arts & Entertainment (Legacy),Jewelry,United States,5,$0.00  ~ $0.00 ,N/A,N/A,N/A,N/A,N/A
Arts & Entertainment (Legacy),Computer Networking,United States,937,$0.00  ~ $0.00 ,N/A,N/A,N/A,N/A,N/A
Arts & Entertainment (Legacy),Birdwatching,United States,262,$0.00  ~ $0.00 ,N/A,N/A,N/A,N/A,N/A
Arts & Entertainment (Legacy),Road-Side Assistance,United States,4,$0.00  ~ $0.00 ,N/A,N/A,N/A,N/A,N/A
Arts & Entertainment (Legacy),Cameras & Camcorders,United States,25,$0.00  ~ $0.00 ,N/A,N/A,N/A,N/A,N/A
Arts & Entertainment (Legacy),Air Travel,United States,1,$0.00  ~ $0.00 ,N/A,N/A,N/A,N/A,N/A
Arts & Entertainment (Legacy),Cell Phones,United States,1,$0.00  ~ $0.00 ,N/A,N/A,N/A,N/A,N/A
Arts & Entertainment (Legacy),Motorcycles,United States,1,$0.00  ~ $0.00 ,N/A,N/A,N/A,N/A,N/A
Arts & Entertainment (Legacy),Beauty,United States,1,$0.00  ~ $0.00 ,N/A,N/A,N/A,N/A,N/A
Arts & Entertainment (Legacy),Government,United States,2,$0.00  ~ $0.00 ,N/A,N/A,N/A,N/A,N/A
Arts & Entertainment (Legacy),Canada,Canada,577,$0.00  ~ $0.00 ,N/A,N/A,N/A,N/A,N/A
Arts & Entertainment (Legacy),Art/Technology,United States,1,$0.00  ~ $0.00 ,N/A,N/A,N/A,N/A,N/A
Automotive (Legacy),Logistics,Canada,583,$5.82  ~ $28.62 ,$111.40 ,N/A,0.03%,86.27%,N/A
Automotive (Legacy),Logistics,United States,73,$24.06  ~ $24.73 ,$28.13 ,N/A,0.09%,72.05%,N/A
Automotive (Legacy),Careers,United States,113,$18.39  ~ $21.39 ,$16.90 ,N/A,0.11%,72.58%,N/A
Automotive (Legacy),K-6 Educators,United States,6,$14.38  ~ $14.38 ,N/A,N/A,N/A,70.26%,N/A
Automotive (Legacy),Buying/Selling Cars,United States,59,$14.01  ~ $14.01 ,$138.21 ,N/A,0.01%,76.62%,N/A
Automotive (Legacy),Insurance,Canada,25,$17.67  ~ $17.67 ,$30.93 ,N/A,0.06%,81.01%,N/A
Automotive (Legacy),Insurance,United States,320,$27.50  ~ $27.67 ,$34.27 ,N/A,0.08%,76.77%,N/A
Automotive (Legacy),Credit/Debt & Loans,United States,129,$15.19  ~ $25.16 ,$16.58 ,N/A,0.09%,74.00%,N/A
Automotive (Legacy),Health & Fitness,Canada,79,$7.92  ~ $16.05 ,$5.57 ,N/A,0.14%,70.14%,N/A
Automotive (Legacy),Health & Fitness,United States,"3,350",$12.49  ~ $14.82 ,$21.84 ,N/A,0.06%,83.32%,N/A
Automotive (Legacy),Shopping,United States,"1,177",$11.84  ~ $13.87 ,$27.70 ,N/A,0.05%,76.47%,N/A
Automotive (Legacy),Shopping,Canada,7,$5.81  ~ $11.46 ,$8.41 ,N/A,0.07%,76.84%,N/A
Automotive (Legacy),Business Software,United States,"1,089",$14.43  ~ $15.66 ,$40.00 ,N/A,0.04%,79.53%,N/A
Automotive (Legacy),Business Software,Canada,59,$10.12  ~ $10.20 ,$18.59 ,N/A,0.05%,75.04%,N/A
Automotive (Legacy),Education,United States,514,$16.53  ~ $16.70 ,$26.27 ,N/A,0.06%,73.63%,N/A
Automotive (Legacy),Gardening,United States,146,$15.53  ~ $15.53 ,$30.82 ,N/A,0.05%,68.91%,N/A
Automotive (Legacy),Dining Out,United States,499,$16.38  ~ $16.38 ,$49.23 ,N/A,0.03%,79.24%,N/A
Automotive (Legacy),Veterinary Medicine,United States,4,$1.94  ~ $1.94 ,N/A,N/A,N/A,88.96%,N/A
Automotive (Legacy),Contests & Freebies,United States,2,$2.38  ~ $2.38 ,N/A,N/A,N/A,80.57%,N/A
Automotive (Legacy),Clothing,United States,39,$21.16  ~ $21.16 ,$36.86 ,N/A,0.06%,71.95%,N/A
Automotive (Legacy),Clothing,Canada,33,$7.50  ~ $7.50 ,$6.70 ,N/A,0.11%,74.02%,N/A
Automotive (Legacy),Card Games,United States,"1,017",$20.20  ~ $20.95 ,$42.37 ,N/A,0.05%,88.14%,N/A
Automotive (Legacy),Auto Repair,United States,106,$14.80  ~ $16.28 ,$13.85 ,N/A,0.11%,72.18%,N/A
Automotive (Legacy),Agriculture,United States,11,$4.28  ~ $4.78 ,N/A,N/A,N/A,86.29%,N/A
Automotive (Legacy),Politics,United States,892,$20.53  ~ $20.87 ,$26.52 ,N/A,0.08%,68.66%,N/A
Automotive (Legacy),Job Search,United States,156,$12.87  ~ $12.87 ,$115.74 ,N/A,0.01%,85.00%,N/A
Automotive (Legacy),Dental Care,United States,1,$3.91  ~ $4.94 ,N/A,N/A,N/A,56.20%,N/A
Automotive (Legacy),Sexuality,United States,4,$11.03  ~ $11.03 ,N/A,N/A,N/A,79.72%,N/A
Automotive (Legacy),Honeymoons/Getaways,Canada,85,$24.52  ~ $24.52 ,$10.14 ,N/A,0.24%,48.29%,N/A
Automotive (Legacy),Honeymoons/Getaways,United States,18,$18.53  ~ $31.17 ,$63.45 ,N/A,0.05%,62.83%,N/A
Automotive (Legacy),Food & Drink,United States,132,$11.21  ~ $13.56 ,$71.99 ,N/A,0.02%,83.03%,N/A
Automotive (Legacy),Remodeling & Construction,United States,128,$19.01  ~ $19.01 ,$106.40 ,N/A,0.02%,93.00%,N/A
Automotive (Legacy),Music,United States,29,$13.83  ~ $22.04 ,N/A,N/A,N/A,70.22%,N/A
Automotive (Legacy),Career Planning,United States,10,$15.01  ~ $15.02 ,$6.71 ,N/A,0.22%,62.43%,N/A
Automotive (Legacy),Fine Art,Canada,6,$15.42  ~ $15.42 ,N/A,N/A,N/A,70.98%,N/A
Automotive (Legacy),Fine Art,United States,41,$4.28  ~ $4.28 ,N/A,N/A,N/A,70.67%,N/A
Automotive (Legacy),Cancer,Canada,44,$18.46  ~ $43.40 ,N/A,N/A,N/A,82.94%,N/A
Automotive (Legacy),Nutrition,United States,38,$18.34  ~ $18.34 ,$6.39 ,N/A,0.29%,65.05%,N/A
Automotive (Legacy),"Law, Gov't & Politics",United States,34,$20.10  ~ $23.60 ,$27.60 ,N/A,0.09%,66.05%,N/A
Automotive (Legacy),Mutual Funds,United States,46,$18.90  ~ $18.90 ,$21.88 ,N/A,0.09%,54.84%,N/A
Automotive (Legacy),Accessories,United States,46,$20.16  ~ $20.33 ,$17.25 ,N/A,0.12%,81.31%,N/A
Automotive (Legacy),Incest/Abuse Support,United States,231,$18.88  ~ $18.88 ,$30.51 ,N/A,0.06%,74.76%,N/A
Automotive (Legacy),Cocktails/Beer,United States,77,$22.85  ~ $22.85 ,$41.43 ,N/A,0.06%,82.25%,N/A
Automotive (Legacy),Legal Issues,Canada,18,$21.81  ~ $21.86 ,$26.34 ,N/A,0.08%,80.09%,N/A
Automotive (Legacy),Legal Issues,United States,112,$15.17  ~ $15.21 ,$22.45 ,N/A,0.07%,66.38%,N/A
Automotive (Legacy),News,Canada,341,$16.10  ~ $16.48 ,$13.94 ,N/A,0.12%,68.27%,N/A
Automotive (Legacy),News,United States,35,$11.32  ~ $13.89 ,$9.97 ,N/A,0.14%,72.19%,N/A
Automotive (Legacy),Arts & Entertainment,Canada,81,$0.85  ~ $13.21 ,$43.79 ,N/A,0.03%,78.01%,N/A
Automotive (Legacy),Arts & Entertainment,United States,36,$19.28  ~ $20.50 ,$38.04 ,N/A,0.05%,73.14%,N/A
Automotive (Legacy),Cruises,United States,28,$13.36  ~ $13.36 ,$7.43 ,N/A,0.18%,83.64%,N/A
Automotive (Legacy),Interior Decorating,United States,763,$8.26  ~ $10.21 ,$10.14 ,N/A,0.08%,75.41%,N/A
Automotive (Legacy),Senior Living,United States,175,$3.71  ~ $4.09 ,$23.25 ,N/A,0.02%,80.52%,N/A
Automotive (Legacy),Travel,Canada,33,$15.63  ~ $16.63 ,$17.70 ,N/A,0.09%,86.10%,N/A
Automotive (Legacy),Travel,United States,192,$14.99  ~ $16.49 ,$27.72 ,N/A,0.05%,71.07%,N/A
Automotive (Legacy),Personal Finance,United States,653,$15.45  ~ $16.63 ,$14.47 ,N/A,0.11%,59.09%,N/A
Automotive (Legacy),Personal Finance,Canada,42,$17.55  ~ $37.29 ,$8.72 ,N/A,0.20%,76.52%,N/A
Automotive (Legacy),Hobbies & Interests,United States,108,$12.29  ~ $16.11 ,$31.05 ,N/A,0.04%,75.82%,N/A
Automotive (Legacy),Cold & Flu,United States,355,$11.75  ~ $29.18 ,$10.79 ,N/A,0.11%,76.40%,N/A
Automotive (Legacy),Books & Literature,United States,2,$18.13  ~ $18.13 ,N/A,N/A,N/A,79.53%,N/A
Automotive (Legacy),Pets,United States,2,$14.10  ~ $32.25 ,$0.72 ,N/A,1.96%,79.59%,N/A
Automotive (Legacy),Advertising,Canada,1,$13.29  ~ $15.97 ,N/A,N/A,N/A,73.64%,N/A
Automotive (Legacy),Advertising,United States,51,$9.43  ~ $20.24 ,$12.10 ,N/A,0.08%,76.52%,N/A
Automotive (Legacy),Automotive,United States,43,$11.20  ~ $11.31 ,$23.90 ,N/A,0.05%,66.68%,N/A
Automotive (Legacy),Commentary,United States,2,$16.63  ~ $17.61 ,$16.43 ,N/A,0.11%,48.60%,N/A
Automotive (Legacy),Adventure Travel,United States,36,$6.50  ~ $35.09 ,N/A,N/A,N/A,86.16%,N/A
Automotive (Legacy),Private School,United States,4,$15.92  ~ $37.78 ,N/A,N/A,N/A,73.81%,N/A
Automotive (Legacy),Exercise,United States,2,$20.30  ~ $20.30 ,N/A,N/A,N/A,67.50%,N/A
Automotive (Legacy),Internet Technology,United States,4,$6.86  ~ $6.86 ,N/A,N/A,N/A,68.00%,N/A
Automotive (Legacy),Human Resources,United States,13,$18.43  ~ $20.70 ,$10.98 ,N/A,0.17%,70.71%,N/A
Automotive (Legacy),Pro Ice Hockey,Canada,57,$16.12  ~ $32.87 ,N/A,N/A,N/A,80.99%,N/A
Automotive (Legacy),Dogs,United States,10,$26.72  ~ $27.30 ,N/A,N/A,N/A,76.85%,N/A
Automotive (Legacy),Dogs,Canada,191,$11.19  ~ $17.73 ,N/A,N/A,N/A,90.22%,N/A
Automotive (Legacy),Pro Basketball,United States,8,$18.18  ~ $18.18 ,$38.03 ,N/A,0.05%,58.77%,N/A
Automotive (Legacy),Pro Basketball,Canada,5,$6.34  ~ $15.80 ,N/A,N/A,N/A,93.73%,N/A
Automotive (Legacy),Real Estate,United States,99,$14.92  ~ $14.92 ,$35.21 ,N/A,0.04%,69.04%,N/A
Automotive (Legacy),Health/Lowfat Cooking,Canada,76,$18.55  ~ $38.44 ,N/A,N/A,N/A,88.58%,N/A
Automotive (Legacy),Health/Lowfat Cooking,United States,134,$16.14  ~ $16.20 ,$37.77 ,N/A,0.04%,79.51%,N/A
Automotive (Legacy),Pediatrics,United States,32,$11.72  ~ $20.64 ,$6.18 ,N/A,0.19%,72.53%,N/A
Automotive (Legacy),Auto Parts,United States,151,$7.68  ~ $7.68 ,$14.35 ,N/A,0.05%,88.31%,N/A
Automotive (Legacy),Green Solutions,United States,404,$17.58  ~ $17.58 ,$36.08 ,N/A,0.05%,71.61%,N/A
Automotive (Legacy),Business,Canada,94,$4.26  ~ $4.91 ,$31.08 ,N/A,0.01%,81.81%,N/A
Automotive (Legacy),Business,United States,"1,933",$13.42  ~ $15.36 ,$18.81 ,N/A,0.07%,76.31%,N/A
Automotive (Legacy),Psychology/Psychiatry,United States,215,$10.28  ~ $10.31 ,$16.84 ,N/A,0.06%,65.65%,N/A
Automotive (Legacy),Weight Loss,United States,16,$11.14  ~ $11.14 ,N/A,N/A,N/A,79.95%,N/A
Automotive (Legacy),Investing,United States,7,$0.90  ~ $0.90 ,N/A,N/A,N/A,66.61%,N/A
Automotive (Legacy),Computer Peripherals,United States,13,$4.87  ~ $4.87 ,N/A,N/A,N/A,85.06%,N/A
Automotive (Legacy),Catholicism,United States,1,$16.64  ~ $38.23 ,N/A,N/A,N/A,70.03%,N/A
Automotive (Legacy),Weddings,United States,8,$18.91  ~ $18.91 ,N/A,N/A,N/A,82.02%,N/A
Automotive (Legacy),Home & Garden,United States,"3,176",$7.75  ~ $8.20 ,$18.97 ,N/A,0.04%,75.31%,N/A
Automotive (Legacy),College,Canada,10,$5.35  ~ $5.35 ,$8.28 ,N/A,0.06%,76.07%,N/A
Automotive (Legacy),College,United States,117,$11.10  ~ $13.73 ,$39.86 ,N/A,0.03%,74.17%,N/A
Automotive (Legacy),Alternative Medicine,United States,9,$18.41  ~ $19.32 ,$25.66 ,N/A,0.08%,60.70%,N/A
Automotive (Legacy),Hotels,United States,142,$5.31  ~ $15.75 ,N/A,N/A,N/A,80.93%,N/A
Automotive (Legacy),Theme Parks,United States,17,$41.01  ~ $52.84 ,N/A,N/A,N/A,83.48%,N/A
Automotive (Legacy),Biotech/Biomedical,Canada,31,$18.49  ~ $39.76 ,N/A,N/A,N/A,90.99%,N/A
Automotive (Legacy),Biotech/Biomedical,United States,556,$16.71  ~ $38.69 ,$35.61 ,N/A,0.05%,80.77%,N/A
Automotive (Legacy),Home Repair,United States,93,$18.00  ~ $18.16 ,$25.50 ,N/A,0.07%,69.96%,N/A
Automotive (Legacy),U.S. Government Resources,United States,20,$18.68  ~ $18.68 ,N/A,N/A,N/A,65.90%,N/A
Automotive (Legacy),Chronic Pain,United States,1,$22.55  ~ $22.55 ,N/A,N/A,N/A,68.43%,N/A
Automotive (Legacy),Senor Health,United States,63,$17.67  ~ $17.67 ,$36.98 ,N/A,0.05%,77.53%,N/A
Automotive (Legacy),Couponing,United States,29,$1.54  ~ $1.54 ,N/A,N/A,N/A,79.85%,N/A
Automotive (Legacy),Metals,United States,"1,353",$8.40  ~ $14.13 ,$31.28 ,N/A,0.03%,81.85%,N/A
Automotive (Legacy),Metals,Canada,2,$19.88  ~ $27.10 ,N/A,N/A,N/A,72.56%,N/A
Automotive (Legacy),Graduate School,United States,251,$13.00  ~ $13.02 ,$13.97 ,N/A,0.09%,75.35%,N/A
Automotive (Legacy),Family & Parenting,United States,47,$9.25  ~ $9.27 ,$61.12 ,N/A,0.02%,69.13%,N/A
Automotive (Legacy),Computer Networking,United States,16,$0.00  ~ $0.00 ,N/A,N/A,N/A,N/A,N/A
Automotive (Legacy),Bed & Breakfasts,United States,53,$0.00  ~ $0.00 ,N/A,N/A,N/A,N/A,N/A
Automotive (Legacy),Canada,Canada,36,$0.00  ~ $0.00 ,N/A,N/A,N/A,N/A,N/A
Automotive (Legacy),Jewelry,United States,2,$0.00  ~ $0.00 ,N/A,N/A,N/A,N/A,N/A
Automotive (Legacy),Cameras & Camcorders,United States,5,$0.00  ~ $0.00 ,N/A,N/A,N/A,N/A,N/A
Automotive (Legacy),Art/Technology,United States,2,$0.00  ~ $0.00 ,N/A,N/A,N/A,N/A,N/A
Business (Legacy),Cold & Flu,United States,"1,521",$12.13  ~ $26.32 ,$14.53 ,N/A,0.08%,71.66%,N/A
Business (Legacy),Home & Garden,United States,"1,573",$8.16  ~ $8.80 ,$18.26 ,N/A,0.05%,70.05%,N/A
Business (Legacy),Arts & Entertainment,Canada,3,$0.68  ~ $12.38 ,$21.97 ,N/A,0.06%,73.93%,N/A
Business (Legacy),Arts & Entertainment,United States,45,$16.62  ~ $19.45 ,$13.30 ,N/A,0.12%,69.00%,N/A
Business (Legacy),Automotive,United States,88,$8.45  ~ $8.56 ,$19.86 ,N/A,0.04%,65.46%,N/A
Business (Legacy),Construction,United States,3,$16.15  ~ $16.86 ,$60.62 ,N/A,0.03%,74.61%,N/A
Business (Legacy),Gardening,United States,2,$15.09  ~ $15.09 ,$31.58 ,N/A,0.05%,60.46%,N/A
Business (Legacy),Interior Decorating,United States,245,$8.51  ~ $10.58 ,$11.55 ,N/A,0.07%,69.42%,N/A
Business (Legacy),Business,Canada,47,$4.04  ~ $5.49 ,$20.29 ,N/A,0.03%,72.28%,N/A
Business (Legacy),Business,United States,"2,977",$14.64  ~ $15.49 ,$12.73 ,N/A,0.12%,71.74%,N/A
Business (Legacy),Pro Basketball,United States,5,$18.42  ~ $18.42 ,$46.75 ,N/A,0.04%,67.59%,N/A
Business (Legacy),Agriculture,Canada,1,$18.43  ~ $18.43 ,$32.07 ,N/A,0.06%,76.94%,N/A
Business (Legacy),Senior Living,United States,20,$2.47  ~ $2.69 ,$10.40 ,N/A,0.03%,52.82%,N/A
Business (Legacy),Weight Loss,United States,157,$10.50  ~ $10.50 ,$23.76 ,N/A,0.04%,84.61%,N/A
Business (Legacy),Books & Literature,United States,6,$18.28  ~ $18.28 ,N/A,N/A,N/A,82.52%,N/A
Business (Legacy),Cocktails/Beer,United States,113,$22.26  ~ $22.26 ,$19.85 ,N/A,0.11%,78.44%,N/A
Business (Legacy),Buying/Selling Cars,United States,72,$15.17  ~ $15.17 ,$40.01 ,N/A,0.04%,72.93%,N/A
Business (Legacy),Veterinary Medicine,United States,"1,397",$1.67  ~ $1.67 ,$2.63 ,N/A,0.06%,83.99%,N/A
Business (Legacy),Senor Health,United States,36,$18.61  ~ $18.61 ,$20.35 ,N/A,0.09%,74.68%,N/A
Business (Legacy),Honeymoons/Getaways,Canada,37,$23.50  ~ $23.50 ,$24.52 ,N/A,0.10%,44.96%,N/A
Business (Legacy),Honeymoons/Getaways,United States,58,$20.40  ~ $31.98 ,$44.09 ,N/A,0.07%,61.08%,N/A
Business (Legacy),Home Repair,United States,109,$17.12  ~ $17.14 ,$27.27 ,N/A,0.06%,71.36%,N/A
Business (Legacy),Politics,United States,"2,551",$20.64  ~ $20.95 ,$21.31 ,N/A,0.10%,64.80%,N/A
Business (Legacy),Graduate School,United States,181,$14.90  ~ $14.93 ,$22.06 ,N/A,0.07%,69.30%,N/A
Business (Legacy),Music,United States,38,$10.91  ~ $21.39 ,$20.31 ,N/A,0.05%,61.40%,N/A
Business (Legacy),Dogs,Canada,19,$11.24  ~ $16.42 ,N/A,N/A,N/A,85.34%,N/A
Business (Legacy),Dogs,United States,3,$26.79  ~ $27.59 ,N/A,N/A,N/A,80.28%,N/A
Business (Legacy),Real Estate,United States,110,$16.75  ~ $16.76 ,$33.42 ,N/A,0.05%,63.70%,N/A
Business (Legacy),Biotech/Biomedical,Canada,3,$18.59  ~ $44.28 ,N/A,N/A,N/A,93.29%,N/A
Business (Legacy),Biotech/Biomedical,United States,"2,704",$16.65  ~ $38.02 ,$25.18 ,N/A,0.07%,75.15%,N/A
Business (Legacy),Couponing,United States,567,$1.45  ~ $1.45 ,$1.04 ,N/A,0.14%,74.23%,N/A
Business (Legacy),Beauty,United States,2,$65.51  ~ $65.51 ,N/A,N/A,N/A,50.00%,N/A
Business (Legacy),Health/Lowfat Cooking,Canada,12,$18.41  ~ $38.14 ,N/A,N/A,N/A,89.95%,N/A
Business (Legacy),Health/Lowfat Cooking,United States,197,$16.34  ~ $16.46 ,$21.95 ,N/A,0.07%,70.33%,N/A
Business (Legacy),"Law, Gov't & Politics",United States,23,$21.88  ~ $25.46 ,$19.69 ,N/A,0.13%,62.40%,N/A
Business (Legacy),Education,United States,465,$16.87  ~ $16.96 ,$25.71 ,N/A,0.07%,65.32%,N/A
Business (Legacy),Cancer,United States,1,$46.37  ~ $46.37 ,N/A,N/A,N/A,77.80%,N/A
Business (Legacy),By US Locale,United States,1,$18.03  ~ $41.12 ,N/A,N/A,N/A,87.50%,N/A
Business (Legacy),Legal Issues,Canada,3,$24.18  ~ $24.28 ,$18.81 ,N/A,0.13%,75.62%,N/A
Business (Legacy),Legal Issues,United States,207,$19.74  ~ $20.11 ,$27.48 ,N/A,0.07%,64.20%,N/A
Business (Legacy),College,United States,113,$11.43  ~ $15.05 ,$27.56 ,N/A,0.05%,62.12%,N/A
Business (Legacy),Card Games,United States,85,$26.08  ~ $26.22 ,$39.80 ,N/A,0.07%,77.90%,N/A
Business (Legacy),Accessories,United States,107,$19.37  ~ $19.40 ,$20.20 ,N/A,0.10%,81.60%,N/A
Business (Legacy),Adventure Travel,United States,1,$11.03  ~ $35.13 ,N/A,N/A,N/A,74.06%,N/A
Business (Legacy),Incest/Abuse Support,United States,154,$20.95  ~ $20.95 ,$36.25 ,N/A,0.06%,74.98%,N/A
Business (Legacy),Logistics,Canada,34,$5.35  ~ $21.17 ,$22.20 ,N/A,0.10%,71.59%,N/A
Business (Legacy),Logistics,United States,14,$16.58  ~ $16.70 ,$23.55 ,N/A,0.07%,61.96%,N/A
Business (Legacy),Health & Fitness,Canada,43,$8.11  ~ $16.43 ,$12.17 ,N/A,0.07%,63.65%,N/A
Business (Legacy),Health & Fitness,United States,"1,716",$11.79  ~ $14.48 ,$20.03 ,N/A,0.07%,71.89%,N/A
Business (Legacy),Alternative Medicine,United States,16,$18.32  ~ $19.31 ,$27.16 ,N/A,0.07%,61.40%,N/A
Business (Legacy),Food & Drink,United States,175,$8.28  ~ $10.88 ,$13.86 ,N/A,0.08%,75.42%,N/A
Business (Legacy),Remodeling & Construction,United States,900,$19.57  ~ $19.57 ,$224.63 ,N/A,0.01%,94.42%,N/A
Business (Legacy),Job Search,United States,89,$13.05  ~ $13.05 ,$134.53 ,N/A,0.01%,79.89%,N/A
Business (Legacy),Cruises,United States,67,$13.86  ~ $13.86 ,$17.28 ,N/A,0.08%,80.66%,N/A
Business (Legacy),Theme Parks,United States,10,$36.77  ~ $52.88 ,N/A,N/A,N/A,77.52%,N/A
Business (Legacy),Investors & Patents,United States,2,$78.08  ~ $78.08 ,N/A,N/A,N/A,28.42%,N/A
Business (Legacy),Pets,United States,1,$17.18  ~ $37.26 ,N/A,N/A,N/A,65.00%,N/A
Business (Legacy),Investing,United States,47,$0.90  ~ $0.90 ,N/A,N/A,N/A,59.83%,N/A
Business (Legacy),Chronic Pain,United States,1,$22.55  ~ $22.55 ,N/A,N/A,N/A,69.43%,N/A
Business (Legacy),Business Software,Canada,6,$14.52  ~ $14.55 ,$17.13 ,N/A,0.08%,67.57%,N/A
Business (Legacy),Business Software,United States,"1,174",$16.39  ~ $17.38 ,$47.72 ,N/A,0.04%,74.22%,N/A
Business (Legacy),Advertising,Canada,1,$14.64  ~ $16.09 ,$46.22 ,N/A,0.03%,66.07%,N/A
Business (Legacy),Advertising,United States,76,$10.97  ~ $19.31 ,$42.06 ,N/A,0.03%,66.14%,N/A
Business (Legacy),Auto Parts,United States,162,$7.77  ~ $7.77 ,$19.44 ,N/A,0.04%,82.14%,N/A
Business (Legacy),Commentary,United States,4,$16.82  ~ $17.87 ,$66.81 ,N/A,0.03%,41.44%,N/A
Business (Legacy),Exercise,United States,4,$20.30  ~ $20.30 ,$8.75 ,N/A,0.23%,71.36%,N/A
Business (Legacy),Sexuality,United States,2,$11.06  ~ $11.06 ,N/A,N/A,N/A,78.10%,N/A
Business (Legacy),Careers,Canada,3,$13.01  ~ $13.01 ,N/A,N/A,N/A,61.63%,N/A
Business (Legacy),Careers,United States,6,$14.28  ~ $16.09 ,$6.75 ,N/A,0.21%,67.51%,N/A
Business (Legacy),Family & Parenting,United States,69,$7.84  ~ $8.29 ,$18.36 ,N/A,0.05%,57.82%,N/A
Business (Legacy),Personal Finance,United States,"2,304",$15.17  ~ $16.01 ,$8.17 ,N/A,0.19%,55.80%,N/A
Business (Legacy),Personal Finance,Canada,3,$17.14  ~ $38.31 ,$13.51 ,N/A,0.13%,68.98%,N/A
Business (Legacy),Hotels,United States,95,$7.18  ~ $16.54 ,$72.75 ,N/A,0.02%,72.57%,N/A
Business (Legacy),Fine Art,United States,17,$4.97  ~ $4.97 ,$6.91 ,N/A,0.07%,51.14%,N/A
Business (Legacy),Nutrition,United States,155,$18.35  ~ $18.35 ,$6.10 ,N/A,0.30%,61.42%,N/A
Business (Legacy),Credit/Debt & Loans,United States,36,$16.23  ~ $25.20 ,$16.11 ,N/A,0.10%,71.92%,N/A
Business (Legacy),Mutual Funds,United States,238,$18.88  ~ $18.88 ,$10.76 ,N/A,0.18%,62.47%,N/A
Business (Legacy),Green Solutions,United States,41,$16.82  ~ $16.82 ,$25.06 ,N/A,0.07%,67.40%,N/A
Business (Legacy),Career Planning,United States,3,$15.06  ~ $15.07 ,$9.29 ,N/A,0.16%,55.42%,N/A
Business (Legacy),Clothing,United States,43,$20.86  ~ $20.86 ,$21.11 ,N/A,0.10%,66.79%,N/A
Business (Legacy),Clothing,Canada,10,$7.57  ~ $7.57 ,$17.59 ,N/A,0.04%,68.60%,N/A
Business (Legacy),Infertility,United States,1,$6.45  ~ $6.48 ,$21.14 ,N/A,0.03%,88.81%,N/A
Business (Legacy),Dining Out,United States,446,$16.31  ~ $16.31 ,$35.61 ,N/A,0.05%,76.17%,N/A
Business (Legacy),Hobbies & Interests,United States,23,$12.95  ~ $16.73 ,$11.21 ,N/A,0.12%,69.82%,N/A
Business (Legacy),Metals,United States,224,$5.48  ~ $13.63 ,$3.45 ,N/A,0.16%,77.95%,N/A
Business (Legacy),Weddings,United States,2,$18.91  ~ $18.91 ,N/A,N/A,N/A,79.71%,N/A
Business (Legacy),Auto Repair,United States,56,$15.89  ~ $16.56 ,$21.06 ,N/A,0.08%,74.28%,N/A
Business (Legacy),News,Canada,33,$13.77  ~ $14.10 ,$23.55 ,N/A,0.06%,66.96%,N/A
Business (Legacy),News,United States,49,$15.85  ~ $16.21 ,$38.44 ,N/A,0.04%,69.07%,N/A
Business (Legacy),Insurance,Canada,9,$17.58  ~ $17.58 ,$76.41 ,N/A,0.02%,71.57%,N/A
Business (Legacy),Insurance,United States,437,$29.90  ~ $30.36 ,$47.98 ,N/A,0.06%,71.12%,N/A
Business (Legacy),Buying/Selling Homes,United States,17,$11.56  ~ $16.35 ,N/A,N/A,N/A,63.63%,N/A
Business (Legacy),U.S. Government Resources,United States,7,$18.56  ~ $18.56 ,$45.24 ,N/A,0.04%,70.82%,N/A
Business (Legacy),Private School,United States,2,$16.51  ~ $37.17 ,N/A,N/A,N/A,75.03%,N/A
Business (Legacy),Computer Peripherals,United States,"1,692",$9.60  ~ $9.60 ,$93.54 ,N/A,0.01%,60.40%,N/A
Business (Legacy),Shopping,United States,888,$11.07  ~ $14.44 ,$8.74 ,N/A,0.13%,76.15%,N/A
Business (Legacy),Travel,Canada,6,$15.57  ~ $16.45 ,$22.94 ,N/A,0.07%,81.52%,N/A
Business (Legacy),Travel,United States,86,$18.07  ~ $18.95 ,$44.79 ,N/A,0.04%,71.09%,N/A
Business (Legacy),Pediatrics,United States,28,$12.78  ~ $21.00 ,$11.20 ,N/A,0.11%,67.18%,N/A
Business (Legacy),Psychology/Psychiatry,United States,"1,479",$11.66  ~ $12.45 ,$11.72 ,N/A,0.10%,57.76%,N/A
Business (Legacy),Apartments,United States,1,$9.50  ~ $9.50 ,$6.92 ,N/A,0.14%,74.07%,N/A
Business (Legacy),K-6 Educators,United States,1,$15.34  ~ $15.34 ,N/A,N/A,N/A,65.28%,N/A
Business (Legacy),Human Resources,United States,35,$17.05  ~ $20.72 ,$186.44 ,N/A,0.01%,70.66%,N/A
Business (Legacy),Birdwatching,United States,28,$0.00  ~ $0.00 ,N/A,N/A,N/A,N/A,N/A
Business (Legacy),Computer Networking,United States,8,$0.00  ~ $0.00 ,N/A,N/A,N/A,N/A,N/A
Business (Legacy),Canada,Canada,7,$0.00  ~ $0.00 ,N/A,N/A,N/A,N/A,N/A
Business (Legacy),Bed & Breakfasts,United States,14,$0.00  ~ $0.00 ,N/A,N/A,N/A,N/A,N/A
Business (Legacy),Cameras & Camcorders,United States,2,$0.00  ~ $0.00 ,N/A,N/A,N/A,N/A,N/A
Business (Legacy),Motorcycles,United States,1,$0.00  ~ $0.00 ,N/A,N/A,N/A,N/A,N/A
Business (Legacy),Football,United States,1,$0.00  ~ $0.00 ,N/A,N/A,N/A,N/A,N/A
Careers (Legacy),Job Search,United States,12,$11.95  ~ $11.95 ,$47.07 ,N/A,0.03%,84.00%,N/A
Careers (Legacy),Agriculture,United States,2,$5.67  ~ $6.01 ,N/A,N/A,N/A,87.97%,N/A
Careers (Legacy),Incest/Abuse Support,United States,166,$20.85  ~ $20.85 ,$42.77 ,N/A,0.05%,74.81%,N/A
Careers (Legacy),Cocktails/Beer,United States,47,$22.64  ~ $22.64 ,$20.35 ,N/A,0.11%,77.98%,N/A
Careers (Legacy),Honeymoons/Getaways,Canada,11,$22.15  ~ $22.15 ,$13.59 ,N/A,0.16%,49.76%,N/A
Careers (Legacy),Honeymoons/Getaways,United States,6,$30.87  ~ $31.84 ,$75.03 ,N/A,0.04%,64.33%,N/A
Careers (Legacy),Pro Basketball,Canada,1,$6.35  ~ $12.56 ,N/A,N/A,N/A,74.49%,N/A
Careers (Legacy),Pro Basketball,United States,18,$18.33  ~ $18.33 ,$31.18 ,N/A,0.06%,60.71%,N/A
Careers (Legacy),Dogs,Canada,29,$10.95  ~ $16.73 ,N/A,N/A,N/A,83.21%,N/A
Careers (Legacy),Real Estate,United States,60,$15.20  ~ $15.21 ,$38.10 ,N/A,0.04%,67.27%,N/A
Careers (Legacy),Home Repair,United States,69,$17.11  ~ $17.15 ,$24.31 ,N/A,0.07%,71.49%,N/A
Careers (Legacy),Politics,United States,"1,182",$21.19  ~ $21.51 ,$22.96 ,N/A,0.09%,69.81%,N/A
Careers (Legacy),Card Games,United States,131,$27.67  ~ $29.33 ,$60.68 ,N/A,0.05%,82.01%,N/A
Careers (Legacy),Buying/Selling Cars,United States,82,$15.34  ~ $15.34 ,N/A,N/A,N/A,79.63%,N/A
Careers (Legacy),Senior Living,United States,13,$4.31  ~ $4.59 ,$11.86 ,N/A,0.04%,69.40%,N/A
Careers (Legacy),Automotive,United States,22,$11.04  ~ $11.28 ,N/A,N/A,N/A,77.47%,N/A
Careers (Legacy),Theme Parks,United States,9,$37.90  ~ $52.88 ,N/A,N/A,N/A,78.69%,N/A
Careers (Legacy),Music,United States,14,$14.87  ~ $22.03 ,$22.86 ,N/A,0.07%,64.76%,N/A
Careers (Legacy),Commentary,United States,9,$17.65  ~ $18.15 ,$55.39 ,N/A,0.03%,44.86%,N/A
Careers (Legacy),Computer Peripherals,United States,49,$14.89  ~ $14.89 ,N/A,N/A,N/A,55.93%,N/A
Careers (Legacy),Credit/Debt & Loans,United States,41,$17.19  ~ $26.35 ,$23.43 ,N/A,0.07%,75.48%,N/A
Careers (Legacy),Food & Drink,United States,62,$8.55  ~ $11.21 ,$48.58 ,N/A,0.02%,82.48%,N/A
Careers (Legacy),Nutrition,United States,46,$18.27  ~ $18.27 ,$5.30 ,N/A,0.34%,66.70%,N/A
Careers (Legacy),Investing,United States,30,$1.03  ~ $1.03 ,N/A,N/A,N/A,69.68%,N/A
Careers (Legacy),Contests & Freebies,United States,1,$2.59  ~ $2.59 ,N/A,N/A,N/A,79.72%,N/A
Careers (Legacy),News,Canada,13,$13.45  ~ $13.47 ,$21.77 ,N/A,0.06%,61.31%,N/A
Careers (Legacy),News,United States,48,$16.99  ~ $17.16 ,$22.52 ,N/A,0.08%,70.90%,N/A
Careers (Legacy),Health/Lowfat Cooking,Canada,5,$18.46  ~ $43.28 ,N/A,N/A,N/A,89.93%,N/A
Careers (Legacy),Health/Lowfat Cooking,United States,208,$16.01  ~ $16.12 ,$102.18 ,N/A,0.02%,74.74%,N/A
Careers (Legacy),Insurance,Canada,6,$17.61  ~ $17.61 ,N/A,N/A,N/A,73.68%,N/A
Careers (Legacy),Insurance,United States,311,$29.01  ~ $29.19 ,$98.48 ,N/A,0.03%,78.51%,N/A
Careers (Legacy),Pediatrics,United States,12,$13.05  ~ $20.87 ,$10.85 ,N/A,0.12%,69.35%,N/A
Careers (Legacy),Health & Fitness,United States,979,$14.65  ~ $15.99 ,$30.20 ,N/A,0.05%,76.19%,N/A
Careers (Legacy),Health & Fitness,Canada,18,$10.07  ~ $24.15 ,$25.14 ,N/A,0.04%,64.78%,N/A
Careers (Legacy),Accessories,United States,55,$19.53  ~ $19.62 ,$9.50 ,N/A,0.21%,78.12%,N/A
Careers (Legacy),Hobbies & Interests,United States,19,$12.73  ~ $16.07 ,$59.42 ,N/A,0.02%,76.34%,N/A
Careers (Legacy),Shopping,Canada,7,$6.58  ~ $11.76 ,$11.19 ,N/A,0.06%,77.18%,N/A
Careers (Legacy),Shopping,United States,540,$14.40  ~ $15.47 ,$33.00 ,N/A,0.04%,79.53%,N/A
Careers (Legacy),Auto Parts,United States,308,$7.78  ~ $7.78 ,N/A,N/A,N/A,86.85%,N/A
Careers (Legacy),U.S. Government Resources,United States,6,$18.64  ~ $18.64 ,N/A,N/A,N/A,79.73%,N/A
Careers (Legacy),Cold & Flu,United States,145,$11.61  ~ $26.28 ,$25.42 ,N/A,0.05%,74.73%,N/A
Careers (Legacy),Private School,United States,5,$16.52  ~ $38.57 ,N/A,N/A,N/A,71.01%,N/A
Careers (Legacy),Auto Repair,United States,12,$16.38  ~ $16.89 ,$15.33 ,N/A,0.11%,77.11%,N/A
Careers (Legacy),Apartments,United States,1,$7.03  ~ $7.03 ,N/A,N/A,N/A,70.34%,N/A
Careers (Legacy),Home & Garden,United States,719,$8.68  ~ $8.79 ,$15.48 ,N/A,0.06%,70.94%,N/A
Careers (Legacy),Biotech/Biomedical,Canada,8,$18.50  ~ $42.13 ,N/A,N/A,N/A,80.61%,N/A
Careers (Legacy),Biotech/Biomedical,United States,"2,055",$18.86  ~ $38.04 ,$39.46 ,N/A,0.05%,77.45%,N/A
Careers (Legacy),Advertising,United States,56,$10.13  ~ $19.32 ,$28.80 ,N/A,0.04%,69.63%,N/A
Careers (Legacy),Business,Canada,27,$4.07  ~ $5.41 ,$21.73 ,N/A,0.02%,85.23%,N/A
Careers (Legacy),Business,United States,645,$12.99  ~ $13.69 ,$25.17 ,N/A,0.05%,73.28%,N/A
Careers (Legacy),Couponing,United States,3,$2.02  ~ $2.02 ,N/A,N/A,N/A,77.05%,N/A
Careers (Legacy),Family & Parenting,United States,34,$9.43  ~ $9.77 ,$27.64 ,N/A,0.04%,69.99%,N/A
Careers (Legacy),Mutual Funds,United States,60,$19.34  ~ $19.34 ,$11.99 ,N/A,0.16%,66.97%,N/A
Careers (Legacy),Weight Loss,United States,43,$9.45  ~ $9.45 ,N/A,N/A,N/A,89.34%,N/A
Careers (Legacy),Gardening,United States,1,$15.22  ~ $15.22 ,$46.94 ,N/A,0.03%,60.42%,N/A
Careers (Legacy),Legal Issues,United States,147,$18.65  ~ $18.68 ,$37.16 ,N/A,0.05%,71.13%,N/A
Careers (Legacy),Careers,Canada,2,$12.99  ~ $12.99 ,N/A,N/A,N/A,67.19%,N/A
Careers (Legacy),Careers,United States,28,$15.27  ~ $16.50 ,$29.30 ,N/A,0.06%,80.15%,N/A
Careers (Legacy),Education,United States,442,$17.63  ~ $17.71 ,$49.13 ,N/A,0.04%,63.17%,N/A
Careers (Legacy),Cancer,United States,2,$46.60  ~ $46.60 ,N/A,N/A,N/A,77.90%,N/A
Careers (Legacy),College,United States,62,$11.40  ~ $14.56 ,$25.57 ,N/A,0.06%,66.26%,N/A
Careers (Legacy),Travel,Canada,12,$15.62  ~ $15.68 ,N/A,N/A,N/A,86.11%,N/A
Careers (Legacy),Travel,United States,298,$15.81  ~ $16.80 ,$27.84 ,N/A,0.06%,73.15%,N/A
Careers (Legacy),K-6 Educators,United States,5,$14.69  ~ $14.69 ,N/A,N/A,N/A,73.95%,N/A
Careers (Legacy),Psychology/Psychiatry,United States,115,$12.75  ~ $13.90 ,$15.11 ,N/A,0.08%,55.87%,N/A
Careers (Legacy),Veterinary Medicine,United States,2,$3.12  ~ $3.12 ,N/A,N/A,N/A,84.13%,N/A
Careers (Legacy),Sexuality,United States,2,$11.04  ~ $11.04 ,N/A,N/A,N/A,74.86%,N/A
Careers (Legacy),Arts & Entertainment,United States,32,$19.55  ~ $19.68 ,$20.70 ,N/A,0.09%,76.56%,N/A
Careers (Legacy),Human Resources,United States,5,$17.22  ~ $20.80 ,$36.27 ,N/A,0.05%,67.98%,N/A
Careers (Legacy),Fine Art,United States,1,$4.62  ~ $4.62 ,$5.34 ,N/A,0.09%,67.85%,N/A
Careers (Legacy),Clothing,Canada,8,$7.52  ~ $7.52 ,$9.07 ,N/A,0.08%,72.36%,N/A
Careers (Legacy),Clothing,United States,15,$20.93  ~ $20.93 ,$33.65 ,N/A,0.06%,67.21%,N/A
Careers (Legacy),By US Locale,United States,1,$18.60  ~ $43.92 ,N/A,N/A,N/A,90.48%,N/A
Careers (Legacy),Logistics,Canada,8,$7.00  ~ $20.64 ,$27.62 ,N/A,0.07%,70.67%,N/A
Careers (Legacy),Logistics,United States,19,$20.72  ~ $21.10 ,$30.50 ,N/A,0.07%,70.37%,N/A
Careers (Legacy),Books & Literature,United States,6,$18.24  ~ $18.24 ,N/A,N/A,N/A,84.73%,N/A
Careers (Legacy),Business Software,Canada,4,$15.35  ~ $15.44 ,$9.71 ,N/A,0.16%,74.60%,N/A
Careers (Legacy),Business Software,United States,772,$16.24  ~ $17.24 ,$50.95 ,N/A,0.03%,76.89%,N/A
Careers (Legacy),Cruises,United States,10,$15.19  ~ $15.19 ,N/A,N/A,N/A,73.59%,N/A
Careers (Legacy),Remodeling & Construction,United States,378,$19.76  ~ $19.76 ,$145.13 ,N/A,0.01%,95.89%,N/A
Careers (Legacy),Adventure Travel,United States,3,$15.68  ~ $35.76 ,N/A,N/A,N/A,73.20%,N/A
Careers (Legacy),Interior Decorating,United States,88,$7.99  ~ $9.50 ,$11.42 ,N/A,0.07%,69.12%,N/A
Careers (Legacy),Graduate School,United States,185,$14.69  ~ $14.71 ,$24.23 ,N/A,0.06%,73.54%,N/A
Careers (Legacy),Green Solutions,United States,5,$17.29  ~ $17.29 ,$47.47 ,N/A,0.04%,67.75%,N/A
Careers (Legacy),Career Planning,United States,3,$14.08  ~ $14.17 ,$18.21 ,N/A,0.08%,56.14%,N/A
Careers (Legacy),Dining Out,United States,375,$16.40  ~ $16.40 ,$55.41 ,N/A,0.03%,80.97%,N/A
Careers (Legacy),Exercise,United States,2,$20.41  ~ $20.41 ,N/A,N/A,N/A,76.60%,N/A
Careers (Legacy),Metals,United States,117,$9.25  ~ $15.13 ,$36.72 ,N/A,0.03%,78.94%,N/A
Careers (Legacy),Metals,Canada,1,$20.98  ~ $24.77 ,$18.63 ,N/A,0.11%,78.26%,N/A
Careers (Legacy),Personal Finance,United States,970,$15.26  ~ $16.05 ,$7.19 ,N/A,0.21%,57.61%,N/A
Careers (Legacy),Personal Finance,Canada,8,$17.72  ~ $39.63 ,$39.01 ,N/A,0.05%,71.09%,N/A
Careers (Legacy),Hotels,United States,48,$6.95  ~ $16.74 ,N/A,N/A,N/A,75.78%,N/A
Careers (Legacy),Senor Health,United States,18,$18.47  ~ $18.47 ,$25.42 ,N/A,0.07%,77.97%,N/A
Careers (Legacy),"Law, Gov't & Politics",United States,21,$21.31  ~ $24.68 ,$43.79 ,N/A,0.06%,65.65%,N/A
Careers (Legacy),Alternative Medicine,United States,5,$18.55  ~ $19.44 ,$19.42 ,N/A,0.10%,60.21%,N/A
Careers (Legacy),Birdwatching,United States,2,$0.00  ~ $0.00 ,N/A,N/A,N/A,N/A,N/A
Careers (Legacy),Computer Networking,United States,6,$0.00  ~ $0.00 ,N/A,N/A,N/A,N/A,N/A
Careers (Legacy),Cameras & Camcorders,United States,3,$0.00  ~ $0.00 ,N/A,N/A,N/A,N/A,N/A
Careers (Legacy),Canada,Canada,13,$0.00  ~ $0.00 ,N/A,N/A,N/A,N/A,N/A
Careers (Legacy),Bed & Breakfasts,United States,13,$0.00  ~ $0.00 ,N/A,N/A,N/A,N/A,N/A
Education (Legacy),"Law, Gov't & Politics",United States,529,$19.30  ~ $22.33 ,$42.41 ,N/A,0.05%,63.42%,N/A
Education (Legacy),Cigars,United States,1,$17.90  ~ $17.90 ,$31.90 ,N/A,0.06%,50.22%,N/A
Education (Legacy),By US Locale,United States,3,$18.84  ~ $37.90 ,N/A,N/A,N/A,63.16%,N/A
Education (Legacy),Home & Garden,United States,"1,339",$8.39  ~ $9.23 ,$27.56 ,N/A,0.03%,65.97%,N/A
Education (Legacy),Interior Decorating,United States,170,$8.17  ~ $9.28 ,$26.38 ,N/A,0.03%,60.96%,N/A
Education (Legacy),Alternative Medicine,United States,28,$18.23  ~ $19.17 ,$40.13 ,N/A,0.05%,56.58%,N/A
Education (Legacy),Job Search,United States,128,$12.21  ~ $12.21 ,$170.73 ,N/A,0.01%,80.66%,N/A
Education (Legacy),Music,United States,83,$12.28  ~ $22.18 ,N/A,N/A,N/A,65.55%,N/A
Education (Legacy),Computer Peripherals,United States,211,$12.44  ~ $12.44 ,$28.89 ,N/A,0.04%,58.24%,N/A
Education (Legacy),Legal Issues,Canada,28,$19.82  ~ $19.95 ,$15.93 ,N/A,0.12%,72.55%,N/A
Education (Legacy),Legal Issues,United States,718,$17.70  ~ $18.10 ,$53.11 ,N/A,0.03%,61.31%,N/A
Education (Legacy),Logistics,Canada,144,$2.68  ~ $22.35 ,$25.68 ,N/A,0.09%,68.86%,N/A
Education (Legacy),Logistics,United States,257,$18.31  ~ $20.33 ,$39.75 ,N/A,0.05%,68.84%,N/A
Education (Legacy),Home Repair,United States,314,$17.13  ~ $17.15 ,$110.48 ,N/A,0.02%,61.75%,N/A
Education (Legacy),Personal Finance,United States,"1,146",$15.57  ~ $16.53 ,$16.76 ,N/A,0.09%,58.53%,N/A
Education (Legacy),Personal Finance,Canada,25,$17.51  ~ $38.42 ,$38.09 ,N/A,0.05%,62.08%,N/A
Education (Legacy),Mutual Funds,United States,195,$18.40  ~ $18.40 ,$23.94 ,N/A,0.08%,59.26%,N/A
Education (Legacy),Incest/Abuse Support,United States,382,$20.67  ~ $20.67 ,$70.48 ,N/A,0.03%,69.17%,N/A
Education (Legacy),Honeymoons/Getaways,Canada,142,$24.74  ~ $24.74 ,$24.48 ,N/A,0.10%,45.89%,N/A
Education (Legacy),Honeymoons/Getaways,United States,46,$23.20  ~ $32.25 ,$29.98 ,N/A,0.11%,55.36%,N/A
Education (Legacy),Human Resources,United States,59,$16.89  ~ $20.07 ,$189.66 ,N/A,0.01%,50.09%,N/A
Education (Legacy),Large Animals,United States,20,$17.32  ~ $17.32 ,N/A,N/A,N/A,80.93%,N/A
Education (Legacy),Green Solutions,United States,27,$17.80  ~ $17.80 ,$60.12 ,N/A,0.03%,61.63%,N/A
Education (Legacy),Veterinary Medicine,United States,6,$2.72  ~ $2.72 ,N/A,N/A,N/A,88.22%,N/A
Education (Legacy),Investing,United States,42,$1.00  ~ $1.00 ,N/A,N/A,N/A,69.59%,N/A
Education (Legacy),Books & Literature,United States,4,$17.91  ~ $17.91 ,N/A,N/A,N/A,66.39%,N/A
Education (Legacy),Shopping,Canada,58,$7.03  ~ $11.97 ,$11.33 ,N/A,0.06%,75.99%,N/A
Education (Legacy),Shopping,United States,812,$11.79  ~ $13.20 ,$45.19 ,N/A,0.03%,70.19%,N/A
Education (Legacy),Buying/Selling Cars,United States,518,$16.29  ~ $16.29 ,$433.89 ,N/A,0.00%,76.23%,N/A
Education (Legacy),Buying/Selling Homes,United States,2,$13.66  ~ $19.21 ,$12.04 ,N/A,0.16%,48.91%,N/A
Education (Legacy),Private School,United States,19,$16.07  ~ $37.35 ,N/A,N/A,N/A,61.00%,N/A
Education (Legacy),Exercise,United States,3,$20.39  ~ $20.39 ,N/A,N/A,N/A,72.54%,N/A
Education (Legacy),Contests & Freebies,United States,1,$2.52  ~ $2.52 ,N/A,N/A,N/A,75.68%,N/A
Education (Legacy),Advertising,United States,620,$9.08  ~ $22.01 ,$73.24 ,N/A,0.01%,63.34%,N/A
Education (Legacy),Hotels,United States,368,$5.39  ~ $13.67 ,$97.47 ,N/A,0.01%,72.49%,N/A
Education (Legacy),Business Software,Canada,77,$12.17  ~ $12.28 ,N/A,N/A,N/A,77.02%,N/A
Education (Legacy),Business Software,United States,"2,829",$15.18  ~ $17.47 ,$78.39 ,N/A,0.02%,69.69%,N/A
Education (Legacy),Pro Basketball,United States,23,$18.09  ~ $18.09 ,$43.12 ,N/A,0.04%,49.81%,N/A
Education (Legacy),Agriculture,United States,1,$5.65  ~ $5.78 ,$61.93 ,N/A,0.01%,92.97%,N/A
Education (Legacy),Adventure Travel,United States,16,$9.37  ~ $33.07 ,$24.34 ,N/A,0.04%,77.18%,N/A
Education (Legacy),Hobbies & Interests,United States,380,$11.59  ~ $15.63 ,$208.65 ,N/A,0.01%,75.66%,N/A
Education (Legacy),Weddings,United States,4,$18.85  ~ $18.85 ,N/A,N/A,N/A,68.86%,N/A
Education (Legacy),Biotech/Biomedical,Canada,6,$18.64  ~ $43.83 ,N/A,N/A,N/A,87.16%,N/A
Education (Legacy),Biotech/Biomedical,United States,"1,069",$16.95  ~ $35.07 ,$56.19 ,N/A,0.03%,70.27%,N/A
Education (Legacy),K-6 Educators,United States,15,$17.67  ~ $17.67 ,$17.93 ,N/A,0.10%,53.91%,N/A
Education (Legacy),Credit/Debt & Loans,United States,279,$18.49  ~ $28.65 ,$106.91 ,N/A,0.02%,64.85%,N/A
Education (Legacy),Cocktails/Beer,United States,329,$22.21  ~ $22.21 ,$31.32 ,N/A,0.07%,73.59%,N/A
Education (Legacy),Health/Lowfat Cooking,United States,125,$16.57  ~ $16.65 ,$52.33 ,N/A,0.03%,65.75%,N/A
Education (Legacy),Health/Lowfat Cooking,Canada,20,$18.55  ~ $41.19 ,N/A,N/A,N/A,89.71%,N/A
Education (Legacy),Food & Drink,United States,210,$11.34  ~ $12.30 ,$187.45 ,N/A,0.01%,73.81%,N/A
Education (Legacy),Investors & Patents,United States,1,$75.70  ~ $75.70 ,N/A,N/A,N/A,12.50%,N/A
Education (Legacy),Career Planning,United States,16,$13.97  ~ $14.01 ,$27.00 ,N/A,0.05%,47.57%,N/A
Education (Legacy),Cruises,United States,48,$14.78  ~ $14.78 ,$49.52 ,N/A,0.03%,76.58%,N/A
Education (Legacy),Health & Fitness,United States,"3,083",$11.04  ~ $14.63 ,$36.03 ,N/A,0.04%,66.21%,N/A
Education (Legacy),Health & Fitness,Canada,78,$8.89  ~ $20.35 ,$10.59 ,N/A,0.08%,67.91%,N/A
Education (Legacy),Psychology/Psychiatry,United States,229,$10.76  ~ $10.97 ,$15.56 ,N/A,0.07%,52.92%,N/A
Education (Legacy),Weight Loss,United States,25,$11.21  ~ $11.21 ,N/A,N/A,N/A,75.83%,N/A
Education (Legacy),Theme Parks,United States,42,$40.43  ~ $52.97 ,N/A,N/A,N/A,72.21%,N/A
Education (Legacy),Chronic Pain,United States,2,$22.59  ~ $22.59 ,$48.45 ,N/A,0.05%,65.83%,N/A
Education (Legacy),Gardening,United States,138,$16.14  ~ $16.14 ,$39.70 ,N/A,0.04%,58.14%,N/A
Education (Legacy),U.S. Government Resources,United States,283,$18.67  ~ $18.67 ,$132.01 ,N/A,0.01%,73.79%,N/A
Education (Legacy),Dining Out,United States,"1,914",$16.45  ~ $16.45 ,$116.83 ,N/A,0.01%,74.62%,N/A
Education (Legacy),Auto Repair,United States,229,$15.40  ~ $16.38 ,$33.21 ,N/A,0.05%,64.35%,N/A
Education (Legacy),Dental Care,United States,1,$3.93  ~ $5.05 ,N/A,N/A,N/A,70.40%,N/A
Education (Legacy),Couponing,United States,182,$1.86  ~ $1.86 ,N/A,N/A,N/A,78.72%,N/A
Education (Legacy),College,Canada,5,$5.50  ~ $5.50 ,$14.98 ,N/A,0.04%,69.05%,N/A
Education (Legacy),College,United States,219,$11.45  ~ $15.52 ,$47.86 ,N/A,0.03%,56.61%,N/A
Education (Legacy),Travel,Canada,120,$15.14  ~ $15.67 ,N/A,N/A,N/A,87.73%,N/A
Education (Legacy),Travel,United States,188,$12.04  ~ $16.30 ,$39.43 ,N/A,0.03%,69.47%,N/A
Education (Legacy),Senior Living,United States,153,$4.37  ~ $4.68 ,$27.26 ,N/A,0.02%,50.76%,N/A
Education (Legacy),Auto Parts,United States,165,$7.74  ~ $7.74 ,$31.15 ,N/A,0.02%,78.26%,N/A
Education (Legacy),Family & Parenting,United States,121,$9.02  ~ $9.21 ,$17.99 ,N/A,0.05%,59.49%,N/A
Education (Legacy),Remodeling & Construction,United States,118,$19.18  ~ $19.18 ,$572.90 ,N/A,0.00%,91.11%,N/A
Education (Legacy),Comparison,United States,2,$1.91  ~ $1.91 ,N/A,N/A,N/A,38.66%,N/A
Education (Legacy),Pediatrics,United States,11,$12.33  ~ $20.97 ,$16.48 ,N/A,0.07%,60.66%,N/A
Education (Legacy),Commentary,United States,19,$15.37  ~ $16.85 ,$31.94 ,N/A,0.05%,53.66%,N/A
Education (Legacy),Cancer,Canada,2,$18.59  ~ $45.70 ,$6.54 ,N/A,0.28%,61.23%,N/A
Education (Legacy),Cancer,United States,3,$46.71  ~ $46.71 ,N/A,N/A,N/A,69.37%,N/A
Education (Legacy),Accessories,United States,61,$19.24  ~ $19.36 ,$96.82 ,N/A,0.02%,63.80%,N/A
Education (Legacy),Cold & Flu,United States,737,$12.52  ~ $25.27 ,$83.29 ,N/A,0.02%,71.05%,N/A
Education (Legacy),Senor Health,United States,29,$18.64  ~ $18.64 ,$121.65 ,N/A,0.02%,71.01%,N/A
Education (Legacy),Pro Ice Hockey,Canada,97,$16.25  ~ $37.04 ,N/A,N/A,N/A,71.56%,N/A
Education (Legacy),Careers,Canada,2,$13.23  ~ $13.23 ,N/A,N/A,N/A,43.50%,N/A
Education (Legacy),Careers,United States,618,$18.30  ~ $22.87 ,$28.59 ,N/A,0.06%,67.02%,N/A
Education (Legacy),Insurance,Canada,18,$17.56  ~ $17.56 ,$59.44 ,N/A,0.03%,66.48%,N/A
Education (Legacy),Insurance,United States,863,$30.22  ~ $30.47 ,$134.01 ,N/A,0.02%,59.88%,N/A
Education (Legacy),Graduate School,United States,619,$12.65  ~ $12.79 ,$53.73 ,N/A,0.02%,67.03%,N/A
Education (Legacy),Nutrition,United States,150,$18.51  ~ $18.51 ,$9.72 ,N/A,0.19%,52.69%,N/A
Education (Legacy),Clothing,United States,90,$21.30  ~ $21.30 ,$53.74 ,N/A,0.04%,60.74%,N/A
Education (Legacy),Clothing,Canada,35,$6.38  ~ $6.38 ,$7.16 ,N/A,0.09%,62.17%,N/A
Education (Legacy),Card Games,United States,688,$25.44  ~ $25.68 ,$58.24 ,N/A,0.04%,69.24%,N/A
Education (Legacy),Business,Canada,167,$2.98  ~ $3.98 ,$26.25 ,N/A,0.01%,78.92%,N/A
Education (Legacy),Business,United States,"2,775",$12.30  ~ $12.33 ,$22.84 ,N/A,0.05%,68.24%,N/A
Education (Legacy),Arts & Entertainment,Canada,229,$0.81  ~ $12.77 ,$21.22 ,N/A,0.06%,75.61%,N/A
Education (Legacy),Arts & Entertainment,United States,196,$15.99  ~ $16.79 ,$42.64 ,N/A,0.04%,66.75%,N/A
Education (Legacy),Real Estate,United States,196,$13.95  ~ $13.97 ,$38.33 ,N/A,0.04%,66.15%,N/A
Education (Legacy),Politics,United States,"4,289",$20.11  ~ $20.64 ,$39.11 ,N/A,0.05%,62.49%,N/A
Education (Legacy),Automotive,United States,88,$10.78  ~ $10.83 ,$48.35 ,N/A,0.02%,62.50%,N/A
Education (Legacy),Metals,United States,"1,107",$5.89  ~ $11.34 ,$70.77 ,N/A,0.01%,81.31%,N/A
Education (Legacy),Metals,Canada,7,$23.56  ~ $34.31 ,$59.56 ,N/A,0.04%,69.17%,N/A
Education (Legacy),Education,Canada,1,$10.39  ~ $22.27 ,N/A,N/A,N/A,73.93%,N/A
Education (Legacy),Education,United States,769,$17.87  ~ $18.47 ,$44.11 ,N/A,0.04%,62.65%,N/A
Education (Legacy),Fine Art,Canada,7,$15.15  ~ $15.15 ,N/A,N/A,N/A,51.21%,N/A
Education (Legacy),Fine Art,United States,88,$5.24  ~ $5.24 ,N/A,N/A,N/A,72.17%,N/A
Education (Legacy),News,Canada,95,$13.18  ~ $13.84 ,$25.95 ,N/A,0.05%,67.60%,N/A
Education (Legacy),News,United States,129,$14.43  ~ $15.49 ,$44.59 ,N/A,0.03%,66.20%,N/A
Education (Legacy),Dogs,Canada,155,$11.38  ~ $17.84 ,N/A,N/A,N/A,88.80%,N/A
Education (Legacy),Dogs,United States,43,$27.20  ~ $27.40 ,N/A,N/A,N/A,75.05%,N/A
Education (Legacy),Birdwatching,United States,8,$0.00  ~ $0.00 ,N/A,N/A,N/A,N/A,N/A
Education (Legacy),Canada,Canada,214,$0.00  ~ $0.00 ,N/A,N/A,N/A,N/A,N/A
Education (Legacy),Jewelry,United States,2,$0.00  ~ $0.00 ,N/A,N/A,N/A,N/A,N/A
Education (Legacy),Cameras & Camcorders,United States,13,$0.00  ~ $0.00 ,N/A,N/A,N/A,N/A,N/A
Education (Legacy),Government,United States,1,$0.00  ~ $0.00 ,N/A,N/A,N/A,N/A,N/A
Education (Legacy),Computer Networking,United States,32,$0.00  ~ $0.00 ,N/A,N/A,N/A,N/A,N/A
Education (Legacy),Bed & Breakfasts,United States,145,$0.00  ~ $0.00 ,N/A,N/A,N/A,N/A,N/A
Education (Legacy),Football,United States,2,$0.00  ~ $0.00 ,N/A,N/A,N/A,N/A,N/A
Family & Parenting (Legacy),Cruises,United States,25,$15.43  ~ $15.43 ,N/A,N/A,N/A,78.40%,N/A
Family & Parenting (Legacy),Interior Decorating,United States,677,$7.47  ~ $8.70 ,$15.55 ,N/A,0.05%,71.18%,N/A
Family & Parenting (Legacy),Health & Fitness,United States,"1,972",$12.84  ~ $13.59 ,$19.88 ,N/A,0.07%,77.75%,N/A
Family & Parenting (Legacy),Health & Fitness,Canada,39,$8.80  ~ $18.27 ,$9.87 ,N/A,0.09%,65.76%,N/A
Family & Parenting (Legacy),Business Software,Canada,5,$13.30  ~ $13.48 ,$16.84 ,N/A,0.08%,67.20%,N/A
Family & Parenting (Legacy),Business Software,United States,613,$18.63  ~ $18.79 ,$51.57 ,N/A,0.04%,77.95%,N/A
Family & Parenting (Legacy),Travel,Canada,20,$15.63  ~ $20.11 ,N/A,N/A,N/A,78.74%,N/A
Family & Parenting (Legacy),Travel,United States,116,$14.06  ~ $17.46 ,$18.05 ,N/A,0.08%,73.17%,N/A
Family & Parenting (Legacy),Credit/Debt & Loans,United States,190,$16.16  ~ $26.26 ,$44.09 ,N/A,0.04%,72.11%,N/A
Family & Parenting (Legacy),College,United States,76,$11.89  ~ $14.59 ,$34.78 ,N/A,0.04%,65.31%,N/A
Family & Parenting (Legacy),Accessories,United States,38,$20.32  ~ $20.56 ,$21.67 ,N/A,0.09%,76.06%,N/A
Family & Parenting (Legacy),Investing,United States,47,$0.92  ~ $0.92 ,$3.24 ,N/A,0.03%,69.03%,N/A
Family & Parenting (Legacy),Weddings,United States,4,$18.97  ~ $18.97 ,N/A,N/A,N/A,76.74%,N/A
Family & Parenting (Legacy),Insurance,Canada,10,$17.63  ~ $17.63 ,N/A,N/A,N/A,77.20%,N/A
Family & Parenting (Legacy),Insurance,United States,173,$29.95  ~ $30.54 ,$50.88 ,N/A,0.06%,69.19%,N/A
Family & Parenting (Legacy),Psychology/Psychiatry,United States,218,$12.05  ~ $13.29 ,$13.67 ,N/A,0.09%,62.15%,N/A
Family & Parenting (Legacy),Couponing,United States,357,$1.85  ~ $1.85 ,N/A,N/A,N/A,74.81%,N/A
Family & Parenting (Legacy),Music,United States,9,$4.20  ~ $16.98 ,N/A,N/A,N/A,40.43%,N/A
Family & Parenting (Legacy),Cocktails/Beer,United States,74,$22.01  ~ $22.01 ,$50.12 ,N/A,0.04%,78.33%,N/A
Family & Parenting (Legacy),K-6 Educators,United States,5,$13.49  ~ $13.49 ,N/A,N/A,N/A,54.91%,N/A
Family & Parenting (Legacy),Graduate School,United States,304,$13.43  ~ $13.43 ,$14.34 ,N/A,0.09%,73.13%,N/A
Family & Parenting (Legacy),Mutual Funds,United States,101,$19.13  ~ $19.13 ,$24.39 ,N/A,0.08%,61.35%,N/A
Family & Parenting (Legacy),Commentary,United States,7,$17.22  ~ $18.12 ,$39.86 ,N/A,0.05%,46.26%,N/A
Family & Parenting (Legacy),Infertility,United States,19,$12.90  ~ $12.94 ,N/A,N/A,N/A,79.71%,N/A
Family & Parenting (Legacy),Auto Repair,United States,547,$15.64  ~ $16.12 ,$17.20 ,N/A,0.09%,73.23%,N/A
Family & Parenting (Legacy),Hotels,United States,75,$5.82  ~ $17.51 ,$20.32 ,N/A,0.09%,72.85%,N/A
Family & Parenting (Legacy),By US Locale,United States,3,$18.59  ~ $45.81 ,N/A,N/A,N/A,82.00%,N/A
Family & Parenting (Legacy),Dental Care,United States,1,$3.91  ~ $4.34 ,N/A,N/A,N/A,38.58%,N/A
Family & Parenting (Legacy),Shopping,Canada,15,$5.46  ~ $11.79 ,$22.02 ,N/A,0.02%,69.20%,N/A
Family & Parenting (Legacy),Shopping,United States,793,$10.24  ~ $12.67 ,$6.00 ,N/A,0.17%,76.83%,N/A
Family & Parenting (Legacy),Real Estate,United States,142,$14.46  ~ $14.46 ,$41.43 ,N/A,0.03%,66.84%,N/A
Family & Parenting (Legacy),Biotech/Biomedical,United States,432,$19.26  ~ $38.65 ,$22.06 ,N/A,0.09%,75.61%,N/A
Family & Parenting (Legacy),Buying/Selling Cars,United States,63,$15.04  ~ $15.04 ,$13.99 ,N/A,0.11%,72.23%,N/A
Family & Parenting (Legacy),"Law, Gov't & Politics",United States,26,$23.23  ~ $27.43 ,$37.23 ,N/A,0.07%,64.09%,N/A
Family & Parenting (Legacy),Job Search,United States,7,$13.13  ~ $13.13 ,$35.92 ,N/A,0.04%,75.14%,N/A
Family & Parenting (Legacy),Card Games,United States,525,$22.66  ~ $24.08 ,$50.26 ,N/A,0.05%,84.24%,N/A
Family & Parenting (Legacy),Pro Ice Hockey,Canada,4,$15.83  ~ $36.52 ,N/A,N/A,N/A,72.79%,N/A
Family & Parenting (Legacy),Health/Lowfat Cooking,United States,364,$16.48  ~ $16.53 ,$47.90 ,N/A,0.03%,76.00%,N/A
Family & Parenting (Legacy),Home Repair,United States,59,$18.06  ~ $18.37 ,$33.15 ,N/A,0.05%,66.83%,N/A
Family & Parenting (Legacy),Nutrition,United States,355,$18.50  ~ $18.50 ,$9.90 ,N/A,0.19%,64.58%,N/A
Family & Parenting (Legacy),Internet Technology,United States,3,$6.57  ~ $6.57 ,N/A,N/A,N/A,75.56%,N/A
Family & Parenting (Legacy),Pediatrics,United States,13,$12.24  ~ $20.90 ,$10.83 ,N/A,0.11%,68.70%,N/A
Family & Parenting (Legacy),Theme Parks,United States,3,$36.88  ~ $53.55 ,N/A,N/A,N/A,72.76%,N/A
Family & Parenting (Legacy),Dining Out,United States,265,$16.17  ~ $16.17 ,$35.06 ,N/A,0.05%,75.39%,N/A
Family & Parenting (Legacy),Business,Canada,19,$5.39  ~ $5.68 ,$19.55 ,N/A,0.03%,78.66%,N/A
Family & Parenting (Legacy),Business,United States,"1,372",$9.93  ~ $10.96 ,$4.90 ,N/A,0.22%,70.89%,N/A
Family & Parenting (Legacy),Automotive,United States,28,$10.17  ~ $10.31 ,$23.13 ,N/A,0.04%,73.45%,N/A
Family & Parenting (Legacy),Personal Finance,United States,"1,344",$15.03  ~ $15.82 ,$18.26 ,N/A,0.08%,58.41%,N/A
Family & Parenting (Legacy),Personal Finance,Canada,21,$18.62  ~ $42.81 ,$36.47 ,N/A,0.05%,81.04%,N/A
Family & Parenting (Legacy),Fine Art,United States,25,$5.67  ~ $5.67 ,$5.82 ,N/A,0.10%,70.34%,N/A
Family & Parenting (Legacy),Clothing,Canada,21,$7.22  ~ $7.22 ,$13.62 ,N/A,0.05%,77.13%,N/A
Family & Parenting (Legacy),Clothing,United States,34,$20.69  ~ $20.69 ,$33.27 ,N/A,0.06%,67.27%,N/A
Family & Parenting (Legacy),Careers,United States,46,$13.01  ~ $26.21 ,$2.46 ,N/A,0.53%,50.35%,N/A
Family & Parenting (Legacy),Alternative Medicine,United States,18,$18.41  ~ $19.15 ,$33.97 ,N/A,0.06%,57.32%,N/A
Family & Parenting (Legacy),Food & Drink,United States,91,$9.78  ~ $12.88 ,$11.87 ,N/A,0.11%,80.14%,N/A
Family & Parenting (Legacy),Veterinary Medicine,United States,10,$1.85  ~ $1.85 ,$1.66 ,N/A,0.11%,85.24%,N/A
Family & Parenting (Legacy),Sexuality,United States,4,$11.04  ~ $11.04 ,N/A,N/A,N/A,76.52%,N/A
Family & Parenting (Legacy),Auto Parts,United States,98,$7.85  ~ $7.85 ,$19.29 ,N/A,0.04%,89.74%,N/A
Family & Parenting (Legacy),Metals,United States,792,$8.67  ~ $18.11 ,$5.38 ,N/A,0.16%,84.03%,N/A
Family & Parenting (Legacy),Metals,Canada,1,$19.72  ~ $29.33 ,$57.94 ,N/A,0.03%,75.33%,N/A
Family & Parenting (Legacy),Gardening,United States,89,$15.01  ~ $15.01 ,$88.89 ,N/A,0.02%,62.05%,N/A
Family & Parenting (Legacy),Hobbies & Interests,United States,236,$12.73  ~ $16.39 ,$5.19 ,N/A,0.25%,68.04%,N/A
Family & Parenting (Legacy),Books & Literature,United States,4,$18.13  ~ $18.13 ,$4.39 ,N/A,0.41%,76.44%,N/A
Family & Parenting (Legacy),Private School,United States,2,$15.76  ~ $34.51 ,N/A,N/A,N/A,63.58%,N/A
Family & Parenting (Legacy),Logistics,Canada,8,$9.07  ~ $22.00 ,$16.62 ,N/A,0.13%,73.89%,N/A
Family & Parenting (Legacy),Logistics,United States,59,$19.54  ~ $19.72 ,$13.07 ,N/A,0.15%,66.94%,N/A
Family & Parenting (Legacy),Arts & Entertainment,United States,34,$16.61  ~ $20.39 ,$13.38 ,N/A,0.12%,67.14%,N/A
Family & Parenting (Legacy),Arts & Entertainment,Canada,2,$1.23  ~ $14.90 ,$41.77 ,N/A,0.04%,77.69%,N/A
Family & Parenting (Legacy),Politics,United States,"1,042",$19.89  ~ $20.17 ,$17.46 ,N/A,0.11%,65.36%,N/A
Family & Parenting (Legacy),Computer Peripherals,United States,4,$4.73  ~ $4.73 ,$13.45 ,N/A,0.04%,64.97%,N/A
Family & Parenting (Legacy),Senor Health,United States,21,$18.61  ~ $18.61 ,$37.39 ,N/A,0.05%,72.34%,N/A
Family & Parenting (Legacy),News,Canada,27,$14.71  ~ $14.74 ,$13.82 ,N/A,0.11%,65.70%,N/A
Family & Parenting (Legacy),News,United States,23,$19.06  ~ $23.46 ,$29.00 ,N/A,0.07%,65.36%,N/A
Family & Parenting (Legacy),Senior Living,United States,68,$4.36  ~ $4.61 ,$4.52 ,N/A,0.10%,74.94%,N/A
Family & Parenting (Legacy),Education,United States,326,$16.42  ~ $17.27 ,$14.63 ,N/A,0.11%,67.72%,N/A
Family & Parenting (Legacy),Weight Loss,United States,1,$10.96  ~ $10.96 ,$13.68 ,N/A,0.08%,82.28%,N/A
Family & Parenting (Legacy),Adventure Travel,United States,3,$12.06  ~ $35.33 ,N/A,N/A,N/A,74.63%,N/A
Family & Parenting (Legacy),Contests & Freebies,United States,2,$2.67  ~ $2.67 ,N/A,N/A,N/A,56.81%,N/A
Family & Parenting (Legacy),Pro Basketball,United States,1,$18.03  ~ $18.03 ,$3.59 ,N/A,0.50%,56.41%,N/A
Family & Parenting (Legacy),Human Resources,United States,1,$18.25  ~ $21.85 ,$19.87 ,N/A,0.09%,67.85%,N/A
Family & Parenting (Legacy),Career Planning,United States,6,$13.29  ~ $13.30 ,$4.09 ,N/A,0.32%,49.96%,N/A
Family & Parenting (Legacy),Pets,United States,1,$13.85  ~ $29.73 ,N/A,N/A,N/A,74.70%,N/A
Family & Parenting (Legacy),Incest/Abuse Support,United States,32,$20.34  ~ $20.34 ,$34.35 ,N/A,0.06%,72.05%,N/A
Family & Parenting (Legacy),Advertising,United States,72,$10.80  ~ $18.63 ,$48.45 ,N/A,0.02%,70.10%,N/A
Family & Parenting (Legacy),Dogs,Canada,3,$11.09  ~ $17.43 ,N/A,N/A,N/A,84.66%,N/A
Family & Parenting (Legacy),Dogs,United States,9,$27.51  ~ $27.73 ,N/A,N/A,N/A,77.90%,N/A
Family & Parenting (Legacy),Family & Parenting,United States,56,$9.50  ~ $9.77 ,$15.01 ,N/A,0.07%,64.05%,N/A
Family & Parenting (Legacy),Remodeling & Construction,United States,29,$18.57  ~ $18.57 ,$47.95 ,N/A,0.04%,89.21%,N/A
Family & Parenting (Legacy),Green Solutions,United States,6,$19.17  ~ $19.17 ,N/A,N/A,N/A,73.00%,N/A
Family & Parenting (Legacy),U.S. Government Resources,United States,3,$18.61  ~ $18.61 ,$15.25 ,N/A,0.12%,70.82%,N/A
Family & Parenting (Legacy),Cold & Flu,United States,234,$12.52  ~ $29.01 ,$17.98 ,N/A,0.07%,76.60%,N/A
Family & Parenting (Legacy),Home & Garden,United States,"2,854",$8.05  ~ $9.12 ,$16.86 ,N/A,0.05%,72.71%,N/A
Family & Parenting (Legacy),Legal Issues,Canada,2,$22.17  ~ $22.18 ,$14.56 ,N/A,0.15%,76.54%,N/A
Family & Parenting (Legacy),Legal Issues,United States,385,$18.59  ~ $18.77 ,$27.65 ,N/A,0.07%,62.34%,N/A
Family & Parenting (Legacy),Honeymoons/Getaways,Canada,81,$22.98  ~ $22.98 ,$17.44 ,N/A,0.13%,47.33%,N/A
Family & Parenting (Legacy),Honeymoons/Getaways,United States,13,$25.91  ~ $33.32 ,$71.46 ,N/A,0.05%,58.48%,N/A
Family & Parenting (Legacy),Birdwatching,United States,2,$0.00  ~ $0.00 ,N/A,N/A,N/A,N/A,N/A
Family & Parenting (Legacy),Cameras & Camcorders,United States,1,$0.00  ~ $0.00 ,N/A,N/A,N/A,N/A,N/A
Family & Parenting (Legacy),Bed & Breakfasts,United States,47,$0.00  ~ $0.00 ,N/A,N/A,N/A,N/A,N/A
Family & Parenting (Legacy),Canada,Canada,9,$0.00  ~ $0.00 ,N/A,N/A,N/A,N/A,N/A
Family & Parenting (Legacy),Computer Networking,United States,10,$0.00  ~ $0.00 ,N/A,N/A,N/A,N/A,N/A
Food & Drink (Legacy),Senor Health,United States,23,$18.75  ~ $18.75 ,$61.99 ,N/A,0.03%,74.15%,N/A
Food & Drink (Legacy),Health/Lowfat Cooking,United States,252,$16.58  ~ $16.66 ,$50.85 ,N/A,0.03%,80.86%,N/A
Food & Drink (Legacy),Auto Parts,United States,168,$7.88  ~ $7.88 ,$22.01 ,N/A,0.04%,90.07%,N/A
Food & Drink (Legacy),Alternative Medicine,United States,31,$18.50  ~ $19.21 ,$64.99 ,N/A,0.03%,57.33%,N/A
Food & Drink (Legacy),Adventure Travel,United States,20,$14.64  ~ $33.11 ,N/A,N/A,N/A,78.31%,N/A
Food & Drink (Legacy),Legal Issues,Canada,2,$17.31  ~ $17.31 ,$23.58 ,N/A,0.07%,84.40%,N/A
Food & Drink (Legacy),Legal Issues,United States,534,$17.78  ~ $17.90 ,$83.34 ,N/A,0.02%,76.08%,N/A
Food & Drink (Legacy),Food & Drink,United States,289,$9.52  ~ $12.82 ,$96.80 ,N/A,0.01%,87.00%,N/A
Food & Drink (Legacy),Large Animals,United States,225,$18.60  ~ $18.60 ,N/A,N/A,N/A,90.52%,N/A
Food & Drink (Legacy),U.S. Government Resources,United States,241,$18.58  ~ $18.58 ,$119.33 ,N/A,0.02%,77.08%,N/A
Food & Drink (Legacy),Cigars,United States,10,$18.34  ~ $18.34 ,$64.06 ,N/A,0.03%,52.27%,N/A
Food & Drink (Legacy),Contests & Freebies,United States,24,$2.61  ~ $2.61 ,N/A,N/A,N/A,82.69%,N/A
Food & Drink (Legacy),Catholicism,United States,1,$17.19  ~ $36.47 ,N/A,N/A,N/A,76.83%,N/A
Food & Drink (Legacy),Personal Finance,Canada,5,$18.41  ~ $37.41 ,$51.49 ,N/A,0.04%,86.59%,N/A
Food & Drink (Legacy),Personal Finance,United States,837,$15.32  ~ $17.19 ,$21.43 ,N/A,0.07%,73.93%,N/A
Food & Drink (Legacy),K-6 Educators,United States,22,$16.98  ~ $16.98 ,N/A,N/A,N/A,70.55%,N/A
Food & Drink (Legacy),Automotive,United States,54,$9.98  ~ $10.00 ,$104.20 ,N/A,0.01%,79.11%,N/A
Food & Drink (Legacy),College,United States,107,$11.26  ~ $15.19 ,$61.45 ,N/A,0.02%,64.31%,N/A
Food & Drink (Legacy),Education,United States,441,$21.06  ~ $22.73 ,$77.04 ,N/A,0.03%,79.06%,N/A
Food & Drink (Legacy),Home & Garden,United States,"1,575",$8.31  ~ $9.27 ,$25.94 ,N/A,0.03%,77.63%,N/A
Food & Drink (Legacy),Sexuality,United States,1,$11.04  ~ $11.04 ,N/A,N/A,N/A,73.23%,N/A
Food & Drink (Legacy),Business,Canada,109,$4.09  ~ $6.77 ,$31.23 ,N/A,0.01%,92.56%,N/A
Food & Drink (Legacy),Business,United States,"3,802",$12.59  ~ $12.69 ,$48.16 ,N/A,0.03%,81.67%,N/A
Food & Drink (Legacy),Job Search,United States,184,$13.44  ~ $13.44 ,$147.84 ,N/A,0.01%,81.10%,N/A
Food & Drink (Legacy),Hotels,United States,332,$4.73  ~ $13.39 ,N/A,N/A,N/A,82.97%,N/A
Food & Drink (Legacy),Cancer,United States,3,$46.29  ~ $46.29 ,N/A,N/A,N/A,76.48%,N/A
Food & Drink (Legacy),Accessories,United States,37,$20.04  ~ $20.26 ,$82.06 ,N/A,0.02%,77.82%,N/A
Food & Drink (Legacy),Auto Repair,United States,194,$16.75  ~ $17.16 ,$53.97 ,N/A,0.03%,80.51%,N/A
Food & Drink (Legacy),Internet Technology,United States,2,$7.02  ~ $7.02 ,$3.01 ,N/A,0.23%,87.19%,N/A
Food & Drink (Legacy),Career Planning,United States,12,$14.33  ~ $14.35 ,$79.89 ,N/A,0.02%,64.71%,N/A
Food & Drink (Legacy),Mutual Funds,United States,51,$18.87  ~ $18.87 ,$25.54 ,N/A,0.07%,70.94%,N/A
Food & Drink (Legacy),Exercise,United States,6,$21.16  ~ $21.16 ,$32.82 ,N/A,0.06%,91.03%,N/A
Food & Drink (Legacy),Biotech/Biomedical,Canada,4,$18.66  ~ $44.41 ,N/A,N/A,N/A,93.94%,N/A
Food & Drink (Legacy),Biotech/Biomedical,United States,426,$21.76  ~ $34.34 ,$46.83 ,N/A,0.05%,80.77%,N/A
Food & Drink (Legacy),Private School,United States,6,$17.61  ~ $40.44 ,N/A,N/A,N/A,82.58%,N/A
Food & Drink (Legacy),Chronic Pain,United States,2,$22.55  ~ $22.55 ,N/A,N/A,N/A,71.34%,N/A
Food & Drink (Legacy),Shopping,Canada,44,$6.68  ~ $11.52 ,$65.74 ,N/A,0.01%,86.11%,N/A
Food & Drink (Legacy),Shopping,United States,"1,026",$11.75  ~ $12.65 ,$63.61 ,N/A,0.02%,79.79%,N/A
Food & Drink (Legacy),Dogs,United States,24,$27.69  ~ $27.92 ,N/A,N/A,N/A,85.25%,N/A
Food & Drink (Legacy),Dogs,Canada,111,$11.54  ~ $17.91 ,$60.11 ,N/A,0.03%,93.39%,N/A
Food & Drink (Legacy),Couponing,United States,699,$2.05  ~ $2.05 ,$11.19 ,N/A,0.02%,82.68%,N/A
Food & Drink (Legacy),Credit/Debt & Loans,United States,195,$21.99  ~ $30.24 ,$55.49 ,N/A,0.04%,76.18%,N/A
Food & Drink (Legacy),Psychology/Psychiatry,United States,154,$13.15  ~ $14.30 ,$32.60 ,N/A,0.04%,73.67%,N/A
Food & Drink (Legacy),Human Resources,United States,7,$21.07  ~ $22.67 ,$30.32 ,N/A,0.07%,82.49%,N/A
Food & Drink (Legacy),Card Games,United States,670,$31.21  ~ $32.20 ,$64.76 ,N/A,0.05%,84.47%,N/A
Food & Drink (Legacy),Dining Out,United States,"1,827",$16.53  ~ $16.53 ,$197.12 ,N/A,0.01%,83.20%,N/A
Food & Drink (Legacy),Nutrition,United States,118,$18.47  ~ $18.47 ,$13.58 ,N/A,0.14%,63.97%,N/A
Food & Drink (Legacy),Clothing,United States,49,$20.83  ~ $20.83 ,$113.68 ,N/A,0.02%,74.69%,N/A
Food & Drink (Legacy),Clothing,Canada,24,$5.74  ~ $5.74 ,$22.26 ,N/A,0.03%,88.62%,N/A
Food & Drink (Legacy),Cold & Flu,United States,503,$11.77  ~ $24.17 ,$31.78 ,N/A,0.04%,76.40%,N/A
Food & Drink (Legacy),Computer Peripherals,United States,128,$8.41  ~ $8.41 ,$75.07 ,N/A,0.01%,75.98%,N/A
Food & Drink (Legacy),Cocktails/Beer,United States,265,$22.15  ~ $22.15 ,$42.10 ,N/A,0.05%,82.19%,N/A
Food & Drink (Legacy),Business Software,Canada,62,$13.51  ~ $14.06 ,$25.94 ,N/A,0.05%,84.26%,N/A
Food & Drink (Legacy),Business Software,United States,"2,397",$16.12  ~ $17.30 ,$71.48 ,N/A,0.02%,82.41%,N/A
Food & Drink (Legacy),Real Estate,United States,299,$15.72  ~ $15.72 ,$56.45 ,N/A,0.03%,66.87%,N/A
Food & Drink (Legacy),Music,United States,67,$12.02  ~ $22.99 ,N/A,N/A,N/A,81.77%,N/A
Food & Drink (Legacy),Insurance,United States,429,$28.55  ~ $29.02 ,$38.32 ,N/A,0.07%,76.10%,N/A
Food & Drink (Legacy),"Law, Gov't & Politics",United States,184,$23.38  ~ $25.36 ,$64.05 ,N/A,0.04%,76.07%,N/A
Food & Drink (Legacy),Senior Living,United States,322,$3.53  ~ $3.70 ,$16.51 ,N/A,0.02%,87.83%,N/A
Food & Drink (Legacy),Health & Fitness,United States,"2,985",$13.81  ~ $14.81 ,$55.28 ,N/A,0.02%,83.99%,N/A
Food & Drink (Legacy),Health & Fitness,Canada,91,$9.42  ~ $20.07 ,$11.09 ,N/A,0.08%,79.42%,N/A
Food & Drink (Legacy),Fine Art,Canada,2,$15.54  ~ $15.54 ,N/A,N/A,N/A,60.60%,N/A
Food & Drink (Legacy),Fine Art,United States,34,$5.80  ~ $5.80 ,N/A,N/A,N/A,85.92%,N/A
Food & Drink (Legacy),Careers,United States,309,$15.73  ~ $19.96 ,$74.91 ,N/A,0.02%,82.68%,N/A
Food & Drink (Legacy),Advertising,United States,409,$10.03  ~ $24.28 ,$208.21 ,N/A,0.00%,77.59%,N/A
Food & Drink (Legacy),Buying/Selling Cars,United States,405,$16.49  ~ $16.49 ,$127.75 ,N/A,0.01%,75.45%,N/A
Food & Drink (Legacy),Interior Decorating,United States,326,$8.29  ~ $9.48 ,$22.18 ,N/A,0.04%,74.28%,N/A
Food & Drink (Legacy),Metals,United States,"1,211",$4.38  ~ $9.05 ,$21.45 ,N/A,0.02%,90.25%,N/A
Food & Drink (Legacy),Metals,Canada,16,$20.41  ~ $40.52 ,$48.92 ,N/A,0.04%,90.22%,N/A
Food & Drink (Legacy),Construction,United States,2,$16.04  ~ $17.34 ,$63.28 ,N/A,0.03%,80.89%,N/A
Food & Drink (Legacy),Investing,United States,7,$1.04  ~ $1.04 ,N/A,N/A,N/A,66.63%,N/A
Food & Drink (Legacy),News,Canada,58,$15.48  ~ $15.59 ,$43.52 ,N/A,0.04%,82.73%,N/A
Food & Drink (Legacy),News,United States,89,$18.36  ~ $19.55 ,$67.37 ,N/A,0.03%,67.47%,N/A
Food & Drink (Legacy),Pro Ice Hockey,Canada,39,$16.02  ~ $37.10 ,$48.99 ,N/A,0.03%,90.68%,N/A
Food & Drink (Legacy),Arts & Entertainment,Canada,123,$0.74  ~ $15.41 ,$99.94 ,N/A,0.02%,89.22%,N/A
Food & Drink (Legacy),Arts & Entertainment,United States,160,$17.61  ~ $17.64 ,$51.16 ,N/A,0.03%,78.12%,N/A
Food & Drink (Legacy),Family & Parenting,United States,62,$8.79  ~ $8.98 ,$26.11 ,N/A,0.03%,81.85%,N/A
Food & Drink (Legacy),Remodeling & Construction,United States,276,$19.12  ~ $19.12 ,$49.94 ,N/A,0.04%,92.06%,N/A
Food & Drink (Legacy),Hobbies & Interests,United States,313,$11.21  ~ $16.78 ,N/A,N/A,N/A,82.82%,N/A
Food & Drink (Legacy),By US Locale,United States,2,$18.44  ~ $37.47 ,N/A,N/A,N/A,90.91%,N/A
Food & Drink (Legacy),Incest/Abuse Support,United States,319,$20.93  ~ $20.93 ,$60.54 ,N/A,0.03%,75.00%,N/A
Food & Drink (Legacy),Logistics,Canada,5,$4.19  ~ $24.00 ,$172.08 ,N/A,0.01%,88.70%,N/A
Food & Drink (Legacy),Logistics,United States,285,$17.97  ~ $20.42 ,$77.58 ,N/A,0.02%,80.75%,N/A
Food & Drink (Legacy),Cruises,United States,30,$13.16  ~ $13.16 ,$72.25 ,N/A,0.02%,89.48%,N/A
Food & Drink (Legacy),Weight Loss,United States,32,$10.80  ~ $10.80 ,N/A,N/A,N/A,82.37%,N/A
Food & Drink (Legacy),Green Solutions,United States,50,$22.69  ~ $22.69 ,$56.91 ,N/A,0.04%,84.96%,N/A
Food & Drink (Legacy),Gardening,United States,46,$14.93  ~ $14.93 ,$32.96 ,N/A,0.05%,66.48%,N/A
Food & Drink (Legacy),Travel,Canada,92,$15.68  ~ $22.04 ,$165.78 ,N/A,0.01%,91.67%,N/A
Food & Drink (Legacy),Travel,United States,252,$16.91  ~ $17.67 ,$39.28 ,N/A,0.04%,75.01%,N/A
Food & Drink (Legacy),Home Repair,United States,223,$20.73  ~ $21.75 ,$58.84 ,N/A,0.04%,68.91%,N/A
Food & Drink (Legacy),Politics,United States,"1,870",$21.89  ~ $22.33 ,$51.84 ,N/A,0.04%,74.00%,N/A
Food & Drink (Legacy),Graduate School,United States,429,$17.56  ~ $17.58 ,$78.72 ,N/A,0.02%,82.80%,N/A
Food & Drink (Legacy),Theme Parks,United States,33,$40.44  ~ $52.98 ,N/A,N/A,N/A,74.72%,N/A
Food & Drink (Legacy),Veterinary Medicine,United States,4,$3.56  ~ $3.56 ,N/A,N/A,N/A,93.48%,N/A
Food & Drink (Legacy),Weddings,United States,11,$18.88  ~ $18.88 ,$10.31 ,N/A,0.18%,83.95%,N/A
Food & Drink (Legacy),Honeymoons/Getaways,United States,26,$21.90  ~ $31.76 ,$49.73 ,N/A,0.06%,69.99%,N/A
Food & Drink (Legacy),Honeymoons/Getaways,Canada,191,$26.04  ~ $26.04 ,$21.94 ,N/A,0.12%,65.19%,N/A
Food & Drink (Legacy),Pediatrics,United States,28,$14.27  ~ $21.04 ,$15.85 ,N/A,0.09%,74.55%,N/A
Food & Drink (Legacy),Buying/Selling Homes,United States,7,$10.42  ~ $14.13 ,N/A,N/A,N/A,67.27%,N/A
Food & Drink (Legacy),Football,United States,1,$0.00  ~ $0.00 ,N/A,N/A,N/A,N/A,N/A
Food & Drink (Legacy),Bed & Breakfasts,United States,6,$0.00  ~ $0.00 ,N/A,N/A,N/A,N/A,N/A
Food & Drink (Legacy),Birdwatching,United States,1,$0.00  ~ $0.00 ,N/A,N/A,N/A,N/A,N/A
Food & Drink (Legacy),Jewelry,United States,2,$0.00  ~ $0.00 ,N/A,N/A,N/A,N/A,N/A
Food & Drink (Legacy),Cameras & Camcorders,United States,1,$0.00  ~ $0.00 ,N/A,N/A,N/A,N/A,N/A
Food & Drink (Legacy),Canada,Canada,208,$0.00  ~ $0.00 ,N/A,N/A,N/A,N/A,N/A
Food & Drink (Legacy),Computer Networking,United States,26,$0.00  ~ $0.00 ,N/A,N/A,N/A,N/A,N/A
Health & Fitness (Legacy),K-6 Educators,United States,1,$13.80  ~ $13.80 ,N/A,N/A,N/A,57.95%,N/A
Health & Fitness (Legacy),Politics,United States,"1,208",$21.59  ~ $21.94 ,$34.73 ,N/A,0.06%,66.43%,N/A
Health & Fitness (Legacy),Senior Living,United States,306,$4.98  ~ $5.54 ,$60.39 ,N/A,0.01%,76.75%,N/A
Health & Fitness (Legacy),Education,United States,243,$18.30  ~ $19.70 ,$35.66 ,N/A,0.05%,69.66%,N/A
Health & Fitness (Legacy),Business Software,Canada,23,$13.81  ~ $13.97 ,$49.35 ,N/A,0.03%,73.75%,N/A
Health & Fitness (Legacy),Business Software,United States,661,$14.84  ~ $16.10 ,$48.10 ,N/A,0.03%,74.20%,N/A
Health & Fitness (Legacy),Insurance,Canada,15,$17.68  ~ $17.68 ,$37.81 ,N/A,0.05%,79.51%,N/A
Health & Fitness (Legacy),Insurance,United States,177,$29.18  ~ $29.34 ,$36.04 ,N/A,0.08%,72.81%,N/A
Health & Fitness (Legacy),Food & Drink,United States,512,$9.98  ~ $12.19 ,$193.65 ,N/A,0.01%,83.35%,N/A
Health & Fitness (Legacy),Adventure Travel,United States,4,$8.30  ~ $34.23 ,$4.15 ,N/A,0.20%,78.73%,N/A
Health & Fitness (Legacy),Dining Out,United States,423,$16.34  ~ $16.34 ,$45.64 ,N/A,0.04%,77.68%,N/A
Health & Fitness (Legacy),Books & Literature,United States,4,$18.13  ~ $18.13 ,N/A,N/A,N/A,82.76%,N/A
Health & Fitness (Legacy),Weddings,United States,2,$19.09  ~ $19.09 ,N/A,N/A,N/A,81.52%,N/A
Health & Fitness (Legacy),College,Canada,33,$5.67  ~ $5.67 ,$26.14 ,N/A,0.02%,81.69%,N/A
Health & Fitness (Legacy),College,United States,40,$11.56  ~ $14.59 ,$42.70 ,N/A,0.03%,66.11%,N/A
Health & Fitness (Legacy),Cruises,United States,5,$13.57  ~ $13.57 ,$19.32 ,N/A,0.07%,81.60%,N/A
Health & Fitness (Legacy),Interior Decorating,United States,279,$8.10  ~ $9.85 ,$15.23 ,N/A,0.05%,70.12%,N/A
Health & Fitness (Legacy),Accessories,United States,21,$19.52  ~ $19.64 ,N/A,N/A,N/A,76.79%,N/A
Health & Fitness (Legacy),Dogs,Canada,37,$10.99  ~ $17.45 ,N/A,N/A,N/A,88.15%,N/A
Health & Fitness (Legacy),Dogs,United States,12,$27.49  ~ $27.78 ,N/A,N/A,N/A,74.34%,N/A
Health & Fitness (Legacy),Legal Issues,Canada,2,$19.35  ~ $19.37 ,$22.15 ,N/A,0.09%,76.12%,N/A
Health & Fitness (Legacy),Legal Issues,United States,476,$16.70  ~ $17.19 ,$47.81 ,N/A,0.04%,69.01%,N/A
Health & Fitness (Legacy),Careers,United States,105,$15.82  ~ $16.60 ,$30.35 ,N/A,0.05%,74.76%,N/A
Health & Fitness (Legacy),Family & Parenting,United States,85,$8.71  ~ $9.05 ,$23.94 ,N/A,0.04%,61.92%,N/A
Health & Fitness (Legacy),U.S. Government Resources,United States,22,$18.77  ~ $18.77 ,N/A,N/A,N/A,71.69%,N/A
Health & Fitness (Legacy),Cocktails/Beer,United States,47,$22.16  ~ $22.16 ,$33.24 ,N/A,0.07%,77.46%,N/A
Health & Fitness (Legacy),Pro Ice Hockey,Canada,18,$15.88  ~ $33.84 ,$10.54 ,N/A,0.15%,87.26%,N/A
Health & Fitness (Legacy),Pro Basketball,United States,3,$18.50  ~ $18.50 ,$42.19 ,N/A,0.04%,69.64%,N/A
Health & Fitness (Legacy),Auto Parts,United States,81,$7.88  ~ $7.88 ,N/A,N/A,N/A,87.24%,N/A
Health & Fitness (Legacy),Health & Fitness,United States,"1,068",$13.23  ~ $15.02 ,$32.80 ,N/A,0.05%,72.81%,N/A
Health & Fitness (Legacy),Health & Fitness,Canada,44,$7.49  ~ $15.52 ,$7.60 ,N/A,0.10%,70.09%,N/A
Health & Fitness (Legacy),Gardening,United States,25,$14.60  ~ $14.60 ,$32.01 ,N/A,0.05%,59.51%,N/A
Health & Fitness (Legacy),News,Canada,78,$14.49  ~ $14.53 ,$22.90 ,N/A,0.06%,66.66%,N/A
Health & Fitness (Legacy),News,United States,55,$19.62  ~ $20.84 ,$32.49 ,N/A,0.06%,59.69%,N/A
Health & Fitness (Legacy),Real Estate,United States,62,$15.02  ~ $15.03 ,$33.51 ,N/A,0.04%,67.45%,N/A
Health & Fitness (Legacy),Personal Finance,United States,"1,500",$15.14  ~ $16.48 ,$12.84 ,N/A,0.12%,56.51%,N/A
Health & Fitness (Legacy),Personal Finance,Canada,55,$17.90  ~ $39.15 ,$18.84 ,N/A,0.10%,77.54%,N/A
Health & Fitness (Legacy),Pets,United States,1,$16.85  ~ $40.25 ,N/A,N/A,N/A,89.23%,N/A
Health & Fitness (Legacy),Fine Art,United States,16,$5.07  ~ $5.07 ,N/A,N/A,N/A,74.61%,N/A
Health & Fitness (Legacy),Green Solutions,United States,14,$19.44  ~ $19.44 ,N/A,N/A,N/A,72.29%,N/A
Health & Fitness (Legacy),Sexuality,United States,4,$11.09  ~ $11.09 ,N/A,N/A,N/A,70.92%,N/A
Health & Fitness (Legacy),"Law, Gov't & Politics",United States,65,$22.38  ~ $25.18 ,$17.81 ,N/A,0.14%,66.35%,N/A
Health & Fitness (Legacy),Graduate School,United States,110,$15.00  ~ $15.02 ,$39.66 ,N/A,0.04%,70.19%,N/A
Health & Fitness (Legacy),Weight Loss,United States,31,$10.53  ~ $10.53 ,$7.96 ,N/A,0.13%,83.16%,N/A
Health & Fitness (Legacy),Home & Garden,United States,"1,371",$7.94  ~ $8.13 ,$19.94 ,N/A,0.04%,71.52%,N/A
Health & Fitness (Legacy),Pediatrics,United States,6,$12.45  ~ $20.87 ,$18.29 ,N/A,0.07%,70.72%,N/A
Health & Fitness (Legacy),Credit/Debt & Loans,United States,21,$15.04  ~ $26.73 ,$18.85 ,N/A,0.08%,72.71%,N/A
Health & Fitness (Legacy),Infertility,United States,3,$11.82  ~ $11.84 ,$27.70 ,N/A,0.04%,86.60%,N/A
Health & Fitness (Legacy),Cancer,Canada,1,$18.36  ~ $42.47 ,N/A,N/A,N/A,85.27%,N/A
Health & Fitness (Legacy),Clothing,United States,28,$20.52  ~ $20.52 ,N/A,N/A,N/A,64.55%,N/A
Health & Fitness (Legacy),Clothing,Canada,13,$6.08  ~ $6.08 ,$13.41 ,N/A,0.05%,83.20%,N/A
Health & Fitness (Legacy),Senor Health,United States,9,$18.39  ~ $18.39 ,$16.39 ,N/A,0.11%,69.95%,N/A
Health & Fitness (Legacy),Theme Parks,United States,7,$40.48  ~ $52.97 ,N/A,N/A,N/A,67.48%,N/A
Health & Fitness (Legacy),Logistics,Canada,157,$2.62  ~ $23.52 ,$62.77 ,N/A,0.04%,79.58%,N/A
Health & Fitness (Legacy),Logistics,United States,53,$20.28  ~ $21.98 ,$25.48 ,N/A,0.08%,78.08%,N/A
Health & Fitness (Legacy),Advertising,Canada,4,$16.17  ~ $35.86 ,$24.80 ,N/A,0.07%,84.27%,N/A
Health & Fitness (Legacy),Advertising,United States,155,$9.84  ~ $20.12 ,$33.39 ,N/A,0.03%,72.53%,N/A
Health & Fitness (Legacy),Metals,United States,303,$7.28  ~ $12.53 ,$27.26 ,N/A,0.03%,84.08%,N/A
Health & Fitness (Legacy),Metals,Canada,2,$20.45  ~ $32.79 ,$65.12 ,N/A,0.03%,81.03%,N/A
Health & Fitness (Legacy),Remodeling & Construction,United States,69,$19.44  ~ $19.44 ,N/A,N/A,N/A,94.25%,N/A
Health & Fitness (Legacy),Hobbies & Interests,United States,121,$12.61  ~ $16.53 ,$32.63 ,N/A,0.04%,75.81%,N/A
Health & Fitness (Legacy),Contests & Freebies,United States,30,$2.61  ~ $2.61 ,N/A,N/A,N/A,56.21%,N/A
Health & Fitness (Legacy),Health/Lowfat Cooking,Canada,19,$18.51  ~ $41.78 ,N/A,N/A,N/A,90.15%,N/A
Health & Fitness (Legacy),Health/Lowfat Cooking,United States,29,$16.31  ~ $16.39 ,$22.72 ,N/A,0.07%,73.47%,N/A
Health & Fitness (Legacy),Couponing,United States,83,$1.32  ~ $1.32 ,$1.83 ,N/A,0.07%,80.94%,N/A
Health & Fitness (Legacy),Home Repair,United States,89,$18.28  ~ $18.58 ,$28.55 ,N/A,0.06%,64.68%,N/A
Health & Fitness (Legacy),Alternative Medicine,United States,10,$18.52  ~ $19.22 ,$23.79 ,N/A,0.08%,58.58%,N/A
Health & Fitness (Legacy),Job Search,United States,22,$12.54  ~ $12.54 ,N/A,N/A,N/A,79.65%,N/A
Health & Fitness (Legacy),Hotels,United States,127,$6.07  ~ $15.30 ,$20.69 ,N/A,0.07%,78.62%,N/A
Health & Fitness (Legacy),Large Animals,United States,24,$18.54  ~ $18.54 ,N/A,N/A,N/A,73.80%,N/A
Health & Fitness (Legacy),Cold & Flu,United States,296,$11.81  ~ $29.41 ,$11.10 ,N/A,0.11%,68.71%,N/A
Health & Fitness (Legacy),Psychology/Psychiatry,United States,123,$13.02  ~ $14.20 ,$16.52 ,N/A,0.08%,52.32%,N/A
Health & Fitness (Legacy),Music,United States,21,$13.19  ~ $22.56 ,$24.03 ,N/A,0.05%,69.29%,N/A
Health & Fitness (Legacy),Career Planning,United States,3,$14.22  ~ $14.23 ,$33.28 ,N/A,0.04%,53.91%,N/A
Health & Fitness (Legacy),Chronic Pain,United States,14,$22.60  ~ $22.60 ,N/A,N/A,N/A,85.56%,N/A
Health & Fitness (Legacy),Auto Repair,United States,302,$15.97  ~ $16.52 ,$39.71 ,N/A,0.04%,77.19%,N/A
Health & Fitness (Legacy),Biotech/Biomedical,Canada,3,$18.59  ~ $45.12 ,N/A,N/A,N/A,92.75%,N/A
Health & Fitness (Legacy),Biotech/Biomedical,United States,"1,008",$23.28  ~ $39.55 ,$28.74 ,N/A,0.08%,68.71%,N/A
Health & Fitness (Legacy),Mutual Funds,United States,176,$18.90  ~ $18.90 ,$17.23 ,N/A,0.11%,63.68%,N/A
Health & Fitness (Legacy),Card Games,United States,207,$30.34  ~ $31.04 ,$68.44 ,N/A,0.04%,79.82%,N/A
Health & Fitness (Legacy),Private School,United States,4,$16.39  ~ $39.87 ,N/A,N/A,N/A,72.70%,N/A
Health & Fitness (Legacy),Incest/Abuse Support,United States,32,$20.45  ~ $20.45 ,$47.02 ,N/A,0.04%,71.06%,N/A
Health & Fitness (Legacy),Business,Canada,34,$3.71  ~ $5.08 ,$14.38 ,N/A,0.03%,84.03%,N/A
Health & Fitness (Legacy),Business,United States,946,$12.52  ~ $12.80 ,$31.72 ,N/A,0.04%,74.85%,N/A
Health & Fitness (Legacy),Travel,Canada,18,$15.62  ~ $21.46 ,N/A,N/A,N/A,83.80%,N/A
Health & Fitness (Legacy),Travel,United States,459,$13.34  ~ $14.01 ,$23.15 ,N/A,0.06%,74.16%,N/A
Health & Fitness (Legacy),Buying/Selling Homes,United States,13,$13.89  ~ $18.60 ,N/A,N/A,N/A,51.20%,N/A
Health & Fitness (Legacy),Computer Peripherals,United States,11,$3.35  ~ $3.35 ,N/A,N/A,N/A,77.42%,N/A
Health & Fitness (Legacy),Nutrition,United States,227,$18.42  ~ $18.42 ,$10.55 ,N/A,0.17%,63.66%,N/A
Health & Fitness (Legacy),Veterinary Medicine,United States,1,$2.11  ~ $2.11 ,N/A,N/A,N/A,92.65%,N/A
Health & Fitness (Legacy),Shopping,Canada,31,$3.76  ~ $11.82 ,$21.59 ,N/A,0.02%,84.77%,N/A
Health & Fitness (Legacy),Shopping,United States,500,$13.32  ~ $13.52 ,$38.87 ,N/A,0.03%,76.70%,N/A
Health & Fitness (Legacy),Arts & Entertainment,Canada,30,$1.11  ~ $14.91 ,$48.83 ,N/A,0.03%,81.08%,N/A
Health & Fitness (Legacy),Arts & Entertainment,United States,33,$18.37  ~ $19.42 ,N/A,N/A,N/A,73.25%,N/A
Health & Fitness (Legacy),Buying/Selling Cars,United States,103,$15.13  ~ $15.13 ,N/A,N/A,N/A,75.67%,N/A
Health & Fitness (Legacy),Automotive,United States,43,$10.84  ~ $11.00 ,$19.61 ,N/A,0.06%,72.82%,N/A
Health & Fitness (Legacy),Human Resources,United States,5,$18.84  ~ $21.01 ,N/A,N/A,N/A,73.54%,N/A
Health & Fitness (Legacy),Adult Education,United States,1,$6.42  ~ $25.50 ,N/A,N/A,N/A,70.88%,N/A
Health & Fitness (Legacy),Investing,United States,27,$0.99  ~ $0.99 ,N/A,N/A,N/A,67.53%,N/A
Health & Fitness (Legacy),Honeymoons/Getaways,Canada,65,$24.28  ~ $24.28 ,$17.75 ,N/A,0.14%,51.79%,N/A
Health & Fitness (Legacy),Honeymoons/Getaways,United States,16,$16.96  ~ $30.45 ,$59.23 ,N/A,0.05%,64.54%,N/A
Health & Fitness (Legacy),Bed & Breakfasts,United States,3,$0.00  ~ $0.00 ,N/A,N/A,N/A,N/A,N/A
Health & Fitness (Legacy),Cameras & Camcorders,United States,1,$0.00  ~ $0.00 ,N/A,N/A,N/A,N/A,N/A
Health & Fitness (Legacy),Computer Networking,United States,3,$0.00  ~ $0.00 ,N/A,N/A,N/A,N/A,N/A
Health & Fitness (Legacy),Canada,Canada,29,$0.00  ~ $0.00 ,N/A,N/A,N/A,N/A,N/A
Hobbies & Interests (Legacy),Health & Fitness,United States,"24,545",$5.87  ~ $11.50 ,$43.08 ,N/A,0.03%,73.22%,N/A
Hobbies & Interests (Legacy),Health & Fitness,Canada,757,$6.50  ~ $14.63 ,$41.03 ,N/A,0.02%,81.29%,N/A
Hobbies & Interests (Legacy),Comparison,United States,22,$2.79  ~ $2.79 ,N/A,N/A,N/A,53.15%,N/A
Hobbies & Interests (Legacy),Mutual Funds,United States,171,$14.37  ~ $14.37 ,$28.92 ,N/A,0.05%,76.62%,N/A
Hobbies & Interests (Legacy),Pets,United States,7,$19.18  ~ $45.40 ,$64.14 ,N/A,0.03%,90.28%,N/A
Hobbies & Interests (Legacy),Private School,United States,241,$16.37  ~ $33.43 ,$203.14 ,N/A,0.01%,75.00%,N/A
Hobbies & Interests (Legacy),Senior Living,United States,"4,873",$4.76  ~ $4.90 ,$64.59 ,N/A,0.01%,82.12%,N/A
Hobbies & Interests (Legacy),Clothing,United States,928,$22.27  ~ $22.27 ,$127.05 ,N/A,0.02%,73.25%,N/A
Hobbies & Interests (Legacy),Clothing,Canada,439,$8.45  ~ $8.45 ,$21.33 ,N/A,0.04%,74.23%,N/A
Hobbies & Interests (Legacy),Chronic Pain,United States,103,$22.55  ~ $22.55 ,$184.72 ,N/A,0.01%,82.33%,N/A
Hobbies & Interests (Legacy),Honeymoons/Getaways,Canada,"1,136",$25.82  ~ $25.82 ,$27.28 ,N/A,0.09%,59.87%,N/A
Hobbies & Interests (Legacy),Honeymoons/Getaways,United States,573,$26.39  ~ $31.06 ,$60.49 ,N/A,0.05%,64.86%,N/A
Hobbies & Interests (Legacy),Automotive,United States,473,$5.48  ~ $5.54 ,$248.10 ,N/A,0.00%,75.16%,N/A
Hobbies & Interests (Legacy),Automotive,Canada,2,$17.48  ~ $17.48 ,N/A,N/A,N/A,81.06%,N/A
Hobbies & Interests (Legacy),College,United States,885,$10.09  ~ $13.86 ,$180.38 ,N/A,0.01%,77.02%,N/A
Hobbies & Interests (Legacy),Graduate School,United States,"3,514",$9.43  ~ $9.46 ,$78.05 ,N/A,0.01%,74.65%,N/A
Hobbies & Interests (Legacy),Food & Drink,United States,"4,521",$5.33  ~ $6.85 ,$87.35 ,N/A,0.01%,83.51%,N/A
Hobbies & Interests (Legacy),Theme Parks,United States,275,$44.15  ~ $52.59 ,$505.78 ,N/A,0.01%,80.40%,N/A
Hobbies & Interests (Legacy),Exercise,United States,44,$19.80  ~ $19.80 ,N/A,N/A,N/A,72.58%,N/A
Hobbies & Interests (Legacy),Shopping,Canada,433,$2.73  ~ $9.48 ,$30.77 ,N/A,0.01%,61.79%,N/A
Hobbies & Interests (Legacy),Shopping,United States,"7,654",$4.27  ~ $5.50 ,$166.67 ,N/A,0.00%,77.26%,N/A
Hobbies & Interests (Legacy),Careers,Canada,1,$13.42  ~ $13.42 ,N/A,N/A,N/A,71.95%,N/A
Hobbies & Interests (Legacy),Careers,United States,"4,095",$17.10  ~ $20.71 ,$127.69 ,N/A,0.01%,68.30%,N/A
Hobbies & Interests (Legacy),K-6 Educators,United States,178,$16.44  ~ $16.44 ,$209.95 ,N/A,0.01%,62.12%,N/A
Hobbies & Interests (Legacy),"Law, Gov't & Politics",United States,"2,350",$13.00  ~ $15.68 ,$69.93 ,N/A,0.02%,72.28%,N/A
Hobbies & Interests (Legacy),Alternative Medicine,United States,"1,270",$17.31  ~ $18.40 ,$63.42 ,N/A,0.03%,73.07%,N/A
Hobbies & Interests (Legacy),Human Resources,United States,"1,246",$19.38  ~ $19.59 ,$82.17 ,N/A,0.02%,80.85%,N/A
Hobbies & Interests (Legacy),Cancer,Canada,1,$17.57  ~ $35.68 ,N/A,N/A,N/A,96.45%,N/A
Hobbies & Interests (Legacy),Cancer,United States,29,$45.81  ~ $45.81 ,$221.58 ,N/A,0.02%,82.48%,N/A
Hobbies & Interests (Legacy),Travel,Canada,823,$15.62  ~ $16.39 ,$44.87 ,N/A,0.04%,91.69%,N/A
Hobbies & Interests (Legacy),Travel,United States,"3,325",$7.33  ~ $7.76 ,$85.16 ,N/A,0.01%,78.84%,N/A
Hobbies & Interests (Legacy),Cruises,United States,329,$14.78  ~ $14.78 ,$48.92 ,N/A,0.03%,82.71%,N/A
Hobbies & Interests (Legacy),Cruises,Canada,14,$14.76  ~ $14.76 ,N/A,N/A,N/A,72.66%,N/A
Hobbies & Interests (Legacy),Dining Out,United States,"11,585",$15.55  ~ $15.55 ,$248.72 ,N/A,0.01%,84.86%,N/A
Hobbies & Interests (Legacy),Computer Peripherals,United States,"1,154",$3.36  ~ $3.36 ,$68.31 ,N/A,0.00%,80.35%,N/A
Hobbies & Interests (Legacy),Sexuality,United States,12,$11.03  ~ $11.03 ,N/A,N/A,N/A,68.81%,N/A
Hobbies & Interests (Legacy),Logistics,Canada,743,$2.95  ~ $25.54 ,$41.46 ,N/A,0.06%,85.44%,N/A
Hobbies & Interests (Legacy),Logistics,United States,"2,508",$13.44  ~ $20.49 ,$79.42 ,N/A,0.02%,86.05%,N/A
Hobbies & Interests (Legacy),Agriculture,United States,28,$2.09  ~ $2.12 ,$433.91 ,N/A,0.00%,92.89%,N/A
Hobbies & Interests (Legacy),Agriculture,Canada,5,$18.00  ~ $18.00 ,$125.03 ,N/A,0.01%,89.51%,N/A
Hobbies & Interests (Legacy),Politics,United States,"28,546",$14.10  ~ $19.40 ,$122.71 ,N/A,0.01%,76.37%,N/A
Hobbies & Interests (Legacy),Metals,United States,"25,312",$0.67  ~ $1.62 ,$119.59 ,N/A,0.00%,89.26%,N/A
Hobbies & Interests (Legacy),Metals,Canada,304,$9.74  ~ $44.26 ,$54.87 ,N/A,0.02%,87.96%,N/A
Hobbies & Interests (Legacy),Construction,United States,33,$5.66  ~ $8.83 ,$527.16 ,N/A,0.00%,80.13%,N/A
Hobbies & Interests (Legacy),Remodeling & Construction,United States,890,$16.64  ~ $16.64 ,$146.19 ,N/A,0.01%,87.09%,N/A
Hobbies & Interests (Legacy),Hotels,United States,"3,462",$1.90  ~ $4.06 ,$70.33 ,N/A,0.01%,78.95%,N/A
Hobbies & Interests (Legacy),Hotels,Canada,8,$1.25  ~ $1.25 ,N/A,N/A,N/A,78.37%,N/A
Hobbies & Interests (Legacy),Green Solutions,United States,323,$18.96  ~ $18.96 ,$133.75 ,N/A,0.01%,75.73%,N/A
Hobbies & Interests (Legacy),Legal Issues,Canada,86,$17.13  ~ $17.16 ,$22.96 ,N/A,0.07%,80.06%,N/A
Hobbies & Interests (Legacy),Legal Issues,United States,"8,288",$13.89  ~ $14.33 ,$161.73 ,N/A,0.01%,75.85%,N/A
Hobbies & Interests (Legacy),Health/Lowfat Cooking,Canada,64,$18.46  ~ $41.91 ,$147.71 ,N/A,0.01%,93.05%,N/A
Hobbies & Interests (Legacy),Health/Lowfat Cooking,United States,"1,471",$14.46  ~ $14.84 ,$91.82 ,N/A,0.02%,82.35%,N/A
Hobbies & Interests (Legacy),Psychology/Psychiatry,United States,"4,111",$7.52  ~ $8.19 ,$124.04 ,N/A,0.01%,77.04%,N/A
Hobbies & Interests (Legacy),Large Animals,United States,354,$13.80  ~ $13.80 ,$297.67 ,N/A,0.00%,76.47%,N/A
Hobbies & Interests (Legacy),Fine Art,United States,359,$3.74  ~ $3.74 ,N/A,N/A,N/A,64.06%,N/A
Hobbies & Interests (Legacy),Fine Art,Canada,28,$15.09  ~ $15.09 ,$37.59 ,N/A,0.04%,76.26%,N/A
Hobbies & Interests (Legacy),Nutrition,United States,98,$17.77  ~ $17.77 ,$17.27 ,N/A,0.10%,78.21%,N/A
Hobbies & Interests (Legacy),Insurance,United States,"2,706",$25.92  ~ $28.07 ,$163.26 ,N/A,0.02%,76.95%,N/A
Hobbies & Interests (Legacy),Gardening,United States,13,$14.12  ~ $14.12 ,$46.12 ,N/A,0.03%,70.25%,N/A
Hobbies & Interests (Legacy),Business,Canada,"1,985",$1.14  ~ $1.75 ,$59.23 ,N/A,0.00%,68.93%,N/A
Hobbies & Interests (Legacy),Business,United States,"38,776",$3.94  ~ $7.37 ,$105.41 ,N/A,0.00%,78.08%,N/A
Hobbies & Interests (Legacy),Advertising,Canada,31,$13.97  ~ $34.51 ,$31.46 ,N/A,0.04%,86.41%,N/A
Hobbies & Interests (Legacy),Advertising,United States,"4,652",$7.65  ~ $17.95 ,$228.74 ,N/A,0.00%,82.48%,N/A
Hobbies & Interests (Legacy),Family & Parenting,United States,"2,486",$6.07  ~ $6.51 ,$86.87 ,N/A,0.01%,64.07%,N/A
Hobbies & Interests (Legacy),Apartments,United States,20,$13.31  ~ $13.31 ,$7.88 ,N/A,0.17%,85.52%,N/A
Hobbies & Interests (Legacy),Adult Education,United States,4,$5.61  ~ $31.36 ,N/A,N/A,N/A,73.37%,N/A
Hobbies & Interests (Legacy),Hobbies & Interests,United States,"4,042",$10.72  ~ $14.19 ,$402.42 ,N/A,0.00%,72.06%,N/A
Hobbies & Interests (Legacy),Veterinary Medicine,United States,91,$0.58  ~ $0.58 ,N/A,N/A,N/A,85.54%,N/A
Hobbies & Interests (Legacy),Biotech/Biomedical,Canada,157,$18.62  ~ $46.05 ,$168.70 ,N/A,0.01%,91.77%,N/A
Hobbies & Interests (Legacy),Biotech/Biomedical,United States,"16,785",$7.47  ~ $30.03 ,$79.87 ,N/A,0.01%,80.98%,N/A
Hobbies & Interests (Legacy),Job Search,United States,962,$12.23  ~ $12.23 ,$887.88 ,N/A,0.00%,89.38%,N/A
Hobbies & Interests (Legacy),Books & Literature,United States,18,$17.85  ~ $17.85 ,$75.84 ,N/A,0.02%,88.46%,N/A
Hobbies & Interests (Legacy),Cocktails/Beer,United States,"1,953",$20.91  ~ $20.91 ,$121.80 ,N/A,0.02%,87.04%,N/A
Hobbies & Interests (Legacy),Senor Health,United States,456,$18.63  ~ $18.63 ,$48.63 ,N/A,0.04%,79.64%,N/A
Hobbies & Interests (Legacy),Internet Technology,United States,3,$5.96  ~ $5.96 ,N/A,N/A,N/A,89.33%,N/A
Hobbies & Interests (Legacy),News,Canada,837,$9.74  ~ $15.17 ,$46.55 ,N/A,0.02%,80.36%,N/A
Hobbies & Interests (Legacy),News,United States,965,$5.55  ~ $7.44 ,$60.19 ,N/A,0.01%,77.37%,N/A
Hobbies & Interests (Legacy),Pro Basketball,Canada,4,$5.29  ~ $11.53 ,$79.62 ,N/A,0.01%,92.68%,N/A
Hobbies & Interests (Legacy),Pro Basketball,United States,33,$18.80  ~ $18.80 ,$95.86 ,N/A,0.02%,80.42%,N/A
Hobbies & Interests (Legacy),Couponing,United States,"3,936",$0.94  ~ $0.94 ,$118.89 ,N/A,0.00%,79.96%,N/A
Hobbies & Interests (Legacy),Catholicism,United States,1,$14.16  ~ $32.37 ,N/A,N/A,N/A,71.54%,N/A
Hobbies & Interests (Legacy),Dogs,Canada,"1,060",$11.52  ~ $18.19 ,$57.98 ,N/A,0.03%,92.48%,N/A
Hobbies & Interests (Legacy),Dogs,United States,379,$27.05  ~ $27.38 ,$528.36 ,N/A,0.01%,85.31%,N/A
Hobbies & Interests (Legacy),Education,United States,"17,148",$16.37  ~ $18.05 ,$83.93 ,N/A,0.02%,79.49%,N/A
Hobbies & Interests (Legacy),Education,Canada,3,$0.23  ~ $0.51 ,$14.49 ,N/A,0.00%,85.98%,N/A
Hobbies & Interests (Legacy),Buying/Selling Homes,United States,27,$11.06  ~ $12.12 ,N/A,N/A,N/A,66.87%,N/A
Hobbies & Interests (Legacy),By US Locale,United States,21,$19.32  ~ $42.71 ,N/A,N/A,N/A,88.99%,N/A
Hobbies & Interests (Legacy),Dental Care,United States,9,$3.94  ~ $4.97 ,$5.78 ,N/A,0.09%,67.70%,N/A
Hobbies & Interests (Legacy),Home & Garden,Canada,1,$17.67  ~ $19.70 ,$22.85 ,N/A,0.08%,87.23%,N/A
Hobbies & Interests (Legacy),Home & Garden,United States,"14,943",$7.03  ~ $9.53 ,$48.01 ,N/A,0.02%,79.41%,N/A
Hobbies & Interests (Legacy),Auto Parts,United States,"1,669",$7.09  ~ $7.09 ,$733.71 ,N/A,0.00%,89.96%,N/A
Hobbies & Interests (Legacy),Accessories,United States,262,$19.15  ~ $19.38 ,$203.09 ,N/A,0.01%,82.36%,N/A
Hobbies & Interests (Legacy),Adventure Travel,United States,313,$1.96  ~ $34.22 ,$289.06 ,N/A,0.00%,87.62%,N/A
Hobbies & Interests (Legacy),Infertility,United States,35,$7.66  ~ $7.66 ,$183.68 ,N/A,0.00%,87.48%,N/A
Hobbies & Interests (Legacy),Cold & Flu,United States,"2,289",$11.53  ~ $23.16 ,$46.78 ,N/A,0.02%,68.25%,N/A
Hobbies & Interests (Legacy),Investing,United States,3,$0.89  ~ $0.89 ,N/A,N/A,N/A,68.09%,N/A
Hobbies & Interests (Legacy),Arts & Entertainment,Canada,"1,058",$0.55  ~ $10.71 ,$82.52 ,N/A,0.01%,85.17%,N/A
Hobbies & Interests (Legacy),Arts & Entertainment,United States,"1,339",$8.79  ~ $10.45 ,$150.42 ,N/A,0.01%,75.99%,N/A
Hobbies & Interests (Legacy),Real Estate,United States,"3,456",$2.32  ~ $2.34 ,$99.26 ,N/A,0.00%,81.06%,N/A
Hobbies & Interests (Legacy),Interior Decorating,United States,128,$10.98  ~ $11.00 ,$43.87 ,N/A,0.03%,69.14%,N/A
Hobbies & Interests (Legacy),Weight Loss,United States,169,$12.65  ~ $12.65 ,$65.60 ,N/A,0.02%,87.85%,N/A
Hobbies & Interests (Legacy),Career Planning,United States,69,$12.64  ~ $12.66 ,$35.00 ,N/A,0.04%,56.33%,N/A
Hobbies & Interests (Legacy),Career Planning,Canada,3,$12.81  ~ $12.81 ,$15.60 ,N/A,0.08%,65.19%,N/A
Hobbies & Interests (Legacy),Weddings,United States,52,$18.96  ~ $18.96 ,$69.75 ,N/A,0.03%,84.62%,N/A
Hobbies & Interests (Legacy),Auto Repair,United States,"4,662",$9.76  ~ $14.66 ,$109.75 ,N/A,0.01%,77.84%,N/A
Hobbies & Interests (Legacy),Business Software,Canada,611,$8.78  ~ $8.83 ,$54.24 ,N/A,0.02%,82.04%,N/A
Hobbies & Interests (Legacy),Business Software,United States,"21,898",$11.04  ~ $12.78 ,$184.43 ,N/A,0.01%,80.85%,N/A
Hobbies & Interests (Legacy),Home Repair,United States,"3,457",$16.16  ~ $16.16 ,$140.66 ,N/A,0.01%,78.68%,N/A
Hobbies & Interests (Legacy),Credit/Debt & Loans,United States,"2,043",$14.07  ~ $18.84 ,$67.45 ,N/A,0.02%,73.35%,N/A
Hobbies & Interests (Legacy),Pediatrics,United States,95,$18.95  ~ $20.51 ,$116.45 ,N/A,0.02%,80.13%,N/A
Hobbies & Interests (Legacy),Card Games,United States,"2,975",$28.35  ~ $32.81 ,$214.41 ,N/A,0.01%,84.54%,N/A
Hobbies & Interests (Legacy),U.S. Government Resources,United States,"2,504",$18.76  ~ $18.76 ,$184.53 ,N/A,0.01%,84.55%,N/A
Hobbies & Interests (Legacy),Contests & Freebies,United States,208,$2.20  ~ $2.20 ,N/A,N/A,N/A,80.11%,N/A
Hobbies & Interests (Legacy),Incest/Abuse Support,United States,"2,654",$17.93  ~ $17.93 ,$85.41 ,N/A,0.02%,76.84%,N/A
Hobbies & Interests (Legacy),Personal Finance,United States,"6,384",$13.90  ~ $15.31 ,$35.31 ,N/A,0.04%,76.49%,N/A
Hobbies & Interests (Legacy),Personal Finance,Canada,45,$18.58  ~ $43.30 ,$28.51 ,N/A,0.07%,84.25%,N/A
Hobbies & Interests (Legacy),Cigars,United States,14,$15.74  ~ $15.74 ,$47.10 ,N/A,0.03%,58.88%,N/A
Hobbies & Interests (Legacy),Music,United States,514,$4.28  ~ $21.03 ,$589.75 ,N/A,0.00%,58.61%,N/A
Hobbies & Interests (Legacy),Pro Ice Hockey,Canada,339,$16.11  ~ $32.63 ,N/A,N/A,N/A,87.18%,N/A
Hobbies & Interests (Legacy),Buying/Selling Cars,United States,"2,963",$13.92  ~ $13.92 ,$234.16 ,N/A,0.01%,80.12%,N/A
Hobbies & Interests (Legacy),Computer Networking,United States,203,$0.00  ~ $0.00 ,N/A,N/A,N/A,N/A,N/A
Hobbies & Interests (Legacy),Birdwatching,United States,25,$0.00  ~ $0.00 ,N/A,N/A,N/A,N/A,N/A
Hobbies & Interests (Legacy),Cameras & Camcorders,United States,19,$0.00  ~ $0.00 ,N/A,N/A,N/A,N/A,N/A
Hobbies & Interests (Legacy),Motorcycles,United States,1,$0.00  ~ $0.00 ,N/A,N/A,N/A,N/A,N/A
Hobbies & Interests (Legacy),Jewelry,United States,7,$0.00  ~ $0.00 ,N/A,N/A,N/A,N/A,N/A
Hobbies & Interests (Legacy),Beauty,United States,3,$0.00  ~ $0.00 ,N/A,N/A,N/A,N/A,N/A
Hobbies & Interests (Legacy),Appliances,United States,2,$0.00  ~ $0.00 ,N/A,N/A,N/A,N/A,N/A
Hobbies & Interests (Legacy),Canada,Canada,"1,247",$0.00  ~ $0.00 ,N/A,N/A,N/A,N/A,N/A
Hobbies & Interests (Legacy),Bed & Breakfasts,United States,11,$0.00  ~ $0.00 ,N/A,N/A,N/A,N/A,N/A
Home & Garden (Legacy),Cruises,United States,29,$12.03  ~ $12.03 ,$25.03 ,N/A,0.05%,82.46%,N/A
Home & Garden (Legacy),Buying/Selling Cars,United States,289,$15.81  ~ $15.81 ,$36.97 ,N/A,0.04%,80.37%,N/A
Home & Garden (Legacy),"Law, Gov't & Politics",United States,260,$20.09  ~ $24.41 ,$44.68 ,N/A,0.05%,67.07%,N/A
Home & Garden (Legacy),Theme Parks,United States,20,$37.78  ~ $52.96 ,N/A,N/A,N/A,79.48%,N/A
Home & Garden (Legacy),Job Search,United States,29,$13.59  ~ $13.59 ,$119.57 ,N/A,0.01%,86.62%,N/A
Home & Garden (Legacy),Fine Art,Canada,3,$15.74  ~ $15.74 ,$12.67 ,N/A,0.12%,64.52%,N/A
Home & Garden (Legacy),Fine Art,United States,18,$5.41  ~ $5.41 ,$14.10 ,N/A,0.04%,74.16%,N/A
Home & Garden (Legacy),U.S. Government Resources,United States,108,$18.56  ~ $18.56 ,$39.39 ,N/A,0.05%,73.93%,N/A
Home & Garden (Legacy),Clothing,United States,91,$21.18  ~ $21.18 ,$38.07 ,N/A,0.06%,71.17%,N/A
Home & Garden (Legacy),Clothing,Canada,26,$6.47  ~ $6.47 ,$20.19 ,N/A,0.03%,79.65%,N/A
Home & Garden (Legacy),Legal Issues,Canada,5,$19.28  ~ $19.30 ,$12.90 ,N/A,0.15%,79.51%,N/A
Home & Garden (Legacy),Legal Issues,United States,"1,042",$14.67  ~ $14.95 ,$33.16 ,N/A,0.04%,75.41%,N/A
Home & Garden (Legacy),Pro Basketball,Canada,2,$6.32  ~ $12.79 ,$24.98 ,N/A,0.05%,93.07%,N/A
Home & Garden (Legacy),Logistics,United States,343,$23.07  ~ $24.66 ,$39.10 ,N/A,0.06%,76.74%,N/A
Home & Garden (Legacy),Logistics,Canada,85,$9.47  ~ $24.34 ,$65.32 ,N/A,0.04%,82.10%,N/A
Home & Garden (Legacy),Biotech/Biomedical,United States,"3,276",$19.91  ~ $38.74 ,$71.78 ,N/A,0.03%,79.94%,N/A
Home & Garden (Legacy),Biotech/Biomedical,Canada,14,$18.62  ~ $45.80 ,N/A,N/A,N/A,91.16%,N/A
Home & Garden (Legacy),Careers,Canada,1,$13.40  ~ $13.40 ,N/A,N/A,N/A,75.18%,N/A
Home & Garden (Legacy),Careers,United States,171,$15.91  ~ $16.84 ,$29.47 ,N/A,0.06%,80.13%,N/A
Home & Garden (Legacy),Senior Living,United States,"1,379",$3.29  ~ $3.56 ,$29.15 ,N/A,0.01%,82.89%,N/A
Home & Garden (Legacy),Career Planning,United States,2,$13.24  ~ $13.24 ,$21.50 ,N/A,0.06%,48.28%,N/A
Home & Garden (Legacy),Cancer,Canada,12,$18.59  ~ $45.38 ,N/A,N/A,N/A,86.20%,N/A
Home & Garden (Legacy),Cancer,United States,4,$46.25  ~ $46.25 ,N/A,N/A,N/A,77.44%,N/A
Home & Garden (Legacy),Mutual Funds,United States,33,$18.36  ~ $18.36 ,$21.20 ,N/A,0.09%,72.22%,N/A
Home & Garden (Legacy),Apartments,United States,16,$14.11  ~ $14.11 ,$9.96 ,N/A,0.14%,85.40%,N/A
Home & Garden (Legacy),Business,Canada,186,$3.28  ~ $4.22 ,$18.60 ,N/A,0.02%,84.43%,N/A
Home & Garden (Legacy),Business,United States,"4,003",$11.09  ~ $13.57 ,$29.25 ,N/A,0.04%,80.08%,N/A
Home & Garden (Legacy),Dogs,Canada,72,$11.48  ~ $17.46 ,$18.52 ,N/A,0.09%,90.89%,N/A
Home & Garden (Legacy),Dogs,United States,23,$27.34  ~ $27.85 ,N/A,N/A,N/A,87.72%,N/A
Home & Garden (Legacy),Honeymoons/Getaways,Canada,86,$25.19  ~ $25.19 ,$20.96 ,N/A,0.12%,53.73%,N/A
Home & Garden (Legacy),Honeymoons/Getaways,United States,35,$19.09  ~ $30.57 ,$30.64 ,N/A,0.10%,65.26%,N/A
Home & Garden (Legacy),Real Estate,United States,506,$14.25  ~ $14.25 ,$46.71 ,N/A,0.03%,70.46%,N/A
Home & Garden (Legacy),K-6 Educators,United States,16,$16.61  ~ $16.61 ,N/A,N/A,N/A,70.39%,N/A
Home & Garden (Legacy),Card Games,United States,123,$31.56  ~ $33.16 ,$82.81 ,N/A,0.04%,81.57%,N/A
Home & Garden (Legacy),Home Repair,United States,444,$18.53  ~ $18.65 ,$38.32 ,N/A,0.05%,53.01%,N/A
Home & Garden (Legacy),Pediatrics,United States,5,$14.29  ~ $20.66 ,$17.66 ,N/A,0.08%,75.17%,N/A
Home & Garden (Legacy),Weight Loss,United States,17,$10.61  ~ $10.61 ,N/A,N/A,N/A,79.20%,N/A
Home & Garden (Legacy),Books & Literature,United States,1,$18.24  ~ $18.24 ,$6.82 ,N/A,0.27%,83.29%,N/A
Home & Garden (Legacy),Dining Out,United States,624,$16.22  ~ $16.22 ,$81.00 ,N/A,0.02%,79.97%,N/A
Home & Garden (Legacy),Hobbies & Interests,United States,680,$10.19  ~ $16.82 ,$44.08 ,N/A,0.02%,80.27%,N/A
Home & Garden (Legacy),By US Locale,United States,4,$18.84  ~ $46.79 ,N/A,N/A,N/A,86.89%,N/A
Home & Garden (Legacy),Shopping,Canada,21,$3.80  ~ $11.21 ,$7.54 ,N/A,0.05%,83.27%,N/A
Home & Garden (Legacy),Shopping,United States,"1,626",$11.73  ~ $11.90 ,$51.35 ,N/A,0.02%,80.81%,N/A
Home & Garden (Legacy),Business Software,Canada,41,$10.87  ~ $10.97 ,$10.23 ,N/A,0.11%,75.29%,N/A
Home & Garden (Legacy),Business Software,United States,"1,942",$15.91  ~ $17.04 ,$60.43 ,N/A,0.03%,82.15%,N/A
Home & Garden (Legacy),Music,United States,38,$10.08  ~ $22.84 ,N/A,N/A,N/A,76.01%,N/A
Home & Garden (Legacy),Green Solutions,United States,9,$20.22  ~ $20.22 ,$33.72 ,N/A,0.06%,81.84%,N/A
Home & Garden (Legacy),Incest/Abuse Support,United States,107,$19.92  ~ $19.92 ,$42.54 ,N/A,0.05%,76.13%,N/A
Home & Garden (Legacy),Family & Parenting,United States,335,$7.78  ~ $8.06 ,$26.75 ,N/A,0.03%,73.33%,N/A
Home & Garden (Legacy),Chronic Pain,United States,30,$22.55  ~ $22.55 ,N/A,N/A,N/A,77.16%,N/A
Home & Garden (Legacy),Personal Finance,United States,898,$15.48  ~ $16.93 ,$19.92 ,N/A,0.08%,70.02%,N/A
Home & Garden (Legacy),Personal Finance,Canada,26,$17.93  ~ $38.01 ,$49.91 ,N/A,0.04%,80.58%,N/A
Home & Garden (Legacy),Auto Parts,United States,37,$7.90  ~ $7.90 ,N/A,N/A,N/A,90.16%,N/A
Home & Garden (Legacy),Metals,United States,940,$5.71  ~ $9.52 ,$198.57 ,N/A,0.00%,88.46%,N/A
Home & Garden (Legacy),Metals,Canada,2,$19.54  ~ $32.70 ,$13.21 ,N/A,0.15%,77.70%,N/A
Home & Garden (Legacy),Construction,United States,4,$12.84  ~ $15.82 ,$45.78 ,N/A,0.03%,85.32%,N/A
Home & Garden (Legacy),Large Animals,United States,26,$18.73  ~ $18.73 ,N/A,N/A,N/A,86.03%,N/A
Home & Garden (Legacy),Investing,United States,2,$0.92  ~ $0.92 ,N/A,N/A,N/A,73.11%,N/A
Home & Garden (Legacy),Adventure Travel,United States,199,$5.94  ~ $33.61 ,N/A,N/A,N/A,88.89%,N/A
Home & Garden (Legacy),Interior Decorating,United States,54,$10.04  ~ $12.55 ,$26.47 ,N/A,0.04%,66.00%,N/A
Home & Garden (Legacy),Graduate School,United States,808,$15.73  ~ $15.74 ,$33.91 ,N/A,0.05%,78.21%,N/A
Home & Garden (Legacy),Alternative Medicine,United States,48,$18.54  ~ $19.18 ,$28.30 ,N/A,0.07%,60.48%,N/A
Home & Garden (Legacy),Food & Drink,United States,727,$6.99  ~ $10.60 ,$66.64 ,N/A,0.02%,87.01%,N/A
Home & Garden (Legacy),Hotels,United States,438,$5.45  ~ $12.66 ,$37.11 ,N/A,0.03%,83.59%,N/A
Home & Garden (Legacy),Hotels,Canada,3,$1.42  ~ $1.42 ,N/A,N/A,N/A,87.37%,N/A
Home & Garden (Legacy),Gardening,United States,1,$11.47  ~ $11.47 ,$45.05 ,N/A,0.03%,58.18%,N/A
Home & Garden (Legacy),Private School,United States,20,$17.17  ~ $37.66 ,N/A,N/A,N/A,76.50%,N/A
Home & Garden (Legacy),Pro Ice Hockey,Canada,15,$16.13  ~ $34.50 ,N/A,N/A,N/A,84.76%,N/A
Home & Garden (Legacy),Cigars,United States,2,$18.45  ~ $18.45 ,$28.75 ,N/A,0.06%,52.11%,N/A
Home & Garden (Legacy),Cocktails/Beer,United States,119,$21.65  ~ $21.65 ,$47.04 ,N/A,0.05%,80.63%,N/A
Home & Garden (Legacy),Senor Health,United States,36,$18.77  ~ $18.77 ,$62.96 ,N/A,0.03%,78.62%,N/A
Home & Garden (Legacy),Remodeling & Construction,United States,12,$19.17  ~ $19.17 ,$158.83 ,N/A,0.01%,91.83%,N/A
Home & Garden (Legacy),Psychology/Psychiatry,United States,623,$9.99  ~ $10.29 ,$24.08 ,N/A,0.04%,69.73%,N/A
Home & Garden (Legacy),Health & Fitness,United States,"2,395",$12.12  ~ $14.54 ,$25.28 ,N/A,0.06%,81.09%,N/A
Home & Garden (Legacy),Health & Fitness,Canada,79,$9.69  ~ $24.00 ,$12.87 ,N/A,0.08%,76.25%,N/A
Home & Garden (Legacy),Home & Garden,United States,"3,005",$7.24  ~ $8.08 ,$26.17 ,N/A,0.03%,74.97%,N/A
Home & Garden (Legacy),Home & Garden,Canada,1,$18.11  ~ $19.64 ,N/A,N/A,N/A,81.64%,N/A
Home & Garden (Legacy),Couponing,United States,642,$1.20  ~ $1.20 ,$7.09 ,N/A,0.02%,85.27%,N/A
Home & Garden (Legacy),Nutrition,United States,35,$17.84  ~ $17.84 ,$13.75 ,N/A,0.13%,77.12%,N/A
Home & Garden (Legacy),Adult Education,United States,1,$5.97  ~ $26.21 ,$20.00 ,N/A,0.13%,64.46%,N/A
Home & Garden (Legacy),Arts & Entertainment,Canada,52,$0.89  ~ $14.14 ,$77.94 ,N/A,0.02%,83.46%,N/A
Home & Garden (Legacy),Arts & Entertainment,United States,90,$17.32  ~ $19.20 ,$60.59 ,N/A,0.03%,78.76%,N/A
Home & Garden (Legacy),College,Canada,13,$5.43  ~ $5.43 ,$43.79 ,N/A,0.01%,81.19%,N/A
Home & Garden (Legacy),College,United States,88,$11.08  ~ $13.77 ,$21.82 ,N/A,0.06%,76.48%,N/A
Home & Garden (Legacy),Credit/Debt & Loans,United States,282,$19.72  ~ $26.43 ,$36.69 ,N/A,0.05%,75.80%,N/A
Home & Garden (Legacy),Automotive,United States,38,$9.81  ~ $10.21 ,$40.55 ,N/A,0.03%,78.75%,N/A
Home & Garden (Legacy),Auto Repair,United States,788,$16.16  ~ $16.84 ,$32.26 ,N/A,0.05%,79.28%,N/A
Home & Garden (Legacy),Buying/Selling Homes,United States,1,$10.27  ~ $15.00 ,N/A,N/A,N/A,69.02%,N/A
Home & Garden (Legacy),Veterinary Medicine,United States,23,$2.28  ~ $2.28 ,N/A,N/A,N/A,91.33%,N/A
Home & Garden (Legacy),Exercise,United States,1,$19.99  ~ $19.99 ,N/A,N/A,N/A,82.21%,N/A
Home & Garden (Legacy),News,United States,90,$12.89  ~ $14.20 ,$48.55 ,N/A,0.03%,78.56%,N/A
Home & Garden (Legacy),News,Canada,259,$15.52  ~ $16.43 ,$27.93 ,N/A,0.06%,70.70%,N/A
Home & Garden (Legacy),Advertising,United States,344,$9.21  ~ $16.49 ,$19.75 ,N/A,0.05%,80.86%,N/A
Home & Garden (Legacy),Advertising,Canada,1,$14.87  ~ $34.56 ,N/A,N/A,N/A,82.84%,N/A
Home & Garden (Legacy),Politics,United States,"2,929",$20.49  ~ $20.92 ,$41.11 ,N/A,0.05%,69.76%,N/A
Home & Garden (Legacy),Human Resources,United States,297,$19.11  ~ $20.25 ,$41.07 ,N/A,0.05%,82.18%,N/A
Home & Garden (Legacy),Accessories,United States,27,$20.26  ~ $20.38 ,$63.17 ,N/A,0.03%,83.21%,N/A
Home & Garden (Legacy),Cold & Flu,United States,127,$11.96  ~ $27.37 ,$16.24 ,N/A,0.07%,74.80%,N/A
Home & Garden (Legacy),Infertility,United States,3,$9.91  ~ $9.95 ,N/A,N/A,N/A,84.20%,N/A
Home & Garden (Legacy),Computer Peripherals,United States,7,$2.65  ~ $2.65 ,$64.15 ,N/A,0.00%,80.62%,N/A
Home & Garden (Legacy),Health/Lowfat Cooking,Canada,27,$18.51  ~ $40.61 ,$11.31 ,N/A,0.16%,90.07%,N/A
Home & Garden (Legacy),Health/Lowfat Cooking,United States,173,$15.77  ~ $15.97 ,$53.86 ,N/A,0.03%,82.01%,N/A
Home & Garden (Legacy),Travel,Canada,23,$15.63  ~ $21.89 ,$15.94 ,N/A,0.14%,85.90%,N/A
Home & Garden (Legacy),Travel,United States,455,$12.31  ~ $17.14 ,$25.45 ,N/A,0.05%,80.36%,N/A
Home & Garden (Legacy),Weddings,United States,2,$18.87  ~ $18.87 ,N/A,N/A,N/A,80.67%,N/A
Home & Garden (Legacy),Insurance,Canada,4,$17.68  ~ $17.68 ,N/A,N/A,N/A,80.16%,N/A
Home & Garden (Legacy),Insurance,United States,255,$28.37  ~ $28.86 ,$47.08 ,N/A,0.06%,75.19%,N/A
Home & Garden (Legacy),Education,United States,"1,957",$16.90  ~ $17.48 ,$42.81 ,N/A,0.04%,78.23%,N/A
Home & Garden (Legacy),Canada,Canada,40,$0.00  ~ $0.00 ,N/A,N/A,N/A,N/A,N/A
Home & Garden (Legacy),Bed & Breakfasts,United States,4,$0.00  ~ $0.00 ,N/A,N/A,N/A,N/A,N/A
Home & Garden (Legacy),Computer Networking,United States,8,$0.00  ~ $0.00 ,N/A,N/A,N/A,N/A,N/A
Home & Garden (Legacy),Birdwatching,United States,3,$0.00  ~ $0.00 ,N/A,N/A,N/A,N/A,N/A
"Law, Gov't & Politics (Legacy)",Home & Garden,United States,"8,958",$7.04  ~ $7.96 ,$15.46 ,N/A,0.05%,73.16%,N/A
"Law, Gov't & Politics (Legacy)",Biotech/Biomedical,Canada,17,$18.59  ~ $44.07 ,N/A,N/A,N/A,90.02%,N/A
"Law, Gov't & Politics (Legacy)",Biotech/Biomedical,United States,737,$15.91  ~ $20.70 ,$66.62 ,N/A,0.03%,81.36%,N/A
"Law, Gov't & Politics (Legacy)",Food & Drink,United States,529,$7.59  ~ $10.81 ,$22.28 ,N/A,0.05%,82.24%,N/A
"Law, Gov't & Politics (Legacy)",Green Solutions,United States,17,$17.18  ~ $17.18 ,$52.94 ,N/A,0.03%,72.27%,N/A
"Law, Gov't & Politics (Legacy)",Cocktails/Beer,United States,237,$21.77  ~ $21.77 ,$40.76 ,N/A,0.05%,76.82%,N/A
"Law, Gov't & Politics (Legacy)",Weddings,United States,1,$18.96  ~ $18.96 ,N/A,N/A,N/A,77.65%,N/A
"Law, Gov't & Politics (Legacy)",Auto Parts,United States,330,$7.87  ~ $7.87 ,$56.62 ,N/A,0.01%,84.91%,N/A
"Law, Gov't & Politics (Legacy)",Comparison,United States,1,$2.02  ~ $2.02 ,N/A,N/A,N/A,61.59%,N/A
"Law, Gov't & Politics (Legacy)",Dogs,Canada,70,$11.36  ~ $17.37 ,$6.61 ,N/A,0.26%,88.49%,N/A
"Law, Gov't & Politics (Legacy)",Dogs,United States,30,$27.13  ~ $27.58 ,N/A,N/A,N/A,83.07%,N/A
"Law, Gov't & Politics (Legacy)",Buying/Selling Cars,United States,219,$15.73  ~ $15.73 ,$25.76 ,N/A,0.06%,80.26%,N/A
"Law, Gov't & Politics (Legacy)",Insurance,Canada,3,$17.55  ~ $17.55 ,N/A,N/A,N/A,68.98%,N/A
"Law, Gov't & Politics (Legacy)",Insurance,United States,251,$31.99  ~ $31.99 ,$77.36 ,N/A,0.04%,65.64%,N/A
"Law, Gov't & Politics (Legacy)",Job Search,United States,314,$12.50  ~ $12.50 ,$89.80 ,N/A,0.01%,84.37%,N/A
"Law, Gov't & Politics (Legacy)",Fine Art,Canada,4,$16.32  ~ $16.32 ,$16.38 ,N/A,0.10%,62.39%,N/A
"Law, Gov't & Politics (Legacy)",Fine Art,United States,58,$5.44  ~ $5.44 ,$8.84 ,N/A,0.06%,74.31%,N/A
"Law, Gov't & Politics (Legacy)",Career Planning,United States,8,$13.07  ~ $13.12 ,$17.75 ,N/A,0.07%,44.53%,N/A
"Law, Gov't & Politics (Legacy)",U.S. Government Resources,United States,46,$18.69  ~ $18.69 ,$44.19 ,N/A,0.04%,74.48%,N/A
"Law, Gov't & Politics (Legacy)",Shopping,Canada,11,$7.30  ~ $11.69 ,$18.92 ,N/A,0.04%,74.90%,N/A
"Law, Gov't & Politics (Legacy)",Shopping,United States,870,$11.17  ~ $12.62 ,$31.47 ,N/A,0.04%,75.37%,N/A
"Law, Gov't & Politics (Legacy)",K-6 Educators,United States,36,$14.24  ~ $14.24 ,N/A,N/A,N/A,60.51%,N/A
"Law, Gov't & Politics (Legacy)",Music,United States,39,$5.30  ~ $16.90 ,$26.39 ,N/A,0.02%,65.37%,N/A
"Law, Gov't & Politics (Legacy)",Apartments,United States,17,$12.58  ~ $12.58 ,$14.56 ,N/A,0.09%,82.31%,N/A
"Law, Gov't & Politics (Legacy)",Accessories,United States,79,$19.55  ~ $19.74 ,$23.12 ,N/A,0.08%,76.17%,N/A
"Law, Gov't & Politics (Legacy)",Incest/Abuse Support,United States,275,$20.07  ~ $20.07 ,$35.17 ,N/A,0.06%,75.93%,N/A
"Law, Gov't & Politics (Legacy)",Legal Issues,Canada,6,$21.04  ~ $21.13 ,$15.78 ,N/A,0.13%,76.43%,N/A
"Law, Gov't & Politics (Legacy)",Legal Issues,United States,"1,623",$20.44  ~ $20.70 ,$26.05 ,N/A,0.08%,67.62%,N/A
"Law, Gov't & Politics (Legacy)",Travel,Canada,38,$15.56  ~ $16.85 ,$6.46 ,N/A,0.26%,83.62%,N/A
"Law, Gov't & Politics (Legacy)",Travel,United States,415,$17.81  ~ $20.05 ,$18.39 ,N/A,0.10%,74.78%,N/A
"Law, Gov't & Politics (Legacy)",Large Animals,United States,13,$16.86  ~ $16.86 ,N/A,N/A,N/A,73.69%,N/A
"Law, Gov't & Politics (Legacy)",Nutrition,United States,"1,104",$18.13  ~ $18.13 ,$8.05 ,N/A,0.23%,70.55%,N/A
"Law, Gov't & Politics (Legacy)",Cold & Flu,United States,338,$11.06  ~ $25.00 ,$20.61 ,N/A,0.05%,71.98%,N/A
"Law, Gov't & Politics (Legacy)",Adult Education,United States,3,$5.84  ~ $21.13 ,N/A,N/A,N/A,67.96%,N/A
"Law, Gov't & Politics (Legacy)",Credit/Debt & Loans,United States,267,$14.40  ~ $24.57 ,$24.19 ,N/A,0.06%,73.60%,N/A
"Law, Gov't & Politics (Legacy)",Cancer,United States,5,$46.75  ~ $46.75 ,N/A,N/A,N/A,75.65%,N/A
"Law, Gov't & Politics (Legacy)",Dining Out,United States,"1,545",$16.42  ~ $16.42 ,$45.67 ,N/A,0.04%,78.78%,N/A
"Law, Gov't & Politics (Legacy)",Real Estate,United States,"1,134",$14.09  ~ $14.10 ,$25.92 ,N/A,0.05%,72.06%,N/A
"Law, Gov't & Politics (Legacy)",Couponing,United States,111,$1.30  ~ $1.30 ,$2.58 ,N/A,0.05%,80.93%,N/A
"Law, Gov't & Politics (Legacy)",Advertising,United States,738,$9.79  ~ $17.92 ,$45.42 ,N/A,0.02%,72.29%,N/A
"Law, Gov't & Politics (Legacy)",Advertising,Canada,2,$15.57  ~ $16.09 ,$16.52 ,N/A,0.09%,69.21%,N/A
"Law, Gov't & Politics (Legacy)",Personal Finance,United States,"8,669",$15.45  ~ $16.56 ,$12.33 ,N/A,0.13%,63.78%,N/A
"Law, Gov't & Politics (Legacy)",Personal Finance,Canada,2,$18.46  ~ $44.37 ,$19.02 ,N/A,0.10%,72.56%,N/A
"Law, Gov't & Politics (Legacy)",Automotive,United States,120,$9.15  ~ $9.49 ,$24.84 ,N/A,0.04%,72.50%,N/A
"Law, Gov't & Politics (Legacy)",Construction,United States,2,$13.95  ~ $15.40 ,$35.36 ,N/A,0.04%,77.14%,N/A
"Law, Gov't & Politics (Legacy)",Remodeling & Construction,United States,199,$19.36  ~ $19.36 ,$111.47 ,N/A,0.02%,94.00%,N/A
"Law, Gov't & Politics (Legacy)",Business,Canada,74,$3.98  ~ $4.27 ,$7.27 ,N/A,0.05%,76.47%,N/A
"Law, Gov't & Politics (Legacy)",Business,United States,"7,156",$10.44  ~ $11.48 ,$20.67 ,N/A,0.05%,72.05%,N/A
"Law, Gov't & Politics (Legacy)",Pro Basketball,Canada,2,$6.29  ~ $12.28 ,$26.60 ,N/A,0.05%,88.91%,N/A
"Law, Gov't & Politics (Legacy)",Pro Basketball,United States,5,$17.87  ~ $17.87 ,$28.61 ,N/A,0.06%,53.71%,N/A
"Law, Gov't & Politics (Legacy)",Politics,United States,"7,255",$20.43  ~ $20.89 ,$30.63 ,N/A,0.07%,61.62%,N/A
"Law, Gov't & Politics (Legacy)",Alternative Medicine,United States,96,$18.41  ~ $19.14 ,$29.47 ,N/A,0.06%,64.74%,N/A
"Law, Gov't & Politics (Legacy)",Buying/Selling Homes,United States,40,$14.93  ~ $18.94 ,$58.28 ,N/A,0.03%,53.40%,N/A
"Law, Gov't & Politics (Legacy)",Card Games,United States,178,$26.70  ~ $27.43 ,$47.08 ,N/A,0.06%,80.92%,N/A
"Law, Gov't & Politics (Legacy)",Investing,United States,805,$0.87  ~ $0.87 ,$13.42 ,N/A,0.01%,67.07%,N/A
"Law, Gov't & Politics (Legacy)",Adventure Travel,United States,19,$7.04  ~ $34.92 ,N/A,N/A,N/A,83.53%,N/A
"Law, Gov't & Politics (Legacy)",Logistics,Canada,57,$9.41  ~ $22.71 ,$13.30 ,N/A,0.17%,77.22%,N/A
"Law, Gov't & Politics (Legacy)",Logistics,United States,362,$17.48  ~ $18.29 ,$23.08 ,N/A,0.08%,72.38%,N/A
"Law, Gov't & Politics (Legacy)",Home Repair,United States,811,$16.90  ~ $16.92 ,$91.45 ,N/A,0.02%,74.28%,N/A
"Law, Gov't & Politics (Legacy)",Psychology/Psychiatry,United States,"1,652",$9.47  ~ $9.83 ,$15.22 ,N/A,0.06%,63.65%,N/A
"Law, Gov't & Politics (Legacy)",Hotels,United States,525,$7.58  ~ $15.99 ,$28.69 ,N/A,0.06%,77.09%,N/A
"Law, Gov't & Politics (Legacy)",Hotels,Canada,1,$1.48  ~ $1.48 ,N/A,N/A,N/A,76.71%,N/A
"Law, Gov't & Politics (Legacy)",Commentary,United States,198,$18.48  ~ $18.95 ,$61.38 ,N/A,0.03%,36.83%,N/A
"Law, Gov't & Politics (Legacy)",Infertility,United States,2,$6.44  ~ $6.48 ,N/A,N/A,N/A,88.61%,N/A
"Law, Gov't & Politics (Legacy)",Veterinary Medicine,United States,8,$2.96  ~ $2.96 ,N/A,N/A,N/A,90.40%,N/A
"Law, Gov't & Politics (Legacy)",Private School,United States,46,$16.19  ~ $39.30 ,N/A,N/A,N/A,70.20%,N/A
"Law, Gov't & Politics (Legacy)",Honeymoons/Getaways,Canada,50,$20.60  ~ $20.60 ,$13.49 ,N/A,0.15%,42.00%,N/A
"Law, Gov't & Politics (Legacy)",Honeymoons/Getaways,United States,69,$19.19  ~ $32.34 ,$38.52 ,N/A,0.08%,61.45%,N/A
"Law, Gov't & Politics (Legacy)",Arts & Entertainment,Canada,14,$1.30  ~ $13.41 ,$20.89 ,N/A,0.06%,76.59%,N/A
"Law, Gov't & Politics (Legacy)",Arts & Entertainment,United States,96,$18.18  ~ $18.33 ,$25.23 ,N/A,0.07%,72.72%,N/A
"Law, Gov't & Politics (Legacy)",Health/Lowfat Cooking,Canada,23,$18.62  ~ $43.64 ,$11.60 ,N/A,0.16%,86.54%,N/A
"Law, Gov't & Politics (Legacy)",Health/Lowfat Cooking,United States,369,$16.36  ~ $16.46 ,$25.47 ,N/A,0.06%,74.52%,N/A
"Law, Gov't & Politics (Legacy)",Agriculture,Canada,2,$18.19  ~ $18.19 ,$19.62 ,N/A,0.09%,84.24%,N/A
"Law, Gov't & Politics (Legacy)",Agriculture,United States,1,$4.62  ~ $4.77 ,N/A,N/A,N/A,89.12%,N/A
"Law, Gov't & Politics (Legacy)",Education,United States,"4,436",$14.89  ~ $15.78 ,$36.82 ,N/A,0.04%,72.65%,N/A
"Law, Gov't & Politics (Legacy)",Education,Canada,1,$3.27  ~ $7.36 ,N/A,N/A,N/A,81.85%,N/A
"Law, Gov't & Politics (Legacy)",Interior Decorating,United States,"1,003",$7.75  ~ $9.51 ,$11.49 ,N/A,0.07%,71.81%,N/A
"Law, Gov't & Politics (Legacy)",Theme Parks,United States,21,$38.89  ~ $53.63 ,N/A,N/A,N/A,81.10%,N/A
"Law, Gov't & Politics (Legacy)",Hobbies & Interests,United States,189,$11.82  ~ $15.60 ,$19.99 ,N/A,0.06%,73.88%,N/A
"Law, Gov't & Politics (Legacy)",News,Canada,36,$13.90  ~ $13.97 ,$17.20 ,N/A,0.08%,65.38%,N/A
"Law, Gov't & Politics (Legacy)",News,United States,212,$10.20  ~ $12.69 ,$34.96 ,N/A,0.04%,74.44%,N/A
"Law, Gov't & Politics (Legacy)",Cruises,United States,71,$13.04  ~ $13.04 ,$40.23 ,N/A,0.03%,79.89%,N/A
"Law, Gov't & Politics (Legacy)",Senior Living,United States,221,$3.85  ~ $4.38 ,$11.14 ,N/A,0.04%,70.35%,N/A
"Law, Gov't & Politics (Legacy)",Cigars,United States,1,$18.03  ~ $18.03 ,$23.00 ,N/A,0.08%,52.11%,N/A
"Law, Gov't & Politics (Legacy)",Exercise,United States,1,$20.48  ~ $20.48 ,N/A,N/A,N/A,76.72%,N/A
"Law, Gov't & Politics (Legacy)",Books & Literature,United States,4,$18.20  ~ $18.20 ,$7.82 ,N/A,0.23%,78.35%,N/A
"Law, Gov't & Politics (Legacy)",Contests & Freebies,United States,7,$2.57  ~ $2.57 ,N/A,N/A,N/A,52.72%,N/A
"Law, Gov't & Politics (Legacy)",Pro Ice Hockey,Canada,9,$15.95  ~ $35.61 ,$24.62 ,N/A,0.06%,79.62%,N/A
"Law, Gov't & Politics (Legacy)",Auto Repair,United States,334,$15.42  ~ $16.23 ,$29.83 ,N/A,0.05%,73.03%,N/A
"Law, Gov't & Politics (Legacy)",Careers,Canada,1,$13.00  ~ $13.00 ,N/A,N/A,N/A,65.06%,N/A
"Law, Gov't & Politics (Legacy)",Careers,United States,296,$16.44  ~ $22.34 ,$29.83 ,N/A,0.06%,73.69%,N/A
"Law, Gov't & Politics (Legacy)",Graduate School,United States,"1,112",$13.26  ~ $13.33 ,$18.80 ,N/A,0.07%,74.33%,N/A
"Law, Gov't & Politics (Legacy)",Health & Fitness,United States,"5,740",$12.03  ~ $14.65 ,$22.96 ,N/A,0.06%,79.27%,N/A
"Law, Gov't & Politics (Legacy)",Health & Fitness,Canada,37,$10.84  ~ $24.00 ,$17.00 ,N/A,0.06%,68.89%,N/A
"Law, Gov't & Politics (Legacy)",Pediatrics,United States,72,$12.98  ~ $20.92 ,$13.18 ,N/A,0.10%,71.33%,N/A
"Law, Gov't & Politics (Legacy)",Metals,United States,"1,066",$7.10  ~ $13.25 ,$33.76 ,N/A,0.02%,82.74%,N/A
"Law, Gov't & Politics (Legacy)",Metals,Canada,7,$20.38  ~ $25.97 ,$37.06 ,N/A,0.05%,72.97%,N/A
"Law, Gov't & Politics (Legacy)",Mutual Funds,United States,"1,111",$18.56  ~ $18.56 ,$21.36 ,N/A,0.09%,70.36%,N/A
"Law, Gov't & Politics (Legacy)",By US Locale,United States,14,$18.47  ~ $45.05 ,N/A,N/A,N/A,82.25%,N/A
"Law, Gov't & Politics (Legacy)",Computer Peripherals,United States,24,$2.96  ~ $2.96 ,$25.11 ,N/A,0.01%,58.03%,N/A
"Law, Gov't & Politics (Legacy)",College,Canada,6,$4.85  ~ $4.85 ,$9.83 ,N/A,0.05%,70.19%,N/A
"Law, Gov't & Politics (Legacy)",College,United States,285,$11.51  ~ $14.30 ,$34.16 ,N/A,0.04%,66.23%,N/A
"Law, Gov't & Politics (Legacy)","Law, Gov't & Politics",United States,529,$21.49  ~ $24.69 ,$2.91 ,N/A,0.85%,68.86%,N/A
"Law, Gov't & Politics (Legacy)",Family & Parenting,United States,362,$7.47  ~ $7.75 ,$31.23 ,N/A,0.02%,64.00%,N/A
"Law, Gov't & Politics (Legacy)",Weight Loss,United States,74,$11.50  ~ $11.50 ,$40.10 ,N/A,0.03%,84.38%,N/A
"Law, Gov't & Politics (Legacy)",Gardening,United States,67,$15.64  ~ $15.64 ,$43.02 ,N/A,0.04%,62.62%,N/A
"Law, Gov't & Politics (Legacy)",Business Software,Canada,63,$17.24  ~ $17.27 ,$24.05 ,N/A,0.07%,72.06%,N/A
"Law, Gov't & Politics (Legacy)",Business Software,United States,"3,994",$15.06  ~ $16.47 ,$42.29 ,N/A,0.04%,75.93%,N/A
"Law, Gov't & Politics (Legacy)",Clothing,United States,164,$20.70  ~ $20.70 ,$34.03 ,N/A,0.06%,65.21%,N/A
"Law, Gov't & Politics (Legacy)",Clothing,Canada,32,$7.80  ~ $7.80 ,$13.47 ,N/A,0.06%,70.12%,N/A
"Law, Gov't & Politics (Legacy)",Sexuality,United States,4,$11.04  ~ $11.04 ,$7.76 ,N/A,0.14%,71.69%,N/A
"Law, Gov't & Politics (Legacy)",Human Resources,United States,375,$17.84  ~ $20.00 ,$37.77 ,N/A,0.05%,73.21%,N/A
"Law, Gov't & Politics (Legacy)",Catholicism,United States,1,$15.29  ~ $30.83 ,N/A,N/A,N/A,72.48%,N/A
"Law, Gov't & Politics (Legacy)",Chronic Pain,United States,30,$22.58  ~ $22.58 ,$25.74 ,N/A,0.09%,70.34%,N/A
"Law, Gov't & Politics (Legacy)",Senor Health,United States,57,$18.21  ~ $18.21 ,$23.08 ,N/A,0.08%,76.70%,N/A
"Law, Gov't & Politics (Legacy)",Computer Networking,United States,24,$0.00  ~ $0.00 ,N/A,N/A,N/A,N/A,N/A
"Law, Gov't & Politics (Legacy)",Birdwatching,United States,2,$0.00  ~ $0.00 ,N/A,N/A,N/A,N/A,N/A
"Law, Gov't & Politics (Legacy)",Jewelry,United States,2,$0.00  ~ $0.00 ,N/A,N/A,N/A,N/A,N/A
"Law, Gov't & Politics (Legacy)",Beauty,United States,1,$0.00  ~ $0.00 ,N/A,N/A,N/A,N/A,N/A
"Law, Gov't & Politics (Legacy)",Canada,Canada,25,$0.00  ~ $0.00 ,N/A,N/A,N/A,N/A,N/A
News (Legacy),Legal Issues,Canada,8,$19.37  ~ $19.42 ,$11.37 ,N/A,0.17%,74.20%,N/A
News (Legacy),Legal Issues,United States,"17,469",$18.13  ~ $18.16 ,$50.72 ,N/A,0.04%,65.93%,N/A
News (Legacy),Home Repair,United States,"8,228",$17.43  ~ $17.51 ,$60.80 ,N/A,0.03%,72.09%,N/A
News (Legacy),Apartments,United States,2,$13.34  ~ $13.34 ,$49.09 ,N/A,0.03%,82.89%,N/A
News (Legacy),Arts & Entertainment,Canada,69,$0.80  ~ $14.36 ,$24.11 ,N/A,0.06%,72.95%,N/A
News (Legacy),Arts & Entertainment,United States,"4,419",$18.43  ~ $20.92 ,$44.61 ,N/A,0.04%,67.23%,N/A
News (Legacy),Pro Basketball,Canada,6,$6.31  ~ $12.68 ,$47.62 ,N/A,0.03%,75.80%,N/A
News (Legacy),Pro Basketball,United States,45,$18.28  ~ $18.28 ,$40.28 ,N/A,0.05%,55.98%,N/A
News (Legacy),Nutrition,United States,"57,177",$18.24  ~ $18.24 ,$14.35 ,N/A,0.13%,60.60%,N/A
News (Legacy),Gardening,United States,117,$15.46  ~ $15.46 ,$49.37 ,N/A,0.03%,60.47%,N/A
News (Legacy),Hobbies & Interests,United States,"5,889",$13.78  ~ $15.86 ,$55.97 ,N/A,0.02%,65.88%,N/A
News (Legacy),Books & Literature,United States,500,$18.19  ~ $18.19 ,$43.42 ,N/A,0.04%,82.39%,N/A
News (Legacy),Internet Technology,United States,3,$6.59  ~ $6.59 ,N/A,N/A,N/A,75.17%,N/A
News (Legacy),Agriculture,Canada,5,$17.69  ~ $17.69 ,$27.91 ,N/A,0.06%,80.04%,N/A
News (Legacy),Agriculture,United States,36,$3.04  ~ $3.19 ,$48.17 ,N/A,0.01%,90.02%,N/A
News (Legacy),Music,United States,"1,166",$7.66  ~ $16.71 ,$29.91 ,N/A,0.03%,63.81%,N/A
News (Legacy),Large Animals,United States,40,$15.43  ~ $15.43 ,N/A,N/A,N/A,74.51%,N/A
News (Legacy),Hotels,United States,"5,404",$6.30  ~ $16.86 ,$63.02 ,N/A,0.03%,73.00%,N/A
News (Legacy),Green Solutions,United States,653,$17.71  ~ $17.71 ,$55.79 ,N/A,0.03%,66.87%,N/A
News (Legacy),Infertility,United States,92,$6.45  ~ $6.47 ,$231.81 ,N/A,0.00%,93.12%,N/A
News (Legacy),Fine Art,Canada,1,$16.38  ~ $16.38 ,$35.31 ,N/A,0.05%,60.03%,N/A
News (Legacy),Fine Art,United States,"2,578",$7.31  ~ $7.31 ,$27.06 ,N/A,0.03%,62.77%,N/A
News (Legacy),Pets,United States,707,$15.50  ~ $35.08 ,$74.64 ,N/A,0.02%,77.81%,N/A
News (Legacy),Logistics,Canada,362,$4.02  ~ $20.98 ,$30.66 ,N/A,0.07%,73.28%,N/A
News (Legacy),Logistics,United States,"3,630",$16.79  ~ $17.57 ,$103.42 ,N/A,0.02%,71.34%,N/A
News (Legacy),Dogs,United States,434,$26.51  ~ $26.59 ,N/A,N/A,N/A,85.68%,N/A
News (Legacy),Dogs,Canada,129,$10.93  ~ $16.11 ,$16.75 ,N/A,0.10%,81.27%,N/A
News (Legacy),Family & Parenting,United States,"3,204",$8.59  ~ $8.78 ,$38.35 ,N/A,0.02%,63.03%,N/A
News (Legacy),Adventure Travel,United States,666,$8.42  ~ $35.44 ,$47.87 ,N/A,0.02%,83.57%,N/A
News (Legacy),Adult Education,United States,10,$6.09  ~ $19.62 ,$33.50 ,N/A,0.06%,60.12%,N/A
News (Legacy),Contests & Freebies,United States,161,$2.40  ~ $2.40 ,N/A,N/A,N/A,60.28%,N/A
News (Legacy),Catholicism,United States,122,$16.19  ~ $34.10 ,$93.02 ,N/A,0.02%,71.76%,N/A
News (Legacy),Video & Computer Games,United States,1,$17.02  ~ $17.02 ,N/A,N/A,N/A,81.78%,N/A
News (Legacy),Advertising,Canada,2,$15.46  ~ $15.68 ,$31.93 ,N/A,0.05%,69.98%,N/A
News (Legacy),Advertising,United States,"6,182",$9.56  ~ $19.66 ,$42.66 ,N/A,0.02%,79.20%,N/A
News (Legacy),Senior Living,United States,"3,912",$3.77  ~ $4.23 ,$15.47 ,N/A,0.03%,71.41%,N/A
News (Legacy),Human Resources,United States,396,$16.96  ~ $22.75 ,$59.03 ,N/A,0.03%,67.98%,N/A
News (Legacy),Clothing,United States,941,$20.90  ~ $20.90 ,$63.88 ,N/A,0.03%,59.30%,N/A
News (Legacy),Clothing,Canada,52,$7.37  ~ $7.37 ,$7.77 ,N/A,0.09%,69.97%,N/A
News (Legacy),Cocktails/Beer,United States,"6,159",$20.68  ~ $20.68 ,$99.75 ,N/A,0.02%,83.02%,N/A
News (Legacy),Senor Health,United States,"1,611",$18.33  ~ $18.33 ,$53.83 ,N/A,0.03%,67.68%,N/A
News (Legacy),Business Software,Canada,87,$18.40  ~ $18.41 ,$32.14 ,N/A,0.06%,71.47%,N/A
News (Legacy),Business Software,United States,"27,748",$14.01  ~ $15.25 ,$82.54 ,N/A,0.02%,75.12%,N/A
News (Legacy),Dining Out,United States,"31,872",$16.42  ~ $16.42 ,$66.44 ,N/A,0.02%,77.71%,N/A
News (Legacy),Auto Repair,United States,"1,422",$14.47  ~ $15.60 ,$34.58 ,N/A,0.04%,70.81%,N/A
News (Legacy),News,Canada,233,$14.63  ~ $15.20 ,$21.77 ,N/A,0.07%,71.23%,N/A
News (Legacy),News,United States,"5,010",$12.00  ~ $14.21 ,$51.57 ,N/A,0.03%,67.56%,N/A
News (Legacy),Construction,United States,97,$14.01  ~ $15.33 ,$100.68 ,N/A,0.02%,71.54%,N/A
News (Legacy),Buying/Selling Homes,United States,899,$17.83  ~ $19.02 ,$61.53 ,N/A,0.03%,53.11%,N/A
News (Legacy),Investors & Patents,United States,7,$77.79  ~ $77.79 ,$210.81 ,N/A,0.04%,31.99%,N/A
News (Legacy),Physical Therapy,United States,3,$10.21  ~ $10.21 ,N/A,N/A,N/A,46.15%,N/A
News (Legacy),Biotech/Biomedical,Canada,17,$18.49  ~ $41.10 ,N/A,N/A,N/A,87.02%,N/A
News (Legacy),Biotech/Biomedical,United States,"29,785",$13.45  ~ $31.68 ,$53.03 ,N/A,0.03%,74.38%,N/A
News (Legacy),Auto Parts,United States,"1,505",$7.79  ~ $7.79 ,$28.21 ,N/A,0.03%,84.36%,N/A
News (Legacy),Food & Drink,United States,"19,306",$8.76  ~ $11.93 ,$85.87 ,N/A,0.01%,82.86%,N/A
News (Legacy),Weight Loss,United States,949,$12.45  ~ $12.45 ,$59.49 ,N/A,0.02%,80.30%,N/A
News (Legacy),Accessories,United States,"1,639",$19.13  ~ $19.25 ,$90.87 ,N/A,0.02%,71.40%,N/A
News (Legacy),Veterinary Medicine,United States,"1,627",$5.77  ~ $5.77 ,$92.19 ,N/A,0.01%,85.90%,N/A
News (Legacy),Dental Care,United States,90,$3.93  ~ $4.43 ,$13.23 ,N/A,0.03%,50.58%,N/A
News (Legacy),Shopping,Canada,25,$5.18  ~ $11.61 ,$13.94 ,N/A,0.04%,80.61%,N/A
News (Legacy),Shopping,United States,"12,878",$10.46  ~ $12.44 ,$45.18 ,N/A,0.02%,73.68%,N/A
News (Legacy),Careers,United States,"3,773",$18.22  ~ $25.02 ,$21.27 ,N/A,0.09%,66.37%,N/A
News (Legacy),Careers,Canada,3,$13.38  ~ $13.38 ,$82.80 ,N/A,0.02%,65.60%,N/A
News (Legacy),Couponing,United States,971,$1.71  ~ $1.71 ,$3.62 ,N/A,0.05%,78.55%,N/A
News (Legacy),Job Search,United States,736,$13.67  ~ $13.67 ,$84.43 ,N/A,0.02%,79.01%,N/A
News (Legacy),Parenting - K-6 Kids,United States,13,$18.38  ~ $18.38 ,N/A,N/A,N/A,63.52%,N/A
News (Legacy),Cold & Flu,United States,"5,180",$11.10  ~ $24.82 ,$34.56 ,N/A,0.03%,65.89%,N/A
News (Legacy),Incest/Abuse Support,United States,"7,387",$20.48  ~ $20.48 ,$52.80 ,N/A,0.04%,70.72%,N/A
News (Legacy),Home & Garden,United States,"57,152",$8.42  ~ $15.08 ,$20.91 ,N/A,0.04%,68.62%,N/A
News (Legacy),Real Estate,United States,"3,050",$12.78  ~ $12.78 ,$38.44 ,N/A,0.03%,71.08%,N/A
News (Legacy),Credit/Debt & Loans,United States,"2,586",$15.01  ~ $24.94 ,$43.08 ,N/A,0.03%,68.13%,N/A
News (Legacy),Health & Fitness,United States,"47,923",$11.88  ~ $14.77 ,$51.19 ,N/A,0.03%,70.71%,N/A
News (Legacy),Health & Fitness,Canada,88,$8.61  ~ $18.54 ,$9.95 ,N/A,0.09%,64.57%,N/A
News (Legacy),Card Games,United States,"4,231",$29.29  ~ $33.06 ,$76.29 ,N/A,0.04%,78.56%,N/A
News (Legacy),Cigars,United States,2,$17.66  ~ $17.66 ,$32.41 ,N/A,0.05%,52.00%,N/A
News (Legacy),Exercise,United States,134,$20.67  ~ $20.67 ,N/A,N/A,N/A,76.85%,N/A
News (Legacy),Computer Peripherals,United States,"2,047",$3.32  ~ $3.32 ,$23.30 ,N/A,0.01%,67.95%,N/A
News (Legacy),Pro Ice Hockey,Canada,20,$15.94  ~ $33.07 ,$20.32 ,N/A,0.08%,72.52%,N/A
News (Legacy),Business,United States,"94,599",$11.22  ~ $11.67 ,$26.10 ,N/A,0.04%,71.14%,N/A
News (Legacy),Business,Canada,153,$3.18  ~ $3.87 ,$17.26 ,N/A,0.02%,81.42%,N/A
News (Legacy),"Law, Gov't & Politics",United States,"5,810",$22.12  ~ $26.95 ,$30.43 ,N/A,0.09%,63.26%,N/A
News (Legacy),Pediatrics,United States,"1,670",$13.64  ~ $20.87 ,$37.00 ,N/A,0.04%,68.08%,N/A
News (Legacy),Metals,United States,"4,837",$7.23  ~ $13.95 ,$34.75 ,N/A,0.02%,81.14%,N/A
News (Legacy),Metals,Canada,26,$18.80  ~ $25.50 ,$37.62 ,N/A,0.05%,76.28%,N/A
News (Legacy),Remodeling & Construction,United States,"4,353",$18.88  ~ $18.88 ,$105.45 ,N/A,0.02%,88.71%,N/A
News (Legacy),Theme Parks,United States,108,$38.63  ~ $54.43 ,N/A,N/A,N/A,64.79%,N/A
News (Legacy),U.S. Government Resources,United States,449,$18.27  ~ $18.27 ,$46.24 ,N/A,0.04%,63.61%,N/A
News (Legacy),Buying/Selling Cars,United States,"5,714",$15.91  ~ $15.91 ,$58.45 ,N/A,0.03%,71.59%,N/A
News (Legacy),Automotive,United States,"2,197",$8.08  ~ $8.20 ,$36.30 ,N/A,0.02%,69.04%,N/A
News (Legacy),Education,United States,"13,856",$16.12  ~ $18.62 ,$51.52 ,N/A,0.03%,71.86%,N/A
News (Legacy),Education,Canada,N/A,$1.56  ~ $3.22 ,$4.39 ,N/A,0.04%,87.15%,N/A
News (Legacy),Psychology/Psychiatry,United States,"34,704",$9.76  ~ $9.94 ,$30.40 ,N/A,0.03%,70.09%,N/A
News (Legacy),Alternative Medicine,United States,"5,819",$17.90  ~ $19.21 ,$38.87 ,N/A,0.05%,64.26%,N/A
News (Legacy),Cancer,Canada,2,$18.31  ~ $38.28 ,$28.05 ,N/A,0.07%,81.94%,N/A
News (Legacy),Cancer,United States,183,$48.18  ~ $48.18 ,N/A,N/A,N/A,82.51%,N/A
News (Legacy),Mutual Funds,United States,"1,526",$18.37  ~ $18.37 ,$15.75 ,N/A,0.12%,55.64%,N/A
News (Legacy),Cruises,United States,988,$16.80  ~ $16.80 ,$102.77 ,N/A,0.02%,75.53%,N/A
News (Legacy),Interior Decorating,United States,"14,586",$7.96  ~ $9.04 ,$13.63 ,N/A,0.06%,70.27%,N/A
News (Legacy),Chronic Pain,United States,742,$22.69  ~ $22.69 ,$267.22 ,N/A,0.01%,76.75%,N/A
News (Legacy),Sexuality,United States,143,$11.04  ~ $11.04 ,$14.41 ,N/A,0.08%,70.15%,N/A
News (Legacy),Honeymoons/Getaways,Canada,121,$20.07  ~ $20.07 ,$16.94 ,N/A,0.12%,39.10%,N/A
News (Legacy),Honeymoons/Getaways,United States,"1,480",$33.68  ~ $33.70 ,$58.58 ,N/A,0.06%,51.87%,N/A
News (Legacy),Travel,Canada,36,$15.57  ~ $18.69 ,$18.42 ,N/A,0.10%,78.57%,N/A
News (Legacy),Travel,United States,"7,473",$15.12  ~ $19.30 ,$33.42 ,N/A,0.05%,77.79%,N/A
News (Legacy),Insurance,Canada,47,$17.46  ~ $17.46 ,$44.36 ,N/A,0.04%,70.99%,N/A
News (Legacy),Insurance,United States,"7,443",$31.21  ~ $32.33 ,$56.97 ,N/A,0.05%,61.55%,N/A
News (Legacy),Graduate School,United States,"1,984",$18.22  ~ $18.27 ,$61.18 ,N/A,0.03%,67.11%,N/A
News (Legacy),Private School,United States,610,$15.79  ~ $33.67 ,$163.15 ,N/A,0.01%,66.25%,N/A
News (Legacy),Weddings,United States,208,$18.91  ~ $18.91 ,N/A,N/A,N/A,83.75%,N/A
News (Legacy),College,Canada,25,$4.59  ~ $4.59 ,$18.08 ,N/A,0.03%,71.13%,N/A
News (Legacy),College,United States,"1,922",$12.12  ~ $14.65 ,$96.07 ,N/A,0.02%,55.86%,N/A
News (Legacy),K-6 Educators,United States,527,$13.25  ~ $13.25 ,$125.82 ,N/A,0.01%,52.70%,N/A
News (Legacy),Politics,United States,"85,475",$21.55  ~ $22.22 ,$48.21 ,N/A,0.04%,59.36%,N/A
News (Legacy),Personal Finance,United States,"21,894",$14.99  ~ $16.25 ,$14.18 ,N/A,0.11%,55.78%,N/A
News (Legacy),Personal Finance,Canada,26,$18.09  ~ $45.18 ,$15.92 ,N/A,0.11%,70.71%,N/A
News (Legacy),Investing,United States,"17,072",$0.80  ~ $0.80 ,$127.32 ,N/A,0.00%,75.92%,N/A
News (Legacy),By US Locale,United States,314,$19.18  ~ $46.69 ,N/A,N/A,N/A,89.09%,N/A
News (Legacy),Health/Lowfat Cooking,Canada,57,$18.45  ~ $38.52 ,N/A,N/A,N/A,82.71%,N/A
News (Legacy),Health/Lowfat Cooking,United States,"5,856",$16.18  ~ $16.28 ,$50.41 ,N/A,0.03%,75.19%,N/A
News (Legacy),Comparison,United States,23,$2.56  ~ $2.56 ,N/A,N/A,N/A,61.01%,N/A
News (Legacy),Commentary,United States,353,$16.92  ~ $18.12 ,$74.13 ,N/A,0.02%,39.89%,N/A
News (Legacy),Career Planning,United States,428,$13.71  ~ $13.76 ,$39.14 ,N/A,0.04%,44.22%,N/A
News (Legacy),Motorcycles,United States,1,$0.00  ~ $0.00 ,N/A,N/A,N/A,N/A,N/A
News (Legacy),Cameras & Camcorders,United States,26,$0.00  ~ $0.00 ,N/A,N/A,N/A,N/A,N/A
News (Legacy),Road-Side Assistance,United States,4,$0.00  ~ $0.00 ,N/A,N/A,N/A,N/A,N/A
News (Legacy),Football,United States,4,$0.00  ~ $0.00 ,N/A,N/A,N/A,N/A,N/A
News (Legacy),Beauty,United States,5,$0.00  ~ $0.00 ,N/A,N/A,N/A,N/A,N/A
News (Legacy),Jewelry,United States,9,$0.00  ~ $0.00 ,N/A,N/A,N/A,N/A,N/A
News (Legacy),Canada,Canada,37,$0.00  ~ $0.00 ,N/A,N/A,N/A,N/A,N/A
News (Legacy),Appliances,United States,2,$0.00  ~ $0.00 ,N/A,N/A,N/A,N/A,N/A
News (Legacy),Birdwatching,United States,366,$0.00  ~ $0.00 ,N/A,N/A,N/A,N/A,N/A
News (Legacy),Desserts & Baking,United States,22,$0.00  ~ $0.00 ,N/A,N/A,N/A,N/A,N/A
News (Legacy),Art/Technology,United States,40,$0.00  ~ $0.00 ,N/A,N/A,N/A,N/A,N/A
News (Legacy),Trucks & Accessories,United States,5,$0.00  ~ $0.00 ,N/A,N/A,N/A,N/A,N/A
News (Legacy),Computer Networking,United States,757,$0.00  ~ $0.00 ,N/A,N/A,N/A,N/A,N/A
News (Legacy),Cell Phones,United States,1,$0.00  ~ $0.00 ,N/A,N/A,N/A,N/A,N/A
News (Legacy),Cuisine-Specific,United States,1,$0.00  ~ $0.00 ,N/A,N/A,N/A,N/A,N/A
Personal Finance (Legacy),Gardening,United States,11,$15.24  ~ $15.24 ,$39.84 ,N/A,0.04%,66.32%,N/A
Personal Finance (Legacy),Pediatrics,United States,7,$13.47  ~ $20.97 ,$9.62 ,N/A,0.14%,71.02%,N/A
Personal Finance (Legacy),Graduate School,United States,113,$14.63  ~ $14.65 ,$17.92 ,N/A,0.08%,73.31%,N/A
Personal Finance (Legacy),Job Search,United States,16,$11.90  ~ $11.90 ,$365.50 ,N/A,0.00%,77.44%,N/A
Personal Finance (Legacy),Hotels,United States,55,$8.18  ~ $16.87 ,$17.13 ,N/A,0.10%,74.47%,N/A
Personal Finance (Legacy),Accessories,United States,29,$20.70  ~ $20.94 ,$7.83 ,N/A,0.26%,76.87%,N/A
Personal Finance (Legacy),Investing,United States,56,$0.87  ~ $0.87 ,N/A,N/A,N/A,63.22%,N/A
Personal Finance (Legacy),Senor Health,United States,25,$17.97  ~ $17.97 ,$34.09 ,N/A,0.05%,78.57%,N/A
Personal Finance (Legacy),Health/Lowfat Cooking,United States,123,$16.45  ~ $16.53 ,$15.27 ,N/A,0.11%,72.27%,N/A
Personal Finance (Legacy),Health/Lowfat Cooking,Canada,5,$18.52  ~ $41.88 ,N/A,N/A,N/A,92.50%,N/A
Personal Finance (Legacy),Computer Peripherals,United States,"1,636",$8.74  ~ $8.74 ,$64.99 ,N/A,0.01%,70.39%,N/A
Personal Finance (Legacy),Arts & Entertainment,Canada,2,$0.59  ~ $14.71 ,$100.47 ,N/A,0.01%,82.27%,N/A
Personal Finance (Legacy),Arts & Entertainment,United States,49,$19.91  ~ $21.38 ,$40.85 ,N/A,0.05%,73.09%,N/A
Personal Finance (Legacy),Advertising,United States,61,$10.53  ~ $20.15 ,$121.17 ,N/A,0.01%,70.76%,N/A
Personal Finance (Legacy),Politics,United States,760,$21.50  ~ $21.81 ,$26.97 ,N/A,0.08%,69.75%,N/A
Personal Finance (Legacy),Remodeling & Construction,United States,378,$19.49  ~ $19.49 ,$114.40 ,N/A,0.02%,94.40%,N/A
Personal Finance (Legacy),Green Solutions,United States,27,$19.38  ~ $19.38 ,$17.73 ,N/A,0.11%,76.10%,N/A
Personal Finance (Legacy),Home & Garden,United States,733,$7.60  ~ $8.22 ,$17.91 ,N/A,0.05%,72.57%,N/A
Personal Finance (Legacy),Logistics,Canada,50,$2.68  ~ $23.76 ,$38.69 ,N/A,0.06%,83.17%,N/A
Personal Finance (Legacy),Logistics,United States,31,$21.86  ~ $22.60 ,$18.93 ,N/A,0.12%,67.35%,N/A
Personal Finance (Legacy),Business Software,Canada,1,$13.78  ~ $13.89 ,N/A,N/A,N/A,72.05%,N/A
Personal Finance (Legacy),Business Software,United States,697,$15.05  ~ $16.88 ,$52.26 ,N/A,0.03%,75.31%,N/A
Personal Finance (Legacy),Insurance,Canada,3,$17.66  ~ $17.66 ,$53.68 ,N/A,0.03%,80.77%,N/A
Personal Finance (Legacy),Insurance,United States,290,$29.28  ~ $29.43 ,$46.78 ,N/A,0.06%,73.59%,N/A
Personal Finance (Legacy),Theme Parks,United States,6,$38.59  ~ $53.36 ,N/A,N/A,N/A,74.71%,N/A
Personal Finance (Legacy),Cocktails/Beer,United States,40,$21.38  ~ $21.38 ,N/A,N/A,N/A,75.96%,N/A
Personal Finance (Legacy),College,United States,47,$11.71  ~ $15.36 ,$34.37 ,N/A,0.04%,67.67%,N/A
Personal Finance (Legacy),College,Canada,2,$5.55  ~ $5.55 ,$11.66 ,N/A,0.05%,81.07%,N/A
Personal Finance (Legacy),Credit/Debt & Loans,United States,61,$16.62  ~ $26.40 ,$24.72 ,N/A,0.07%,72.61%,N/A
Personal Finance (Legacy),Personal Finance,Canada,2,$17.58  ~ $41.57 ,$24.98 ,N/A,0.07%,78.80%,N/A
Personal Finance (Legacy),Personal Finance,United States,"1,101",$14.95  ~ $16.56 ,$10.54 ,N/A,0.14%,62.58%,N/A
Personal Finance (Legacy),Weight Loss,United States,109,$10.82  ~ $10.82 ,N/A,N/A,N/A,85.28%,N/A
Personal Finance (Legacy),Clothing,Canada,12,$6.09  ~ $6.09 ,$18.82 ,N/A,0.03%,84.06%,N/A
Personal Finance (Legacy),Clothing,United States,11,$20.72  ~ $20.72 ,N/A,N/A,N/A,68.32%,N/A
Personal Finance (Legacy),News,Canada,37,$13.68  ~ $13.69 ,$24.61 ,N/A,0.06%,75.34%,N/A
Personal Finance (Legacy),News,United States,32,$13.67  ~ $15.25 ,$25.54 ,N/A,0.06%,70.59%,N/A
Personal Finance (Legacy),Education,United States,298,$18.09  ~ $18.52 ,$50.34 ,N/A,0.04%,63.62%,N/A
Personal Finance (Legacy),Incest/Abuse Support,United States,24,$20.69  ~ $20.69 ,$23.07 ,N/A,0.09%,74.25%,N/A
Personal Finance (Legacy),Auto Repair,United States,114,$15.95  ~ $16.49 ,$15.52 ,N/A,0.10%,74.04%,N/A
Personal Finance (Legacy),Family & Parenting,United States,76,$8.75  ~ $9.06 ,$21.88 ,N/A,0.04%,64.78%,N/A
Personal Finance (Legacy),Music,United States,20,$13.07  ~ $21.47 ,$22.34 ,N/A,0.06%,62.83%,N/A
Personal Finance (Legacy),Buying/Selling Homes,United States,4,$14.23  ~ $20.63 ,$9.51 ,N/A,0.22%,55.28%,N/A
Personal Finance (Legacy),Cold & Flu,United States,228,$11.94  ~ $28.11 ,$25.81 ,N/A,0.05%,72.23%,N/A
Personal Finance (Legacy),Business,Canada,44,$4.02  ~ $4.13 ,$17.38 ,N/A,0.02%,83.58%,N/A
Personal Finance (Legacy),Business,United States,"1,294",$19.48  ~ $20.76 ,$75.86 ,N/A,0.03%,80.42%,N/A
Personal Finance (Legacy),K-6 Educators,United States,8,$15.25  ~ $15.25 ,N/A,N/A,N/A,62.01%,N/A
Personal Finance (Legacy),Buying/Selling Cars,United States,49,$14.91  ~ $14.91 ,$64.10 ,N/A,0.02%,73.16%,N/A
Personal Finance (Legacy),Couponing,United States,40,$1.85  ~ $1.85 ,$3.51 ,N/A,0.05%,77.01%,N/A
Personal Finance (Legacy),Real Estate,United States,136,$15.67  ~ $15.68 ,$31.72 ,N/A,0.05%,62.97%,N/A
Personal Finance (Legacy),Nutrition,United States,343,$18.31  ~ $18.31 ,$7.28 ,N/A,0.25%,62.59%,N/A
Personal Finance (Legacy),By US Locale,United States,1,$18.24  ~ $44.12 ,N/A,N/A,N/A,79.31%,N/A
Personal Finance (Legacy),Agriculture,United States,2,$4.59  ~ $4.78 ,N/A,N/A,N/A,87.53%,N/A
Personal Finance (Legacy),"Law, Gov't & Politics",United States,22,$22.31  ~ $25.04 ,$8.69 ,N/A,0.29%,69.79%,N/A
Personal Finance (Legacy),Human Resources,United States,18,$18.48  ~ $21.53 ,N/A,N/A,N/A,77.03%,N/A
Personal Finance (Legacy),Private School,United States,3,$16.15  ~ $34.69 ,N/A,N/A,N/A,72.45%,N/A
Personal Finance (Legacy),Contests & Freebies,United States,10,$2.79  ~ $2.79 ,N/A,N/A,N/A,55.15%,N/A
Personal Finance (Legacy),Dogs,Canada,5,$11.17  ~ $17.09 ,N/A,N/A,N/A,87.66%,N/A
Personal Finance (Legacy),Dogs,United States,10,$26.70  ~ $27.66 ,N/A,N/A,N/A,78.97%,N/A
Personal Finance (Legacy),Cruises,United States,14,$13.53  ~ $13.53 ,$10.36 ,N/A,0.13%,81.93%,N/A
Personal Finance (Legacy),Home Repair,United States,58,$17.47  ~ $17.56 ,$24.46 ,N/A,0.07%,69.20%,N/A
Personal Finance (Legacy),Commentary,United States,2,$16.72  ~ $18.01 ,$66.70 ,N/A,0.03%,43.53%,N/A
Personal Finance (Legacy),U.S. Government Resources,United States,22,$18.55  ~ $18.55 ,N/A,N/A,N/A,69.68%,N/A
Personal Finance (Legacy),Fine Art,United States,9,$5.55  ~ $5.55 ,N/A,N/A,N/A,86.14%,N/A
Personal Finance (Legacy),Dining Out,United States,243,$16.77  ~ $16.77 ,$35.48 ,N/A,0.05%,81.79%,N/A
Personal Finance (Legacy),Books & Literature,United States,1,$18.22  ~ $18.22 ,N/A,N/A,N/A,81.55%,N/A
Personal Finance (Legacy),Chronic Pain,United States,1,$22.63  ~ $22.63 ,N/A,N/A,N/A,62.19%,N/A
Personal Finance (Legacy),Legal Issues,Canada,3,$17.02  ~ $17.04 ,$29.20 ,N/A,0.06%,78.20%,N/A
Personal Finance (Legacy),Legal Issues,United States,178,$18.13  ~ $18.45 ,$36.69 ,N/A,0.05%,65.02%,N/A
Personal Finance (Legacy),Travel,United States,58,$17.07  ~ $19.40 ,$15.39 ,N/A,0.11%,69.93%,N/A
Personal Finance (Legacy),Senior Living,United States,155,$4.51  ~ $5.04 ,$29.77 ,N/A,0.02%,61.93%,N/A
Personal Finance (Legacy),Careers,United States,9,$17.17  ~ $19.49 ,$88.78 ,N/A,0.02%,73.89%,N/A
Personal Finance (Legacy),Auto Parts,United States,174,$7.83  ~ $7.83 ,$8.55 ,N/A,0.09%,82.55%,N/A
Personal Finance (Legacy),Career Planning,United States,1,$16.10  ~ $16.12 ,$40.00 ,N/A,0.04%,57.24%,N/A
Personal Finance (Legacy),Biotech/Biomedical,Canada,3,$18.60  ~ $43.11 ,N/A,N/A,N/A,91.75%,N/A
Personal Finance (Legacy),Biotech/Biomedical,United States,442,$17.65  ~ $36.20 ,$48.10 ,N/A,0.04%,76.31%,N/A
Personal Finance (Legacy),Psychology/Psychiatry,United States,"1,159",$11.53  ~ $12.09 ,$17.50 ,N/A,0.07%,63.26%,N/A
Personal Finance (Legacy),Alternative Medicine,United States,11,$18.50  ~ $19.23 ,$27.38 ,N/A,0.07%,58.91%,N/A
Personal Finance (Legacy),Food & Drink,United States,73,$9.01  ~ $12.17 ,$50.57 ,N/A,0.02%,82.15%,N/A
Personal Finance (Legacy),Mutual Funds,United States,85,$18.70  ~ $18.70 ,$14.14 ,N/A,0.13%,68.88%,N/A
Personal Finance (Legacy),Card Games,United States,78,$28.59  ~ $29.31 ,$69.51 ,N/A,0.04%,79.95%,N/A
Personal Finance (Legacy),Hobbies & Interests,United States,132,$13.27  ~ $16.52 ,N/A,N/A,N/A,73.65%,N/A
Personal Finance (Legacy),Interior Decorating,United States,107,$9.27  ~ $12.33 ,$10.53 ,N/A,0.09%,69.97%,N/A
Personal Finance (Legacy),Honeymoons/Getaways,United States,20,$17.55  ~ $31.61 ,$35.65 ,N/A,0.09%,64.53%,N/A
Personal Finance (Legacy),Honeymoons/Getaways,Canada,21,$24.85  ~ $24.85 ,$19.95 ,N/A,0.12%,55.06%,N/A
Personal Finance (Legacy),Shopping,Canada,1,$6.13  ~ $11.53 ,$10.99 ,N/A,0.06%,79.17%,N/A
Personal Finance (Legacy),Shopping,United States,579,$13.69  ~ $13.99 ,$25.90 ,N/A,0.05%,75.24%,N/A
Personal Finance (Legacy),Automotive,United States,34,$9.20  ~ $9.20 ,$10.93 ,N/A,0.08%,69.06%,N/A
Personal Finance (Legacy),Metals,United States,169,$7.99  ~ $14.44 ,$38.54 ,N/A,0.02%,77.75%,N/A
Personal Finance (Legacy),Metals,Canada,10,$19.74  ~ $30.94 ,$49.61 ,N/A,0.04%,78.46%,N/A
Personal Finance (Legacy),Health & Fitness,United States,940,$14.00  ~ $15.06 ,$46.52 ,N/A,0.03%,78.38%,N/A
Personal Finance (Legacy),Health & Fitness,Canada,21,$7.79  ~ $17.07 ,$23.59 ,N/A,0.03%,70.84%,N/A
Personal Finance (Legacy),Birdwatching,United States,27,$0.00  ~ $0.00 ,N/A,N/A,N/A,N/A,N/A
Personal Finance (Legacy),Bed & Breakfasts,United States,14,$0.00  ~ $0.00 ,N/A,N/A,N/A,N/A,N/A
Personal Finance (Legacy),Computer Networking,United States,6,$0.00  ~ $0.00 ,N/A,N/A,N/A,N/A,N/A
Personal Finance (Legacy),Canada,Canada,7,$0.00  ~ $0.00 ,N/A,N/A,N/A,N/A,N/A
Pets (Legacy),Hotels,United States,157,$5.09  ~ $11.45 ,N/A,N/A,N/A,86.35%,N/A
Pets (Legacy),Hotels,Canada,2,$6.62  ~ $6.62 ,N/A,N/A,N/A,87.80%,N/A
Pets (Legacy),Nutrition,United States,23,$18.30  ~ $18.30 ,$9.26 ,N/A,0.20%,62.65%,N/A
Pets (Legacy),Cold & Flu,United States,130,$11.61  ~ $26.66 ,$16.70 ,N/A,0.07%,73.38%,N/A
Pets (Legacy),Investing,United States,5,$0.93  ~ $0.93 ,N/A,N/A,N/A,64.75%,N/A
Pets (Legacy),By US Locale,United States,5,$19.45  ~ $41.54 ,N/A,N/A,N/A,72.73%,N/A
Pets (Legacy),Interior Decorating,United States,22,$8.98  ~ $12.51 ,$13.25 ,N/A,0.07%,69.21%,N/A
Pets (Legacy),College,Canada,4,$4.98  ~ $4.98 ,$21.12 ,N/A,0.02%,78.88%,N/A
Pets (Legacy),College,United States,59,$11.69  ~ $14.37 ,$63.91 ,N/A,0.02%,71.80%,N/A
Pets (Legacy),Biotech/Biomedical,Canada,6,$18.57  ~ $38.86 ,N/A,N/A,N/A,90.41%,N/A
Pets (Legacy),Biotech/Biomedical,United States,264,$20.09  ~ $29.77 ,$25.45 ,N/A,0.08%,78.30%,N/A
Pets (Legacy),Senior Living,United States,77,$6.21  ~ $6.58 ,$21.68 ,N/A,0.03%,69.60%,N/A
Pets (Legacy),Cancer,United States,2,$46.31  ~ $46.31 ,N/A,N/A,N/A,72.67%,N/A
Pets (Legacy),Gardening,United States,3,$14.06  ~ $14.06 ,$14.59 ,N/A,0.10%,53.91%,N/A
Pets (Legacy),Hobbies & Interests,United States,109,$10.50  ~ $16.21 ,N/A,N/A,N/A,84.57%,N/A
Pets (Legacy),Weddings,United States,5,$18.90  ~ $18.90 ,N/A,N/A,N/A,75.42%,N/A
Pets (Legacy),Job Search,United States,48,$12.16  ~ $12.16 ,N/A,N/A,N/A,70.88%,N/A
Pets (Legacy),Mutual Funds,United States,137,$18.73  ~ $18.73 ,$9.77 ,N/A,0.19%,64.84%,N/A
Pets (Legacy),Music,United States,48,$17.18  ~ $22.25 ,N/A,N/A,N/A,77.00%,N/A
Pets (Legacy),Cocktails/Beer,United States,149,$23.01  ~ $23.01 ,N/A,N/A,N/A,77.01%,N/A
Pets (Legacy),News,Canada,56,$14.84  ~ $16.33 ,$28.49 ,N/A,0.05%,77.50%,N/A
Pets (Legacy),News,United States,63,$17.30  ~ $17.52 ,$42.05 ,N/A,0.04%,70.96%,N/A
Pets (Legacy),Theme Parks,United States,43,$45.07  ~ $52.47 ,N/A,N/A,N/A,76.21%,N/A
Pets (Legacy),Card Games,United States,402,$31.52  ~ $38.35 ,$166.21 ,N/A,0.02%,77.42%,N/A
Pets (Legacy),Senor Health,United States,16,$18.69  ~ $18.69 ,$18.18 ,N/A,0.10%,68.60%,N/A
Pets (Legacy),Home Repair,United States,141,$18.64  ~ $18.98 ,$30.86 ,N/A,0.06%,65.22%,N/A
Pets (Legacy),Honeymoons/Getaways,Canada,30,$25.42  ~ $25.42 ,$16.33 ,N/A,0.16%,54.38%,N/A
Pets (Legacy),Honeymoons/Getaways,United States,6,$18.86  ~ $30.34 ,$70.86 ,N/A,0.04%,69.32%,N/A
Pets (Legacy),Health/Lowfat Cooking,Canada,2,$18.53  ~ $46.29 ,N/A,N/A,N/A,94.06%,N/A
Pets (Legacy),Health/Lowfat Cooking,United States,59,$15.49  ~ $15.61 ,$59.45 ,N/A,0.03%,73.84%,N/A
Pets (Legacy),Advertising,Canada,1,$12.84  ~ $32.05 ,N/A,N/A,N/A,84.59%,N/A
Pets (Legacy),Advertising,United States,445,$8.84  ~ $19.48 ,$42.41 ,N/A,0.02%,75.37%,N/A
Pets (Legacy),Insurance,United States,275,$29.16  ~ $29.36 ,$82.14 ,N/A,0.04%,72.74%,N/A
Pets (Legacy),Credit/Debt & Loans,United States,98,$14.61  ~ $21.44 ,$23.75 ,N/A,0.06%,71.87%,N/A
Pets (Legacy),Large Animals,United States,14,$17.26  ~ $17.26 ,N/A,N/A,N/A,94.99%,N/A
Pets (Legacy),Business Software,Canada,53,$13.46  ~ $13.46 ,$40.72 ,N/A,0.03%,87.89%,N/A
Pets (Legacy),Business Software,United States,"1,857",$14.73  ~ $16.07 ,$138.04 ,N/A,0.01%,79.73%,N/A
Pets (Legacy),U.S. Government Resources,United States,177,$18.63  ~ $18.63 ,N/A,N/A,N/A,81.40%,N/A
Pets (Legacy),Cigars,United States,1,$18.11  ~ $18.11 ,$17.66 ,N/A,0.10%,55.79%,N/A
Pets (Legacy),Exercise,United States,3,$19.84  ~ $19.84 ,N/A,N/A,N/A,72.94%,N/A
Pets (Legacy),Auto Repair,United States,35,$13.18  ~ $31.70 ,N/A,N/A,N/A,88.96%,N/A
Pets (Legacy),Cruises,United States,13,$14.50  ~ $14.50 ,$21.77 ,N/A,0.07%,85.46%,N/A
Pets (Legacy),Human Resources,United States,8,$19.53  ~ $20.88 ,N/A,N/A,N/A,72.52%,N/A
Pets (Legacy),Home & Garden,United States,115,$8.48  ~ $9.10 ,$26.79 ,N/A,0.03%,72.92%,N/A
Pets (Legacy),K-6 Educators,United States,15,$16.69  ~ $16.69 ,N/A,N/A,N/A,66.99%,N/A
Pets (Legacy),Couponing,United States,80,$1.31  ~ $1.31 ,N/A,N/A,N/A,90.16%,N/A
Pets (Legacy),Agriculture,United States,2,$5.66  ~ $5.74 ,N/A,N/A,N/A,96.66%,N/A
Pets (Legacy),Books & Literature,United States,9,$18.14  ~ $18.14 ,N/A,N/A,N/A,78.95%,N/A
Pets (Legacy),Legal Issues,Canada,2,$18.54  ~ $18.59 ,N/A,N/A,N/A,79.36%,N/A
Pets (Legacy),Legal Issues,United States,294,$17.29  ~ $17.80 ,$32.59 ,N/A,0.05%,72.79%,N/A
Pets (Legacy),Shopping,Canada,47,$6.55  ~ $11.19 ,$16.75 ,N/A,0.04%,87.18%,N/A
Pets (Legacy),Shopping,United States,535,$11.54  ~ $12.82 ,$73.02 ,N/A,0.02%,79.17%,N/A
Pets (Legacy),Business,Canada,93,$1.89  ~ $3.41 ,$36.00 ,N/A,0.01%,93.77%,N/A
Pets (Legacy),Business,United States,"1,451",$8.10  ~ $8.56 ,$32.62 ,N/A,0.02%,84.40%,N/A
Pets (Legacy),Dogs,Canada,57,$11.16  ~ $18.29 ,N/A,N/A,N/A,91.86%,N/A
Pets (Legacy),Dogs,United States,17,$27.43  ~ $27.62 ,N/A,N/A,N/A,76.85%,N/A
Pets (Legacy),Travel,Canada,71,$15.02  ~ $15.66 ,N/A,N/A,N/A,93.66%,N/A
Pets (Legacy),Travel,United States,329,$15.47  ~ $18.64 ,$29.87 ,N/A,0.05%,78.56%,N/A
Pets (Legacy),Education,United States,233,$20.31  ~ $22.42 ,$51.10 ,N/A,0.04%,75.04%,N/A
Pets (Legacy),Incest/Abuse Support,United States,294,$18.37  ~ $18.37 ,$41.33 ,N/A,0.04%,70.62%,N/A
Pets (Legacy),Logistics,United States,196,$17.04  ~ $20.62 ,$34.66 ,N/A,0.05%,80.23%,N/A
Pets (Legacy),Logistics,Canada,40,$2.59  ~ $21.89 ,$5.85 ,N/A,0.37%,75.99%,N/A
Pets (Legacy),Green Solutions,United States,58,$20.07  ~ $20.07 ,N/A,N/A,N/A,74.58%,N/A
Pets (Legacy),Pro Basketball,United States,2,$18.20  ~ $18.20 ,N/A,N/A,N/A,54.62%,N/A
Pets (Legacy),Buying/Selling Cars,United States,360,$18.07  ~ $18.07 ,N/A,N/A,N/A,80.77%,N/A
Pets (Legacy),Psychology/Psychiatry,United States,77,$11.52  ~ $12.03 ,$49.27 ,N/A,0.02%,63.55%,N/A
Pets (Legacy),Alternative Medicine,United States,21,$18.52  ~ $19.35 ,$23.56 ,N/A,0.08%,60.91%,N/A
Pets (Legacy),Remodeling & Construction,United States,89,$19.39  ~ $19.39 ,$164.10 ,N/A,0.01%,92.65%,N/A
Pets (Legacy),Buying/Selling Homes,United States,4,$7.71  ~ $8.51 ,N/A,N/A,N/A,17.36%,N/A
Pets (Legacy),Clothing,United States,26,$20.62  ~ $20.62 ,N/A,N/A,N/A,66.09%,N/A
Pets (Legacy),Clothing,Canada,29,$9.10  ~ $9.10 ,$9.42 ,N/A,0.10%,73.60%,N/A
Pets (Legacy),Politics,United States,"1,685",$21.07  ~ $21.55 ,$34.38 ,N/A,0.06%,70.66%,N/A
Pets (Legacy),Auto Parts,United States,67,$7.83  ~ $7.83 ,N/A,N/A,N/A,86.24%,N/A
Pets (Legacy),Family & Parenting,United States,68,$10.15  ~ $10.21 ,$72.70 ,N/A,0.01%,73.03%,N/A
Pets (Legacy),Career Planning,United States,6,$12.71  ~ $12.73 ,N/A,N/A,N/A,63.59%,N/A
Pets (Legacy),Adventure Travel,United States,47,$12.96  ~ $34.04 ,N/A,N/A,N/A,82.50%,N/A
Pets (Legacy),Adult Education,United States,2,$6.62  ~ $24.87 ,N/A,N/A,N/A,57.03%,N/A
Pets (Legacy),Dining Out,United States,"1,289",$16.63  ~ $16.63 ,$338.44 ,N/A,0.00%,82.72%,N/A
Pets (Legacy),Food & Drink,United States,232,$9.66  ~ $10.64 ,$126.61 ,N/A,0.01%,80.23%,N/A
Pets (Legacy),Weight Loss,United States,32,$11.08  ~ $11.08 ,N/A,N/A,N/A,87.33%,N/A
Pets (Legacy),Private School,United States,5,$17.11  ~ $37.38 ,N/A,N/A,N/A,74.22%,N/A
Pets (Legacy),Careers,United States,709,$20.16  ~ $27.92 ,N/A,N/A,N/A,74.80%,N/A
Pets (Legacy),Automotive,United States,143,$10.81  ~ $10.84 ,$28.85 ,N/A,0.04%,77.77%,N/A
Pets (Legacy),Accessories,United States,23,$19.61  ~ $19.84 ,N/A,N/A,N/A,70.82%,N/A
Pets (Legacy),Computer Peripherals,United States,77,$9.87  ~ $9.87 ,N/A,N/A,N/A,84.79%,N/A
Pets (Legacy),Pro Ice Hockey,Canada,26,$16.62  ~ $35.67 ,N/A,N/A,N/A,93.71%,N/A
Pets (Legacy),Graduate School,United States,374,$13.93  ~ $13.95 ,$34.54 ,N/A,0.04%,81.26%,N/A
Pets (Legacy),Health & Fitness,United States,"1,514",$10.02  ~ $14.84 ,$35.76 ,N/A,0.04%,78.79%,N/A
Pets (Legacy),Health & Fitness,Canada,53,$9.68  ~ $23.47 ,$17.06 ,N/A,0.06%,83.80%,N/A
Pets (Legacy),Arts & Entertainment,Canada,105,$0.77  ~ $12.08 ,N/A,N/A,N/A,85.30%,N/A
Pets (Legacy),Arts & Entertainment,United States,136,$15.13  ~ $15.71 ,$69.47 ,N/A,0.02%,81.67%,N/A
Pets (Legacy),"Law, Gov't & Politics",United States,139,$20.45  ~ $24.18 ,$48.04 ,N/A,0.05%,65.59%,N/A
Pets (Legacy),Metals,United States,636,$4.48  ~ $8.36 ,$48.98 ,N/A,0.01%,90.89%,N/A
Pets (Legacy),Metals,Canada,3,$20.20  ~ $36.60 ,$12.72 ,N/A,0.16%,85.09%,N/A
Pets (Legacy),Fine Art,Canada,2,$16.00  ~ $16.00 ,N/A,N/A,N/A,76.79%,N/A
Pets (Legacy),Fine Art,United States,15,$5.05  ~ $5.05 ,N/A,N/A,N/A,76.05%,N/A
Pets (Legacy),Contests & Freebies,United States,27,$3.38  ~ $3.38 ,N/A,N/A,N/A,92.31%,N/A
Pets (Legacy),Real Estate,United States,90,$13.65  ~ $13.65 ,$41.25 ,N/A,0.03%,73.18%,N/A
Pets (Legacy),Pediatrics,United States,31,$13.20  ~ $21.00 ,$5.49 ,N/A,0.24%,67.13%,N/A
Pets (Legacy),Personal Finance,United States,208,$15.74  ~ $16.72 ,$12.92 ,N/A,0.12%,59.04%,N/A
Pets (Legacy),Personal Finance,Canada,2,$18.56  ~ $44.24 ,$10.72 ,N/A,0.17%,73.54%,N/A
Pets (Legacy),Computer Networking,United States,21,$0.00  ~ $0.00 ,N/A,N/A,N/A,N/A,N/A
Pets (Legacy),Cameras & Camcorders,United States,1,$0.00  ~ $0.00 ,N/A,N/A,N/A,N/A,N/A
Pets (Legacy),Canada,Canada,159,$0.00  ~ $0.00 ,N/A,N/A,N/A,N/A,N/A
Real Estate (Legacy),Home & Garden,United States,"2,926",$7.87  ~ $8.48 ,$24.92 ,N/A,0.03%,73.81%,N/A
Real Estate (Legacy),Biotech/Biomedical,Canada,4,$18.62  ~ $43.54 ,N/A,N/A,N/A,94.12%,N/A
Real Estate (Legacy),Biotech/Biomedical,United States,185,$17.55  ~ $40.21 ,$52.18 ,N/A,0.03%,78.07%,N/A
Real Estate (Legacy),Remodeling & Construction,United States,39,$19.14  ~ $19.14 ,$238.76 ,N/A,0.01%,92.59%,N/A
Real Estate (Legacy),Cold & Flu,United States,267,$11.98  ~ $28.59 ,$14.49 ,N/A,0.08%,76.73%,N/A
Real Estate (Legacy),By US Locale,United States,4,$19.30  ~ $40.13 ,N/A,N/A,N/A,80.56%,N/A
Real Estate (Legacy),Auto Repair,United States,201,$15.47  ~ $16.23 ,$25.43 ,N/A,0.06%,74.65%,N/A
Real Estate (Legacy),Senor Health,United States,12,$18.56  ~ $18.56 ,$31.24 ,N/A,0.06%,72.32%,N/A
Real Estate (Legacy),Cruises,United States,13,$13.68  ~ $13.68 ,$19.48 ,N/A,0.07%,83.81%,N/A
Real Estate (Legacy),News,United States,18,$13.21  ~ $15.00 ,$35.63 ,N/A,0.04%,72.17%,N/A
Real Estate (Legacy),News,Canada,14,$14.25  ~ $14.64 ,$39.63 ,N/A,0.04%,75.83%,N/A
Real Estate (Legacy),Business Software,Canada,3,$13.45  ~ $13.48 ,$45.42 ,N/A,0.03%,76.66%,N/A
Real Estate (Legacy),Business Software,United States,645,$15.62  ~ $16.58 ,$98.13 ,N/A,0.02%,77.09%,N/A
Real Estate (Legacy),Auto Parts,United States,131,$7.88  ~ $7.88 ,$10.88 ,N/A,0.07%,89.43%,N/A
Real Estate (Legacy),Personal Finance,United States,"2,809",$14.62  ~ $16.31 ,$12.38 ,N/A,0.12%,62.05%,N/A
Real Estate (Legacy),Personal Finance,Canada,6,$18.76  ~ $39.91 ,$39.21 ,N/A,0.05%,81.57%,N/A
Real Estate (Legacy),Card Games,United States,396,$23.29  ~ $24.39 ,$55.01 ,N/A,0.04%,84.14%,N/A
Real Estate (Legacy),Sexuality,United States,2,$11.03  ~ $11.03 ,N/A,N/A,N/A,72.48%,N/A
Real Estate (Legacy),Logistics,Canada,59,$11.29  ~ $24.21 ,$21.78 ,N/A,0.11%,81.19%,N/A
Real Estate (Legacy),Logistics,United States,36,$21.42  ~ $22.49 ,$24.11 ,N/A,0.09%,73.24%,N/A
Real Estate (Legacy),Home Repair,United States,82,$18.50  ~ $18.70 ,$40.81 ,N/A,0.05%,63.44%,N/A
Real Estate (Legacy),Graduate School,United States,247,$16.96  ~ $16.98 ,$51.26 ,N/A,0.03%,80.23%,N/A
Real Estate (Legacy),Career Planning,United States,5,$15.15  ~ $15.17 ,$24.11 ,N/A,0.06%,58.11%,N/A
Real Estate (Legacy),Private School,United States,9,$16.23  ~ $38.42 ,N/A,N/A,N/A,70.15%,N/A
Real Estate (Legacy),Dogs,Canada,17,$11.39  ~ $17.51 ,N/A,N/A,N/A,90.46%,N/A
Real Estate (Legacy),Automotive,United States,34,$7.45  ~ $7.60 ,$12.33 ,N/A,0.06%,74.93%,N/A
Real Estate (Legacy),Food & Drink,United States,393,$9.76  ~ $12.66 ,$85.33 ,N/A,0.01%,84.37%,N/A
Real Estate (Legacy),Music,United States,17,$8.57  ~ $22.49 ,N/A,N/A,N/A,73.65%,N/A
Real Estate (Legacy),Cocktails/Beer,United States,68,$21.85  ~ $21.85 ,N/A,N/A,N/A,78.18%,N/A
Real Estate (Legacy),Buying/Selling Cars,United States,42,$14.74  ~ $14.74 ,$113.84 ,N/A,0.01%,73.60%,N/A
Real Estate (Legacy),Pets,United States,2,$16.12  ~ $33.67 ,N/A,N/A,N/A,49.40%,N/A
Real Estate (Legacy),Computer Peripherals,United States,92,$4.53  ~ $4.53 ,$33.29 ,N/A,0.01%,76.42%,N/A
Real Estate (Legacy),College,Canada,5,$5.25  ~ $5.25 ,$11.28 ,N/A,0.05%,81.37%,N/A
Real Estate (Legacy),College,United States,68,$11.94  ~ $15.08 ,$41.16 ,N/A,0.04%,66.70%,N/A
Real Estate (Legacy),Credit/Debt & Loans,United States,83,$15.63  ~ $24.47 ,$24.04 ,N/A,0.07%,75.20%,N/A
Real Estate (Legacy),Weight Loss,United States,17,$10.99  ~ $10.99 ,N/A,N/A,N/A,82.87%,N/A
Real Estate (Legacy),Clothing,United States,36,$20.87  ~ $20.87 ,$27.39 ,N/A,0.08%,68.51%,N/A
Real Estate (Legacy),Clothing,Canada,5,$7.25  ~ $7.25 ,$5.46 ,N/A,0.13%,76.75%,N/A
Real Estate (Legacy),Dental Care,United States,1,$3.93  ~ $4.46 ,N/A,N/A,N/A,41.30%,N/A
Real Estate (Legacy),Advertising,United States,63,$9.89  ~ $20.52 ,$16.45 ,N/A,0.06%,75.86%,N/A
Real Estate (Legacy),Couponing,United States,109,$1.69  ~ $1.69 ,N/A,N/A,N/A,83.62%,N/A
Real Estate (Legacy),Metals,United States,625,$7.28  ~ $12.97 ,$27.71 ,N/A,0.03%,83.98%,N/A
Real Estate (Legacy),Human Resources,United States,2,$17.83  ~ $20.87 ,$36.68 ,N/A,0.05%,75.05%,N/A
Real Estate (Legacy),Mutual Funds,United States,260,$18.77  ~ $18.77 ,$21.24 ,N/A,0.09%,66.77%,N/A
Real Estate (Legacy),Accessories,United States,19,$20.49  ~ $20.73 ,N/A,N/A,N/A,78.43%,N/A
Real Estate (Legacy),Real Estate,United States,154,$15.93  ~ $15.93 ,$63.73 ,N/A,0.02%,68.11%,N/A
Real Estate (Legacy),Senior Living,United States,201,$4.01  ~ $4.38 ,$9.85 ,N/A,0.04%,75.15%,N/A
Real Estate (Legacy),Cancer,United States,1,$46.28  ~ $46.28 ,N/A,N/A,N/A,78.53%,N/A
Real Estate (Legacy),Adventure Travel,United States,44,$6.97  ~ $34.53 ,$6.34 ,N/A,0.11%,84.35%,N/A
Real Estate (Legacy),Contests & Freebies,United States,1,$2.64  ~ $2.64 ,N/A,N/A,N/A,61.62%,N/A
Real Estate (Legacy),Incest/Abuse Support,United States,39,$20.24  ~ $20.24 ,$42.68 ,N/A,0.05%,72.31%,N/A
Real Estate (Legacy),Honeymoons/Getaways,Canada,18,$22.75  ~ $22.75 ,$21.23 ,N/A,0.11%,50.07%,N/A
Real Estate (Legacy),Honeymoons/Getaways,United States,9,$17.08  ~ $31.21 ,$31.66 ,N/A,0.10%,57.83%,N/A
Real Estate (Legacy),Pediatrics,United States,26,$11.78  ~ $20.60 ,$12.57 ,N/A,0.09%,67.66%,N/A
Real Estate (Legacy),Psychology/Psychiatry,United States,183,$9.83  ~ $10.06 ,$34.64 ,N/A,0.03%,66.17%,N/A
Real Estate (Legacy),Large Animals,United States,3,$17.70  ~ $17.70 ,N/A,N/A,N/A,69.38%,N/A
Real Estate (Legacy),Nutrition,United States,191,$18.29  ~ $18.29 ,$12.44 ,N/A,0.15%,63.68%,N/A
Real Estate (Legacy),U.S. Government Resources,United States,8,$18.39  ~ $18.39 ,N/A,N/A,N/A,72.30%,N/A
Real Estate (Legacy),Hotels,United States,136,$5.34  ~ $14.84 ,N/A,N/A,N/A,78.63%,N/A
Real Estate (Legacy),Pro Ice Hockey,Canada,1,$15.97  ~ $37.72 ,N/A,N/A,N/A,78.66%,N/A
Real Estate (Legacy),K-6 Educators,United States,1,$12.97  ~ $12.97 ,$4.55 ,N/A,0.28%,68.15%,N/A
Real Estate (Legacy),Alternative Medicine,United States,21,$18.28  ~ $18.85 ,$29.64 ,N/A,0.06%,56.82%,N/A
Real Estate (Legacy),Dining Out,United States,280,$16.42  ~ $16.42 ,$32.46 ,N/A,0.05%,78.31%,N/A
Real Estate (Legacy),Exercise,United States,2,$20.29  ~ $20.29 ,N/A,N/A,N/A,65.12%,N/A
Real Estate (Legacy),Legal Issues,Canada,2,$17.75  ~ $17.75 ,N/A,N/A,N/A,81.68%,N/A
Real Estate (Legacy),Legal Issues,United States,579,$16.51  ~ $16.58 ,$33.61 ,N/A,0.05%,70.37%,N/A
Real Estate (Legacy),Travel,Canada,13,$15.64  ~ $21.24 ,N/A,N/A,N/A,84.66%,N/A
Real Estate (Legacy),Travel,United States,525,$13.29  ~ $14.02 ,$26.67 ,N/A,0.05%,74.76%,N/A
Real Estate (Legacy),Insurance,Canada,6,$17.67  ~ $17.67 ,N/A,N/A,N/A,81.58%,N/A
Real Estate (Legacy),Insurance,United States,149,$30.17  ~ $30.40 ,$29.47 ,N/A,0.10%,69.11%,N/A
Real Estate (Legacy),Interior Decorating,United States,679,$9.16  ~ $11.98 ,$14.05 ,N/A,0.07%,70.29%,N/A
Real Estate (Legacy),Gardening,United States,9,$14.70  ~ $14.70 ,$51.80 ,N/A,0.03%,61.49%,N/A
Real Estate (Legacy),"Law, Gov't & Politics",United States,47,$21.54  ~ $24.06 ,$24.40 ,N/A,0.10%,64.33%,N/A
Real Estate (Legacy),Hobbies & Interests,United States,161,$12.70  ~ $16.27 ,$27.57 ,N/A,0.05%,72.69%,N/A
Real Estate (Legacy),Investing,United States,34,$0.96  ~ $0.96 ,N/A,N/A,N/A,67.70%,N/A
Real Estate (Legacy),Family & Parenting,United States,43,$8.96  ~ $9.10 ,$115.87 ,N/A,0.01%,68.22%,N/A
Real Estate (Legacy),Job Search,United States,23,$12.69  ~ $12.69 ,$232.12 ,N/A,0.01%,78.73%,N/A
Real Estate (Legacy),Health/Lowfat Cooking,Canada,18,$18.55  ~ $41.89 ,N/A,N/A,N/A,89.69%,N/A
Real Estate (Legacy),Health/Lowfat Cooking,United States,112,$16.23  ~ $16.30 ,$42.09 ,N/A,0.04%,77.92%,N/A
Real Estate (Legacy),Shopping,Canada,13,$6.18  ~ $11.71 ,N/A,N/A,N/A,76.94%,N/A
Real Estate (Legacy),Shopping,United States,529,$13.05  ~ $13.86 ,$52.02 ,N/A,0.03%,77.85%,N/A
Real Estate (Legacy),Business,Canada,11,$4.57  ~ $5.23 ,$17.36 ,N/A,0.03%,82.46%,N/A
Real Estate (Legacy),Business,United States,"1,546",$13.34  ~ $14.24 ,$29.83 ,N/A,0.04%,75.46%,N/A
Real Estate (Legacy),Arts & Entertainment,Canada,13,$0.45  ~ $14.27 ,$35.85 ,N/A,0.04%,83.10%,N/A
Real Estate (Legacy),Arts & Entertainment,United States,30,$18.88  ~ $20.41 ,$178.63 ,N/A,0.01%,69.08%,N/A
Real Estate (Legacy),Education,United States,206,$17.01  ~ $17.43 ,$53.82 ,N/A,0.03%,70.39%,N/A
Real Estate (Legacy),Weddings,United States,2,$18.79  ~ $18.79 ,N/A,N/A,N/A,75.00%,N/A
Real Estate (Legacy),Careers,United States,53,$16.92  ~ $16.98 ,$30.80 ,N/A,0.05%,69.21%,N/A
Real Estate (Legacy),Politics,United States,"1,003",$20.56  ~ $20.93 ,$32.40 ,N/A,0.06%,66.51%,N/A
Real Estate (Legacy),Health & Fitness,Canada,11,$7.90  ~ $18.91 ,$20.75 ,N/A,0.04%,66.34%,N/A
Real Estate (Legacy),Health & Fitness,United States,"1,393",$14.05  ~ $14.10 ,$30.00 ,N/A,0.05%,79.60%,N/A
Real Estate (Legacy),Green Solutions,United States,4,$21.02  ~ $21.02 ,N/A,N/A,N/A,73.59%,N/A
Real Estate (Legacy),Buying/Selling Homes,United States,5,$13.92  ~ $19.25 ,N/A,N/A,N/A,58.56%,N/A
Real Estate (Legacy),Theme Parks,United States,3,$39.12  ~ $53.05 ,N/A,N/A,N/A,72.86%,N/A
Real Estate (Legacy),Fine Art,United States,15,$4.73  ~ $4.73 ,N/A,N/A,N/A,71.04%,N/A
Real Estate (Legacy),Veterinary Medicine,United States,1,$3.04  ~ $3.04 ,N/A,N/A,N/A,88.07%,N/A
Real Estate (Legacy),Canada,Canada,10,$0.00  ~ $0.00 ,N/A,N/A,N/A,N/A,N/A
Real Estate (Legacy),Birdwatching,United States,1,$0.00  ~ $0.00 ,N/A,N/A,N/A,N/A,N/A
Real Estate (Legacy),Cameras & Camcorders,United States,3,$0.00  ~ $0.00 ,N/A,N/A,N/A,N/A,N/A
Real Estate (Legacy),Bed & Breakfasts,United States,30,$0.00  ~ $0.00 ,N/A,N/A,N/A,N/A,N/A
Real Estate (Legacy),Computer Networking,United States,7,$0.00  ~ $0.00 ,N/A,N/A,N/A,N/A,N/A
Real Estate (Legacy),Coffee/Tea,United States,1,$0.00  ~ $0.00 ,N/A,N/A,N/A,N/A,N/A
Religion & Spirituality (Legacy),Dogs,Canada,54,$11.08  ~ $18.15 ,N/A,N/A,N/A,89.93%,N/A
Religion & Spirituality (Legacy),Dogs,United States,31,$27.27  ~ $27.44 ,N/A,N/A,N/A,79.29%,N/A
Religion & Spirituality (Legacy),Health/Lowfat Cooking,Canada,15,$18.58  ~ $39.97 ,N/A,N/A,N/A,92.88%,N/A
Religion & Spirituality (Legacy),Health/Lowfat Cooking,United States,35,$15.96  ~ $16.06 ,$44.91 ,N/A,0.04%,74.68%,N/A
Religion & Spirituality (Legacy),Advertising,United States,147,$8.31  ~ $18.12 ,N/A,N/A,N/A,79.11%,N/A
Religion & Spirituality (Legacy),Education,United States,173,$18.20  ~ $19.84 ,$46.07 ,N/A,0.04%,71.59%,N/A
Religion & Spirituality (Legacy),Card Games,United States,119,$29.83  ~ $33.16 ,$47.20 ,N/A,0.06%,82.06%,N/A
Religion & Spirituality (Legacy),Veterinary Medicine,United States,1,$2.12  ~ $2.12 ,N/A,N/A,N/A,94.41%,N/A
Religion & Spirituality (Legacy),Cruises,United States,11,$12.68  ~ $12.68 ,$16.06 ,N/A,0.08%,84.91%,N/A
Religion & Spirituality (Legacy),Home Repair,United States,174,$18.38  ~ $18.57 ,$73.59 ,N/A,0.02%,54.41%,N/A
Religion & Spirituality (Legacy),Nutrition,United States,13,$18.40  ~ $18.40 ,$6.52 ,N/A,0.28%,60.71%,N/A
Religion & Spirituality (Legacy),Cocktails/Beer,United States,18,$22.39  ~ $22.39 ,$16.64 ,N/A,0.13%,76.80%,N/A
Religion & Spirituality (Legacy),Auto Repair,United States,2,$10.14  ~ $23.97 ,$11.65 ,N/A,0.09%,85.88%,N/A
Religion & Spirituality (Legacy),Home & Garden,United States,181,$7.76  ~ $8.20 ,$14.67 ,N/A,0.06%,73.96%,N/A
Religion & Spirituality (Legacy),Careers,United States,122,$13.87  ~ $14.04 ,$12.92 ,N/A,0.11%,75.92%,N/A
Religion & Spirituality (Legacy),Insurance,United States,111,$28.86  ~ $28.86 ,$113.70 ,N/A,0.03%,71.75%,N/A
Religion & Spirituality (Legacy),Insurance,Canada,12,$17.69  ~ $17.69 ,$10.52 ,N/A,0.17%,77.48%,N/A
Religion & Spirituality (Legacy),Metals,United States,333,$4.17  ~ $9.66 ,$28.29 ,N/A,0.01%,89.24%,N/A
Religion & Spirituality (Legacy),Hotels,United States,70,$6.38  ~ $13.09 ,$22.13 ,N/A,0.06%,83.83%,N/A
Religion & Spirituality (Legacy),News,Canada,137,$13.82  ~ $14.24 ,$27.99 ,N/A,0.05%,79.42%,N/A
Religion & Spirituality (Legacy),News,United States,28,$10.87  ~ $13.96 ,$25.67 ,N/A,0.05%,74.08%,N/A
Religion & Spirituality (Legacy),Real Estate,United States,26,$9.55  ~ $9.56 ,$19.46 ,N/A,0.05%,76.42%,N/A
Religion & Spirituality (Legacy),U.S. Government Resources,United States,142,$18.61  ~ $18.61 ,N/A,N/A,N/A,81.80%,N/A
Religion & Spirituality (Legacy),Green Solutions,United States,15,$19.71  ~ $19.71 ,N/A,N/A,N/A,66.40%,N/A
Religion & Spirituality (Legacy),Pro Ice Hockey,Canada,4,$16.15  ~ $37.64 ,N/A,N/A,N/A,86.86%,N/A
Religion & Spirituality (Legacy),Business,Canada,32,$2.63  ~ $3.98 ,$13.28 ,N/A,0.02%,88.43%,N/A
Religion & Spirituality (Legacy),Business,United States,689,$8.02  ~ $8.82 ,$13.98 ,N/A,0.06%,80.71%,N/A
Religion & Spirituality (Legacy),Auto Parts,United States,18,$7.78  ~ $7.78 ,N/A,N/A,N/A,87.61%,N/A
Religion & Spirituality (Legacy),Personal Finance,United States,289,$15.17  ~ $16.46 ,$14.93 ,N/A,0.10%,63.57%,N/A
Religion & Spirituality (Legacy),Weight Loss,United States,2,$12.22  ~ $12.22 ,N/A,N/A,N/A,81.64%,N/A
Religion & Spirituality (Legacy),Mutual Funds,United States,19,$18.53  ~ $18.53 ,$27.35 ,N/A,0.07%,63.76%,N/A
Religion & Spirituality (Legacy),Legal Issues,Canada,2,$22.06  ~ $22.31 ,$8.55 ,N/A,0.26%,82.15%,N/A
Religion & Spirituality (Legacy),Legal Issues,United States,228,$15.72  ~ $18.36 ,$21.15 ,N/A,0.07%,73.81%,N/A
Religion & Spirituality (Legacy),Couponing,United States,16,$1.01  ~ $1.01 ,$1.74 ,N/A,0.06%,85.28%,N/A
Religion & Spirituality (Legacy),Food & Drink,United States,110,$9.74  ~ $9.79 ,$24.93 ,N/A,0.04%,83.17%,N/A
Religion & Spirituality (Legacy),Cigars,United States,3,$18.50  ~ $18.50 ,$16.08 ,N/A,0.12%,54.73%,N/A
Religion & Spirituality (Legacy),Dining Out,United States,467,$16.61  ~ $16.61 ,$70.87 ,N/A,0.02%,82.18%,N/A
Religion & Spirituality (Legacy),Investing,United States,7,$0.84  ~ $0.84 ,N/A,N/A,N/A,60.77%,N/A
Religion & Spirituality (Legacy),Contests & Freebies,United States,4,$2.72  ~ $2.72 ,N/A,N/A,N/A,49.30%,N/A
Religion & Spirituality (Legacy),Alternative Medicine,United States,10,$18.66  ~ $19.40 ,$21.25 ,N/A,0.09%,61.10%,N/A
Religion & Spirituality (Legacy),Fine Art,Canada,2,$16.55  ~ $16.55 ,N/A,N/A,N/A,78.00%,N/A
Religion & Spirituality (Legacy),Fine Art,United States,6,$3.32  ~ $3.32 ,N/A,N/A,N/A,82.40%,N/A
Religion & Spirituality (Legacy),Adventure Travel,United States,77,$7.61  ~ $34.37 ,N/A,N/A,N/A,89.00%,N/A
Religion & Spirituality (Legacy),Hobbies & Interests,United States,71,$11.97  ~ $15.86 ,$16.54 ,N/A,0.07%,76.73%,N/A
Religion & Spirituality (Legacy),By US Locale,United States,2,$18.54  ~ $43.39 ,N/A,N/A,N/A,90.48%,N/A
Religion & Spirituality (Legacy),Computer Peripherals,United States,20,$7.63  ~ $7.63 ,N/A,N/A,N/A,76.46%,N/A
Religion & Spirituality (Legacy),Pro Basketball,United States,2,$18.29  ~ $18.29 ,N/A,N/A,N/A,46.82%,N/A
Religion & Spirituality (Legacy),Credit/Debt & Loans,United States,75,$14.42  ~ $21.91 ,$83.01 ,N/A,0.02%,74.15%,N/A
Religion & Spirituality (Legacy),Automotive,United States,28,$8.98  ~ $8.98 ,$17.72 ,N/A,0.05%,78.48%,N/A
Religion & Spirituality (Legacy),Accessories,United States,9,$19.52  ~ $19.71 ,N/A,N/A,N/A,77.68%,N/A
Religion & Spirituality (Legacy),Weddings,United States,4,$19.15  ~ $19.15 ,N/A,N/A,N/A,81.58%,N/A
Religion & Spirituality (Legacy),Honeymoons/Getaways,Canada,32,$25.25  ~ $25.25 ,$15.83 ,N/A,0.16%,54.94%,N/A
Religion & Spirituality (Legacy),Honeymoons/Getaways,United States,7,$16.50  ~ $31.22 ,$40.13 ,N/A,0.08%,59.37%,N/A
Religion & Spirituality (Legacy),Biotech/Biomedical,United States,534,$18.23  ~ $18.35 ,$55.15 ,N/A,0.03%,87.51%,N/A
Religion & Spirituality (Legacy),Family & Parenting,United States,31,$9.12  ~ $9.16 ,$16.49 ,N/A,0.06%,69.74%,N/A
Religion & Spirituality (Legacy),Pets,United States,1,$17.93  ~ $41.61 ,N/A,N/A,N/A,63.89%,N/A
Religion & Spirituality (Legacy),Business Software,Canada,29,$10.87  ~ $10.89 ,$12.31 ,N/A,0.09%,86.36%,N/A
Religion & Spirituality (Legacy),Business Software,United States,608,$14.31  ~ $15.40 ,$40.78 ,N/A,0.04%,82.66%,N/A
Religion & Spirituality (Legacy),Apartments,United States,5,$11.89  ~ $11.89 ,N/A,N/A,N/A,51.61%,N/A
Religion & Spirituality (Legacy),Health & Fitness,Canada,53,$8.36  ~ $19.49 ,$28.32 ,N/A,0.03%,76.46%,N/A
Religion & Spirituality (Legacy),Health & Fitness,United States,757,$9.10  ~ $13.75 ,$22.10 ,N/A,0.06%,77.00%,N/A
Religion & Spirituality (Legacy),Remodeling & Construction,United States,23,$18.87  ~ $18.87 ,$52.01 ,N/A,0.04%,91.64%,N/A
Religion & Spirituality (Legacy),Human Resources,United States,6,$18.85  ~ $21.29 ,$22.54 ,N/A,0.08%,67.80%,N/A
Religion & Spirituality (Legacy),Private School,United States,8,$16.42  ~ $35.00 ,N/A,N/A,N/A,70.83%,N/A
Religion & Spirituality (Legacy),Logistics,United States,56,$15.78  ~ $17.84 ,$49.31 ,N/A,0.03%,83.19%,N/A
Religion & Spirituality (Legacy),Logistics,Canada,56,$4.19  ~ $26.80 ,$31.62 ,N/A,0.08%,86.09%,N/A
Religion & Spirituality (Legacy),Interior Decorating,United States,31,$9.51  ~ $12.65 ,$16.11 ,N/A,0.06%,73.97%,N/A
Religion & Spirituality (Legacy),Politics,United States,637,$20.92  ~ $21.25 ,$40.11 ,N/A,0.05%,70.68%,N/A
Religion & Spirituality (Legacy),Graduate School,United States,285,$17.34  ~ $17.35 ,$22.27 ,N/A,0.08%,79.22%,N/A
Religion & Spirituality (Legacy),Career Planning,United States,1,$13.37  ~ $13.39 ,N/A,N/A,N/A,66.16%,N/A
Religion & Spirituality (Legacy),Shopping,Canada,15,$6.33  ~ $10.87 ,$9.99 ,N/A,0.06%,84.47%,N/A
Religion & Spirituality (Legacy),Shopping,United States,403,$10.84  ~ $10.90 ,$42.15 ,N/A,0.03%,76.33%,N/A
Religion & Spirituality (Legacy),Travel,Canada,41,$14.70  ~ $15.58 ,N/A,N/A,N/A,91.58%,N/A
Religion & Spirituality (Legacy),Travel,United States,38,$17.54  ~ $18.68 ,$44.08 ,N/A,0.04%,76.34%,N/A
Religion & Spirituality (Legacy),Pediatrics,United States,9,$13.34  ~ $20.90 ,$11.86 ,N/A,0.11%,66.41%,N/A
Religion & Spirituality (Legacy),Psychology/Psychiatry,United States,20,$10.75  ~ $11.02 ,$16.11 ,N/A,0.07%,63.82%,N/A
Religion & Spirituality (Legacy),Theme Parks,United States,11,$43.39  ~ $52.99 ,N/A,N/A,N/A,76.72%,N/A
Religion & Spirituality (Legacy),Music,United States,2,$6.97  ~ $16.81 ,N/A,N/A,N/A,70.33%,N/A
Religion & Spirituality (Legacy),Buying/Selling Homes,United States,2,$11.72  ~ $15.06 ,N/A,N/A,N/A,55.17%,N/A
Religion & Spirituality (Legacy),Exercise,United States,6,$19.87  ~ $19.87 ,N/A,N/A,N/A,77.42%,N/A
Religion & Spirituality (Legacy),Buying/Selling Cars,United States,120,$17.41  ~ $17.41 ,$70.14 ,N/A,0.02%,83.56%,N/A
Religion & Spirituality (Legacy),Senior Living,United States,20,$4.58  ~ $4.65 ,N/A,N/A,N/A,74.17%,N/A
Religion & Spirituality (Legacy),Clothing,United States,11,$21.12  ~ $21.12 ,$25.72 ,N/A,0.08%,68.97%,N/A
Religion & Spirituality (Legacy),Clothing,Canada,9,$6.52  ~ $6.52 ,$4.00 ,N/A,0.16%,73.70%,N/A
Religion & Spirituality (Legacy),Incest/Abuse Support,United States,163,$18.98  ~ $18.98 ,$73.20 ,N/A,0.03%,74.04%,N/A
Religion & Spirituality (Legacy),Large Animals,United States,217,$17.49  ~ $17.49 ,N/A,N/A,N/A,87.71%,N/A
Religion & Spirituality (Legacy),College,United States,15,$11.36  ~ $14.40 ,N/A,N/A,N/A,74.26%,N/A
Religion & Spirituality (Legacy),Arts & Entertainment,Canada,14,$0.63  ~ $13.86 ,$75.19 ,N/A,0.02%,81.37%,N/A
Religion & Spirituality (Legacy),Arts & Entertainment,United States,58,$17.11  ~ $17.48 ,$58.05 ,N/A,0.03%,73.16%,N/A
Religion & Spirituality (Legacy),"Law, Gov't & Politics",United States,294,$19.25  ~ $22.75 ,$2.63 ,N/A,0.86%,72.50%,N/A
Religion & Spirituality (Legacy),Cancer,Canada,38,$18.67  ~ $38.48 ,N/A,N/A,N/A,79.49%,N/A
Religion & Spirituality (Legacy),Cold & Flu,United States,588,$11.41  ~ $24.37 ,$10.82 ,N/A,0.11%,74.32%,N/A
Religion & Spirituality (Legacy),Cameras & Camcorders,United States,1,$0.00  ~ $0.00 ,N/A,N/A,N/A,N/A,N/A
Religion & Spirituality (Legacy),Computer Networking,United States,7,$0.00  ~ $0.00 ,N/A,N/A,N/A,N/A,N/A
Religion & Spirituality (Legacy),Canada,Canada,60,$0.00  ~ $0.00 ,N/A,N/A,N/A,N/A,N/A
Science (Legacy),Shopping,Canada,8,$6.38  ~ $11.46 ,$14.43 ,N/A,0.04%,75.75%,N/A
Science (Legacy),Shopping,United States,763,$13.43  ~ $13.44 ,$45.08 ,N/A,0.03%,78.56%,N/A
Science (Legacy),Cruises,United States,62,$12.43  ~ $12.43 ,$9.89 ,N/A,0.13%,79.62%,N/A
Science (Legacy),Metals,United States,"1,078",$5.84  ~ $12.33 ,$20.57 ,N/A,0.03%,85.58%,N/A
Science (Legacy),Metals,Canada,2,$22.03  ~ $31.15 ,$61.79 ,N/A,0.04%,76.26%,N/A
Science (Legacy),Alternative Medicine,United States,82,$18.41  ~ $19.24 ,$26.35 ,N/A,0.07%,64.04%,N/A
Science (Legacy),Business Software,Canada,18,$12.24  ~ $12.34 ,$14.27 ,N/A,0.09%,70.76%,N/A
Science (Legacy),Business Software,United States,"2,630",$14.46  ~ $16.04 ,$46.76 ,N/A,0.03%,78.13%,N/A
Science (Legacy),Auto Parts,United States,79,$7.84  ~ $7.84 ,N/A,N/A,N/A,87.06%,N/A
Science (Legacy),Construction,United States,2,$15.04  ~ $16.22 ,N/A,N/A,N/A,77.58%,N/A
Science (Legacy),Fine Art,United States,61,$4.63  ~ $4.63 ,$10.31 ,N/A,0.04%,75.32%,N/A
Science (Legacy),Dining Out,United States,850,$16.32  ~ $16.32 ,$78.04 ,N/A,0.02%,81.24%,N/A
Science (Legacy),Auto Repair,United States,475,$16.32  ~ $16.83 ,$29.50 ,N/A,0.06%,78.55%,N/A
Science (Legacy),Internet Technology,United States,1,$6.36  ~ $6.36 ,$1.92 ,N/A,0.33%,83.81%,N/A
Science (Legacy),Home & Garden,United States,"3,363",$7.23  ~ $8.89 ,$26.99 ,N/A,0.03%,74.81%,N/A
Science (Legacy),Legal Issues,Canada,5,$21.46  ~ $21.56 ,$10.62 ,N/A,0.20%,76.33%,N/A
Science (Legacy),Legal Issues,United States,559,$17.75  ~ $18.09 ,$35.42 ,N/A,0.05%,72.74%,N/A
Science (Legacy),Family & Parenting,United States,337,$8.68  ~ $9.15 ,$25.02 ,N/A,0.04%,69.66%,N/A
Science (Legacy),Food & Drink,United States,364,$7.41  ~ $9.14 ,$22.06 ,N/A,0.04%,84.24%,N/A
Science (Legacy),Cancer,Canada,18,$18.68  ~ $37.65 ,$10.53 ,N/A,0.18%,73.73%,N/A
Science (Legacy),Hobbies & Interests,United States,140,$12.36  ~ $16.43 ,N/A,N/A,N/A,74.56%,N/A
Science (Legacy),Agriculture,Canada,4,$18.34  ~ $18.34 ,$39.73 ,N/A,0.05%,85.27%,N/A
Science (Legacy),Agriculture,United States,1,$4.36  ~ $4.49 ,$30.48 ,N/A,0.01%,86.42%,N/A
Science (Legacy),Remodeling & Construction,United States,329,$19.60  ~ $19.60 ,$91.44 ,N/A,0.02%,94.63%,N/A
Science (Legacy),Card Games,United States,158,$28.73  ~ $30.51 ,$155.49 ,N/A,0.02%,82.75%,N/A
Science (Legacy),Chronic Pain,United States,10,$22.56  ~ $22.56 ,$32.96 ,N/A,0.07%,76.52%,N/A
Science (Legacy),News,United States,137,$13.14  ~ $14.26 ,$19.61 ,N/A,0.07%,75.32%,N/A
Science (Legacy),News,Canada,158,$14.16  ~ $14.48 ,$17.90 ,N/A,0.08%,65.94%,N/A
Science (Legacy),Honeymoons/Getaways,United States,171,$16.56  ~ $30.59 ,$71.98 ,N/A,0.04%,59.10%,N/A
Science (Legacy),Honeymoons/Getaways,Canada,29,$24.23  ~ $24.23 ,$15.59 ,N/A,0.16%,46.40%,N/A
Science (Legacy),College,Canada,5,$5.40  ~ $5.40 ,$15.18 ,N/A,0.04%,70.03%,N/A
Science (Legacy),College,United States,86,$11.24  ~ $14.43 ,$37.52 ,N/A,0.04%,68.99%,N/A
Science (Legacy),Dogs,Canada,112,$11.30  ~ $17.28 ,$8.72 ,N/A,0.20%,87.96%,N/A
Science (Legacy),Dogs,United States,19,$27.28  ~ $27.69 ,N/A,N/A,N/A,85.18%,N/A
Science (Legacy),Health & Fitness,United States,"3,196",$13.54  ~ $15.26 ,$22.98 ,N/A,0.07%,79.99%,N/A
Science (Legacy),Health & Fitness,Canada,46,$9.44  ~ $19.41 ,$6.82 ,N/A,0.14%,68.83%,N/A
Science (Legacy),Travel,Canada,30,$15.59  ~ $16.62 ,$28.17 ,N/A,0.06%,82.69%,N/A
Science (Legacy),Travel,United States,303,$13.27  ~ $17.04 ,$25.14 ,N/A,0.05%,76.07%,N/A
Science (Legacy),K-6 Educators,United States,39,$15.62  ~ $15.62 ,$12.40 ,N/A,0.13%,65.33%,N/A
Science (Legacy),Insurance,Canada,10,$17.60  ~ $17.60 ,$42.46 ,N/A,0.04%,71.38%,N/A
Science (Legacy),Insurance,United States,335,$28.73  ~ $28.90 ,$61.41 ,N/A,0.05%,74.18%,N/A
Science (Legacy),Home Repair,United States,503,$17.78  ~ $17.88 ,$29.16 ,N/A,0.06%,60.73%,N/A
Science (Legacy),Graduate School,United States,896,$16.99  ~ $17.00 ,$41.06 ,N/A,0.04%,72.68%,N/A
Science (Legacy),Psychology/Psychiatry,United States,"1,052",$11.18  ~ $11.60 ,$29.77 ,N/A,0.04%,63.04%,N/A
Science (Legacy),Job Search,United States,91,$12.13  ~ $12.13 ,$81.34 ,N/A,0.01%,84.10%,N/A
Science (Legacy),Career Planning,United States,9,$13.00  ~ $13.03 ,$24.93 ,N/A,0.05%,47.46%,N/A
Science (Legacy),Health/Lowfat Cooking,Canada,33,$18.53  ~ $41.63 ,N/A,N/A,N/A,89.57%,N/A
Science (Legacy),Health/Lowfat Cooking,United States,221,$15.65  ~ $15.83 ,$86.31 ,N/A,0.02%,76.51%,N/A
Science (Legacy),Pediatrics,United States,18,$13.69  ~ $20.91 ,$15.98 ,N/A,0.09%,71.55%,N/A
Science (Legacy),Politics,United States,"3,450",$20.82  ~ $21.27 ,$32.41 ,N/A,0.06%,68.75%,N/A
Science (Legacy),Senior Living,United States,193,$4.43  ~ $4.94 ,$36.15 ,N/A,0.01%,73.39%,N/A
Science (Legacy),Accessories,United States,37,$19.43  ~ $19.48 ,N/A,N/A,N/A,83.39%,N/A
Science (Legacy),Private School,United States,45,$16.98  ~ $38.52 ,N/A,N/A,N/A,75.80%,N/A
Science (Legacy),Buying/Selling Cars,United States,110,$16.28  ~ $16.28 ,$38.28 ,N/A,0.04%,83.01%,N/A
Science (Legacy),Commentary,United States,3,$17.38  ~ $18.10 ,$75.05 ,N/A,0.02%,38.90%,N/A
Science (Legacy),By US Locale,United States,3,$18.56  ~ $42.82 ,N/A,N/A,N/A,81.13%,N/A
Science (Legacy),Cocktails/Beer,United States,185,$22.15  ~ $22.15 ,$38.49 ,N/A,0.06%,81.31%,N/A
Science (Legacy),Business,Canada,100,$4.52  ~ $4.99 ,$16.01 ,N/A,0.03%,77.24%,N/A
Science (Legacy),Business,United States,"6,258",$12.67  ~ $14.73 ,$24.72 ,N/A,0.05%,74.39%,N/A
Science (Legacy),Credit/Debt & Loans,United States,381,$14.85  ~ $25.56 ,$21.68 ,N/A,0.07%,72.59%,N/A
Science (Legacy),Hotels,United States,395,$7.82  ~ $14.99 ,$36.99 ,N/A,0.04%,76.64%,N/A
Science (Legacy),Green Solutions,United States,10,$18.65  ~ $18.65 ,$20.11 ,N/A,0.09%,76.63%,N/A
Science (Legacy),Weight Loss,United States,47,$10.12  ~ $10.12 ,N/A,N/A,N/A,88.20%,N/A
Science (Legacy),U.S. Government Resources,United States,79,$18.70  ~ $18.70 ,$21.78 ,N/A,0.09%,77.53%,N/A
Science (Legacy),Clothing,United States,154,$20.59  ~ $20.59 ,$57.64 ,N/A,0.04%,66.69%,N/A
Science (Legacy),Clothing,Canada,25,$7.95  ~ $7.95 ,$21.29 ,N/A,0.04%,71.10%,N/A
Science (Legacy),Contests & Freebies,United States,66,$2.58  ~ $2.58 ,N/A,N/A,N/A,74.44%,N/A
Science (Legacy),Logistics,United States,147,$22.43  ~ $23.28 ,$9.84 ,N/A,0.23%,68.29%,N/A
Science (Legacy),Logistics,Canada,225,$4.47  ~ $24.00 ,$13.04 ,N/A,0.18%,80.06%,N/A
Science (Legacy),Advertising,Canada,1,$14.86  ~ $31.92 ,N/A,N/A,N/A,70.70%,N/A
Science (Legacy),Advertising,United States,320,$9.37  ~ $19.82 ,$58.99 ,N/A,0.02%,75.32%,N/A
Science (Legacy),Buying/Selling Homes,United States,8,$10.37  ~ $14.37 ,N/A,N/A,N/A,60.31%,N/A
Science (Legacy),Gardening,United States,6,$13.43  ~ $13.43 ,$49.35 ,N/A,0.03%,55.99%,N/A
Science (Legacy),Investing,United States,5,$0.91  ~ $0.91 ,N/A,N/A,N/A,65.63%,N/A
Science (Legacy),Pro Basketball,United States,1,$18.36  ~ $18.36 ,$3.16 ,N/A,0.58%,54.11%,N/A
Science (Legacy),Biotech/Biomedical,Canada,23,$18.55  ~ $37.25 ,N/A,N/A,N/A,90.72%,N/A
Science (Legacy),Biotech/Biomedical,United States,"3,435",$21.93  ~ $38.09 ,$38.63 ,N/A,0.06%,73.67%,N/A
Science (Legacy),Nutrition,United States,451,$18.01  ~ $18.01 ,$11.26 ,N/A,0.16%,71.85%,N/A
Science (Legacy),Sexuality,United States,6,$11.09  ~ $11.09 ,N/A,N/A,N/A,63.07%,N/A
Science (Legacy),Education,United States,"2,318",$15.99  ~ $16.40 ,$24.29 ,N/A,0.07%,75.15%,N/A
Science (Legacy),Personal Finance,United States,"1,644",$15.29  ~ $16.47 ,$12.74 ,N/A,0.12%,62.04%,N/A
Science (Legacy),Personal Finance,Canada,15,$17.55  ~ $41.02 ,$26.79 ,N/A,0.07%,68.08%,N/A
Science (Legacy),Pets,United States,2,$18.06  ~ $37.17 ,N/A,N/A,N/A,85.06%,N/A
Science (Legacy),Weddings,United States,3,$19.01  ~ $19.01 ,N/A,N/A,N/A,80.75%,N/A
Science (Legacy),Senor Health,United States,197,$18.52  ~ $18.52 ,$33.66 ,N/A,0.06%,76.58%,N/A
Science (Legacy),Arts & Entertainment,Canada,47,$1.17  ~ $13.82 ,$19.33 ,N/A,0.07%,78.99%,N/A
Science (Legacy),Arts & Entertainment,United States,75,$19.56  ~ $20.49 ,$39.46 ,N/A,0.05%,75.07%,N/A
Science (Legacy),Automotive,United States,74,$10.29  ~ $10.51 ,$74.90 ,N/A,0.01%,73.45%,N/A
Science (Legacy),Theme Parks,United States,17,$37.40  ~ $52.66 ,N/A,N/A,N/A,83.70%,N/A
Science (Legacy),Incest/Abuse Support,United States,91,$19.96  ~ $19.96 ,$33.59 ,N/A,0.06%,76.95%,N/A
Science (Legacy),Careers,Canada,1,$13.09  ~ $13.09 ,N/A,N/A,N/A,64.65%,N/A
Science (Legacy),Careers,United States,154,$16.97  ~ $18.28 ,$23.94 ,N/A,0.07%,78.13%,N/A
Science (Legacy),Couponing,United States,37,$1.22  ~ $1.22 ,$3.19 ,N/A,0.04%,82.03%,N/A
Science (Legacy),Interior Decorating,United States,20,$11.41  ~ $12.55 ,$27.63 ,N/A,0.05%,68.48%,N/A
Science (Legacy),"Law, Gov't & Politics",United States,293,$20.73  ~ $23.57 ,$19.20 ,N/A,0.12%,64.74%,N/A
Science (Legacy),Human Resources,United States,163,$18.92  ~ $20.05 ,$46.29 ,N/A,0.04%,80.04%,N/A
Science (Legacy),Mutual Funds,United States,49,$18.90  ~ $18.90 ,$16.55 ,N/A,0.11%,70.51%,N/A
Science (Legacy),Veterinary Medicine,United States,5,$4.65  ~ $4.65 ,N/A,N/A,N/A,86.08%,N/A
Science (Legacy),Real Estate,United States,396,$14.93  ~ $14.94 ,$40.70 ,N/A,0.04%,68.37%,N/A
Science (Legacy),Cold & Flu,United States,333,$11.93  ~ $24.96 ,$68.70 ,N/A,0.02%,73.87%,N/A
Science (Legacy),Books & Literature,United States,6,$18.28  ~ $18.28 ,N/A,N/A,N/A,84.32%,N/A
Science (Legacy),Computer Peripherals,United States,33,$9.57  ~ $9.57 ,$142.18 ,N/A,0.01%,70.95%,N/A
Science (Legacy),Pro Ice Hockey,Canada,7,$16.03  ~ $37.46 ,N/A,N/A,N/A,79.20%,N/A
Science (Legacy),Music,United States,32,$13.41  ~ $22.16 ,$40.98 ,N/A,0.03%,71.61%,N/A
Science (Legacy),Adventure Travel,United States,7,$8.98  ~ $34.86 ,$15.11 ,N/A,0.06%,84.18%,N/A
Science (Legacy),Government,United States,1,$0.00  ~ $0.00 ,N/A,N/A,N/A,N/A,N/A
Science (Legacy),Canada,Canada,31,$0.00  ~ $0.00 ,N/A,N/A,N/A,N/A,N/A
Science (Legacy),Computer Networking,United States,21,$0.00  ~ $0.00 ,N/A,N/A,N/A,N/A,N/A
Science (Legacy),Cameras & Camcorders,United States,2,$0.00  ~ $0.00 ,N/A,N/A,N/A,N/A,N/A
Science (Legacy),Bed & Breakfasts,United States,7,$0.00  ~ $0.00 ,N/A,N/A,N/A,N/A,N/A
Science (Legacy),Jewelry,United States,2,$0.00  ~ $0.00 ,N/A,N/A,N/A,N/A,N/A
Science (Legacy),Birdwatching,United States,7,$0.00  ~ $0.00 ,N/A,N/A,N/A,N/A,N/A
Science (Legacy),Appliances,United States,3,$0.00  ~ $0.00 ,N/A,N/A,N/A,N/A,N/A
Shopping (Legacy),Cancer,Canada,4,$17.99  ~ $41.71 ,N/A,N/A,N/A,94.16%,N/A
Shopping (Legacy),Cancer,United States,3,$46.15  ~ $46.15 ,N/A,N/A,N/A,80.83%,N/A
Shopping (Legacy),Weddings,United States,10,$18.87  ~ $18.87 ,N/A,N/A,N/A,82.50%,N/A
Shopping (Legacy),Careers,United States,574,$18.18  ~ $21.34 ,$35.00 ,N/A,0.05%,86.77%,N/A
Shopping (Legacy),Pro Basketball,United States,4,$18.21  ~ $18.21 ,N/A,N/A,N/A,53.41%,N/A
Shopping (Legacy),Remodeling & Construction,United States,235,$19.54  ~ $19.54 ,$183.30 ,N/A,0.01%,93.77%,N/A
Shopping (Legacy),Card Games,United States,654,$23.98  ~ $24.00 ,$118.68 ,N/A,0.02%,84.23%,N/A
Shopping (Legacy),Auto Repair,United States,241,$15.87  ~ $16.26 ,$51.15 ,N/A,0.03%,75.17%,N/A
Shopping (Legacy),K-6 Educators,United States,26,$17.84  ~ $17.84 ,N/A,N/A,N/A,88.56%,N/A
Shopping (Legacy),Hobbies & Interests,United States,473,$10.90  ~ $18.37 ,$185.27 ,N/A,0.01%,90.32%,N/A
Shopping (Legacy),Logistics,Canada,52,$2.67  ~ $23.02 ,$57.49 ,N/A,0.04%,82.52%,N/A
Shopping (Legacy),Logistics,United States,281,$15.47  ~ $19.55 ,$53.24 ,N/A,0.03%,85.71%,N/A
Shopping (Legacy),Business Software,Canada,72,$13.38  ~ $13.43 ,$72.06 ,N/A,0.02%,83.85%,N/A
Shopping (Legacy),Business Software,United States,"2,781",$14.48  ~ $16.31 ,$133.02 ,N/A,0.01%,88.45%,N/A
Shopping (Legacy),College,Canada,2,$5.42  ~ $5.42 ,$16.68 ,N/A,0.03%,76.97%,N/A
Shopping (Legacy),College,United States,194,$11.14  ~ $14.52 ,$68.48 ,N/A,0.02%,80.52%,N/A
Shopping (Legacy),Home Repair,United States,318,$17.75  ~ $17.97 ,$39.51 ,N/A,0.04%,77.59%,N/A
Shopping (Legacy),Construction,United States,4,$14.52  ~ $15.92 ,N/A,N/A,N/A,87.01%,N/A
Shopping (Legacy),Alternative Medicine,United States,42,$15.98  ~ $16.81 ,$37.37 ,N/A,0.04%,77.34%,N/A
Shopping (Legacy),Personal Finance,United States,"4,731",$14.16  ~ $16.07 ,$11.17 ,N/A,0.13%,65.60%,N/A
Shopping (Legacy),Personal Finance,Canada,10,$17.54  ~ $38.14 ,$20.43 ,N/A,0.09%,73.48%,N/A
Shopping (Legacy),Large Animals,United States,10,$16.18  ~ $16.18 ,N/A,N/A,N/A,95.62%,N/A
Shopping (Legacy),Theme Parks,United States,39,$44.05  ~ $52.70 ,N/A,N/A,N/A,80.87%,N/A
Shopping (Legacy),Buying/Selling Homes,United States,5,$9.66  ~ $13.02 ,N/A,N/A,N/A,84.13%,N/A
Shopping (Legacy),Gardening,United States,10,$14.92  ~ $14.92 ,$62.74 ,N/A,0.02%,59.55%,N/A
Shopping (Legacy),Accessories,United States,107,$19.59  ~ $19.63 ,N/A,N/A,N/A,81.98%,N/A
Shopping (Legacy),Cold & Flu,United States,803,$11.71  ~ $23.62 ,$25.72 ,N/A,0.05%,77.96%,N/A
Shopping (Legacy),Books & Literature,United States,4,$18.33  ~ $18.33 ,N/A,N/A,N/A,89.12%,N/A
Shopping (Legacy),News,Canada,87,$12.84  ~ $14.08 ,$56.91 ,N/A,0.02%,84.00%,N/A
Shopping (Legacy),News,United States,105,$9.58  ~ $11.58 ,$75.68 ,N/A,0.02%,88.07%,N/A
Shopping (Legacy),Business,Canada,140,$1.88  ~ $2.10 ,$50.45 ,N/A,0.00%,93.95%,N/A
Shopping (Legacy),Business,United States,"3,793",$11.05  ~ $12.55 ,$94.82 ,N/A,0.01%,86.71%,N/A
Shopping (Legacy),Real Estate,United States,376,$11.96  ~ $11.98 ,$94.71 ,N/A,0.01%,84.91%,N/A
Shopping (Legacy),Cruises,United States,41,$14.41  ~ $14.41 ,$48.18 ,N/A,0.03%,84.73%,N/A
Shopping (Legacy),"Law, Gov't & Politics",United States,184,$19.07  ~ $25.45 ,$23.61 ,N/A,0.11%,83.38%,N/A
Shopping (Legacy),Auto Parts,United States,156,$7.74  ~ $7.74 ,N/A,N/A,N/A,92.23%,N/A
Shopping (Legacy),Clothing,United States,102,$21.35  ~ $21.35 ,$44.37 ,N/A,0.05%,70.13%,N/A
Shopping (Legacy),Clothing,Canada,23,$6.72  ~ $6.72 ,$9.48 ,N/A,0.07%,75.77%,N/A
Shopping (Legacy),Couponing,United States,204,$1.44  ~ $1.44 ,$4.11 ,N/A,0.04%,86.23%,N/A
Shopping (Legacy),Human Resources,United States,13,$18.73  ~ $20.54 ,$114.76 ,N/A,0.02%,75.13%,N/A
Shopping (Legacy),Apartments,United States,2,$10.69  ~ $10.69 ,$11.63 ,N/A,0.09%,90.82%,N/A
Shopping (Legacy),Nutrition,United States,402,$18.37  ~ $18.37 ,$9.44 ,N/A,0.19%,61.88%,N/A
Shopping (Legacy),Private School,United States,21,$17.51  ~ $38.23 ,N/A,N/A,N/A,81.67%,N/A
Shopping (Legacy),Cocktails/Beer,United States,351,$21.83  ~ $21.83 ,$160.72 ,N/A,0.01%,82.43%,N/A
Shopping (Legacy),Sexuality,United States,15,$11.04  ~ $11.04 ,N/A,N/A,N/A,73.99%,N/A
Shopping (Legacy),Music,United States,94,$14.70  ~ $22.97 ,$96.36 ,N/A,0.02%,75.66%,N/A
Shopping (Legacy),Investing,United States,438,$1.03  ~ $1.03 ,N/A,N/A,N/A,63.82%,N/A
Shopping (Legacy),By US Locale,United States,4,$19.60  ~ $44.13 ,N/A,N/A,N/A,94.35%,N/A
Shopping (Legacy),Credit/Debt & Loans,United States,263,$18.80  ~ $26.09 ,$51.83 ,N/A,0.04%,76.46%,N/A
Shopping (Legacy),Graduate School,United States,518,$16.98  ~ $16.99 ,$38.08 ,N/A,0.04%,82.46%,N/A
Shopping (Legacy),Psychology/Psychiatry,United States,"1,037",$9.23  ~ $9.57 ,$20.44 ,N/A,0.05%,73.52%,N/A
Shopping (Legacy),Weight Loss,United States,116,$8.77  ~ $8.77 ,N/A,N/A,N/A,93.68%,N/A
Shopping (Legacy),Dogs,Canada,196,$11.37  ~ $17.87 ,N/A,N/A,N/A,92.75%,N/A
Shopping (Legacy),Dogs,United States,125,$26.83  ~ $27.25 ,N/A,N/A,N/A,79.74%,N/A
Shopping (Legacy),Family & Parenting,United States,165,$7.57  ~ $8.64 ,$50.84 ,N/A,0.02%,85.05%,N/A
Shopping (Legacy),Food & Drink,United States,357,$6.75  ~ $11.13 ,$214.06 ,N/A,0.01%,92.29%,N/A
Shopping (Legacy),Commentary,United States,107,$17.38  ~ $18.14 ,$102.57 ,N/A,0.02%,52.54%,N/A
Shopping (Legacy),Infertility,United States,1,$6.44  ~ $6.46 ,N/A,N/A,N/A,94.87%,N/A
Shopping (Legacy),Veterinary Medicine,United States,7,$3.55  ~ $3.55 ,N/A,N/A,N/A,91.93%,N/A
Shopping (Legacy),Senor Health,United States,20,$18.68  ~ $18.68 ,$42.58 ,N/A,0.04%,81.06%,N/A
Shopping (Legacy),Senior Living,United States,563,$3.32  ~ $3.47 ,$36.79 ,N/A,0.01%,60.50%,N/A
Shopping (Legacy),Adult Education,United States,1,$5.56  ~ $14.83 ,N/A,N/A,N/A,81.05%,N/A
Shopping (Legacy),Chronic Pain,United States,15,$22.55  ~ $22.55 ,N/A,N/A,N/A,81.48%,N/A
Shopping (Legacy),Pro Ice Hockey,Canada,58,$15.96  ~ $32.51 ,$43.85 ,N/A,0.04%,89.43%,N/A
Shopping (Legacy),Arts & Entertainment,Canada,174,$0.61  ~ $13.13 ,$114.27 ,N/A,0.01%,88.10%,N/A
Shopping (Legacy),Arts & Entertainment,United States,225,$15.56  ~ $16.36 ,$73.85 ,N/A,0.02%,84.97%,N/A
Shopping (Legacy),Advertising,Canada,10,$15.27  ~ $30.56 ,$30.20 ,N/A,0.05%,76.78%,N/A
Shopping (Legacy),Advertising,United States,492,$8.00  ~ $19.30 ,$250.01 ,N/A,0.00%,84.36%,N/A
Shopping (Legacy),Buying/Selling Cars,United States,590,$17.26  ~ $17.26 ,$176.18 ,N/A,0.01%,90.86%,N/A
Shopping (Legacy),Travel,Canada,98,$15.50  ~ $15.59 ,N/A,N/A,N/A,93.00%,N/A
Shopping (Legacy),Travel,United States,"1,430",$9.39  ~ $19.09 ,$99.91 ,N/A,0.01%,94.57%,N/A
Shopping (Legacy),Pediatrics,United States,47,$13.75  ~ $20.92 ,$13.60 ,N/A,0.10%,69.96%,N/A
Shopping (Legacy),Politics,United States,"4,254",$20.62  ~ $21.72 ,$41.11 ,N/A,0.05%,77.74%,N/A
Shopping (Legacy),Job Search,United States,141,$11.82  ~ $11.82 ,$460.98 ,N/A,0.00%,86.09%,N/A
Shopping (Legacy),Home & Garden,United States,"2,706",$9.13  ~ $9.29 ,$30.29 ,N/A,0.03%,75.35%,N/A
Shopping (Legacy),Agriculture,United States,20,$5.05  ~ $5.21 ,$92.19 ,N/A,0.01%,95.25%,N/A
Shopping (Legacy),Mutual Funds,United States,683,$18.84  ~ $18.84 ,$12.76 ,N/A,0.15%,62.68%,N/A
Shopping (Legacy),Computer Peripherals,United States,"1,084",$6.34  ~ $6.34 ,$76.51 ,N/A,0.01%,49.04%,N/A
Shopping (Legacy),Legal Issues,Canada,2,$15.96  ~ $16.17 ,$19.49 ,N/A,0.08%,82.89%,N/A
Shopping (Legacy),Legal Issues,United States,860,$16.60  ~ $16.69 ,$141.98 ,N/A,0.01%,89.00%,N/A
Shopping (Legacy),Shopping,Canada,42,$3.97  ~ $11.29 ,N/A,N/A,N/A,91.81%,N/A
Shopping (Legacy),Shopping,United States,878,$8.87  ~ $10.55 ,$76.84 ,N/A,0.01%,88.65%,N/A
Shopping (Legacy),Insurance,United States,589,$25.89  ~ $27.47 ,$53.96 ,N/A,0.05%,78.45%,N/A
Shopping (Legacy),Insurance,Canada,4,$17.52  ~ $17.52 ,$74.99 ,N/A,0.02%,83.08%,N/A
Shopping (Legacy),Hotels,United States,337,$10.59  ~ $14.10 ,N/A,N/A,N/A,86.73%,N/A
Shopping (Legacy),Hotels,Canada,2,$3.65  ~ $3.65 ,N/A,N/A,N/A,85.42%,N/A
Shopping (Legacy),Green Solutions,United States,58,$18.49  ~ $18.49 ,N/A,N/A,N/A,84.46%,N/A
Shopping (Legacy),Exercise,United States,22,$20.68  ~ $20.68 ,N/A,N/A,N/A,94.66%,N/A
Shopping (Legacy),Incest/Abuse Support,United States,435,$19.17  ~ $19.17 ,$60.94 ,N/A,0.03%,77.16%,N/A
Shopping (Legacy),Biotech/Biomedical,Canada,5,$18.62  ~ $44.89 ,N/A,N/A,N/A,92.77%,N/A
Shopping (Legacy),Biotech/Biomedical,United States,"1,228",$19.30  ~ $30.33 ,$66.10 ,N/A,0.03%,83.14%,N/A
Shopping (Legacy),Health/Lowfat Cooking,United States,187,$17.22  ~ $17.27 ,$100.43 ,N/A,0.02%,85.02%,N/A
Shopping (Legacy),Health/Lowfat Cooking,Canada,12,$18.45  ~ $45.49 ,N/A,N/A,N/A,93.51%,N/A
Shopping (Legacy),Interior Decorating,United States,557,$12.33  ~ $12.87 ,$19.07 ,N/A,0.06%,71.64%,N/A
Shopping (Legacy),Health & Fitness,United States,"3,139",$11.88  ~ $16.37 ,$61.23 ,N/A,0.03%,85.81%,N/A
Shopping (Legacy),Health & Fitness,Canada,65,$8.37  ~ $17.91 ,$65.52 ,N/A,0.01%,85.05%,N/A
Shopping (Legacy),U.S. Government Resources,United States,337,$18.58  ~ $18.58 ,N/A,N/A,N/A,73.25%,N/A
Shopping (Legacy),Contests & Freebies,United States,11,$2.58  ~ $2.58 ,N/A,N/A,N/A,89.28%,N/A
Shopping (Legacy),Automotive,United States,97,$8.86  ~ $8.87 ,$47.58 ,N/A,0.02%,83.11%,N/A
Shopping (Legacy),Metals,United States,"1,061",$4.90  ~ $12.71 ,$191.40 ,N/A,0.00%,94.05%,N/A
Shopping (Legacy),Metals,Canada,9,$9.59  ~ $31.42 ,$67.85 ,N/A,0.01%,94.42%,N/A
Shopping (Legacy),Education,United States,696,$16.54  ~ $18.48 ,$65.67 ,N/A,0.03%,81.90%,N/A
Shopping (Legacy),Education,Canada,1,$1.97  ~ $4.08 ,N/A,N/A,N/A,84.65%,N/A
Shopping (Legacy),Career Planning,United States,10,$15.76  ~ $15.77 ,$33.78 ,N/A,0.05%,71.73%,N/A
Shopping (Legacy),Adventure Travel,United States,33,$5.93  ~ $34.57 ,$36.56 ,N/A,0.02%,96.97%,N/A
Shopping (Legacy),Dining Out,United States,"1,802",$16.70  ~ $16.70 ,$96.48 ,N/A,0.02%,85.82%,N/A
Shopping (Legacy),Honeymoons/Getaways,Canada,143,$24.79  ~ $24.79 ,$23.99 ,N/A,0.10%,51.25%,N/A
Shopping (Legacy),Honeymoons/Getaways,United States,31,$21.64  ~ $30.50 ,$53.92 ,N/A,0.06%,68.75%,N/A
Shopping (Legacy),Fine Art,Canada,10,$15.35  ~ $15.35 ,N/A,N/A,N/A,83.92%,N/A
Shopping (Legacy),Fine Art,United States,35,$4.97  ~ $4.97 ,N/A,N/A,N/A,65.02%,N/A
Shopping (Legacy),Canada,Canada,213,$0.00  ~ $0.00 ,N/A,N/A,N/A,N/A,N/A
Shopping (Legacy),Beauty,United States,1,$0.00  ~ $0.00 ,N/A,N/A,N/A,N/A,N/A
Shopping (Legacy),Computer Networking,United States,27,$0.00  ~ $0.00 ,N/A,N/A,N/A,N/A,N/A
Shopping (Legacy),Bed & Breakfasts,United States,32,$0.00  ~ $0.00 ,N/A,N/A,N/A,N/A,N/A
Shopping (Legacy),Cameras & Camcorders,United States,3,$0.00  ~ $0.00 ,N/A,N/A,N/A,N/A,N/A
Shopping (Legacy),Birdwatching,United States,2,$0.00  ~ $0.00 ,N/A,N/A,N/A,N/A,N/A
Society (Legacy),Alternative Medicine,United States,154,$18.15  ~ $19.92 ,$35.96 ,N/A,0.06%,74.18%,N/A
Society (Legacy),Green Solutions,United States,190,$21.06  ~ $21.06 ,$99.50 ,N/A,0.02%,80.84%,N/A
Society (Legacy),Gardening,United States,68,$15.18  ~ $15.18 ,$24.07 ,N/A,0.06%,59.48%,N/A
Society (Legacy),Logistics,Canada,61,$3.41  ~ $21.40 ,$17.27 ,N/A,0.12%,75.07%,N/A
Society (Legacy),Logistics,United States,866,$16.25  ~ $18.19 ,$28.08 ,N/A,0.06%,83.96%,N/A
Society (Legacy),Senior Living,United States,283,$5.14  ~ $5.50 ,$21.73 ,N/A,0.03%,75.74%,N/A
Society (Legacy),Health & Fitness,United States,"11,547",$14.20  ~ $15.73 ,$29.13 ,N/A,0.05%,85.79%,N/A
Society (Legacy),Health & Fitness,Canada,188,$9.34  ~ $18.92 ,$11.58 ,N/A,0.08%,80.71%,N/A
Society (Legacy),Psychology/Psychiatry,United States,"1,476",$11.36  ~ $11.57 ,$15.00 ,N/A,0.08%,74.61%,N/A
Society (Legacy),Clothing,United States,340,$21.42  ~ $21.42 ,$18.07 ,N/A,0.12%,77.86%,N/A
Society (Legacy),Clothing,Canada,104,$6.59  ~ $6.59 ,$8.97 ,N/A,0.07%,75.33%,N/A
Society (Legacy),Accessories,United States,377,$19.61  ~ $19.73 ,$38.39 ,N/A,0.05%,79.29%,N/A
Society (Legacy),By US Locale,United States,4,$19.38  ~ $39.84 ,N/A,N/A,N/A,80.85%,N/A
Society (Legacy),Incest/Abuse Support,United States,"1,427",$20.23  ~ $20.23 ,$41.09 ,N/A,0.05%,83.54%,N/A
Society (Legacy),Family & Parenting,United States,610,$10.05  ~ $10.83 ,$37.55 ,N/A,0.03%,79.58%,N/A
Society (Legacy),Commentary,United States,6,$18.28  ~ $18.31 ,$46.06 ,N/A,0.04%,46.65%,N/A
Society (Legacy),Pets,United States,2,$18.63  ~ $40.09 ,N/A,N/A,N/A,82.07%,N/A
Society (Legacy),Cocktails/Beer,United States,805,$24.04  ~ $24.04 ,$30.62 ,N/A,0.08%,86.11%,N/A
Society (Legacy),Auto Repair,United States,149,$17.46  ~ $17.75 ,$31.15 ,N/A,0.06%,83.21%,N/A
Society (Legacy),Senor Health,United States,168,$18.54  ~ $18.54 ,$19.96 ,N/A,0.09%,86.07%,N/A
Society (Legacy),Legal Issues,Canada,11,$18.37  ~ $18.39 ,$18.29 ,N/A,0.10%,74.67%,N/A
Society (Legacy),Legal Issues,United States,"2,068",$18.72  ~ $19.01 ,$28.65 ,N/A,0.07%,82.89%,N/A
Society (Legacy),Real Estate,United States,564,$14.95  ~ $14.96 ,$25.33 ,N/A,0.06%,76.98%,N/A
Society (Legacy),Automotive,United States,299,$12.20  ~ $12.21 ,$30.02 ,N/A,0.04%,85.10%,N/A
Society (Legacy),Large Animals,United States,33,$18.15  ~ $18.15 ,N/A,N/A,N/A,94.01%,N/A
Society (Legacy),Cancer,United States,16,$46.24  ~ $46.24 ,N/A,N/A,N/A,81.38%,N/A
Society (Legacy),Adventure Travel,United States,59,$12.24  ~ $34.44 ,N/A,N/A,N/A,86.44%,N/A
Society (Legacy),Infertility,United States,1,$6.46  ~ $6.47 ,$37.05 ,N/A,0.02%,92.27%,N/A
Society (Legacy),Exercise,United States,23,$20.09  ~ $20.09 ,N/A,N/A,N/A,81.40%,N/A
Society (Legacy),News,Canada,248,$13.05  ~ $14.50 ,$47.31 ,N/A,0.03%,83.10%,N/A
Society (Legacy),News,United States,403,$17.06  ~ $18.10 ,$34.55 ,N/A,0.05%,83.85%,N/A
Society (Legacy),Careers,United States,"1,816",$18.36  ~ $19.17 ,$46.75 ,N/A,0.04%,90.76%,N/A
Society (Legacy),Food & Drink,United States,813,$8.08  ~ $9.16 ,$36.32 ,N/A,0.03%,86.64%,N/A
Society (Legacy),Cold & Flu,United States,"2,763",$10.87  ~ $27.07 ,$18.45 ,N/A,0.06%,83.28%,N/A
Society (Legacy),Mutual Funds,United States,79,$19.49  ~ $19.49 ,$11.32 ,N/A,0.17%,73.46%,N/A
Society (Legacy),Contests & Freebies,United States,37,$3.41  ~ $3.41 ,N/A,N/A,N/A,71.58%,N/A
Society (Legacy),Private School,United States,55,$17.40  ~ $37.92 ,N/A,N/A,N/A,81.91%,N/A
Society (Legacy),Arts & Entertainment,Canada,342,$0.65  ~ $11.26 ,$91.42 ,N/A,0.01%,84.41%,N/A
Society (Legacy),Arts & Entertainment,United States,693,$17.02  ~ $18.73 ,$41.31 ,N/A,0.05%,88.23%,N/A
Society (Legacy),Health/Lowfat Cooking,Canada,3,$18.50  ~ $38.05 ,N/A,N/A,N/A,93.63%,N/A
Society (Legacy),Health/Lowfat Cooking,United States,"1,082",$14.69  ~ $14.90 ,$55.42 ,N/A,0.03%,84.20%,N/A
Society (Legacy),Auto Parts,United States,823,$7.92  ~ $7.92 ,$69.92 ,N/A,0.01%,91.46%,N/A
Society (Legacy),Personal Finance,United States,"1,483",$15.98  ~ $16.19 ,$5.32 ,N/A,0.30%,63.19%,N/A
Society (Legacy),Personal Finance,Canada,59,$18.74  ~ $39.67 ,$22.92 ,N/A,0.08%,76.67%,N/A
Society (Legacy),Nutrition,United States,219,$17.92  ~ $17.92 ,$5.91 ,N/A,0.30%,74.10%,N/A
Society (Legacy),Home Repair,United States,"1,086",$15.31  ~ $15.45 ,$25.45 ,N/A,0.06%,81.24%,N/A
Society (Legacy),Home & Garden,United States,"2,068",$7.69  ~ $10.29 ,$26.60 ,N/A,0.04%,77.78%,N/A
Society (Legacy),Shopping,Canada,154,$6.15  ~ $11.60 ,$65.70 ,N/A,0.01%,87.43%,N/A
Society (Legacy),Shopping,United States,"3,690",$15.87  ~ $16.75 ,$60.63 ,N/A,0.03%,90.15%,N/A
Society (Legacy),Travel,Canada,308,$15.52  ~ $15.66 ,$63.53 ,N/A,0.02%,94.05%,N/A
Society (Legacy),Travel,United States,850,$13.31  ~ $13.96 ,$63.68 ,N/A,0.02%,85.17%,N/A
Society (Legacy),Pediatrics,United States,88,$14.09  ~ $20.71 ,$11.60 ,N/A,0.12%,79.66%,N/A
Society (Legacy),Apartments,United States,7,$7.96  ~ $7.96 ,$8.71 ,N/A,0.09%,80.70%,N/A
Society (Legacy),College,Canada,14,$5.39  ~ $5.39 ,$10.98 ,N/A,0.05%,72.59%,N/A
Society (Legacy),College,United States,472,$11.14  ~ $13.95 ,$27.63 ,N/A,0.05%,77.67%,N/A
Society (Legacy),Buying/Selling Cars,United States,"1,459",$17.90  ~ $17.90 ,$83.63 ,N/A,0.02%,87.55%,N/A
Society (Legacy),Insurance,Canada,6,$17.67  ~ $17.67 ,N/A,N/A,N/A,76.36%,N/A
Society (Legacy),Insurance,United States,"1,644",$27.14  ~ $27.25 ,$90.93 ,N/A,0.03%,88.48%,N/A
Society (Legacy),Interior Decorating,United States,230,$9.75  ~ $11.71 ,$19.55 ,N/A,0.05%,67.29%,N/A
Society (Legacy),Metals,United States,"2,710",$5.65  ~ $10.50 ,$84.23 ,N/A,0.01%,91.77%,N/A
Society (Legacy),Metals,Canada,50,$19.44  ~ $38.23 ,$36.55 ,N/A,0.05%,80.31%,N/A
Society (Legacy),Books & Literature,United States,29,$18.48  ~ $18.48 ,$35.23 ,N/A,0.05%,88.93%,N/A
Society (Legacy),Veterinary Medicine,United States,6,$1.61  ~ $1.61 ,N/A,N/A,N/A,97.29%,N/A
Society (Legacy),Biotech/Biomedical,Canada,21,$18.60  ~ $38.26 ,N/A,N/A,N/A,91.39%,N/A
Society (Legacy),Biotech/Biomedical,United States,"5,747",$20.61  ~ $33.90 ,$54.09 ,N/A,0.04%,87.47%,N/A
Society (Legacy),Human Resources,United States,249,$18.91  ~ $19.50 ,$51.26 ,N/A,0.04%,81.75%,N/A
Society (Legacy),Weight Loss,United States,490,$8.59  ~ $8.59 ,$21.12 ,N/A,0.04%,94.91%,N/A
Society (Legacy),Computer Peripherals,United States,710,$12.14  ~ $12.14 ,N/A,N/A,N/A,54.58%,N/A
Society (Legacy),Chronic Pain,United States,4,$22.56  ~ $22.56 ,$75.75 ,N/A,0.03%,81.64%,N/A
Society (Legacy),Honeymoons/Getaways,Canada,253,$25.32  ~ $25.32 ,$17.56 ,N/A,0.14%,56.24%,N/A
Society (Legacy),Honeymoons/Getaways,United States,209,$29.32  ~ $30.61 ,$20.62 ,N/A,0.14%,77.78%,N/A
Society (Legacy),Cigars,United States,7,$16.93  ~ $16.93 ,$26.95 ,N/A,0.06%,53.15%,N/A
Society (Legacy),Cruises,Canada,2,$14.71  ~ $14.71 ,N/A,N/A,N/A,84.13%,N/A
Society (Legacy),Cruises,United States,157,$15.17  ~ $15.17 ,$39.19 ,N/A,0.04%,87.42%,N/A
Society (Legacy),Agriculture,Canada,1,$18.84  ~ $18.84 ,N/A,N/A,N/A,90.84%,N/A
Society (Legacy),Agriculture,United States,8,$6.56  ~ $6.69 ,$166.41 ,N/A,0.00%,94.65%,N/A
Society (Legacy),Theme Parks,United States,153,$42.16  ~ $52.67 ,N/A,N/A,N/A,86.60%,N/A
Society (Legacy),Hobbies & Interests,United States,479,$10.83  ~ $16.23 ,$46.37 ,N/A,0.02%,88.34%,N/A
Society (Legacy),Music,United States,77,$6.79  ~ $16.63 ,N/A,N/A,N/A,81.61%,N/A
Society (Legacy),Remodeling & Construction,United States,"2,523",$19.83  ~ $19.83 ,$111.20 ,N/A,0.02%,96.89%,N/A
Society (Legacy),Dental Care,United States,1,$3.88  ~ $5.28 ,N/A,N/A,N/A,81.12%,N/A
Society (Legacy),Graduate School,United States,"1,647",$15.66  ~ $15.67 ,$28.56 ,N/A,0.05%,86.87%,N/A
Society (Legacy),Dining Out,United States,"6,759",$16.69  ~ $16.69 ,$62.81 ,N/A,0.03%,87.25%,N/A
Society (Legacy),Weddings,United States,34,$18.93  ~ $18.93 ,N/A,N/A,N/A,77.52%,N/A
Society (Legacy),K-6 Educators,United States,52,$16.31  ~ $16.31 ,$52.67 ,N/A,0.03%,77.24%,N/A
Society (Legacy),Hotels,United States,"1,066",$4.81  ~ $13.15 ,$53.13 ,N/A,0.02%,87.99%,N/A
Society (Legacy),Hotels,Canada,3,$2.72  ~ $2.72 ,N/A,N/A,N/A,89.91%,N/A
Society (Legacy),Buying/Selling Homes,United States,15,$12.29  ~ $14.58 ,$21.03 ,N/A,0.07%,68.73%,N/A
Society (Legacy),Pro Ice Hockey,Canada,144,$16.33  ~ $37.93 ,N/A,N/A,N/A,92.16%,N/A
Society (Legacy),Business,Canada,264,$1.92  ~ $3.52 ,$18.99 ,N/A,0.01%,94.17%,N/A
Society (Legacy),Business,United States,"7,780",$9.72  ~ $10.34 ,$30.29 ,N/A,0.03%,87.25%,N/A
Society (Legacy),Education,United States,"4,505",$18.82  ~ $20.32 ,$30.75 ,N/A,0.06%,79.46%,N/A
Society (Legacy),Education,Canada,3,$1.73  ~ $4.08 ,$1.94 ,N/A,0.09%,89.36%,N/A
Society (Legacy),Career Planning,United States,29,$12.42  ~ $12.42 ,$13.64 ,N/A,0.09%,61.93%,N/A
Society (Legacy),Card Games,United States,"1,703",$25.92  ~ $28.82 ,$50.93 ,N/A,0.05%,87.63%,N/A
Society (Legacy),Investing,United States,9,$0.92  ~ $0.92 ,N/A,N/A,N/A,70.63%,N/A
Society (Legacy),Internet Technology,United States,8,$6.05  ~ $6.05 ,$6.79 ,N/A,0.09%,92.54%,N/A
Society (Legacy),Couponing,United States,88,$1.63  ~ $1.63 ,$4.86 ,N/A,0.03%,88.69%,N/A
Society (Legacy),"Law, Gov't & Politics",United States,798,$17.18  ~ $21.06 ,$25.48 ,N/A,0.08%,77.61%,N/A
Society (Legacy),Credit/Debt & Loans,United States,656,$18.62  ~ $24.38 ,$15.66 ,N/A,0.12%,84.03%,N/A
Society (Legacy),Construction,United States,18,$16.80  ~ $17.65 ,$24.63 ,N/A,0.07%,86.63%,N/A
Society (Legacy),Job Search,United States,453,$11.54  ~ $11.54 ,$46.91 ,N/A,0.02%,90.12%,N/A
Society (Legacy),Fine Art,Canada,13,$15.54  ~ $15.54 ,N/A,N/A,N/A,78.99%,N/A
Society (Legacy),Fine Art,United States,130,$5.44  ~ $5.44 ,$26.02 ,N/A,0.02%,81.74%,N/A
Society (Legacy),U.S. Government Resources,United States,"1,122",$18.71  ~ $18.71 ,$41.34 ,N/A,0.05%,81.90%,N/A
Society (Legacy),Adult Education,United States,2,$5.86  ~ $17.03 ,N/A,N/A,N/A,84.41%,N/A
Society (Legacy),Business Software,Canada,218,$14.19  ~ $14.23 ,N/A,N/A,N/A,88.58%,N/A
Society (Legacy),Business Software,United States,"10,037",$15.64  ~ $16.92 ,$65.84 ,N/A,0.03%,86.45%,N/A
Society (Legacy),Dogs,Canada,346,$11.45  ~ $18.11 ,N/A,N/A,N/A,91.77%,N/A
Society (Legacy),Dogs,United States,219,$27.18  ~ $27.56 ,$112.25 ,N/A,0.02%,81.04%,N/A
Society (Legacy),Advertising,Canada,1,$15.79  ~ $32.08 ,N/A,N/A,N/A,79.96%,N/A
Society (Legacy),Advertising,United States,"1,614",$8.76  ~ $19.70 ,$54.88 ,N/A,0.02%,79.67%,N/A
Society (Legacy),Politics,United States,"11,085",$21.14  ~ $21.54 ,$20.80 ,N/A,0.10%,82.19%,N/A
Society (Legacy),Computer Networking,United States,104,$0.00  ~ $0.00 ,N/A,N/A,N/A,N/A,N/A
Society (Legacy),Cameras & Camcorders,United States,27,$0.00  ~ $0.00 ,N/A,N/A,N/A,N/A,N/A
Society (Legacy),Birdwatching,United States,7,$0.00  ~ $0.00 ,N/A,N/A,N/A,N/A,N/A
Society (Legacy),Bed & Breakfasts,United States,42,$0.00  ~ $0.00 ,N/A,N/A,N/A,N/A,N/A
Society (Legacy),Football,United States,3,$0.00  ~ $0.00 ,N/A,N/A,N/A,N/A,N/A
Society (Legacy),Air Travel,United States,1,$0.00  ~ $0.00 ,N/A,N/A,N/A,N/A,N/A
Society (Legacy),Canada,Canada,562,$0.00  ~ $0.00 ,N/A,N/A,N/A,N/A,N/A
Society (Legacy),Motorcycles,United States,2,$0.00  ~ $0.00 ,N/A,N/A,N/A,N/A,N/A
Society (Legacy),Jewelry,United States,1,$0.00  ~ $0.00 ,N/A,N/A,N/A,N/A,N/A
Society (Legacy),Road-Side Assistance,United States,3,$0.00  ~ $0.00 ,N/A,N/A,N/A,N/A,N/A
Sports (Legacy),Travel,United States,"2,948",$11.90  ~ $12.44 ,$58.92 ,N/A,0.02%,75.47%,N/A
Sports (Legacy),Travel,Canada,151,$15.62  ~ $18.55 ,$20.52 ,N/A,0.09%,83.90%,N/A
Sports (Legacy),Metals,United States,"4,856",$4.10  ~ $5.38 ,$45.81 ,N/A,0.01%,76.23%,N/A
Sports (Legacy),Metals,Canada,23,$18.54  ~ $29.17 ,$29.39 ,N/A,0.06%,78.58%,N/A
Sports (Legacy),Family & Parenting,United States,"1,077",$6.68  ~ $7.04 ,$27.34 ,N/A,0.03%,52.47%,N/A
Sports (Legacy),Gardening,United States,36,$15.70  ~ $15.70 ,$31.05 ,N/A,0.05%,60.14%,N/A
Sports (Legacy),Dining Out,United States,"5,134",$16.57  ~ $16.57 ,$39.49 ,N/A,0.04%,75.01%,N/A
Sports (Legacy),Veterinary Medicine,United States,95,$0.58  ~ $0.58 ,N/A,N/A,N/A,74.53%,N/A
Sports (Legacy),Parenting - K-6 Kids,United States,4,$17.40  ~ $17.40 ,N/A,N/A,N/A,14.85%,N/A
Sports (Legacy),Fine Art,Canada,12,$15.89  ~ $15.89 ,$11.49 ,N/A,0.14%,63.22%,N/A
Sports (Legacy),Fine Art,United States,322,$4.29  ~ $4.29 ,N/A,N/A,N/A,56.20%,N/A
Sports (Legacy),U.S. Government Resources,United States,316,$18.74  ~ $18.74 ,$33.37 ,N/A,0.06%,69.16%,N/A
Sports (Legacy),Adult Education,United States,12,$6.13  ~ $20.09 ,N/A,N/A,N/A,67.64%,N/A
Sports (Legacy),Private School,United States,123,$14.20  ~ $30.17 ,N/A,N/A,N/A,60.69%,N/A
Sports (Legacy),Physical Therapy,United States,1,$10.65  ~ $10.65 ,N/A,N/A,N/A,67.80%,N/A
Sports (Legacy),Credit/Debt & Loans,United States,587,$16.38  ~ $23.97 ,$37.62 ,N/A,0.04%,69.92%,N/A
Sports (Legacy),Auto Parts,United States,787,$7.89  ~ $7.89 ,$83.62 ,N/A,0.01%,77.61%,N/A
Sports (Legacy),Construction,United States,22,$13.93  ~ $14.91 ,$29.76 ,N/A,0.05%,69.49%,N/A
Sports (Legacy),Health & Fitness,United States,"10,345",$6.95  ~ $10.94 ,$31.71 ,N/A,0.03%,63.24%,N/A
Sports (Legacy),Health & Fitness,Canada,240,$5.65  ~ $12.10 ,$21.92 ,N/A,0.03%,65.26%,N/A
Sports (Legacy),"Law, Gov't & Politics",United States,950,$20.18  ~ $23.54 ,$43.47 ,N/A,0.05%,57.33%,N/A
Sports (Legacy),Honeymoons/Getaways,Canada,181,$25.31  ~ $25.31 ,$16.24 ,N/A,0.16%,45.56%,N/A
Sports (Legacy),Honeymoons/Getaways,United States,287,$23.46  ~ $31.52 ,$25.43 ,N/A,0.12%,59.90%,N/A
Sports (Legacy),Cruises,Canada,1,$14.75  ~ $14.75 ,N/A,N/A,N/A,62.28%,N/A
Sports (Legacy),Cruises,United States,129,$14.44  ~ $14.44 ,$45.49 ,N/A,0.03%,76.53%,N/A
Sports (Legacy),Agriculture,Canada,2,$18.30  ~ $18.30 ,$22.38 ,N/A,0.08%,81.07%,N/A
Sports (Legacy),Agriculture,United States,12,$2.54  ~ $2.63 ,$190.71 ,N/A,0.00%,76.12%,N/A
Sports (Legacy),Pediatrics,United States,115,$15.40  ~ $20.92 ,$16.81 ,N/A,0.09%,63.31%,N/A
Sports (Legacy),Politics,United States,"21,147",$20.56  ~ $21.07 ,$45.92 ,N/A,0.04%,63.61%,N/A
Sports (Legacy),Graduate School,United States,"1,754",$16.82  ~ $16.86 ,$87.09 ,N/A,0.02%,68.65%,N/A
Sports (Legacy),Home Repair,United States,"1,537",$15.27  ~ $15.54 ,$24.44 ,N/A,0.06%,68.79%,N/A
Sports (Legacy),Theme Parks,United States,42,$37.64  ~ $53.26 ,N/A,N/A,N/A,71.68%,N/A
Sports (Legacy),Cancer,United States,13,$47.09  ~ $47.09 ,$108.36 ,N/A,0.04%,69.00%,N/A
Sports (Legacy),Cancer,Canada,24,$18.40  ~ $43.47 ,N/A,N/A,N/A,82.93%,N/A
Sports (Legacy),Pets,United States,19,$16.81  ~ $38.21 ,N/A,N/A,N/A,74.84%,N/A
Sports (Legacy),By US Locale,United States,7,$18.71  ~ $41.27 ,N/A,N/A,N/A,80.86%,N/A
Sports (Legacy),Interior Decorating,United States,265,$10.35  ~ $11.45 ,$20.76 ,N/A,0.06%,61.88%,N/A
Sports (Legacy),Senior Living,United States,"3,426",$3.54  ~ $3.91 ,$23.46 ,N/A,0.02%,76.93%,N/A
Sports (Legacy),Comparison,United States,1,$2.69  ~ $2.69 ,N/A,N/A,N/A,38.77%,N/A
Sports (Legacy),Business,Canada,428,$1.01  ~ $1.68 ,$39.08 ,N/A,0.00%,62.37%,N/A
Sports (Legacy),Business,United States,"19,226",$5.83  ~ $11.93 ,$34.04 ,N/A,0.02%,63.28%,N/A
Sports (Legacy),Alternative Medicine,United States,200,$17.99  ~ $19.01 ,$30.27 ,N/A,0.06%,63.45%,N/A
Sports (Legacy),Books & Literature,United States,25,$18.19  ~ $18.19 ,$17.32 ,N/A,0.11%,75.89%,N/A
Sports (Legacy),Computer Peripherals,United States,191,$2.53  ~ $2.53 ,$41.15 ,N/A,0.01%,80.92%,N/A
Sports (Legacy),Catholicism,United States,7,$17.11  ~ $40.12 ,N/A,N/A,N/A,69.98%,N/A
Sports (Legacy),Sexuality,United States,14,$11.04  ~ $11.04 ,N/A,N/A,N/A,65.42%,N/A
Sports (Legacy),Automotive,United States,189,$4.65  ~ $4.66 ,$40.30 ,N/A,0.01%,62.44%,N/A
Sports (Legacy),Card Games,United States,612,$29.05  ~ $30.78 ,$97.75 ,N/A,0.03%,78.96%,N/A
Sports (Legacy),Chronic Pain,United States,83,$22.68  ~ $22.68 ,$61.81 ,N/A,0.04%,76.97%,N/A
Sports (Legacy),Dental Care,United States,13,$3.94  ~ $4.85 ,$9.89 ,N/A,0.05%,58.98%,N/A
Sports (Legacy),Senor Health,United States,166,$18.39  ~ $18.39 ,$25.69 ,N/A,0.07%,73.11%,N/A
Sports (Legacy),Biotech/Biomedical,Canada,57,$18.59  ~ $42.72 ,N/A,N/A,N/A,91.10%,N/A
Sports (Legacy),Biotech/Biomedical,United States,"5,899",$14.59  ~ $37.82 ,$31.83 ,N/A,0.05%,74.45%,N/A
Sports (Legacy),Education,United States,"5,626",$16.71  ~ $18.01 ,$32.07 ,N/A,0.05%,69.18%,N/A
Sports (Legacy),Investing,United States,102,$1.02  ~ $1.02 ,$4.77 ,N/A,0.02%,74.64%,N/A
Sports (Legacy),Hotels,United States,"1,277",$2.59  ~ $9.14 ,$58.16 ,N/A,0.02%,68.14%,N/A
Sports (Legacy),Commentary,United States,227,$17.70  ~ $18.16 ,$19.36 ,N/A,0.09%,43.64%,N/A
Sports (Legacy),Legal Issues,Canada,21,$19.19  ~ $19.21 ,$28.56 ,N/A,0.07%,74.39%,N/A
Sports (Legacy),Legal Issues,United States,"8,045",$16.53  ~ $16.54 ,$75.93 ,N/A,0.02%,64.10%,N/A
Sports (Legacy),Pro Ice Hockey,Canada,118,$15.48  ~ $37.02 ,$42.29 ,N/A,0.04%,74.99%,N/A
Sports (Legacy),Buying/Selling Cars,United States,"1,018",$14.58  ~ $14.58 ,$55.43 ,N/A,0.03%,69.51%,N/A
Sports (Legacy),Personal Finance,Canada,55,$18.32  ~ $39.08 ,$19.38 ,N/A,0.09%,71.98%,N/A
Sports (Legacy),Personal Finance,United States,"7,686",$15.57  ~ $16.98 ,$10.03 ,N/A,0.16%,61.48%,N/A
Sports (Legacy),Remodeling & Construction,United States,530,$19.50  ~ $19.50 ,$55.95 ,N/A,0.03%,92.25%,N/A
Sports (Legacy),Career Planning,United States,83,$12.57  ~ $12.59 ,$45.50 ,N/A,0.03%,44.09%,N/A
Sports (Legacy),Music,United States,192,$8.89  ~ $18.89 ,$65.63 ,N/A,0.01%,54.32%,N/A
Sports (Legacy),Buying/Selling Homes,United States,147,$11.78  ~ $13.74 ,$36.76 ,N/A,0.04%,51.22%,N/A
Sports (Legacy),Large Animals,United States,50,$18.68  ~ $18.68 ,$80.28 ,N/A,0.02%,66.93%,N/A
Sports (Legacy),Home & Garden,United States,"11,895",$7.08  ~ $8.57 ,$12.47 ,N/A,0.07%,67.54%,N/A
Sports (Legacy),Pro Basketball,Canada,32,$6.19  ~ $12.66 ,$89.42 ,N/A,0.01%,90.46%,N/A
Sports (Legacy),Pro Basketball,United States,"1,477",$18.19  ~ $18.19 ,$31.95 ,N/A,0.06%,55.89%,N/A
Sports (Legacy),College,United States,"1,123",$11.52  ~ $13.79 ,$44.98 ,N/A,0.03%,62.98%,N/A
Sports (Legacy),Job Search,United States,347,$12.98  ~ $12.98 ,$84.77 ,N/A,0.02%,83.51%,N/A
Sports (Legacy),Weight Loss,United States,161,$10.15  ~ $10.15 ,$40.20 ,N/A,0.03%,86.47%,N/A
Sports (Legacy),Human Resources,United States,699,$14.34  ~ $20.15 ,$67.58 ,N/A,0.02%,33.92%,N/A
Sports (Legacy),News,Canada,526,$11.72  ~ $15.23 ,$28.62 ,N/A,0.04%,66.05%,N/A
Sports (Legacy),News,United States,317,$15.07  ~ $15.92 ,$54.74 ,N/A,0.03%,62.20%,N/A
Sports (Legacy),Business Software,Canada,117,$8.52  ~ $8.54 ,$39.37 ,N/A,0.02%,70.10%,N/A
Sports (Legacy),Business Software,United States,"8,025",$11.40  ~ $13.24 ,$63.04 ,N/A,0.02%,68.88%,N/A
Sports (Legacy),K-6 Educators,United States,156,$14.36  ~ $14.36 ,$11.49 ,N/A,0.12%,48.07%,N/A
Sports (Legacy),Nutrition,United States,769,$18.01  ~ $18.01 ,$5.62 ,N/A,0.32%,67.34%,N/A
Sports (Legacy),Cold & Flu,United States,"2,098",$11.78  ~ $25.51 ,$33.06 ,N/A,0.04%,62.57%,N/A
Sports (Legacy),Exercise,United States,10,$20.12  ~ $20.12 ,N/A,N/A,N/A,75.40%,N/A
Sports (Legacy),Shopping,Canada,62,$4.98  ~ $10.03 ,$15.32 ,N/A,0.03%,67.03%,N/A
Sports (Legacy),Shopping,United States,"4,434",$9.48  ~ $11.22 ,$32.78 ,N/A,0.03%,71.85%,N/A
Sports (Legacy),Accessories,United States,218,$18.97  ~ $19.72 ,$169.66 ,N/A,0.01%,69.88%,N/A
Sports (Legacy),Hobbies & Interests,United States,"1,874",$10.64  ~ $12.98 ,$68.82 ,N/A,0.02%,68.17%,N/A
Sports (Legacy),Contests & Freebies,United States,58,$2.57  ~ $2.57 ,N/A,N/A,N/A,62.78%,N/A
Sports (Legacy),Incest/Abuse Support,United States,"1,243",$20.72  ~ $20.72 ,$45.05 ,N/A,0.05%,71.38%,N/A
Sports (Legacy),Weddings,United States,11,$19.07  ~ $19.07 ,$14.32 ,N/A,0.13%,76.99%,N/A
Sports (Legacy),Internet Technology,United States,15,$6.00  ~ $6.00 ,N/A,N/A,N/A,88.32%,N/A
Sports (Legacy),Couponing,United States,"1,878",$0.60  ~ $0.60 ,$12.46 ,N/A,0.00%,70.46%,N/A
Sports (Legacy),Cigars,United States,3,$17.56  ~ $17.56 ,$24.96 ,N/A,0.07%,52.98%,N/A
Sports (Legacy),Auto Repair,United States,"3,596",$12.66  ~ $14.84 ,$15.43 ,N/A,0.08%,64.84%,N/A
Sports (Legacy),Advertising,Canada,11,$14.83  ~ $36.71 ,$34.71 ,N/A,0.04%,71.00%,N/A
Sports (Legacy),Advertising,United States,993,$8.68  ~ $19.87 ,$85.35 ,N/A,0.01%,67.84%,N/A
Sports (Legacy),Food & Drink,United States,"5,790",$8.28  ~ $9.21 ,$67.85 ,N/A,0.01%,78.92%,N/A
Sports (Legacy),Cocktails/Beer,United States,487,$21.89  ~ $21.89 ,$37.95 ,N/A,0.06%,73.55%,N/A
Sports (Legacy),Logistics,Canada,675,$5.09  ~ $24.88 ,$37.11 ,N/A,0.07%,79.33%,N/A
Sports (Legacy),Logistics,United States,616,$19.16  ~ $21.02 ,$29.20 ,N/A,0.07%,70.09%,N/A
Sports (Legacy),Psychology/Psychiatry,United States,"2,269",$9.19  ~ $9.66 ,$27.23 ,N/A,0.04%,63.74%,N/A
Sports (Legacy),Mutual Funds,United States,739,$18.18  ~ $18.18 ,$15.53 ,N/A,0.12%,68.74%,N/A
Sports (Legacy),Infertility,United States,1,$6.46  ~ $6.49 ,$28.46 ,N/A,0.02%,84.65%,N/A
Sports (Legacy),Careers,Canada,1,$13.54  ~ $13.54 ,N/A,N/A,N/A,61.02%,N/A
Sports (Legacy),Careers,United States,906,$14.82  ~ $17.00 ,$25.66 ,N/A,0.07%,79.10%,N/A
Sports (Legacy),Dogs,Canada,352,$11.34  ~ $17.66 ,$69.35 ,N/A,0.03%,88.91%,N/A
Sports (Legacy),Dogs,United States,24,$27.06  ~ $27.57 ,$71.56 ,N/A,0.04%,79.15%,N/A
Sports (Legacy),Health/Lowfat Cooking,United States,728,$15.48  ~ $15.62 ,$28.74 ,N/A,0.05%,73.07%,N/A
Sports (Legacy),Health/Lowfat Cooking,Canada,132,$18.44  ~ $46.07 ,N/A,N/A,N/A,86.04%,N/A
Sports (Legacy),Insurance,United States,"20,335",$29.38  ~ $29.66 ,$77.53 ,N/A,0.04%,62.79%,N/A
Sports (Legacy),Insurance,Canada,148,$17.35  ~ $17.35 ,$70.95 ,N/A,0.02%,66.96%,N/A
Sports (Legacy),Green Solutions,United States,159,$17.59  ~ $17.59 ,$55.75 ,N/A,0.03%,64.27%,N/A
Sports (Legacy),Apartments,United States,4,$9.90  ~ $9.90 ,$9.44 ,N/A,0.10%,76.56%,N/A
Sports (Legacy),Clothing,United States,617,$20.50  ~ $20.50 ,$43.51 ,N/A,0.05%,57.13%,N/A
Sports (Legacy),Clothing,Canada,56,$6.92  ~ $6.92 ,$13.86 ,N/A,0.05%,72.22%,N/A
Sports (Legacy),Adventure Travel,United States,289,$4.14  ~ $35.75 ,$58.26 ,N/A,0.01%,69.80%,N/A
Sports (Legacy),Arts & Entertainment,United States,463,$16.54  ~ $19.51 ,$41.99 ,N/A,0.04%,74.02%,N/A
Sports (Legacy),Arts & Entertainment,Canada,132,$0.59  ~ $10.54 ,$43.41 ,N/A,0.02%,73.47%,N/A
Sports (Legacy),Real Estate,United States,"2,370",$6.84  ~ $6.86 ,$53.13 ,N/A,0.01%,65.42%,N/A
Sports (Legacy),Jewelry,United States,1,$0.00  ~ $0.00 ,N/A,N/A,N/A,N/A,N/A
Sports (Legacy),Road-Side Assistance,United States,1,$0.00  ~ $0.00 ,N/A,N/A,N/A,N/A,N/A
Sports (Legacy),Birdwatching,United States,110,$0.00  ~ $0.00 ,N/A,N/A,N/A,N/A,N/A
Sports (Legacy),Bed & Breakfasts,United States,288,$0.00  ~ $0.00 ,N/A,N/A,N/A,N/A,N/A
Sports (Legacy),Computer Networking,United States,52,$0.00  ~ $0.00 ,N/A,N/A,N/A,N/A,N/A
Sports (Legacy),Art/Technology,United States,1,$0.00  ~ $0.00 ,N/A,N/A,N/A,N/A,N/A
Sports (Legacy),Cameras & Camcorders,United States,24,$0.00  ~ $0.00 ,N/A,N/A,N/A,N/A,N/A
Sports (Legacy),Canada,Canada,176,$0.00  ~ $0.00 ,N/A,N/A,N/A,N/A,N/A
Style & Fashion (Legacy),Hobbies & Interests,United States,143,$11.30  ~ $18.22 ,$77.46 ,N/A,0.01%,87.80%,N/A
Style & Fashion (Legacy),Senor Health,United States,23,$18.72  ~ $18.72 ,$78.49 ,N/A,0.02%,79.35%,N/A
Style & Fashion (Legacy),Sexuality,United States,14,$11.04  ~ $11.04 ,N/A,N/A,N/A,80.20%,N/A
Style & Fashion (Legacy),Theme Parks,United States,8,$39.53  ~ $52.83 ,N/A,N/A,N/A,74.60%,N/A
Style & Fashion (Legacy),Business Software,Canada,52,$10.42  ~ $10.55 ,$48.10 ,N/A,0.02%,74.71%,N/A
Style & Fashion (Legacy),Business Software,United States,"1,053",$14.88  ~ $16.35 ,$191.67 ,N/A,0.01%,82.36%,N/A
Style & Fashion (Legacy),Legal Issues,Canada,4,$23.16  ~ $23.19 ,$13.76 ,N/A,0.17%,78.01%,N/A
Style & Fashion (Legacy),Legal Issues,United States,270,$16.32  ~ $16.49 ,$80.42 ,N/A,0.02%,79.39%,N/A
Style & Fashion (Legacy),Personal Finance,United States,"1,638",$14.82  ~ $16.15 ,$13.01 ,N/A,0.11%,62.67%,N/A
Style & Fashion (Legacy),Personal Finance,Canada,14,$17.74  ~ $39.63 ,$27.76 ,N/A,0.06%,74.06%,N/A
Style & Fashion (Legacy),Buying/Selling Homes,United States,10,$9.89  ~ $15.01 ,N/A,N/A,N/A,77.15%,N/A
Style & Fashion (Legacy),Nutrition,United States,351,$18.22  ~ $18.22 ,$10.32 ,N/A,0.18%,69.59%,N/A
Style & Fashion (Legacy),Advertising,Canada,2,$16.58  ~ $36.21 ,N/A,N/A,N/A,75.93%,N/A
Style & Fashion (Legacy),Advertising,United States,168,$8.33  ~ $18.97 ,$32.04 ,N/A,0.03%,80.96%,N/A
Style & Fashion (Legacy),Metals,United States,344,$4.35  ~ $13.77 ,$56.42 ,N/A,0.01%,87.73%,N/A
Style & Fashion (Legacy),Metals,Canada,1,$12.95  ~ $34.78 ,$68.99 ,N/A,0.02%,88.18%,N/A
Style & Fashion (Legacy),Careers,United States,85,$16.71  ~ $17.43 ,$169.46 ,N/A,0.01%,86.20%,N/A
Style & Fashion (Legacy),Pro Ice Hockey,Canada,19,$15.89  ~ $35.08 ,N/A,N/A,N/A,84.97%,N/A
Style & Fashion (Legacy),Shopping,Canada,12,$4.83  ~ $11.57 ,$8.17 ,N/A,0.06%,78.56%,N/A
Style & Fashion (Legacy),Shopping,United States,423,$7.78  ~ $9.93 ,$36.95 ,N/A,0.03%,83.71%,N/A
Style & Fashion (Legacy),Biotech/Biomedical,Canada,5,$18.62  ~ $44.32 ,N/A,N/A,N/A,87.84%,N/A
Style & Fashion (Legacy),Biotech/Biomedical,United States,"1,572",$20.84  ~ $35.75 ,$43.37 ,N/A,0.05%,75.31%,N/A
Style & Fashion (Legacy),Auto Parts,United States,33,$7.65  ~ $7.65 ,N/A,N/A,N/A,91.13%,N/A
Style & Fashion (Legacy),Books & Literature,United States,4,$18.34  ~ $18.34 ,N/A,N/A,N/A,80.27%,N/A
Style & Fashion (Legacy),Career Planning,United States,6,$13.11  ~ $13.14 ,N/A,N/A,N/A,53.83%,N/A
Style & Fashion (Legacy),Pro Basketball,Canada,1,$6.24  ~ $13.84 ,N/A,N/A,N/A,94.84%,N/A
Style & Fashion (Legacy),Weight Loss,United States,85,$9.16  ~ $9.16 ,N/A,N/A,N/A,88.38%,N/A
Style & Fashion (Legacy),U.S. Government Resources,United States,14,$18.69  ~ $18.69 ,$33.32 ,N/A,0.06%,72.07%,N/A
Style & Fashion (Legacy),Accessories,United States,51,$19.16  ~ $19.16 ,$57.87 ,N/A,0.03%,88.60%,N/A
Style & Fashion (Legacy),Travel,Canada,32,$15.56  ~ $16.85 ,$25.74 ,N/A,0.07%,84.32%,N/A
Style & Fashion (Legacy),Travel,United States,428,$10.15  ~ $18.93 ,$112.18 ,N/A,0.01%,93.28%,N/A
Style & Fashion (Legacy),Politics,United States,"1,333",$21.10  ~ $21.82 ,$40.34 ,N/A,0.05%,72.43%,N/A
Style & Fashion (Legacy),Alternative Medicine,United States,60,$17.26  ~ $17.84 ,$38.54 ,N/A,0.05%,69.66%,N/A
Style & Fashion (Legacy),Green Solutions,United States,18,$17.22  ~ $17.22 ,$43.20 ,N/A,0.04%,69.43%,N/A
Style & Fashion (Legacy),Catholicism,United States,1,$17.63  ~ $37.17 ,N/A,N/A,N/A,72.92%,N/A
Style & Fashion (Legacy),Education,United States,967,$16.53  ~ $17.67 ,$61.06 ,N/A,0.03%,77.45%,N/A
Style & Fashion (Legacy),Clothing,United States,58,$21.43  ~ $21.43 ,$12.48 ,N/A,0.17%,66.35%,N/A
Style & Fashion (Legacy),Clothing,Canada,8,$6.54  ~ $6.54 ,$6.45 ,N/A,0.10%,72.95%,N/A
Style & Fashion (Legacy),News,Canada,40,$14.54  ~ $16.30 ,$16.74 ,N/A,0.09%,72.24%,N/A
Style & Fashion (Legacy),News,United States,54,$9.82  ~ $11.96 ,$35.26 ,N/A,0.03%,85.68%,N/A
Style & Fashion (Legacy),Real Estate,United States,296,$13.43  ~ $13.44 ,$41.44 ,N/A,0.03%,71.86%,N/A
Style & Fashion (Legacy),K-6 Educators,United States,1,$18.33  ~ $18.33 ,N/A,N/A,N/A,83.93%,N/A
Style & Fashion (Legacy),Home Repair,United States,151,$17.86  ~ $18.02 ,$36.22 ,N/A,0.05%,71.32%,N/A
Style & Fashion (Legacy),Food & Drink,United States,197,$6.81  ~ $10.18 ,$120.29 ,N/A,0.01%,87.97%,N/A
Style & Fashion (Legacy),Apartments,United States,3,$5.67  ~ $5.67 ,N/A,N/A,N/A,92.06%,N/A
Style & Fashion (Legacy),Gardening,United States,6,$14.34  ~ $14.34 ,$24.82 ,N/A,0.06%,51.04%,N/A
Style & Fashion (Legacy),Incest/Abuse Support,United States,58,$20.45  ~ $20.45 ,$51.98 ,N/A,0.04%,77.58%,N/A
Style & Fashion (Legacy),Music,United States,31,$11.05  ~ $23.18 ,N/A,N/A,N/A,68.18%,N/A
Style & Fashion (Legacy),Home & Garden,United States,"1,519",$8.02  ~ $9.07 ,$25.04 ,N/A,0.04%,72.51%,N/A
Style & Fashion (Legacy),Honeymoons/Getaways,Canada,14,$25.31  ~ $25.31 ,$24.33 ,N/A,0.10%,57.07%,N/A
Style & Fashion (Legacy),Honeymoons/Getaways,United States,76,$19.04  ~ $30.33 ,$174.92 ,N/A,0.02%,70.89%,N/A
Style & Fashion (Legacy),Business,Canada,46,$2.21  ~ $2.48 ,$18.44 ,N/A,0.01%,91.99%,N/A
Style & Fashion (Legacy),Business,United States,"2,988",$11.42  ~ $12.77 ,$59.33 ,N/A,0.02%,82.92%,N/A
Style & Fashion (Legacy),Logistics,Canada,34,$5.46  ~ $25.01 ,$32.33 ,N/A,0.08%,84.79%,N/A
Style & Fashion (Legacy),Logistics,United States,71,$18.37  ~ $19.92 ,$19.32 ,N/A,0.10%,79.14%,N/A
Style & Fashion (Legacy),Credit/Debt & Loans,United States,40,$17.67  ~ $25.84 ,$22.74 ,N/A,0.08%,74.56%,N/A
Style & Fashion (Legacy),Hotels,United States,144,$12.19  ~ $16.14 ,$33.58 ,N/A,0.05%,81.71%,N/A
Style & Fashion (Legacy),Dogs,Canada,58,$11.37  ~ $17.83 ,$17.22 ,N/A,0.10%,90.35%,N/A
Style & Fashion (Legacy),Dogs,United States,12,$27.10  ~ $27.34 ,N/A,N/A,N/A,77.14%,N/A
Style & Fashion (Legacy),Health/Lowfat Cooking,Canada,6,$18.44  ~ $45.74 ,N/A,N/A,N/A,90.45%,N/A
Style & Fashion (Legacy),Health/Lowfat Cooking,United States,39,$16.79  ~ $16.87 ,$50.95 ,N/A,0.03%,79.44%,N/A
Style & Fashion (Legacy),Buying/Selling Cars,United States,74,$15.58  ~ $15.58 ,$97.37 ,N/A,0.02%,86.95%,N/A
Style & Fashion (Legacy),Pediatrics,United States,6,$13.69  ~ $20.99 ,$19.48 ,N/A,0.07%,69.25%,N/A
Style & Fashion (Legacy),Family & Parenting,United States,211,$8.19  ~ $8.94 ,$75.54 ,N/A,0.01%,77.32%,N/A
Style & Fashion (Legacy),Mutual Funds,United States,141,$18.58  ~ $18.58 ,$20.77 ,N/A,0.09%,62.69%,N/A
Style & Fashion (Legacy),Commentary,United States,1,$18.57  ~ $18.81 ,$36.97 ,N/A,0.05%,64.48%,N/A
Style & Fashion (Legacy),Remodeling & Construction,United States,157,$19.38  ~ $19.38 ,$85.50 ,N/A,0.02%,91.75%,N/A
Style & Fashion (Legacy),Human Resources,United States,158,$19.54  ~ $20.47 ,N/A,N/A,N/A,74.05%,N/A
Style & Fashion (Legacy),College,Canada,16,$5.38  ~ $5.38 ,$12.08 ,N/A,0.04%,75.52%,N/A
Style & Fashion (Legacy),College,United States,126,$11.50  ~ $15.36 ,$45.21 ,N/A,0.03%,75.55%,N/A
Style & Fashion (Legacy),Arts & Entertainment,Canada,19,$1.23  ~ $15.37 ,$46.94 ,N/A,0.03%,85.66%,N/A
Style & Fashion (Legacy),Arts & Entertainment,United States,53,$17.41  ~ $18.62 ,$247.20 ,N/A,0.01%,79.66%,N/A
Style & Fashion (Legacy),Agriculture,Canada,2,$17.59  ~ $17.59 ,N/A,N/A,N/A,86.37%,N/A
Style & Fashion (Legacy),Exercise,United States,11,$20.60  ~ $20.60 ,N/A,N/A,N/A,93.18%,N/A
Style & Fashion (Legacy),Cruises,United States,18,$12.23  ~ $12.23 ,$20.64 ,N/A,0.06%,85.01%,N/A
Style & Fashion (Legacy),Cruises,Canada,1,$14.73  ~ $14.73 ,N/A,N/A,N/A,78.26%,N/A
Style & Fashion (Legacy),Couponing,United States,88,$1.60  ~ $1.60 ,$4.02 ,N/A,0.04%,81.83%,N/A
Style & Fashion (Legacy),Interior Decorating,United States,152,$10.43  ~ $12.38 ,$41.45 ,N/A,0.03%,66.46%,N/A
Style & Fashion (Legacy),"Law, Gov't & Politics",United States,61,$21.16  ~ $25.71 ,$37.89 ,N/A,0.07%,77.55%,N/A
Style & Fashion (Legacy),Senior Living,United States,242,$4.42  ~ $4.76 ,$14.26 ,N/A,0.03%,76.56%,N/A
Style & Fashion (Legacy),Health & Fitness,United States,"1,658",$13.84  ~ $16.08 ,$37.03 ,N/A,0.04%,81.29%,N/A
Style & Fashion (Legacy),Health & Fitness,Canada,15,$8.04  ~ $17.95 ,$6.57 ,N/A,0.12%,70.27%,N/A
Style & Fashion (Legacy),Large Animals,United States,11,$14.34  ~ $14.34 ,N/A,N/A,N/A,93.50%,N/A
Style & Fashion (Legacy),Fine Art,United States,17,$5.49  ~ $5.49 ,N/A,N/A,N/A,71.14%,N/A
Style & Fashion (Legacy),Graduate School,United States,620,$13.72  ~ $13.76 ,$19.37 ,N/A,0.07%,72.48%,N/A
Style & Fashion (Legacy),Dining Out,United States,351,$16.53  ~ $16.53 ,$68.49 ,N/A,0.02%,81.63%,N/A
Style & Fashion (Legacy),Cold & Flu,United States,240,$11.42  ~ $22.89 ,$20.60 ,N/A,0.06%,71.44%,N/A
Style & Fashion (Legacy),Private School,United States,6,$16.66  ~ $39.44 ,N/A,N/A,N/A,63.68%,N/A
Style & Fashion (Legacy),Contests & Freebies,United States,7,$2.26  ~ $2.26 ,$1.47 ,N/A,0.15%,77.64%,N/A
Style & Fashion (Legacy),Chronic Pain,United States,9,$22.56  ~ $22.56 ,N/A,N/A,N/A,81.63%,N/A
Style & Fashion (Legacy),Auto Repair,United States,176,$15.70  ~ $16.34 ,$28.29 ,N/A,0.06%,72.48%,N/A
Style & Fashion (Legacy),Insurance,Canada,6,$17.48  ~ $17.48 ,N/A,N/A,N/A,80.57%,N/A
Style & Fashion (Legacy),Insurance,United States,196,$27.32  ~ $28.41 ,$39.42 ,N/A,0.07%,74.08%,N/A
Style & Fashion (Legacy),Automotive,United States,39,$11.81  ~ $11.82 ,$83.99 ,N/A,0.01%,82.94%,N/A
Style & Fashion (Legacy),Job Search,United States,16,$13.30  ~ $13.30 ,$57.45 ,N/A,0.02%,87.84%,N/A
Style & Fashion (Legacy),Infertility,United States,1,$7.79  ~ $7.79 ,N/A,N/A,N/A,92.19%,N/A
Style & Fashion (Legacy),Cocktails/Beer,United States,97,$21.74  ~ $21.74 ,$53.58 ,N/A,0.04%,78.76%,N/A
Style & Fashion (Legacy),Weddings,United States,3,$18.86  ~ $18.86 ,N/A,N/A,N/A,80.42%,N/A
Style & Fashion (Legacy),Dental Care,United States,8,$3.90  ~ $4.32 ,N/A,N/A,N/A,45.00%,N/A
Style & Fashion (Legacy),Cancer,Canada,5,$18.65  ~ $38.97 ,N/A,N/A,N/A,90.80%,N/A
Style & Fashion (Legacy),Cancer,United States,1,$46.21  ~ $46.21 ,N/A,N/A,N/A,85.32%,N/A
Style & Fashion (Legacy),Card Games,United States,87,$27.78  ~ $28.59 ,$57.92 ,N/A,0.05%,82.38%,N/A
Style & Fashion (Legacy),Adventure Travel,United States,26,$3.86  ~ $33.38 ,$13.08 ,N/A,0.03%,94.49%,N/A
Style & Fashion (Legacy),Pets,United States,1,$17.48  ~ $41.34 ,N/A,N/A,N/A,82.61%,N/A
Style & Fashion (Legacy),Investing,United States,29,$1.07  ~ $1.07 ,N/A,N/A,N/A,66.30%,N/A
Style & Fashion (Legacy),Computer Peripherals,United States,56,$7.33  ~ $7.33 ,N/A,N/A,N/A,86.15%,N/A
Style & Fashion (Legacy),Psychology/Psychiatry,United States,342,$7.82  ~ $8.66 ,$34.64 ,N/A,0.02%,66.93%,N/A
Style & Fashion (Legacy),Bed & Breakfasts,United States,12,$0.00  ~ $0.00 ,N/A,N/A,N/A,N/A,N/A
Style & Fashion (Legacy),Computer Networking,United States,9,$0.00  ~ $0.00 ,N/A,N/A,N/A,N/A,N/A
Style & Fashion (Legacy),Art/Technology,United States,2,$0.00  ~ $0.00 ,N/A,N/A,N/A,N/A,N/A
Style & Fashion (Legacy),Birdwatching,United States,2,$0.00  ~ $0.00 ,N/A,N/A,N/A,N/A,N/A
Style & Fashion (Legacy),Canada,Canada,37,$0.00  ~ $0.00 ,N/A,N/A,N/A,N/A,N/A
Style & Fashion (Legacy),Jewelry,United States,3,$0.00  ~ $0.00 ,N/A,N/A,N/A,N/A,N/A
Style & Fashion (Legacy),Cameras & Camcorders,United States,5,$0.00  ~ $0.00 ,N/A,N/A,N/A,N/A,N/A
Technology & Computing (Legacy),Couponing,United States,98,$0.51  ~ $0.51 ,$12.42 ,N/A,0.00%,69.00%,N/A
Technology & Computing (Legacy),Insurance,Canada,33,$17.50  ~ $17.50 ,$85.08 ,N/A,0.02%,71.99%,N/A
Technology & Computing (Legacy),Insurance,United States,457,$26.56  ~ $27.80 ,$102.06 ,N/A,0.03%,73.77%,N/A
Technology & Computing (Legacy),Comparison,United States,21,$2.77  ~ $2.77 ,N/A,N/A,N/A,47.86%,N/A
Technology & Computing (Legacy),Investors & Patents,United States,2,$79.10  ~ $79.10 ,N/A,N/A,N/A,7.50%,N/A
Technology & Computing (Legacy),Nutrition,United States,299,$18.31  ~ $18.31 ,$11.67 ,N/A,0.16%,66.18%,N/A
Technology & Computing (Legacy),Internet Technology,United States,1,$6.23  ~ $6.23 ,$2.45 ,N/A,0.25%,91.74%,N/A
Technology & Computing (Legacy),Honeymoons/Getaways,Canada,155,$24.05  ~ $24.05 ,$16.85 ,N/A,0.14%,46.91%,N/A
Technology & Computing (Legacy),Honeymoons/Getaways,United States,75,$25.11  ~ $31.71 ,$38.01 ,N/A,0.08%,61.58%,N/A
Technology & Computing (Legacy),Real Estate,United States,563,$6.43  ~ $6.44 ,$98.93 ,N/A,0.01%,70.58%,N/A
Technology & Computing (Legacy),Cruises,Canada,4,$14.71  ~ $14.71 ,N/A,N/A,N/A,71.62%,N/A
Technology & Computing (Legacy),Cruises,United States,96,$13.35  ~ $13.35 ,$41.59 ,N/A,0.03%,83.49%,N/A
Technology & Computing (Legacy),Cold & Flu,United States,287,$11.21  ~ $24.73 ,$58.49 ,N/A,0.02%,62.87%,N/A
Technology & Computing (Legacy),Incest/Abuse Support,United States,254,$20.08  ~ $20.08 ,$69.18 ,N/A,0.03%,73.81%,N/A
Technology & Computing (Legacy),Business,Canada,130,$1.07  ~ $1.64 ,$59.43 ,N/A,0.00%,64.80%,N/A
Technology & Computing (Legacy),Business,United States,"5,258",$4.54  ~ $10.25 ,$59.22 ,N/A,0.01%,65.55%,N/A
Technology & Computing (Legacy),Careers,United States,367,$15.88  ~ $16.04 ,$48.55 ,N/A,0.03%,82.76%,N/A
Technology & Computing (Legacy),Politics,United States,"6,225",$18.98  ~ $19.91 ,$60.26 ,N/A,0.03%,64.40%,N/A
Technology & Computing (Legacy),Credit/Debt & Loans,United States,284,$16.77  ~ $24.62 ,$46.71 ,N/A,0.04%,65.88%,N/A
Technology & Computing (Legacy),Human Resources,United States,169,$19.70  ~ $20.62 ,$68.73 ,N/A,0.03%,75.23%,N/A
Technology & Computing (Legacy),Mutual Funds,United States,132,$17.21  ~ $17.21 ,$18.15 ,N/A,0.09%,66.46%,N/A
Technology & Computing (Legacy),Card Games,United States,354,$24.73  ~ $24.91 ,$145.39 ,N/A,0.02%,83.02%,N/A
Technology & Computing (Legacy),U.S. Government Resources,United States,122,$18.59  ~ $18.59 ,$27.25 ,N/A,0.07%,77.17%,N/A
Technology & Computing (Legacy),Advertising,Canada,1,$15.23  ~ $37.39 ,$27.45 ,N/A,0.06%,74.48%,N/A
Technology & Computing (Legacy),Advertising,United States,544,$7.86  ~ $19.94 ,$125.99 ,N/A,0.01%,71.28%,N/A
Technology & Computing (Legacy),Health & Fitness,United States,"4,052",$4.31  ~ $10.42 ,$37.93 ,N/A,0.03%,67.46%,N/A
Technology & Computing (Legacy),Health & Fitness,Canada,74,$6.28  ~ $13.15 ,$32.80 ,N/A,0.02%,68.65%,N/A
Technology & Computing (Legacy),Private School,United States,40,$13.84  ~ $30.08 ,$59.99 ,N/A,0.02%,63.84%,N/A
Technology & Computing (Legacy),Investing,United States,55,$0.80  ~ $0.80 ,$2.15 ,N/A,0.04%,75.96%,N/A
Technology & Computing (Legacy),Contests & Freebies,United States,14,$2.57  ~ $2.57 ,N/A,N/A,N/A,74.72%,N/A
Technology & Computing (Legacy),Books & Literature,United States,4,$18.09  ~ $18.09 ,N/A,N/A,N/A,81.44%,N/A
Technology & Computing (Legacy),Food & Drink,United States,460,$7.16  ~ $8.85 ,$103.01 ,N/A,0.01%,83.73%,N/A
Technology & Computing (Legacy),Weddings,United States,6,$18.88  ~ $18.88 ,N/A,N/A,N/A,79.35%,N/A
Technology & Computing (Legacy),Arts & Entertainment,Canada,40,$0.31  ~ $11.35 ,$54.89 ,N/A,0.02%,79.35%,N/A
Technology & Computing (Legacy),Arts & Entertainment,United States,191,$14.92  ~ $15.99 ,$50.63 ,N/A,0.03%,74.50%,N/A
Technology & Computing (Legacy),Theme Parks,United States,20,$40.25  ~ $52.47 ,N/A,N/A,N/A,78.91%,N/A
Technology & Computing (Legacy),Dining Out,United States,"1,025",$16.30  ~ $16.30 ,$124.13 ,N/A,0.01%,80.05%,N/A
Technology & Computing (Legacy),Hobbies & Interests,United States,242,$10.54  ~ $14.07 ,$96.43 ,N/A,0.01%,71.83%,N/A
Technology & Computing (Legacy),Hobbies & Interests,Canada,1,$10.04  ~ $22.00 ,N/A,N/A,N/A,50.00%,N/A
Technology & Computing (Legacy),Sexuality,United States,21,$11.03  ~ $11.03 ,N/A,N/A,N/A,68.32%,N/A
Technology & Computing (Legacy),Dogs,Canada,110,$11.25  ~ $17.88 ,$20.07 ,N/A,0.09%,91.15%,N/A
Technology & Computing (Legacy),Dogs,United States,18,$27.05  ~ $27.35 ,N/A,N/A,N/A,80.92%,N/A
Technology & Computing (Legacy),"Law, Gov't & Politics",United States,519,$17.11  ~ $22.12 ,$14.15 ,N/A,0.16%,74.22%,N/A
Technology & Computing (Legacy),Construction,United States,4,$12.16  ~ $13.85 ,$182.33 ,N/A,0.01%,78.54%,N/A
Technology & Computing (Legacy),Hotels,United States,357,$4.51  ~ $7.93 ,$46.62 ,N/A,0.02%,67.45%,N/A
Technology & Computing (Legacy),Cocktails/Beer,United States,237,$21.27  ~ $21.27 ,$72.52 ,N/A,0.03%,79.64%,N/A
Technology & Computing (Legacy),Auto Repair,United States,597,$10.99  ~ $13.51 ,$72.36 ,N/A,0.02%,65.03%,N/A
Technology & Computing (Legacy),Pro Ice Hockey,Canada,29,$15.35  ~ $35.33 ,$28.60 ,N/A,0.05%,78.61%,N/A
Technology & Computing (Legacy),Senior Living,United States,265,$3.66  ~ $3.85 ,$20.75 ,N/A,0.02%,78.44%,N/A
Technology & Computing (Legacy),Alternative Medicine,United States,52,$16.63  ~ $17.63 ,$48.02 ,N/A,0.04%,74.80%,N/A
Technology & Computing (Legacy),Personal Finance,United States,"1,972",$14.23  ~ $15.58 ,$16.20 ,N/A,0.09%,68.79%,N/A
Technology & Computing (Legacy),Personal Finance,Canada,12,$18.17  ~ $44.16 ,$21.73 ,N/A,0.08%,76.07%,N/A
Technology & Computing (Legacy),Cancer,United States,2,$46.01  ~ $46.01 ,N/A,N/A,N/A,71.21%,N/A
Technology & Computing (Legacy),Cancer,Canada,4,$17.99  ~ $42.79 ,$88.26 ,N/A,0.02%,91.04%,N/A
Technology & Computing (Legacy),Gardening,United States,50,$15.50  ~ $15.50 ,$34.76 ,N/A,0.04%,62.03%,N/A
Technology & Computing (Legacy),Education,United States,"3,282",$15.28  ~ $16.78 ,$58.46 ,N/A,0.03%,75.45%,N/A
Technology & Computing (Legacy),Remodeling & Construction,United States,220,$18.74  ~ $18.74 ,$90.72 ,N/A,0.02%,90.43%,N/A
Technology & Computing (Legacy),Job Search,United States,58,$12.30  ~ $12.30 ,$583.44 ,N/A,0.00%,84.68%,N/A
Technology & Computing (Legacy),Infertility,United States,1,$6.44  ~ $6.46 ,N/A,N/A,N/A,93.47%,N/A
Technology & Computing (Legacy),By US Locale,United States,2,$18.82  ~ $45.14 ,N/A,N/A,N/A,89.97%,N/A
Technology & Computing (Legacy),Dental Care,United States,1,$3.95  ~ $5.17 ,$5.97 ,N/A,0.09%,77.17%,N/A
Technology & Computing (Legacy),Legal Issues,Canada,10,$18.14  ~ $18.23 ,$19.82 ,N/A,0.09%,81.67%,N/A
Technology & Computing (Legacy),Legal Issues,United States,766,$15.38  ~ $15.52 ,$95.54 ,N/A,0.02%,73.38%,N/A
Technology & Computing (Legacy),K-6 Educators,United States,20,$15.99  ~ $15.99 ,N/A,N/A,N/A,61.64%,N/A
Technology & Computing (Legacy),Large Animals,United States,3,$17.51  ~ $17.51 ,N/A,N/A,N/A,76.24%,N/A
Technology & Computing (Legacy),Adventure Travel,United States,42,$4.05  ~ $35.16 ,$82.08 ,N/A,0.00%,69.62%,N/A
Technology & Computing (Legacy),Computer Peripherals,United States,527,$11.10  ~ $11.10 ,$65.53 ,N/A,0.02%,67.87%,N/A
Technology & Computing (Legacy),Metals,United States,"3,369",$2.35  ~ $4.32 ,$39.13 ,N/A,0.01%,82.30%,N/A
Technology & Computing (Legacy),Metals,Canada,18,$10.43  ~ $32.76 ,$81.20 ,N/A,0.01%,89.85%,N/A
Technology & Computing (Legacy),Commentary,United States,36,$17.71  ~ $18.43 ,$52.82 ,N/A,0.03%,43.34%,N/A
Technology & Computing (Legacy),Career Planning,United States,9,$14.28  ~ $14.29 ,$24.98 ,N/A,0.06%,64.14%,N/A
Technology & Computing (Legacy),Chronic Pain,United States,7,$22.55  ~ $22.55 ,N/A,N/A,N/A,73.54%,N/A
Technology & Computing (Legacy),News,Canada,198,$11.13  ~ $14.73 ,$35.19 ,N/A,0.03%,74.83%,N/A
Technology & Computing (Legacy),News,United States,171,$11.53  ~ $12.85 ,$39.78 ,N/A,0.03%,71.10%,N/A
Technology & Computing (Legacy),Pro Basketball,United States,2,$18.21  ~ $18.21 ,$26.95 ,N/A,0.07%,56.69%,N/A
Technology & Computing (Legacy),Pro Basketball,Canada,21,$6.22  ~ $13.67 ,$66.21 ,N/A,0.02%,93.46%,N/A
Technology & Computing (Legacy),Pediatrics,United States,13,$14.27  ~ $20.86 ,$19.62 ,N/A,0.07%,73.29%,N/A
Technology & Computing (Legacy),Home Repair,United States,520,$14.89  ~ $15.09 ,$89.81 ,N/A,0.02%,72.13%,N/A
Technology & Computing (Legacy),Music,United States,69,$8.26  ~ $18.55 ,$281.48 ,N/A,0.00%,52.82%,N/A
Technology & Computing (Legacy),Fine Art,United States,61,$4.42  ~ $4.42 ,$60.55 ,N/A,0.01%,54.38%,N/A
Technology & Computing (Legacy),Logistics,United States,153,$15.43  ~ $19.01 ,$58.17 ,N/A,0.03%,75.34%,N/A
Technology & Computing (Legacy),Logistics,Canada,250,$3.98  ~ $24.58 ,$36.52 ,N/A,0.07%,85.71%,N/A
Technology & Computing (Legacy),Travel,Canada,76,$15.56  ~ $15.88 ,$24.65 ,N/A,0.06%,88.61%,N/A
Technology & Computing (Legacy),Travel,United States,652,$6.64  ~ $13.84 ,$91.78 ,N/A,0.01%,90.76%,N/A
Technology & Computing (Legacy),Senor Health,United States,296,$18.60  ~ $18.60 ,$63.35 ,N/A,0.03%,81.99%,N/A
Technology & Computing (Legacy),Shopping,Canada,24,$4.97  ~ $10.04 ,$22.80 ,N/A,0.02%,71.60%,N/A
Technology & Computing (Legacy),Shopping,United States,"1,428",$6.58  ~ $7.88 ,$84.31 ,N/A,0.01%,75.36%,N/A
Technology & Computing (Legacy),Health/Lowfat Cooking,Canada,55,$18.53  ~ $40.09 ,N/A,N/A,N/A,89.30%,N/A
Technology & Computing (Legacy),Health/Lowfat Cooking,United States,195,$16.67  ~ $16.75 ,$107.87 ,N/A,0.02%,82.58%,N/A
Technology & Computing (Legacy),Interior Decorating,United States,224,$12.05  ~ $13.06 ,$24.54 ,N/A,0.05%,69.88%,N/A
Technology & Computing (Legacy),Graduate School,United States,614,$10.68  ~ $10.73 ,$41.87 ,N/A,0.03%,58.99%,N/A
Technology & Computing (Legacy),Weight Loss,United States,78,$8.75  ~ $8.75 ,N/A,N/A,N/A,94.01%,N/A
Technology & Computing (Legacy),Clothing,United States,168,$21.16  ~ $21.16 ,$52.59 ,N/A,0.04%,60.85%,N/A
Technology & Computing (Legacy),Clothing,Canada,51,$7.14  ~ $7.14 ,$10.20 ,N/A,0.07%,71.79%,N/A
Technology & Computing (Legacy),Business Software,Canada,47,$8.51  ~ $8.55 ,$53.08 ,N/A,0.02%,70.92%,N/A
Technology & Computing (Legacy),Business Software,United States,"3,421",$10.45  ~ $12.48 ,$113.00 ,N/A,0.01%,72.58%,N/A
Technology & Computing (Legacy),College,Canada,19,$5.64  ~ $5.64 ,$34.38 ,N/A,0.02%,79.55%,N/A
Technology & Computing (Legacy),College,United States,126,$11.33  ~ $13.97 ,$238.25 ,N/A,0.01%,68.81%,N/A
Technology & Computing (Legacy),Biotech/Biomedical,Canada,29,$18.61  ~ $43.30 ,$28.15 ,N/A,0.07%,92.76%,N/A
Technology & Computing (Legacy),Biotech/Biomedical,United States,"2,708",$11.96  ~ $32.72 ,$75.07 ,N/A,0.02%,75.15%,N/A
Technology & Computing (Legacy),Agriculture,Canada,8,$17.97  ~ $17.97 ,$62.54 ,N/A,0.03%,89.80%,N/A
Technology & Computing (Legacy),Agriculture,United States,3,$2.60  ~ $2.69 ,$200.52 ,N/A,0.00%,77.47%,N/A
Technology & Computing (Legacy),Family & Parenting,United States,556,$6.27  ~ $6.75 ,$64.17 ,N/A,0.01%,56.84%,N/A
Technology & Computing (Legacy),Psychology/Psychiatry,United States,991,$8.36  ~ $8.77 ,$37.29 ,N/A,0.02%,67.10%,N/A
Technology & Computing (Legacy),Accessories,United States,57,$18.52  ~ $19.41 ,$258.81 ,N/A,0.01%,70.23%,N/A
Technology & Computing (Legacy),Exercise,United States,16,$20.91  ~ $20.91 ,$84.25 ,N/A,0.02%,93.91%,N/A
Technology & Computing (Legacy),Automotive,United States,72,$4.38  ~ $4.42 ,$83.71 ,N/A,0.01%,63.97%,N/A
Technology & Computing (Legacy),Auto Parts,United States,59,$7.79  ~ $7.79 ,$152.71 ,N/A,0.01%,78.98%,N/A
Technology & Computing (Legacy),Buying/Selling Homes,United States,10,$11.56  ~ $13.79 ,N/A,N/A,N/A,69.08%,N/A
Technology & Computing (Legacy),Green Solutions,United States,45,$17.14  ~ $17.14 ,$95.07 ,N/A,0.02%,72.70%,N/A
Technology & Computing (Legacy),Veterinary Medicine,United States,49,$0.44  ~ $0.44 ,N/A,N/A,N/A,73.29%,N/A
Technology & Computing (Legacy),Home & Garden,United States,"4,004",$7.74  ~ $9.19 ,$29.14 ,N/A,0.03%,73.61%,N/A
Technology & Computing (Legacy),Buying/Selling Cars,United States,157,$14.34  ~ $14.34 ,$152.00 ,N/A,0.01%,76.61%,N/A
Technology & Computing (Legacy),Football,United States,4,$0.00  ~ $0.00 ,N/A,N/A,N/A,N/A,N/A
Technology & Computing (Legacy),Beauty,United States,1,$0.00  ~ $0.00 ,N/A,N/A,N/A,N/A,N/A
Technology & Computing (Legacy),Art/Technology,United States,2,$0.00  ~ $0.00 ,N/A,N/A,N/A,N/A,N/A
Technology & Computing (Legacy),Appliances,United States,2,$0.00  ~ $0.00 ,N/A,N/A,N/A,N/A,N/A
Technology & Computing (Legacy),Cameras & Camcorders,United States,12,$0.00  ~ $0.00 ,N/A,N/A,N/A,N/A,N/A
Technology & Computing (Legacy),Road-Side Assistance,United States,1,$0.00  ~ $0.00 ,N/A,N/A,N/A,N/A,N/A
Technology & Computing (Legacy),Birdwatching,United States,64,$0.00  ~ $0.00 ,N/A,N/A,N/A,N/A,N/A
Technology & Computing (Legacy),Jewelry,United States,3,$0.00  ~ $0.00 ,N/A,N/A,N/A,N/A,N/A
Technology & Computing (Legacy),Government,United States,1,$0.00  ~ $0.00 ,N/A,N/A,N/A,N/A,N/A
Technology & Computing (Legacy),Canada,Canada,90,$0.00  ~ $0.00 ,N/A,N/A,N/A,N/A,N/A
Technology & Computing (Legacy),Bed & Breakfasts,United States,77,$0.00  ~ $0.00 ,N/A,N/A,N/A,N/A,N/A
Technology & Computing (Legacy),Computer Networking,United States,28,$0.00  ~ $0.00 ,N/A,N/A,N/A,N/A,N/A
Travel (Legacy),Arts & Entertainment,Canada,23,$1.19  ~ $15.16 ,$41.57 ,N/A,0.04%,85.16%,N/A
Travel (Legacy),Arts & Entertainment,United States,52,$19.48  ~ $20.17 ,$21.80 ,N/A,0.09%,67.71%,N/A
Travel (Legacy),Metals,United States,713,$7.94  ~ $13.60 ,$39.27 ,N/A,0.02%,81.84%,N/A
Travel (Legacy),Metals,Canada,6,$20.23  ~ $29.47 ,$27.62 ,N/A,0.07%,71.80%,N/A
Travel (Legacy),Apartments,United States,5,$8.92  ~ $8.92 ,N/A,N/A,N/A,69.27%,N/A
Travel (Legacy),Pets,United States,2,$16.27  ~ $36.91 ,N/A,N/A,N/A,83.18%,N/A
Travel (Legacy),Computer Peripherals,United States,71,$5.69  ~ $5.69 ,$32.48 ,N/A,0.02%,66.56%,N/A
Travel (Legacy),Chronic Pain,United States,3,$22.64  ~ $22.64 ,N/A,N/A,N/A,71.48%,N/A
Travel (Legacy),Pro Ice Hockey,Canada,10,$16.24  ~ $34.01 ,N/A,N/A,N/A,82.37%,N/A
Travel (Legacy),Agriculture,Canada,2,$18.26  ~ $18.26 ,N/A,N/A,N/A,86.16%,N/A
Travel (Legacy),Home Repair,United States,327,$17.80  ~ $17.89 ,$36.70 ,N/A,0.05%,55.17%,N/A
Travel (Legacy),Auto Parts,United States,209,$7.89  ~ $7.89 ,N/A,N/A,N/A,90.35%,N/A
Travel (Legacy),Nutrition,United States,20,$18.10  ~ $18.10 ,$7.81 ,N/A,0.23%,71.94%,N/A
Travel (Legacy),Accessories,United States,45,$21.28  ~ $21.50 ,N/A,N/A,N/A,76.49%,N/A
Travel (Legacy),Adventure Travel,United States,11,$9.42  ~ $35.51 ,N/A,N/A,N/A,83.38%,N/A
Travel (Legacy),Business Software,Canada,14,$12.22  ~ $12.33 ,$17.91 ,N/A,0.07%,75.87%,N/A
Travel (Legacy),Business Software,United States,"1,984",$15.17  ~ $16.88 ,$49.49 ,N/A,0.03%,74.24%,N/A
Travel (Legacy),Biotech/Biomedical,Canada,31,$18.69  ~ $41.24 ,N/A,N/A,N/A,89.49%,N/A
Travel (Legacy),Biotech/Biomedical,United States,"2,287",$19.14  ~ $39.17 ,$45.43 ,N/A,0.04%,79.70%,N/A
Travel (Legacy),Health/Lowfat Cooking,Canada,67,$18.63  ~ $41.69 ,N/A,N/A,N/A,91.69%,N/A
Travel (Legacy),Health/Lowfat Cooking,United States,156,$16.36  ~ $16.47 ,$51.96 ,N/A,0.03%,79.34%,N/A
Travel (Legacy),Travel,Canada,63,$15.64  ~ $20.61 ,N/A,N/A,N/A,85.66%,N/A
Travel (Legacy),Travel,United States,482,$23.58  ~ $24.05 ,$24.18 ,N/A,0.10%,69.78%,N/A
Travel (Legacy),Senior Living,United States,174,$5.06  ~ $5.79 ,$28.56 ,N/A,0.02%,65.49%,N/A
Travel (Legacy),Automotive,United States,64,$12.92  ~ $12.93 ,$42.81 ,N/A,0.03%,65.99%,N/A
Travel (Legacy),Education,United States,"3,069",$16.86  ~ $17.55 ,$40.08 ,N/A,0.04%,71.08%,N/A
Travel (Legacy),Hotels,United States,192,$7.61  ~ $15.33 ,N/A,N/A,N/A,77.61%,N/A
Travel (Legacy),Hotels,Canada,1,$1.14  ~ $1.14 ,N/A,N/A,N/A,96.94%,N/A
Travel (Legacy),Advertising,United States,291,$9.75  ~ $20.49 ,$55.32 ,N/A,0.02%,75.53%,N/A
Travel (Legacy),Pediatrics,United States,40,$12.88  ~ $21.03 ,$7.99 ,N/A,0.16%,69.28%,N/A
Travel (Legacy),Theme Parks,United States,6,$37.76  ~ $53.41 ,N/A,N/A,N/A,71.13%,N/A
Travel (Legacy),Commentary,United States,13,$18.85  ~ $19.06 ,$56.97 ,N/A,0.03%,49.21%,N/A
Travel (Legacy),Investing,United States,15,$0.89  ~ $0.89 ,N/A,N/A,N/A,66.40%,N/A
Travel (Legacy),Dental Care,United States,2,$3.94  ~ $4.74 ,N/A,N/A,N/A,36.81%,N/A
Travel (Legacy),Honeymoons/Getaways,Canada,75,$23.68  ~ $23.68 ,$17.32 ,N/A,0.14%,46.17%,N/A
Travel (Legacy),Honeymoons/Getaways,United States,144,$17.86  ~ $32.15 ,$22.45 ,N/A,0.14%,56.42%,N/A
Travel (Legacy),Couponing,United States,18,$2.05  ~ $2.05 ,$5.07 ,N/A,0.04%,82.71%,N/A
Travel (Legacy),Exercise,United States,2,$20.05  ~ $20.05 ,N/A,N/A,N/A,78.54%,N/A
Travel (Legacy),Books & Literature,United States,7,$18.15  ~ $18.15 ,N/A,N/A,N/A,77.58%,N/A
Travel (Legacy),Auto Repair,United States,95,$15.82  ~ $16.27 ,$17.82 ,N/A,0.09%,71.41%,N/A
Travel (Legacy),News,Canada,155,$15.16  ~ $15.35 ,$43.11 ,N/A,0.04%,76.95%,N/A
Travel (Legacy),News,United States,111,$13.24  ~ $14.44 ,$18.26 ,N/A,0.08%,72.86%,N/A
Travel (Legacy),Psychology/Psychiatry,United States,577,$9.16  ~ $9.73 ,$39.61 ,N/A,0.02%,69.19%,N/A
Travel (Legacy),Remodeling & Construction,United States,198,$19.32  ~ $19.32 ,$89.73 ,N/A,0.02%,92.21%,N/A
Travel (Legacy),Human Resources,United States,224,$14.61  ~ $20.28 ,$26.75 ,N/A,0.05%,43.99%,N/A
Travel (Legacy),Music,United States,26,$8.47  ~ $21.97 ,N/A,N/A,N/A,49.79%,N/A
Travel (Legacy),Private School,United States,21,$16.69  ~ $34.59 ,N/A,N/A,N/A,73.26%,N/A
Travel (Legacy),Interior Decorating,United States,112,$8.20  ~ $10.37 ,$10.27 ,N/A,0.08%,68.68%,N/A
Travel (Legacy),Buying/Selling Cars,United States,144,$15.60  ~ $15.60 ,$34.37 ,N/A,0.05%,74.49%,N/A
Travel (Legacy),"Law, Gov't & Politics",United States,248,$21.93  ~ $24.13 ,$34.55 ,N/A,0.07%,60.99%,N/A
Travel (Legacy),Health & Fitness,United States,"3,075",$14.38  ~ $15.48 ,$25.53 ,N/A,0.06%,75.12%,N/A
Travel (Legacy),Health & Fitness,Canada,92,$10.87  ~ $26.78 ,$28.45 ,N/A,0.04%,73.01%,N/A
Travel (Legacy),Alternative Medicine,United States,28,$18.51  ~ $19.35 ,$28.97 ,N/A,0.07%,60.75%,N/A
Travel (Legacy),Green Solutions,United States,13,$18.80  ~ $18.80 ,$59.03 ,N/A,0.03%,76.34%,N/A
Travel (Legacy),Career Planning,United States,10,$15.23  ~ $15.26 ,$17.24 ,N/A,0.09%,55.80%,N/A
Travel (Legacy),Cancer,Canada,7,$18.66  ~ $42.75 ,N/A,N/A,N/A,83.20%,N/A
Travel (Legacy),Cancer,United States,9,$47.10  ~ $47.10 ,N/A,N/A,N/A,72.58%,N/A
Travel (Legacy),Home & Garden,United States,"2,781",$7.69  ~ $8.18 ,$20.27 ,N/A,0.04%,70.43%,N/A
Travel (Legacy),Dogs,Canada,126,$11.28  ~ $17.28 ,$12.18 ,N/A,0.14%,89.02%,N/A
Travel (Legacy),Dogs,United States,19,$27.18  ~ $27.58 ,N/A,N/A,N/A,81.84%,N/A
Travel (Legacy),Weight Loss,United States,38,$10.36  ~ $10.36 ,N/A,N/A,N/A,84.14%,N/A
Travel (Legacy),Clothing,United States,154,$20.46  ~ $20.46 ,$17.94 ,N/A,0.11%,67.53%,N/A
Travel (Legacy),Clothing,Canada,24,$8.45  ~ $8.45 ,$31.93 ,N/A,0.03%,70.31%,N/A
Travel (Legacy),Dining Out,United States,912,$16.11  ~ $16.11 ,$50.03 ,N/A,0.03%,78.87%,N/A
Travel (Legacy),Cold & Flu,United States,237,$12.45  ~ $30.33 ,$14.84 ,N/A,0.08%,69.05%,N/A
Travel (Legacy),Real Estate,United States,616,$15.77  ~ $15.77 ,$56.77 ,N/A,0.03%,69.49%,N/A
Travel (Legacy),Graduate School,United States,477,$15.72  ~ $15.76 ,$27.75 ,N/A,0.06%,71.74%,N/A
Travel (Legacy),Job Search,United States,109,$13.18  ~ $13.18 ,$207.44 ,N/A,0.01%,84.97%,N/A
Travel (Legacy),Buying/Selling Homes,United States,7,$11.70  ~ $17.46 ,N/A,N/A,N/A,53.46%,N/A
Travel (Legacy),Card Games,United States,172,$26.21  ~ $26.41 ,$20.97 ,N/A,0.12%,78.86%,N/A
Travel (Legacy),Pro Basketball,Canada,14,$6.34  ~ $12.62 ,$25.82 ,N/A,0.05%,92.02%,N/A
Travel (Legacy),Pro Basketball,United States,75,$17.43  ~ $17.43 ,N/A,N/A,N/A,16.89%,N/A
Travel (Legacy),Family & Parenting,United States,271,$8.34  ~ $8.70 ,$74.36 ,N/A,0.01%,68.20%,N/A
Travel (Legacy),Fine Art,United States,42,$7.57  ~ $7.57 ,N/A,N/A,N/A,79.04%,N/A
Travel (Legacy),Hobbies & Interests,United States,108,$13.04  ~ $16.52 ,$22.45 ,N/A,0.06%,75.81%,N/A
Travel (Legacy),Hobbies & Interests,Canada,1,$9.98  ~ $20.31 ,N/A,N/A,N/A,100.00%,N/A
Travel (Legacy),Veterinary Medicine,United States,1,$4.78  ~ $4.78 ,N/A,N/A,N/A,86.65%,N/A
Travel (Legacy),Weddings,United States,2,$18.92  ~ $18.92 ,N/A,N/A,N/A,77.89%,N/A
Travel (Legacy),Business,Canada,54,$5.51  ~ $6.31 ,$29.26 ,N/A,0.02%,81.55%,N/A
Travel (Legacy),Business,United States,"2,952",$12.28  ~ $13.09 ,$30.63 ,N/A,0.04%,73.78%,N/A
Travel (Legacy),College,Canada,3,$5.98  ~ $5.98 ,$67.82 ,N/A,0.01%,77.46%,N/A
Travel (Legacy),College,United States,132,$11.35  ~ $14.55 ,$31.39 ,N/A,0.05%,64.38%,N/A
Travel (Legacy),Politics,United States,"2,426",$20.99  ~ $21.42 ,$38.54 ,N/A,0.05%,63.29%,N/A
Travel (Legacy),Internet Technology,United States,5,$6.98  ~ $6.98 ,N/A,N/A,N/A,86.44%,N/A
Travel (Legacy),Legal Issues,Canada,10,$19.05  ~ $19.11 ,$45.14 ,N/A,0.04%,75.93%,N/A
Travel (Legacy),Legal Issues,United States,523,$17.64  ~ $18.01 ,$47.09 ,N/A,0.04%,68.01%,N/A
Travel (Legacy),Careers,United States,58,$18.34  ~ $22.86 ,$14.32 ,N/A,0.13%,76.97%,N/A
Travel (Legacy),Insurance,United States,"1,179",$29.49  ~ $29.61 ,$44.76 ,N/A,0.07%,65.34%,N/A
Travel (Legacy),Insurance,Canada,31,$17.56  ~ $17.56 ,N/A,N/A,N/A,80.01%,N/A
Travel (Legacy),Construction,United States,3,$14.64  ~ $15.56 ,N/A,N/A,N/A,75.38%,N/A
Travel (Legacy),Mutual Funds,United States,53,$18.76  ~ $18.76 ,$14.50 ,N/A,0.13%,65.45%,N/A
Travel (Legacy),Credit/Debt & Loans,United States,316,$17.77  ~ $28.08 ,$24.35 ,N/A,0.07%,71.82%,N/A
Travel (Legacy),Gardening,United States,21,$13.35  ~ $13.35 ,$25.22 ,N/A,0.05%,56.16%,N/A
Travel (Legacy),Shopping,United States,615,$14.31  ~ $14.39 ,$44.86 ,N/A,0.03%,75.13%,N/A
Travel (Legacy),Shopping,Canada,28,$7.40  ~ $11.99 ,$5.85 ,N/A,0.13%,75.70%,N/A
Travel (Legacy),Large Animals,United States,4,$16.64  ~ $16.64 ,N/A,N/A,N/A,66.80%,N/A
Travel (Legacy),U.S. Government Resources,United States,110,$18.44  ~ $18.44 ,$22.77 ,N/A,0.08%,75.63%,N/A
Travel (Legacy),By US Locale,United States,1,$18.11  ~ $41.10 ,N/A,N/A,N/A,84.44%,N/A
Travel (Legacy),Incest/Abuse Support,United States,79,$20.47  ~ $20.47 ,$45.11 ,N/A,0.05%,71.60%,N/A
Travel (Legacy),Senor Health,United States,49,$18.66  ~ $18.66 ,$27.43 ,N/A,0.07%,77.08%,N/A
Travel (Legacy),K-6 Educators,United States,7,$15.17  ~ $15.17 ,N/A,N/A,N/A,69.81%,N/A
Travel (Legacy),Food & Drink,United States,113,$8.26  ~ $11.12 ,$42.04 ,N/A,0.03%,84.81%,N/A
Travel (Legacy),Contests & Freebies,United States,1,$2.37  ~ $2.37 ,N/A,N/A,N/A,80.97%,N/A
Travel (Legacy),Cocktails/Beer,United States,111,$21.75  ~ $21.75 ,$87.54 ,N/A,0.02%,74.22%,N/A
Travel (Legacy),Logistics,United States,121,$18.45  ~ $19.70 ,$44.90 ,N/A,0.04%,70.47%,N/A
Travel (Legacy),Logistics,Canada,261,$8.35  ~ $25.70 ,$91.17 ,N/A,0.03%,82.33%,N/A
Travel (Legacy),Cruises,Canada,2,$14.82  ~ $14.82 ,N/A,N/A,N/A,69.78%,N/A
Travel (Legacy),Cruises,United States,30,$12.82  ~ $12.82 ,$10.02 ,N/A,0.13%,82.82%,N/A
Travel (Legacy),Personal Finance,United States,884,$15.15  ~ $16.53 ,$8.40 ,N/A,0.18%,61.80%,N/A
Travel (Legacy),Personal Finance,Canada,24,$19.19  ~ $42.58 ,$42.74 ,N/A,0.04%,85.28%,N/A
Travel (Legacy),Cameras & Camcorders,United States,4,$0.00  ~ $0.00 ,N/A,N/A,N/A,N/A,N/A
Travel (Legacy),Computer Networking,United States,10,$0.00  ~ $0.00 ,N/A,N/A,N/A,N/A,N/A
Travel (Legacy),Beauty,United States,2,$0.00  ~ $0.00 ,N/A,N/A,N/A,N/A,N/A
Travel (Legacy),Football,United States,2,$0.00  ~ $0.00 ,N/A,N/A,N/A,N/A,N/A
Travel (Legacy),Canada,Canada,28,$0.00  ~ $0.00 ,N/A,N/A,N/A,N/A,N/A
Travel (Legacy),Jewelry,United States,2,$0.00  ~ $0.00 ,N/A,N/A,N/A,N/A,N/A
Travel (Legacy),Bed & Breakfasts,United States,9,$0.00  ~ $0.00 ,N/A,N/A,N/A,N/A,N/A
Travel (Legacy),Birdwatching,United States,7,$0.00  ~ $0.00 ,N/A,N/A,N/A,N/A,N/A