Category,Brand Category,Country,Impressions,eCPM,eCPC,eCPE,CTR,Video Completion Rate,Audio Completion Rate
Arts & Entertainment (Legacy),Landscaping,United States,N/A,$0.00  ~ $0.00 ,N/A,N/A,N/A,N/A,N/A
Arts & Entertainment (Legacy),Landscaping,Canada,N/A,$0.00  ~ $0.00 ,N/A,N/A,N/A,N/A,N/A
Arts & Entertainment (Legacy),Language Learning,United States,N/A,$0.00  ~ $0.00 ,N/A,N/A,N/A,N/A,N/A
Arts & Entertainment (Legacy),Language Learning,Canada,N/A,$0.00  ~ $0.00 ,N/A,N/A,N/A,N/A,N/A
Arts & Entertainment (Legacy),Eldercare,United States,N/A,$0.00  ~ $0.00 ,N/A,N/A,N/A,N/A,N/A
Arts & Entertainment (Legacy),Metals,United States,N/A,$0.00  ~ $0.00 ,N/A,N/A,N/A,N/A,N/A
Arts & Entertainment (Legacy),Metals,Canada,N/A,$0.00  ~ $0.00 ,N/A,N/A,N/A,N/A,N/A
Arts & Entertainment (Legacy),Graduate School,United States,N/A,$0.00  ~ $0.00 ,N/A,N/A,N/A,N/A,N/A
Arts & Entertainment (Legacy),Graduate School,Canada,N/A,$0.00  ~ $0.00 ,N/A,N/A,N/A,N/A,N/A
Arts & Entertainment (Legacy),Exercise,United States,N/A,$0.00  ~ $0.00 ,N/A,N/A,N/A,N/A,N/A
Arts & Entertainment (Legacy),Exercise,Canada,N/A,$0.00  ~ $0.00 ,N/A,N/A,N/A,N/A,N/A
Arts & Entertainment (Legacy),Pets,United States,N/A,$0.00  ~ $0.00 ,N/A,N/A,N/A,N/A,N/A
Arts & Entertainment (Legacy),Pets,Canada,N/A,$0.00  ~ $0.00 ,N/A,N/A,N/A,N/A,N/A
Arts & Entertainment (Legacy),Weddings,United States,N/A,$0.00  ~ $0.00 ,N/A,N/A,N/A,N/A,N/A
Arts & Entertainment (Legacy),Weddings,Canada,N/A,$0.00  ~ $0.00 ,N/A,N/A,N/A,N/A,N/A
Arts & Entertainment (Legacy),Large Animals,United States,N/A,$0.00  ~ $0.00 ,N/A,N/A,N/A,N/A,N/A
Arts & Entertainment (Legacy),Clothing,United States,N/A,$0.00  ~ $0.00 ,N/A,N/A,N/A,N/A,N/A
Arts & Entertainment (Legacy),Clothing,Canada,N/A,$0.00  ~ $0.00 ,N/A,N/A,N/A,N/A,N/A
Arts & Entertainment (Legacy),College,United States,N/A,$0.00  ~ $0.00 ,N/A,N/A,N/A,N/A,N/A
Arts & Entertainment (Legacy),College,Canada,N/A,$0.00  ~ $0.00 ,N/A,N/A,N/A,N/A,N/A
Arts & Entertainment (Legacy),Dining Out,United States,N/A,$0.00  ~ $0.00 ,N/A,N/A,N/A,N/A,N/A
Arts & Entertainment (Legacy),Dining Out,Canada,N/A,$0.00  ~ $0.00 ,N/A,N/A,N/A,N/A,N/A
Arts & Entertainment (Legacy),Couponing,Canada,N/A,$0.00  ~ $0.00 ,N/A,N/A,N/A,N/A,N/A
Arts & Entertainment (Legacy),Couponing,United States,N/A,$0.00  ~ $0.00 ,N/A,N/A,N/A,N/A,N/A
Arts & Entertainment (Legacy),Sexuality,United States,N/A,$0.00  ~ $0.00 ,N/A,N/A,N/A,N/A,N/A
Arts & Entertainment (Legacy),Sexuality,Canada,N/A,$0.00  ~ $0.00 ,N/A,N/A,N/A,N/A,N/A
Arts & Entertainment (Legacy),Alternative Medicine,United States,N/A,$0.00  ~ $0.00 ,N/A,N/A,N/A,N/A,N/A
Arts & Entertainment (Legacy),Alternative Medicine,Canada,N/A,$0.00  ~ $0.00 ,N/A,N/A,N/A,N/A,N/A
Arts & Entertainment (Legacy),Cameras & Camcorders,United States,N/A,$0.00  ~ $0.00 ,N/A,N/A,N/A,N/A,N/A
Arts & Entertainment (Legacy),Cameras & Camcorders,Canada,N/A,$0.00  ~ $0.00 ,N/A,N/A,N/A,N/A,N/A
Arts & Entertainment (Legacy),Infertility,United States,N/A,$0.00  ~ $0.00 ,N/A,N/A,N/A,N/A,N/A
Arts & Entertainment (Legacy),Honeymoons/Getaways,United States,N/A,$0.00  ~ $0.00 ,N/A,N/A,N/A,N/A,N/A
Arts & Entertainment (Legacy),Honeymoons/Getaways,Canada,N/A,$0.00  ~ $0.00 ,N/A,N/A,N/A,N/A,N/A
Arts & Entertainment (Legacy),Motorcycles,United States,N/A,$0.00  ~ $0.00 ,N/A,N/A,N/A,N/A,N/A
Arts & Entertainment (Legacy),Motorcycles,Canada,N/A,$0.00  ~ $0.00 ,N/A,N/A,N/A,N/A,N/A
Arts & Entertainment (Legacy),Fine Art,United States,N/A,$0.00  ~ $0.00 ,N/A,N/A,N/A,N/A,N/A
Arts & Entertainment (Legacy),Fine Art,Canada,N/A,$0.00  ~ $0.00 ,N/A,N/A,N/A,N/A,N/A
Arts & Entertainment (Legacy),Collecting,United States,N/A,$0.00  ~ $0.00 ,N/A,N/A,N/A,N/A,N/A
Arts & Entertainment (Legacy),Collecting,Canada,N/A,$0.00  ~ $0.00 ,N/A,N/A,N/A,N/A,N/A
Arts & Entertainment (Legacy),Arthritis,United States,N/A,$0.00  ~ $0.00 ,N/A,N/A,N/A,N/A,N/A
Arts & Entertainment (Legacy),Television,United States,N/A,$0.00  ~ $0.00 ,N/A,N/A,N/A,N/A,N/A
Arts & Entertainment (Legacy),Politics,United States,N/A,$0.00  ~ $0.00 ,N/A,N/A,N/A,N/A,N/A
Arts & Entertainment (Legacy),Politics,Canada,N/A,$0.00  ~ $0.00 ,N/A,N/A,N/A,N/A,N/A
Arts & Entertainment (Legacy),Business,Canada,N/A,$0.00  ~ $0.00 ,N/A,N/A,N/A,N/A,N/A
Arts & Entertainment (Legacy),Business,United States,N/A,$0.00  ~ $0.00 ,N/A,N/A,N/A,N/A,N/A
Arts & Entertainment (Legacy),Shopping,United States,N/A,$0.00  ~ $0.00 ,N/A,N/A,N/A,N/A,N/A
Arts & Entertainment (Legacy),Shopping,Canada,N/A,$0.00  ~ $0.00 ,N/A,N/A,N/A,N/A,N/A
Arts & Entertainment (Legacy),Automotive,United States,N/A,$0.00  ~ $0.00 ,N/A,N/A,N/A,N/A,N/A
Arts & Entertainment (Legacy),Automotive,Canada,N/A,$0.00  ~ $0.00 ,N/A,N/A,N/A,N/A,N/A
Arts & Entertainment (Legacy),Birdwatching,United States,N/A,$0.00  ~ $0.00 ,N/A,N/A,N/A,N/A,N/A
Arts & Entertainment (Legacy),Birdwatching,Canada,N/A,$0.00  ~ $0.00 ,N/A,N/A,N/A,N/A,N/A
Arts & Entertainment (Legacy),Hobbies & Interests,United States,N/A,$0.00  ~ $0.00 ,N/A,N/A,N/A,N/A,N/A
Arts & Entertainment (Legacy),Hobbies & Interests,Canada,N/A,$0.00  ~ $0.00 ,N/A,N/A,N/A,N/A,N/A
Arts & Entertainment (Legacy),Careers,United States,N/A,$0.00  ~ $0.00 ,N/A,N/A,N/A,N/A,N/A
Arts & Entertainment (Legacy),Careers,Canada,N/A,$0.00  ~ $0.00 ,N/A,N/A,N/A,N/A,N/A
Arts & Entertainment (Legacy),Commentary,United States,N/A,$0.00  ~ $0.00 ,N/A,N/A,N/A,N/A,N/A
Arts & Entertainment (Legacy),U.S. Government Resources,United States,N/A,$0.00  ~ $0.00 ,N/A,N/A,N/A,N/A,N/A
Arts & Entertainment (Legacy),Insurance,United States,N/A,$0.00  ~ $0.00 ,N/A,N/A,N/A,N/A,N/A
Arts & Entertainment (Legacy),Insurance,Canada,N/A,$0.00  ~ $0.00 ,N/A,N/A,N/A,N/A,N/A
Arts & Entertainment (Legacy),Cocktails/Beer,United States,N/A,$0.00  ~ $0.00 ,N/A,N/A,N/A,N/A,N/A
Arts & Entertainment (Legacy),Cocktails/Beer,Canada,N/A,$0.00  ~ $0.00 ,N/A,N/A,N/A,N/A,N/A
Arts & Entertainment (Legacy),Dental Care,United States,N/A,$0.00  ~ $0.00 ,N/A,N/A,N/A,N/A,N/A
Arts & Entertainment (Legacy),Dental Care,Canada,N/A,$0.00  ~ $0.00 ,N/A,N/A,N/A,N/A,N/A
Arts & Entertainment (Legacy),Business Software,United States,N/A,$0.00  ~ $0.00 ,N/A,N/A,N/A,N/A,N/A
Arts & Entertainment (Legacy),Business Software,Canada,N/A,$0.00  ~ $0.00 ,N/A,N/A,N/A,N/A,N/A
Arts & Entertainment (Legacy),Travel,United States,N/A,$0.00  ~ $0.00 ,N/A,N/A,N/A,N/A,N/A
Arts & Entertainment (Legacy),Travel,Canada,N/A,$0.00  ~ $0.00 ,N/A,N/A,N/A,N/A,N/A
Arts & Entertainment (Legacy),Pro Basketball,United States,N/A,$0.00  ~ $0.00 ,N/A,N/A,N/A,N/A,N/A
Arts & Entertainment (Legacy),Barbecues & Grilling,Canada,N/A,$0.00  ~ $0.00 ,N/A,N/A,N/A,N/A,N/A
Arts & Entertainment (Legacy),Electric Vehicle,Canada,N/A,$0.00  ~ $0.00 ,N/A,N/A,N/A,N/A,N/A
Arts & Entertainment (Legacy),U.S. Military,United States,N/A,$0.00  ~ $0.00 ,N/A,N/A,N/A,N/A,N/A
Arts & Entertainment (Legacy),"Law, Gov't & Politics",United States,N/A,$0.00  ~ $0.00 ,N/A,N/A,N/A,N/A,N/A
Arts & Entertainment (Legacy),"Law, Gov't & Politics",Canada,N/A,$0.00  ~ $0.00 ,N/A,N/A,N/A,N/A,N/A
Arts & Entertainment (Legacy),K-6 Educators,United States,N/A,$0.00  ~ $0.00 ,N/A,N/A,N/A,N/A,N/A
Arts & Entertainment (Legacy),K-6 Educators,Canada,N/A,$0.00  ~ $0.00 ,N/A,N/A,N/A,N/A,N/A
Arts & Entertainment (Legacy),Stocks,United States,N/A,$0.00  ~ $0.00 ,N/A,N/A,N/A,N/A,N/A
Arts & Entertainment (Legacy),Teens,United States,N/A,$0.00  ~ $0.00 ,N/A,N/A,N/A,N/A,N/A
Arts & Entertainment (Legacy),Roleplaying Games,United States,N/A,$0.00  ~ $0.00 ,N/A,N/A,N/A,N/A,N/A
Arts & Entertainment (Legacy),Home Repair,United States,N/A,$0.00  ~ $0.00 ,N/A,N/A,N/A,N/A,N/A
Arts & Entertainment (Legacy),Home Repair,Canada,N/A,$0.00  ~ $0.00 ,N/A,N/A,N/A,N/A,N/A
Arts & Entertainment (Legacy),Education,United States,N/A,$0.00  ~ $0.00 ,N/A,N/A,N/A,N/A,N/A
Arts & Entertainment (Legacy),Education,Canada,N/A,$0.00  ~ $0.00 ,N/A,N/A,N/A,N/A,N/A
Arts & Entertainment (Legacy),Food & Drink,United States,N/A,$0.00  ~ $0.00 ,N/A,N/A,N/A,N/A,N/A
Arts & Entertainment (Legacy),Food & Drink,Canada,N/A,$0.00  ~ $0.00 ,N/A,N/A,N/A,N/A,N/A
Arts & Entertainment (Legacy),Horse Racing,Canada,N/A,$0.00  ~ $0.00 ,N/A,N/A,N/A,N/A,N/A
Arts & Entertainment (Legacy),Mutual Funds,Canada,N/A,$0.00  ~ $0.00 ,N/A,N/A,N/A,N/A,N/A
Arts & Entertainment (Legacy),Mutual Funds,United States,N/A,$0.00  ~ $0.00 ,N/A,N/A,N/A,N/A,N/A
Arts & Entertainment (Legacy),Gardening,United States,N/A,$0.00  ~ $0.00 ,N/A,N/A,N/A,N/A,N/A
Arts & Entertainment (Legacy),Gardening,Canada,N/A,$0.00  ~ $0.00 ,N/A,N/A,N/A,N/A,N/A
Arts & Entertainment (Legacy),Health/Lowfat Cooking,United States,N/A,$0.00  ~ $0.00 ,N/A,N/A,N/A,N/A,N/A
Arts & Entertainment (Legacy),Health/Lowfat Cooking,Canada,N/A,$0.00  ~ $0.00 ,N/A,N/A,N/A,N/A,N/A
Arts & Entertainment (Legacy),Catholicism,United States,N/A,$0.00  ~ $0.00 ,N/A,N/A,N/A,N/A,N/A
Arts & Entertainment (Legacy),Off-Road Vehicles,Canada,N/A,$0.00  ~ $0.00 ,N/A,N/A,N/A,N/A,N/A
Arts & Entertainment (Legacy),Off-Road Vehicles,United States,N/A,$0.00  ~ $0.00 ,N/A,N/A,N/A,N/A,N/A
Arts & Entertainment (Legacy),Comparison,United States,N/A,$0.00  ~ $0.00 ,N/A,N/A,N/A,N/A,N/A
Arts & Entertainment (Legacy),Cuisine-Specific,United States,N/A,$0.00  ~ $0.00 ,N/A,N/A,N/A,N/A,N/A
Arts & Entertainment (Legacy),Network Security,United States,N/A,$0.00  ~ $0.00 ,N/A,N/A,N/A,N/A,N/A
Arts & Entertainment (Legacy),Network Security,Canada,N/A,$0.00  ~ $0.00 ,N/A,N/A,N/A,N/A,N/A
Arts & Entertainment (Legacy),Family & Parenting,United States,N/A,$0.00  ~ $0.00 ,N/A,N/A,N/A,N/A,N/A
Arts & Entertainment (Legacy),Family & Parenting,Canada,N/A,$0.00  ~ $0.00 ,N/A,N/A,N/A,N/A,N/A
Arts & Entertainment (Legacy),Construction,United States,N/A,$0.00  ~ $0.00 ,N/A,N/A,N/A,N/A,N/A
Arts & Entertainment (Legacy),Construction,Canada,N/A,$0.00  ~ $0.00 ,N/A,N/A,N/A,N/A,N/A
Arts & Entertainment (Legacy),Marketing,Canada,N/A,$0.00  ~ $0.00 ,N/A,N/A,N/A,N/A,N/A
Arts & Entertainment (Legacy),Marketing,United States,N/A,$0.00  ~ $0.00 ,N/A,N/A,N/A,N/A,N/A
Arts & Entertainment (Legacy),Entertaining,United States,N/A,$0.00  ~ $0.00 ,N/A,N/A,N/A,N/A,N/A
Arts & Entertainment (Legacy),Parenting - K-6 Kids,United States,N/A,$0.00  ~ $0.00 ,N/A,N/A,N/A,N/A,N/A
Arts & Entertainment (Legacy),Chemistry,Canada,N/A,$0.00  ~ $0.00 ,N/A,N/A,N/A,N/A,N/A
Arts & Entertainment (Legacy),Football,United States,N/A,$0.00  ~ $0.00 ,N/A,N/A,N/A,N/A,N/A
Arts & Entertainment (Legacy),Football,Canada,N/A,$0.00  ~ $0.00 ,N/A,N/A,N/A,N/A,N/A
Arts & Entertainment (Legacy),Camping,United States,N/A,$0.00  ~ $0.00 ,N/A,N/A,N/A,N/A,N/A
Arts & Entertainment (Legacy),Financial Aid,United States,N/A,$0.00  ~ $0.00 ,N/A,N/A,N/A,N/A,N/A
Arts & Entertainment (Legacy),Fashion,United States,N/A,$0.00  ~ $0.00 ,N/A,N/A,N/A,N/A,N/A
Arts & Entertainment (Legacy),Remodeling & Construction,Canada,N/A,$0.00  ~ $0.00 ,N/A,N/A,N/A,N/A,N/A
Arts & Entertainment (Legacy),Remodeling & Construction,United States,N/A,$0.00  ~ $0.00 ,N/A,N/A,N/A,N/A,N/A
Arts & Entertainment (Legacy),Card Games,United States,N/A,$0.00  ~ $0.00 ,N/A,N/A,N/A,N/A,N/A
Arts & Entertainment (Legacy),Card Games,Canada,N/A,$0.00  ~ $0.00 ,N/A,N/A,N/A,N/A,N/A
Arts & Entertainment (Legacy),Wine,United States,N/A,$0.00  ~ $0.00 ,N/A,N/A,N/A,N/A,N/A
Arts & Entertainment (Legacy),Canada,Canada,N/A,$0.00  ~ $0.00 ,N/A,N/A,N/A,N/A,N/A
Arts & Entertainment (Legacy),Italian Cuisine,United States,N/A,$0.00  ~ $0.00 ,N/A,N/A,N/A,N/A,N/A
Arts & Entertainment (Legacy),Hotels,United States,N/A,$0.00  ~ $0.00 ,N/A,N/A,N/A,N/A,N/A
Arts & Entertainment (Legacy),Hotels,Canada,N/A,$0.00  ~ $0.00 ,N/A,N/A,N/A,N/A,N/A
Arts & Entertainment (Legacy),Cigars,United States,N/A,$0.00  ~ $0.00 ,N/A,N/A,N/A,N/A,N/A
Arts & Entertainment (Legacy),Cigars,Canada,N/A,$0.00  ~ $0.00 ,N/A,N/A,N/A,N/A,N/A
Arts & Entertainment (Legacy),Investing,United States,N/A,$0.00  ~ $0.00 ,N/A,N/A,N/A,N/A,N/A
Arts & Entertainment (Legacy),Investing,Canada,N/A,$0.00  ~ $0.00 ,N/A,N/A,N/A,N/A,N/A
Arts & Entertainment (Legacy),Air Travel,Canada,N/A,$0.00  ~ $0.00 ,N/A,N/A,N/A,N/A,N/A
Arts & Entertainment (Legacy),Air Travel,United States,N/A,$0.00  ~ $0.00 ,N/A,N/A,N/A,N/A,N/A
Arts & Entertainment (Legacy),Desserts & Baking,United States,N/A,$0.00  ~ $0.00 ,N/A,N/A,N/A,N/A,N/A
Arts & Entertainment (Legacy),Desserts & Baking,Canada,N/A,$0.00  ~ $0.00 ,N/A,N/A,N/A,N/A,N/A
Arts & Entertainment (Legacy),Senior Living,United States,N/A,$0.00  ~ $0.00 ,N/A,N/A,N/A,N/A,N/A
Arts & Entertainment (Legacy),Senior Living,Canada,N/A,$0.00  ~ $0.00 ,N/A,N/A,N/A,N/A,N/A
Arts & Entertainment (Legacy),Contests & Freebies,United States,N/A,$0.00  ~ $0.00 ,N/A,N/A,N/A,N/A,N/A
Arts & Entertainment (Legacy),Contests & Freebies,Canada,N/A,$0.00  ~ $0.00 ,N/A,N/A,N/A,N/A,N/A
Arts & Entertainment (Legacy),Stamps & Coins,United States,N/A,$0.00  ~ $0.00 ,N/A,N/A,N/A,N/A,N/A
Arts & Entertainment (Legacy),Home & Garden,United States,N/A,$0.00  ~ $0.00 ,N/A,N/A,N/A,N/A,N/A
Arts & Entertainment (Legacy),Home & Garden,Canada,N/A,$0.00  ~ $0.00 ,N/A,N/A,N/A,N/A,N/A
Arts & Entertainment (Legacy),Accessories,United States,N/A,$0.00  ~ $0.00 ,N/A,N/A,N/A,N/A,N/A
Arts & Entertainment (Legacy),Accessories,Canada,N/A,$0.00  ~ $0.00 ,N/A,N/A,N/A,N/A,N/A
Arts & Entertainment (Legacy),Coffee/Tea,United States,N/A,$0.00  ~ $0.00 ,N/A,N/A,N/A,N/A,N/A
Arts & Entertainment (Legacy),Babies & Toddlers,United States,N/A,$0.00  ~ $0.00 ,N/A,N/A,N/A,N/A,N/A
Arts & Entertainment (Legacy),Sailing,United States,N/A,$0.00  ~ $0.00 ,N/A,N/A,N/A,N/A,N/A
Arts & Entertainment (Legacy),Local News,United States,N/A,$0.00  ~ $0.00 ,N/A,N/A,N/A,N/A,N/A
Arts & Entertainment (Legacy),Books & Literature,United States,N/A,$0.00  ~ $0.00 ,N/A,N/A,N/A,N/A,N/A
Arts & Entertainment (Legacy),Books & Literature,Canada,N/A,$0.00  ~ $0.00 ,N/A,N/A,N/A,N/A,N/A
Arts & Entertainment (Legacy),Movies,United States,N/A,$0.00  ~ $0.00 ,N/A,N/A,N/A,N/A,N/A
Arts & Entertainment (Legacy),Biotech/Biomedical,United States,N/A,$0.00  ~ $0.00 ,N/A,N/A,N/A,N/A,N/A
Arts & Entertainment (Legacy),Biotech/Biomedical,Canada,N/A,$0.00  ~ $0.00 ,N/A,N/A,N/A,N/A,N/A
Arts & Entertainment (Legacy),Buying/Selling Homes,United States,N/A,$0.00  ~ $0.00 ,N/A,N/A,N/A,N/A,N/A
Arts & Entertainment (Legacy),Buying/Selling Homes,Canada,N/A,$0.00  ~ $0.00 ,N/A,N/A,N/A,N/A,N/A
Arts & Entertainment (Legacy),Video & Computer Games,United States,N/A,$0.00  ~ $0.00 ,N/A,N/A,N/A,N/A,N/A
Arts & Entertainment (Legacy),Environmental Safety,United States,N/A,$0.00  ~ $0.00 ,N/A,N/A,N/A,N/A,N/A
Arts & Entertainment (Legacy),Pediatrics,United States,N/A,$0.00  ~ $0.00 ,N/A,N/A,N/A,N/A,N/A
Arts & Entertainment (Legacy),By US Locale,United States,N/A,$0.00  ~ $0.00 ,N/A,N/A,N/A,N/A,N/A
Arts & Entertainment (Legacy),Art/Technology,United States,N/A,$0.00  ~ $0.00 ,N/A,N/A,N/A,N/A,N/A
Arts & Entertainment (Legacy),Art/Technology,Canada,N/A,$0.00  ~ $0.00 ,N/A,N/A,N/A,N/A,N/A
Arts & Entertainment (Legacy),Distance Learning,United States,N/A,$0.00  ~ $0.00 ,N/A,N/A,N/A,N/A,N/A
Arts & Entertainment (Legacy),Personal Finance,United States,N/A,$0.00  ~ $0.00 ,N/A,N/A,N/A,N/A,N/A
Arts & Entertainment (Legacy),Personal Finance,Canada,N/A,$0.00  ~ $0.00 ,N/A,N/A,N/A,N/A,N/A
Arts & Entertainment (Legacy),Arts & Crafts,Canada,N/A,$0.00  ~ $0.00 ,N/A,N/A,N/A,N/A,N/A
Arts & Entertainment (Legacy),Arts & Crafts,United States,N/A,$0.00  ~ $0.00 ,N/A,N/A,N/A,N/A,N/A
Arts & Entertainment (Legacy),Technology & Computing,Canada,N/A,$0.00  ~ $0.00 ,N/A,N/A,N/A,N/A,N/A
Arts & Entertainment (Legacy),Technology & Computing,United States,N/A,$0.00  ~ $0.00 ,N/A,N/A,N/A,N/A,N/A
Arts & Entertainment (Legacy),Auto Parts,United States,N/A,$0.00  ~ $0.00 ,N/A,N/A,N/A,N/A,N/A
Arts & Entertainment (Legacy),Auto Parts,Canada,N/A,$0.00  ~ $0.00 ,N/A,N/A,N/A,N/A,N/A
Arts & Entertainment (Legacy),Physical Therapy,Canada,N/A,$0.00  ~ $0.00 ,N/A,N/A,N/A,N/A,N/A
Arts & Entertainment (Legacy),Physical Therapy,United States,N/A,$0.00  ~ $0.00 ,N/A,N/A,N/A,N/A,N/A
Arts & Entertainment (Legacy),Computer Networking,United States,N/A,$0.00  ~ $0.00 ,N/A,N/A,N/A,N/A,N/A
Arts & Entertainment (Legacy),Style & Fashion,United States,N/A,$0.00  ~ $0.00 ,N/A,N/A,N/A,N/A,N/A
Arts & Entertainment (Legacy),Net Conferencing,United States,N/A,$0.00  ~ $0.00 ,N/A,N/A,N/A,N/A,N/A
Arts & Entertainment (Legacy),Net Conferencing,Canada,N/A,$0.00  ~ $0.00 ,N/A,N/A,N/A,N/A,N/A
Arts & Entertainment (Legacy),Health & Fitness,Canada,N/A,$0.00  ~ $0.00 ,N/A,N/A,N/A,N/A,N/A
Arts & Entertainment (Legacy),Health & Fitness,United States,N/A,$0.00  ~ $0.00 ,N/A,N/A,N/A,N/A,N/A
Arts & Entertainment (Legacy),Investors & Patents,United States,N/A,$0.00  ~ $0.00 ,N/A,N/A,N/A,N/A,N/A
Arts & Entertainment (Legacy),Investors & Patents,Canada,N/A,$0.00  ~ $0.00 ,N/A,N/A,N/A,N/A,N/A
Arts & Entertainment (Legacy),Arts & Entertainment,United States,N/A,$0.00  ~ $0.00 ,N/A,N/A,N/A,N/A,N/A
Arts & Entertainment (Legacy),Arts & Entertainment,Canada,N/A,$0.00  ~ $0.00 ,N/A,N/A,N/A,N/A,N/A
Arts & Entertainment (Legacy),Adventure Travel,United States,N/A,$0.00  ~ $0.00 ,N/A,N/A,N/A,N/A,N/A
Arts & Entertainment (Legacy),Government,United States,N/A,$0.00  ~ $0.00 ,N/A,N/A,N/A,N/A,N/A
Arts & Entertainment (Legacy),Government,Canada,N/A,$0.00  ~ $0.00 ,N/A,N/A,N/A,N/A,N/A
Arts & Entertainment (Legacy),Scholarships,United States,N/A,$0.00  ~ $0.00 ,N/A,N/A,N/A,N/A,N/A
Arts & Entertainment (Legacy),Forestry,United States,N/A,$0.00  ~ $0.00 ,N/A,N/A,N/A,N/A,N/A
Arts & Entertainment (Legacy),Homework/Study Tips,United States,N/A,$0.00  ~ $0.00 ,N/A,N/A,N/A,N/A,N/A
Arts & Entertainment (Legacy),Jewelry,United States,N/A,$0.00  ~ $0.00 ,N/A,N/A,N/A,N/A,N/A
Arts & Entertainment (Legacy),Jewelry,Canada,N/A,$0.00  ~ $0.00 ,N/A,N/A,N/A,N/A,N/A
Arts & Entertainment (Legacy),Nutrition,Canada,N/A,$0.00  ~ $0.00 ,N/A,N/A,N/A,N/A,N/A
Arts & Entertainment (Legacy),Nutrition,United States,N/A,$0.00  ~ $0.00 ,N/A,N/A,N/A,N/A,N/A
Arts & Entertainment (Legacy),Incontinence,United States,N/A,$0.00  ~ $0.00 ,N/A,N/A,N/A,N/A,N/A
Arts & Entertainment (Legacy),Astrology,Canada,N/A,$0.00  ~ $0.00 ,N/A,N/A,N/A,N/A,N/A
Arts & Entertainment (Legacy),Astrology,United States,N/A,$0.00  ~ $0.00 ,N/A,N/A,N/A,N/A,N/A
Arts & Entertainment (Legacy),Religion & Spirituality,United States,N/A,$0.00  ~ $0.00 ,N/A,N/A,N/A,N/A,N/A
Arts & Entertainment (Legacy),Home Theater,United States,N/A,$0.00  ~ $0.00 ,N/A,N/A,N/A,N/A,N/A
Arts & Entertainment (Legacy),Auto Repair,Canada,N/A,$0.00  ~ $0.00 ,N/A,N/A,N/A,N/A,N/A
Arts & Entertainment (Legacy),Auto Repair,United States,N/A,$0.00  ~ $0.00 ,N/A,N/A,N/A,N/A,N/A
Arts & Entertainment (Legacy),Career Planning,United States,N/A,$0.00  ~ $0.00 ,N/A,N/A,N/A,N/A,N/A
Arts & Entertainment (Legacy),Career Planning,Canada,N/A,$0.00  ~ $0.00 ,N/A,N/A,N/A,N/A,N/A
Arts & Entertainment (Legacy),Trucks & Accessories,United States,N/A,$0.00  ~ $0.00 ,N/A,N/A,N/A,N/A,N/A
Arts & Entertainment (Legacy),Cold & Flu,United States,N/A,$0.00  ~ $0.00 ,N/A,N/A,N/A,N/A,N/A
Arts & Entertainment (Legacy),Cold & Flu,Canada,N/A,$0.00  ~ $0.00 ,N/A,N/A,N/A,N/A,N/A
Arts & Entertainment (Legacy),Veterinary Medicine,United States,N/A,$0.00  ~ $0.00 ,N/A,N/A,N/A,N/A,N/A
Arts & Entertainment (Legacy),Veterinary Medicine,Canada,N/A,$0.00  ~ $0.00 ,N/A,N/A,N/A,N/A,N/A
Arts & Entertainment (Legacy),Martial Arts,United States,N/A,$0.00  ~ $0.00 ,N/A,N/A,N/A,N/A,N/A
Arts & Entertainment (Legacy),Martial Arts,Canada,N/A,$0.00  ~ $0.00 ,N/A,N/A,N/A,N/A,N/A
Arts & Entertainment (Legacy),Certified Pre-Owned,United States,N/A,$0.00  ~ $0.00 ,N/A,N/A,N/A,N/A,N/A
Arts & Entertainment (Legacy),Certified Pre-Owned,Canada,N/A,$0.00  ~ $0.00 ,N/A,N/A,N/A,N/A,N/A
Arts & Entertainment (Legacy),Body Art,United States,N/A,$0.00  ~ $0.00 ,N/A,N/A,N/A,N/A,N/A
Arts & Entertainment (Legacy),Legal Issues,United States,N/A,$0.00  ~ $0.00 ,N/A,N/A,N/A,N/A,N/A
Arts & Entertainment (Legacy),Legal Issues,Canada,N/A,$0.00  ~ $0.00 ,N/A,N/A,N/A,N/A,N/A
Arts & Entertainment (Legacy),News,United States,N/A,$0.00  ~ $0.00 ,N/A,N/A,N/A,N/A,N/A
Arts & Entertainment (Legacy),News,Canada,N/A,$0.00  ~ $0.00 ,N/A,N/A,N/A,N/A,N/A
Arts & Entertainment (Legacy),Computer Peripherals,Canada,N/A,$0.00  ~ $0.00 ,N/A,N/A,N/A,N/A,N/A
Arts & Entertainment (Legacy),Computer Peripherals,United States,N/A,$0.00  ~ $0.00 ,N/A,N/A,N/A,N/A,N/A
Arts & Entertainment (Legacy),Internet Technology,United States,N/A,$0.00  ~ $0.00 ,N/A,N/A,N/A,N/A,N/A
Arts & Entertainment (Legacy),Internet Technology,Canada,N/A,$0.00  ~ $0.00 ,N/A,N/A,N/A,N/A,N/A
Arts & Entertainment (Legacy),Buying/Selling Cars,United States,N/A,$0.00  ~ $0.00 ,N/A,N/A,N/A,N/A,N/A
Arts & Entertainment (Legacy),Buying/Selling Cars,Canada,N/A,$0.00  ~ $0.00 ,N/A,N/A,N/A,N/A,N/A
Arts & Entertainment (Legacy),Cancer,United States,N/A,$0.00  ~ $0.00 ,N/A,N/A,N/A,N/A,N/A
Arts & Entertainment (Legacy),Cancer,Canada,N/A,$0.00  ~ $0.00 ,N/A,N/A,N/A,N/A,N/A
Arts & Entertainment (Legacy),Theme Parks,United States,N/A,$0.00  ~ $0.00 ,N/A,N/A,N/A,N/A,N/A
Arts & Entertainment (Legacy),Theme Parks,Canada,N/A,$0.00  ~ $0.00 ,N/A,N/A,N/A,N/A,N/A
Arts & Entertainment (Legacy),Weight Loss,United States,N/A,$0.00  ~ $0.00 ,N/A,N/A,N/A,N/A,N/A
Arts & Entertainment (Legacy),Adult Education,United States,N/A,$0.00  ~ $0.00 ,N/A,N/A,N/A,N/A,N/A
Arts & Entertainment (Legacy),Adult Education,Canada,N/A,$0.00  ~ $0.00 ,N/A,N/A,N/A,N/A,N/A
Arts & Entertainment (Legacy),Retirement Planning,United States,N/A,$0.00  ~ $0.00 ,N/A,N/A,N/A,N/A,N/A
Arts & Entertainment (Legacy),Retirement Planning,Canada,N/A,$0.00  ~ $0.00 ,N/A,N/A,N/A,N/A,N/A
Arts & Entertainment (Legacy),Radio,United States,N/A,$0.00  ~ $0.00 ,N/A,N/A,N/A,N/A,N/A
Arts & Entertainment (Legacy),Bed & Breakfasts,United States,N/A,$0.00  ~ $0.00 ,N/A,N/A,N/A,N/A,N/A
Arts & Entertainment (Legacy),Bed & Breakfasts,Canada,N/A,$0.00  ~ $0.00 ,N/A,N/A,N/A,N/A,N/A
Arts & Entertainment (Legacy),Human Resources,United States,N/A,$0.00  ~ $0.00 ,N/A,N/A,N/A,N/A,N/A
Arts & Entertainment (Legacy),Human Resources,Canada,N/A,$0.00  ~ $0.00 ,N/A,N/A,N/A,N/A,N/A
Arts & Entertainment (Legacy),Entertainment,United States,N/A,$0.00  ~ $0.00 ,N/A,N/A,N/A,N/A,N/A
Arts & Entertainment (Legacy),Entertainment,Canada,N/A,$0.00  ~ $0.00 ,N/A,N/A,N/A,N/A,N/A
Arts & Entertainment (Legacy),Appliances,United States,N/A,$0.00  ~ $0.00 ,N/A,N/A,N/A,N/A,N/A
Arts & Entertainment (Legacy),Appliances,Canada,N/A,$0.00  ~ $0.00 ,N/A,N/A,N/A,N/A,N/A
Arts & Entertainment (Legacy),Computer Certification,United States,N/A,$0.00  ~ $0.00 ,N/A,N/A,N/A,N/A,N/A
Arts & Entertainment (Legacy),Allergies,United States,N/A,$0.00  ~ $0.00 ,N/A,N/A,N/A,N/A,N/A
Arts & Entertainment (Legacy),Psychology/Psychiatry,United States,N/A,$0.00  ~ $0.00 ,N/A,N/A,N/A,N/A,N/A
Arts & Entertainment (Legacy),Psychology/Psychiatry,Canada,N/A,$0.00  ~ $0.00 ,N/A,N/A,N/A,N/A,N/A
Arts & Entertainment (Legacy),Hunting/Shooting,United States,N/A,$0.00  ~ $0.00 ,N/A,N/A,N/A,N/A,N/A
Arts & Entertainment (Legacy),Daycare/Pre School,United States,N/A,$0.00  ~ $0.00 ,N/A,N/A,N/A,N/A,N/A
Arts & Entertainment (Legacy),Daycare/Pre School,Canada,N/A,$0.00  ~ $0.00 ,N/A,N/A,N/A,N/A,N/A
Arts & Entertainment (Legacy),Dermatology,United States,N/A,$0.00  ~ $0.00 ,N/A,N/A,N/A,N/A,N/A
Arts & Entertainment (Legacy),Dermatology,Canada,N/A,$0.00  ~ $0.00 ,N/A,N/A,N/A,N/A,N/A
Arts & Entertainment (Legacy),Advertising,Canada,N/A,$0.00  ~ $0.00 ,N/A,N/A,N/A,N/A,N/A
Arts & Entertainment (Legacy),Advertising,United States,N/A,$0.00  ~ $0.00 ,N/A,N/A,N/A,N/A,N/A
Arts & Entertainment (Legacy),Job Search,Canada,N/A,$0.00  ~ $0.00 ,N/A,N/A,N/A,N/A,N/A
Arts & Entertainment (Legacy),Job Search,United States,N/A,$0.00  ~ $0.00 ,N/A,N/A,N/A,N/A,N/A
Arts & Entertainment (Legacy),Cell Phones,United States,N/A,$0.00  ~ $0.00 ,N/A,N/A,N/A,N/A,N/A
Arts & Entertainment (Legacy),Mountain Biking,United States,N/A,$0.00  ~ $0.00 ,N/A,N/A,N/A,N/A,N/A
Arts & Entertainment (Legacy),Mountain Biking,Canada,N/A,$0.00  ~ $0.00 ,N/A,N/A,N/A,N/A,N/A
Arts & Entertainment (Legacy),Guitar,United States,N/A,$0.00  ~ $0.00 ,N/A,N/A,N/A,N/A,N/A
Arts & Entertainment (Legacy),Real Estate,United States,N/A,$0.00  ~ $0.00 ,N/A,N/A,N/A,N/A,N/A
Arts & Entertainment (Legacy),Real Estate,Canada,N/A,$0.00  ~ $0.00 ,N/A,N/A,N/A,N/A,N/A
Arts & Entertainment (Legacy),Road-Side Assistance,United States,N/A,$0.00  ~ $0.00 ,N/A,N/A,N/A,N/A,N/A
Arts & Entertainment (Legacy),Road-Side Assistance,Canada,N/A,$0.00  ~ $0.00 ,N/A,N/A,N/A,N/A,N/A
Arts & Entertainment (Legacy),Alternative Religions,United States,N/A,$0.00  ~ $0.00 ,N/A,N/A,N/A,N/A,N/A
Arts & Entertainment (Legacy),Tax Planning,United States,N/A,$0.00  ~ $0.00 ,N/A,N/A,N/A,N/A,N/A
Arts & Entertainment (Legacy),Thyroid Disease,United States,N/A,$0.00  ~ $0.00 ,N/A,N/A,N/A,N/A,N/A
Arts & Entertainment (Legacy),Music,United States,N/A,$0.00  ~ $0.00 ,N/A,N/A,N/A,N/A,N/A
Arts & Entertainment (Legacy),Music,Canada,N/A,$0.00  ~ $0.00 ,N/A,N/A,N/A,N/A,N/A
Arts & Entertainment (Legacy),Credit/Debt & Loans,Canada,N/A,$0.00  ~ $0.00 ,N/A,N/A,N/A,N/A,N/A
Arts & Entertainment (Legacy),Credit/Debt & Loans,United States,N/A,$0.00  ~ $0.00 ,N/A,N/A,N/A,N/A,N/A
Arts & Entertainment (Legacy),Logistics,United States,N/A,$0.00  ~ $0.00 ,N/A,N/A,N/A,N/A,N/A
Arts & Entertainment (Legacy),Logistics,Canada,N/A,$0.00  ~ $0.00 ,N/A,N/A,N/A,N/A,N/A
Arts & Entertainment (Legacy),Interior Decorating,United States,N/A,$0.00  ~ $0.00 ,N/A,N/A,N/A,N/A,N/A
Arts & Entertainment (Legacy),Interior Decorating,Canada,N/A,$0.00  ~ $0.00 ,N/A,N/A,N/A,N/A,N/A
Arts & Entertainment (Legacy),Cruises,United States,N/A,$0.00  ~ $0.00 ,N/A,N/A,N/A,N/A,N/A
Arts & Entertainment (Legacy),Cruises,Canada,N/A,$0.00  ~ $0.00 ,N/A,N/A,N/A,N/A,N/A
Arts & Entertainment (Legacy),Agriculture,United States,N/A,$0.00  ~ $0.00 ,N/A,N/A,N/A,N/A,N/A
Arts & Entertainment (Legacy),Agriculture,Canada,N/A,$0.00  ~ $0.00 ,N/A,N/A,N/A,N/A,N/A
Arts & Entertainment (Legacy),Apartments,United States,N/A,$0.00  ~ $0.00 ,N/A,N/A,N/A,N/A,N/A
Arts & Entertainment (Legacy),Apartments,Canada,N/A,$0.00  ~ $0.00 ,N/A,N/A,N/A,N/A,N/A
Arts & Entertainment (Legacy),Swimming,United States,N/A,$0.00  ~ $0.00 ,N/A,N/A,N/A,N/A,N/A
Arts & Entertainment (Legacy),Dogs,United States,N/A,$0.00  ~ $0.00 ,N/A,N/A,N/A,N/A,N/A
Arts & Entertainment (Legacy),Dogs,Canada,N/A,$0.00  ~ $0.00 ,N/A,N/A,N/A,N/A,N/A
Arts & Entertainment (Legacy),Green Solutions,United States,N/A,$0.00  ~ $0.00 ,N/A,N/A,N/A,N/A,N/A
Arts & Entertainment (Legacy),Green Solutions,Canada,N/A,$0.00  ~ $0.00 ,N/A,N/A,N/A,N/A,N/A
Arts & Entertainment (Legacy),Incest/Abuse Support,United States,N/A,$0.00  ~ $0.00 ,N/A,N/A,N/A,N/A,N/A
Arts & Entertainment (Legacy),Incest/Abuse Support,Canada,N/A,$0.00  ~ $0.00 ,N/A,N/A,N/A,N/A,N/A
Arts & Entertainment (Legacy),Senor Health,Canada,N/A,$0.00  ~ $0.00 ,N/A,N/A,N/A,N/A,N/A
Arts & Entertainment (Legacy),Senor Health,United States,N/A,$0.00  ~ $0.00 ,N/A,N/A,N/A,N/A,N/A
Arts & Entertainment (Legacy),Beauty,United States,N/A,$0.00  ~ $0.00 ,N/A,N/A,N/A,N/A,N/A
Arts & Entertainment (Legacy),Beauty,Canada,N/A,$0.00  ~ $0.00 ,N/A,N/A,N/A,N/A,N/A
Automotive (Legacy),Education,United States,N/A,$0.00  ~ $0.00 ,N/A,N/A,N/A,N/A,N/A
Automotive (Legacy),Education,Canada,N/A,$0.00  ~ $0.00 ,N/A,N/A,N/A,N/A,N/A
Automotive (Legacy),Buying/Selling Cars,Canada,N/A,$0.00  ~ $0.00 ,N/A,N/A,N/A,N/A,N/A
Automotive (Legacy),Buying/Selling Cars,United States,N/A,$0.00  ~ $0.00 ,N/A,N/A,N/A,N/A,N/A
Automotive (Legacy),Pro Basketball,United States,N/A,$0.00  ~ $0.00 ,N/A,N/A,N/A,N/A,N/A
Automotive (Legacy),Dental Care,United States,N/A,$0.00  ~ $0.00 ,N/A,N/A,N/A,N/A,N/A
Automotive (Legacy),Dental Care,Canada,N/A,$0.00  ~ $0.00 ,N/A,N/A,N/A,N/A,N/A
Automotive (Legacy),Radio,United States,N/A,$0.00  ~ $0.00 ,N/A,N/A,N/A,N/A,N/A
Automotive (Legacy),Motorcycles,United States,N/A,$0.00  ~ $0.00 ,N/A,N/A,N/A,N/A,N/A
Automotive (Legacy),Motorcycles,Canada,N/A,$0.00  ~ $0.00 ,N/A,N/A,N/A,N/A,N/A
Automotive (Legacy),Accessories,United States,N/A,$0.00  ~ $0.00 ,N/A,N/A,N/A,N/A,N/A
Automotive (Legacy),Cell Phones,United States,N/A,$0.00  ~ $0.00 ,N/A,N/A,N/A,N/A,N/A
Automotive (Legacy),Internet Technology,United States,N/A,$0.00  ~ $0.00 ,N/A,N/A,N/A,N/A,N/A
Automotive (Legacy),Internet Technology,Canada,N/A,$0.00  ~ $0.00 ,N/A,N/A,N/A,N/A,N/A
Automotive (Legacy),Mountain Biking,United States,N/A,$0.00  ~ $0.00 ,N/A,N/A,N/A,N/A,N/A
Automotive (Legacy),Mountain Biking,Canada,N/A,$0.00  ~ $0.00 ,N/A,N/A,N/A,N/A,N/A
Automotive (Legacy),Comparison,United States,N/A,$0.00  ~ $0.00 ,N/A,N/A,N/A,N/A,N/A
Automotive (Legacy),Financial Aid,United States,N/A,$0.00  ~ $0.00 ,N/A,N/A,N/A,N/A,N/A
Automotive (Legacy),Home Theater,United States,N/A,$0.00  ~ $0.00 ,N/A,N/A,N/A,N/A,N/A
Automotive (Legacy),Couponing,United States,N/A,$0.00  ~ $0.00 ,N/A,N/A,N/A,N/A,N/A
Automotive (Legacy),Couponing,Canada,N/A,$0.00  ~ $0.00 ,N/A,N/A,N/A,N/A,N/A
Automotive (Legacy),Mutual Funds,United States,N/A,$0.00  ~ $0.00 ,N/A,N/A,N/A,N/A,N/A
Automotive (Legacy),Mutual Funds,Canada,N/A,$0.00  ~ $0.00 ,N/A,N/A,N/A,N/A,N/A
Automotive (Legacy),Daycare/Pre School,United States,N/A,$0.00  ~ $0.00 ,N/A,N/A,N/A,N/A,N/A
Automotive (Legacy),Daycare/Pre School,Canada,N/A,$0.00  ~ $0.00 ,N/A,N/A,N/A,N/A,N/A
Automotive (Legacy),Legal Issues,Canada,N/A,$0.00  ~ $0.00 ,N/A,N/A,N/A,N/A,N/A
Automotive (Legacy),Legal Issues,United States,N/A,$0.00  ~ $0.00 ,N/A,N/A,N/A,N/A,N/A
Automotive (Legacy),Automotive,United States,N/A,$0.00  ~ $0.00 ,N/A,N/A,N/A,N/A,N/A
Automotive (Legacy),Automotive,Canada,N/A,$0.00  ~ $0.00 ,N/A,N/A,N/A,N/A,N/A
Automotive (Legacy),Green Solutions,United States,N/A,$0.00  ~ $0.00 ,N/A,N/A,N/A,N/A,N/A
Automotive (Legacy),Green Solutions,Canada,N/A,$0.00  ~ $0.00 ,N/A,N/A,N/A,N/A,N/A
Automotive (Legacy),Careers,United States,N/A,$0.00  ~ $0.00 ,N/A,N/A,N/A,N/A,N/A
Automotive (Legacy),Careers,Canada,N/A,$0.00  ~ $0.00 ,N/A,N/A,N/A,N/A,N/A
Automotive (Legacy),U.S. Military,United States,N/A,$0.00  ~ $0.00 ,N/A,N/A,N/A,N/A,N/A
Automotive (Legacy),Arts & Crafts,United States,N/A,$0.00  ~ $0.00 ,N/A,N/A,N/A,N/A,N/A
Automotive (Legacy),Entertainment,United States,N/A,$0.00  ~ $0.00 ,N/A,N/A,N/A,N/A,N/A
Automotive (Legacy),Network Security,United States,N/A,$0.00  ~ $0.00 ,N/A,N/A,N/A,N/A,N/A
Automotive (Legacy),Network Security,Canada,N/A,$0.00  ~ $0.00 ,N/A,N/A,N/A,N/A,N/A
Automotive (Legacy),Roleplaying Games,United States,N/A,$0.00  ~ $0.00 ,N/A,N/A,N/A,N/A,N/A
Automotive (Legacy),Hotels,United States,N/A,$0.00  ~ $0.00 ,N/A,N/A,N/A,N/A,N/A
Automotive (Legacy),Hotels,Canada,N/A,$0.00  ~ $0.00 ,N/A,N/A,N/A,N/A,N/A
Automotive (Legacy),Card Games,United States,N/A,$0.00  ~ $0.00 ,N/A,N/A,N/A,N/A,N/A
Automotive (Legacy),Card Games,Canada,N/A,$0.00  ~ $0.00 ,N/A,N/A,N/A,N/A,N/A
Automotive (Legacy),Hunting/Shooting,United States,N/A,$0.00  ~ $0.00 ,N/A,N/A,N/A,N/A,N/A
Automotive (Legacy),Books & Literature,United States,N/A,$0.00  ~ $0.00 ,N/A,N/A,N/A,N/A,N/A
Automotive (Legacy),Books & Literature,Canada,N/A,$0.00  ~ $0.00 ,N/A,N/A,N/A,N/A,N/A
Automotive (Legacy),K-6 Educators,United States,N/A,$0.00  ~ $0.00 ,N/A,N/A,N/A,N/A,N/A
Automotive (Legacy),K-6 Educators,Canada,N/A,$0.00  ~ $0.00 ,N/A,N/A,N/A,N/A,N/A
Automotive (Legacy),Marketing,Canada,N/A,$0.00  ~ $0.00 ,N/A,N/A,N/A,N/A,N/A
Automotive (Legacy),Marketing,United States,N/A,$0.00  ~ $0.00 ,N/A,N/A,N/A,N/A,N/A
Automotive (Legacy),Religion & Spirituality,United States,N/A,$0.00  ~ $0.00 ,N/A,N/A,N/A,N/A,N/A
Automotive (Legacy),Entertaining,United States,N/A,$0.00  ~ $0.00 ,N/A,N/A,N/A,N/A,N/A
Automotive (Legacy),Business Software,United States,N/A,$0.00  ~ $0.00 ,N/A,N/A,N/A,N/A,N/A
Automotive (Legacy),Business Software,Canada,N/A,$0.00  ~ $0.00 ,N/A,N/A,N/A,N/A,N/A
Automotive (Legacy),Clothing,United States,N/A,$0.00  ~ $0.00 ,N/A,N/A,N/A,N/A,N/A
Automotive (Legacy),Clothing,Canada,N/A,$0.00  ~ $0.00 ,N/A,N/A,N/A,N/A,N/A
Automotive (Legacy),Video & Computer Games,United States,N/A,$0.00  ~ $0.00 ,N/A,N/A,N/A,N/A,N/A
Automotive (Legacy),News,United States,N/A,$0.00  ~ $0.00 ,N/A,N/A,N/A,N/A,N/A
Automotive (Legacy),News,Canada,N/A,$0.00  ~ $0.00 ,N/A,N/A,N/A,N/A,N/A
Automotive (Legacy),Pets,United States,N/A,$0.00  ~ $0.00 ,N/A,N/A,N/A,N/A,N/A
Automotive (Legacy),Pets,Canada,N/A,$0.00  ~ $0.00 ,N/A,N/A,N/A,N/A,N/A
Automotive (Legacy),Television,United States,N/A,$0.00  ~ $0.00 ,N/A,N/A,N/A,N/A,N/A
Automotive (Legacy),Cocktails/Beer,United States,N/A,$0.00  ~ $0.00 ,N/A,N/A,N/A,N/A,N/A
Automotive (Legacy),Cocktails/Beer,Canada,N/A,$0.00  ~ $0.00 ,N/A,N/A,N/A,N/A,N/A
Automotive (Legacy),Food & Drink,Canada,N/A,$0.00  ~ $0.00 ,N/A,N/A,N/A,N/A,N/A
Automotive (Legacy),Food & Drink,United States,N/A,$0.00  ~ $0.00 ,N/A,N/A,N/A,N/A,N/A
Automotive (Legacy),Cancer,United States,N/A,$0.00  ~ $0.00 ,N/A,N/A,N/A,N/A,N/A
Automotive (Legacy),Cancer,Canada,N/A,$0.00  ~ $0.00 ,N/A,N/A,N/A,N/A,N/A
Automotive (Legacy),Construction,United States,N/A,$0.00  ~ $0.00 ,N/A,N/A,N/A,N/A,N/A
Automotive (Legacy),Construction,Canada,N/A,$0.00  ~ $0.00 ,N/A,N/A,N/A,N/A,N/A
Automotive (Legacy),Sailing,United States,N/A,$0.00  ~ $0.00 ,N/A,N/A,N/A,N/A,N/A
Automotive (Legacy),Politics,United States,N/A,$0.00  ~ $0.00 ,N/A,N/A,N/A,N/A,N/A
Automotive (Legacy),Politics,Canada,N/A,$0.00  ~ $0.00 ,N/A,N/A,N/A,N/A,N/A
Automotive (Legacy),Real Estate,United States,N/A,$0.00  ~ $0.00 ,N/A,N/A,N/A,N/A,N/A
Automotive (Legacy),Real Estate,Canada,N/A,$0.00  ~ $0.00 ,N/A,N/A,N/A,N/A,N/A
Automotive (Legacy),Environmental Safety,United States,N/A,$0.00  ~ $0.00 ,N/A,N/A,N/A,N/A,N/A
Automotive (Legacy),Barbecues & Grilling,Canada,N/A,$0.00  ~ $0.00 ,N/A,N/A,N/A,N/A,N/A
Automotive (Legacy),Babies & Toddlers,United States,N/A,$0.00  ~ $0.00 ,N/A,N/A,N/A,N/A,N/A
Automotive (Legacy),Wine,United States,N/A,$0.00  ~ $0.00 ,N/A,N/A,N/A,N/A,N/A
Automotive (Legacy),Nutrition,Canada,N/A,$0.00  ~ $0.00 ,N/A,N/A,N/A,N/A,N/A
Automotive (Legacy),Nutrition,United States,N/A,$0.00  ~ $0.00 ,N/A,N/A,N/A,N/A,N/A
Automotive (Legacy),Alternative Medicine,United States,N/A,$0.00  ~ $0.00 ,N/A,N/A,N/A,N/A,N/A
Automotive (Legacy),Alternative Medicine,Canada,N/A,$0.00  ~ $0.00 ,N/A,N/A,N/A,N/A,N/A
Automotive (Legacy),Martial Arts,United States,N/A,$0.00  ~ $0.00 ,N/A,N/A,N/A,N/A,N/A
Automotive (Legacy),Investors & Patents,United States,N/A,$0.00  ~ $0.00 ,N/A,N/A,N/A,N/A,N/A
Automotive (Legacy),Investors & Patents,Canada,N/A,$0.00  ~ $0.00 ,N/A,N/A,N/A,N/A,N/A
Automotive (Legacy),Dining Out,United States,N/A,$0.00  ~ $0.00 ,N/A,N/A,N/A,N/A,N/A
Automotive (Legacy),Dining Out,Canada,N/A,$0.00  ~ $0.00 ,N/A,N/A,N/A,N/A,N/A
Automotive (Legacy),Retirement Planning,United States,N/A,$0.00  ~ $0.00 ,N/A,N/A,N/A,N/A,N/A
Automotive (Legacy),Dermatology,United States,N/A,$0.00  ~ $0.00 ,N/A,N/A,N/A,N/A,N/A
Automotive (Legacy),Dermatology,Canada,N/A,$0.00  ~ $0.00 ,N/A,N/A,N/A,N/A,N/A
Automotive (Legacy),Net Conferencing,United States,N/A,$0.00  ~ $0.00 ,N/A,N/A,N/A,N/A,N/A
Automotive (Legacy),Net Conferencing,Canada,N/A,$0.00  ~ $0.00 ,N/A,N/A,N/A,N/A,N/A
Automotive (Legacy),Air Travel,United States,N/A,$0.00  ~ $0.00 ,N/A,N/A,N/A,N/A,N/A
Automotive (Legacy),Air Travel,Canada,N/A,$0.00  ~ $0.00 ,N/A,N/A,N/A,N/A,N/A
Automotive (Legacy),Language Learning,Canada,N/A,$0.00  ~ $0.00 ,N/A,N/A,N/A,N/A,N/A
Automotive (Legacy),Language Learning,United States,N/A,$0.00  ~ $0.00 ,N/A,N/A,N/A,N/A,N/A
Automotive (Legacy),Career Planning,United States,N/A,$0.00  ~ $0.00 ,N/A,N/A,N/A,N/A,N/A
Automotive (Legacy),Career Planning,Canada,N/A,$0.00  ~ $0.00 ,N/A,N/A,N/A,N/A,N/A
Automotive (Legacy),Art/Technology,United States,N/A,$0.00  ~ $0.00 ,N/A,N/A,N/A,N/A,N/A
Automotive (Legacy),Art/Technology,Canada,N/A,$0.00  ~ $0.00 ,N/A,N/A,N/A,N/A,N/A
Automotive (Legacy),Contests & Freebies,United States,N/A,$0.00  ~ $0.00 ,N/A,N/A,N/A,N/A,N/A
Automotive (Legacy),Apartments,Canada,N/A,$0.00  ~ $0.00 ,N/A,N/A,N/A,N/A,N/A
Automotive (Legacy),Apartments,United States,N/A,$0.00  ~ $0.00 ,N/A,N/A,N/A,N/A,N/A
Automotive (Legacy),Forestry,United States,N/A,$0.00  ~ $0.00 ,N/A,N/A,N/A,N/A,N/A
Automotive (Legacy),Metals,United States,N/A,$0.00  ~ $0.00 ,N/A,N/A,N/A,N/A,N/A
Automotive (Legacy),Metals,Canada,N/A,$0.00  ~ $0.00 ,N/A,N/A,N/A,N/A,N/A
Automotive (Legacy),Landscaping,United States,N/A,$0.00  ~ $0.00 ,N/A,N/A,N/A,N/A,N/A
Automotive (Legacy),Landscaping,Canada,N/A,$0.00  ~ $0.00 ,N/A,N/A,N/A,N/A,N/A
Automotive (Legacy),Government,United States,N/A,$0.00  ~ $0.00 ,N/A,N/A,N/A,N/A,N/A
Automotive (Legacy),Government,Canada,N/A,$0.00  ~ $0.00 ,N/A,N/A,N/A,N/A,N/A
Automotive (Legacy),Stamps & Coins,United States,N/A,$0.00  ~ $0.00 ,N/A,N/A,N/A,N/A,N/A
Automotive (Legacy),Personal Finance,United States,N/A,$0.00  ~ $0.00 ,N/A,N/A,N/A,N/A,N/A
Automotive (Legacy),Personal Finance,Canada,N/A,$0.00  ~ $0.00 ,N/A,N/A,N/A,N/A,N/A
Automotive (Legacy),Incest/Abuse Support,United States,N/A,$0.00  ~ $0.00 ,N/A,N/A,N/A,N/A,N/A
Automotive (Legacy),Incest/Abuse Support,Canada,N/A,$0.00  ~ $0.00 ,N/A,N/A,N/A,N/A,N/A
Automotive (Legacy),Senior Living,United States,N/A,$0.00  ~ $0.00 ,N/A,N/A,N/A,N/A,N/A
Automotive (Legacy),Theme Parks,United States,N/A,$0.00  ~ $0.00 ,N/A,N/A,N/A,N/A,N/A
Automotive (Legacy),Theme Parks,Canada,N/A,$0.00  ~ $0.00 ,N/A,N/A,N/A,N/A,N/A
Automotive (Legacy),Computer Certification,United States,N/A,$0.00  ~ $0.00 ,N/A,N/A,N/A,N/A,N/A
Automotive (Legacy),Swimming,United States,N/A,$0.00  ~ $0.00 ,N/A,N/A,N/A,N/A,N/A
Automotive (Legacy),Gardening,United States,N/A,$0.00  ~ $0.00 ,N/A,N/A,N/A,N/A,N/A
Automotive (Legacy),Gardening,Canada,N/A,$0.00  ~ $0.00 ,N/A,N/A,N/A,N/A,N/A
Automotive (Legacy),Cold & Flu,United States,N/A,$0.00  ~ $0.00 ,N/A,N/A,N/A,N/A,N/A
Automotive (Legacy),Cold & Flu,Canada,N/A,$0.00  ~ $0.00 ,N/A,N/A,N/A,N/A,N/A
Automotive (Legacy),Exercise,Canada,N/A,$0.00  ~ $0.00 ,N/A,N/A,N/A,N/A,N/A
Automotive (Legacy),Exercise,United States,N/A,$0.00  ~ $0.00 ,N/A,N/A,N/A,N/A,N/A
Automotive (Legacy),Alternative Religions,United States,N/A,$0.00  ~ $0.00 ,N/A,N/A,N/A,N/A,N/A
Automotive (Legacy),Thyroid Disease,United States,N/A,$0.00  ~ $0.00 ,N/A,N/A,N/A,N/A,N/A
Automotive (Legacy),Large Animals,United States,N/A,$0.00  ~ $0.00 ,N/A,N/A,N/A,N/A,N/A
Automotive (Legacy),Credit/Debt & Loans,Canada,N/A,$0.00  ~ $0.00 ,N/A,N/A,N/A,N/A,N/A
Automotive (Legacy),Credit/Debt & Loans,United States,N/A,$0.00  ~ $0.00 ,N/A,N/A,N/A,N/A,N/A
Automotive (Legacy),"Law, Gov't & Politics",United States,N/A,$0.00  ~ $0.00 ,N/A,N/A,N/A,N/A,N/A
Automotive (Legacy),Biotech/Biomedical,United States,N/A,$0.00  ~ $0.00 ,N/A,N/A,N/A,N/A,N/A
Automotive (Legacy),Biotech/Biomedical,Canada,N/A,$0.00  ~ $0.00 ,N/A,N/A,N/A,N/A,N/A
Automotive (Legacy),Health/Lowfat Cooking,United States,N/A,$0.00  ~ $0.00 ,N/A,N/A,N/A,N/A,N/A
Automotive (Legacy),Health/Lowfat Cooking,Canada,N/A,$0.00  ~ $0.00 ,N/A,N/A,N/A,N/A,N/A
Automotive (Legacy),Fine Art,United States,N/A,$0.00  ~ $0.00 ,N/A,N/A,N/A,N/A,N/A
Automotive (Legacy),Fine Art,Canada,N/A,$0.00  ~ $0.00 ,N/A,N/A,N/A,N/A,N/A
Automotive (Legacy),Adventure Travel,United States,N/A,$0.00  ~ $0.00 ,N/A,N/A,N/A,N/A,N/A
Automotive (Legacy),Birdwatching,United States,N/A,$0.00  ~ $0.00 ,N/A,N/A,N/A,N/A,N/A
Automotive (Legacy),Birdwatching,Canada,N/A,$0.00  ~ $0.00 ,N/A,N/A,N/A,N/A,N/A
Automotive (Legacy),Road-Side Assistance,United States,N/A,$0.00  ~ $0.00 ,N/A,N/A,N/A,N/A,N/A
Automotive (Legacy),U.S. Government Resources,United States,N/A,$0.00  ~ $0.00 ,N/A,N/A,N/A,N/A,N/A
Automotive (Legacy),Arthritis,United States,N/A,$0.00  ~ $0.00 ,N/A,N/A,N/A,N/A,N/A
Automotive (Legacy),Human Resources,United States,N/A,$0.00  ~ $0.00 ,N/A,N/A,N/A,N/A,N/A
Automotive (Legacy),Human Resources,Canada,N/A,$0.00  ~ $0.00 ,N/A,N/A,N/A,N/A,N/A
Automotive (Legacy),Desserts & Baking,United States,N/A,$0.00  ~ $0.00 ,N/A,N/A,N/A,N/A,N/A
Automotive (Legacy),Coffee/Tea,United States,N/A,$0.00  ~ $0.00 ,N/A,N/A,N/A,N/A,N/A
Automotive (Legacy),Style & Fashion,United States,N/A,$0.00  ~ $0.00 ,N/A,N/A,N/A,N/A,N/A
Automotive (Legacy),Homework/Study Tips,United States,N/A,$0.00  ~ $0.00 ,N/A,N/A,N/A,N/A,N/A
Automotive (Legacy),Body Art,United States,N/A,$0.00  ~ $0.00 ,N/A,N/A,N/A,N/A,N/A
Automotive (Legacy),Dogs,United States,N/A,$0.00  ~ $0.00 ,N/A,N/A,N/A,N/A,N/A
Automotive (Legacy),Dogs,Canada,N/A,$0.00  ~ $0.00 ,N/A,N/A,N/A,N/A,N/A
Automotive (Legacy),College,Canada,N/A,$0.00  ~ $0.00 ,N/A,N/A,N/A,N/A,N/A
Automotive (Legacy),College,United States,N/A,$0.00  ~ $0.00 ,N/A,N/A,N/A,N/A,N/A
Automotive (Legacy),Agriculture,United States,N/A,$0.00  ~ $0.00 ,N/A,N/A,N/A,N/A,N/A
Automotive (Legacy),Agriculture,Canada,N/A,$0.00  ~ $0.00 ,N/A,N/A,N/A,N/A,N/A
Automotive (Legacy),Camping,United States,N/A,$0.00  ~ $0.00 ,N/A,N/A,N/A,N/A,N/A
Automotive (Legacy),Travel,United States,N/A,$0.00  ~ $0.00 ,N/A,N/A,N/A,N/A,N/A
Automotive (Legacy),Travel,Canada,N/A,$0.00  ~ $0.00 ,N/A,N/A,N/A,N/A,N/A
Automotive (Legacy),Arts & Entertainment,United States,N/A,$0.00  ~ $0.00 ,N/A,N/A,N/A,N/A,N/A
Automotive (Legacy),Arts & Entertainment,Canada,N/A,$0.00  ~ $0.00 ,N/A,N/A,N/A,N/A,N/A
Automotive (Legacy),Bed & Breakfasts,United States,N/A,$0.00  ~ $0.00 ,N/A,N/A,N/A,N/A,N/A
Automotive (Legacy),Bed & Breakfasts,Canada,N/A,$0.00  ~ $0.00 ,N/A,N/A,N/A,N/A,N/A
Automotive (Legacy),Catholicism,United States,N/A,$0.00  ~ $0.00 ,N/A,N/A,N/A,N/A,N/A
Automotive (Legacy),Computer Networking,United States,N/A,$0.00  ~ $0.00 ,N/A,N/A,N/A,N/A,N/A
Automotive (Legacy),Computer Peripherals,United States,N/A,$0.00  ~ $0.00 ,N/A,N/A,N/A,N/A,N/A
Automotive (Legacy),Home & Garden,United States,N/A,$0.00  ~ $0.00 ,N/A,N/A,N/A,N/A,N/A
Automotive (Legacy),Home & Garden,Canada,N/A,$0.00  ~ $0.00 ,N/A,N/A,N/A,N/A,N/A
Automotive (Legacy),Hobbies & Interests,United States,N/A,$0.00  ~ $0.00 ,N/A,N/A,N/A,N/A,N/A
Automotive (Legacy),Hobbies & Interests,Canada,N/A,$0.00  ~ $0.00 ,N/A,N/A,N/A,N/A,N/A
Automotive (Legacy),Interior Decorating,United States,N/A,$0.00  ~ $0.00 ,N/A,N/A,N/A,N/A,N/A
Automotive (Legacy),Interior Decorating,Canada,N/A,$0.00  ~ $0.00 ,N/A,N/A,N/A,N/A,N/A
Automotive (Legacy),Technology & Computing,United States,N/A,$0.00  ~ $0.00 ,N/A,N/A,N/A,N/A,N/A
Automotive (Legacy),Technology & Computing,Canada,N/A,$0.00  ~ $0.00 ,N/A,N/A,N/A,N/A,N/A
Automotive (Legacy),Pediatrics,United States,N/A,$0.00  ~ $0.00 ,N/A,N/A,N/A,N/A,N/A
Automotive (Legacy),Collecting,United States,N/A,$0.00  ~ $0.00 ,N/A,N/A,N/A,N/A,N/A
Automotive (Legacy),Canada,Canada,N/A,$0.00  ~ $0.00 ,N/A,N/A,N/A,N/A,N/A
Automotive (Legacy),Auto Repair,United States,N/A,$0.00  ~ $0.00 ,N/A,N/A,N/A,N/A,N/A
Automotive (Legacy),Auto Repair,Canada,N/A,$0.00  ~ $0.00 ,N/A,N/A,N/A,N/A,N/A
Automotive (Legacy),Business,United States,N/A,$0.00  ~ $0.00 ,N/A,N/A,N/A,N/A,N/A
Automotive (Legacy),Business,Canada,N/A,$0.00  ~ $0.00 ,N/A,N/A,N/A,N/A,N/A
Automotive (Legacy),Psychology/Psychiatry,Canada,N/A,$0.00  ~ $0.00 ,N/A,N/A,N/A,N/A,N/A
Automotive (Legacy),Psychology/Psychiatry,United States,N/A,$0.00  ~ $0.00 ,N/A,N/A,N/A,N/A,N/A
Automotive (Legacy),Insurance,United States,N/A,$0.00  ~ $0.00 ,N/A,N/A,N/A,N/A,N/A
Automotive (Legacy),Insurance,Canada,N/A,$0.00  ~ $0.00 ,N/A,N/A,N/A,N/A,N/A
Automotive (Legacy),Scholarships,United States,N/A,$0.00  ~ $0.00 ,N/A,N/A,N/A,N/A,N/A
Automotive (Legacy),Teens,United States,N/A,$0.00  ~ $0.00 ,N/A,N/A,N/A,N/A,N/A
Automotive (Legacy),Eldercare,United States,N/A,$0.00  ~ $0.00 ,N/A,N/A,N/A,N/A,N/A
Automotive (Legacy),Guitar,United States,N/A,$0.00  ~ $0.00 ,N/A,N/A,N/A,N/A,N/A
Automotive (Legacy),Health & Fitness,United States,N/A,$0.00  ~ $0.00 ,N/A,N/A,N/A,N/A,N/A
Automotive (Legacy),Health & Fitness,Canada,N/A,$0.00  ~ $0.00 ,N/A,N/A,N/A,N/A,N/A
Automotive (Legacy),Football,United States,N/A,$0.00  ~ $0.00 ,N/A,N/A,N/A,N/A,N/A
Automotive (Legacy),Football,Canada,N/A,$0.00  ~ $0.00 ,N/A,N/A,N/A,N/A,N/A
Automotive (Legacy),Honeymoons/Getaways,United States,N/A,$0.00  ~ $0.00 ,N/A,N/A,N/A,N/A,N/A
Automotive (Legacy),Honeymoons/Getaways,Canada,N/A,$0.00  ~ $0.00 ,N/A,N/A,N/A,N/A,N/A
Automotive (Legacy),Italian Cuisine,United States,N/A,$0.00  ~ $0.00 ,N/A,N/A,N/A,N/A,N/A
Automotive (Legacy),Astrology,United States,N/A,$0.00  ~ $0.00 ,N/A,N/A,N/A,N/A,N/A
Automotive (Legacy),Astrology,Canada,N/A,$0.00  ~ $0.00 ,N/A,N/A,N/A,N/A,N/A
Automotive (Legacy),Weight Loss,United States,N/A,$0.00  ~ $0.00 ,N/A,N/A,N/A,N/A,N/A
Automotive (Legacy),Adult Education,United States,N/A,$0.00  ~ $0.00 ,N/A,N/A,N/A,N/A,N/A
Automotive (Legacy),Music,United States,N/A,$0.00  ~ $0.00 ,N/A,N/A,N/A,N/A,N/A
Automotive (Legacy),Music,Canada,N/A,$0.00  ~ $0.00 ,N/A,N/A,N/A,N/A,N/A
Automotive (Legacy),Family & Parenting,United States,N/A,$0.00  ~ $0.00 ,N/A,N/A,N/A,N/A,N/A
Automotive (Legacy),Family & Parenting,Canada,N/A,$0.00  ~ $0.00 ,N/A,N/A,N/A,N/A,N/A
Automotive (Legacy),Investing,Canada,N/A,$0.00  ~ $0.00 ,N/A,N/A,N/A,N/A,N/A
Automotive (Legacy),Investing,United States,N/A,$0.00  ~ $0.00 ,N/A,N/A,N/A,N/A,N/A
Automotive (Legacy),Advertising,United States,N/A,$0.00  ~ $0.00 ,N/A,N/A,N/A,N/A,N/A
Automotive (Legacy),Advertising,Canada,N/A,$0.00  ~ $0.00 ,N/A,N/A,N/A,N/A,N/A
Automotive (Legacy),Cruises,Canada,N/A,$0.00  ~ $0.00 ,N/A,N/A,N/A,N/A,N/A
Automotive (Legacy),Cruises,United States,N/A,$0.00  ~ $0.00 ,N/A,N/A,N/A,N/A,N/A
Automotive (Legacy),Senor Health,United States,N/A,$0.00  ~ $0.00 ,N/A,N/A,N/A,N/A,N/A
Automotive (Legacy),Senor Health,Canada,N/A,$0.00  ~ $0.00 ,N/A,N/A,N/A,N/A,N/A
Automotive (Legacy),Physical Therapy,United States,N/A,$0.00  ~ $0.00 ,N/A,N/A,N/A,N/A,N/A
Automotive (Legacy),Physical Therapy,Canada,N/A,$0.00  ~ $0.00 ,N/A,N/A,N/A,N/A,N/A
Automotive (Legacy),Auto Parts,United States,N/A,$0.00  ~ $0.00 ,N/A,N/A,N/A,N/A,N/A
Automotive (Legacy),Auto Parts,Canada,N/A,$0.00  ~ $0.00 ,N/A,N/A,N/A,N/A,N/A
Automotive (Legacy),Home Repair,United States,N/A,$0.00  ~ $0.00 ,N/A,N/A,N/A,N/A,N/A
Automotive (Legacy),Home Repair,Canada,N/A,$0.00  ~ $0.00 ,N/A,N/A,N/A,N/A,N/A
Automotive (Legacy),Buying/Selling Homes,United States,N/A,$0.00  ~ $0.00 ,N/A,N/A,N/A,N/A,N/A
Automotive (Legacy),Buying/Selling Homes,Canada,N/A,$0.00  ~ $0.00 ,N/A,N/A,N/A,N/A,N/A
Automotive (Legacy),Trucks & Accessories,United States,N/A,$0.00  ~ $0.00 ,N/A,N/A,N/A,N/A,N/A
Automotive (Legacy),Commentary,United States,N/A,$0.00  ~ $0.00 ,N/A,N/A,N/A,N/A,N/A
Automotive (Legacy),Off-Road Vehicles,United States,N/A,$0.00  ~ $0.00 ,N/A,N/A,N/A,N/A,N/A
Automotive (Legacy),Off-Road Vehicles,Canada,N/A,$0.00  ~ $0.00 ,N/A,N/A,N/A,N/A,N/A
Automotive (Legacy),Infertility,United States,N/A,$0.00  ~ $0.00 ,N/A,N/A,N/A,N/A,N/A
Automotive (Legacy),Jewelry,United States,N/A,$0.00  ~ $0.00 ,N/A,N/A,N/A,N/A,N/A
Automotive (Legacy),Jewelry,Canada,N/A,$0.00  ~ $0.00 ,N/A,N/A,N/A,N/A,N/A
Automotive (Legacy),Cigars,United States,N/A,$0.00  ~ $0.00 ,N/A,N/A,N/A,N/A,N/A
Automotive (Legacy),Cigars,Canada,N/A,$0.00  ~ $0.00 ,N/A,N/A,N/A,N/A,N/A
Automotive (Legacy),Cameras & Camcorders,United States,N/A,$0.00  ~ $0.00 ,N/A,N/A,N/A,N/A,N/A
Automotive (Legacy),Cameras & Camcorders,Canada,N/A,$0.00  ~ $0.00 ,N/A,N/A,N/A,N/A,N/A
Automotive (Legacy),Veterinary Medicine,United States,N/A,$0.00  ~ $0.00 ,N/A,N/A,N/A,N/A,N/A
Automotive (Legacy),Veterinary Medicine,Canada,N/A,$0.00  ~ $0.00 ,N/A,N/A,N/A,N/A,N/A
Automotive (Legacy),Tax Planning,United States,N/A,$0.00  ~ $0.00 ,N/A,N/A,N/A,N/A,N/A
Automotive (Legacy),Shopping,Canada,N/A,$0.00  ~ $0.00 ,N/A,N/A,N/A,N/A,N/A
Automotive (Legacy),Shopping,United States,N/A,$0.00  ~ $0.00 ,N/A,N/A,N/A,N/A,N/A
Automotive (Legacy),Electric Vehicle,Canada,N/A,$0.00  ~ $0.00 ,N/A,N/A,N/A,N/A,N/A
Automotive (Legacy),Weddings,United States,N/A,$0.00  ~ $0.00 ,N/A,N/A,N/A,N/A,N/A
Automotive (Legacy),Cuisine-Specific,United States,N/A,$0.00  ~ $0.00 ,N/A,N/A,N/A,N/A,N/A
Automotive (Legacy),Remodeling & Construction,United States,N/A,$0.00  ~ $0.00 ,N/A,N/A,N/A,N/A,N/A
Automotive (Legacy),Remodeling & Construction,Canada,N/A,$0.00  ~ $0.00 ,N/A,N/A,N/A,N/A,N/A
Automotive (Legacy),Distance Learning,United States,N/A,$0.00  ~ $0.00 ,N/A,N/A,N/A,N/A,N/A
Automotive (Legacy),Appliances,United States,N/A,$0.00  ~ $0.00 ,N/A,N/A,N/A,N/A,N/A
Automotive (Legacy),Appliances,Canada,N/A,$0.00  ~ $0.00 ,N/A,N/A,N/A,N/A,N/A
Automotive (Legacy),Local News,United States,N/A,$0.00  ~ $0.00 ,N/A,N/A,N/A,N/A,N/A
Automotive (Legacy),Graduate School,United States,N/A,$0.00  ~ $0.00 ,N/A,N/A,N/A,N/A,N/A
Automotive (Legacy),Graduate School,Canada,N/A,$0.00  ~ $0.00 ,N/A,N/A,N/A,N/A,N/A
Automotive (Legacy),Job Search,United States,N/A,$0.00  ~ $0.00 ,N/A,N/A,N/A,N/A,N/A
Automotive (Legacy),Job Search,Canada,N/A,$0.00  ~ $0.00 ,N/A,N/A,N/A,N/A,N/A
Automotive (Legacy),Sexuality,United States,N/A,$0.00  ~ $0.00 ,N/A,N/A,N/A,N/A,N/A
Automotive (Legacy),Sexuality,Canada,N/A,$0.00  ~ $0.00 ,N/A,N/A,N/A,N/A,N/A
Automotive (Legacy),Logistics,United States,N/A,$0.00  ~ $0.00 ,N/A,N/A,N/A,N/A,N/A
Automotive (Legacy),Logistics,Canada,N/A,$0.00  ~ $0.00 ,N/A,N/A,N/A,N/A,N/A
Automotive (Legacy),By US Locale,United States,N/A,$0.00  ~ $0.00 ,N/A,N/A,N/A,N/A,N/A
Automotive (Legacy),Beauty,United States,N/A,$0.00  ~ $0.00 ,N/A,N/A,N/A,N/A,N/A
Automotive (Legacy),Beauty,Canada,N/A,$0.00  ~ $0.00 ,N/A,N/A,N/A,N/A,N/A
Automotive (Legacy),Incontinence,United States,N/A,$0.00  ~ $0.00 ,N/A,N/A,N/A,N/A,N/A
Automotive (Legacy),Parenting - K-6 Kids,United States,N/A,$0.00  ~ $0.00 ,N/A,N/A,N/A,N/A,N/A
Automotive (Legacy),Chronic Pain,United States,N/A,$0.00  ~ $0.00 ,N/A,N/A,N/A,N/A,N/A
Automotive (Legacy),Certified Pre-Owned,United States,N/A,$0.00  ~ $0.00 ,N/A,N/A,N/A,N/A,N/A
Automotive (Legacy),Horse Racing,Canada,N/A,$0.00  ~ $0.00 ,N/A,N/A,N/A,N/A,N/A
Business (Legacy),Stocks,United States,N/A,$0.00  ~ $0.00 ,N/A,N/A,N/A,N/A,N/A
Business (Legacy),Cuisine-Specific,United States,N/A,$0.00  ~ $0.00 ,N/A,N/A,N/A,N/A,N/A
Business (Legacy),Certified Pre-Owned,United States,N/A,$0.00  ~ $0.00 ,N/A,N/A,N/A,N/A,N/A
Business (Legacy),Certified Pre-Owned,Canada,N/A,$0.00  ~ $0.00 ,N/A,N/A,N/A,N/A,N/A
Business (Legacy),Jewelry,Canada,N/A,$0.00  ~ $0.00 ,N/A,N/A,N/A,N/A,N/A
Business (Legacy),Jewelry,United States,N/A,$0.00  ~ $0.00 ,N/A,N/A,N/A,N/A,N/A
Business (Legacy),Cocktails/Beer,United States,N/A,$0.00  ~ $0.00 ,N/A,N/A,N/A,N/A,N/A
Business (Legacy),Cocktails/Beer,Canada,N/A,$0.00  ~ $0.00 ,N/A,N/A,N/A,N/A,N/A
Business (Legacy),Guitar,United States,N/A,$0.00  ~ $0.00 ,N/A,N/A,N/A,N/A,N/A
Business (Legacy),7-12 Education,United States,N/A,$0.00  ~ $0.00 ,N/A,N/A,N/A,N/A,N/A
Business (Legacy),Human Resources,United States,N/A,$0.00  ~ $0.00 ,N/A,N/A,N/A,N/A,N/A
Business (Legacy),Human Resources,Canada,N/A,$0.00  ~ $0.00 ,N/A,N/A,N/A,N/A,N/A
Business (Legacy),Birdwatching,United States,N/A,$0.00  ~ $0.00 ,N/A,N/A,N/A,N/A,N/A
Business (Legacy),Birdwatching,Canada,N/A,$0.00  ~ $0.00 ,N/A,N/A,N/A,N/A,N/A
Business (Legacy),Heart Disease,United States,N/A,$0.00  ~ $0.00 ,N/A,N/A,N/A,N/A,N/A
Business (Legacy),Cigars,United States,N/A,$0.00  ~ $0.00 ,N/A,N/A,N/A,N/A,N/A
Business (Legacy),Cigars,Canada,N/A,$0.00  ~ $0.00 ,N/A,N/A,N/A,N/A,N/A
Business (Legacy),Comparison,United States,N/A,$0.00  ~ $0.00 ,N/A,N/A,N/A,N/A,N/A
Business (Legacy),Legal Issues,United States,N/A,$0.00  ~ $0.00 ,N/A,N/A,N/A,N/A,N/A
Business (Legacy),Legal Issues,Canada,N/A,$0.00  ~ $0.00 ,N/A,N/A,N/A,N/A,N/A
Business (Legacy),Video & Computer Games,United States,N/A,$0.00  ~ $0.00 ,N/A,N/A,N/A,N/A,N/A
Business (Legacy),Martial Arts,United States,N/A,$0.00  ~ $0.00 ,N/A,N/A,N/A,N/A,N/A
Business (Legacy),Martial Arts,Canada,N/A,$0.00  ~ $0.00 ,N/A,N/A,N/A,N/A,N/A
Business (Legacy),Religion & Spirituality,United States,N/A,$0.00  ~ $0.00 ,N/A,N/A,N/A,N/A,N/A
Business (Legacy),Remodeling & Construction,United States,N/A,$0.00  ~ $0.00 ,N/A,N/A,N/A,N/A,N/A
Business (Legacy),Remodeling & Construction,Canada,N/A,$0.00  ~ $0.00 ,N/A,N/A,N/A,N/A,N/A
Business (Legacy),Arts & Entertainment,United States,N/A,$0.00  ~ $0.00 ,N/A,N/A,N/A,N/A,N/A
Business (Legacy),Arts & Entertainment,Canada,N/A,$0.00  ~ $0.00 ,N/A,N/A,N/A,N/A,N/A
Business (Legacy),Auto Repair,United States,N/A,$0.00  ~ $0.00 ,N/A,N/A,N/A,N/A,N/A
Business (Legacy),Auto Repair,Canada,N/A,$0.00  ~ $0.00 ,N/A,N/A,N/A,N/A,N/A
Business (Legacy),Computer Peripherals,United States,N/A,$0.00  ~ $0.00 ,N/A,N/A,N/A,N/A,N/A
Business (Legacy),Computer Peripherals,Canada,N/A,$0.00  ~ $0.00 ,N/A,N/A,N/A,N/A,N/A
Business (Legacy),Hunting/Shooting,United States,N/A,$0.00  ~ $0.00 ,N/A,N/A,N/A,N/A,N/A
Business (Legacy),Retirement Planning,United States,N/A,$0.00  ~ $0.00 ,N/A,N/A,N/A,N/A,N/A
Business (Legacy),Retirement Planning,Canada,N/A,$0.00  ~ $0.00 ,N/A,N/A,N/A,N/A,N/A
Business (Legacy),Chronic Pain,United States,N/A,$0.00  ~ $0.00 ,N/A,N/A,N/A,N/A,N/A
Business (Legacy),Camping,United States,N/A,$0.00  ~ $0.00 ,N/A,N/A,N/A,N/A,N/A
Business (Legacy),Mutual Funds,United States,N/A,$0.00  ~ $0.00 ,N/A,N/A,N/A,N/A,N/A
Business (Legacy),Mutual Funds,Canada,N/A,$0.00  ~ $0.00 ,N/A,N/A,N/A,N/A,N/A
Business (Legacy),Desserts & Baking,United States,N/A,$0.00  ~ $0.00 ,N/A,N/A,N/A,N/A,N/A
Business (Legacy),Desserts & Baking,Canada,N/A,$0.00  ~ $0.00 ,N/A,N/A,N/A,N/A,N/A
Business (Legacy),Health/Lowfat Cooking,United States,N/A,$0.00  ~ $0.00 ,N/A,N/A,N/A,N/A,N/A
Business (Legacy),Health/Lowfat Cooking,Canada,N/A,$0.00  ~ $0.00 ,N/A,N/A,N/A,N/A,N/A
Business (Legacy),Accessories,United States,N/A,$0.00  ~ $0.00 ,N/A,N/A,N/A,N/A,N/A
Business (Legacy),Accessories,Canada,N/A,$0.00  ~ $0.00 ,N/A,N/A,N/A,N/A,N/A
Business (Legacy),Cold & Flu,United States,N/A,$0.00  ~ $0.00 ,N/A,N/A,N/A,N/A,N/A
Business (Legacy),Cold & Flu,Canada,N/A,$0.00  ~ $0.00 ,N/A,N/A,N/A,N/A,N/A
Business (Legacy),Beauty,United States,N/A,$0.00  ~ $0.00 ,N/A,N/A,N/A,N/A,N/A
Business (Legacy),Beauty,Canada,N/A,$0.00  ~ $0.00 ,N/A,N/A,N/A,N/A,N/A
Business (Legacy),Dogs,Canada,N/A,$0.00  ~ $0.00 ,N/A,N/A,N/A,N/A,N/A
Business (Legacy),Dogs,United States,N/A,$0.00  ~ $0.00 ,N/A,N/A,N/A,N/A,N/A
Business (Legacy),Home Theater,United States,N/A,$0.00  ~ $0.00 ,N/A,N/A,N/A,N/A,N/A
Business (Legacy),Credit/Debt & Loans,Canada,N/A,$0.00  ~ $0.00 ,N/A,N/A,N/A,N/A,N/A
Business (Legacy),Credit/Debt & Loans,United States,N/A,$0.00  ~ $0.00 ,N/A,N/A,N/A,N/A,N/A
Business (Legacy),Marketing,United States,N/A,$0.00  ~ $0.00 ,N/A,N/A,N/A,N/A,N/A
Business (Legacy),Marketing,Canada,N/A,$0.00  ~ $0.00 ,N/A,N/A,N/A,N/A,N/A
Business (Legacy),Family & Parenting,United States,N/A,$0.00  ~ $0.00 ,N/A,N/A,N/A,N/A,N/A
Business (Legacy),Family & Parenting,Canada,N/A,$0.00  ~ $0.00 ,N/A,N/A,N/A,N/A,N/A
Business (Legacy),Language Learning,United States,N/A,$0.00  ~ $0.00 ,N/A,N/A,N/A,N/A,N/A
Business (Legacy),Entertainment,United States,N/A,$0.00  ~ $0.00 ,N/A,N/A,N/A,N/A,N/A
Business (Legacy),Network Security,United States,N/A,$0.00  ~ $0.00 ,N/A,N/A,N/A,N/A,N/A
Business (Legacy),Hotels,United States,N/A,$0.00  ~ $0.00 ,N/A,N/A,N/A,N/A,N/A
Business (Legacy),Hotels,Canada,N/A,$0.00  ~ $0.00 ,N/A,N/A,N/A,N/A,N/A
Business (Legacy),Music,Canada,N/A,$0.00  ~ $0.00 ,N/A,N/A,N/A,N/A,N/A
Business (Legacy),Music,United States,N/A,$0.00  ~ $0.00 ,N/A,N/A,N/A,N/A,N/A
Business (Legacy),Internet Technology,United States,N/A,$0.00  ~ $0.00 ,N/A,N/A,N/A,N/A,N/A
Business (Legacy),Internet Technology,Canada,N/A,$0.00  ~ $0.00 ,N/A,N/A,N/A,N/A,N/A
Business (Legacy),Shopping,United States,N/A,$0.00  ~ $0.00 ,N/A,N/A,N/A,N/A,N/A
Business (Legacy),Shopping,Canada,N/A,$0.00  ~ $0.00 ,N/A,N/A,N/A,N/A,N/A
Business (Legacy),Technology & Computing,Canada,N/A,$0.00  ~ $0.00 ,N/A,N/A,N/A,N/A,N/A
Business (Legacy),Technology & Computing,United States,N/A,$0.00  ~ $0.00 ,N/A,N/A,N/A,N/A,N/A
Business (Legacy),Senior Living,United States,N/A,$0.00  ~ $0.00 ,N/A,N/A,N/A,N/A,N/A
Business (Legacy),Senior Living,Canada,N/A,$0.00  ~ $0.00 ,N/A,N/A,N/A,N/A,N/A
Business (Legacy),Movies,United States,N/A,$0.00  ~ $0.00 ,N/A,N/A,N/A,N/A,N/A
Business (Legacy),Travel,United States,N/A,$0.00  ~ $0.00 ,N/A,N/A,N/A,N/A,N/A
Business (Legacy),Travel,Canada,N/A,$0.00  ~ $0.00 ,N/A,N/A,N/A,N/A,N/A
Business (Legacy),Gardening,United States,N/A,$0.00  ~ $0.00 ,N/A,N/A,N/A,N/A,N/A
Business (Legacy),Gardening,Canada,N/A,$0.00  ~ $0.00 ,N/A,N/A,N/A,N/A,N/A
Business (Legacy),Clothing,Canada,N/A,$0.00  ~ $0.00 ,N/A,N/A,N/A,N/A,N/A
Business (Legacy),Clothing,United States,N/A,$0.00  ~ $0.00 ,N/A,N/A,N/A,N/A,N/A
Business (Legacy),Real Estate,United States,N/A,$0.00  ~ $0.00 ,N/A,N/A,N/A,N/A,N/A
Business (Legacy),Real Estate,Canada,N/A,$0.00  ~ $0.00 ,N/A,N/A,N/A,N/A,N/A
Business (Legacy),Bed & Breakfasts,United States,N/A,$0.00  ~ $0.00 ,N/A,N/A,N/A,N/A,N/A
Business (Legacy),Bed & Breakfasts,Canada,N/A,$0.00  ~ $0.00 ,N/A,N/A,N/A,N/A,N/A
Business (Legacy),Honeymoons/Getaways,United States,N/A,$0.00  ~ $0.00 ,N/A,N/A,N/A,N/A,N/A
Business (Legacy),Honeymoons/Getaways,Canada,N/A,$0.00  ~ $0.00 ,N/A,N/A,N/A,N/A,N/A
Business (Legacy),Adventure Travel,United States,N/A,$0.00  ~ $0.00 ,N/A,N/A,N/A,N/A,N/A
Business (Legacy),Radio,United States,N/A,$0.00  ~ $0.00 ,N/A,N/A,N/A,N/A,N/A
Business (Legacy),Agriculture,United States,N/A,$0.00  ~ $0.00 ,N/A,N/A,N/A,N/A,N/A
Business (Legacy),Agriculture,Canada,N/A,$0.00  ~ $0.00 ,N/A,N/A,N/A,N/A,N/A
Business (Legacy),Pets,United States,N/A,$0.00  ~ $0.00 ,N/A,N/A,N/A,N/A,N/A
Business (Legacy),Pets,Canada,N/A,$0.00  ~ $0.00 ,N/A,N/A,N/A,N/A,N/A
Business (Legacy),Personal Finance,United States,N/A,$0.00  ~ $0.00 ,N/A,N/A,N/A,N/A,N/A
Business (Legacy),Personal Finance,Canada,N/A,$0.00  ~ $0.00 ,N/A,N/A,N/A,N/A,N/A
Business (Legacy),Advertising,Canada,N/A,$0.00  ~ $0.00 ,N/A,N/A,N/A,N/A,N/A
Business (Legacy),Advertising,United States,N/A,$0.00  ~ $0.00 ,N/A,N/A,N/A,N/A,N/A
Business (Legacy),Roleplaying Games,United States,N/A,$0.00  ~ $0.00 ,N/A,N/A,N/A,N/A,N/A
Business (Legacy),Body Art,United States,N/A,$0.00  ~ $0.00 ,N/A,N/A,N/A,N/A,N/A
Business (Legacy),Buying/Selling Homes,United States,N/A,$0.00  ~ $0.00 ,N/A,N/A,N/A,N/A,N/A
Business (Legacy),Buying/Selling Homes,Canada,N/A,$0.00  ~ $0.00 ,N/A,N/A,N/A,N/A,N/A
Business (Legacy),Couponing,United States,N/A,$0.00  ~ $0.00 ,N/A,N/A,N/A,N/A,N/A
Business (Legacy),Couponing,Canada,N/A,$0.00  ~ $0.00 ,N/A,N/A,N/A,N/A,N/A
Business (Legacy),Fine Art,United States,N/A,$0.00  ~ $0.00 ,N/A,N/A,N/A,N/A,N/A
Business (Legacy),Fine Art,Canada,N/A,$0.00  ~ $0.00 ,N/A,N/A,N/A,N/A,N/A
Business (Legacy),Nutrition,United States,N/A,$0.00  ~ $0.00 ,N/A,N/A,N/A,N/A,N/A
Business (Legacy),Nutrition,Canada,N/A,$0.00  ~ $0.00 ,N/A,N/A,N/A,N/A,N/A
Business (Legacy),Infertility,United States,N/A,$0.00  ~ $0.00 ,N/A,N/A,N/A,N/A,N/A
Business (Legacy),Fashion,United States,N/A,$0.00  ~ $0.00 ,N/A,N/A,N/A,N/A,N/A
Business (Legacy),Italian Cuisine,United States,N/A,$0.00  ~ $0.00 ,N/A,N/A,N/A,N/A,N/A
Business (Legacy),College,United States,N/A,$0.00  ~ $0.00 ,N/A,N/A,N/A,N/A,N/A
Business (Legacy),College,Canada,N/A,$0.00  ~ $0.00 ,N/A,N/A,N/A,N/A,N/A
Business (Legacy),Art/Technology,United States,N/A,$0.00  ~ $0.00 ,N/A,N/A,N/A,N/A,N/A
Business (Legacy),Art/Technology,Canada,N/A,$0.00  ~ $0.00 ,N/A,N/A,N/A,N/A,N/A
Business (Legacy),Automotive,Canada,N/A,$0.00  ~ $0.00 ,N/A,N/A,N/A,N/A,N/A
Business (Legacy),Automotive,United States,N/A,$0.00  ~ $0.00 ,N/A,N/A,N/A,N/A,N/A
Business (Legacy),Green Solutions,Canada,N/A,$0.00  ~ $0.00 ,N/A,N/A,N/A,N/A,N/A
Business (Legacy),Green Solutions,United States,N/A,$0.00  ~ $0.00 ,N/A,N/A,N/A,N/A,N/A
Business (Legacy),Cameras & Camcorders,United States,N/A,$0.00  ~ $0.00 ,N/A,N/A,N/A,N/A,N/A
Business (Legacy),Cameras & Camcorders,Canada,N/A,$0.00  ~ $0.00 ,N/A,N/A,N/A,N/A,N/A
Business (Legacy),Environmental Safety,United States,N/A,$0.00  ~ $0.00 ,N/A,N/A,N/A,N/A,N/A
Business (Legacy),Apartments,United States,N/A,$0.00  ~ $0.00 ,N/A,N/A,N/A,N/A,N/A
Business (Legacy),Apartments,Canada,N/A,$0.00  ~ $0.00 ,N/A,N/A,N/A,N/A,N/A
Business (Legacy),U.S. Government Resources,United States,N/A,$0.00  ~ $0.00 ,N/A,N/A,N/A,N/A,N/A
Business (Legacy),Babies & Toddlers,United States,N/A,$0.00  ~ $0.00 ,N/A,N/A,N/A,N/A,N/A
Business (Legacy),Road-Side Assistance,United States,N/A,$0.00  ~ $0.00 ,N/A,N/A,N/A,N/A,N/A
Business (Legacy),Road-Side Assistance,Canada,N/A,$0.00  ~ $0.00 ,N/A,N/A,N/A,N/A,N/A
Business (Legacy),Arthritis,United States,N/A,$0.00  ~ $0.00 ,N/A,N/A,N/A,N/A,N/A
Business (Legacy),Computer Certification,United States,N/A,$0.00  ~ $0.00 ,N/A,N/A,N/A,N/A,N/A
Business (Legacy),Forestry,United States,N/A,$0.00  ~ $0.00 ,N/A,N/A,N/A,N/A,N/A
Business (Legacy),Horse Racing,Canada,N/A,$0.00  ~ $0.00 ,N/A,N/A,N/A,N/A,N/A
Business (Legacy),Health & Fitness,United States,N/A,$0.00  ~ $0.00 ,N/A,N/A,N/A,N/A,N/A
Business (Legacy),Health & Fitness,Canada,N/A,$0.00  ~ $0.00 ,N/A,N/A,N/A,N/A,N/A
Business (Legacy),Home & Garden,United States,N/A,$0.00  ~ $0.00 ,N/A,N/A,N/A,N/A,N/A
Business (Legacy),Home & Garden,Canada,N/A,$0.00  ~ $0.00 ,N/A,N/A,N/A,N/A,N/A
Business (Legacy),Cruises,United States,N/A,$0.00  ~ $0.00 ,N/A,N/A,N/A,N/A,N/A
Business (Legacy),Cruises,Canada,N/A,$0.00  ~ $0.00 ,N/A,N/A,N/A,N/A,N/A
Business (Legacy),"Law, Gov't & Politics",United States,N/A,$0.00  ~ $0.00 ,N/A,N/A,N/A,N/A,N/A
Business (Legacy),"Law, Gov't & Politics",Canada,N/A,$0.00  ~ $0.00 ,N/A,N/A,N/A,N/A,N/A
Business (Legacy),Dermatology,United States,N/A,$0.00  ~ $0.00 ,N/A,N/A,N/A,N/A,N/A
Business (Legacy),Dermatology,Canada,N/A,$0.00  ~ $0.00 ,N/A,N/A,N/A,N/A,N/A
Business (Legacy),Off-Road Vehicles,United States,N/A,$0.00  ~ $0.00 ,N/A,N/A,N/A,N/A,N/A
Business (Legacy),Off-Road Vehicles,Canada,N/A,$0.00  ~ $0.00 ,N/A,N/A,N/A,N/A,N/A
Business (Legacy),Alternative Religions,United States,N/A,$0.00  ~ $0.00 ,N/A,N/A,N/A,N/A,N/A
Business (Legacy),Large Animals,United States,N/A,$0.00  ~ $0.00 ,N/A,N/A,N/A,N/A,N/A
Business (Legacy),Theme Parks,Canada,N/A,$0.00  ~ $0.00 ,N/A,N/A,N/A,N/A,N/A
Business (Legacy),Theme Parks,United States,N/A,$0.00  ~ $0.00 ,N/A,N/A,N/A,N/A,N/A
Business (Legacy),U.S. Military,United States,N/A,$0.00  ~ $0.00 ,N/A,N/A,N/A,N/A,N/A
Business (Legacy),Astrology,Canada,N/A,$0.00  ~ $0.00 ,N/A,N/A,N/A,N/A,N/A
Business (Legacy),Astrology,United States,N/A,$0.00  ~ $0.00 ,N/A,N/A,N/A,N/A,N/A
Business (Legacy),Psychology/Psychiatry,United States,N/A,$0.00  ~ $0.00 ,N/A,N/A,N/A,N/A,N/A
Business (Legacy),Psychology/Psychiatry,Canada,N/A,$0.00  ~ $0.00 ,N/A,N/A,N/A,N/A,N/A
Business (Legacy),Career Planning,United States,N/A,$0.00  ~ $0.00 ,N/A,N/A,N/A,N/A,N/A
Business (Legacy),Career Planning,Canada,N/A,$0.00  ~ $0.00 ,N/A,N/A,N/A,N/A,N/A
Business (Legacy),Auto Parts,United States,N/A,$0.00  ~ $0.00 ,N/A,N/A,N/A,N/A,N/A
Business (Legacy),Auto Parts,Canada,N/A,$0.00  ~ $0.00 ,N/A,N/A,N/A,N/A,N/A
Business (Legacy),Books & Literature,Canada,N/A,$0.00  ~ $0.00 ,N/A,N/A,N/A,N/A,N/A
Business (Legacy),Books & Literature,United States,N/A,$0.00  ~ $0.00 ,N/A,N/A,N/A,N/A,N/A
Business (Legacy),Dental Care,Canada,N/A,$0.00  ~ $0.00 ,N/A,N/A,N/A,N/A,N/A
Business (Legacy),Dental Care,United States,N/A,$0.00  ~ $0.00 ,N/A,N/A,N/A,N/A,N/A
Business (Legacy),Interior Decorating,United States,N/A,$0.00  ~ $0.00 ,N/A,N/A,N/A,N/A,N/A
Business (Legacy),Interior Decorating,Canada,N/A,$0.00  ~ $0.00 ,N/A,N/A,N/A,N/A,N/A
Business (Legacy),Incest/Abuse Support,United States,N/A,$0.00  ~ $0.00 ,N/A,N/A,N/A,N/A,N/A
Business (Legacy),Incest/Abuse Support,Canada,N/A,$0.00  ~ $0.00 ,N/A,N/A,N/A,N/A,N/A
Business (Legacy),Senor Health,United States,N/A,$0.00  ~ $0.00 ,N/A,N/A,N/A,N/A,N/A
Business (Legacy),Senor Health,Canada,N/A,$0.00  ~ $0.00 ,N/A,N/A,N/A,N/A,N/A
Business (Legacy),Weddings,United States,N/A,$0.00  ~ $0.00 ,N/A,N/A,N/A,N/A,N/A
Business (Legacy),Scholarships,United States,N/A,$0.00  ~ $0.00 ,N/A,N/A,N/A,N/A,N/A
Business (Legacy),Teens,United States,N/A,$0.00  ~ $0.00 ,N/A,N/A,N/A,N/A,N/A
Business (Legacy),Entertaining,United States,N/A,$0.00  ~ $0.00 ,N/A,N/A,N/A,N/A,N/A
Business (Legacy),Financial Aid,United States,N/A,$0.00  ~ $0.00 ,N/A,N/A,N/A,N/A,N/A
Business (Legacy),Government,Canada,N/A,$0.00  ~ $0.00 ,N/A,N/A,N/A,N/A,N/A
Business (Legacy),Government,United States,N/A,$0.00  ~ $0.00 ,N/A,N/A,N/A,N/A,N/A
Business (Legacy),Stamps & Coins,United States,N/A,$0.00  ~ $0.00 ,N/A,N/A,N/A,N/A,N/A
Business (Legacy),Tax Planning,United States,N/A,$0.00  ~ $0.00 ,N/A,N/A,N/A,N/A,N/A
Business (Legacy),By US Locale,United States,N/A,$0.00  ~ $0.00 ,N/A,N/A,N/A,N/A,N/A
Business (Legacy),Graduate School,United States,N/A,$0.00  ~ $0.00 ,N/A,N/A,N/A,N/A,N/A
Business (Legacy),Graduate School,Canada,N/A,$0.00  ~ $0.00 ,N/A,N/A,N/A,N/A,N/A
Business (Legacy),Exercise,United States,N/A,$0.00  ~ $0.00 ,N/A,N/A,N/A,N/A,N/A
Business (Legacy),Exercise,Canada,N/A,$0.00  ~ $0.00 ,N/A,N/A,N/A,N/A,N/A
Business (Legacy),Landscaping,United States,N/A,$0.00  ~ $0.00 ,N/A,N/A,N/A,N/A,N/A
Business (Legacy),Landscaping,Canada,N/A,$0.00  ~ $0.00 ,N/A,N/A,N/A,N/A,N/A
Business (Legacy),Contests & Freebies,United States,N/A,$0.00  ~ $0.00 ,N/A,N/A,N/A,N/A,N/A
Business (Legacy),Contests & Freebies,Canada,N/A,$0.00  ~ $0.00 ,N/A,N/A,N/A,N/A,N/A
Business (Legacy),Mountain Biking,Canada,N/A,$0.00  ~ $0.00 ,N/A,N/A,N/A,N/A,N/A
Business (Legacy),Mountain Biking,United States,N/A,$0.00  ~ $0.00 ,N/A,N/A,N/A,N/A,N/A
Business (Legacy),Television,United States,N/A,$0.00  ~ $0.00 ,N/A,N/A,N/A,N/A,N/A
Business (Legacy),Job Search,United States,N/A,$0.00  ~ $0.00 ,N/A,N/A,N/A,N/A,N/A
Business (Legacy),Job Search,Canada,N/A,$0.00  ~ $0.00 ,N/A,N/A,N/A,N/A,N/A
Business (Legacy),Cell Phones,United States,N/A,$0.00  ~ $0.00 ,N/A,N/A,N/A,N/A,N/A
Business (Legacy),Parenting - K-6 Kids,United States,N/A,$0.00  ~ $0.00 ,N/A,N/A,N/A,N/A,N/A
Business (Legacy),Homework/Study Tips,United States,N/A,$0.00  ~ $0.00 ,N/A,N/A,N/A,N/A,N/A
Business (Legacy),Home Repair,United States,N/A,$0.00  ~ $0.00 ,N/A,N/A,N/A,N/A,N/A
Business (Legacy),Home Repair,Canada,N/A,$0.00  ~ $0.00 ,N/A,N/A,N/A,N/A,N/A
Business (Legacy),Education,United States,N/A,$0.00  ~ $0.00 ,N/A,N/A,N/A,N/A,N/A
Business (Legacy),Education,Canada,N/A,$0.00  ~ $0.00 ,N/A,N/A,N/A,N/A,N/A
Business (Legacy),Biotech/Biomedical,United States,N/A,$0.00  ~ $0.00 ,N/A,N/A,N/A,N/A,N/A
Business (Legacy),Biotech/Biomedical,Canada,N/A,$0.00  ~ $0.00 ,N/A,N/A,N/A,N/A,N/A
Business (Legacy),Cancer,United States,N/A,$0.00  ~ $0.00 ,N/A,N/A,N/A,N/A,N/A
Business (Legacy),Cancer,Canada,N/A,$0.00  ~ $0.00 ,N/A,N/A,N/A,N/A,N/A
Business (Legacy),K-6 Educators,United States,N/A,$0.00  ~ $0.00 ,N/A,N/A,N/A,N/A,N/A
Business (Legacy),K-6 Educators,Canada,N/A,$0.00  ~ $0.00 ,N/A,N/A,N/A,N/A,N/A
Business (Legacy),Pediatrics,United States,N/A,$0.00  ~ $0.00 ,N/A,N/A,N/A,N/A,N/A
Business (Legacy),Trucks & Accessories,United States,N/A,$0.00  ~ $0.00 ,N/A,N/A,N/A,N/A,N/A
Business (Legacy),Distance Learning,United States,N/A,$0.00  ~ $0.00 ,N/A,N/A,N/A,N/A,N/A
Business (Legacy),Distance Learning,Canada,N/A,$0.00  ~ $0.00 ,N/A,N/A,N/A,N/A,N/A
Business (Legacy),Air Travel,United States,N/A,$0.00  ~ $0.00 ,N/A,N/A,N/A,N/A,N/A
Business (Legacy),Air Travel,Canada,N/A,$0.00  ~ $0.00 ,N/A,N/A,N/A,N/A,N/A
Business (Legacy),Weight Loss,United States,N/A,$0.00  ~ $0.00 ,N/A,N/A,N/A,N/A,N/A
Business (Legacy),Net Conferencing,United States,N/A,$0.00  ~ $0.00 ,N/A,N/A,N/A,N/A,N/A
Business (Legacy),Net Conferencing,Canada,N/A,$0.00  ~ $0.00 ,N/A,N/A,N/A,N/A,N/A
Business (Legacy),Swimming,United States,N/A,$0.00  ~ $0.00 ,N/A,N/A,N/A,N/A,N/A
Business (Legacy),Buying/Selling Cars,United States,N/A,$0.00  ~ $0.00 ,N/A,N/A,N/A,N/A,N/A
Business (Legacy),Buying/Selling Cars,Canada,N/A,$0.00  ~ $0.00 ,N/A,N/A,N/A,N/A,N/A
Business (Legacy),Collecting,United States,N/A,$0.00  ~ $0.00 ,N/A,N/A,N/A,N/A,N/A
Business (Legacy),Wine,United States,N/A,$0.00  ~ $0.00 ,N/A,N/A,N/A,N/A,N/A
Business (Legacy),Style & Fashion,United States,N/A,$0.00  ~ $0.00 ,N/A,N/A,N/A,N/A,N/A
Business (Legacy),Eldercare,United States,N/A,$0.00  ~ $0.00 ,N/A,N/A,N/A,N/A,N/A
Business (Legacy),News,United States,N/A,$0.00  ~ $0.00 ,N/A,N/A,N/A,N/A,N/A
Business (Legacy),News,Canada,N/A,$0.00  ~ $0.00 ,N/A,N/A,N/A,N/A,N/A
Business (Legacy),Physical Therapy,United States,N/A,$0.00  ~ $0.00 ,N/A,N/A,N/A,N/A,N/A
Business (Legacy),Physical Therapy,Canada,N/A,$0.00  ~ $0.00 ,N/A,N/A,N/A,N/A,N/A
Business (Legacy),Sailing,United States,N/A,$0.00  ~ $0.00 ,N/A,N/A,N/A,N/A,N/A
Business (Legacy),Barbecues & Grilling,Canada,N/A,$0.00  ~ $0.00 ,N/A,N/A,N/A,N/A,N/A
Business (Legacy),Daycare/Pre School,Canada,N/A,$0.00  ~ $0.00 ,N/A,N/A,N/A,N/A,N/A
Business (Legacy),Daycare/Pre School,United States,N/A,$0.00  ~ $0.00 ,N/A,N/A,N/A,N/A,N/A
Business (Legacy),Politics,United States,N/A,$0.00  ~ $0.00 ,N/A,N/A,N/A,N/A,N/A
Business (Legacy),Politics,Canada,N/A,$0.00  ~ $0.00 ,N/A,N/A,N/A,N/A,N/A
Business (Legacy),Alternative Medicine,United States,N/A,$0.00  ~ $0.00 ,N/A,N/A,N/A,N/A,N/A
Business (Legacy),Alternative Medicine,Canada,N/A,$0.00  ~ $0.00 ,N/A,N/A,N/A,N/A,N/A
Business (Legacy),Food & Drink,United States,N/A,$0.00  ~ $0.00 ,N/A,N/A,N/A,N/A,N/A
Business (Legacy),Food & Drink,Canada,N/A,$0.00  ~ $0.00 ,N/A,N/A,N/A,N/A,N/A
Business (Legacy),Sexuality,United States,N/A,$0.00  ~ $0.00 ,N/A,N/A,N/A,N/A,N/A
Business (Legacy),Sexuality,Canada,N/A,$0.00  ~ $0.00 ,N/A,N/A,N/A,N/A,N/A
Business (Legacy),Thyroid Disease,United States,N/A,$0.00  ~ $0.00 ,N/A,N/A,N/A,N/A,N/A
Business (Legacy),Appliances,Canada,N/A,$0.00  ~ $0.00 ,N/A,N/A,N/A,N/A,N/A
Business (Legacy),Appliances,United States,N/A,$0.00  ~ $0.00 ,N/A,N/A,N/A,N/A,N/A
Business (Legacy),Catholicism,United States,N/A,$0.00  ~ $0.00 ,N/A,N/A,N/A,N/A,N/A
Business (Legacy),Business Software,United States,N/A,$0.00  ~ $0.00 ,N/A,N/A,N/A,N/A,N/A
Business (Legacy),Business Software,Canada,N/A,$0.00  ~ $0.00 ,N/A,N/A,N/A,N/A,N/A
Business (Legacy),Investing,Canada,N/A,$0.00  ~ $0.00 ,N/A,N/A,N/A,N/A,N/A
Business (Legacy),Investing,United States,N/A,$0.00  ~ $0.00 ,N/A,N/A,N/A,N/A,N/A
Business (Legacy),Investors & Patents,United States,N/A,$0.00  ~ $0.00 ,N/A,N/A,N/A,N/A,N/A
Business (Legacy),Investors & Patents,Canada,N/A,$0.00  ~ $0.00 ,N/A,N/A,N/A,N/A,N/A
Business (Legacy),Logistics,Canada,N/A,$0.00  ~ $0.00 ,N/A,N/A,N/A,N/A,N/A
Business (Legacy),Logistics,United States,N/A,$0.00  ~ $0.00 ,N/A,N/A,N/A,N/A,N/A
Business (Legacy),Metals,United States,N/A,$0.00  ~ $0.00 ,N/A,N/A,N/A,N/A,N/A
Business (Legacy),Metals,Canada,N/A,$0.00  ~ $0.00 ,N/A,N/A,N/A,N/A,N/A
Business (Legacy),Hobbies & Interests,United States,N/A,$0.00  ~ $0.00 ,N/A,N/A,N/A,N/A,N/A
Business (Legacy),Hobbies & Interests,Canada,N/A,$0.00  ~ $0.00 ,N/A,N/A,N/A,N/A,N/A
Business (Legacy),Football,United States,N/A,$0.00  ~ $0.00 ,N/A,N/A,N/A,N/A,N/A
Business (Legacy),Football,Canada,N/A,$0.00  ~ $0.00 ,N/A,N/A,N/A,N/A,N/A
Business (Legacy),Card Games,United States,N/A,$0.00  ~ $0.00 ,N/A,N/A,N/A,N/A,N/A
Business (Legacy),Card Games,Canada,N/A,$0.00  ~ $0.00 ,N/A,N/A,N/A,N/A,N/A
Business (Legacy),Dining Out,Canada,N/A,$0.00  ~ $0.00 ,N/A,N/A,N/A,N/A,N/A
Business (Legacy),Dining Out,United States,N/A,$0.00  ~ $0.00 ,N/A,N/A,N/A,N/A,N/A
Business (Legacy),Commentary,United States,N/A,$0.00  ~ $0.00 ,N/A,N/A,N/A,N/A,N/A
Business (Legacy),Coffee/Tea,United States,N/A,$0.00  ~ $0.00 ,N/A,N/A,N/A,N/A,N/A
Business (Legacy),Pro Basketball,United States,N/A,$0.00  ~ $0.00 ,N/A,N/A,N/A,N/A,N/A
Business (Legacy),Careers,United States,N/A,$0.00  ~ $0.00 ,N/A,N/A,N/A,N/A,N/A
Business (Legacy),Careers,Canada,N/A,$0.00  ~ $0.00 ,N/A,N/A,N/A,N/A,N/A
Business (Legacy),Incontinence,United States,N/A,$0.00  ~ $0.00 ,N/A,N/A,N/A,N/A,N/A
Business (Legacy),Adult Education,United States,N/A,$0.00  ~ $0.00 ,N/A,N/A,N/A,N/A,N/A
Business (Legacy),Adult Education,Canada,N/A,$0.00  ~ $0.00 ,N/A,N/A,N/A,N/A,N/A
Business (Legacy),Veterinary Medicine,United States,N/A,$0.00  ~ $0.00 ,N/A,N/A,N/A,N/A,N/A
Business (Legacy),Veterinary Medicine,Canada,N/A,$0.00  ~ $0.00 ,N/A,N/A,N/A,N/A,N/A
Business (Legacy),Business,United States,N/A,$0.00  ~ $0.00 ,N/A,N/A,N/A,N/A,N/A
Business (Legacy),Business,Canada,N/A,$0.00  ~ $0.00 ,N/A,N/A,N/A,N/A,N/A
Business (Legacy),Motorcycles,United States,N/A,$0.00  ~ $0.00 ,N/A,N/A,N/A,N/A,N/A
Business (Legacy),Motorcycles,Canada,N/A,$0.00  ~ $0.00 ,N/A,N/A,N/A,N/A,N/A
Business (Legacy),Arts & Crafts,United States,N/A,$0.00  ~ $0.00 ,N/A,N/A,N/A,N/A,N/A
Business (Legacy),Arts & Crafts,Canada,N/A,$0.00  ~ $0.00 ,N/A,N/A,N/A,N/A,N/A
Business (Legacy),Construction,United States,N/A,$0.00  ~ $0.00 ,N/A,N/A,N/A,N/A,N/A
Business (Legacy),Construction,Canada,N/A,$0.00  ~ $0.00 ,N/A,N/A,N/A,N/A,N/A
Business (Legacy),Local News,United States,N/A,$0.00  ~ $0.00 ,N/A,N/A,N/A,N/A,N/A
Business (Legacy),Computer Networking,United States,N/A,$0.00  ~ $0.00 ,N/A,N/A,N/A,N/A,N/A
Business (Legacy),Insurance,United States,N/A,$0.00  ~ $0.00 ,N/A,N/A,N/A,N/A,N/A
Business (Legacy),Insurance,Canada,N/A,$0.00  ~ $0.00 ,N/A,N/A,N/A,N/A,N/A
Business (Legacy),Electric Vehicle,Canada,N/A,$0.00  ~ $0.00 ,N/A,N/A,N/A,N/A,N/A
Careers (Legacy),Logistics,United States,N/A,$0.00  ~ $0.00 ,N/A,N/A,N/A,N/A,N/A
Careers (Legacy),Logistics,Canada,N/A,$0.00  ~ $0.00 ,N/A,N/A,N/A,N/A,N/A
Careers (Legacy),Computer Networking,United States,N/A,$0.00  ~ $0.00 ,N/A,N/A,N/A,N/A,N/A
Careers (Legacy),Accessories,United States,N/A,$0.00  ~ $0.00 ,N/A,N/A,N/A,N/A,N/A
Careers (Legacy),Honeymoons/Getaways,United States,N/A,$0.00  ~ $0.00 ,N/A,N/A,N/A,N/A,N/A
Careers (Legacy),Honeymoons/Getaways,Canada,N/A,$0.00  ~ $0.00 ,N/A,N/A,N/A,N/A,N/A
Careers (Legacy),Theme Parks,Canada,N/A,$0.00  ~ $0.00 ,N/A,N/A,N/A,N/A,N/A
Careers (Legacy),Theme Parks,United States,N/A,$0.00  ~ $0.00 ,N/A,N/A,N/A,N/A,N/A
Careers (Legacy),Incest/Abuse Support,Canada,N/A,$0.00  ~ $0.00 ,N/A,N/A,N/A,N/A,N/A
Careers (Legacy),Incest/Abuse Support,United States,N/A,$0.00  ~ $0.00 ,N/A,N/A,N/A,N/A,N/A
Careers (Legacy),Hunting/Shooting,United States,N/A,$0.00  ~ $0.00 ,N/A,N/A,N/A,N/A,N/A
Careers (Legacy),Business Software,Canada,N/A,$0.00  ~ $0.00 ,N/A,N/A,N/A,N/A,N/A
Careers (Legacy),Business Software,United States,N/A,$0.00  ~ $0.00 ,N/A,N/A,N/A,N/A,N/A
Careers (Legacy),Football,United States,N/A,$0.00  ~ $0.00 ,N/A,N/A,N/A,N/A,N/A
Careers (Legacy),Football,Canada,N/A,$0.00  ~ $0.00 ,N/A,N/A,N/A,N/A,N/A
Careers (Legacy),Real Estate,United States,N/A,$0.00  ~ $0.00 ,N/A,N/A,N/A,N/A,N/A
Careers (Legacy),Real Estate,Canada,N/A,$0.00  ~ $0.00 ,N/A,N/A,N/A,N/A,N/A
Careers (Legacy),Careers,United States,N/A,$0.00  ~ $0.00 ,N/A,N/A,N/A,N/A,N/A
Careers (Legacy),Careers,Canada,N/A,$0.00  ~ $0.00 ,N/A,N/A,N/A,N/A,N/A
Careers (Legacy),"Law, Gov't & Politics",United States,N/A,$0.00  ~ $0.00 ,N/A,N/A,N/A,N/A,N/A
Careers (Legacy),"Law, Gov't & Politics",Canada,N/A,$0.00  ~ $0.00 ,N/A,N/A,N/A,N/A,N/A
Careers (Legacy),Entertainment,United States,N/A,$0.00  ~ $0.00 ,N/A,N/A,N/A,N/A,N/A
Careers (Legacy),Veterinary Medicine,United States,N/A,$0.00  ~ $0.00 ,N/A,N/A,N/A,N/A,N/A
Careers (Legacy),Veterinary Medicine,Canada,N/A,$0.00  ~ $0.00 ,N/A,N/A,N/A,N/A,N/A
Careers (Legacy),Apartments,United States,N/A,$0.00  ~ $0.00 ,N/A,N/A,N/A,N/A,N/A
Careers (Legacy),Apartments,Canada,N/A,$0.00  ~ $0.00 ,N/A,N/A,N/A,N/A,N/A
Careers (Legacy),Hobbies & Interests,United States,N/A,$0.00  ~ $0.00 ,N/A,N/A,N/A,N/A,N/A
Careers (Legacy),Hobbies & Interests,Canada,N/A,$0.00  ~ $0.00 ,N/A,N/A,N/A,N/A,N/A
Careers (Legacy),Buying/Selling Homes,United States,N/A,$0.00  ~ $0.00 ,N/A,N/A,N/A,N/A,N/A
Careers (Legacy),Buying/Selling Homes,Canada,N/A,$0.00  ~ $0.00 ,N/A,N/A,N/A,N/A,N/A
Careers (Legacy),Pro Basketball,United States,N/A,$0.00  ~ $0.00 ,N/A,N/A,N/A,N/A,N/A
Careers (Legacy),Adventure Travel,United States,N/A,$0.00  ~ $0.00 ,N/A,N/A,N/A,N/A,N/A
Careers (Legacy),Computer Peripherals,United States,N/A,$0.00  ~ $0.00 ,N/A,N/A,N/A,N/A,N/A
Careers (Legacy),Computer Peripherals,Canada,N/A,$0.00  ~ $0.00 ,N/A,N/A,N/A,N/A,N/A
Careers (Legacy),Retirement Planning,United States,N/A,$0.00  ~ $0.00 ,N/A,N/A,N/A,N/A,N/A
Careers (Legacy),Style & Fashion,United States,N/A,$0.00  ~ $0.00 ,N/A,N/A,N/A,N/A,N/A
Careers (Legacy),Biotech/Biomedical,United States,N/A,$0.00  ~ $0.00 ,N/A,N/A,N/A,N/A,N/A
Careers (Legacy),Biotech/Biomedical,Canada,N/A,$0.00  ~ $0.00 ,N/A,N/A,N/A,N/A,N/A
Careers (Legacy),Senior Living,United States,N/A,$0.00  ~ $0.00 ,N/A,N/A,N/A,N/A,N/A
Careers (Legacy),Senior Living,Canada,N/A,$0.00  ~ $0.00 ,N/A,N/A,N/A,N/A,N/A
Careers (Legacy),Arthritis,United States,N/A,$0.00  ~ $0.00 ,N/A,N/A,N/A,N/A,N/A
Careers (Legacy),Homework/Study Tips,United States,N/A,$0.00  ~ $0.00 ,N/A,N/A,N/A,N/A,N/A
Careers (Legacy),Canada,Canada,N/A,$0.00  ~ $0.00 ,N/A,N/A,N/A,N/A,N/A
Careers (Legacy),News,United States,N/A,$0.00  ~ $0.00 ,N/A,N/A,N/A,N/A,N/A
Careers (Legacy),News,Canada,N/A,$0.00  ~ $0.00 ,N/A,N/A,N/A,N/A,N/A
Careers (Legacy),Pediatrics,United States,N/A,$0.00  ~ $0.00 ,N/A,N/A,N/A,N/A,N/A
Careers (Legacy),Alternative Religions,United States,N/A,$0.00  ~ $0.00 ,N/A,N/A,N/A,N/A,N/A
Careers (Legacy),Scholarships,United States,N/A,$0.00  ~ $0.00 ,N/A,N/A,N/A,N/A,N/A
Careers (Legacy),Investors & Patents,United States,N/A,$0.00  ~ $0.00 ,N/A,N/A,N/A,N/A,N/A
Careers (Legacy),Investors & Patents,Canada,N/A,$0.00  ~ $0.00 ,N/A,N/A,N/A,N/A,N/A
Careers (Legacy),Forestry,United States,N/A,$0.00  ~ $0.00 ,N/A,N/A,N/A,N/A,N/A
Careers (Legacy),Remodeling & Construction,United States,N/A,$0.00  ~ $0.00 ,N/A,N/A,N/A,N/A,N/A
Careers (Legacy),Remodeling & Construction,Canada,N/A,$0.00  ~ $0.00 ,N/A,N/A,N/A,N/A,N/A
Careers (Legacy),Gardening,United States,N/A,$0.00  ~ $0.00 ,N/A,N/A,N/A,N/A,N/A
Careers (Legacy),Gardening,Canada,N/A,$0.00  ~ $0.00 ,N/A,N/A,N/A,N/A,N/A
Careers (Legacy),Green Solutions,United States,N/A,$0.00  ~ $0.00 ,N/A,N/A,N/A,N/A,N/A
Careers (Legacy),Green Solutions,Canada,N/A,$0.00  ~ $0.00 ,N/A,N/A,N/A,N/A,N/A
Careers (Legacy),Cocktails/Beer,Canada,N/A,$0.00  ~ $0.00 ,N/A,N/A,N/A,N/A,N/A
Careers (Legacy),Cocktails/Beer,United States,N/A,$0.00  ~ $0.00 ,N/A,N/A,N/A,N/A,N/A
Careers (Legacy),K-6 Educators,United States,N/A,$0.00  ~ $0.00 ,N/A,N/A,N/A,N/A,N/A
Careers (Legacy),K-6 Educators,Canada,N/A,$0.00  ~ $0.00 ,N/A,N/A,N/A,N/A,N/A
Careers (Legacy),Distance Learning,United States,N/A,$0.00  ~ $0.00 ,N/A,N/A,N/A,N/A,N/A
Careers (Legacy),Barbecues & Grilling,Canada,N/A,$0.00  ~ $0.00 ,N/A,N/A,N/A,N/A,N/A
Careers (Legacy),Fashion,United States,N/A,$0.00  ~ $0.00 ,N/A,N/A,N/A,N/A,N/A
Careers (Legacy),Music,United States,N/A,$0.00  ~ $0.00 ,N/A,N/A,N/A,N/A,N/A
Careers (Legacy),Music,Canada,N/A,$0.00  ~ $0.00 ,N/A,N/A,N/A,N/A,N/A
Careers (Legacy),U.S. Military,United States,N/A,$0.00  ~ $0.00 ,N/A,N/A,N/A,N/A,N/A
Careers (Legacy),Interior Decorating,Canada,N/A,$0.00  ~ $0.00 ,N/A,N/A,N/A,N/A,N/A
Careers (Legacy),Interior Decorating,United States,N/A,$0.00  ~ $0.00 ,N/A,N/A,N/A,N/A,N/A
Careers (Legacy),Pets,United States,N/A,$0.00  ~ $0.00 ,N/A,N/A,N/A,N/A,N/A
Careers (Legacy),Pets,Canada,N/A,$0.00  ~ $0.00 ,N/A,N/A,N/A,N/A,N/A
Careers (Legacy),Auto Parts,United States,N/A,$0.00  ~ $0.00 ,N/A,N/A,N/A,N/A,N/A
Careers (Legacy),Auto Parts,Canada,N/A,$0.00  ~ $0.00 ,N/A,N/A,N/A,N/A,N/A
Careers (Legacy),Roleplaying Games,United States,N/A,$0.00  ~ $0.00 ,N/A,N/A,N/A,N/A,N/A
Careers (Legacy),Business,United States,N/A,$0.00  ~ $0.00 ,N/A,N/A,N/A,N/A,N/A
Careers (Legacy),Business,Canada,N/A,$0.00  ~ $0.00 ,N/A,N/A,N/A,N/A,N/A
Careers (Legacy),Cancer,United States,N/A,$0.00  ~ $0.00 ,N/A,N/A,N/A,N/A,N/A
Careers (Legacy),Cancer,Canada,N/A,$0.00  ~ $0.00 ,N/A,N/A,N/A,N/A,N/A
Careers (Legacy),Cameras & Camcorders,United States,N/A,$0.00  ~ $0.00 ,N/A,N/A,N/A,N/A,N/A
Careers (Legacy),Cameras & Camcorders,Canada,N/A,$0.00  ~ $0.00 ,N/A,N/A,N/A,N/A,N/A
Careers (Legacy),Food & Drink,United States,N/A,$0.00  ~ $0.00 ,N/A,N/A,N/A,N/A,N/A
Careers (Legacy),Food & Drink,Canada,N/A,$0.00  ~ $0.00 ,N/A,N/A,N/A,N/A,N/A
Careers (Legacy),Clothing,United States,N/A,$0.00  ~ $0.00 ,N/A,N/A,N/A,N/A,N/A
Careers (Legacy),Clothing,Canada,N/A,$0.00  ~ $0.00 ,N/A,N/A,N/A,N/A,N/A
Careers (Legacy),Air Travel,United States,N/A,$0.00  ~ $0.00 ,N/A,N/A,N/A,N/A,N/A
Careers (Legacy),Air Travel,Canada,N/A,$0.00  ~ $0.00 ,N/A,N/A,N/A,N/A,N/A
Careers (Legacy),Fine Art,United States,N/A,$0.00  ~ $0.00 ,N/A,N/A,N/A,N/A,N/A
Careers (Legacy),Fine Art,Canada,N/A,$0.00  ~ $0.00 ,N/A,N/A,N/A,N/A,N/A
Careers (Legacy),Beauty,United States,N/A,$0.00  ~ $0.00 ,N/A,N/A,N/A,N/A,N/A
Careers (Legacy),Beauty,Canada,N/A,$0.00  ~ $0.00 ,N/A,N/A,N/A,N/A,N/A
Careers (Legacy),Senor Health,United States,N/A,$0.00  ~ $0.00 ,N/A,N/A,N/A,N/A,N/A
Careers (Legacy),Senor Health,Canada,N/A,$0.00  ~ $0.00 ,N/A,N/A,N/A,N/A,N/A
Careers (Legacy),Italian Cuisine,United States,N/A,$0.00  ~ $0.00 ,N/A,N/A,N/A,N/A,N/A
Careers (Legacy),Personal Finance,United States,N/A,$0.00  ~ $0.00 ,N/A,N/A,N/A,N/A,N/A
Careers (Legacy),Personal Finance,Canada,N/A,$0.00  ~ $0.00 ,N/A,N/A,N/A,N/A,N/A
Careers (Legacy),Advertising,United States,N/A,$0.00  ~ $0.00 ,N/A,N/A,N/A,N/A,N/A
Careers (Legacy),Advertising,Canada,N/A,$0.00  ~ $0.00 ,N/A,N/A,N/A,N/A,N/A
Careers (Legacy),Credit/Debt & Loans,United States,N/A,$0.00  ~ $0.00 ,N/A,N/A,N/A,N/A,N/A
Careers (Legacy),Credit/Debt & Loans,Canada,N/A,$0.00  ~ $0.00 ,N/A,N/A,N/A,N/A,N/A
Careers (Legacy),Family & Parenting,United States,N/A,$0.00  ~ $0.00 ,N/A,N/A,N/A,N/A,N/A
Careers (Legacy),Family & Parenting,Canada,N/A,$0.00  ~ $0.00 ,N/A,N/A,N/A,N/A,N/A
Careers (Legacy),Health/Lowfat Cooking,Canada,N/A,$0.00  ~ $0.00 ,N/A,N/A,N/A,N/A,N/A
Careers (Legacy),Health/Lowfat Cooking,United States,N/A,$0.00  ~ $0.00 ,N/A,N/A,N/A,N/A,N/A
Careers (Legacy),By US Locale,United States,N/A,$0.00  ~ $0.00 ,N/A,N/A,N/A,N/A,N/A
Careers (Legacy),Dogs,United States,N/A,$0.00  ~ $0.00 ,N/A,N/A,N/A,N/A,N/A
Careers (Legacy),Dogs,Canada,N/A,$0.00  ~ $0.00 ,N/A,N/A,N/A,N/A,N/A
Careers (Legacy),Off-Road Vehicles,United States,N/A,$0.00  ~ $0.00 ,N/A,N/A,N/A,N/A,N/A
Careers (Legacy),Off-Road Vehicles,Canada,N/A,$0.00  ~ $0.00 ,N/A,N/A,N/A,N/A,N/A
Careers (Legacy),Stocks,United States,N/A,$0.00  ~ $0.00 ,N/A,N/A,N/A,N/A,N/A
Careers (Legacy),Certified Pre-Owned,United States,N/A,$0.00  ~ $0.00 ,N/A,N/A,N/A,N/A,N/A
Careers (Legacy),Horse Racing,Canada,N/A,$0.00  ~ $0.00 ,N/A,N/A,N/A,N/A,N/A
Careers (Legacy),Network Security,United States,N/A,$0.00  ~ $0.00 ,N/A,N/A,N/A,N/A,N/A
Careers (Legacy),Teens,United States,N/A,$0.00  ~ $0.00 ,N/A,N/A,N/A,N/A,N/A
Careers (Legacy),Exercise,United States,N/A,$0.00  ~ $0.00 ,N/A,N/A,N/A,N/A,N/A
Careers (Legacy),Exercise,Canada,N/A,$0.00  ~ $0.00 ,N/A,N/A,N/A,N/A,N/A
Careers (Legacy),Birdwatching,United States,N/A,$0.00  ~ $0.00 ,N/A,N/A,N/A,N/A,N/A
Careers (Legacy),Legal Issues,United States,N/A,$0.00  ~ $0.00 ,N/A,N/A,N/A,N/A,N/A
Careers (Legacy),Legal Issues,Canada,N/A,$0.00  ~ $0.00 ,N/A,N/A,N/A,N/A,N/A
Careers (Legacy),Travel,United States,N/A,$0.00  ~ $0.00 ,N/A,N/A,N/A,N/A,N/A
Careers (Legacy),Travel,Canada,N/A,$0.00  ~ $0.00 ,N/A,N/A,N/A,N/A,N/A
Careers (Legacy),Human Resources,United States,N/A,$0.00  ~ $0.00 ,N/A,N/A,N/A,N/A,N/A
Careers (Legacy),Human Resources,Canada,N/A,$0.00  ~ $0.00 ,N/A,N/A,N/A,N/A,N/A
Careers (Legacy),Trucks & Accessories,United States,N/A,$0.00  ~ $0.00 ,N/A,N/A,N/A,N/A,N/A
Careers (Legacy),Cold & Flu,United States,N/A,$0.00  ~ $0.00 ,N/A,N/A,N/A,N/A,N/A
Careers (Legacy),Cold & Flu,Canada,N/A,$0.00  ~ $0.00 ,N/A,N/A,N/A,N/A,N/A
Careers (Legacy),Adult Education,United States,N/A,$0.00  ~ $0.00 ,N/A,N/A,N/A,N/A,N/A
Careers (Legacy),Large Animals,United States,N/A,$0.00  ~ $0.00 ,N/A,N/A,N/A,N/A,N/A
Careers (Legacy),Tax Planning,United States,N/A,$0.00  ~ $0.00 ,N/A,N/A,N/A,N/A,N/A
Careers (Legacy),Motorcycles,Canada,N/A,$0.00  ~ $0.00 ,N/A,N/A,N/A,N/A,N/A
Careers (Legacy),Motorcycles,United States,N/A,$0.00  ~ $0.00 ,N/A,N/A,N/A,N/A,N/A
Careers (Legacy),Cruises,United States,N/A,$0.00  ~ $0.00 ,N/A,N/A,N/A,N/A,N/A
Careers (Legacy),Cruises,Canada,N/A,$0.00  ~ $0.00 ,N/A,N/A,N/A,N/A,N/A
Careers (Legacy),Internet Technology,United States,N/A,$0.00  ~ $0.00 ,N/A,N/A,N/A,N/A,N/A
Careers (Legacy),Internet Technology,Canada,N/A,$0.00  ~ $0.00 ,N/A,N/A,N/A,N/A,N/A
Careers (Legacy),Radio,United States,N/A,$0.00  ~ $0.00 ,N/A,N/A,N/A,N/A,N/A
Careers (Legacy),Stamps & Coins,United States,N/A,$0.00  ~ $0.00 ,N/A,N/A,N/A,N/A,N/A
Careers (Legacy),Movies,United States,N/A,$0.00  ~ $0.00 ,N/A,N/A,N/A,N/A,N/A
Careers (Legacy),Astrology,United States,N/A,$0.00  ~ $0.00 ,N/A,N/A,N/A,N/A,N/A
Careers (Legacy),Automotive,United States,N/A,$0.00  ~ $0.00 ,N/A,N/A,N/A,N/A,N/A
Careers (Legacy),Automotive,Canada,N/A,$0.00  ~ $0.00 ,N/A,N/A,N/A,N/A,N/A
Careers (Legacy),Swimming,United States,N/A,$0.00  ~ $0.00 ,N/A,N/A,N/A,N/A,N/A
Careers (Legacy),Job Search,Canada,N/A,$0.00  ~ $0.00 ,N/A,N/A,N/A,N/A,N/A
Careers (Legacy),Job Search,United States,N/A,$0.00  ~ $0.00 ,N/A,N/A,N/A,N/A,N/A
Careers (Legacy),Hotels,United States,N/A,$0.00  ~ $0.00 ,N/A,N/A,N/A,N/A,N/A
Careers (Legacy),Hotels,Canada,N/A,$0.00  ~ $0.00 ,N/A,N/A,N/A,N/A,N/A
Careers (Legacy),Home Repair,United States,N/A,$0.00  ~ $0.00 ,N/A,N/A,N/A,N/A,N/A
Careers (Legacy),Home Repair,Canada,N/A,$0.00  ~ $0.00 ,N/A,N/A,N/A,N/A,N/A
Careers (Legacy),Arts & Entertainment,United States,N/A,$0.00  ~ $0.00 ,N/A,N/A,N/A,N/A,N/A
Careers (Legacy),Arts & Entertainment,Canada,N/A,$0.00  ~ $0.00 ,N/A,N/A,N/A,N/A,N/A
Careers (Legacy),Contests & Freebies,United States,N/A,$0.00  ~ $0.00 ,N/A,N/A,N/A,N/A,N/A
Careers (Legacy),Contests & Freebies,Canada,N/A,$0.00  ~ $0.00 ,N/A,N/A,N/A,N/A,N/A
Careers (Legacy),U.S. Government Resources,United States,N/A,$0.00  ~ $0.00 ,N/A,N/A,N/A,N/A,N/A
Careers (Legacy),Financial Aid,United States,N/A,$0.00  ~ $0.00 ,N/A,N/A,N/A,N/A,N/A
Careers (Legacy),Electric Vehicle,Canada,N/A,$0.00  ~ $0.00 ,N/A,N/A,N/A,N/A,N/A
Careers (Legacy),Coffee/Tea,United States,N/A,$0.00  ~ $0.00 ,N/A,N/A,N/A,N/A,N/A
Careers (Legacy),Sailing,United States,N/A,$0.00  ~ $0.00 ,N/A,N/A,N/A,N/A,N/A
Careers (Legacy),Agriculture,United States,N/A,$0.00  ~ $0.00 ,N/A,N/A,N/A,N/A,N/A
Careers (Legacy),Agriculture,Canada,N/A,$0.00  ~ $0.00 ,N/A,N/A,N/A,N/A,N/A
Careers (Legacy),Babies & Toddlers,United States,N/A,$0.00  ~ $0.00 ,N/A,N/A,N/A,N/A,N/A
Careers (Legacy),Road-Side Assistance,United States,N/A,$0.00  ~ $0.00 ,N/A,N/A,N/A,N/A,N/A
Careers (Legacy),Road-Side Assistance,Canada,N/A,$0.00  ~ $0.00 ,N/A,N/A,N/A,N/A,N/A
Careers (Legacy),Parenting - K-6 Kids,United States,N/A,$0.00  ~ $0.00 ,N/A,N/A,N/A,N/A,N/A
Careers (Legacy),Cuisine-Specific,United States,N/A,$0.00  ~ $0.00 ,N/A,N/A,N/A,N/A,N/A
Careers (Legacy),Thyroid Disease,United States,N/A,$0.00  ~ $0.00 ,N/A,N/A,N/A,N/A,N/A
Careers (Legacy),Graduate School,United States,N/A,$0.00  ~ $0.00 ,N/A,N/A,N/A,N/A,N/A
Careers (Legacy),Graduate School,Canada,N/A,$0.00  ~ $0.00 ,N/A,N/A,N/A,N/A,N/A
Careers (Legacy),Couponing,United States,N/A,$0.00  ~ $0.00 ,N/A,N/A,N/A,N/A,N/A
Careers (Legacy),Couponing,Canada,N/A,$0.00  ~ $0.00 ,N/A,N/A,N/A,N/A,N/A
Careers (Legacy),Sexuality,Canada,N/A,$0.00  ~ $0.00 ,N/A,N/A,N/A,N/A,N/A
Careers (Legacy),Sexuality,United States,N/A,$0.00  ~ $0.00 ,N/A,N/A,N/A,N/A,N/A
Careers (Legacy),Weight Loss,United States,N/A,$0.00  ~ $0.00 ,N/A,N/A,N/A,N/A,N/A
Careers (Legacy),Appliances,United States,N/A,$0.00  ~ $0.00 ,N/A,N/A,N/A,N/A,N/A
Careers (Legacy),Appliances,Canada,N/A,$0.00  ~ $0.00 ,N/A,N/A,N/A,N/A,N/A
Careers (Legacy),Comparison,United States,N/A,$0.00  ~ $0.00 ,N/A,N/A,N/A,N/A,N/A
Careers (Legacy),Guitar,United States,N/A,$0.00  ~ $0.00 ,N/A,N/A,N/A,N/A,N/A
Careers (Legacy),Religion & Spirituality,United States,N/A,$0.00  ~ $0.00 ,N/A,N/A,N/A,N/A,N/A
Careers (Legacy),Health & Fitness,United States,N/A,$0.00  ~ $0.00 ,N/A,N/A,N/A,N/A,N/A
Careers (Legacy),Health & Fitness,Canada,N/A,$0.00  ~ $0.00 ,N/A,N/A,N/A,N/A,N/A
Careers (Legacy),Alternative Medicine,United States,N/A,$0.00  ~ $0.00 ,N/A,N/A,N/A,N/A,N/A
Careers (Legacy),Alternative Medicine,Canada,N/A,$0.00  ~ $0.00 ,N/A,N/A,N/A,N/A,N/A
Careers (Legacy),Dining Out,United States,N/A,$0.00  ~ $0.00 ,N/A,N/A,N/A,N/A,N/A
Careers (Legacy),Dining Out,Canada,N/A,$0.00  ~ $0.00 ,N/A,N/A,N/A,N/A,N/A
Careers (Legacy),Net Conferencing,United States,N/A,$0.00  ~ $0.00 ,N/A,N/A,N/A,N/A,N/A
Careers (Legacy),Net Conferencing,Canada,N/A,$0.00  ~ $0.00 ,N/A,N/A,N/A,N/A,N/A
Careers (Legacy),Art/Technology,United States,N/A,$0.00  ~ $0.00 ,N/A,N/A,N/A,N/A,N/A
Careers (Legacy),Art/Technology,Canada,N/A,$0.00  ~ $0.00 ,N/A,N/A,N/A,N/A,N/A
Careers (Legacy),Buying/Selling Cars,United States,N/A,$0.00  ~ $0.00 ,N/A,N/A,N/A,N/A,N/A
Careers (Legacy),Buying/Selling Cars,Canada,N/A,$0.00  ~ $0.00 ,N/A,N/A,N/A,N/A,N/A
Careers (Legacy),Catholicism,United States,N/A,$0.00  ~ $0.00 ,N/A,N/A,N/A,N/A,N/A
Careers (Legacy),Mountain Biking,United States,N/A,$0.00  ~ $0.00 ,N/A,N/A,N/A,N/A,N/A
Careers (Legacy),Auto Repair,United States,N/A,$0.00  ~ $0.00 ,N/A,N/A,N/A,N/A,N/A
Careers (Legacy),Auto Repair,Canada,N/A,$0.00  ~ $0.00 ,N/A,N/A,N/A,N/A,N/A
Careers (Legacy),Desserts & Baking,United States,N/A,$0.00  ~ $0.00 ,N/A,N/A,N/A,N/A,N/A
Careers (Legacy),Desserts & Baking,Canada,N/A,$0.00  ~ $0.00 ,N/A,N/A,N/A,N/A,N/A
Careers (Legacy),Nutrition,United States,N/A,$0.00  ~ $0.00 ,N/A,N/A,N/A,N/A,N/A
Careers (Legacy),Nutrition,Canada,N/A,$0.00  ~ $0.00 ,N/A,N/A,N/A,N/A,N/A
Careers (Legacy),Marketing,Canada,N/A,$0.00  ~ $0.00 ,N/A,N/A,N/A,N/A,N/A
Careers (Legacy),Marketing,United States,N/A,$0.00  ~ $0.00 ,N/A,N/A,N/A,N/A,N/A
Careers (Legacy),Weddings,United States,N/A,$0.00  ~ $0.00 ,N/A,N/A,N/A,N/A,N/A
Careers (Legacy),Home Theater,United States,N/A,$0.00  ~ $0.00 ,N/A,N/A,N/A,N/A,N/A
Careers (Legacy),Environmental Safety,United States,N/A,$0.00  ~ $0.00 ,N/A,N/A,N/A,N/A,N/A
Careers (Legacy),Bed & Breakfasts,United States,N/A,$0.00  ~ $0.00 ,N/A,N/A,N/A,N/A,N/A
Careers (Legacy),Arts & Crafts,United States,N/A,$0.00  ~ $0.00 ,N/A,N/A,N/A,N/A,N/A
Careers (Legacy),Arts & Crafts,Canada,N/A,$0.00  ~ $0.00 ,N/A,N/A,N/A,N/A,N/A
Careers (Legacy),Cell Phones,United States,N/A,$0.00  ~ $0.00 ,N/A,N/A,N/A,N/A,N/A
Careers (Legacy),Jewelry,United States,N/A,$0.00  ~ $0.00 ,N/A,N/A,N/A,N/A,N/A
Careers (Legacy),Jewelry,Canada,N/A,$0.00  ~ $0.00 ,N/A,N/A,N/A,N/A,N/A
Careers (Legacy),Insurance,United States,N/A,$0.00  ~ $0.00 ,N/A,N/A,N/A,N/A,N/A
Careers (Legacy),Insurance,Canada,N/A,$0.00  ~ $0.00 ,N/A,N/A,N/A,N/A,N/A
Careers (Legacy),Technology & Computing,Canada,N/A,$0.00  ~ $0.00 ,N/A,N/A,N/A,N/A,N/A
Careers (Legacy),Technology & Computing,United States,N/A,$0.00  ~ $0.00 ,N/A,N/A,N/A,N/A,N/A
Careers (Legacy),Computer Certification,United States,N/A,$0.00  ~ $0.00 ,N/A,N/A,N/A,N/A,N/A
Careers (Legacy),Camping,United States,N/A,$0.00  ~ $0.00 ,N/A,N/A,N/A,N/A,N/A
Careers (Legacy),Infertility,United States,N/A,$0.00  ~ $0.00 ,N/A,N/A,N/A,N/A,N/A
Careers (Legacy),Television,United States,N/A,$0.00  ~ $0.00 ,N/A,N/A,N/A,N/A,N/A
Careers (Legacy),Language Learning,United States,N/A,$0.00  ~ $0.00 ,N/A,N/A,N/A,N/A,N/A
Careers (Legacy),Language Learning,Canada,N/A,$0.00  ~ $0.00 ,N/A,N/A,N/A,N/A,N/A
Careers (Legacy),Shopping,United States,N/A,$0.00  ~ $0.00 ,N/A,N/A,N/A,N/A,N/A
Careers (Legacy),Shopping,Canada,N/A,$0.00  ~ $0.00 ,N/A,N/A,N/A,N/A,N/A
Careers (Legacy),Mutual Funds,United States,N/A,$0.00  ~ $0.00 ,N/A,N/A,N/A,N/A,N/A
Careers (Legacy),Mutual Funds,Canada,N/A,$0.00  ~ $0.00 ,N/A,N/A,N/A,N/A,N/A
Careers (Legacy),Metals,United States,N/A,$0.00  ~ $0.00 ,N/A,N/A,N/A,N/A,N/A
Careers (Legacy),Metals,Canada,N/A,$0.00  ~ $0.00 ,N/A,N/A,N/A,N/A,N/A
Careers (Legacy),Career Planning,United States,N/A,$0.00  ~ $0.00 ,N/A,N/A,N/A,N/A,N/A
Careers (Legacy),Career Planning,Canada,N/A,$0.00  ~ $0.00 ,N/A,N/A,N/A,N/A,N/A
Careers (Legacy),Card Games,United States,N/A,$0.00  ~ $0.00 ,N/A,N/A,N/A,N/A,N/A
Careers (Legacy),Card Games,Canada,N/A,$0.00  ~ $0.00 ,N/A,N/A,N/A,N/A,N/A
Careers (Legacy),Video & Computer Games,United States,N/A,$0.00  ~ $0.00 ,N/A,N/A,N/A,N/A,N/A
Careers (Legacy),Local News,United States,N/A,$0.00  ~ $0.00 ,N/A,N/A,N/A,N/A,N/A
Careers (Legacy),Physical Therapy,United States,N/A,$0.00  ~ $0.00 ,N/A,N/A,N/A,N/A,N/A
Careers (Legacy),Physical Therapy,Canada,N/A,$0.00  ~ $0.00 ,N/A,N/A,N/A,N/A,N/A
Careers (Legacy),Psychology/Psychiatry,United States,N/A,$0.00  ~ $0.00 ,N/A,N/A,N/A,N/A,N/A
Careers (Legacy),Psychology/Psychiatry,Canada,N/A,$0.00  ~ $0.00 ,N/A,N/A,N/A,N/A,N/A
Careers (Legacy),Chronic Pain,United States,N/A,$0.00  ~ $0.00 ,N/A,N/A,N/A,N/A,N/A
Careers (Legacy),Wine,United States,N/A,$0.00  ~ $0.00 ,N/A,N/A,N/A,N/A,N/A
Careers (Legacy),Daycare/Pre School,United States,N/A,$0.00  ~ $0.00 ,N/A,N/A,N/A,N/A,N/A
Careers (Legacy),Daycare/Pre School,Canada,N/A,$0.00  ~ $0.00 ,N/A,N/A,N/A,N/A,N/A
Careers (Legacy),Martial Arts,United States,N/A,$0.00  ~ $0.00 ,N/A,N/A,N/A,N/A,N/A
Careers (Legacy),Martial Arts,Canada,N/A,$0.00  ~ $0.00 ,N/A,N/A,N/A,N/A,N/A
Careers (Legacy),College,United States,N/A,$0.00  ~ $0.00 ,N/A,N/A,N/A,N/A,N/A
Careers (Legacy),College,Canada,N/A,$0.00  ~ $0.00 ,N/A,N/A,N/A,N/A,N/A
Careers (Legacy),Politics,United States,N/A,$0.00  ~ $0.00 ,N/A,N/A,N/A,N/A,N/A
Careers (Legacy),Politics,Canada,N/A,$0.00  ~ $0.00 ,N/A,N/A,N/A,N/A,N/A
Careers (Legacy),Education,United States,N/A,$0.00  ~ $0.00 ,N/A,N/A,N/A,N/A,N/A
Careers (Legacy),Education,Canada,N/A,$0.00  ~ $0.00 ,N/A,N/A,N/A,N/A,N/A
Careers (Legacy),Landscaping,United States,N/A,$0.00  ~ $0.00 ,N/A,N/A,N/A,N/A,N/A
Careers (Legacy),Landscaping,Canada,N/A,$0.00  ~ $0.00 ,N/A,N/A,N/A,N/A,N/A
Careers (Legacy),Entertaining,United States,N/A,$0.00  ~ $0.00 ,N/A,N/A,N/A,N/A,N/A
Careers (Legacy),Dental Care,United States,N/A,$0.00  ~ $0.00 ,N/A,N/A,N/A,N/A,N/A
Careers (Legacy),Dental Care,Canada,N/A,$0.00  ~ $0.00 ,N/A,N/A,N/A,N/A,N/A
Careers (Legacy),Books & Literature,United States,N/A,$0.00  ~ $0.00 ,N/A,N/A,N/A,N/A,N/A
Careers (Legacy),Books & Literature,Canada,N/A,$0.00  ~ $0.00 ,N/A,N/A,N/A,N/A,N/A
Careers (Legacy),Government,United States,N/A,$0.00  ~ $0.00 ,N/A,N/A,N/A,N/A,N/A
Careers (Legacy),Government,Canada,N/A,$0.00  ~ $0.00 ,N/A,N/A,N/A,N/A,N/A
Careers (Legacy),Investing,United States,N/A,$0.00  ~ $0.00 ,N/A,N/A,N/A,N/A,N/A
Careers (Legacy),Investing,Canada,N/A,$0.00  ~ $0.00 ,N/A,N/A,N/A,N/A,N/A
Careers (Legacy),Cigars,United States,N/A,$0.00  ~ $0.00 ,N/A,N/A,N/A,N/A,N/A
Careers (Legacy),Cigars,Canada,N/A,$0.00  ~ $0.00 ,N/A,N/A,N/A,N/A,N/A
Careers (Legacy),Commentary,United States,N/A,$0.00  ~ $0.00 ,N/A,N/A,N/A,N/A,N/A
Careers (Legacy),Construction,United States,N/A,$0.00  ~ $0.00 ,N/A,N/A,N/A,N/A,N/A
Careers (Legacy),Construction,Canada,N/A,$0.00  ~ $0.00 ,N/A,N/A,N/A,N/A,N/A
Careers (Legacy),Incontinence,United States,N/A,$0.00  ~ $0.00 ,N/A,N/A,N/A,N/A,N/A
Careers (Legacy),Collecting,United States,N/A,$0.00  ~ $0.00 ,N/A,N/A,N/A,N/A,N/A
Careers (Legacy),Dermatology,United States,N/A,$0.00  ~ $0.00 ,N/A,N/A,N/A,N/A,N/A
Careers (Legacy),Dermatology,Canada,N/A,$0.00  ~ $0.00 ,N/A,N/A,N/A,N/A,N/A
Careers (Legacy),Body Art,United States,N/A,$0.00  ~ $0.00 ,N/A,N/A,N/A,N/A,N/A
Careers (Legacy),Home & Garden,United States,N/A,$0.00  ~ $0.00 ,N/A,N/A,N/A,N/A,N/A
Careers (Legacy),Home & Garden,Canada,N/A,$0.00  ~ $0.00 ,N/A,N/A,N/A,N/A,N/A
Education (Legacy),Politics,Canada,N/A,$0.00  ~ $0.00 ,N/A,N/A,N/A,N/A,N/A
Education (Legacy),Politics,United States,N/A,$0.00  ~ $0.00 ,N/A,N/A,N/A,N/A,N/A
Education (Legacy),Biotech/Biomedical,United States,N/A,$0.00  ~ $0.00 ,N/A,N/A,N/A,N/A,N/A
Education (Legacy),Biotech/Biomedical,Canada,N/A,$0.00  ~ $0.00 ,N/A,N/A,N/A,N/A,N/A
Education (Legacy),Incest/Abuse Support,United States,N/A,$0.00  ~ $0.00 ,N/A,N/A,N/A,N/A,N/A
Education (Legacy),Incest/Abuse Support,Canada,N/A,$0.00  ~ $0.00 ,N/A,N/A,N/A,N/A,N/A
Education (Legacy),Computer Peripherals,United States,N/A,$0.00  ~ $0.00 ,N/A,N/A,N/A,N/A,N/A
Education (Legacy),Computer Peripherals,Canada,N/A,$0.00  ~ $0.00 ,N/A,N/A,N/A,N/A,N/A
Education (Legacy),Cell Phones,United States,N/A,$0.00  ~ $0.00 ,N/A,N/A,N/A,N/A,N/A
Education (Legacy),Italian Cuisine,United States,N/A,$0.00  ~ $0.00 ,N/A,N/A,N/A,N/A,N/A
Education (Legacy),Graduate School,United States,N/A,$0.00  ~ $0.00 ,N/A,N/A,N/A,N/A,N/A
Education (Legacy),Graduate School,Canada,N/A,$0.00  ~ $0.00 ,N/A,N/A,N/A,N/A,N/A
Education (Legacy),Jewelry,United States,N/A,$0.00  ~ $0.00 ,N/A,N/A,N/A,N/A,N/A
Education (Legacy),Jewelry,Canada,N/A,$0.00  ~ $0.00 ,N/A,N/A,N/A,N/A,N/A
Education (Legacy),Air Travel,United States,N/A,$0.00  ~ $0.00 ,N/A,N/A,N/A,N/A,N/A
Education (Legacy),Air Travel,Canada,N/A,$0.00  ~ $0.00 ,N/A,N/A,N/A,N/A,N/A
Education (Legacy),Coffee/Tea,United States,N/A,$0.00  ~ $0.00 ,N/A,N/A,N/A,N/A,N/A
Education (Legacy),Hunting/Shooting,United States,N/A,$0.00  ~ $0.00 ,N/A,N/A,N/A,N/A,N/A
Education (Legacy),Computer Certification,United States,N/A,$0.00  ~ $0.00 ,N/A,N/A,N/A,N/A,N/A
Education (Legacy),Daycare/Pre School,United States,N/A,$0.00  ~ $0.00 ,N/A,N/A,N/A,N/A,N/A
Education (Legacy),Daycare/Pre School,Canada,N/A,$0.00  ~ $0.00 ,N/A,N/A,N/A,N/A,N/A
Education (Legacy),Wine,United States,N/A,$0.00  ~ $0.00 ,N/A,N/A,N/A,N/A,N/A
Education (Legacy),Personal Finance,United States,N/A,$0.00  ~ $0.00 ,N/A,N/A,N/A,N/A,N/A
Education (Legacy),Personal Finance,Canada,N/A,$0.00  ~ $0.00 ,N/A,N/A,N/A,N/A,N/A
Education (Legacy),Human Resources,United States,N/A,$0.00  ~ $0.00 ,N/A,N/A,N/A,N/A,N/A
Education (Legacy),Human Resources,Canada,N/A,$0.00  ~ $0.00 ,N/A,N/A,N/A,N/A,N/A
Education (Legacy),Video & Computer Games,United States,N/A,$0.00  ~ $0.00 ,N/A,N/A,N/A,N/A,N/A
Education (Legacy),Distance Learning,United States,N/A,$0.00  ~ $0.00 ,N/A,N/A,N/A,N/A,N/A
Education (Legacy),Theme Parks,United States,N/A,$0.00  ~ $0.00 ,N/A,N/A,N/A,N/A,N/A
Education (Legacy),Theme Parks,Canada,N/A,$0.00  ~ $0.00 ,N/A,N/A,N/A,N/A,N/A
Education (Legacy),Mountain Biking,Canada,N/A,$0.00  ~ $0.00 ,N/A,N/A,N/A,N/A,N/A
Education (Legacy),Mountain Biking,United States,N/A,$0.00  ~ $0.00 ,N/A,N/A,N/A,N/A,N/A
Education (Legacy),By US Locale,United States,N/A,$0.00  ~ $0.00 ,N/A,N/A,N/A,N/A,N/A
Education (Legacy),Horse Racing,Canada,N/A,$0.00  ~ $0.00 ,N/A,N/A,N/A,N/A,N/A
Education (Legacy),Physical Therapy,United States,N/A,$0.00  ~ $0.00 ,N/A,N/A,N/A,N/A,N/A
Education (Legacy),Physical Therapy,Canada,N/A,$0.00  ~ $0.00 ,N/A,N/A,N/A,N/A,N/A
Education (Legacy),Interior Decorating,United States,N/A,$0.00  ~ $0.00 ,N/A,N/A,N/A,N/A,N/A
Education (Legacy),Interior Decorating,Canada,N/A,$0.00  ~ $0.00 ,N/A,N/A,N/A,N/A,N/A
Education (Legacy),Cigars,United States,N/A,$0.00  ~ $0.00 ,N/A,N/A,N/A,N/A,N/A
Education (Legacy),Career Planning,United States,N/A,$0.00  ~ $0.00 ,N/A,N/A,N/A,N/A,N/A
Education (Legacy),Career Planning,Canada,N/A,$0.00  ~ $0.00 ,N/A,N/A,N/A,N/A,N/A
Education (Legacy),Radio,United States,N/A,$0.00  ~ $0.00 ,N/A,N/A,N/A,N/A,N/A
Education (Legacy),Business,United States,N/A,$0.00  ~ $0.00 ,N/A,N/A,N/A,N/A,N/A
Education (Legacy),Business,Canada,N/A,$0.00  ~ $0.00 ,N/A,N/A,N/A,N/A,N/A
Education (Legacy),Arts & Entertainment,United States,N/A,$0.00  ~ $0.00 ,N/A,N/A,N/A,N/A,N/A
Education (Legacy),Arts & Entertainment,Canada,N/A,$0.00  ~ $0.00 ,N/A,N/A,N/A,N/A,N/A
Education (Legacy),Electric Vehicle,Canada,N/A,$0.00  ~ $0.00 ,N/A,N/A,N/A,N/A,N/A
Education (Legacy),Television,United States,N/A,$0.00  ~ $0.00 ,N/A,N/A,N/A,N/A,N/A
Education (Legacy),Automotive,United States,N/A,$0.00  ~ $0.00 ,N/A,N/A,N/A,N/A,N/A
Education (Legacy),Automotive,Canada,N/A,$0.00  ~ $0.00 ,N/A,N/A,N/A,N/A,N/A
Education (Legacy),Insurance,United States,N/A,$0.00  ~ $0.00 ,N/A,N/A,N/A,N/A,N/A
Education (Legacy),Insurance,Canada,N/A,$0.00  ~ $0.00 ,N/A,N/A,N/A,N/A,N/A
Education (Legacy),Metals,United States,N/A,$0.00  ~ $0.00 ,N/A,N/A,N/A,N/A,N/A
Education (Legacy),Metals,Canada,N/A,$0.00  ~ $0.00 ,N/A,N/A,N/A,N/A,N/A
Education (Legacy),Job Search,United States,N/A,$0.00  ~ $0.00 ,N/A,N/A,N/A,N/A,N/A
Education (Legacy),Job Search,Canada,N/A,$0.00  ~ $0.00 ,N/A,N/A,N/A,N/A,N/A
Education (Legacy),Babies & Toddlers,United States,N/A,$0.00  ~ $0.00 ,N/A,N/A,N/A,N/A,N/A
Education (Legacy),Babies & Toddlers,Canada,N/A,$0.00  ~ $0.00 ,N/A,N/A,N/A,N/A,N/A
Education (Legacy),Health & Fitness,United States,N/A,$0.00  ~ $0.00 ,N/A,N/A,N/A,N/A,N/A
Education (Legacy),Health & Fitness,Canada,N/A,$0.00  ~ $0.00 ,N/A,N/A,N/A,N/A,N/A
Education (Legacy),Senor Health,United States,N/A,$0.00  ~ $0.00 ,N/A,N/A,N/A,N/A,N/A
Education (Legacy),Senor Health,Canada,N/A,$0.00  ~ $0.00 ,N/A,N/A,N/A,N/A,N/A
Education (Legacy),Pets,United States,N/A,$0.00  ~ $0.00 ,N/A,N/A,N/A,N/A,N/A
Education (Legacy),Pets,Canada,N/A,$0.00  ~ $0.00 ,N/A,N/A,N/A,N/A,N/A
Education (Legacy),Entertaining,United States,N/A,$0.00  ~ $0.00 ,N/A,N/A,N/A,N/A,N/A
Education (Legacy),Entertaining,Canada,N/A,$0.00  ~ $0.00 ,N/A,N/A,N/A,N/A,N/A
Education (Legacy),Martial Arts,United States,N/A,$0.00  ~ $0.00 ,N/A,N/A,N/A,N/A,N/A
Education (Legacy),Legal Issues,United States,N/A,$0.00  ~ $0.00 ,N/A,N/A,N/A,N/A,N/A
Education (Legacy),Legal Issues,Canada,N/A,$0.00  ~ $0.00 ,N/A,N/A,N/A,N/A,N/A
Education (Legacy),Psychology/Psychiatry,United States,N/A,$0.00  ~ $0.00 ,N/A,N/A,N/A,N/A,N/A
Education (Legacy),Psychology/Psychiatry,Canada,N/A,$0.00  ~ $0.00 ,N/A,N/A,N/A,N/A,N/A
Education (Legacy),Sexuality,United States,N/A,$0.00  ~ $0.00 ,N/A,N/A,N/A,N/A,N/A
Education (Legacy),Sexuality,Canada,N/A,$0.00  ~ $0.00 ,N/A,N/A,N/A,N/A,N/A
Education (Legacy),Catholicism,United States,N/A,$0.00  ~ $0.00 ,N/A,N/A,N/A,N/A,N/A
Education (Legacy),U.S. Government Resources,United States,N/A,$0.00  ~ $0.00 ,N/A,N/A,N/A,N/A,N/A
Education (Legacy),Alternative Religions,United States,N/A,$0.00  ~ $0.00 ,N/A,N/A,N/A,N/A,N/A
Education (Legacy),Arts & Crafts,United States,N/A,$0.00  ~ $0.00 ,N/A,N/A,N/A,N/A,N/A
Education (Legacy),Arts & Crafts,Canada,N/A,$0.00  ~ $0.00 ,N/A,N/A,N/A,N/A,N/A
Education (Legacy),Language Learning,United States,N/A,$0.00  ~ $0.00 ,N/A,N/A,N/A,N/A,N/A
Education (Legacy),Language Learning,Canada,N/A,$0.00  ~ $0.00 ,N/A,N/A,N/A,N/A,N/A
Education (Legacy),Thyroid Disease,United States,N/A,$0.00  ~ $0.00 ,N/A,N/A,N/A,N/A,N/A
Education (Legacy),Business Software,United States,N/A,$0.00  ~ $0.00 ,N/A,N/A,N/A,N/A,N/A
Education (Legacy),Business Software,Canada,N/A,$0.00  ~ $0.00 ,N/A,N/A,N/A,N/A,N/A
Education (Legacy),Motorcycles,United States,N/A,$0.00  ~ $0.00 ,N/A,N/A,N/A,N/A,N/A
Education (Legacy),Motorcycles,Canada,N/A,$0.00  ~ $0.00 ,N/A,N/A,N/A,N/A,N/A
Education (Legacy),Alternative Medicine,United States,N/A,$0.00  ~ $0.00 ,N/A,N/A,N/A,N/A,N/A
Education (Legacy),Alternative Medicine,Canada,N/A,$0.00  ~ $0.00 ,N/A,N/A,N/A,N/A,N/A
Education (Legacy),Adventure Travel,United States,N/A,$0.00  ~ $0.00 ,N/A,N/A,N/A,N/A,N/A
Education (Legacy),Contests & Freebies,United States,N/A,$0.00  ~ $0.00 ,N/A,N/A,N/A,N/A,N/A
Education (Legacy),Contests & Freebies,Canada,N/A,$0.00  ~ $0.00 ,N/A,N/A,N/A,N/A,N/A
Education (Legacy),Scholarships,United States,N/A,$0.00  ~ $0.00 ,N/A,N/A,N/A,N/A,N/A
Education (Legacy),Network Security,United States,N/A,$0.00  ~ $0.00 ,N/A,N/A,N/A,N/A,N/A
Education (Legacy),Network Security,Canada,N/A,$0.00  ~ $0.00 ,N/A,N/A,N/A,N/A,N/A
Education (Legacy),Health/Lowfat Cooking,United States,N/A,$0.00  ~ $0.00 ,N/A,N/A,N/A,N/A,N/A
Education (Legacy),Health/Lowfat Cooking,Canada,N/A,$0.00  ~ $0.00 ,N/A,N/A,N/A,N/A,N/A
Education (Legacy),U.S. Military,United States,N/A,$0.00  ~ $0.00 ,N/A,N/A,N/A,N/A,N/A
Education (Legacy),Barbecues & Grilling,Canada,N/A,$0.00  ~ $0.00 ,N/A,N/A,N/A,N/A,N/A
Education (Legacy),Card Games,United States,N/A,$0.00  ~ $0.00 ,N/A,N/A,N/A,N/A,N/A
Education (Legacy),Card Games,Canada,N/A,$0.00  ~ $0.00 ,N/A,N/A,N/A,N/A,N/A
Education (Legacy),Real Estate,United States,N/A,$0.00  ~ $0.00 ,N/A,N/A,N/A,N/A,N/A
Education (Legacy),Real Estate,Canada,N/A,$0.00  ~ $0.00 ,N/A,N/A,N/A,N/A,N/A
Education (Legacy),Buying/Selling Homes,United States,N/A,$0.00  ~ $0.00 ,N/A,N/A,N/A,N/A,N/A
Education (Legacy),Buying/Selling Homes,Canada,N/A,$0.00  ~ $0.00 ,N/A,N/A,N/A,N/A,N/A
Education (Legacy),Trucks & Accessories,United States,N/A,$0.00  ~ $0.00 ,N/A,N/A,N/A,N/A,N/A
Education (Legacy),Weddings,United States,N/A,$0.00  ~ $0.00 ,N/A,N/A,N/A,N/A,N/A
Education (Legacy),Weddings,Canada,N/A,$0.00  ~ $0.00 ,N/A,N/A,N/A,N/A,N/A
Education (Legacy),Home Repair,United States,N/A,$0.00  ~ $0.00 ,N/A,N/A,N/A,N/A,N/A
Education (Legacy),Home Repair,Canada,N/A,$0.00  ~ $0.00 ,N/A,N/A,N/A,N/A,N/A
Education (Legacy),Nutrition,United States,N/A,$0.00  ~ $0.00 ,N/A,N/A,N/A,N/A,N/A
Education (Legacy),Nutrition,Canada,N/A,$0.00  ~ $0.00 ,N/A,N/A,N/A,N/A,N/A
Education (Legacy),Government,Canada,N/A,$0.00  ~ $0.00 ,N/A,N/A,N/A,N/A,N/A
Education (Legacy),Government,United States,N/A,$0.00  ~ $0.00 ,N/A,N/A,N/A,N/A,N/A
Education (Legacy),Home Theater,United States,N/A,$0.00  ~ $0.00 ,N/A,N/A,N/A,N/A,N/A
Education (Legacy),Guitar,United States,N/A,$0.00  ~ $0.00 ,N/A,N/A,N/A,N/A,N/A
Education (Legacy),Shopping,United States,N/A,$0.00  ~ $0.00 ,N/A,N/A,N/A,N/A,N/A
Education (Legacy),Shopping,Canada,N/A,$0.00  ~ $0.00 ,N/A,N/A,N/A,N/A,N/A
Education (Legacy),Travel,United States,N/A,$0.00  ~ $0.00 ,N/A,N/A,N/A,N/A,N/A
Education (Legacy),Travel,Canada,N/A,$0.00  ~ $0.00 ,N/A,N/A,N/A,N/A,N/A
Education (Legacy),Appliances,United States,N/A,$0.00  ~ $0.00 ,N/A,N/A,N/A,N/A,N/A
Education (Legacy),Appliances,Canada,N/A,$0.00  ~ $0.00 ,N/A,N/A,N/A,N/A,N/A
Education (Legacy),Home & Garden,United States,N/A,$0.00  ~ $0.00 ,N/A,N/A,N/A,N/A,N/A
Education (Legacy),Home & Garden,Canada,N/A,$0.00  ~ $0.00 ,N/A,N/A,N/A,N/A,N/A
Education (Legacy),Hotels,United States,N/A,$0.00  ~ $0.00 ,N/A,N/A,N/A,N/A,N/A
Education (Legacy),Hotels,Canada,N/A,$0.00  ~ $0.00 ,N/A,N/A,N/A,N/A,N/A
Education (Legacy),Large Animals,United States,N/A,$0.00  ~ $0.00 ,N/A,N/A,N/A,N/A,N/A
Education (Legacy),Net Conferencing,Canada,N/A,$0.00  ~ $0.00 ,N/A,N/A,N/A,N/A,N/A
Education (Legacy),Net Conferencing,United States,N/A,$0.00  ~ $0.00 ,N/A,N/A,N/A,N/A,N/A
Education (Legacy),Investors & Patents,United States,N/A,$0.00  ~ $0.00 ,N/A,N/A,N/A,N/A,N/A
Education (Legacy),Investors & Patents,Canada,N/A,$0.00  ~ $0.00 ,N/A,N/A,N/A,N/A,N/A
Education (Legacy),Cruises,United States,N/A,$0.00  ~ $0.00 ,N/A,N/A,N/A,N/A,N/A
Education (Legacy),Cruises,Canada,N/A,$0.00  ~ $0.00 ,N/A,N/A,N/A,N/A,N/A
Education (Legacy),Desserts & Baking,United States,N/A,$0.00  ~ $0.00 ,N/A,N/A,N/A,N/A,N/A
Education (Legacy),Desserts & Baking,Canada,N/A,$0.00  ~ $0.00 ,N/A,N/A,N/A,N/A,N/A
Education (Legacy),Internet Technology,Canada,N/A,$0.00  ~ $0.00 ,N/A,N/A,N/A,N/A,N/A
Education (Legacy),Internet Technology,United States,N/A,$0.00  ~ $0.00 ,N/A,N/A,N/A,N/A,N/A
Education (Legacy),Parenting - K-6 Kids,United States,N/A,$0.00  ~ $0.00 ,N/A,N/A,N/A,N/A,N/A
Education (Legacy),Pediatrics,United States,N/A,$0.00  ~ $0.00 ,N/A,N/A,N/A,N/A,N/A
Education (Legacy),Weight Loss,United States,N/A,$0.00  ~ $0.00 ,N/A,N/A,N/A,N/A,N/A
Education (Legacy),Swimming,United States,N/A,$0.00  ~ $0.00 ,N/A,N/A,N/A,N/A,N/A
Education (Legacy),Canada,Canada,N/A,$0.00  ~ $0.00 ,N/A,N/A,N/A,N/A,N/A
Education (Legacy),Investing,United States,N/A,$0.00  ~ $0.00 ,N/A,N/A,N/A,N/A,N/A
Education (Legacy),Investing,Canada,N/A,$0.00  ~ $0.00 ,N/A,N/A,N/A,N/A,N/A
Education (Legacy),Logistics,United States,N/A,$0.00  ~ $0.00 ,N/A,N/A,N/A,N/A,N/A
Education (Legacy),Logistics,Canada,N/A,$0.00  ~ $0.00 ,N/A,N/A,N/A,N/A,N/A
Education (Legacy),Green Solutions,United States,N/A,$0.00  ~ $0.00 ,N/A,N/A,N/A,N/A,N/A
Education (Legacy),Green Solutions,Canada,N/A,$0.00  ~ $0.00 ,N/A,N/A,N/A,N/A,N/A
Education (Legacy),Cameras & Camcorders,United States,N/A,$0.00  ~ $0.00 ,N/A,N/A,N/A,N/A,N/A
Education (Legacy),Cameras & Camcorders,Canada,N/A,$0.00  ~ $0.00 ,N/A,N/A,N/A,N/A,N/A
Education (Legacy),Apartments,United States,N/A,$0.00  ~ $0.00 ,N/A,N/A,N/A,N/A,N/A
Education (Legacy),Apartments,Canada,N/A,$0.00  ~ $0.00 ,N/A,N/A,N/A,N/A,N/A
Education (Legacy),Adult Education,United States,N/A,$0.00  ~ $0.00 ,N/A,N/A,N/A,N/A,N/A
Education (Legacy),Adult Education,Canada,N/A,$0.00  ~ $0.00 ,N/A,N/A,N/A,N/A,N/A
Education (Legacy),Astrology,United States,N/A,$0.00  ~ $0.00 ,N/A,N/A,N/A,N/A,N/A
Education (Legacy),Astrology,Canada,N/A,$0.00  ~ $0.00 ,N/A,N/A,N/A,N/A,N/A
Education (Legacy),Art/Technology,United States,N/A,$0.00  ~ $0.00 ,N/A,N/A,N/A,N/A,N/A
Education (Legacy),Art/Technology,Canada,N/A,$0.00  ~ $0.00 ,N/A,N/A,N/A,N/A,N/A
Education (Legacy),K-6 Educators,United States,N/A,$0.00  ~ $0.00 ,N/A,N/A,N/A,N/A,N/A
Education (Legacy),K-6 Educators,Canada,N/A,$0.00  ~ $0.00 ,N/A,N/A,N/A,N/A,N/A
Education (Legacy),Beauty,United States,N/A,$0.00  ~ $0.00 ,N/A,N/A,N/A,N/A,N/A
Education (Legacy),Beauty,Canada,N/A,$0.00  ~ $0.00 ,N/A,N/A,N/A,N/A,N/A
Education (Legacy),Retirement Planning,United States,N/A,$0.00  ~ $0.00 ,N/A,N/A,N/A,N/A,N/A
Education (Legacy),Retirement Planning,Canada,N/A,$0.00  ~ $0.00 ,N/A,N/A,N/A,N/A,N/A
Education (Legacy),Remodeling & Construction,United States,N/A,$0.00  ~ $0.00 ,N/A,N/A,N/A,N/A,N/A
Education (Legacy),Remodeling & Construction,Canada,N/A,$0.00  ~ $0.00 ,N/A,N/A,N/A,N/A,N/A
Education (Legacy),Cocktails/Beer,United States,N/A,$0.00  ~ $0.00 ,N/A,N/A,N/A,N/A,N/A
Education (Legacy),Cocktails/Beer,Canada,N/A,$0.00  ~ $0.00 ,N/A,N/A,N/A,N/A,N/A
Education (Legacy),Entertainment,United States,N/A,$0.00  ~ $0.00 ,N/A,N/A,N/A,N/A,N/A
Education (Legacy),Entertainment,Canada,N/A,$0.00  ~ $0.00 ,N/A,N/A,N/A,N/A,N/A
Education (Legacy),Dental Care,Canada,N/A,$0.00  ~ $0.00 ,N/A,N/A,N/A,N/A,N/A
Education (Legacy),Dental Care,United States,N/A,$0.00  ~ $0.00 ,N/A,N/A,N/A,N/A,N/A
Education (Legacy),Body Art,United States,N/A,$0.00  ~ $0.00 ,N/A,N/A,N/A,N/A,N/A
Education (Legacy),Advertising,United States,N/A,$0.00  ~ $0.00 ,N/A,N/A,N/A,N/A,N/A
Education (Legacy),Advertising,Canada,N/A,$0.00  ~ $0.00 ,N/A,N/A,N/A,N/A,N/A
Education (Legacy),Gardening,United States,N/A,$0.00  ~ $0.00 ,N/A,N/A,N/A,N/A,N/A
Education (Legacy),Gardening,Canada,N/A,$0.00  ~ $0.00 ,N/A,N/A,N/A,N/A,N/A
Education (Legacy),Careers,United States,N/A,$0.00  ~ $0.00 ,N/A,N/A,N/A,N/A,N/A
Education (Legacy),Careers,Canada,N/A,$0.00  ~ $0.00 ,N/A,N/A,N/A,N/A,N/A
Education (Legacy),Honeymoons/Getaways,United States,N/A,$0.00  ~ $0.00 ,N/A,N/A,N/A,N/A,N/A
Education (Legacy),Honeymoons/Getaways,Canada,N/A,$0.00  ~ $0.00 ,N/A,N/A,N/A,N/A,N/A
Education (Legacy),Veterinary Medicine,United States,N/A,$0.00  ~ $0.00 ,N/A,N/A,N/A,N/A,N/A
Education (Legacy),Veterinary Medicine,Canada,N/A,$0.00  ~ $0.00 ,N/A,N/A,N/A,N/A,N/A
Education (Legacy),Teens,United States,N/A,$0.00  ~ $0.00 ,N/A,N/A,N/A,N/A,N/A
Education (Legacy),Education,United States,N/A,$0.00  ~ $0.00 ,N/A,N/A,N/A,N/A,N/A
Education (Legacy),Education,Canada,N/A,$0.00  ~ $0.00 ,N/A,N/A,N/A,N/A,N/A
Education (Legacy),Environmental Safety,United States,N/A,$0.00  ~ $0.00 ,N/A,N/A,N/A,N/A,N/A
Education (Legacy),Fine Art,United States,N/A,$0.00  ~ $0.00 ,N/A,N/A,N/A,N/A,N/A
Education (Legacy),Fine Art,Canada,N/A,$0.00  ~ $0.00 ,N/A,N/A,N/A,N/A,N/A
Education (Legacy),Chronic Pain,United States,N/A,$0.00  ~ $0.00 ,N/A,N/A,N/A,N/A,N/A
Education (Legacy),Camping,United States,N/A,$0.00  ~ $0.00 ,N/A,N/A,N/A,N/A,N/A
Education (Legacy),Tax Planning,United States,N/A,$0.00  ~ $0.00 ,N/A,N/A,N/A,N/A,N/A
Education (Legacy),Religion & Spirituality,United States,N/A,$0.00  ~ $0.00 ,N/A,N/A,N/A,N/A,N/A
Education (Legacy),Football,United States,N/A,$0.00  ~ $0.00 ,N/A,N/A,N/A,N/A,N/A
Education (Legacy),Football,Canada,N/A,$0.00  ~ $0.00 ,N/A,N/A,N/A,N/A,N/A
Education (Legacy),Credit/Debt & Loans,United States,N/A,$0.00  ~ $0.00 ,N/A,N/A,N/A,N/A,N/A
Education (Legacy),Credit/Debt & Loans,Canada,N/A,$0.00  ~ $0.00 ,N/A,N/A,N/A,N/A,N/A
Education (Legacy),Technology & Computing,United States,N/A,$0.00  ~ $0.00 ,N/A,N/A,N/A,N/A,N/A
Education (Legacy),Technology & Computing,Canada,N/A,$0.00  ~ $0.00 ,N/A,N/A,N/A,N/A,N/A
Education (Legacy),Dermatology,United States,N/A,$0.00  ~ $0.00 ,N/A,N/A,N/A,N/A,N/A
Education (Legacy),Dermatology,Canada,N/A,$0.00  ~ $0.00 ,N/A,N/A,N/A,N/A,N/A
Education (Legacy),Infertility,United States,N/A,$0.00  ~ $0.00 ,N/A,N/A,N/A,N/A,N/A
Education (Legacy),Couponing,United States,N/A,$0.00  ~ $0.00 ,N/A,N/A,N/A,N/A,N/A
Education (Legacy),Couponing,Canada,N/A,$0.00  ~ $0.00 ,N/A,N/A,N/A,N/A,N/A
Education (Legacy),Dining Out,United States,N/A,$0.00  ~ $0.00 ,N/A,N/A,N/A,N/A,N/A
Education (Legacy),Dining Out,Canada,N/A,$0.00  ~ $0.00 ,N/A,N/A,N/A,N/A,N/A
Education (Legacy),Exercise,United States,N/A,$0.00  ~ $0.00 ,N/A,N/A,N/A,N/A,N/A
Education (Legacy),Exercise,Canada,N/A,$0.00  ~ $0.00 ,N/A,N/A,N/A,N/A,N/A
Education (Legacy),Marketing,Canada,N/A,$0.00  ~ $0.00 ,N/A,N/A,N/A,N/A,N/A
Education (Legacy),Marketing,United States,N/A,$0.00  ~ $0.00 ,N/A,N/A,N/A,N/A,N/A
Education (Legacy),Cancer,United States,N/A,$0.00  ~ $0.00 ,N/A,N/A,N/A,N/A,N/A
Education (Legacy),Cancer,Canada,N/A,$0.00  ~ $0.00 ,N/A,N/A,N/A,N/A,N/A
Education (Legacy),Auto Parts,United States,N/A,$0.00  ~ $0.00 ,N/A,N/A,N/A,N/A,N/A
Education (Legacy),Auto Parts,Canada,N/A,$0.00  ~ $0.00 ,N/A,N/A,N/A,N/A,N/A
Education (Legacy),Agriculture,United States,N/A,$0.00  ~ $0.00 ,N/A,N/A,N/A,N/A,N/A
Education (Legacy),Agriculture,Canada,N/A,$0.00  ~ $0.00 ,N/A,N/A,N/A,N/A,N/A
Education (Legacy),Sailing,United States,N/A,$0.00  ~ $0.00 ,N/A,N/A,N/A,N/A,N/A
Education (Legacy),Arthritis,United States,N/A,$0.00  ~ $0.00 ,N/A,N/A,N/A,N/A,N/A
Education (Legacy),Music,United States,N/A,$0.00  ~ $0.00 ,N/A,N/A,N/A,N/A,N/A
Education (Legacy),Music,Canada,N/A,$0.00  ~ $0.00 ,N/A,N/A,N/A,N/A,N/A
Education (Legacy),News,United States,N/A,$0.00  ~ $0.00 ,N/A,N/A,N/A,N/A,N/A
Education (Legacy),News,Canada,N/A,$0.00  ~ $0.00 ,N/A,N/A,N/A,N/A,N/A
Education (Legacy),Construction,Canada,N/A,$0.00  ~ $0.00 ,N/A,N/A,N/A,N/A,N/A
Education (Legacy),Construction,United States,N/A,$0.00  ~ $0.00 ,N/A,N/A,N/A,N/A,N/A
Education (Legacy),Senior Living,United States,N/A,$0.00  ~ $0.00 ,N/A,N/A,N/A,N/A,N/A
Education (Legacy),Senior Living,Canada,N/A,$0.00  ~ $0.00 ,N/A,N/A,N/A,N/A,N/A
Education (Legacy),Landscaping,United States,N/A,$0.00  ~ $0.00 ,N/A,N/A,N/A,N/A,N/A
Education (Legacy),Landscaping,Canada,N/A,$0.00  ~ $0.00 ,N/A,N/A,N/A,N/A,N/A
Education (Legacy),Local News,United States,N/A,$0.00  ~ $0.00 ,N/A,N/A,N/A,N/A,N/A
Education (Legacy),Clothing,United States,N/A,$0.00  ~ $0.00 ,N/A,N/A,N/A,N/A,N/A
Education (Legacy),Clothing,Canada,N/A,$0.00  ~ $0.00 ,N/A,N/A,N/A,N/A,N/A
Education (Legacy),Food & Drink,United States,N/A,$0.00  ~ $0.00 ,N/A,N/A,N/A,N/A,N/A
Education (Legacy),Food & Drink,Canada,N/A,$0.00  ~ $0.00 ,N/A,N/A,N/A,N/A,N/A
Education (Legacy),Incontinence,United States,N/A,$0.00  ~ $0.00 ,N/A,N/A,N/A,N/A,N/A
Education (Legacy),Collecting,United States,N/A,$0.00  ~ $0.00 ,N/A,N/A,N/A,N/A,N/A
Education (Legacy),Collecting,Canada,N/A,$0.00  ~ $0.00 ,N/A,N/A,N/A,N/A,N/A
Education (Legacy),Auto Repair,United States,N/A,$0.00  ~ $0.00 ,N/A,N/A,N/A,N/A,N/A
Education (Legacy),Auto Repair,Canada,N/A,$0.00  ~ $0.00 ,N/A,N/A,N/A,N/A,N/A
Education (Legacy),Buying/Selling Cars,United States,N/A,$0.00  ~ $0.00 ,N/A,N/A,N/A,N/A,N/A
Education (Legacy),Buying/Selling Cars,Canada,N/A,$0.00  ~ $0.00 ,N/A,N/A,N/A,N/A,N/A
Education (Legacy),Dogs,United States,N/A,$0.00  ~ $0.00 ,N/A,N/A,N/A,N/A,N/A
Education (Legacy),Dogs,Canada,N/A,$0.00  ~ $0.00 ,N/A,N/A,N/A,N/A,N/A
Education (Legacy),"Law, Gov't & Politics",United States,N/A,$0.00  ~ $0.00 ,N/A,N/A,N/A,N/A,N/A
Education (Legacy),"Law, Gov't & Politics",Canada,N/A,$0.00  ~ $0.00 ,N/A,N/A,N/A,N/A,N/A
Education (Legacy),Computer Networking,United States,N/A,$0.00  ~ $0.00 ,N/A,N/A,N/A,N/A,N/A
Education (Legacy),Books & Literature,United States,N/A,$0.00  ~ $0.00 ,N/A,N/A,N/A,N/A,N/A
Education (Legacy),Books & Literature,Canada,N/A,$0.00  ~ $0.00 ,N/A,N/A,N/A,N/A,N/A
Education (Legacy),Financial Aid,United States,N/A,$0.00  ~ $0.00 ,N/A,N/A,N/A,N/A,N/A
Education (Legacy),Forestry,United States,N/A,$0.00  ~ $0.00 ,N/A,N/A,N/A,N/A,N/A
Education (Legacy),College,United States,N/A,$0.00  ~ $0.00 ,N/A,N/A,N/A,N/A,N/A
Education (Legacy),College,Canada,N/A,$0.00  ~ $0.00 ,N/A,N/A,N/A,N/A,N/A
Education (Legacy),Pro Basketball,United States,N/A,$0.00  ~ $0.00 ,N/A,N/A,N/A,N/A,N/A
Education (Legacy),Comparison,United States,N/A,$0.00  ~ $0.00 ,N/A,N/A,N/A,N/A,N/A
Education (Legacy),Homework/Study Tips,United States,N/A,$0.00  ~ $0.00 ,N/A,N/A,N/A,N/A,N/A
Education (Legacy),Stamps & Coins,United States,N/A,$0.00  ~ $0.00 ,N/A,N/A,N/A,N/A,N/A
Education (Legacy),Certified Pre-Owned,United States,N/A,$0.00  ~ $0.00 ,N/A,N/A,N/A,N/A,N/A
Education (Legacy),7-12 Education,United States,N/A,$0.00  ~ $0.00 ,N/A,N/A,N/A,N/A,N/A
Education (Legacy),Heart Disease,United States,N/A,$0.00  ~ $0.00 ,N/A,N/A,N/A,N/A,N/A
Education (Legacy),Commentary,United States,N/A,$0.00  ~ $0.00 ,N/A,N/A,N/A,N/A,N/A
Education (Legacy),Accessories,United States,N/A,$0.00  ~ $0.00 ,N/A,N/A,N/A,N/A,N/A
Education (Legacy),Accessories,Canada,N/A,$0.00  ~ $0.00 ,N/A,N/A,N/A,N/A,N/A
Education (Legacy),Movies,United States,N/A,$0.00  ~ $0.00 ,N/A,N/A,N/A,N/A,N/A
Education (Legacy),Roleplaying Games,United States,N/A,$0.00  ~ $0.00 ,N/A,N/A,N/A,N/A,N/A
Education (Legacy),Hobbies & Interests,United States,N/A,$0.00  ~ $0.00 ,N/A,N/A,N/A,N/A,N/A
Education (Legacy),Hobbies & Interests,Canada,N/A,$0.00  ~ $0.00 ,N/A,N/A,N/A,N/A,N/A
Education (Legacy),Mutual Funds,United States,N/A,$0.00  ~ $0.00 ,N/A,N/A,N/A,N/A,N/A
Education (Legacy),Mutual Funds,Canada,N/A,$0.00  ~ $0.00 ,N/A,N/A,N/A,N/A,N/A
Education (Legacy),Family & Parenting,United States,N/A,$0.00  ~ $0.00 ,N/A,N/A,N/A,N/A,N/A
Education (Legacy),Family & Parenting,Canada,N/A,$0.00  ~ $0.00 ,N/A,N/A,N/A,N/A,N/A
Education (Legacy),Cold & Flu,United States,N/A,$0.00  ~ $0.00 ,N/A,N/A,N/A,N/A,N/A
Education (Legacy),Cold & Flu,Canada,N/A,$0.00  ~ $0.00 ,N/A,N/A,N/A,N/A,N/A
Education (Legacy),Bed & Breakfasts,United States,N/A,$0.00  ~ $0.00 ,N/A,N/A,N/A,N/A,N/A
Education (Legacy),Bed & Breakfasts,Canada,N/A,$0.00  ~ $0.00 ,N/A,N/A,N/A,N/A,N/A
Education (Legacy),Road-Side Assistance,United States,N/A,$0.00  ~ $0.00 ,N/A,N/A,N/A,N/A,N/A
Education (Legacy),Road-Side Assistance,Canada,N/A,$0.00  ~ $0.00 ,N/A,N/A,N/A,N/A,N/A
Education (Legacy),Off-Road Vehicles,United States,N/A,$0.00  ~ $0.00 ,N/A,N/A,N/A,N/A,N/A
Education (Legacy),Off-Road Vehicles,Canada,N/A,$0.00  ~ $0.00 ,N/A,N/A,N/A,N/A,N/A
Education (Legacy),Fashion,United States,N/A,$0.00  ~ $0.00 ,N/A,N/A,N/A,N/A,N/A
Education (Legacy),Birdwatching,Canada,N/A,$0.00  ~ $0.00 ,N/A,N/A,N/A,N/A,N/A
Education (Legacy),Birdwatching,United States,N/A,$0.00  ~ $0.00 ,N/A,N/A,N/A,N/A,N/A
Education (Legacy),Style & Fashion,United States,N/A,$0.00  ~ $0.00 ,N/A,N/A,N/A,N/A,N/A
Education (Legacy),Cuisine-Specific,United States,N/A,$0.00  ~ $0.00 ,N/A,N/A,N/A,N/A,N/A
Family & Parenting (Legacy),Human Resources,United States,N/A,$0.00  ~ $0.00 ,N/A,N/A,N/A,N/A,N/A
Family & Parenting (Legacy),Human Resources,Canada,N/A,$0.00  ~ $0.00 ,N/A,N/A,N/A,N/A,N/A
Family & Parenting (Legacy),Health/Lowfat Cooking,Canada,N/A,$0.00  ~ $0.00 ,N/A,N/A,N/A,N/A,N/A
Family & Parenting (Legacy),Health/Lowfat Cooking,United States,N/A,$0.00  ~ $0.00 ,N/A,N/A,N/A,N/A,N/A
Family & Parenting (Legacy),Video & Computer Games,United States,N/A,$0.00  ~ $0.00 ,N/A,N/A,N/A,N/A,N/A
Family & Parenting (Legacy),Desserts & Baking,United States,N/A,$0.00  ~ $0.00 ,N/A,N/A,N/A,N/A,N/A
Family & Parenting (Legacy),Desserts & Baking,Canada,N/A,$0.00  ~ $0.00 ,N/A,N/A,N/A,N/A,N/A
Family & Parenting (Legacy),Honeymoons/Getaways,United States,N/A,$0.00  ~ $0.00 ,N/A,N/A,N/A,N/A,N/A
Family & Parenting (Legacy),Honeymoons/Getaways,Canada,N/A,$0.00  ~ $0.00 ,N/A,N/A,N/A,N/A,N/A
Family & Parenting (Legacy),Health & Fitness,United States,N/A,$0.00  ~ $0.00 ,N/A,N/A,N/A,N/A,N/A
Family & Parenting (Legacy),Health & Fitness,Canada,N/A,$0.00  ~ $0.00 ,N/A,N/A,N/A,N/A,N/A
Family & Parenting (Legacy),Cigars,United States,N/A,$0.00  ~ $0.00 ,N/A,N/A,N/A,N/A,N/A
Family & Parenting (Legacy),Cold & Flu,United States,N/A,$0.00  ~ $0.00 ,N/A,N/A,N/A,N/A,N/A
Family & Parenting (Legacy),Cold & Flu,Canada,N/A,$0.00  ~ $0.00 ,N/A,N/A,N/A,N/A,N/A
Family & Parenting (Legacy),Sailing,United States,N/A,$0.00  ~ $0.00 ,N/A,N/A,N/A,N/A,N/A
Family & Parenting (Legacy),U.S. Government Resources,United States,N/A,$0.00  ~ $0.00 ,N/A,N/A,N/A,N/A,N/A
Family & Parenting (Legacy),Religion & Spirituality,United States,N/A,$0.00  ~ $0.00 ,N/A,N/A,N/A,N/A,N/A
Family & Parenting (Legacy),Biotech/Biomedical,United States,N/A,$0.00  ~ $0.00 ,N/A,N/A,N/A,N/A,N/A
Family & Parenting (Legacy),Biotech/Biomedical,Canada,N/A,$0.00  ~ $0.00 ,N/A,N/A,N/A,N/A,N/A
Family & Parenting (Legacy),Buying/Selling Homes,United States,N/A,$0.00  ~ $0.00 ,N/A,N/A,N/A,N/A,N/A
Family & Parenting (Legacy),Buying/Selling Homes,Canada,N/A,$0.00  ~ $0.00 ,N/A,N/A,N/A,N/A,N/A
Family & Parenting (Legacy),Graduate School,United States,N/A,$0.00  ~ $0.00 ,N/A,N/A,N/A,N/A,N/A
Family & Parenting (Legacy),Graduate School,Canada,N/A,$0.00  ~ $0.00 ,N/A,N/A,N/A,N/A,N/A
Family & Parenting (Legacy),Interior Decorating,United States,N/A,$0.00  ~ $0.00 ,N/A,N/A,N/A,N/A,N/A
Family & Parenting (Legacy),Interior Decorating,Canada,N/A,$0.00  ~ $0.00 ,N/A,N/A,N/A,N/A,N/A
Family & Parenting (Legacy),Food & Drink,United States,N/A,$0.00  ~ $0.00 ,N/A,N/A,N/A,N/A,N/A
Family & Parenting (Legacy),Food & Drink,Canada,N/A,$0.00  ~ $0.00 ,N/A,N/A,N/A,N/A,N/A
Family & Parenting (Legacy),Pro Basketball,United States,N/A,$0.00  ~ $0.00 ,N/A,N/A,N/A,N/A,N/A
Family & Parenting (Legacy),Incest/Abuse Support,United States,N/A,$0.00  ~ $0.00 ,N/A,N/A,N/A,N/A,N/A
Family & Parenting (Legacy),Incest/Abuse Support,Canada,N/A,$0.00  ~ $0.00 ,N/A,N/A,N/A,N/A,N/A
Family & Parenting (Legacy),Barbecues & Grilling,Canada,N/A,$0.00  ~ $0.00 ,N/A,N/A,N/A,N/A,N/A
Family & Parenting (Legacy),Motorcycles,United States,N/A,$0.00  ~ $0.00 ,N/A,N/A,N/A,N/A,N/A
Family & Parenting (Legacy),Motorcycles,Canada,N/A,$0.00  ~ $0.00 ,N/A,N/A,N/A,N/A,N/A
Family & Parenting (Legacy),Adult Education,United States,N/A,$0.00  ~ $0.00 ,N/A,N/A,N/A,N/A,N/A
Family & Parenting (Legacy),Adult Education,Canada,N/A,$0.00  ~ $0.00 ,N/A,N/A,N/A,N/A,N/A
Family & Parenting (Legacy),Cuisine-Specific,United States,N/A,$0.00  ~ $0.00 ,N/A,N/A,N/A,N/A,N/A
Family & Parenting (Legacy),Martial Arts,United States,N/A,$0.00  ~ $0.00 ,N/A,N/A,N/A,N/A,N/A
Family & Parenting (Legacy),Martial Arts,Canada,N/A,$0.00  ~ $0.00 ,N/A,N/A,N/A,N/A,N/A
Family & Parenting (Legacy),Football,United States,N/A,$0.00  ~ $0.00 ,N/A,N/A,N/A,N/A,N/A
Family & Parenting (Legacy),Football,Canada,N/A,$0.00  ~ $0.00 ,N/A,N/A,N/A,N/A,N/A
Family & Parenting (Legacy),Real Estate,United States,N/A,$0.00  ~ $0.00 ,N/A,N/A,N/A,N/A,N/A
Family & Parenting (Legacy),Real Estate,Canada,N/A,$0.00  ~ $0.00 ,N/A,N/A,N/A,N/A,N/A
Family & Parenting (Legacy),Cell Phones,United States,N/A,$0.00  ~ $0.00 ,N/A,N/A,N/A,N/A,N/A
Family & Parenting (Legacy),Road-Side Assistance,United States,N/A,$0.00  ~ $0.00 ,N/A,N/A,N/A,N/A,N/A
Family & Parenting (Legacy),Road-Side Assistance,Canada,N/A,$0.00  ~ $0.00 ,N/A,N/A,N/A,N/A,N/A
Family & Parenting (Legacy),Certified Pre-Owned,United States,N/A,$0.00  ~ $0.00 ,N/A,N/A,N/A,N/A,N/A
Family & Parenting (Legacy),Certified Pre-Owned,Canada,N/A,$0.00  ~ $0.00 ,N/A,N/A,N/A,N/A,N/A
Family & Parenting (Legacy),Net Conferencing,United States,N/A,$0.00  ~ $0.00 ,N/A,N/A,N/A,N/A,N/A
Family & Parenting (Legacy),Net Conferencing,Canada,N/A,$0.00  ~ $0.00 ,N/A,N/A,N/A,N/A,N/A
Family & Parenting (Legacy),Homework/Study Tips,United States,N/A,$0.00  ~ $0.00 ,N/A,N/A,N/A,N/A,N/A
Family & Parenting (Legacy),Accessories,United States,N/A,$0.00  ~ $0.00 ,N/A,N/A,N/A,N/A,N/A
Family & Parenting (Legacy),Movies,United States,N/A,$0.00  ~ $0.00 ,N/A,N/A,N/A,N/A,N/A
Family & Parenting (Legacy),Technology & Computing,Canada,N/A,$0.00  ~ $0.00 ,N/A,N/A,N/A,N/A,N/A
Family & Parenting (Legacy),Technology & Computing,United States,N/A,$0.00  ~ $0.00 ,N/A,N/A,N/A,N/A,N/A
Family & Parenting (Legacy),Language Learning,United States,N/A,$0.00  ~ $0.00 ,N/A,N/A,N/A,N/A,N/A
Family & Parenting (Legacy),Language Learning,Canada,N/A,$0.00  ~ $0.00 ,N/A,N/A,N/A,N/A,N/A
Family & Parenting (Legacy),Infertility,United States,N/A,$0.00  ~ $0.00 ,N/A,N/A,N/A,N/A,N/A
Family & Parenting (Legacy),Guitar,United States,N/A,$0.00  ~ $0.00 ,N/A,N/A,N/A,N/A,N/A
Family & Parenting (Legacy),Business,United States,N/A,$0.00  ~ $0.00 ,N/A,N/A,N/A,N/A,N/A
Family & Parenting (Legacy),Business,Canada,N/A,$0.00  ~ $0.00 ,N/A,N/A,N/A,N/A,N/A
Family & Parenting (Legacy),Shopping,United States,N/A,$0.00  ~ $0.00 ,N/A,N/A,N/A,N/A,N/A
Family & Parenting (Legacy),Shopping,Canada,N/A,$0.00  ~ $0.00 ,N/A,N/A,N/A,N/A,N/A
Family & Parenting (Legacy),Insurance,United States,N/A,$0.00  ~ $0.00 ,N/A,N/A,N/A,N/A,N/A
Family & Parenting (Legacy),Insurance,Canada,N/A,$0.00  ~ $0.00 ,N/A,N/A,N/A,N/A,N/A
Family & Parenting (Legacy),Dining Out,United States,N/A,$0.00  ~ $0.00 ,N/A,N/A,N/A,N/A,N/A
Family & Parenting (Legacy),Dining Out,Canada,N/A,$0.00  ~ $0.00 ,N/A,N/A,N/A,N/A,N/A
Family & Parenting (Legacy),Appliances,United States,N/A,$0.00  ~ $0.00 ,N/A,N/A,N/A,N/A,N/A
Family & Parenting (Legacy),Appliances,Canada,N/A,$0.00  ~ $0.00 ,N/A,N/A,N/A,N/A,N/A
Family & Parenting (Legacy),Swimming,United States,N/A,$0.00  ~ $0.00 ,N/A,N/A,N/A,N/A,N/A
Family & Parenting (Legacy),Personal Finance,United States,N/A,$0.00  ~ $0.00 ,N/A,N/A,N/A,N/A,N/A
Family & Parenting (Legacy),Personal Finance,Canada,N/A,$0.00  ~ $0.00 ,N/A,N/A,N/A,N/A,N/A
Family & Parenting (Legacy),Cameras & Camcorders,United States,N/A,$0.00  ~ $0.00 ,N/A,N/A,N/A,N/A,N/A
Family & Parenting (Legacy),Cameras & Camcorders,Canada,N/A,$0.00  ~ $0.00 ,N/A,N/A,N/A,N/A,N/A
Family & Parenting (Legacy),Commentary,United States,N/A,$0.00  ~ $0.00 ,N/A,N/A,N/A,N/A,N/A
Family & Parenting (Legacy),Government,United States,N/A,$0.00  ~ $0.00 ,N/A,N/A,N/A,N/A,N/A
Family & Parenting (Legacy),Government,Canada,N/A,$0.00  ~ $0.00 ,N/A,N/A,N/A,N/A,N/A
Family & Parenting (Legacy),Style & Fashion,United States,N/A,$0.00  ~ $0.00 ,N/A,N/A,N/A,N/A,N/A
Family & Parenting (Legacy),Family & Parenting,United States,N/A,$0.00  ~ $0.00 ,N/A,N/A,N/A,N/A,N/A
Family & Parenting (Legacy),Family & Parenting,Canada,N/A,$0.00  ~ $0.00 ,N/A,N/A,N/A,N/A,N/A
Family & Parenting (Legacy),Jewelry,United States,N/A,$0.00  ~ $0.00 ,N/A,N/A,N/A,N/A,N/A
Family & Parenting (Legacy),Jewelry,Canada,N/A,$0.00  ~ $0.00 ,N/A,N/A,N/A,N/A,N/A
Family & Parenting (Legacy),Music,United States,N/A,$0.00  ~ $0.00 ,N/A,N/A,N/A,N/A,N/A
Family & Parenting (Legacy),Music,Canada,N/A,$0.00  ~ $0.00 ,N/A,N/A,N/A,N/A,N/A
Family & Parenting (Legacy),Arts & Crafts,United States,N/A,$0.00  ~ $0.00 ,N/A,N/A,N/A,N/A,N/A
Family & Parenting (Legacy),Arts & Crafts,Canada,N/A,$0.00  ~ $0.00 ,N/A,N/A,N/A,N/A,N/A
Family & Parenting (Legacy),Parenting - K-6 Kids,United States,N/A,$0.00  ~ $0.00 ,N/A,N/A,N/A,N/A,N/A
Family & Parenting (Legacy),Metals,United States,N/A,$0.00  ~ $0.00 ,N/A,N/A,N/A,N/A,N/A
Family & Parenting (Legacy),Metals,Canada,N/A,$0.00  ~ $0.00 ,N/A,N/A,N/A,N/A,N/A
Family & Parenting (Legacy),Radio,United States,N/A,$0.00  ~ $0.00 ,N/A,N/A,N/A,N/A,N/A
Family & Parenting (Legacy),Arthritis,United States,N/A,$0.00  ~ $0.00 ,N/A,N/A,N/A,N/A,N/A
Family & Parenting (Legacy),Logistics,United States,N/A,$0.00  ~ $0.00 ,N/A,N/A,N/A,N/A,N/A
Family & Parenting (Legacy),Logistics,Canada,N/A,$0.00  ~ $0.00 ,N/A,N/A,N/A,N/A,N/A
Family & Parenting (Legacy),Marketing,Canada,N/A,$0.00  ~ $0.00 ,N/A,N/A,N/A,N/A,N/A
Family & Parenting (Legacy),Marketing,United States,N/A,$0.00  ~ $0.00 ,N/A,N/A,N/A,N/A,N/A
Family & Parenting (Legacy),Gardening,United States,N/A,$0.00  ~ $0.00 ,N/A,N/A,N/A,N/A,N/A
Family & Parenting (Legacy),Gardening,Canada,N/A,$0.00  ~ $0.00 ,N/A,N/A,N/A,N/A,N/A
Family & Parenting (Legacy),Investing,United States,N/A,$0.00  ~ $0.00 ,N/A,N/A,N/A,N/A,N/A
Family & Parenting (Legacy),Investing,Canada,N/A,$0.00  ~ $0.00 ,N/A,N/A,N/A,N/A,N/A
Family & Parenting (Legacy),Hunting/Shooting,United States,N/A,$0.00  ~ $0.00 ,N/A,N/A,N/A,N/A,N/A
Family & Parenting (Legacy),Home Theater,United States,N/A,$0.00  ~ $0.00 ,N/A,N/A,N/A,N/A,N/A
Family & Parenting (Legacy),Hobbies & Interests,United States,N/A,$0.00  ~ $0.00 ,N/A,N/A,N/A,N/A,N/A
Family & Parenting (Legacy),Hobbies & Interests,Canada,N/A,$0.00  ~ $0.00 ,N/A,N/A,N/A,N/A,N/A
Family & Parenting (Legacy),Politics,United States,N/A,$0.00  ~ $0.00 ,N/A,N/A,N/A,N/A,N/A
Family & Parenting (Legacy),Politics,Canada,N/A,$0.00  ~ $0.00 ,N/A,N/A,N/A,N/A,N/A
Family & Parenting (Legacy),Environmental Safety,United States,N/A,$0.00  ~ $0.00 ,N/A,N/A,N/A,N/A,N/A
Family & Parenting (Legacy),K-6 Educators,United States,N/A,$0.00  ~ $0.00 ,N/A,N/A,N/A,N/A,N/A
Family & Parenting (Legacy),K-6 Educators,Canada,N/A,$0.00  ~ $0.00 ,N/A,N/A,N/A,N/A,N/A
Family & Parenting (Legacy),Horse Racing,Canada,N/A,$0.00  ~ $0.00 ,N/A,N/A,N/A,N/A,N/A
Family & Parenting (Legacy),Travel,United States,N/A,$0.00  ~ $0.00 ,N/A,N/A,N/A,N/A,N/A
Family & Parenting (Legacy),Travel,Canada,N/A,$0.00  ~ $0.00 ,N/A,N/A,N/A,N/A,N/A
Family & Parenting (Legacy),Remodeling & Construction,United States,N/A,$0.00  ~ $0.00 ,N/A,N/A,N/A,N/A,N/A
Family & Parenting (Legacy),Remodeling & Construction,Canada,N/A,$0.00  ~ $0.00 ,N/A,N/A,N/A,N/A,N/A
Family & Parenting (Legacy),Arts & Entertainment,United States,N/A,$0.00  ~ $0.00 ,N/A,N/A,N/A,N/A,N/A
Family & Parenting (Legacy),Arts & Entertainment,Canada,N/A,$0.00  ~ $0.00 ,N/A,N/A,N/A,N/A,N/A
Family & Parenting (Legacy),Cocktails/Beer,Canada,N/A,$0.00  ~ $0.00 ,N/A,N/A,N/A,N/A,N/A
Family & Parenting (Legacy),Cocktails/Beer,United States,N/A,$0.00  ~ $0.00 ,N/A,N/A,N/A,N/A,N/A
Family & Parenting (Legacy),U.S. Military,United States,N/A,$0.00  ~ $0.00 ,N/A,N/A,N/A,N/A,N/A
Family & Parenting (Legacy),Forestry,United States,N/A,$0.00  ~ $0.00 ,N/A,N/A,N/A,N/A,N/A
Family & Parenting (Legacy),Psychology/Psychiatry,United States,N/A,$0.00  ~ $0.00 ,N/A,N/A,N/A,N/A,N/A
Family & Parenting (Legacy),Psychology/Psychiatry,Canada,N/A,$0.00  ~ $0.00 ,N/A,N/A,N/A,N/A,N/A
Family & Parenting (Legacy),Fine Art,United States,N/A,$0.00  ~ $0.00 ,N/A,N/A,N/A,N/A,N/A
Family & Parenting (Legacy),Fine Art,Canada,N/A,$0.00  ~ $0.00 ,N/A,N/A,N/A,N/A,N/A
Family & Parenting (Legacy),Theme Parks,United States,N/A,$0.00  ~ $0.00 ,N/A,N/A,N/A,N/A,N/A
Family & Parenting (Legacy),Theme Parks,Canada,N/A,$0.00  ~ $0.00 ,N/A,N/A,N/A,N/A,N/A
Family & Parenting (Legacy),Agriculture,United States,N/A,$0.00  ~ $0.00 ,N/A,N/A,N/A,N/A,N/A
Family & Parenting (Legacy),Agriculture,Canada,N/A,$0.00  ~ $0.00 ,N/A,N/A,N/A,N/A,N/A
Family & Parenting (Legacy),Teens,United States,N/A,$0.00  ~ $0.00 ,N/A,N/A,N/A,N/A,N/A
Family & Parenting (Legacy),By US Locale,United States,N/A,$0.00  ~ $0.00 ,N/A,N/A,N/A,N/A,N/A
Family & Parenting (Legacy),Senor Health,United States,N/A,$0.00  ~ $0.00 ,N/A,N/A,N/A,N/A,N/A
Family & Parenting (Legacy),Senor Health,Canada,N/A,$0.00  ~ $0.00 ,N/A,N/A,N/A,N/A,N/A
Family & Parenting (Legacy),Senior Living,United States,N/A,$0.00  ~ $0.00 ,N/A,N/A,N/A,N/A,N/A
Family & Parenting (Legacy),Birdwatching,United States,N/A,$0.00  ~ $0.00 ,N/A,N/A,N/A,N/A,N/A
Family & Parenting (Legacy),Birdwatching,Canada,N/A,$0.00  ~ $0.00 ,N/A,N/A,N/A,N/A,N/A
Family & Parenting (Legacy),Camping,United States,N/A,$0.00  ~ $0.00 ,N/A,N/A,N/A,N/A,N/A
Family & Parenting (Legacy),Stamps & Coins,United States,N/A,$0.00  ~ $0.00 ,N/A,N/A,N/A,N/A,N/A
Family & Parenting (Legacy),Stocks,United States,N/A,$0.00  ~ $0.00 ,N/A,N/A,N/A,N/A,N/A
Family & Parenting (Legacy),College,United States,N/A,$0.00  ~ $0.00 ,N/A,N/A,N/A,N/A,N/A
Family & Parenting (Legacy),College,Canada,N/A,$0.00  ~ $0.00 ,N/A,N/A,N/A,N/A,N/A
Family & Parenting (Legacy),Nutrition,Canada,N/A,$0.00  ~ $0.00 ,N/A,N/A,N/A,N/A,N/A
Family & Parenting (Legacy),Nutrition,United States,N/A,$0.00  ~ $0.00 ,N/A,N/A,N/A,N/A,N/A
Family & Parenting (Legacy),Buying/Selling Cars,United States,N/A,$0.00  ~ $0.00 ,N/A,N/A,N/A,N/A,N/A
Family & Parenting (Legacy),Buying/Selling Cars,Canada,N/A,$0.00  ~ $0.00 ,N/A,N/A,N/A,N/A,N/A
Family & Parenting (Legacy),Coffee/Tea,United States,N/A,$0.00  ~ $0.00 ,N/A,N/A,N/A,N/A,N/A
Family & Parenting (Legacy),Beauty,United States,N/A,$0.00  ~ $0.00 ,N/A,N/A,N/A,N/A,N/A
Family & Parenting (Legacy),Beauty,Canada,N/A,$0.00  ~ $0.00 ,N/A,N/A,N/A,N/A,N/A
Family & Parenting (Legacy),Pets,United States,N/A,$0.00  ~ $0.00 ,N/A,N/A,N/A,N/A,N/A
Family & Parenting (Legacy),Pets,Canada,N/A,$0.00  ~ $0.00 ,N/A,N/A,N/A,N/A,N/A
Family & Parenting (Legacy),Physical Therapy,United States,N/A,$0.00  ~ $0.00 ,N/A,N/A,N/A,N/A,N/A
Family & Parenting (Legacy),Physical Therapy,Canada,N/A,$0.00  ~ $0.00 ,N/A,N/A,N/A,N/A,N/A
Family & Parenting (Legacy),Alternative Religions,United States,N/A,$0.00  ~ $0.00 ,N/A,N/A,N/A,N/A,N/A
Family & Parenting (Legacy),Investors & Patents,United States,N/A,$0.00  ~ $0.00 ,N/A,N/A,N/A,N/A,N/A
Family & Parenting (Legacy),Investors & Patents,Canada,N/A,$0.00  ~ $0.00 ,N/A,N/A,N/A,N/A,N/A
Family & Parenting (Legacy),Weight Loss,United States,N/A,$0.00  ~ $0.00 ,N/A,N/A,N/A,N/A,N/A
Family & Parenting (Legacy),Computer Networking,United States,N/A,$0.00  ~ $0.00 ,N/A,N/A,N/A,N/A,N/A
Family & Parenting (Legacy),Computer Certification,United States,N/A,$0.00  ~ $0.00 ,N/A,N/A,N/A,N/A,N/A
Family & Parenting (Legacy),Fashion,United States,N/A,$0.00  ~ $0.00 ,N/A,N/A,N/A,N/A,N/A
Family & Parenting (Legacy),Mutual Funds,United States,N/A,$0.00  ~ $0.00 ,N/A,N/A,N/A,N/A,N/A
Family & Parenting (Legacy),Mutual Funds,Canada,N/A,$0.00  ~ $0.00 ,N/A,N/A,N/A,N/A,N/A
Family & Parenting (Legacy),Sexuality,United States,N/A,$0.00  ~ $0.00 ,N/A,N/A,N/A,N/A,N/A
Family & Parenting (Legacy),Sexuality,Canada,N/A,$0.00  ~ $0.00 ,N/A,N/A,N/A,N/A,N/A
Family & Parenting (Legacy),Babies & Toddlers,United States,N/A,$0.00  ~ $0.00 ,N/A,N/A,N/A,N/A,N/A
Family & Parenting (Legacy),Babies & Toddlers,Canada,N/A,$0.00  ~ $0.00 ,N/A,N/A,N/A,N/A,N/A
Family & Parenting (Legacy),Daycare/Pre School,United States,N/A,$0.00  ~ $0.00 ,N/A,N/A,N/A,N/A,N/A
Family & Parenting (Legacy),Daycare/Pre School,Canada,N/A,$0.00  ~ $0.00 ,N/A,N/A,N/A,N/A,N/A
Family & Parenting (Legacy),Mountain Biking,Canada,N/A,$0.00  ~ $0.00 ,N/A,N/A,N/A,N/A,N/A
Family & Parenting (Legacy),Mountain Biking,United States,N/A,$0.00  ~ $0.00 ,N/A,N/A,N/A,N/A,N/A
Family & Parenting (Legacy),Tax Planning,United States,N/A,$0.00  ~ $0.00 ,N/A,N/A,N/A,N/A,N/A
Family & Parenting (Legacy),Italian Cuisine,United States,N/A,$0.00  ~ $0.00 ,N/A,N/A,N/A,N/A,N/A
Family & Parenting (Legacy),Catholicism,United States,N/A,$0.00  ~ $0.00 ,N/A,N/A,N/A,N/A,N/A
Family & Parenting (Legacy),Automotive,United States,N/A,$0.00  ~ $0.00 ,N/A,N/A,N/A,N/A,N/A
Family & Parenting (Legacy),Automotive,Canada,N/A,$0.00  ~ $0.00 ,N/A,N/A,N/A,N/A,N/A
Family & Parenting (Legacy),Advertising,United States,N/A,$0.00  ~ $0.00 ,N/A,N/A,N/A,N/A,N/A
Family & Parenting (Legacy),Advertising,Canada,N/A,$0.00  ~ $0.00 ,N/A,N/A,N/A,N/A,N/A
Family & Parenting (Legacy),Career Planning,United States,N/A,$0.00  ~ $0.00 ,N/A,N/A,N/A,N/A,N/A
Family & Parenting (Legacy),Career Planning,Canada,N/A,$0.00  ~ $0.00 ,N/A,N/A,N/A,N/A,N/A
Family & Parenting (Legacy),Cruises,United States,N/A,$0.00  ~ $0.00 ,N/A,N/A,N/A,N/A,N/A
Family & Parenting (Legacy),Cruises,Canada,N/A,$0.00  ~ $0.00 ,N/A,N/A,N/A,N/A,N/A
Family & Parenting (Legacy),News,United States,N/A,$0.00  ~ $0.00 ,N/A,N/A,N/A,N/A,N/A
Family & Parenting (Legacy),News,Canada,N/A,$0.00  ~ $0.00 ,N/A,N/A,N/A,N/A,N/A
Family & Parenting (Legacy),Chronic Pain,United States,N/A,$0.00  ~ $0.00 ,N/A,N/A,N/A,N/A,N/A
Family & Parenting (Legacy),Thyroid Disease,United States,N/A,$0.00  ~ $0.00 ,N/A,N/A,N/A,N/A,N/A
Family & Parenting (Legacy),Canada,Canada,N/A,$0.00  ~ $0.00 ,N/A,N/A,N/A,N/A,N/A
Family & Parenting (Legacy),Home Repair,United States,N/A,$0.00  ~ $0.00 ,N/A,N/A,N/A,N/A,N/A
Family & Parenting (Legacy),Home Repair,Canada,N/A,$0.00  ~ $0.00 ,N/A,N/A,N/A,N/A,N/A
Family & Parenting (Legacy),Alternative Medicine,United States,N/A,$0.00  ~ $0.00 ,N/A,N/A,N/A,N/A,N/A
Family & Parenting (Legacy),Alternative Medicine,Canada,N/A,$0.00  ~ $0.00 ,N/A,N/A,N/A,N/A,N/A
Family & Parenting (Legacy),Pediatrics,United States,N/A,$0.00  ~ $0.00 ,N/A,N/A,N/A,N/A,N/A
Family & Parenting (Legacy),Entertainment,United States,N/A,$0.00  ~ $0.00 ,N/A,N/A,N/A,N/A,N/A
Family & Parenting (Legacy),Collecting,Canada,N/A,$0.00  ~ $0.00 ,N/A,N/A,N/A,N/A,N/A
Family & Parenting (Legacy),Collecting,United States,N/A,$0.00  ~ $0.00 ,N/A,N/A,N/A,N/A,N/A
Family & Parenting (Legacy),Body Art,United States,N/A,$0.00  ~ $0.00 ,N/A,N/A,N/A,N/A,N/A
Family & Parenting (Legacy),Hotels,United States,N/A,$0.00  ~ $0.00 ,N/A,N/A,N/A,N/A,N/A
Family & Parenting (Legacy),Hotels,Canada,N/A,$0.00  ~ $0.00 ,N/A,N/A,N/A,N/A,N/A
Family & Parenting (Legacy),Couponing,United States,N/A,$0.00  ~ $0.00 ,N/A,N/A,N/A,N/A,N/A
Family & Parenting (Legacy),Couponing,Canada,N/A,$0.00  ~ $0.00 ,N/A,N/A,N/A,N/A,N/A
Family & Parenting (Legacy),Job Search,United States,N/A,$0.00  ~ $0.00 ,N/A,N/A,N/A,N/A,N/A
Family & Parenting (Legacy),Job Search,Canada,N/A,$0.00  ~ $0.00 ,N/A,N/A,N/A,N/A,N/A
Family & Parenting (Legacy),Auto Parts,United States,N/A,$0.00  ~ $0.00 ,N/A,N/A,N/A,N/A,N/A
Family & Parenting (Legacy),Auto Parts,Canada,N/A,$0.00  ~ $0.00 ,N/A,N/A,N/A,N/A,N/A
Family & Parenting (Legacy),Apartments,United States,N/A,$0.00  ~ $0.00 ,N/A,N/A,N/A,N/A,N/A
Family & Parenting (Legacy),Apartments,Canada,N/A,$0.00  ~ $0.00 ,N/A,N/A,N/A,N/A,N/A
Family & Parenting (Legacy),Local News,United States,N/A,$0.00  ~ $0.00 ,N/A,N/A,N/A,N/A,N/A
Family & Parenting (Legacy),Comparison,United States,N/A,$0.00  ~ $0.00 ,N/A,N/A,N/A,N/A,N/A
Family & Parenting (Legacy),Home & Garden,United States,N/A,$0.00  ~ $0.00 ,N/A,N/A,N/A,N/A,N/A
Family & Parenting (Legacy),Home & Garden,Canada,N/A,$0.00  ~ $0.00 ,N/A,N/A,N/A,N/A,N/A
Family & Parenting (Legacy),Auto Repair,United States,N/A,$0.00  ~ $0.00 ,N/A,N/A,N/A,N/A,N/A
Family & Parenting (Legacy),Auto Repair,Canada,N/A,$0.00  ~ $0.00 ,N/A,N/A,N/A,N/A,N/A
Family & Parenting (Legacy),Air Travel,United States,N/A,$0.00  ~ $0.00 ,N/A,N/A,N/A,N/A,N/A
Family & Parenting (Legacy),Air Travel,Canada,N/A,$0.00  ~ $0.00 ,N/A,N/A,N/A,N/A,N/A
Family & Parenting (Legacy),Careers,United States,N/A,$0.00  ~ $0.00 ,N/A,N/A,N/A,N/A,N/A
Family & Parenting (Legacy),Careers,Canada,N/A,$0.00  ~ $0.00 ,N/A,N/A,N/A,N/A,N/A
Family & Parenting (Legacy),Scholarships,United States,N/A,$0.00  ~ $0.00 ,N/A,N/A,N/A,N/A,N/A
Family & Parenting (Legacy),Network Security,United States,N/A,$0.00  ~ $0.00 ,N/A,N/A,N/A,N/A,N/A
Family & Parenting (Legacy),Astrology,United States,N/A,$0.00  ~ $0.00 ,N/A,N/A,N/A,N/A,N/A
Family & Parenting (Legacy),Astrology,Canada,N/A,$0.00  ~ $0.00 ,N/A,N/A,N/A,N/A,N/A
Family & Parenting (Legacy),Business Software,United States,N/A,$0.00  ~ $0.00 ,N/A,N/A,N/A,N/A,N/A
Family & Parenting (Legacy),Business Software,Canada,N/A,$0.00  ~ $0.00 ,N/A,N/A,N/A,N/A,N/A
Family & Parenting (Legacy),Bed & Breakfasts,United States,N/A,$0.00  ~ $0.00 ,N/A,N/A,N/A,N/A,N/A
Family & Parenting (Legacy),Bed & Breakfasts,Canada,N/A,$0.00  ~ $0.00 ,N/A,N/A,N/A,N/A,N/A
Family & Parenting (Legacy),Clothing,Canada,N/A,$0.00  ~ $0.00 ,N/A,N/A,N/A,N/A,N/A
Family & Parenting (Legacy),Clothing,United States,N/A,$0.00  ~ $0.00 ,N/A,N/A,N/A,N/A,N/A
Family & Parenting (Legacy),Trucks & Accessories,United States,N/A,$0.00  ~ $0.00 ,N/A,N/A,N/A,N/A,N/A
Family & Parenting (Legacy),Exercise,United States,N/A,$0.00  ~ $0.00 ,N/A,N/A,N/A,N/A,N/A
Family & Parenting (Legacy),Exercise,Canada,N/A,$0.00  ~ $0.00 ,N/A,N/A,N/A,N/A,N/A
Family & Parenting (Legacy),Distance Learning,United States,N/A,$0.00  ~ $0.00 ,N/A,N/A,N/A,N/A,N/A
Family & Parenting (Legacy),Off-Road Vehicles,United States,N/A,$0.00  ~ $0.00 ,N/A,N/A,N/A,N/A,N/A
Family & Parenting (Legacy),Off-Road Vehicles,Canada,N/A,$0.00  ~ $0.00 ,N/A,N/A,N/A,N/A,N/A
Family & Parenting (Legacy),Electric Vehicle,Canada,N/A,$0.00  ~ $0.00 ,N/A,N/A,N/A,N/A,N/A
Family & Parenting (Legacy),Art/Technology,United States,N/A,$0.00  ~ $0.00 ,N/A,N/A,N/A,N/A,N/A
Family & Parenting (Legacy),Art/Technology,Canada,N/A,$0.00  ~ $0.00 ,N/A,N/A,N/A,N/A,N/A
Family & Parenting (Legacy),Construction,United States,N/A,$0.00  ~ $0.00 ,N/A,N/A,N/A,N/A,N/A
Family & Parenting (Legacy),Construction,Canada,N/A,$0.00  ~ $0.00 ,N/A,N/A,N/A,N/A,N/A
Family & Parenting (Legacy),Wine,United States,N/A,$0.00  ~ $0.00 ,N/A,N/A,N/A,N/A,N/A
Family & Parenting (Legacy),Dermatology,United States,N/A,$0.00  ~ $0.00 ,N/A,N/A,N/A,N/A,N/A
Family & Parenting (Legacy),Dermatology,Canada,N/A,$0.00  ~ $0.00 ,N/A,N/A,N/A,N/A,N/A
Family & Parenting (Legacy),Weddings,United States,N/A,$0.00  ~ $0.00 ,N/A,N/A,N/A,N/A,N/A
Family & Parenting (Legacy),Weddings,Canada,N/A,$0.00  ~ $0.00 ,N/A,N/A,N/A,N/A,N/A
Family & Parenting (Legacy),Large Animals,United States,N/A,$0.00  ~ $0.00 ,N/A,N/A,N/A,N/A,N/A
Family & Parenting (Legacy),Green Solutions,United States,N/A,$0.00  ~ $0.00 ,N/A,N/A,N/A,N/A,N/A
Family & Parenting (Legacy),Green Solutions,Canada,N/A,$0.00  ~ $0.00 ,N/A,N/A,N/A,N/A,N/A
Family & Parenting (Legacy),Cancer,United States,N/A,$0.00  ~ $0.00 ,N/A,N/A,N/A,N/A,N/A
Family & Parenting (Legacy),Cancer,Canada,N/A,$0.00  ~ $0.00 ,N/A,N/A,N/A,N/A,N/A
Family & Parenting (Legacy),Landscaping,United States,N/A,$0.00  ~ $0.00 ,N/A,N/A,N/A,N/A,N/A
Family & Parenting (Legacy),Landscaping,Canada,N/A,$0.00  ~ $0.00 ,N/A,N/A,N/A,N/A,N/A
Family & Parenting (Legacy),Veterinary Medicine,United States,N/A,$0.00  ~ $0.00 ,N/A,N/A,N/A,N/A,N/A
Family & Parenting (Legacy),Veterinary Medicine,Canada,N/A,$0.00  ~ $0.00 ,N/A,N/A,N/A,N/A,N/A
Family & Parenting (Legacy),Books & Literature,United States,N/A,$0.00  ~ $0.00 ,N/A,N/A,N/A,N/A,N/A
Family & Parenting (Legacy),Books & Literature,Canada,N/A,$0.00  ~ $0.00 ,N/A,N/A,N/A,N/A,N/A
Family & Parenting (Legacy),Internet Technology,United States,N/A,$0.00  ~ $0.00 ,N/A,N/A,N/A,N/A,N/A
Family & Parenting (Legacy),Internet Technology,Canada,N/A,$0.00  ~ $0.00 ,N/A,N/A,N/A,N/A,N/A
Family & Parenting (Legacy),Financial Aid,United States,N/A,$0.00  ~ $0.00 ,N/A,N/A,N/A,N/A,N/A
Family & Parenting (Legacy),Contests & Freebies,United States,N/A,$0.00  ~ $0.00 ,N/A,N/A,N/A,N/A,N/A
Family & Parenting (Legacy),Retirement Planning,United States,N/A,$0.00  ~ $0.00 ,N/A,N/A,N/A,N/A,N/A
Family & Parenting (Legacy),Education,Canada,N/A,$0.00  ~ $0.00 ,N/A,N/A,N/A,N/A,N/A
Family & Parenting (Legacy),Education,United States,N/A,$0.00  ~ $0.00 ,N/A,N/A,N/A,N/A,N/A
Family & Parenting (Legacy),Card Games,United States,N/A,$0.00  ~ $0.00 ,N/A,N/A,N/A,N/A,N/A
Family & Parenting (Legacy),Card Games,Canada,N/A,$0.00  ~ $0.00 ,N/A,N/A,N/A,N/A,N/A
Family & Parenting (Legacy),"Law, Gov't & Politics",United States,N/A,$0.00  ~ $0.00 ,N/A,N/A,N/A,N/A,N/A
Family & Parenting (Legacy),Adventure Travel,United States,N/A,$0.00  ~ $0.00 ,N/A,N/A,N/A,N/A,N/A
Family & Parenting (Legacy),Computer Peripherals,United States,N/A,$0.00  ~ $0.00 ,N/A,N/A,N/A,N/A,N/A
Family & Parenting (Legacy),Computer Peripherals,Canada,N/A,$0.00  ~ $0.00 ,N/A,N/A,N/A,N/A,N/A
Family & Parenting (Legacy),Dental Care,Canada,N/A,$0.00  ~ $0.00 ,N/A,N/A,N/A,N/A,N/A
Family & Parenting (Legacy),Dental Care,United States,N/A,$0.00  ~ $0.00 ,N/A,N/A,N/A,N/A,N/A
Family & Parenting (Legacy),Entertaining,United States,N/A,$0.00  ~ $0.00 ,N/A,N/A,N/A,N/A,N/A
Family & Parenting (Legacy),Entertaining,Canada,N/A,$0.00  ~ $0.00 ,N/A,N/A,N/A,N/A,N/A
Family & Parenting (Legacy),Incontinence,United States,N/A,$0.00  ~ $0.00 ,N/A,N/A,N/A,N/A,N/A
Family & Parenting (Legacy),Television,United States,N/A,$0.00  ~ $0.00 ,N/A,N/A,N/A,N/A,N/A
Family & Parenting (Legacy),Roleplaying Games,United States,N/A,$0.00  ~ $0.00 ,N/A,N/A,N/A,N/A,N/A
Family & Parenting (Legacy),Legal Issues,United States,N/A,$0.00  ~ $0.00 ,N/A,N/A,N/A,N/A,N/A
Family & Parenting (Legacy),Legal Issues,Canada,N/A,$0.00  ~ $0.00 ,N/A,N/A,N/A,N/A,N/A
Family & Parenting (Legacy),Credit/Debt & Loans,United States,N/A,$0.00  ~ $0.00 ,N/A,N/A,N/A,N/A,N/A
Family & Parenting (Legacy),Credit/Debt & Loans,Canada,N/A,$0.00  ~ $0.00 ,N/A,N/A,N/A,N/A,N/A
Family & Parenting (Legacy),Dogs,United States,N/A,$0.00  ~ $0.00 ,N/A,N/A,N/A,N/A,N/A
Family & Parenting (Legacy),Dogs,Canada,N/A,$0.00  ~ $0.00 ,N/A,N/A,N/A,N/A,N/A
Food & Drink (Legacy),Entertainment,United States,N/A,$0.00  ~ $0.00 ,N/A,N/A,N/A,N/A,N/A
Food & Drink (Legacy),Catholicism,United States,N/A,$0.00  ~ $0.00 ,N/A,N/A,N/A,N/A,N/A
Food & Drink (Legacy),Family & Parenting,United States,N/A,$0.00  ~ $0.00 ,N/A,N/A,N/A,N/A,N/A
Food & Drink (Legacy),Family & Parenting,Canada,N/A,$0.00  ~ $0.00 ,N/A,N/A,N/A,N/A,N/A
Food & Drink (Legacy),Cocktails/Beer,United States,N/A,$0.00  ~ $0.00 ,N/A,N/A,N/A,N/A,N/A
Food & Drink (Legacy),Cocktails/Beer,Canada,N/A,$0.00  ~ $0.00 ,N/A,N/A,N/A,N/A,N/A
Food & Drink (Legacy),Road-Side Assistance,United States,N/A,$0.00  ~ $0.00 ,N/A,N/A,N/A,N/A,N/A
Food & Drink (Legacy),Language Learning,United States,N/A,$0.00  ~ $0.00 ,N/A,N/A,N/A,N/A,N/A
Food & Drink (Legacy),Language Learning,Canada,N/A,$0.00  ~ $0.00 ,N/A,N/A,N/A,N/A,N/A
Food & Drink (Legacy),Tax Planning,United States,N/A,$0.00  ~ $0.00 ,N/A,N/A,N/A,N/A,N/A
Food & Drink (Legacy),Network Security,United States,N/A,$0.00  ~ $0.00 ,N/A,N/A,N/A,N/A,N/A
Food & Drink (Legacy),Homework/Study Tips,United States,N/A,$0.00  ~ $0.00 ,N/A,N/A,N/A,N/A,N/A
Food & Drink (Legacy),Landscaping,United States,N/A,$0.00  ~ $0.00 ,N/A,N/A,N/A,N/A,N/A
Food & Drink (Legacy),Landscaping,Canada,N/A,$0.00  ~ $0.00 ,N/A,N/A,N/A,N/A,N/A
Food & Drink (Legacy),Home Repair,Canada,N/A,$0.00  ~ $0.00 ,N/A,N/A,N/A,N/A,N/A
Food & Drink (Legacy),Home Repair,United States,N/A,$0.00  ~ $0.00 ,N/A,N/A,N/A,N/A,N/A
Food & Drink (Legacy),Cold & Flu,Canada,N/A,$0.00  ~ $0.00 ,N/A,N/A,N/A,N/A,N/A
Food & Drink (Legacy),Cold & Flu,United States,N/A,$0.00  ~ $0.00 ,N/A,N/A,N/A,N/A,N/A
Food & Drink (Legacy),Desserts & Baking,United States,N/A,$0.00  ~ $0.00 ,N/A,N/A,N/A,N/A,N/A
Food & Drink (Legacy),Desserts & Baking,Canada,N/A,$0.00  ~ $0.00 ,N/A,N/A,N/A,N/A,N/A
Food & Drink (Legacy),Style & Fashion,United States,N/A,$0.00  ~ $0.00 ,N/A,N/A,N/A,N/A,N/A
Food & Drink (Legacy),Martial Arts,United States,N/A,$0.00  ~ $0.00 ,N/A,N/A,N/A,N/A,N/A
Food & Drink (Legacy),Art/Technology,United States,N/A,$0.00  ~ $0.00 ,N/A,N/A,N/A,N/A,N/A
Food & Drink (Legacy),Art/Technology,Canada,N/A,$0.00  ~ $0.00 ,N/A,N/A,N/A,N/A,N/A
Food & Drink (Legacy),Accessories,United States,N/A,$0.00  ~ $0.00 ,N/A,N/A,N/A,N/A,N/A
Food & Drink (Legacy),Interior Decorating,United States,N/A,$0.00  ~ $0.00 ,N/A,N/A,N/A,N/A,N/A
Food & Drink (Legacy),Interior Decorating,Canada,N/A,$0.00  ~ $0.00 ,N/A,N/A,N/A,N/A,N/A
Food & Drink (Legacy),Incest/Abuse Support,United States,N/A,$0.00  ~ $0.00 ,N/A,N/A,N/A,N/A,N/A
Food & Drink (Legacy),Incest/Abuse Support,Canada,N/A,$0.00  ~ $0.00 ,N/A,N/A,N/A,N/A,N/A
Food & Drink (Legacy),Marketing,Canada,N/A,$0.00  ~ $0.00 ,N/A,N/A,N/A,N/A,N/A
Food & Drink (Legacy),Marketing,United States,N/A,$0.00  ~ $0.00 ,N/A,N/A,N/A,N/A,N/A
Food & Drink (Legacy),Computer Peripherals,United States,N/A,$0.00  ~ $0.00 ,N/A,N/A,N/A,N/A,N/A
Food & Drink (Legacy),Computer Networking,United States,N/A,$0.00  ~ $0.00 ,N/A,N/A,N/A,N/A,N/A
Food & Drink (Legacy),Television,United States,N/A,$0.00  ~ $0.00 ,N/A,N/A,N/A,N/A,N/A
Food & Drink (Legacy),Football,United States,N/A,$0.00  ~ $0.00 ,N/A,N/A,N/A,N/A,N/A
Food & Drink (Legacy),Football,Canada,N/A,$0.00  ~ $0.00 ,N/A,N/A,N/A,N/A,N/A
Food & Drink (Legacy),Nutrition,Canada,N/A,$0.00  ~ $0.00 ,N/A,N/A,N/A,N/A,N/A
Food & Drink (Legacy),Nutrition,United States,N/A,$0.00  ~ $0.00 ,N/A,N/A,N/A,N/A,N/A
Food & Drink (Legacy),Mutual Funds,United States,N/A,$0.00  ~ $0.00 ,N/A,N/A,N/A,N/A,N/A
Food & Drink (Legacy),Mutual Funds,Canada,N/A,$0.00  ~ $0.00 ,N/A,N/A,N/A,N/A,N/A
Food & Drink (Legacy),Green Solutions,United States,N/A,$0.00  ~ $0.00 ,N/A,N/A,N/A,N/A,N/A
Food & Drink (Legacy),Green Solutions,Canada,N/A,$0.00  ~ $0.00 ,N/A,N/A,N/A,N/A,N/A
Food & Drink (Legacy),Hunting/Shooting,United States,N/A,$0.00  ~ $0.00 ,N/A,N/A,N/A,N/A,N/A
Food & Drink (Legacy),Teens,United States,N/A,$0.00  ~ $0.00 ,N/A,N/A,N/A,N/A,N/A
Food & Drink (Legacy),Roleplaying Games,United States,N/A,$0.00  ~ $0.00 ,N/A,N/A,N/A,N/A,N/A
Food & Drink (Legacy),Health & Fitness,United States,N/A,$0.00  ~ $0.00 ,N/A,N/A,N/A,N/A,N/A
Food & Drink (Legacy),Health & Fitness,Canada,N/A,$0.00  ~ $0.00 ,N/A,N/A,N/A,N/A,N/A
Food & Drink (Legacy),Politics,United States,N/A,$0.00  ~ $0.00 ,N/A,N/A,N/A,N/A,N/A
Food & Drink (Legacy),Politics,Canada,N/A,$0.00  ~ $0.00 ,N/A,N/A,N/A,N/A,N/A
Food & Drink (Legacy),Mountain Biking,United States,N/A,$0.00  ~ $0.00 ,N/A,N/A,N/A,N/A,N/A
Food & Drink (Legacy),Mountain Biking,Canada,N/A,$0.00  ~ $0.00 ,N/A,N/A,N/A,N/A,N/A
Food & Drink (Legacy),Daycare/Pre School,United States,N/A,$0.00  ~ $0.00 ,N/A,N/A,N/A,N/A,N/A
Food & Drink (Legacy),Daycare/Pre School,Canada,N/A,$0.00  ~ $0.00 ,N/A,N/A,N/A,N/A,N/A
Food & Drink (Legacy),Real Estate,United States,N/A,$0.00  ~ $0.00 ,N/A,N/A,N/A,N/A,N/A
Food & Drink (Legacy),Real Estate,Canada,N/A,$0.00  ~ $0.00 ,N/A,N/A,N/A,N/A,N/A
Food & Drink (Legacy),Air Travel,Canada,N/A,$0.00  ~ $0.00 ,N/A,N/A,N/A,N/A,N/A
Food & Drink (Legacy),Air Travel,United States,N/A,$0.00  ~ $0.00 ,N/A,N/A,N/A,N/A,N/A
Food & Drink (Legacy),Local News,United States,N/A,$0.00  ~ $0.00 ,N/A,N/A,N/A,N/A,N/A
Food & Drink (Legacy),Appliances,United States,N/A,$0.00  ~ $0.00 ,N/A,N/A,N/A,N/A,N/A
Food & Drink (Legacy),Appliances,Canada,N/A,$0.00  ~ $0.00 ,N/A,N/A,N/A,N/A,N/A
Food & Drink (Legacy),Travel,United States,N/A,$0.00  ~ $0.00 ,N/A,N/A,N/A,N/A,N/A
Food & Drink (Legacy),Travel,Canada,N/A,$0.00  ~ $0.00 ,N/A,N/A,N/A,N/A,N/A
Food & Drink (Legacy),Cruises,United States,N/A,$0.00  ~ $0.00 ,N/A,N/A,N/A,N/A,N/A
Food & Drink (Legacy),Cruises,Canada,N/A,$0.00  ~ $0.00 ,N/A,N/A,N/A,N/A,N/A
Food & Drink (Legacy),News,United States,N/A,$0.00  ~ $0.00 ,N/A,N/A,N/A,N/A,N/A
Food & Drink (Legacy),News,Canada,N/A,$0.00  ~ $0.00 ,N/A,N/A,N/A,N/A,N/A
Food & Drink (Legacy),Beauty,United States,N/A,$0.00  ~ $0.00 ,N/A,N/A,N/A,N/A,N/A
Food & Drink (Legacy),Beauty,Canada,N/A,$0.00  ~ $0.00 ,N/A,N/A,N/A,N/A,N/A
Food & Drink (Legacy),Books & Literature,United States,N/A,$0.00  ~ $0.00 ,N/A,N/A,N/A,N/A,N/A
Food & Drink (Legacy),Books & Literature,Canada,N/A,$0.00  ~ $0.00 ,N/A,N/A,N/A,N/A,N/A
Food & Drink (Legacy),Gardening,Canada,N/A,$0.00  ~ $0.00 ,N/A,N/A,N/A,N/A,N/A
Food & Drink (Legacy),Gardening,United States,N/A,$0.00  ~ $0.00 ,N/A,N/A,N/A,N/A,N/A
Food & Drink (Legacy),Alternative Medicine,United States,N/A,$0.00  ~ $0.00 ,N/A,N/A,N/A,N/A,N/A
Food & Drink (Legacy),Alternative Medicine,Canada,N/A,$0.00  ~ $0.00 ,N/A,N/A,N/A,N/A,N/A
Food & Drink (Legacy),"Law, Gov't & Politics",United States,N/A,$0.00  ~ $0.00 ,N/A,N/A,N/A,N/A,N/A
Food & Drink (Legacy),Dental Care,United States,N/A,$0.00  ~ $0.00 ,N/A,N/A,N/A,N/A,N/A
Food & Drink (Legacy),Dental Care,Canada,N/A,$0.00  ~ $0.00 ,N/A,N/A,N/A,N/A,N/A
Food & Drink (Legacy),U.S. Government Resources,United States,N/A,$0.00  ~ $0.00 ,N/A,N/A,N/A,N/A,N/A
Food & Drink (Legacy),Large Animals,United States,N/A,$0.00  ~ $0.00 ,N/A,N/A,N/A,N/A,N/A
Food & Drink (Legacy),Religion & Spirituality,United States,N/A,$0.00  ~ $0.00 ,N/A,N/A,N/A,N/A,N/A
Food & Drink (Legacy),Motorcycles,United States,N/A,$0.00  ~ $0.00 ,N/A,N/A,N/A,N/A,N/A
Food & Drink (Legacy),Motorcycles,Canada,N/A,$0.00  ~ $0.00 ,N/A,N/A,N/A,N/A,N/A
Food & Drink (Legacy),Agriculture,United States,N/A,$0.00  ~ $0.00 ,N/A,N/A,N/A,N/A,N/A
Food & Drink (Legacy),Agriculture,Canada,N/A,$0.00  ~ $0.00 ,N/A,N/A,N/A,N/A,N/A
Food & Drink (Legacy),Wine,United States,N/A,$0.00  ~ $0.00 ,N/A,N/A,N/A,N/A,N/A
Food & Drink (Legacy),Scholarships,United States,N/A,$0.00  ~ $0.00 ,N/A,N/A,N/A,N/A,N/A
Food & Drink (Legacy),Movies,Canada,N/A,$0.00  ~ $0.00 ,N/A,N/A,N/A,N/A,N/A
Food & Drink (Legacy),Movies,United States,N/A,$0.00  ~ $0.00 ,N/A,N/A,N/A,N/A,N/A
Food & Drink (Legacy),Humor,United States,N/A,$0.00  ~ $0.00 ,N/A,N/A,N/A,N/A,N/A
Food & Drink (Legacy),Shopping,United States,N/A,$0.00  ~ $0.00 ,N/A,N/A,N/A,N/A,N/A
Food & Drink (Legacy),Shopping,Canada,N/A,$0.00  ~ $0.00 ,N/A,N/A,N/A,N/A,N/A
Food & Drink (Legacy),Bed & Breakfasts,United States,N/A,$0.00  ~ $0.00 ,N/A,N/A,N/A,N/A,N/A
Food & Drink (Legacy),Bed & Breakfasts,Canada,N/A,$0.00  ~ $0.00 ,N/A,N/A,N/A,N/A,N/A
Food & Drink (Legacy),Health/Lowfat Cooking,United States,N/A,$0.00  ~ $0.00 ,N/A,N/A,N/A,N/A,N/A
Food & Drink (Legacy),Health/Lowfat Cooking,Canada,N/A,$0.00  ~ $0.00 ,N/A,N/A,N/A,N/A,N/A
Food & Drink (Legacy),Fine Art,United States,N/A,$0.00  ~ $0.00 ,N/A,N/A,N/A,N/A,N/A
Food & Drink (Legacy),Fine Art,Canada,N/A,$0.00  ~ $0.00 ,N/A,N/A,N/A,N/A,N/A
Food & Drink (Legacy),Weddings,United States,N/A,$0.00  ~ $0.00 ,N/A,N/A,N/A,N/A,N/A
Food & Drink (Legacy),Body Art,United States,N/A,$0.00  ~ $0.00 ,N/A,N/A,N/A,N/A,N/A
Food & Drink (Legacy),Cameras & Camcorders,United States,N/A,$0.00  ~ $0.00 ,N/A,N/A,N/A,N/A,N/A
Food & Drink (Legacy),Cameras & Camcorders,Canada,N/A,$0.00  ~ $0.00 ,N/A,N/A,N/A,N/A,N/A
Food & Drink (Legacy),Video & Computer Games,United States,N/A,$0.00  ~ $0.00 ,N/A,N/A,N/A,N/A,N/A
Food & Drink (Legacy),Food & Drink,United States,N/A,$0.00  ~ $0.00 ,N/A,N/A,N/A,N/A,N/A
Food & Drink (Legacy),Food & Drink,Canada,N/A,$0.00  ~ $0.00 ,N/A,N/A,N/A,N/A,N/A
Food & Drink (Legacy),Technology & Computing,Canada,N/A,$0.00  ~ $0.00 ,N/A,N/A,N/A,N/A,N/A
Food & Drink (Legacy),Technology & Computing,United States,N/A,$0.00  ~ $0.00 ,N/A,N/A,N/A,N/A,N/A
Food & Drink (Legacy),Internet Technology,Canada,N/A,$0.00  ~ $0.00 ,N/A,N/A,N/A,N/A,N/A
Food & Drink (Legacy),Internet Technology,United States,N/A,$0.00  ~ $0.00 ,N/A,N/A,N/A,N/A,N/A
Food & Drink (Legacy),Financial Aid,United States,N/A,$0.00  ~ $0.00 ,N/A,N/A,N/A,N/A,N/A
Food & Drink (Legacy),Home Theater,United States,N/A,$0.00  ~ $0.00 ,N/A,N/A,N/A,N/A,N/A
Food & Drink (Legacy),Personal Finance,United States,N/A,$0.00  ~ $0.00 ,N/A,N/A,N/A,N/A,N/A
Food & Drink (Legacy),Personal Finance,Canada,N/A,$0.00  ~ $0.00 ,N/A,N/A,N/A,N/A,N/A
Food & Drink (Legacy),Trucks & Accessories,United States,N/A,$0.00  ~ $0.00 ,N/A,N/A,N/A,N/A,N/A
Food & Drink (Legacy),Commentary,United States,N/A,$0.00  ~ $0.00 ,N/A,N/A,N/A,N/A,N/A
Food & Drink (Legacy),Collecting,United States,N/A,$0.00  ~ $0.00 ,N/A,N/A,N/A,N/A,N/A
Food & Drink (Legacy),Cigars,United States,N/A,$0.00  ~ $0.00 ,N/A,N/A,N/A,N/A,N/A
Food & Drink (Legacy),Logistics,Canada,N/A,$0.00  ~ $0.00 ,N/A,N/A,N/A,N/A,N/A
Food & Drink (Legacy),Logistics,United States,N/A,$0.00  ~ $0.00 ,N/A,N/A,N/A,N/A,N/A
Food & Drink (Legacy),Coffee/Tea,United States,N/A,$0.00  ~ $0.00 ,N/A,N/A,N/A,N/A,N/A
Food & Drink (Legacy),Senior Living,United States,N/A,$0.00  ~ $0.00 ,N/A,N/A,N/A,N/A,N/A
Food & Drink (Legacy),Senior Living,Canada,N/A,$0.00  ~ $0.00 ,N/A,N/A,N/A,N/A,N/A
Food & Drink (Legacy),Birdwatching,United States,N/A,$0.00  ~ $0.00 ,N/A,N/A,N/A,N/A,N/A
Food & Drink (Legacy),Babies & Toddlers,United States,N/A,$0.00  ~ $0.00 ,N/A,N/A,N/A,N/A,N/A
Food & Drink (Legacy),Net Conferencing,United States,N/A,$0.00  ~ $0.00 ,N/A,N/A,N/A,N/A,N/A
Food & Drink (Legacy),Net Conferencing,Canada,N/A,$0.00  ~ $0.00 ,N/A,N/A,N/A,N/A,N/A
Food & Drink (Legacy),Auto Repair,United States,N/A,$0.00  ~ $0.00 ,N/A,N/A,N/A,N/A,N/A
Food & Drink (Legacy),Auto Repair,Canada,N/A,$0.00  ~ $0.00 ,N/A,N/A,N/A,N/A,N/A
Food & Drink (Legacy),Education,United States,N/A,$0.00  ~ $0.00 ,N/A,N/A,N/A,N/A,N/A
Food & Drink (Legacy),Education,Canada,N/A,$0.00  ~ $0.00 ,N/A,N/A,N/A,N/A,N/A
Food & Drink (Legacy),Environmental Safety,United States,N/A,$0.00  ~ $0.00 ,N/A,N/A,N/A,N/A,N/A
Food & Drink (Legacy),Exercise,Canada,N/A,$0.00  ~ $0.00 ,N/A,N/A,N/A,N/A,N/A
Food & Drink (Legacy),Exercise,United States,N/A,$0.00  ~ $0.00 ,N/A,N/A,N/A,N/A,N/A
Food & Drink (Legacy),Weight Loss,United States,N/A,$0.00  ~ $0.00 ,N/A,N/A,N/A,N/A,N/A
Food & Drink (Legacy),Parenting - K-6 Kids,United States,N/A,$0.00  ~ $0.00 ,N/A,N/A,N/A,N/A,N/A
Food & Drink (Legacy),Dermatology,United States,N/A,$0.00  ~ $0.00 ,N/A,N/A,N/A,N/A,N/A
Food & Drink (Legacy),Dermatology,Canada,N/A,$0.00  ~ $0.00 ,N/A,N/A,N/A,N/A,N/A
Food & Drink (Legacy),Horse Racing,Canada,N/A,$0.00  ~ $0.00 ,N/A,N/A,N/A,N/A,N/A
Food & Drink (Legacy),Music,United States,N/A,$0.00  ~ $0.00 ,N/A,N/A,N/A,N/A,N/A
Food & Drink (Legacy),Music,Canada,N/A,$0.00  ~ $0.00 ,N/A,N/A,N/A,N/A,N/A
Food & Drink (Legacy),Contests & Freebies,United States,N/A,$0.00  ~ $0.00 ,N/A,N/A,N/A,N/A,N/A
Food & Drink (Legacy),Physical Therapy,United States,N/A,$0.00  ~ $0.00 ,N/A,N/A,N/A,N/A,N/A
Food & Drink (Legacy),Physical Therapy,Canada,N/A,$0.00  ~ $0.00 ,N/A,N/A,N/A,N/A,N/A
Food & Drink (Legacy),Automotive,United States,N/A,$0.00  ~ $0.00 ,N/A,N/A,N/A,N/A,N/A
Food & Drink (Legacy),Automotive,Canada,N/A,$0.00  ~ $0.00 ,N/A,N/A,N/A,N/A,N/A
Food & Drink (Legacy),Psychology/Psychiatry,United States,N/A,$0.00  ~ $0.00 ,N/A,N/A,N/A,N/A,N/A
Food & Drink (Legacy),Psychology/Psychiatry,Canada,N/A,$0.00  ~ $0.00 ,N/A,N/A,N/A,N/A,N/A
Food & Drink (Legacy),Insurance,United States,N/A,$0.00  ~ $0.00 ,N/A,N/A,N/A,N/A,N/A
Food & Drink (Legacy),Insurance,Canada,N/A,$0.00  ~ $0.00 ,N/A,N/A,N/A,N/A,N/A
Food & Drink (Legacy),Sexuality,United States,N/A,$0.00  ~ $0.00 ,N/A,N/A,N/A,N/A,N/A
Food & Drink (Legacy),Card Games,United States,N/A,$0.00  ~ $0.00 ,N/A,N/A,N/A,N/A,N/A
Food & Drink (Legacy),Card Games,Canada,N/A,$0.00  ~ $0.00 ,N/A,N/A,N/A,N/A,N/A
Food & Drink (Legacy),Theme Parks,United States,N/A,$0.00  ~ $0.00 ,N/A,N/A,N/A,N/A,N/A
Food & Drink (Legacy),Theme Parks,Canada,N/A,$0.00  ~ $0.00 ,N/A,N/A,N/A,N/A,N/A
Food & Drink (Legacy),Certified Pre-Owned,United States,N/A,$0.00  ~ $0.00 ,N/A,N/A,N/A,N/A,N/A
Food & Drink (Legacy),Thyroid Disease,United States,N/A,$0.00  ~ $0.00 ,N/A,N/A,N/A,N/A,N/A
Food & Drink (Legacy),Construction,United States,N/A,$0.00  ~ $0.00 ,N/A,N/A,N/A,N/A,N/A
Food & Drink (Legacy),Construction,Canada,N/A,$0.00  ~ $0.00 ,N/A,N/A,N/A,N/A,N/A
Food & Drink (Legacy),Adventure Travel,United States,N/A,$0.00  ~ $0.00 ,N/A,N/A,N/A,N/A,N/A
Food & Drink (Legacy),Metals,United States,N/A,$0.00  ~ $0.00 ,N/A,N/A,N/A,N/A,N/A
Food & Drink (Legacy),Metals,Canada,N/A,$0.00  ~ $0.00 ,N/A,N/A,N/A,N/A,N/A
Food & Drink (Legacy),Investing,United States,N/A,$0.00  ~ $0.00 ,N/A,N/A,N/A,N/A,N/A
Food & Drink (Legacy),Investing,Canada,N/A,$0.00  ~ $0.00 ,N/A,N/A,N/A,N/A,N/A
Food & Drink (Legacy),Job Search,United States,N/A,$0.00  ~ $0.00 ,N/A,N/A,N/A,N/A,N/A
Food & Drink (Legacy),Job Search,Canada,N/A,$0.00  ~ $0.00 ,N/A,N/A,N/A,N/A,N/A
Food & Drink (Legacy),Arts & Crafts,United States,N/A,$0.00  ~ $0.00 ,N/A,N/A,N/A,N/A,N/A
Food & Drink (Legacy),Arts & Crafts,Canada,N/A,$0.00  ~ $0.00 ,N/A,N/A,N/A,N/A,N/A
Food & Drink (Legacy),Pro Basketball,United States,N/A,$0.00  ~ $0.00 ,N/A,N/A,N/A,N/A,N/A
Food & Drink (Legacy),Comparison,United States,N/A,$0.00  ~ $0.00 ,N/A,N/A,N/A,N/A,N/A
Food & Drink (Legacy),Remodeling & Construction,United States,N/A,$0.00  ~ $0.00 ,N/A,N/A,N/A,N/A,N/A
Food & Drink (Legacy),Remodeling & Construction,Canada,N/A,$0.00  ~ $0.00 ,N/A,N/A,N/A,N/A,N/A
Food & Drink (Legacy),Advertising,Canada,N/A,$0.00  ~ $0.00 ,N/A,N/A,N/A,N/A,N/A
Food & Drink (Legacy),Advertising,United States,N/A,$0.00  ~ $0.00 ,N/A,N/A,N/A,N/A,N/A
Food & Drink (Legacy),Honeymoons/Getaways,United States,N/A,$0.00  ~ $0.00 ,N/A,N/A,N/A,N/A,N/A
Food & Drink (Legacy),Honeymoons/Getaways,Canada,N/A,$0.00  ~ $0.00 ,N/A,N/A,N/A,N/A,N/A
Food & Drink (Legacy),Computer Certification,United States,N/A,$0.00  ~ $0.00 ,N/A,N/A,N/A,N/A,N/A
Food & Drink (Legacy),By US Locale,United States,N/A,$0.00  ~ $0.00 ,N/A,N/A,N/A,N/A,N/A
Food & Drink (Legacy),Off-Road Vehicles,United States,N/A,$0.00  ~ $0.00 ,N/A,N/A,N/A,N/A,N/A
Food & Drink (Legacy),Off-Road Vehicles,Canada,N/A,$0.00  ~ $0.00 ,N/A,N/A,N/A,N/A,N/A
Food & Drink (Legacy),Government,United States,N/A,$0.00  ~ $0.00 ,N/A,N/A,N/A,N/A,N/A
Food & Drink (Legacy),Government,Canada,N/A,$0.00  ~ $0.00 ,N/A,N/A,N/A,N/A,N/A
Food & Drink (Legacy),Italian Cuisine,United States,N/A,$0.00  ~ $0.00 ,N/A,N/A,N/A,N/A,N/A
Food & Drink (Legacy),Astrology,Canada,N/A,$0.00  ~ $0.00 ,N/A,N/A,N/A,N/A,N/A
Food & Drink (Legacy),Biotech/Biomedical,United States,N/A,$0.00  ~ $0.00 ,N/A,N/A,N/A,N/A,N/A
Food & Drink (Legacy),Biotech/Biomedical,Canada,N/A,$0.00  ~ $0.00 ,N/A,N/A,N/A,N/A,N/A
Food & Drink (Legacy),Barbecues & Grilling,Canada,N/A,$0.00  ~ $0.00 ,N/A,N/A,N/A,N/A,N/A
Food & Drink (Legacy),Auto Parts,United States,N/A,$0.00  ~ $0.00 ,N/A,N/A,N/A,N/A,N/A
Food & Drink (Legacy),Auto Parts,Canada,N/A,$0.00  ~ $0.00 ,N/A,N/A,N/A,N/A,N/A
Food & Drink (Legacy),Guitar,United States,N/A,$0.00  ~ $0.00 ,N/A,N/A,N/A,N/A,N/A
Food & Drink (Legacy),Legal Issues,United States,N/A,$0.00  ~ $0.00 ,N/A,N/A,N/A,N/A,N/A
Food & Drink (Legacy),Legal Issues,Canada,N/A,$0.00  ~ $0.00 ,N/A,N/A,N/A,N/A,N/A
Food & Drink (Legacy),Credit/Debt & Loans,Canada,N/A,$0.00  ~ $0.00 ,N/A,N/A,N/A,N/A,N/A
Food & Drink (Legacy),Credit/Debt & Loans,United States,N/A,$0.00  ~ $0.00 ,N/A,N/A,N/A,N/A,N/A
Food & Drink (Legacy),Couponing,United States,N/A,$0.00  ~ $0.00 ,N/A,N/A,N/A,N/A,N/A
Food & Drink (Legacy),Jewelry,United States,N/A,$0.00  ~ $0.00 ,N/A,N/A,N/A,N/A,N/A
Food & Drink (Legacy),Jewelry,Canada,N/A,$0.00  ~ $0.00 ,N/A,N/A,N/A,N/A,N/A
Food & Drink (Legacy),Dining Out,United States,N/A,$0.00  ~ $0.00 ,N/A,N/A,N/A,N/A,N/A
Food & Drink (Legacy),Dining Out,Canada,N/A,$0.00  ~ $0.00 ,N/A,N/A,N/A,N/A,N/A
Food & Drink (Legacy),Retirement Planning,United States,N/A,$0.00  ~ $0.00 ,N/A,N/A,N/A,N/A,N/A
Food & Drink (Legacy),Dogs,United States,N/A,$0.00  ~ $0.00 ,N/A,N/A,N/A,N/A,N/A
Food & Drink (Legacy),Dogs,Canada,N/A,$0.00  ~ $0.00 ,N/A,N/A,N/A,N/A,N/A
Food & Drink (Legacy),Hobbies & Interests,United States,N/A,$0.00  ~ $0.00 ,N/A,N/A,N/A,N/A,N/A
Food & Drink (Legacy),Hobbies & Interests,Canada,N/A,$0.00  ~ $0.00 ,N/A,N/A,N/A,N/A,N/A
Food & Drink (Legacy),Hotels,United States,N/A,$0.00  ~ $0.00 ,N/A,N/A,N/A,N/A,N/A
Food & Drink (Legacy),Hotels,Canada,N/A,$0.00  ~ $0.00 ,N/A,N/A,N/A,N/A,N/A
Food & Drink (Legacy),Incontinence,United States,N/A,$0.00  ~ $0.00 ,N/A,N/A,N/A,N/A,N/A
Food & Drink (Legacy),Cell Phones,United States,N/A,$0.00  ~ $0.00 ,N/A,N/A,N/A,N/A,N/A
Food & Drink (Legacy),Cuisine-Specific,United States,N/A,$0.00  ~ $0.00 ,N/A,N/A,N/A,N/A,N/A
Food & Drink (Legacy),Cancer,United States,N/A,$0.00  ~ $0.00 ,N/A,N/A,N/A,N/A,N/A
Food & Drink (Legacy),Cancer,Canada,N/A,$0.00  ~ $0.00 ,N/A,N/A,N/A,N/A,N/A
Food & Drink (Legacy),U.S. Military,United States,N/A,$0.00  ~ $0.00 ,N/A,N/A,N/A,N/A,N/A
Food & Drink (Legacy),Pediatrics,United States,N/A,$0.00  ~ $0.00 ,N/A,N/A,N/A,N/A,N/A
Food & Drink (Legacy),Electric Vehicle,Canada,N/A,$0.00  ~ $0.00 ,N/A,N/A,N/A,N/A,N/A
Food & Drink (Legacy),Business Software,United States,N/A,$0.00  ~ $0.00 ,N/A,N/A,N/A,N/A,N/A
Food & Drink (Legacy),Business Software,Canada,N/A,$0.00  ~ $0.00 ,N/A,N/A,N/A,N/A,N/A
Food & Drink (Legacy),Graduate School,United States,N/A,$0.00  ~ $0.00 ,N/A,N/A,N/A,N/A,N/A
Food & Drink (Legacy),Graduate School,Canada,N/A,$0.00  ~ $0.00 ,N/A,N/A,N/A,N/A,N/A
Food & Drink (Legacy),Veterinary Medicine,United States,N/A,$0.00  ~ $0.00 ,N/A,N/A,N/A,N/A,N/A
Food & Drink (Legacy),Veterinary Medicine,Canada,N/A,$0.00  ~ $0.00 ,N/A,N/A,N/A,N/A,N/A
Food & Drink (Legacy),Swimming,United States,N/A,$0.00  ~ $0.00 ,N/A,N/A,N/A,N/A,N/A
Food & Drink (Legacy),Careers,United States,N/A,$0.00  ~ $0.00 ,N/A,N/A,N/A,N/A,N/A
Food & Drink (Legacy),Careers,Canada,N/A,$0.00  ~ $0.00 ,N/A,N/A,N/A,N/A,N/A
Food & Drink (Legacy),Entertaining,United States,N/A,$0.00  ~ $0.00 ,N/A,N/A,N/A,N/A,N/A
Food & Drink (Legacy),Canada,Canada,N/A,$0.00  ~ $0.00 ,N/A,N/A,N/A,N/A,N/A
Food & Drink (Legacy),Investors & Patents,United States,N/A,$0.00  ~ $0.00 ,N/A,N/A,N/A,N/A,N/A
Food & Drink (Legacy),Investors & Patents,Canada,N/A,$0.00  ~ $0.00 ,N/A,N/A,N/A,N/A,N/A
Food & Drink (Legacy),Senor Health,United States,N/A,$0.00  ~ $0.00 ,N/A,N/A,N/A,N/A,N/A
Food & Drink (Legacy),Senor Health,Canada,N/A,$0.00  ~ $0.00 ,N/A,N/A,N/A,N/A,N/A
Food & Drink (Legacy),Sailing,United States,N/A,$0.00  ~ $0.00 ,N/A,N/A,N/A,N/A,N/A
Food & Drink (Legacy),Forestry,United States,N/A,$0.00  ~ $0.00 ,N/A,N/A,N/A,N/A,N/A
Food & Drink (Legacy),Clothing,United States,N/A,$0.00  ~ $0.00 ,N/A,N/A,N/A,N/A,N/A
Food & Drink (Legacy),Clothing,Canada,N/A,$0.00  ~ $0.00 ,N/A,N/A,N/A,N/A,N/A
Food & Drink (Legacy),Career Planning,United States,N/A,$0.00  ~ $0.00 ,N/A,N/A,N/A,N/A,N/A
Food & Drink (Legacy),Career Planning,Canada,N/A,$0.00  ~ $0.00 ,N/A,N/A,N/A,N/A,N/A
Food & Drink (Legacy),Buying/Selling Cars,United States,N/A,$0.00  ~ $0.00 ,N/A,N/A,N/A,N/A,N/A
Food & Drink (Legacy),Buying/Selling Cars,Canada,N/A,$0.00  ~ $0.00 ,N/A,N/A,N/A,N/A,N/A
Food & Drink (Legacy),Arts & Entertainment,United States,N/A,$0.00  ~ $0.00 ,N/A,N/A,N/A,N/A,N/A
Food & Drink (Legacy),Arts & Entertainment,Canada,N/A,$0.00  ~ $0.00 ,N/A,N/A,N/A,N/A,N/A
Food & Drink (Legacy),Human Resources,United States,N/A,$0.00  ~ $0.00 ,N/A,N/A,N/A,N/A,N/A
Food & Drink (Legacy),Human Resources,Canada,N/A,$0.00  ~ $0.00 ,N/A,N/A,N/A,N/A,N/A
Food & Drink (Legacy),Adult Education,United States,N/A,$0.00  ~ $0.00 ,N/A,N/A,N/A,N/A,N/A
Food & Drink (Legacy),Adult Education,Canada,N/A,$0.00  ~ $0.00 ,N/A,N/A,N/A,N/A,N/A
Food & Drink (Legacy),Apartments,United States,N/A,$0.00  ~ $0.00 ,N/A,N/A,N/A,N/A,N/A
Food & Drink (Legacy),Apartments,Canada,N/A,$0.00  ~ $0.00 ,N/A,N/A,N/A,N/A,N/A
Food & Drink (Legacy),Chronic Pain,United States,N/A,$0.00  ~ $0.00 ,N/A,N/A,N/A,N/A,N/A
Food & Drink (Legacy),Home & Garden,United States,N/A,$0.00  ~ $0.00 ,N/A,N/A,N/A,N/A,N/A
Food & Drink (Legacy),Home & Garden,Canada,N/A,$0.00  ~ $0.00 ,N/A,N/A,N/A,N/A,N/A
Food & Drink (Legacy),Radio,United States,N/A,$0.00  ~ $0.00 ,N/A,N/A,N/A,N/A,N/A
Food & Drink (Legacy),Alternative Religions,United States,N/A,$0.00  ~ $0.00 ,N/A,N/A,N/A,N/A,N/A
Food & Drink (Legacy),Camping,United States,N/A,$0.00  ~ $0.00 ,N/A,N/A,N/A,N/A,N/A
Food & Drink (Legacy),Infertility,United States,N/A,$0.00  ~ $0.00 ,N/A,N/A,N/A,N/A,N/A
Food & Drink (Legacy),Stamps & Coins,United States,N/A,$0.00  ~ $0.00 ,N/A,N/A,N/A,N/A,N/A
Food & Drink (Legacy),Business,United States,N/A,$0.00  ~ $0.00 ,N/A,N/A,N/A,N/A,N/A
Food & Drink (Legacy),Business,Canada,N/A,$0.00  ~ $0.00 ,N/A,N/A,N/A,N/A,N/A
Food & Drink (Legacy),Buying/Selling Homes,United States,N/A,$0.00  ~ $0.00 ,N/A,N/A,N/A,N/A,N/A
Food & Drink (Legacy),Buying/Selling Homes,Canada,N/A,$0.00  ~ $0.00 ,N/A,N/A,N/A,N/A,N/A
Food & Drink (Legacy),Pets,United States,N/A,$0.00  ~ $0.00 ,N/A,N/A,N/A,N/A,N/A
Food & Drink (Legacy),Pets,Canada,N/A,$0.00  ~ $0.00 ,N/A,N/A,N/A,N/A,N/A
Food & Drink (Legacy),Distance Learning,United States,N/A,$0.00  ~ $0.00 ,N/A,N/A,N/A,N/A,N/A
Food & Drink (Legacy),Arthritis,United States,N/A,$0.00  ~ $0.00 ,N/A,N/A,N/A,N/A,N/A
Food & Drink (Legacy),Eldercare,United States,N/A,$0.00  ~ $0.00 ,N/A,N/A,N/A,N/A,N/A
Food & Drink (Legacy),College,United States,N/A,$0.00  ~ $0.00 ,N/A,N/A,N/A,N/A,N/A
Food & Drink (Legacy),College,Canada,N/A,$0.00  ~ $0.00 ,N/A,N/A,N/A,N/A,N/A
Food & Drink (Legacy),K-6 Educators,United States,N/A,$0.00  ~ $0.00 ,N/A,N/A,N/A,N/A,N/A
Food & Drink (Legacy),K-6 Educators,Canada,N/A,$0.00  ~ $0.00 ,N/A,N/A,N/A,N/A,N/A
Health & Fitness (Legacy),Politics,United States,N/A,$0.00  ~ $0.00 ,N/A,N/A,N/A,N/A,N/A
Health & Fitness (Legacy),Politics,Canada,N/A,$0.00  ~ $0.00 ,N/A,N/A,N/A,N/A,N/A
Health & Fitness (Legacy),Hobbies & Interests,United States,N/A,$0.00  ~ $0.00 ,N/A,N/A,N/A,N/A,N/A
Health & Fitness (Legacy),Hobbies & Interests,Canada,N/A,$0.00  ~ $0.00 ,N/A,N/A,N/A,N/A,N/A
Health & Fitness (Legacy),Cigars,United States,N/A,$0.00  ~ $0.00 ,N/A,N/A,N/A,N/A,N/A
Health & Fitness (Legacy),Appliances,United States,N/A,$0.00  ~ $0.00 ,N/A,N/A,N/A,N/A,N/A
Health & Fitness (Legacy),Appliances,Canada,N/A,$0.00  ~ $0.00 ,N/A,N/A,N/A,N/A,N/A
Health & Fitness (Legacy),Guitar,United States,N/A,$0.00  ~ $0.00 ,N/A,N/A,N/A,N/A,N/A
Health & Fitness (Legacy),Pro Basketball,United States,N/A,$0.00  ~ $0.00 ,N/A,N/A,N/A,N/A,N/A
Health & Fitness (Legacy),Barbecues & Grilling,Canada,N/A,$0.00  ~ $0.00 ,N/A,N/A,N/A,N/A,N/A
Health & Fitness (Legacy),Television,United States,N/A,$0.00  ~ $0.00 ,N/A,N/A,N/A,N/A,N/A
Health & Fitness (Legacy),Jewelry,United States,N/A,$0.00  ~ $0.00 ,N/A,N/A,N/A,N/A,N/A
Health & Fitness (Legacy),Jewelry,Canada,N/A,$0.00  ~ $0.00 ,N/A,N/A,N/A,N/A,N/A
Health & Fitness (Legacy),Advertising,United States,N/A,$0.00  ~ $0.00 ,N/A,N/A,N/A,N/A,N/A
Health & Fitness (Legacy),Advertising,Canada,N/A,$0.00  ~ $0.00 ,N/A,N/A,N/A,N/A,N/A
Health & Fitness (Legacy),Arts & Entertainment,United States,N/A,$0.00  ~ $0.00 ,N/A,N/A,N/A,N/A,N/A
Health & Fitness (Legacy),Arts & Entertainment,Canada,N/A,$0.00  ~ $0.00 ,N/A,N/A,N/A,N/A,N/A
Health & Fitness (Legacy),Career Planning,United States,N/A,$0.00  ~ $0.00 ,N/A,N/A,N/A,N/A,N/A
Health & Fitness (Legacy),Career Planning,Canada,N/A,$0.00  ~ $0.00 ,N/A,N/A,N/A,N/A,N/A
Health & Fitness (Legacy),Veterinary Medicine,United States,N/A,$0.00  ~ $0.00 ,N/A,N/A,N/A,N/A,N/A
Health & Fitness (Legacy),Veterinary Medicine,Canada,N/A,$0.00  ~ $0.00 ,N/A,N/A,N/A,N/A,N/A
Health & Fitness (Legacy),Scholarships,United States,N/A,$0.00  ~ $0.00 ,N/A,N/A,N/A,N/A,N/A
Health & Fitness (Legacy),Credit/Debt & Loans,United States,N/A,$0.00  ~ $0.00 ,N/A,N/A,N/A,N/A,N/A
Health & Fitness (Legacy),Credit/Debt & Loans,Canada,N/A,$0.00  ~ $0.00 ,N/A,N/A,N/A,N/A,N/A
Health & Fitness (Legacy),Marketing,Canada,N/A,$0.00  ~ $0.00 ,N/A,N/A,N/A,N/A,N/A
Health & Fitness (Legacy),Marketing,United States,N/A,$0.00  ~ $0.00 ,N/A,N/A,N/A,N/A,N/A
Health & Fitness (Legacy),"Law, Gov't & Politics",United States,N/A,$0.00  ~ $0.00 ,N/A,N/A,N/A,N/A,N/A
Health & Fitness (Legacy),Camping,United States,N/A,$0.00  ~ $0.00 ,N/A,N/A,N/A,N/A,N/A
Health & Fitness (Legacy),Style & Fashion,United States,N/A,$0.00  ~ $0.00 ,N/A,N/A,N/A,N/A,N/A
Health & Fitness (Legacy),Teens,United States,N/A,$0.00  ~ $0.00 ,N/A,N/A,N/A,N/A,N/A
Health & Fitness (Legacy),Legal Issues,United States,N/A,$0.00  ~ $0.00 ,N/A,N/A,N/A,N/A,N/A
Health & Fitness (Legacy),Legal Issues,Canada,N/A,$0.00  ~ $0.00 ,N/A,N/A,N/A,N/A,N/A
Health & Fitness (Legacy),Business,Canada,N/A,$0.00  ~ $0.00 ,N/A,N/A,N/A,N/A,N/A
Health & Fitness (Legacy),Business,United States,N/A,$0.00  ~ $0.00 ,N/A,N/A,N/A,N/A,N/A
Health & Fitness (Legacy),Business Software,United States,N/A,$0.00  ~ $0.00 ,N/A,N/A,N/A,N/A,N/A
Health & Fitness (Legacy),Business Software,Canada,N/A,$0.00  ~ $0.00 ,N/A,N/A,N/A,N/A,N/A
Health & Fitness (Legacy),Hotels,United States,N/A,$0.00  ~ $0.00 ,N/A,N/A,N/A,N/A,N/A
Health & Fitness (Legacy),Hotels,Canada,N/A,$0.00  ~ $0.00 ,N/A,N/A,N/A,N/A,N/A
Health & Fitness (Legacy),Investors & Patents,United States,N/A,$0.00  ~ $0.00 ,N/A,N/A,N/A,N/A,N/A
Health & Fitness (Legacy),Investors & Patents,Canada,N/A,$0.00  ~ $0.00 ,N/A,N/A,N/A,N/A,N/A
Health & Fitness (Legacy),Senior Living,United States,N/A,$0.00  ~ $0.00 ,N/A,N/A,N/A,N/A,N/A
Health & Fitness (Legacy),Senior Living,Canada,N/A,$0.00  ~ $0.00 ,N/A,N/A,N/A,N/A,N/A
Health & Fitness (Legacy),Incontinence,United States,N/A,$0.00  ~ $0.00 ,N/A,N/A,N/A,N/A,N/A
Health & Fitness (Legacy),Books & Literature,Canada,N/A,$0.00  ~ $0.00 ,N/A,N/A,N/A,N/A,N/A
Health & Fitness (Legacy),Books & Literature,United States,N/A,$0.00  ~ $0.00 ,N/A,N/A,N/A,N/A,N/A
Health & Fitness (Legacy),Bed & Breakfasts,United States,N/A,$0.00  ~ $0.00 ,N/A,N/A,N/A,N/A,N/A
Health & Fitness (Legacy),Fine Art,United States,N/A,$0.00  ~ $0.00 ,N/A,N/A,N/A,N/A,N/A
Health & Fitness (Legacy),Fine Art,Canada,N/A,$0.00  ~ $0.00 ,N/A,N/A,N/A,N/A,N/A
Health & Fitness (Legacy),Distance Learning,United States,N/A,$0.00  ~ $0.00 ,N/A,N/A,N/A,N/A,N/A
Health & Fitness (Legacy),Collecting,United States,N/A,$0.00  ~ $0.00 ,N/A,N/A,N/A,N/A,N/A
Health & Fitness (Legacy),Green Solutions,United States,N/A,$0.00  ~ $0.00 ,N/A,N/A,N/A,N/A,N/A
Health & Fitness (Legacy),Green Solutions,Canada,N/A,$0.00  ~ $0.00 ,N/A,N/A,N/A,N/A,N/A
Health & Fitness (Legacy),Nutrition,United States,N/A,$0.00  ~ $0.00 ,N/A,N/A,N/A,N/A,N/A
Health & Fitness (Legacy),Nutrition,Canada,N/A,$0.00  ~ $0.00 ,N/A,N/A,N/A,N/A,N/A
Health & Fitness (Legacy),Pets,United States,N/A,$0.00  ~ $0.00 ,N/A,N/A,N/A,N/A,N/A
Health & Fitness (Legacy),Pets,Canada,N/A,$0.00  ~ $0.00 ,N/A,N/A,N/A,N/A,N/A
Health & Fitness (Legacy),Landscaping,United States,N/A,$0.00  ~ $0.00 ,N/A,N/A,N/A,N/A,N/A
Health & Fitness (Legacy),Landscaping,Canada,N/A,$0.00  ~ $0.00 ,N/A,N/A,N/A,N/A,N/A
Health & Fitness (Legacy),Off-Road Vehicles,United States,N/A,$0.00  ~ $0.00 ,N/A,N/A,N/A,N/A,N/A
Health & Fitness (Legacy),Off-Road Vehicles,Canada,N/A,$0.00  ~ $0.00 ,N/A,N/A,N/A,N/A,N/A
Health & Fitness (Legacy),Home & Garden,Canada,N/A,$0.00  ~ $0.00 ,N/A,N/A,N/A,N/A,N/A
Health & Fitness (Legacy),Home & Garden,United States,N/A,$0.00  ~ $0.00 ,N/A,N/A,N/A,N/A,N/A
Health & Fitness (Legacy),Metals,United States,N/A,$0.00  ~ $0.00 ,N/A,N/A,N/A,N/A,N/A
Health & Fitness (Legacy),Metals,Canada,N/A,$0.00  ~ $0.00 ,N/A,N/A,N/A,N/A,N/A
Health & Fitness (Legacy),Catholicism,United States,N/A,$0.00  ~ $0.00 ,N/A,N/A,N/A,N/A,N/A
Health & Fitness (Legacy),Infertility,United States,N/A,$0.00  ~ $0.00 ,N/A,N/A,N/A,N/A,N/A
Health & Fitness (Legacy),Personal Finance,United States,N/A,$0.00  ~ $0.00 ,N/A,N/A,N/A,N/A,N/A
Health & Fitness (Legacy),Personal Finance,Canada,N/A,$0.00  ~ $0.00 ,N/A,N/A,N/A,N/A,N/A
Health & Fitness (Legacy),Mutual Funds,United States,N/A,$0.00  ~ $0.00 ,N/A,N/A,N/A,N/A,N/A
Health & Fitness (Legacy),Mutual Funds,Canada,N/A,$0.00  ~ $0.00 ,N/A,N/A,N/A,N/A,N/A
Health & Fitness (Legacy),College,United States,N/A,$0.00  ~ $0.00 ,N/A,N/A,N/A,N/A,N/A
Health & Fitness (Legacy),College,Canada,N/A,$0.00  ~ $0.00 ,N/A,N/A,N/A,N/A,N/A
Health & Fitness (Legacy),Clothing,United States,N/A,$0.00  ~ $0.00 ,N/A,N/A,N/A,N/A,N/A
Health & Fitness (Legacy),Clothing,Canada,N/A,$0.00  ~ $0.00 ,N/A,N/A,N/A,N/A,N/A
Health & Fitness (Legacy),Agriculture,United States,N/A,$0.00  ~ $0.00 ,N/A,N/A,N/A,N/A,N/A
Health & Fitness (Legacy),Agriculture,Canada,N/A,$0.00  ~ $0.00 ,N/A,N/A,N/A,N/A,N/A
Health & Fitness (Legacy),Babies & Toddlers,United States,N/A,$0.00  ~ $0.00 ,N/A,N/A,N/A,N/A,N/A
Health & Fitness (Legacy),Investing,United States,N/A,$0.00  ~ $0.00 ,N/A,N/A,N/A,N/A,N/A
Health & Fitness (Legacy),Investing,Canada,N/A,$0.00  ~ $0.00 ,N/A,N/A,N/A,N/A,N/A
Health & Fitness (Legacy),Human Resources,United States,N/A,$0.00  ~ $0.00 ,N/A,N/A,N/A,N/A,N/A
Health & Fitness (Legacy),Human Resources,Canada,N/A,$0.00  ~ $0.00 ,N/A,N/A,N/A,N/A,N/A
Health & Fitness (Legacy),Exercise,United States,N/A,$0.00  ~ $0.00 ,N/A,N/A,N/A,N/A,N/A
Health & Fitness (Legacy),Exercise,Canada,N/A,$0.00  ~ $0.00 ,N/A,N/A,N/A,N/A,N/A
Health & Fitness (Legacy),Auto Parts,United States,N/A,$0.00  ~ $0.00 ,N/A,N/A,N/A,N/A,N/A
Health & Fitness (Legacy),Auto Parts,Canada,N/A,$0.00  ~ $0.00 ,N/A,N/A,N/A,N/A,N/A
Health & Fitness (Legacy),Sailing,United States,N/A,$0.00  ~ $0.00 ,N/A,N/A,N/A,N/A,N/A
Health & Fitness (Legacy),Computer Certification,United States,N/A,$0.00  ~ $0.00 ,N/A,N/A,N/A,N/A,N/A
Health & Fitness (Legacy),Alternative Religions,United States,N/A,$0.00  ~ $0.00 ,N/A,N/A,N/A,N/A,N/A
Health & Fitness (Legacy),Roleplaying Games,United States,N/A,$0.00  ~ $0.00 ,N/A,N/A,N/A,N/A,N/A
Health & Fitness (Legacy),Buying/Selling Cars,United States,N/A,$0.00  ~ $0.00 ,N/A,N/A,N/A,N/A,N/A
Health & Fitness (Legacy),Buying/Selling Cars,Canada,N/A,$0.00  ~ $0.00 ,N/A,N/A,N/A,N/A,N/A
Health & Fitness (Legacy),Interior Decorating,United States,N/A,$0.00  ~ $0.00 ,N/A,N/A,N/A,N/A,N/A
Health & Fitness (Legacy),Interior Decorating,Canada,N/A,$0.00  ~ $0.00 ,N/A,N/A,N/A,N/A,N/A
Health & Fitness (Legacy),Food & Drink,United States,N/A,$0.00  ~ $0.00 ,N/A,N/A,N/A,N/A,N/A
Health & Fitness (Legacy),Food & Drink,Canada,N/A,$0.00  ~ $0.00 ,N/A,N/A,N/A,N/A,N/A
Health & Fitness (Legacy),Technology & Computing,United States,N/A,$0.00  ~ $0.00 ,N/A,N/A,N/A,N/A,N/A
Health & Fitness (Legacy),Technology & Computing,Canada,N/A,$0.00  ~ $0.00 ,N/A,N/A,N/A,N/A,N/A
Health & Fitness (Legacy),Weight Loss,United States,N/A,$0.00  ~ $0.00 ,N/A,N/A,N/A,N/A,N/A
Health & Fitness (Legacy),Physical Therapy,United States,N/A,$0.00  ~ $0.00 ,N/A,N/A,N/A,N/A,N/A
Health & Fitness (Legacy),Physical Therapy,Canada,N/A,$0.00  ~ $0.00 ,N/A,N/A,N/A,N/A,N/A
Health & Fitness (Legacy),Environmental Safety,United States,N/A,$0.00  ~ $0.00 ,N/A,N/A,N/A,N/A,N/A
Health & Fitness (Legacy),Local News,United States,N/A,$0.00  ~ $0.00 ,N/A,N/A,N/A,N/A,N/A
Health & Fitness (Legacy),Hunting/Shooting,United States,N/A,$0.00  ~ $0.00 ,N/A,N/A,N/A,N/A,N/A
Health & Fitness (Legacy),Government,Canada,N/A,$0.00  ~ $0.00 ,N/A,N/A,N/A,N/A,N/A
Health & Fitness (Legacy),Government,United States,N/A,$0.00  ~ $0.00 ,N/A,N/A,N/A,N/A,N/A
Health & Fitness (Legacy),Language Learning,United States,N/A,$0.00  ~ $0.00 ,N/A,N/A,N/A,N/A,N/A
Health & Fitness (Legacy),Financial Aid,United States,N/A,$0.00  ~ $0.00 ,N/A,N/A,N/A,N/A,N/A
Health & Fitness (Legacy),Gardening,United States,N/A,$0.00  ~ $0.00 ,N/A,N/A,N/A,N/A,N/A
Health & Fitness (Legacy),Gardening,Canada,N/A,$0.00  ~ $0.00 ,N/A,N/A,N/A,N/A,N/A
Health & Fitness (Legacy),Travel,United States,N/A,$0.00  ~ $0.00 ,N/A,N/A,N/A,N/A,N/A
Health & Fitness (Legacy),Travel,Canada,N/A,$0.00  ~ $0.00 ,N/A,N/A,N/A,N/A,N/A
Health & Fitness (Legacy),Entertaining,United States,N/A,$0.00  ~ $0.00 ,N/A,N/A,N/A,N/A,N/A
Health & Fitness (Legacy),Homework/Study Tips,United States,N/A,$0.00  ~ $0.00 ,N/A,N/A,N/A,N/A,N/A
Health & Fitness (Legacy),Family & Parenting,United States,N/A,$0.00  ~ $0.00 ,N/A,N/A,N/A,N/A,N/A
Health & Fitness (Legacy),Family & Parenting,Canada,N/A,$0.00  ~ $0.00 ,N/A,N/A,N/A,N/A,N/A
Health & Fitness (Legacy),Careers,United States,N/A,$0.00  ~ $0.00 ,N/A,N/A,N/A,N/A,N/A
Health & Fitness (Legacy),Careers,Canada,N/A,$0.00  ~ $0.00 ,N/A,N/A,N/A,N/A,N/A
Health & Fitness (Legacy),Retirement Planning,United States,N/A,$0.00  ~ $0.00 ,N/A,N/A,N/A,N/A,N/A
Health & Fitness (Legacy),U.S. Government Resources,United States,N/A,$0.00  ~ $0.00 ,N/A,N/A,N/A,N/A,N/A
Health & Fitness (Legacy),Martial Arts,Canada,N/A,$0.00  ~ $0.00 ,N/A,N/A,N/A,N/A,N/A
Health & Fitness (Legacy),Martial Arts,United States,N/A,$0.00  ~ $0.00 ,N/A,N/A,N/A,N/A,N/A
Health & Fitness (Legacy),Stamps & Coins,United States,N/A,$0.00  ~ $0.00 ,N/A,N/A,N/A,N/A,N/A
Health & Fitness (Legacy),Couponing,United States,N/A,$0.00  ~ $0.00 ,N/A,N/A,N/A,N/A,N/A
Health & Fitness (Legacy),Couponing,Canada,N/A,$0.00  ~ $0.00 ,N/A,N/A,N/A,N/A,N/A
Health & Fitness (Legacy),Cancer,United States,N/A,$0.00  ~ $0.00 ,N/A,N/A,N/A,N/A,N/A
Health & Fitness (Legacy),Cancer,Canada,N/A,$0.00  ~ $0.00 ,N/A,N/A,N/A,N/A,N/A
Health & Fitness (Legacy),Cocktails/Beer,United States,N/A,$0.00  ~ $0.00 ,N/A,N/A,N/A,N/A,N/A
Health & Fitness (Legacy),Cocktails/Beer,Canada,N/A,$0.00  ~ $0.00 ,N/A,N/A,N/A,N/A,N/A
Health & Fitness (Legacy),Birdwatching,Canada,N/A,$0.00  ~ $0.00 ,N/A,N/A,N/A,N/A,N/A
Health & Fitness (Legacy),Birdwatching,United States,N/A,$0.00  ~ $0.00 ,N/A,N/A,N/A,N/A,N/A
Health & Fitness (Legacy),Forestry,United States,N/A,$0.00  ~ $0.00 ,N/A,N/A,N/A,N/A,N/A
Health & Fitness (Legacy),Canada,Canada,N/A,$0.00  ~ $0.00 ,N/A,N/A,N/A,N/A,N/A
Health & Fitness (Legacy),Graduate School,Canada,N/A,$0.00  ~ $0.00 ,N/A,N/A,N/A,N/A,N/A
Health & Fitness (Legacy),Graduate School,United States,N/A,$0.00  ~ $0.00 ,N/A,N/A,N/A,N/A,N/A
Health & Fitness (Legacy),Logistics,United States,N/A,$0.00  ~ $0.00 ,N/A,N/A,N/A,N/A,N/A
Health & Fitness (Legacy),Logistics,Canada,N/A,$0.00  ~ $0.00 ,N/A,N/A,N/A,N/A,N/A
Health & Fitness (Legacy),Buying/Selling Homes,United States,N/A,$0.00  ~ $0.00 ,N/A,N/A,N/A,N/A,N/A
Health & Fitness (Legacy),Buying/Selling Homes,Canada,N/A,$0.00  ~ $0.00 ,N/A,N/A,N/A,N/A,N/A
Health & Fitness (Legacy),Cameras & Camcorders,United States,N/A,$0.00  ~ $0.00 ,N/A,N/A,N/A,N/A,N/A
Health & Fitness (Legacy),Cameras & Camcorders,Canada,N/A,$0.00  ~ $0.00 ,N/A,N/A,N/A,N/A,N/A
Health & Fitness (Legacy),Beauty,United States,N/A,$0.00  ~ $0.00 ,N/A,N/A,N/A,N/A,N/A
Health & Fitness (Legacy),Beauty,Canada,N/A,$0.00  ~ $0.00 ,N/A,N/A,N/A,N/A,N/A
Health & Fitness (Legacy),Cell Phones,United States,N/A,$0.00  ~ $0.00 ,N/A,N/A,N/A,N/A,N/A
Health & Fitness (Legacy),Swimming,United States,N/A,$0.00  ~ $0.00 ,N/A,N/A,N/A,N/A,N/A
Health & Fitness (Legacy),Psychology/Psychiatry,United States,N/A,$0.00  ~ $0.00 ,N/A,N/A,N/A,N/A,N/A
Health & Fitness (Legacy),Psychology/Psychiatry,Canada,N/A,$0.00  ~ $0.00 ,N/A,N/A,N/A,N/A,N/A
Health & Fitness (Legacy),Music,United States,N/A,$0.00  ~ $0.00 ,N/A,N/A,N/A,N/A,N/A
Health & Fitness (Legacy),Music,Canada,N/A,$0.00  ~ $0.00 ,N/A,N/A,N/A,N/A,N/A
Health & Fitness (Legacy),Air Travel,United States,N/A,$0.00  ~ $0.00 ,N/A,N/A,N/A,N/A,N/A
Health & Fitness (Legacy),Air Travel,Canada,N/A,$0.00  ~ $0.00 ,N/A,N/A,N/A,N/A,N/A
Health & Fitness (Legacy),Commentary,United States,N/A,$0.00  ~ $0.00 ,N/A,N/A,N/A,N/A,N/A
Health & Fitness (Legacy),Entertainment,United States,N/A,$0.00  ~ $0.00 ,N/A,N/A,N/A,N/A,N/A
Health & Fitness (Legacy),Tax Planning,United States,N/A,$0.00  ~ $0.00 ,N/A,N/A,N/A,N/A,N/A
Health & Fitness (Legacy),Fashion,United States,N/A,$0.00  ~ $0.00 ,N/A,N/A,N/A,N/A,N/A
Health & Fitness (Legacy),Job Search,United States,N/A,$0.00  ~ $0.00 ,N/A,N/A,N/A,N/A,N/A
Health & Fitness (Legacy),Job Search,Canada,N/A,$0.00  ~ $0.00 ,N/A,N/A,N/A,N/A,N/A
Health & Fitness (Legacy),Remodeling & Construction,United States,N/A,$0.00  ~ $0.00 ,N/A,N/A,N/A,N/A,N/A
Health & Fitness (Legacy),Remodeling & Construction,Canada,N/A,$0.00  ~ $0.00 ,N/A,N/A,N/A,N/A,N/A
Health & Fitness (Legacy),Football,Canada,N/A,$0.00  ~ $0.00 ,N/A,N/A,N/A,N/A,N/A
Health & Fitness (Legacy),Football,United States,N/A,$0.00  ~ $0.00 ,N/A,N/A,N/A,N/A,N/A
Health & Fitness (Legacy),Construction,United States,N/A,$0.00  ~ $0.00 ,N/A,N/A,N/A,N/A,N/A
Health & Fitness (Legacy),Construction,Canada,N/A,$0.00  ~ $0.00 ,N/A,N/A,N/A,N/A,N/A
Health & Fitness (Legacy),Chronic Pain,United States,N/A,$0.00  ~ $0.00 ,N/A,N/A,N/A,N/A,N/A
Health & Fitness (Legacy),Internet Technology,United States,N/A,$0.00  ~ $0.00 ,N/A,N/A,N/A,N/A,N/A
Health & Fitness (Legacy),Internet Technology,Canada,N/A,$0.00  ~ $0.00 ,N/A,N/A,N/A,N/A,N/A
Health & Fitness (Legacy),Shopping,United States,N/A,$0.00  ~ $0.00 ,N/A,N/A,N/A,N/A,N/A
Health & Fitness (Legacy),Shopping,Canada,N/A,$0.00  ~ $0.00 ,N/A,N/A,N/A,N/A,N/A
Health & Fitness (Legacy),Real Estate,United States,N/A,$0.00  ~ $0.00 ,N/A,N/A,N/A,N/A,N/A
Health & Fitness (Legacy),Real Estate,Canada,N/A,$0.00  ~ $0.00 ,N/A,N/A,N/A,N/A,N/A
Health & Fitness (Legacy),Road-Side Assistance,United States,N/A,$0.00  ~ $0.00 ,N/A,N/A,N/A,N/A,N/A
Health & Fitness (Legacy),Road-Side Assistance,Canada,N/A,$0.00  ~ $0.00 ,N/A,N/A,N/A,N/A,N/A
Health & Fitness (Legacy),Parenting - K-6 Kids,United States,N/A,$0.00  ~ $0.00 ,N/A,N/A,N/A,N/A,N/A
Health & Fitness (Legacy),Network Security,United States,N/A,$0.00  ~ $0.00 ,N/A,N/A,N/A,N/A,N/A
Health & Fitness (Legacy),Cuisine-Specific,United States,N/A,$0.00  ~ $0.00 ,N/A,N/A,N/A,N/A,N/A
Health & Fitness (Legacy),Arts & Crafts,United States,N/A,$0.00  ~ $0.00 ,N/A,N/A,N/A,N/A,N/A
Health & Fitness (Legacy),Arts & Crafts,Canada,N/A,$0.00  ~ $0.00 ,N/A,N/A,N/A,N/A,N/A
Health & Fitness (Legacy),Senor Health,United States,N/A,$0.00  ~ $0.00 ,N/A,N/A,N/A,N/A,N/A
Health & Fitness (Legacy),Senor Health,Canada,N/A,$0.00  ~ $0.00 ,N/A,N/A,N/A,N/A,N/A
Health & Fitness (Legacy),Contests & Freebies,United States,N/A,$0.00  ~ $0.00 ,N/A,N/A,N/A,N/A,N/A
Health & Fitness (Legacy),Large Animals,United States,N/A,$0.00  ~ $0.00 ,N/A,N/A,N/A,N/A,N/A
Health & Fitness (Legacy),Art/Technology,United States,N/A,$0.00  ~ $0.00 ,N/A,N/A,N/A,N/A,N/A
Health & Fitness (Legacy),Art/Technology,Canada,N/A,$0.00  ~ $0.00 ,N/A,N/A,N/A,N/A,N/A
Health & Fitness (Legacy),Education,United States,N/A,$0.00  ~ $0.00 ,N/A,N/A,N/A,N/A,N/A
Health & Fitness (Legacy),Education,Canada,N/A,$0.00  ~ $0.00 ,N/A,N/A,N/A,N/A,N/A
Health & Fitness (Legacy),Coffee/Tea,United States,N/A,$0.00  ~ $0.00 ,N/A,N/A,N/A,N/A,N/A
Health & Fitness (Legacy),Incest/Abuse Support,United States,N/A,$0.00  ~ $0.00 ,N/A,N/A,N/A,N/A,N/A
Health & Fitness (Legacy),Incest/Abuse Support,Canada,N/A,$0.00  ~ $0.00 ,N/A,N/A,N/A,N/A,N/A
Health & Fitness (Legacy),Adult Education,United States,N/A,$0.00  ~ $0.00 ,N/A,N/A,N/A,N/A,N/A
Health & Fitness (Legacy),Adult Education,Canada,N/A,$0.00  ~ $0.00 ,N/A,N/A,N/A,N/A,N/A
Health & Fitness (Legacy),Daycare/Pre School,Canada,N/A,$0.00  ~ $0.00 ,N/A,N/A,N/A,N/A,N/A
Health & Fitness (Legacy),Daycare/Pre School,United States,N/A,$0.00  ~ $0.00 ,N/A,N/A,N/A,N/A,N/A
Health & Fitness (Legacy),Radio,United States,N/A,$0.00  ~ $0.00 ,N/A,N/A,N/A,N/A,N/A
Health & Fitness (Legacy),Electric Vehicle,Canada,N/A,$0.00  ~ $0.00 ,N/A,N/A,N/A,N/A,N/A
Health & Fitness (Legacy),Sexuality,United States,N/A,$0.00  ~ $0.00 ,N/A,N/A,N/A,N/A,N/A
Health & Fitness (Legacy),Sexuality,Canada,N/A,$0.00  ~ $0.00 ,N/A,N/A,N/A,N/A,N/A
Health & Fitness (Legacy),Dogs,United States,N/A,$0.00  ~ $0.00 ,N/A,N/A,N/A,N/A,N/A
Health & Fitness (Legacy),Dogs,Canada,N/A,$0.00  ~ $0.00 ,N/A,N/A,N/A,N/A,N/A
Health & Fitness (Legacy),Apartments,United States,N/A,$0.00  ~ $0.00 ,N/A,N/A,N/A,N/A,N/A
Health & Fitness (Legacy),Apartments,Canada,N/A,$0.00  ~ $0.00 ,N/A,N/A,N/A,N/A,N/A
Health & Fitness (Legacy),Arthritis,United States,N/A,$0.00  ~ $0.00 ,N/A,N/A,N/A,N/A,N/A
Health & Fitness (Legacy),Net Conferencing,United States,N/A,$0.00  ~ $0.00 ,N/A,N/A,N/A,N/A,N/A
Health & Fitness (Legacy),Net Conferencing,Canada,N/A,$0.00  ~ $0.00 ,N/A,N/A,N/A,N/A,N/A
Health & Fitness (Legacy),Video & Computer Games,United States,N/A,$0.00  ~ $0.00 ,N/A,N/A,N/A,N/A,N/A
Health & Fitness (Legacy),Automotive,United States,N/A,$0.00  ~ $0.00 ,N/A,N/A,N/A,N/A,N/A
Health & Fitness (Legacy),Automotive,Canada,N/A,$0.00  ~ $0.00 ,N/A,N/A,N/A,N/A,N/A
Health & Fitness (Legacy),Wine,United States,N/A,$0.00  ~ $0.00 ,N/A,N/A,N/A,N/A,N/A
Health & Fitness (Legacy),Card Games,United States,N/A,$0.00  ~ $0.00 ,N/A,N/A,N/A,N/A,N/A
Health & Fitness (Legacy),Card Games,Canada,N/A,$0.00  ~ $0.00 ,N/A,N/A,N/A,N/A,N/A
Health & Fitness (Legacy),Motorcycles,United States,N/A,$0.00  ~ $0.00 ,N/A,N/A,N/A,N/A,N/A
Health & Fitness (Legacy),Motorcycles,Canada,N/A,$0.00  ~ $0.00 ,N/A,N/A,N/A,N/A,N/A
Health & Fitness (Legacy),Pediatrics,United States,N/A,$0.00  ~ $0.00 ,N/A,N/A,N/A,N/A,N/A
Health & Fitness (Legacy),U.S. Military,United States,N/A,$0.00  ~ $0.00 ,N/A,N/A,N/A,N/A,N/A
Health & Fitness (Legacy),Computer Networking,United States,N/A,$0.00  ~ $0.00 ,N/A,N/A,N/A,N/A,N/A
Health & Fitness (Legacy),Honeymoons/Getaways,Canada,N/A,$0.00  ~ $0.00 ,N/A,N/A,N/A,N/A,N/A
Health & Fitness (Legacy),Honeymoons/Getaways,United States,N/A,$0.00  ~ $0.00 ,N/A,N/A,N/A,N/A,N/A
Health & Fitness (Legacy),Health & Fitness,United States,N/A,$0.00  ~ $0.00 ,N/A,N/A,N/A,N/A,N/A
Health & Fitness (Legacy),Health & Fitness,Canada,N/A,$0.00  ~ $0.00 ,N/A,N/A,N/A,N/A,N/A
Health & Fitness (Legacy),Alternative Medicine,United States,N/A,$0.00  ~ $0.00 ,N/A,N/A,N/A,N/A,N/A
Health & Fitness (Legacy),Alternative Medicine,Canada,N/A,$0.00  ~ $0.00 ,N/A,N/A,N/A,N/A,N/A
Health & Fitness (Legacy),Trucks & Accessories,United States,N/A,$0.00  ~ $0.00 ,N/A,N/A,N/A,N/A,N/A
Health & Fitness (Legacy),Accessories,United States,N/A,$0.00  ~ $0.00 ,N/A,N/A,N/A,N/A,N/A
Health & Fitness (Legacy),Theme Parks,United States,N/A,$0.00  ~ $0.00 ,N/A,N/A,N/A,N/A,N/A
Health & Fitness (Legacy),Theme Parks,Canada,N/A,$0.00  ~ $0.00 ,N/A,N/A,N/A,N/A,N/A
Health & Fitness (Legacy),By US Locale,United States,N/A,$0.00  ~ $0.00 ,N/A,N/A,N/A,N/A,N/A
Health & Fitness (Legacy),Auto Repair,United States,N/A,$0.00  ~ $0.00 ,N/A,N/A,N/A,N/A,N/A
Health & Fitness (Legacy),Auto Repair,Canada,N/A,$0.00  ~ $0.00 ,N/A,N/A,N/A,N/A,N/A
Health & Fitness (Legacy),Health/Lowfat Cooking,United States,N/A,$0.00  ~ $0.00 ,N/A,N/A,N/A,N/A,N/A
Health & Fitness (Legacy),Health/Lowfat Cooking,Canada,N/A,$0.00  ~ $0.00 ,N/A,N/A,N/A,N/A,N/A
Health & Fitness (Legacy),Dining Out,United States,N/A,$0.00  ~ $0.00 ,N/A,N/A,N/A,N/A,N/A
Health & Fitness (Legacy),Dining Out,Canada,N/A,$0.00  ~ $0.00 ,N/A,N/A,N/A,N/A,N/A
Health & Fitness (Legacy),Adventure Travel,United States,N/A,$0.00  ~ $0.00 ,N/A,N/A,N/A,N/A,N/A
Health & Fitness (Legacy),Religion & Spirituality,United States,N/A,$0.00  ~ $0.00 ,N/A,N/A,N/A,N/A,N/A
Health & Fitness (Legacy),Movies,Canada,N/A,$0.00  ~ $0.00 ,N/A,N/A,N/A,N/A,N/A
Health & Fitness (Legacy),Insurance,United States,N/A,$0.00  ~ $0.00 ,N/A,N/A,N/A,N/A,N/A
Health & Fitness (Legacy),Insurance,Canada,N/A,$0.00  ~ $0.00 ,N/A,N/A,N/A,N/A,N/A
Health & Fitness (Legacy),Home Repair,United States,N/A,$0.00  ~ $0.00 ,N/A,N/A,N/A,N/A,N/A
Health & Fitness (Legacy),Home Repair,Canada,N/A,$0.00  ~ $0.00 ,N/A,N/A,N/A,N/A,N/A
Health & Fitness (Legacy),Desserts & Baking,United States,N/A,$0.00  ~ $0.00 ,N/A,N/A,N/A,N/A,N/A
Health & Fitness (Legacy),Desserts & Baking,Canada,N/A,$0.00  ~ $0.00 ,N/A,N/A,N/A,N/A,N/A
Health & Fitness (Legacy),Thyroid Disease,United States,N/A,$0.00  ~ $0.00 ,N/A,N/A,N/A,N/A,N/A
Health & Fitness (Legacy),Astrology,Canada,N/A,$0.00  ~ $0.00 ,N/A,N/A,N/A,N/A,N/A
Health & Fitness (Legacy),Biotech/Biomedical,United States,N/A,$0.00  ~ $0.00 ,N/A,N/A,N/A,N/A,N/A
Health & Fitness (Legacy),Biotech/Biomedical,Canada,N/A,$0.00  ~ $0.00 ,N/A,N/A,N/A,N/A,N/A
Health & Fitness (Legacy),Cold & Flu,United States,N/A,$0.00  ~ $0.00 ,N/A,N/A,N/A,N/A,N/A
Health & Fitness (Legacy),Cold & Flu,Canada,N/A,$0.00  ~ $0.00 ,N/A,N/A,N/A,N/A,N/A
Health & Fitness (Legacy),K-6 Educators,United States,N/A,$0.00  ~ $0.00 ,N/A,N/A,N/A,N/A,N/A
Health & Fitness (Legacy),K-6 Educators,Canada,N/A,$0.00  ~ $0.00 ,N/A,N/A,N/A,N/A,N/A
Health & Fitness (Legacy),Computer Peripherals,United States,N/A,$0.00  ~ $0.00 ,N/A,N/A,N/A,N/A,N/A
Health & Fitness (Legacy),Mountain Biking,United States,N/A,$0.00  ~ $0.00 ,N/A,N/A,N/A,N/A,N/A
Health & Fitness (Legacy),Mountain Biking,Canada,N/A,$0.00  ~ $0.00 ,N/A,N/A,N/A,N/A,N/A
Health & Fitness (Legacy),Dermatology,Canada,N/A,$0.00  ~ $0.00 ,N/A,N/A,N/A,N/A,N/A
Health & Fitness (Legacy),Dermatology,United States,N/A,$0.00  ~ $0.00 ,N/A,N/A,N/A,N/A,N/A
Health & Fitness (Legacy),Comparison,United States,N/A,$0.00  ~ $0.00 ,N/A,N/A,N/A,N/A,N/A
Health & Fitness (Legacy),Cruises,United States,N/A,$0.00  ~ $0.00 ,N/A,N/A,N/A,N/A,N/A
Health & Fitness (Legacy),Cruises,Canada,N/A,$0.00  ~ $0.00 ,N/A,N/A,N/A,N/A,N/A
Health & Fitness (Legacy),News,United States,N/A,$0.00  ~ $0.00 ,N/A,N/A,N/A,N/A,N/A
Health & Fitness (Legacy),News,Canada,N/A,$0.00  ~ $0.00 ,N/A,N/A,N/A,N/A,N/A
Health & Fitness (Legacy),Dental Care,United States,N/A,$0.00  ~ $0.00 ,N/A,N/A,N/A,N/A,N/A
Health & Fitness (Legacy),Dental Care,Canada,N/A,$0.00  ~ $0.00 ,N/A,N/A,N/A,N/A,N/A
Health & Fitness (Legacy),Weddings,United States,N/A,$0.00  ~ $0.00 ,N/A,N/A,N/A,N/A,N/A
Hobbies & Interests (Legacy),Dogs,United States,N/A,$0.00  ~ $0.00 ,N/A,N/A,N/A,N/A,N/A
Hobbies & Interests (Legacy),Dogs,Canada,N/A,$0.00  ~ $0.00 ,N/A,N/A,N/A,N/A,N/A
Hobbies & Interests (Legacy),Green Solutions,United States,N/A,$0.00  ~ $0.00 ,N/A,N/A,N/A,N/A,N/A
Hobbies & Interests (Legacy),Green Solutions,Canada,N/A,$0.00  ~ $0.00 ,N/A,N/A,N/A,N/A,N/A
Hobbies & Interests (Legacy),Senor Health,United States,N/A,$0.00  ~ $0.00 ,N/A,N/A,N/A,N/A,N/A
Hobbies & Interests (Legacy),Appliances,United States,N/A,$0.00  ~ $0.00 ,N/A,N/A,N/A,N/A,N/A
Hobbies & Interests (Legacy),Appliances,Canada,N/A,$0.00  ~ $0.00 ,N/A,N/A,N/A,N/A,N/A
Hobbies & Interests (Legacy),Auto Parts,United States,N/A,$0.00  ~ $0.00 ,N/A,N/A,N/A,N/A,N/A
Hobbies & Interests (Legacy),Auto Parts,Canada,N/A,$0.00  ~ $0.00 ,N/A,N/A,N/A,N/A,N/A
Hobbies & Interests (Legacy),Entertaining,United States,N/A,$0.00  ~ $0.00 ,N/A,N/A,N/A,N/A,N/A
Hobbies & Interests (Legacy),Babies & Toddlers,United States,N/A,$0.00  ~ $0.00 ,N/A,N/A,N/A,N/A,N/A
Hobbies & Interests (Legacy),Road-Side Assistance,United States,N/A,$0.00  ~ $0.00 ,N/A,N/A,N/A,N/A,N/A
Hobbies & Interests (Legacy),News,Canada,N/A,$0.00  ~ $0.00 ,N/A,N/A,N/A,N/A,N/A
Hobbies & Interests (Legacy),News,United States,N/A,$0.00  ~ $0.00 ,N/A,N/A,N/A,N/A,N/A
Hobbies & Interests (Legacy),Football,United States,N/A,$0.00  ~ $0.00 ,N/A,N/A,N/A,N/A,N/A
Hobbies & Interests (Legacy),Football,Canada,N/A,$0.00  ~ $0.00 ,N/A,N/A,N/A,N/A,N/A
Hobbies & Interests (Legacy),Video & Computer Games,United States,N/A,$0.00  ~ $0.00 ,N/A,N/A,N/A,N/A,N/A
Hobbies & Interests (Legacy),Financial Aid,United States,N/A,$0.00  ~ $0.00 ,N/A,N/A,N/A,N/A,N/A
Hobbies & Interests (Legacy),Infertility,United States,N/A,$0.00  ~ $0.00 ,N/A,N/A,N/A,N/A,N/A
Hobbies & Interests (Legacy),Remodeling & Construction,United States,N/A,$0.00  ~ $0.00 ,N/A,N/A,N/A,N/A,N/A
Hobbies & Interests (Legacy),Remodeling & Construction,Canada,N/A,$0.00  ~ $0.00 ,N/A,N/A,N/A,N/A,N/A
Hobbies & Interests (Legacy),Buying/Selling Homes,United States,N/A,$0.00  ~ $0.00 ,N/A,N/A,N/A,N/A,N/A
Hobbies & Interests (Legacy),Buying/Selling Homes,Canada,N/A,$0.00  ~ $0.00 ,N/A,N/A,N/A,N/A,N/A
Hobbies & Interests (Legacy),Auto Repair,Canada,N/A,$0.00  ~ $0.00 ,N/A,N/A,N/A,N/A,N/A
Hobbies & Interests (Legacy),Auto Repair,United States,N/A,$0.00  ~ $0.00 ,N/A,N/A,N/A,N/A,N/A
Hobbies & Interests (Legacy),Marketing,Canada,N/A,$0.00  ~ $0.00 ,N/A,N/A,N/A,N/A,N/A
Hobbies & Interests (Legacy),Marketing,United States,N/A,$0.00  ~ $0.00 ,N/A,N/A,N/A,N/A,N/A
Hobbies & Interests (Legacy),Incontinence,United States,N/A,$0.00  ~ $0.00 ,N/A,N/A,N/A,N/A,N/A
Hobbies & Interests (Legacy),Canada,Canada,N/A,$0.00  ~ $0.00 ,N/A,N/A,N/A,N/A,N/A
Hobbies & Interests (Legacy),Barbecues & Grilling,Canada,N/A,$0.00  ~ $0.00 ,N/A,N/A,N/A,N/A,N/A
Hobbies & Interests (Legacy),Certified Pre-Owned,United States,N/A,$0.00  ~ $0.00 ,N/A,N/A,N/A,N/A,N/A
Hobbies & Interests (Legacy),Homework/Study Tips,United States,N/A,$0.00  ~ $0.00 ,N/A,N/A,N/A,N/A,N/A
Hobbies & Interests (Legacy),Hotels,United States,N/A,$0.00  ~ $0.00 ,N/A,N/A,N/A,N/A,N/A
Hobbies & Interests (Legacy),Hotels,Canada,N/A,$0.00  ~ $0.00 ,N/A,N/A,N/A,N/A,N/A
Hobbies & Interests (Legacy),Arts & Entertainment,United States,N/A,$0.00  ~ $0.00 ,N/A,N/A,N/A,N/A,N/A
Hobbies & Interests (Legacy),Arts & Entertainment,Canada,N/A,$0.00  ~ $0.00 ,N/A,N/A,N/A,N/A,N/A
Hobbies & Interests (Legacy),Environmental Safety,United States,N/A,$0.00  ~ $0.00 ,N/A,N/A,N/A,N/A,N/A
Hobbies & Interests (Legacy),Construction,United States,N/A,$0.00  ~ $0.00 ,N/A,N/A,N/A,N/A,N/A
Hobbies & Interests (Legacy),Construction,Canada,N/A,$0.00  ~ $0.00 ,N/A,N/A,N/A,N/A,N/A
Hobbies & Interests (Legacy),Arthritis,United States,N/A,$0.00  ~ $0.00 ,N/A,N/A,N/A,N/A,N/A
Hobbies & Interests (Legacy),Buying/Selling Cars,United States,N/A,$0.00  ~ $0.00 ,N/A,N/A,N/A,N/A,N/A
Hobbies & Interests (Legacy),Buying/Selling Cars,Canada,N/A,$0.00  ~ $0.00 ,N/A,N/A,N/A,N/A,N/A
Hobbies & Interests (Legacy),Job Search,United States,N/A,$0.00  ~ $0.00 ,N/A,N/A,N/A,N/A,N/A
Hobbies & Interests (Legacy),Human Resources,United States,N/A,$0.00  ~ $0.00 ,N/A,N/A,N/A,N/A,N/A
Hobbies & Interests (Legacy),Human Resources,Canada,N/A,$0.00  ~ $0.00 ,N/A,N/A,N/A,N/A,N/A
Hobbies & Interests (Legacy),Collecting,United States,N/A,$0.00  ~ $0.00 ,N/A,N/A,N/A,N/A,N/A
Hobbies & Interests (Legacy),Stamps & Coins,United States,N/A,$0.00  ~ $0.00 ,N/A,N/A,N/A,N/A,N/A
Hobbies & Interests (Legacy),Graduate School,United States,N/A,$0.00  ~ $0.00 ,N/A,N/A,N/A,N/A,N/A
Hobbies & Interests (Legacy),Graduate School,Canada,N/A,$0.00  ~ $0.00 ,N/A,N/A,N/A,N/A,N/A
Hobbies & Interests (Legacy),Automotive,United States,N/A,$0.00  ~ $0.00 ,N/A,N/A,N/A,N/A,N/A
Hobbies & Interests (Legacy),Automotive,Canada,N/A,$0.00  ~ $0.00 ,N/A,N/A,N/A,N/A,N/A
Hobbies & Interests (Legacy),Honeymoons/Getaways,United States,N/A,$0.00  ~ $0.00 ,N/A,N/A,N/A,N/A,N/A
Hobbies & Interests (Legacy),Honeymoons/Getaways,Canada,N/A,$0.00  ~ $0.00 ,N/A,N/A,N/A,N/A,N/A
Hobbies & Interests (Legacy),Adult Education,United States,N/A,$0.00  ~ $0.00 ,N/A,N/A,N/A,N/A,N/A
Hobbies & Interests (Legacy),Adult Education,Canada,N/A,$0.00  ~ $0.00 ,N/A,N/A,N/A,N/A,N/A
Hobbies & Interests (Legacy),Alternative Religions,United States,N/A,$0.00  ~ $0.00 ,N/A,N/A,N/A,N/A,N/A
Hobbies & Interests (Legacy),Computer Certification,United States,N/A,$0.00  ~ $0.00 ,N/A,N/A,N/A,N/A,N/A
Hobbies & Interests (Legacy),Hobbies & Interests,United States,N/A,$0.00  ~ $0.00 ,N/A,N/A,N/A,N/A,N/A
Hobbies & Interests (Legacy),Hobbies & Interests,Canada,N/A,$0.00  ~ $0.00 ,N/A,N/A,N/A,N/A,N/A
Hobbies & Interests (Legacy),Weight Loss,United States,N/A,$0.00  ~ $0.00 ,N/A,N/A,N/A,N/A,N/A
Hobbies & Interests (Legacy),Birdwatching,United States,N/A,$0.00  ~ $0.00 ,N/A,N/A,N/A,N/A,N/A
Hobbies & Interests (Legacy),Birdwatching,Canada,N/A,$0.00  ~ $0.00 ,N/A,N/A,N/A,N/A,N/A
Hobbies & Interests (Legacy),Scholarships,United States,N/A,$0.00  ~ $0.00 ,N/A,N/A,N/A,N/A,N/A
Hobbies & Interests (Legacy),Parenting - K-6 Kids,United States,N/A,$0.00  ~ $0.00 ,N/A,N/A,N/A,N/A,N/A
Hobbies & Interests (Legacy),Tax Planning,United States,N/A,$0.00  ~ $0.00 ,N/A,N/A,N/A,N/A,N/A
Hobbies & Interests (Legacy),Home Repair,Canada,N/A,$0.00  ~ $0.00 ,N/A,N/A,N/A,N/A,N/A
Hobbies & Interests (Legacy),Home Repair,United States,N/A,$0.00  ~ $0.00 ,N/A,N/A,N/A,N/A,N/A
Hobbies & Interests (Legacy),Biotech/Biomedical,United States,N/A,$0.00  ~ $0.00 ,N/A,N/A,N/A,N/A,N/A
Hobbies & Interests (Legacy),Biotech/Biomedical,Canada,N/A,$0.00  ~ $0.00 ,N/A,N/A,N/A,N/A,N/A
Hobbies & Interests (Legacy),Logistics,United States,N/A,$0.00  ~ $0.00 ,N/A,N/A,N/A,N/A,N/A
Hobbies & Interests (Legacy),Logistics,Canada,N/A,$0.00  ~ $0.00 ,N/A,N/A,N/A,N/A,N/A
Hobbies & Interests (Legacy),Motorcycles,United States,N/A,$0.00  ~ $0.00 ,N/A,N/A,N/A,N/A,N/A
Hobbies & Interests (Legacy),Motorcycles,Canada,N/A,$0.00  ~ $0.00 ,N/A,N/A,N/A,N/A,N/A
Hobbies & Interests (Legacy),Beauty,United States,N/A,$0.00  ~ $0.00 ,N/A,N/A,N/A,N/A,N/A
Hobbies & Interests (Legacy),Beauty,Canada,N/A,$0.00  ~ $0.00 ,N/A,N/A,N/A,N/A,N/A
Hobbies & Interests (Legacy),Adventure Travel,United States,N/A,$0.00  ~ $0.00 ,N/A,N/A,N/A,N/A,N/A
Hobbies & Interests (Legacy),Arts & Crafts,United States,N/A,$0.00  ~ $0.00 ,N/A,N/A,N/A,N/A,N/A
Hobbies & Interests (Legacy),Arts & Crafts,Canada,N/A,$0.00  ~ $0.00 ,N/A,N/A,N/A,N/A,N/A
Hobbies & Interests (Legacy),Cameras & Camcorders,United States,N/A,$0.00  ~ $0.00 ,N/A,N/A,N/A,N/A,N/A
Hobbies & Interests (Legacy),Cameras & Camcorders,Canada,N/A,$0.00  ~ $0.00 ,N/A,N/A,N/A,N/A,N/A
Hobbies & Interests (Legacy),Careers,United States,N/A,$0.00  ~ $0.00 ,N/A,N/A,N/A,N/A,N/A
Hobbies & Interests (Legacy),Careers,Canada,N/A,$0.00  ~ $0.00 ,N/A,N/A,N/A,N/A,N/A
Hobbies & Interests (Legacy),Agriculture,United States,N/A,$0.00  ~ $0.00 ,N/A,N/A,N/A,N/A,N/A
Hobbies & Interests (Legacy),Agriculture,Canada,N/A,$0.00  ~ $0.00 ,N/A,N/A,N/A,N/A,N/A
Hobbies & Interests (Legacy),Technology & Computing,United States,N/A,$0.00  ~ $0.00 ,N/A,N/A,N/A,N/A,N/A
Hobbies & Interests (Legacy),Technology & Computing,Canada,N/A,$0.00  ~ $0.00 ,N/A,N/A,N/A,N/A,N/A
Hobbies & Interests (Legacy),Desserts & Baking,United States,N/A,$0.00  ~ $0.00 ,N/A,N/A,N/A,N/A,N/A
Hobbies & Interests (Legacy),Desserts & Baking,Canada,N/A,$0.00  ~ $0.00 ,N/A,N/A,N/A,N/A,N/A
Hobbies & Interests (Legacy),U.S. Government Resources,United States,N/A,$0.00  ~ $0.00 ,N/A,N/A,N/A,N/A,N/A
Hobbies & Interests (Legacy),Music,United States,N/A,$0.00  ~ $0.00 ,N/A,N/A,N/A,N/A,N/A
Hobbies & Interests (Legacy),Music,Canada,N/A,$0.00  ~ $0.00 ,N/A,N/A,N/A,N/A,N/A
Hobbies & Interests (Legacy),Coffee/Tea,United States,N/A,$0.00  ~ $0.00 ,N/A,N/A,N/A,N/A,N/A
Hobbies & Interests (Legacy),Pets,United States,N/A,$0.00  ~ $0.00 ,N/A,N/A,N/A,N/A,N/A
Hobbies & Interests (Legacy),Pets,Canada,N/A,$0.00  ~ $0.00 ,N/A,N/A,N/A,N/A,N/A
Hobbies & Interests (Legacy),Commentary,United States,N/A,$0.00  ~ $0.00 ,N/A,N/A,N/A,N/A,N/A
Hobbies & Interests (Legacy),Home & Garden,United States,N/A,$0.00  ~ $0.00 ,N/A,N/A,N/A,N/A,N/A
Hobbies & Interests (Legacy),Home & Garden,Canada,N/A,$0.00  ~ $0.00 ,N/A,N/A,N/A,N/A,N/A
Hobbies & Interests (Legacy),Insurance,United States,N/A,$0.00  ~ $0.00 ,N/A,N/A,N/A,N/A,N/A
Hobbies & Interests (Legacy),Insurance,Canada,N/A,$0.00  ~ $0.00 ,N/A,N/A,N/A,N/A,N/A
Hobbies & Interests (Legacy),Card Games,United States,N/A,$0.00  ~ $0.00 ,N/A,N/A,N/A,N/A,N/A
Hobbies & Interests (Legacy),Card Games,Canada,N/A,$0.00  ~ $0.00 ,N/A,N/A,N/A,N/A,N/A
Hobbies & Interests (Legacy),Couponing,United States,N/A,$0.00  ~ $0.00 ,N/A,N/A,N/A,N/A,N/A
Hobbies & Interests (Legacy),Couponing,Canada,N/A,$0.00  ~ $0.00 ,N/A,N/A,N/A,N/A,N/A
Hobbies & Interests (Legacy),Physical Therapy,United States,N/A,$0.00  ~ $0.00 ,N/A,N/A,N/A,N/A,N/A
Hobbies & Interests (Legacy),Physical Therapy,Canada,N/A,$0.00  ~ $0.00 ,N/A,N/A,N/A,N/A,N/A
Hobbies & Interests (Legacy),Dermatology,United States,N/A,$0.00  ~ $0.00 ,N/A,N/A,N/A,N/A,N/A
Hobbies & Interests (Legacy),Dermatology,Canada,N/A,$0.00  ~ $0.00 ,N/A,N/A,N/A,N/A,N/A
Hobbies & Interests (Legacy),Guitar,United States,N/A,$0.00  ~ $0.00 ,N/A,N/A,N/A,N/A,N/A
Hobbies & Interests (Legacy),Personal Finance,Canada,N/A,$0.00  ~ $0.00 ,N/A,N/A,N/A,N/A,N/A
Hobbies & Interests (Legacy),Personal Finance,United States,N/A,$0.00  ~ $0.00 ,N/A,N/A,N/A,N/A,N/A
Hobbies & Interests (Legacy),Interior Decorating,United States,N/A,$0.00  ~ $0.00 ,N/A,N/A,N/A,N/A,N/A
Hobbies & Interests (Legacy),Interior Decorating,Canada,N/A,$0.00  ~ $0.00 ,N/A,N/A,N/A,N/A,N/A
Hobbies & Interests (Legacy),Theme Parks,United States,N/A,$0.00  ~ $0.00 ,N/A,N/A,N/A,N/A,N/A
Hobbies & Interests (Legacy),Theme Parks,Canada,N/A,$0.00  ~ $0.00 ,N/A,N/A,N/A,N/A,N/A
Hobbies & Interests (Legacy),K-6 Educators,United States,N/A,$0.00  ~ $0.00 ,N/A,N/A,N/A,N/A,N/A
Hobbies & Interests (Legacy),K-6 Educators,Canada,N/A,$0.00  ~ $0.00 ,N/A,N/A,N/A,N/A,N/A
Hobbies & Interests (Legacy),Movies,United States,N/A,$0.00  ~ $0.00 ,N/A,N/A,N/A,N/A,N/A
Hobbies & Interests (Legacy),Net Conferencing,United States,N/A,$0.00  ~ $0.00 ,N/A,N/A,N/A,N/A,N/A
Hobbies & Interests (Legacy),Net Conferencing,Canada,N/A,$0.00  ~ $0.00 ,N/A,N/A,N/A,N/A,N/A
Hobbies & Interests (Legacy),Gardening,United States,N/A,$0.00  ~ $0.00 ,N/A,N/A,N/A,N/A,N/A
Hobbies & Interests (Legacy),Gardening,Canada,N/A,$0.00  ~ $0.00 ,N/A,N/A,N/A,N/A,N/A
Hobbies & Interests (Legacy),Investing,United States,N/A,$0.00  ~ $0.00 ,N/A,N/A,N/A,N/A,N/A
Hobbies & Interests (Legacy),Investing,Canada,N/A,$0.00  ~ $0.00 ,N/A,N/A,N/A,N/A,N/A
Hobbies & Interests (Legacy),Air Travel,United States,N/A,$0.00  ~ $0.00 ,N/A,N/A,N/A,N/A,N/A
Hobbies & Interests (Legacy),Air Travel,Canada,N/A,$0.00  ~ $0.00 ,N/A,N/A,N/A,N/A,N/A
Hobbies & Interests (Legacy),Entertainment,United States,N/A,$0.00  ~ $0.00 ,N/A,N/A,N/A,N/A,N/A
Hobbies & Interests (Legacy),Shopping,United States,N/A,$0.00  ~ $0.00 ,N/A,N/A,N/A,N/A,N/A
Hobbies & Interests (Legacy),Shopping,Canada,N/A,$0.00  ~ $0.00 ,N/A,N/A,N/A,N/A,N/A
Hobbies & Interests (Legacy),Clothing,United States,N/A,$0.00  ~ $0.00 ,N/A,N/A,N/A,N/A,N/A
Hobbies & Interests (Legacy),Clothing,Canada,N/A,$0.00  ~ $0.00 ,N/A,N/A,N/A,N/A,N/A
Hobbies & Interests (Legacy),Computer Networking,United States,N/A,$0.00  ~ $0.00 ,N/A,N/A,N/A,N/A,N/A
Hobbies & Interests (Legacy),Local News,United States,N/A,$0.00  ~ $0.00 ,N/A,N/A,N/A,N/A,N/A
Hobbies & Interests (Legacy),Wine,United States,N/A,$0.00  ~ $0.00 ,N/A,N/A,N/A,N/A,N/A
Hobbies & Interests (Legacy),Mountain Biking,United States,N/A,$0.00  ~ $0.00 ,N/A,N/A,N/A,N/A,N/A
Hobbies & Interests (Legacy),Mountain Biking,Canada,N/A,$0.00  ~ $0.00 ,N/A,N/A,N/A,N/A,N/A
Hobbies & Interests (Legacy),Fashion,United States,N/A,$0.00  ~ $0.00 ,N/A,N/A,N/A,N/A,N/A
Hobbies & Interests (Legacy),Home Theater,United States,N/A,$0.00  ~ $0.00 ,N/A,N/A,N/A,N/A,N/A
Hobbies & Interests (Legacy),Art/Technology,United States,N/A,$0.00  ~ $0.00 ,N/A,N/A,N/A,N/A,N/A
Hobbies & Interests (Legacy),Art/Technology,Canada,N/A,$0.00  ~ $0.00 ,N/A,N/A,N/A,N/A,N/A
Hobbies & Interests (Legacy),Exercise,United States,N/A,$0.00  ~ $0.00 ,N/A,N/A,N/A,N/A,N/A
Hobbies & Interests (Legacy),Exercise,Canada,N/A,$0.00  ~ $0.00 ,N/A,N/A,N/A,N/A,N/A
Hobbies & Interests (Legacy),Politics,United States,N/A,$0.00  ~ $0.00 ,N/A,N/A,N/A,N/A,N/A
Hobbies & Interests (Legacy),Politics,Canada,N/A,$0.00  ~ $0.00 ,N/A,N/A,N/A,N/A,N/A
Hobbies & Interests (Legacy),Cigars,Canada,N/A,$0.00  ~ $0.00 ,N/A,N/A,N/A,N/A,N/A
Hobbies & Interests (Legacy),Cigars,United States,N/A,$0.00  ~ $0.00 ,N/A,N/A,N/A,N/A,N/A
Hobbies & Interests (Legacy),Accessories,United States,N/A,$0.00  ~ $0.00 ,N/A,N/A,N/A,N/A,N/A
Hobbies & Interests (Legacy),Cancer,United States,N/A,$0.00  ~ $0.00 ,N/A,N/A,N/A,N/A,N/A
Hobbies & Interests (Legacy),Cancer,Canada,N/A,$0.00  ~ $0.00 ,N/A,N/A,N/A,N/A,N/A
Hobbies & Interests (Legacy),Computer Peripherals,United States,N/A,$0.00  ~ $0.00 ,N/A,N/A,N/A,N/A,N/A
Hobbies & Interests (Legacy),Computer Peripherals,Canada,N/A,$0.00  ~ $0.00 ,N/A,N/A,N/A,N/A,N/A
Hobbies & Interests (Legacy),Swimming,United States,N/A,$0.00  ~ $0.00 ,N/A,N/A,N/A,N/A,N/A
Hobbies & Interests (Legacy),Government,United States,N/A,$0.00  ~ $0.00 ,N/A,N/A,N/A,N/A,N/A
Hobbies & Interests (Legacy),Government,Canada,N/A,$0.00  ~ $0.00 ,N/A,N/A,N/A,N/A,N/A
Hobbies & Interests (Legacy),Camping,United States,N/A,$0.00  ~ $0.00 ,N/A,N/A,N/A,N/A,N/A
Hobbies & Interests (Legacy),Health & Fitness,United States,N/A,$0.00  ~ $0.00 ,N/A,N/A,N/A,N/A,N/A
Hobbies & Interests (Legacy),Health & Fitness,Canada,N/A,$0.00  ~ $0.00 ,N/A,N/A,N/A,N/A,N/A
Hobbies & Interests (Legacy),Incest/Abuse Support,United States,N/A,$0.00  ~ $0.00 ,N/A,N/A,N/A,N/A,N/A
Hobbies & Interests (Legacy),Incest/Abuse Support,Canada,N/A,$0.00  ~ $0.00 ,N/A,N/A,N/A,N/A,N/A
Hobbies & Interests (Legacy),Senior Living,United States,N/A,$0.00  ~ $0.00 ,N/A,N/A,N/A,N/A,N/A
Hobbies & Interests (Legacy),Senior Living,Canada,N/A,$0.00  ~ $0.00 ,N/A,N/A,N/A,N/A,N/A
Hobbies & Interests (Legacy),Internet Technology,United States,N/A,$0.00  ~ $0.00 ,N/A,N/A,N/A,N/A,N/A
Hobbies & Interests (Legacy),Internet Technology,Canada,N/A,$0.00  ~ $0.00 ,N/A,N/A,N/A,N/A,N/A
Hobbies & Interests (Legacy),Sailing,United States,N/A,$0.00  ~ $0.00 ,N/A,N/A,N/A,N/A,N/A
Hobbies & Interests (Legacy),Television,United States,N/A,$0.00  ~ $0.00 ,N/A,N/A,N/A,N/A,N/A
Hobbies & Interests (Legacy),Martial Arts,United States,N/A,$0.00  ~ $0.00 ,N/A,N/A,N/A,N/A,N/A
Hobbies & Interests (Legacy),Martial Arts,Canada,N/A,$0.00  ~ $0.00 ,N/A,N/A,N/A,N/A,N/A
Hobbies & Interests (Legacy),Health/Lowfat Cooking,United States,N/A,$0.00  ~ $0.00 ,N/A,N/A,N/A,N/A,N/A
Hobbies & Interests (Legacy),Health/Lowfat Cooking,Canada,N/A,$0.00  ~ $0.00 ,N/A,N/A,N/A,N/A,N/A
Hobbies & Interests (Legacy),Apartments,United States,N/A,$0.00  ~ $0.00 ,N/A,N/A,N/A,N/A,N/A
Hobbies & Interests (Legacy),Apartments,Canada,N/A,$0.00  ~ $0.00 ,N/A,N/A,N/A,N/A,N/A
Hobbies & Interests (Legacy),Radio,United States,N/A,$0.00  ~ $0.00 ,N/A,N/A,N/A,N/A,N/A
Hobbies & Interests (Legacy),Electric Vehicle,Canada,N/A,$0.00  ~ $0.00 ,N/A,N/A,N/A,N/A,N/A
Hobbies & Interests (Legacy),Legal Issues,United States,N/A,$0.00  ~ $0.00 ,N/A,N/A,N/A,N/A,N/A
Hobbies & Interests (Legacy),Legal Issues,Canada,N/A,$0.00  ~ $0.00 ,N/A,N/A,N/A,N/A,N/A
Hobbies & Interests (Legacy),Education,Canada,N/A,$0.00  ~ $0.00 ,N/A,N/A,N/A,N/A,N/A
Hobbies & Interests (Legacy),Education,United States,N/A,$0.00  ~ $0.00 ,N/A,N/A,N/A,N/A,N/A
Hobbies & Interests (Legacy),Retirement Planning,United States,N/A,$0.00  ~ $0.00 ,N/A,N/A,N/A,N/A,N/A
Hobbies & Interests (Legacy),Retirement Planning,Canada,N/A,$0.00  ~ $0.00 ,N/A,N/A,N/A,N/A,N/A
Hobbies & Interests (Legacy),Language Learning,United States,N/A,$0.00  ~ $0.00 ,N/A,N/A,N/A,N/A,N/A
Hobbies & Interests (Legacy),Language Learning,Canada,N/A,$0.00  ~ $0.00 ,N/A,N/A,N/A,N/A,N/A
Hobbies & Interests (Legacy),Metals,United States,N/A,$0.00  ~ $0.00 ,N/A,N/A,N/A,N/A,N/A
Hobbies & Interests (Legacy),Metals,Canada,N/A,$0.00  ~ $0.00 ,N/A,N/A,N/A,N/A,N/A
Hobbies & Interests (Legacy),Advertising,Canada,N/A,$0.00  ~ $0.00 ,N/A,N/A,N/A,N/A,N/A
Hobbies & Interests (Legacy),Advertising,United States,N/A,$0.00  ~ $0.00 ,N/A,N/A,N/A,N/A,N/A
Hobbies & Interests (Legacy),Sexuality,United States,N/A,$0.00  ~ $0.00 ,N/A,N/A,N/A,N/A,N/A
Hobbies & Interests (Legacy),Sexuality,Canada,N/A,$0.00  ~ $0.00 ,N/A,N/A,N/A,N/A,N/A
Hobbies & Interests (Legacy),Family & Parenting,United States,N/A,$0.00  ~ $0.00 ,N/A,N/A,N/A,N/A,N/A
Hobbies & Interests (Legacy),Family & Parenting,Canada,N/A,$0.00  ~ $0.00 ,N/A,N/A,N/A,N/A,N/A
Hobbies & Interests (Legacy),Veterinary Medicine,United States,N/A,$0.00  ~ $0.00 ,N/A,N/A,N/A,N/A,N/A
Hobbies & Interests (Legacy),Veterinary Medicine,Canada,N/A,$0.00  ~ $0.00 ,N/A,N/A,N/A,N/A,N/A
Hobbies & Interests (Legacy),Astrology,United States,N/A,$0.00  ~ $0.00 ,N/A,N/A,N/A,N/A,N/A
Hobbies & Interests (Legacy),Credit/Debt & Loans,Canada,N/A,$0.00  ~ $0.00 ,N/A,N/A,N/A,N/A,N/A
Hobbies & Interests (Legacy),Credit/Debt & Loans,United States,N/A,$0.00  ~ $0.00 ,N/A,N/A,N/A,N/A,N/A
Hobbies & Interests (Legacy),Hunting/Shooting,United States,N/A,$0.00  ~ $0.00 ,N/A,N/A,N/A,N/A,N/A
Hobbies & Interests (Legacy),"Law, Gov't & Politics",United States,N/A,$0.00  ~ $0.00 ,N/A,N/A,N/A,N/A,N/A
Hobbies & Interests (Legacy),Pediatrics,United States,N/A,$0.00  ~ $0.00 ,N/A,N/A,N/A,N/A,N/A
Hobbies & Interests (Legacy),U.S. Military,United States,N/A,$0.00  ~ $0.00 ,N/A,N/A,N/A,N/A,N/A
Hobbies & Interests (Legacy),Comparison,United States,N/A,$0.00  ~ $0.00 ,N/A,N/A,N/A,N/A,N/A
Hobbies & Interests (Legacy),Body Art,United States,N/A,$0.00  ~ $0.00 ,N/A,N/A,N/A,N/A,N/A
Hobbies & Interests (Legacy),Business Software,Canada,N/A,$0.00  ~ $0.00 ,N/A,N/A,N/A,N/A,N/A
Hobbies & Interests (Legacy),Business Software,United States,N/A,$0.00  ~ $0.00 ,N/A,N/A,N/A,N/A,N/A
Hobbies & Interests (Legacy),Mutual Funds,United States,N/A,$0.00  ~ $0.00 ,N/A,N/A,N/A,N/A,N/A
Hobbies & Interests (Legacy),Mutual Funds,Canada,N/A,$0.00  ~ $0.00 ,N/A,N/A,N/A,N/A,N/A
Hobbies & Interests (Legacy),Food & Drink,United States,N/A,$0.00  ~ $0.00 ,N/A,N/A,N/A,N/A,N/A
Hobbies & Interests (Legacy),Food & Drink,Canada,N/A,$0.00  ~ $0.00 ,N/A,N/A,N/A,N/A,N/A
Hobbies & Interests (Legacy),Dental Care,United States,N/A,$0.00  ~ $0.00 ,N/A,N/A,N/A,N/A,N/A
Hobbies & Interests (Legacy),Dental Care,Canada,N/A,$0.00  ~ $0.00 ,N/A,N/A,N/A,N/A,N/A
Hobbies & Interests (Legacy),Psychology/Psychiatry,United States,N/A,$0.00  ~ $0.00 ,N/A,N/A,N/A,N/A,N/A
Hobbies & Interests (Legacy),Psychology/Psychiatry,Canada,N/A,$0.00  ~ $0.00 ,N/A,N/A,N/A,N/A,N/A
Hobbies & Interests (Legacy),Investors & Patents,United States,N/A,$0.00  ~ $0.00 ,N/A,N/A,N/A,N/A,N/A
Hobbies & Interests (Legacy),Investors & Patents,Canada,N/A,$0.00  ~ $0.00 ,N/A,N/A,N/A,N/A,N/A
Hobbies & Interests (Legacy),Cold & Flu,United States,N/A,$0.00  ~ $0.00 ,N/A,N/A,N/A,N/A,N/A
Hobbies & Interests (Legacy),Cold & Flu,Canada,N/A,$0.00  ~ $0.00 ,N/A,N/A,N/A,N/A,N/A
Hobbies & Interests (Legacy),Nutrition,United States,N/A,$0.00  ~ $0.00 ,N/A,N/A,N/A,N/A,N/A
Hobbies & Interests (Legacy),Nutrition,Canada,N/A,$0.00  ~ $0.00 ,N/A,N/A,N/A,N/A,N/A
Hobbies & Interests (Legacy),Distance Learning,United States,N/A,$0.00  ~ $0.00 ,N/A,N/A,N/A,N/A,N/A
Hobbies & Interests (Legacy),Landscaping,United States,N/A,$0.00  ~ $0.00 ,N/A,N/A,N/A,N/A,N/A
Hobbies & Interests (Legacy),Landscaping,Canada,N/A,$0.00  ~ $0.00 ,N/A,N/A,N/A,N/A,N/A
Hobbies & Interests (Legacy),Forestry,United States,N/A,$0.00  ~ $0.00 ,N/A,N/A,N/A,N/A,N/A
Hobbies & Interests (Legacy),Religion & Spirituality,United States,N/A,$0.00  ~ $0.00 ,N/A,N/A,N/A,N/A,N/A
Hobbies & Interests (Legacy),Alternative Medicine,Canada,N/A,$0.00  ~ $0.00 ,N/A,N/A,N/A,N/A,N/A
Hobbies & Interests (Legacy),Alternative Medicine,United States,N/A,$0.00  ~ $0.00 ,N/A,N/A,N/A,N/A,N/A
Hobbies & Interests (Legacy),Pro Basketball,United States,N/A,$0.00  ~ $0.00 ,N/A,N/A,N/A,N/A,N/A
Hobbies & Interests (Legacy),Catholicism,United States,N/A,$0.00  ~ $0.00 ,N/A,N/A,N/A,N/A,N/A
Hobbies & Interests (Legacy),Career Planning,United States,N/A,$0.00  ~ $0.00 ,N/A,N/A,N/A,N/A,N/A
Hobbies & Interests (Legacy),Career Planning,Canada,N/A,$0.00  ~ $0.00 ,N/A,N/A,N/A,N/A,N/A
Hobbies & Interests (Legacy),Bed & Breakfasts,United States,N/A,$0.00  ~ $0.00 ,N/A,N/A,N/A,N/A,N/A
Hobbies & Interests (Legacy),Fine Art,United States,N/A,$0.00  ~ $0.00 ,N/A,N/A,N/A,N/A,N/A
Hobbies & Interests (Legacy),Fine Art,Canada,N/A,$0.00  ~ $0.00 ,N/A,N/A,N/A,N/A,N/A
Hobbies & Interests (Legacy),Cell Phones,United States,N/A,$0.00  ~ $0.00 ,N/A,N/A,N/A,N/A,N/A
Hobbies & Interests (Legacy),Off-Road Vehicles,United States,N/A,$0.00  ~ $0.00 ,N/A,N/A,N/A,N/A,N/A
Hobbies & Interests (Legacy),Off-Road Vehicles,Canada,N/A,$0.00  ~ $0.00 ,N/A,N/A,N/A,N/A,N/A
Hobbies & Interests (Legacy),By US Locale,United States,N/A,$0.00  ~ $0.00 ,N/A,N/A,N/A,N/A,N/A
Hobbies & Interests (Legacy),Daycare/Pre School,United States,N/A,$0.00  ~ $0.00 ,N/A,N/A,N/A,N/A,N/A
Hobbies & Interests (Legacy),Daycare/Pre School,Canada,N/A,$0.00  ~ $0.00 ,N/A,N/A,N/A,N/A,N/A
Hobbies & Interests (Legacy),Network Security,United States,N/A,$0.00  ~ $0.00 ,N/A,N/A,N/A,N/A,N/A
Hobbies & Interests (Legacy),Business,United States,N/A,$0.00  ~ $0.00 ,N/A,N/A,N/A,N/A,N/A
Hobbies & Interests (Legacy),Business,Canada,N/A,$0.00  ~ $0.00 ,N/A,N/A,N/A,N/A,N/A
Hobbies & Interests (Legacy),Travel,United States,N/A,$0.00  ~ $0.00 ,N/A,N/A,N/A,N/A,N/A
Hobbies & Interests (Legacy),Travel,Canada,N/A,$0.00  ~ $0.00 ,N/A,N/A,N/A,N/A,N/A
Hobbies & Interests (Legacy),Jewelry,United States,N/A,$0.00  ~ $0.00 ,N/A,N/A,N/A,N/A,N/A
Hobbies & Interests (Legacy),Jewelry,Canada,N/A,$0.00  ~ $0.00 ,N/A,N/A,N/A,N/A,N/A
Hobbies & Interests (Legacy),Teens,United States,N/A,$0.00  ~ $0.00 ,N/A,N/A,N/A,N/A,N/A
Hobbies & Interests (Legacy),Large Animals,United States,N/A,$0.00  ~ $0.00 ,N/A,N/A,N/A,N/A,N/A
Hobbies & Interests (Legacy),College,United States,N/A,$0.00  ~ $0.00 ,N/A,N/A,N/A,N/A,N/A
Hobbies & Interests (Legacy),College,Canada,N/A,$0.00  ~ $0.00 ,N/A,N/A,N/A,N/A,N/A
Hobbies & Interests (Legacy),Real Estate,United States,N/A,$0.00  ~ $0.00 ,N/A,N/A,N/A,N/A,N/A
Hobbies & Interests (Legacy),Real Estate,Canada,N/A,$0.00  ~ $0.00 ,N/A,N/A,N/A,N/A,N/A
Hobbies & Interests (Legacy),Dining Out,United States,N/A,$0.00  ~ $0.00 ,N/A,N/A,N/A,N/A,N/A
Hobbies & Interests (Legacy),Dining Out,Canada,N/A,$0.00  ~ $0.00 ,N/A,N/A,N/A,N/A,N/A
Hobbies & Interests (Legacy),Trucks & Accessories,United States,N/A,$0.00  ~ $0.00 ,N/A,N/A,N/A,N/A,N/A
Hobbies & Interests (Legacy),Contests & Freebies,United States,N/A,$0.00  ~ $0.00 ,N/A,N/A,N/A,N/A,N/A
Hobbies & Interests (Legacy),Style & Fashion,United States,N/A,$0.00  ~ $0.00 ,N/A,N/A,N/A,N/A,N/A
Hobbies & Interests (Legacy),Weddings,United States,N/A,$0.00  ~ $0.00 ,N/A,N/A,N/A,N/A,N/A
Hobbies & Interests (Legacy),Thyroid Disease,United States,N/A,$0.00  ~ $0.00 ,N/A,N/A,N/A,N/A,N/A
Hobbies & Interests (Legacy),Cruises,United States,N/A,$0.00  ~ $0.00 ,N/A,N/A,N/A,N/A,N/A
Hobbies & Interests (Legacy),Cruises,Canada,N/A,$0.00  ~ $0.00 ,N/A,N/A,N/A,N/A,N/A
Hobbies & Interests (Legacy),Cocktails/Beer,United States,N/A,$0.00  ~ $0.00 ,N/A,N/A,N/A,N/A,N/A
Hobbies & Interests (Legacy),Cocktails/Beer,Canada,N/A,$0.00  ~ $0.00 ,N/A,N/A,N/A,N/A,N/A
Hobbies & Interests (Legacy),Books & Literature,United States,N/A,$0.00  ~ $0.00 ,N/A,N/A,N/A,N/A,N/A
Hobbies & Interests (Legacy),Books & Literature,Canada,N/A,$0.00  ~ $0.00 ,N/A,N/A,N/A,N/A,N/A
Home & Garden (Legacy),Comparison,United States,N/A,$0.00  ~ $0.00 ,N/A,N/A,N/A,N/A,N/A
Home & Garden (Legacy),Politics,United States,N/A,$0.00  ~ $0.00 ,N/A,N/A,N/A,N/A,N/A
Home & Garden (Legacy),Politics,Canada,N/A,$0.00  ~ $0.00 ,N/A,N/A,N/A,N/A,N/A
Home & Garden (Legacy),Education,United States,N/A,$0.00  ~ $0.00 ,N/A,N/A,N/A,N/A,N/A
Home & Garden (Legacy),Education,Canada,N/A,$0.00  ~ $0.00 ,N/A,N/A,N/A,N/A,N/A
Home & Garden (Legacy),Cocktails/Beer,United States,N/A,$0.00  ~ $0.00 ,N/A,N/A,N/A,N/A,N/A
Home & Garden (Legacy),Cocktails/Beer,Canada,N/A,$0.00  ~ $0.00 ,N/A,N/A,N/A,N/A,N/A
Home & Garden (Legacy),Commentary,United States,N/A,$0.00  ~ $0.00 ,N/A,N/A,N/A,N/A,N/A
Home & Garden (Legacy),Adult Education,United States,N/A,$0.00  ~ $0.00 ,N/A,N/A,N/A,N/A,N/A
Home & Garden (Legacy),Adult Education,Canada,N/A,$0.00  ~ $0.00 ,N/A,N/A,N/A,N/A,N/A
Home & Garden (Legacy),Homework/Study Tips,United States,N/A,$0.00  ~ $0.00 ,N/A,N/A,N/A,N/A,N/A
Home & Garden (Legacy),Sexuality,United States,N/A,$0.00  ~ $0.00 ,N/A,N/A,N/A,N/A,N/A
Home & Garden (Legacy),Air Travel,United States,N/A,$0.00  ~ $0.00 ,N/A,N/A,N/A,N/A,N/A
Home & Garden (Legacy),Air Travel,Canada,N/A,$0.00  ~ $0.00 ,N/A,N/A,N/A,N/A,N/A
Home & Garden (Legacy),Auto Parts,United States,N/A,$0.00  ~ $0.00 ,N/A,N/A,N/A,N/A,N/A
Home & Garden (Legacy),Auto Parts,Canada,N/A,$0.00  ~ $0.00 ,N/A,N/A,N/A,N/A,N/A
Home & Garden (Legacy),Off-Road Vehicles,United States,N/A,$0.00  ~ $0.00 ,N/A,N/A,N/A,N/A,N/A
Home & Garden (Legacy),Off-Road Vehicles,Canada,N/A,$0.00  ~ $0.00 ,N/A,N/A,N/A,N/A,N/A
Home & Garden (Legacy),Religion & Spirituality,United States,N/A,$0.00  ~ $0.00 ,N/A,N/A,N/A,N/A,N/A
Home & Garden (Legacy),Bed & Breakfasts,United States,N/A,$0.00  ~ $0.00 ,N/A,N/A,N/A,N/A,N/A
Home & Garden (Legacy),Bed & Breakfasts,Canada,N/A,$0.00  ~ $0.00 ,N/A,N/A,N/A,N/A,N/A
Home & Garden (Legacy),Birdwatching,United States,N/A,$0.00  ~ $0.00 ,N/A,N/A,N/A,N/A,N/A
Home & Garden (Legacy),Birdwatching,Canada,N/A,$0.00  ~ $0.00 ,N/A,N/A,N/A,N/A,N/A
Home & Garden (Legacy),Parenting - K-6 Kids,United States,N/A,$0.00  ~ $0.00 ,N/A,N/A,N/A,N/A,N/A
Home & Garden (Legacy),Home Theater,United States,N/A,$0.00  ~ $0.00 ,N/A,N/A,N/A,N/A,N/A
Home & Garden (Legacy),Music,United States,N/A,$0.00  ~ $0.00 ,N/A,N/A,N/A,N/A,N/A
Home & Garden (Legacy),Music,Canada,N/A,$0.00  ~ $0.00 ,N/A,N/A,N/A,N/A,N/A
Home & Garden (Legacy),Wine,United States,N/A,$0.00  ~ $0.00 ,N/A,N/A,N/A,N/A,N/A
Home & Garden (Legacy),By US Locale,United States,N/A,$0.00  ~ $0.00 ,N/A,N/A,N/A,N/A,N/A
Home & Garden (Legacy),Incontinence,United States,N/A,$0.00  ~ $0.00 ,N/A,N/A,N/A,N/A,N/A
Home & Garden (Legacy),Exercise,United States,N/A,$0.00  ~ $0.00 ,N/A,N/A,N/A,N/A,N/A
Home & Garden (Legacy),Exercise,Canada,N/A,$0.00  ~ $0.00 ,N/A,N/A,N/A,N/A,N/A
Home & Garden (Legacy),Agriculture,United States,N/A,$0.00  ~ $0.00 ,N/A,N/A,N/A,N/A,N/A
Home & Garden (Legacy),Agriculture,Canada,N/A,$0.00  ~ $0.00 ,N/A,N/A,N/A,N/A,N/A
Home & Garden (Legacy),Construction,United States,N/A,$0.00  ~ $0.00 ,N/A,N/A,N/A,N/A,N/A
Home & Garden (Legacy),Construction,Canada,N/A,$0.00  ~ $0.00 ,N/A,N/A,N/A,N/A,N/A
Home & Garden (Legacy),Martial Arts,United States,N/A,$0.00  ~ $0.00 ,N/A,N/A,N/A,N/A,N/A
Home & Garden (Legacy),Fashion,United States,N/A,$0.00  ~ $0.00 ,N/A,N/A,N/A,N/A,N/A
Home & Garden (Legacy),Mutual Funds,United States,N/A,$0.00  ~ $0.00 ,N/A,N/A,N/A,N/A,N/A
Home & Garden (Legacy),Mutual Funds,Canada,N/A,$0.00  ~ $0.00 ,N/A,N/A,N/A,N/A,N/A
Home & Garden (Legacy),Buying/Selling Cars,United States,N/A,$0.00  ~ $0.00 ,N/A,N/A,N/A,N/A,N/A
Home & Garden (Legacy),Buying/Selling Cars,Canada,N/A,$0.00  ~ $0.00 ,N/A,N/A,N/A,N/A,N/A
Home & Garden (Legacy),Real Estate,United States,N/A,$0.00  ~ $0.00 ,N/A,N/A,N/A,N/A,N/A
Home & Garden (Legacy),Real Estate,Canada,N/A,$0.00  ~ $0.00 ,N/A,N/A,N/A,N/A,N/A
Home & Garden (Legacy),Video & Computer Games,United States,N/A,$0.00  ~ $0.00 ,N/A,N/A,N/A,N/A,N/A
Home & Garden (Legacy),Theme Parks,United States,N/A,$0.00  ~ $0.00 ,N/A,N/A,N/A,N/A,N/A
Home & Garden (Legacy),Theme Parks,Canada,N/A,$0.00  ~ $0.00 ,N/A,N/A,N/A,N/A,N/A
Home & Garden (Legacy),"Law, Gov't & Politics",United States,N/A,$0.00  ~ $0.00 ,N/A,N/A,N/A,N/A,N/A
Home & Garden (Legacy),Barbecues & Grilling,Canada,N/A,$0.00  ~ $0.00 ,N/A,N/A,N/A,N/A,N/A
Home & Garden (Legacy),Mountain Biking,Canada,N/A,$0.00  ~ $0.00 ,N/A,N/A,N/A,N/A,N/A
Home & Garden (Legacy),Mountain Biking,United States,N/A,$0.00  ~ $0.00 ,N/A,N/A,N/A,N/A,N/A
Home & Garden (Legacy),Accessories,United States,N/A,$0.00  ~ $0.00 ,N/A,N/A,N/A,N/A,N/A
Home & Garden (Legacy),Human Resources,United States,N/A,$0.00  ~ $0.00 ,N/A,N/A,N/A,N/A,N/A
Home & Garden (Legacy),Human Resources,Canada,N/A,$0.00  ~ $0.00 ,N/A,N/A,N/A,N/A,N/A
Home & Garden (Legacy),Health & Fitness,United States,N/A,$0.00  ~ $0.00 ,N/A,N/A,N/A,N/A,N/A
Home & Garden (Legacy),Health & Fitness,Canada,N/A,$0.00  ~ $0.00 ,N/A,N/A,N/A,N/A,N/A
Home & Garden (Legacy),Family & Parenting,United States,N/A,$0.00  ~ $0.00 ,N/A,N/A,N/A,N/A,N/A
Home & Garden (Legacy),Family & Parenting,Canada,N/A,$0.00  ~ $0.00 ,N/A,N/A,N/A,N/A,N/A
Home & Garden (Legacy),Health/Lowfat Cooking,United States,N/A,$0.00  ~ $0.00 ,N/A,N/A,N/A,N/A,N/A
Home & Garden (Legacy),Health/Lowfat Cooking,Canada,N/A,$0.00  ~ $0.00 ,N/A,N/A,N/A,N/A,N/A
Home & Garden (Legacy),K-6 Educators,United States,N/A,$0.00  ~ $0.00 ,N/A,N/A,N/A,N/A,N/A
Home & Garden (Legacy),K-6 Educators,Canada,N/A,$0.00  ~ $0.00 ,N/A,N/A,N/A,N/A,N/A
Home & Garden (Legacy),Pediatrics,United States,N/A,$0.00  ~ $0.00 ,N/A,N/A,N/A,N/A,N/A
Home & Garden (Legacy),Certified Pre-Owned,United States,N/A,$0.00  ~ $0.00 ,N/A,N/A,N/A,N/A,N/A
Home & Garden (Legacy),Personal Finance,United States,N/A,$0.00  ~ $0.00 ,N/A,N/A,N/A,N/A,N/A
Home & Garden (Legacy),Personal Finance,Canada,N/A,$0.00  ~ $0.00 ,N/A,N/A,N/A,N/A,N/A
Home & Garden (Legacy),Automotive,United States,N/A,$0.00  ~ $0.00 ,N/A,N/A,N/A,N/A,N/A
Home & Garden (Legacy),Automotive,Canada,N/A,$0.00  ~ $0.00 ,N/A,N/A,N/A,N/A,N/A
Home & Garden (Legacy),Hotels,United States,N/A,$0.00  ~ $0.00 ,N/A,N/A,N/A,N/A,N/A
Home & Garden (Legacy),Hotels,Canada,N/A,$0.00  ~ $0.00 ,N/A,N/A,N/A,N/A,N/A
Home & Garden (Legacy),Entertainment,United States,N/A,$0.00  ~ $0.00 ,N/A,N/A,N/A,N/A,N/A
Home & Garden (Legacy),Thyroid Disease,United States,N/A,$0.00  ~ $0.00 ,N/A,N/A,N/A,N/A,N/A
Home & Garden (Legacy),Retirement Planning,United States,N/A,$0.00  ~ $0.00 ,N/A,N/A,N/A,N/A,N/A
Home & Garden (Legacy),Electric Vehicle,Canada,N/A,$0.00  ~ $0.00 ,N/A,N/A,N/A,N/A,N/A
Home & Garden (Legacy),Style & Fashion,United States,N/A,$0.00  ~ $0.00 ,N/A,N/A,N/A,N/A,N/A
Home & Garden (Legacy),Beauty,United States,N/A,$0.00  ~ $0.00 ,N/A,N/A,N/A,N/A,N/A
Home & Garden (Legacy),Beauty,Canada,N/A,$0.00  ~ $0.00 ,N/A,N/A,N/A,N/A,N/A
Home & Garden (Legacy),Apartments,Canada,N/A,$0.00  ~ $0.00 ,N/A,N/A,N/A,N/A,N/A
Home & Garden (Legacy),Apartments,United States,N/A,$0.00  ~ $0.00 ,N/A,N/A,N/A,N/A,N/A
Home & Garden (Legacy),Swimming,United States,N/A,$0.00  ~ $0.00 ,N/A,N/A,N/A,N/A,N/A
Home & Garden (Legacy),Net Conferencing,United States,N/A,$0.00  ~ $0.00 ,N/A,N/A,N/A,N/A,N/A
Home & Garden (Legacy),Net Conferencing,Canada,N/A,$0.00  ~ $0.00 ,N/A,N/A,N/A,N/A,N/A
Home & Garden (Legacy),Large Animals,United States,N/A,$0.00  ~ $0.00 ,N/A,N/A,N/A,N/A,N/A
Home & Garden (Legacy),Cuisine-Specific,United States,N/A,$0.00  ~ $0.00 ,N/A,N/A,N/A,N/A,N/A
Home & Garden (Legacy),Home & Garden,United States,N/A,$0.00  ~ $0.00 ,N/A,N/A,N/A,N/A,N/A
Home & Garden (Legacy),Home & Garden,Canada,N/A,$0.00  ~ $0.00 ,N/A,N/A,N/A,N/A,N/A
Home & Garden (Legacy),Business Software,United States,N/A,$0.00  ~ $0.00 ,N/A,N/A,N/A,N/A,N/A
Home & Garden (Legacy),Business Software,Canada,N/A,$0.00  ~ $0.00 ,N/A,N/A,N/A,N/A,N/A
Home & Garden (Legacy),Hobbies & Interests,Canada,N/A,$0.00  ~ $0.00 ,N/A,N/A,N/A,N/A,N/A
Home & Garden (Legacy),Hobbies & Interests,United States,N/A,$0.00  ~ $0.00 ,N/A,N/A,N/A,N/A,N/A
Home & Garden (Legacy),Trucks & Accessories,United States,N/A,$0.00  ~ $0.00 ,N/A,N/A,N/A,N/A,N/A
Home & Garden (Legacy),Careers,Canada,N/A,$0.00  ~ $0.00 ,N/A,N/A,N/A,N/A,N/A
Home & Garden (Legacy),Careers,United States,N/A,$0.00  ~ $0.00 ,N/A,N/A,N/A,N/A,N/A
Home & Garden (Legacy),Hunting/Shooting,United States,N/A,$0.00  ~ $0.00 ,N/A,N/A,N/A,N/A,N/A
Home & Garden (Legacy),Books & Literature,United States,N/A,$0.00  ~ $0.00 ,N/A,N/A,N/A,N/A,N/A
Home & Garden (Legacy),Books & Literature,Canada,N/A,$0.00  ~ $0.00 ,N/A,N/A,N/A,N/A,N/A
Home & Garden (Legacy),Weddings,United States,N/A,$0.00  ~ $0.00 ,N/A,N/A,N/A,N/A,N/A
Home & Garden (Legacy),Motorcycles,United States,N/A,$0.00  ~ $0.00 ,N/A,N/A,N/A,N/A,N/A
Home & Garden (Legacy),Motorcycles,Canada,N/A,$0.00  ~ $0.00 ,N/A,N/A,N/A,N/A,N/A
Home & Garden (Legacy),Marketing,Canada,N/A,$0.00  ~ $0.00 ,N/A,N/A,N/A,N/A,N/A
Home & Garden (Legacy),Marketing,United States,N/A,$0.00  ~ $0.00 ,N/A,N/A,N/A,N/A,N/A
Home & Garden (Legacy),Pro Basketball,United States,N/A,$0.00  ~ $0.00 ,N/A,N/A,N/A,N/A,N/A
Home & Garden (Legacy),Landscaping,United States,N/A,$0.00  ~ $0.00 ,N/A,N/A,N/A,N/A,N/A
Home & Garden (Legacy),Landscaping,Canada,N/A,$0.00  ~ $0.00 ,N/A,N/A,N/A,N/A,N/A
Home & Garden (Legacy),Appliances,United States,N/A,$0.00  ~ $0.00 ,N/A,N/A,N/A,N/A,N/A
Home & Garden (Legacy),Appliances,Canada,N/A,$0.00  ~ $0.00 ,N/A,N/A,N/A,N/A,N/A
Home & Garden (Legacy),Computer Certification,United States,N/A,$0.00  ~ $0.00 ,N/A,N/A,N/A,N/A,N/A
Home & Garden (Legacy),Daycare/Pre School,United States,N/A,$0.00  ~ $0.00 ,N/A,N/A,N/A,N/A,N/A
Home & Garden (Legacy),Daycare/Pre School,Canada,N/A,$0.00  ~ $0.00 ,N/A,N/A,N/A,N/A,N/A
Home & Garden (Legacy),Television,United States,N/A,$0.00  ~ $0.00 ,N/A,N/A,N/A,N/A,N/A
Home & Garden (Legacy),Incest/Abuse Support,United States,N/A,$0.00  ~ $0.00 ,N/A,N/A,N/A,N/A,N/A
Home & Garden (Legacy),Incest/Abuse Support,Canada,N/A,$0.00  ~ $0.00 ,N/A,N/A,N/A,N/A,N/A
Home & Garden (Legacy),Cameras & Camcorders,United States,N/A,$0.00  ~ $0.00 ,N/A,N/A,N/A,N/A,N/A
Home & Garden (Legacy),Cameras & Camcorders,Canada,N/A,$0.00  ~ $0.00 ,N/A,N/A,N/A,N/A,N/A
Home & Garden (Legacy),Fine Art,United States,N/A,$0.00  ~ $0.00 ,N/A,N/A,N/A,N/A,N/A
Home & Garden (Legacy),Fine Art,Canada,N/A,$0.00  ~ $0.00 ,N/A,N/A,N/A,N/A,N/A
Home & Garden (Legacy),Entertaining,United States,N/A,$0.00  ~ $0.00 ,N/A,N/A,N/A,N/A,N/A
Home & Garden (Legacy),Dental Care,United States,N/A,$0.00  ~ $0.00 ,N/A,N/A,N/A,N/A,N/A
Home & Garden (Legacy),Dental Care,Canada,N/A,$0.00  ~ $0.00 ,N/A,N/A,N/A,N/A,N/A
Home & Garden (Legacy),Network Security,United States,N/A,$0.00  ~ $0.00 ,N/A,N/A,N/A,N/A,N/A
Home & Garden (Legacy),Dining Out,Canada,N/A,$0.00  ~ $0.00 ,N/A,N/A,N/A,N/A,N/A
Home & Garden (Legacy),Dining Out,United States,N/A,$0.00  ~ $0.00 ,N/A,N/A,N/A,N/A,N/A
Home & Garden (Legacy),Cancer,United States,N/A,$0.00  ~ $0.00 ,N/A,N/A,N/A,N/A,N/A
Home & Garden (Legacy),Cancer,Canada,N/A,$0.00  ~ $0.00 ,N/A,N/A,N/A,N/A,N/A
Home & Garden (Legacy),Environmental Safety,United States,N/A,$0.00  ~ $0.00 ,N/A,N/A,N/A,N/A,N/A
Home & Garden (Legacy),Honeymoons/Getaways,Canada,N/A,$0.00  ~ $0.00 ,N/A,N/A,N/A,N/A,N/A
Home & Garden (Legacy),Honeymoons/Getaways,United States,N/A,$0.00  ~ $0.00 ,N/A,N/A,N/A,N/A,N/A
Home & Garden (Legacy),Veterinary Medicine,United States,N/A,$0.00  ~ $0.00 ,N/A,N/A,N/A,N/A,N/A
Home & Garden (Legacy),Veterinary Medicine,Canada,N/A,$0.00  ~ $0.00 ,N/A,N/A,N/A,N/A,N/A
Home & Garden (Legacy),Cell Phones,United States,N/A,$0.00  ~ $0.00 ,N/A,N/A,N/A,N/A,N/A
Home & Garden (Legacy),Jewelry,United States,N/A,$0.00  ~ $0.00 ,N/A,N/A,N/A,N/A,N/A
Home & Garden (Legacy),Jewelry,Canada,N/A,$0.00  ~ $0.00 ,N/A,N/A,N/A,N/A,N/A
Home & Garden (Legacy),College,United States,N/A,$0.00  ~ $0.00 ,N/A,N/A,N/A,N/A,N/A
Home & Garden (Legacy),College,Canada,N/A,$0.00  ~ $0.00 ,N/A,N/A,N/A,N/A,N/A
Home & Garden (Legacy),Cold & Flu,United States,N/A,$0.00  ~ $0.00 ,N/A,N/A,N/A,N/A,N/A
Home & Garden (Legacy),Cold & Flu,Canada,N/A,$0.00  ~ $0.00 ,N/A,N/A,N/A,N/A,N/A
Home & Garden (Legacy),Arts & Crafts,United States,N/A,$0.00  ~ $0.00 ,N/A,N/A,N/A,N/A,N/A
Home & Garden (Legacy),Catholicism,United States,N/A,$0.00  ~ $0.00 ,N/A,N/A,N/A,N/A,N/A
Home & Garden (Legacy),Teens,United States,N/A,$0.00  ~ $0.00 ,N/A,N/A,N/A,N/A,N/A
Home & Garden (Legacy),Tax Planning,United States,N/A,$0.00  ~ $0.00 ,N/A,N/A,N/A,N/A,N/A
Home & Garden (Legacy),Business,United States,N/A,$0.00  ~ $0.00 ,N/A,N/A,N/A,N/A,N/A
Home & Garden (Legacy),Business,Canada,N/A,$0.00  ~ $0.00 ,N/A,N/A,N/A,N/A,N/A
Home & Garden (Legacy),Cruises,United States,N/A,$0.00  ~ $0.00 ,N/A,N/A,N/A,N/A,N/A
Home & Garden (Legacy),Cruises,Canada,N/A,$0.00  ~ $0.00 ,N/A,N/A,N/A,N/A,N/A
Home & Garden (Legacy),Metals,United States,N/A,$0.00  ~ $0.00 ,N/A,N/A,N/A,N/A,N/A
Home & Garden (Legacy),Metals,Canada,N/A,$0.00  ~ $0.00 ,N/A,N/A,N/A,N/A,N/A
Home & Garden (Legacy),Pets,Canada,N/A,$0.00  ~ $0.00 ,N/A,N/A,N/A,N/A,N/A
Home & Garden (Legacy),Pets,United States,N/A,$0.00  ~ $0.00 ,N/A,N/A,N/A,N/A,N/A
Home & Garden (Legacy),Camping,United States,N/A,$0.00  ~ $0.00 ,N/A,N/A,N/A,N/A,N/A
Home & Garden (Legacy),Canada,Canada,N/A,$0.00  ~ $0.00 ,N/A,N/A,N/A,N/A,N/A
Home & Garden (Legacy),Investors & Patents,United States,N/A,$0.00  ~ $0.00 ,N/A,N/A,N/A,N/A,N/A
Home & Garden (Legacy),Investors & Patents,Canada,N/A,$0.00  ~ $0.00 ,N/A,N/A,N/A,N/A,N/A
Home & Garden (Legacy),Scholarships,United States,N/A,$0.00  ~ $0.00 ,N/A,N/A,N/A,N/A,N/A
Home & Garden (Legacy),Remodeling & Construction,Canada,N/A,$0.00  ~ $0.00 ,N/A,N/A,N/A,N/A,N/A
Home & Garden (Legacy),Remodeling & Construction,United States,N/A,$0.00  ~ $0.00 ,N/A,N/A,N/A,N/A,N/A
Home & Garden (Legacy),Travel,Canada,N/A,$0.00  ~ $0.00 ,N/A,N/A,N/A,N/A,N/A
Home & Garden (Legacy),Travel,United States,N/A,$0.00  ~ $0.00 ,N/A,N/A,N/A,N/A,N/A
Home & Garden (Legacy),Credit/Debt & Loans,United States,N/A,$0.00  ~ $0.00 ,N/A,N/A,N/A,N/A,N/A
Home & Garden (Legacy),Credit/Debt & Loans,Canada,N/A,$0.00  ~ $0.00 ,N/A,N/A,N/A,N/A,N/A
Home & Garden (Legacy),Green Solutions,United States,N/A,$0.00  ~ $0.00 ,N/A,N/A,N/A,N/A,N/A
Home & Garden (Legacy),Green Solutions,Canada,N/A,$0.00  ~ $0.00 ,N/A,N/A,N/A,N/A,N/A
Home & Garden (Legacy),Contests & Freebies,United States,N/A,$0.00  ~ $0.00 ,N/A,N/A,N/A,N/A,N/A
Home & Garden (Legacy),Radio,United States,N/A,$0.00  ~ $0.00 ,N/A,N/A,N/A,N/A,N/A
Home & Garden (Legacy),Stocks,United States,N/A,$0.00  ~ $0.00 ,N/A,N/A,N/A,N/A,N/A
Home & Garden (Legacy),Guitar,United States,N/A,$0.00  ~ $0.00 ,N/A,N/A,N/A,N/A,N/A
Home & Garden (Legacy),Shopping,United States,N/A,$0.00  ~ $0.00 ,N/A,N/A,N/A,N/A,N/A
Home & Garden (Legacy),Shopping,Canada,N/A,$0.00  ~ $0.00 ,N/A,N/A,N/A,N/A,N/A
Home & Garden (Legacy),Football,United States,N/A,$0.00  ~ $0.00 ,N/A,N/A,N/A,N/A,N/A
Home & Garden (Legacy),Football,Canada,N/A,$0.00  ~ $0.00 ,N/A,N/A,N/A,N/A,N/A
Home & Garden (Legacy),Investing,United States,N/A,$0.00  ~ $0.00 ,N/A,N/A,N/A,N/A,N/A
Home & Garden (Legacy),Investing,Canada,N/A,$0.00  ~ $0.00 ,N/A,N/A,N/A,N/A,N/A
Home & Garden (Legacy),Babies & Toddlers,United States,N/A,$0.00  ~ $0.00 ,N/A,N/A,N/A,N/A,N/A
Home & Garden (Legacy),Babies & Toddlers,Canada,N/A,$0.00  ~ $0.00 ,N/A,N/A,N/A,N/A,N/A
Home & Garden (Legacy),Internet Technology,Canada,N/A,$0.00  ~ $0.00 ,N/A,N/A,N/A,N/A,N/A
Home & Garden (Legacy),Internet Technology,United States,N/A,$0.00  ~ $0.00 ,N/A,N/A,N/A,N/A,N/A
Home & Garden (Legacy),Infertility,United States,N/A,$0.00  ~ $0.00 ,N/A,N/A,N/A,N/A,N/A
Home & Garden (Legacy),Auto Repair,United States,N/A,$0.00  ~ $0.00 ,N/A,N/A,N/A,N/A,N/A
Home & Garden (Legacy),Auto Repair,Canada,N/A,$0.00  ~ $0.00 ,N/A,N/A,N/A,N/A,N/A
Home & Garden (Legacy),Psychology/Psychiatry,United States,N/A,$0.00  ~ $0.00 ,N/A,N/A,N/A,N/A,N/A
Home & Garden (Legacy),Psychology/Psychiatry,Canada,N/A,$0.00  ~ $0.00 ,N/A,N/A,N/A,N/A,N/A
Home & Garden (Legacy),Insurance,United States,N/A,$0.00  ~ $0.00 ,N/A,N/A,N/A,N/A,N/A
Home & Garden (Legacy),Insurance,Canada,N/A,$0.00  ~ $0.00 ,N/A,N/A,N/A,N/A,N/A
Home & Garden (Legacy),Arts & Entertainment,Canada,N/A,$0.00  ~ $0.00 ,N/A,N/A,N/A,N/A,N/A
Home & Garden (Legacy),Arts & Entertainment,United States,N/A,$0.00  ~ $0.00 ,N/A,N/A,N/A,N/A,N/A
Home & Garden (Legacy),News,United States,N/A,$0.00  ~ $0.00 ,N/A,N/A,N/A,N/A,N/A
Home & Garden (Legacy),News,Canada,N/A,$0.00  ~ $0.00 ,N/A,N/A,N/A,N/A,N/A
Home & Garden (Legacy),Career Planning,United States,N/A,$0.00  ~ $0.00 ,N/A,N/A,N/A,N/A,N/A
Home & Garden (Legacy),Career Planning,Canada,N/A,$0.00  ~ $0.00 ,N/A,N/A,N/A,N/A,N/A
Home & Garden (Legacy),Couponing,United States,N/A,$0.00  ~ $0.00 ,N/A,N/A,N/A,N/A,N/A
Home & Garden (Legacy),Couponing,Canada,N/A,$0.00  ~ $0.00 ,N/A,N/A,N/A,N/A,N/A
Home & Garden (Legacy),Buying/Selling Homes,United States,N/A,$0.00  ~ $0.00 ,N/A,N/A,N/A,N/A,N/A
Home & Garden (Legacy),Buying/Selling Homes,Canada,N/A,$0.00  ~ $0.00 ,N/A,N/A,N/A,N/A,N/A
Home & Garden (Legacy),Adventure Travel,United States,N/A,$0.00  ~ $0.00 ,N/A,N/A,N/A,N/A,N/A
Home & Garden (Legacy),Sailing,United States,N/A,$0.00  ~ $0.00 ,N/A,N/A,N/A,N/A,N/A
Home & Garden (Legacy),Italian Cuisine,United States,N/A,$0.00  ~ $0.00 ,N/A,N/A,N/A,N/A,N/A
Home & Garden (Legacy),Gardening,United States,N/A,$0.00  ~ $0.00 ,N/A,N/A,N/A,N/A,N/A
Home & Garden (Legacy),Gardening,Canada,N/A,$0.00  ~ $0.00 ,N/A,N/A,N/A,N/A,N/A
Home & Garden (Legacy),Advertising,United States,N/A,$0.00  ~ $0.00 ,N/A,N/A,N/A,N/A,N/A
Home & Garden (Legacy),Advertising,Canada,N/A,$0.00  ~ $0.00 ,N/A,N/A,N/A,N/A,N/A
Home & Garden (Legacy),Biotech/Biomedical,United States,N/A,$0.00  ~ $0.00 ,N/A,N/A,N/A,N/A,N/A
Home & Garden (Legacy),Biotech/Biomedical,Canada,N/A,$0.00  ~ $0.00 ,N/A,N/A,N/A,N/A,N/A
Home & Garden (Legacy),Cigars,United States,N/A,$0.00  ~ $0.00 ,N/A,N/A,N/A,N/A,N/A
Home & Garden (Legacy),Technology & Computing,United States,N/A,$0.00  ~ $0.00 ,N/A,N/A,N/A,N/A,N/A
Home & Garden (Legacy),Technology & Computing,Canada,N/A,$0.00  ~ $0.00 ,N/A,N/A,N/A,N/A,N/A
Home & Garden (Legacy),Collecting,United States,N/A,$0.00  ~ $0.00 ,N/A,N/A,N/A,N/A,N/A
Home & Garden (Legacy),Forestry,United States,N/A,$0.00  ~ $0.00 ,N/A,N/A,N/A,N/A,N/A
Home & Garden (Legacy),U.S. Military,United States,N/A,$0.00  ~ $0.00 ,N/A,N/A,N/A,N/A,N/A
Home & Garden (Legacy),Government,United States,N/A,$0.00  ~ $0.00 ,N/A,N/A,N/A,N/A,N/A
Home & Garden (Legacy),Government,Canada,N/A,$0.00  ~ $0.00 ,N/A,N/A,N/A,N/A,N/A
Home & Garden (Legacy),Dogs,United States,N/A,$0.00  ~ $0.00 ,N/A,N/A,N/A,N/A,N/A
Home & Garden (Legacy),Dogs,Canada,N/A,$0.00  ~ $0.00 ,N/A,N/A,N/A,N/A,N/A
Home & Garden (Legacy),Alternative Religions,United States,N/A,$0.00  ~ $0.00 ,N/A,N/A,N/A,N/A,N/A
Home & Garden (Legacy),Language Learning,United States,N/A,$0.00  ~ $0.00 ,N/A,N/A,N/A,N/A,N/A
Home & Garden (Legacy),Language Learning,Canada,N/A,$0.00  ~ $0.00 ,N/A,N/A,N/A,N/A,N/A
Home & Garden (Legacy),Dermatology,United States,N/A,$0.00  ~ $0.00 ,N/A,N/A,N/A,N/A,N/A
Home & Garden (Legacy),Dermatology,Canada,N/A,$0.00  ~ $0.00 ,N/A,N/A,N/A,N/A,N/A
Home & Garden (Legacy),Body Art,United States,N/A,$0.00  ~ $0.00 ,N/A,N/A,N/A,N/A,N/A
Home & Garden (Legacy),Interior Decorating,United States,N/A,$0.00  ~ $0.00 ,N/A,N/A,N/A,N/A,N/A
Home & Garden (Legacy),Interior Decorating,Canada,N/A,$0.00  ~ $0.00 ,N/A,N/A,N/A,N/A,N/A
Home & Garden (Legacy),Logistics,United States,N/A,$0.00  ~ $0.00 ,N/A,N/A,N/A,N/A,N/A
Home & Garden (Legacy),Logistics,Canada,N/A,$0.00  ~ $0.00 ,N/A,N/A,N/A,N/A,N/A
Home & Garden (Legacy),Art/Technology,United States,N/A,$0.00  ~ $0.00 ,N/A,N/A,N/A,N/A,N/A
Home & Garden (Legacy),Art/Technology,Canada,N/A,$0.00  ~ $0.00 ,N/A,N/A,N/A,N/A,N/A
Home & Garden (Legacy),Computer Peripherals,United States,N/A,$0.00  ~ $0.00 ,N/A,N/A,N/A,N/A,N/A
Home & Garden (Legacy),Computer Peripherals,Canada,N/A,$0.00  ~ $0.00 ,N/A,N/A,N/A,N/A,N/A
Home & Garden (Legacy),Chronic Pain,United States,N/A,$0.00  ~ $0.00 ,N/A,N/A,N/A,N/A,N/A
Home & Garden (Legacy),Stamps & Coins,United States,N/A,$0.00  ~ $0.00 ,N/A,N/A,N/A,N/A,N/A
Home & Garden (Legacy),Clothing,United States,N/A,$0.00  ~ $0.00 ,N/A,N/A,N/A,N/A,N/A
Home & Garden (Legacy),Clothing,Canada,N/A,$0.00  ~ $0.00 ,N/A,N/A,N/A,N/A,N/A
Home & Garden (Legacy),U.S. Government Resources,United States,N/A,$0.00  ~ $0.00 ,N/A,N/A,N/A,N/A,N/A
Home & Garden (Legacy),Local News,United States,N/A,$0.00  ~ $0.00 ,N/A,N/A,N/A,N/A,N/A
Home & Garden (Legacy),Graduate School,United States,N/A,$0.00  ~ $0.00 ,N/A,N/A,N/A,N/A,N/A
Home & Garden (Legacy),Graduate School,Canada,N/A,$0.00  ~ $0.00 ,N/A,N/A,N/A,N/A,N/A
Home & Garden (Legacy),Home Repair,United States,N/A,$0.00  ~ $0.00 ,N/A,N/A,N/A,N/A,N/A
Home & Garden (Legacy),Home Repair,Canada,N/A,$0.00  ~ $0.00 ,N/A,N/A,N/A,N/A,N/A
Home & Garden (Legacy),Job Search,United States,N/A,$0.00  ~ $0.00 ,N/A,N/A,N/A,N/A,N/A
Home & Garden (Legacy),Job Search,Canada,N/A,$0.00  ~ $0.00 ,N/A,N/A,N/A,N/A,N/A
Home & Garden (Legacy),Senor Health,United States,N/A,$0.00  ~ $0.00 ,N/A,N/A,N/A,N/A,N/A
Home & Garden (Legacy),Senor Health,Canada,N/A,$0.00  ~ $0.00 ,N/A,N/A,N/A,N/A,N/A
Home & Garden (Legacy),Weight Loss,United States,N/A,$0.00  ~ $0.00 ,N/A,N/A,N/A,N/A,N/A
Home & Garden (Legacy),Distance Learning,United States,N/A,$0.00  ~ $0.00 ,N/A,N/A,N/A,N/A,N/A
Home & Garden (Legacy),Arthritis,United States,N/A,$0.00  ~ $0.00 ,N/A,N/A,N/A,N/A,N/A
Home & Garden (Legacy),Card Games,United States,N/A,$0.00  ~ $0.00 ,N/A,N/A,N/A,N/A,N/A
Home & Garden (Legacy),Card Games,Canada,N/A,$0.00  ~ $0.00 ,N/A,N/A,N/A,N/A,N/A
Home & Garden (Legacy),Roleplaying Games,United States,N/A,$0.00  ~ $0.00 ,N/A,N/A,N/A,N/A,N/A
Home & Garden (Legacy),Legal Issues,United States,N/A,$0.00  ~ $0.00 ,N/A,N/A,N/A,N/A,N/A
Home & Garden (Legacy),Legal Issues,Canada,N/A,$0.00  ~ $0.00 ,N/A,N/A,N/A,N/A,N/A
Home & Garden (Legacy),Alternative Medicine,United States,N/A,$0.00  ~ $0.00 ,N/A,N/A,N/A,N/A,N/A
Home & Garden (Legacy),Alternative Medicine,Canada,N/A,$0.00  ~ $0.00 ,N/A,N/A,N/A,N/A,N/A
Home & Garden (Legacy),Road-Side Assistance,United States,N/A,$0.00  ~ $0.00 ,N/A,N/A,N/A,N/A,N/A
Home & Garden (Legacy),Coffee/Tea,United States,N/A,$0.00  ~ $0.00 ,N/A,N/A,N/A,N/A,N/A
Home & Garden (Legacy),Food & Drink,United States,N/A,$0.00  ~ $0.00 ,N/A,N/A,N/A,N/A,N/A
Home & Garden (Legacy),Food & Drink,Canada,N/A,$0.00  ~ $0.00 ,N/A,N/A,N/A,N/A,N/A
Home & Garden (Legacy),Physical Therapy,United States,N/A,$0.00  ~ $0.00 ,N/A,N/A,N/A,N/A,N/A
Home & Garden (Legacy),Physical Therapy,Canada,N/A,$0.00  ~ $0.00 ,N/A,N/A,N/A,N/A,N/A
Home & Garden (Legacy),Computer Networking,United States,N/A,$0.00  ~ $0.00 ,N/A,N/A,N/A,N/A,N/A
Home & Garden (Legacy),Financial Aid,United States,N/A,$0.00  ~ $0.00 ,N/A,N/A,N/A,N/A,N/A
Home & Garden (Legacy),Senior Living,Canada,N/A,$0.00  ~ $0.00 ,N/A,N/A,N/A,N/A,N/A
Home & Garden (Legacy),Senior Living,United States,N/A,$0.00  ~ $0.00 ,N/A,N/A,N/A,N/A,N/A
Home & Garden (Legacy),Nutrition,United States,N/A,$0.00  ~ $0.00 ,N/A,N/A,N/A,N/A,N/A
Home & Garden (Legacy),Nutrition,Canada,N/A,$0.00  ~ $0.00 ,N/A,N/A,N/A,N/A,N/A
Home & Garden (Legacy),Desserts & Baking,United States,N/A,$0.00  ~ $0.00 ,N/A,N/A,N/A,N/A,N/A
Home & Garden (Legacy),Desserts & Baking,Canada,N/A,$0.00  ~ $0.00 ,N/A,N/A,N/A,N/A,N/A
"Law, Gov't & Politics (Legacy)",Wine,United States,N/A,$0.00  ~ $0.00 ,N/A,N/A,N/A,N/A,N/A
"Law, Gov't & Politics (Legacy)",Television,United States,N/A,$0.00  ~ $0.00 ,N/A,N/A,N/A,N/A,N/A
"Law, Gov't & Politics (Legacy)",Auto Repair,United States,N/A,$0.00  ~ $0.00 ,N/A,N/A,N/A,N/A,N/A
"Law, Gov't & Politics (Legacy)",Auto Repair,Canada,N/A,$0.00  ~ $0.00 ,N/A,N/A,N/A,N/A,N/A
"Law, Gov't & Politics (Legacy)",Nutrition,United States,N/A,$0.00  ~ $0.00 ,N/A,N/A,N/A,N/A,N/A
"Law, Gov't & Politics (Legacy)",Nutrition,Canada,N/A,$0.00  ~ $0.00 ,N/A,N/A,N/A,N/A,N/A
"Law, Gov't & Politics (Legacy)",Entertaining,United States,N/A,$0.00  ~ $0.00 ,N/A,N/A,N/A,N/A,N/A
"Law, Gov't & Politics (Legacy)",Entertaining,Canada,N/A,$0.00  ~ $0.00 ,N/A,N/A,N/A,N/A,N/A
"Law, Gov't & Politics (Legacy)",Financial Aid,United States,N/A,$0.00  ~ $0.00 ,N/A,N/A,N/A,N/A,N/A
"Law, Gov't & Politics (Legacy)",Thyroid Disease,United States,N/A,$0.00  ~ $0.00 ,N/A,N/A,N/A,N/A,N/A
"Law, Gov't & Politics (Legacy)",Body Art,United States,N/A,$0.00  ~ $0.00 ,N/A,N/A,N/A,N/A,N/A
"Law, Gov't & Politics (Legacy)",Career Planning,United States,N/A,$0.00  ~ $0.00 ,N/A,N/A,N/A,N/A,N/A
"Law, Gov't & Politics (Legacy)",Career Planning,Canada,N/A,$0.00  ~ $0.00 ,N/A,N/A,N/A,N/A,N/A
"Law, Gov't & Politics (Legacy)",Computer Networking,United States,N/A,$0.00  ~ $0.00 ,N/A,N/A,N/A,N/A,N/A
"Law, Gov't & Politics (Legacy)",Catholicism,United States,N/A,$0.00  ~ $0.00 ,N/A,N/A,N/A,N/A,N/A
"Law, Gov't & Politics (Legacy)",Auto Parts,Canada,N/A,$0.00  ~ $0.00 ,N/A,N/A,N/A,N/A,N/A
"Law, Gov't & Politics (Legacy)",Auto Parts,United States,N/A,$0.00  ~ $0.00 ,N/A,N/A,N/A,N/A,N/A
"Law, Gov't & Politics (Legacy)",Infertility,United States,N/A,$0.00  ~ $0.00 ,N/A,N/A,N/A,N/A,N/A
"Law, Gov't & Politics (Legacy)",Beauty,United States,N/A,$0.00  ~ $0.00 ,N/A,N/A,N/A,N/A,N/A
"Law, Gov't & Politics (Legacy)",Beauty,Canada,N/A,$0.00  ~ $0.00 ,N/A,N/A,N/A,N/A,N/A
"Law, Gov't & Politics (Legacy)",Theme Parks,Canada,N/A,$0.00  ~ $0.00 ,N/A,N/A,N/A,N/A,N/A
"Law, Gov't & Politics (Legacy)",Theme Parks,United States,N/A,$0.00  ~ $0.00 ,N/A,N/A,N/A,N/A,N/A
"Law, Gov't & Politics (Legacy)",Hunting/Shooting,United States,N/A,$0.00  ~ $0.00 ,N/A,N/A,N/A,N/A,N/A
"Law, Gov't & Politics (Legacy)",Internet Technology,United States,N/A,$0.00  ~ $0.00 ,N/A,N/A,N/A,N/A,N/A
"Law, Gov't & Politics (Legacy)",Electric Vehicle,Canada,N/A,$0.00  ~ $0.00 ,N/A,N/A,N/A,N/A,N/A
"Law, Gov't & Politics (Legacy)",Alternative Religions,United States,N/A,$0.00  ~ $0.00 ,N/A,N/A,N/A,N/A,N/A
"Law, Gov't & Politics (Legacy)",Government,Canada,N/A,$0.00  ~ $0.00 ,N/A,N/A,N/A,N/A,N/A
"Law, Gov't & Politics (Legacy)",Government,United States,N/A,$0.00  ~ $0.00 ,N/A,N/A,N/A,N/A,N/A
"Law, Gov't & Politics (Legacy)",Canada,Canada,N/A,$0.00  ~ $0.00 ,N/A,N/A,N/A,N/A,N/A
"Law, Gov't & Politics (Legacy)",Insurance,United States,N/A,$0.00  ~ $0.00 ,N/A,N/A,N/A,N/A,N/A
"Law, Gov't & Politics (Legacy)",Insurance,Canada,N/A,$0.00  ~ $0.00 ,N/A,N/A,N/A,N/A,N/A
"Law, Gov't & Politics (Legacy)",Couponing,United States,N/A,$0.00  ~ $0.00 ,N/A,N/A,N/A,N/A,N/A
"Law, Gov't & Politics (Legacy)",Couponing,Canada,N/A,$0.00  ~ $0.00 ,N/A,N/A,N/A,N/A,N/A
"Law, Gov't & Politics (Legacy)",Scholarships,United States,N/A,$0.00  ~ $0.00 ,N/A,N/A,N/A,N/A,N/A
"Law, Gov't & Politics (Legacy)",Arthritis,United States,N/A,$0.00  ~ $0.00 ,N/A,N/A,N/A,N/A,N/A
"Law, Gov't & Politics (Legacy)",Roleplaying Games,United States,N/A,$0.00  ~ $0.00 ,N/A,N/A,N/A,N/A,N/A
"Law, Gov't & Politics (Legacy)",Astrology,United States,N/A,$0.00  ~ $0.00 ,N/A,N/A,N/A,N/A,N/A
"Law, Gov't & Politics (Legacy)",Astrology,Canada,N/A,$0.00  ~ $0.00 ,N/A,N/A,N/A,N/A,N/A
"Law, Gov't & Politics (Legacy)",Jewelry,United States,N/A,$0.00  ~ $0.00 ,N/A,N/A,N/A,N/A,N/A
"Law, Gov't & Politics (Legacy)",Jewelry,Canada,N/A,$0.00  ~ $0.00 ,N/A,N/A,N/A,N/A,N/A
"Law, Gov't & Politics (Legacy)",Incest/Abuse Support,Canada,N/A,$0.00  ~ $0.00 ,N/A,N/A,N/A,N/A,N/A
"Law, Gov't & Politics (Legacy)",Incest/Abuse Support,United States,N/A,$0.00  ~ $0.00 ,N/A,N/A,N/A,N/A,N/A
"Law, Gov't & Politics (Legacy)",Health/Lowfat Cooking,United States,N/A,$0.00  ~ $0.00 ,N/A,N/A,N/A,N/A,N/A
"Law, Gov't & Politics (Legacy)",Health/Lowfat Cooking,Canada,N/A,$0.00  ~ $0.00 ,N/A,N/A,N/A,N/A,N/A
"Law, Gov't & Politics (Legacy)",Landscaping,Canada,N/A,$0.00  ~ $0.00 ,N/A,N/A,N/A,N/A,N/A
"Law, Gov't & Politics (Legacy)",Landscaping,United States,N/A,$0.00  ~ $0.00 ,N/A,N/A,N/A,N/A,N/A
"Law, Gov't & Politics (Legacy)",Camping,United States,N/A,$0.00  ~ $0.00 ,N/A,N/A,N/A,N/A,N/A
"Law, Gov't & Politics (Legacy)",Martial Arts,Canada,N/A,$0.00  ~ $0.00 ,N/A,N/A,N/A,N/A,N/A
"Law, Gov't & Politics (Legacy)",Martial Arts,United States,N/A,$0.00  ~ $0.00 ,N/A,N/A,N/A,N/A,N/A
"Law, Gov't & Politics (Legacy)",Language Learning,United States,N/A,$0.00  ~ $0.00 ,N/A,N/A,N/A,N/A,N/A
"Law, Gov't & Politics (Legacy)",Pets,United States,N/A,$0.00  ~ $0.00 ,N/A,N/A,N/A,N/A,N/A
"Law, Gov't & Politics (Legacy)",Pets,Canada,N/A,$0.00  ~ $0.00 ,N/A,N/A,N/A,N/A,N/A
"Law, Gov't & Politics (Legacy)",Education,United States,N/A,$0.00  ~ $0.00 ,N/A,N/A,N/A,N/A,N/A
"Law, Gov't & Politics (Legacy)",Education,Canada,N/A,$0.00  ~ $0.00 ,N/A,N/A,N/A,N/A,N/A
"Law, Gov't & Politics (Legacy)",Politics,United States,N/A,$0.00  ~ $0.00 ,N/A,N/A,N/A,N/A,N/A
"Law, Gov't & Politics (Legacy)",Politics,Canada,N/A,$0.00  ~ $0.00 ,N/A,N/A,N/A,N/A,N/A
"Law, Gov't & Politics (Legacy)",Shopping,Canada,N/A,$0.00  ~ $0.00 ,N/A,N/A,N/A,N/A,N/A
"Law, Gov't & Politics (Legacy)",Shopping,United States,N/A,$0.00  ~ $0.00 ,N/A,N/A,N/A,N/A,N/A
"Law, Gov't & Politics (Legacy)",Cigars,United States,N/A,$0.00  ~ $0.00 ,N/A,N/A,N/A,N/A,N/A
"Law, Gov't & Politics (Legacy)",Marketing,Canada,N/A,$0.00  ~ $0.00 ,N/A,N/A,N/A,N/A,N/A
"Law, Gov't & Politics (Legacy)",Marketing,United States,N/A,$0.00  ~ $0.00 ,N/A,N/A,N/A,N/A,N/A
"Law, Gov't & Politics (Legacy)",Honeymoons/Getaways,United States,N/A,$0.00  ~ $0.00 ,N/A,N/A,N/A,N/A,N/A
"Law, Gov't & Politics (Legacy)",Honeymoons/Getaways,Canada,N/A,$0.00  ~ $0.00 ,N/A,N/A,N/A,N/A,N/A
"Law, Gov't & Politics (Legacy)",Real Estate,United States,N/A,$0.00  ~ $0.00 ,N/A,N/A,N/A,N/A,N/A
"Law, Gov't & Politics (Legacy)",Real Estate,Canada,N/A,$0.00  ~ $0.00 ,N/A,N/A,N/A,N/A,N/A
"Law, Gov't & Politics (Legacy)",Careers,United States,N/A,$0.00  ~ $0.00 ,N/A,N/A,N/A,N/A,N/A
"Law, Gov't & Politics (Legacy)",Careers,Canada,N/A,$0.00  ~ $0.00 ,N/A,N/A,N/A,N/A,N/A
"Law, Gov't & Politics (Legacy)",Sailing,United States,N/A,$0.00  ~ $0.00 ,N/A,N/A,N/A,N/A,N/A
"Law, Gov't & Politics (Legacy)",Comparison,United States,N/A,$0.00  ~ $0.00 ,N/A,N/A,N/A,N/A,N/A
"Law, Gov't & Politics (Legacy)",Travel,United States,N/A,$0.00  ~ $0.00 ,N/A,N/A,N/A,N/A,N/A
"Law, Gov't & Politics (Legacy)",Travel,Canada,N/A,$0.00  ~ $0.00 ,N/A,N/A,N/A,N/A,N/A
"Law, Gov't & Politics (Legacy)",Business,United States,N/A,$0.00  ~ $0.00 ,N/A,N/A,N/A,N/A,N/A
"Law, Gov't & Politics (Legacy)",Business,Canada,N/A,$0.00  ~ $0.00 ,N/A,N/A,N/A,N/A,N/A
"Law, Gov't & Politics (Legacy)",Metals,United States,N/A,$0.00  ~ $0.00 ,N/A,N/A,N/A,N/A,N/A
"Law, Gov't & Politics (Legacy)",Metals,Canada,N/A,$0.00  ~ $0.00 ,N/A,N/A,N/A,N/A,N/A
"Law, Gov't & Politics (Legacy)",News,United States,N/A,$0.00  ~ $0.00 ,N/A,N/A,N/A,N/A,N/A
"Law, Gov't & Politics (Legacy)",News,Canada,N/A,$0.00  ~ $0.00 ,N/A,N/A,N/A,N/A,N/A
"Law, Gov't & Politics (Legacy)",Large Animals,United States,N/A,$0.00  ~ $0.00 ,N/A,N/A,N/A,N/A,N/A
"Law, Gov't & Politics (Legacy)",Investing,United States,N/A,$0.00  ~ $0.00 ,N/A,N/A,N/A,N/A,N/A
"Law, Gov't & Politics (Legacy)",Investing,Canada,N/A,$0.00  ~ $0.00 ,N/A,N/A,N/A,N/A,N/A
"Law, Gov't & Politics (Legacy)",Commentary,United States,N/A,$0.00  ~ $0.00 ,N/A,N/A,N/A,N/A,N/A
"Law, Gov't & Politics (Legacy)",Coffee/Tea,United States,N/A,$0.00  ~ $0.00 ,N/A,N/A,N/A,N/A,N/A
"Law, Gov't & Politics (Legacy)",Cold & Flu,United States,N/A,$0.00  ~ $0.00 ,N/A,N/A,N/A,N/A,N/A
"Law, Gov't & Politics (Legacy)",Cold & Flu,Canada,N/A,$0.00  ~ $0.00 ,N/A,N/A,N/A,N/A,N/A
"Law, Gov't & Politics (Legacy)",Dental Care,United States,N/A,$0.00  ~ $0.00 ,N/A,N/A,N/A,N/A,N/A
"Law, Gov't & Politics (Legacy)",Dental Care,Canada,N/A,$0.00  ~ $0.00 ,N/A,N/A,N/A,N/A,N/A
"Law, Gov't & Politics (Legacy)",Retirement Planning,United States,N/A,$0.00  ~ $0.00 ,N/A,N/A,N/A,N/A,N/A
"Law, Gov't & Politics (Legacy)",Retirement Planning,Canada,N/A,$0.00  ~ $0.00 ,N/A,N/A,N/A,N/A,N/A
"Law, Gov't & Politics (Legacy)",Incontinence,United States,N/A,$0.00  ~ $0.00 ,N/A,N/A,N/A,N/A,N/A
"Law, Gov't & Politics (Legacy)",Daycare/Pre School,United States,N/A,$0.00  ~ $0.00 ,N/A,N/A,N/A,N/A,N/A
"Law, Gov't & Politics (Legacy)",Daycare/Pre School,Canada,N/A,$0.00  ~ $0.00 ,N/A,N/A,N/A,N/A,N/A
"Law, Gov't & Politics (Legacy)",Remodeling & Construction,United States,N/A,$0.00  ~ $0.00 ,N/A,N/A,N/A,N/A,N/A
"Law, Gov't & Politics (Legacy)",Remodeling & Construction,Canada,N/A,$0.00  ~ $0.00 ,N/A,N/A,N/A,N/A,N/A
"Law, Gov't & Politics (Legacy)",Advertising,United States,N/A,$0.00  ~ $0.00 ,N/A,N/A,N/A,N/A,N/A
"Law, Gov't & Politics (Legacy)",Advertising,Canada,N/A,$0.00  ~ $0.00 ,N/A,N/A,N/A,N/A,N/A
"Law, Gov't & Politics (Legacy)",Interior Decorating,Canada,N/A,$0.00  ~ $0.00 ,N/A,N/A,N/A,N/A,N/A
"Law, Gov't & Politics (Legacy)",Interior Decorating,United States,N/A,$0.00  ~ $0.00 ,N/A,N/A,N/A,N/A,N/A
"Law, Gov't & Politics (Legacy)",U.S. Military,United States,N/A,$0.00  ~ $0.00 ,N/A,N/A,N/A,N/A,N/A
"Law, Gov't & Politics (Legacy)",Off-Road Vehicles,Canada,N/A,$0.00  ~ $0.00 ,N/A,N/A,N/A,N/A,N/A
"Law, Gov't & Politics (Legacy)",Off-Road Vehicles,United States,N/A,$0.00  ~ $0.00 ,N/A,N/A,N/A,N/A,N/A
"Law, Gov't & Politics (Legacy)",Dermatology,United States,N/A,$0.00  ~ $0.00 ,N/A,N/A,N/A,N/A,N/A
"Law, Gov't & Politics (Legacy)",Dermatology,Canada,N/A,$0.00  ~ $0.00 ,N/A,N/A,N/A,N/A,N/A
"Law, Gov't & Politics (Legacy)",Tax Planning,United States,N/A,$0.00  ~ $0.00 ,N/A,N/A,N/A,N/A,N/A
"Law, Gov't & Politics (Legacy)",Mutual Funds,United States,N/A,$0.00  ~ $0.00 ,N/A,N/A,N/A,N/A,N/A
"Law, Gov't & Politics (Legacy)",Mutual Funds,Canada,N/A,$0.00  ~ $0.00 ,N/A,N/A,N/A,N/A,N/A
"Law, Gov't & Politics (Legacy)",Psychology/Psychiatry,United States,N/A,$0.00  ~ $0.00 ,N/A,N/A,N/A,N/A,N/A
"Law, Gov't & Politics (Legacy)",Psychology/Psychiatry,Canada,N/A,$0.00  ~ $0.00 ,N/A,N/A,N/A,N/A,N/A
"Law, Gov't & Politics (Legacy)",Books & Literature,United States,N/A,$0.00  ~ $0.00 ,N/A,N/A,N/A,N/A,N/A
"Law, Gov't & Politics (Legacy)",Books & Literature,Canada,N/A,$0.00  ~ $0.00 ,N/A,N/A,N/A,N/A,N/A
"Law, Gov't & Politics (Legacy)",Guitar,United States,N/A,$0.00  ~ $0.00 ,N/A,N/A,N/A,N/A,N/A
"Law, Gov't & Politics (Legacy)",Dining Out,Canada,N/A,$0.00  ~ $0.00 ,N/A,N/A,N/A,N/A,N/A
"Law, Gov't & Politics (Legacy)",Dining Out,United States,N/A,$0.00  ~ $0.00 ,N/A,N/A,N/A,N/A,N/A
"Law, Gov't & Politics (Legacy)",K-6 Educators,United States,N/A,$0.00  ~ $0.00 ,N/A,N/A,N/A,N/A,N/A
"Law, Gov't & Politics (Legacy)",K-6 Educators,Canada,N/A,$0.00  ~ $0.00 ,N/A,N/A,N/A,N/A,N/A
"Law, Gov't & Politics (Legacy)",Contests & Freebies,United States,N/A,$0.00  ~ $0.00 ,N/A,N/A,N/A,N/A,N/A
"Law, Gov't & Politics (Legacy)",Contests & Freebies,Canada,N/A,$0.00  ~ $0.00 ,N/A,N/A,N/A,N/A,N/A
"Law, Gov't & Politics (Legacy)",U.S. Government Resources,United States,N/A,$0.00  ~ $0.00 ,N/A,N/A,N/A,N/A,N/A
"Law, Gov't & Politics (Legacy)",Road-Side Assistance,United States,N/A,$0.00  ~ $0.00 ,N/A,N/A,N/A,N/A,N/A
"Law, Gov't & Politics (Legacy)",Road-Side Assistance,Canada,N/A,$0.00  ~ $0.00 ,N/A,N/A,N/A,N/A,N/A
"Law, Gov't & Politics (Legacy)",Fashion,United States,N/A,$0.00  ~ $0.00 ,N/A,N/A,N/A,N/A,N/A
"Law, Gov't & Politics (Legacy)",Sexuality,United States,N/A,$0.00  ~ $0.00 ,N/A,N/A,N/A,N/A,N/A
"Law, Gov't & Politics (Legacy)",Sexuality,Canada,N/A,$0.00  ~ $0.00 ,N/A,N/A,N/A,N/A,N/A
"Law, Gov't & Politics (Legacy)",Investors & Patents,Canada,N/A,$0.00  ~ $0.00 ,N/A,N/A,N/A,N/A,N/A
"Law, Gov't & Politics (Legacy)",Investors & Patents,United States,N/A,$0.00  ~ $0.00 ,N/A,N/A,N/A,N/A,N/A
"Law, Gov't & Politics (Legacy)",Local News,United States,N/A,$0.00  ~ $0.00 ,N/A,N/A,N/A,N/A,N/A
"Law, Gov't & Politics (Legacy)",Adult Education,Canada,N/A,$0.00  ~ $0.00 ,N/A,N/A,N/A,N/A,N/A
"Law, Gov't & Politics (Legacy)",Adult Education,United States,N/A,$0.00  ~ $0.00 ,N/A,N/A,N/A,N/A,N/A
"Law, Gov't & Politics (Legacy)",Bed & Breakfasts,United States,N/A,$0.00  ~ $0.00 ,N/A,N/A,N/A,N/A,N/A
"Law, Gov't & Politics (Legacy)",Bed & Breakfasts,Canada,N/A,$0.00  ~ $0.00 ,N/A,N/A,N/A,N/A,N/A
"Law, Gov't & Politics (Legacy)",Style & Fashion,United States,N/A,$0.00  ~ $0.00 ,N/A,N/A,N/A,N/A,N/A
"Law, Gov't & Politics (Legacy)",Football,United States,N/A,$0.00  ~ $0.00 ,N/A,N/A,N/A,N/A,N/A
"Law, Gov't & Politics (Legacy)",Football,Canada,N/A,$0.00  ~ $0.00 ,N/A,N/A,N/A,N/A,N/A
"Law, Gov't & Politics (Legacy)",Environmental Safety,United States,N/A,$0.00  ~ $0.00 ,N/A,N/A,N/A,N/A,N/A
"Law, Gov't & Politics (Legacy)",Desserts & Baking,United States,N/A,$0.00  ~ $0.00 ,N/A,N/A,N/A,N/A,N/A
"Law, Gov't & Politics (Legacy)",Desserts & Baking,Canada,N/A,$0.00  ~ $0.00 ,N/A,N/A,N/A,N/A,N/A
"Law, Gov't & Politics (Legacy)",Radio,United States,N/A,$0.00  ~ $0.00 ,N/A,N/A,N/A,N/A,N/A
"Law, Gov't & Politics (Legacy)",7-12 Education,United States,N/A,$0.00  ~ $0.00 ,N/A,N/A,N/A,N/A,N/A
"Law, Gov't & Politics (Legacy)",Music,United States,N/A,$0.00  ~ $0.00 ,N/A,N/A,N/A,N/A,N/A
"Law, Gov't & Politics (Legacy)",Music,Canada,N/A,$0.00  ~ $0.00 ,N/A,N/A,N/A,N/A,N/A
"Law, Gov't & Politics (Legacy)",Cameras & Camcorders,United States,N/A,$0.00  ~ $0.00 ,N/A,N/A,N/A,N/A,N/A
"Law, Gov't & Politics (Legacy)",Cameras & Camcorders,Canada,N/A,$0.00  ~ $0.00 ,N/A,N/A,N/A,N/A,N/A
"Law, Gov't & Politics (Legacy)",Weight Loss,United States,N/A,$0.00  ~ $0.00 ,N/A,N/A,N/A,N/A,N/A
"Law, Gov't & Politics (Legacy)",Physical Therapy,United States,N/A,$0.00  ~ $0.00 ,N/A,N/A,N/A,N/A,N/A
"Law, Gov't & Politics (Legacy)",Physical Therapy,Canada,N/A,$0.00  ~ $0.00 ,N/A,N/A,N/A,N/A,N/A
"Law, Gov't & Politics (Legacy)",Homework/Study Tips,United States,N/A,$0.00  ~ $0.00 ,N/A,N/A,N/A,N/A,N/A
"Law, Gov't & Politics (Legacy)",Forestry,United States,N/A,$0.00  ~ $0.00 ,N/A,N/A,N/A,N/A,N/A
"Law, Gov't & Politics (Legacy)",Gardening,United States,N/A,$0.00  ~ $0.00 ,N/A,N/A,N/A,N/A,N/A
"Law, Gov't & Politics (Legacy)",Gardening,Canada,N/A,$0.00  ~ $0.00 ,N/A,N/A,N/A,N/A,N/A
"Law, Gov't & Politics (Legacy)",Buying/Selling Cars,United States,N/A,$0.00  ~ $0.00 ,N/A,N/A,N/A,N/A,N/A
"Law, Gov't & Politics (Legacy)",Buying/Selling Cars,Canada,N/A,$0.00  ~ $0.00 ,N/A,N/A,N/A,N/A,N/A
"Law, Gov't & Politics (Legacy)",Exercise,United States,N/A,$0.00  ~ $0.00 ,N/A,N/A,N/A,N/A,N/A
"Law, Gov't & Politics (Legacy)",Exercise,Canada,N/A,$0.00  ~ $0.00 ,N/A,N/A,N/A,N/A,N/A
"Law, Gov't & Politics (Legacy)",Video & Computer Games,United States,N/A,$0.00  ~ $0.00 ,N/A,N/A,N/A,N/A,N/A
"Law, Gov't & Politics (Legacy)",Biotech/Biomedical,United States,N/A,$0.00  ~ $0.00 ,N/A,N/A,N/A,N/A,N/A
"Law, Gov't & Politics (Legacy)",Biotech/Biomedical,Canada,N/A,$0.00  ~ $0.00 ,N/A,N/A,N/A,N/A,N/A
"Law, Gov't & Politics (Legacy)",Appliances,United States,N/A,$0.00  ~ $0.00 ,N/A,N/A,N/A,N/A,N/A
"Law, Gov't & Politics (Legacy)",Appliances,Canada,N/A,$0.00  ~ $0.00 ,N/A,N/A,N/A,N/A,N/A
"Law, Gov't & Politics (Legacy)",Home & Garden,United States,N/A,$0.00  ~ $0.00 ,N/A,N/A,N/A,N/A,N/A
"Law, Gov't & Politics (Legacy)",Home & Garden,Canada,N/A,$0.00  ~ $0.00 ,N/A,N/A,N/A,N/A,N/A
"Law, Gov't & Politics (Legacy)",Home Repair,Canada,N/A,$0.00  ~ $0.00 ,N/A,N/A,N/A,N/A,N/A
"Law, Gov't & Politics (Legacy)",Home Repair,United States,N/A,$0.00  ~ $0.00 ,N/A,N/A,N/A,N/A,N/A
"Law, Gov't & Politics (Legacy)",Computer Peripherals,United States,N/A,$0.00  ~ $0.00 ,N/A,N/A,N/A,N/A,N/A
"Law, Gov't & Politics (Legacy)",Hotels,Canada,N/A,$0.00  ~ $0.00 ,N/A,N/A,N/A,N/A,N/A
"Law, Gov't & Politics (Legacy)",Hotels,United States,N/A,$0.00  ~ $0.00 ,N/A,N/A,N/A,N/A,N/A
"Law, Gov't & Politics (Legacy)",Automotive,United States,N/A,$0.00  ~ $0.00 ,N/A,N/A,N/A,N/A,N/A
"Law, Gov't & Politics (Legacy)",Automotive,Canada,N/A,$0.00  ~ $0.00 ,N/A,N/A,N/A,N/A,N/A
"Law, Gov't & Politics (Legacy)",Arts & Crafts,United States,N/A,$0.00  ~ $0.00 ,N/A,N/A,N/A,N/A,N/A
"Law, Gov't & Politics (Legacy)",Arts & Crafts,Canada,N/A,$0.00  ~ $0.00 ,N/A,N/A,N/A,N/A,N/A
"Law, Gov't & Politics (Legacy)",Family & Parenting,Canada,N/A,$0.00  ~ $0.00 ,N/A,N/A,N/A,N/A,N/A
"Law, Gov't & Politics (Legacy)",Family & Parenting,United States,N/A,$0.00  ~ $0.00 ,N/A,N/A,N/A,N/A,N/A
"Law, Gov't & Politics (Legacy)",Buying/Selling Homes,United States,N/A,$0.00  ~ $0.00 ,N/A,N/A,N/A,N/A,N/A
"Law, Gov't & Politics (Legacy)",Buying/Selling Homes,Canada,N/A,$0.00  ~ $0.00 ,N/A,N/A,N/A,N/A,N/A
"Law, Gov't & Politics (Legacy)",Cancer,United States,N/A,$0.00  ~ $0.00 ,N/A,N/A,N/A,N/A,N/A
"Law, Gov't & Politics (Legacy)",Cancer,Canada,N/A,$0.00  ~ $0.00 ,N/A,N/A,N/A,N/A,N/A
"Law, Gov't & Politics (Legacy)",Entertainment,United States,N/A,$0.00  ~ $0.00 ,N/A,N/A,N/A,N/A,N/A
"Law, Gov't & Politics (Legacy)",Green Solutions,United States,N/A,$0.00  ~ $0.00 ,N/A,N/A,N/A,N/A,N/A
"Law, Gov't & Politics (Legacy)",Green Solutions,Canada,N/A,$0.00  ~ $0.00 ,N/A,N/A,N/A,N/A,N/A
"Law, Gov't & Politics (Legacy)",Arts & Entertainment,United States,N/A,$0.00  ~ $0.00 ,N/A,N/A,N/A,N/A,N/A
"Law, Gov't & Politics (Legacy)",Arts & Entertainment,Canada,N/A,$0.00  ~ $0.00 ,N/A,N/A,N/A,N/A,N/A
"Law, Gov't & Politics (Legacy)",Food & Drink,United States,N/A,$0.00  ~ $0.00 ,N/A,N/A,N/A,N/A,N/A
"Law, Gov't & Politics (Legacy)",Food & Drink,Canada,N/A,$0.00  ~ $0.00 ,N/A,N/A,N/A,N/A,N/A
"Law, Gov't & Politics (Legacy)",Weddings,United States,N/A,$0.00  ~ $0.00 ,N/A,N/A,N/A,N/A,N/A
"Law, Gov't & Politics (Legacy)",Weddings,Canada,N/A,$0.00  ~ $0.00 ,N/A,N/A,N/A,N/A,N/A
"Law, Gov't & Politics (Legacy)",Teens,United States,N/A,$0.00  ~ $0.00 ,N/A,N/A,N/A,N/A,N/A
"Law, Gov't & Politics (Legacy)",Dogs,United States,N/A,$0.00  ~ $0.00 ,N/A,N/A,N/A,N/A,N/A
"Law, Gov't & Politics (Legacy)",Dogs,Canada,N/A,$0.00  ~ $0.00 ,N/A,N/A,N/A,N/A,N/A
"Law, Gov't & Politics (Legacy)","Law, Gov't & Politics",United States,N/A,$0.00  ~ $0.00 ,N/A,N/A,N/A,N/A,N/A
"Law, Gov't & Politics (Legacy)","Law, Gov't & Politics",Canada,N/A,$0.00  ~ $0.00 ,N/A,N/A,N/A,N/A,N/A
"Law, Gov't & Politics (Legacy)",Cruises,United States,N/A,$0.00  ~ $0.00 ,N/A,N/A,N/A,N/A,N/A
"Law, Gov't & Politics (Legacy)",Cruises,Canada,N/A,$0.00  ~ $0.00 ,N/A,N/A,N/A,N/A,N/A
"Law, Gov't & Politics (Legacy)",Air Travel,United States,N/A,$0.00  ~ $0.00 ,N/A,N/A,N/A,N/A,N/A
"Law, Gov't & Politics (Legacy)",Air Travel,Canada,N/A,$0.00  ~ $0.00 ,N/A,N/A,N/A,N/A,N/A
"Law, Gov't & Politics (Legacy)",Health & Fitness,Canada,N/A,$0.00  ~ $0.00 ,N/A,N/A,N/A,N/A,N/A
"Law, Gov't & Politics (Legacy)",Health & Fitness,United States,N/A,$0.00  ~ $0.00 ,N/A,N/A,N/A,N/A,N/A
"Law, Gov't & Politics (Legacy)",Collecting,United States,N/A,$0.00  ~ $0.00 ,N/A,N/A,N/A,N/A,N/A
"Law, Gov't & Politics (Legacy)",Collecting,Canada,N/A,$0.00  ~ $0.00 ,N/A,N/A,N/A,N/A,N/A
"Law, Gov't & Politics (Legacy)",Parenting - K-6 Kids,United States,N/A,$0.00  ~ $0.00 ,N/A,N/A,N/A,N/A,N/A
"Law, Gov't & Politics (Legacy)",Hobbies & Interests,United States,N/A,$0.00  ~ $0.00 ,N/A,N/A,N/A,N/A,N/A
"Law, Gov't & Politics (Legacy)",Hobbies & Interests,Canada,N/A,$0.00  ~ $0.00 ,N/A,N/A,N/A,N/A,N/A
"Law, Gov't & Politics (Legacy)",Distance Learning,United States,N/A,$0.00  ~ $0.00 ,N/A,N/A,N/A,N/A,N/A
"Law, Gov't & Politics (Legacy)",Apartments,United States,N/A,$0.00  ~ $0.00 ,N/A,N/A,N/A,N/A,N/A
"Law, Gov't & Politics (Legacy)",Apartments,Canada,N/A,$0.00  ~ $0.00 ,N/A,N/A,N/A,N/A,N/A
"Law, Gov't & Politics (Legacy)",Human Resources,United States,N/A,$0.00  ~ $0.00 ,N/A,N/A,N/A,N/A,N/A
"Law, Gov't & Politics (Legacy)",Human Resources,Canada,N/A,$0.00  ~ $0.00 ,N/A,N/A,N/A,N/A,N/A
"Law, Gov't & Politics (Legacy)",Fine Art,United States,N/A,$0.00  ~ $0.00 ,N/A,N/A,N/A,N/A,N/A
"Law, Gov't & Politics (Legacy)",Fine Art,Canada,N/A,$0.00  ~ $0.00 ,N/A,N/A,N/A,N/A,N/A
"Law, Gov't & Politics (Legacy)",Agriculture,United States,N/A,$0.00  ~ $0.00 ,N/A,N/A,N/A,N/A,N/A
"Law, Gov't & Politics (Legacy)",Agriculture,Canada,N/A,$0.00  ~ $0.00 ,N/A,N/A,N/A,N/A,N/A
"Law, Gov't & Politics (Legacy)",Cell Phones,United States,N/A,$0.00  ~ $0.00 ,N/A,N/A,N/A,N/A,N/A
"Law, Gov't & Politics (Legacy)",Certified Pre-Owned,United States,N/A,$0.00  ~ $0.00 ,N/A,N/A,N/A,N/A,N/A
"Law, Gov't & Politics (Legacy)",Pro Basketball,United States,N/A,$0.00  ~ $0.00 ,N/A,N/A,N/A,N/A,N/A
"Law, Gov't & Politics (Legacy)",Birdwatching,United States,N/A,$0.00  ~ $0.00 ,N/A,N/A,N/A,N/A,N/A
"Law, Gov't & Politics (Legacy)",Birdwatching,Canada,N/A,$0.00  ~ $0.00 ,N/A,N/A,N/A,N/A,N/A
"Law, Gov't & Politics (Legacy)",Swimming,United States,N/A,$0.00  ~ $0.00 ,N/A,N/A,N/A,N/A,N/A
"Law, Gov't & Politics (Legacy)",Net Conferencing,Canada,N/A,$0.00  ~ $0.00 ,N/A,N/A,N/A,N/A,N/A
"Law, Gov't & Politics (Legacy)",Net Conferencing,United States,N/A,$0.00  ~ $0.00 ,N/A,N/A,N/A,N/A,N/A
"Law, Gov't & Politics (Legacy)",Home Theater,United States,N/A,$0.00  ~ $0.00 ,N/A,N/A,N/A,N/A,N/A
"Law, Gov't & Politics (Legacy)",Credit/Debt & Loans,United States,N/A,$0.00  ~ $0.00 ,N/A,N/A,N/A,N/A,N/A
"Law, Gov't & Politics (Legacy)",Credit/Debt & Loans,Canada,N/A,$0.00  ~ $0.00 ,N/A,N/A,N/A,N/A,N/A
"Law, Gov't & Politics (Legacy)",Graduate School,United States,N/A,$0.00  ~ $0.00 ,N/A,N/A,N/A,N/A,N/A
"Law, Gov't & Politics (Legacy)",Graduate School,Canada,N/A,$0.00  ~ $0.00 ,N/A,N/A,N/A,N/A,N/A
"Law, Gov't & Politics (Legacy)",Clothing,United States,N/A,$0.00  ~ $0.00 ,N/A,N/A,N/A,N/A,N/A
"Law, Gov't & Politics (Legacy)",Clothing,Canada,N/A,$0.00  ~ $0.00 ,N/A,N/A,N/A,N/A,N/A
"Law, Gov't & Politics (Legacy)",Motorcycles,Canada,N/A,$0.00  ~ $0.00 ,N/A,N/A,N/A,N/A,N/A
"Law, Gov't & Politics (Legacy)",Motorcycles,United States,N/A,$0.00  ~ $0.00 ,N/A,N/A,N/A,N/A,N/A
"Law, Gov't & Politics (Legacy)",Adventure Travel,United States,N/A,$0.00  ~ $0.00 ,N/A,N/A,N/A,N/A,N/A
"Law, Gov't & Politics (Legacy)",Chronic Pain,United States,N/A,$0.00  ~ $0.00 ,N/A,N/A,N/A,N/A,N/A
"Law, Gov't & Politics (Legacy)",Barbecues & Grilling,Canada,N/A,$0.00  ~ $0.00 ,N/A,N/A,N/A,N/A,N/A
"Law, Gov't & Politics (Legacy)",Mountain Biking,Canada,N/A,$0.00  ~ $0.00 ,N/A,N/A,N/A,N/A,N/A
"Law, Gov't & Politics (Legacy)",Mountain Biking,United States,N/A,$0.00  ~ $0.00 ,N/A,N/A,N/A,N/A,N/A
"Law, Gov't & Politics (Legacy)",Construction,United States,N/A,$0.00  ~ $0.00 ,N/A,N/A,N/A,N/A,N/A
"Law, Gov't & Politics (Legacy)",Construction,Canada,N/A,$0.00  ~ $0.00 ,N/A,N/A,N/A,N/A,N/A
"Law, Gov't & Politics (Legacy)",Computer Certification,United States,N/A,$0.00  ~ $0.00 ,N/A,N/A,N/A,N/A,N/A
"Law, Gov't & Politics (Legacy)",Stamps & Coins,United States,N/A,$0.00  ~ $0.00 ,N/A,N/A,N/A,N/A,N/A
"Law, Gov't & Politics (Legacy)",Stocks,United States,N/A,$0.00  ~ $0.00 ,N/A,N/A,N/A,N/A,N/A
"Law, Gov't & Politics (Legacy)",Technology & Computing,Canada,N/A,$0.00  ~ $0.00 ,N/A,N/A,N/A,N/A,N/A
"Law, Gov't & Politics (Legacy)",Technology & Computing,United States,N/A,$0.00  ~ $0.00 ,N/A,N/A,N/A,N/A,N/A
"Law, Gov't & Politics (Legacy)",Job Search,United States,N/A,$0.00  ~ $0.00 ,N/A,N/A,N/A,N/A,N/A
"Law, Gov't & Politics (Legacy)",Job Search,Canada,N/A,$0.00  ~ $0.00 ,N/A,N/A,N/A,N/A,N/A
"Law, Gov't & Politics (Legacy)",Accessories,United States,N/A,$0.00  ~ $0.00 ,N/A,N/A,N/A,N/A,N/A
"Law, Gov't & Politics (Legacy)",Trucks & Accessories,United States,N/A,$0.00  ~ $0.00 ,N/A,N/A,N/A,N/A,N/A
"Law, Gov't & Politics (Legacy)",Babies & Toddlers,United States,N/A,$0.00  ~ $0.00 ,N/A,N/A,N/A,N/A,N/A
"Law, Gov't & Politics (Legacy)",Network Security,Canada,N/A,$0.00  ~ $0.00 ,N/A,N/A,N/A,N/A,N/A
"Law, Gov't & Politics (Legacy)",Network Security,United States,N/A,$0.00  ~ $0.00 ,N/A,N/A,N/A,N/A,N/A
"Law, Gov't & Politics (Legacy)",Card Games,United States,N/A,$0.00  ~ $0.00 ,N/A,N/A,N/A,N/A,N/A
"Law, Gov't & Politics (Legacy)",Card Games,Canada,N/A,$0.00  ~ $0.00 ,N/A,N/A,N/A,N/A,N/A
"Law, Gov't & Politics (Legacy)",Logistics,United States,N/A,$0.00  ~ $0.00 ,N/A,N/A,N/A,N/A,N/A
"Law, Gov't & Politics (Legacy)",Logistics,Canada,N/A,$0.00  ~ $0.00 ,N/A,N/A,N/A,N/A,N/A
"Law, Gov't & Politics (Legacy)",Alternative Medicine,United States,N/A,$0.00  ~ $0.00 ,N/A,N/A,N/A,N/A,N/A
"Law, Gov't & Politics (Legacy)",Alternative Medicine,Canada,N/A,$0.00  ~ $0.00 ,N/A,N/A,N/A,N/A,N/A
"Law, Gov't & Politics (Legacy)",Movies,United States,N/A,$0.00  ~ $0.00 ,N/A,N/A,N/A,N/A,N/A
"Law, Gov't & Politics (Legacy)",By US Locale,United States,N/A,$0.00  ~ $0.00 ,N/A,N/A,N/A,N/A,N/A
"Law, Gov't & Politics (Legacy)",Religion & Spirituality,United States,N/A,$0.00  ~ $0.00 ,N/A,N/A,N/A,N/A,N/A
"Law, Gov't & Politics (Legacy)",College,Canada,N/A,$0.00  ~ $0.00 ,N/A,N/A,N/A,N/A,N/A
"Law, Gov't & Politics (Legacy)",College,United States,N/A,$0.00  ~ $0.00 ,N/A,N/A,N/A,N/A,N/A
"Law, Gov't & Politics (Legacy)",Senior Living,United States,N/A,$0.00  ~ $0.00 ,N/A,N/A,N/A,N/A,N/A
"Law, Gov't & Politics (Legacy)",Senior Living,Canada,N/A,$0.00  ~ $0.00 ,N/A,N/A,N/A,N/A,N/A
"Law, Gov't & Politics (Legacy)",Pediatrics,United States,N/A,$0.00  ~ $0.00 ,N/A,N/A,N/A,N/A,N/A
"Law, Gov't & Politics (Legacy)",Veterinary Medicine,United States,N/A,$0.00  ~ $0.00 ,N/A,N/A,N/A,N/A,N/A
"Law, Gov't & Politics (Legacy)",Veterinary Medicine,Canada,N/A,$0.00  ~ $0.00 ,N/A,N/A,N/A,N/A,N/A
"Law, Gov't & Politics (Legacy)",Personal Finance,United States,N/A,$0.00  ~ $0.00 ,N/A,N/A,N/A,N/A,N/A
"Law, Gov't & Politics (Legacy)",Personal Finance,Canada,N/A,$0.00  ~ $0.00 ,N/A,N/A,N/A,N/A,N/A
"Law, Gov't & Politics (Legacy)",Legal Issues,United States,N/A,$0.00  ~ $0.00 ,N/A,N/A,N/A,N/A,N/A
"Law, Gov't & Politics (Legacy)",Legal Issues,Canada,N/A,$0.00  ~ $0.00 ,N/A,N/A,N/A,N/A,N/A
"Law, Gov't & Politics (Legacy)",Business Software,United States,N/A,$0.00  ~ $0.00 ,N/A,N/A,N/A,N/A,N/A
"Law, Gov't & Politics (Legacy)",Business Software,Canada,N/A,$0.00  ~ $0.00 ,N/A,N/A,N/A,N/A,N/A
"Law, Gov't & Politics (Legacy)",Art/Technology,United States,N/A,$0.00  ~ $0.00 ,N/A,N/A,N/A,N/A,N/A
"Law, Gov't & Politics (Legacy)",Art/Technology,Canada,N/A,$0.00  ~ $0.00 ,N/A,N/A,N/A,N/A,N/A
"Law, Gov't & Politics (Legacy)",Cocktails/Beer,United States,N/A,$0.00  ~ $0.00 ,N/A,N/A,N/A,N/A,N/A
"Law, Gov't & Politics (Legacy)",Cocktails/Beer,Canada,N/A,$0.00  ~ $0.00 ,N/A,N/A,N/A,N/A,N/A
"Law, Gov't & Politics (Legacy)",Senor Health,United States,N/A,$0.00  ~ $0.00 ,N/A,N/A,N/A,N/A,N/A
"Law, Gov't & Politics (Legacy)",Senor Health,Canada,N/A,$0.00  ~ $0.00 ,N/A,N/A,N/A,N/A,N/A
News (Legacy),Swimming,United States,N/A,$0.00  ~ $0.00 ,N/A,N/A,N/A,N/A,N/A
News (Legacy),Homework/Study Tips,United States,N/A,$0.00  ~ $0.00 ,N/A,N/A,N/A,N/A,N/A
News (Legacy),By US Locale,United States,N/A,$0.00  ~ $0.00 ,N/A,N/A,N/A,N/A,N/A
News (Legacy),Cigars,United States,N/A,$0.00  ~ $0.00 ,N/A,N/A,N/A,N/A,N/A
News (Legacy),Cigars,Canada,N/A,$0.00  ~ $0.00 ,N/A,N/A,N/A,N/A,N/A
News (Legacy),Senor Health,United States,N/A,$0.00  ~ $0.00 ,N/A,N/A,N/A,N/A,N/A
News (Legacy),Senor Health,Canada,N/A,$0.00  ~ $0.00 ,N/A,N/A,N/A,N/A,N/A
News (Legacy),Landscaping,United States,N/A,$0.00  ~ $0.00 ,N/A,N/A,N/A,N/A,N/A
News (Legacy),Landscaping,Canada,N/A,$0.00  ~ $0.00 ,N/A,N/A,N/A,N/A,N/A
News (Legacy),Politics,United States,N/A,$0.00  ~ $0.00 ,N/A,N/A,N/A,N/A,N/A
News (Legacy),Politics,Canada,N/A,$0.00  ~ $0.00 ,N/A,N/A,N/A,N/A,N/A
News (Legacy),Shopping,United States,N/A,$0.00  ~ $0.00 ,N/A,N/A,N/A,N/A,N/A
News (Legacy),Shopping,Canada,N/A,$0.00  ~ $0.00 ,N/A,N/A,N/A,N/A,N/A
News (Legacy),Hotels,United States,N/A,$0.00  ~ $0.00 ,N/A,N/A,N/A,N/A,N/A
News (Legacy),Hotels,Canada,N/A,$0.00  ~ $0.00 ,N/A,N/A,N/A,N/A,N/A
News (Legacy),Motorcycles,United States,N/A,$0.00  ~ $0.00 ,N/A,N/A,N/A,N/A,N/A
News (Legacy),Motorcycles,Canada,N/A,$0.00  ~ $0.00 ,N/A,N/A,N/A,N/A,N/A
News (Legacy),Daycare/Pre School,United States,N/A,$0.00  ~ $0.00 ,N/A,N/A,N/A,N/A,N/A
News (Legacy),Daycare/Pre School,Canada,N/A,$0.00  ~ $0.00 ,N/A,N/A,N/A,N/A,N/A
News (Legacy),Television,United States,N/A,$0.00  ~ $0.00 ,N/A,N/A,N/A,N/A,N/A
News (Legacy),Fashion,United States,N/A,$0.00  ~ $0.00 ,N/A,N/A,N/A,N/A,N/A
News (Legacy),Investing,Canada,N/A,$0.00  ~ $0.00 ,N/A,N/A,N/A,N/A,N/A
News (Legacy),Investing,United States,N/A,$0.00  ~ $0.00 ,N/A,N/A,N/A,N/A,N/A
News (Legacy),Graduate School,United States,N/A,$0.00  ~ $0.00 ,N/A,N/A,N/A,N/A,N/A
News (Legacy),Graduate School,Canada,N/A,$0.00  ~ $0.00 ,N/A,N/A,N/A,N/A,N/A
News (Legacy),Buying/Selling Homes,United States,N/A,$0.00  ~ $0.00 ,N/A,N/A,N/A,N/A,N/A
News (Legacy),Buying/Selling Homes,Canada,N/A,$0.00  ~ $0.00 ,N/A,N/A,N/A,N/A,N/A
News (Legacy),Humor,United States,N/A,$0.00  ~ $0.00 ,N/A,N/A,N/A,N/A,N/A
News (Legacy),Biotech/Biomedical,Canada,N/A,$0.00  ~ $0.00 ,N/A,N/A,N/A,N/A,N/A
News (Legacy),Biotech/Biomedical,United States,N/A,$0.00  ~ $0.00 ,N/A,N/A,N/A,N/A,N/A
News (Legacy),U.S. Government Resources,United States,N/A,$0.00  ~ $0.00 ,N/A,N/A,N/A,N/A,N/A
News (Legacy),Electric Vehicle,Canada,N/A,$0.00  ~ $0.00 ,N/A,N/A,N/A,N/A,N/A
News (Legacy),Comparison,United States,N/A,$0.00  ~ $0.00 ,N/A,N/A,N/A,N/A,N/A
News (Legacy),Card Games,United States,N/A,$0.00  ~ $0.00 ,N/A,N/A,N/A,N/A,N/A
News (Legacy),Card Games,Canada,N/A,$0.00  ~ $0.00 ,N/A,N/A,N/A,N/A,N/A
News (Legacy),K-6 Educators,United States,N/A,$0.00  ~ $0.00 ,N/A,N/A,N/A,N/A,N/A
News (Legacy),K-6 Educators,Canada,N/A,$0.00  ~ $0.00 ,N/A,N/A,N/A,N/A,N/A
News (Legacy),Computer Peripherals,United States,N/A,$0.00  ~ $0.00 ,N/A,N/A,N/A,N/A,N/A
News (Legacy),Computer Peripherals,Canada,N/A,$0.00  ~ $0.00 ,N/A,N/A,N/A,N/A,N/A
News (Legacy),Books & Literature,Canada,N/A,$0.00  ~ $0.00 ,N/A,N/A,N/A,N/A,N/A
News (Legacy),Books & Literature,United States,N/A,$0.00  ~ $0.00 ,N/A,N/A,N/A,N/A,N/A
News (Legacy),Network Security,United States,N/A,$0.00  ~ $0.00 ,N/A,N/A,N/A,N/A,N/A
News (Legacy),Network Security,Canada,N/A,$0.00  ~ $0.00 ,N/A,N/A,N/A,N/A,N/A
News (Legacy),Fine Art,United States,N/A,$0.00  ~ $0.00 ,N/A,N/A,N/A,N/A,N/A
News (Legacy),Fine Art,Canada,N/A,$0.00  ~ $0.00 ,N/A,N/A,N/A,N/A,N/A
News (Legacy),Dogs,United States,N/A,$0.00  ~ $0.00 ,N/A,N/A,N/A,N/A,N/A
News (Legacy),Dogs,Canada,N/A,$0.00  ~ $0.00 ,N/A,N/A,N/A,N/A,N/A
News (Legacy),Cuisine-Specific,United States,N/A,$0.00  ~ $0.00 ,N/A,N/A,N/A,N/A,N/A
News (Legacy),Stocks,United States,N/A,$0.00  ~ $0.00 ,N/A,N/A,N/A,N/A,N/A
News (Legacy),Legal Issues,United States,N/A,$0.00  ~ $0.00 ,N/A,N/A,N/A,N/A,N/A
News (Legacy),Legal Issues,Canada,N/A,$0.00  ~ $0.00 ,N/A,N/A,N/A,N/A,N/A
News (Legacy),Insurance,Canada,N/A,$0.00  ~ $0.00 ,N/A,N/A,N/A,N/A,N/A
News (Legacy),Insurance,United States,N/A,$0.00  ~ $0.00 ,N/A,N/A,N/A,N/A,N/A
News (Legacy),Career Planning,United States,N/A,$0.00  ~ $0.00 ,N/A,N/A,N/A,N/A,N/A
News (Legacy),Career Planning,Canada,N/A,$0.00  ~ $0.00 ,N/A,N/A,N/A,N/A,N/A
News (Legacy),Cancer,United States,N/A,$0.00  ~ $0.00 ,N/A,N/A,N/A,N/A,N/A
News (Legacy),Cancer,Canada,N/A,$0.00  ~ $0.00 ,N/A,N/A,N/A,N/A,N/A
News (Legacy),Local News,United States,N/A,$0.00  ~ $0.00 ,N/A,N/A,N/A,N/A,N/A
News (Legacy),Collecting,United States,N/A,$0.00  ~ $0.00 ,N/A,N/A,N/A,N/A,N/A
News (Legacy),Collecting,Canada,N/A,$0.00  ~ $0.00 ,N/A,N/A,N/A,N/A,N/A
News (Legacy),Wine,United States,N/A,$0.00  ~ $0.00 ,N/A,N/A,N/A,N/A,N/A
News (Legacy),Cell Phones,United States,N/A,$0.00  ~ $0.00 ,N/A,N/A,N/A,N/A,N/A
News (Legacy),Martial Arts,Canada,N/A,$0.00  ~ $0.00 ,N/A,N/A,N/A,N/A,N/A
News (Legacy),Martial Arts,United States,N/A,$0.00  ~ $0.00 ,N/A,N/A,N/A,N/A,N/A
News (Legacy),Parenting - K-6 Kids,United States,N/A,$0.00  ~ $0.00 ,N/A,N/A,N/A,N/A,N/A
News (Legacy),Alternative Medicine,United States,N/A,$0.00  ~ $0.00 ,N/A,N/A,N/A,N/A,N/A
News (Legacy),Alternative Medicine,Canada,N/A,$0.00  ~ $0.00 ,N/A,N/A,N/A,N/A,N/A
News (Legacy),Government,United States,N/A,$0.00  ~ $0.00 ,N/A,N/A,N/A,N/A,N/A
News (Legacy),Government,Canada,N/A,$0.00  ~ $0.00 ,N/A,N/A,N/A,N/A,N/A
News (Legacy),Arts & Crafts,United States,N/A,$0.00  ~ $0.00 ,N/A,N/A,N/A,N/A,N/A
News (Legacy),Arts & Crafts,Canada,N/A,$0.00  ~ $0.00 ,N/A,N/A,N/A,N/A,N/A
News (Legacy),Commentary,United States,N/A,$0.00  ~ $0.00 ,N/A,N/A,N/A,N/A,N/A
News (Legacy),Incontinence,United States,N/A,$0.00  ~ $0.00 ,N/A,N/A,N/A,N/A,N/A
News (Legacy),Babies & Toddlers,United States,N/A,$0.00  ~ $0.00 ,N/A,N/A,N/A,N/A,N/A
News (Legacy),Pro Basketball,United States,N/A,$0.00  ~ $0.00 ,N/A,N/A,N/A,N/A,N/A
News (Legacy),Music,Canada,N/A,$0.00  ~ $0.00 ,N/A,N/A,N/A,N/A,N/A
News (Legacy),Music,United States,N/A,$0.00  ~ $0.00 ,N/A,N/A,N/A,N/A,N/A
News (Legacy),Incest/Abuse Support,United States,N/A,$0.00  ~ $0.00 ,N/A,N/A,N/A,N/A,N/A
News (Legacy),Incest/Abuse Support,Canada,N/A,$0.00  ~ $0.00 ,N/A,N/A,N/A,N/A,N/A
News (Legacy),Internet Technology,United States,N/A,$0.00  ~ $0.00 ,N/A,N/A,N/A,N/A,N/A
News (Legacy),Internet Technology,Canada,N/A,$0.00  ~ $0.00 ,N/A,N/A,N/A,N/A,N/A
News (Legacy),Contests & Freebies,United States,N/A,$0.00  ~ $0.00 ,N/A,N/A,N/A,N/A,N/A
News (Legacy),Contests & Freebies,Canada,N/A,$0.00  ~ $0.00 ,N/A,N/A,N/A,N/A,N/A
News (Legacy),Canada,Canada,N/A,$0.00  ~ $0.00 ,N/A,N/A,N/A,N/A,N/A
News (Legacy),Hobbies & Interests,United States,N/A,$0.00  ~ $0.00 ,N/A,N/A,N/A,N/A,N/A
News (Legacy),Hobbies & Interests,Canada,N/A,$0.00  ~ $0.00 ,N/A,N/A,N/A,N/A,N/A
News (Legacy),Interior Decorating,United States,N/A,$0.00  ~ $0.00 ,N/A,N/A,N/A,N/A,N/A
News (Legacy),Interior Decorating,Canada,N/A,$0.00  ~ $0.00 ,N/A,N/A,N/A,N/A,N/A
News (Legacy),Green Solutions,United States,N/A,$0.00  ~ $0.00 ,N/A,N/A,N/A,N/A,N/A
News (Legacy),Green Solutions,Canada,N/A,$0.00  ~ $0.00 ,N/A,N/A,N/A,N/A,N/A
News (Legacy),Distance Learning,United States,N/A,$0.00  ~ $0.00 ,N/A,N/A,N/A,N/A,N/A
News (Legacy),Distance Learning,Canada,N/A,$0.00  ~ $0.00 ,N/A,N/A,N/A,N/A,N/A
News (Legacy),Chronic Pain,United States,N/A,$0.00  ~ $0.00 ,N/A,N/A,N/A,N/A,N/A
News (Legacy),Net Conferencing,United States,N/A,$0.00  ~ $0.00 ,N/A,N/A,N/A,N/A,N/A
News (Legacy),Net Conferencing,Canada,N/A,$0.00  ~ $0.00 ,N/A,N/A,N/A,N/A,N/A
News (Legacy),Computer Certification,United States,N/A,$0.00  ~ $0.00 ,N/A,N/A,N/A,N/A,N/A
News (Legacy),Logistics,United States,N/A,$0.00  ~ $0.00 ,N/A,N/A,N/A,N/A,N/A
News (Legacy),Logistics,Canada,N/A,$0.00  ~ $0.00 ,N/A,N/A,N/A,N/A,N/A
News (Legacy),Air Travel,United States,N/A,$0.00  ~ $0.00 ,N/A,N/A,N/A,N/A,N/A
News (Legacy),Air Travel,Canada,N/A,$0.00  ~ $0.00 ,N/A,N/A,N/A,N/A,N/A
News (Legacy),Food & Drink,United States,N/A,$0.00  ~ $0.00 ,N/A,N/A,N/A,N/A,N/A
News (Legacy),Food & Drink,Canada,N/A,$0.00  ~ $0.00 ,N/A,N/A,N/A,N/A,N/A
News (Legacy),Honeymoons/Getaways,United States,N/A,$0.00  ~ $0.00 ,N/A,N/A,N/A,N/A,N/A
News (Legacy),Honeymoons/Getaways,Canada,N/A,$0.00  ~ $0.00 ,N/A,N/A,N/A,N/A,N/A
News (Legacy),U.S. Military,United States,N/A,$0.00  ~ $0.00 ,N/A,N/A,N/A,N/A,N/A
News (Legacy),Veterinary Medicine,United States,N/A,$0.00  ~ $0.00 ,N/A,N/A,N/A,N/A,N/A
News (Legacy),Veterinary Medicine,Canada,N/A,$0.00  ~ $0.00 ,N/A,N/A,N/A,N/A,N/A
News (Legacy),Astrology,United States,N/A,$0.00  ~ $0.00 ,N/A,N/A,N/A,N/A,N/A
News (Legacy),Astrology,Canada,N/A,$0.00  ~ $0.00 ,N/A,N/A,N/A,N/A,N/A
News (Legacy),News,United States,N/A,$0.00  ~ $0.00 ,N/A,N/A,N/A,N/A,N/A
News (Legacy),News,Canada,N/A,$0.00  ~ $0.00 ,N/A,N/A,N/A,N/A,N/A
News (Legacy),Accessories,United States,N/A,$0.00  ~ $0.00 ,N/A,N/A,N/A,N/A,N/A
News (Legacy),Accessories,Canada,N/A,$0.00  ~ $0.00 ,N/A,N/A,N/A,N/A,N/A
News (Legacy),Cameras & Camcorders,United States,N/A,$0.00  ~ $0.00 ,N/A,N/A,N/A,N/A,N/A
News (Legacy),Cameras & Camcorders,Canada,N/A,$0.00  ~ $0.00 ,N/A,N/A,N/A,N/A,N/A
News (Legacy),Trucks & Accessories,United States,N/A,$0.00  ~ $0.00 ,N/A,N/A,N/A,N/A,N/A
News (Legacy),Horse Racing,Canada,N/A,$0.00  ~ $0.00 ,N/A,N/A,N/A,N/A,N/A
News (Legacy),Guitar,United States,N/A,$0.00  ~ $0.00 ,N/A,N/A,N/A,N/A,N/A
News (Legacy),Religion & Spirituality,United States,N/A,$0.00  ~ $0.00 ,N/A,N/A,N/A,N/A,N/A
News (Legacy),Home & Garden,United States,N/A,$0.00  ~ $0.00 ,N/A,N/A,N/A,N/A,N/A
News (Legacy),Home & Garden,Canada,N/A,$0.00  ~ $0.00 ,N/A,N/A,N/A,N/A,N/A
News (Legacy),Business,Canada,N/A,$0.00  ~ $0.00 ,N/A,N/A,N/A,N/A,N/A
News (Legacy),Business,United States,N/A,$0.00  ~ $0.00 ,N/A,N/A,N/A,N/A,N/A
News (Legacy),Business Software,United States,N/A,$0.00  ~ $0.00 ,N/A,N/A,N/A,N/A,N/A
News (Legacy),Business Software,Canada,N/A,$0.00  ~ $0.00 ,N/A,N/A,N/A,N/A,N/A
News (Legacy),Art/Technology,United States,N/A,$0.00  ~ $0.00 ,N/A,N/A,N/A,N/A,N/A
News (Legacy),Art/Technology,Canada,N/A,$0.00  ~ $0.00 ,N/A,N/A,N/A,N/A,N/A
News (Legacy),College,United States,N/A,$0.00  ~ $0.00 ,N/A,N/A,N/A,N/A,N/A
News (Legacy),College,Canada,N/A,$0.00  ~ $0.00 ,N/A,N/A,N/A,N/A,N/A
News (Legacy),Apartments,Canada,N/A,$0.00  ~ $0.00 ,N/A,N/A,N/A,N/A,N/A
News (Legacy),Apartments,United States,N/A,$0.00  ~ $0.00 ,N/A,N/A,N/A,N/A,N/A
News (Legacy),Entertaining,United States,N/A,$0.00  ~ $0.00 ,N/A,N/A,N/A,N/A,N/A
News (Legacy),Entertaining,Canada,N/A,$0.00  ~ $0.00 ,N/A,N/A,N/A,N/A,N/A
News (Legacy),Radio,United States,N/A,$0.00  ~ $0.00 ,N/A,N/A,N/A,N/A,N/A
News (Legacy),Cruises,United States,N/A,$0.00  ~ $0.00 ,N/A,N/A,N/A,N/A,N/A
News (Legacy),Cruises,Canada,N/A,$0.00  ~ $0.00 ,N/A,N/A,N/A,N/A,N/A
News (Legacy),Video & Computer Games,United States,N/A,$0.00  ~ $0.00 ,N/A,N/A,N/A,N/A,N/A
News (Legacy),Entertainment,United States,N/A,$0.00  ~ $0.00 ,N/A,N/A,N/A,N/A,N/A
News (Legacy),Barbecues & Grilling,Canada,N/A,$0.00  ~ $0.00 ,N/A,N/A,N/A,N/A,N/A
News (Legacy),Weddings,United States,N/A,$0.00  ~ $0.00 ,N/A,N/A,N/A,N/A,N/A
News (Legacy),Weddings,Canada,N/A,$0.00  ~ $0.00 ,N/A,N/A,N/A,N/A,N/A
News (Legacy),Infertility,United States,N/A,$0.00  ~ $0.00 ,N/A,N/A,N/A,N/A,N/A
News (Legacy),Dermatology,United States,N/A,$0.00  ~ $0.00 ,N/A,N/A,N/A,N/A,N/A
News (Legacy),Dermatology,Canada,N/A,$0.00  ~ $0.00 ,N/A,N/A,N/A,N/A,N/A
News (Legacy),Home Repair,United States,N/A,$0.00  ~ $0.00 ,N/A,N/A,N/A,N/A,N/A
News (Legacy),Home Repair,Canada,N/A,$0.00  ~ $0.00 ,N/A,N/A,N/A,N/A,N/A
News (Legacy),Exercise,United States,N/A,$0.00  ~ $0.00 ,N/A,N/A,N/A,N/A,N/A
News (Legacy),Exercise,Canada,N/A,$0.00  ~ $0.00 ,N/A,N/A,N/A,N/A,N/A
News (Legacy),Careers,United States,N/A,$0.00  ~ $0.00 ,N/A,N/A,N/A,N/A,N/A
News (Legacy),Careers,Canada,N/A,$0.00  ~ $0.00 ,N/A,N/A,N/A,N/A,N/A
News (Legacy),Marketing,Canada,N/A,$0.00  ~ $0.00 ,N/A,N/A,N/A,N/A,N/A
News (Legacy),Marketing,United States,N/A,$0.00  ~ $0.00 ,N/A,N/A,N/A,N/A,N/A
News (Legacy),Auto Repair,United States,N/A,$0.00  ~ $0.00 ,N/A,N/A,N/A,N/A,N/A
News (Legacy),Auto Repair,Canada,N/A,$0.00  ~ $0.00 ,N/A,N/A,N/A,N/A,N/A
News (Legacy),Appliances,United States,N/A,$0.00  ~ $0.00 ,N/A,N/A,N/A,N/A,N/A
News (Legacy),Appliances,Canada,N/A,$0.00  ~ $0.00 ,N/A,N/A,N/A,N/A,N/A
News (Legacy),Computer Networking,United States,N/A,$0.00  ~ $0.00 ,N/A,N/A,N/A,N/A,N/A
News (Legacy),Mountain Biking,United States,N/A,$0.00  ~ $0.00 ,N/A,N/A,N/A,N/A,N/A
News (Legacy),Mountain Biking,Canada,N/A,$0.00  ~ $0.00 ,N/A,N/A,N/A,N/A,N/A
News (Legacy),Automotive,United States,N/A,$0.00  ~ $0.00 ,N/A,N/A,N/A,N/A,N/A
News (Legacy),Automotive,Canada,N/A,$0.00  ~ $0.00 ,N/A,N/A,N/A,N/A,N/A
News (Legacy),Investors & Patents,Canada,N/A,$0.00  ~ $0.00 ,N/A,N/A,N/A,N/A,N/A
News (Legacy),Investors & Patents,United States,N/A,$0.00  ~ $0.00 ,N/A,N/A,N/A,N/A,N/A
News (Legacy),Technology & Computing,United States,N/A,$0.00  ~ $0.00 ,N/A,N/A,N/A,N/A,N/A
News (Legacy),Technology & Computing,Canada,N/A,$0.00  ~ $0.00 ,N/A,N/A,N/A,N/A,N/A
News (Legacy),Pediatrics,United States,N/A,$0.00  ~ $0.00 ,N/A,N/A,N/A,N/A,N/A
News (Legacy),Camping,United States,N/A,$0.00  ~ $0.00 ,N/A,N/A,N/A,N/A,N/A
News (Legacy),Certified Pre-Owned,United States,N/A,$0.00  ~ $0.00 ,N/A,N/A,N/A,N/A,N/A
News (Legacy),Certified Pre-Owned,Canada,N/A,$0.00  ~ $0.00 ,N/A,N/A,N/A,N/A,N/A
News (Legacy),Roleplaying Games,United States,N/A,$0.00  ~ $0.00 ,N/A,N/A,N/A,N/A,N/A
News (Legacy),Teens,United States,N/A,$0.00  ~ $0.00 ,N/A,N/A,N/A,N/A,N/A
News (Legacy),Real Estate,United States,N/A,$0.00  ~ $0.00 ,N/A,N/A,N/A,N/A,N/A
News (Legacy),Real Estate,Canada,N/A,$0.00  ~ $0.00 ,N/A,N/A,N/A,N/A,N/A
News (Legacy),Off-Road Vehicles,Canada,N/A,$0.00  ~ $0.00 ,N/A,N/A,N/A,N/A,N/A
News (Legacy),Off-Road Vehicles,United States,N/A,$0.00  ~ $0.00 ,N/A,N/A,N/A,N/A,N/A
News (Legacy),Financial Aid,United States,N/A,$0.00  ~ $0.00 ,N/A,N/A,N/A,N/A,N/A
News (Legacy),Adult Education,United States,N/A,$0.00  ~ $0.00 ,N/A,N/A,N/A,N/A,N/A
News (Legacy),Adult Education,Canada,N/A,$0.00  ~ $0.00 ,N/A,N/A,N/A,N/A,N/A
News (Legacy),Clothing,United States,N/A,$0.00  ~ $0.00 ,N/A,N/A,N/A,N/A,N/A
News (Legacy),Clothing,Canada,N/A,$0.00  ~ $0.00 ,N/A,N/A,N/A,N/A,N/A
News (Legacy),Sexuality,United States,N/A,$0.00  ~ $0.00 ,N/A,N/A,N/A,N/A,N/A
News (Legacy),Sexuality,Canada,N/A,$0.00  ~ $0.00 ,N/A,N/A,N/A,N/A,N/A
News (Legacy),Coffee/Tea,United States,N/A,$0.00  ~ $0.00 ,N/A,N/A,N/A,N/A,N/A
News (Legacy),Senior Living,Canada,N/A,$0.00  ~ $0.00 ,N/A,N/A,N/A,N/A,N/A
News (Legacy),Senior Living,United States,N/A,$0.00  ~ $0.00 ,N/A,N/A,N/A,N/A,N/A
News (Legacy),Retirement Planning,United States,N/A,$0.00  ~ $0.00 ,N/A,N/A,N/A,N/A,N/A
News (Legacy),Retirement Planning,Canada,N/A,$0.00  ~ $0.00 ,N/A,N/A,N/A,N/A,N/A
News (Legacy),Catholicism,United States,N/A,$0.00  ~ $0.00 ,N/A,N/A,N/A,N/A,N/A
News (Legacy),Style & Fashion,United States,N/A,$0.00  ~ $0.00 ,N/A,N/A,N/A,N/A,N/A
News (Legacy),Remodeling & Construction,United States,N/A,$0.00  ~ $0.00 ,N/A,N/A,N/A,N/A,N/A
News (Legacy),Remodeling & Construction,Canada,N/A,$0.00  ~ $0.00 ,N/A,N/A,N/A,N/A,N/A
News (Legacy),Pets,United States,N/A,$0.00  ~ $0.00 ,N/A,N/A,N/A,N/A,N/A
News (Legacy),Pets,Canada,N/A,$0.00  ~ $0.00 ,N/A,N/A,N/A,N/A,N/A
News (Legacy),Adventure Travel,United States,N/A,$0.00  ~ $0.00 ,N/A,N/A,N/A,N/A,N/A
News (Legacy),Weight Loss,United States,N/A,$0.00  ~ $0.00 ,N/A,N/A,N/A,N/A,N/A
News (Legacy),Construction,Canada,N/A,$0.00  ~ $0.00 ,N/A,N/A,N/A,N/A,N/A
News (Legacy),Construction,United States,N/A,$0.00  ~ $0.00 ,N/A,N/A,N/A,N/A,N/A
News (Legacy),Auto Parts,United States,N/A,$0.00  ~ $0.00 ,N/A,N/A,N/A,N/A,N/A
News (Legacy),Auto Parts,Canada,N/A,$0.00  ~ $0.00 ,N/A,N/A,N/A,N/A,N/A
News (Legacy),Metals,United States,N/A,$0.00  ~ $0.00 ,N/A,N/A,N/A,N/A,N/A
News (Legacy),Metals,Canada,N/A,$0.00  ~ $0.00 ,N/A,N/A,N/A,N/A,N/A
News (Legacy),Agriculture,United States,N/A,$0.00  ~ $0.00 ,N/A,N/A,N/A,N/A,N/A
News (Legacy),Agriculture,Canada,N/A,$0.00  ~ $0.00 ,N/A,N/A,N/A,N/A,N/A
News (Legacy),Dental Care,Canada,N/A,$0.00  ~ $0.00 ,N/A,N/A,N/A,N/A,N/A
News (Legacy),Dental Care,United States,N/A,$0.00  ~ $0.00 ,N/A,N/A,N/A,N/A,N/A
News (Legacy),Movies,United States,N/A,$0.00  ~ $0.00 ,N/A,N/A,N/A,N/A,N/A
News (Legacy),Forestry,United States,N/A,$0.00  ~ $0.00 ,N/A,N/A,N/A,N/A,N/A
News (Legacy),Home Theater,United States,N/A,$0.00  ~ $0.00 ,N/A,N/A,N/A,N/A,N/A
News (Legacy),Body Art,United States,N/A,$0.00  ~ $0.00 ,N/A,N/A,N/A,N/A,N/A
News (Legacy),Nutrition,Canada,N/A,$0.00  ~ $0.00 ,N/A,N/A,N/A,N/A,N/A
News (Legacy),Nutrition,United States,N/A,$0.00  ~ $0.00 ,N/A,N/A,N/A,N/A,N/A
News (Legacy),Hunting/Shooting,United States,N/A,$0.00  ~ $0.00 ,N/A,N/A,N/A,N/A,N/A
News (Legacy),Bed & Breakfasts,United States,N/A,$0.00  ~ $0.00 ,N/A,N/A,N/A,N/A,N/A
News (Legacy),Bed & Breakfasts,Canada,N/A,$0.00  ~ $0.00 ,N/A,N/A,N/A,N/A,N/A
News (Legacy),Thyroid Disease,United States,N/A,$0.00  ~ $0.00 ,N/A,N/A,N/A,N/A,N/A
News (Legacy),Credit/Debt & Loans,United States,N/A,$0.00  ~ $0.00 ,N/A,N/A,N/A,N/A,N/A
News (Legacy),Credit/Debt & Loans,Canada,N/A,$0.00  ~ $0.00 ,N/A,N/A,N/A,N/A,N/A
News (Legacy),Job Search,United States,N/A,$0.00  ~ $0.00 ,N/A,N/A,N/A,N/A,N/A
News (Legacy),Job Search,Canada,N/A,$0.00  ~ $0.00 ,N/A,N/A,N/A,N/A,N/A
News (Legacy),Desserts & Baking,Canada,N/A,$0.00  ~ $0.00 ,N/A,N/A,N/A,N/A,N/A
News (Legacy),Desserts & Baking,United States,N/A,$0.00  ~ $0.00 ,N/A,N/A,N/A,N/A,N/A
News (Legacy),Arthritis,United States,N/A,$0.00  ~ $0.00 ,N/A,N/A,N/A,N/A,N/A
News (Legacy),Large Animals,United States,N/A,$0.00  ~ $0.00 ,N/A,N/A,N/A,N/A,N/A
News (Legacy),Psychology/Psychiatry,United States,N/A,$0.00  ~ $0.00 ,N/A,N/A,N/A,N/A,N/A
News (Legacy),Psychology/Psychiatry,Canada,N/A,$0.00  ~ $0.00 ,N/A,N/A,N/A,N/A,N/A
News (Legacy),Couponing,United States,N/A,$0.00  ~ $0.00 ,N/A,N/A,N/A,N/A,N/A
News (Legacy),Couponing,Canada,N/A,$0.00  ~ $0.00 ,N/A,N/A,N/A,N/A,N/A
News (Legacy),Cold & Flu,United States,N/A,$0.00  ~ $0.00 ,N/A,N/A,N/A,N/A,N/A
News (Legacy),Cold & Flu,Canada,N/A,$0.00  ~ $0.00 ,N/A,N/A,N/A,N/A,N/A
News (Legacy),"Law, Gov't & Politics",Canada,N/A,$0.00  ~ $0.00 ,N/A,N/A,N/A,N/A,N/A
News (Legacy),"Law, Gov't & Politics",United States,N/A,$0.00  ~ $0.00 ,N/A,N/A,N/A,N/A,N/A
News (Legacy),Birdwatching,United States,N/A,$0.00  ~ $0.00 ,N/A,N/A,N/A,N/A,N/A
News (Legacy),Birdwatching,Canada,N/A,$0.00  ~ $0.00 ,N/A,N/A,N/A,N/A,N/A
News (Legacy),Stamps & Coins,United States,N/A,$0.00  ~ $0.00 ,N/A,N/A,N/A,N/A,N/A
News (Legacy),Health & Fitness,Canada,N/A,$0.00  ~ $0.00 ,N/A,N/A,N/A,N/A,N/A
News (Legacy),Health & Fitness,United States,N/A,$0.00  ~ $0.00 ,N/A,N/A,N/A,N/A,N/A
News (Legacy),Personal Finance,United States,N/A,$0.00  ~ $0.00 ,N/A,N/A,N/A,N/A,N/A
News (Legacy),Personal Finance,Canada,N/A,$0.00  ~ $0.00 ,N/A,N/A,N/A,N/A,N/A
News (Legacy),Jewelry,United States,N/A,$0.00  ~ $0.00 ,N/A,N/A,N/A,N/A,N/A
News (Legacy),Jewelry,Canada,N/A,$0.00  ~ $0.00 ,N/A,N/A,N/A,N/A,N/A
News (Legacy),Environmental Safety,United States,N/A,$0.00  ~ $0.00 ,N/A,N/A,N/A,N/A,N/A
News (Legacy),Theme Parks,Canada,N/A,$0.00  ~ $0.00 ,N/A,N/A,N/A,N/A,N/A
News (Legacy),Theme Parks,United States,N/A,$0.00  ~ $0.00 ,N/A,N/A,N/A,N/A,N/A
News (Legacy),Physical Therapy,United States,N/A,$0.00  ~ $0.00 ,N/A,N/A,N/A,N/A,N/A
News (Legacy),Physical Therapy,Canada,N/A,$0.00  ~ $0.00 ,N/A,N/A,N/A,N/A,N/A
News (Legacy),Mutual Funds,Canada,N/A,$0.00  ~ $0.00 ,N/A,N/A,N/A,N/A,N/A
News (Legacy),Mutual Funds,United States,N/A,$0.00  ~ $0.00 ,N/A,N/A,N/A,N/A,N/A
News (Legacy),Road-Side Assistance,United States,N/A,$0.00  ~ $0.00 ,N/A,N/A,N/A,N/A,N/A
News (Legacy),Road-Side Assistance,Canada,N/A,$0.00  ~ $0.00 ,N/A,N/A,N/A,N/A,N/A
News (Legacy),Football,United States,N/A,$0.00  ~ $0.00 ,N/A,N/A,N/A,N/A,N/A
News (Legacy),Football,Canada,N/A,$0.00  ~ $0.00 ,N/A,N/A,N/A,N/A,N/A
News (Legacy),Human Resources,United States,N/A,$0.00  ~ $0.00 ,N/A,N/A,N/A,N/A,N/A
News (Legacy),Human Resources,Canada,N/A,$0.00  ~ $0.00 ,N/A,N/A,N/A,N/A,N/A
News (Legacy),Family & Parenting,United States,N/A,$0.00  ~ $0.00 ,N/A,N/A,N/A,N/A,N/A
News (Legacy),Family & Parenting,Canada,N/A,$0.00  ~ $0.00 ,N/A,N/A,N/A,N/A,N/A
News (Legacy),Beauty,United States,N/A,$0.00  ~ $0.00 ,N/A,N/A,N/A,N/A,N/A
News (Legacy),Beauty,Canada,N/A,$0.00  ~ $0.00 ,N/A,N/A,N/A,N/A,N/A
News (Legacy),Alternative Religions,United States,N/A,$0.00  ~ $0.00 ,N/A,N/A,N/A,N/A,N/A
News (Legacy),Language Learning,United States,N/A,$0.00  ~ $0.00 ,N/A,N/A,N/A,N/A,N/A
News (Legacy),Language Learning,Canada,N/A,$0.00  ~ $0.00 ,N/A,N/A,N/A,N/A,N/A
News (Legacy),Italian Cuisine,United States,N/A,$0.00  ~ $0.00 ,N/A,N/A,N/A,N/A,N/A
News (Legacy),Eldercare,United States,N/A,$0.00  ~ $0.00 ,N/A,N/A,N/A,N/A,N/A
News (Legacy),Travel,United States,N/A,$0.00  ~ $0.00 ,N/A,N/A,N/A,N/A,N/A
News (Legacy),Travel,Canada,N/A,$0.00  ~ $0.00 ,N/A,N/A,N/A,N/A,N/A
News (Legacy),Education,United States,N/A,$0.00  ~ $0.00 ,N/A,N/A,N/A,N/A,N/A
News (Legacy),Education,Canada,N/A,$0.00  ~ $0.00 ,N/A,N/A,N/A,N/A,N/A
News (Legacy),Cocktails/Beer,United States,N/A,$0.00  ~ $0.00 ,N/A,N/A,N/A,N/A,N/A
News (Legacy),Cocktails/Beer,Canada,N/A,$0.00  ~ $0.00 ,N/A,N/A,N/A,N/A,N/A
News (Legacy),Arts & Entertainment,United States,N/A,$0.00  ~ $0.00 ,N/A,N/A,N/A,N/A,N/A
News (Legacy),Arts & Entertainment,Canada,N/A,$0.00  ~ $0.00 ,N/A,N/A,N/A,N/A,N/A
News (Legacy),Dining Out,Canada,N/A,$0.00  ~ $0.00 ,N/A,N/A,N/A,N/A,N/A
News (Legacy),Dining Out,United States,N/A,$0.00  ~ $0.00 ,N/A,N/A,N/A,N/A,N/A
News (Legacy),Health/Lowfat Cooking,United States,N/A,$0.00  ~ $0.00 ,N/A,N/A,N/A,N/A,N/A
News (Legacy),Health/Lowfat Cooking,Canada,N/A,$0.00  ~ $0.00 ,N/A,N/A,N/A,N/A,N/A
News (Legacy),Sailing,United States,N/A,$0.00  ~ $0.00 ,N/A,N/A,N/A,N/A,N/A
News (Legacy),Scholarships,United States,N/A,$0.00  ~ $0.00 ,N/A,N/A,N/A,N/A,N/A
News (Legacy),Tax Planning,United States,N/A,$0.00  ~ $0.00 ,N/A,N/A,N/A,N/A,N/A
News (Legacy),Advertising,United States,N/A,$0.00  ~ $0.00 ,N/A,N/A,N/A,N/A,N/A
News (Legacy),Advertising,Canada,N/A,$0.00  ~ $0.00 ,N/A,N/A,N/A,N/A,N/A
News (Legacy),Gardening,United States,N/A,$0.00  ~ $0.00 ,N/A,N/A,N/A,N/A,N/A
News (Legacy),Gardening,Canada,N/A,$0.00  ~ $0.00 ,N/A,N/A,N/A,N/A,N/A
News (Legacy),Buying/Selling Cars,Canada,N/A,$0.00  ~ $0.00 ,N/A,N/A,N/A,N/A,N/A
News (Legacy),Buying/Selling Cars,United States,N/A,$0.00  ~ $0.00 ,N/A,N/A,N/A,N/A,N/A
Personal Finance (Legacy),Beauty,United States,N/A,$0.00  ~ $0.00 ,N/A,N/A,N/A,N/A,N/A
Personal Finance (Legacy),Beauty,Canada,N/A,$0.00  ~ $0.00 ,N/A,N/A,N/A,N/A,N/A
Personal Finance (Legacy),Adventure Travel,United States,N/A,$0.00  ~ $0.00 ,N/A,N/A,N/A,N/A,N/A
Personal Finance (Legacy),U.S. Government Resources,United States,N/A,$0.00  ~ $0.00 ,N/A,N/A,N/A,N/A,N/A
Personal Finance (Legacy),Books & Literature,United States,N/A,$0.00  ~ $0.00 ,N/A,N/A,N/A,N/A,N/A
Personal Finance (Legacy),Books & Literature,Canada,N/A,$0.00  ~ $0.00 ,N/A,N/A,N/A,N/A,N/A
Personal Finance (Legacy),Football,United States,N/A,$0.00  ~ $0.00 ,N/A,N/A,N/A,N/A,N/A
Personal Finance (Legacy),Football,Canada,N/A,$0.00  ~ $0.00 ,N/A,N/A,N/A,N/A,N/A
Personal Finance (Legacy),Dining Out,United States,N/A,$0.00  ~ $0.00 ,N/A,N/A,N/A,N/A,N/A
Personal Finance (Legacy),Dining Out,Canada,N/A,$0.00  ~ $0.00 ,N/A,N/A,N/A,N/A,N/A
Personal Finance (Legacy),Pets,United States,N/A,$0.00  ~ $0.00 ,N/A,N/A,N/A,N/A,N/A
Personal Finance (Legacy),Pets,Canada,N/A,$0.00  ~ $0.00 ,N/A,N/A,N/A,N/A,N/A
Personal Finance (Legacy),Network Security,United States,N/A,$0.00  ~ $0.00 ,N/A,N/A,N/A,N/A,N/A
Personal Finance (Legacy),Infertility,United States,N/A,$0.00  ~ $0.00 ,N/A,N/A,N/A,N/A,N/A
Personal Finance (Legacy),Cancer,United States,N/A,$0.00  ~ $0.00 ,N/A,N/A,N/A,N/A,N/A
Personal Finance (Legacy),Cancer,Canada,N/A,$0.00  ~ $0.00 ,N/A,N/A,N/A,N/A,N/A
Personal Finance (Legacy),Construction,United States,N/A,$0.00  ~ $0.00 ,N/A,N/A,N/A,N/A,N/A
Personal Finance (Legacy),Construction,Canada,N/A,$0.00  ~ $0.00 ,N/A,N/A,N/A,N/A,N/A
Personal Finance (Legacy),U.S. Military,United States,N/A,$0.00  ~ $0.00 ,N/A,N/A,N/A,N/A,N/A
Personal Finance (Legacy),Sexuality,United States,N/A,$0.00  ~ $0.00 ,N/A,N/A,N/A,N/A,N/A
Personal Finance (Legacy),Sexuality,Canada,N/A,$0.00  ~ $0.00 ,N/A,N/A,N/A,N/A,N/A
Personal Finance (Legacy),Motorcycles,United States,N/A,$0.00  ~ $0.00 ,N/A,N/A,N/A,N/A,N/A
Personal Finance (Legacy),Motorcycles,Canada,N/A,$0.00  ~ $0.00 ,N/A,N/A,N/A,N/A,N/A
Personal Finance (Legacy),Interior Decorating,United States,N/A,$0.00  ~ $0.00 ,N/A,N/A,N/A,N/A,N/A
Personal Finance (Legacy),Interior Decorating,Canada,N/A,$0.00  ~ $0.00 ,N/A,N/A,N/A,N/A,N/A
Personal Finance (Legacy),Dogs,United States,N/A,$0.00  ~ $0.00 ,N/A,N/A,N/A,N/A,N/A
Personal Finance (Legacy),Dogs,Canada,N/A,$0.00  ~ $0.00 ,N/A,N/A,N/A,N/A,N/A
Personal Finance (Legacy),Metals,United States,N/A,$0.00  ~ $0.00 ,N/A,N/A,N/A,N/A,N/A
Personal Finance (Legacy),Metals,Canada,N/A,$0.00  ~ $0.00 ,N/A,N/A,N/A,N/A,N/A
Personal Finance (Legacy),Graduate School,United States,N/A,$0.00  ~ $0.00 ,N/A,N/A,N/A,N/A,N/A
Personal Finance (Legacy),Graduate School,Canada,N/A,$0.00  ~ $0.00 ,N/A,N/A,N/A,N/A,N/A
Personal Finance (Legacy),Dental Care,United States,N/A,$0.00  ~ $0.00 ,N/A,N/A,N/A,N/A,N/A
Personal Finance (Legacy),Dental Care,Canada,N/A,$0.00  ~ $0.00 ,N/A,N/A,N/A,N/A,N/A
Personal Finance (Legacy),Agriculture,United States,N/A,$0.00  ~ $0.00 ,N/A,N/A,N/A,N/A,N/A
Personal Finance (Legacy),Agriculture,Canada,N/A,$0.00  ~ $0.00 ,N/A,N/A,N/A,N/A,N/A
Personal Finance (Legacy),Martial Arts,United States,N/A,$0.00  ~ $0.00 ,N/A,N/A,N/A,N/A,N/A
Personal Finance (Legacy),Government,Canada,N/A,$0.00  ~ $0.00 ,N/A,N/A,N/A,N/A,N/A
Personal Finance (Legacy),Government,United States,N/A,$0.00  ~ $0.00 ,N/A,N/A,N/A,N/A,N/A
Personal Finance (Legacy),Scholarships,United States,N/A,$0.00  ~ $0.00 ,N/A,N/A,N/A,N/A,N/A
Personal Finance (Legacy),College,United States,N/A,$0.00  ~ $0.00 ,N/A,N/A,N/A,N/A,N/A
Personal Finance (Legacy),College,Canada,N/A,$0.00  ~ $0.00 ,N/A,N/A,N/A,N/A,N/A
Personal Finance (Legacy),Daycare/Pre School,United States,N/A,$0.00  ~ $0.00 ,N/A,N/A,N/A,N/A,N/A
Personal Finance (Legacy),Daycare/Pre School,Canada,N/A,$0.00  ~ $0.00 ,N/A,N/A,N/A,N/A,N/A
Personal Finance (Legacy),Card Games,United States,N/A,$0.00  ~ $0.00 ,N/A,N/A,N/A,N/A,N/A
Personal Finance (Legacy),Card Games,Canada,N/A,$0.00  ~ $0.00 ,N/A,N/A,N/A,N/A,N/A
Personal Finance (Legacy),Exercise,Canada,N/A,$0.00  ~ $0.00 ,N/A,N/A,N/A,N/A,N/A
Personal Finance (Legacy),Exercise,United States,N/A,$0.00  ~ $0.00 ,N/A,N/A,N/A,N/A,N/A
Personal Finance (Legacy),Technology & Computing,United States,N/A,$0.00  ~ $0.00 ,N/A,N/A,N/A,N/A,N/A
Personal Finance (Legacy),Technology & Computing,Canada,N/A,$0.00  ~ $0.00 ,N/A,N/A,N/A,N/A,N/A
Personal Finance (Legacy),Desserts & Baking,United States,N/A,$0.00  ~ $0.00 ,N/A,N/A,N/A,N/A,N/A
Personal Finance (Legacy),Television,United States,N/A,$0.00  ~ $0.00 ,N/A,N/A,N/A,N/A,N/A
Personal Finance (Legacy),Astrology,United States,N/A,$0.00  ~ $0.00 ,N/A,N/A,N/A,N/A,N/A
Personal Finance (Legacy),Business,United States,N/A,$0.00  ~ $0.00 ,N/A,N/A,N/A,N/A,N/A
Personal Finance (Legacy),Business,Canada,N/A,$0.00  ~ $0.00 ,N/A,N/A,N/A,N/A,N/A
Personal Finance (Legacy),Hobbies & Interests,United States,N/A,$0.00  ~ $0.00 ,N/A,N/A,N/A,N/A,N/A
Personal Finance (Legacy),Hobbies & Interests,Canada,N/A,$0.00  ~ $0.00 ,N/A,N/A,N/A,N/A,N/A
Personal Finance (Legacy),Investors & Patents,United States,N/A,$0.00  ~ $0.00 ,N/A,N/A,N/A,N/A,N/A
Personal Finance (Legacy),Investors & Patents,Canada,N/A,$0.00  ~ $0.00 ,N/A,N/A,N/A,N/A,N/A
Personal Finance (Legacy),Green Solutions,United States,N/A,$0.00  ~ $0.00 ,N/A,N/A,N/A,N/A,N/A
Personal Finance (Legacy),Green Solutions,Canada,N/A,$0.00  ~ $0.00 ,N/A,N/A,N/A,N/A,N/A
Personal Finance (Legacy),Theme Parks,United States,N/A,$0.00  ~ $0.00 ,N/A,N/A,N/A,N/A,N/A
Personal Finance (Legacy),Theme Parks,Canada,N/A,$0.00  ~ $0.00 ,N/A,N/A,N/A,N/A,N/A
Personal Finance (Legacy),Hunting/Shooting,United States,N/A,$0.00  ~ $0.00 ,N/A,N/A,N/A,N/A,N/A
Personal Finance (Legacy),Style & Fashion,United States,N/A,$0.00  ~ $0.00 ,N/A,N/A,N/A,N/A,N/A
Personal Finance (Legacy),Movies,United States,N/A,$0.00  ~ $0.00 ,N/A,N/A,N/A,N/A,N/A
Personal Finance (Legacy),Entertainment,United States,N/A,$0.00  ~ $0.00 ,N/A,N/A,N/A,N/A,N/A
Personal Finance (Legacy),Retirement Planning,United States,N/A,$0.00  ~ $0.00 ,N/A,N/A,N/A,N/A,N/A
Personal Finance (Legacy),Retirement Planning,Canada,N/A,$0.00  ~ $0.00 ,N/A,N/A,N/A,N/A,N/A
Personal Finance (Legacy),Psychology/Psychiatry,United States,N/A,$0.00  ~ $0.00 ,N/A,N/A,N/A,N/A,N/A
Personal Finance (Legacy),Psychology/Psychiatry,Canada,N/A,$0.00  ~ $0.00 ,N/A,N/A,N/A,N/A,N/A
Personal Finance (Legacy),Legal Issues,United States,N/A,$0.00  ~ $0.00 ,N/A,N/A,N/A,N/A,N/A
Personal Finance (Legacy),Legal Issues,Canada,N/A,$0.00  ~ $0.00 ,N/A,N/A,N/A,N/A,N/A
Personal Finance (Legacy),Career Planning,United States,N/A,$0.00  ~ $0.00 ,N/A,N/A,N/A,N/A,N/A
Personal Finance (Legacy),Career Planning,Canada,N/A,$0.00  ~ $0.00 ,N/A,N/A,N/A,N/A,N/A
Personal Finance (Legacy),Biotech/Biomedical,Canada,N/A,$0.00  ~ $0.00 ,N/A,N/A,N/A,N/A,N/A
Personal Finance (Legacy),Biotech/Biomedical,United States,N/A,$0.00  ~ $0.00 ,N/A,N/A,N/A,N/A,N/A
Personal Finance (Legacy),Real Estate,United States,N/A,$0.00  ~ $0.00 ,N/A,N/A,N/A,N/A,N/A
Personal Finance (Legacy),Real Estate,Canada,N/A,$0.00  ~ $0.00 ,N/A,N/A,N/A,N/A,N/A
Personal Finance (Legacy),Distance Learning,United States,N/A,$0.00  ~ $0.00 ,N/A,N/A,N/A,N/A,N/A
Personal Finance (Legacy),Road-Side Assistance,United States,N/A,$0.00  ~ $0.00 ,N/A,N/A,N/A,N/A,N/A
Personal Finance (Legacy),Politics,United States,N/A,$0.00  ~ $0.00 ,N/A,N/A,N/A,N/A,N/A
Personal Finance (Legacy),Politics,Canada,N/A,$0.00  ~ $0.00 ,N/A,N/A,N/A,N/A,N/A
Personal Finance (Legacy),Cameras & Camcorders,United States,N/A,$0.00  ~ $0.00 ,N/A,N/A,N/A,N/A,N/A
Personal Finance (Legacy),Cameras & Camcorders,Canada,N/A,$0.00  ~ $0.00 ,N/A,N/A,N/A,N/A,N/A
Personal Finance (Legacy),Landscaping,United States,N/A,$0.00  ~ $0.00 ,N/A,N/A,N/A,N/A,N/A
Personal Finance (Legacy),Landscaping,Canada,N/A,$0.00  ~ $0.00 ,N/A,N/A,N/A,N/A,N/A
Personal Finance (Legacy),Catholicism,United States,N/A,$0.00  ~ $0.00 ,N/A,N/A,N/A,N/A,N/A
Personal Finance (Legacy),Teens,United States,N/A,$0.00  ~ $0.00 ,N/A,N/A,N/A,N/A,N/A
Personal Finance (Legacy),Automotive,United States,N/A,$0.00  ~ $0.00 ,N/A,N/A,N/A,N/A,N/A
Personal Finance (Legacy),Automotive,Canada,N/A,$0.00  ~ $0.00 ,N/A,N/A,N/A,N/A,N/A
Personal Finance (Legacy),Home Repair,United States,N/A,$0.00  ~ $0.00 ,N/A,N/A,N/A,N/A,N/A
Personal Finance (Legacy),Home Repair,Canada,N/A,$0.00  ~ $0.00 ,N/A,N/A,N/A,N/A,N/A
Personal Finance (Legacy),Investing,United States,N/A,$0.00  ~ $0.00 ,N/A,N/A,N/A,N/A,N/A
Personal Finance (Legacy),Investing,Canada,N/A,$0.00  ~ $0.00 ,N/A,N/A,N/A,N/A,N/A
Personal Finance (Legacy),Credit/Debt & Loans,Canada,N/A,$0.00  ~ $0.00 ,N/A,N/A,N/A,N/A,N/A
Personal Finance (Legacy),Credit/Debt & Loans,United States,N/A,$0.00  ~ $0.00 ,N/A,N/A,N/A,N/A,N/A
Personal Finance (Legacy),Commentary,United States,N/A,$0.00  ~ $0.00 ,N/A,N/A,N/A,N/A,N/A
Personal Finance (Legacy),Adult Education,United States,N/A,$0.00  ~ $0.00 ,N/A,N/A,N/A,N/A,N/A
Personal Finance (Legacy),Adult Education,Canada,N/A,$0.00  ~ $0.00 ,N/A,N/A,N/A,N/A,N/A
Personal Finance (Legacy),Body Art,United States,N/A,$0.00  ~ $0.00 ,N/A,N/A,N/A,N/A,N/A
Personal Finance (Legacy),Business Software,United States,N/A,$0.00  ~ $0.00 ,N/A,N/A,N/A,N/A,N/A
Personal Finance (Legacy),Business Software,Canada,N/A,$0.00  ~ $0.00 ,N/A,N/A,N/A,N/A,N/A
Personal Finance (Legacy),Coffee/Tea,United States,N/A,$0.00  ~ $0.00 ,N/A,N/A,N/A,N/A,N/A
Personal Finance (Legacy),Parenting - K-6 Kids,United States,N/A,$0.00  ~ $0.00 ,N/A,N/A,N/A,N/A,N/A
Personal Finance (Legacy),Weddings,United States,N/A,$0.00  ~ $0.00 ,N/A,N/A,N/A,N/A,N/A
Personal Finance (Legacy),Computer Certification,United States,N/A,$0.00  ~ $0.00 ,N/A,N/A,N/A,N/A,N/A
Personal Finance (Legacy),Gardening,United States,N/A,$0.00  ~ $0.00 ,N/A,N/A,N/A,N/A,N/A
Personal Finance (Legacy),Gardening,Canada,N/A,$0.00  ~ $0.00 ,N/A,N/A,N/A,N/A,N/A
Personal Finance (Legacy),Health/Lowfat Cooking,Canada,N/A,$0.00  ~ $0.00 ,N/A,N/A,N/A,N/A,N/A
Personal Finance (Legacy),Health/Lowfat Cooking,United States,N/A,$0.00  ~ $0.00 ,N/A,N/A,N/A,N/A,N/A
Personal Finance (Legacy),Computer Networking,United States,N/A,$0.00  ~ $0.00 ,N/A,N/A,N/A,N/A,N/A
Personal Finance (Legacy),Thyroid Disease,United States,N/A,$0.00  ~ $0.00 ,N/A,N/A,N/A,N/A,N/A
Personal Finance (Legacy),Contests & Freebies,United States,N/A,$0.00  ~ $0.00 ,N/A,N/A,N/A,N/A,N/A
Personal Finance (Legacy),Chronic Pain,United States,N/A,$0.00  ~ $0.00 ,N/A,N/A,N/A,N/A,N/A
Personal Finance (Legacy),Camping,United States,N/A,$0.00  ~ $0.00 ,N/A,N/A,N/A,N/A,N/A
Personal Finance (Legacy),Travel,United States,N/A,$0.00  ~ $0.00 ,N/A,N/A,N/A,N/A,N/A
Personal Finance (Legacy),Travel,Canada,N/A,$0.00  ~ $0.00 ,N/A,N/A,N/A,N/A,N/A
Personal Finance (Legacy),Advertising,United States,N/A,$0.00  ~ $0.00 ,N/A,N/A,N/A,N/A,N/A
Personal Finance (Legacy),Advertising,Canada,N/A,$0.00  ~ $0.00 ,N/A,N/A,N/A,N/A,N/A
Personal Finance (Legacy),Veterinary Medicine,Canada,N/A,$0.00  ~ $0.00 ,N/A,N/A,N/A,N/A,N/A
Personal Finance (Legacy),Veterinary Medicine,United States,N/A,$0.00  ~ $0.00 ,N/A,N/A,N/A,N/A,N/A
Personal Finance (Legacy),Roleplaying Games,United States,N/A,$0.00  ~ $0.00 ,N/A,N/A,N/A,N/A,N/A
Personal Finance (Legacy),Weight Loss,United States,N/A,$0.00  ~ $0.00 ,N/A,N/A,N/A,N/A,N/A
Personal Finance (Legacy),Arts & Entertainment,United States,N/A,$0.00  ~ $0.00 ,N/A,N/A,N/A,N/A,N/A
Personal Finance (Legacy),Arts & Entertainment,Canada,N/A,$0.00  ~ $0.00 ,N/A,N/A,N/A,N/A,N/A
Personal Finance (Legacy),Alternative Medicine,Canada,N/A,$0.00  ~ $0.00 ,N/A,N/A,N/A,N/A,N/A
Personal Finance (Legacy),Alternative Medicine,United States,N/A,$0.00  ~ $0.00 ,N/A,N/A,N/A,N/A,N/A
Personal Finance (Legacy),Bed & Breakfasts,United States,N/A,$0.00  ~ $0.00 ,N/A,N/A,N/A,N/A,N/A
Personal Finance (Legacy),Senior Living,Canada,N/A,$0.00  ~ $0.00 ,N/A,N/A,N/A,N/A,N/A
Personal Finance (Legacy),Senior Living,United States,N/A,$0.00  ~ $0.00 ,N/A,N/A,N/A,N/A,N/A
Personal Finance (Legacy),Senor Health,United States,N/A,$0.00  ~ $0.00 ,N/A,N/A,N/A,N/A,N/A
Personal Finance (Legacy),Sailing,United States,N/A,$0.00  ~ $0.00 ,N/A,N/A,N/A,N/A,N/A
Personal Finance (Legacy),Forestry,United States,N/A,$0.00  ~ $0.00 ,N/A,N/A,N/A,N/A,N/A
Personal Finance (Legacy),Internet Technology,United States,N/A,$0.00  ~ $0.00 ,N/A,N/A,N/A,N/A,N/A
Personal Finance (Legacy),Internet Technology,Canada,N/A,$0.00  ~ $0.00 ,N/A,N/A,N/A,N/A,N/A
Personal Finance (Legacy),Buying/Selling Homes,United States,N/A,$0.00  ~ $0.00 ,N/A,N/A,N/A,N/A,N/A
Personal Finance (Legacy),Buying/Selling Homes,Canada,N/A,$0.00  ~ $0.00 ,N/A,N/A,N/A,N/A,N/A
Personal Finance (Legacy),Incontinence,United States,N/A,$0.00  ~ $0.00 ,N/A,N/A,N/A,N/A,N/A
Personal Finance (Legacy),Cocktails/Beer,United States,N/A,$0.00  ~ $0.00 ,N/A,N/A,N/A,N/A,N/A
Personal Finance (Legacy),Cocktails/Beer,Canada,N/A,$0.00  ~ $0.00 ,N/A,N/A,N/A,N/A,N/A
Personal Finance (Legacy),Cell Phones,United States,N/A,$0.00  ~ $0.00 ,N/A,N/A,N/A,N/A,N/A
Personal Finance (Legacy),Physical Therapy,United States,N/A,$0.00  ~ $0.00 ,N/A,N/A,N/A,N/A,N/A
Personal Finance (Legacy),Physical Therapy,Canada,N/A,$0.00  ~ $0.00 ,N/A,N/A,N/A,N/A,N/A
Personal Finance (Legacy),Human Resources,United States,N/A,$0.00  ~ $0.00 ,N/A,N/A,N/A,N/A,N/A
Personal Finance (Legacy),Human Resources,Canada,N/A,$0.00  ~ $0.00 ,N/A,N/A,N/A,N/A,N/A
Personal Finance (Legacy),Personal Finance,United States,N/A,$0.00  ~ $0.00 ,N/A,N/A,N/A,N/A,N/A
Personal Finance (Legacy),Personal Finance,Canada,N/A,$0.00  ~ $0.00 ,N/A,N/A,N/A,N/A,N/A
Personal Finance (Legacy),Clothing,United States,N/A,$0.00  ~ $0.00 ,N/A,N/A,N/A,N/A,N/A
Personal Finance (Legacy),Clothing,Canada,N/A,$0.00  ~ $0.00 ,N/A,N/A,N/A,N/A,N/A
Personal Finance (Legacy),Italian Cuisine,United States,N/A,$0.00  ~ $0.00 ,N/A,N/A,N/A,N/A,N/A
Personal Finance (Legacy),Remodeling & Construction,United States,N/A,$0.00  ~ $0.00 ,N/A,N/A,N/A,N/A,N/A
Personal Finance (Legacy),Remodeling & Construction,Canada,N/A,$0.00  ~ $0.00 ,N/A,N/A,N/A,N/A,N/A
Personal Finance (Legacy),Trucks & Accessories,United States,N/A,$0.00  ~ $0.00 ,N/A,N/A,N/A,N/A,N/A
Personal Finance (Legacy),Arts & Crafts,United States,N/A,$0.00  ~ $0.00 ,N/A,N/A,N/A,N/A,N/A
Personal Finance (Legacy),Food & Drink,Canada,N/A,$0.00  ~ $0.00 ,N/A,N/A,N/A,N/A,N/A
Personal Finance (Legacy),Food & Drink,United States,N/A,$0.00  ~ $0.00 ,N/A,N/A,N/A,N/A,N/A
Personal Finance (Legacy),Barbecues & Grilling,Canada,N/A,$0.00  ~ $0.00 ,N/A,N/A,N/A,N/A,N/A
Personal Finance (Legacy),Careers,United States,N/A,$0.00  ~ $0.00 ,N/A,N/A,N/A,N/A,N/A
Personal Finance (Legacy),Careers,Canada,N/A,$0.00  ~ $0.00 ,N/A,N/A,N/A,N/A,N/A
Personal Finance (Legacy),Video & Computer Games,United States,N/A,$0.00  ~ $0.00 ,N/A,N/A,N/A,N/A,N/A
Personal Finance (Legacy),Fine Art,United States,N/A,$0.00  ~ $0.00 ,N/A,N/A,N/A,N/A,N/A
Personal Finance (Legacy),Fine Art,Canada,N/A,$0.00  ~ $0.00 ,N/A,N/A,N/A,N/A,N/A
Personal Finance (Legacy),Pro Basketball,United States,N/A,$0.00  ~ $0.00 ,N/A,N/A,N/A,N/A,N/A
Personal Finance (Legacy),Entertaining,United States,N/A,$0.00  ~ $0.00 ,N/A,N/A,N/A,N/A,N/A
Personal Finance (Legacy),Financial Aid,United States,N/A,$0.00  ~ $0.00 ,N/A,N/A,N/A,N/A,N/A
Personal Finance (Legacy),Health & Fitness,United States,N/A,$0.00  ~ $0.00 ,N/A,N/A,N/A,N/A,N/A
Personal Finance (Legacy),Health & Fitness,Canada,N/A,$0.00  ~ $0.00 ,N/A,N/A,N/A,N/A,N/A
Personal Finance (Legacy),Shopping,United States,N/A,$0.00  ~ $0.00 ,N/A,N/A,N/A,N/A,N/A
Personal Finance (Legacy),Shopping,Canada,N/A,$0.00  ~ $0.00 ,N/A,N/A,N/A,N/A,N/A
Personal Finance (Legacy),Jewelry,United States,N/A,$0.00  ~ $0.00 ,N/A,N/A,N/A,N/A,N/A
Personal Finance (Legacy),Jewelry,Canada,N/A,$0.00  ~ $0.00 ,N/A,N/A,N/A,N/A,N/A
Personal Finance (Legacy),Education,United States,N/A,$0.00  ~ $0.00 ,N/A,N/A,N/A,N/A,N/A
Personal Finance (Legacy),Education,Canada,N/A,$0.00  ~ $0.00 ,N/A,N/A,N/A,N/A,N/A
Personal Finance (Legacy),Accessories,United States,N/A,$0.00  ~ $0.00 ,N/A,N/A,N/A,N/A,N/A
Personal Finance (Legacy),Cold & Flu,United States,N/A,$0.00  ~ $0.00 ,N/A,N/A,N/A,N/A,N/A
Personal Finance (Legacy),Cold & Flu,Canada,N/A,$0.00  ~ $0.00 ,N/A,N/A,N/A,N/A,N/A
Personal Finance (Legacy),"Law, Gov't & Politics",United States,N/A,$0.00  ~ $0.00 ,N/A,N/A,N/A,N/A,N/A
Personal Finance (Legacy),"Law, Gov't & Politics",Canada,N/A,$0.00  ~ $0.00 ,N/A,N/A,N/A,N/A,N/A
Personal Finance (Legacy),Mountain Biking,Canada,N/A,$0.00  ~ $0.00 ,N/A,N/A,N/A,N/A,N/A
Personal Finance (Legacy),Mountain Biking,United States,N/A,$0.00  ~ $0.00 ,N/A,N/A,N/A,N/A,N/A
Personal Finance (Legacy),Wine,United States,N/A,$0.00  ~ $0.00 ,N/A,N/A,N/A,N/A,N/A
Personal Finance (Legacy),Tax Planning,United States,N/A,$0.00  ~ $0.00 ,N/A,N/A,N/A,N/A,N/A
Personal Finance (Legacy),Hotels,United States,N/A,$0.00  ~ $0.00 ,N/A,N/A,N/A,N/A,N/A
Personal Finance (Legacy),Hotels,Canada,N/A,$0.00  ~ $0.00 ,N/A,N/A,N/A,N/A,N/A
Personal Finance (Legacy),Cruises,United States,N/A,$0.00  ~ $0.00 ,N/A,N/A,N/A,N/A,N/A
Personal Finance (Legacy),Cruises,Canada,N/A,$0.00  ~ $0.00 ,N/A,N/A,N/A,N/A,N/A
Personal Finance (Legacy),Birdwatching,United States,N/A,$0.00  ~ $0.00 ,N/A,N/A,N/A,N/A,N/A
Personal Finance (Legacy),Net Conferencing,United States,N/A,$0.00  ~ $0.00 ,N/A,N/A,N/A,N/A,N/A
Personal Finance (Legacy),Net Conferencing,Canada,N/A,$0.00  ~ $0.00 ,N/A,N/A,N/A,N/A,N/A
Personal Finance (Legacy),Collecting,United States,N/A,$0.00  ~ $0.00 ,N/A,N/A,N/A,N/A,N/A
Personal Finance (Legacy),Stamps & Coins,United States,N/A,$0.00  ~ $0.00 ,N/A,N/A,N/A,N/A,N/A
Personal Finance (Legacy),Fashion,United States,N/A,$0.00  ~ $0.00 ,N/A,N/A,N/A,N/A,N/A
Personal Finance (Legacy),Stocks,United States,N/A,$0.00  ~ $0.00 ,N/A,N/A,N/A,N/A,N/A
Personal Finance (Legacy),Cigars,United States,N/A,$0.00  ~ $0.00 ,N/A,N/A,N/A,N/A,N/A
Personal Finance (Legacy),Cigars,Canada,N/A,$0.00  ~ $0.00 ,N/A,N/A,N/A,N/A,N/A
Personal Finance (Legacy),Family & Parenting,United States,N/A,$0.00  ~ $0.00 ,N/A,N/A,N/A,N/A,N/A
Personal Finance (Legacy),Family & Parenting,Canada,N/A,$0.00  ~ $0.00 ,N/A,N/A,N/A,N/A,N/A
Personal Finance (Legacy),Off-Road Vehicles,United States,N/A,$0.00  ~ $0.00 ,N/A,N/A,N/A,N/A,N/A
Personal Finance (Legacy),Off-Road Vehicles,Canada,N/A,$0.00  ~ $0.00 ,N/A,N/A,N/A,N/A,N/A
Personal Finance (Legacy),Swimming,United States,N/A,$0.00  ~ $0.00 ,N/A,N/A,N/A,N/A,N/A
Personal Finance (Legacy),Art/Technology,United States,N/A,$0.00  ~ $0.00 ,N/A,N/A,N/A,N/A,N/A
Personal Finance (Legacy),Art/Technology,Canada,N/A,$0.00  ~ $0.00 ,N/A,N/A,N/A,N/A,N/A
Personal Finance (Legacy),Incest/Abuse Support,United States,N/A,$0.00  ~ $0.00 ,N/A,N/A,N/A,N/A,N/A
Personal Finance (Legacy),Incest/Abuse Support,Canada,N/A,$0.00  ~ $0.00 ,N/A,N/A,N/A,N/A,N/A
Personal Finance (Legacy),Apartments,United States,N/A,$0.00  ~ $0.00 ,N/A,N/A,N/A,N/A,N/A
Personal Finance (Legacy),Apartments,Canada,N/A,$0.00  ~ $0.00 ,N/A,N/A,N/A,N/A,N/A
Personal Finance (Legacy),Comparison,United States,N/A,$0.00  ~ $0.00 ,N/A,N/A,N/A,N/A,N/A
Personal Finance (Legacy),Buying/Selling Cars,United States,N/A,$0.00  ~ $0.00 ,N/A,N/A,N/A,N/A,N/A
Personal Finance (Legacy),Buying/Selling Cars,Canada,N/A,$0.00  ~ $0.00 ,N/A,N/A,N/A,N/A,N/A
Personal Finance (Legacy),Logistics,United States,N/A,$0.00  ~ $0.00 ,N/A,N/A,N/A,N/A,N/A
Personal Finance (Legacy),Logistics,Canada,N/A,$0.00  ~ $0.00 ,N/A,N/A,N/A,N/A,N/A
Personal Finance (Legacy),Job Search,United States,N/A,$0.00  ~ $0.00 ,N/A,N/A,N/A,N/A,N/A
Personal Finance (Legacy),Job Search,Canada,N/A,$0.00  ~ $0.00 ,N/A,N/A,N/A,N/A,N/A
Personal Finance (Legacy),Air Travel,United States,N/A,$0.00  ~ $0.00 ,N/A,N/A,N/A,N/A,N/A
Personal Finance (Legacy),Air Travel,Canada,N/A,$0.00  ~ $0.00 ,N/A,N/A,N/A,N/A,N/A
Personal Finance (Legacy),Radio,United States,N/A,$0.00  ~ $0.00 ,N/A,N/A,N/A,N/A,N/A
Personal Finance (Legacy),Arthritis,United States,N/A,$0.00  ~ $0.00 ,N/A,N/A,N/A,N/A,N/A
Personal Finance (Legacy),Auto Repair,Canada,N/A,$0.00  ~ $0.00 ,N/A,N/A,N/A,N/A,N/A
Personal Finance (Legacy),Auto Repair,United States,N/A,$0.00  ~ $0.00 ,N/A,N/A,N/A,N/A,N/A
Personal Finance (Legacy),Honeymoons/Getaways,United States,N/A,$0.00  ~ $0.00 ,N/A,N/A,N/A,N/A,N/A
Personal Finance (Legacy),Honeymoons/Getaways,Canada,N/A,$0.00  ~ $0.00 ,N/A,N/A,N/A,N/A,N/A
Personal Finance (Legacy),Local News,United States,N/A,$0.00  ~ $0.00 ,N/A,N/A,N/A,N/A,N/A
Personal Finance (Legacy),Computer Peripherals,United States,N/A,$0.00  ~ $0.00 ,N/A,N/A,N/A,N/A,N/A
Personal Finance (Legacy),Auto Parts,United States,N/A,$0.00  ~ $0.00 ,N/A,N/A,N/A,N/A,N/A
Personal Finance (Legacy),Auto Parts,Canada,N/A,$0.00  ~ $0.00 ,N/A,N/A,N/A,N/A,N/A
Personal Finance (Legacy),Electric Vehicle,Canada,N/A,$0.00  ~ $0.00 ,N/A,N/A,N/A,N/A,N/A
Personal Finance (Legacy),Alternative Religions,United States,N/A,$0.00  ~ $0.00 ,N/A,N/A,N/A,N/A,N/A
Personal Finance (Legacy),Language Learning,United States,N/A,$0.00  ~ $0.00 ,N/A,N/A,N/A,N/A,N/A
Personal Finance (Legacy),Couponing,Canada,N/A,$0.00  ~ $0.00 ,N/A,N/A,N/A,N/A,N/A
Personal Finance (Legacy),Couponing,United States,N/A,$0.00  ~ $0.00 ,N/A,N/A,N/A,N/A,N/A
Personal Finance (Legacy),Marketing,Canada,N/A,$0.00  ~ $0.00 ,N/A,N/A,N/A,N/A,N/A
Personal Finance (Legacy),Appliances,United States,N/A,$0.00  ~ $0.00 ,N/A,N/A,N/A,N/A,N/A
Personal Finance (Legacy),Appliances,Canada,N/A,$0.00  ~ $0.00 ,N/A,N/A,N/A,N/A,N/A
Personal Finance (Legacy),Homework/Study Tips,United States,N/A,$0.00  ~ $0.00 ,N/A,N/A,N/A,N/A,N/A
Personal Finance (Legacy),Large Animals,United States,N/A,$0.00  ~ $0.00 ,N/A,N/A,N/A,N/A,N/A
Personal Finance (Legacy),By US Locale,United States,N/A,$0.00  ~ $0.00 ,N/A,N/A,N/A,N/A,N/A
Personal Finance (Legacy),Cuisine-Specific,United States,N/A,$0.00  ~ $0.00 ,N/A,N/A,N/A,N/A,N/A
Personal Finance (Legacy),Insurance,United States,N/A,$0.00  ~ $0.00 ,N/A,N/A,N/A,N/A,N/A
Personal Finance (Legacy),Insurance,Canada,N/A,$0.00  ~ $0.00 ,N/A,N/A,N/A,N/A,N/A
Personal Finance (Legacy),Environmental Safety,United States,N/A,$0.00  ~ $0.00 ,N/A,N/A,N/A,N/A,N/A
Personal Finance (Legacy),K-6 Educators,United States,N/A,$0.00  ~ $0.00 ,N/A,N/A,N/A,N/A,N/A
Personal Finance (Legacy),K-6 Educators,Canada,N/A,$0.00  ~ $0.00 ,N/A,N/A,N/A,N/A,N/A
Personal Finance (Legacy),Pediatrics,United States,N/A,$0.00  ~ $0.00 ,N/A,N/A,N/A,N/A,N/A
Personal Finance (Legacy),Certified Pre-Owned,United States,N/A,$0.00  ~ $0.00 ,N/A,N/A,N/A,N/A,N/A
Personal Finance (Legacy),Home Theater,United States,N/A,$0.00  ~ $0.00 ,N/A,N/A,N/A,N/A,N/A
Personal Finance (Legacy),News,United States,N/A,$0.00  ~ $0.00 ,N/A,N/A,N/A,N/A,N/A
Personal Finance (Legacy),News,Canada,N/A,$0.00  ~ $0.00 ,N/A,N/A,N/A,N/A,N/A
Personal Finance (Legacy),Babies & Toddlers,United States,N/A,$0.00  ~ $0.00 ,N/A,N/A,N/A,N/A,N/A
Personal Finance (Legacy),Dermatology,United States,N/A,$0.00  ~ $0.00 ,N/A,N/A,N/A,N/A,N/A
Personal Finance (Legacy),Home & Garden,United States,N/A,$0.00  ~ $0.00 ,N/A,N/A,N/A,N/A,N/A
Personal Finance (Legacy),Home & Garden,Canada,N/A,$0.00  ~ $0.00 ,N/A,N/A,N/A,N/A,N/A
Personal Finance (Legacy),Music,United States,N/A,$0.00  ~ $0.00 ,N/A,N/A,N/A,N/A,N/A
Personal Finance (Legacy),Music,Canada,N/A,$0.00  ~ $0.00 ,N/A,N/A,N/A,N/A,N/A
Personal Finance (Legacy),Mutual Funds,Canada,N/A,$0.00  ~ $0.00 ,N/A,N/A,N/A,N/A,N/A
Personal Finance (Legacy),Mutual Funds,United States,N/A,$0.00  ~ $0.00 ,N/A,N/A,N/A,N/A,N/A
Personal Finance (Legacy),Nutrition,United States,N/A,$0.00  ~ $0.00 ,N/A,N/A,N/A,N/A,N/A
Personal Finance (Legacy),Nutrition,Canada,N/A,$0.00  ~ $0.00 ,N/A,N/A,N/A,N/A,N/A
Pets (Legacy),Hotels,United States,N/A,$0.00  ~ $0.00 ,N/A,N/A,N/A,N/A,N/A
Pets (Legacy),Hotels,Canada,N/A,$0.00  ~ $0.00 ,N/A,N/A,N/A,N/A,N/A
Pets (Legacy),Pro Basketball,United States,N/A,$0.00  ~ $0.00 ,N/A,N/A,N/A,N/A,N/A
Pets (Legacy),Distance Learning,United States,N/A,$0.00  ~ $0.00 ,N/A,N/A,N/A,N/A,N/A
Pets (Legacy),Wine,United States,N/A,$0.00  ~ $0.00 ,N/A,N/A,N/A,N/A,N/A
Pets (Legacy),Business,United States,N/A,$0.00  ~ $0.00 ,N/A,N/A,N/A,N/A,N/A
Pets (Legacy),Business,Canada,N/A,$0.00  ~ $0.00 ,N/A,N/A,N/A,N/A,N/A
Pets (Legacy),Motorcycles,United States,N/A,$0.00  ~ $0.00 ,N/A,N/A,N/A,N/A,N/A
Pets (Legacy),Motorcycles,Canada,N/A,$0.00  ~ $0.00 ,N/A,N/A,N/A,N/A,N/A
Pets (Legacy),Exercise,United States,N/A,$0.00  ~ $0.00 ,N/A,N/A,N/A,N/A,N/A
Pets (Legacy),Exercise,Canada,N/A,$0.00  ~ $0.00 ,N/A,N/A,N/A,N/A,N/A
Pets (Legacy),Alternative Medicine,United States,N/A,$0.00  ~ $0.00 ,N/A,N/A,N/A,N/A,N/A
Pets (Legacy),Alternative Medicine,Canada,N/A,$0.00  ~ $0.00 ,N/A,N/A,N/A,N/A,N/A
Pets (Legacy),Cameras & Camcorders,United States,N/A,$0.00  ~ $0.00 ,N/A,N/A,N/A,N/A,N/A
Pets (Legacy),Cameras & Camcorders,Canada,N/A,$0.00  ~ $0.00 ,N/A,N/A,N/A,N/A,N/A
Pets (Legacy),Commentary,United States,N/A,$0.00  ~ $0.00 ,N/A,N/A,N/A,N/A,N/A
Pets (Legacy),Senor Health,United States,N/A,$0.00  ~ $0.00 ,N/A,N/A,N/A,N/A,N/A
Pets (Legacy),Senor Health,Canada,N/A,$0.00  ~ $0.00 ,N/A,N/A,N/A,N/A,N/A
Pets (Legacy),Couponing,Canada,N/A,$0.00  ~ $0.00 ,N/A,N/A,N/A,N/A,N/A
Pets (Legacy),Couponing,United States,N/A,$0.00  ~ $0.00 ,N/A,N/A,N/A,N/A,N/A
Pets (Legacy),Construction,Canada,N/A,$0.00  ~ $0.00 ,N/A,N/A,N/A,N/A,N/A
Pets (Legacy),Construction,United States,N/A,$0.00  ~ $0.00 ,N/A,N/A,N/A,N/A,N/A
Pets (Legacy),Landscaping,United States,N/A,$0.00  ~ $0.00 ,N/A,N/A,N/A,N/A,N/A
Pets (Legacy),Landscaping,Canada,N/A,$0.00  ~ $0.00 ,N/A,N/A,N/A,N/A,N/A
Pets (Legacy),Thyroid Disease,United States,N/A,$0.00  ~ $0.00 ,N/A,N/A,N/A,N/A,N/A
Pets (Legacy),Roleplaying Games,United States,N/A,$0.00  ~ $0.00 ,N/A,N/A,N/A,N/A,N/A
Pets (Legacy),Language Learning,United States,N/A,$0.00  ~ $0.00 ,N/A,N/A,N/A,N/A,N/A
Pets (Legacy),Card Games,United States,N/A,$0.00  ~ $0.00 ,N/A,N/A,N/A,N/A,N/A
Pets (Legacy),Card Games,Canada,N/A,$0.00  ~ $0.00 ,N/A,N/A,N/A,N/A,N/A
Pets (Legacy),Cruises,United States,N/A,$0.00  ~ $0.00 ,N/A,N/A,N/A,N/A,N/A
Pets (Legacy),Cruises,Canada,N/A,$0.00  ~ $0.00 ,N/A,N/A,N/A,N/A,N/A
Pets (Legacy),Video & Computer Games,United States,N/A,$0.00  ~ $0.00 ,N/A,N/A,N/A,N/A,N/A
Pets (Legacy),Dental Care,United States,N/A,$0.00  ~ $0.00 ,N/A,N/A,N/A,N/A,N/A
Pets (Legacy),Dental Care,Canada,N/A,$0.00  ~ $0.00 ,N/A,N/A,N/A,N/A,N/A
Pets (Legacy),Dogs,United States,N/A,$0.00  ~ $0.00 ,N/A,N/A,N/A,N/A,N/A
Pets (Legacy),Dogs,Canada,N/A,$0.00  ~ $0.00 ,N/A,N/A,N/A,N/A,N/A
Pets (Legacy),Dining Out,United States,N/A,$0.00  ~ $0.00 ,N/A,N/A,N/A,N/A,N/A
Pets (Legacy),Dining Out,Canada,N/A,$0.00  ~ $0.00 ,N/A,N/A,N/A,N/A,N/A
Pets (Legacy),Technology & Computing,Canada,N/A,$0.00  ~ $0.00 ,N/A,N/A,N/A,N/A,N/A
Pets (Legacy),Technology & Computing,United States,N/A,$0.00  ~ $0.00 ,N/A,N/A,N/A,N/A,N/A
Pets (Legacy),Pediatrics,United States,N/A,$0.00  ~ $0.00 ,N/A,N/A,N/A,N/A,N/A
Pets (Legacy),Metals,United States,N/A,$0.00  ~ $0.00 ,N/A,N/A,N/A,N/A,N/A
Pets (Legacy),Metals,Canada,N/A,$0.00  ~ $0.00 ,N/A,N/A,N/A,N/A,N/A
Pets (Legacy),Cancer,United States,N/A,$0.00  ~ $0.00 ,N/A,N/A,N/A,N/A,N/A
Pets (Legacy),Cancer,Canada,N/A,$0.00  ~ $0.00 ,N/A,N/A,N/A,N/A,N/A
Pets (Legacy),U.S. Government Resources,United States,N/A,$0.00  ~ $0.00 ,N/A,N/A,N/A,N/A,N/A
Pets (Legacy),Parenting - K-6 Kids,United States,N/A,$0.00  ~ $0.00 ,N/A,N/A,N/A,N/A,N/A
Pets (Legacy),Certified Pre-Owned,United States,N/A,$0.00  ~ $0.00 ,N/A,N/A,N/A,N/A,N/A
Pets (Legacy),Theme Parks,United States,N/A,$0.00  ~ $0.00 ,N/A,N/A,N/A,N/A,N/A
Pets (Legacy),Theme Parks,Canada,N/A,$0.00  ~ $0.00 ,N/A,N/A,N/A,N/A,N/A
Pets (Legacy),Off-Road Vehicles,United States,N/A,$0.00  ~ $0.00 ,N/A,N/A,N/A,N/A,N/A
Pets (Legacy),Weddings,United States,N/A,$0.00  ~ $0.00 ,N/A,N/A,N/A,N/A,N/A
Pets (Legacy),Weddings,Canada,N/A,$0.00  ~ $0.00 ,N/A,N/A,N/A,N/A,N/A
Pets (Legacy),Alternative Religions,United States,N/A,$0.00  ~ $0.00 ,N/A,N/A,N/A,N/A,N/A
Pets (Legacy),Arthritis,United States,N/A,$0.00  ~ $0.00 ,N/A,N/A,N/A,N/A,N/A
Pets (Legacy),Shopping,United States,N/A,$0.00  ~ $0.00 ,N/A,N/A,N/A,N/A,N/A
Pets (Legacy),Shopping,Canada,N/A,$0.00  ~ $0.00 ,N/A,N/A,N/A,N/A,N/A
Pets (Legacy),Psychology/Psychiatry,United States,N/A,$0.00  ~ $0.00 ,N/A,N/A,N/A,N/A,N/A
Pets (Legacy),Buying/Selling Cars,United States,N/A,$0.00  ~ $0.00 ,N/A,N/A,N/A,N/A,N/A
Pets (Legacy),Buying/Selling Cars,Canada,N/A,$0.00  ~ $0.00 ,N/A,N/A,N/A,N/A,N/A
Pets (Legacy),Food & Drink,United States,N/A,$0.00  ~ $0.00 ,N/A,N/A,N/A,N/A,N/A
Pets (Legacy),Food & Drink,Canada,N/A,$0.00  ~ $0.00 ,N/A,N/A,N/A,N/A,N/A
Pets (Legacy),Mountain Biking,United States,N/A,$0.00  ~ $0.00 ,N/A,N/A,N/A,N/A,N/A
Pets (Legacy),Comparison,United States,N/A,$0.00  ~ $0.00 ,N/A,N/A,N/A,N/A,N/A
Pets (Legacy),Arts & Crafts,United States,N/A,$0.00  ~ $0.00 ,N/A,N/A,N/A,N/A,N/A
Pets (Legacy),Health/Lowfat Cooking,United States,N/A,$0.00  ~ $0.00 ,N/A,N/A,N/A,N/A,N/A
Pets (Legacy),Health/Lowfat Cooking,Canada,N/A,$0.00  ~ $0.00 ,N/A,N/A,N/A,N/A,N/A
Pets (Legacy),Incest/Abuse Support,Canada,N/A,$0.00  ~ $0.00 ,N/A,N/A,N/A,N/A,N/A
Pets (Legacy),Incest/Abuse Support,United States,N/A,$0.00  ~ $0.00 ,N/A,N/A,N/A,N/A,N/A
Pets (Legacy),Barbecues & Grilling,Canada,N/A,$0.00  ~ $0.00 ,N/A,N/A,N/A,N/A,N/A
Pets (Legacy),Beauty,United States,N/A,$0.00  ~ $0.00 ,N/A,N/A,N/A,N/A,N/A
Pets (Legacy),Beauty,Canada,N/A,$0.00  ~ $0.00 ,N/A,N/A,N/A,N/A,N/A
Pets (Legacy),Senior Living,United States,N/A,$0.00  ~ $0.00 ,N/A,N/A,N/A,N/A,N/A
Pets (Legacy),Birdwatching,United States,N/A,$0.00  ~ $0.00 ,N/A,N/A,N/A,N/A,N/A
Pets (Legacy),Birdwatching,Canada,N/A,$0.00  ~ $0.00 ,N/A,N/A,N/A,N/A,N/A
Pets (Legacy),Computer Certification,United States,N/A,$0.00  ~ $0.00 ,N/A,N/A,N/A,N/A,N/A
Pets (Legacy),Football,United States,N/A,$0.00  ~ $0.00 ,N/A,N/A,N/A,N/A,N/A
Pets (Legacy),Football,Canada,N/A,$0.00  ~ $0.00 ,N/A,N/A,N/A,N/A,N/A
Pets (Legacy),Travel,United States,N/A,$0.00  ~ $0.00 ,N/A,N/A,N/A,N/A,N/A
Pets (Legacy),Travel,Canada,N/A,$0.00  ~ $0.00 ,N/A,N/A,N/A,N/A,N/A
Pets (Legacy),Home Repair,United States,N/A,$0.00  ~ $0.00 ,N/A,N/A,N/A,N/A,N/A
Pets (Legacy),Home Repair,Canada,N/A,$0.00  ~ $0.00 ,N/A,N/A,N/A,N/A,N/A
Pets (Legacy),Art/Technology,United States,N/A,$0.00  ~ $0.00 ,N/A,N/A,N/A,N/A,N/A
Pets (Legacy),Art/Technology,Canada,N/A,$0.00  ~ $0.00 ,N/A,N/A,N/A,N/A,N/A
Pets (Legacy),Incontinence,United States,N/A,$0.00  ~ $0.00 ,N/A,N/A,N/A,N/A,N/A
Pets (Legacy),Government,Canada,N/A,$0.00  ~ $0.00 ,N/A,N/A,N/A,N/A,N/A
Pets (Legacy),Government,United States,N/A,$0.00  ~ $0.00 ,N/A,N/A,N/A,N/A,N/A
Pets (Legacy),Honeymoons/Getaways,United States,N/A,$0.00  ~ $0.00 ,N/A,N/A,N/A,N/A,N/A
Pets (Legacy),Honeymoons/Getaways,Canada,N/A,$0.00  ~ $0.00 ,N/A,N/A,N/A,N/A,N/A
Pets (Legacy),Veterinary Medicine,United States,N/A,$0.00  ~ $0.00 ,N/A,N/A,N/A,N/A,N/A
Pets (Legacy),Veterinary Medicine,Canada,N/A,$0.00  ~ $0.00 ,N/A,N/A,N/A,N/A,N/A
Pets (Legacy),Entertaining,United States,N/A,$0.00  ~ $0.00 ,N/A,N/A,N/A,N/A,N/A
Pets (Legacy),Canada,Canada,N/A,$0.00  ~ $0.00 ,N/A,N/A,N/A,N/A,N/A
Pets (Legacy),Remodeling & Construction,United States,N/A,$0.00  ~ $0.00 ,N/A,N/A,N/A,N/A,N/A
Pets (Legacy),Remodeling & Construction,Canada,N/A,$0.00  ~ $0.00 ,N/A,N/A,N/A,N/A,N/A
Pets (Legacy),Job Search,United States,N/A,$0.00  ~ $0.00 ,N/A,N/A,N/A,N/A,N/A
Pets (Legacy),Job Search,Canada,N/A,$0.00  ~ $0.00 ,N/A,N/A,N/A,N/A,N/A
Pets (Legacy),Coffee/Tea,United States,N/A,$0.00  ~ $0.00 ,N/A,N/A,N/A,N/A,N/A
Pets (Legacy),Environmental Safety,United States,N/A,$0.00  ~ $0.00 ,N/A,N/A,N/A,N/A,N/A
Pets (Legacy),Entertainment,United States,N/A,$0.00  ~ $0.00 ,N/A,N/A,N/A,N/A,N/A
Pets (Legacy),Agriculture,United States,N/A,$0.00  ~ $0.00 ,N/A,N/A,N/A,N/A,N/A
Pets (Legacy),Agriculture,Canada,N/A,$0.00  ~ $0.00 ,N/A,N/A,N/A,N/A,N/A
Pets (Legacy),Adult Education,United States,N/A,$0.00  ~ $0.00 ,N/A,N/A,N/A,N/A,N/A
Pets (Legacy),Adult Education,Canada,N/A,$0.00  ~ $0.00 ,N/A,N/A,N/A,N/A,N/A
Pets (Legacy),Clothing,United States,N/A,$0.00  ~ $0.00 ,N/A,N/A,N/A,N/A,N/A
Pets (Legacy),Clothing,Canada,N/A,$0.00  ~ $0.00 ,N/A,N/A,N/A,N/A,N/A
Pets (Legacy),Green Solutions,United States,N/A,$0.00  ~ $0.00 ,N/A,N/A,N/A,N/A,N/A
Pets (Legacy),Green Solutions,Canada,N/A,$0.00  ~ $0.00 ,N/A,N/A,N/A,N/A,N/A
Pets (Legacy),Air Travel,United States,N/A,$0.00  ~ $0.00 ,N/A,N/A,N/A,N/A,N/A
Pets (Legacy),Air Travel,Canada,N/A,$0.00  ~ $0.00 ,N/A,N/A,N/A,N/A,N/A
Pets (Legacy),Investors & Patents,Canada,N/A,$0.00  ~ $0.00 ,N/A,N/A,N/A,N/A,N/A
Pets (Legacy),Investors & Patents,United States,N/A,$0.00  ~ $0.00 ,N/A,N/A,N/A,N/A,N/A
Pets (Legacy),Financial Aid,United States,N/A,$0.00  ~ $0.00 ,N/A,N/A,N/A,N/A,N/A
Pets (Legacy),Politics,United States,N/A,$0.00  ~ $0.00 ,N/A,N/A,N/A,N/A,N/A
Pets (Legacy),Politics,Canada,N/A,$0.00  ~ $0.00 ,N/A,N/A,N/A,N/A,N/A
Pets (Legacy),Insurance,United States,N/A,$0.00  ~ $0.00 ,N/A,N/A,N/A,N/A,N/A
Pets (Legacy),Insurance,Canada,N/A,$0.00  ~ $0.00 ,N/A,N/A,N/A,N/A,N/A
Pets (Legacy),Career Planning,United States,N/A,$0.00  ~ $0.00 ,N/A,N/A,N/A,N/A,N/A
Pets (Legacy),Career Planning,Canada,N/A,$0.00  ~ $0.00 ,N/A,N/A,N/A,N/A,N/A
Pets (Legacy),Buying/Selling Homes,United States,N/A,$0.00  ~ $0.00 ,N/A,N/A,N/A,N/A,N/A
Pets (Legacy),Buying/Selling Homes,Canada,N/A,$0.00  ~ $0.00 ,N/A,N/A,N/A,N/A,N/A
Pets (Legacy),Cocktails/Beer,United States,N/A,$0.00  ~ $0.00 ,N/A,N/A,N/A,N/A,N/A
Pets (Legacy),Cocktails/Beer,Canada,N/A,$0.00  ~ $0.00 ,N/A,N/A,N/A,N/A,N/A
Pets (Legacy),Television,United States,N/A,$0.00  ~ $0.00 ,N/A,N/A,N/A,N/A,N/A
Pets (Legacy),Guitar,United States,N/A,$0.00  ~ $0.00 ,N/A,N/A,N/A,N/A,N/A
Pets (Legacy),Desserts & Baking,United States,N/A,$0.00  ~ $0.00 ,N/A,N/A,N/A,N/A,N/A
Pets (Legacy),Marketing,Canada,N/A,$0.00  ~ $0.00 ,N/A,N/A,N/A,N/A,N/A
Pets (Legacy),Catholicism,United States,N/A,$0.00  ~ $0.00 ,N/A,N/A,N/A,N/A,N/A
Pets (Legacy),Stamps & Coins,United States,N/A,$0.00  ~ $0.00 ,N/A,N/A,N/A,N/A,N/A
Pets (Legacy),Business Software,United States,N/A,$0.00  ~ $0.00 ,N/A,N/A,N/A,N/A,N/A
Pets (Legacy),Business Software,Canada,N/A,$0.00  ~ $0.00 ,N/A,N/A,N/A,N/A,N/A
Pets (Legacy),Hunting/Shooting,United States,N/A,$0.00  ~ $0.00 ,N/A,N/A,N/A,N/A,N/A
Pets (Legacy),Weight Loss,United States,N/A,$0.00  ~ $0.00 ,N/A,N/A,N/A,N/A,N/A
Pets (Legacy),Collecting,United States,N/A,$0.00  ~ $0.00 ,N/A,N/A,N/A,N/A,N/A
Pets (Legacy),Personal Finance,United States,N/A,$0.00  ~ $0.00 ,N/A,N/A,N/A,N/A,N/A
Pets (Legacy),Personal Finance,Canada,N/A,$0.00  ~ $0.00 ,N/A,N/A,N/A,N/A,N/A
Pets (Legacy),Gardening,United States,N/A,$0.00  ~ $0.00 ,N/A,N/A,N/A,N/A,N/A
Pets (Legacy),Gardening,Canada,N/A,$0.00  ~ $0.00 ,N/A,N/A,N/A,N/A,N/A
Pets (Legacy),Family & Parenting,United States,N/A,$0.00  ~ $0.00 ,N/A,N/A,N/A,N/A,N/A
Pets (Legacy),Family & Parenting,Canada,N/A,$0.00  ~ $0.00 ,N/A,N/A,N/A,N/A,N/A
Pets (Legacy),Trucks & Accessories,United States,N/A,$0.00  ~ $0.00 ,N/A,N/A,N/A,N/A,N/A
Pets (Legacy),Cold & Flu,United States,N/A,$0.00  ~ $0.00 ,N/A,N/A,N/A,N/A,N/A
Pets (Legacy),Cold & Flu,Canada,N/A,$0.00  ~ $0.00 ,N/A,N/A,N/A,N/A,N/A
Pets (Legacy),Computer Networking,United States,N/A,$0.00  ~ $0.00 ,N/A,N/A,N/A,N/A,N/A
Pets (Legacy),Local News,United States,N/A,$0.00  ~ $0.00 ,N/A,N/A,N/A,N/A,N/A
Pets (Legacy),Retirement Planning,United States,N/A,$0.00  ~ $0.00 ,N/A,N/A,N/A,N/A,N/A
Pets (Legacy),Auto Repair,United States,N/A,$0.00  ~ $0.00 ,N/A,N/A,N/A,N/A,N/A
Pets (Legacy),Auto Repair,Canada,N/A,$0.00  ~ $0.00 ,N/A,N/A,N/A,N/A,N/A
Pets (Legacy),Credit/Debt & Loans,United States,N/A,$0.00  ~ $0.00 ,N/A,N/A,N/A,N/A,N/A
Pets (Legacy),Credit/Debt & Loans,Canada,N/A,$0.00  ~ $0.00 ,N/A,N/A,N/A,N/A,N/A
Pets (Legacy),Careers,United States,N/A,$0.00  ~ $0.00 ,N/A,N/A,N/A,N/A,N/A
Pets (Legacy),Careers,Canada,N/A,$0.00  ~ $0.00 ,N/A,N/A,N/A,N/A,N/A
Pets (Legacy),Auto Parts,United States,N/A,$0.00  ~ $0.00 ,N/A,N/A,N/A,N/A,N/A
Pets (Legacy),Auto Parts,Canada,N/A,$0.00  ~ $0.00 ,N/A,N/A,N/A,N/A,N/A
Pets (Legacy),Sailing,United States,N/A,$0.00  ~ $0.00 ,N/A,N/A,N/A,N/A,N/A
Pets (Legacy),Radio,United States,N/A,$0.00  ~ $0.00 ,N/A,N/A,N/A,N/A,N/A
Pets (Legacy),Martial Arts,United States,N/A,$0.00  ~ $0.00 ,N/A,N/A,N/A,N/A,N/A
Pets (Legacy),Fashion,United States,N/A,$0.00  ~ $0.00 ,N/A,N/A,N/A,N/A,N/A
Pets (Legacy),Human Resources,United States,N/A,$0.00  ~ $0.00 ,N/A,N/A,N/A,N/A,N/A
Pets (Legacy),Human Resources,Canada,N/A,$0.00  ~ $0.00 ,N/A,N/A,N/A,N/A,N/A
Pets (Legacy),Babies & Toddlers,United States,N/A,$0.00  ~ $0.00 ,N/A,N/A,N/A,N/A,N/A
Pets (Legacy),Apartments,United States,N/A,$0.00  ~ $0.00 ,N/A,N/A,N/A,N/A,N/A
Pets (Legacy),Apartments,Canada,N/A,$0.00  ~ $0.00 ,N/A,N/A,N/A,N/A,N/A
Pets (Legacy),Forestry,United States,N/A,$0.00  ~ $0.00 ,N/A,N/A,N/A,N/A,N/A
Pets (Legacy),Hobbies & Interests,United States,N/A,$0.00  ~ $0.00 ,N/A,N/A,N/A,N/A,N/A
Pets (Legacy),Hobbies & Interests,Canada,N/A,$0.00  ~ $0.00 ,N/A,N/A,N/A,N/A,N/A
Pets (Legacy),Education,United States,N/A,$0.00  ~ $0.00 ,N/A,N/A,N/A,N/A,N/A
Pets (Legacy),Education,Canada,N/A,$0.00  ~ $0.00 ,N/A,N/A,N/A,N/A,N/A
Pets (Legacy),Advertising,Canada,N/A,$0.00  ~ $0.00 ,N/A,N/A,N/A,N/A,N/A
Pets (Legacy),Advertising,United States,N/A,$0.00  ~ $0.00 ,N/A,N/A,N/A,N/A,N/A
Pets (Legacy),Logistics,United States,N/A,$0.00  ~ $0.00 ,N/A,N/A,N/A,N/A,N/A
Pets (Legacy),Logistics,Canada,N/A,$0.00  ~ $0.00 ,N/A,N/A,N/A,N/A,N/A
Pets (Legacy),Real Estate,United States,N/A,$0.00  ~ $0.00 ,N/A,N/A,N/A,N/A,N/A
Pets (Legacy),Real Estate,Canada,N/A,$0.00  ~ $0.00 ,N/A,N/A,N/A,N/A,N/A
Pets (Legacy),Style & Fashion,United States,N/A,$0.00  ~ $0.00 ,N/A,N/A,N/A,N/A,N/A
Pets (Legacy),Camping,United States,N/A,$0.00  ~ $0.00 ,N/A,N/A,N/A,N/A,N/A
Pets (Legacy),Graduate School,United States,N/A,$0.00  ~ $0.00 ,N/A,N/A,N/A,N/A,N/A
Pets (Legacy),Computer Peripherals,United States,N/A,$0.00  ~ $0.00 ,N/A,N/A,N/A,N/A,N/A
Pets (Legacy),Chronic Pain,United States,N/A,$0.00  ~ $0.00 ,N/A,N/A,N/A,N/A,N/A
Pets (Legacy),Daycare/Pre School,United States,N/A,$0.00  ~ $0.00 ,N/A,N/A,N/A,N/A,N/A
Pets (Legacy),By US Locale,United States,N/A,$0.00  ~ $0.00 ,N/A,N/A,N/A,N/A,N/A
Pets (Legacy),"Law, Gov't & Politics",United States,N/A,$0.00  ~ $0.00 ,N/A,N/A,N/A,N/A,N/A
Pets (Legacy),Contests & Freebies,United States,N/A,$0.00  ~ $0.00 ,N/A,N/A,N/A,N/A,N/A
Pets (Legacy),Internet Technology,United States,N/A,$0.00  ~ $0.00 ,N/A,N/A,N/A,N/A,N/A
Pets (Legacy),Internet Technology,Canada,N/A,$0.00  ~ $0.00 ,N/A,N/A,N/A,N/A,N/A
Pets (Legacy),Road-Side Assistance,United States,N/A,$0.00  ~ $0.00 ,N/A,N/A,N/A,N/A,N/A
Pets (Legacy),Road-Side Assistance,Canada,N/A,$0.00  ~ $0.00 ,N/A,N/A,N/A,N/A,N/A
Pets (Legacy),Infertility,United States,N/A,$0.00  ~ $0.00 ,N/A,N/A,N/A,N/A,N/A
Pets (Legacy),News,United States,N/A,$0.00  ~ $0.00 ,N/A,N/A,N/A,N/A,N/A
Pets (Legacy),News,Canada,N/A,$0.00  ~ $0.00 ,N/A,N/A,N/A,N/A,N/A
Pets (Legacy),Pets,United States,N/A,$0.00  ~ $0.00 ,N/A,N/A,N/A,N/A,N/A
Pets (Legacy),Pets,Canada,N/A,$0.00  ~ $0.00 ,N/A,N/A,N/A,N/A,N/A
Pets (Legacy),Legal Issues,United States,N/A,$0.00  ~ $0.00 ,N/A,N/A,N/A,N/A,N/A
Pets (Legacy),Legal Issues,Canada,N/A,$0.00  ~ $0.00 ,N/A,N/A,N/A,N/A,N/A
Pets (Legacy),Jewelry,United States,N/A,$0.00  ~ $0.00 ,N/A,N/A,N/A,N/A,N/A
Pets (Legacy),Jewelry,Canada,N/A,$0.00  ~ $0.00 ,N/A,N/A,N/A,N/A,N/A
Pets (Legacy),Biotech/Biomedical,United States,N/A,$0.00  ~ $0.00 ,N/A,N/A,N/A,N/A,N/A
Pets (Legacy),Biotech/Biomedical,Canada,N/A,$0.00  ~ $0.00 ,N/A,N/A,N/A,N/A,N/A
Pets (Legacy),Accessories,United States,N/A,$0.00  ~ $0.00 ,N/A,N/A,N/A,N/A,N/A
Pets (Legacy),Dermatology,United States,N/A,$0.00  ~ $0.00 ,N/A,N/A,N/A,N/A,N/A
Pets (Legacy),Homework/Study Tips,United States,N/A,$0.00  ~ $0.00 ,N/A,N/A,N/A,N/A,N/A
Pets (Legacy),Sexuality,United States,N/A,$0.00  ~ $0.00 ,N/A,N/A,N/A,N/A,N/A
Pets (Legacy),Physical Therapy,United States,N/A,$0.00  ~ $0.00 ,N/A,N/A,N/A,N/A,N/A
Pets (Legacy),Physical Therapy,Canada,N/A,$0.00  ~ $0.00 ,N/A,N/A,N/A,N/A,N/A
Pets (Legacy),Cell Phones,United States,N/A,$0.00  ~ $0.00 ,N/A,N/A,N/A,N/A,N/A
Pets (Legacy),Cuisine-Specific,United States,N/A,$0.00  ~ $0.00 ,N/A,N/A,N/A,N/A,N/A
Pets (Legacy),Automotive,United States,N/A,$0.00  ~ $0.00 ,N/A,N/A,N/A,N/A,N/A
Pets (Legacy),Automotive,Canada,N/A,$0.00  ~ $0.00 ,N/A,N/A,N/A,N/A,N/A
Pets (Legacy),Music,United States,N/A,$0.00  ~ $0.00 ,N/A,N/A,N/A,N/A,N/A
Pets (Legacy),Music,Canada,N/A,$0.00  ~ $0.00 ,N/A,N/A,N/A,N/A,N/A
Pets (Legacy),Investing,United States,N/A,$0.00  ~ $0.00 ,N/A,N/A,N/A,N/A,N/A
Pets (Legacy),Investing,Canada,N/A,$0.00  ~ $0.00 ,N/A,N/A,N/A,N/A,N/A
Pets (Legacy),Cigars,United States,N/A,$0.00  ~ $0.00 ,N/A,N/A,N/A,N/A,N/A
Pets (Legacy),Nutrition,United States,N/A,$0.00  ~ $0.00 ,N/A,N/A,N/A,N/A,N/A
Pets (Legacy),Nutrition,Canada,N/A,$0.00  ~ $0.00 ,N/A,N/A,N/A,N/A,N/A
Pets (Legacy),College,United States,N/A,$0.00  ~ $0.00 ,N/A,N/A,N/A,N/A,N/A
Pets (Legacy),College,Canada,N/A,$0.00  ~ $0.00 ,N/A,N/A,N/A,N/A,N/A
Pets (Legacy),Interior Decorating,United States,N/A,$0.00  ~ $0.00 ,N/A,N/A,N/A,N/A,N/A
Pets (Legacy),Interior Decorating,Canada,N/A,$0.00  ~ $0.00 ,N/A,N/A,N/A,N/A,N/A
Pets (Legacy),Bed & Breakfasts,United States,N/A,$0.00  ~ $0.00 ,N/A,N/A,N/A,N/A,N/A
Pets (Legacy),K-6 Educators,United States,N/A,$0.00  ~ $0.00 ,N/A,N/A,N/A,N/A,N/A
Pets (Legacy),K-6 Educators,Canada,N/A,$0.00  ~ $0.00 ,N/A,N/A,N/A,N/A,N/A
Pets (Legacy),Adventure Travel,United States,N/A,$0.00  ~ $0.00 ,N/A,N/A,N/A,N/A,N/A
Pets (Legacy),Arts & Entertainment,United States,N/A,$0.00  ~ $0.00 ,N/A,N/A,N/A,N/A,N/A
Pets (Legacy),Arts & Entertainment,Canada,N/A,$0.00  ~ $0.00 ,N/A,N/A,N/A,N/A,N/A
Pets (Legacy),Books & Literature,United States,N/A,$0.00  ~ $0.00 ,N/A,N/A,N/A,N/A,N/A
Pets (Legacy),Books & Literature,Canada,N/A,$0.00  ~ $0.00 ,N/A,N/A,N/A,N/A,N/A
Pets (Legacy),Swimming,United States,N/A,$0.00  ~ $0.00 ,N/A,N/A,N/A,N/A,N/A
Pets (Legacy),Movies,United States,N/A,$0.00  ~ $0.00 ,N/A,N/A,N/A,N/A,N/A
Pets (Legacy),Network Security,United States,N/A,$0.00  ~ $0.00 ,N/A,N/A,N/A,N/A,N/A
Pets (Legacy),Health & Fitness,United States,N/A,$0.00  ~ $0.00 ,N/A,N/A,N/A,N/A,N/A
Pets (Legacy),Health & Fitness,Canada,N/A,$0.00  ~ $0.00 ,N/A,N/A,N/A,N/A,N/A
Pets (Legacy),Mutual Funds,United States,N/A,$0.00  ~ $0.00 ,N/A,N/A,N/A,N/A,N/A
Pets (Legacy),Mutual Funds,Canada,N/A,$0.00  ~ $0.00 ,N/A,N/A,N/A,N/A,N/A
Pets (Legacy),Fine Art,United States,N/A,$0.00  ~ $0.00 ,N/A,N/A,N/A,N/A,N/A
Pets (Legacy),Fine Art,Canada,N/A,$0.00  ~ $0.00 ,N/A,N/A,N/A,N/A,N/A
Pets (Legacy),U.S. Military,United States,N/A,$0.00  ~ $0.00 ,N/A,N/A,N/A,N/A,N/A
Pets (Legacy),Appliances,United States,N/A,$0.00  ~ $0.00 ,N/A,N/A,N/A,N/A,N/A
Pets (Legacy),Appliances,Canada,N/A,$0.00  ~ $0.00 ,N/A,N/A,N/A,N/A,N/A
Pets (Legacy),Large Animals,United States,N/A,$0.00  ~ $0.00 ,N/A,N/A,N/A,N/A,N/A
Pets (Legacy),Home & Garden,United States,N/A,$0.00  ~ $0.00 ,N/A,N/A,N/A,N/A,N/A
Pets (Legacy),Home & Garden,Canada,N/A,$0.00  ~ $0.00 ,N/A,N/A,N/A,N/A,N/A
Pets (Legacy),Scholarships,United States,N/A,$0.00  ~ $0.00 ,N/A,N/A,N/A,N/A,N/A
Pets (Legacy),Net Conferencing,Canada,N/A,$0.00  ~ $0.00 ,N/A,N/A,N/A,N/A,N/A
Pets (Legacy),Net Conferencing,United States,N/A,$0.00  ~ $0.00 ,N/A,N/A,N/A,N/A,N/A
Pets (Legacy),Tax Planning,United States,N/A,$0.00  ~ $0.00 ,N/A,N/A,N/A,N/A,N/A
Real Estate (Legacy),Cameras & Camcorders,United States,N/A,$0.00  ~ $0.00 ,N/A,N/A,N/A,N/A,N/A
Real Estate (Legacy),Cameras & Camcorders,Canada,N/A,$0.00  ~ $0.00 ,N/A,N/A,N/A,N/A,N/A
Real Estate (Legacy),"Law, Gov't & Politics",United States,N/A,$0.00  ~ $0.00 ,N/A,N/A,N/A,N/A,N/A
Real Estate (Legacy),Adventure Travel,United States,N/A,$0.00  ~ $0.00 ,N/A,N/A,N/A,N/A,N/A
Real Estate (Legacy),Agriculture,United States,N/A,$0.00  ~ $0.00 ,N/A,N/A,N/A,N/A,N/A
Real Estate (Legacy),Agriculture,Canada,N/A,$0.00  ~ $0.00 ,N/A,N/A,N/A,N/A,N/A
Real Estate (Legacy),Credit/Debt & Loans,United States,N/A,$0.00  ~ $0.00 ,N/A,N/A,N/A,N/A,N/A
Real Estate (Legacy),Credit/Debt & Loans,Canada,N/A,$0.00  ~ $0.00 ,N/A,N/A,N/A,N/A,N/A
Real Estate (Legacy),Real Estate,United States,N/A,$0.00  ~ $0.00 ,N/A,N/A,N/A,N/A,N/A
Real Estate (Legacy),Real Estate,Canada,N/A,$0.00  ~ $0.00 ,N/A,N/A,N/A,N/A,N/A
Real Estate (Legacy),Theme Parks,United States,N/A,$0.00  ~ $0.00 ,N/A,N/A,N/A,N/A,N/A
Real Estate (Legacy),Theme Parks,Canada,N/A,$0.00  ~ $0.00 ,N/A,N/A,N/A,N/A,N/A
Real Estate (Legacy),Hobbies & Interests,United States,N/A,$0.00  ~ $0.00 ,N/A,N/A,N/A,N/A,N/A
Real Estate (Legacy),Hobbies & Interests,Canada,N/A,$0.00  ~ $0.00 ,N/A,N/A,N/A,N/A,N/A
Real Estate (Legacy),Home Repair,United States,N/A,$0.00  ~ $0.00 ,N/A,N/A,N/A,N/A,N/A
Real Estate (Legacy),Home Repair,Canada,N/A,$0.00  ~ $0.00 ,N/A,N/A,N/A,N/A,N/A
Real Estate (Legacy),Advertising,United States,N/A,$0.00  ~ $0.00 ,N/A,N/A,N/A,N/A,N/A
Real Estate (Legacy),Advertising,Canada,N/A,$0.00  ~ $0.00 ,N/A,N/A,N/A,N/A,N/A
Real Estate (Legacy),Interior Decorating,United States,N/A,$0.00  ~ $0.00 ,N/A,N/A,N/A,N/A,N/A
Real Estate (Legacy),Interior Decorating,Canada,N/A,$0.00  ~ $0.00 ,N/A,N/A,N/A,N/A,N/A
Real Estate (Legacy),Graduate School,United States,N/A,$0.00  ~ $0.00 ,N/A,N/A,N/A,N/A,N/A
Real Estate (Legacy),Graduate School,Canada,N/A,$0.00  ~ $0.00 ,N/A,N/A,N/A,N/A,N/A
Real Estate (Legacy),Sexuality,United States,N/A,$0.00  ~ $0.00 ,N/A,N/A,N/A,N/A,N/A
Real Estate (Legacy),Sexuality,Canada,N/A,$0.00  ~ $0.00 ,N/A,N/A,N/A,N/A,N/A
Real Estate (Legacy),Radio,United States,N/A,$0.00  ~ $0.00 ,N/A,N/A,N/A,N/A,N/A
Real Estate (Legacy),Parenting - K-6 Kids,United States,N/A,$0.00  ~ $0.00 ,N/A,N/A,N/A,N/A,N/A
Real Estate (Legacy),Thyroid Disease,United States,N/A,$0.00  ~ $0.00 ,N/A,N/A,N/A,N/A,N/A
Real Estate (Legacy),Network Security,United States,N/A,$0.00  ~ $0.00 ,N/A,N/A,N/A,N/A,N/A
Real Estate (Legacy),Cigars,United States,N/A,$0.00  ~ $0.00 ,N/A,N/A,N/A,N/A,N/A
Real Estate (Legacy),Investors & Patents,United States,N/A,$0.00  ~ $0.00 ,N/A,N/A,N/A,N/A,N/A
Real Estate (Legacy),Investors & Patents,Canada,N/A,$0.00  ~ $0.00 ,N/A,N/A,N/A,N/A,N/A
Real Estate (Legacy),Food & Drink,United States,N/A,$0.00  ~ $0.00 ,N/A,N/A,N/A,N/A,N/A
Real Estate (Legacy),Food & Drink,Canada,N/A,$0.00  ~ $0.00 ,N/A,N/A,N/A,N/A,N/A
Real Estate (Legacy),Pets,United States,N/A,$0.00  ~ $0.00 ,N/A,N/A,N/A,N/A,N/A
Real Estate (Legacy),Pets,Canada,N/A,$0.00  ~ $0.00 ,N/A,N/A,N/A,N/A,N/A
Real Estate (Legacy),Beauty,United States,N/A,$0.00  ~ $0.00 ,N/A,N/A,N/A,N/A,N/A
Real Estate (Legacy),Beauty,Canada,N/A,$0.00  ~ $0.00 ,N/A,N/A,N/A,N/A,N/A
Real Estate (Legacy),Desserts & Baking,Canada,N/A,$0.00  ~ $0.00 ,N/A,N/A,N/A,N/A,N/A
Real Estate (Legacy),Desserts & Baking,United States,N/A,$0.00  ~ $0.00 ,N/A,N/A,N/A,N/A,N/A
Real Estate (Legacy),Landscaping,United States,N/A,$0.00  ~ $0.00 ,N/A,N/A,N/A,N/A,N/A
Real Estate (Legacy),Landscaping,Canada,N/A,$0.00  ~ $0.00 ,N/A,N/A,N/A,N/A,N/A
Real Estate (Legacy),Babies & Toddlers,United States,N/A,$0.00  ~ $0.00 ,N/A,N/A,N/A,N/A,N/A
Real Estate (Legacy),College,United States,N/A,$0.00  ~ $0.00 ,N/A,N/A,N/A,N/A,N/A
Real Estate (Legacy),College,Canada,N/A,$0.00  ~ $0.00 ,N/A,N/A,N/A,N/A,N/A
Real Estate (Legacy),Clothing,United States,N/A,$0.00  ~ $0.00 ,N/A,N/A,N/A,N/A,N/A
Real Estate (Legacy),Clothing,Canada,N/A,$0.00  ~ $0.00 ,N/A,N/A,N/A,N/A,N/A
Real Estate (Legacy),Arts & Entertainment,United States,N/A,$0.00  ~ $0.00 ,N/A,N/A,N/A,N/A,N/A
Real Estate (Legacy),Arts & Entertainment,Canada,N/A,$0.00  ~ $0.00 ,N/A,N/A,N/A,N/A,N/A
Real Estate (Legacy),Art/Technology,United States,N/A,$0.00  ~ $0.00 ,N/A,N/A,N/A,N/A,N/A
Real Estate (Legacy),Art/Technology,Canada,N/A,$0.00  ~ $0.00 ,N/A,N/A,N/A,N/A,N/A
Real Estate (Legacy),Dogs,United States,N/A,$0.00  ~ $0.00 ,N/A,N/A,N/A,N/A,N/A
Real Estate (Legacy),Dogs,Canada,N/A,$0.00  ~ $0.00 ,N/A,N/A,N/A,N/A,N/A
Real Estate (Legacy),Senior Living,United States,N/A,$0.00  ~ $0.00 ,N/A,N/A,N/A,N/A,N/A
Real Estate (Legacy),Senior Living,Canada,N/A,$0.00  ~ $0.00 ,N/A,N/A,N/A,N/A,N/A
Real Estate (Legacy),Chronic Pain,United States,N/A,$0.00  ~ $0.00 ,N/A,N/A,N/A,N/A,N/A
Real Estate (Legacy),Swimming,United States,N/A,$0.00  ~ $0.00 ,N/A,N/A,N/A,N/A,N/A
Real Estate (Legacy),Pro Basketball,United States,N/A,$0.00  ~ $0.00 ,N/A,N/A,N/A,N/A,N/A
Real Estate (Legacy),Retirement Planning,United States,N/A,$0.00  ~ $0.00 ,N/A,N/A,N/A,N/A,N/A
Real Estate (Legacy),Commentary,United States,N/A,$0.00  ~ $0.00 ,N/A,N/A,N/A,N/A,N/A
Real Estate (Legacy),Computer Certification,United States,N/A,$0.00  ~ $0.00 ,N/A,N/A,N/A,N/A,N/A
Real Estate (Legacy),Body Art,United States,N/A,$0.00  ~ $0.00 ,N/A,N/A,N/A,N/A,N/A
Real Estate (Legacy),Cuisine-Specific,United States,N/A,$0.00  ~ $0.00 ,N/A,N/A,N/A,N/A,N/A
Real Estate (Legacy),Travel,Canada,N/A,$0.00  ~ $0.00 ,N/A,N/A,N/A,N/A,N/A
Real Estate (Legacy),Travel,United States,N/A,$0.00  ~ $0.00 ,N/A,N/A,N/A,N/A,N/A
Real Estate (Legacy),Arts & Crafts,United States,N/A,$0.00  ~ $0.00 ,N/A,N/A,N/A,N/A,N/A
Real Estate (Legacy),Adult Education,United States,N/A,$0.00  ~ $0.00 ,N/A,N/A,N/A,N/A,N/A
Real Estate (Legacy),Adult Education,Canada,N/A,$0.00  ~ $0.00 ,N/A,N/A,N/A,N/A,N/A
Real Estate (Legacy),Incontinence,United States,N/A,$0.00  ~ $0.00 ,N/A,N/A,N/A,N/A,N/A
Real Estate (Legacy),Politics,United States,N/A,$0.00  ~ $0.00 ,N/A,N/A,N/A,N/A,N/A
Real Estate (Legacy),Politics,Canada,N/A,$0.00  ~ $0.00 ,N/A,N/A,N/A,N/A,N/A
Real Estate (Legacy),Education,United States,N/A,$0.00  ~ $0.00 ,N/A,N/A,N/A,N/A,N/A
Real Estate (Legacy),Education,Canada,N/A,$0.00  ~ $0.00 ,N/A,N/A,N/A,N/A,N/A
Real Estate (Legacy),Biotech/Biomedical,United States,N/A,$0.00  ~ $0.00 ,N/A,N/A,N/A,N/A,N/A
Real Estate (Legacy),Biotech/Biomedical,Canada,N/A,$0.00  ~ $0.00 ,N/A,N/A,N/A,N/A,N/A
Real Estate (Legacy),Card Games,United States,N/A,$0.00  ~ $0.00 ,N/A,N/A,N/A,N/A,N/A
Real Estate (Legacy),Card Games,Canada,N/A,$0.00  ~ $0.00 ,N/A,N/A,N/A,N/A,N/A
Real Estate (Legacy),Fine Art,United States,N/A,$0.00  ~ $0.00 ,N/A,N/A,N/A,N/A,N/A
Real Estate (Legacy),Fine Art,Canada,N/A,$0.00  ~ $0.00 ,N/A,N/A,N/A,N/A,N/A
Real Estate (Legacy),Catholicism,United States,N/A,$0.00  ~ $0.00 ,N/A,N/A,N/A,N/A,N/A
Real Estate (Legacy),Style & Fashion,United States,N/A,$0.00  ~ $0.00 ,N/A,N/A,N/A,N/A,N/A
Real Estate (Legacy),Religion & Spirituality,United States,N/A,$0.00  ~ $0.00 ,N/A,N/A,N/A,N/A,N/A
Real Estate (Legacy),Personal Finance,United States,N/A,$0.00  ~ $0.00 ,N/A,N/A,N/A,N/A,N/A
Real Estate (Legacy),Personal Finance,Canada,N/A,$0.00  ~ $0.00 ,N/A,N/A,N/A,N/A,N/A
Real Estate (Legacy),Job Search,United States,N/A,$0.00  ~ $0.00 ,N/A,N/A,N/A,N/A,N/A
Real Estate (Legacy),Job Search,Canada,N/A,$0.00  ~ $0.00 ,N/A,N/A,N/A,N/A,N/A
Real Estate (Legacy),Environmental Safety,United States,N/A,$0.00  ~ $0.00 ,N/A,N/A,N/A,N/A,N/A
Real Estate (Legacy),Birdwatching,United States,N/A,$0.00  ~ $0.00 ,N/A,N/A,N/A,N/A,N/A
Real Estate (Legacy),Birdwatching,Canada,N/A,$0.00  ~ $0.00 ,N/A,N/A,N/A,N/A,N/A
Real Estate (Legacy),K-6 Educators,United States,N/A,$0.00  ~ $0.00 ,N/A,N/A,N/A,N/A,N/A
Real Estate (Legacy),K-6 Educators,Canada,N/A,$0.00  ~ $0.00 ,N/A,N/A,N/A,N/A,N/A
Real Estate (Legacy),Jewelry,United States,N/A,$0.00  ~ $0.00 ,N/A,N/A,N/A,N/A,N/A
Real Estate (Legacy),Jewelry,Canada,N/A,$0.00  ~ $0.00 ,N/A,N/A,N/A,N/A,N/A
Real Estate (Legacy),Insurance,United States,N/A,$0.00  ~ $0.00 ,N/A,N/A,N/A,N/A,N/A
Real Estate (Legacy),Insurance,Canada,N/A,$0.00  ~ $0.00 ,N/A,N/A,N/A,N/A,N/A
Real Estate (Legacy),Honeymoons/Getaways,Canada,N/A,$0.00  ~ $0.00 ,N/A,N/A,N/A,N/A,N/A
Real Estate (Legacy),Honeymoons/Getaways,United States,N/A,$0.00  ~ $0.00 ,N/A,N/A,N/A,N/A,N/A
Real Estate (Legacy),Trucks & Accessories,United States,N/A,$0.00  ~ $0.00 ,N/A,N/A,N/A,N/A,N/A
Real Estate (Legacy),Pediatrics,United States,N/A,$0.00  ~ $0.00 ,N/A,N/A,N/A,N/A,N/A
Real Estate (Legacy),Computer Peripherals,United States,N/A,$0.00  ~ $0.00 ,N/A,N/A,N/A,N/A,N/A
Real Estate (Legacy),Appliances,United States,N/A,$0.00  ~ $0.00 ,N/A,N/A,N/A,N/A,N/A
Real Estate (Legacy),Appliances,Canada,N/A,$0.00  ~ $0.00 ,N/A,N/A,N/A,N/A,N/A
Real Estate (Legacy),Language Learning,United States,N/A,$0.00  ~ $0.00 ,N/A,N/A,N/A,N/A,N/A
Real Estate (Legacy),Cocktails/Beer,United States,N/A,$0.00  ~ $0.00 ,N/A,N/A,N/A,N/A,N/A
Real Estate (Legacy),Cocktails/Beer,Canada,N/A,$0.00  ~ $0.00 ,N/A,N/A,N/A,N/A,N/A
Real Estate (Legacy),Government,Canada,N/A,$0.00  ~ $0.00 ,N/A,N/A,N/A,N/A,N/A
Real Estate (Legacy),Government,United States,N/A,$0.00  ~ $0.00 ,N/A,N/A,N/A,N/A,N/A
Real Estate (Legacy),Business Software,United States,N/A,$0.00  ~ $0.00 ,N/A,N/A,N/A,N/A,N/A
Real Estate (Legacy),Business Software,Canada,N/A,$0.00  ~ $0.00 ,N/A,N/A,N/A,N/A,N/A
Real Estate (Legacy),Bed & Breakfasts,United States,N/A,$0.00  ~ $0.00 ,N/A,N/A,N/A,N/A,N/A
Real Estate (Legacy),Bed & Breakfasts,Canada,N/A,$0.00  ~ $0.00 ,N/A,N/A,N/A,N/A,N/A
Real Estate (Legacy),Air Travel,United States,N/A,$0.00  ~ $0.00 ,N/A,N/A,N/A,N/A,N/A
Real Estate (Legacy),Air Travel,Canada,N/A,$0.00  ~ $0.00 ,N/A,N/A,N/A,N/A,N/A
Real Estate (Legacy),Electric Vehicle,Canada,N/A,$0.00  ~ $0.00 ,N/A,N/A,N/A,N/A,N/A
Real Estate (Legacy),Alternative Religions,United States,N/A,$0.00  ~ $0.00 ,N/A,N/A,N/A,N/A,N/A
Real Estate (Legacy),Teens,United States,N/A,$0.00  ~ $0.00 ,N/A,N/A,N/A,N/A,N/A
Real Estate (Legacy),Couponing,Canada,N/A,$0.00  ~ $0.00 ,N/A,N/A,N/A,N/A,N/A
Real Estate (Legacy),Couponing,United States,N/A,$0.00  ~ $0.00 ,N/A,N/A,N/A,N/A,N/A
Real Estate (Legacy),Dining Out,United States,N/A,$0.00  ~ $0.00 ,N/A,N/A,N/A,N/A,N/A
Real Estate (Legacy),Dining Out,Canada,N/A,$0.00  ~ $0.00 ,N/A,N/A,N/A,N/A,N/A
Real Estate (Legacy),Marketing,United States,N/A,$0.00  ~ $0.00 ,N/A,N/A,N/A,N/A,N/A
Real Estate (Legacy),Marketing,Canada,N/A,$0.00  ~ $0.00 ,N/A,N/A,N/A,N/A,N/A
Real Estate (Legacy),Physical Therapy,United States,N/A,$0.00  ~ $0.00 ,N/A,N/A,N/A,N/A,N/A
Real Estate (Legacy),Physical Therapy,Canada,N/A,$0.00  ~ $0.00 ,N/A,N/A,N/A,N/A,N/A
Real Estate (Legacy),Entertainment,United States,N/A,$0.00  ~ $0.00 ,N/A,N/A,N/A,N/A,N/A
Real Estate (Legacy),Collecting,United States,N/A,$0.00  ~ $0.00 ,N/A,N/A,N/A,N/A,N/A
Real Estate (Legacy),Contests & Freebies,United States,N/A,$0.00  ~ $0.00 ,N/A,N/A,N/A,N/A,N/A
Real Estate (Legacy),Off-Road Vehicles,United States,N/A,$0.00  ~ $0.00 ,N/A,N/A,N/A,N/A,N/A
Real Estate (Legacy),Off-Road Vehicles,Canada,N/A,$0.00  ~ $0.00 ,N/A,N/A,N/A,N/A,N/A
Real Estate (Legacy),Computer Networking,United States,N/A,$0.00  ~ $0.00 ,N/A,N/A,N/A,N/A,N/A
Real Estate (Legacy),Books & Literature,United States,N/A,$0.00  ~ $0.00 ,N/A,N/A,N/A,N/A,N/A
Real Estate (Legacy),Books & Literature,Canada,N/A,$0.00  ~ $0.00 ,N/A,N/A,N/A,N/A,N/A
Real Estate (Legacy),Arthritis,United States,N/A,$0.00  ~ $0.00 ,N/A,N/A,N/A,N/A,N/A
Real Estate (Legacy),Local News,United States,N/A,$0.00  ~ $0.00 ,N/A,N/A,N/A,N/A,N/A
Real Estate (Legacy),Scholarships,United States,N/A,$0.00  ~ $0.00 ,N/A,N/A,N/A,N/A,N/A
Real Estate (Legacy),Daycare/Pre School,United States,N/A,$0.00  ~ $0.00 ,N/A,N/A,N/A,N/A,N/A
Real Estate (Legacy),Horse Racing,Canada,N/A,$0.00  ~ $0.00 ,N/A,N/A,N/A,N/A,N/A
Real Estate (Legacy),Home & Garden,United States,N/A,$0.00  ~ $0.00 ,N/A,N/A,N/A,N/A,N/A
Real Estate (Legacy),Home & Garden,Canada,N/A,$0.00  ~ $0.00 ,N/A,N/A,N/A,N/A,N/A
Real Estate (Legacy),Automotive,United States,N/A,$0.00  ~ $0.00 ,N/A,N/A,N/A,N/A,N/A
Real Estate (Legacy),Automotive,Canada,N/A,$0.00  ~ $0.00 ,N/A,N/A,N/A,N/A,N/A
Real Estate (Legacy),Auto Repair,Canada,N/A,$0.00  ~ $0.00 ,N/A,N/A,N/A,N/A,N/A
Real Estate (Legacy),Auto Repair,United States,N/A,$0.00  ~ $0.00 ,N/A,N/A,N/A,N/A,N/A
Real Estate (Legacy),Incest/Abuse Support,United States,N/A,$0.00  ~ $0.00 ,N/A,N/A,N/A,N/A,N/A
Real Estate (Legacy),Incest/Abuse Support,Canada,N/A,$0.00  ~ $0.00 ,N/A,N/A,N/A,N/A,N/A
Real Estate (Legacy),Wine,United States,N/A,$0.00  ~ $0.00 ,N/A,N/A,N/A,N/A,N/A
Real Estate (Legacy),Comparison,United States,N/A,$0.00  ~ $0.00 ,N/A,N/A,N/A,N/A,N/A
Real Estate (Legacy),Movies,United States,N/A,$0.00  ~ $0.00 ,N/A,N/A,N/A,N/A,N/A
Real Estate (Legacy),7-12 Education,United States,N/A,$0.00  ~ $0.00 ,N/A,N/A,N/A,N/A,N/A
Real Estate (Legacy),Legal Issues,United States,N/A,$0.00  ~ $0.00 ,N/A,N/A,N/A,N/A,N/A
Real Estate (Legacy),Legal Issues,Canada,N/A,$0.00  ~ $0.00 ,N/A,N/A,N/A,N/A,N/A
Real Estate (Legacy),Cruises,United States,N/A,$0.00  ~ $0.00 ,N/A,N/A,N/A,N/A,N/A
Real Estate (Legacy),Cruises,Canada,N/A,$0.00  ~ $0.00 ,N/A,N/A,N/A,N/A,N/A
Real Estate (Legacy),Weddings,United States,N/A,$0.00  ~ $0.00 ,N/A,N/A,N/A,N/A,N/A
Real Estate (Legacy),Weddings,Canada,N/A,$0.00  ~ $0.00 ,N/A,N/A,N/A,N/A,N/A
Real Estate (Legacy),Infertility,United States,N/A,$0.00  ~ $0.00 ,N/A,N/A,N/A,N/A,N/A
Real Estate (Legacy),Buying/Selling Cars,United States,N/A,$0.00  ~ $0.00 ,N/A,N/A,N/A,N/A,N/A
Real Estate (Legacy),Buying/Selling Cars,Canada,N/A,$0.00  ~ $0.00 ,N/A,N/A,N/A,N/A,N/A
Real Estate (Legacy),Construction,United States,N/A,$0.00  ~ $0.00 ,N/A,N/A,N/A,N/A,N/A
Real Estate (Legacy),Construction,Canada,N/A,$0.00  ~ $0.00 ,N/A,N/A,N/A,N/A,N/A
Real Estate (Legacy),Internet Technology,Canada,N/A,$0.00  ~ $0.00 ,N/A,N/A,N/A,N/A,N/A
Real Estate (Legacy),Internet Technology,United States,N/A,$0.00  ~ $0.00 ,N/A,N/A,N/A,N/A,N/A
Real Estate (Legacy),By US Locale,United States,N/A,$0.00  ~ $0.00 ,N/A,N/A,N/A,N/A,N/A
Real Estate (Legacy),Fashion,United States,N/A,$0.00  ~ $0.00 ,N/A,N/A,N/A,N/A,N/A
Real Estate (Legacy),Canada,Canada,N/A,$0.00  ~ $0.00 ,N/A,N/A,N/A,N/A,N/A
Real Estate (Legacy),Business,United States,N/A,$0.00  ~ $0.00 ,N/A,N/A,N/A,N/A,N/A
Real Estate (Legacy),Business,Canada,N/A,$0.00  ~ $0.00 ,N/A,N/A,N/A,N/A,N/A
Real Estate (Legacy),Career Planning,Canada,N/A,$0.00  ~ $0.00 ,N/A,N/A,N/A,N/A,N/A
Real Estate (Legacy),Career Planning,United States,N/A,$0.00  ~ $0.00 ,N/A,N/A,N/A,N/A,N/A
Real Estate (Legacy),News,United States,N/A,$0.00  ~ $0.00 ,N/A,N/A,N/A,N/A,N/A
Real Estate (Legacy),News,Canada,N/A,$0.00  ~ $0.00 ,N/A,N/A,N/A,N/A,N/A
Real Estate (Legacy),Distance Learning,United States,N/A,$0.00  ~ $0.00 ,N/A,N/A,N/A,N/A,N/A
Real Estate (Legacy),Gardening,United States,N/A,$0.00  ~ $0.00 ,N/A,N/A,N/A,N/A,N/A
Real Estate (Legacy),Gardening,Canada,N/A,$0.00  ~ $0.00 ,N/A,N/A,N/A,N/A,N/A
Real Estate (Legacy),Family & Parenting,United States,N/A,$0.00  ~ $0.00 ,N/A,N/A,N/A,N/A,N/A
Real Estate (Legacy),Family & Parenting,Canada,N/A,$0.00  ~ $0.00 ,N/A,N/A,N/A,N/A,N/A
Real Estate (Legacy),Senor Health,Canada,N/A,$0.00  ~ $0.00 ,N/A,N/A,N/A,N/A,N/A
Real Estate (Legacy),Senor Health,United States,N/A,$0.00  ~ $0.00 ,N/A,N/A,N/A,N/A,N/A
Real Estate (Legacy),Apartments,United States,N/A,$0.00  ~ $0.00 ,N/A,N/A,N/A,N/A,N/A
Real Estate (Legacy),Apartments,Canada,N/A,$0.00  ~ $0.00 ,N/A,N/A,N/A,N/A,N/A
Real Estate (Legacy),Astrology,United States,N/A,$0.00  ~ $0.00 ,N/A,N/A,N/A,N/A,N/A
Real Estate (Legacy),Astrology,Canada,N/A,$0.00  ~ $0.00 ,N/A,N/A,N/A,N/A,N/A
Real Estate (Legacy),Hotels,United States,N/A,$0.00  ~ $0.00 ,N/A,N/A,N/A,N/A,N/A
Real Estate (Legacy),Hotels,Canada,N/A,$0.00  ~ $0.00 ,N/A,N/A,N/A,N/A,N/A
Real Estate (Legacy),Cold & Flu,United States,N/A,$0.00  ~ $0.00 ,N/A,N/A,N/A,N/A,N/A
Real Estate (Legacy),Cold & Flu,Canada,N/A,$0.00  ~ $0.00 ,N/A,N/A,N/A,N/A,N/A
Real Estate (Legacy),Sailing,United States,N/A,$0.00  ~ $0.00 ,N/A,N/A,N/A,N/A,N/A
Real Estate (Legacy),U.S. Government Resources,United States,N/A,$0.00  ~ $0.00 ,N/A,N/A,N/A,N/A,N/A
Real Estate (Legacy),Stamps & Coins,United States,N/A,$0.00  ~ $0.00 ,N/A,N/A,N/A,N/A,N/A
Real Estate (Legacy),Guitar,United States,N/A,$0.00  ~ $0.00 ,N/A,N/A,N/A,N/A,N/A
Real Estate (Legacy),Health & Fitness,United States,N/A,$0.00  ~ $0.00 ,N/A,N/A,N/A,N/A,N/A
Real Estate (Legacy),Health & Fitness,Canada,N/A,$0.00  ~ $0.00 ,N/A,N/A,N/A,N/A,N/A
Real Estate (Legacy),Music,United States,N/A,$0.00  ~ $0.00 ,N/A,N/A,N/A,N/A,N/A
Real Estate (Legacy),Music,Canada,N/A,$0.00  ~ $0.00 ,N/A,N/A,N/A,N/A,N/A
Real Estate (Legacy),Logistics,United States,N/A,$0.00  ~ $0.00 ,N/A,N/A,N/A,N/A,N/A
Real Estate (Legacy),Logistics,Canada,N/A,$0.00  ~ $0.00 ,N/A,N/A,N/A,N/A,N/A
Real Estate (Legacy),Humor,United States,N/A,$0.00  ~ $0.00 ,N/A,N/A,N/A,N/A,N/A
Real Estate (Legacy),Cancer,United States,N/A,$0.00  ~ $0.00 ,N/A,N/A,N/A,N/A,N/A
Real Estate (Legacy),Cancer,Canada,N/A,$0.00  ~ $0.00 ,N/A,N/A,N/A,N/A,N/A
Real Estate (Legacy),Weight Loss,United States,N/A,$0.00  ~ $0.00 ,N/A,N/A,N/A,N/A,N/A
Real Estate (Legacy),Financial Aid,United States,N/A,$0.00  ~ $0.00 ,N/A,N/A,N/A,N/A,N/A
Real Estate (Legacy),Cell Phones,United States,N/A,$0.00  ~ $0.00 ,N/A,N/A,N/A,N/A,N/A
Real Estate (Legacy),Forestry,United States,N/A,$0.00  ~ $0.00 ,N/A,N/A,N/A,N/A,N/A
Real Estate (Legacy),Motorcycles,United States,N/A,$0.00  ~ $0.00 ,N/A,N/A,N/A,N/A,N/A
Real Estate (Legacy),Motorcycles,Canada,N/A,$0.00  ~ $0.00 ,N/A,N/A,N/A,N/A,N/A
Real Estate (Legacy),Investing,United States,N/A,$0.00  ~ $0.00 ,N/A,N/A,N/A,N/A,N/A
Real Estate (Legacy),Dental Care,United States,N/A,$0.00  ~ $0.00 ,N/A,N/A,N/A,N/A,N/A
Real Estate (Legacy),Dental Care,Canada,N/A,$0.00  ~ $0.00 ,N/A,N/A,N/A,N/A,N/A
Real Estate (Legacy),Camping,United States,N/A,$0.00  ~ $0.00 ,N/A,N/A,N/A,N/A,N/A
Real Estate (Legacy),Barbecues & Grilling,Canada,N/A,$0.00  ~ $0.00 ,N/A,N/A,N/A,N/A,N/A
Real Estate (Legacy),Roleplaying Games,United States,N/A,$0.00  ~ $0.00 ,N/A,N/A,N/A,N/A,N/A
Real Estate (Legacy),Remodeling & Construction,United States,N/A,$0.00  ~ $0.00 ,N/A,N/A,N/A,N/A,N/A
Real Estate (Legacy),Remodeling & Construction,Canada,N/A,$0.00  ~ $0.00 ,N/A,N/A,N/A,N/A,N/A
Real Estate (Legacy),Accessories,United States,N/A,$0.00  ~ $0.00 ,N/A,N/A,N/A,N/A,N/A
Real Estate (Legacy),Net Conferencing,United States,N/A,$0.00  ~ $0.00 ,N/A,N/A,N/A,N/A,N/A
Real Estate (Legacy),Net Conferencing,Canada,N/A,$0.00  ~ $0.00 ,N/A,N/A,N/A,N/A,N/A
Real Estate (Legacy),Large Animals,United States,N/A,$0.00  ~ $0.00 ,N/A,N/A,N/A,N/A,N/A
Real Estate (Legacy),Television,United States,N/A,$0.00  ~ $0.00 ,N/A,N/A,N/A,N/A,N/A
Real Estate (Legacy),Psychology/Psychiatry,United States,N/A,$0.00  ~ $0.00 ,N/A,N/A,N/A,N/A,N/A
Real Estate (Legacy),Psychology/Psychiatry,Canada,N/A,$0.00  ~ $0.00 ,N/A,N/A,N/A,N/A,N/A
Real Estate (Legacy),Football,United States,N/A,$0.00  ~ $0.00 ,N/A,N/A,N/A,N/A,N/A
Real Estate (Legacy),Football,Canada,N/A,$0.00  ~ $0.00 ,N/A,N/A,N/A,N/A,N/A
Real Estate (Legacy),Alternative Medicine,United States,N/A,$0.00  ~ $0.00 ,N/A,N/A,N/A,N/A,N/A
Real Estate (Legacy),Alternative Medicine,Canada,N/A,$0.00  ~ $0.00 ,N/A,N/A,N/A,N/A,N/A
Real Estate (Legacy),U.S. Military,United States,N/A,$0.00  ~ $0.00 ,N/A,N/A,N/A,N/A,N/A
Real Estate (Legacy),Mountain Biking,Canada,N/A,$0.00  ~ $0.00 ,N/A,N/A,N/A,N/A,N/A
Real Estate (Legacy),Mountain Biking,United States,N/A,$0.00  ~ $0.00 ,N/A,N/A,N/A,N/A,N/A
Real Estate (Legacy),Tax Planning,United States,N/A,$0.00  ~ $0.00 ,N/A,N/A,N/A,N/A,N/A
Real Estate (Legacy),Homework/Study Tips,United States,N/A,$0.00  ~ $0.00 ,N/A,N/A,N/A,N/A,N/A
Real Estate (Legacy),Home Theater,United States,N/A,$0.00  ~ $0.00 ,N/A,N/A,N/A,N/A,N/A
Real Estate (Legacy),Veterinary Medicine,United States,N/A,$0.00  ~ $0.00 ,N/A,N/A,N/A,N/A,N/A
Real Estate (Legacy),Veterinary Medicine,Canada,N/A,$0.00  ~ $0.00 ,N/A,N/A,N/A,N/A,N/A
Real Estate (Legacy),Entertaining,United States,N/A,$0.00  ~ $0.00 ,N/A,N/A,N/A,N/A,N/A
Real Estate (Legacy),Shopping,United States,N/A,$0.00  ~ $0.00 ,N/A,N/A,N/A,N/A,N/A
Real Estate (Legacy),Shopping,Canada,N/A,$0.00  ~ $0.00 ,N/A,N/A,N/A,N/A,N/A
Real Estate (Legacy),Metals,United States,N/A,$0.00  ~ $0.00 ,N/A,N/A,N/A,N/A,N/A
Real Estate (Legacy),Metals,Canada,N/A,$0.00  ~ $0.00 ,N/A,N/A,N/A,N/A,N/A
Real Estate (Legacy),Coffee/Tea,United States,N/A,$0.00  ~ $0.00 ,N/A,N/A,N/A,N/A,N/A
Real Estate (Legacy),Health/Lowfat Cooking,United States,N/A,$0.00  ~ $0.00 ,N/A,N/A,N/A,N/A,N/A
Real Estate (Legacy),Health/Lowfat Cooking,Canada,N/A,$0.00  ~ $0.00 ,N/A,N/A,N/A,N/A,N/A
Real Estate (Legacy),Careers,United States,N/A,$0.00  ~ $0.00 ,N/A,N/A,N/A,N/A,N/A
Real Estate (Legacy),Careers,Canada,N/A,$0.00  ~ $0.00 ,N/A,N/A,N/A,N/A,N/A
Real Estate (Legacy),Mutual Funds,United States,N/A,$0.00  ~ $0.00 ,N/A,N/A,N/A,N/A,N/A
Real Estate (Legacy),Mutual Funds,Canada,N/A,$0.00  ~ $0.00 ,N/A,N/A,N/A,N/A,N/A
Real Estate (Legacy),Buying/Selling Homes,United States,N/A,$0.00  ~ $0.00 ,N/A,N/A,N/A,N/A,N/A
Real Estate (Legacy),Buying/Selling Homes,Canada,N/A,$0.00  ~ $0.00 ,N/A,N/A,N/A,N/A,N/A
Real Estate (Legacy),Exercise,United States,N/A,$0.00  ~ $0.00 ,N/A,N/A,N/A,N/A,N/A
Real Estate (Legacy),Exercise,Canada,N/A,$0.00  ~ $0.00 ,N/A,N/A,N/A,N/A,N/A
Real Estate (Legacy),Nutrition,United States,N/A,$0.00  ~ $0.00 ,N/A,N/A,N/A,N/A,N/A
Real Estate (Legacy),Nutrition,Canada,N/A,$0.00  ~ $0.00 ,N/A,N/A,N/A,N/A,N/A
Real Estate (Legacy),Road-Side Assistance,Canada,N/A,$0.00  ~ $0.00 ,N/A,N/A,N/A,N/A,N/A
Real Estate (Legacy),Road-Side Assistance,United States,N/A,$0.00  ~ $0.00 ,N/A,N/A,N/A,N/A,N/A
Real Estate (Legacy),Martial Arts,United States,N/A,$0.00  ~ $0.00 ,N/A,N/A,N/A,N/A,N/A
Real Estate (Legacy),Martial Arts,Canada,N/A,$0.00  ~ $0.00 ,N/A,N/A,N/A,N/A,N/A
Real Estate (Legacy),Certified Pre-Owned,United States,N/A,$0.00  ~ $0.00 ,N/A,N/A,N/A,N/A,N/A
Real Estate (Legacy),Human Resources,Canada,N/A,$0.00  ~ $0.00 ,N/A,N/A,N/A,N/A,N/A
Real Estate (Legacy),Human Resources,United States,N/A,$0.00  ~ $0.00 ,N/A,N/A,N/A,N/A,N/A
Real Estate (Legacy),Technology & Computing,United States,N/A,$0.00  ~ $0.00 ,N/A,N/A,N/A,N/A,N/A
Real Estate (Legacy),Technology & Computing,Canada,N/A,$0.00  ~ $0.00 ,N/A,N/A,N/A,N/A,N/A
Real Estate (Legacy),Hunting/Shooting,United States,N/A,$0.00  ~ $0.00 ,N/A,N/A,N/A,N/A,N/A
Real Estate (Legacy),Auto Parts,United States,N/A,$0.00  ~ $0.00 ,N/A,N/A,N/A,N/A,N/A
Real Estate (Legacy),Auto Parts,Canada,N/A,$0.00  ~ $0.00 ,N/A,N/A,N/A,N/A,N/A
Real Estate (Legacy),Video & Computer Games,United States,N/A,$0.00  ~ $0.00 ,N/A,N/A,N/A,N/A,N/A
Real Estate (Legacy),Dermatology,United States,N/A,$0.00  ~ $0.00 ,N/A,N/A,N/A,N/A,N/A
Real Estate (Legacy),Dermatology,Canada,N/A,$0.00  ~ $0.00 ,N/A,N/A,N/A,N/A,N/A
Real Estate (Legacy),Green Solutions,United States,N/A,$0.00  ~ $0.00 ,N/A,N/A,N/A,N/A,N/A
Real Estate (Legacy),Green Solutions,Canada,N/A,$0.00  ~ $0.00 ,N/A,N/A,N/A,N/A,N/A
Religion & Spirituality (Legacy),Books & Literature,United States,N/A,$0.00  ~ $0.00 ,N/A,N/A,N/A,N/A,N/A
Religion & Spirituality (Legacy),Scholarships,United States,N/A,$0.00  ~ $0.00 ,N/A,N/A,N/A,N/A,N/A
Religion & Spirituality (Legacy),Network Security,United States,N/A,$0.00  ~ $0.00 ,N/A,N/A,N/A,N/A,N/A
Religion & Spirituality (Legacy),Football,United States,N/A,$0.00  ~ $0.00 ,N/A,N/A,N/A,N/A,N/A
Religion & Spirituality (Legacy),Football,Canada,N/A,$0.00  ~ $0.00 ,N/A,N/A,N/A,N/A,N/A
Religion & Spirituality (Legacy),Investing,United States,N/A,$0.00  ~ $0.00 ,N/A,N/A,N/A,N/A,N/A
Religion & Spirituality (Legacy),Investing,Canada,N/A,$0.00  ~ $0.00 ,N/A,N/A,N/A,N/A,N/A
Religion & Spirituality (Legacy),Agriculture,United States,N/A,$0.00  ~ $0.00 ,N/A,N/A,N/A,N/A,N/A
Religion & Spirituality (Legacy),Agriculture,Canada,N/A,$0.00  ~ $0.00 ,N/A,N/A,N/A,N/A,N/A
Religion & Spirituality (Legacy),Entertaining,United States,N/A,$0.00  ~ $0.00 ,N/A,N/A,N/A,N/A,N/A
Religion & Spirituality (Legacy),Language Learning,United States,N/A,$0.00  ~ $0.00 ,N/A,N/A,N/A,N/A,N/A
Religion & Spirituality (Legacy),Style & Fashion,United States,N/A,$0.00  ~ $0.00 ,N/A,N/A,N/A,N/A,N/A
Religion & Spirituality (Legacy),Business Software,United States,N/A,$0.00  ~ $0.00 ,N/A,N/A,N/A,N/A,N/A
Religion & Spirituality (Legacy),Business Software,Canada,N/A,$0.00  ~ $0.00 ,N/A,N/A,N/A,N/A,N/A
Religion & Spirituality (Legacy),Home Repair,United States,N/A,$0.00  ~ $0.00 ,N/A,N/A,N/A,N/A,N/A
Religion & Spirituality (Legacy),Home Repair,Canada,N/A,$0.00  ~ $0.00 ,N/A,N/A,N/A,N/A,N/A
Religion & Spirituality (Legacy),News,United States,N/A,$0.00  ~ $0.00 ,N/A,N/A,N/A,N/A,N/A
Religion & Spirituality (Legacy),News,Canada,N/A,$0.00  ~ $0.00 ,N/A,N/A,N/A,N/A,N/A
Religion & Spirituality (Legacy),Alternative Medicine,United States,N/A,$0.00  ~ $0.00 ,N/A,N/A,N/A,N/A,N/A
Religion & Spirituality (Legacy),Alternative Medicine,Canada,N/A,$0.00  ~ $0.00 ,N/A,N/A,N/A,N/A,N/A
Religion & Spirituality (Legacy),Physical Therapy,United States,N/A,$0.00  ~ $0.00 ,N/A,N/A,N/A,N/A,N/A
Religion & Spirituality (Legacy),Physical Therapy,Canada,N/A,$0.00  ~ $0.00 ,N/A,N/A,N/A,N/A,N/A
Religion & Spirituality (Legacy),Babies & Toddlers,United States,N/A,$0.00  ~ $0.00 ,N/A,N/A,N/A,N/A,N/A
Religion & Spirituality (Legacy),Movies,United States,N/A,$0.00  ~ $0.00 ,N/A,N/A,N/A,N/A,N/A
Religion & Spirituality (Legacy),Hunting/Shooting,United States,N/A,$0.00  ~ $0.00 ,N/A,N/A,N/A,N/A,N/A
Religion & Spirituality (Legacy),Mountain Biking,United States,N/A,$0.00  ~ $0.00 ,N/A,N/A,N/A,N/A,N/A
Religion & Spirituality (Legacy),Collecting,United States,N/A,$0.00  ~ $0.00 ,N/A,N/A,N/A,N/A,N/A
Religion & Spirituality (Legacy),Business,United States,N/A,$0.00  ~ $0.00 ,N/A,N/A,N/A,N/A,N/A
Religion & Spirituality (Legacy),Business,Canada,N/A,$0.00  ~ $0.00 ,N/A,N/A,N/A,N/A,N/A
Religion & Spirituality (Legacy),Art/Technology,United States,N/A,$0.00  ~ $0.00 ,N/A,N/A,N/A,N/A,N/A
Religion & Spirituality (Legacy),Art/Technology,Canada,N/A,$0.00  ~ $0.00 ,N/A,N/A,N/A,N/A,N/A
Religion & Spirituality (Legacy),Cameras & Camcorders,United States,N/A,$0.00  ~ $0.00 ,N/A,N/A,N/A,N/A,N/A
Religion & Spirituality (Legacy),Cameras & Camcorders,Canada,N/A,$0.00  ~ $0.00 ,N/A,N/A,N/A,N/A,N/A
Religion & Spirituality (Legacy),Theme Parks,United States,N/A,$0.00  ~ $0.00 ,N/A,N/A,N/A,N/A,N/A
Religion & Spirituality (Legacy),Theme Parks,Canada,N/A,$0.00  ~ $0.00 ,N/A,N/A,N/A,N/A,N/A
Religion & Spirituality (Legacy),Jewelry,United States,N/A,$0.00  ~ $0.00 ,N/A,N/A,N/A,N/A,N/A
Religion & Spirituality (Legacy),Jewelry,Canada,N/A,$0.00  ~ $0.00 ,N/A,N/A,N/A,N/A,N/A
Religion & Spirituality (Legacy),Interior Decorating,United States,N/A,$0.00  ~ $0.00 ,N/A,N/A,N/A,N/A,N/A
Religion & Spirituality (Legacy),Interior Decorating,Canada,N/A,$0.00  ~ $0.00 ,N/A,N/A,N/A,N/A,N/A
Religion & Spirituality (Legacy),Motorcycles,Canada,N/A,$0.00  ~ $0.00 ,N/A,N/A,N/A,N/A,N/A
Religion & Spirituality (Legacy),Motorcycles,United States,N/A,$0.00  ~ $0.00 ,N/A,N/A,N/A,N/A,N/A
Religion & Spirituality (Legacy),Health/Lowfat Cooking,United States,N/A,$0.00  ~ $0.00 ,N/A,N/A,N/A,N/A,N/A
Religion & Spirituality (Legacy),Health/Lowfat Cooking,Canada,N/A,$0.00  ~ $0.00 ,N/A,N/A,N/A,N/A,N/A
Religion & Spirituality (Legacy),Cancer,Canada,N/A,$0.00  ~ $0.00 ,N/A,N/A,N/A,N/A,N/A
Religion & Spirituality (Legacy),Cancer,United States,N/A,$0.00  ~ $0.00 ,N/A,N/A,N/A,N/A,N/A
Religion & Spirituality (Legacy),Fine Art,United States,N/A,$0.00  ~ $0.00 ,N/A,N/A,N/A,N/A,N/A
Religion & Spirituality (Legacy),Fine Art,Canada,N/A,$0.00  ~ $0.00 ,N/A,N/A,N/A,N/A,N/A
Religion & Spirituality (Legacy),Health & Fitness,United States,N/A,$0.00  ~ $0.00 ,N/A,N/A,N/A,N/A,N/A
Religion & Spirituality (Legacy),Health & Fitness,Canada,N/A,$0.00  ~ $0.00 ,N/A,N/A,N/A,N/A,N/A
Religion & Spirituality (Legacy),Shopping,United States,N/A,$0.00  ~ $0.00 ,N/A,N/A,N/A,N/A,N/A
Religion & Spirituality (Legacy),Shopping,Canada,N/A,$0.00  ~ $0.00 ,N/A,N/A,N/A,N/A,N/A
Religion & Spirituality (Legacy),Gardening,United States,N/A,$0.00  ~ $0.00 ,N/A,N/A,N/A,N/A,N/A
Religion & Spirituality (Legacy),Gardening,Canada,N/A,$0.00  ~ $0.00 ,N/A,N/A,N/A,N/A,N/A
Religion & Spirituality (Legacy),Wine,United States,N/A,$0.00  ~ $0.00 ,N/A,N/A,N/A,N/A,N/A
Religion & Spirituality (Legacy),Weddings,United States,N/A,$0.00  ~ $0.00 ,N/A,N/A,N/A,N/A,N/A
Religion & Spirituality (Legacy),Cigars,United States,N/A,$0.00  ~ $0.00 ,N/A,N/A,N/A,N/A,N/A
Religion & Spirituality (Legacy),Adventure Travel,United States,N/A,$0.00  ~ $0.00 ,N/A,N/A,N/A,N/A,N/A
Religion & Spirituality (Legacy),Pets,United States,N/A,$0.00  ~ $0.00 ,N/A,N/A,N/A,N/A,N/A
Religion & Spirituality (Legacy),Pets,Canada,N/A,$0.00  ~ $0.00 ,N/A,N/A,N/A,N/A,N/A
Religion & Spirituality (Legacy),Computer Networking,United States,N/A,$0.00  ~ $0.00 ,N/A,N/A,N/A,N/A,N/A
Religion & Spirituality (Legacy),Internet Technology,United States,N/A,$0.00  ~ $0.00 ,N/A,N/A,N/A,N/A,N/A
Religion & Spirituality (Legacy),Internet Technology,Canada,N/A,$0.00  ~ $0.00 ,N/A,N/A,N/A,N/A,N/A
Religion & Spirituality (Legacy),Homework/Study Tips,United States,N/A,$0.00  ~ $0.00 ,N/A,N/A,N/A,N/A,N/A
Religion & Spirituality (Legacy),Automotive,United States,N/A,$0.00  ~ $0.00 ,N/A,N/A,N/A,N/A,N/A
Religion & Spirituality (Legacy),Automotive,Canada,N/A,$0.00  ~ $0.00 ,N/A,N/A,N/A,N/A,N/A
Religion & Spirituality (Legacy),Cruises,United States,N/A,$0.00  ~ $0.00 ,N/A,N/A,N/A,N/A,N/A
Religion & Spirituality (Legacy),Cruises,Canada,N/A,$0.00  ~ $0.00 ,N/A,N/A,N/A,N/A,N/A
Religion & Spirituality (Legacy),Nutrition,United States,N/A,$0.00  ~ $0.00 ,N/A,N/A,N/A,N/A,N/A
Religion & Spirituality (Legacy),Nutrition,Canada,N/A,$0.00  ~ $0.00 ,N/A,N/A,N/A,N/A,N/A
Religion & Spirituality (Legacy),U.S. Government Resources,United States,N/A,$0.00  ~ $0.00 ,N/A,N/A,N/A,N/A,N/A
Religion & Spirituality (Legacy),Legal Issues,United States,N/A,$0.00  ~ $0.00 ,N/A,N/A,N/A,N/A,N/A
Religion & Spirituality (Legacy),Legal Issues,Canada,N/A,$0.00  ~ $0.00 ,N/A,N/A,N/A,N/A,N/A
Religion & Spirituality (Legacy),Green Solutions,United States,N/A,$0.00  ~ $0.00 ,N/A,N/A,N/A,N/A,N/A
Religion & Spirituality (Legacy),Green Solutions,Canada,N/A,$0.00  ~ $0.00 ,N/A,N/A,N/A,N/A,N/A
Religion & Spirituality (Legacy),Biotech/Biomedical,United States,N/A,$0.00  ~ $0.00 ,N/A,N/A,N/A,N/A,N/A
Religion & Spirituality (Legacy),Biotech/Biomedical,Canada,N/A,$0.00  ~ $0.00 ,N/A,N/A,N/A,N/A,N/A
Religion & Spirituality (Legacy),Body Art,United States,N/A,$0.00  ~ $0.00 ,N/A,N/A,N/A,N/A,N/A
Religion & Spirituality (Legacy),Personal Finance,United States,N/A,$0.00  ~ $0.00 ,N/A,N/A,N/A,N/A,N/A
Religion & Spirituality (Legacy),Personal Finance,Canada,N/A,$0.00  ~ $0.00 ,N/A,N/A,N/A,N/A,N/A
Religion & Spirituality (Legacy),Investors & Patents,United States,N/A,$0.00  ~ $0.00 ,N/A,N/A,N/A,N/A,N/A
Religion & Spirituality (Legacy),Investors & Patents,Canada,N/A,$0.00  ~ $0.00 ,N/A,N/A,N/A,N/A,N/A
Religion & Spirituality (Legacy),Construction,United States,N/A,$0.00  ~ $0.00 ,N/A,N/A,N/A,N/A,N/A
Religion & Spirituality (Legacy),Catholicism,United States,N/A,$0.00  ~ $0.00 ,N/A,N/A,N/A,N/A,N/A
Religion & Spirituality (Legacy),Daycare/Pre School,United States,N/A,$0.00  ~ $0.00 ,N/A,N/A,N/A,N/A,N/A
Religion & Spirituality (Legacy),Daycare/Pre School,Canada,N/A,$0.00  ~ $0.00 ,N/A,N/A,N/A,N/A,N/A
Religion & Spirituality (Legacy),Video & Computer Games,United States,N/A,$0.00  ~ $0.00 ,N/A,N/A,N/A,N/A,N/A
Religion & Spirituality (Legacy),Financial Aid,United States,N/A,$0.00  ~ $0.00 ,N/A,N/A,N/A,N/A,N/A
Religion & Spirituality (Legacy),Net Conferencing,Canada,N/A,$0.00  ~ $0.00 ,N/A,N/A,N/A,N/A,N/A
Religion & Spirituality (Legacy),Net Conferencing,United States,N/A,$0.00  ~ $0.00 ,N/A,N/A,N/A,N/A,N/A
Religion & Spirituality (Legacy),Insurance,United States,N/A,$0.00  ~ $0.00 ,N/A,N/A,N/A,N/A,N/A
Religion & Spirituality (Legacy),Insurance,Canada,N/A,$0.00  ~ $0.00 ,N/A,N/A,N/A,N/A,N/A
Religion & Spirituality (Legacy),Air Travel,United States,N/A,$0.00  ~ $0.00 ,N/A,N/A,N/A,N/A,N/A
Religion & Spirituality (Legacy),Air Travel,Canada,N/A,$0.00  ~ $0.00 ,N/A,N/A,N/A,N/A,N/A
Religion & Spirituality (Legacy),Honeymoons/Getaways,United States,N/A,$0.00  ~ $0.00 ,N/A,N/A,N/A,N/A,N/A
Religion & Spirituality (Legacy),Honeymoons/Getaways,Canada,N/A,$0.00  ~ $0.00 ,N/A,N/A,N/A,N/A,N/A
Religion & Spirituality (Legacy),Senior Living,United States,N/A,$0.00  ~ $0.00 ,N/A,N/A,N/A,N/A,N/A
Religion & Spirituality (Legacy),Senior Living,Canada,N/A,$0.00  ~ $0.00 ,N/A,N/A,N/A,N/A,N/A
Religion & Spirituality (Legacy),Apartments,United States,N/A,$0.00  ~ $0.00 ,N/A,N/A,N/A,N/A,N/A
Religion & Spirituality (Legacy),Apartments,Canada,N/A,$0.00  ~ $0.00 ,N/A,N/A,N/A,N/A,N/A
Religion & Spirituality (Legacy),Contests & Freebies,United States,N/A,$0.00  ~ $0.00 ,N/A,N/A,N/A,N/A,N/A
Religion & Spirituality (Legacy),Radio,United States,N/A,$0.00  ~ $0.00 ,N/A,N/A,N/A,N/A,N/A
Religion & Spirituality (Legacy),By US Locale,United States,N/A,$0.00  ~ $0.00 ,N/A,N/A,N/A,N/A,N/A
Religion & Spirituality (Legacy),Politics,United States,N/A,$0.00  ~ $0.00 ,N/A,N/A,N/A,N/A,N/A
Religion & Spirituality (Legacy),Politics,Canada,N/A,$0.00  ~ $0.00 ,N/A,N/A,N/A,N/A,N/A
Religion & Spirituality (Legacy),Off-Road Vehicles,United States,N/A,$0.00  ~ $0.00 ,N/A,N/A,N/A,N/A,N/A
Religion & Spirituality (Legacy),Card Games,United States,N/A,$0.00  ~ $0.00 ,N/A,N/A,N/A,N/A,N/A
Religion & Spirituality (Legacy),Card Games,Canada,N/A,$0.00  ~ $0.00 ,N/A,N/A,N/A,N/A,N/A
Religion & Spirituality (Legacy),Incontinence,United States,N/A,$0.00  ~ $0.00 ,N/A,N/A,N/A,N/A,N/A
Religion & Spirituality (Legacy),Retirement Planning,United States,N/A,$0.00  ~ $0.00 ,N/A,N/A,N/A,N/A,N/A
Religion & Spirituality (Legacy),Parenting - K-6 Kids,United States,N/A,$0.00  ~ $0.00 ,N/A,N/A,N/A,N/A,N/A
Religion & Spirituality (Legacy),Swimming,United States,N/A,$0.00  ~ $0.00 ,N/A,N/A,N/A,N/A,N/A
Religion & Spirituality (Legacy),Large Animals,United States,N/A,$0.00  ~ $0.00 ,N/A,N/A,N/A,N/A,N/A
Religion & Spirituality (Legacy),Religion & Spirituality,United States,N/A,$0.00  ~ $0.00 ,N/A,N/A,N/A,N/A,N/A
Religion & Spirituality (Legacy),Arthritis,United States,N/A,$0.00  ~ $0.00 ,N/A,N/A,N/A,N/A,N/A
Religion & Spirituality (Legacy),Sexuality,United States,N/A,$0.00  ~ $0.00 ,N/A,N/A,N/A,N/A,N/A
Religion & Spirituality (Legacy),Sexuality,Canada,N/A,$0.00  ~ $0.00 ,N/A,N/A,N/A,N/A,N/A
Religion & Spirituality (Legacy),Couponing,United States,N/A,$0.00  ~ $0.00 ,N/A,N/A,N/A,N/A,N/A
Religion & Spirituality (Legacy),Couponing,Canada,N/A,$0.00  ~ $0.00 ,N/A,N/A,N/A,N/A,N/A
Religion & Spirituality (Legacy),Dogs,Canada,N/A,$0.00  ~ $0.00 ,N/A,N/A,N/A,N/A,N/A
Religion & Spirituality (Legacy),Dogs,United States,N/A,$0.00  ~ $0.00 ,N/A,N/A,N/A,N/A,N/A
Religion & Spirituality (Legacy),Infertility,United States,N/A,$0.00  ~ $0.00 ,N/A,N/A,N/A,N/A,N/A
Religion & Spirituality (Legacy),Fashion,United States,N/A,$0.00  ~ $0.00 ,N/A,N/A,N/A,N/A,N/A
Religion & Spirituality (Legacy),Hobbies & Interests,United States,N/A,$0.00  ~ $0.00 ,N/A,N/A,N/A,N/A,N/A
Religion & Spirituality (Legacy),Hobbies & Interests,Canada,N/A,$0.00  ~ $0.00 ,N/A,N/A,N/A,N/A,N/A
Religion & Spirituality (Legacy),Cocktails/Beer,United States,N/A,$0.00  ~ $0.00 ,N/A,N/A,N/A,N/A,N/A
Religion & Spirituality (Legacy),Cocktails/Beer,Canada,N/A,$0.00  ~ $0.00 ,N/A,N/A,N/A,N/A,N/A
Religion & Spirituality (Legacy),Computer Peripherals,United States,N/A,$0.00  ~ $0.00 ,N/A,N/A,N/A,N/A,N/A
Religion & Spirituality (Legacy),Computer Peripherals,Canada,N/A,$0.00  ~ $0.00 ,N/A,N/A,N/A,N/A,N/A
Religion & Spirituality (Legacy),K-6 Educators,United States,N/A,$0.00  ~ $0.00 ,N/A,N/A,N/A,N/A,N/A
Religion & Spirituality (Legacy),K-6 Educators,Canada,N/A,$0.00  ~ $0.00 ,N/A,N/A,N/A,N/A,N/A
Religion & Spirituality (Legacy),Remodeling & Construction,United States,N/A,$0.00  ~ $0.00 ,N/A,N/A,N/A,N/A,N/A
Religion & Spirituality (Legacy),Remodeling & Construction,Canada,N/A,$0.00  ~ $0.00 ,N/A,N/A,N/A,N/A,N/A
Religion & Spirituality (Legacy),Accessories,United States,N/A,$0.00  ~ $0.00 ,N/A,N/A,N/A,N/A,N/A
Religion & Spirituality (Legacy),Buying/Selling Homes,United States,N/A,$0.00  ~ $0.00 ,N/A,N/A,N/A,N/A,N/A
Religion & Spirituality (Legacy),Buying/Selling Homes,Canada,N/A,$0.00  ~ $0.00 ,N/A,N/A,N/A,N/A,N/A
Religion & Spirituality (Legacy),Bed & Breakfasts,United States,N/A,$0.00  ~ $0.00 ,N/A,N/A,N/A,N/A,N/A
Religion & Spirituality (Legacy),Bed & Breakfasts,Canada,N/A,$0.00  ~ $0.00 ,N/A,N/A,N/A,N/A,N/A
Religion & Spirituality (Legacy),Chronic Pain,United States,N/A,$0.00  ~ $0.00 ,N/A,N/A,N/A,N/A,N/A
Religion & Spirituality (Legacy),Computer Certification,United States,N/A,$0.00  ~ $0.00 ,N/A,N/A,N/A,N/A,N/A
Religion & Spirituality (Legacy),Tax Planning,United States,N/A,$0.00  ~ $0.00 ,N/A,N/A,N/A,N/A,N/A
Religion & Spirituality (Legacy),Clothing,Canada,N/A,$0.00  ~ $0.00 ,N/A,N/A,N/A,N/A,N/A
Religion & Spirituality (Legacy),Clothing,United States,N/A,$0.00  ~ $0.00 ,N/A,N/A,N/A,N/A,N/A
Religion & Spirituality (Legacy),Environmental Safety,United States,N/A,$0.00  ~ $0.00 ,N/A,N/A,N/A,N/A,N/A
Religion & Spirituality (Legacy),Arts & Crafts,United States,N/A,$0.00  ~ $0.00 ,N/A,N/A,N/A,N/A,N/A
Religion & Spirituality (Legacy),Incest/Abuse Support,United States,N/A,$0.00  ~ $0.00 ,N/A,N/A,N/A,N/A,N/A
Religion & Spirituality (Legacy),Incest/Abuse Support,Canada,N/A,$0.00  ~ $0.00 ,N/A,N/A,N/A,N/A,N/A
Religion & Spirituality (Legacy),Coffee/Tea,United States,N/A,$0.00  ~ $0.00 ,N/A,N/A,N/A,N/A,N/A
Religion & Spirituality (Legacy),Pediatrics,United States,N/A,$0.00  ~ $0.00 ,N/A,N/A,N/A,N/A,N/A
Religion & Spirituality (Legacy),Alternative Religions,United States,N/A,$0.00  ~ $0.00 ,N/A,N/A,N/A,N/A,N/A
Religion & Spirituality (Legacy),Veterinary Medicine,United States,N/A,$0.00  ~ $0.00 ,N/A,N/A,N/A,N/A,N/A
Religion & Spirituality (Legacy),Veterinary Medicine,Canada,N/A,$0.00  ~ $0.00 ,N/A,N/A,N/A,N/A,N/A
Religion & Spirituality (Legacy),Martial Arts,United States,N/A,$0.00  ~ $0.00 ,N/A,N/A,N/A,N/A,N/A
Religion & Spirituality (Legacy),Road-Side Assistance,United States,N/A,$0.00  ~ $0.00 ,N/A,N/A,N/A,N/A,N/A
Religion & Spirituality (Legacy),Road-Side Assistance,Canada,N/A,$0.00  ~ $0.00 ,N/A,N/A,N/A,N/A,N/A
Religion & Spirituality (Legacy),Stamps & Coins,United States,N/A,$0.00  ~ $0.00 ,N/A,N/A,N/A,N/A,N/A
Religion & Spirituality (Legacy),Buying/Selling Cars,United States,N/A,$0.00  ~ $0.00 ,N/A,N/A,N/A,N/A,N/A
Religion & Spirituality (Legacy),Buying/Selling Cars,Canada,N/A,$0.00  ~ $0.00 ,N/A,N/A,N/A,N/A,N/A
Religion & Spirituality (Legacy),"Law, Gov't & Politics",United States,N/A,$0.00  ~ $0.00 ,N/A,N/A,N/A,N/A,N/A
Religion & Spirituality (Legacy),Sailing,United States,N/A,$0.00  ~ $0.00 ,N/A,N/A,N/A,N/A,N/A
Religion & Spirituality (Legacy),Music,United States,N/A,$0.00  ~ $0.00 ,N/A,N/A,N/A,N/A,N/A
Religion & Spirituality (Legacy),Music,Canada,N/A,$0.00  ~ $0.00 ,N/A,N/A,N/A,N/A,N/A
Religion & Spirituality (Legacy),Career Planning,United States,N/A,$0.00  ~ $0.00 ,N/A,N/A,N/A,N/A,N/A
Religion & Spirituality (Legacy),Career Planning,Canada,N/A,$0.00  ~ $0.00 ,N/A,N/A,N/A,N/A,N/A
Religion & Spirituality (Legacy),Technology & Computing,United States,N/A,$0.00  ~ $0.00 ,N/A,N/A,N/A,N/A,N/A
Religion & Spirituality (Legacy),Technology & Computing,Canada,N/A,$0.00  ~ $0.00 ,N/A,N/A,N/A,N/A,N/A
Religion & Spirituality (Legacy),Appliances,United States,N/A,$0.00  ~ $0.00 ,N/A,N/A,N/A,N/A,N/A
Religion & Spirituality (Legacy),Appliances,Canada,N/A,$0.00  ~ $0.00 ,N/A,N/A,N/A,N/A,N/A
Religion & Spirituality (Legacy),Roleplaying Games,United States,N/A,$0.00  ~ $0.00 ,N/A,N/A,N/A,N/A,N/A
Religion & Spirituality (Legacy),Hotels,United States,N/A,$0.00  ~ $0.00 ,N/A,N/A,N/A,N/A,N/A
Religion & Spirituality (Legacy),Hotels,Canada,N/A,$0.00  ~ $0.00 ,N/A,N/A,N/A,N/A,N/A
Religion & Spirituality (Legacy),Family & Parenting,United States,N/A,$0.00  ~ $0.00 ,N/A,N/A,N/A,N/A,N/A
Religion & Spirituality (Legacy),Family & Parenting,Canada,N/A,$0.00  ~ $0.00 ,N/A,N/A,N/A,N/A,N/A
Religion & Spirituality (Legacy),Auto Parts,United States,N/A,$0.00  ~ $0.00 ,N/A,N/A,N/A,N/A,N/A
Religion & Spirituality (Legacy),Auto Parts,Canada,N/A,$0.00  ~ $0.00 ,N/A,N/A,N/A,N/A,N/A
Religion & Spirituality (Legacy),Camping,United States,N/A,$0.00  ~ $0.00 ,N/A,N/A,N/A,N/A,N/A
Religion & Spirituality (Legacy),Teens,United States,N/A,$0.00  ~ $0.00 ,N/A,N/A,N/A,N/A,N/A
Religion & Spirituality (Legacy),Graduate School,Canada,N/A,$0.00  ~ $0.00 ,N/A,N/A,N/A,N/A,N/A
Religion & Spirituality (Legacy),Graduate School,United States,N/A,$0.00  ~ $0.00 ,N/A,N/A,N/A,N/A,N/A
Religion & Spirituality (Legacy),Education,United States,N/A,$0.00  ~ $0.00 ,N/A,N/A,N/A,N/A,N/A
Religion & Spirituality (Legacy),Education,Canada,N/A,$0.00  ~ $0.00 ,N/A,N/A,N/A,N/A,N/A
Religion & Spirituality (Legacy),Metals,Canada,N/A,$0.00  ~ $0.00 ,N/A,N/A,N/A,N/A,N/A
Religion & Spirituality (Legacy),Metals,United States,N/A,$0.00  ~ $0.00 ,N/A,N/A,N/A,N/A,N/A
Religion & Spirituality (Legacy),Real Estate,United States,N/A,$0.00  ~ $0.00 ,N/A,N/A,N/A,N/A,N/A
Religion & Spirituality (Legacy),Real Estate,Canada,N/A,$0.00  ~ $0.00 ,N/A,N/A,N/A,N/A,N/A
Religion & Spirituality (Legacy),Comparison,United States,N/A,$0.00  ~ $0.00 ,N/A,N/A,N/A,N/A,N/A
Religion & Spirituality (Legacy),College,United States,N/A,$0.00  ~ $0.00 ,N/A,N/A,N/A,N/A,N/A
Religion & Spirituality (Legacy),College,Canada,N/A,$0.00  ~ $0.00 ,N/A,N/A,N/A,N/A,N/A
Religion & Spirituality (Legacy),Careers,United States,N/A,$0.00  ~ $0.00 ,N/A,N/A,N/A,N/A,N/A
Religion & Spirituality (Legacy),Careers,Canada,N/A,$0.00  ~ $0.00 ,N/A,N/A,N/A,N/A,N/A
Religion & Spirituality (Legacy),Desserts & Baking,United States,N/A,$0.00  ~ $0.00 ,N/A,N/A,N/A,N/A,N/A
Religion & Spirituality (Legacy),Desserts & Baking,Canada,N/A,$0.00  ~ $0.00 ,N/A,N/A,N/A,N/A,N/A
Religion & Spirituality (Legacy),Senor Health,United States,N/A,$0.00  ~ $0.00 ,N/A,N/A,N/A,N/A,N/A
Religion & Spirituality (Legacy),Senor Health,Canada,N/A,$0.00  ~ $0.00 ,N/A,N/A,N/A,N/A,N/A
Religion & Spirituality (Legacy),Birdwatching,United States,N/A,$0.00  ~ $0.00 ,N/A,N/A,N/A,N/A,N/A
Religion & Spirituality (Legacy),Auto Repair,United States,N/A,$0.00  ~ $0.00 ,N/A,N/A,N/A,N/A,N/A
Religion & Spirituality (Legacy),Auto Repair,Canada,N/A,$0.00  ~ $0.00 ,N/A,N/A,N/A,N/A,N/A
Religion & Spirituality (Legacy),Psychology/Psychiatry,United States,N/A,$0.00  ~ $0.00 ,N/A,N/A,N/A,N/A,N/A
Religion & Spirituality (Legacy),Home & Garden,United States,N/A,$0.00  ~ $0.00 ,N/A,N/A,N/A,N/A,N/A
Religion & Spirituality (Legacy),Home & Garden,Canada,N/A,$0.00  ~ $0.00 ,N/A,N/A,N/A,N/A,N/A
Religion & Spirituality (Legacy),Cold & Flu,United States,N/A,$0.00  ~ $0.00 ,N/A,N/A,N/A,N/A,N/A
Religion & Spirituality (Legacy),Cold & Flu,Canada,N/A,$0.00  ~ $0.00 ,N/A,N/A,N/A,N/A,N/A
Religion & Spirituality (Legacy),Dining Out,United States,N/A,$0.00  ~ $0.00 ,N/A,N/A,N/A,N/A,N/A
Religion & Spirituality (Legacy),Dining Out,Canada,N/A,$0.00  ~ $0.00 ,N/A,N/A,N/A,N/A,N/A
Religion & Spirituality (Legacy),Exercise,United States,N/A,$0.00  ~ $0.00 ,N/A,N/A,N/A,N/A,N/A
Religion & Spirituality (Legacy),Exercise,Canada,N/A,$0.00  ~ $0.00 ,N/A,N/A,N/A,N/A,N/A
Religion & Spirituality (Legacy),Marketing,Canada,N/A,$0.00  ~ $0.00 ,N/A,N/A,N/A,N/A,N/A
Religion & Spirituality (Legacy),U.S. Military,United States,N/A,$0.00  ~ $0.00 ,N/A,N/A,N/A,N/A,N/A
Religion & Spirituality (Legacy),Travel,Canada,N/A,$0.00  ~ $0.00 ,N/A,N/A,N/A,N/A,N/A
Religion & Spirituality (Legacy),Travel,United States,N/A,$0.00  ~ $0.00 ,N/A,N/A,N/A,N/A,N/A
Religion & Spirituality (Legacy),Dental Care,United States,N/A,$0.00  ~ $0.00 ,N/A,N/A,N/A,N/A,N/A
Religion & Spirituality (Legacy),Dental Care,Canada,N/A,$0.00  ~ $0.00 ,N/A,N/A,N/A,N/A,N/A
Religion & Spirituality (Legacy),Beauty,United States,N/A,$0.00  ~ $0.00 ,N/A,N/A,N/A,N/A,N/A
Religion & Spirituality (Legacy),Beauty,Canada,N/A,$0.00  ~ $0.00 ,N/A,N/A,N/A,N/A,N/A
Religion & Spirituality (Legacy),Cell Phones,United States,N/A,$0.00  ~ $0.00 ,N/A,N/A,N/A,N/A,N/A
Religion & Spirituality (Legacy),Cuisine-Specific,United States,N/A,$0.00  ~ $0.00 ,N/A,N/A,N/A,N/A,N/A
Religion & Spirituality (Legacy),Thyroid Disease,United States,N/A,$0.00  ~ $0.00 ,N/A,N/A,N/A,N/A,N/A
Religion & Spirituality (Legacy),Arts & Entertainment,United States,N/A,$0.00  ~ $0.00 ,N/A,N/A,N/A,N/A,N/A
Religion & Spirituality (Legacy),Arts & Entertainment,Canada,N/A,$0.00  ~ $0.00 ,N/A,N/A,N/A,N/A,N/A
Religion & Spirituality (Legacy),Trucks & Accessories,United States,N/A,$0.00  ~ $0.00 ,N/A,N/A,N/A,N/A,N/A
Religion & Spirituality (Legacy),Landscaping,United States,N/A,$0.00  ~ $0.00 ,N/A,N/A,N/A,N/A,N/A
Religion & Spirituality (Legacy),Landscaping,Canada,N/A,$0.00  ~ $0.00 ,N/A,N/A,N/A,N/A,N/A
Religion & Spirituality (Legacy),Dermatology,United States,N/A,$0.00  ~ $0.00 ,N/A,N/A,N/A,N/A,N/A
Religion & Spirituality (Legacy),Dermatology,Canada,N/A,$0.00  ~ $0.00 ,N/A,N/A,N/A,N/A,N/A
Religion & Spirituality (Legacy),Electric Vehicle,Canada,N/A,$0.00  ~ $0.00 ,N/A,N/A,N/A,N/A,N/A
Religion & Spirituality (Legacy),Local News,United States,N/A,$0.00  ~ $0.00 ,N/A,N/A,N/A,N/A,N/A
Religion & Spirituality (Legacy),Adult Education,United States,N/A,$0.00  ~ $0.00 ,N/A,N/A,N/A,N/A,N/A
Religion & Spirituality (Legacy),Adult Education,Canada,N/A,$0.00  ~ $0.00 ,N/A,N/A,N/A,N/A,N/A
Religion & Spirituality (Legacy),Government,Canada,N/A,$0.00  ~ $0.00 ,N/A,N/A,N/A,N/A,N/A
Religion & Spirituality (Legacy),Government,United States,N/A,$0.00  ~ $0.00 ,N/A,N/A,N/A,N/A,N/A
Religion & Spirituality (Legacy),Television,United States,N/A,$0.00  ~ $0.00 ,N/A,N/A,N/A,N/A,N/A
Religion & Spirituality (Legacy),Job Search,United States,N/A,$0.00  ~ $0.00 ,N/A,N/A,N/A,N/A,N/A
Religion & Spirituality (Legacy),Job Search,Canada,N/A,$0.00  ~ $0.00 ,N/A,N/A,N/A,N/A,N/A
Religion & Spirituality (Legacy),Food & Drink,United States,N/A,$0.00  ~ $0.00 ,N/A,N/A,N/A,N/A,N/A
Religion & Spirituality (Legacy),Food & Drink,Canada,N/A,$0.00  ~ $0.00 ,N/A,N/A,N/A,N/A,N/A
Religion & Spirituality (Legacy),Entertainment,United States,N/A,$0.00  ~ $0.00 ,N/A,N/A,N/A,N/A,N/A
Religion & Spirituality (Legacy),Pro Basketball,United States,N/A,$0.00  ~ $0.00 ,N/A,N/A,N/A,N/A,N/A
Religion & Spirituality (Legacy),Weight Loss,United States,N/A,$0.00  ~ $0.00 ,N/A,N/A,N/A,N/A,N/A
Religion & Spirituality (Legacy),Certified Pre-Owned,United States,N/A,$0.00  ~ $0.00 ,N/A,N/A,N/A,N/A,N/A
Religion & Spirituality (Legacy),Advertising,United States,N/A,$0.00  ~ $0.00 ,N/A,N/A,N/A,N/A,N/A
Religion & Spirituality (Legacy),Advertising,Canada,N/A,$0.00  ~ $0.00 ,N/A,N/A,N/A,N/A,N/A
Religion & Spirituality (Legacy),Mutual Funds,United States,N/A,$0.00  ~ $0.00 ,N/A,N/A,N/A,N/A,N/A
Religion & Spirituality (Legacy),Mutual Funds,Canada,N/A,$0.00  ~ $0.00 ,N/A,N/A,N/A,N/A,N/A
Religion & Spirituality (Legacy),Human Resources,United States,N/A,$0.00  ~ $0.00 ,N/A,N/A,N/A,N/A,N/A
Religion & Spirituality (Legacy),Human Resources,Canada,N/A,$0.00  ~ $0.00 ,N/A,N/A,N/A,N/A,N/A
Religion & Spirituality (Legacy),Credit/Debt & Loans,Canada,N/A,$0.00  ~ $0.00 ,N/A,N/A,N/A,N/A,N/A
Religion & Spirituality (Legacy),Credit/Debt & Loans,United States,N/A,$0.00  ~ $0.00 ,N/A,N/A,N/A,N/A,N/A
Religion & Spirituality (Legacy),Logistics,United States,N/A,$0.00  ~ $0.00 ,N/A,N/A,N/A,N/A,N/A
Religion & Spirituality (Legacy),Logistics,Canada,N/A,$0.00  ~ $0.00 ,N/A,N/A,N/A,N/A,N/A
Religion & Spirituality (Legacy),Commentary,United States,N/A,$0.00  ~ $0.00 ,N/A,N/A,N/A,N/A,N/A
Religion & Spirituality (Legacy),Distance Learning,United States,N/A,$0.00  ~ $0.00 ,N/A,N/A,N/A,N/A,N/A
Science (Legacy),Family & Parenting,United States,N/A,$0.00  ~ $0.00 ,N/A,N/A,N/A,N/A,N/A
Science (Legacy),Family & Parenting,Canada,N/A,$0.00  ~ $0.00 ,N/A,N/A,N/A,N/A,N/A
Science (Legacy),Technology & Computing,Canada,N/A,$0.00  ~ $0.00 ,N/A,N/A,N/A,N/A,N/A
Science (Legacy),Technology & Computing,United States,N/A,$0.00  ~ $0.00 ,N/A,N/A,N/A,N/A,N/A
Science (Legacy),Cold & Flu,United States,N/A,$0.00  ~ $0.00 ,N/A,N/A,N/A,N/A,N/A
Science (Legacy),Cold & Flu,Canada,N/A,$0.00  ~ $0.00 ,N/A,N/A,N/A,N/A,N/A
Science (Legacy),"Law, Gov't & Politics",United States,N/A,$0.00  ~ $0.00 ,N/A,N/A,N/A,N/A,N/A
Science (Legacy),"Law, Gov't & Politics",Canada,N/A,$0.00  ~ $0.00 ,N/A,N/A,N/A,N/A,N/A
Science (Legacy),Adult Education,United States,N/A,$0.00  ~ $0.00 ,N/A,N/A,N/A,N/A,N/A
Science (Legacy),Adult Education,Canada,N/A,$0.00  ~ $0.00 ,N/A,N/A,N/A,N/A,N/A
Science (Legacy),Religion & Spirituality,United States,N/A,$0.00  ~ $0.00 ,N/A,N/A,N/A,N/A,N/A
Science (Legacy),Business Software,United States,N/A,$0.00  ~ $0.00 ,N/A,N/A,N/A,N/A,N/A
Science (Legacy),Business Software,Canada,N/A,$0.00  ~ $0.00 ,N/A,N/A,N/A,N/A,N/A
Science (Legacy),Investors & Patents,United States,N/A,$0.00  ~ $0.00 ,N/A,N/A,N/A,N/A,N/A
Science (Legacy),Investors & Patents,Canada,N/A,$0.00  ~ $0.00 ,N/A,N/A,N/A,N/A,N/A
Science (Legacy),Accessories,United States,N/A,$0.00  ~ $0.00 ,N/A,N/A,N/A,N/A,N/A
Science (Legacy),Cancer,United States,N/A,$0.00  ~ $0.00 ,N/A,N/A,N/A,N/A,N/A
Science (Legacy),Cancer,Canada,N/A,$0.00  ~ $0.00 ,N/A,N/A,N/A,N/A,N/A
Science (Legacy),Television,United States,N/A,$0.00  ~ $0.00 ,N/A,N/A,N/A,N/A,N/A
Science (Legacy),Network Security,United States,N/A,$0.00  ~ $0.00 ,N/A,N/A,N/A,N/A,N/A
Science (Legacy),Remodeling & Construction,United States,N/A,$0.00  ~ $0.00 ,N/A,N/A,N/A,N/A,N/A
Science (Legacy),Remodeling & Construction,Canada,N/A,$0.00  ~ $0.00 ,N/A,N/A,N/A,N/A,N/A
Science (Legacy),Hotels,United States,N/A,$0.00  ~ $0.00 ,N/A,N/A,N/A,N/A,N/A
Science (Legacy),Hotels,Canada,N/A,$0.00  ~ $0.00 ,N/A,N/A,N/A,N/A,N/A
Science (Legacy),Cell Phones,United States,N/A,$0.00  ~ $0.00 ,N/A,N/A,N/A,N/A,N/A
Science (Legacy),Local News,United States,N/A,$0.00  ~ $0.00 ,N/A,N/A,N/A,N/A,N/A
Science (Legacy),Weight Loss,United States,N/A,$0.00  ~ $0.00 ,N/A,N/A,N/A,N/A,N/A
Science (Legacy),Auto Parts,United States,N/A,$0.00  ~ $0.00 ,N/A,N/A,N/A,N/A,N/A
Science (Legacy),Auto Parts,Canada,N/A,$0.00  ~ $0.00 ,N/A,N/A,N/A,N/A,N/A
Science (Legacy),U.S. Government Resources,United States,N/A,$0.00  ~ $0.00 ,N/A,N/A,N/A,N/A,N/A
Science (Legacy),Language Learning,United States,N/A,$0.00  ~ $0.00 ,N/A,N/A,N/A,N/A,N/A
Science (Legacy),Language Learning,Canada,N/A,$0.00  ~ $0.00 ,N/A,N/A,N/A,N/A,N/A
Science (Legacy),Football,United States,N/A,$0.00  ~ $0.00 ,N/A,N/A,N/A,N/A,N/A
Science (Legacy),Football,Canada,N/A,$0.00  ~ $0.00 ,N/A,N/A,N/A,N/A,N/A
Science (Legacy),Catholicism,United States,N/A,$0.00  ~ $0.00 ,N/A,N/A,N/A,N/A,N/A
Science (Legacy),Electric Vehicle,Canada,N/A,$0.00  ~ $0.00 ,N/A,N/A,N/A,N/A,N/A
Science (Legacy),Home Repair,United States,N/A,$0.00  ~ $0.00 ,N/A,N/A,N/A,N/A,N/A
Science (Legacy),Home Repair,Canada,N/A,$0.00  ~ $0.00 ,N/A,N/A,N/A,N/A,N/A
Science (Legacy),Contests & Freebies,United States,N/A,$0.00  ~ $0.00 ,N/A,N/A,N/A,N/A,N/A
Science (Legacy),Incontinence,United States,N/A,$0.00  ~ $0.00 ,N/A,N/A,N/A,N/A,N/A
Science (Legacy),Landscaping,Canada,N/A,$0.00  ~ $0.00 ,N/A,N/A,N/A,N/A,N/A
Science (Legacy),Landscaping,United States,N/A,$0.00  ~ $0.00 ,N/A,N/A,N/A,N/A,N/A
Science (Legacy),Legal Issues,United States,N/A,$0.00  ~ $0.00 ,N/A,N/A,N/A,N/A,N/A
Science (Legacy),Legal Issues,Canada,N/A,$0.00  ~ $0.00 ,N/A,N/A,N/A,N/A,N/A
Science (Legacy),Investing,United States,N/A,$0.00  ~ $0.00 ,N/A,N/A,N/A,N/A,N/A
Science (Legacy),Investing,Canada,N/A,$0.00  ~ $0.00 ,N/A,N/A,N/A,N/A,N/A
Science (Legacy),Interior Decorating,United States,N/A,$0.00  ~ $0.00 ,N/A,N/A,N/A,N/A,N/A
Science (Legacy),Interior Decorating,Canada,N/A,$0.00  ~ $0.00 ,N/A,N/A,N/A,N/A,N/A
Science (Legacy),Buying/Selling Cars,Canada,N/A,$0.00  ~ $0.00 ,N/A,N/A,N/A,N/A,N/A
Science (Legacy),Buying/Selling Cars,United States,N/A,$0.00  ~ $0.00 ,N/A,N/A,N/A,N/A,N/A
Science (Legacy),Cocktails/Beer,United States,N/A,$0.00  ~ $0.00 ,N/A,N/A,N/A,N/A,N/A
Science (Legacy),Cocktails/Beer,Canada,N/A,$0.00  ~ $0.00 ,N/A,N/A,N/A,N/A,N/A
Science (Legacy),Incest/Abuse Support,Canada,N/A,$0.00  ~ $0.00 ,N/A,N/A,N/A,N/A,N/A
Science (Legacy),Incest/Abuse Support,United States,N/A,$0.00  ~ $0.00 ,N/A,N/A,N/A,N/A,N/A
Science (Legacy),Pets,United States,N/A,$0.00  ~ $0.00 ,N/A,N/A,N/A,N/A,N/A
Science (Legacy),Pets,Canada,N/A,$0.00  ~ $0.00 ,N/A,N/A,N/A,N/A,N/A
Science (Legacy),Babies & Toddlers,United States,N/A,$0.00  ~ $0.00 ,N/A,N/A,N/A,N/A,N/A
Science (Legacy),Music,United States,N/A,$0.00  ~ $0.00 ,N/A,N/A,N/A,N/A,N/A
Science (Legacy),Music,Canada,N/A,$0.00  ~ $0.00 ,N/A,N/A,N/A,N/A,N/A
Science (Legacy),Green Solutions,Canada,N/A,$0.00  ~ $0.00 ,N/A,N/A,N/A,N/A,N/A
Science (Legacy),Green Solutions,United States,N/A,$0.00  ~ $0.00 ,N/A,N/A,N/A,N/A,N/A
Science (Legacy),Alternative Medicine,Canada,N/A,$0.00  ~ $0.00 ,N/A,N/A,N/A,N/A,N/A
Science (Legacy),Alternative Medicine,United States,N/A,$0.00  ~ $0.00 ,N/A,N/A,N/A,N/A,N/A
Science (Legacy),Books & Literature,United States,N/A,$0.00  ~ $0.00 ,N/A,N/A,N/A,N/A,N/A
Science (Legacy),Books & Literature,Canada,N/A,$0.00  ~ $0.00 ,N/A,N/A,N/A,N/A,N/A
Science (Legacy),Financial Aid,United States,N/A,$0.00  ~ $0.00 ,N/A,N/A,N/A,N/A,N/A
Science (Legacy),Dermatology,United States,N/A,$0.00  ~ $0.00 ,N/A,N/A,N/A,N/A,N/A
Science (Legacy),Dermatology,Canada,N/A,$0.00  ~ $0.00 ,N/A,N/A,N/A,N/A,N/A
Science (Legacy),Advertising,United States,N/A,$0.00  ~ $0.00 ,N/A,N/A,N/A,N/A,N/A
Science (Legacy),Advertising,Canada,N/A,$0.00  ~ $0.00 ,N/A,N/A,N/A,N/A,N/A
Science (Legacy),Insurance,United States,N/A,$0.00  ~ $0.00 ,N/A,N/A,N/A,N/A,N/A
Science (Legacy),Insurance,Canada,N/A,$0.00  ~ $0.00 ,N/A,N/A,N/A,N/A,N/A
Science (Legacy),Logistics,United States,N/A,$0.00  ~ $0.00 ,N/A,N/A,N/A,N/A,N/A
Science (Legacy),Logistics,Canada,N/A,$0.00  ~ $0.00 ,N/A,N/A,N/A,N/A,N/A
Science (Legacy),Sexuality,United States,N/A,$0.00  ~ $0.00 ,N/A,N/A,N/A,N/A,N/A
Science (Legacy),Sexuality,Canada,N/A,$0.00  ~ $0.00 ,N/A,N/A,N/A,N/A,N/A
Science (Legacy),Marketing,Canada,N/A,$0.00  ~ $0.00 ,N/A,N/A,N/A,N/A,N/A
Science (Legacy),Marketing,United States,N/A,$0.00  ~ $0.00 ,N/A,N/A,N/A,N/A,N/A
Science (Legacy),Fine Art,United States,N/A,$0.00  ~ $0.00 ,N/A,N/A,N/A,N/A,N/A
Science (Legacy),Fine Art,Canada,N/A,$0.00  ~ $0.00 ,N/A,N/A,N/A,N/A,N/A
Science (Legacy),U.S. Military,United States,N/A,$0.00  ~ $0.00 ,N/A,N/A,N/A,N/A,N/A
Science (Legacy),Retirement Planning,United States,N/A,$0.00  ~ $0.00 ,N/A,N/A,N/A,N/A,N/A
Science (Legacy),Retirement Planning,Canada,N/A,$0.00  ~ $0.00 ,N/A,N/A,N/A,N/A,N/A
Science (Legacy),Art/Technology,Canada,N/A,$0.00  ~ $0.00 ,N/A,N/A,N/A,N/A,N/A
Science (Legacy),Art/Technology,United States,N/A,$0.00  ~ $0.00 ,N/A,N/A,N/A,N/A,N/A
Science (Legacy),Human Resources,United States,N/A,$0.00  ~ $0.00 ,N/A,N/A,N/A,N/A,N/A
Science (Legacy),Human Resources,Canada,N/A,$0.00  ~ $0.00 ,N/A,N/A,N/A,N/A,N/A
Science (Legacy),Career Planning,United States,N/A,$0.00  ~ $0.00 ,N/A,N/A,N/A,N/A,N/A
Science (Legacy),Career Planning,Canada,N/A,$0.00  ~ $0.00 ,N/A,N/A,N/A,N/A,N/A
Science (Legacy),Swimming,United States,N/A,$0.00  ~ $0.00 ,N/A,N/A,N/A,N/A,N/A
Science (Legacy),Parenting - K-6 Kids,United States,N/A,$0.00  ~ $0.00 ,N/A,N/A,N/A,N/A,N/A
Science (Legacy),Alternative Religions,United States,N/A,$0.00  ~ $0.00 ,N/A,N/A,N/A,N/A,N/A
Science (Legacy),Tax Planning,United States,N/A,$0.00  ~ $0.00 ,N/A,N/A,N/A,N/A,N/A
Science (Legacy),Shopping,United States,N/A,$0.00  ~ $0.00 ,N/A,N/A,N/A,N/A,N/A
Science (Legacy),Shopping,Canada,N/A,$0.00  ~ $0.00 ,N/A,N/A,N/A,N/A,N/A
Science (Legacy),Education,United States,N/A,$0.00  ~ $0.00 ,N/A,N/A,N/A,N/A,N/A
Science (Legacy),Education,Canada,N/A,$0.00  ~ $0.00 ,N/A,N/A,N/A,N/A,N/A
Science (Legacy),Dogs,United States,N/A,$0.00  ~ $0.00 ,N/A,N/A,N/A,N/A,N/A
Science (Legacy),Dogs,Canada,N/A,$0.00  ~ $0.00 ,N/A,N/A,N/A,N/A,N/A
Science (Legacy),Beauty,United States,N/A,$0.00  ~ $0.00 ,N/A,N/A,N/A,N/A,N/A
Science (Legacy),Beauty,Canada,N/A,$0.00  ~ $0.00 ,N/A,N/A,N/A,N/A,N/A
Science (Legacy),Personal Finance,United States,N/A,$0.00  ~ $0.00 ,N/A,N/A,N/A,N/A,N/A
Science (Legacy),Personal Finance,Canada,N/A,$0.00  ~ $0.00 ,N/A,N/A,N/A,N/A,N/A
Science (Legacy),Jewelry,United States,N/A,$0.00  ~ $0.00 ,N/A,N/A,N/A,N/A,N/A
Science (Legacy),Jewelry,Canada,N/A,$0.00  ~ $0.00 ,N/A,N/A,N/A,N/A,N/A
Science (Legacy),Large Animals,United States,N/A,$0.00  ~ $0.00 ,N/A,N/A,N/A,N/A,N/A
Science (Legacy),Net Conferencing,United States,N/A,$0.00  ~ $0.00 ,N/A,N/A,N/A,N/A,N/A
Science (Legacy),Net Conferencing,Canada,N/A,$0.00  ~ $0.00 ,N/A,N/A,N/A,N/A,N/A
Science (Legacy),Homework/Study Tips,United States,N/A,$0.00  ~ $0.00 ,N/A,N/A,N/A,N/A,N/A
Science (Legacy),Teens,United States,N/A,$0.00  ~ $0.00 ,N/A,N/A,N/A,N/A,N/A
Science (Legacy),Italian Cuisine,United States,N/A,$0.00  ~ $0.00 ,N/A,N/A,N/A,N/A,N/A
Science (Legacy),Video & Computer Games,United States,N/A,$0.00  ~ $0.00 ,N/A,N/A,N/A,N/A,N/A
Science (Legacy),Chronic Pain,United States,N/A,$0.00  ~ $0.00 ,N/A,N/A,N/A,N/A,N/A
Science (Legacy),Appliances,United States,N/A,$0.00  ~ $0.00 ,N/A,N/A,N/A,N/A,N/A
Science (Legacy),Appliances,Canada,N/A,$0.00  ~ $0.00 ,N/A,N/A,N/A,N/A,N/A
Science (Legacy),Internet Technology,United States,N/A,$0.00  ~ $0.00 ,N/A,N/A,N/A,N/A,N/A
Science (Legacy),Internet Technology,Canada,N/A,$0.00  ~ $0.00 ,N/A,N/A,N/A,N/A,N/A
Science (Legacy),Certified Pre-Owned,United States,N/A,$0.00  ~ $0.00 ,N/A,N/A,N/A,N/A,N/A
Science (Legacy),Roleplaying Games,United States,N/A,$0.00  ~ $0.00 ,N/A,N/A,N/A,N/A,N/A
Science (Legacy),Health & Fitness,United States,N/A,$0.00  ~ $0.00 ,N/A,N/A,N/A,N/A,N/A
Science (Legacy),Health & Fitness,Canada,N/A,$0.00  ~ $0.00 ,N/A,N/A,N/A,N/A,N/A
Science (Legacy),Psychology/Psychiatry,United States,N/A,$0.00  ~ $0.00 ,N/A,N/A,N/A,N/A,N/A
Science (Legacy),Psychology/Psychiatry,Canada,N/A,$0.00  ~ $0.00 ,N/A,N/A,N/A,N/A,N/A
Science (Legacy),Commentary,United States,N/A,$0.00  ~ $0.00 ,N/A,N/A,N/A,N/A,N/A
Science (Legacy),Pediatrics,United States,N/A,$0.00  ~ $0.00 ,N/A,N/A,N/A,N/A,N/A
Science (Legacy),Theme Parks,United States,N/A,$0.00  ~ $0.00 ,N/A,N/A,N/A,N/A,N/A
Science (Legacy),Theme Parks,Canada,N/A,$0.00  ~ $0.00 ,N/A,N/A,N/A,N/A,N/A
Science (Legacy),Birdwatching,United States,N/A,$0.00  ~ $0.00 ,N/A,N/A,N/A,N/A,N/A
Science (Legacy),Birdwatching,Canada,N/A,$0.00  ~ $0.00 ,N/A,N/A,N/A,N/A,N/A
Science (Legacy),Camping,United States,N/A,$0.00  ~ $0.00 ,N/A,N/A,N/A,N/A,N/A
Science (Legacy),Thyroid Disease,United States,N/A,$0.00  ~ $0.00 ,N/A,N/A,N/A,N/A,N/A
Science (Legacy),Job Search,United States,N/A,$0.00  ~ $0.00 ,N/A,N/A,N/A,N/A,N/A
Science (Legacy),Job Search,Canada,N/A,$0.00  ~ $0.00 ,N/A,N/A,N/A,N/A,N/A
Science (Legacy),Senior Living,United States,N/A,$0.00  ~ $0.00 ,N/A,N/A,N/A,N/A,N/A
Science (Legacy),Senior Living,Canada,N/A,$0.00  ~ $0.00 ,N/A,N/A,N/A,N/A,N/A
Science (Legacy),Entertainment,United States,N/A,$0.00  ~ $0.00 ,N/A,N/A,N/A,N/A,N/A
Science (Legacy),Hunting/Shooting,United States,N/A,$0.00  ~ $0.00 ,N/A,N/A,N/A,N/A,N/A
Science (Legacy),Comparison,United States,N/A,$0.00  ~ $0.00 ,N/A,N/A,N/A,N/A,N/A
Science (Legacy),Home & Garden,United States,N/A,$0.00  ~ $0.00 ,N/A,N/A,N/A,N/A,N/A
Science (Legacy),Home & Garden,Canada,N/A,$0.00  ~ $0.00 ,N/A,N/A,N/A,N/A,N/A
Science (Legacy),Travel,United States,N/A,$0.00  ~ $0.00 ,N/A,N/A,N/A,N/A,N/A
Science (Legacy),Travel,Canada,N/A,$0.00  ~ $0.00 ,N/A,N/A,N/A,N/A,N/A
Science (Legacy),Cruises,United States,N/A,$0.00  ~ $0.00 ,N/A,N/A,N/A,N/A,N/A
Science (Legacy),Cruises,Canada,N/A,$0.00  ~ $0.00 ,N/A,N/A,N/A,N/A,N/A
Science (Legacy),Air Travel,Canada,N/A,$0.00  ~ $0.00 ,N/A,N/A,N/A,N/A,N/A
Science (Legacy),Air Travel,United States,N/A,$0.00  ~ $0.00 ,N/A,N/A,N/A,N/A,N/A
Science (Legacy),Agriculture,Canada,N/A,$0.00  ~ $0.00 ,N/A,N/A,N/A,N/A,N/A
Science (Legacy),Agriculture,United States,N/A,$0.00  ~ $0.00 ,N/A,N/A,N/A,N/A,N/A
Science (Legacy),7-12 Education,United States,N/A,$0.00  ~ $0.00 ,N/A,N/A,N/A,N/A,N/A
Science (Legacy),Infertility,United States,N/A,$0.00  ~ $0.00 ,N/A,N/A,N/A,N/A,N/A
Science (Legacy),Arthritis,United States,N/A,$0.00  ~ $0.00 ,N/A,N/A,N/A,N/A,N/A
Science (Legacy),Horse Racing,Canada,N/A,$0.00  ~ $0.00 ,N/A,N/A,N/A,N/A,N/A
Science (Legacy),Couponing,United States,N/A,$0.00  ~ $0.00 ,N/A,N/A,N/A,N/A,N/A
Science (Legacy),Couponing,Canada,N/A,$0.00  ~ $0.00 ,N/A,N/A,N/A,N/A,N/A
Science (Legacy),Collecting,United States,N/A,$0.00  ~ $0.00 ,N/A,N/A,N/A,N/A,N/A
Science (Legacy),Collecting,Canada,N/A,$0.00  ~ $0.00 ,N/A,N/A,N/A,N/A,N/A
Science (Legacy),Scholarships,United States,N/A,$0.00  ~ $0.00 ,N/A,N/A,N/A,N/A,N/A
Science (Legacy),Stamps & Coins,United States,N/A,$0.00  ~ $0.00 ,N/A,N/A,N/A,N/A,N/A
Science (Legacy),Gardening,United States,N/A,$0.00  ~ $0.00 ,N/A,N/A,N/A,N/A,N/A
Science (Legacy),Gardening,Canada,N/A,$0.00  ~ $0.00 ,N/A,N/A,N/A,N/A,N/A
Science (Legacy),Dining Out,United States,N/A,$0.00  ~ $0.00 ,N/A,N/A,N/A,N/A,N/A
Science (Legacy),Dining Out,Canada,N/A,$0.00  ~ $0.00 ,N/A,N/A,N/A,N/A,N/A
Science (Legacy),Food & Drink,Canada,N/A,$0.00  ~ $0.00 ,N/A,N/A,N/A,N/A,N/A
Science (Legacy),Food & Drink,United States,N/A,$0.00  ~ $0.00 ,N/A,N/A,N/A,N/A,N/A
Science (Legacy),Senor Health,United States,N/A,$0.00  ~ $0.00 ,N/A,N/A,N/A,N/A,N/A
Science (Legacy),Senor Health,Canada,N/A,$0.00  ~ $0.00 ,N/A,N/A,N/A,N/A,N/A
Science (Legacy),Desserts & Baking,United States,N/A,$0.00  ~ $0.00 ,N/A,N/A,N/A,N/A,N/A
Science (Legacy),Desserts & Baking,Canada,N/A,$0.00  ~ $0.00 ,N/A,N/A,N/A,N/A,N/A
Science (Legacy),Veterinary Medicine,United States,N/A,$0.00  ~ $0.00 ,N/A,N/A,N/A,N/A,N/A
Science (Legacy),Veterinary Medicine,Canada,N/A,$0.00  ~ $0.00 ,N/A,N/A,N/A,N/A,N/A
Science (Legacy),Wine,United States,N/A,$0.00  ~ $0.00 ,N/A,N/A,N/A,N/A,N/A
Science (Legacy),Martial Arts,United States,N/A,$0.00  ~ $0.00 ,N/A,N/A,N/A,N/A,N/A
Science (Legacy),Clothing,United States,N/A,$0.00  ~ $0.00 ,N/A,N/A,N/A,N/A,N/A
Science (Legacy),Clothing,Canada,N/A,$0.00  ~ $0.00 ,N/A,N/A,N/A,N/A,N/A
Science (Legacy),Guitar,United States,N/A,$0.00  ~ $0.00 ,N/A,N/A,N/A,N/A,N/A
Science (Legacy),Automotive,United States,N/A,$0.00  ~ $0.00 ,N/A,N/A,N/A,N/A,N/A
Science (Legacy),Automotive,Canada,N/A,$0.00  ~ $0.00 ,N/A,N/A,N/A,N/A,N/A
Science (Legacy),Graduate School,United States,N/A,$0.00  ~ $0.00 ,N/A,N/A,N/A,N/A,N/A
Science (Legacy),Graduate School,Canada,N/A,$0.00  ~ $0.00 ,N/A,N/A,N/A,N/A,N/A
Science (Legacy),Trucks & Accessories,United States,N/A,$0.00  ~ $0.00 ,N/A,N/A,N/A,N/A,N/A
Science (Legacy),Cuisine-Specific,United States,N/A,$0.00  ~ $0.00 ,N/A,N/A,N/A,N/A,N/A
Science (Legacy),Metals,United States,N/A,$0.00  ~ $0.00 ,N/A,N/A,N/A,N/A,N/A
Science (Legacy),Metals,Canada,N/A,$0.00  ~ $0.00 ,N/A,N/A,N/A,N/A,N/A
Science (Legacy),Credit/Debt & Loans,Canada,N/A,$0.00  ~ $0.00 ,N/A,N/A,N/A,N/A,N/A
Science (Legacy),Credit/Debt & Loans,United States,N/A,$0.00  ~ $0.00 ,N/A,N/A,N/A,N/A,N/A
Science (Legacy),Environmental Safety,United States,N/A,$0.00  ~ $0.00 ,N/A,N/A,N/A,N/A,N/A
Science (Legacy),Weddings,United States,N/A,$0.00  ~ $0.00 ,N/A,N/A,N/A,N/A,N/A
Science (Legacy),Weddings,Canada,N/A,$0.00  ~ $0.00 ,N/A,N/A,N/A,N/A,N/A
Science (Legacy),Road-Side Assistance,United States,N/A,$0.00  ~ $0.00 ,N/A,N/A,N/A,N/A,N/A
Science (Legacy),Computer Networking,United States,N/A,$0.00  ~ $0.00 ,N/A,N/A,N/A,N/A,N/A
Science (Legacy),Biotech/Biomedical,United States,N/A,$0.00  ~ $0.00 ,N/A,N/A,N/A,N/A,N/A
Science (Legacy),Biotech/Biomedical,Canada,N/A,$0.00  ~ $0.00 ,N/A,N/A,N/A,N/A,N/A
Science (Legacy),Real Estate,United States,N/A,$0.00  ~ $0.00 ,N/A,N/A,N/A,N/A,N/A
Science (Legacy),Real Estate,Canada,N/A,$0.00  ~ $0.00 ,N/A,N/A,N/A,N/A,N/A
Science (Legacy),K-6 Educators,Canada,N/A,$0.00  ~ $0.00 ,N/A,N/A,N/A,N/A,N/A
Science (Legacy),K-6 Educators,United States,N/A,$0.00  ~ $0.00 ,N/A,N/A,N/A,N/A,N/A
Science (Legacy),Construction,United States,N/A,$0.00  ~ $0.00 ,N/A,N/A,N/A,N/A,N/A
Science (Legacy),Construction,Canada,N/A,$0.00  ~ $0.00 ,N/A,N/A,N/A,N/A,N/A
Science (Legacy),Computer Certification,United States,N/A,$0.00  ~ $0.00 ,N/A,N/A,N/A,N/A,N/A
Science (Legacy),Fashion,United States,N/A,$0.00  ~ $0.00 ,N/A,N/A,N/A,N/A,N/A
Science (Legacy),Health/Lowfat Cooking,United States,N/A,$0.00  ~ $0.00 ,N/A,N/A,N/A,N/A,N/A
Science (Legacy),Health/Lowfat Cooking,Canada,N/A,$0.00  ~ $0.00 ,N/A,N/A,N/A,N/A,N/A
Science (Legacy),Forestry,United States,N/A,$0.00  ~ $0.00 ,N/A,N/A,N/A,N/A,N/A
Science (Legacy),Motorcycles,United States,N/A,$0.00  ~ $0.00 ,N/A,N/A,N/A,N/A,N/A
Science (Legacy),Motorcycles,Canada,N/A,$0.00  ~ $0.00 ,N/A,N/A,N/A,N/A,N/A
Science (Legacy),Physical Therapy,Canada,N/A,$0.00  ~ $0.00 ,N/A,N/A,N/A,N/A,N/A
Science (Legacy),Physical Therapy,United States,N/A,$0.00  ~ $0.00 ,N/A,N/A,N/A,N/A,N/A
Science (Legacy),Cigars,United States,N/A,$0.00  ~ $0.00 ,N/A,N/A,N/A,N/A,N/A
Science (Legacy),Cigars,Canada,N/A,$0.00  ~ $0.00 ,N/A,N/A,N/A,N/A,N/A
Science (Legacy),Nutrition,United States,N/A,$0.00  ~ $0.00 ,N/A,N/A,N/A,N/A,N/A
Science (Legacy),Nutrition,Canada,N/A,$0.00  ~ $0.00 ,N/A,N/A,N/A,N/A,N/A
Science (Legacy),Auto Repair,United States,N/A,$0.00  ~ $0.00 ,N/A,N/A,N/A,N/A,N/A
Science (Legacy),Auto Repair,Canada,N/A,$0.00  ~ $0.00 ,N/A,N/A,N/A,N/A,N/A
Science (Legacy),Mutual Funds,United States,N/A,$0.00  ~ $0.00 ,N/A,N/A,N/A,N/A,N/A
Science (Legacy),Mutual Funds,Canada,N/A,$0.00  ~ $0.00 ,N/A,N/A,N/A,N/A,N/A
Science (Legacy),Distance Learning,United States,N/A,$0.00  ~ $0.00 ,N/A,N/A,N/A,N/A,N/A
Science (Legacy),Apartments,United States,N/A,$0.00  ~ $0.00 ,N/A,N/A,N/A,N/A,N/A
Science (Legacy),Apartments,Canada,N/A,$0.00  ~ $0.00 ,N/A,N/A,N/A,N/A,N/A
Science (Legacy),Government,Canada,N/A,$0.00  ~ $0.00 ,N/A,N/A,N/A,N/A,N/A
Science (Legacy),Government,United States,N/A,$0.00  ~ $0.00 ,N/A,N/A,N/A,N/A,N/A
Science (Legacy),By US Locale,United States,N/A,$0.00  ~ $0.00 ,N/A,N/A,N/A,N/A,N/A
Science (Legacy),Home Theater,United States,N/A,$0.00  ~ $0.00 ,N/A,N/A,N/A,N/A,N/A
Science (Legacy),Stocks,United States,N/A,$0.00  ~ $0.00 ,N/A,N/A,N/A,N/A,N/A
Science (Legacy),Arts & Entertainment,United States,N/A,$0.00  ~ $0.00 ,N/A,N/A,N/A,N/A,N/A
Science (Legacy),Arts & Entertainment,Canada,N/A,$0.00  ~ $0.00 ,N/A,N/A,N/A,N/A,N/A
Science (Legacy),Card Games,United States,N/A,$0.00  ~ $0.00 ,N/A,N/A,N/A,N/A,N/A
Science (Legacy),Card Games,Canada,N/A,$0.00  ~ $0.00 ,N/A,N/A,N/A,N/A,N/A
Science (Legacy),Exercise,United States,N/A,$0.00  ~ $0.00 ,N/A,N/A,N/A,N/A,N/A
Science (Legacy),Exercise,Canada,N/A,$0.00  ~ $0.00 ,N/A,N/A,N/A,N/A,N/A
Science (Legacy),Bed & Breakfasts,United States,N/A,$0.00  ~ $0.00 ,N/A,N/A,N/A,N/A,N/A
Science (Legacy),Sailing,United States,N/A,$0.00  ~ $0.00 ,N/A,N/A,N/A,N/A,N/A
Science (Legacy),Off-Road Vehicles,United States,N/A,$0.00  ~ $0.00 ,N/A,N/A,N/A,N/A,N/A
Science (Legacy),Off-Road Vehicles,Canada,N/A,$0.00  ~ $0.00 ,N/A,N/A,N/A,N/A,N/A
Science (Legacy),Mountain Biking,United States,N/A,$0.00  ~ $0.00 ,N/A,N/A,N/A,N/A,N/A
Science (Legacy),Mountain Biking,Canada,N/A,$0.00  ~ $0.00 ,N/A,N/A,N/A,N/A,N/A
Science (Legacy),Business,United States,N/A,$0.00  ~ $0.00 ,N/A,N/A,N/A,N/A,N/A
Science (Legacy),Business,Canada,N/A,$0.00  ~ $0.00 ,N/A,N/A,N/A,N/A,N/A
Science (Legacy),News,United States,N/A,$0.00  ~ $0.00 ,N/A,N/A,N/A,N/A,N/A
Science (Legacy),News,Canada,N/A,$0.00  ~ $0.00 ,N/A,N/A,N/A,N/A,N/A
Science (Legacy),Pro Basketball,United States,N/A,$0.00  ~ $0.00 ,N/A,N/A,N/A,N/A,N/A
Science (Legacy),Adventure Travel,United States,N/A,$0.00  ~ $0.00 ,N/A,N/A,N/A,N/A,N/A
Science (Legacy),Entertaining,United States,N/A,$0.00  ~ $0.00 ,N/A,N/A,N/A,N/A,N/A
Science (Legacy),Entertaining,Canada,N/A,$0.00  ~ $0.00 ,N/A,N/A,N/A,N/A,N/A
Science (Legacy),Daycare/Pre School,United States,N/A,$0.00  ~ $0.00 ,N/A,N/A,N/A,N/A,N/A
Science (Legacy),Daycare/Pre School,Canada,N/A,$0.00  ~ $0.00 ,N/A,N/A,N/A,N/A,N/A
Science (Legacy),Movies,United States,N/A,$0.00  ~ $0.00 ,N/A,N/A,N/A,N/A,N/A
Science (Legacy),Canada,Canada,N/A,$0.00  ~ $0.00 ,N/A,N/A,N/A,N/A,N/A
Science (Legacy),Buying/Selling Homes,United States,N/A,$0.00  ~ $0.00 ,N/A,N/A,N/A,N/A,N/A
Science (Legacy),Buying/Selling Homes,Canada,N/A,$0.00  ~ $0.00 ,N/A,N/A,N/A,N/A,N/A
Science (Legacy),Arts & Crafts,United States,N/A,$0.00  ~ $0.00 ,N/A,N/A,N/A,N/A,N/A
Science (Legacy),Arts & Crafts,Canada,N/A,$0.00  ~ $0.00 ,N/A,N/A,N/A,N/A,N/A
Science (Legacy),Cameras & Camcorders,United States,N/A,$0.00  ~ $0.00 ,N/A,N/A,N/A,N/A,N/A
Science (Legacy),Cameras & Camcorders,Canada,N/A,$0.00  ~ $0.00 ,N/A,N/A,N/A,N/A,N/A
Science (Legacy),Honeymoons/Getaways,United States,N/A,$0.00  ~ $0.00 ,N/A,N/A,N/A,N/A,N/A
Science (Legacy),Honeymoons/Getaways,Canada,N/A,$0.00  ~ $0.00 ,N/A,N/A,N/A,N/A,N/A
Science (Legacy),Careers,Canada,N/A,$0.00  ~ $0.00 ,N/A,N/A,N/A,N/A,N/A
Science (Legacy),Careers,United States,N/A,$0.00  ~ $0.00 ,N/A,N/A,N/A,N/A,N/A
Science (Legacy),Computer Peripherals,United States,N/A,$0.00  ~ $0.00 ,N/A,N/A,N/A,N/A,N/A
Science (Legacy),Computer Peripherals,Canada,N/A,$0.00  ~ $0.00 ,N/A,N/A,N/A,N/A,N/A
Science (Legacy),Dental Care,United States,N/A,$0.00  ~ $0.00 ,N/A,N/A,N/A,N/A,N/A
Science (Legacy),Dental Care,Canada,N/A,$0.00  ~ $0.00 ,N/A,N/A,N/A,N/A,N/A
Science (Legacy),Radio,United States,N/A,$0.00  ~ $0.00 ,N/A,N/A,N/A,N/A,N/A
Science (Legacy),Style & Fashion,United States,N/A,$0.00  ~ $0.00 ,N/A,N/A,N/A,N/A,N/A
Science (Legacy),College,Canada,N/A,$0.00  ~ $0.00 ,N/A,N/A,N/A,N/A,N/A
Science (Legacy),College,United States,N/A,$0.00  ~ $0.00 ,N/A,N/A,N/A,N/A,N/A
Science (Legacy),Coffee/Tea,United States,N/A,$0.00  ~ $0.00 ,N/A,N/A,N/A,N/A,N/A
Science (Legacy),Politics,United States,N/A,$0.00  ~ $0.00 ,N/A,N/A,N/A,N/A,N/A
Science (Legacy),Politics,Canada,N/A,$0.00  ~ $0.00 ,N/A,N/A,N/A,N/A,N/A
Science (Legacy),Hobbies & Interests,United States,N/A,$0.00  ~ $0.00 ,N/A,N/A,N/A,N/A,N/A
Science (Legacy),Hobbies & Interests,Canada,N/A,$0.00  ~ $0.00 ,N/A,N/A,N/A,N/A,N/A
Shopping (Legacy),Home Repair,United States,N/A,$0.00  ~ $0.00 ,N/A,N/A,N/A,N/A,N/A
Shopping (Legacy),Home Repair,Canada,N/A,$0.00  ~ $0.00 ,N/A,N/A,N/A,N/A,N/A
Shopping (Legacy),Computer Networking,United States,N/A,$0.00  ~ $0.00 ,N/A,N/A,N/A,N/A,N/A
Shopping (Legacy),College,United States,N/A,$0.00  ~ $0.00 ,N/A,N/A,N/A,N/A,N/A
Shopping (Legacy),College,Canada,N/A,$0.00  ~ $0.00 ,N/A,N/A,N/A,N/A,N/A
Shopping (Legacy),Pediatrics,United States,N/A,$0.00  ~ $0.00 ,N/A,N/A,N/A,N/A,N/A
Shopping (Legacy),Internet Technology,United States,N/A,$0.00  ~ $0.00 ,N/A,N/A,N/A,N/A,N/A
Shopping (Legacy),Internet Technology,Canada,N/A,$0.00  ~ $0.00 ,N/A,N/A,N/A,N/A,N/A
Shopping (Legacy),Entertaining,United States,N/A,$0.00  ~ $0.00 ,N/A,N/A,N/A,N/A,N/A
Shopping (Legacy),Entertaining,Canada,N/A,$0.00  ~ $0.00 ,N/A,N/A,N/A,N/A,N/A
Shopping (Legacy),Television,United States,N/A,$0.00  ~ $0.00 ,N/A,N/A,N/A,N/A,N/A
Shopping (Legacy),Health & Fitness,United States,N/A,$0.00  ~ $0.00 ,N/A,N/A,N/A,N/A,N/A
Shopping (Legacy),Health & Fitness,Canada,N/A,$0.00  ~ $0.00 ,N/A,N/A,N/A,N/A,N/A
Shopping (Legacy),Psychology/Psychiatry,United States,N/A,$0.00  ~ $0.00 ,N/A,N/A,N/A,N/A,N/A
Shopping (Legacy),Music,United States,N/A,$0.00  ~ $0.00 ,N/A,N/A,N/A,N/A,N/A
Shopping (Legacy),Music,Canada,N/A,$0.00  ~ $0.00 ,N/A,N/A,N/A,N/A,N/A
Shopping (Legacy),Art/Technology,United States,N/A,$0.00  ~ $0.00 ,N/A,N/A,N/A,N/A,N/A
Shopping (Legacy),Art/Technology,Canada,N/A,$0.00  ~ $0.00 ,N/A,N/A,N/A,N/A,N/A
Shopping (Legacy),Cancer,United States,N/A,$0.00  ~ $0.00 ,N/A,N/A,N/A,N/A,N/A
Shopping (Legacy),Cancer,Canada,N/A,$0.00  ~ $0.00 ,N/A,N/A,N/A,N/A,N/A
Shopping (Legacy),Beauty,United States,N/A,$0.00  ~ $0.00 ,N/A,N/A,N/A,N/A,N/A
Shopping (Legacy),Weddings,United States,N/A,$0.00  ~ $0.00 ,N/A,N/A,N/A,N/A,N/A
Shopping (Legacy),Metals,United States,N/A,$0.00  ~ $0.00 ,N/A,N/A,N/A,N/A,N/A
Shopping (Legacy),Metals,Canada,N/A,$0.00  ~ $0.00 ,N/A,N/A,N/A,N/A,N/A
Shopping (Legacy),Local News,United States,N/A,$0.00  ~ $0.00 ,N/A,N/A,N/A,N/A,N/A
Shopping (Legacy),Catholicism,United States,N/A,$0.00  ~ $0.00 ,N/A,N/A,N/A,N/A,N/A
Shopping (Legacy),Shopping,United States,N/A,$0.00  ~ $0.00 ,N/A,N/A,N/A,N/A,N/A
Shopping (Legacy),Shopping,Canada,N/A,$0.00  ~ $0.00 ,N/A,N/A,N/A,N/A,N/A
Shopping (Legacy),Human Resources,United States,N/A,$0.00  ~ $0.00 ,N/A,N/A,N/A,N/A,N/A
Shopping (Legacy),Human Resources,Canada,N/A,$0.00  ~ $0.00 ,N/A,N/A,N/A,N/A,N/A
Shopping (Legacy),Buying/Selling Homes,United States,N/A,$0.00  ~ $0.00 ,N/A,N/A,N/A,N/A,N/A
Shopping (Legacy),Buying/Selling Homes,Canada,N/A,$0.00  ~ $0.00 ,N/A,N/A,N/A,N/A,N/A
Shopping (Legacy),Auto Repair,Canada,N/A,$0.00  ~ $0.00 ,N/A,N/A,N/A,N/A,N/A
Shopping (Legacy),Auto Repair,United States,N/A,$0.00  ~ $0.00 ,N/A,N/A,N/A,N/A,N/A
Shopping (Legacy),Nutrition,United States,N/A,$0.00  ~ $0.00 ,N/A,N/A,N/A,N/A,N/A
Shopping (Legacy),Nutrition,Canada,N/A,$0.00  ~ $0.00 ,N/A,N/A,N/A,N/A,N/A
Shopping (Legacy),Job Search,United States,N/A,$0.00  ~ $0.00 ,N/A,N/A,N/A,N/A,N/A
Shopping (Legacy),Job Search,Canada,N/A,$0.00  ~ $0.00 ,N/A,N/A,N/A,N/A,N/A
Shopping (Legacy),Agriculture,United States,N/A,$0.00  ~ $0.00 ,N/A,N/A,N/A,N/A,N/A
Shopping (Legacy),Agriculture,Canada,N/A,$0.00  ~ $0.00 ,N/A,N/A,N/A,N/A,N/A
Shopping (Legacy),Home Theater,United States,N/A,$0.00  ~ $0.00 ,N/A,N/A,N/A,N/A,N/A
Shopping (Legacy),Home & Garden,United States,N/A,$0.00  ~ $0.00 ,N/A,N/A,N/A,N/A,N/A
Shopping (Legacy),Home & Garden,Canada,N/A,$0.00  ~ $0.00 ,N/A,N/A,N/A,N/A,N/A
Shopping (Legacy),Green Solutions,United States,N/A,$0.00  ~ $0.00 ,N/A,N/A,N/A,N/A,N/A
Shopping (Legacy),Green Solutions,Canada,N/A,$0.00  ~ $0.00 ,N/A,N/A,N/A,N/A,N/A
Shopping (Legacy),Appliances,United States,N/A,$0.00  ~ $0.00 ,N/A,N/A,N/A,N/A,N/A
Shopping (Legacy),Appliances,Canada,N/A,$0.00  ~ $0.00 ,N/A,N/A,N/A,N/A,N/A
Shopping (Legacy),Veterinary Medicine,United States,N/A,$0.00  ~ $0.00 ,N/A,N/A,N/A,N/A,N/A
Shopping (Legacy),Veterinary Medicine,Canada,N/A,$0.00  ~ $0.00 ,N/A,N/A,N/A,N/A,N/A
Shopping (Legacy),Contests & Freebies,United States,N/A,$0.00  ~ $0.00 ,N/A,N/A,N/A,N/A,N/A
Shopping (Legacy),Thyroid Disease,United States,N/A,$0.00  ~ $0.00 ,N/A,N/A,N/A,N/A,N/A
Shopping (Legacy),Business,United States,N/A,$0.00  ~ $0.00 ,N/A,N/A,N/A,N/A,N/A
Shopping (Legacy),Business,Canada,N/A,$0.00  ~ $0.00 ,N/A,N/A,N/A,N/A,N/A
Shopping (Legacy),Politics,Canada,N/A,$0.00  ~ $0.00 ,N/A,N/A,N/A,N/A,N/A
Shopping (Legacy),Politics,United States,N/A,$0.00  ~ $0.00 ,N/A,N/A,N/A,N/A,N/A
Shopping (Legacy),Cruises,United States,N/A,$0.00  ~ $0.00 ,N/A,N/A,N/A,N/A,N/A
Shopping (Legacy),Cruises,Canada,N/A,$0.00  ~ $0.00 ,N/A,N/A,N/A,N/A,N/A
Shopping (Legacy),Alternative Medicine,Canada,N/A,$0.00  ~ $0.00 ,N/A,N/A,N/A,N/A,N/A
Shopping (Legacy),Alternative Medicine,United States,N/A,$0.00  ~ $0.00 ,N/A,N/A,N/A,N/A,N/A
Shopping (Legacy),Distance Learning,United States,N/A,$0.00  ~ $0.00 ,N/A,N/A,N/A,N/A,N/A
Shopping (Legacy),Wine,United States,N/A,$0.00  ~ $0.00 ,N/A,N/A,N/A,N/A,N/A
Shopping (Legacy),Logistics,United States,N/A,$0.00  ~ $0.00 ,N/A,N/A,N/A,N/A,N/A
Shopping (Legacy),Logistics,Canada,N/A,$0.00  ~ $0.00 ,N/A,N/A,N/A,N/A,N/A
Shopping (Legacy),Theme Parks,United States,N/A,$0.00  ~ $0.00 ,N/A,N/A,N/A,N/A,N/A
Shopping (Legacy),Theme Parks,Canada,N/A,$0.00  ~ $0.00 ,N/A,N/A,N/A,N/A,N/A
Shopping (Legacy),Mountain Biking,Canada,N/A,$0.00  ~ $0.00 ,N/A,N/A,N/A,N/A,N/A
Shopping (Legacy),Mountain Biking,United States,N/A,$0.00  ~ $0.00 ,N/A,N/A,N/A,N/A,N/A
Shopping (Legacy),Environmental Safety,United States,N/A,$0.00  ~ $0.00 ,N/A,N/A,N/A,N/A,N/A
Shopping (Legacy),Financial Aid,United States,N/A,$0.00  ~ $0.00 ,N/A,N/A,N/A,N/A,N/A
Shopping (Legacy),Infertility,United States,N/A,$0.00  ~ $0.00 ,N/A,N/A,N/A,N/A,N/A
Shopping (Legacy),Credit/Debt & Loans,United States,N/A,$0.00  ~ $0.00 ,N/A,N/A,N/A,N/A,N/A
Shopping (Legacy),Credit/Debt & Loans,Canada,N/A,$0.00  ~ $0.00 ,N/A,N/A,N/A,N/A,N/A
Shopping (Legacy),Graduate School,United States,N/A,$0.00  ~ $0.00 ,N/A,N/A,N/A,N/A,N/A
Shopping (Legacy),Graduate School,Canada,N/A,$0.00  ~ $0.00 ,N/A,N/A,N/A,N/A,N/A
Shopping (Legacy),Investors & Patents,United States,N/A,$0.00  ~ $0.00 ,N/A,N/A,N/A,N/A,N/A
Shopping (Legacy),Investors & Patents,Canada,N/A,$0.00  ~ $0.00 ,N/A,N/A,N/A,N/A,N/A
Shopping (Legacy),Careers,United States,N/A,$0.00  ~ $0.00 ,N/A,N/A,N/A,N/A,N/A
Shopping (Legacy),Careers,Canada,N/A,$0.00  ~ $0.00 ,N/A,N/A,N/A,N/A,N/A
Shopping (Legacy),Electric Vehicle,Canada,N/A,$0.00  ~ $0.00 ,N/A,N/A,N/A,N/A,N/A
Shopping (Legacy),Collecting,United States,N/A,$0.00  ~ $0.00 ,N/A,N/A,N/A,N/A,N/A
Shopping (Legacy),Business Software,United States,N/A,$0.00  ~ $0.00 ,N/A,N/A,N/A,N/A,N/A
Shopping (Legacy),Business Software,Canada,N/A,$0.00  ~ $0.00 ,N/A,N/A,N/A,N/A,N/A
Shopping (Legacy),Travel,United States,N/A,$0.00  ~ $0.00 ,N/A,N/A,N/A,N/A,N/A
Shopping (Legacy),Travel,Canada,N/A,$0.00  ~ $0.00 ,N/A,N/A,N/A,N/A,N/A
Shopping (Legacy),Air Travel,United States,N/A,$0.00  ~ $0.00 ,N/A,N/A,N/A,N/A,N/A
Shopping (Legacy),Air Travel,Canada,N/A,$0.00  ~ $0.00 ,N/A,N/A,N/A,N/A,N/A
Shopping (Legacy),Road-Side Assistance,United States,N/A,$0.00  ~ $0.00 ,N/A,N/A,N/A,N/A,N/A
Shopping (Legacy),Arthritis,United States,N/A,$0.00  ~ $0.00 ,N/A,N/A,N/A,N/A,N/A
Shopping (Legacy),Hotels,United States,N/A,$0.00  ~ $0.00 ,N/A,N/A,N/A,N/A,N/A
Shopping (Legacy),Hotels,Canada,N/A,$0.00  ~ $0.00 ,N/A,N/A,N/A,N/A,N/A
Shopping (Legacy),Cigars,United States,N/A,$0.00  ~ $0.00 ,N/A,N/A,N/A,N/A,N/A
Shopping (Legacy),Cigars,Canada,N/A,$0.00  ~ $0.00 ,N/A,N/A,N/A,N/A,N/A
Shopping (Legacy),Desserts & Baking,United States,N/A,$0.00  ~ $0.00 ,N/A,N/A,N/A,N/A,N/A
Shopping (Legacy),Comparison,United States,N/A,$0.00  ~ $0.00 ,N/A,N/A,N/A,N/A,N/A
Shopping (Legacy),Insurance,United States,N/A,$0.00  ~ $0.00 ,N/A,N/A,N/A,N/A,N/A
Shopping (Legacy),Insurance,Canada,N/A,$0.00  ~ $0.00 ,N/A,N/A,N/A,N/A,N/A
Shopping (Legacy),Advertising,United States,N/A,$0.00  ~ $0.00 ,N/A,N/A,N/A,N/A,N/A
Shopping (Legacy),Advertising,Canada,N/A,$0.00  ~ $0.00 ,N/A,N/A,N/A,N/A,N/A
Shopping (Legacy),Arts & Crafts,United States,N/A,$0.00  ~ $0.00 ,N/A,N/A,N/A,N/A,N/A
Shopping (Legacy),Weight Loss,United States,N/A,$0.00  ~ $0.00 ,N/A,N/A,N/A,N/A,N/A
Shopping (Legacy),Alternative Religions,United States,N/A,$0.00  ~ $0.00 ,N/A,N/A,N/A,N/A,N/A
Shopping (Legacy),Parenting - K-6 Kids,United States,N/A,$0.00  ~ $0.00 ,N/A,N/A,N/A,N/A,N/A
Shopping (Legacy),Forestry,United States,N/A,$0.00  ~ $0.00 ,N/A,N/A,N/A,N/A,N/A
Shopping (Legacy),Mutual Funds,United States,N/A,$0.00  ~ $0.00 ,N/A,N/A,N/A,N/A,N/A
Shopping (Legacy),Mutual Funds,Canada,N/A,$0.00  ~ $0.00 ,N/A,N/A,N/A,N/A,N/A
Shopping (Legacy),Motorcycles,United States,N/A,$0.00  ~ $0.00 ,N/A,N/A,N/A,N/A,N/A
Shopping (Legacy),News,United States,N/A,$0.00  ~ $0.00 ,N/A,N/A,N/A,N/A,N/A
Shopping (Legacy),News,Canada,N/A,$0.00  ~ $0.00 ,N/A,N/A,N/A,N/A,N/A
Shopping (Legacy),Entertainment,United States,N/A,$0.00  ~ $0.00 ,N/A,N/A,N/A,N/A,N/A
Shopping (Legacy),Apartments,Canada,N/A,$0.00  ~ $0.00 ,N/A,N/A,N/A,N/A,N/A
Shopping (Legacy),Apartments,United States,N/A,$0.00  ~ $0.00 ,N/A,N/A,N/A,N/A,N/A
Shopping (Legacy),Cell Phones,United States,N/A,$0.00  ~ $0.00 ,N/A,N/A,N/A,N/A,N/A
Shopping (Legacy),Clothing,Canada,N/A,$0.00  ~ $0.00 ,N/A,N/A,N/A,N/A,N/A
Shopping (Legacy),Clothing,United States,N/A,$0.00  ~ $0.00 ,N/A,N/A,N/A,N/A,N/A
Shopping (Legacy),Marketing,United States,N/A,$0.00  ~ $0.00 ,N/A,N/A,N/A,N/A,N/A
Shopping (Legacy),Marketing,Canada,N/A,$0.00  ~ $0.00 ,N/A,N/A,N/A,N/A,N/A
Shopping (Legacy),Fine Art,United States,N/A,$0.00  ~ $0.00 ,N/A,N/A,N/A,N/A,N/A
Shopping (Legacy),Fine Art,Canada,N/A,$0.00  ~ $0.00 ,N/A,N/A,N/A,N/A,N/A
Shopping (Legacy),Dental Care,United States,N/A,$0.00  ~ $0.00 ,N/A,N/A,N/A,N/A,N/A
Shopping (Legacy),Physical Therapy,United States,N/A,$0.00  ~ $0.00 ,N/A,N/A,N/A,N/A,N/A
Shopping (Legacy),Physical Therapy,Canada,N/A,$0.00  ~ $0.00 ,N/A,N/A,N/A,N/A,N/A
Shopping (Legacy),Hobbies & Interests,United States,N/A,$0.00  ~ $0.00 ,N/A,N/A,N/A,N/A,N/A
Shopping (Legacy),Arts & Entertainment,Canada,N/A,$0.00  ~ $0.00 ,N/A,N/A,N/A,N/A,N/A
Shopping (Legacy),Arts & Entertainment,United States,N/A,$0.00  ~ $0.00 ,N/A,N/A,N/A,N/A,N/A
Shopping (Legacy),Family & Parenting,United States,N/A,$0.00  ~ $0.00 ,N/A,N/A,N/A,N/A,N/A
Shopping (Legacy),Family & Parenting,Canada,N/A,$0.00  ~ $0.00 ,N/A,N/A,N/A,N/A,N/A
Shopping (Legacy),Chronic Pain,United States,N/A,$0.00  ~ $0.00 ,N/A,N/A,N/A,N/A,N/A
Shopping (Legacy),Senor Health,United States,N/A,$0.00  ~ $0.00 ,N/A,N/A,N/A,N/A,N/A
Shopping (Legacy),Senor Health,Canada,N/A,$0.00  ~ $0.00 ,N/A,N/A,N/A,N/A,N/A
Shopping (Legacy),"Law, Gov't & Politics",United States,N/A,$0.00  ~ $0.00 ,N/A,N/A,N/A,N/A,N/A
Shopping (Legacy),Cuisine-Specific,United States,N/A,$0.00  ~ $0.00 ,N/A,N/A,N/A,N/A,N/A
Shopping (Legacy),By US Locale,United States,N/A,$0.00  ~ $0.00 ,N/A,N/A,N/A,N/A,N/A
Shopping (Legacy),Legal Issues,United States,N/A,$0.00  ~ $0.00 ,N/A,N/A,N/A,N/A,N/A
Shopping (Legacy),Legal Issues,Canada,N/A,$0.00  ~ $0.00 ,N/A,N/A,N/A,N/A,N/A
Shopping (Legacy),Adventure Travel,United States,N/A,$0.00  ~ $0.00 ,N/A,N/A,N/A,N/A,N/A
Shopping (Legacy),Pets,United States,N/A,$0.00  ~ $0.00 ,N/A,N/A,N/A,N/A,N/A
Shopping (Legacy),Pets,Canada,N/A,$0.00  ~ $0.00 ,N/A,N/A,N/A,N/A,N/A
Shopping (Legacy),Computer Peripherals,United States,N/A,$0.00  ~ $0.00 ,N/A,N/A,N/A,N/A,N/A
Shopping (Legacy),Language Learning,United States,N/A,$0.00  ~ $0.00 ,N/A,N/A,N/A,N/A,N/A
Shopping (Legacy),Government,United States,N/A,$0.00  ~ $0.00 ,N/A,N/A,N/A,N/A,N/A
Shopping (Legacy),Government,Canada,N/A,$0.00  ~ $0.00 ,N/A,N/A,N/A,N/A,N/A
Shopping (Legacy),Couponing,United States,N/A,$0.00  ~ $0.00 ,N/A,N/A,N/A,N/A,N/A
Shopping (Legacy),Couponing,Canada,N/A,$0.00  ~ $0.00 ,N/A,N/A,N/A,N/A,N/A
Shopping (Legacy),Jewelry,United States,N/A,$0.00  ~ $0.00 ,N/A,N/A,N/A,N/A,N/A
Shopping (Legacy),Jewelry,Canada,N/A,$0.00  ~ $0.00 ,N/A,N/A,N/A,N/A,N/A
Shopping (Legacy),Commentary,United States,N/A,$0.00  ~ $0.00 ,N/A,N/A,N/A,N/A,N/A
Shopping (Legacy),Hunting/Shooting,United States,N/A,$0.00  ~ $0.00 ,N/A,N/A,N/A,N/A,N/A
Shopping (Legacy),Swimming,United States,N/A,$0.00  ~ $0.00 ,N/A,N/A,N/A,N/A,N/A
Shopping (Legacy),Automotive,United States,N/A,$0.00  ~ $0.00 ,N/A,N/A,N/A,N/A,N/A
Shopping (Legacy),Automotive,Canada,N/A,$0.00  ~ $0.00 ,N/A,N/A,N/A,N/A,N/A
Shopping (Legacy),Investing,United States,N/A,$0.00  ~ $0.00 ,N/A,N/A,N/A,N/A,N/A
Shopping (Legacy),Biotech/Biomedical,United States,N/A,$0.00  ~ $0.00 ,N/A,N/A,N/A,N/A,N/A
Shopping (Legacy),Biotech/Biomedical,Canada,N/A,$0.00  ~ $0.00 ,N/A,N/A,N/A,N/A,N/A
Shopping (Legacy),Buying/Selling Cars,United States,N/A,$0.00  ~ $0.00 ,N/A,N/A,N/A,N/A,N/A
Shopping (Legacy),Buying/Selling Cars,Canada,N/A,$0.00  ~ $0.00 ,N/A,N/A,N/A,N/A,N/A
Shopping (Legacy),Health/Lowfat Cooking,Canada,N/A,$0.00  ~ $0.00 ,N/A,N/A,N/A,N/A,N/A
Shopping (Legacy),Health/Lowfat Cooking,United States,N/A,$0.00  ~ $0.00 ,N/A,N/A,N/A,N/A,N/A
Shopping (Legacy),Books & Literature,United States,N/A,$0.00  ~ $0.00 ,N/A,N/A,N/A,N/A,N/A
Shopping (Legacy),Books & Literature,Canada,N/A,$0.00  ~ $0.00 ,N/A,N/A,N/A,N/A,N/A
Shopping (Legacy),Style & Fashion,United States,N/A,$0.00  ~ $0.00 ,N/A,N/A,N/A,N/A,N/A
Shopping (Legacy),Canada,Canada,N/A,$0.00  ~ $0.00 ,N/A,N/A,N/A,N/A,N/A
Shopping (Legacy),Stocks,United States,N/A,$0.00  ~ $0.00 ,N/A,N/A,N/A,N/A,N/A
Shopping (Legacy),Fashion,United States,N/A,$0.00  ~ $0.00 ,N/A,N/A,N/A,N/A,N/A
Shopping (Legacy),Personal Finance,United States,N/A,$0.00  ~ $0.00 ,N/A,N/A,N/A,N/A,N/A
Shopping (Legacy),Personal Finance,Canada,N/A,$0.00  ~ $0.00 ,N/A,N/A,N/A,N/A,N/A
Shopping (Legacy),Remodeling & Construction,United States,N/A,$0.00  ~ $0.00 ,N/A,N/A,N/A,N/A,N/A
Shopping (Legacy),Remodeling & Construction,Canada,N/A,$0.00  ~ $0.00 ,N/A,N/A,N/A,N/A,N/A
Shopping (Legacy),Dining Out,United States,N/A,$0.00  ~ $0.00 ,N/A,N/A,N/A,N/A,N/A
Shopping (Legacy),Dining Out,Canada,N/A,$0.00  ~ $0.00 ,N/A,N/A,N/A,N/A,N/A
Shopping (Legacy),Gardening,United States,N/A,$0.00  ~ $0.00 ,N/A,N/A,N/A,N/A,N/A
Shopping (Legacy),Gardening,Canada,N/A,$0.00  ~ $0.00 ,N/A,N/A,N/A,N/A,N/A
Shopping (Legacy),Career Planning,United States,N/A,$0.00  ~ $0.00 ,N/A,N/A,N/A,N/A,N/A
Shopping (Legacy),Career Planning,Canada,N/A,$0.00  ~ $0.00 ,N/A,N/A,N/A,N/A,N/A
Shopping (Legacy),Pro Basketball,United States,N/A,$0.00  ~ $0.00 ,N/A,N/A,N/A,N/A,N/A
Shopping (Legacy),Cold & Flu,United States,N/A,$0.00  ~ $0.00 ,N/A,N/A,N/A,N/A,N/A
Shopping (Legacy),Cold & Flu,Canada,N/A,$0.00  ~ $0.00 ,N/A,N/A,N/A,N/A,N/A
Shopping (Legacy),K-6 Educators,United States,N/A,$0.00  ~ $0.00 ,N/A,N/A,N/A,N/A,N/A
Shopping (Legacy),K-6 Educators,Canada,N/A,$0.00  ~ $0.00 ,N/A,N/A,N/A,N/A,N/A
Shopping (Legacy),Barbecues & Grilling,Canada,N/A,$0.00  ~ $0.00 ,N/A,N/A,N/A,N/A,N/A
Shopping (Legacy),Interior Decorating,United States,N/A,$0.00  ~ $0.00 ,N/A,N/A,N/A,N/A,N/A
Shopping (Legacy),Interior Decorating,Canada,N/A,$0.00  ~ $0.00 ,N/A,N/A,N/A,N/A,N/A
Shopping (Legacy),Video & Computer Games,United States,N/A,$0.00  ~ $0.00 ,N/A,N/A,N/A,N/A,N/A
Shopping (Legacy),Incest/Abuse Support,United States,N/A,$0.00  ~ $0.00 ,N/A,N/A,N/A,N/A,N/A
Shopping (Legacy),Incest/Abuse Support,Canada,N/A,$0.00  ~ $0.00 ,N/A,N/A,N/A,N/A,N/A
Shopping (Legacy),Stamps & Coins,United States,N/A,$0.00  ~ $0.00 ,N/A,N/A,N/A,N/A,N/A
Shopping (Legacy),Football,United States,N/A,$0.00  ~ $0.00 ,N/A,N/A,N/A,N/A,N/A
Shopping (Legacy),Football,Canada,N/A,$0.00  ~ $0.00 ,N/A,N/A,N/A,N/A,N/A
Shopping (Legacy),Education,United States,N/A,$0.00  ~ $0.00 ,N/A,N/A,N/A,N/A,N/A
Shopping (Legacy),Education,Canada,N/A,$0.00  ~ $0.00 ,N/A,N/A,N/A,N/A,N/A
Shopping (Legacy),Accessories,United States,N/A,$0.00  ~ $0.00 ,N/A,N/A,N/A,N/A,N/A
Shopping (Legacy),Trucks & Accessories,United States,N/A,$0.00  ~ $0.00 ,N/A,N/A,N/A,N/A,N/A
Shopping (Legacy),Real Estate,Canada,N/A,$0.00  ~ $0.00 ,N/A,N/A,N/A,N/A,N/A
Shopping (Legacy),Real Estate,United States,N/A,$0.00  ~ $0.00 ,N/A,N/A,N/A,N/A,N/A
Shopping (Legacy),Sailing,United States,N/A,$0.00  ~ $0.00 ,N/A,N/A,N/A,N/A,N/A
Shopping (Legacy),Off-Road Vehicles,United States,N/A,$0.00  ~ $0.00 ,N/A,N/A,N/A,N/A,N/A
Shopping (Legacy),Teens,United States,N/A,$0.00  ~ $0.00 ,N/A,N/A,N/A,N/A,N/A
Shopping (Legacy),Cameras & Camcorders,United States,N/A,$0.00  ~ $0.00 ,N/A,N/A,N/A,N/A,N/A
Shopping (Legacy),Cameras & Camcorders,Canada,N/A,$0.00  ~ $0.00 ,N/A,N/A,N/A,N/A,N/A
Shopping (Legacy),Landscaping,Canada,N/A,$0.00  ~ $0.00 ,N/A,N/A,N/A,N/A,N/A
Shopping (Legacy),Landscaping,United States,N/A,$0.00  ~ $0.00 ,N/A,N/A,N/A,N/A,N/A
Shopping (Legacy),Large Animals,United States,N/A,$0.00  ~ $0.00 ,N/A,N/A,N/A,N/A,N/A
Shopping (Legacy),Dogs,United States,N/A,$0.00  ~ $0.00 ,N/A,N/A,N/A,N/A,N/A
Shopping (Legacy),Dogs,Canada,N/A,$0.00  ~ $0.00 ,N/A,N/A,N/A,N/A,N/A
Shopping (Legacy),Technology & Computing,United States,N/A,$0.00  ~ $0.00 ,N/A,N/A,N/A,N/A,N/A
Shopping (Legacy),Technology & Computing,Canada,N/A,$0.00  ~ $0.00 ,N/A,N/A,N/A,N/A,N/A
Shopping (Legacy),U.S. Military,United States,N/A,$0.00  ~ $0.00 ,N/A,N/A,N/A,N/A,N/A
Shopping (Legacy),Babies & Toddlers,United States,N/A,$0.00  ~ $0.00 ,N/A,N/A,N/A,N/A,N/A
Shopping (Legacy),Adult Education,United States,N/A,$0.00  ~ $0.00 ,N/A,N/A,N/A,N/A,N/A
Shopping (Legacy),Retirement Planning,United States,N/A,$0.00  ~ $0.00 ,N/A,N/A,N/A,N/A,N/A
Shopping (Legacy),Radio,United States,N/A,$0.00  ~ $0.00 ,N/A,N/A,N/A,N/A,N/A
Shopping (Legacy),Daycare/Pre School,Canada,N/A,$0.00  ~ $0.00 ,N/A,N/A,N/A,N/A,N/A
Shopping (Legacy),Daycare/Pre School,United States,N/A,$0.00  ~ $0.00 ,N/A,N/A,N/A,N/A,N/A
Shopping (Legacy),Card Games,United States,N/A,$0.00  ~ $0.00 ,N/A,N/A,N/A,N/A,N/A
Shopping (Legacy),Card Games,Canada,N/A,$0.00  ~ $0.00 ,N/A,N/A,N/A,N/A,N/A
Shopping (Legacy),Cocktails/Beer,United States,N/A,$0.00  ~ $0.00 ,N/A,N/A,N/A,N/A,N/A
Shopping (Legacy),Cocktails/Beer,Canada,N/A,$0.00  ~ $0.00 ,N/A,N/A,N/A,N/A,N/A
Shopping (Legacy),Auto Parts,United States,N/A,$0.00  ~ $0.00 ,N/A,N/A,N/A,N/A,N/A
Shopping (Legacy),Auto Parts,Canada,N/A,$0.00  ~ $0.00 ,N/A,N/A,N/A,N/A,N/A
Shopping (Legacy),Birdwatching,United States,N/A,$0.00  ~ $0.00 ,N/A,N/A,N/A,N/A,N/A
Shopping (Legacy),Birdwatching,Canada,N/A,$0.00  ~ $0.00 ,N/A,N/A,N/A,N/A,N/A
Shopping (Legacy),U.S. Government Resources,United States,N/A,$0.00  ~ $0.00 ,N/A,N/A,N/A,N/A,N/A
Shopping (Legacy),Computer Certification,United States,N/A,$0.00  ~ $0.00 ,N/A,N/A,N/A,N/A,N/A
Shopping (Legacy),Incontinence,United States,N/A,$0.00  ~ $0.00 ,N/A,N/A,N/A,N/A,N/A
Shopping (Legacy),Sexuality,United States,N/A,$0.00  ~ $0.00 ,N/A,N/A,N/A,N/A,N/A
Shopping (Legacy),Honeymoons/Getaways,Canada,N/A,$0.00  ~ $0.00 ,N/A,N/A,N/A,N/A,N/A
Shopping (Legacy),Honeymoons/Getaways,United States,N/A,$0.00  ~ $0.00 ,N/A,N/A,N/A,N/A,N/A
Shopping (Legacy),Food & Drink,United States,N/A,$0.00  ~ $0.00 ,N/A,N/A,N/A,N/A,N/A
Shopping (Legacy),Food & Drink,Canada,N/A,$0.00  ~ $0.00 ,N/A,N/A,N/A,N/A,N/A
Shopping (Legacy),Camping,United States,N/A,$0.00  ~ $0.00 ,N/A,N/A,N/A,N/A,N/A
Shopping (Legacy),Exercise,United States,N/A,$0.00  ~ $0.00 ,N/A,N/A,N/A,N/A,N/A
Shopping (Legacy),Exercise,Canada,N/A,$0.00  ~ $0.00 ,N/A,N/A,N/A,N/A,N/A
Shopping (Legacy),Senior Living,United States,N/A,$0.00  ~ $0.00 ,N/A,N/A,N/A,N/A,N/A
Shopping (Legacy),Senior Living,Canada,N/A,$0.00  ~ $0.00 ,N/A,N/A,N/A,N/A,N/A
Shopping (Legacy),Movies,United States,N/A,$0.00  ~ $0.00 ,N/A,N/A,N/A,N/A,N/A
Shopping (Legacy),Homework/Study Tips,United States,N/A,$0.00  ~ $0.00 ,N/A,N/A,N/A,N/A,N/A
Shopping (Legacy),Bed & Breakfasts,United States,N/A,$0.00  ~ $0.00 ,N/A,N/A,N/A,N/A,N/A
Shopping (Legacy),Bed & Breakfasts,Canada,N/A,$0.00  ~ $0.00 ,N/A,N/A,N/A,N/A,N/A
Shopping (Legacy),Coffee/Tea,United States,N/A,$0.00  ~ $0.00 ,N/A,N/A,N/A,N/A,N/A
Shopping (Legacy),Construction,Canada,N/A,$0.00  ~ $0.00 ,N/A,N/A,N/A,N/A,N/A
Shopping (Legacy),Construction,United States,N/A,$0.00  ~ $0.00 ,N/A,N/A,N/A,N/A,N/A
Shopping (Legacy),Network Security,United States,N/A,$0.00  ~ $0.00 ,N/A,N/A,N/A,N/A,N/A
Shopping (Legacy),Tax Planning,United States,N/A,$0.00  ~ $0.00 ,N/A,N/A,N/A,N/A,N/A
Society (Legacy),Cancer,United States,N/A,$0.00  ~ $0.00 ,N/A,N/A,N/A,N/A,N/A
Society (Legacy),Cancer,Canada,N/A,$0.00  ~ $0.00 ,N/A,N/A,N/A,N/A,N/A
Society (Legacy),Radio,United States,N/A,$0.00  ~ $0.00 ,N/A,N/A,N/A,N/A,N/A
Society (Legacy),Off-Road Vehicles,United States,N/A,$0.00  ~ $0.00 ,N/A,N/A,N/A,N/A,N/A
Society (Legacy),Off-Road Vehicles,Canada,N/A,$0.00  ~ $0.00 ,N/A,N/A,N/A,N/A,N/A
Society (Legacy),Real Estate,United States,N/A,$0.00  ~ $0.00 ,N/A,N/A,N/A,N/A,N/A
Society (Legacy),Real Estate,Canada,N/A,$0.00  ~ $0.00 ,N/A,N/A,N/A,N/A,N/A
Society (Legacy),Dining Out,Canada,N/A,$0.00  ~ $0.00 ,N/A,N/A,N/A,N/A,N/A
Society (Legacy),Dining Out,United States,N/A,$0.00  ~ $0.00 ,N/A,N/A,N/A,N/A,N/A
Society (Legacy),K-6 Educators,United States,N/A,$0.00  ~ $0.00 ,N/A,N/A,N/A,N/A,N/A
Society (Legacy),K-6 Educators,Canada,N/A,$0.00  ~ $0.00 ,N/A,N/A,N/A,N/A,N/A
Society (Legacy),Stamps & Coins,United States,N/A,$0.00  ~ $0.00 ,N/A,N/A,N/A,N/A,N/A
Society (Legacy),Football,United States,N/A,$0.00  ~ $0.00 ,N/A,N/A,N/A,N/A,N/A
Society (Legacy),Football,Canada,N/A,$0.00  ~ $0.00 ,N/A,N/A,N/A,N/A,N/A
Society (Legacy),Credit/Debt & Loans,United States,N/A,$0.00  ~ $0.00 ,N/A,N/A,N/A,N/A,N/A
Society (Legacy),Credit/Debt & Loans,Canada,N/A,$0.00  ~ $0.00 ,N/A,N/A,N/A,N/A,N/A
Society (Legacy),Biotech/Biomedical,United States,N/A,$0.00  ~ $0.00 ,N/A,N/A,N/A,N/A,N/A
Society (Legacy),Biotech/Biomedical,Canada,N/A,$0.00  ~ $0.00 ,N/A,N/A,N/A,N/A,N/A
Society (Legacy),Air Travel,United States,N/A,$0.00  ~ $0.00 ,N/A,N/A,N/A,N/A,N/A
Society (Legacy),Air Travel,Canada,N/A,$0.00  ~ $0.00 ,N/A,N/A,N/A,N/A,N/A
Society (Legacy),Agriculture,United States,N/A,$0.00  ~ $0.00 ,N/A,N/A,N/A,N/A,N/A
Society (Legacy),Agriculture,Canada,N/A,$0.00  ~ $0.00 ,N/A,N/A,N/A,N/A,N/A
Society (Legacy),Business,United States,N/A,$0.00  ~ $0.00 ,N/A,N/A,N/A,N/A,N/A
Society (Legacy),Business,Canada,N/A,$0.00  ~ $0.00 ,N/A,N/A,N/A,N/A,N/A
Society (Legacy),Home & Garden,United States,N/A,$0.00  ~ $0.00 ,N/A,N/A,N/A,N/A,N/A
Society (Legacy),Home & Garden,Canada,N/A,$0.00  ~ $0.00 ,N/A,N/A,N/A,N/A,N/A
Society (Legacy),Arts & Crafts,United States,N/A,$0.00  ~ $0.00 ,N/A,N/A,N/A,N/A,N/A
Society (Legacy),Family & Parenting,United States,N/A,$0.00  ~ $0.00 ,N/A,N/A,N/A,N/A,N/A
Society (Legacy),Family & Parenting,Canada,N/A,$0.00  ~ $0.00 ,N/A,N/A,N/A,N/A,N/A
Society (Legacy),"Law, Gov't & Politics",United States,N/A,$0.00  ~ $0.00 ,N/A,N/A,N/A,N/A,N/A
Society (Legacy),"Law, Gov't & Politics",Canada,N/A,$0.00  ~ $0.00 ,N/A,N/A,N/A,N/A,N/A
Society (Legacy),Retirement Planning,United States,N/A,$0.00  ~ $0.00 ,N/A,N/A,N/A,N/A,N/A
Society (Legacy),Camping,United States,N/A,$0.00  ~ $0.00 ,N/A,N/A,N/A,N/A,N/A
Society (Legacy),Shopping,United States,N/A,$0.00  ~ $0.00 ,N/A,N/A,N/A,N/A,N/A
Society (Legacy),Shopping,Canada,N/A,$0.00  ~ $0.00 ,N/A,N/A,N/A,N/A,N/A
Society (Legacy),Commentary,United States,N/A,$0.00  ~ $0.00 ,N/A,N/A,N/A,N/A,N/A
Society (Legacy),Adventure Travel,United States,N/A,$0.00  ~ $0.00 ,N/A,N/A,N/A,N/A,N/A
Society (Legacy),Cuisine-Specific,United States,N/A,$0.00  ~ $0.00 ,N/A,N/A,N/A,N/A,N/A
Society (Legacy),Food & Drink,United States,N/A,$0.00  ~ $0.00 ,N/A,N/A,N/A,N/A,N/A
Society (Legacy),Food & Drink,Canada,N/A,$0.00  ~ $0.00 ,N/A,N/A,N/A,N/A,N/A
Society (Legacy),Cocktails/Beer,United States,N/A,$0.00  ~ $0.00 ,N/A,N/A,N/A,N/A,N/A
Society (Legacy),Cocktails/Beer,Canada,N/A,$0.00  ~ $0.00 ,N/A,N/A,N/A,N/A,N/A
Society (Legacy),U.S. Military,United States,N/A,$0.00  ~ $0.00 ,N/A,N/A,N/A,N/A,N/A
Society (Legacy),Books & Literature,United States,N/A,$0.00  ~ $0.00 ,N/A,N/A,N/A,N/A,N/A
Society (Legacy),Books & Literature,Canada,N/A,$0.00  ~ $0.00 ,N/A,N/A,N/A,N/A,N/A
Society (Legacy),By US Locale,United States,N/A,$0.00  ~ $0.00 ,N/A,N/A,N/A,N/A,N/A
Society (Legacy),Gardening,United States,N/A,$0.00  ~ $0.00 ,N/A,N/A,N/A,N/A,N/A
Society (Legacy),Gardening,Canada,N/A,$0.00  ~ $0.00 ,N/A,N/A,N/A,N/A,N/A
Society (Legacy),Investing,United States,N/A,$0.00  ~ $0.00 ,N/A,N/A,N/A,N/A,N/A
Society (Legacy),Investing,Canada,N/A,$0.00  ~ $0.00 ,N/A,N/A,N/A,N/A,N/A
Society (Legacy),Beauty,United States,N/A,$0.00  ~ $0.00 ,N/A,N/A,N/A,N/A,N/A
Society (Legacy),Beauty,Canada,N/A,$0.00  ~ $0.00 ,N/A,N/A,N/A,N/A,N/A
Society (Legacy),Music,United States,N/A,$0.00  ~ $0.00 ,N/A,N/A,N/A,N/A,N/A
Society (Legacy),Music,Canada,N/A,$0.00  ~ $0.00 ,N/A,N/A,N/A,N/A,N/A
Society (Legacy),Hotels,United States,N/A,$0.00  ~ $0.00 ,N/A,N/A,N/A,N/A,N/A
Society (Legacy),Hotels,Canada,N/A,$0.00  ~ $0.00 ,N/A,N/A,N/A,N/A,N/A
Society (Legacy),Advertising,United States,N/A,$0.00  ~ $0.00 ,N/A,N/A,N/A,N/A,N/A
Society (Legacy),Advertising,Canada,N/A,$0.00  ~ $0.00 ,N/A,N/A,N/A,N/A,N/A
Society (Legacy),Motorcycles,United States,N/A,$0.00  ~ $0.00 ,N/A,N/A,N/A,N/A,N/A
Society (Legacy),Motorcycles,Canada,N/A,$0.00  ~ $0.00 ,N/A,N/A,N/A,N/A,N/A
Society (Legacy),Careers,United States,N/A,$0.00  ~ $0.00 ,N/A,N/A,N/A,N/A,N/A
Society (Legacy),Careers,Canada,N/A,$0.00  ~ $0.00 ,N/A,N/A,N/A,N/A,N/A
Society (Legacy),Auto Parts,United States,N/A,$0.00  ~ $0.00 ,N/A,N/A,N/A,N/A,N/A
Society (Legacy),Auto Parts,Canada,N/A,$0.00  ~ $0.00 ,N/A,N/A,N/A,N/A,N/A
Society (Legacy),Computer Networking,United States,N/A,$0.00  ~ $0.00 ,N/A,N/A,N/A,N/A,N/A
Society (Legacy),Local News,United States,N/A,$0.00  ~ $0.00 ,N/A,N/A,N/A,N/A,N/A
Society (Legacy),Weddings,United States,N/A,$0.00  ~ $0.00 ,N/A,N/A,N/A,N/A,N/A
Society (Legacy),Weddings,Canada,N/A,$0.00  ~ $0.00 ,N/A,N/A,N/A,N/A,N/A
Society (Legacy),Swimming,United States,N/A,$0.00  ~ $0.00 ,N/A,N/A,N/A,N/A,N/A
Society (Legacy),Insurance,United States,N/A,$0.00  ~ $0.00 ,N/A,N/A,N/A,N/A,N/A
Society (Legacy),Insurance,Canada,N/A,$0.00  ~ $0.00 ,N/A,N/A,N/A,N/A,N/A
Society (Legacy),Cameras & Camcorders,United States,N/A,$0.00  ~ $0.00 ,N/A,N/A,N/A,N/A,N/A
Society (Legacy),Cameras & Camcorders,Canada,N/A,$0.00  ~ $0.00 ,N/A,N/A,N/A,N/A,N/A
Society (Legacy),Adult Education,United States,N/A,$0.00  ~ $0.00 ,N/A,N/A,N/A,N/A,N/A
Society (Legacy),Alternative Religions,United States,N/A,$0.00  ~ $0.00 ,N/A,N/A,N/A,N/A,N/A
Society (Legacy),Financial Aid,United States,N/A,$0.00  ~ $0.00 ,N/A,N/A,N/A,N/A,N/A
Society (Legacy),Mountain Biking,United States,N/A,$0.00  ~ $0.00 ,N/A,N/A,N/A,N/A,N/A
Society (Legacy),Mountain Biking,Canada,N/A,$0.00  ~ $0.00 ,N/A,N/A,N/A,N/A,N/A
Society (Legacy),Certified Pre-Owned,United States,N/A,$0.00  ~ $0.00 ,N/A,N/A,N/A,N/A,N/A
Society (Legacy),Buying/Selling Homes,United States,N/A,$0.00  ~ $0.00 ,N/A,N/A,N/A,N/A,N/A
Society (Legacy),Buying/Selling Homes,Canada,N/A,$0.00  ~ $0.00 ,N/A,N/A,N/A,N/A,N/A
Society (Legacy),Investors & Patents,United States,N/A,$0.00  ~ $0.00 ,N/A,N/A,N/A,N/A,N/A
Society (Legacy),Investors & Patents,Canada,N/A,$0.00  ~ $0.00 ,N/A,N/A,N/A,N/A,N/A
Society (Legacy),Health/Lowfat Cooking,Canada,N/A,$0.00  ~ $0.00 ,N/A,N/A,N/A,N/A,N/A
Society (Legacy),Health/Lowfat Cooking,United States,N/A,$0.00  ~ $0.00 ,N/A,N/A,N/A,N/A,N/A
Society (Legacy),Dogs,Canada,N/A,$0.00  ~ $0.00 ,N/A,N/A,N/A,N/A,N/A
Society (Legacy),Dogs,United States,N/A,$0.00  ~ $0.00 ,N/A,N/A,N/A,N/A,N/A
Society (Legacy),Collecting,United States,N/A,$0.00  ~ $0.00 ,N/A,N/A,N/A,N/A,N/A
Society (Legacy),Collecting,Canada,N/A,$0.00  ~ $0.00 ,N/A,N/A,N/A,N/A,N/A
Society (Legacy),Network Security,United States,N/A,$0.00  ~ $0.00 ,N/A,N/A,N/A,N/A,N/A
Society (Legacy),Movies,United States,N/A,$0.00  ~ $0.00 ,N/A,N/A,N/A,N/A,N/A
Society (Legacy),Teens,United States,N/A,$0.00  ~ $0.00 ,N/A,N/A,N/A,N/A,N/A
Society (Legacy),Alternative Medicine,United States,N/A,$0.00  ~ $0.00 ,N/A,N/A,N/A,N/A,N/A
Society (Legacy),Alternative Medicine,Canada,N/A,$0.00  ~ $0.00 ,N/A,N/A,N/A,N/A,N/A
Society (Legacy),Desserts & Baking,United States,N/A,$0.00  ~ $0.00 ,N/A,N/A,N/A,N/A,N/A
Society (Legacy),Desserts & Baking,Canada,N/A,$0.00  ~ $0.00 ,N/A,N/A,N/A,N/A,N/A
Society (Legacy),Landscaping,United States,N/A,$0.00  ~ $0.00 ,N/A,N/A,N/A,N/A,N/A
Society (Legacy),Landscaping,Canada,N/A,$0.00  ~ $0.00 ,N/A,N/A,N/A,N/A,N/A
Society (Legacy),Internet Technology,United States,N/A,$0.00  ~ $0.00 ,N/A,N/A,N/A,N/A,N/A
Society (Legacy),Internet Technology,Canada,N/A,$0.00  ~ $0.00 ,N/A,N/A,N/A,N/A,N/A
Society (Legacy),Forestry,United States,N/A,$0.00  ~ $0.00 ,N/A,N/A,N/A,N/A,N/A
Society (Legacy),Body Art,United States,N/A,$0.00  ~ $0.00 ,N/A,N/A,N/A,N/A,N/A
Society (Legacy),Health & Fitness,Canada,N/A,$0.00  ~ $0.00 ,N/A,N/A,N/A,N/A,N/A
Society (Legacy),Health & Fitness,United States,N/A,$0.00  ~ $0.00 ,N/A,N/A,N/A,N/A,N/A
Society (Legacy),Veterinary Medicine,United States,N/A,$0.00  ~ $0.00 ,N/A,N/A,N/A,N/A,N/A
Society (Legacy),Veterinary Medicine,Canada,N/A,$0.00  ~ $0.00 ,N/A,N/A,N/A,N/A,N/A
Society (Legacy),Style & Fashion,United States,N/A,$0.00  ~ $0.00 ,N/A,N/A,N/A,N/A,N/A
Society (Legacy),Computer Certification,United States,N/A,$0.00  ~ $0.00 ,N/A,N/A,N/A,N/A,N/A
Society (Legacy),Art/Technology,United States,N/A,$0.00  ~ $0.00 ,N/A,N/A,N/A,N/A,N/A
Society (Legacy),Art/Technology,Canada,N/A,$0.00  ~ $0.00 ,N/A,N/A,N/A,N/A,N/A
Society (Legacy),Logistics,United States,N/A,$0.00  ~ $0.00 ,N/A,N/A,N/A,N/A,N/A
Society (Legacy),Logistics,Canada,N/A,$0.00  ~ $0.00 ,N/A,N/A,N/A,N/A,N/A
Society (Legacy),Honeymoons/Getaways,United States,N/A,$0.00  ~ $0.00 ,N/A,N/A,N/A,N/A,N/A
Society (Legacy),Honeymoons/Getaways,Canada,N/A,$0.00  ~ $0.00 ,N/A,N/A,N/A,N/A,N/A
Society (Legacy),Psychology/Psychiatry,United States,N/A,$0.00  ~ $0.00 ,N/A,N/A,N/A,N/A,N/A
Society (Legacy),Psychology/Psychiatry,Canada,N/A,$0.00  ~ $0.00 ,N/A,N/A,N/A,N/A,N/A
Society (Legacy),Graduate School,United States,N/A,$0.00  ~ $0.00 ,N/A,N/A,N/A,N/A,N/A
Society (Legacy),Graduate School,Canada,N/A,$0.00  ~ $0.00 ,N/A,N/A,N/A,N/A,N/A
Society (Legacy),Cigars,United States,N/A,$0.00  ~ $0.00 ,N/A,N/A,N/A,N/A,N/A
Society (Legacy),Sexuality,United States,N/A,$0.00  ~ $0.00 ,N/A,N/A,N/A,N/A,N/A
Society (Legacy),Entertainment,United States,N/A,$0.00  ~ $0.00 ,N/A,N/A,N/A,N/A,N/A
Society (Legacy),Cell Phones,United States,N/A,$0.00  ~ $0.00 ,N/A,N/A,N/A,N/A,N/A
Society (Legacy),Entertaining,United States,N/A,$0.00  ~ $0.00 ,N/A,N/A,N/A,N/A,N/A
Society (Legacy),Guitar,United States,N/A,$0.00  ~ $0.00 ,N/A,N/A,N/A,N/A,N/A
Society (Legacy),Metals,United States,N/A,$0.00  ~ $0.00 ,N/A,N/A,N/A,N/A,N/A
Society (Legacy),Metals,Canada,N/A,$0.00  ~ $0.00 ,N/A,N/A,N/A,N/A,N/A
Society (Legacy),Fine Art,United States,N/A,$0.00  ~ $0.00 ,N/A,N/A,N/A,N/A,N/A
Society (Legacy),Fine Art,Canada,N/A,$0.00  ~ $0.00 ,N/A,N/A,N/A,N/A,N/A
Society (Legacy),Incontinence,United States,N/A,$0.00  ~ $0.00 ,N/A,N/A,N/A,N/A,N/A
Society (Legacy),Coffee/Tea,United States,N/A,$0.00  ~ $0.00 ,N/A,N/A,N/A,N/A,N/A
Society (Legacy),Incest/Abuse Support,United States,N/A,$0.00  ~ $0.00 ,N/A,N/A,N/A,N/A,N/A
Society (Legacy),Incest/Abuse Support,Canada,N/A,$0.00  ~ $0.00 ,N/A,N/A,N/A,N/A,N/A
Society (Legacy),Barbecues & Grilling,Canada,N/A,$0.00  ~ $0.00 ,N/A,N/A,N/A,N/A,N/A
Society (Legacy),Infertility,United States,N/A,$0.00  ~ $0.00 ,N/A,N/A,N/A,N/A,N/A
Society (Legacy),Television,United States,N/A,$0.00  ~ $0.00 ,N/A,N/A,N/A,N/A,N/A
Society (Legacy),Astrology,Canada,N/A,$0.00  ~ $0.00 ,N/A,N/A,N/A,N/A,N/A
Society (Legacy),Exercise,United States,N/A,$0.00  ~ $0.00 ,N/A,N/A,N/A,N/A,N/A
Society (Legacy),Exercise,Canada,N/A,$0.00  ~ $0.00 ,N/A,N/A,N/A,N/A,N/A
Society (Legacy),Chronic Pain,United States,N/A,$0.00  ~ $0.00 ,N/A,N/A,N/A,N/A,N/A
Society (Legacy),U.S. Government Resources,United States,N/A,$0.00  ~ $0.00 ,N/A,N/A,N/A,N/A,N/A
Society (Legacy),Daycare/Pre School,United States,N/A,$0.00  ~ $0.00 ,N/A,N/A,N/A,N/A,N/A
Society (Legacy),Daycare/Pre School,Canada,N/A,$0.00  ~ $0.00 ,N/A,N/A,N/A,N/A,N/A
Society (Legacy),Education,United States,N/A,$0.00  ~ $0.00 ,N/A,N/A,N/A,N/A,N/A
Society (Legacy),Education,Canada,N/A,$0.00  ~ $0.00 ,N/A,N/A,N/A,N/A,N/A
Society (Legacy),Hunting/Shooting,United States,N/A,$0.00  ~ $0.00 ,N/A,N/A,N/A,N/A,N/A
Society (Legacy),Large Animals,United States,N/A,$0.00  ~ $0.00 ,N/A,N/A,N/A,N/A,N/A
Society (Legacy),Politics,United States,N/A,$0.00  ~ $0.00 ,N/A,N/A,N/A,N/A,N/A
Society (Legacy),Politics,Canada,N/A,$0.00  ~ $0.00 ,N/A,N/A,N/A,N/A,N/A
Society (Legacy),Cold & Flu,United States,N/A,$0.00  ~ $0.00 ,N/A,N/A,N/A,N/A,N/A
Society (Legacy),Cold & Flu,Canada,N/A,$0.00  ~ $0.00 ,N/A,N/A,N/A,N/A,N/A
Society (Legacy),Apartments,United States,N/A,$0.00  ~ $0.00 ,N/A,N/A,N/A,N/A,N/A
Society (Legacy),Apartments,Canada,N/A,$0.00  ~ $0.00 ,N/A,N/A,N/A,N/A,N/A
Society (Legacy),Arthritis,United States,N/A,$0.00  ~ $0.00 ,N/A,N/A,N/A,N/A,N/A
Society (Legacy),Religion & Spirituality,United States,N/A,$0.00  ~ $0.00 ,N/A,N/A,N/A,N/A,N/A
Society (Legacy),Remodeling & Construction,United States,N/A,$0.00  ~ $0.00 ,N/A,N/A,N/A,N/A,N/A
Society (Legacy),Remodeling & Construction,Canada,N/A,$0.00  ~ $0.00 ,N/A,N/A,N/A,N/A,N/A
Society (Legacy),Career Planning,United States,N/A,$0.00  ~ $0.00 ,N/A,N/A,N/A,N/A,N/A
Society (Legacy),Career Planning,Canada,N/A,$0.00  ~ $0.00 ,N/A,N/A,N/A,N/A,N/A
Society (Legacy),Appliances,United States,N/A,$0.00  ~ $0.00 ,N/A,N/A,N/A,N/A,N/A
Society (Legacy),Appliances,Canada,N/A,$0.00  ~ $0.00 ,N/A,N/A,N/A,N/A,N/A
Society (Legacy),Tax Planning,United States,N/A,$0.00  ~ $0.00 ,N/A,N/A,N/A,N/A,N/A
Society (Legacy),Language Learning,United States,N/A,$0.00  ~ $0.00 ,N/A,N/A,N/A,N/A,N/A
Society (Legacy),Language Learning,Canada,N/A,$0.00  ~ $0.00 ,N/A,N/A,N/A,N/A,N/A
Society (Legacy),Comparison,United States,N/A,$0.00  ~ $0.00 ,N/A,N/A,N/A,N/A,N/A
Society (Legacy),Buying/Selling Cars,United States,N/A,$0.00  ~ $0.00 ,N/A,N/A,N/A,N/A,N/A
Society (Legacy),Buying/Selling Cars,Canada,N/A,$0.00  ~ $0.00 ,N/A,N/A,N/A,N/A,N/A
Society (Legacy),Marketing,Canada,N/A,$0.00  ~ $0.00 ,N/A,N/A,N/A,N/A,N/A
Society (Legacy),Marketing,United States,N/A,$0.00  ~ $0.00 ,N/A,N/A,N/A,N/A,N/A
Society (Legacy),Construction,Canada,N/A,$0.00  ~ $0.00 ,N/A,N/A,N/A,N/A,N/A
Society (Legacy),Construction,United States,N/A,$0.00  ~ $0.00 ,N/A,N/A,N/A,N/A,N/A
Society (Legacy),Distance Learning,United States,N/A,$0.00  ~ $0.00 ,N/A,N/A,N/A,N/A,N/A
Society (Legacy),Birdwatching,United States,N/A,$0.00  ~ $0.00 ,N/A,N/A,N/A,N/A,N/A
Society (Legacy),Birdwatching,Canada,N/A,$0.00  ~ $0.00 ,N/A,N/A,N/A,N/A,N/A
Society (Legacy),Sailing,United States,N/A,$0.00  ~ $0.00 ,N/A,N/A,N/A,N/A,N/A
Society (Legacy),Contests & Freebies,United States,N/A,$0.00  ~ $0.00 ,N/A,N/A,N/A,N/A,N/A
Society (Legacy),Babies & Toddlers,United States,N/A,$0.00  ~ $0.00 ,N/A,N/A,N/A,N/A,N/A
Society (Legacy),Human Resources,United States,N/A,$0.00  ~ $0.00 ,N/A,N/A,N/A,N/A,N/A
Society (Legacy),Human Resources,Canada,N/A,$0.00  ~ $0.00 ,N/A,N/A,N/A,N/A,N/A
Society (Legacy),Weight Loss,United States,N/A,$0.00  ~ $0.00 ,N/A,N/A,N/A,N/A,N/A
Society (Legacy),Senior Living,United States,N/A,$0.00  ~ $0.00 ,N/A,N/A,N/A,N/A,N/A
Society (Legacy),Senior Living,Canada,N/A,$0.00  ~ $0.00 ,N/A,N/A,N/A,N/A,N/A
Society (Legacy),Wine,United States,N/A,$0.00  ~ $0.00 ,N/A,N/A,N/A,N/A,N/A
Society (Legacy),Scholarships,United States,N/A,$0.00  ~ $0.00 ,N/A,N/A,N/A,N/A,N/A
Society (Legacy),Government,United States,N/A,$0.00  ~ $0.00 ,N/A,N/A,N/A,N/A,N/A
Society (Legacy),Government,Canada,N/A,$0.00  ~ $0.00 ,N/A,N/A,N/A,N/A,N/A
Society (Legacy),Travel,United States,N/A,$0.00  ~ $0.00 ,N/A,N/A,N/A,N/A,N/A
Society (Legacy),Travel,Canada,N/A,$0.00  ~ $0.00 ,N/A,N/A,N/A,N/A,N/A
Society (Legacy),Catholicism,United States,N/A,$0.00  ~ $0.00 ,N/A,N/A,N/A,N/A,N/A
Society (Legacy),Automotive,Canada,N/A,$0.00  ~ $0.00 ,N/A,N/A,N/A,N/A,N/A
Society (Legacy),Automotive,United States,N/A,$0.00  ~ $0.00 ,N/A,N/A,N/A,N/A,N/A
Society (Legacy),College,United States,N/A,$0.00  ~ $0.00 ,N/A,N/A,N/A,N/A,N/A
Society (Legacy),College,Canada,N/A,$0.00  ~ $0.00 ,N/A,N/A,N/A,N/A,N/A
Society (Legacy),Interior Decorating,United States,N/A,$0.00  ~ $0.00 ,N/A,N/A,N/A,N/A,N/A
Society (Legacy),Interior Decorating,Canada,N/A,$0.00  ~ $0.00 ,N/A,N/A,N/A,N/A,N/A
Society (Legacy),Clothing,United States,N/A,$0.00  ~ $0.00 ,N/A,N/A,N/A,N/A,N/A
Society (Legacy),Clothing,Canada,N/A,$0.00  ~ $0.00 ,N/A,N/A,N/A,N/A,N/A
Society (Legacy),Physical Therapy,United States,N/A,$0.00  ~ $0.00 ,N/A,N/A,N/A,N/A,N/A
Society (Legacy),Physical Therapy,Canada,N/A,$0.00  ~ $0.00 ,N/A,N/A,N/A,N/A,N/A
Society (Legacy),Parenting - K-6 Kids,United States,N/A,$0.00  ~ $0.00 ,N/A,N/A,N/A,N/A,N/A
Society (Legacy),Net Conferencing,United States,N/A,$0.00  ~ $0.00 ,N/A,N/A,N/A,N/A,N/A
Society (Legacy),Net Conferencing,Canada,N/A,$0.00  ~ $0.00 ,N/A,N/A,N/A,N/A,N/A
Society (Legacy),Dermatology,United States,N/A,$0.00  ~ $0.00 ,N/A,N/A,N/A,N/A,N/A
Society (Legacy),Dermatology,Canada,N/A,$0.00  ~ $0.00 ,N/A,N/A,N/A,N/A,N/A
Society (Legacy),Hobbies & Interests,United States,N/A,$0.00  ~ $0.00 ,N/A,N/A,N/A,N/A,N/A
Society (Legacy),Hobbies & Interests,Canada,N/A,$0.00  ~ $0.00 ,N/A,N/A,N/A,N/A,N/A
Society (Legacy),Cruises,United States,N/A,$0.00  ~ $0.00 ,N/A,N/A,N/A,N/A,N/A
Society (Legacy),Cruises,Canada,N/A,$0.00  ~ $0.00 ,N/A,N/A,N/A,N/A,N/A
Society (Legacy),Job Search,United States,N/A,$0.00  ~ $0.00 ,N/A,N/A,N/A,N/A,N/A
Society (Legacy),Job Search,Canada,N/A,$0.00  ~ $0.00 ,N/A,N/A,N/A,N/A,N/A
Society (Legacy),Road-Side Assistance,United States,N/A,$0.00  ~ $0.00 ,N/A,N/A,N/A,N/A,N/A
Society (Legacy),Electric Vehicle,Canada,N/A,$0.00  ~ $0.00 ,N/A,N/A,N/A,N/A,N/A
Society (Legacy),Homework/Study Tips,United States,N/A,$0.00  ~ $0.00 ,N/A,N/A,N/A,N/A,N/A
Society (Legacy),Martial Arts,United States,N/A,$0.00  ~ $0.00 ,N/A,N/A,N/A,N/A,N/A
Society (Legacy),Italian Cuisine,United States,N/A,$0.00  ~ $0.00 ,N/A,N/A,N/A,N/A,N/A
Society (Legacy),Accessories,United States,N/A,$0.00  ~ $0.00 ,N/A,N/A,N/A,N/A,N/A
Society (Legacy),Environmental Safety,United States,N/A,$0.00  ~ $0.00 ,N/A,N/A,N/A,N/A,N/A
Society (Legacy),Theme Parks,United States,N/A,$0.00  ~ $0.00 ,N/A,N/A,N/A,N/A,N/A
Society (Legacy),Theme Parks,Canada,N/A,$0.00  ~ $0.00 ,N/A,N/A,N/A,N/A,N/A
Society (Legacy),Jewelry,United States,N/A,$0.00  ~ $0.00 ,N/A,N/A,N/A,N/A,N/A
Society (Legacy),Jewelry,Canada,N/A,$0.00  ~ $0.00 ,N/A,N/A,N/A,N/A,N/A
Society (Legacy),Mutual Funds,United States,N/A,$0.00  ~ $0.00 ,N/A,N/A,N/A,N/A,N/A
Society (Legacy),Mutual Funds,Canada,N/A,$0.00  ~ $0.00 ,N/A,N/A,N/A,N/A,N/A
Society (Legacy),Couponing,United States,N/A,$0.00  ~ $0.00 ,N/A,N/A,N/A,N/A,N/A
Society (Legacy),Couponing,Canada,N/A,$0.00  ~ $0.00 ,N/A,N/A,N/A,N/A,N/A
Society (Legacy),Technology & Computing,United States,N/A,$0.00  ~ $0.00 ,N/A,N/A,N/A,N/A,N/A
Society (Legacy),Technology & Computing,Canada,N/A,$0.00  ~ $0.00 ,N/A,N/A,N/A,N/A,N/A
Society (Legacy),Pets,United States,N/A,$0.00  ~ $0.00 ,N/A,N/A,N/A,N/A,N/A
Society (Legacy),Pets,Canada,N/A,$0.00  ~ $0.00 ,N/A,N/A,N/A,N/A,N/A
Society (Legacy),Personal Finance,United States,N/A,$0.00  ~ $0.00 ,N/A,N/A,N/A,N/A,N/A
Society (Legacy),Personal Finance,Canada,N/A,$0.00  ~ $0.00 ,N/A,N/A,N/A,N/A,N/A
Society (Legacy),Home Repair,Canada,N/A,$0.00  ~ $0.00 ,N/A,N/A,N/A,N/A,N/A
Society (Legacy),Home Repair,United States,N/A,$0.00  ~ $0.00 ,N/A,N/A,N/A,N/A,N/A
Society (Legacy),Dental Care,United States,N/A,$0.00  ~ $0.00 ,N/A,N/A,N/A,N/A,N/A
Society (Legacy),Dental Care,Canada,N/A,$0.00  ~ $0.00 ,N/A,N/A,N/A,N/A,N/A
Society (Legacy),Thyroid Disease,United States,N/A,$0.00  ~ $0.00 ,N/A,N/A,N/A,N/A,N/A
Society (Legacy),Fashion,United States,N/A,$0.00  ~ $0.00 ,N/A,N/A,N/A,N/A,N/A
Society (Legacy),Home Theater,United States,N/A,$0.00  ~ $0.00 ,N/A,N/A,N/A,N/A,N/A
Society (Legacy),Legal Issues,Canada,N/A,$0.00  ~ $0.00 ,N/A,N/A,N/A,N/A,N/A
Society (Legacy),Legal Issues,United States,N/A,$0.00  ~ $0.00 ,N/A,N/A,N/A,N/A,N/A
Society (Legacy),Arts & Entertainment,United States,N/A,$0.00  ~ $0.00 ,N/A,N/A,N/A,N/A,N/A
Society (Legacy),Arts & Entertainment,Canada,N/A,$0.00  ~ $0.00 ,N/A,N/A,N/A,N/A,N/A
Society (Legacy),Trucks & Accessories,United States,N/A,$0.00  ~ $0.00 ,N/A,N/A,N/A,N/A,N/A
Society (Legacy),Senor Health,United States,N/A,$0.00  ~ $0.00 ,N/A,N/A,N/A,N/A,N/A
Society (Legacy),Senor Health,Canada,N/A,$0.00  ~ $0.00 ,N/A,N/A,N/A,N/A,N/A
Society (Legacy),Pediatrics,United States,N/A,$0.00  ~ $0.00 ,N/A,N/A,N/A,N/A,N/A
Society (Legacy),Business Software,United States,N/A,$0.00  ~ $0.00 ,N/A,N/A,N/A,N/A,N/A
Society (Legacy),Business Software,Canada,N/A,$0.00  ~ $0.00 ,N/A,N/A,N/A,N/A,N/A
Society (Legacy),Green Solutions,United States,N/A,$0.00  ~ $0.00 ,N/A,N/A,N/A,N/A,N/A
Society (Legacy),Green Solutions,Canada,N/A,$0.00  ~ $0.00 ,N/A,N/A,N/A,N/A,N/A
Society (Legacy),Bed & Breakfasts,United States,N/A,$0.00  ~ $0.00 ,N/A,N/A,N/A,N/A,N/A
Society (Legacy),Bed & Breakfasts,Canada,N/A,$0.00  ~ $0.00 ,N/A,N/A,N/A,N/A,N/A
Society (Legacy),Card Games,United States,N/A,$0.00  ~ $0.00 ,N/A,N/A,N/A,N/A,N/A
Society (Legacy),Card Games,Canada,N/A,$0.00  ~ $0.00 ,N/A,N/A,N/A,N/A,N/A
Society (Legacy),Pro Basketball,United States,N/A,$0.00  ~ $0.00 ,N/A,N/A,N/A,N/A,N/A
Society (Legacy),Nutrition,United States,N/A,$0.00  ~ $0.00 ,N/A,N/A,N/A,N/A,N/A
Society (Legacy),Nutrition,Canada,N/A,$0.00  ~ $0.00 ,N/A,N/A,N/A,N/A,N/A
Society (Legacy),Roleplaying Games,United States,N/A,$0.00  ~ $0.00 ,N/A,N/A,N/A,N/A,N/A
Society (Legacy),Video & Computer Games,United States,N/A,$0.00  ~ $0.00 ,N/A,N/A,N/A,N/A,N/A
Society (Legacy),Computer Peripherals,United States,N/A,$0.00  ~ $0.00 ,N/A,N/A,N/A,N/A,N/A
Society (Legacy),Computer Peripherals,Canada,N/A,$0.00  ~ $0.00 ,N/A,N/A,N/A,N/A,N/A
Society (Legacy),Stocks,United States,N/A,$0.00  ~ $0.00 ,N/A,N/A,N/A,N/A,N/A
Society (Legacy),Auto Repair,United States,N/A,$0.00  ~ $0.00 ,N/A,N/A,N/A,N/A,N/A
Society (Legacy),Auto Repair,Canada,N/A,$0.00  ~ $0.00 ,N/A,N/A,N/A,N/A,N/A
Society (Legacy),News,United States,N/A,$0.00  ~ $0.00 ,N/A,N/A,N/A,N/A,N/A
Society (Legacy),News,Canada,N/A,$0.00  ~ $0.00 ,N/A,N/A,N/A,N/A,N/A
Sports (Legacy),Health & Fitness,United States,N/A,$0.00  ~ $0.00 ,N/A,N/A,N/A,N/A,N/A
Sports (Legacy),Health & Fitness,Canada,N/A,$0.00  ~ $0.00 ,N/A,N/A,N/A,N/A,N/A
Sports (Legacy),Art/Technology,United States,N/A,$0.00  ~ $0.00 ,N/A,N/A,N/A,N/A,N/A
Sports (Legacy),Art/Technology,Canada,N/A,$0.00  ~ $0.00 ,N/A,N/A,N/A,N/A,N/A
Sports (Legacy),Environmental Safety,United States,N/A,$0.00  ~ $0.00 ,N/A,N/A,N/A,N/A,N/A
Sports (Legacy),Cell Phones,United States,N/A,$0.00  ~ $0.00 ,N/A,N/A,N/A,N/A,N/A
Sports (Legacy),Catholicism,United States,N/A,$0.00  ~ $0.00 ,N/A,N/A,N/A,N/A,N/A
Sports (Legacy),Road-Side Assistance,United States,N/A,$0.00  ~ $0.00 ,N/A,N/A,N/A,N/A,N/A
Sports (Legacy),Certified Pre-Owned,United States,N/A,$0.00  ~ $0.00 ,N/A,N/A,N/A,N/A,N/A
Sports (Legacy),Cruises,United States,N/A,$0.00  ~ $0.00 ,N/A,N/A,N/A,N/A,N/A
Sports (Legacy),Cruises,Canada,N/A,$0.00  ~ $0.00 ,N/A,N/A,N/A,N/A,N/A
Sports (Legacy),Arts & Entertainment,United States,N/A,$0.00  ~ $0.00 ,N/A,N/A,N/A,N/A,N/A
Sports (Legacy),Arts & Entertainment,Canada,N/A,$0.00  ~ $0.00 ,N/A,N/A,N/A,N/A,N/A
Sports (Legacy),Desserts & Baking,United States,N/A,$0.00  ~ $0.00 ,N/A,N/A,N/A,N/A,N/A
Sports (Legacy),Barbecues & Grilling,Canada,N/A,$0.00  ~ $0.00 ,N/A,N/A,N/A,N/A,N/A
Sports (Legacy),Italian Cuisine,United States,N/A,$0.00  ~ $0.00 ,N/A,N/A,N/A,N/A,N/A
Sports (Legacy),Home & Garden,United States,N/A,$0.00  ~ $0.00 ,N/A,N/A,N/A,N/A,N/A
Sports (Legacy),Home & Garden,Canada,N/A,$0.00  ~ $0.00 ,N/A,N/A,N/A,N/A,N/A
Sports (Legacy),Family & Parenting,United States,N/A,$0.00  ~ $0.00 ,N/A,N/A,N/A,N/A,N/A
Sports (Legacy),Family & Parenting,Canada,N/A,$0.00  ~ $0.00 ,N/A,N/A,N/A,N/A,N/A
Sports (Legacy),Careers,Canada,N/A,$0.00  ~ $0.00 ,N/A,N/A,N/A,N/A,N/A
Sports (Legacy),Careers,United States,N/A,$0.00  ~ $0.00 ,N/A,N/A,N/A,N/A,N/A
Sports (Legacy),Fine Art,United States,N/A,$0.00  ~ $0.00 ,N/A,N/A,N/A,N/A,N/A
Sports (Legacy),Fine Art,Canada,N/A,$0.00  ~ $0.00 ,N/A,N/A,N/A,N/A,N/A
Sports (Legacy),Gardening,United States,N/A,$0.00  ~ $0.00 ,N/A,N/A,N/A,N/A,N/A
Sports (Legacy),Gardening,Canada,N/A,$0.00  ~ $0.00 ,N/A,N/A,N/A,N/A,N/A
Sports (Legacy),Pets,United States,N/A,$0.00  ~ $0.00 ,N/A,N/A,N/A,N/A,N/A
Sports (Legacy),Pets,Canada,N/A,$0.00  ~ $0.00 ,N/A,N/A,N/A,N/A,N/A
Sports (Legacy),Dining Out,United States,N/A,$0.00  ~ $0.00 ,N/A,N/A,N/A,N/A,N/A
Sports (Legacy),Dining Out,Canada,N/A,$0.00  ~ $0.00 ,N/A,N/A,N/A,N/A,N/A
Sports (Legacy),Landscaping,United States,N/A,$0.00  ~ $0.00 ,N/A,N/A,N/A,N/A,N/A
Sports (Legacy),Landscaping,Canada,N/A,$0.00  ~ $0.00 ,N/A,N/A,N/A,N/A,N/A
Sports (Legacy),Sailing,United States,N/A,$0.00  ~ $0.00 ,N/A,N/A,N/A,N/A,N/A
Sports (Legacy),Entertaining,United States,N/A,$0.00  ~ $0.00 ,N/A,N/A,N/A,N/A,N/A
Sports (Legacy),Camping,United States,N/A,$0.00  ~ $0.00 ,N/A,N/A,N/A,N/A,N/A
Sports (Legacy),Thyroid Disease,United States,N/A,$0.00  ~ $0.00 ,N/A,N/A,N/A,N/A,N/A
Sports (Legacy),Arts & Crafts,United States,N/A,$0.00  ~ $0.00 ,N/A,N/A,N/A,N/A,N/A
Sports (Legacy),Television,United States,N/A,$0.00  ~ $0.00 ,N/A,N/A,N/A,N/A,N/A
Sports (Legacy),Teens,United States,N/A,$0.00  ~ $0.00 ,N/A,N/A,N/A,N/A,N/A
Sports (Legacy),Language Learning,United States,N/A,$0.00  ~ $0.00 ,N/A,N/A,N/A,N/A,N/A
Sports (Legacy),Real Estate,United States,N/A,$0.00  ~ $0.00 ,N/A,N/A,N/A,N/A,N/A
Sports (Legacy),Real Estate,Canada,N/A,$0.00  ~ $0.00 ,N/A,N/A,N/A,N/A,N/A
Sports (Legacy),Off-Road Vehicles,Canada,N/A,$0.00  ~ $0.00 ,N/A,N/A,N/A,N/A,N/A
Sports (Legacy),Off-Road Vehicles,United States,N/A,$0.00  ~ $0.00 ,N/A,N/A,N/A,N/A,N/A
Sports (Legacy),Net Conferencing,United States,N/A,$0.00  ~ $0.00 ,N/A,N/A,N/A,N/A,N/A
Sports (Legacy),Net Conferencing,Canada,N/A,$0.00  ~ $0.00 ,N/A,N/A,N/A,N/A,N/A
Sports (Legacy),Shopping,Canada,N/A,$0.00  ~ $0.00 ,N/A,N/A,N/A,N/A,N/A
Sports (Legacy),Shopping,United States,N/A,$0.00  ~ $0.00 ,N/A,N/A,N/A,N/A,N/A
Sports (Legacy),Cigars,United States,N/A,$0.00  ~ $0.00 ,N/A,N/A,N/A,N/A,N/A
Sports (Legacy),Computer Peripherals,United States,N/A,$0.00  ~ $0.00 ,N/A,N/A,N/A,N/A,N/A
Sports (Legacy),Computer Peripherals,Canada,N/A,$0.00  ~ $0.00 ,N/A,N/A,N/A,N/A,N/A
Sports (Legacy),Internet Technology,Canada,N/A,$0.00  ~ $0.00 ,N/A,N/A,N/A,N/A,N/A
Sports (Legacy),Internet Technology,United States,N/A,$0.00  ~ $0.00 ,N/A,N/A,N/A,N/A,N/A
Sports (Legacy),Computer Certification,United States,N/A,$0.00  ~ $0.00 ,N/A,N/A,N/A,N/A,N/A
Sports (Legacy),Weddings,United States,N/A,$0.00  ~ $0.00 ,N/A,N/A,N/A,N/A,N/A
Sports (Legacy),Weddings,Canada,N/A,$0.00  ~ $0.00 ,N/A,N/A,N/A,N/A,N/A
Sports (Legacy),Daycare/Pre School,Canada,N/A,$0.00  ~ $0.00 ,N/A,N/A,N/A,N/A,N/A
Sports (Legacy),Daycare/Pre School,United States,N/A,$0.00  ~ $0.00 ,N/A,N/A,N/A,N/A,N/A
Sports (Legacy),Canada,Canada,N/A,$0.00  ~ $0.00 ,N/A,N/A,N/A,N/A,N/A
Sports (Legacy),Politics,United States,N/A,$0.00  ~ $0.00 ,N/A,N/A,N/A,N/A,N/A
Sports (Legacy),Politics,Canada,N/A,$0.00  ~ $0.00 ,N/A,N/A,N/A,N/A,N/A
Sports (Legacy),Metals,United States,N/A,$0.00  ~ $0.00 ,N/A,N/A,N/A,N/A,N/A
Sports (Legacy),Metals,Canada,N/A,$0.00  ~ $0.00 ,N/A,N/A,N/A,N/A,N/A
Sports (Legacy),Graduate School,United States,N/A,$0.00  ~ $0.00 ,N/A,N/A,N/A,N/A,N/A
Sports (Legacy),Graduate School,Canada,N/A,$0.00  ~ $0.00 ,N/A,N/A,N/A,N/A,N/A
Sports (Legacy),Interior Decorating,Canada,N/A,$0.00  ~ $0.00 ,N/A,N/A,N/A,N/A,N/A
Sports (Legacy),Interior Decorating,United States,N/A,$0.00  ~ $0.00 ,N/A,N/A,N/A,N/A,N/A
Sports (Legacy),Senor Health,United States,N/A,$0.00  ~ $0.00 ,N/A,N/A,N/A,N/A,N/A
Sports (Legacy),Senor Health,Canada,N/A,$0.00  ~ $0.00 ,N/A,N/A,N/A,N/A,N/A
Sports (Legacy),Distance Learning,United States,N/A,$0.00  ~ $0.00 ,N/A,N/A,N/A,N/A,N/A
Sports (Legacy),Trucks & Accessories,United States,N/A,$0.00  ~ $0.00 ,N/A,N/A,N/A,N/A,N/A
Sports (Legacy),U.S. Government Resources,United States,N/A,$0.00  ~ $0.00 ,N/A,N/A,N/A,N/A,N/A
Sports (Legacy),Travel,Canada,N/A,$0.00  ~ $0.00 ,N/A,N/A,N/A,N/A,N/A
Sports (Legacy),Travel,United States,N/A,$0.00  ~ $0.00 ,N/A,N/A,N/A,N/A,N/A
Sports (Legacy),Cameras & Camcorders,United States,N/A,$0.00  ~ $0.00 ,N/A,N/A,N/A,N/A,N/A
Sports (Legacy),Cameras & Camcorders,Canada,N/A,$0.00  ~ $0.00 ,N/A,N/A,N/A,N/A,N/A
Sports (Legacy),Cold & Flu,United States,N/A,$0.00  ~ $0.00 ,N/A,N/A,N/A,N/A,N/A
Sports (Legacy),Cold & Flu,Canada,N/A,$0.00  ~ $0.00 ,N/A,N/A,N/A,N/A,N/A
Sports (Legacy),Weight Loss,United States,N/A,$0.00  ~ $0.00 ,N/A,N/A,N/A,N/A,N/A
Sports (Legacy),Contests & Freebies,United States,N/A,$0.00  ~ $0.00 ,N/A,N/A,N/A,N/A,N/A
Sports (Legacy),Movies,United States,N/A,$0.00  ~ $0.00 ,N/A,N/A,N/A,N/A,N/A
Sports (Legacy),Home Theater,United States,N/A,$0.00  ~ $0.00 ,N/A,N/A,N/A,N/A,N/A
Sports (Legacy),Religion & Spirituality,United States,N/A,$0.00  ~ $0.00 ,N/A,N/A,N/A,N/A,N/A
Sports (Legacy),Personal Finance,United States,N/A,$0.00  ~ $0.00 ,N/A,N/A,N/A,N/A,N/A
Sports (Legacy),Personal Finance,Canada,N/A,$0.00  ~ $0.00 ,N/A,N/A,N/A,N/A,N/A
Sports (Legacy),Hobbies & Interests,United States,N/A,$0.00  ~ $0.00 ,N/A,N/A,N/A,N/A,N/A
Sports (Legacy),Hobbies & Interests,Canada,N/A,$0.00  ~ $0.00 ,N/A,N/A,N/A,N/A,N/A
Sports (Legacy),Honeymoons/Getaways,Canada,N/A,$0.00  ~ $0.00 ,N/A,N/A,N/A,N/A,N/A
Sports (Legacy),Honeymoons/Getaways,United States,N/A,$0.00  ~ $0.00 ,N/A,N/A,N/A,N/A,N/A
Sports (Legacy),Entertainment,United States,N/A,$0.00  ~ $0.00 ,N/A,N/A,N/A,N/A,N/A
Sports (Legacy),Stocks,United States,N/A,$0.00  ~ $0.00 ,N/A,N/A,N/A,N/A,N/A
Sports (Legacy),Music,United States,N/A,$0.00  ~ $0.00 ,N/A,N/A,N/A,N/A,N/A
Sports (Legacy),Music,Canada,N/A,$0.00  ~ $0.00 ,N/A,N/A,N/A,N/A,N/A
Sports (Legacy),Green Solutions,United States,N/A,$0.00  ~ $0.00 ,N/A,N/A,N/A,N/A,N/A
Sports (Legacy),Green Solutions,Canada,N/A,$0.00  ~ $0.00 ,N/A,N/A,N/A,N/A,N/A
Sports (Legacy),Video & Computer Games,United States,N/A,$0.00  ~ $0.00 ,N/A,N/A,N/A,N/A,N/A
Sports (Legacy),Technology & Computing,Canada,N/A,$0.00  ~ $0.00 ,N/A,N/A,N/A,N/A,N/A
Sports (Legacy),Technology & Computing,United States,N/A,$0.00  ~ $0.00 ,N/A,N/A,N/A,N/A,N/A
Sports (Legacy),Construction,United States,N/A,$0.00  ~ $0.00 ,N/A,N/A,N/A,N/A,N/A
Sports (Legacy),Construction,Canada,N/A,$0.00  ~ $0.00 ,N/A,N/A,N/A,N/A,N/A
Sports (Legacy),Fashion,United States,N/A,$0.00  ~ $0.00 ,N/A,N/A,N/A,N/A,N/A
Sports (Legacy),Guitar,United States,N/A,$0.00  ~ $0.00 ,N/A,N/A,N/A,N/A,N/A
Sports (Legacy),Mutual Funds,United States,N/A,$0.00  ~ $0.00 ,N/A,N/A,N/A,N/A,N/A
Sports (Legacy),Mutual Funds,Canada,N/A,$0.00  ~ $0.00 ,N/A,N/A,N/A,N/A,N/A
Sports (Legacy),Advertising,Canada,N/A,$0.00  ~ $0.00 ,N/A,N/A,N/A,N/A,N/A
Sports (Legacy),Advertising,United States,N/A,$0.00  ~ $0.00 ,N/A,N/A,N/A,N/A,N/A
Sports (Legacy),Dogs,Canada,N/A,$0.00  ~ $0.00 ,N/A,N/A,N/A,N/A,N/A
Sports (Legacy),Dogs,United States,N/A,$0.00  ~ $0.00 ,N/A,N/A,N/A,N/A,N/A
Sports (Legacy),Cocktails/Beer,United States,N/A,$0.00  ~ $0.00 ,N/A,N/A,N/A,N/A,N/A
Sports (Legacy),Cocktails/Beer,Canada,N/A,$0.00  ~ $0.00 ,N/A,N/A,N/A,N/A,N/A
Sports (Legacy),Incontinence,United States,N/A,$0.00  ~ $0.00 ,N/A,N/A,N/A,N/A,N/A
Sports (Legacy),Insurance,Canada,N/A,$0.00  ~ $0.00 ,N/A,N/A,N/A,N/A,N/A
Sports (Legacy),Insurance,United States,N/A,$0.00  ~ $0.00 ,N/A,N/A,N/A,N/A,N/A
Sports (Legacy),Government,Canada,N/A,$0.00  ~ $0.00 ,N/A,N/A,N/A,N/A,N/A
Sports (Legacy),Government,United States,N/A,$0.00  ~ $0.00 ,N/A,N/A,N/A,N/A,N/A
Sports (Legacy),By US Locale,United States,N/A,$0.00  ~ $0.00 ,N/A,N/A,N/A,N/A,N/A
Sports (Legacy),Electric Vehicle,Canada,N/A,$0.00  ~ $0.00 ,N/A,N/A,N/A,N/A,N/A
Sports (Legacy),Infertility,United States,N/A,$0.00  ~ $0.00 ,N/A,N/A,N/A,N/A,N/A
Sports (Legacy),Education,United States,N/A,$0.00  ~ $0.00 ,N/A,N/A,N/A,N/A,N/A
Sports (Legacy),Education,Canada,N/A,$0.00  ~ $0.00 ,N/A,N/A,N/A,N/A,N/A
Sports (Legacy),Air Travel,United States,N/A,$0.00  ~ $0.00 ,N/A,N/A,N/A,N/A,N/A
Sports (Legacy),Air Travel,Canada,N/A,$0.00  ~ $0.00 ,N/A,N/A,N/A,N/A,N/A
Sports (Legacy),Cancer,United States,N/A,$0.00  ~ $0.00 ,N/A,N/A,N/A,N/A,N/A
Sports (Legacy),Cancer,Canada,N/A,$0.00  ~ $0.00 ,N/A,N/A,N/A,N/A,N/A
Sports (Legacy),Beauty,United States,N/A,$0.00  ~ $0.00 ,N/A,N/A,N/A,N/A,N/A
Sports (Legacy),Beauty,Canada,N/A,$0.00  ~ $0.00 ,N/A,N/A,N/A,N/A,N/A
Sports (Legacy),Style & Fashion,United States,N/A,$0.00  ~ $0.00 ,N/A,N/A,N/A,N/A,N/A
Sports (Legacy),Biotech/Biomedical,United States,N/A,$0.00  ~ $0.00 ,N/A,N/A,N/A,N/A,N/A
Sports (Legacy),Biotech/Biomedical,Canada,N/A,$0.00  ~ $0.00 ,N/A,N/A,N/A,N/A,N/A
Sports (Legacy),Hunting/Shooting,United States,N/A,$0.00  ~ $0.00 ,N/A,N/A,N/A,N/A,N/A
Sports (Legacy),Automotive,United States,N/A,$0.00  ~ $0.00 ,N/A,N/A,N/A,N/A,N/A
Sports (Legacy),Automotive,Canada,N/A,$0.00  ~ $0.00 ,N/A,N/A,N/A,N/A,N/A
Sports (Legacy),Exercise,United States,N/A,$0.00  ~ $0.00 ,N/A,N/A,N/A,N/A,N/A
Sports (Legacy),Exercise,Canada,N/A,$0.00  ~ $0.00 ,N/A,N/A,N/A,N/A,N/A
Sports (Legacy),Auto Parts,United States,N/A,$0.00  ~ $0.00 ,N/A,N/A,N/A,N/A,N/A
Sports (Legacy),Auto Parts,Canada,N/A,$0.00  ~ $0.00 ,N/A,N/A,N/A,N/A,N/A
Sports (Legacy),Alternative Religions,United States,N/A,$0.00  ~ $0.00 ,N/A,N/A,N/A,N/A,N/A
Sports (Legacy),Psychology/Psychiatry,United States,N/A,$0.00  ~ $0.00 ,N/A,N/A,N/A,N/A,N/A
Sports (Legacy),Psychology/Psychiatry,Canada,N/A,$0.00  ~ $0.00 ,N/A,N/A,N/A,N/A,N/A
Sports (Legacy),Alternative Medicine,United States,N/A,$0.00  ~ $0.00 ,N/A,N/A,N/A,N/A,N/A
Sports (Legacy),Alternative Medicine,Canada,N/A,$0.00  ~ $0.00 ,N/A,N/A,N/A,N/A,N/A
Sports (Legacy),Career Planning,United States,N/A,$0.00  ~ $0.00 ,N/A,N/A,N/A,N/A,N/A
Sports (Legacy),Career Planning,Canada,N/A,$0.00  ~ $0.00 ,N/A,N/A,N/A,N/A,N/A
Sports (Legacy),Chronic Pain,United States,N/A,$0.00  ~ $0.00 ,N/A,N/A,N/A,N/A,N/A
Sports (Legacy),Babies & Toddlers,United States,N/A,$0.00  ~ $0.00 ,N/A,N/A,N/A,N/A,N/A
Sports (Legacy),Scholarships,United States,N/A,$0.00  ~ $0.00 ,N/A,N/A,N/A,N/A,N/A
Sports (Legacy),Human Resources,United States,N/A,$0.00  ~ $0.00 ,N/A,N/A,N/A,N/A,N/A
Sports (Legacy),Human Resources,Canada,N/A,$0.00  ~ $0.00 ,N/A,N/A,N/A,N/A,N/A
Sports (Legacy),Buying/Selling Cars,United States,N/A,$0.00  ~ $0.00 ,N/A,N/A,N/A,N/A,N/A
Sports (Legacy),Buying/Selling Cars,Canada,N/A,$0.00  ~ $0.00 ,N/A,N/A,N/A,N/A,N/A
Sports (Legacy),College,United States,N/A,$0.00  ~ $0.00 ,N/A,N/A,N/A,N/A,N/A
Sports (Legacy),College,Canada,N/A,$0.00  ~ $0.00 ,N/A,N/A,N/A,N/A,N/A
Sports (Legacy),Bed & Breakfasts,United States,N/A,$0.00  ~ $0.00 ,N/A,N/A,N/A,N/A,N/A
Sports (Legacy),Sexuality,United States,N/A,$0.00  ~ $0.00 ,N/A,N/A,N/A,N/A,N/A
Sports (Legacy),Sexuality,Canada,N/A,$0.00  ~ $0.00 ,N/A,N/A,N/A,N/A,N/A
Sports (Legacy),Buying/Selling Homes,Canada,N/A,$0.00  ~ $0.00 ,N/A,N/A,N/A,N/A,N/A
Sports (Legacy),Buying/Selling Homes,United States,N/A,$0.00  ~ $0.00 ,N/A,N/A,N/A,N/A,N/A
Sports (Legacy),Tax Planning,United States,N/A,$0.00  ~ $0.00 ,N/A,N/A,N/A,N/A,N/A
Sports (Legacy),Network Security,United States,N/A,$0.00  ~ $0.00 ,N/A,N/A,N/A,N/A,N/A
Sports (Legacy),Business Software,United States,N/A,$0.00  ~ $0.00 ,N/A,N/A,N/A,N/A,N/A
Sports (Legacy),Business Software,Canada,N/A,$0.00  ~ $0.00 ,N/A,N/A,N/A,N/A,N/A
Sports (Legacy),Card Games,United States,N/A,$0.00  ~ $0.00 ,N/A,N/A,N/A,N/A,N/A
Sports (Legacy),Card Games,Canada,N/A,$0.00  ~ $0.00 ,N/A,N/A,N/A,N/A,N/A
Sports (Legacy),Logistics,United States,N/A,$0.00  ~ $0.00 ,N/A,N/A,N/A,N/A,N/A
Sports (Legacy),Logistics,Canada,N/A,$0.00  ~ $0.00 ,N/A,N/A,N/A,N/A,N/A
Sports (Legacy),Health/Lowfat Cooking,United States,N/A,$0.00  ~ $0.00 ,N/A,N/A,N/A,N/A,N/A
Sports (Legacy),Health/Lowfat Cooking,Canada,N/A,$0.00  ~ $0.00 ,N/A,N/A,N/A,N/A,N/A
Sports (Legacy),U.S. Military,United States,N/A,$0.00  ~ $0.00 ,N/A,N/A,N/A,N/A,N/A
Sports (Legacy),Mountain Biking,United States,N/A,$0.00  ~ $0.00 ,N/A,N/A,N/A,N/A,N/A
Sports (Legacy),Mountain Biking,Canada,N/A,$0.00  ~ $0.00 ,N/A,N/A,N/A,N/A,N/A
Sports (Legacy),Homework/Study Tips,United States,N/A,$0.00  ~ $0.00 ,N/A,N/A,N/A,N/A,N/A
Sports (Legacy),Horse Racing,Canada,N/A,$0.00  ~ $0.00 ,N/A,N/A,N/A,N/A,N/A
Sports (Legacy),Nutrition,United States,N/A,$0.00  ~ $0.00 ,N/A,N/A,N/A,N/A,N/A
Sports (Legacy),Nutrition,Canada,N/A,$0.00  ~ $0.00 ,N/A,N/A,N/A,N/A,N/A
Sports (Legacy),Computer Networking,United States,N/A,$0.00  ~ $0.00 ,N/A,N/A,N/A,N/A,N/A
Sports (Legacy),Dental Care,United States,N/A,$0.00  ~ $0.00 ,N/A,N/A,N/A,N/A,N/A
Sports (Legacy),Dental Care,Canada,N/A,$0.00  ~ $0.00 ,N/A,N/A,N/A,N/A,N/A
Sports (Legacy),Football,United States,N/A,$0.00  ~ $0.00 ,N/A,N/A,N/A,N/A,N/A
Sports (Legacy),Football,Canada,N/A,$0.00  ~ $0.00 ,N/A,N/A,N/A,N/A,N/A
Sports (Legacy),News,Canada,N/A,$0.00  ~ $0.00 ,N/A,N/A,N/A,N/A,N/A
Sports (Legacy),News,United States,N/A,$0.00  ~ $0.00 ,N/A,N/A,N/A,N/A,N/A
Sports (Legacy),Radio,United States,N/A,$0.00  ~ $0.00 ,N/A,N/A,N/A,N/A,N/A
Sports (Legacy),Motorcycles,United States,N/A,$0.00  ~ $0.00 ,N/A,N/A,N/A,N/A,N/A
Sports (Legacy),Motorcycles,Canada,N/A,$0.00  ~ $0.00 ,N/A,N/A,N/A,N/A,N/A
Sports (Legacy),Pediatrics,United States,N/A,$0.00  ~ $0.00 ,N/A,N/A,N/A,N/A,N/A
Sports (Legacy),Veterinary Medicine,United States,N/A,$0.00  ~ $0.00 ,N/A,N/A,N/A,N/A,N/A
Sports (Legacy),Veterinary Medicine,Canada,N/A,$0.00  ~ $0.00 ,N/A,N/A,N/A,N/A,N/A
Sports (Legacy),Swimming,United States,N/A,$0.00  ~ $0.00 ,N/A,N/A,N/A,N/A,N/A
Sports (Legacy),Cuisine-Specific,United States,N/A,$0.00  ~ $0.00 ,N/A,N/A,N/A,N/A,N/A
Sports (Legacy),Comparison,United States,N/A,$0.00  ~ $0.00 ,N/A,N/A,N/A,N/A,N/A
Sports (Legacy),Forestry,United States,N/A,$0.00  ~ $0.00 ,N/A,N/A,N/A,N/A,N/A
Sports (Legacy),Stamps & Coins,United States,N/A,$0.00  ~ $0.00 ,N/A,N/A,N/A,N/A,N/A
Sports (Legacy),Hotels,United States,N/A,$0.00  ~ $0.00 ,N/A,N/A,N/A,N/A,N/A
Sports (Legacy),Hotels,Canada,N/A,$0.00  ~ $0.00 ,N/A,N/A,N/A,N/A,N/A
Sports (Legacy),Food & Drink,United States,N/A,$0.00  ~ $0.00 ,N/A,N/A,N/A,N/A,N/A
Sports (Legacy),Food & Drink,Canada,N/A,$0.00  ~ $0.00 ,N/A,N/A,N/A,N/A,N/A
Sports (Legacy),Auto Repair,United States,N/A,$0.00  ~ $0.00 ,N/A,N/A,N/A,N/A,N/A
Sports (Legacy),Auto Repair,Canada,N/A,$0.00  ~ $0.00 ,N/A,N/A,N/A,N/A,N/A
Sports (Legacy),Collecting,United States,N/A,$0.00  ~ $0.00 ,N/A,N/A,N/A,N/A,N/A
Sports (Legacy),Collecting,Canada,N/A,$0.00  ~ $0.00 ,N/A,N/A,N/A,N/A,N/A
Sports (Legacy),Books & Literature,United States,N/A,$0.00  ~ $0.00 ,N/A,N/A,N/A,N/A,N/A
Sports (Legacy),Books & Literature,Canada,N/A,$0.00  ~ $0.00 ,N/A,N/A,N/A,N/A,N/A
Sports (Legacy),Wine,United States,N/A,$0.00  ~ $0.00 ,N/A,N/A,N/A,N/A,N/A
Sports (Legacy),Parenting - K-6 Kids,United States,N/A,$0.00  ~ $0.00 ,N/A,N/A,N/A,N/A,N/A
Sports (Legacy),Coffee/Tea,United States,N/A,$0.00  ~ $0.00 ,N/A,N/A,N/A,N/A,N/A
Sports (Legacy),Couponing,United States,N/A,$0.00  ~ $0.00 ,N/A,N/A,N/A,N/A,N/A
Sports (Legacy),Couponing,Canada,N/A,$0.00  ~ $0.00 ,N/A,N/A,N/A,N/A,N/A
Sports (Legacy),Accessories,United States,N/A,$0.00  ~ $0.00 ,N/A,N/A,N/A,N/A,N/A
Sports (Legacy),Commentary,United States,N/A,$0.00  ~ $0.00 ,N/A,N/A,N/A,N/A,N/A
Sports (Legacy),Large Animals,United States,N/A,$0.00  ~ $0.00 ,N/A,N/A,N/A,N/A,N/A
Sports (Legacy),Investing,United States,N/A,$0.00  ~ $0.00 ,N/A,N/A,N/A,N/A,N/A
Sports (Legacy),Investing,Canada,N/A,$0.00  ~ $0.00 ,N/A,N/A,N/A,N/A,N/A
Sports (Legacy),Job Search,United States,N/A,$0.00  ~ $0.00 ,N/A,N/A,N/A,N/A,N/A
Sports (Legacy),Job Search,Canada,N/A,$0.00  ~ $0.00 ,N/A,N/A,N/A,N/A,N/A
Sports (Legacy),Adult Education,United States,N/A,$0.00  ~ $0.00 ,N/A,N/A,N/A,N/A,N/A
Sports (Legacy),Adult Education,Canada,N/A,$0.00  ~ $0.00 ,N/A,N/A,N/A,N/A,N/A
Sports (Legacy),Investors & Patents,United States,N/A,$0.00  ~ $0.00 ,N/A,N/A,N/A,N/A,N/A
Sports (Legacy),Investors & Patents,Canada,N/A,$0.00  ~ $0.00 ,N/A,N/A,N/A,N/A,N/A
Sports (Legacy),Martial Arts,United States,N/A,$0.00  ~ $0.00 ,N/A,N/A,N/A,N/A,N/A
Sports (Legacy),Martial Arts,Canada,N/A,$0.00  ~ $0.00 ,N/A,N/A,N/A,N/A,N/A
Sports (Legacy),Astrology,United States,N/A,$0.00  ~ $0.00 ,N/A,N/A,N/A,N/A,N/A
Sports (Legacy),Astrology,Canada,N/A,$0.00  ~ $0.00 ,N/A,N/A,N/A,N/A,N/A
Sports (Legacy),Remodeling & Construction,United States,N/A,$0.00  ~ $0.00 ,N/A,N/A,N/A,N/A,N/A
Sports (Legacy),Remodeling & Construction,Canada,N/A,$0.00  ~ $0.00 ,N/A,N/A,N/A,N/A,N/A
Sports (Legacy),Apartments,Canada,N/A,$0.00  ~ $0.00 ,N/A,N/A,N/A,N/A,N/A
Sports (Legacy),Apartments,United States,N/A,$0.00  ~ $0.00 ,N/A,N/A,N/A,N/A,N/A
Sports (Legacy),Appliances,Canada,N/A,$0.00  ~ $0.00 ,N/A,N/A,N/A,N/A,N/A
Sports (Legacy),Appliances,United States,N/A,$0.00  ~ $0.00 ,N/A,N/A,N/A,N/A,N/A
Sports (Legacy),Physical Therapy,United States,N/A,$0.00  ~ $0.00 ,N/A,N/A,N/A,N/A,N/A
Sports (Legacy),Physical Therapy,Canada,N/A,$0.00  ~ $0.00 ,N/A,N/A,N/A,N/A,N/A
Sports (Legacy),Roleplaying Games,United States,N/A,$0.00  ~ $0.00 ,N/A,N/A,N/A,N/A,N/A
Sports (Legacy),Legal Issues,United States,N/A,$0.00  ~ $0.00 ,N/A,N/A,N/A,N/A,N/A
Sports (Legacy),Legal Issues,Canada,N/A,$0.00  ~ $0.00 ,N/A,N/A,N/A,N/A,N/A
Sports (Legacy),K-6 Educators,United States,N/A,$0.00  ~ $0.00 ,N/A,N/A,N/A,N/A,N/A
Sports (Legacy),K-6 Educators,Canada,N/A,$0.00  ~ $0.00 ,N/A,N/A,N/A,N/A,N/A
Sports (Legacy),Marketing,Canada,N/A,$0.00  ~ $0.00 ,N/A,N/A,N/A,N/A,N/A
Sports (Legacy),Marketing,United States,N/A,$0.00  ~ $0.00 ,N/A,N/A,N/A,N/A,N/A
Sports (Legacy),Senior Living,United States,N/A,$0.00  ~ $0.00 ,N/A,N/A,N/A,N/A,N/A
Sports (Legacy),Senior Living,Canada,N/A,$0.00  ~ $0.00 ,N/A,N/A,N/A,N/A,N/A
Sports (Legacy),Allergies,United States,N/A,$0.00  ~ $0.00 ,N/A,N/A,N/A,N/A,N/A
Sports (Legacy),Credit/Debt & Loans,United States,N/A,$0.00  ~ $0.00 ,N/A,N/A,N/A,N/A,N/A
Sports (Legacy),Credit/Debt & Loans,Canada,N/A,$0.00  ~ $0.00 ,N/A,N/A,N/A,N/A,N/A
Sports (Legacy),Adventure Travel,United States,N/A,$0.00  ~ $0.00 ,N/A,N/A,N/A,N/A,N/A
Sports (Legacy),Arthritis,United States,N/A,$0.00  ~ $0.00 ,N/A,N/A,N/A,N/A,N/A
Sports (Legacy),Financial Aid,United States,N/A,$0.00  ~ $0.00 ,N/A,N/A,N/A,N/A,N/A
Sports (Legacy),Incest/Abuse Support,Canada,N/A,$0.00  ~ $0.00 ,N/A,N/A,N/A,N/A,N/A
Sports (Legacy),Incest/Abuse Support,United States,N/A,$0.00  ~ $0.00 ,N/A,N/A,N/A,N/A,N/A
Sports (Legacy),Pro Basketball,United States,N/A,$0.00  ~ $0.00 ,N/A,N/A,N/A,N/A,N/A
Sports (Legacy),Pro Basketball,Canada,N/A,$0.00  ~ $0.00 ,N/A,N/A,N/A,N/A,N/A
Sports (Legacy),Local News,United States,N/A,$0.00  ~ $0.00 ,N/A,N/A,N/A,N/A,N/A
Sports (Legacy),Dermatology,Canada,N/A,$0.00  ~ $0.00 ,N/A,N/A,N/A,N/A,N/A
Sports (Legacy),Dermatology,United States,N/A,$0.00  ~ $0.00 ,N/A,N/A,N/A,N/A,N/A
Sports (Legacy),Home Repair,United States,N/A,$0.00  ~ $0.00 ,N/A,N/A,N/A,N/A,N/A
Sports (Legacy),Home Repair,Canada,N/A,$0.00  ~ $0.00 ,N/A,N/A,N/A,N/A,N/A
Sports (Legacy),Jewelry,United States,N/A,$0.00  ~ $0.00 ,N/A,N/A,N/A,N/A,N/A
Sports (Legacy),Jewelry,Canada,N/A,$0.00  ~ $0.00 ,N/A,N/A,N/A,N/A,N/A
Sports (Legacy),Agriculture,United States,N/A,$0.00  ~ $0.00 ,N/A,N/A,N/A,N/A,N/A
Sports (Legacy),Agriculture,Canada,N/A,$0.00  ~ $0.00 ,N/A,N/A,N/A,N/A,N/A
Sports (Legacy),Birdwatching,United States,N/A,$0.00  ~ $0.00 ,N/A,N/A,N/A,N/A,N/A
Sports (Legacy),Birdwatching,Canada,N/A,$0.00  ~ $0.00 ,N/A,N/A,N/A,N/A,N/A
Sports (Legacy),Business,Canada,N/A,$0.00  ~ $0.00 ,N/A,N/A,N/A,N/A,N/A
Sports (Legacy),Business,United States,N/A,$0.00  ~ $0.00 ,N/A,N/A,N/A,N/A,N/A
Sports (Legacy),Clothing,United States,N/A,$0.00  ~ $0.00 ,N/A,N/A,N/A,N/A,N/A
Sports (Legacy),Clothing,Canada,N/A,$0.00  ~ $0.00 ,N/A,N/A,N/A,N/A,N/A
Sports (Legacy),Retirement Planning,Canada,N/A,$0.00  ~ $0.00 ,N/A,N/A,N/A,N/A,N/A
Sports (Legacy),Retirement Planning,United States,N/A,$0.00  ~ $0.00 ,N/A,N/A,N/A,N/A,N/A
Sports (Legacy),Theme Parks,United States,N/A,$0.00  ~ $0.00 ,N/A,N/A,N/A,N/A,N/A
Sports (Legacy),Theme Parks,Canada,N/A,$0.00  ~ $0.00 ,N/A,N/A,N/A,N/A,N/A
Sports (Legacy),"Law, Gov't & Politics",United States,N/A,$0.00  ~ $0.00 ,N/A,N/A,N/A,N/A,N/A
Style & Fashion (Legacy),Gardening,United States,N/A,$0.00  ~ $0.00 ,N/A,N/A,N/A,N/A,N/A
Style & Fashion (Legacy),Gardening,Canada,N/A,$0.00  ~ $0.00 ,N/A,N/A,N/A,N/A,N/A
Style & Fashion (Legacy),Interior Decorating,United States,N/A,$0.00  ~ $0.00 ,N/A,N/A,N/A,N/A,N/A
Style & Fashion (Legacy),Interior Decorating,Canada,N/A,$0.00  ~ $0.00 ,N/A,N/A,N/A,N/A,N/A
Style & Fashion (Legacy),Biotech/Biomedical,United States,N/A,$0.00  ~ $0.00 ,N/A,N/A,N/A,N/A,N/A
Style & Fashion (Legacy),Biotech/Biomedical,Canada,N/A,$0.00  ~ $0.00 ,N/A,N/A,N/A,N/A,N/A
Style & Fashion (Legacy),Family & Parenting,United States,N/A,$0.00  ~ $0.00 ,N/A,N/A,N/A,N/A,N/A
Style & Fashion (Legacy),Family & Parenting,Canada,N/A,$0.00  ~ $0.00 ,N/A,N/A,N/A,N/A,N/A
Style & Fashion (Legacy),K-6 Educators,United States,N/A,$0.00  ~ $0.00 ,N/A,N/A,N/A,N/A,N/A
Style & Fashion (Legacy),K-6 Educators,Canada,N/A,$0.00  ~ $0.00 ,N/A,N/A,N/A,N/A,N/A
Style & Fashion (Legacy),Agriculture,United States,N/A,$0.00  ~ $0.00 ,N/A,N/A,N/A,N/A,N/A
Style & Fashion (Legacy),Agriculture,Canada,N/A,$0.00  ~ $0.00 ,N/A,N/A,N/A,N/A,N/A
Style & Fashion (Legacy),Internet Technology,United States,N/A,$0.00  ~ $0.00 ,N/A,N/A,N/A,N/A,N/A
Style & Fashion (Legacy),Internet Technology,Canada,N/A,$0.00  ~ $0.00 ,N/A,N/A,N/A,N/A,N/A
Style & Fashion (Legacy),Thyroid Disease,United States,N/A,$0.00  ~ $0.00 ,N/A,N/A,N/A,N/A,N/A
Style & Fashion (Legacy),Trucks & Accessories,United States,N/A,$0.00  ~ $0.00 ,N/A,N/A,N/A,N/A,N/A
Style & Fashion (Legacy),Teens,United States,N/A,$0.00  ~ $0.00 ,N/A,N/A,N/A,N/A,N/A
Style & Fashion (Legacy),Home Theater,United States,N/A,$0.00  ~ $0.00 ,N/A,N/A,N/A,N/A,N/A
Style & Fashion (Legacy),Sexuality,United States,N/A,$0.00  ~ $0.00 ,N/A,N/A,N/A,N/A,N/A
Style & Fashion (Legacy),Sexuality,Canada,N/A,$0.00  ~ $0.00 ,N/A,N/A,N/A,N/A,N/A
Style & Fashion (Legacy),Dental Care,United States,N/A,$0.00  ~ $0.00 ,N/A,N/A,N/A,N/A,N/A
Style & Fashion (Legacy),Dental Care,Canada,N/A,$0.00  ~ $0.00 ,N/A,N/A,N/A,N/A,N/A
Style & Fashion (Legacy),Catholicism,United States,N/A,$0.00  ~ $0.00 ,N/A,N/A,N/A,N/A,N/A
Style & Fashion (Legacy),Dermatology,Canada,N/A,$0.00  ~ $0.00 ,N/A,N/A,N/A,N/A,N/A
Style & Fashion (Legacy),Dermatology,United States,N/A,$0.00  ~ $0.00 ,N/A,N/A,N/A,N/A,N/A
Style & Fashion (Legacy),Fashion,United States,N/A,$0.00  ~ $0.00 ,N/A,N/A,N/A,N/A,N/A
Style & Fashion (Legacy),Stocks,United States,N/A,$0.00  ~ $0.00 ,N/A,N/A,N/A,N/A,N/A
Style & Fashion (Legacy),Insurance,Canada,N/A,$0.00  ~ $0.00 ,N/A,N/A,N/A,N/A,N/A
Style & Fashion (Legacy),Insurance,United States,N/A,$0.00  ~ $0.00 ,N/A,N/A,N/A,N/A,N/A
Style & Fashion (Legacy),Human Resources,United States,N/A,$0.00  ~ $0.00 ,N/A,N/A,N/A,N/A,N/A
Style & Fashion (Legacy),Human Resources,Canada,N/A,$0.00  ~ $0.00 ,N/A,N/A,N/A,N/A,N/A
Style & Fashion (Legacy),Cocktails/Beer,United States,N/A,$0.00  ~ $0.00 ,N/A,N/A,N/A,N/A,N/A
Style & Fashion (Legacy),Cocktails/Beer,Canada,N/A,$0.00  ~ $0.00 ,N/A,N/A,N/A,N/A,N/A
Style & Fashion (Legacy),Senor Health,United States,N/A,$0.00  ~ $0.00 ,N/A,N/A,N/A,N/A,N/A
Style & Fashion (Legacy),Senor Health,Canada,N/A,$0.00  ~ $0.00 ,N/A,N/A,N/A,N/A,N/A
Style & Fashion (Legacy),Homework/Study Tips,United States,N/A,$0.00  ~ $0.00 ,N/A,N/A,N/A,N/A,N/A
Style & Fashion (Legacy),Green Solutions,Canada,N/A,$0.00  ~ $0.00 ,N/A,N/A,N/A,N/A,N/A
Style & Fashion (Legacy),Green Solutions,United States,N/A,$0.00  ~ $0.00 ,N/A,N/A,N/A,N/A,N/A
Style & Fashion (Legacy),Electric Vehicle,Canada,N/A,$0.00  ~ $0.00 ,N/A,N/A,N/A,N/A,N/A
Style & Fashion (Legacy),Business,United States,N/A,$0.00  ~ $0.00 ,N/A,N/A,N/A,N/A,N/A
Style & Fashion (Legacy),Business,Canada,N/A,$0.00  ~ $0.00 ,N/A,N/A,N/A,N/A,N/A
Style & Fashion (Legacy),Art/Technology,United States,N/A,$0.00  ~ $0.00 ,N/A,N/A,N/A,N/A,N/A
Style & Fashion (Legacy),Art/Technology,Canada,N/A,$0.00  ~ $0.00 ,N/A,N/A,N/A,N/A,N/A
Style & Fashion (Legacy),Exercise,United States,N/A,$0.00  ~ $0.00 ,N/A,N/A,N/A,N/A,N/A
Style & Fashion (Legacy),Exercise,Canada,N/A,$0.00  ~ $0.00 ,N/A,N/A,N/A,N/A,N/A
Style & Fashion (Legacy),Technology & Computing,United States,N/A,$0.00  ~ $0.00 ,N/A,N/A,N/A,N/A,N/A
Style & Fashion (Legacy),Technology & Computing,Canada,N/A,$0.00  ~ $0.00 ,N/A,N/A,N/A,N/A,N/A
Style & Fashion (Legacy),Adventure Travel,United States,N/A,$0.00  ~ $0.00 ,N/A,N/A,N/A,N/A,N/A
Style & Fashion (Legacy),Adult Education,United States,N/A,$0.00  ~ $0.00 ,N/A,N/A,N/A,N/A,N/A
Style & Fashion (Legacy),Adult Education,Canada,N/A,$0.00  ~ $0.00 ,N/A,N/A,N/A,N/A,N/A
Style & Fashion (Legacy),Movies,United States,N/A,$0.00  ~ $0.00 ,N/A,N/A,N/A,N/A,N/A
Style & Fashion (Legacy),Style & Fashion,United States,N/A,$0.00  ~ $0.00 ,N/A,N/A,N/A,N/A,N/A
Style & Fashion (Legacy),Automotive,United States,N/A,$0.00  ~ $0.00 ,N/A,N/A,N/A,N/A,N/A
Style & Fashion (Legacy),Automotive,Canada,N/A,$0.00  ~ $0.00 ,N/A,N/A,N/A,N/A,N/A
Style & Fashion (Legacy),Buying/Selling Homes,United States,N/A,$0.00  ~ $0.00 ,N/A,N/A,N/A,N/A,N/A
Style & Fashion (Legacy),Buying/Selling Homes,Canada,N/A,$0.00  ~ $0.00 ,N/A,N/A,N/A,N/A,N/A
Style & Fashion (Legacy),Entertaining,United States,N/A,$0.00  ~ $0.00 ,N/A,N/A,N/A,N/A,N/A
Style & Fashion (Legacy),Comparison,United States,N/A,$0.00  ~ $0.00 ,N/A,N/A,N/A,N/A,N/A
Style & Fashion (Legacy),Coffee/Tea,United States,N/A,$0.00  ~ $0.00 ,N/A,N/A,N/A,N/A,N/A
Style & Fashion (Legacy),Radio,United States,N/A,$0.00  ~ $0.00 ,N/A,N/A,N/A,N/A,N/A
Style & Fashion (Legacy),Parenting - K-6 Kids,United States,N/A,$0.00  ~ $0.00 ,N/A,N/A,N/A,N/A,N/A
Style & Fashion (Legacy),Scholarships,United States,N/A,$0.00  ~ $0.00 ,N/A,N/A,N/A,N/A,N/A
Style & Fashion (Legacy),Health & Fitness,Canada,N/A,$0.00  ~ $0.00 ,N/A,N/A,N/A,N/A,N/A
Style & Fashion (Legacy),Health & Fitness,United States,N/A,$0.00  ~ $0.00 ,N/A,N/A,N/A,N/A,N/A
Style & Fashion (Legacy),Music,United States,N/A,$0.00  ~ $0.00 ,N/A,N/A,N/A,N/A,N/A
Style & Fashion (Legacy),Music,Canada,N/A,$0.00  ~ $0.00 ,N/A,N/A,N/A,N/A,N/A
Style & Fashion (Legacy),Arts & Entertainment,United States,N/A,$0.00  ~ $0.00 ,N/A,N/A,N/A,N/A,N/A
Style & Fashion (Legacy),Arts & Entertainment,Canada,N/A,$0.00  ~ $0.00 ,N/A,N/A,N/A,N/A,N/A
Style & Fashion (Legacy),Bed & Breakfasts,United States,N/A,$0.00  ~ $0.00 ,N/A,N/A,N/A,N/A,N/A
Style & Fashion (Legacy),Bed & Breakfasts,Canada,N/A,$0.00  ~ $0.00 ,N/A,N/A,N/A,N/A,N/A
Style & Fashion (Legacy),Apartments,United States,N/A,$0.00  ~ $0.00 ,N/A,N/A,N/A,N/A,N/A
Style & Fashion (Legacy),Apartments,Canada,N/A,$0.00  ~ $0.00 ,N/A,N/A,N/A,N/A,N/A
Style & Fashion (Legacy),Certified Pre-Owned,United States,N/A,$0.00  ~ $0.00 ,N/A,N/A,N/A,N/A,N/A
Style & Fashion (Legacy),Mountain Biking,Canada,N/A,$0.00  ~ $0.00 ,N/A,N/A,N/A,N/A,N/A
Style & Fashion (Legacy),Mountain Biking,United States,N/A,$0.00  ~ $0.00 ,N/A,N/A,N/A,N/A,N/A
Style & Fashion (Legacy),Large Animals,United States,N/A,$0.00  ~ $0.00 ,N/A,N/A,N/A,N/A,N/A
Style & Fashion (Legacy),Language Learning,United States,N/A,$0.00  ~ $0.00 ,N/A,N/A,N/A,N/A,N/A
Style & Fashion (Legacy),Stamps & Coins,United States,N/A,$0.00  ~ $0.00 ,N/A,N/A,N/A,N/A,N/A
Style & Fashion (Legacy),Network Security,United States,N/A,$0.00  ~ $0.00 ,N/A,N/A,N/A,N/A,N/A
Style & Fashion (Legacy),Tax Planning,United States,N/A,$0.00  ~ $0.00 ,N/A,N/A,N/A,N/A,N/A
Style & Fashion (Legacy),Forestry,United States,N/A,$0.00  ~ $0.00 ,N/A,N/A,N/A,N/A,N/A
Style & Fashion (Legacy),Canada,Canada,N/A,$0.00  ~ $0.00 ,N/A,N/A,N/A,N/A,N/A
Style & Fashion (Legacy),Auto Repair,United States,N/A,$0.00  ~ $0.00 ,N/A,N/A,N/A,N/A,N/A
Style & Fashion (Legacy),Auto Repair,Canada,N/A,$0.00  ~ $0.00 ,N/A,N/A,N/A,N/A,N/A
Style & Fashion (Legacy),Hobbies & Interests,United States,N/A,$0.00  ~ $0.00 ,N/A,N/A,N/A,N/A,N/A
Style & Fashion (Legacy),Hobbies & Interests,Canada,N/A,$0.00  ~ $0.00 ,N/A,N/A,N/A,N/A,N/A
Style & Fashion (Legacy),"Law, Gov't & Politics",United States,N/A,$0.00  ~ $0.00 ,N/A,N/A,N/A,N/A,N/A
Style & Fashion (Legacy),Books & Literature,United States,N/A,$0.00  ~ $0.00 ,N/A,N/A,N/A,N/A,N/A
Style & Fashion (Legacy),Books & Literature,Canada,N/A,$0.00  ~ $0.00 ,N/A,N/A,N/A,N/A,N/A
Style & Fashion (Legacy),Off-Road Vehicles,United States,N/A,$0.00  ~ $0.00 ,N/A,N/A,N/A,N/A,N/A
Style & Fashion (Legacy),Off-Road Vehicles,Canada,N/A,$0.00  ~ $0.00 ,N/A,N/A,N/A,N/A,N/A
Style & Fashion (Legacy),Health/Lowfat Cooking,United States,N/A,$0.00  ~ $0.00 ,N/A,N/A,N/A,N/A,N/A
Style & Fashion (Legacy),Health/Lowfat Cooking,Canada,N/A,$0.00  ~ $0.00 ,N/A,N/A,N/A,N/A,N/A
Style & Fashion (Legacy),Dining Out,United States,N/A,$0.00  ~ $0.00 ,N/A,N/A,N/A,N/A,N/A
Style & Fashion (Legacy),Dining Out,Canada,N/A,$0.00  ~ $0.00 ,N/A,N/A,N/A,N/A,N/A
Style & Fashion (Legacy),Football,United States,N/A,$0.00  ~ $0.00 ,N/A,N/A,N/A,N/A,N/A
Style & Fashion (Legacy),Football,Canada,N/A,$0.00  ~ $0.00 ,N/A,N/A,N/A,N/A,N/A
Style & Fashion (Legacy),Hotels,United States,N/A,$0.00  ~ $0.00 ,N/A,N/A,N/A,N/A,N/A
Style & Fashion (Legacy),Hotels,Canada,N/A,$0.00  ~ $0.00 ,N/A,N/A,N/A,N/A,N/A
Style & Fashion (Legacy),Food & Drink,United States,N/A,$0.00  ~ $0.00 ,N/A,N/A,N/A,N/A,N/A
Style & Fashion (Legacy),Food & Drink,Canada,N/A,$0.00  ~ $0.00 ,N/A,N/A,N/A,N/A,N/A
Style & Fashion (Legacy),Appliances,United States,N/A,$0.00  ~ $0.00 ,N/A,N/A,N/A,N/A,N/A
Style & Fashion (Legacy),Appliances,Canada,N/A,$0.00  ~ $0.00 ,N/A,N/A,N/A,N/A,N/A
Style & Fashion (Legacy),Road-Side Assistance,United States,N/A,$0.00  ~ $0.00 ,N/A,N/A,N/A,N/A,N/A
Style & Fashion (Legacy),Road-Side Assistance,Canada,N/A,$0.00  ~ $0.00 ,N/A,N/A,N/A,N/A,N/A
Style & Fashion (Legacy),Sailing,United States,N/A,$0.00  ~ $0.00 ,N/A,N/A,N/A,N/A,N/A
Style & Fashion (Legacy),Martial Arts,United States,N/A,$0.00  ~ $0.00 ,N/A,N/A,N/A,N/A,N/A
Style & Fashion (Legacy),U.S. Government Resources,United States,N/A,$0.00  ~ $0.00 ,N/A,N/A,N/A,N/A,N/A
Style & Fashion (Legacy),Accessories,United States,N/A,$0.00  ~ $0.00 ,N/A,N/A,N/A,N/A,N/A
Style & Fashion (Legacy),Cold & Flu,United States,N/A,$0.00  ~ $0.00 ,N/A,N/A,N/A,N/A,N/A
Style & Fashion (Legacy),Cold & Flu,Canada,N/A,$0.00  ~ $0.00 ,N/A,N/A,N/A,N/A,N/A
Style & Fashion (Legacy),Cameras & Camcorders,United States,N/A,$0.00  ~ $0.00 ,N/A,N/A,N/A,N/A,N/A
Style & Fashion (Legacy),Cameras & Camcorders,Canada,N/A,$0.00  ~ $0.00 ,N/A,N/A,N/A,N/A,N/A
Style & Fashion (Legacy),Video & Computer Games,United States,N/A,$0.00  ~ $0.00 ,N/A,N/A,N/A,N/A,N/A
Style & Fashion (Legacy),Weight Loss,United States,N/A,$0.00  ~ $0.00 ,N/A,N/A,N/A,N/A,N/A
Style & Fashion (Legacy),Babies & Toddlers,United States,N/A,$0.00  ~ $0.00 ,N/A,N/A,N/A,N/A,N/A
Style & Fashion (Legacy),Wine,United States,N/A,$0.00  ~ $0.00 ,N/A,N/A,N/A,N/A,N/A
Style & Fashion (Legacy),Retirement Planning,United States,N/A,$0.00  ~ $0.00 ,N/A,N/A,N/A,N/A,N/A
Style & Fashion (Legacy),Travel,United States,N/A,$0.00  ~ $0.00 ,N/A,N/A,N/A,N/A,N/A
Style & Fashion (Legacy),Travel,Canada,N/A,$0.00  ~ $0.00 ,N/A,N/A,N/A,N/A,N/A
Style & Fashion (Legacy),Career Planning,United States,N/A,$0.00  ~ $0.00 ,N/A,N/A,N/A,N/A,N/A
Style & Fashion (Legacy),Career Planning,Canada,N/A,$0.00  ~ $0.00 ,N/A,N/A,N/A,N/A,N/A
Style & Fashion (Legacy),Card Games,Canada,N/A,$0.00  ~ $0.00 ,N/A,N/A,N/A,N/A,N/A
Style & Fashion (Legacy),Card Games,United States,N/A,$0.00  ~ $0.00 ,N/A,N/A,N/A,N/A,N/A
Style & Fashion (Legacy),Environmental Safety,United States,N/A,$0.00  ~ $0.00 ,N/A,N/A,N/A,N/A,N/A
Style & Fashion (Legacy),Desserts & Baking,United States,N/A,$0.00  ~ $0.00 ,N/A,N/A,N/A,N/A,N/A
Style & Fashion (Legacy),Entertainment,United States,N/A,$0.00  ~ $0.00 ,N/A,N/A,N/A,N/A,N/A
Style & Fashion (Legacy),Cell Phones,United States,N/A,$0.00  ~ $0.00 ,N/A,N/A,N/A,N/A,N/A
Style & Fashion (Legacy),Nutrition,Canada,N/A,$0.00  ~ $0.00 ,N/A,N/A,N/A,N/A,N/A
Style & Fashion (Legacy),Nutrition,United States,N/A,$0.00  ~ $0.00 ,N/A,N/A,N/A,N/A,N/A
Style & Fashion (Legacy),Alternative Medicine,Canada,N/A,$0.00  ~ $0.00 ,N/A,N/A,N/A,N/A,N/A
Style & Fashion (Legacy),Alternative Medicine,United States,N/A,$0.00  ~ $0.00 ,N/A,N/A,N/A,N/A,N/A
Style & Fashion (Legacy),Pets,United States,N/A,$0.00  ~ $0.00 ,N/A,N/A,N/A,N/A,N/A
Style & Fashion (Legacy),Pets,Canada,N/A,$0.00  ~ $0.00 ,N/A,N/A,N/A,N/A,N/A
Style & Fashion (Legacy),Senior Living,United States,N/A,$0.00  ~ $0.00 ,N/A,N/A,N/A,N/A,N/A
Style & Fashion (Legacy),Senior Living,Canada,N/A,$0.00  ~ $0.00 ,N/A,N/A,N/A,N/A,N/A
Style & Fashion (Legacy),Birdwatching,United States,N/A,$0.00  ~ $0.00 ,N/A,N/A,N/A,N/A,N/A
Style & Fashion (Legacy),Birdwatching,Canada,N/A,$0.00  ~ $0.00 ,N/A,N/A,N/A,N/A,N/A
Style & Fashion (Legacy),Alternative Religions,United States,N/A,$0.00  ~ $0.00 ,N/A,N/A,N/A,N/A,N/A
Style & Fashion (Legacy),Business Software,Canada,N/A,$0.00  ~ $0.00 ,N/A,N/A,N/A,N/A,N/A
Style & Fashion (Legacy),Business Software,United States,N/A,$0.00  ~ $0.00 ,N/A,N/A,N/A,N/A,N/A
Style & Fashion (Legacy),Credit/Debt & Loans,Canada,N/A,$0.00  ~ $0.00 ,N/A,N/A,N/A,N/A,N/A
Style & Fashion (Legacy),Credit/Debt & Loans,United States,N/A,$0.00  ~ $0.00 ,N/A,N/A,N/A,N/A,N/A
Style & Fashion (Legacy),Education,United States,N/A,$0.00  ~ $0.00 ,N/A,N/A,N/A,N/A,N/A
Style & Fashion (Legacy),Education,Canada,N/A,$0.00  ~ $0.00 ,N/A,N/A,N/A,N/A,N/A
Style & Fashion (Legacy),College,United States,N/A,$0.00  ~ $0.00 ,N/A,N/A,N/A,N/A,N/A
Style & Fashion (Legacy),College,Canada,N/A,$0.00  ~ $0.00 ,N/A,N/A,N/A,N/A,N/A
Style & Fashion (Legacy),Arts & Crafts,United States,N/A,$0.00  ~ $0.00 ,N/A,N/A,N/A,N/A,N/A
Style & Fashion (Legacy),Construction,United States,N/A,$0.00  ~ $0.00 ,N/A,N/A,N/A,N/A,N/A
Style & Fashion (Legacy),Construction,Canada,N/A,$0.00  ~ $0.00 ,N/A,N/A,N/A,N/A,N/A
Style & Fashion (Legacy),Hunting/Shooting,United States,N/A,$0.00  ~ $0.00 ,N/A,N/A,N/A,N/A,N/A
Style & Fashion (Legacy),Contests & Freebies,United States,N/A,$0.00  ~ $0.00 ,N/A,N/A,N/A,N/A,N/A
Style & Fashion (Legacy),Remodeling & Construction,United States,N/A,$0.00  ~ $0.00 ,N/A,N/A,N/A,N/A,N/A
Style & Fashion (Legacy),Remodeling & Construction,Canada,N/A,$0.00  ~ $0.00 ,N/A,N/A,N/A,N/A,N/A
Style & Fashion (Legacy),Home & Garden,United States,N/A,$0.00  ~ $0.00 ,N/A,N/A,N/A,N/A,N/A
Style & Fashion (Legacy),Home & Garden,Canada,N/A,$0.00  ~ $0.00 ,N/A,N/A,N/A,N/A,N/A
Style & Fashion (Legacy),Jewelry,Canada,N/A,$0.00  ~ $0.00 ,N/A,N/A,N/A,N/A,N/A
Style & Fashion (Legacy),Jewelry,United States,N/A,$0.00  ~ $0.00 ,N/A,N/A,N/A,N/A,N/A
Style & Fashion (Legacy),Cancer,United States,N/A,$0.00  ~ $0.00 ,N/A,N/A,N/A,N/A,N/A
Style & Fashion (Legacy),Cancer,Canada,N/A,$0.00  ~ $0.00 ,N/A,N/A,N/A,N/A,N/A
Style & Fashion (Legacy),Careers,United States,N/A,$0.00  ~ $0.00 ,N/A,N/A,N/A,N/A,N/A
Style & Fashion (Legacy),Careers,Canada,N/A,$0.00  ~ $0.00 ,N/A,N/A,N/A,N/A,N/A
Style & Fashion (Legacy),Theme Parks,United States,N/A,$0.00  ~ $0.00 ,N/A,N/A,N/A,N/A,N/A
Style & Fashion (Legacy),Theme Parks,Canada,N/A,$0.00  ~ $0.00 ,N/A,N/A,N/A,N/A,N/A
Style & Fashion (Legacy),Pediatrics,United States,N/A,$0.00  ~ $0.00 ,N/A,N/A,N/A,N/A,N/A
Style & Fashion (Legacy),Veterinary Medicine,United States,N/A,$0.00  ~ $0.00 ,N/A,N/A,N/A,N/A,N/A
Style & Fashion (Legacy),Veterinary Medicine,Canada,N/A,$0.00  ~ $0.00 ,N/A,N/A,N/A,N/A,N/A
Style & Fashion (Legacy),Psychology/Psychiatry,Canada,N/A,$0.00  ~ $0.00 ,N/A,N/A,N/A,N/A,N/A
Style & Fashion (Legacy),Psychology/Psychiatry,United States,N/A,$0.00  ~ $0.00 ,N/A,N/A,N/A,N/A,N/A
Style & Fashion (Legacy),Graduate School,United States,N/A,$0.00  ~ $0.00 ,N/A,N/A,N/A,N/A,N/A
Style & Fashion (Legacy),Graduate School,Canada,N/A,$0.00  ~ $0.00 ,N/A,N/A,N/A,N/A,N/A
Style & Fashion (Legacy),Buying/Selling Cars,United States,N/A,$0.00  ~ $0.00 ,N/A,N/A,N/A,N/A,N/A
Style & Fashion (Legacy),Buying/Selling Cars,Canada,N/A,$0.00  ~ $0.00 ,N/A,N/A,N/A,N/A,N/A
Style & Fashion (Legacy),Logistics,United States,N/A,$0.00  ~ $0.00 ,N/A,N/A,N/A,N/A,N/A
Style & Fashion (Legacy),Logistics,Canada,N/A,$0.00  ~ $0.00 ,N/A,N/A,N/A,N/A,N/A
Style & Fashion (Legacy),Landscaping,United States,N/A,$0.00  ~ $0.00 ,N/A,N/A,N/A,N/A,N/A
Style & Fashion (Legacy),Landscaping,Canada,N/A,$0.00  ~ $0.00 ,N/A,N/A,N/A,N/A,N/A
Style & Fashion (Legacy),Government,United States,N/A,$0.00  ~ $0.00 ,N/A,N/A,N/A,N/A,N/A
Style & Fashion (Legacy),Government,Canada,N/A,$0.00  ~ $0.00 ,N/A,N/A,N/A,N/A,N/A
Style & Fashion (Legacy),Fine Art,Canada,N/A,$0.00  ~ $0.00 ,N/A,N/A,N/A,N/A,N/A
Style & Fashion (Legacy),Fine Art,United States,N/A,$0.00  ~ $0.00 ,N/A,N/A,N/A,N/A,N/A
Style & Fashion (Legacy),Pro Basketball,United States,N/A,$0.00  ~ $0.00 ,N/A,N/A,N/A,N/A,N/A
Style & Fashion (Legacy),Honeymoons/Getaways,United States,N/A,$0.00  ~ $0.00 ,N/A,N/A,N/A,N/A,N/A
Style & Fashion (Legacy),Honeymoons/Getaways,Canada,N/A,$0.00  ~ $0.00 ,N/A,N/A,N/A,N/A,N/A
Style & Fashion (Legacy),Computer Networking,United States,N/A,$0.00  ~ $0.00 ,N/A,N/A,N/A,N/A,N/A
Style & Fashion (Legacy),Swimming,United States,N/A,$0.00  ~ $0.00 ,N/A,N/A,N/A,N/A,N/A
Style & Fashion (Legacy),Local News,United States,N/A,$0.00  ~ $0.00 ,N/A,N/A,N/A,N/A,N/A
Style & Fashion (Legacy),Legal Issues,United States,N/A,$0.00  ~ $0.00 ,N/A,N/A,N/A,N/A,N/A
Style & Fashion (Legacy),Legal Issues,Canada,N/A,$0.00  ~ $0.00 ,N/A,N/A,N/A,N/A,N/A
Style & Fashion (Legacy),Shopping,Canada,N/A,$0.00  ~ $0.00 ,N/A,N/A,N/A,N/A,N/A
Style & Fashion (Legacy),Shopping,United States,N/A,$0.00  ~ $0.00 ,N/A,N/A,N/A,N/A,N/A
Style & Fashion (Legacy),Collecting,United States,N/A,$0.00  ~ $0.00 ,N/A,N/A,N/A,N/A,N/A
Style & Fashion (Legacy),Mutual Funds,United States,N/A,$0.00  ~ $0.00 ,N/A,N/A,N/A,N/A,N/A
Style & Fashion (Legacy),Mutual Funds,Canada,N/A,$0.00  ~ $0.00 ,N/A,N/A,N/A,N/A,N/A
Style & Fashion (Legacy),Dogs,United States,N/A,$0.00  ~ $0.00 ,N/A,N/A,N/A,N/A,N/A
Style & Fashion (Legacy),Dogs,Canada,N/A,$0.00  ~ $0.00 ,N/A,N/A,N/A,N/A,N/A
Style & Fashion (Legacy),Commentary,United States,N/A,$0.00  ~ $0.00 ,N/A,N/A,N/A,N/A,N/A
Style & Fashion (Legacy),Computer Peripherals,United States,N/A,$0.00  ~ $0.00 ,N/A,N/A,N/A,N/A,N/A
Style & Fashion (Legacy),Computer Peripherals,Canada,N/A,$0.00  ~ $0.00 ,N/A,N/A,N/A,N/A,N/A
Style & Fashion (Legacy),Couponing,United States,N/A,$0.00  ~ $0.00 ,N/A,N/A,N/A,N/A,N/A
Style & Fashion (Legacy),Couponing,Canada,N/A,$0.00  ~ $0.00 ,N/A,N/A,N/A,N/A,N/A
Style & Fashion (Legacy),Marketing,Canada,N/A,$0.00  ~ $0.00 ,N/A,N/A,N/A,N/A,N/A
Style & Fashion (Legacy),Marketing,United States,N/A,$0.00  ~ $0.00 ,N/A,N/A,N/A,N/A,N/A
Style & Fashion (Legacy),Beauty,United States,N/A,$0.00  ~ $0.00 ,N/A,N/A,N/A,N/A,N/A
Style & Fashion (Legacy),Beauty,Canada,N/A,$0.00  ~ $0.00 ,N/A,N/A,N/A,N/A,N/A
Style & Fashion (Legacy),Religion & Spirituality,United States,N/A,$0.00  ~ $0.00 ,N/A,N/A,N/A,N/A,N/A
Style & Fashion (Legacy),Chronic Pain,United States,N/A,$0.00  ~ $0.00 ,N/A,N/A,N/A,N/A,N/A
Style & Fashion (Legacy),Infertility,United States,N/A,$0.00  ~ $0.00 ,N/A,N/A,N/A,N/A,N/A
Style & Fashion (Legacy),Television,United States,N/A,$0.00  ~ $0.00 ,N/A,N/A,N/A,N/A,N/A
Style & Fashion (Legacy),Auto Parts,United States,N/A,$0.00  ~ $0.00 ,N/A,N/A,N/A,N/A,N/A
Style & Fashion (Legacy),Auto Parts,Canada,N/A,$0.00  ~ $0.00 ,N/A,N/A,N/A,N/A,N/A
Style & Fashion (Legacy),Distance Learning,United States,N/A,$0.00  ~ $0.00 ,N/A,N/A,N/A,N/A,N/A
Style & Fashion (Legacy),Metals,United States,N/A,$0.00  ~ $0.00 ,N/A,N/A,N/A,N/A,N/A
Style & Fashion (Legacy),Metals,Canada,N/A,$0.00  ~ $0.00 ,N/A,N/A,N/A,N/A,N/A
Style & Fashion (Legacy),Investors & Patents,United States,N/A,$0.00  ~ $0.00 ,N/A,N/A,N/A,N/A,N/A
Style & Fashion (Legacy),Investors & Patents,Canada,N/A,$0.00  ~ $0.00 ,N/A,N/A,N/A,N/A,N/A
Style & Fashion (Legacy),Job Search,United States,N/A,$0.00  ~ $0.00 ,N/A,N/A,N/A,N/A,N/A
Style & Fashion (Legacy),Politics,Canada,N/A,$0.00  ~ $0.00 ,N/A,N/A,N/A,N/A,N/A
Style & Fashion (Legacy),Politics,United States,N/A,$0.00  ~ $0.00 ,N/A,N/A,N/A,N/A,N/A
Style & Fashion (Legacy),Advertising,United States,N/A,$0.00  ~ $0.00 ,N/A,N/A,N/A,N/A,N/A
Style & Fashion (Legacy),Advertising,Canada,N/A,$0.00  ~ $0.00 ,N/A,N/A,N/A,N/A,N/A
Style & Fashion (Legacy),News,Canada,N/A,$0.00  ~ $0.00 ,N/A,N/A,N/A,N/A,N/A
Style & Fashion (Legacy),News,United States,N/A,$0.00  ~ $0.00 ,N/A,N/A,N/A,N/A,N/A
Style & Fashion (Legacy),Financial Aid,United States,N/A,$0.00  ~ $0.00 ,N/A,N/A,N/A,N/A,N/A
Style & Fashion (Legacy),Roleplaying Games,United States,N/A,$0.00  ~ $0.00 ,N/A,N/A,N/A,N/A,N/A
Style & Fashion (Legacy),Clothing,United States,N/A,$0.00  ~ $0.00 ,N/A,N/A,N/A,N/A,N/A
Style & Fashion (Legacy),Clothing,Canada,N/A,$0.00  ~ $0.00 ,N/A,N/A,N/A,N/A,N/A
Style & Fashion (Legacy),Cigars,United States,N/A,$0.00  ~ $0.00 ,N/A,N/A,N/A,N/A,N/A
Style & Fashion (Legacy),Investing,United States,N/A,$0.00  ~ $0.00 ,N/A,N/A,N/A,N/A,N/A
Style & Fashion (Legacy),Investing,Canada,N/A,$0.00  ~ $0.00 ,N/A,N/A,N/A,N/A,N/A
Style & Fashion (Legacy),Cruises,United States,N/A,$0.00  ~ $0.00 ,N/A,N/A,N/A,N/A,N/A
Style & Fashion (Legacy),Cruises,Canada,N/A,$0.00  ~ $0.00 ,N/A,N/A,N/A,N/A,N/A
Style & Fashion (Legacy),Air Travel,United States,N/A,$0.00  ~ $0.00 ,N/A,N/A,N/A,N/A,N/A
Style & Fashion (Legacy),Air Travel,Canada,N/A,$0.00  ~ $0.00 ,N/A,N/A,N/A,N/A,N/A
Style & Fashion (Legacy),U.S. Military,United States,N/A,$0.00  ~ $0.00 ,N/A,N/A,N/A,N/A,N/A
Style & Fashion (Legacy),Body Art,United States,N/A,$0.00  ~ $0.00 ,N/A,N/A,N/A,N/A,N/A
Style & Fashion (Legacy),Real Estate,United States,N/A,$0.00  ~ $0.00 ,N/A,N/A,N/A,N/A,N/A
Style & Fashion (Legacy),Real Estate,Canada,N/A,$0.00  ~ $0.00 ,N/A,N/A,N/A,N/A,N/A
Style & Fashion (Legacy),Incest/Abuse Support,United States,N/A,$0.00  ~ $0.00 ,N/A,N/A,N/A,N/A,N/A
Style & Fashion (Legacy),Incest/Abuse Support,Canada,N/A,$0.00  ~ $0.00 ,N/A,N/A,N/A,N/A,N/A
Style & Fashion (Legacy),Incontinence,United States,N/A,$0.00  ~ $0.00 ,N/A,N/A,N/A,N/A,N/A
Style & Fashion (Legacy),Weddings,United States,N/A,$0.00  ~ $0.00 ,N/A,N/A,N/A,N/A,N/A
Style & Fashion (Legacy),Personal Finance,United States,N/A,$0.00  ~ $0.00 ,N/A,N/A,N/A,N/A,N/A
Style & Fashion (Legacy),Personal Finance,Canada,N/A,$0.00  ~ $0.00 ,N/A,N/A,N/A,N/A,N/A
Style & Fashion (Legacy),Physical Therapy,United States,N/A,$0.00  ~ $0.00 ,N/A,N/A,N/A,N/A,N/A
Style & Fashion (Legacy),Physical Therapy,Canada,N/A,$0.00  ~ $0.00 ,N/A,N/A,N/A,N/A,N/A
Style & Fashion (Legacy),Computer Certification,United States,N/A,$0.00  ~ $0.00 ,N/A,N/A,N/A,N/A,N/A
Style & Fashion (Legacy),Daycare/Pre School,United States,N/A,$0.00  ~ $0.00 ,N/A,N/A,N/A,N/A,N/A
Style & Fashion (Legacy),Net Conferencing,United States,N/A,$0.00  ~ $0.00 ,N/A,N/A,N/A,N/A,N/A
Style & Fashion (Legacy),Net Conferencing,Canada,N/A,$0.00  ~ $0.00 ,N/A,N/A,N/A,N/A,N/A
Style & Fashion (Legacy),Arthritis,United States,N/A,$0.00  ~ $0.00 ,N/A,N/A,N/A,N/A,N/A
Style & Fashion (Legacy),Camping,United States,N/A,$0.00  ~ $0.00 ,N/A,N/A,N/A,N/A,N/A
Style & Fashion (Legacy),Cuisine-Specific,United States,N/A,$0.00  ~ $0.00 ,N/A,N/A,N/A,N/A,N/A
Style & Fashion (Legacy),Home Repair,United States,N/A,$0.00  ~ $0.00 ,N/A,N/A,N/A,N/A,N/A
Style & Fashion (Legacy),Home Repair,Canada,N/A,$0.00  ~ $0.00 ,N/A,N/A,N/A,N/A,N/A
Style & Fashion (Legacy),Motorcycles,United States,N/A,$0.00  ~ $0.00 ,N/A,N/A,N/A,N/A,N/A
Style & Fashion (Legacy),Motorcycles,Canada,N/A,$0.00  ~ $0.00 ,N/A,N/A,N/A,N/A,N/A
Style & Fashion (Legacy),Astrology,United States,N/A,$0.00  ~ $0.00 ,N/A,N/A,N/A,N/A,N/A
Technology & Computing (Legacy),Catholicism,United States,N/A,$0.00  ~ $0.00 ,N/A,N/A,N/A,N/A,N/A
Technology & Computing (Legacy),Network Security,United States,N/A,$0.00  ~ $0.00 ,N/A,N/A,N/A,N/A,N/A
Technology & Computing (Legacy),Hotels,United States,N/A,$0.00  ~ $0.00 ,N/A,N/A,N/A,N/A,N/A
Technology & Computing (Legacy),Hotels,Canada,N/A,$0.00  ~ $0.00 ,N/A,N/A,N/A,N/A,N/A
Technology & Computing (Legacy),Automotive,United States,N/A,$0.00  ~ $0.00 ,N/A,N/A,N/A,N/A,N/A
Technology & Computing (Legacy),Automotive,Canada,N/A,$0.00  ~ $0.00 ,N/A,N/A,N/A,N/A,N/A
Technology & Computing (Legacy),Investing,United States,N/A,$0.00  ~ $0.00 ,N/A,N/A,N/A,N/A,N/A
Technology & Computing (Legacy),Investing,Canada,N/A,$0.00  ~ $0.00 ,N/A,N/A,N/A,N/A,N/A
Technology & Computing (Legacy),Bed & Breakfasts,United States,N/A,$0.00  ~ $0.00 ,N/A,N/A,N/A,N/A,N/A
Technology & Computing (Legacy),Bed & Breakfasts,Canada,N/A,$0.00  ~ $0.00 ,N/A,N/A,N/A,N/A,N/A
Technology & Computing (Legacy),Collecting,United States,N/A,$0.00  ~ $0.00 ,N/A,N/A,N/A,N/A,N/A
Technology & Computing (Legacy),Collecting,Canada,N/A,$0.00  ~ $0.00 ,N/A,N/A,N/A,N/A,N/A
Technology & Computing (Legacy),Daycare/Pre School,United States,N/A,$0.00  ~ $0.00 ,N/A,N/A,N/A,N/A,N/A
Technology & Computing (Legacy),Daycare/Pre School,Canada,N/A,$0.00  ~ $0.00 ,N/A,N/A,N/A,N/A,N/A
Technology & Computing (Legacy),Alternative Religions,United States,N/A,$0.00  ~ $0.00 ,N/A,N/A,N/A,N/A,N/A
Technology & Computing (Legacy),Net Conferencing,United States,N/A,$0.00  ~ $0.00 ,N/A,N/A,N/A,N/A,N/A
Technology & Computing (Legacy),Net Conferencing,Canada,N/A,$0.00  ~ $0.00 ,N/A,N/A,N/A,N/A,N/A
Technology & Computing (Legacy),Travel,United States,N/A,$0.00  ~ $0.00 ,N/A,N/A,N/A,N/A,N/A
Technology & Computing (Legacy),Travel,Canada,N/A,$0.00  ~ $0.00 ,N/A,N/A,N/A,N/A,N/A
Technology & Computing (Legacy),Politics,Canada,N/A,$0.00  ~ $0.00 ,N/A,N/A,N/A,N/A,N/A
Technology & Computing (Legacy),Politics,United States,N/A,$0.00  ~ $0.00 ,N/A,N/A,N/A,N/A,N/A
Technology & Computing (Legacy),College,United States,N/A,$0.00  ~ $0.00 ,N/A,N/A,N/A,N/A,N/A
Technology & Computing (Legacy),College,Canada,N/A,$0.00  ~ $0.00 ,N/A,N/A,N/A,N/A,N/A
Technology & Computing (Legacy),Motorcycles,Canada,N/A,$0.00  ~ $0.00 ,N/A,N/A,N/A,N/A,N/A
Technology & Computing (Legacy),Motorcycles,United States,N/A,$0.00  ~ $0.00 ,N/A,N/A,N/A,N/A,N/A
Technology & Computing (Legacy),Buying/Selling Cars,Canada,N/A,$0.00  ~ $0.00 ,N/A,N/A,N/A,N/A,N/A
Technology & Computing (Legacy),Buying/Selling Cars,United States,N/A,$0.00  ~ $0.00 ,N/A,N/A,N/A,N/A,N/A
Technology & Computing (Legacy),Tax Planning,United States,N/A,$0.00  ~ $0.00 ,N/A,N/A,N/A,N/A,N/A
Technology & Computing (Legacy),Movies,United States,N/A,$0.00  ~ $0.00 ,N/A,N/A,N/A,N/A,N/A
Technology & Computing (Legacy),Certified Pre-Owned,United States,N/A,$0.00  ~ $0.00 ,N/A,N/A,N/A,N/A,N/A
Technology & Computing (Legacy),Investors & Patents,United States,N/A,$0.00  ~ $0.00 ,N/A,N/A,N/A,N/A,N/A
Technology & Computing (Legacy),Investors & Patents,Canada,N/A,$0.00  ~ $0.00 ,N/A,N/A,N/A,N/A,N/A
Technology & Computing (Legacy),Hobbies & Interests,United States,N/A,$0.00  ~ $0.00 ,N/A,N/A,N/A,N/A,N/A
Technology & Computing (Legacy),Hobbies & Interests,Canada,N/A,$0.00  ~ $0.00 ,N/A,N/A,N/A,N/A,N/A
Technology & Computing (Legacy),Alternative Medicine,United States,N/A,$0.00  ~ $0.00 ,N/A,N/A,N/A,N/A,N/A
Technology & Computing (Legacy),Alternative Medicine,Canada,N/A,$0.00  ~ $0.00 ,N/A,N/A,N/A,N/A,N/A
Technology & Computing (Legacy),Guitar,United States,N/A,$0.00  ~ $0.00 ,N/A,N/A,N/A,N/A,N/A
Technology & Computing (Legacy),Biotech/Biomedical,Canada,N/A,$0.00  ~ $0.00 ,N/A,N/A,N/A,N/A,N/A
Technology & Computing (Legacy),Biotech/Biomedical,United States,N/A,$0.00  ~ $0.00 ,N/A,N/A,N/A,N/A,N/A
Technology & Computing (Legacy),Cold & Flu,United States,N/A,$0.00  ~ $0.00 ,N/A,N/A,N/A,N/A,N/A
Technology & Computing (Legacy),Cold & Flu,Canada,N/A,$0.00  ~ $0.00 ,N/A,N/A,N/A,N/A,N/A
Technology & Computing (Legacy),Swimming,United States,N/A,$0.00  ~ $0.00 ,N/A,N/A,N/A,N/A,N/A
Technology & Computing (Legacy),Computer Networking,United States,N/A,$0.00  ~ $0.00 ,N/A,N/A,N/A,N/A,N/A
Technology & Computing (Legacy),Credit/Debt & Loans,United States,N/A,$0.00  ~ $0.00 ,N/A,N/A,N/A,N/A,N/A
Technology & Computing (Legacy),Credit/Debt & Loans,Canada,N/A,$0.00  ~ $0.00 ,N/A,N/A,N/A,N/A,N/A
Technology & Computing (Legacy),Insurance,Canada,N/A,$0.00  ~ $0.00 ,N/A,N/A,N/A,N/A,N/A
Technology & Computing (Legacy),Insurance,United States,N/A,$0.00  ~ $0.00 ,N/A,N/A,N/A,N/A,N/A
Technology & Computing (Legacy),Mutual Funds,United States,N/A,$0.00  ~ $0.00 ,N/A,N/A,N/A,N/A,N/A
Technology & Computing (Legacy),Mutual Funds,Canada,N/A,$0.00  ~ $0.00 ,N/A,N/A,N/A,N/A,N/A
Technology & Computing (Legacy),Beauty,Canada,N/A,$0.00  ~ $0.00 ,N/A,N/A,N/A,N/A,N/A
Technology & Computing (Legacy),Beauty,United States,N/A,$0.00  ~ $0.00 ,N/A,N/A,N/A,N/A,N/A
Technology & Computing (Legacy),K-6 Educators,United States,N/A,$0.00  ~ $0.00 ,N/A,N/A,N/A,N/A,N/A
Technology & Computing (Legacy),K-6 Educators,Canada,N/A,$0.00  ~ $0.00 ,N/A,N/A,N/A,N/A,N/A
Technology & Computing (Legacy),Adult Education,United States,N/A,$0.00  ~ $0.00 ,N/A,N/A,N/A,N/A,N/A
Technology & Computing (Legacy),Adult Education,Canada,N/A,$0.00  ~ $0.00 ,N/A,N/A,N/A,N/A,N/A
Technology & Computing (Legacy),Parenting - K-6 Kids,United States,N/A,$0.00  ~ $0.00 ,N/A,N/A,N/A,N/A,N/A
Technology & Computing (Legacy),Electric Vehicle,Canada,N/A,$0.00  ~ $0.00 ,N/A,N/A,N/A,N/A,N/A
Technology & Computing (Legacy),Arts & Entertainment,Canada,N/A,$0.00  ~ $0.00 ,N/A,N/A,N/A,N/A,N/A
Technology & Computing (Legacy),Arts & Entertainment,United States,N/A,$0.00  ~ $0.00 ,N/A,N/A,N/A,N/A,N/A
Technology & Computing (Legacy),Auto Repair,United States,N/A,$0.00  ~ $0.00 ,N/A,N/A,N/A,N/A,N/A
Technology & Computing (Legacy),Auto Repair,Canada,N/A,$0.00  ~ $0.00 ,N/A,N/A,N/A,N/A,N/A
Technology & Computing (Legacy),Metals,United States,N/A,$0.00  ~ $0.00 ,N/A,N/A,N/A,N/A,N/A
Technology & Computing (Legacy),Metals,Canada,N/A,$0.00  ~ $0.00 ,N/A,N/A,N/A,N/A,N/A
Technology & Computing (Legacy),Card Games,United States,N/A,$0.00  ~ $0.00 ,N/A,N/A,N/A,N/A,N/A
Technology & Computing (Legacy),Card Games,Canada,N/A,$0.00  ~ $0.00 ,N/A,N/A,N/A,N/A,N/A
Technology & Computing (Legacy),Cameras & Camcorders,United States,N/A,$0.00  ~ $0.00 ,N/A,N/A,N/A,N/A,N/A
Technology & Computing (Legacy),Cameras & Camcorders,Canada,N/A,$0.00  ~ $0.00 ,N/A,N/A,N/A,N/A,N/A
Technology & Computing (Legacy),Fine Art,United States,N/A,$0.00  ~ $0.00 ,N/A,N/A,N/A,N/A,N/A
Technology & Computing (Legacy),Fine Art,Canada,N/A,$0.00  ~ $0.00 ,N/A,N/A,N/A,N/A,N/A
Technology & Computing (Legacy),Computer Peripherals,United States,N/A,$0.00  ~ $0.00 ,N/A,N/A,N/A,N/A,N/A
Technology & Computing (Legacy),Computer Peripherals,Canada,N/A,$0.00  ~ $0.00 ,N/A,N/A,N/A,N/A,N/A
Technology & Computing (Legacy),Wine,United States,N/A,$0.00  ~ $0.00 ,N/A,N/A,N/A,N/A,N/A
Technology & Computing (Legacy),Football,United States,N/A,$0.00  ~ $0.00 ,N/A,N/A,N/A,N/A,N/A
Technology & Computing (Legacy),Football,Canada,N/A,$0.00  ~ $0.00 ,N/A,N/A,N/A,N/A,N/A
Technology & Computing (Legacy),Careers,United States,N/A,$0.00  ~ $0.00 ,N/A,N/A,N/A,N/A,N/A
Technology & Computing (Legacy),Careers,Canada,N/A,$0.00  ~ $0.00 ,N/A,N/A,N/A,N/A,N/A
Technology & Computing (Legacy),Commentary,United States,N/A,$0.00  ~ $0.00 ,N/A,N/A,N/A,N/A,N/A
Technology & Computing (Legacy),Retirement Planning,United States,N/A,$0.00  ~ $0.00 ,N/A,N/A,N/A,N/A,N/A
Technology & Computing (Legacy),Radio,United States,N/A,$0.00  ~ $0.00 ,N/A,N/A,N/A,N/A,N/A
Technology & Computing (Legacy),Thyroid Disease,United States,N/A,$0.00  ~ $0.00 ,N/A,N/A,N/A,N/A,N/A
Technology & Computing (Legacy),Scholarships,United States,N/A,$0.00  ~ $0.00 ,N/A,N/A,N/A,N/A,N/A
Technology & Computing (Legacy),Gardening,United States,N/A,$0.00  ~ $0.00 ,N/A,N/A,N/A,N/A,N/A
Technology & Computing (Legacy),Gardening,Canada,N/A,$0.00  ~ $0.00 ,N/A,N/A,N/A,N/A,N/A
Technology & Computing (Legacy),Home Repair,United States,N/A,$0.00  ~ $0.00 ,N/A,N/A,N/A,N/A,N/A
Technology & Computing (Legacy),Home Repair,Canada,N/A,$0.00  ~ $0.00 ,N/A,N/A,N/A,N/A,N/A
Technology & Computing (Legacy),Hunting/Shooting,United States,N/A,$0.00  ~ $0.00 ,N/A,N/A,N/A,N/A,N/A
Technology & Computing (Legacy),Dermatology,United States,N/A,$0.00  ~ $0.00 ,N/A,N/A,N/A,N/A,N/A
Technology & Computing (Legacy),Dermatology,Canada,N/A,$0.00  ~ $0.00 ,N/A,N/A,N/A,N/A,N/A
Technology & Computing (Legacy),Camping,United States,N/A,$0.00  ~ $0.00 ,N/A,N/A,N/A,N/A,N/A
Technology & Computing (Legacy),Mountain Biking,United States,N/A,$0.00  ~ $0.00 ,N/A,N/A,N/A,N/A,N/A
Technology & Computing (Legacy),Mountain Biking,Canada,N/A,$0.00  ~ $0.00 ,N/A,N/A,N/A,N/A,N/A
Technology & Computing (Legacy),Fashion,United States,N/A,$0.00  ~ $0.00 ,N/A,N/A,N/A,N/A,N/A
Technology & Computing (Legacy),Eldercare,United States,N/A,$0.00  ~ $0.00 ,N/A,N/A,N/A,N/A,N/A
Technology & Computing (Legacy),Business,United States,N/A,$0.00  ~ $0.00 ,N/A,N/A,N/A,N/A,N/A
Technology & Computing (Legacy),Business,Canada,N/A,$0.00  ~ $0.00 ,N/A,N/A,N/A,N/A,N/A
Technology & Computing (Legacy),Buying/Selling Homes,United States,N/A,$0.00  ~ $0.00 ,N/A,N/A,N/A,N/A,N/A
Technology & Computing (Legacy),Buying/Selling Homes,Canada,N/A,$0.00  ~ $0.00 ,N/A,N/A,N/A,N/A,N/A
Technology & Computing (Legacy),Food & Drink,United States,N/A,$0.00  ~ $0.00 ,N/A,N/A,N/A,N/A,N/A
Technology & Computing (Legacy),Food & Drink,Canada,N/A,$0.00  ~ $0.00 ,N/A,N/A,N/A,N/A,N/A
Technology & Computing (Legacy),Cell Phones,United States,N/A,$0.00  ~ $0.00 ,N/A,N/A,N/A,N/A,N/A
Technology & Computing (Legacy),Computer Certification,United States,N/A,$0.00  ~ $0.00 ,N/A,N/A,N/A,N/A,N/A
Technology & Computing (Legacy),Language Learning,Canada,N/A,$0.00  ~ $0.00 ,N/A,N/A,N/A,N/A,N/A
Technology & Computing (Legacy),Language Learning,United States,N/A,$0.00  ~ $0.00 ,N/A,N/A,N/A,N/A,N/A
Technology & Computing (Legacy),By US Locale,United States,N/A,$0.00  ~ $0.00 ,N/A,N/A,N/A,N/A,N/A
Technology & Computing (Legacy),Religion & Spirituality,United States,N/A,$0.00  ~ $0.00 ,N/A,N/A,N/A,N/A,N/A
Technology & Computing (Legacy),Home & Garden,United States,N/A,$0.00  ~ $0.00 ,N/A,N/A,N/A,N/A,N/A
Technology & Computing (Legacy),Home & Garden,Canada,N/A,$0.00  ~ $0.00 ,N/A,N/A,N/A,N/A,N/A
Technology & Computing (Legacy),Jewelry,United States,N/A,$0.00  ~ $0.00 ,N/A,N/A,N/A,N/A,N/A
Technology & Computing (Legacy),Jewelry,Canada,N/A,$0.00  ~ $0.00 ,N/A,N/A,N/A,N/A,N/A
Technology & Computing (Legacy),Accessories,United States,N/A,$0.00  ~ $0.00 ,N/A,N/A,N/A,N/A,N/A
Technology & Computing (Legacy),Accessories,Canada,N/A,$0.00  ~ $0.00 ,N/A,N/A,N/A,N/A,N/A
Technology & Computing (Legacy),Government,United States,N/A,$0.00  ~ $0.00 ,N/A,N/A,N/A,N/A,N/A
Technology & Computing (Legacy),Government,Canada,N/A,$0.00  ~ $0.00 ,N/A,N/A,N/A,N/A,N/A
Technology & Computing (Legacy),Large Animals,United States,N/A,$0.00  ~ $0.00 ,N/A,N/A,N/A,N/A,N/A
Technology & Computing (Legacy),Stamps & Coins,United States,N/A,$0.00  ~ $0.00 ,N/A,N/A,N/A,N/A,N/A
Technology & Computing (Legacy),Career Planning,United States,N/A,$0.00  ~ $0.00 ,N/A,N/A,N/A,N/A,N/A
Technology & Computing (Legacy),Career Planning,Canada,N/A,$0.00  ~ $0.00 ,N/A,N/A,N/A,N/A,N/A
Technology & Computing (Legacy),Contests & Freebies,United States,N/A,$0.00  ~ $0.00 ,N/A,N/A,N/A,N/A,N/A
Technology & Computing (Legacy),Physical Therapy,United States,N/A,$0.00  ~ $0.00 ,N/A,N/A,N/A,N/A,N/A
Technology & Computing (Legacy),Physical Therapy,Canada,N/A,$0.00  ~ $0.00 ,N/A,N/A,N/A,N/A,N/A
Technology & Computing (Legacy),Road-Side Assistance,United States,N/A,$0.00  ~ $0.00 ,N/A,N/A,N/A,N/A,N/A
Technology & Computing (Legacy),Road-Side Assistance,Canada,N/A,$0.00  ~ $0.00 ,N/A,N/A,N/A,N/A,N/A
Technology & Computing (Legacy),Local News,United States,N/A,$0.00  ~ $0.00 ,N/A,N/A,N/A,N/A,N/A
Technology & Computing (Legacy),Forestry,United States,N/A,$0.00  ~ $0.00 ,N/A,N/A,N/A,N/A,N/A
Technology & Computing (Legacy),Pro Basketball,United States,N/A,$0.00  ~ $0.00 ,N/A,N/A,N/A,N/A,N/A
Technology & Computing (Legacy),Birdwatching,United States,N/A,$0.00  ~ $0.00 ,N/A,N/A,N/A,N/A,N/A
Technology & Computing (Legacy),Birdwatching,Canada,N/A,$0.00  ~ $0.00 ,N/A,N/A,N/A,N/A,N/A
Technology & Computing (Legacy),Personal Finance,United States,N/A,$0.00  ~ $0.00 ,N/A,N/A,N/A,N/A,N/A
Technology & Computing (Legacy),Personal Finance,Canada,N/A,$0.00  ~ $0.00 ,N/A,N/A,N/A,N/A,N/A
Technology & Computing (Legacy),Dental Care,United States,N/A,$0.00  ~ $0.00 ,N/A,N/A,N/A,N/A,N/A
Technology & Computing (Legacy),Dental Care,Canada,N/A,$0.00  ~ $0.00 ,N/A,N/A,N/A,N/A,N/A
Technology & Computing (Legacy),Human Resources,United States,N/A,$0.00  ~ $0.00 ,N/A,N/A,N/A,N/A,N/A
Technology & Computing (Legacy),Human Resources,Canada,N/A,$0.00  ~ $0.00 ,N/A,N/A,N/A,N/A,N/A
Technology & Computing (Legacy),Family & Parenting,United States,N/A,$0.00  ~ $0.00 ,N/A,N/A,N/A,N/A,N/A
Technology & Computing (Legacy),Family & Parenting,Canada,N/A,$0.00  ~ $0.00 ,N/A,N/A,N/A,N/A,N/A
Technology & Computing (Legacy),Senior Living,United States,N/A,$0.00  ~ $0.00 ,N/A,N/A,N/A,N/A,N/A
Technology & Computing (Legacy),Senior Living,Canada,N/A,$0.00  ~ $0.00 ,N/A,N/A,N/A,N/A,N/A
Technology & Computing (Legacy),Shopping,United States,N/A,$0.00  ~ $0.00 ,N/A,N/A,N/A,N/A,N/A
Technology & Computing (Legacy),Shopping,Canada,N/A,$0.00  ~ $0.00 ,N/A,N/A,N/A,N/A,N/A
Technology & Computing (Legacy),Music,United States,N/A,$0.00  ~ $0.00 ,N/A,N/A,N/A,N/A,N/A
Technology & Computing (Legacy),Music,Canada,N/A,$0.00  ~ $0.00 ,N/A,N/A,N/A,N/A,N/A
Technology & Computing (Legacy),Art/Technology,United States,N/A,$0.00  ~ $0.00 ,N/A,N/A,N/A,N/A,N/A
Technology & Computing (Legacy),Art/Technology,Canada,N/A,$0.00  ~ $0.00 ,N/A,N/A,N/A,N/A,N/A
Technology & Computing (Legacy),Logistics,United States,N/A,$0.00  ~ $0.00 ,N/A,N/A,N/A,N/A,N/A
Technology & Computing (Legacy),Logistics,Canada,N/A,$0.00  ~ $0.00 ,N/A,N/A,N/A,N/A,N/A
Technology & Computing (Legacy),News,United States,N/A,$0.00  ~ $0.00 ,N/A,N/A,N/A,N/A,N/A
Technology & Computing (Legacy),News,Canada,N/A,$0.00  ~ $0.00 ,N/A,N/A,N/A,N/A,N/A
Technology & Computing (Legacy),Marketing,Canada,N/A,$0.00  ~ $0.00 ,N/A,N/A,N/A,N/A,N/A
Technology & Computing (Legacy),Marketing,United States,N/A,$0.00  ~ $0.00 ,N/A,N/A,N/A,N/A,N/A
Technology & Computing (Legacy),U.S. Military,United States,N/A,$0.00  ~ $0.00 ,N/A,N/A,N/A,N/A,N/A
Technology & Computing (Legacy),Distance Learning,United States,N/A,$0.00  ~ $0.00 ,N/A,N/A,N/A,N/A,N/A
Technology & Computing (Legacy),Cigars,United States,N/A,$0.00  ~ $0.00 ,N/A,N/A,N/A,N/A,N/A
Technology & Computing (Legacy),Cigars,Canada,N/A,$0.00  ~ $0.00 ,N/A,N/A,N/A,N/A,N/A
Technology & Computing (Legacy),Health/Lowfat Cooking,United States,N/A,$0.00  ~ $0.00 ,N/A,N/A,N/A,N/A,N/A
Technology & Computing (Legacy),Health/Lowfat Cooking,Canada,N/A,$0.00  ~ $0.00 ,N/A,N/A,N/A,N/A,N/A
Technology & Computing (Legacy),Interior Decorating,United States,N/A,$0.00  ~ $0.00 ,N/A,N/A,N/A,N/A,N/A
Technology & Computing (Legacy),Interior Decorating,Canada,N/A,$0.00  ~ $0.00 ,N/A,N/A,N/A,N/A,N/A
Technology & Computing (Legacy),Nutrition,United States,N/A,$0.00  ~ $0.00 ,N/A,N/A,N/A,N/A,N/A
Technology & Computing (Legacy),Nutrition,Canada,N/A,$0.00  ~ $0.00 ,N/A,N/A,N/A,N/A,N/A
Technology & Computing (Legacy),Appliances,United States,N/A,$0.00  ~ $0.00 ,N/A,N/A,N/A,N/A,N/A
Technology & Computing (Legacy),Appliances,Canada,N/A,$0.00  ~ $0.00 ,N/A,N/A,N/A,N/A,N/A
Technology & Computing (Legacy),Apartments,United States,N/A,$0.00  ~ $0.00 ,N/A,N/A,N/A,N/A,N/A
Technology & Computing (Legacy),Apartments,Canada,N/A,$0.00  ~ $0.00 ,N/A,N/A,N/A,N/A,N/A
Technology & Computing (Legacy),Weight Loss,United States,N/A,$0.00  ~ $0.00 ,N/A,N/A,N/A,N/A,N/A
Technology & Computing (Legacy),Comparison,United States,N/A,$0.00  ~ $0.00 ,N/A,N/A,N/A,N/A,N/A
Technology & Computing (Legacy),Graduate School,United States,N/A,$0.00  ~ $0.00 ,N/A,N/A,N/A,N/A,N/A
Technology & Computing (Legacy),Graduate School,Canada,N/A,$0.00  ~ $0.00 ,N/A,N/A,N/A,N/A,N/A
Technology & Computing (Legacy),Incest/Abuse Support,United States,N/A,$0.00  ~ $0.00 ,N/A,N/A,N/A,N/A,N/A
Technology & Computing (Legacy),Incest/Abuse Support,Canada,N/A,$0.00  ~ $0.00 ,N/A,N/A,N/A,N/A,N/A
Technology & Computing (Legacy),Entertainment,United States,N/A,$0.00  ~ $0.00 ,N/A,N/A,N/A,N/A,N/A
Technology & Computing (Legacy),Babies & Toddlers,United States,N/A,$0.00  ~ $0.00 ,N/A,N/A,N/A,N/A,N/A
Technology & Computing (Legacy),Astrology,United States,N/A,$0.00  ~ $0.00 ,N/A,N/A,N/A,N/A,N/A
Technology & Computing (Legacy),Education,United States,N/A,$0.00  ~ $0.00 ,N/A,N/A,N/A,N/A,N/A
Technology & Computing (Legacy),Education,Canada,N/A,$0.00  ~ $0.00 ,N/A,N/A,N/A,N/A,N/A
Technology & Computing (Legacy),Entertaining,United States,N/A,$0.00  ~ $0.00 ,N/A,N/A,N/A,N/A,N/A
Technology & Computing (Legacy),Veterinary Medicine,United States,N/A,$0.00  ~ $0.00 ,N/A,N/A,N/A,N/A,N/A
Technology & Computing (Legacy),Veterinary Medicine,Canada,N/A,$0.00  ~ $0.00 ,N/A,N/A,N/A,N/A,N/A
Technology & Computing (Legacy),Arthritis,United States,N/A,$0.00  ~ $0.00 ,N/A,N/A,N/A,N/A,N/A
Technology & Computing (Legacy),Body Art,United States,N/A,$0.00  ~ $0.00 ,N/A,N/A,N/A,N/A,N/A
Technology & Computing (Legacy),Green Solutions,Canada,N/A,$0.00  ~ $0.00 ,N/A,N/A,N/A,N/A,N/A
Technology & Computing (Legacy),Green Solutions,United States,N/A,$0.00  ~ $0.00 ,N/A,N/A,N/A,N/A,N/A
Technology & Computing (Legacy),Honeymoons/Getaways,United States,N/A,$0.00  ~ $0.00 ,N/A,N/A,N/A,N/A,N/A
Technology & Computing (Legacy),Honeymoons/Getaways,Canada,N/A,$0.00  ~ $0.00 ,N/A,N/A,N/A,N/A,N/A
Technology & Computing (Legacy),Cocktails/Beer,United States,N/A,$0.00  ~ $0.00 ,N/A,N/A,N/A,N/A,N/A
Technology & Computing (Legacy),Cocktails/Beer,Canada,N/A,$0.00  ~ $0.00 ,N/A,N/A,N/A,N/A,N/A
Technology & Computing (Legacy),U.S. Government Resources,United States,N/A,$0.00  ~ $0.00 ,N/A,N/A,N/A,N/A,N/A
Technology & Computing (Legacy),Teens,United States,N/A,$0.00  ~ $0.00 ,N/A,N/A,N/A,N/A,N/A
Technology & Computing (Legacy),Theme Parks,United States,N/A,$0.00  ~ $0.00 ,N/A,N/A,N/A,N/A,N/A
Technology & Computing (Legacy),Theme Parks,Canada,N/A,$0.00  ~ $0.00 ,N/A,N/A,N/A,N/A,N/A
Technology & Computing (Legacy),Senor Health,United States,N/A,$0.00  ~ $0.00 ,N/A,N/A,N/A,N/A,N/A
Technology & Computing (Legacy),Senor Health,Canada,N/A,$0.00  ~ $0.00 ,N/A,N/A,N/A,N/A,N/A
Technology & Computing (Legacy),Style & Fashion,United States,N/A,$0.00  ~ $0.00 ,N/A,N/A,N/A,N/A,N/A
Technology & Computing (Legacy),Stocks,United States,N/A,$0.00  ~ $0.00 ,N/A,N/A,N/A,N/A,N/A
Technology & Computing (Legacy),Books & Literature,United States,N/A,$0.00  ~ $0.00 ,N/A,N/A,N/A,N/A,N/A
Technology & Computing (Legacy),Books & Literature,Canada,N/A,$0.00  ~ $0.00 ,N/A,N/A,N/A,N/A,N/A
Technology & Computing (Legacy),Remodeling & Construction,United States,N/A,$0.00  ~ $0.00 ,N/A,N/A,N/A,N/A,N/A
Technology & Computing (Legacy),Remodeling & Construction,Canada,N/A,$0.00  ~ $0.00 ,N/A,N/A,N/A,N/A,N/A
Technology & Computing (Legacy),Dining Out,United States,N/A,$0.00  ~ $0.00 ,N/A,N/A,N/A,N/A,N/A
Technology & Computing (Legacy),Dining Out,Canada,N/A,$0.00  ~ $0.00 ,N/A,N/A,N/A,N/A,N/A
Technology & Computing (Legacy),Auto Parts,United States,N/A,$0.00  ~ $0.00 ,N/A,N/A,N/A,N/A,N/A
Technology & Computing (Legacy),Auto Parts,Canada,N/A,$0.00  ~ $0.00 ,N/A,N/A,N/A,N/A,N/A
Technology & Computing (Legacy),Television,United States,N/A,$0.00  ~ $0.00 ,N/A,N/A,N/A,N/A,N/A
Technology & Computing (Legacy),Advertising,United States,N/A,$0.00  ~ $0.00 ,N/A,N/A,N/A,N/A,N/A
Technology & Computing (Legacy),Advertising,Canada,N/A,$0.00  ~ $0.00 ,N/A,N/A,N/A,N/A,N/A
Technology & Computing (Legacy),"Law, Gov't & Politics",United States,N/A,$0.00  ~ $0.00 ,N/A,N/A,N/A,N/A,N/A
Technology & Computing (Legacy),"Law, Gov't & Politics",Canada,N/A,$0.00  ~ $0.00 ,N/A,N/A,N/A,N/A,N/A
Technology & Computing (Legacy),Pediatrics,United States,N/A,$0.00  ~ $0.00 ,N/A,N/A,N/A,N/A,N/A
Technology & Computing (Legacy),Incontinence,United States,N/A,$0.00  ~ $0.00 ,N/A,N/A,N/A,N/A,N/A
Technology & Computing (Legacy),Off-Road Vehicles,United States,N/A,$0.00  ~ $0.00 ,N/A,N/A,N/A,N/A,N/A
Technology & Computing (Legacy),Off-Road Vehicles,Canada,N/A,$0.00  ~ $0.00 ,N/A,N/A,N/A,N/A,N/A
Technology & Computing (Legacy),Financial Aid,United States,N/A,$0.00  ~ $0.00 ,N/A,N/A,N/A,N/A,N/A
Technology & Computing (Legacy),Martial Arts,United States,N/A,$0.00  ~ $0.00 ,N/A,N/A,N/A,N/A,N/A
Technology & Computing (Legacy),Martial Arts,Canada,N/A,$0.00  ~ $0.00 ,N/A,N/A,N/A,N/A,N/A
Technology & Computing (Legacy),Legal Issues,Canada,N/A,$0.00  ~ $0.00 ,N/A,N/A,N/A,N/A,N/A
Technology & Computing (Legacy),Legal Issues,United States,N/A,$0.00  ~ $0.00 ,N/A,N/A,N/A,N/A,N/A
Technology & Computing (Legacy),Trucks & Accessories,United States,N/A,$0.00  ~ $0.00 ,N/A,N/A,N/A,N/A,N/A
Technology & Computing (Legacy),Adventure Travel,United States,N/A,$0.00  ~ $0.00 ,N/A,N/A,N/A,N/A,N/A
Technology & Computing (Legacy),Cuisine-Specific,United States,N/A,$0.00  ~ $0.00 ,N/A,N/A,N/A,N/A,N/A
Technology & Computing (Legacy),7-12 Education,United States,N/A,$0.00  ~ $0.00 ,N/A,N/A,N/A,N/A,N/A
Technology & Computing (Legacy),Cruises,United States,N/A,$0.00  ~ $0.00 ,N/A,N/A,N/A,N/A,N/A
Technology & Computing (Legacy),Cruises,Canada,N/A,$0.00  ~ $0.00 ,N/A,N/A,N/A,N/A,N/A
Technology & Computing (Legacy),Cancer,Canada,N/A,$0.00  ~ $0.00 ,N/A,N/A,N/A,N/A,N/A
Technology & Computing (Legacy),Cancer,United States,N/A,$0.00  ~ $0.00 ,N/A,N/A,N/A,N/A,N/A
Technology & Computing (Legacy),Barbecues & Grilling,Canada,N/A,$0.00  ~ $0.00 ,N/A,N/A,N/A,N/A,N/A
Technology & Computing (Legacy),Weddings,United States,N/A,$0.00  ~ $0.00 ,N/A,N/A,N/A,N/A,N/A
Technology & Computing (Legacy),Home Theater,United States,N/A,$0.00  ~ $0.00 ,N/A,N/A,N/A,N/A,N/A
Technology & Computing (Legacy),Real Estate,Canada,N/A,$0.00  ~ $0.00 ,N/A,N/A,N/A,N/A,N/A
Technology & Computing (Legacy),Real Estate,United States,N/A,$0.00  ~ $0.00 ,N/A,N/A,N/A,N/A,N/A
Technology & Computing (Legacy),Health & Fitness,United States,N/A,$0.00  ~ $0.00 ,N/A,N/A,N/A,N/A,N/A
Technology & Computing (Legacy),Health & Fitness,Canada,N/A,$0.00  ~ $0.00 ,N/A,N/A,N/A,N/A,N/A
Technology & Computing (Legacy),Video & Computer Games,United States,N/A,$0.00  ~ $0.00 ,N/A,N/A,N/A,N/A,N/A
Technology & Computing (Legacy),Air Travel,United States,N/A,$0.00  ~ $0.00 ,N/A,N/A,N/A,N/A,N/A
Technology & Computing (Legacy),Air Travel,Canada,N/A,$0.00  ~ $0.00 ,N/A,N/A,N/A,N/A,N/A
Technology & Computing (Legacy),Business Software,United States,N/A,$0.00  ~ $0.00 ,N/A,N/A,N/A,N/A,N/A
Technology & Computing (Legacy),Business Software,Canada,N/A,$0.00  ~ $0.00 ,N/A,N/A,N/A,N/A,N/A
Technology & Computing (Legacy),Dogs,United States,N/A,$0.00  ~ $0.00 ,N/A,N/A,N/A,N/A,N/A
Technology & Computing (Legacy),Dogs,Canada,N/A,$0.00  ~ $0.00 ,N/A,N/A,N/A,N/A,N/A
Technology & Computing (Legacy),Sexuality,United States,N/A,$0.00  ~ $0.00 ,N/A,N/A,N/A,N/A,N/A
Technology & Computing (Legacy),Pets,Canada,N/A,$0.00  ~ $0.00 ,N/A,N/A,N/A,N/A,N/A
Technology & Computing (Legacy),Pets,United States,N/A,$0.00  ~ $0.00 ,N/A,N/A,N/A,N/A,N/A
Technology & Computing (Legacy),Agriculture,United States,N/A,$0.00  ~ $0.00 ,N/A,N/A,N/A,N/A,N/A
Technology & Computing (Legacy),Agriculture,Canada,N/A,$0.00  ~ $0.00 ,N/A,N/A,N/A,N/A,N/A
Technology & Computing (Legacy),Homework/Study Tips,United States,N/A,$0.00  ~ $0.00 ,N/A,N/A,N/A,N/A,N/A
Technology & Computing (Legacy),Psychology/Psychiatry,United States,N/A,$0.00  ~ $0.00 ,N/A,N/A,N/A,N/A,N/A
Technology & Computing (Legacy),Psychology/Psychiatry,Canada,N/A,$0.00  ~ $0.00 ,N/A,N/A,N/A,N/A,N/A
Technology & Computing (Legacy),Job Search,United States,N/A,$0.00  ~ $0.00 ,N/A,N/A,N/A,N/A,N/A
Technology & Computing (Legacy),Job Search,Canada,N/A,$0.00  ~ $0.00 ,N/A,N/A,N/A,N/A,N/A
Technology & Computing (Legacy),Arts & Crafts,United States,N/A,$0.00  ~ $0.00 ,N/A,N/A,N/A,N/A,N/A
Technology & Computing (Legacy),Arts & Crafts,Canada,N/A,$0.00  ~ $0.00 ,N/A,N/A,N/A,N/A,N/A
Technology & Computing (Legacy),Couponing,United States,N/A,$0.00  ~ $0.00 ,N/A,N/A,N/A,N/A,N/A
Technology & Computing (Legacy),Couponing,Canada,N/A,$0.00  ~ $0.00 ,N/A,N/A,N/A,N/A,N/A
Technology & Computing (Legacy),Desserts & Baking,United States,N/A,$0.00  ~ $0.00 ,N/A,N/A,N/A,N/A,N/A
Technology & Computing (Legacy),Landscaping,United States,N/A,$0.00  ~ $0.00 ,N/A,N/A,N/A,N/A,N/A
Technology & Computing (Legacy),Landscaping,Canada,N/A,$0.00  ~ $0.00 ,N/A,N/A,N/A,N/A,N/A
Technology & Computing (Legacy),Infertility,United States,N/A,$0.00  ~ $0.00 ,N/A,N/A,N/A,N/A,N/A
Technology & Computing (Legacy),Roleplaying Games,United States,N/A,$0.00  ~ $0.00 ,N/A,N/A,N/A,N/A,N/A
Technology & Computing (Legacy),Italian Cuisine,United States,N/A,$0.00  ~ $0.00 ,N/A,N/A,N/A,N/A,N/A
Technology & Computing (Legacy),Clothing,United States,N/A,$0.00  ~ $0.00 ,N/A,N/A,N/A,N/A,N/A
Technology & Computing (Legacy),Clothing,Canada,N/A,$0.00  ~ $0.00 ,N/A,N/A,N/A,N/A,N/A
Technology & Computing (Legacy),Coffee/Tea,United States,N/A,$0.00  ~ $0.00 ,N/A,N/A,N/A,N/A,N/A
Technology & Computing (Legacy),Chronic Pain,United States,N/A,$0.00  ~ $0.00 ,N/A,N/A,N/A,N/A,N/A
Technology & Computing (Legacy),Canada,Canada,N/A,$0.00  ~ $0.00 ,N/A,N/A,N/A,N/A,N/A
Technology & Computing (Legacy),Environmental Safety,United States,N/A,$0.00  ~ $0.00 ,N/A,N/A,N/A,N/A,N/A
Technology & Computing (Legacy),Internet Technology,United States,N/A,$0.00  ~ $0.00 ,N/A,N/A,N/A,N/A,N/A
Technology & Computing (Legacy),Sailing,United States,N/A,$0.00  ~ $0.00 ,N/A,N/A,N/A,N/A,N/A
Technology & Computing (Legacy),Exercise,United States,N/A,$0.00  ~ $0.00 ,N/A,N/A,N/A,N/A,N/A
Technology & Computing (Legacy),Exercise,Canada,N/A,$0.00  ~ $0.00 ,N/A,N/A,N/A,N/A,N/A
Technology & Computing (Legacy),Technology & Computing,Canada,N/A,$0.00  ~ $0.00 ,N/A,N/A,N/A,N/A,N/A
Technology & Computing (Legacy),Technology & Computing,United States,N/A,$0.00  ~ $0.00 ,N/A,N/A,N/A,N/A,N/A
Technology & Computing (Legacy),Construction,United States,N/A,$0.00  ~ $0.00 ,N/A,N/A,N/A,N/A,N/A
Technology & Computing (Legacy),Construction,Canada,N/A,$0.00  ~ $0.00 ,N/A,N/A,N/A,N/A,N/A
Travel (Legacy),Collecting,United States,N/A,$0.00  ~ $0.00 ,N/A,N/A,N/A,N/A,N/A
Travel (Legacy),Veterinary Medicine,United States,N/A,$0.00  ~ $0.00 ,N/A,N/A,N/A,N/A,N/A
Travel (Legacy),Veterinary Medicine,Canada,N/A,$0.00  ~ $0.00 ,N/A,N/A,N/A,N/A,N/A
Travel (Legacy),Network Security,United States,N/A,$0.00  ~ $0.00 ,N/A,N/A,N/A,N/A,N/A
Travel (Legacy),Martial Arts,United States,N/A,$0.00  ~ $0.00 ,N/A,N/A,N/A,N/A,N/A
Travel (Legacy),Homework/Study Tips,United States,N/A,$0.00  ~ $0.00 ,N/A,N/A,N/A,N/A,N/A
Travel (Legacy),Health & Fitness,United States,N/A,$0.00  ~ $0.00 ,N/A,N/A,N/A,N/A,N/A
Travel (Legacy),Health & Fitness,Canada,N/A,$0.00  ~ $0.00 ,N/A,N/A,N/A,N/A,N/A
Travel (Legacy),Psychology/Psychiatry,United States,N/A,$0.00  ~ $0.00 ,N/A,N/A,N/A,N/A,N/A
Travel (Legacy),Psychology/Psychiatry,Canada,N/A,$0.00  ~ $0.00 ,N/A,N/A,N/A,N/A,N/A
Travel (Legacy),Dining Out,United States,N/A,$0.00  ~ $0.00 ,N/A,N/A,N/A,N/A,N/A
Travel (Legacy),Dining Out,Canada,N/A,$0.00  ~ $0.00 ,N/A,N/A,N/A,N/A,N/A
Travel (Legacy),Careers,United States,N/A,$0.00  ~ $0.00 ,N/A,N/A,N/A,N/A,N/A
Travel (Legacy),Careers,Canada,N/A,$0.00  ~ $0.00 ,N/A,N/A,N/A,N/A,N/A
Travel (Legacy),Personal Finance,United States,N/A,$0.00  ~ $0.00 ,N/A,N/A,N/A,N/A,N/A
Travel (Legacy),Personal Finance,Canada,N/A,$0.00  ~ $0.00 ,N/A,N/A,N/A,N/A,N/A
Travel (Legacy),Business Software,United States,N/A,$0.00  ~ $0.00 ,N/A,N/A,N/A,N/A,N/A
Travel (Legacy),Business Software,Canada,N/A,$0.00  ~ $0.00 ,N/A,N/A,N/A,N/A,N/A
Travel (Legacy),Barbecues & Grilling,Canada,N/A,$0.00  ~ $0.00 ,N/A,N/A,N/A,N/A,N/A
Travel (Legacy),Dental Care,United States,N/A,$0.00  ~ $0.00 ,N/A,N/A,N/A,N/A,N/A
Travel (Legacy),Dental Care,Canada,N/A,$0.00  ~ $0.00 ,N/A,N/A,N/A,N/A,N/A
Travel (Legacy),Contests & Freebies,United States,N/A,$0.00  ~ $0.00 ,N/A,N/A,N/A,N/A,N/A
Travel (Legacy),Bed & Breakfasts,United States,N/A,$0.00  ~ $0.00 ,N/A,N/A,N/A,N/A,N/A
Travel (Legacy),Bed & Breakfasts,Canada,N/A,$0.00  ~ $0.00 ,N/A,N/A,N/A,N/A,N/A
Travel (Legacy),Graduate School,Canada,N/A,$0.00  ~ $0.00 ,N/A,N/A,N/A,N/A,N/A
Travel (Legacy),Graduate School,United States,N/A,$0.00  ~ $0.00 ,N/A,N/A,N/A,N/A,N/A
Travel (Legacy),Job Search,United States,N/A,$0.00  ~ $0.00 ,N/A,N/A,N/A,N/A,N/A
Travel (Legacy),Distance Learning,United States,N/A,$0.00  ~ $0.00 ,N/A,N/A,N/A,N/A,N/A
Travel (Legacy),Food & Drink,United States,N/A,$0.00  ~ $0.00 ,N/A,N/A,N/A,N/A,N/A
Travel (Legacy),Food & Drink,Canada,N/A,$0.00  ~ $0.00 ,N/A,N/A,N/A,N/A,N/A
Travel (Legacy),Appliances,United States,N/A,$0.00  ~ $0.00 ,N/A,N/A,N/A,N/A,N/A
Travel (Legacy),Appliances,Canada,N/A,$0.00  ~ $0.00 ,N/A,N/A,N/A,N/A,N/A
Travel (Legacy),Wine,United States,N/A,$0.00  ~ $0.00 ,N/A,N/A,N/A,N/A,N/A
Travel (Legacy),Sailing,United States,N/A,$0.00  ~ $0.00 ,N/A,N/A,N/A,N/A,N/A
Travel (Legacy),U.S. Government Resources,United States,N/A,$0.00  ~ $0.00 ,N/A,N/A,N/A,N/A,N/A
Travel (Legacy),Swimming,United States,N/A,$0.00  ~ $0.00 ,N/A,N/A,N/A,N/A,N/A
Travel (Legacy),Comparison,United States,N/A,$0.00  ~ $0.00 ,N/A,N/A,N/A,N/A,N/A
Travel (Legacy),Buying/Selling Cars,United States,N/A,$0.00  ~ $0.00 ,N/A,N/A,N/A,N/A,N/A
Travel (Legacy),Buying/Selling Cars,Canada,N/A,$0.00  ~ $0.00 ,N/A,N/A,N/A,N/A,N/A
Travel (Legacy),Video & Computer Games,United States,N/A,$0.00  ~ $0.00 ,N/A,N/A,N/A,N/A,N/A
Travel (Legacy),Commentary,United States,N/A,$0.00  ~ $0.00 ,N/A,N/A,N/A,N/A,N/A
Travel (Legacy),Tax Planning,United States,N/A,$0.00  ~ $0.00 ,N/A,N/A,N/A,N/A,N/A
Travel (Legacy),Horse Racing,Canada,N/A,$0.00  ~ $0.00 ,N/A,N/A,N/A,N/A,N/A
Travel (Legacy),Jewelry,United States,N/A,$0.00  ~ $0.00 ,N/A,N/A,N/A,N/A,N/A
Travel (Legacy),Jewelry,Canada,N/A,$0.00  ~ $0.00 ,N/A,N/A,N/A,N/A,N/A
Travel (Legacy),Nutrition,Canada,N/A,$0.00  ~ $0.00 ,N/A,N/A,N/A,N/A,N/A
Travel (Legacy),Nutrition,United States,N/A,$0.00  ~ $0.00 ,N/A,N/A,N/A,N/A,N/A
Travel (Legacy),Football,United States,N/A,$0.00  ~ $0.00 ,N/A,N/A,N/A,N/A,N/A
Travel (Legacy),Football,Canada,N/A,$0.00  ~ $0.00 ,N/A,N/A,N/A,N/A,N/A
Travel (Legacy),Pediatrics,United States,N/A,$0.00  ~ $0.00 ,N/A,N/A,N/A,N/A,N/A
Travel (Legacy),Landscaping,United States,N/A,$0.00  ~ $0.00 ,N/A,N/A,N/A,N/A,N/A
Travel (Legacy),Landscaping,Canada,N/A,$0.00  ~ $0.00 ,N/A,N/A,N/A,N/A,N/A
Travel (Legacy),Education,United States,N/A,$0.00  ~ $0.00 ,N/A,N/A,N/A,N/A,N/A
Travel (Legacy),Education,Canada,N/A,$0.00  ~ $0.00 ,N/A,N/A,N/A,N/A,N/A
Travel (Legacy),Cold & Flu,United States,N/A,$0.00  ~ $0.00 ,N/A,N/A,N/A,N/A,N/A
Travel (Legacy),Cold & Flu,Canada,N/A,$0.00  ~ $0.00 ,N/A,N/A,N/A,N/A,N/A
Travel (Legacy),Infertility,United States,N/A,$0.00  ~ $0.00 ,N/A,N/A,N/A,N/A,N/A
Travel (Legacy),Investing,United States,N/A,$0.00  ~ $0.00 ,N/A,N/A,N/A,N/A,N/A
Travel (Legacy),Investing,Canada,N/A,$0.00  ~ $0.00 ,N/A,N/A,N/A,N/A,N/A
Travel (Legacy),Senior Living,United States,N/A,$0.00  ~ $0.00 ,N/A,N/A,N/A,N/A,N/A
Travel (Legacy),Off-Road Vehicles,United States,N/A,$0.00  ~ $0.00 ,N/A,N/A,N/A,N/A,N/A
Travel (Legacy),Off-Road Vehicles,Canada,N/A,$0.00  ~ $0.00 ,N/A,N/A,N/A,N/A,N/A
Travel (Legacy),Government,United States,N/A,$0.00  ~ $0.00 ,N/A,N/A,N/A,N/A,N/A
Travel (Legacy),Government,Canada,N/A,$0.00  ~ $0.00 ,N/A,N/A,N/A,N/A,N/A
Travel (Legacy),Net Conferencing,United States,N/A,$0.00  ~ $0.00 ,N/A,N/A,N/A,N/A,N/A
Travel (Legacy),Auto Repair,United States,N/A,$0.00  ~ $0.00 ,N/A,N/A,N/A,N/A,N/A
Travel (Legacy),Auto Repair,Canada,N/A,$0.00  ~ $0.00 ,N/A,N/A,N/A,N/A,N/A
Travel (Legacy),Cancer,Canada,N/A,$0.00  ~ $0.00 ,N/A,N/A,N/A,N/A,N/A
Travel (Legacy),Cancer,United States,N/A,$0.00  ~ $0.00 ,N/A,N/A,N/A,N/A,N/A
Travel (Legacy),Incest/Abuse Support,United States,N/A,$0.00  ~ $0.00 ,N/A,N/A,N/A,N/A,N/A
Travel (Legacy),Incest/Abuse Support,Canada,N/A,$0.00  ~ $0.00 ,N/A,N/A,N/A,N/A,N/A
Travel (Legacy),Beauty,United States,N/A,$0.00  ~ $0.00 ,N/A,N/A,N/A,N/A,N/A
Travel (Legacy),Beauty,Canada,N/A,$0.00  ~ $0.00 ,N/A,N/A,N/A,N/A,N/A
Travel (Legacy),Internet Technology,United States,N/A,$0.00  ~ $0.00 ,N/A,N/A,N/A,N/A,N/A
Travel (Legacy),Physical Therapy,United States,N/A,$0.00  ~ $0.00 ,N/A,N/A,N/A,N/A,N/A
Travel (Legacy),Physical Therapy,Canada,N/A,$0.00  ~ $0.00 ,N/A,N/A,N/A,N/A,N/A
Travel (Legacy),Computer Peripherals,United States,N/A,$0.00  ~ $0.00 ,N/A,N/A,N/A,N/A,N/A
Travel (Legacy),Forestry,United States,N/A,$0.00  ~ $0.00 ,N/A,N/A,N/A,N/A,N/A
Travel (Legacy),College,United States,N/A,$0.00  ~ $0.00 ,N/A,N/A,N/A,N/A,N/A
Travel (Legacy),College,Canada,N/A,$0.00  ~ $0.00 ,N/A,N/A,N/A,N/A,N/A
Travel (Legacy),Human Resources,United States,N/A,$0.00  ~ $0.00 ,N/A,N/A,N/A,N/A,N/A
Travel (Legacy),Human Resources,Canada,N/A,$0.00  ~ $0.00 ,N/A,N/A,N/A,N/A,N/A
Travel (Legacy),Alternative Medicine,United States,N/A,$0.00  ~ $0.00 ,N/A,N/A,N/A,N/A,N/A
Travel (Legacy),Alternative Medicine,Canada,N/A,$0.00  ~ $0.00 ,N/A,N/A,N/A,N/A,N/A
Travel (Legacy),Cell Phones,United States,N/A,$0.00  ~ $0.00 ,N/A,N/A,N/A,N/A,N/A
Travel (Legacy),Large Animals,United States,N/A,$0.00  ~ $0.00 ,N/A,N/A,N/A,N/A,N/A
Travel (Legacy),Home Repair,United States,N/A,$0.00  ~ $0.00 ,N/A,N/A,N/A,N/A,N/A
Travel (Legacy),Home Repair,Canada,N/A,$0.00  ~ $0.00 ,N/A,N/A,N/A,N/A,N/A
Travel (Legacy),Logistics,United States,N/A,$0.00  ~ $0.00 ,N/A,N/A,N/A,N/A,N/A
Travel (Legacy),Logistics,Canada,N/A,$0.00  ~ $0.00 ,N/A,N/A,N/A,N/A,N/A
Travel (Legacy),Pets,United States,N/A,$0.00  ~ $0.00 ,N/A,N/A,N/A,N/A,N/A
Travel (Legacy),Pets,Canada,N/A,$0.00  ~ $0.00 ,N/A,N/A,N/A,N/A,N/A
Travel (Legacy),Agriculture,United States,N/A,$0.00  ~ $0.00 ,N/A,N/A,N/A,N/A,N/A
Travel (Legacy),Agriculture,Canada,N/A,$0.00  ~ $0.00 ,N/A,N/A,N/A,N/A,N/A
Travel (Legacy),Certified Pre-Owned,United States,N/A,$0.00  ~ $0.00 ,N/A,N/A,N/A,N/A,N/A
Travel (Legacy),Weight Loss,United States,N/A,$0.00  ~ $0.00 ,N/A,N/A,N/A,N/A,N/A
Travel (Legacy),Electric Vehicle,Canada,N/A,$0.00  ~ $0.00 ,N/A,N/A,N/A,N/A,N/A
Travel (Legacy),Mutual Funds,United States,N/A,$0.00  ~ $0.00 ,N/A,N/A,N/A,N/A,N/A
Travel (Legacy),Mutual Funds,Canada,N/A,$0.00  ~ $0.00 ,N/A,N/A,N/A,N/A,N/A
Travel (Legacy),Metals,Canada,N/A,$0.00  ~ $0.00 ,N/A,N/A,N/A,N/A,N/A
Travel (Legacy),Metals,United States,N/A,$0.00  ~ $0.00 ,N/A,N/A,N/A,N/A,N/A
Travel (Legacy),Cruises,United States,N/A,$0.00  ~ $0.00 ,N/A,N/A,N/A,N/A,N/A
Travel (Legacy),Cruises,Canada,N/A,$0.00  ~ $0.00 ,N/A,N/A,N/A,N/A,N/A
Travel (Legacy),Construction,United States,N/A,$0.00  ~ $0.00 ,N/A,N/A,N/A,N/A,N/A
Travel (Legacy),Construction,Canada,N/A,$0.00  ~ $0.00 ,N/A,N/A,N/A,N/A,N/A
Travel (Legacy),News,United States,N/A,$0.00  ~ $0.00 ,N/A,N/A,N/A,N/A,N/A
Travel (Legacy),News,Canada,N/A,$0.00  ~ $0.00 ,N/A,N/A,N/A,N/A,N/A
Travel (Legacy),Theme Parks,United States,N/A,$0.00  ~ $0.00 ,N/A,N/A,N/A,N/A,N/A
Travel (Legacy),Theme Parks,Canada,N/A,$0.00  ~ $0.00 ,N/A,N/A,N/A,N/A,N/A
Travel (Legacy),Books & Literature,Canada,N/A,$0.00  ~ $0.00 ,N/A,N/A,N/A,N/A,N/A
Travel (Legacy),Books & Literature,United States,N/A,$0.00  ~ $0.00 ,N/A,N/A,N/A,N/A,N/A
Travel (Legacy),Daycare/Pre School,United States,N/A,$0.00  ~ $0.00 ,N/A,N/A,N/A,N/A,N/A
Travel (Legacy),Daycare/Pre School,Canada,N/A,$0.00  ~ $0.00 ,N/A,N/A,N/A,N/A,N/A
Travel (Legacy),Home & Garden,United States,N/A,$0.00  ~ $0.00 ,N/A,N/A,N/A,N/A,N/A
Travel (Legacy),Home & Garden,Canada,N/A,$0.00  ~ $0.00 ,N/A,N/A,N/A,N/A,N/A
Travel (Legacy),Road-Side Assistance,United States,N/A,$0.00  ~ $0.00 ,N/A,N/A,N/A,N/A,N/A
Travel (Legacy),Road-Side Assistance,Canada,N/A,$0.00  ~ $0.00 ,N/A,N/A,N/A,N/A,N/A
Travel (Legacy),Alternative Religions,United States,N/A,$0.00  ~ $0.00 ,N/A,N/A,N/A,N/A,N/A
Travel (Legacy),Television,United States,N/A,$0.00  ~ $0.00 ,N/A,N/A,N/A,N/A,N/A
Travel (Legacy),Teens,United States,N/A,$0.00  ~ $0.00 ,N/A,N/A,N/A,N/A,N/A
Travel (Legacy),Financial Aid,United States,N/A,$0.00  ~ $0.00 ,N/A,N/A,N/A,N/A,N/A
Travel (Legacy),U.S. Military,United States,N/A,$0.00  ~ $0.00 ,N/A,N/A,N/A,N/A,N/A
Travel (Legacy),Card Games,Canada,N/A,$0.00  ~ $0.00 ,N/A,N/A,N/A,N/A,N/A
Travel (Legacy),Card Games,United States,N/A,$0.00  ~ $0.00 ,N/A,N/A,N/A,N/A,N/A
Travel (Legacy),Legal Issues,United States,N/A,$0.00  ~ $0.00 ,N/A,N/A,N/A,N/A,N/A
Travel (Legacy),Legal Issues,Canada,N/A,$0.00  ~ $0.00 ,N/A,N/A,N/A,N/A,N/A
Travel (Legacy),Computer Certification,United States,N/A,$0.00  ~ $0.00 ,N/A,N/A,N/A,N/A,N/A
Travel (Legacy),Roleplaying Games,United States,N/A,$0.00  ~ $0.00 ,N/A,N/A,N/A,N/A,N/A
Travel (Legacy),Gardening,United States,N/A,$0.00  ~ $0.00 ,N/A,N/A,N/A,N/A,N/A
Travel (Legacy),Gardening,Canada,N/A,$0.00  ~ $0.00 ,N/A,N/A,N/A,N/A,N/A
Travel (Legacy),Trucks & Accessories,United States,N/A,$0.00  ~ $0.00 ,N/A,N/A,N/A,N/A,N/A
Travel (Legacy),Biotech/Biomedical,United States,N/A,$0.00  ~ $0.00 ,N/A,N/A,N/A,N/A,N/A
Travel (Legacy),Biotech/Biomedical,Canada,N/A,$0.00  ~ $0.00 ,N/A,N/A,N/A,N/A,N/A
Travel (Legacy),Investors & Patents,United States,N/A,$0.00  ~ $0.00 ,N/A,N/A,N/A,N/A,N/A
Travel (Legacy),Investors & Patents,Canada,N/A,$0.00  ~ $0.00 ,N/A,N/A,N/A,N/A,N/A
Travel (Legacy),Cocktails/Beer,United States,N/A,$0.00  ~ $0.00 ,N/A,N/A,N/A,N/A,N/A
Travel (Legacy),"Law, Gov't & Politics",United States,N/A,$0.00  ~ $0.00 ,N/A,N/A,N/A,N/A,N/A
Travel (Legacy),Marketing,Canada,N/A,$0.00  ~ $0.00 ,N/A,N/A,N/A,N/A,N/A
Travel (Legacy),Marketing,United States,N/A,$0.00  ~ $0.00 ,N/A,N/A,N/A,N/A,N/A
Travel (Legacy),K-6 Educators,United States,N/A,$0.00  ~ $0.00 ,N/A,N/A,N/A,N/A,N/A
Travel (Legacy),K-6 Educators,Canada,N/A,$0.00  ~ $0.00 ,N/A,N/A,N/A,N/A,N/A
Travel (Legacy),Remodeling & Construction,United States,N/A,$0.00  ~ $0.00 ,N/A,N/A,N/A,N/A,N/A
Travel (Legacy),Remodeling & Construction,Canada,N/A,$0.00  ~ $0.00 ,N/A,N/A,N/A,N/A,N/A
Travel (Legacy),Arts & Entertainment,United States,N/A,$0.00  ~ $0.00 ,N/A,N/A,N/A,N/A,N/A
Travel (Legacy),Arts & Entertainment,Canada,N/A,$0.00  ~ $0.00 ,N/A,N/A,N/A,N/A,N/A
Travel (Legacy),Air Travel,United States,N/A,$0.00  ~ $0.00 ,N/A,N/A,N/A,N/A,N/A
Travel (Legacy),Air Travel,Canada,N/A,$0.00  ~ $0.00 ,N/A,N/A,N/A,N/A,N/A
Travel (Legacy),Hunting/Shooting,United States,N/A,$0.00  ~ $0.00 ,N/A,N/A,N/A,N/A,N/A
Travel (Legacy),Local News,United States,N/A,$0.00  ~ $0.00 ,N/A,N/A,N/A,N/A,N/A
Travel (Legacy),Retirement Planning,United States,N/A,$0.00  ~ $0.00 ,N/A,N/A,N/A,N/A,N/A
Travel (Legacy),Dermatology,United States,N/A,$0.00  ~ $0.00 ,N/A,N/A,N/A,N/A,N/A
Travel (Legacy),Dermatology,Canada,N/A,$0.00  ~ $0.00 ,N/A,N/A,N/A,N/A,N/A
Travel (Legacy),Hotels,United States,N/A,$0.00  ~ $0.00 ,N/A,N/A,N/A,N/A,N/A
Travel (Legacy),Hotels,Canada,N/A,$0.00  ~ $0.00 ,N/A,N/A,N/A,N/A,N/A
Travel (Legacy),Exercise,United States,N/A,$0.00  ~ $0.00 ,N/A,N/A,N/A,N/A,N/A
Travel (Legacy),Exercise,Canada,N/A,$0.00  ~ $0.00 ,N/A,N/A,N/A,N/A,N/A
Travel (Legacy),Incontinence,United States,N/A,$0.00  ~ $0.00 ,N/A,N/A,N/A,N/A,N/A
Travel (Legacy),Adult Education,Canada,N/A,$0.00  ~ $0.00 ,N/A,N/A,N/A,N/A,N/A
Travel (Legacy),Adult Education,United States,N/A,$0.00  ~ $0.00 ,N/A,N/A,N/A,N/A,N/A
Travel (Legacy),Coffee/Tea,United States,N/A,$0.00  ~ $0.00 ,N/A,N/A,N/A,N/A,N/A
Travel (Legacy),Camping,United States,N/A,$0.00  ~ $0.00 ,N/A,N/A,N/A,N/A,N/A
Travel (Legacy),Radio,United States,N/A,$0.00  ~ $0.00 ,N/A,N/A,N/A,N/A,N/A
Travel (Legacy),Cuisine-Specific,United States,N/A,$0.00  ~ $0.00 ,N/A,N/A,N/A,N/A,N/A
Travel (Legacy),Hobbies & Interests,United States,N/A,$0.00  ~ $0.00 ,N/A,N/A,N/A,N/A,N/A
Travel (Legacy),Hobbies & Interests,Canada,N/A,$0.00  ~ $0.00 ,N/A,N/A,N/A,N/A,N/A
Travel (Legacy),Sexuality,Canada,N/A,$0.00  ~ $0.00 ,N/A,N/A,N/A,N/A,N/A
Travel (Legacy),Sexuality,United States,N/A,$0.00  ~ $0.00 ,N/A,N/A,N/A,N/A,N/A
Travel (Legacy),Pro Basketball,United States,N/A,$0.00  ~ $0.00 ,N/A,N/A,N/A,N/A,N/A
Travel (Legacy),By US Locale,United States,N/A,$0.00  ~ $0.00 ,N/A,N/A,N/A,N/A,N/A
Travel (Legacy),Health/Lowfat Cooking,United States,N/A,$0.00  ~ $0.00 ,N/A,N/A,N/A,N/A,N/A
Travel (Legacy),Health/Lowfat Cooking,Canada,N/A,$0.00  ~ $0.00 ,N/A,N/A,N/A,N/A,N/A
Travel (Legacy),Buying/Selling Homes,United States,N/A,$0.00  ~ $0.00 ,N/A,N/A,N/A,N/A,N/A
Travel (Legacy),Buying/Selling Homes,Canada,N/A,$0.00  ~ $0.00 ,N/A,N/A,N/A,N/A,N/A
Travel (Legacy),Catholicism,United States,N/A,$0.00  ~ $0.00 ,N/A,N/A,N/A,N/A,N/A
Travel (Legacy),Entertaining,United States,N/A,$0.00  ~ $0.00 ,N/A,N/A,N/A,N/A,N/A
Travel (Legacy),Parenting - K-6 Kids,United States,N/A,$0.00  ~ $0.00 ,N/A,N/A,N/A,N/A,N/A
Travel (Legacy),Travel,United States,N/A,$0.00  ~ $0.00 ,N/A,N/A,N/A,N/A,N/A
Travel (Legacy),Travel,Canada,N/A,$0.00  ~ $0.00 ,N/A,N/A,N/A,N/A,N/A
Travel (Legacy),Accessories,United States,N/A,$0.00  ~ $0.00 ,N/A,N/A,N/A,N/A,N/A
Travel (Legacy),Computer Networking,United States,N/A,$0.00  ~ $0.00 ,N/A,N/A,N/A,N/A,N/A
Travel (Legacy),Scholarships,United States,N/A,$0.00  ~ $0.00 ,N/A,N/A,N/A,N/A,N/A
Travel (Legacy),Canada,Canada,N/A,$0.00  ~ $0.00 ,N/A,N/A,N/A,N/A,N/A
Travel (Legacy),Guitar,United States,N/A,$0.00  ~ $0.00 ,N/A,N/A,N/A,N/A,N/A
Travel (Legacy),Art/Technology,United States,N/A,$0.00  ~ $0.00 ,N/A,N/A,N/A,N/A,N/A
Travel (Legacy),Art/Technology,Canada,N/A,$0.00  ~ $0.00 ,N/A,N/A,N/A,N/A,N/A
Travel (Legacy),Couponing,United States,N/A,$0.00  ~ $0.00 ,N/A,N/A,N/A,N/A,N/A
Travel (Legacy),Couponing,Canada,N/A,$0.00  ~ $0.00 ,N/A,N/A,N/A,N/A,N/A
Travel (Legacy),Interior Decorating,United States,N/A,$0.00  ~ $0.00 ,N/A,N/A,N/A,N/A,N/A
Travel (Legacy),Interior Decorating,Canada,N/A,$0.00  ~ $0.00 ,N/A,N/A,N/A,N/A,N/A
Travel (Legacy),Green Solutions,United States,N/A,$0.00  ~ $0.00 ,N/A,N/A,N/A,N/A,N/A
Travel (Legacy),Green Solutions,Canada,N/A,$0.00  ~ $0.00 ,N/A,N/A,N/A,N/A,N/A
Travel (Legacy),Arts & Crafts,United States,N/A,$0.00  ~ $0.00 ,N/A,N/A,N/A,N/A,N/A
Travel (Legacy),Arts & Crafts,Canada,N/A,$0.00  ~ $0.00 ,N/A,N/A,N/A,N/A,N/A
Travel (Legacy),Honeymoons/Getaways,United States,N/A,$0.00  ~ $0.00 ,N/A,N/A,N/A,N/A,N/A
Travel (Legacy),Honeymoons/Getaways,Canada,N/A,$0.00  ~ $0.00 ,N/A,N/A,N/A,N/A,N/A
Travel (Legacy),Apartments,Canada,N/A,$0.00  ~ $0.00 ,N/A,N/A,N/A,N/A,N/A
Travel (Legacy),Apartments,United States,N/A,$0.00  ~ $0.00 ,N/A,N/A,N/A,N/A,N/A
Travel (Legacy),Arthritis,United States,N/A,$0.00  ~ $0.00 ,N/A,N/A,N/A,N/A,N/A
Travel (Legacy),Style & Fashion,United States,N/A,$0.00  ~ $0.00 ,N/A,N/A,N/A,N/A,N/A
Travel (Legacy),Fashion,United States,N/A,$0.00  ~ $0.00 ,N/A,N/A,N/A,N/A,N/A
Travel (Legacy),Home Theater,United States,N/A,$0.00  ~ $0.00 ,N/A,N/A,N/A,N/A,N/A
Travel (Legacy),Motorcycles,United States,N/A,$0.00  ~ $0.00 ,N/A,N/A,N/A,N/A,N/A
Travel (Legacy),Motorcycles,Canada,N/A,$0.00  ~ $0.00 ,N/A,N/A,N/A,N/A,N/A
Travel (Legacy),Real Estate,United States,N/A,$0.00  ~ $0.00 ,N/A,N/A,N/A,N/A,N/A
Travel (Legacy),Real Estate,Canada,N/A,$0.00  ~ $0.00 ,N/A,N/A,N/A,N/A,N/A
Travel (Legacy),Technology & Computing,United States,N/A,$0.00  ~ $0.00 ,N/A,N/A,N/A,N/A,N/A
Travel (Legacy),Technology & Computing,Canada,N/A,$0.00  ~ $0.00 ,N/A,N/A,N/A,N/A,N/A
Travel (Legacy),Birdwatching,United States,N/A,$0.00  ~ $0.00 ,N/A,N/A,N/A,N/A,N/A
Travel (Legacy),Birdwatching,Canada,N/A,$0.00  ~ $0.00 ,N/A,N/A,N/A,N/A,N/A
Travel (Legacy),Mountain Biking,Canada,N/A,$0.00  ~ $0.00 ,N/A,N/A,N/A,N/A,N/A
Travel (Legacy),Mountain Biking,United States,N/A,$0.00  ~ $0.00 ,N/A,N/A,N/A,N/A,N/A
Travel (Legacy),Religion & Spirituality,United States,N/A,$0.00  ~ $0.00 ,N/A,N/A,N/A,N/A,N/A
Travel (Legacy),Movies,United States,N/A,$0.00  ~ $0.00 ,N/A,N/A,N/A,N/A,N/A
Travel (Legacy),Family & Parenting,United States,N/A,$0.00  ~ $0.00 ,N/A,N/A,N/A,N/A,N/A
Travel (Legacy),Family & Parenting,Canada,N/A,$0.00  ~ $0.00 ,N/A,N/A,N/A,N/A,N/A
Travel (Legacy),Adventure Travel,United States,N/A,$0.00  ~ $0.00 ,N/A,N/A,N/A,N/A,N/A
Travel (Legacy),Weddings,United States,N/A,$0.00  ~ $0.00 ,N/A,N/A,N/A,N/A,N/A
Travel (Legacy),Shopping,United States,N/A,$0.00  ~ $0.00 ,N/A,N/A,N/A,N/A,N/A
Travel (Legacy),Shopping,Canada,N/A,$0.00  ~ $0.00 ,N/A,N/A,N/A,N/A,N/A
Travel (Legacy),Music,United States,N/A,$0.00  ~ $0.00 ,N/A,N/A,N/A,N/A,N/A
Travel (Legacy),Music,Canada,N/A,$0.00  ~ $0.00 ,N/A,N/A,N/A,N/A,N/A
Travel (Legacy),Cameras & Camcorders,United States,N/A,$0.00  ~ $0.00 ,N/A,N/A,N/A,N/A,N/A
Travel (Legacy),Cameras & Camcorders,Canada,N/A,$0.00  ~ $0.00 ,N/A,N/A,N/A,N/A,N/A
Travel (Legacy),Stamps & Coins,United States,N/A,$0.00  ~ $0.00 ,N/A,N/A,N/A,N/A,N/A
Travel (Legacy),Career Planning,United States,N/A,$0.00  ~ $0.00 ,N/A,N/A,N/A,N/A,N/A
Travel (Legacy),Career Planning,Canada,N/A,$0.00  ~ $0.00 ,N/A,N/A,N/A,N/A,N/A
Travel (Legacy),Credit/Debt & Loans,United States,N/A,$0.00  ~ $0.00 ,N/A,N/A,N/A,N/A,N/A
Travel (Legacy),Credit/Debt & Loans,Canada,N/A,$0.00  ~ $0.00 ,N/A,N/A,N/A,N/A,N/A
Travel (Legacy),Automotive,United States,N/A,$0.00  ~ $0.00 ,N/A,N/A,N/A,N/A,N/A
Travel (Legacy),Automotive,Canada,N/A,$0.00  ~ $0.00 ,N/A,N/A,N/A,N/A,N/A
Travel (Legacy),Cigars,Canada,N/A,$0.00  ~ $0.00 ,N/A,N/A,N/A,N/A,N/A
Travel (Legacy),Cigars,United States,N/A,$0.00  ~ $0.00 ,N/A,N/A,N/A,N/A,N/A
Travel (Legacy),Fine Art,United States,N/A,$0.00  ~ $0.00 ,N/A,N/A,N/A,N/A,N/A
Travel (Legacy),Fine Art,Canada,N/A,$0.00  ~ $0.00 ,N/A,N/A,N/A,N/A,N/A
Travel (Legacy),Environmental Safety,United States,N/A,$0.00  ~ $0.00 ,N/A,N/A,N/A,N/A,N/A
Travel (Legacy),Auto Parts,United States,N/A,$0.00  ~ $0.00 ,N/A,N/A,N/A,N/A,N/A
Travel (Legacy),Auto Parts,Canada,N/A,$0.00  ~ $0.00 ,N/A,N/A,N/A,N/A,N/A
Travel (Legacy),Chronic Pain,United States,N/A,$0.00  ~ $0.00 ,N/A,N/A,N/A,N/A,N/A
Travel (Legacy),Entertainment,United States,N/A,$0.00  ~ $0.00 ,N/A,N/A,N/A,N/A,N/A
Travel (Legacy),Politics,United States,N/A,$0.00  ~ $0.00 ,N/A,N/A,N/A,N/A,N/A
Travel (Legacy),Politics,Canada,N/A,$0.00  ~ $0.00 ,N/A,N/A,N/A,N/A,N/A
Travel (Legacy),Dogs,United States,N/A,$0.00  ~ $0.00 ,N/A,N/A,N/A,N/A,N/A
Travel (Legacy),Dogs,Canada,N/A,$0.00  ~ $0.00 ,N/A,N/A,N/A,N/A,N/A
Travel (Legacy),Language Learning,United States,N/A,$0.00  ~ $0.00 ,N/A,N/A,N/A,N/A,N/A
Travel (Legacy),Thyroid Disease,United States,N/A,$0.00  ~ $0.00 ,N/A,N/A,N/A,N/A,N/A
Travel (Legacy),Babies & Toddlers,United States,N/A,$0.00  ~ $0.00 ,N/A,N/A,N/A,N/A,N/A
Travel (Legacy),Clothing,United States,N/A,$0.00  ~ $0.00 ,N/A,N/A,N/A,N/A,N/A
Travel (Legacy),Clothing,Canada,N/A,$0.00  ~ $0.00 ,N/A,N/A,N/A,N/A,N/A
Travel (Legacy),Business,United States,N/A,$0.00  ~ $0.00 ,N/A,N/A,N/A,N/A,N/A
Travel (Legacy),Business,Canada,N/A,$0.00  ~ $0.00 ,N/A,N/A,N/A,N/A,N/A
Travel (Legacy),Advertising,United States,N/A,$0.00  ~ $0.00 ,N/A,N/A,N/A,N/A,N/A
Travel (Legacy),Advertising,Canada,N/A,$0.00  ~ $0.00 ,N/A,N/A,N/A,N/A,N/A
Travel (Legacy),Insurance,United States,N/A,$0.00  ~ $0.00 ,N/A,N/A,N/A,N/A,N/A
Travel (Legacy),Insurance,Canada,N/A,$0.00  ~ $0.00 ,N/A,N/A,N/A,N/A,N/A
Travel (Legacy),Desserts & Baking,United States,N/A,$0.00  ~ $0.00 ,N/A,N/A,N/A,N/A,N/A
Travel (Legacy),Desserts & Baking,Canada,N/A,$0.00  ~ $0.00 ,N/A,N/A,N/A,N/A,N/A
Travel (Legacy),Senor Health,Canada,N/A,$0.00  ~ $0.00 ,N/A,N/A,N/A,N/A,N/A
Travel (Legacy),Senor Health,United States,N/A,$0.00  ~ $0.00 ,N/A,N/A,N/A,N/A,N/A