Category,Brand Category,Country,Impressions,eCPM,eCPC,eCPE,CTR,Video Completion Rate,Audio Completion Rate
Arts & Entertainment (Legacy),Large Animals,United States,"1,342",$13.70  ~ $33.70 ,$86.35 ,N/A,0.02%,N/A,N/A
Arts & Entertainment (Legacy),Cruises,Canada,"2,384",$6.68  ~ $7.96 ,$4.14 ,$32.75 ,0.16%,N/A,N/A
Arts & Entertainment (Legacy),Cruises,United Kingdom,781,$5.64  ~ $5.83 ,$3.44 ,$38.96 ,0.17%,N/A,N/A
Arts & Entertainment (Legacy),Cruises,United States,"51,792",$8.16  ~ $9.01 ,$15.52 ,$110.62 ,0.06%,N/A,N/A
Arts & Entertainment (Legacy),Adventure Travel,United States,"7,778",$3.28  ~ $14.44 ,$6.83 ,$27.63 ,0.05%,N/A,N/A
Arts & Entertainment (Legacy),Heart Disease,United States,680,$2.44  ~ $3.71 ,$12.57 ,N/A,0.03%,N/A,N/A
Arts & Entertainment (Legacy),Weddings,Canada,60,$2.23  ~ $4.90 ,N/A,N/A,N/A,N/A,N/A
Arts & Entertainment (Legacy),Weddings,United States,949,$6.34  ~ $6.69 ,$6.00 ,$69.55 ,0.11%,N/A,N/A
Arts & Entertainment (Legacy),Astrology,Canada,4,$2.05  ~ $5.01 ,N/A,N/A,N/A,N/A,N/A
Arts & Entertainment (Legacy),Swimming,United States,"5,162",$2.16  ~ $8.09 ,$49.18 ,$130.72 ,0.02%,N/A,N/A
Arts & Entertainment (Legacy),Metals,Canada,"9,834",$4.36  ~ $7.52 ,$8.32 ,$128.45 ,0.05%,N/A,N/A
Arts & Entertainment (Legacy),Metals,United Kingdom,"1,588",$8.17  ~ $8.26 ,$0.72 ,N/A,1.15%,N/A,N/A
Arts & Entertainment (Legacy),Metals,Mexico,15,$4.73  ~ $4.92 ,$38.80 ,N/A,0.01%,N/A,N/A
Arts & Entertainment (Legacy),Metals,United States,"95,152",$7.13  ~ $8.10 ,$13.21 ,$163.46 ,0.06%,N/A,N/A
Arts & Entertainment (Legacy),Incontinence,Canada,6,$5.40  ~ $11.62 ,$169.47 ,N/A,0.00%,N/A,N/A
Arts & Entertainment (Legacy),Incontinence,United States,167,$2.76  ~ $2.98 ,$10.76 ,$25.26 ,0.03%,N/A,N/A
Arts & Entertainment (Legacy),Wine,United States,"1,871",$8.12  ~ $9.21 ,$13.31 ,$255.64 ,0.07%,N/A,N/A
Arts & Entertainment (Legacy),Wine,Ireland,198,$5.36  ~ $11.10 ,$25.18 ,N/A,0.02%,N/A,N/A
Arts & Entertainment (Legacy),Dining Out,Canada,"1,444",$6.36  ~ $7.79 ,$13.71 ,$35.51 ,0.05%,N/A,N/A
Arts & Entertainment (Legacy),Dining Out,United States,"41,826",$5.30  ~ $7.77 ,$11.67 ,$73.51 ,0.05%,N/A,N/A
Arts & Entertainment (Legacy),Dining Out,United Kingdom,"6,238",$16.45  ~ $20.02 ,$14.23 ,$747.15 ,0.12%,N/A,N/A
Arts & Entertainment (Legacy),Home Repair,Canada,"1,456",$5.57  ~ $5.60 ,$3.65 ,$66.52 ,0.15%,N/A,N/A
Arts & Entertainment (Legacy),Home Repair,United Kingdom,"2,974",$6.17  ~ $8.82 ,$0.34 ,$4.46 ,1.81%,N/A,N/A
Arts & Entertainment (Legacy),Home Repair,United States,"109,585",$6.92  ~ $7.00 ,$14.27 ,$119.19 ,0.05%,N/A,N/A
Arts & Entertainment (Legacy),Cameras & Camcorders,United States,803,$6.32  ~ $6.73 ,$40.43 ,N/A,0.02%,N/A,N/A
Arts & Entertainment (Legacy),Cameras & Camcorders,Canada,28,$9.39  ~ $19.38 ,$10.12 ,$39.80 ,0.09%,N/A,N/A
Arts & Entertainment (Legacy),Real Estate,United States,"76,862",$6.66  ~ $6.82 ,$7.80 ,$54.12 ,0.09%,N/A,N/A
Arts & Entertainment (Legacy),Real Estate,Canada,"1,791",$4.70  ~ $5.23 ,$9.21 ,$83.45 ,0.06%,N/A,N/A
Arts & Entertainment (Legacy),Real Estate,United Kingdom,"19,528",$5.78  ~ $7.07 ,$7.89 ,$61.95 ,0.07%,N/A,N/A
Arts & Entertainment (Legacy),Family & Parenting,Canada,883,$2.73  ~ $3.84 ,$0.57 ,$16.22 ,0.48%,N/A,N/A
Arts & Entertainment (Legacy),Family & Parenting,United Kingdom,"9,063",$7.51  ~ $7.54 ,$3.74 ,$45.63 ,0.20%,N/A,N/A
Arts & Entertainment (Legacy),Family & Parenting,United States,"26,997",$7.02  ~ $8.04 ,$9.23 ,$55.68 ,0.08%,N/A,N/A
Arts & Entertainment (Legacy),Dental Care,Canada,265,$2.24  ~ $5.29 ,$1.16 ,N/A,0.19%,N/A,N/A
Arts & Entertainment (Legacy),Dental Care,United Kingdom,21,$16.59  ~ $36.69 ,$15.84 ,N/A,0.10%,N/A,N/A
Arts & Entertainment (Legacy),Dental Care,United States,"2,588",$2.48  ~ $3.16 ,$15.86 ,N/A,0.02%,N/A,N/A
Arts & Entertainment (Legacy),Legal Issues,Canada,"11,666",$5.62  ~ $6.17 ,$6.20 ,$61.16 ,0.10%,N/A,N/A
Arts & Entertainment (Legacy),Legal Issues,United Kingdom,"32,579",$5.58  ~ $5.96 ,$1.81 ,$19.68 ,0.33%,N/A,N/A
Arts & Entertainment (Legacy),Legal Issues,United States,"389,237",$8.92  ~ $10.83 ,$16.96 ,$110.81 ,0.05%,N/A,N/A
Arts & Entertainment (Legacy),Infertility,United States,"44,447",$4.10  ~ $6.75 ,$26.22 ,N/A,0.03%,N/A,N/A
Arts & Entertainment (Legacy),Pediatrics,United States,"4,329",$10.79  ~ $15.07 ,$17.12 ,N/A,0.06%,N/A,N/A
Arts & Entertainment (Legacy),Comparison,United States,136,$4.37  ~ $10.58 ,$5.82 ,N/A,0.08%,N/A,N/A
Arts & Entertainment (Legacy),Comparison,Mexico,42,$3.02  ~ $3.53 ,$2.67 ,N/A,0.11%,N/A,N/A
Arts & Entertainment (Legacy),Environmental Safety,Canada,18,$2.29  ~ $5.16 ,$0.55 ,N/A,0.42%,N/A,N/A
Arts & Entertainment (Legacy),Environmental Safety,United States,"4,011",$6.77  ~ $9.15 ,$63.12 ,$489.62 ,0.01%,N/A,N/A
Arts & Entertainment (Legacy),Education,Canada,398,$7.90  ~ $9.57 ,$30.78 ,$298.30 ,0.03%,N/A,N/A
Arts & Entertainment (Legacy),Education,United Kingdom,"3,965",$5.46  ~ $10.04 ,$7.00 ,$313.03 ,0.08%,N/A,N/A
Arts & Entertainment (Legacy),Education,Mexico,9,$8.16  ~ $8.16 ,$3.35 ,$34.80 ,0.24%,N/A,N/A
Arts & Entertainment (Legacy),Education,United States,"99,424",$8.01  ~ $8.30 ,$13.65 ,$97.70 ,0.06%,N/A,N/A
Arts & Entertainment (Legacy),Education,Ireland,13,$10.21  ~ $10.21 ,$18.49 ,$184.93 ,0.06%,N/A,N/A
Arts & Entertainment (Legacy),Health & Fitness,Canada,"9,208",$4.90  ~ $8.08 ,$3.46 ,$32.78 ,0.14%,N/A,N/A
Arts & Entertainment (Legacy),Health & Fitness,United Kingdom,"17,018",$6.39  ~ $6.82 ,$4.19 ,$79.72 ,0.16%,N/A,N/A
Arts & Entertainment (Legacy),Health & Fitness,Ireland,137,$2.13  ~ $2.38 ,$1.84 ,N/A,0.13%,N/A,N/A
Arts & Entertainment (Legacy),Health & Fitness,United States,"948,893",$8.27  ~ $8.68 ,$11.96 ,$85.24 ,0.07%,N/A,N/A
Arts & Entertainment (Legacy),Arts & Crafts,United States,"124,189",$2.75  ~ $5.74 ,$4.25 ,$78.42 ,0.06%,N/A,N/A
Arts & Entertainment (Legacy),Electric Vehicle,United States,3,$2.05  ~ $4.48 ,N/A,N/A,N/A,N/A,N/A
Arts & Entertainment (Legacy),Electric Vehicle,Canada,424,$4.63  ~ $11.46 ,$2.19 ,$51.64 ,0.21%,N/A,N/A
Arts & Entertainment (Legacy),Fine Art,Canada,844,$6.75  ~ $6.80 ,$3.59 ,$132.26 ,0.19%,N/A,N/A
Arts & Entertainment (Legacy),Fine Art,United Kingdom,"71,709",$6.08  ~ $6.39 ,$10.88 ,$87.93 ,0.06%,N/A,N/A
Arts & Entertainment (Legacy),Fine Art,United States,"35,688",$7.52  ~ $8.81 ,$9.74 ,$42.51 ,0.08%,N/A,N/A
Arts & Entertainment (Legacy),U.S. Government Resources,United States,"13,684",$8.00  ~ $8.04 ,$33.47 ,$188.31 ,0.02%,N/A,N/A
Arts & Entertainment (Legacy),Internet Technology,Canada,6,$3.94  ~ $8.81 ,$2.60 ,N/A,0.15%,N/A,N/A
Arts & Entertainment (Legacy),Internet Technology,United Kingdom,572,$6.32  ~ $8.83 ,$18.95 ,$106.61 ,0.05%,N/A,N/A
Arts & Entertainment (Legacy),Internet Technology,United States,"189,280",$6.92  ~ $7.64 ,$15.34 ,$52.72 ,0.05%,N/A,N/A
Arts & Entertainment (Legacy),Alternative Medicine,Canada,212,$1.80  ~ $2.09 ,$8.76 ,N/A,0.02%,N/A,N/A
Arts & Entertainment (Legacy),Alternative Medicine,United States,"15,467",$8.53  ~ $9.32 ,$19.84 ,$867.53 ,0.05%,N/A,N/A
Arts & Entertainment (Legacy),Alternative Medicine,United Kingdom,108,$5.44  ~ $5.44 ,$14.78 ,$44.34 ,0.04%,N/A,N/A
Arts & Entertainment (Legacy),Books & Literature,United States,89,$22.79  ~ $46.97 ,$47.30 ,N/A,0.05%,N/A,N/A
Arts & Entertainment (Legacy),Alternative Religions,United States,"5,856",$7.75  ~ $8.98 ,$59.54 ,$270.54 ,0.02%,N/A,N/A
Arts & Entertainment (Legacy),Alternative Religions,United Kingdom,97,$5.52  ~ $11.39 ,N/A,N/A,N/A,N/A,N/A
Arts & Entertainment (Legacy),Green Solutions,United States,"45,579",$8.02  ~ $8.22 ,$9.40 ,$99.70 ,0.09%,N/A,N/A
Arts & Entertainment (Legacy),Green Solutions,United Kingdom,103,$6.88  ~ $7.32 ,$6.34 ,N/A,0.11%,N/A,N/A
Arts & Entertainment (Legacy),Green Solutions,Canada,"29,113",$3.79  ~ $4.30 ,$8.59 ,$57.36 ,0.05%,N/A,N/A
Arts & Entertainment (Legacy),College,Canada,"2,443",$5.12  ~ $6.86 ,$12.03 ,$35.98 ,0.04%,N/A,N/A
Arts & Entertainment (Legacy),College,United Kingdom,"4,065",$9.17  ~ $9.33 ,$9.48 ,"$1,116.46 ",0.10%,N/A,N/A
Arts & Entertainment (Legacy),College,United States,"72,745",$4.95  ~ $8.45 ,$14.22 ,$101.14 ,0.06%,N/A,N/A
Arts & Entertainment (Legacy),College,Mexico,1,$4.26  ~ $4.26 ,$13.43 ,N/A,0.03%,N/A,N/A
Arts & Entertainment (Legacy),Daycare/Pre School,Canada,48,$2.31  ~ $5.33 ,N/A,N/A,N/A,N/A,N/A
Arts & Entertainment (Legacy),Daycare/Pre School,United States,615,$2.01  ~ $3.70 ,$6.02 ,N/A,0.06%,N/A,N/A
Arts & Entertainment (Legacy),Allergies,Canada,583,$5.23  ~ $11.16 ,$5.41 ,N/A,0.10%,N/A,N/A
Arts & Entertainment (Legacy),Allergies,United States,1,$9.67  ~ $21.99 ,$31.36 ,N/A,0.03%,N/A,N/A
Arts & Entertainment (Legacy),Allergies,United Kingdom,147,$3.33  ~ $7.05 ,N/A,N/A,N/A,N/A,N/A
Arts & Entertainment (Legacy),Hobbies & Interests,United States,"336,434",$7.95  ~ $8.51 ,$18.07 ,$71.52 ,0.05%,N/A,N/A
Arts & Entertainment (Legacy),Hobbies & Interests,United Kingdom,"77,971",$2.31  ~ $2.31 ,$8.88 ,$9.61 ,0.03%,N/A,N/A
Arts & Entertainment (Legacy),Hobbies & Interests,Canada,113,$0.00  ~ $6.64 ,$11.65 ,$44.64 ,0.06%,N/A,N/A
Arts & Entertainment (Legacy),Dogs,Canada,147,$2.69  ~ $6.65 ,$7.23 ,N/A,0.04%,N/A,N/A
Arts & Entertainment (Legacy),Dogs,United States,"15,034",$3.83  ~ $6.56 ,$10.03 ,$29.11 ,0.04%,N/A,N/A
Arts & Entertainment (Legacy),Dogs,United Kingdom,"1,604",$9.22  ~ $9.22 ,$27.60 ,N/A,0.03%,N/A,N/A
Arts & Entertainment (Legacy),Veterinary Medicine,Canada,4,$2.22  ~ $5.25 ,$5.67 ,N/A,0.04%,N/A,N/A
Arts & Entertainment (Legacy),Veterinary Medicine,United States,"1,216",$5.76  ~ $5.98 ,$19.13 ,N/A,0.03%,N/A,N/A
Arts & Entertainment (Legacy),Pro Basketball,Canada,212,$3.38  ~ $12.71 ,$5.65 ,$18.89 ,0.06%,N/A,N/A
Arts & Entertainment (Legacy),Pro Basketball,United States,"32,751",$7.32  ~ $8.93 ,$14.61 ,$86.12 ,0.05%,N/A,N/A
Arts & Entertainment (Legacy),Pro Basketball,United Kingdom,"7,716",$7.08  ~ $8.09 ,$5.17 ,$93.18 ,0.16%,N/A,N/A
Arts & Entertainment (Legacy),Technology & Computing,Canada,"1,491",$5.14  ~ $6.53 ,$14.88 ,N/A,0.04%,N/A,N/A
Arts & Entertainment (Legacy),Technology & Computing,United States,"59,313",$6.83  ~ $6.90 ,$20.46 ,$164.11 ,0.03%,N/A,N/A
Arts & Entertainment (Legacy),Technology & Computing,United Kingdom,"14,317",$4.90  ~ $10.25 ,$23.14 ,$119.94 ,0.04%,N/A,N/A
Arts & Entertainment (Legacy),Religion & Spirituality,United States,11,$2.29  ~ $5.35 ,N/A,N/A,N/A,N/A,N/A
Arts & Entertainment (Legacy),Fashion,United States,337,$8.20  ~ $17.74 ,$62.13 ,$372.77 ,0.01%,N/A,N/A
Arts & Entertainment (Legacy),Financial Aid,United States,"10,212",$7.20  ~ $7.82 ,$19.54 ,N/A,0.04%,N/A,N/A
Arts & Entertainment (Legacy),Buying/Selling Cars,United Kingdom,"4,770",$8.11  ~ $10.18 ,$38.74 ,$162.42 ,0.03%,N/A,N/A
Arts & Entertainment (Legacy),Buying/Selling Cars,United States,"42,458",$4.59  ~ $4.80 ,$15.16 ,$222.72 ,0.03%,N/A,N/A
Arts & Entertainment (Legacy),Buying/Selling Cars,Mexico,9,$7.98  ~ $21.19 ,$6.99 ,N/A,0.11%,N/A,N/A
Arts & Entertainment (Legacy),Buying/Selling Cars,Canada,"9,344",$5.58  ~ $6.83 ,$18.20 ,$257.26 ,0.03%,N/A,N/A
Arts & Entertainment (Legacy),Theme Parks,United States,"9,765",$9.00  ~ $9.00 ,$22.49 ,$46.22 ,0.04%,N/A,N/A
Arts & Entertainment (Legacy),Theme Parks,Canada,"2,633",$4.96  ~ $10.49 ,$5.67 ,$40.29 ,0.09%,N/A,N/A
Arts & Entertainment (Legacy),Cigars,United States,"93,604",$6.74  ~ $7.16 ,$19.35 ,$168.84 ,0.03%,N/A,N/A
Arts & Entertainment (Legacy),Cigars,United Kingdom,"40,759",$4.73  ~ $13.69 ,$7.74 ,$83.69 ,0.06%,N/A,N/A
Arts & Entertainment (Legacy),Cigars,Ireland,1,$9.03  ~ $9.03 ,$4.26 ,$28.75 ,0.21%,N/A,N/A
Arts & Entertainment (Legacy),Cigars,Canada,295,$4.40  ~ $4.76 ,$30.46 ,N/A,0.02%,N/A,N/A
Arts & Entertainment (Legacy),Food & Drink,Canada,287,$5.31  ~ $10.84 ,$10.56 ,N/A,0.05%,N/A,N/A
Arts & Entertainment (Legacy),Food & Drink,United States,"34,257",$6.40  ~ $9.02 ,$8.82 ,$44.24 ,0.07%,N/A,N/A
Arts & Entertainment (Legacy),Investors & Patents,United States,"126,308",$5.47  ~ $6.37 ,$5.68 ,$58.87 ,0.11%,N/A,N/A
Arts & Entertainment (Legacy),Investors & Patents,Mexico,156,$3.93  ~ $4.45 ,$17.96 ,$140.88 ,0.02%,N/A,N/A
Arts & Entertainment (Legacy),Investors & Patents,Canada,"2,853",$2.32  ~ $4.01 ,$2.19 ,N/A,0.11%,N/A,N/A
Arts & Entertainment (Legacy),Investors & Patents,United Kingdom,138,$4.18  ~ $8.36 ,$30.56 ,N/A,0.03%,N/A,N/A
Arts & Entertainment (Legacy),Hunting/Shooting,United States,223,$4.69  ~ $4.69 ,$16.03 ,N/A,0.03%,N/A,N/A
Arts & Entertainment (Legacy),Government,Canada,2,$9.00  ~ $9.06 ,$11.40 ,N/A,0.08%,N/A,N/A
Arts & Entertainment (Legacy),Government,United States,"8,655",$7.99  ~ $8.24 ,$12.08 ,$126.13 ,0.07%,N/A,N/A
Arts & Entertainment (Legacy),Sexuality,Canada,26,$2.77  ~ $6.34 ,$4.64 ,N/A,0.06%,N/A,N/A
Arts & Entertainment (Legacy),Sexuality,United States,"141,136",$5.93  ~ $6.95 ,$10.39 ,$139.83 ,0.06%,N/A,N/A
Arts & Entertainment (Legacy),Accessories,Canada,16,$2.05  ~ $4.32 ,N/A,N/A,N/A,N/A,N/A
Arts & Entertainment (Legacy),Accessories,United States,"4,562",$12.85  ~ $14.54 ,$6.93 ,$113.45 ,0.19%,N/A,N/A
Arts & Entertainment (Legacy),Bed & Breakfasts,United Kingdom,"1,268",$10.00  ~ $10.11 ,$12.50 ,$52.89 ,0.08%,N/A,N/A
Arts & Entertainment (Legacy),Bed & Breakfasts,United States,"7,536",$4.82  ~ $4.97 ,$27.53 ,$84.64 ,0.02%,N/A,N/A
Arts & Entertainment (Legacy),Bed & Breakfasts,Canada,"1,526",$0.38  ~ $0.38 ,$4.68 ,N/A,0.01%,N/A,N/A
Arts & Entertainment (Legacy),Biotech/Biomedical,Canada,"1,872",$7.76  ~ $8.17 ,$13.88 ,$94.40 ,0.06%,N/A,N/A
Arts & Entertainment (Legacy),Biotech/Biomedical,United Kingdom,834,$7.22  ~ $9.41 ,$20.30 ,$90.33 ,0.05%,N/A,N/A
Arts & Entertainment (Legacy),Biotech/Biomedical,Ireland,2,$6.73  ~ $12.64 ,$10.61 ,N/A,0.12%,N/A,N/A
Arts & Entertainment (Legacy),Biotech/Biomedical,United States,"154,548",$9.04  ~ $15.16 ,$9.68 ,$103.75 ,0.09%,N/A,N/A
Arts & Entertainment (Legacy),Careers,United Kingdom,"1,575",$6.90  ~ $16.95 ,$14.83 ,$127.76 ,0.05%,N/A,N/A
Arts & Entertainment (Legacy),Careers,Canada,"1,554",$3.84  ~ $5.47 ,$6.02 ,$42.77 ,0.06%,N/A,N/A
Arts & Entertainment (Legacy),Careers,United States,"49,826",$2.62  ~ $7.51 ,$11.41 ,$110.14 ,0.02%,N/A,N/A
Arts & Entertainment (Legacy),Radio,United States,"1,054",$5.73  ~ $6.31 ,$7.86 ,N/A,0.08%,N/A,N/A
Arts & Entertainment (Legacy),Auto Repair,Canada,"4,713",$5.74  ~ $6.27 ,$18.57 ,N/A,0.03%,N/A,N/A
Arts & Entertainment (Legacy),Auto Repair,United States,"25,191",$6.99  ~ $9.44 ,$18.81 ,$177.71 ,0.05%,N/A,N/A
Arts & Entertainment (Legacy),Travel,United States,"167,273",$4.98  ~ $5.73 ,$7.95 ,$60.29 ,0.07%,N/A,N/A
Arts & Entertainment (Legacy),Travel,Canada,654,$7.63  ~ $7.90 ,$21.01 ,$110.66 ,0.04%,N/A,N/A
Arts & Entertainment (Legacy),Travel,United Kingdom,"41,575",$6.10  ~ $6.71 ,$1.21 ,$10.79 ,0.50%,N/A,N/A
Arts & Entertainment (Legacy),Travel,Ireland,4,$4.32  ~ $5.26 ,$1.99 ,$9.05 ,0.26%,N/A,N/A
Arts & Entertainment (Legacy),Marketing,United States,"3,466",$6.92  ~ $8.62 ,$13.43 ,$250.54 ,0.06%,N/A,N/A
Arts & Entertainment (Legacy),Marketing,Canada,"7,798",$3.18  ~ $6.96 ,$2.30 ,$29.18 ,0.14%,N/A,N/A
Arts & Entertainment (Legacy),Adult Education,Canada,25,$5.47  ~ $6.84 ,N/A,N/A,N/A,N/A,N/A
Arts & Entertainment (Legacy),Adult Education,United States,"3,573",$3.27  ~ $5.95 ,$18.51 ,$116.45 ,0.03%,N/A,N/A
Arts & Entertainment (Legacy),Adult Education,United Kingdom,393,$7.50  ~ $8.93 ,$11.52 ,N/A,0.08%,N/A,N/A
Arts & Entertainment (Legacy),Teens,United States,12,$9.54  ~ $21.23 ,$11.13 ,$122.43 ,0.09%,N/A,N/A
Arts & Entertainment (Legacy),Appliances,United Kingdom,"2,091",$6.67  ~ $6.82 ,$1.36 ,$11.48 ,0.49%,N/A,N/A
Arts & Entertainment (Legacy),Appliances,Canada,"1,861",$7.73  ~ $9.40 ,$5.19 ,$59.02 ,0.15%,N/A,N/A
Arts & Entertainment (Legacy),Appliances,United States,"322,221",$7.82  ~ $7.95 ,$24.39 ,$109.94 ,0.03%,N/A,N/A
Arts & Entertainment (Legacy),Politics,Canada,452,$10.12  ~ $11.51 ,$9.11 ,$98.75 ,0.11%,N/A,N/A
Arts & Entertainment (Legacy),Politics,United States,"248,363",$9.54  ~ $9.95 ,$35.40 ,$385.08 ,0.03%,N/A,N/A
Arts & Entertainment (Legacy),Road-Side Assistance,Canada,167,$2.12  ~ $4.68 ,N/A,N/A,N/A,N/A,N/A
Arts & Entertainment (Legacy),Road-Side Assistance,United States,41,$2.59  ~ $5.36 ,$2.20 ,N/A,0.12%,N/A,N/A
Arts & Entertainment (Legacy),Road-Side Assistance,Mexico,"2,560",$4.40  ~ $10.64 ,$5.15 ,N/A,0.09%,N/A,N/A
Arts & Entertainment (Legacy),Road-Side Assistance,United Kingdom,"1,241",$9.81  ~ $21.69 ,$25.43 ,N/A,0.04%,N/A,N/A
Arts & Entertainment (Legacy),Construction,Canada,"2,752",$5.40  ~ $12.02 ,$10.40 ,$61.88 ,0.05%,N/A,N/A
Arts & Entertainment (Legacy),Construction,United States,"18,572",$6.40  ~ $8.30 ,$19.53 ,$100.37 ,0.04%,N/A,N/A
Arts & Entertainment (Legacy),Construction,United Kingdom,"2,205",$8.80  ~ $9.19 ,$20.11 ,N/A,0.04%,N/A,N/A
Arts & Entertainment (Legacy),Construction,Ireland,1,$6.55  ~ $15.12 ,N/A,N/A,N/A,N/A,N/A
Arts & Entertainment (Legacy),Dermatology,Canada,30,$3.58  ~ $8.48 ,N/A,N/A,N/A,N/A,N/A
Arts & Entertainment (Legacy),Dermatology,United States,"1,206",$6.20  ~ $6.63 ,$25.25 ,N/A,0.03%,N/A,N/A
Arts & Entertainment (Legacy),Video & Computer Games,United States,80,$0.00  ~ $3.69 ,$4.97 ,N/A,0.07%,N/A,N/A
Arts & Entertainment (Legacy),Birdwatching,Canada,620,$10.35  ~ $23.19 ,$9.38 ,N/A,0.11%,N/A,N/A
Arts & Entertainment (Legacy),Birdwatching,United States,"10,342",$7.49  ~ $9.04 ,$5.97 ,$181.79 ,0.15%,N/A,N/A
Arts & Entertainment (Legacy),Music,Canada,"3,932",$3.95  ~ $4.26 ,$3.87 ,$123.22 ,0.11%,N/A,N/A
Arts & Entertainment (Legacy),Music,United Kingdom,"2,837",$4.87  ~ $7.01 ,$12.45 ,N/A,0.06%,N/A,N/A
Arts & Entertainment (Legacy),Music,United States,"208,902",$6.38  ~ $6.59 ,$16.75 ,$98.41 ,0.04%,N/A,N/A
Arts & Entertainment (Legacy),Body Art,United States,17,$2.12  ~ $4.49 ,N/A,N/A,N/A,N/A,N/A
Arts & Entertainment (Legacy),Motorcycles,United States,"63,910",$4.79  ~ $8.08 ,$10.04 ,$55.73 ,0.05%,N/A,N/A
Arts & Entertainment (Legacy),Motorcycles,Canada,"1,027",$4.87  ~ $12.14 ,$2.53 ,$29.22 ,0.19%,N/A,N/A
Arts & Entertainment (Legacy),Motorcycles,United Kingdom,1,$5.65  ~ $13.54 ,$0.12 ,$0.54 ,4.53%,N/A,N/A
Arts & Entertainment (Legacy),Contests & Freebies,Canada,5,$2.06  ~ $4.17 ,$0.68 ,N/A,0.30%,N/A,N/A
Arts & Entertainment (Legacy),Contests & Freebies,United States,280,$8.12  ~ $9.84 ,$15.30 ,$12.53 ,0.05%,N/A,N/A
Arts & Entertainment (Legacy),Homework/Study Tips,United States,74,$2.23  ~ $5.52 ,N/A,N/A,N/A,N/A,N/A
Arts & Entertainment (Legacy),K-6 Educators,United States,"12,840",$6.83  ~ $9.57 ,$6.23 ,$51.69 ,0.11%,N/A,N/A
Arts & Entertainment (Legacy),K-6 Educators,Canada,30,$3.25  ~ $12.06 ,N/A,N/A,N/A,N/A,N/A
Arts & Entertainment (Legacy),K-6 Educators,United Kingdom,199,$6.82  ~ $7.04 ,$13.32 ,N/A,0.05%,N/A,N/A
Arts & Entertainment (Legacy),Senior Living,Canada,214,$3.63  ~ $6.82 ,$1.52 ,N/A,0.24%,N/A,N/A
Arts & Entertainment (Legacy),Senior Living,United Kingdom,888,$6.83  ~ $7.38 ,$7.91 ,$181.63 ,0.09%,N/A,N/A
Arts & Entertainment (Legacy),Senior Living,United States,"12,029",$6.62  ~ $6.81 ,$16.84 ,$118.93 ,0.04%,N/A,N/A
Arts & Entertainment (Legacy),Net Conferencing,Canada,327,$5.95  ~ $14.02 ,$22.91 ,N/A,0.03%,N/A,N/A
Arts & Entertainment (Legacy),Net Conferencing,United States,467,$18.88  ~ $51.02 ,$51.84 ,$75.50 ,0.04%,N/A,N/A
Arts & Entertainment (Legacy),Net Conferencing,United Kingdom,8,$6.84  ~ $16.58 ,N/A,N/A,N/A,N/A,N/A
Arts & Entertainment (Legacy),Guitar,United States,58,$2.54  ~ $5.36 ,N/A,N/A,N/A,N/A,N/A
Arts & Entertainment (Legacy),Computer Certification,United States,11,$7.27  ~ $12.60 ,$14.91 ,N/A,0.05%,N/A,N/A
Arts & Entertainment (Legacy),Parenting - K-6 Kids,United States,"6,581",$1.64  ~ $2.16 ,$12.70 ,N/A,0.02%,N/A,N/A
Arts & Entertainment (Legacy),Incest/Abuse Support,United States,"27,803",$8.32  ~ $9.92 ,$20.69 ,$179.70 ,0.05%,N/A,N/A
Arts & Entertainment (Legacy),Incest/Abuse Support,Canada,264,$6.21  ~ $7.20 ,$18.31 ,$25.51 ,0.03%,N/A,N/A
Arts & Entertainment (Legacy),Coffee/Tea,United States,"34,407",$5.32  ~ $7.37 ,$2.12 ,$5.30 ,0.25%,N/A,N/A
Arts & Entertainment (Legacy),Arthritis,United States,4,$16.49  ~ $16.49 ,N/A,N/A,N/A,N/A,N/A
Arts & Entertainment (Legacy),Retirement Planning,Canada,1,$3.81  ~ $9.41 ,$1.25 ,N/A,0.31%,N/A,N/A
Arts & Entertainment (Legacy),Retirement Planning,United Kingdom,32,$6.92  ~ $15.29 ,$27.31 ,N/A,0.03%,N/A,N/A
Arts & Entertainment (Legacy),Retirement Planning,United States,593,$8.22  ~ $14.65 ,$29.93 ,N/A,0.05%,N/A,N/A
Arts & Entertainment (Legacy),Martial Arts,United States,293,$3.43  ~ $6.93 ,$9.11 ,N/A,0.04%,N/A,N/A
Arts & Entertainment (Legacy),Martial Arts,Canada,42,$2.18  ~ $4.38 ,$0.50 ,N/A,0.43%,N/A,N/A
Arts & Entertainment (Legacy),Career Planning,United States,"14,495",$8.00  ~ $8.44 ,$16.57 ,$144.97 ,0.05%,N/A,N/A
Arts & Entertainment (Legacy),Career Planning,Canada,"1,819",$6.19  ~ $6.76 ,$25.08 ,$28.57 ,0.02%,N/A,N/A
Arts & Entertainment (Legacy),Career Planning,United Kingdom,46,$8.41  ~ $8.63 ,$16.41 ,$62.92 ,0.05%,N/A,N/A
Arts & Entertainment (Legacy),Career Planning,Mexico,1,$7.37  ~ $7.85 ,$3.82 ,$16.08 ,0.19%,N/A,N/A
Arts & Entertainment (Legacy),Cuisine-Specific,United States,"1,638",$3.24  ~ $3.24 ,$9.23 ,N/A,0.04%,N/A,N/A
Arts & Entertainment (Legacy),Stocks,United States,3,$10.45  ~ $10.45 ,$15.03 ,$30.05 ,0.07%,N/A,N/A
Arts & Entertainment (Legacy),Celebrity Fan/Gossip,United States,"2,745",$6.66  ~ $16.47 ,$44.56 ,N/A,0.01%,N/A,N/A
Arts & Entertainment (Legacy),News,United States,"36,357",$10.88  ~ $14.21 ,$17.49 ,$191.06 ,0.06%,N/A,N/A
Arts & Entertainment (Legacy),News,Canada,98,$5.84  ~ $13.69 ,$15.07 ,N/A,0.04%,N/A,N/A
Arts & Entertainment (Legacy),Automotive,Canada,"3,883",$6.84  ~ $8.25 ,$4.94 ,$41.12 ,0.14%,N/A,N/A
Arts & Entertainment (Legacy),Automotive,United States,"251,551",$7.37  ~ $8.90 ,$21.47 ,$270.27 ,0.03%,N/A,N/A
Arts & Entertainment (Legacy),Automotive,United Kingdom,479,$7.31  ~ $10.29 ,$70.74 ,$389.05 ,0.01%,N/A,N/A
Arts & Entertainment (Legacy),Logistics,Canada,"4,548",$5.52  ~ $6.71 ,$5.55 ,$53.45 ,0.12%,N/A,N/A
Arts & Entertainment (Legacy),Logistics,United Kingdom,"3,244",$6.58  ~ $8.61 ,$9.99 ,$160.24 ,0.09%,N/A,N/A
Arts & Entertainment (Legacy),Logistics,Mexico,198,$1.85  ~ $6.39 ,$6.62 ,N/A,0.10%,N/A,N/A
Arts & Entertainment (Legacy),Logistics,United States,"89,540",$8.64  ~ $9.68 ,$16.98 ,$142.81 ,0.06%,N/A,N/A
Arts & Entertainment (Legacy),Physical Therapy,Canada,185,$4.22  ~ $6.55 ,$6.02 ,N/A,0.07%,N/A,N/A
Arts & Entertainment (Legacy),Physical Therapy,United States,"2,696",$11.74  ~ $26.76 ,$8.23 ,$39.12 ,0.14%,N/A,N/A
Arts & Entertainment (Legacy),Physical Therapy,United Kingdom,435,$6.87  ~ $6.87 ,$10.17 ,N/A,0.07%,N/A,N/A
Arts & Entertainment (Legacy),Chronic Pain,United States,187,$10.87  ~ $67.01 ,$66.16 ,N/A,0.02%,N/A,N/A
Arts & Entertainment (Legacy),Gardening,Canada,"3,150",$3.18  ~ $5.89 ,$7.00 ,$14.60 ,0.08%,N/A,N/A
Arts & Entertainment (Legacy),Gardening,United Kingdom,"6,386",$0.00  ~ $4.38 ,$0.26 ,$4.00 ,1.67%,N/A,N/A
Arts & Entertainment (Legacy),Gardening,United States,"59,733",$4.96  ~ $7.49 ,$9.63 ,$70.65 ,0.05%,N/A,N/A
Arts & Entertainment (Legacy),Certified Pre-Owned,Canada,75,$3.89  ~ $6.37 ,N/A,N/A,N/A,N/A,N/A
Arts & Entertainment (Legacy),Certified Pre-Owned,United States,424,$8.18  ~ $13.63 ,$11.79 ,$61.21 ,0.07%,N/A,N/A
Arts & Entertainment (Legacy),Certified Pre-Owned,United Kingdom,229,$27.89  ~ $27.89 ,$109.42 ,N/A,0.03%,N/A,N/A
Arts & Entertainment (Legacy),Forestry,United States,105,$6.92  ~ $16.16 ,N/A,N/A,N/A,N/A,N/A
Arts & Entertainment (Legacy),Nutrition,United States,"23,749",$9.19  ~ $9.50 ,$14.56 ,$97.80 ,0.06%,N/A,N/A
Arts & Entertainment (Legacy),Nutrition,Canada,"5,947",$2.47  ~ $4.44 ,$1.29 ,$5.63 ,0.19%,N/A,N/A
Arts & Entertainment (Legacy),Nutrition,United Kingdom,608,$9.62  ~ $9.62 ,$18.79 ,N/A,0.05%,N/A,N/A
Arts & Entertainment (Legacy),Health/Lowfat Cooking,Canada,445,$3.02  ~ $11.21 ,$14.20 ,$120.84 ,0.08%,N/A,N/A
Arts & Entertainment (Legacy),Health/Lowfat Cooking,United States,"18,302",$7.40  ~ $8.39 ,$15.04 ,$69.36 ,0.05%,N/A,N/A
Arts & Entertainment (Legacy),Health/Lowfat Cooking,United Kingdom,"1,120",$5.56  ~ $5.73 ,$10.04 ,N/A,0.06%,N/A,N/A
Arts & Entertainment (Legacy),Health/Lowfat Cooking,Mexico,1,$10.30  ~ $24.78 ,$7.76 ,N/A,0.13%,N/A,N/A
Arts & Entertainment (Legacy),Personal Finance,Canada,"2,919",$5.75  ~ $6.45 ,$7.57 ,$81.71 ,0.08%,N/A,N/A
Arts & Entertainment (Legacy),Personal Finance,United Kingdom,"7,435",$5.78  ~ $10.18 ,$9.76 ,$288.53 ,0.06%,N/A,N/A
Arts & Entertainment (Legacy),Personal Finance,United States,"316,533",$5.72  ~ $6.76 ,$8.97 ,$90.63 ,0.08%,N/A,N/A
Arts & Entertainment (Legacy),Personal Finance,Mexico,4,$6.99  ~ $11.83 ,N/A,N/A,N/A,N/A,N/A
Arts & Entertainment (Legacy),Personal Finance,Ireland,203,$7.27  ~ $7.29 ,$12.25 ,$229.17 ,0.06%,N/A,N/A
Arts & Entertainment (Legacy),Insurance,United States,"153,846",$8.77  ~ $9.21 ,$7.49 ,$151.71 ,0.12%,N/A,N/A
Arts & Entertainment (Legacy),Insurance,Canada,150,$5.47  ~ $7.12 ,$33.11 ,N/A,0.02%,N/A,N/A
Arts & Entertainment (Legacy),Insurance,United Kingdom,"17,019",$4.87  ~ $5.61 ,$4.42 ,$24.74 ,0.13%,N/A,N/A
Arts & Entertainment (Legacy),Trucks & Accessories,United States,"10,778",$6.07  ~ $6.09 ,$19.54 ,$76.21 ,0.03%,N/A,N/A
Arts & Entertainment (Legacy),Distance Learning,United States,"30,611",$10.58  ~ $12.30 ,$32.77 ,$130.96 ,0.03%,N/A,N/A
Arts & Entertainment (Legacy),Distance Learning,United Kingdom,55,$7.16  ~ $14.97 ,$244.99 ,N/A,0.00%,N/A,N/A
Arts & Entertainment (Legacy),Graduate School,Canada,504,$5.38  ~ $12.91 ,$7.14 ,N/A,0.08%,N/A,N/A
Arts & Entertainment (Legacy),Graduate School,United Kingdom,638,$6.15  ~ $9.67 ,$27.25 ,N/A,0.04%,N/A,N/A
Arts & Entertainment (Legacy),Graduate School,United States,"84,373",$7.79  ~ $9.07 ,$10.40 ,$72.35 ,0.07%,N/A,N/A
Arts & Entertainment (Legacy),Exercise,Canada,218,$2.64  ~ $3.82 ,$4.59 ,N/A,0.06%,N/A,N/A
Arts & Entertainment (Legacy),Exercise,United Kingdom,"4,124",$3.80  ~ $7.23 ,$1.90 ,$25.57 ,0.20%,N/A,N/A
Arts & Entertainment (Legacy),Exercise,United States,"20,926",$5.60  ~ $5.67 ,$15.91 ,$91.86 ,0.04%,N/A,N/A
Arts & Entertainment (Legacy),Exercise,Mexico,3,$3.70  ~ $5.09 ,N/A,N/A,N/A,N/A,N/A
Arts & Entertainment (Legacy),Card Games,Canada,"12,817",$6.53  ~ $6.78 ,$10.62 ,$60.44 ,0.06%,N/A,N/A
Arts & Entertainment (Legacy),Card Games,United States,"68,605",$9.87  ~ $12.17 ,$21.20 ,$140.53 ,0.05%,N/A,N/A
Arts & Entertainment (Legacy),Card Games,United Kingdom,"2,793",$6.71  ~ $7.75 ,$4.74 ,$209.80 ,0.14%,N/A,N/A
Arts & Entertainment (Legacy),Home Theater,United States,1,$2.20  ~ $4.60 ,N/A,N/A,N/A,N/A,N/A
Arts & Entertainment (Legacy),Landscaping,Canada,385,$2.07  ~ $5.12 ,$3.10 ,N/A,0.07%,N/A,N/A
Arts & Entertainment (Legacy),Landscaping,United States,"2,491",$2.68  ~ $4.93 ,$29.49 ,$138.84 ,0.02%,N/A,N/A
Arts & Entertainment (Legacy),Clothing,Canada,"4,131",$4.62  ~ $7.27 ,$1.97 ,$8.93 ,0.23%,N/A,N/A
Arts & Entertainment (Legacy),Clothing,United States,"64,545",$6.29  ~ $6.63 ,$10.21 ,$54.18 ,0.06%,N/A,N/A
Arts & Entertainment (Legacy),Clothing,United Kingdom,444,$7.12  ~ $7.30 ,$9.46 ,$170.31 ,0.08%,N/A,N/A
Arts & Entertainment (Legacy),Clothing,Mexico,12,$4.03  ~ $6.56 ,$7.05 ,$63.45 ,0.09%,N/A,N/A
Arts & Entertainment (Legacy),Honeymoons/Getaways,Canada,"2,068",$9.42  ~ $9.50 ,$11.56 ,$275.85 ,0.08%,N/A,N/A
Arts & Entertainment (Legacy),Honeymoons/Getaways,United Kingdom,"3,263",$7.42  ~ $7.90 ,$0.67 ,$11.54 ,1.19%,N/A,N/A
Arts & Entertainment (Legacy),Honeymoons/Getaways,United States,"25,720",$7.86  ~ $9.04 ,$10.97 ,$78.20 ,0.07%,N/A,N/A
Arts & Entertainment (Legacy),Couponing,Canada,"1,381",$4.84  ~ $12.03 ,$4.09 ,$25.17 ,0.12%,N/A,N/A
Arts & Entertainment (Legacy),Couponing,United States,"43,167",$3.55  ~ $3.97 ,$10.27 ,$124.19 ,0.04%,N/A,N/A
Arts & Entertainment (Legacy),Psychology/Psychiatry,Canada,106,$6.13  ~ $6.26 ,$11.81 ,N/A,0.05%,N/A,N/A
Arts & Entertainment (Legacy),Psychology/Psychiatry,United States,"126,365",$6.01  ~ $8.10 ,$11.32 ,$85.55 ,0.07%,N/A,N/A
Arts & Entertainment (Legacy),Psychology/Psychiatry,United Kingdom,"5,105",$7.95  ~ $8.24 ,$6.42 ,$158.47 ,0.12%,N/A,N/A
Arts & Entertainment (Legacy),Barbecues & Grilling,Canada,"2,620",$4.73  ~ $9.55 ,$8.09 ,$33.86 ,0.06%,N/A,N/A
Arts & Entertainment (Legacy),Credit/Debt & Loans,Mexico,14,$6.47  ~ $20.21 ,$6.42 ,N/A,0.10%,N/A,N/A
Arts & Entertainment (Legacy),Credit/Debt & Loans,Canada,"2,815",$7.41  ~ $7.90 ,$7.44 ,$62.70 ,0.10%,N/A,N/A
Arts & Entertainment (Legacy),Credit/Debt & Loans,United States,"174,959",$9.09  ~ $10.03 ,$10.47 ,$56.94 ,0.09%,N/A,N/A
Arts & Entertainment (Legacy),Credit/Debt & Loans,United Kingdom,"6,779",$6.54  ~ $8.01 ,$4.43 ,$58.37 ,0.18%,N/A,N/A
Arts & Entertainment (Legacy),Investing,United Kingdom,156,$7.03  ~ $7.10 ,$17.85 ,N/A,0.04%,N/A,N/A
Arts & Entertainment (Legacy),Investing,United States,"69,069",$3.92  ~ $4.33 ,$19.72 ,$151.65 ,0.02%,N/A,N/A
Arts & Entertainment (Legacy),Investing,Canada,119,$8.38  ~ $8.38 ,$7.73 ,$23.19 ,0.11%,N/A,N/A
Arts & Entertainment (Legacy),Computer Networking,United States,"7,837",$2.34  ~ $5.01 ,$1.30 ,$11.99 ,0.18%,N/A,N/A
Arts & Entertainment (Legacy),Off-Road Vehicles,Canada,20,$6.51  ~ $13.32 ,$2.97 ,N/A,0.22%,N/A,N/A
Arts & Entertainment (Legacy),Off-Road Vehicles,United States,"1,343",$7.86  ~ $20.53 ,$12.37 ,$79.54 ,0.06%,N/A,N/A
Arts & Entertainment (Legacy),Off-Road Vehicles,United Kingdom,35,$8.29  ~ $19.36 ,$0.28 ,$3.56 ,2.98%,N/A,N/A
Arts & Entertainment (Legacy),Roleplaying Games,United States,19,$2.21  ~ $5.50 ,N/A,N/A,N/A,N/A,N/A
Arts & Entertainment (Legacy),Stamps & Coins,United States,168,$5.20  ~ $12.87 ,$5.23 ,N/A,0.10%,N/A,N/A
Arts & Entertainment (Legacy),By US Locale,United States,281,$12.36  ~ $24.81 ,$16.28 ,N/A,0.08%,N/A,N/A
Arts & Entertainment (Legacy),Pets,Canada,105,$8.29  ~ $8.34 ,$17.18 ,$236.30 ,0.05%,N/A,N/A
Arts & Entertainment (Legacy),Pets,United States,"17,911",$8.33  ~ $8.69 ,$11.64 ,$121.57 ,0.07%,N/A,N/A
Arts & Entertainment (Legacy),Pets,United Kingdom,19,$9.51  ~ $19.84 ,N/A,N/A,N/A,N/A,N/A
Arts & Entertainment (Legacy),Beauty,United States,"11,228",$6.16  ~ $9.29 ,$22.11 ,$104.00 ,0.04%,N/A,N/A
Arts & Entertainment (Legacy),Beauty,United Kingdom,"10,599",$6.73  ~ $7.43 ,$26.37 ,$84.11 ,0.03%,N/A,N/A
Arts & Entertainment (Legacy),Beauty,Canada,534,$2.46  ~ $2.51 ,$4.29 ,N/A,0.06%,N/A,N/A
Arts & Entertainment (Legacy),Antivirus Software,Canada,284,$8.97  ~ $8.97 ,$6.31 ,$35.76 ,0.14%,N/A,N/A
Arts & Entertainment (Legacy),Antivirus Software,United States,"4,246",$8.83  ~ $8.83 ,$7.09 ,$41.46 ,0.12%,N/A,N/A
Arts & Entertainment (Legacy),Agriculture,Canada,993,$4.19  ~ $9.13 ,$3.88 ,$16.53 ,0.11%,N/A,N/A
Arts & Entertainment (Legacy),Agriculture,United States,"3,425",$4.16  ~ $4.25 ,$5.53 ,$323.04 ,0.08%,N/A,N/A
Arts & Entertainment (Legacy),Catholicism,United States,858,$7.18  ~ $8.76 ,$23.84 ,$294.65 ,0.04%,N/A,N/A
Arts & Entertainment (Legacy),Movies,United States,"19,053",$6.40  ~ $6.44 ,$20.89 ,$787.18 ,0.03%,N/A,N/A
Arts & Entertainment (Legacy),Remodeling & Construction,United States,"126,822",$3.76  ~ $4.41 ,$8.19 ,$48.36 ,0.05%,N/A,N/A
Arts & Entertainment (Legacy),Remodeling & Construction,Canada,426,$2.72  ~ $5.71 ,$2.18 ,N/A,0.12%,N/A,N/A
Arts & Entertainment (Legacy),Local News,United States,888,$8.93  ~ $19.94 ,$15.67 ,N/A,0.06%,N/A,N/A
Arts & Entertainment (Legacy),Human Resources,Canada,"6,084",$5.15  ~ $7.19 ,$10.98 ,$240.00 ,0.07%,N/A,N/A
Arts & Entertainment (Legacy),Human Resources,United Kingdom,"14,992",$12.62  ~ $18.04 ,$12.65 ,$117.83 ,0.10%,N/A,N/A
Arts & Entertainment (Legacy),Human Resources,Mexico,185,$1.97  ~ $2.41 ,$3.13 ,$78.60 ,0.08%,N/A,N/A
Arts & Entertainment (Legacy),Human Resources,United States,"60,477",$8.96  ~ $10.62 ,$14.35 ,$108.79 ,0.06%,N/A,N/A
Arts & Entertainment (Legacy),"Law, Gov't & Politics",United States,"13,076",$1.27  ~ $6.61 ,$45.48 ,$110.03 ,0.01%,N/A,N/A
Arts & Entertainment (Legacy),"Law, Gov't & Politics",Canada,5,$6.93  ~ $14.68 ,N/A,N/A,N/A,N/A,N/A
Arts & Entertainment (Legacy),Tax Planning,United States,517,$8.81  ~ $9.26 ,$51.69 ,N/A,0.02%,N/A,N/A
Arts & Entertainment (Legacy),Business Software,Ireland,26,$9.31  ~ $9.41 ,$4.11 ,$140.97 ,0.23%,N/A,N/A
Arts & Entertainment (Legacy),Business Software,United States,"130,914",$8.69  ~ $9.40 ,$15.85 ,$134.55 ,0.06%,N/A,N/A
Arts & Entertainment (Legacy),Business Software,Canada,"2,778",$7.86  ~ $8.20 ,$11.63 ,$196.38 ,0.07%,N/A,N/A
Arts & Entertainment (Legacy),Business Software,United Kingdom,"11,659",$13.03  ~ $14.13 ,$7.26 ,$17.12 ,0.18%,N/A,N/A
Arts & Entertainment (Legacy),Babies & Toddlers,United States,613,$9.21  ~ $10.57 ,$14.09 ,$51.35 ,0.07%,N/A,N/A
Arts & Entertainment (Legacy),Art/Technology,Canada,550,$7.40  ~ $7.60 ,$60.49 ,N/A,0.01%,N/A,N/A
Arts & Entertainment (Legacy),Art/Technology,United States,"110,168",$6.51  ~ $6.55 ,$18.42 ,$426.79 ,0.04%,N/A,N/A
Arts & Entertainment (Legacy),Art/Technology,United Kingdom,"1,211",$5.07  ~ $5.07 ,N/A,N/A,N/A,N/A,N/A
Arts & Entertainment (Legacy),Network Security,Canada,11,$2.13  ~ $4.69 ,N/A,N/A,N/A,N/A,N/A
Arts & Entertainment (Legacy),Network Security,United States,61,$2.39  ~ $2.44 ,$12.36 ,N/A,0.02%,N/A,N/A
Arts & Entertainment (Legacy),Cell Phones,United States,"1,040",$11.21  ~ $11.22 ,$24.75 ,$76.19 ,0.05%,N/A,N/A
Arts & Entertainment (Legacy),Cold & Flu,Canada,79,$2.21  ~ $4.43 ,$0.85 ,N/A,0.26%,N/A,N/A
Arts & Entertainment (Legacy),Cold & Flu,United States,"21,634",$6.98  ~ $9.34 ,$5.23 ,$110.04 ,0.18%,N/A,N/A
Arts & Entertainment (Legacy),Cold & Flu,United Kingdom,"1,715",$12.98  ~ $31.81 ,$28.52 ,$142.61 ,0.05%,N/A,N/A
Arts & Entertainment (Legacy),Desserts & Baking,Canada,90,$2.27  ~ $5.64 ,N/A,N/A,N/A,N/A,N/A
Arts & Entertainment (Legacy),Desserts & Baking,United States,"6,763",$5.19  ~ $12.75 ,$27.19 ,N/A,0.02%,N/A,N/A
Arts & Entertainment (Legacy),Television,United Kingdom,"1,320",$7.35  ~ $7.48 ,$1.55 ,$13.90 ,0.48%,N/A,N/A
Arts & Entertainment (Legacy),Television,United States,125,$10.36  ~ $21.46 ,$7.95 ,$31.77 ,0.13%,N/A,N/A
Arts & Entertainment (Legacy),Television,Canada,18,$8.14  ~ $18.80 ,$3.59 ,$31.43 ,0.23%,N/A,N/A
Arts & Entertainment (Legacy),Jewelry,Canada,"1,351",$3.99  ~ $4.02 ,$2.07 ,$8.50 ,0.19%,N/A,N/A
Arts & Entertainment (Legacy),Jewelry,United States,"140,658",$2.31  ~ $4.31 ,$2.07 ,$24.45 ,0.11%,N/A,N/A
Arts & Entertainment (Legacy),U.S. Military,United States,14,$2.67  ~ $6.06 ,$1.54 ,N/A,0.17%,N/A,N/A
Arts & Entertainment (Legacy),Cocktails/Beer,Canada,244,$8.98  ~ $9.40 ,$15.20 ,N/A,0.06%,N/A,N/A
Arts & Entertainment (Legacy),Cocktails/Beer,United States,"22,850",$7.65  ~ $7.95 ,$15.60 ,$155.63 ,0.05%,N/A,N/A
Arts & Entertainment (Legacy),Thyroid Disease,United States,283,$33.96  ~ $70.67 ,N/A,N/A,N/A,N/A,N/A
Arts & Entertainment (Legacy),Scholarships,United States,"1,569",$8.67  ~ $8.67 ,$82.98 ,N/A,0.01%,N/A,N/A
Arts & Entertainment (Legacy),Interior Decorating,United States,"27,122",$5.46  ~ $6.62 ,$21.11 ,$85.10 ,0.03%,N/A,N/A
Arts & Entertainment (Legacy),Interior Decorating,Canada,"12,400",$6.03  ~ $7.19 ,$6.92 ,$40.03 ,0.10%,N/A,N/A
Arts & Entertainment (Legacy),Interior Decorating,United Kingdom,"6,347",$4.77  ~ $4.80 ,$15.08 ,$141.54 ,0.03%,N/A,N/A
Arts & Entertainment (Legacy),Air Travel,Canada,222,$6.89  ~ $6.90 ,$11.08 ,N/A,0.06%,N/A,N/A
Arts & Entertainment (Legacy),Air Travel,United Kingdom,"3,266",$6.21  ~ $14.75 ,$52.25 ,N/A,0.01%,N/A,N/A
Arts & Entertainment (Legacy),Air Travel,United States,"52,152",$6.90  ~ $7.20 ,$15.47 ,$105.81 ,0.05%,N/A,N/A
Arts & Entertainment (Legacy),Business,Ireland,1,$10.30  ~ $10.48 ,$8.55 ,$18.11 ,0.12%,N/A,N/A
Arts & Entertainment (Legacy),Business,Mexico,141,$6.09  ~ $6.94 ,$2.35 ,$52.80 ,0.29%,N/A,N/A
Arts & Entertainment (Legacy),Business,United States,"338,126",$7.35  ~ $7.35 ,$14.83 ,$114.97 ,0.05%,N/A,N/A
Arts & Entertainment (Legacy),Business,Canada,"6,896",$5.52  ~ $8.46 ,$9.54 ,$106.08 ,0.06%,N/A,N/A
Arts & Entertainment (Legacy),Business,United Kingdom,"43,145",$5.17  ~ $5.86 ,$1.70 ,$10.45 ,0.34%,N/A,N/A
Arts & Entertainment (Legacy),Collecting,Canada,38,$2.18  ~ $4.85 ,N/A,N/A,N/A,N/A,N/A
Arts & Entertainment (Legacy),Collecting,United States,"1,832",$6.19  ~ $8.33 ,$27.27 ,N/A,0.03%,N/A,N/A
Arts & Entertainment (Legacy),Architects,United Kingdom,115,$7.33  ~ $7.33 ,$18.89 ,N/A,0.04%,N/A,N/A
Arts & Entertainment (Legacy),Mountain Biking,Canada,728,$6.56  ~ $6.70 ,$2.28 ,$17.83 ,0.29%,N/A,N/A
Arts & Entertainment (Legacy),Mountain Biking,United States,"7,202",$6.55  ~ $6.83 ,$16.86 ,$28.96 ,0.04%,N/A,N/A
Arts & Entertainment (Legacy),Style & Fashion,United States,571,$4.17  ~ $11.50 ,$10.51 ,$43.11 ,0.11%,N/A,N/A
Arts & Entertainment (Legacy),Senor Health,Canada,520,$5.70  ~ $6.41 ,$8.59 ,$42.41 ,0.07%,N/A,N/A
Arts & Entertainment (Legacy),Senor Health,United States,"23,991",$7.21  ~ $10.67 ,$6.49 ,$109.71 ,0.16%,N/A,N/A
Arts & Entertainment (Legacy),Senor Health,United Kingdom,20,$6.71  ~ $7.33 ,$1.62 ,$43.14 ,0.41%,N/A,N/A
Arts & Entertainment (Legacy),Weight Loss,United States,"19,827",$4.03  ~ $4.94 ,$12.51 ,N/A,0.04%,N/A,N/A
Arts & Entertainment (Legacy),Weight Loss,United Kingdom,"13,773",$8.19  ~ $8.21 ,$24.91 ,$423.40 ,0.03%,N/A,N/A
Arts & Entertainment (Legacy),Weight Loss,Mexico,247,$1.44  ~ $2.98 ,$0.55 ,N/A,0.26%,N/A,N/A
Arts & Entertainment (Legacy),Entertainment,Canada,5,$6.09  ~ $15.13 ,$3.56 ,N/A,0.17%,N/A,N/A
Arts & Entertainment (Legacy),Entertainment,Mexico,766,$0.75  ~ $1.54 ,$4.84 ,N/A,0.02%,N/A,N/A
Arts & Entertainment (Legacy),Entertainment,United States,865,$9.32  ~ $20.13 ,$12.77 ,N/A,0.07%,N/A,N/A
Arts & Entertainment (Legacy),Hotels,Canada,644,$4.00  ~ $4.13 ,$1.34 ,$10.64 ,0.31%,N/A,N/A
Arts & Entertainment (Legacy),Hotels,United States,"30,497",$5.70  ~ $6.58 ,$9.33 ,$60.68 ,0.07%,N/A,N/A
Arts & Entertainment (Legacy),Hotels,United Kingdom,"1,509",$3.87  ~ $4.83 ,$2.70 ,$95.50 ,0.18%,N/A,N/A
Arts & Entertainment (Legacy),Apartments,Canada,"1,876",$4.15  ~ $6.19 ,$7.86 ,$39.14 ,0.08%,N/A,N/A
Arts & Entertainment (Legacy),Apartments,United Kingdom,"28,621",$6.99  ~ $7.21 ,$9.41 ,$71.53 ,0.07%,N/A,N/A
Arts & Entertainment (Legacy),Apartments,United States,"10,742",$5.22  ~ $5.90 ,$5.08 ,$41.47 ,0.12%,N/A,N/A
Arts & Entertainment (Legacy),Advertising,Canada,"11,467",$6.14  ~ $8.16 ,$8.89 ,$86.38 ,0.07%,N/A,N/A
Arts & Entertainment (Legacy),Advertising,United Kingdom,"5,026",$7.51  ~ $8.37 ,$10.36 ,$89.54 ,0.08%,N/A,N/A
Arts & Entertainment (Legacy),Advertising,Ireland,1,$9.61  ~ $9.78 ,$9.76 ,$49.64 ,0.10%,N/A,N/A
Arts & Entertainment (Legacy),Advertising,Mexico,3,$2.08  ~ $2.44 ,$36.89 ,N/A,0.01%,N/A,N/A
Arts & Entertainment (Legacy),Advertising,United States,"57,874",$9.04  ~ $9.79 ,$16.11 ,$111.51 ,0.06%,N/A,N/A
Arts & Entertainment (Legacy),Job Search,Canada,2,$4.75  ~ $4.77 ,$8.43 ,N/A,0.06%,N/A,N/A
Arts & Entertainment (Legacy),Job Search,United States,"31,185",$8.33  ~ $8.42 ,$16.66 ,$109.79 ,0.05%,N/A,N/A
Arts & Entertainment (Legacy),Job Search,United Kingdom,385,$6.80  ~ $16.65 ,$6.53 ,$80.87 ,0.10%,N/A,N/A
Arts & Entertainment (Legacy),Cancer,United States,"19,823",$9.62  ~ $15.71 ,$42.98 ,$340.85 ,0.04%,N/A,N/A
Arts & Entertainment (Legacy),Cancer,Canada,7,$18.47  ~ $18.47 ,$42.76 ,N/A,0.04%,N/A,N/A
Arts & Entertainment (Legacy),Cancer,United Kingdom,22,$6.67  ~ $6.67 ,$10.09 ,N/A,0.07%,N/A,N/A
Arts & Entertainment (Legacy),Language Learning,United States,4,$3.00  ~ $6.45 ,$4.31 ,N/A,0.07%,N/A,N/A
Arts & Entertainment (Legacy),Arts & Entertainment,Canada,"1,179",$5.74  ~ $8.08 ,$5.55 ,$39.92 ,0.10%,N/A,N/A
Arts & Entertainment (Legacy),Arts & Entertainment,United Kingdom,"15,032",$7.61  ~ $7.70 ,$18.97 ,$116.61 ,0.04%,N/A,N/A
Arts & Entertainment (Legacy),Arts & Entertainment,United States,"75,236",$7.29  ~ $7.77 ,$16.12 ,$96.75 ,0.05%,N/A,N/A
Arts & Entertainment (Legacy),Mutual Funds,United States,"107,599",$7.47  ~ $7.79 ,$15.33 ,$159.36 ,0.05%,N/A,N/A
Arts & Entertainment (Legacy),Mutual Funds,Canada,35,$5.29  ~ $5.70 ,$1.79 ,$48.64 ,0.30%,N/A,N/A
Arts & Entertainment (Legacy),Horse Racing,Canada,54,$6.70  ~ $14.56 ,$13.38 ,$60.20 ,0.05%,N/A,N/A
Arts & Entertainment (Legacy),Home & Garden,Canada,"8,489",$2.95  ~ $4.67 ,$4.75 ,$84.22 ,0.10%,N/A,N/A
Arts & Entertainment (Legacy),Home & Garden,United Kingdom,"4,404",$6.56  ~ $6.95 ,$2.03 ,$9.92 ,0.34%,N/A,N/A
Arts & Entertainment (Legacy),Home & Garden,United States,"159,084",$6.12  ~ $6.35 ,$10.00 ,$59.29 ,0.06%,N/A,N/A
Arts & Entertainment (Legacy),Football,Canada,"9,804",$4.88  ~ $5.66 ,$11.27 ,$34.32 ,0.05%,N/A,N/A
Arts & Entertainment (Legacy),Football,United States,"10,632",$6.62  ~ $8.62 ,$11.84 ,$81.06 ,0.06%,N/A,N/A
Arts & Entertainment (Legacy),Computer Peripherals,Ireland,1,$13.72  ~ $14.22 ,$3.92 ,N/A,0.36%,N/A,N/A
Arts & Entertainment (Legacy),Computer Peripherals,United States,"14,555",$8.65  ~ $11.60 ,$11.40 ,$78.94 ,0.10%,N/A,N/A
Arts & Entertainment (Legacy),Computer Peripherals,Canada,"2,800",$3.85  ~ $5.94 ,$9.38 ,$41.65 ,0.06%,N/A,N/A
Arts & Entertainment (Legacy),Computer Peripherals,United Kingdom,450,$13.46  ~ $13.64 ,$5.03 ,$44.61 ,0.27%,N/A,N/A
Arts & Entertainment (Legacy),Auto Parts,Canada,429,$5.16  ~ $11.50 ,$3.84 ,N/A,0.13%,N/A,N/A
Arts & Entertainment (Legacy),Auto Parts,United States,"29,102",$6.42  ~ $6.65 ,$14.98 ,$109.88 ,0.04%,N/A,N/A
Arts & Entertainment (Legacy),Auto Parts,United Kingdom,856,$7.77  ~ $7.77 ,$17.14 ,$74.27 ,0.05%,N/A,N/A
Arts & Entertainment (Legacy),Camping,United States,263,$8.02  ~ $9.62 ,N/A,N/A,N/A,N/A,N/A
Arts & Entertainment (Legacy),Buying/Selling Homes,Canada,"4,274",$5.66  ~ $6.43 ,$8.23 ,$51.41 ,0.07%,N/A,N/A
Arts & Entertainment (Legacy),Buying/Selling Homes,United Kingdom,"21,705",$5.89  ~ $7.02 ,$9.19 ,$85.99 ,0.06%,N/A,N/A
Arts & Entertainment (Legacy),Buying/Selling Homes,United States,"57,061",$8.20  ~ $9.54 ,$17.96 ,$121.77 ,0.05%,N/A,N/A
Arts & Entertainment (Legacy),Shopping,Mexico,3,$3.50  ~ $3.53 ,$2.31 ,N/A,0.15%,N/A,N/A
Arts & Entertainment (Legacy),Shopping,Canada,"4,576",$1.86  ~ $3.18 ,$6.73 ,$18.68 ,0.03%,N/A,N/A
Arts & Entertainment (Legacy),Shopping,United Kingdom,"10,031",$6.26  ~ $6.30 ,$2.02 ,$19.23 ,0.31%,N/A,N/A
Arts & Entertainment (Legacy),Shopping,United States,"190,663",$3.33  ~ $7.00 ,$6.08 ,$46.17 ,0.05%,N/A,N/A
Arts & Entertainment (Legacy),Eldercare,United States,38,$26.67  ~ $26.67 ,N/A,N/A,N/A,N/A,N/A
Arts & Entertainment (Legacy),Entertaining,Canada,13,$2.11  ~ $4.97 ,$0.61 ,N/A,0.35%,N/A,N/A
Arts & Entertainment (Legacy),Entertaining,United States,"7,736",$3.29  ~ $6.39 ,$3.01 ,$13.33 ,0.11%,N/A,N/A
Arts & Entertainment (Legacy),Commentary,United States,"4,230",$17.74  ~ $31.14 ,$70.91 ,N/A,0.04%,N/A,N/A
Arts & Entertainment (Legacy),Cocktails/Beer,United Kingdom,"2,265",$0.00  ~ $0.00 ,N/A,N/A,N/A,N/A,N/A
Arts & Entertainment (Legacy),Astrology,United States,86,$0.00  ~ $0.00 ,N/A,N/A,N/A,N/A,N/A
Arts & Entertainment (Legacy),Weight Loss,Canada,56,$0.00  ~ $0.00 ,N/A,N/A,N/A,N/A,N/A
Arts & Entertainment (Legacy),Honeymoons/Getaways,Ireland,2,$0.00  ~ $0.00 ,N/A,N/A,N/A,N/A,N/A
Automotive (Legacy),Large Animals,United States,5,$13.41  ~ $29.28 ,N/A,N/A,N/A,N/A,N/A
Automotive (Legacy),Politics,United States,"14,158",$11.21  ~ $11.80 ,$15.64 ,$72.23 ,0.07%,N/A,N/A
Automotive (Legacy),Politics,Canada,406,$10.10  ~ $12.96 ,$9.31 ,$38.81 ,0.11%,N/A,N/A
Automotive (Legacy),Insurance,Canada,234,$4.99  ~ $6.36 ,$15.61 ,N/A,0.04%,N/A,N/A
Automotive (Legacy),Insurance,United States,"12,994",$8.16  ~ $8.72 ,$4.86 ,$105.15 ,0.17%,N/A,N/A
Automotive (Legacy),Insurance,United Kingdom,"2,381",$4.88  ~ $5.47 ,$6.57 ,$43.14 ,0.08%,N/A,N/A
Automotive (Legacy),Mutual Funds,United States,"6,317",$7.82  ~ $8.24 ,$12.04 ,$138.31 ,0.07%,N/A,N/A
Automotive (Legacy),Mutual Funds,Canada,33,$25.28  ~ $25.80 ,$9.61 ,$54.33 ,0.26%,N/A,N/A
Automotive (Legacy),Trucks & Accessories,United States,"5,393",$5.21  ~ $5.36 ,$8.44 ,$25.81 ,0.06%,N/A,N/A
Automotive (Legacy),College,United Kingdom,307,$8.81  ~ $9.27 ,$11.56 ,N/A,0.08%,N/A,N/A
Automotive (Legacy),College,Canada,822,$4.66  ~ $6.80 ,$8.78 ,$38.15 ,0.05%,N/A,N/A
Automotive (Legacy),College,United States,"5,010",$6.16  ~ $7.84 ,$8.98 ,$89.25 ,0.09%,N/A,N/A
Automotive (Legacy),Eldercare,United States,26,$21.23  ~ $21.23 ,N/A,N/A,N/A,N/A,N/A
Automotive (Legacy),Birdwatching,United States,351,$4.27  ~ $7.83 ,$10.21 ,$48.09 ,0.08%,N/A,N/A
Automotive (Legacy),Birdwatching,Canada,216,$10.42  ~ $23.04 ,$10.74 ,N/A,0.10%,N/A,N/A
Automotive (Legacy),Interior Decorating,United States,"13,663",$6.50  ~ $6.85 ,$9.41 ,$53.88 ,0.07%,N/A,N/A
Automotive (Legacy),Interior Decorating,United Kingdom,184,$6.56  ~ $6.75 ,$11.79 ,$32.01 ,0.06%,N/A,N/A
Automotive (Legacy),Interior Decorating,Canada,"2,689",$4.81  ~ $8.06 ,$7.35 ,$72.58 ,0.11%,N/A,N/A
Automotive (Legacy),Commentary,United States,25,$13.88  ~ $18.31 ,$34.99 ,N/A,0.05%,N/A,N/A
Automotive (Legacy),Technology & Computing,Canada,648,$5.65  ~ $6.89 ,$12.37 ,N/A,0.06%,N/A,N/A
Automotive (Legacy),Technology & Computing,United States,"4,676",$6.48  ~ $6.56 ,$26.19 ,$143.87 ,0.03%,N/A,N/A
Automotive (Legacy),Technology & Computing,United Kingdom,"1,852",$5.90  ~ $9.96 ,$12.37 ,$98.82 ,0.08%,N/A,N/A
Automotive (Legacy),Barbecues & Grilling,Canada,604,$4.83  ~ $10.00 ,$3.37 ,$21.93 ,0.14%,N/A,N/A
Automotive (Legacy),Teens,United States,3,$8.18  ~ $17.45 ,$11.68 ,N/A,0.07%,N/A,N/A
Automotive (Legacy),Arthritis,United States,7,$5.21  ~ $5.28 ,$8.05 ,$36.25 ,0.06%,N/A,N/A
Automotive (Legacy),Architects,United Kingdom,2,$7.25  ~ $7.25 ,$2.08 ,N/A,0.35%,N/A,N/A
Automotive (Legacy),Business,United States,"76,293",$7.21  ~ $7.72 ,$11.83 ,$92.77 ,0.06%,N/A,N/A
Automotive (Legacy),Business,United Kingdom,"9,664",$5.08  ~ $5.51 ,$10.18 ,$55.97 ,0.05%,N/A,N/A
Automotive (Legacy),Business,Canada,"4,278",$5.51  ~ $8.86 ,$10.31 ,$143.77 ,0.05%,N/A,N/A
Automotive (Legacy),Business,Mexico,17,$8.04  ~ $8.31 ,$2.17 ,N/A,0.38%,N/A,N/A
Automotive (Legacy),Business,Ireland,2,$9.61  ~ $11.45 ,N/A,N/A,N/A,N/A,N/A
Automotive (Legacy),Arts & Entertainment,Canada,"2,155",$4.97  ~ $8.12 ,$4.03 ,$8.49 ,0.12%,N/A,N/A
Automotive (Legacy),Arts & Entertainment,United States,"11,415",$6.61  ~ $7.12 ,$13.87 ,$65.66 ,0.05%,N/A,N/A
Automotive (Legacy),Arts & Entertainment,United Kingdom,"1,044",$6.10  ~ $8.15 ,$11.01 ,$99.64 ,0.06%,N/A,N/A
Automotive (Legacy),Landscaping,Canada,113,$2.08  ~ $4.94 ,$2.40 ,N/A,0.09%,N/A,N/A
Automotive (Legacy),Landscaping,United States,390,$4.36  ~ $4.55 ,$23.51 ,N/A,0.02%,N/A,N/A
Automotive (Legacy),Veterinary Medicine,United States,228,$5.40  ~ $5.64 ,$8.92 ,N/A,0.06%,N/A,N/A
Automotive (Legacy),Veterinary Medicine,Canada,9,$2.28  ~ $5.48 ,$0.70 ,N/A,0.33%,N/A,N/A
Automotive (Legacy),U.S. Military,United States,451,$2.70  ~ $2.70 ,$3.14 ,N/A,0.09%,N/A,N/A
Automotive (Legacy),Hunting/Shooting,United States,50,$6.97  ~ $6.97 ,$21.06 ,N/A,0.03%,N/A,N/A
Automotive (Legacy),Music,United Kingdom,148,$5.02  ~ $6.26 ,$9.50 ,N/A,0.07%,N/A,N/A
Automotive (Legacy),Music,United States,"26,971",$6.35  ~ $6.57 ,$12.81 ,$66.03 ,0.05%,N/A,N/A
Automotive (Legacy),Music,Canada,"1,253",$3.99  ~ $4.41 ,$4.42 ,$102.88 ,0.10%,N/A,N/A
Automotive (Legacy),Auto Repair,Canada,916,$6.00  ~ $6.22 ,$12.36 ,N/A,0.05%,N/A,N/A
Automotive (Legacy),Auto Repair,United States,"11,314",$7.63  ~ $8.34 ,$13.04 ,$79.01 ,0.06%,N/A,N/A
Automotive (Legacy),Adult Education,United States,257,$3.09  ~ $13.79 ,$17.00 ,N/A,0.08%,N/A,N/A
Automotive (Legacy),Adult Education,United Kingdom,18,$7.52  ~ $9.13 ,$9.77 ,N/A,0.09%,N/A,N/A
Automotive (Legacy),Weight Loss,United States,724,$3.68  ~ $3.97 ,$8.19 ,N/A,0.04%,N/A,N/A
Automotive (Legacy),Weight Loss,Mexico,7,$1.35  ~ $2.75 ,$1.60 ,N/A,0.08%,N/A,N/A
Automotive (Legacy),Weight Loss,United Kingdom,"2,256",$8.17  ~ $8.20 ,$16.76 ,$117.33 ,0.05%,N/A,N/A
Automotive (Legacy),Career Planning,United States,"1,460",$7.75  ~ $8.01 ,$12.14 ,$103.83 ,0.07%,N/A,N/A
Automotive (Legacy),Career Planning,Canada,452,$6.89  ~ $8.40 ,$18.01 ,N/A,0.04%,N/A,N/A
Automotive (Legacy),Career Planning,United Kingdom,6,$8.73  ~ $8.74 ,$12.84 ,N/A,0.07%,N/A,N/A
Automotive (Legacy),Physical Therapy,United States,241,$10.20  ~ $16.48 ,$7.72 ,N/A,0.13%,N/A,N/A
Automotive (Legacy),Physical Therapy,Canada,82,$2.91  ~ $5.86 ,N/A,N/A,N/A,N/A,N/A
Automotive (Legacy),Physical Therapy,United Kingdom,201,$6.56  ~ $6.56 ,$9.93 ,N/A,0.07%,N/A,N/A
Automotive (Legacy),Cuisine-Specific,United States,217,$1.90  ~ $1.90 ,$2.95 ,N/A,0.06%,N/A,N/A
Automotive (Legacy),Mountain Biking,United States,78,$6.56  ~ $6.74 ,$3.95 ,N/A,0.17%,N/A,N/A
Automotive (Legacy),Mountain Biking,Canada,135,$6.52  ~ $6.70 ,$1.87 ,$18.48 ,0.35%,N/A,N/A
Automotive (Legacy),Entertainment,United States,113,$10.81  ~ $24.26 ,$9.70 ,N/A,0.11%,N/A,N/A
Automotive (Legacy),Entertainment,Mexico,14,$1.00  ~ $2.30 ,$2.92 ,N/A,0.03%,N/A,N/A
Automotive (Legacy),Dogs,Canada,17,$2.37  ~ $5.76 ,N/A,N/A,N/A,N/A,N/A
Automotive (Legacy),Dogs,United States,"6,313",$3.75  ~ $5.06 ,$4.53 ,$15.24 ,0.08%,N/A,N/A
Automotive (Legacy),Dogs,United Kingdom,178,$9.23  ~ $9.23 ,N/A,N/A,N/A,N/A,N/A
Automotive (Legacy),Advertising,Canada,"1,640",$7.21  ~ $8.16 ,$4.64 ,$129.26 ,0.16%,N/A,N/A
Automotive (Legacy),Advertising,United Kingdom,266,$8.05  ~ $9.09 ,$16.70 ,$74.12 ,0.05%,N/A,N/A
Automotive (Legacy),Advertising,United States,"5,779",$9.05  ~ $10.03 ,$11.40 ,$156.50 ,0.09%,N/A,N/A
Automotive (Legacy),Advertising,Mexico,1,$1.24  ~ $2.41 ,N/A,N/A,N/A,N/A,N/A
Automotive (Legacy),Dental Care,United States,360,$2.96  ~ $3.13 ,$6.41 ,N/A,0.05%,N/A,N/A
Automotive (Legacy),Dental Care,Canada,148,$2.18  ~ $5.33 ,N/A,N/A,N/A,N/A,N/A
Automotive (Legacy),Dental Care,United Kingdom,8,$16.37  ~ $38.30 ,$5.91 ,$5.91 ,0.28%,N/A,N/A
Automotive (Legacy),K-6 Educators,United States,"5,182",$5.88  ~ $10.25 ,$3.10 ,$52.45 ,0.19%,N/A,N/A
Automotive (Legacy),K-6 Educators,Canada,4,$2.91  ~ $11.52 ,N/A,N/A,N/A,N/A,N/A
Automotive (Legacy),K-6 Educators,United Kingdom,28,$6.68  ~ $7.03 ,$15.27 ,N/A,0.04%,N/A,N/A
Automotive (Legacy),Swimming,United States,184,$2.16  ~ $8.18 ,$31.20 ,N/A,0.03%,N/A,N/A
Automotive (Legacy),Motorcycles,Canada,31,$4.89  ~ $9.80 ,$3.44 ,$34.36 ,0.14%,N/A,N/A
Automotive (Legacy),Motorcycles,United States,"14,850",$4.23  ~ $8.05 ,$8.96 ,$68.32 ,0.05%,N/A,N/A
Automotive (Legacy),Computer Peripherals,United Kingdom,31,$13.29  ~ $14.44 ,$10.14 ,N/A,0.14%,N/A,N/A
Automotive (Legacy),Computer Peripherals,Ireland,3,$13.65  ~ $14.12 ,$1.69 ,N/A,0.83%,N/A,N/A
Automotive (Legacy),Computer Peripherals,United States,"5,429",$6.90  ~ $12.34 ,$9.99 ,$30.93 ,0.12%,N/A,N/A
Automotive (Legacy),Computer Peripherals,Canada,518,$3.79  ~ $5.76 ,$4.35 ,$18.80 ,0.13%,N/A,N/A
Automotive (Legacy),Construction,United Kingdom,655,$6.85  ~ $8.63 ,$1.52 ,N/A,0.45%,N/A,N/A
Automotive (Legacy),Construction,United States,"1,679",$5.85  ~ $7.40 ,$1.71 ,$59.70 ,0.34%,N/A,N/A
Automotive (Legacy),Construction,Canada,200,$5.77  ~ $13.67 ,$8.36 ,N/A,0.07%,N/A,N/A
Automotive (Legacy),Construction,Ireland,1,$5.95  ~ $12.78 ,N/A,N/A,N/A,N/A,N/A
Automotive (Legacy),Cancer,United States,989,$10.92  ~ $16.06 ,$38.82 ,$556.08 ,0.04%,N/A,N/A
Automotive (Legacy),Cancer,Canada,7,$17.13  ~ $17.13 ,N/A,N/A,N/A,N/A,N/A
Automotive (Legacy),Investors & Patents,United States,"8,130",$7.46  ~ $7.54 ,$5.77 ,$70.67 ,0.13%,N/A,N/A
Automotive (Legacy),Investors & Patents,Canada,"1,301",$5.80  ~ $5.99 ,$8.92 ,N/A,0.07%,N/A,N/A
Automotive (Legacy),Investors & Patents,United Kingdom,6,$6.62  ~ $8.47 ,N/A,N/A,N/A,N/A,N/A
Automotive (Legacy),Body Art,United States,3,$2.05  ~ $4.32 ,N/A,N/A,N/A,N/A,N/A
Automotive (Legacy),"Law, Gov't & Politics",United States,99,$1.24  ~ $4.01 ,$15.20 ,N/A,0.03%,N/A,N/A
Automotive (Legacy),Shopping,United Kingdom,544,$6.52  ~ $6.66 ,$10.09 ,$54.28 ,0.06%,N/A,N/A
Automotive (Legacy),Shopping,United States,"26,420",$3.45  ~ $6.34 ,$5.95 ,$33.65 ,0.06%,N/A,N/A
Automotive (Legacy),Shopping,Canada,"2,450",$2.02  ~ $2.83 ,$5.67 ,$60.17 ,0.04%,N/A,N/A
Automotive (Legacy),Parenting - K-6 Kids,United States,192,$1.62  ~ $1.90 ,$25.83 ,N/A,0.01%,N/A,N/A
Automotive (Legacy),Desserts & Baking,Canada,11,$2.27  ~ $4.82 ,N/A,N/A,N/A,N/A,N/A
Automotive (Legacy),Desserts & Baking,United States,317,$4.10  ~ $8.45 ,$9.88 ,N/A,0.04%,N/A,N/A
Automotive (Legacy),Pro Basketball,United Kingdom,228,$7.03  ~ $8.19 ,$16.72 ,$91.61 ,0.05%,N/A,N/A
Automotive (Legacy),Pro Basketball,Canada,162,$4.57  ~ $12.36 ,$4.48 ,$7.94 ,0.10%,N/A,N/A
Automotive (Legacy),Pro Basketball,United States,"1,267",$7.71  ~ $8.99 ,$12.30 ,$82.93 ,0.06%,N/A,N/A
Automotive (Legacy),Family & Parenting,United Kingdom,"1,395",$7.18  ~ $7.23 ,$20.79 ,$246.72 ,0.03%,N/A,N/A
Automotive (Legacy),Family & Parenting,United States,"4,464",$7.26  ~ $8.41 ,$6.18 ,$51.59 ,0.12%,N/A,N/A
Automotive (Legacy),Family & Parenting,Canada,233,$2.51  ~ $3.77 ,$0.60 ,N/A,0.42%,N/A,N/A
Automotive (Legacy),Incest/Abuse Support,United States,"2,010",$7.54  ~ $10.04 ,$8.31 ,$31.03 ,0.09%,N/A,N/A
Automotive (Legacy),Incest/Abuse Support,Canada,20,$5.69  ~ $7.46 ,N/A,N/A,N/A,N/A,N/A
Automotive (Legacy),Buying/Selling Homes,Canada,980,$5.05  ~ $6.57 ,$4.34 ,$26.51 ,0.12%,N/A,N/A
Automotive (Legacy),Buying/Selling Homes,United Kingdom,"1,495",$5.92  ~ $7.25 ,$12.35 ,$75.03 ,0.05%,N/A,N/A
Automotive (Legacy),Buying/Selling Homes,United States,"8,611",$6.99  ~ $7.80 ,$7.39 ,$73.14 ,0.09%,N/A,N/A
Automotive (Legacy),Agriculture,United States,332,$3.78  ~ $3.88 ,$6.01 ,N/A,0.06%,N/A,N/A
Automotive (Legacy),Agriculture,Canada,78,$4.52  ~ $5.49 ,$4.40 ,$16.56 ,0.10%,N/A,N/A
Automotive (Legacy),Legal Issues,Canada,"3,487",$5.12  ~ $6.68 ,$4.70 ,$47.57 ,0.14%,N/A,N/A
Automotive (Legacy),Legal Issues,United States,"34,353",$7.54  ~ $8.49 ,$9.49 ,$61.99 ,0.08%,N/A,N/A
Automotive (Legacy),Legal Issues,United Kingdom,"2,260",$4.94  ~ $5.21 ,$9.65 ,$93.31 ,0.05%,N/A,N/A
Automotive (Legacy),Senior Living,Canada,58,$3.51  ~ $6.80 ,$1.67 ,N/A,0.21%,N/A,N/A
Automotive (Legacy),Senior Living,United States,"1,210",$6.51  ~ $6.78 ,$8.91 ,$186.01 ,0.07%,N/A,N/A
Automotive (Legacy),Senior Living,United Kingdom,65,$6.60  ~ $7.01 ,$12.35 ,N/A,0.06%,N/A,N/A
Automotive (Legacy),Tax Planning,United States,43,$8.75  ~ $9.84 ,$16.68 ,N/A,0.05%,N/A,N/A
Automotive (Legacy),Daycare/Pre School,United States,53,$2.00  ~ $3.48 ,$0.62 ,N/A,0.56%,N/A,N/A
Automotive (Legacy),Daycare/Pre School,Canada,30,$2.37  ~ $5.51 ,N/A,N/A,N/A,N/A,N/A
Automotive (Legacy),Style & Fashion,United States,265,$4.17  ~ $7.37 ,$4.71 ,$16.94 ,0.16%,N/A,N/A
Automotive (Legacy),Air Travel,United States,"14,821",$5.69  ~ $5.97 ,$6.03 ,$47.92 ,0.10%,N/A,N/A
Automotive (Legacy),Air Travel,United Kingdom,108,$5.92  ~ $12.96 ,$49.22 ,N/A,0.01%,N/A,N/A
Automotive (Legacy),Air Travel,Canada,48,$6.31  ~ $6.46 ,$2.53 ,N/A,0.25%,N/A,N/A
Automotive (Legacy),Government,United States,482,$7.74  ~ $7.90 ,$7.63 ,N/A,0.10%,N/A,N/A
Automotive (Legacy),Certified Pre-Owned,Canada,94,$2.22  ~ $5.42 ,$0.19 ,N/A,1.16%,N/A,N/A
Automotive (Legacy),Certified Pre-Owned,United States,13,$12.24  ~ $13.64 ,$8.73 ,N/A,0.14%,N/A,N/A
Automotive (Legacy),Certified Pre-Owned,United Kingdom,3,$27.82  ~ $27.82 ,$21.90 ,N/A,0.13%,N/A,N/A
Automotive (Legacy),Network Security,United States,12,$2.30  ~ $2.43 ,$0.90 ,N/A,0.26%,N/A,N/A
Automotive (Legacy),Chronic Pain,United States,102,$12.13  ~ $12.72 ,$38.15 ,N/A,0.03%,N/A,N/A
Automotive (Legacy),Couponing,Canada,415,$4.77  ~ $9.70 ,$1.98 ,$16.98 ,0.24%,N/A,N/A
Automotive (Legacy),Couponing,United States,"15,296",$4.32  ~ $4.43 ,$6.38 ,$29.76 ,0.07%,N/A,N/A
Automotive (Legacy),Dermatology,United States,111,$6.53  ~ $6.64 ,$5.47 ,N/A,0.12%,N/A,N/A
Automotive (Legacy),Dermatology,Canada,29,$2.55  ~ $6.13 ,N/A,N/A,N/A,N/A,N/A
Automotive (Legacy),Accessories,Canada,1,$2.05  ~ $4.23 ,N/A,N/A,N/A,N/A,N/A
Automotive (Legacy),Accessories,United States,987,$13.07  ~ $14.28 ,$3.22 ,N/A,0.41%,N/A,N/A
Automotive (Legacy),Stamps & Coins,United States,13,$3.63  ~ $7.45 ,$0.29 ,N/A,1.25%,N/A,N/A
Automotive (Legacy),Financial Aid,United States,202,$7.92  ~ $8.16 ,$14.05 ,$22.99 ,0.06%,N/A,N/A
Automotive (Legacy),Cigars,United States,"13,152",$6.78  ~ $7.22 ,$9.74 ,$67.07 ,0.07%,N/A,N/A
Automotive (Legacy),Cigars,United Kingdom,"8,875",$3.98  ~ $15.78 ,$12.11 ,$72.65 ,0.03%,N/A,N/A
Automotive (Legacy),Cigars,Canada,140,$3.72  ~ $4.04 ,$4.17 ,N/A,0.10%,N/A,N/A
Automotive (Legacy),Martial Arts,Canada,37,$2.09  ~ $4.21 ,N/A,N/A,N/A,N/A,N/A
Automotive (Legacy),Martial Arts,United States,26,$2.52  ~ $6.13 ,$3.02 ,N/A,0.08%,N/A,N/A
Automotive (Legacy),Babies & Toddlers,United States,33,$8.87  ~ $9.62 ,$12.06 ,$156.46 ,0.07%,N/A,N/A
Automotive (Legacy),Cameras & Camcorders,Canada,20,$6.57  ~ $15.32 ,N/A,N/A,N/A,N/A,N/A
Automotive (Legacy),Fine Art,United States,"3,736",$6.35  ~ $7.47 ,$8.76 ,$36.06 ,0.07%,N/A,N/A
Automotive (Legacy),Fine Art,Canada,58,$6.41  ~ $6.78 ,$9.86 ,N/A,0.07%,N/A,N/A
Automotive (Legacy),Fine Art,United Kingdom,"18,942",$7.15  ~ $7.45 ,$12.88 ,$73.72 ,0.06%,N/A,N/A
Automotive (Legacy),Automotive,Canada,326,$7.39  ~ $8.52 ,$5.96 ,$85.36 ,0.12%,N/A,N/A
Automotive (Legacy),Automotive,United States,"56,885",$8.02  ~ $9.48 ,$9.61 ,$111.49 ,0.08%,N/A,N/A
Automotive (Legacy),Automotive,Mexico,1,$11.03  ~ $11.03 ,N/A,N/A,N/A,N/A,N/A
Automotive (Legacy),Automotive,United Kingdom,23,$7.29  ~ $24.58 ,$40.83 ,$789.31 ,0.06%,N/A,N/A
Automotive (Legacy),Distance Learning,United States,595,$11.93  ~ $13.14 ,$21.58 ,$103.64 ,0.06%,N/A,N/A
Automotive (Legacy),Food & Drink,United States,"2,348",$5.54  ~ $5.55 ,$6.98 ,$35.92 ,0.08%,N/A,N/A
Automotive (Legacy),Food & Drink,Canada,122,$5.01  ~ $12.07 ,$8.71 ,N/A,0.06%,N/A,N/A
Automotive (Legacy),Hobbies & Interests,Canada,16,$6.45  ~ $15.19 ,$13.94 ,N/A,0.05%,N/A,N/A
Automotive (Legacy),Hobbies & Interests,United States,"18,120",$7.94  ~ $8.08 ,$9.55 ,$22.91 ,0.08%,N/A,N/A
Automotive (Legacy),Hobbies & Interests,United Kingdom,"16,285",$1.66  ~ $1.66 ,$5.80 ,N/A,0.03%,N/A,N/A
Automotive (Legacy),Video & Computer Games,United States,46,$0.00  ~ $2.39 ,N/A,N/A,N/A,N/A,N/A
Automotive (Legacy),Appliances,United Kingdom,91,$6.83  ~ $6.94 ,$5.34 ,N/A,0.13%,N/A,N/A
Automotive (Legacy),Appliances,United States,"13,273",$8.09  ~ $8.34 ,$12.61 ,$166.89 ,0.06%,N/A,N/A
Automotive (Legacy),Appliances,Canada,196,$6.10  ~ $10.54 ,$3.29 ,N/A,0.19%,N/A,N/A
Automotive (Legacy),Gardening,United Kingdom,486,$0.00  ~ $1.88 ,$1.86 ,$10.65 ,0.10%,N/A,N/A
Automotive (Legacy),Gardening,Canada,"1,561",$2.68  ~ $4.38 ,$9.20 ,$44.97 ,0.05%,N/A,N/A
Automotive (Legacy),Gardening,United States,"22,854",$4.45  ~ $6.90 ,$6.10 ,$47.84 ,0.07%,N/A,N/A
Automotive (Legacy),Exercise,Canada,113,$2.40  ~ $3.81 ,N/A,N/A,N/A,N/A,N/A
Automotive (Legacy),Exercise,United Kingdom,794,$4.00  ~ $7.46 ,$6.22 ,$96.36 ,0.06%,N/A,N/A
Automotive (Legacy),Exercise,United States,"2,101",$4.56  ~ $4.73 ,$6.40 ,$67.57 ,0.07%,N/A,N/A
Automotive (Legacy),Senor Health,Canada,121,$6.33  ~ $8.61 ,$3.45 ,N/A,0.18%,N/A,N/A
Automotive (Legacy),Senor Health,United States,"2,851",$6.02  ~ $8.58 ,$5.09 ,$38.65 ,0.17%,N/A,N/A
Automotive (Legacy),Senor Health,United Kingdom,1,$6.89  ~ $7.20 ,$20.51 ,$41.03 ,0.03%,N/A,N/A
Automotive (Legacy),Health/Lowfat Cooking,Canada,123,$2.93  ~ $11.64 ,$16.95 ,N/A,0.07%,N/A,N/A
Automotive (Legacy),Health/Lowfat Cooking,United States,"1,099",$7.93  ~ $10.02 ,$11.73 ,$110.18 ,0.07%,N/A,N/A
Automotive (Legacy),Health/Lowfat Cooking,United Kingdom,40,$5.57  ~ $5.57 ,$9.66 ,N/A,0.06%,N/A,N/A
Automotive (Legacy),Health/Lowfat Cooking,Mexico,1,$10.66  ~ $22.62 ,$9.73 ,N/A,0.11%,N/A,N/A
Automotive (Legacy),Weddings,Canada,13,$2.13  ~ $4.26 ,N/A,N/A,N/A,N/A,N/A
Automotive (Legacy),Weddings,United States,69,$6.00  ~ $6.55 ,$4.80 ,N/A,0.12%,N/A,N/A
Automotive (Legacy),Fashion,United States,18,$8.19  ~ $18.40 ,$41.71 ,N/A,0.02%,N/A,N/A
Automotive (Legacy),News,United States,"1,453",$11.48  ~ $13.10 ,$11.61 ,$61.67 ,0.10%,N/A,N/A
Automotive (Legacy),News,Canada,17,$20.18  ~ $41.77 ,$8.99 ,$26.98 ,0.22%,N/A,N/A
Automotive (Legacy),Football,United States,"4,372",$7.16  ~ $8.38 ,$10.64 ,$43.39 ,0.07%,N/A,N/A
Automotive (Legacy),Football,Canada,"1,309",$4.87  ~ $5.72 ,$6.46 ,$19.37 ,0.09%,N/A,N/A
Automotive (Legacy),Honeymoons/Getaways,United Kingdom,514,$7.25  ~ $8.16 ,$11.39 ,N/A,0.07%,N/A,N/A
Automotive (Legacy),Honeymoons/Getaways,United States,"1,902",$7.70  ~ $8.90 ,$10.02 ,$103.76 ,0.08%,N/A,N/A
Automotive (Legacy),Honeymoons/Getaways,Canada,102,$10.34  ~ $10.50 ,$3.40 ,N/A,0.30%,N/A,N/A
Automotive (Legacy),Careers,Canada,617,$4.54  ~ $6.97 ,$4.10 ,$81.87 ,0.11%,N/A,N/A
Automotive (Legacy),Careers,United States,"3,234",$3.00  ~ $7.96 ,$7.49 ,$52.63 ,0.04%,N/A,N/A
Automotive (Legacy),Careers,United Kingdom,296,$7.05  ~ $15.12 ,$12.72 ,N/A,0.06%,N/A,N/A
Automotive (Legacy),Radio,United States,262,$5.55  ~ $6.33 ,$9.03 ,N/A,0.07%,N/A,N/A
Automotive (Legacy),Electric Vehicle,Canada,677,$4.76  ~ $11.44 ,$3.34 ,$63.47 ,0.14%,N/A,N/A
Automotive (Legacy),Jewelry,Canada,"1,165",$3.92  ~ $3.95 ,$1.96 ,$18.44 ,0.20%,N/A,N/A
Automotive (Legacy),Jewelry,United States,"67,346",$1.99  ~ $6.81 ,$1.13 ,$20.14 ,0.18%,N/A,N/A
Automotive (Legacy),Education,United States,"10,534",$7.35  ~ $7.50 ,$10.54 ,$67.35 ,0.07%,N/A,N/A
Automotive (Legacy),Education,Canada,121,$7.16  ~ $9.50 ,N/A,N/A,N/A,N/A,N/A
Automotive (Legacy),Education,United Kingdom,861,$6.94  ~ $9.84 ,$11.68 ,$80.45 ,0.06%,N/A,N/A
Automotive (Legacy),Education,Mexico,2,$6.87  ~ $8.18 ,$1.76 ,$18.02 ,0.39%,N/A,N/A
Automotive (Legacy),U.S. Government Resources,United States,6,$6.63  ~ $6.89 ,$3.13 ,N/A,0.21%,N/A,N/A
Automotive (Legacy),Contests & Freebies,Canada,1,$2.06  ~ $5.12 ,N/A,N/A,N/A,N/A,N/A
Automotive (Legacy),Contests & Freebies,United States,55,$5.27  ~ $9.22 ,$5.17 ,N/A,0.10%,N/A,N/A
Automotive (Legacy),Home Theater,United States,1,$2.19  ~ $4.76 ,N/A,N/A,N/A,N/A,N/A
Automotive (Legacy),Home & Garden,United Kingdom,"1,159",$6.64  ~ $6.95 ,$11.19 ,N/A,0.06%,N/A,N/A
Automotive (Legacy),Home & Garden,United States,"24,649",$5.93  ~ $6.54 ,$7.45 ,$34.01 ,0.08%,N/A,N/A
Automotive (Legacy),Home & Garden,Canada,"5,845",$3.05  ~ $4.68 ,$5.25 ,$168.36 ,0.09%,N/A,N/A
Automotive (Legacy),Personal Finance,United States,"77,285",$5.84  ~ $6.39 ,$8.04 ,$93.64 ,0.08%,N/A,N/A
Automotive (Legacy),Personal Finance,Canada,735,$3.33  ~ $3.75 ,$6.03 ,$37.97 ,0.06%,N/A,N/A
Automotive (Legacy),Personal Finance,United Kingdom,850,$6.18  ~ $10.13 ,$7.59 ,$66.92 ,0.08%,N/A,N/A
Automotive (Legacy),Personal Finance,Ireland,33,$7.27  ~ $7.29 ,$15.72 ,$61.82 ,0.05%,N/A,N/A
Automotive (Legacy),Travel,Mexico,3,$8.25  ~ $8.29 ,$1.65 ,N/A,0.50%,N/A,N/A
Automotive (Legacy),Travel,United Kingdom,"4,396",$5.19  ~ $5.31 ,$7.00 ,$21.11 ,0.07%,N/A,N/A
Automotive (Legacy),Travel,United States,"26,489",$5.79  ~ $6.12 ,$7.04 ,$44.30 ,0.09%,N/A,N/A
Automotive (Legacy),Travel,Canada,4,$6.53  ~ $7.65 ,$4.58 ,N/A,0.17%,N/A,N/A
Automotive (Legacy),Thyroid Disease,United States,5,$32.11  ~ $72.37 ,$27.39 ,N/A,0.12%,N/A,N/A
Automotive (Legacy),Credit/Debt & Loans,Canada,853,$7.27  ~ $7.86 ,$3.79 ,$18.55 ,0.19%,N/A,N/A
Automotive (Legacy),Credit/Debt & Loans,United States,"67,479",$7.34  ~ $8.81 ,$8.39 ,$48.58 ,0.09%,N/A,N/A
Automotive (Legacy),Credit/Debt & Loans,United Kingdom,901,$5.21  ~ $6.98 ,$7.58 ,$53.38 ,0.09%,N/A,N/A
Automotive (Legacy),Marketing,United States,321,$6.85  ~ $8.23 ,$5.41 ,$30.41 ,0.15%,N/A,N/A
Automotive (Legacy),Marketing,Canada,"1,865",$2.93  ~ $6.25 ,$1.89 ,$32.51 ,0.16%,N/A,N/A
Automotive (Legacy),Beauty,Canada,154,$2.09  ~ $2.84 ,$2.42 ,N/A,0.09%,N/A,N/A
Automotive (Legacy),Beauty,United States,"3,444",$8.29  ~ $8.72 ,$8.67 ,$114.93 ,0.10%,N/A,N/A
Automotive (Legacy),Beauty,United Kingdom,976,$7.03  ~ $7.29 ,$10.84 ,$107.72 ,0.07%,N/A,N/A
Automotive (Legacy),Road-Side Assistance,United States,13,$2.33  ~ $5.15 ,N/A,N/A,N/A,N/A,N/A
Automotive (Legacy),Road-Side Assistance,Canada,13,$2.27  ~ $4.94 ,N/A,N/A,N/A,N/A,N/A
Automotive (Legacy),Road-Side Assistance,Mexico,"2,704",$4.37  ~ $9.26 ,$3.09 ,N/A,0.14%,N/A,N/A
Automotive (Legacy),Road-Side Assistance,United Kingdom,164,$9.60  ~ $19.96 ,$39.55 ,N/A,0.02%,N/A,N/A
Automotive (Legacy),Human Resources,United Kingdom,"2,901",$8.88  ~ $11.42 ,$11.22 ,$150.87 ,0.08%,N/A,N/A
Automotive (Legacy),Human Resources,Mexico,353,$1.76  ~ $2.26 ,$0.97 ,$24.58 ,0.23%,N/A,N/A
Automotive (Legacy),Human Resources,United States,"7,395",$9.29  ~ $11.34 ,$13.50 ,$121.46 ,0.07%,N/A,N/A
Automotive (Legacy),Human Resources,Canada,706,$5.97  ~ $7.09 ,$11.10 ,N/A,0.06%,N/A,N/A
Automotive (Legacy),Nutrition,United States,817,$9.35  ~ $9.49 ,$10.09 ,$182.82 ,0.09%,N/A,N/A
Automotive (Legacy),Nutrition,Canada,"3,197",$3.03  ~ $4.04 ,$2.28 ,$7.45 ,0.13%,N/A,N/A
Automotive (Legacy),Nutrition,United Kingdom,22,$9.59  ~ $9.59 ,$15.08 ,N/A,0.06%,N/A,N/A
Automotive (Legacy),Roleplaying Games,United States,13,$2.11  ~ $4.29 ,N/A,N/A,N/A,N/A,N/A
Automotive (Legacy),Remodeling & Construction,United States,"38,136",$3.95  ~ $5.81 ,$9.36 ,$47.37 ,0.06%,N/A,N/A
Automotive (Legacy),Remodeling & Construction,Canada,101,$2.45  ~ $5.48 ,$2.93 ,N/A,0.08%,N/A,N/A
Automotive (Legacy),Retirement Planning,United States,36,$7.81  ~ $13.51 ,N/A,N/A,N/A,N/A,N/A
Automotive (Legacy),Retirement Planning,United Kingdom,4,$6.31  ~ $12.72 ,N/A,N/A,N/A,N/A,N/A
Automotive (Legacy),Guitar,United States,13,$2.25  ~ $4.50 ,N/A,N/A,N/A,N/A,N/A
Automotive (Legacy),Graduate School,Canada,162,$5.30  ~ $12.19 ,$6.90 ,N/A,0.08%,N/A,N/A
Automotive (Legacy),Graduate School,United States,"23,422",$7.74  ~ $8.14 ,$6.65 ,$52.77 ,0.12%,N/A,N/A
Automotive (Legacy),Graduate School,United Kingdom,61,$5.88  ~ $9.20 ,$20.08 ,N/A,0.05%,N/A,N/A
Automotive (Legacy),Cell Phones,United States,69,$12.99  ~ $12.99 ,$33.25 ,$169.75 ,0.04%,N/A,N/A
Automotive (Legacy),Cruises,United States,"4,188",$7.20  ~ $8.62 ,$7.76 ,$75.39 ,0.11%,N/A,N/A
Automotive (Legacy),Cruises,United Kingdom,71,$5.66  ~ $5.68 ,$5.97 ,$105.52 ,0.09%,N/A,N/A
Automotive (Legacy),Cruises,Canada,696,$5.70  ~ $6.27 ,$3.52 ,$52.91 ,0.16%,N/A,N/A
Automotive (Legacy),Green Solutions,Canada,"4,358",$3.84  ~ $4.41 ,$5.22 ,$43.22 ,0.08%,N/A,N/A
Automotive (Legacy),Green Solutions,United States,"7,822",$5.97  ~ $6.36 ,$6.86 ,$74.20 ,0.09%,N/A,N/A
Automotive (Legacy),Green Solutions,United Kingdom,4,$6.49  ~ $7.83 ,$5.20 ,N/A,0.12%,N/A,N/A
Automotive (Legacy),Allergies,Canada,266,$5.03  ~ $10.68 ,$2.29 ,N/A,0.22%,N/A,N/A
Automotive (Legacy),Allergies,United Kingdom,36,$3.21  ~ $6.70 ,N/A,N/A,N/A,N/A,N/A
Automotive (Legacy),Horse Racing,Canada,1,$6.73  ~ $15.58 ,$20.73 ,N/A,0.03%,N/A,N/A
Automotive (Legacy),Forestry,United States,2,$7.01  ~ $14.06 ,N/A,N/A,N/A,N/A,N/A
Automotive (Legacy),By US Locale,United States,3,$9.18  ~ $21.24 ,$3.73 ,N/A,0.25%,N/A,N/A
Automotive (Legacy),Internet Technology,United Kingdom,151,$6.37  ~ $7.47 ,$13.45 ,$94.15 ,0.06%,N/A,N/A
Automotive (Legacy),Internet Technology,United States,"4,699",$7.48  ~ $8.27 ,$13.64 ,$87.28 ,0.06%,N/A,N/A
Automotive (Legacy),Entertaining,United States,306,$2.90  ~ $4.47 ,$2.88 ,N/A,0.10%,N/A,N/A
Automotive (Legacy),Entertaining,Canada,26,$2.06  ~ $4.17 ,N/A,N/A,N/A,N/A,N/A
Automotive (Legacy),Local News,United States,30,$8.93  ~ $20.54 ,$20.45 ,N/A,0.04%,N/A,N/A
Automotive (Legacy),Homework/Study Tips,United States,8,$2.18  ~ $4.92 ,$0.25 ,N/A,0.88%,N/A,N/A
Automotive (Legacy),Movies,United States,125,$5.91  ~ $5.91 ,$5.24 ,N/A,0.11%,N/A,N/A
Automotive (Legacy),Art/Technology,United Kingdom,546,$1.85  ~ $1.85 ,$1.00 ,N/A,0.18%,N/A,N/A
Automotive (Legacy),Art/Technology,United States,"8,086",$6.54  ~ $6.58 ,$12.50 ,$38.98 ,0.05%,N/A,N/A
Automotive (Legacy),Art/Technology,Canada,65,$6.59  ~ $7.35 ,N/A,N/A,N/A,N/A,N/A
Automotive (Legacy),Coffee/Tea,United States,"3,124",$4.86  ~ $6.13 ,$2.62 ,$9.83 ,0.19%,N/A,N/A
Automotive (Legacy),Camping,United States,3,$5.37  ~ $7.30 ,N/A,N/A,N/A,N/A,N/A
Automotive (Legacy),Hotels,Canada,125,$4.11  ~ $4.27 ,$0.59 ,N/A,0.70%,N/A,N/A
Automotive (Legacy),Hotels,United Kingdom,536,$4.36  ~ $4.42 ,$6.93 ,N/A,0.06%,N/A,N/A
Automotive (Legacy),Hotels,United States,"14,287",$5.87  ~ $6.85 ,$11.35 ,$83.64 ,0.06%,N/A,N/A
Automotive (Legacy),Bed & Breakfasts,United States,"7,798",$1.62  ~ $4.72 ,$4.22 ,$34.18 ,0.11%,N/A,N/A
Automotive (Legacy),Bed & Breakfasts,United Kingdom,355,$7.89  ~ $7.96 ,$22.65 ,N/A,0.04%,N/A,N/A
Automotive (Legacy),Bed & Breakfasts,Canada,843,$0.39  ~ $0.39 ,$2.14 ,N/A,0.02%,N/A,N/A
Automotive (Legacy),Net Conferencing,United States,184,$13.73  ~ $52.52 ,$34.83 ,$20.41 ,0.04%,N/A,N/A
Automotive (Legacy),Net Conferencing,Canada,52,$6.05  ~ $12.42 ,N/A,N/A,N/A,N/A,N/A
Automotive (Legacy),Books & Literature,United States,46,$5.49  ~ $8.98 ,N/A,N/A,N/A,N/A,N/A
Automotive (Legacy),Real Estate,United Kingdom,"2,112",$5.46  ~ $6.95 ,$8.26 ,$51.28 ,0.07%,N/A,N/A
Automotive (Legacy),Real Estate,United States,"7,257",$6.33  ~ $6.82 ,$5.33 ,$34.25 ,0.12%,N/A,N/A
Automotive (Legacy),Real Estate,Canada,487,$4.82  ~ $5.02 ,$3.98 ,$14.78 ,0.13%,N/A,N/A
Automotive (Legacy),Pets,United States,"2,780",$8.44  ~ $8.65 ,$12.55 ,$113.61 ,0.07%,N/A,N/A
Automotive (Legacy),Pets,United Kingdom,9,$9.53  ~ $21.92 ,N/A,N/A,N/A,N/A,N/A
Automotive (Legacy),Computer Networking,United States,"2,980",$2.51  ~ $5.26 ,$1.82 ,$28.44 ,0.14%,N/A,N/A
Automotive (Legacy),Health & Fitness,United States,"77,172",$7.68  ~ $8.30 ,$7.90 ,$67.80 ,0.11%,N/A,N/A
Automotive (Legacy),Health & Fitness,United Kingdom,"2,653",$5.94  ~ $6.45 ,$8.60 ,$78.12 ,0.07%,N/A,N/A
Automotive (Legacy),Health & Fitness,Ireland,3,$1.57  ~ $1.76 ,$0.96 ,N/A,0.18%,N/A,N/A
Automotive (Legacy),Health & Fitness,Canada,"1,725",$6.04  ~ $7.41 ,$6.95 ,$44.91 ,0.09%,N/A,N/A
Automotive (Legacy),Stocks,United States,7,$9.61  ~ $9.61 ,N/A,N/A,N/A,N/A,N/A
Automotive (Legacy),Computer Certification,United States,1,$6.42  ~ $17.77 ,$3.09 ,N/A,0.21%,N/A,N/A
Automotive (Legacy),Psychology/Psychiatry,United States,"24,429",$6.11  ~ $8.07 ,$7.56 ,$78.08 ,0.11%,N/A,N/A
Automotive (Legacy),Psychology/Psychiatry,Canada,5,$5.75  ~ $5.99 ,N/A,N/A,N/A,N/A,N/A
Automotive (Legacy),Psychology/Psychiatry,United Kingdom,"1,802",$7.77  ~ $8.21 ,$11.87 ,N/A,0.07%,N/A,N/A
Automotive (Legacy),Dining Out,United Kingdom,296,$11.78  ~ $20.48 ,$13.85 ,$346.77 ,0.09%,N/A,N/A
Automotive (Legacy),Dining Out,Canada,454,$6.65  ~ $7.53 ,$9.54 ,N/A,0.07%,N/A,N/A
Automotive (Legacy),Dining Out,United States,"6,249",$5.75  ~ $8.14 ,$12.30 ,$79.48 ,0.05%,N/A,N/A
Automotive (Legacy),Investing,United States,"3,165",$5.05  ~ $5.05 ,$12.85 ,$135.52 ,0.04%,N/A,N/A
Automotive (Legacy),Investing,United Kingdom,10,$6.33  ~ $6.42 ,$2.62 ,N/A,0.24%,N/A,N/A
Automotive (Legacy),Investing,Canada,173,$8.43  ~ $8.43 ,$5.00 ,$25.00 ,0.17%,N/A,N/A
Automotive (Legacy),Sexuality,United States,"14,833",$6.18  ~ $6.84 ,$6.33 ,$88.04 ,0.10%,N/A,N/A
Automotive (Legacy),Sexuality,Canada,25,$2.75  ~ $5.53 ,N/A,N/A,N/A,N/A,N/A
Automotive (Legacy),Arts & Crafts,United States,"6,462",$3.23  ~ $7.14 ,$3.88 ,$42.63 ,0.08%,N/A,N/A
Automotive (Legacy),Clothing,United Kingdom,4,$9.26  ~ $9.26 ,$25.13 ,$75.38 ,0.04%,N/A,N/A
Automotive (Legacy),Clothing,Canada,357,$7.09  ~ $7.15 ,$1.77 ,$19.93 ,0.40%,N/A,N/A
Automotive (Legacy),Clothing,United States,"10,652",$7.28  ~ $7.28 ,$8.06 ,$45.94 ,0.09%,N/A,N/A
Automotive (Legacy),Metals,United Kingdom,194,$8.07  ~ $8.34 ,$8.47 ,N/A,0.10%,N/A,N/A
Automotive (Legacy),Metals,Mexico,1,$1.00  ~ $2.95 ,N/A,N/A,N/A,N/A,N/A
Automotive (Legacy),Metals,Canada,"3,826",$5.18  ~ $9.38 ,$8.97 ,$153.44 ,0.06%,N/A,N/A
Automotive (Legacy),Metals,United States,"18,173",$5.37  ~ $7.33 ,$9.67 ,$90.52 ,0.08%,N/A,N/A
Automotive (Legacy),Alternative Medicine,United States,395,$8.59  ~ $9.96 ,$16.38 ,N/A,0.06%,N/A,N/A
Automotive (Legacy),Alternative Medicine,Canada,97,$1.83  ~ $2.09 ,$3.01 ,N/A,0.07%,N/A,N/A
Automotive (Legacy),Wine,United States,158,$8.10  ~ $10.00 ,$13.00 ,$237.96 ,0.08%,N/A,N/A
Automotive (Legacy),Wine,Ireland,11,$5.26  ~ $11.09 ,$2.05 ,N/A,0.26%,N/A,N/A
Automotive (Legacy),Cocktails/Beer,Canada,"1,289",$9.16  ~ $9.91 ,$6.05 ,$15.13 ,0.15%,N/A,N/A
Automotive (Legacy),Cocktails/Beer,United States,"5,050",$7.36  ~ $7.38 ,$9.22 ,N/A,0.08%,N/A,N/A
Automotive (Legacy),Card Games,United States,"2,227",$9.61  ~ $11.40 ,$13.88 ,$96.73 ,0.07%,N/A,N/A
Automotive (Legacy),Card Games,Canada,"3,473",$6.13  ~ $6.29 ,$7.26 ,$27.75 ,0.08%,N/A,N/A
Automotive (Legacy),Card Games,United Kingdom,504,$7.43  ~ $7.44 ,$16.42 ,N/A,0.05%,N/A,N/A
Automotive (Legacy),Off-Road Vehicles,United States,104,$9.14  ~ $20.49 ,$9.39 ,$101.10 ,0.10%,N/A,N/A
Automotive (Legacy),Off-Road Vehicles,Canada,6,$6.58  ~ $13.25 ,$3.48 ,N/A,0.19%,N/A,N/A
Automotive (Legacy),Off-Road Vehicles,United Kingdom,1,$8.28  ~ $17.51 ,N/A,N/A,N/A,N/A,N/A
Automotive (Legacy),Alternative Religions,United States,92,$7.89  ~ $7.91 ,$7.59 ,$29.82 ,0.10%,N/A,N/A
Automotive (Legacy),Alternative Religions,United Kingdom,1,$6.38  ~ $14.17 ,N/A,N/A,N/A,N/A,N/A
Automotive (Legacy),Buying/Selling Cars,United Kingdom,"1,113",$7.34  ~ $12.82 ,$17.15 ,$67.96 ,0.07%,N/A,N/A
Automotive (Legacy),Buying/Selling Cars,Mexico,2,$18.28  ~ $21.11 ,$8.66 ,N/A,0.21%,N/A,N/A
Automotive (Legacy),Buying/Selling Cars,Canada,"1,371",$4.84  ~ $5.17 ,$8.87 ,$152.60 ,0.06%,N/A,N/A
Automotive (Legacy),Buying/Selling Cars,United States,"13,893",$9.63  ~ $10.09 ,$16.88 ,$74.76 ,0.06%,N/A,N/A
Automotive (Legacy),Apartments,United States,537,$5.16  ~ $5.82 ,$3.24 ,$34.69 ,0.16%,N/A,N/A
Automotive (Legacy),Apartments,Canada,173,$3.13  ~ $6.45 ,$4.90 ,$39.12 ,0.13%,N/A,N/A
Automotive (Legacy),Apartments,United Kingdom,"4,509",$7.07  ~ $7.29 ,$9.88 ,$67.78 ,0.07%,N/A,N/A
Automotive (Legacy),Biotech/Biomedical,United States,"6,337",$8.47  ~ $25.68 ,$6.28 ,$73.41 ,0.13%,N/A,N/A
Automotive (Legacy),Biotech/Biomedical,Canada,844,$6.97  ~ $7.44 ,$4.47 ,N/A,0.16%,N/A,N/A
Automotive (Legacy),Biotech/Biomedical,United Kingdom,24,$7.07  ~ $10.96 ,$9.79 ,$46.11 ,0.11%,N/A,N/A
Automotive (Legacy),Pediatrics,United States,208,$9.20  ~ $22.97 ,$13.52 ,N/A,0.07%,N/A,N/A
Automotive (Legacy),Cold & Flu,United States,"2,715",$7.71  ~ $8.79 ,$4.72 ,N/A,0.19%,N/A,N/A
Automotive (Legacy),Cold & Flu,Canada,160,$2.10  ~ $5.23 ,N/A,N/A,N/A,N/A,N/A
Automotive (Legacy),Cold & Flu,United Kingdom,264,$13.14  ~ $30.11 ,$33.69 ,N/A,0.04%,N/A,N/A
Automotive (Legacy),Celebrity Fan/Gossip,United States,4,$6.64  ~ $13.42 ,N/A,N/A,N/A,N/A,N/A
Automotive (Legacy),Adventure Travel,United States,"1,898",$2.75  ~ $14.46 ,$4.08 ,$17.36 ,0.07%,N/A,N/A
Automotive (Legacy),7-12 Education,United States,1,$8.97  ~ $20.73 ,N/A,N/A,N/A,N/A,N/A
Automotive (Legacy),Home Repair,Canada,300,$5.06  ~ $5.26 ,$4.71 ,$52.63 ,0.11%,N/A,N/A
Automotive (Legacy),Home Repair,United States,"18,304",$8.19  ~ $8.37 ,$14.48 ,$132.13 ,0.06%,N/A,N/A
Automotive (Legacy),Home Repair,United Kingdom,109,$7.88  ~ $8.86 ,$5.86 ,$65.02 ,0.13%,N/A,N/A
Automotive (Legacy),Theme Parks,United States,503,$4.43  ~ $4.43 ,$10.34 ,$9.35 ,0.04%,N/A,N/A
Automotive (Legacy),Theme Parks,Canada,331,$4.97  ~ $12.35 ,$1.96 ,$19.63 ,0.25%,N/A,N/A
Automotive (Legacy),Television,Canada,2,$7.30  ~ $15.25 ,$1.98 ,$19.79 ,0.37%,N/A,N/A
Automotive (Legacy),Television,United Kingdom,86,$7.03  ~ $7.21 ,$3.68 ,$257.55 ,0.20%,N/A,N/A
Automotive (Legacy),Television,United States,10,$13.47  ~ $26.98 ,$1.60 ,N/A,0.84%,N/A,N/A
Automotive (Legacy),Collecting,Canada,35,$2.10  ~ $5.24 ,N/A,N/A,N/A,N/A,N/A
Automotive (Legacy),Collecting,United States,67,$5.18  ~ $8.42 ,$9.93 ,N/A,0.08%,N/A,N/A
Automotive (Legacy),Catholicism,United States,77,$6.23  ~ $9.11 ,$27.16 ,$51.27 ,0.03%,N/A,N/A
Automotive (Legacy),Comparison,United States,32,$4.45  ~ $9.93 ,$2.95 ,N/A,0.15%,N/A,N/A
Automotive (Legacy),Antivirus Software,Canada,126,$9.01  ~ $9.01 ,$3.96 ,$15.83 ,0.23%,N/A,N/A
Automotive (Legacy),Antivirus Software,United States,"1,744",$8.45  ~ $8.45 ,$8.26 ,$35.81 ,0.10%,N/A,N/A
Automotive (Legacy),Auto Parts,United States,"19,621",$7.39  ~ $7.95 ,$16.81 ,$131.94 ,0.04%,N/A,N/A
Automotive (Legacy),Auto Parts,Canada,18,$5.28  ~ $12.22 ,$2.76 ,N/A,0.19%,N/A,N/A
Automotive (Legacy),Auto Parts,United Kingdom,263,$7.67  ~ $7.67 ,$17.73 ,N/A,0.04%,N/A,N/A
Automotive (Legacy),Logistics,Canada,"1,198",$4.69  ~ $6.37 ,$3.64 ,$21.03 ,0.18%,N/A,N/A
Automotive (Legacy),Logistics,United Kingdom,193,$5.92  ~ $8.66 ,$24.53 ,$114.57 ,0.04%,N/A,N/A
Automotive (Legacy),Logistics,Mexico,9,$1.73  ~ $6.35 ,$1.92 ,N/A,0.33%,N/A,N/A
Automotive (Legacy),Logistics,United States,"8,269",$11.48  ~ $13.54 ,$10.71 ,$105.30 ,0.11%,N/A,N/A
Automotive (Legacy),Business Software,United Kingdom,"1,758",$12.85  ~ $13.65 ,$14.22 ,$673.99 ,0.10%,N/A,N/A
Automotive (Legacy),Business Software,Ireland,1,$9.15  ~ $9.44 ,N/A,N/A,N/A,N/A,N/A
Automotive (Legacy),Business Software,United States,"10,651",$9.22  ~ $9.45 ,$13.86 ,$176.46 ,0.07%,N/A,N/A
Automotive (Legacy),Business Software,Canada,"2,408",$9.03  ~ $9.57 ,$6.73 ,$73.12 ,0.14%,N/A,N/A
Automotive (Legacy),Job Search,United States,"4,562",$8.43  ~ $8.71 ,$11.72 ,$60.93 ,0.07%,N/A,N/A
Automotive (Legacy),Job Search,United Kingdom,5,$7.02  ~ $14.18 ,$4.87 ,N/A,0.14%,N/A,N/A
Automotive (Legacy),Infertility,United States,432,$4.10  ~ $7.37 ,$25.79 ,N/A,0.03%,N/A,N/A
Automotive (Legacy),Environmental Safety,United States,409,$8.59  ~ $8.78 ,$11.88 ,N/A,0.07%,N/A,N/A
Automotive (Legacy),Environmental Safety,Canada,44,$2.43  ~ $4.96 ,N/A,N/A,N/A,N/A,N/A
Automotive (Legacy),Tax Planning,Canada,2,$0.00  ~ $0.00 ,N/A,N/A,N/A,N/A,N/A
Automotive (Legacy),Cocktails/Beer,United Kingdom,174,$0.00  ~ $0.00 ,N/A,N/A,N/A,N/A,N/A
Business (Legacy),Alternative Religions,United States,324,$7.91  ~ $8.11 ,$15.91 ,N/A,0.05%,N/A,N/A
Business (Legacy),Alternative Religions,United Kingdom,17,$5.52  ~ $13.03 ,N/A,N/A,N/A,N/A,N/A
Business (Legacy),Interior Decorating,Canada,"3,400",$4.78  ~ $7.50 ,$7.52 ,$53.67 ,0.10%,N/A,N/A
Business (Legacy),Interior Decorating,United States,"7,097",$6.51  ~ $7.29 ,$8.90 ,$38.50 ,0.08%,N/A,N/A
Business (Legacy),Interior Decorating,United Kingdom,315,$6.60  ~ $6.76 ,$6.47 ,N/A,0.10%,N/A,N/A
Business (Legacy),Politics,United States,"19,898",$11.30  ~ $12.46 ,$16.02 ,$136.79 ,0.07%,N/A,N/A
Business (Legacy),Politics,Canada,"15,057",$9.69  ~ $11.72 ,$13.87 ,$125.61 ,0.07%,N/A,N/A
Business (Legacy),Desserts & Baking,Canada,15,$2.18  ~ $4.99 ,N/A,N/A,N/A,N/A,N/A
Business (Legacy),Desserts & Baking,United States,414,$4.91  ~ $10.25 ,$11.40 ,N/A,0.04%,N/A,N/A
Business (Legacy),Motorcycles,United States,"7,483",$4.26  ~ $8.04 ,$7.40 ,$42.89 ,0.06%,N/A,N/A
Business (Legacy),Motorcycles,Canada,31,$4.89  ~ $11.87 ,$5.03 ,$45.26 ,0.10%,N/A,N/A
Business (Legacy),Chronic Pain,United States,75,$12.72  ~ $12.93 ,$44.30 ,N/A,0.03%,N/A,N/A
Business (Legacy),Trucks & Accessories,United States,"1,239",$5.07  ~ $5.25 ,$5.50 ,$52.63 ,0.10%,N/A,N/A
Business (Legacy),Cold & Flu,United Kingdom,32,$14.11  ~ $34.56 ,N/A,N/A,N/A,N/A,N/A
Business (Legacy),Cold & Flu,United States,454,$8.64  ~ $9.85 ,$6.70 ,N/A,0.15%,N/A,N/A
Business (Legacy),Cold & Flu,Canada,44,$2.21  ~ $4.74 ,N/A,N/A,N/A,N/A,N/A
Business (Legacy),Hunting/Shooting,United States,60,$6.56  ~ $6.56 ,$4.96 ,N/A,0.13%,N/A,N/A
Business (Legacy),Computer Peripherals,United Kingdom,59,$13.59  ~ $14.18 ,$3.86 ,N/A,0.37%,N/A,N/A
Business (Legacy),Computer Peripherals,United States,"2,149",$8.19  ~ $11.43 ,$10.07 ,$101.23 ,0.11%,N/A,N/A
Business (Legacy),Computer Peripherals,Canada,569,$3.62  ~ $5.08 ,$5.91 ,$19.99 ,0.09%,N/A,N/A
Business (Legacy),Metals,Canada,"5,581",$6.95  ~ $7.09 ,$17.36 ,$105.62 ,0.04%,N/A,N/A
Business (Legacy),Metals,United States,"69,116",$5.14  ~ $7.31 ,$9.84 ,$77.91 ,0.07%,N/A,N/A
Business (Legacy),Metals,United Kingdom,359,$8.04  ~ $9.18 ,$33.25 ,N/A,0.03%,N/A,N/A
Business (Legacy),Metals,Ireland,1,$1.65  ~ $8.23 ,N/A,N/A,N/A,N/A,N/A
Business (Legacy),Metals,Mexico,3,$2.28  ~ $7.17 ,N/A,N/A,N/A,N/A,N/A
Business (Legacy),Dogs,Canada,139,$2.18  ~ $4.58 ,N/A,N/A,N/A,N/A,N/A
Business (Legacy),Dogs,United States,"1,899",$3.81  ~ $5.77 ,$10.92 ,$42.54 ,0.03%,N/A,N/A
Business (Legacy),Dogs,United Kingdom,321,$9.56  ~ $9.56 ,N/A,N/A,N/A,N/A,N/A
Business (Legacy),Remodeling & Construction,United States,"9,733",$4.01  ~ $4.57 ,$5.61 ,$25.21 ,0.08%,N/A,N/A
Business (Legacy),Remodeling & Construction,Canada,221,$2.61  ~ $5.22 ,$1.80 ,N/A,0.15%,N/A,N/A
Business (Legacy),Incest/Abuse Support,Canada,163,$5.40  ~ $7.39 ,N/A,N/A,N/A,N/A,N/A
Business (Legacy),Incest/Abuse Support,United States,"2,059",$7.77  ~ $9.99 ,$8.88 ,$86.63 ,0.09%,N/A,N/A
Business (Legacy),Certified Pre-Owned,Canada,4,$5.72  ~ $6.39 ,N/A,N/A,N/A,N/A,N/A
Business (Legacy),Certified Pre-Owned,United Kingdom,6,$27.73  ~ $27.73 ,$10.79 ,N/A,0.26%,N/A,N/A
Business (Legacy),Certified Pre-Owned,United States,128,$11.87  ~ $13.65 ,$11.01 ,N/A,0.11%,N/A,N/A
Business (Legacy),Dermatology,United States,171,$6.01  ~ $6.74 ,N/A,N/A,N/A,N/A,N/A
Business (Legacy),Dermatology,Canada,10,$2.50  ~ $5.66 ,N/A,N/A,N/A,N/A,N/A
Business (Legacy),Buying/Selling Homes,Canada,747,$5.74  ~ $6.56 ,$11.02 ,$45.17 ,0.05%,N/A,N/A
Business (Legacy),Buying/Selling Homes,United Kingdom,"3,473",$6.38  ~ $7.71 ,$16.89 ,$146.71 ,0.04%,N/A,N/A
Business (Legacy),Buying/Selling Homes,United States,"8,113",$7.61  ~ $9.39 ,$7.64 ,$47.96 ,0.10%,N/A,N/A
Business (Legacy),Business Software,United States,"33,970",$10.32  ~ $10.90 ,$19.49 ,$94.65 ,0.06%,N/A,N/A
Business (Legacy),Business Software,Canada,"7,795",$7.12  ~ $7.47 ,$17.72 ,$121.07 ,0.04%,N/A,N/A
Business (Legacy),Business Software,United Kingdom,"11,375",$9.21  ~ $11.73 ,$18.83 ,$108.18 ,0.06%,N/A,N/A
Business (Legacy),Business Software,Ireland,53,$6.97  ~ $10.14 ,$10.36 ,$67.56 ,0.10%,N/A,N/A
Business (Legacy),Careers,Canada,"1,871",$3.76  ~ $3.85 ,$16.52 ,$57.45 ,0.02%,N/A,N/A
Business (Legacy),Careers,United States,"1,901",$2.63  ~ $7.78 ,$7.31 ,$36.11 ,0.04%,N/A,N/A
Business (Legacy),Careers,United Kingdom,353,$6.03  ~ $15.92 ,$15.74 ,N/A,0.04%,N/A,N/A
Business (Legacy),Weight Loss,United Kingdom,"2,187",$8.19  ~ $8.20 ,$59.32 ,$296.58 ,0.01%,N/A,N/A
Business (Legacy),Weight Loss,United States,398,$3.98  ~ $4.12 ,$15.78 ,N/A,0.03%,N/A,N/A
Business (Legacy),Weight Loss,Mexico,15,$1.39  ~ $3.03 ,$0.58 ,N/A,0.24%,N/A,N/A
Business (Legacy),Off-Road Vehicles,United States,272,$10.42  ~ $20.62 ,$6.78 ,$100.35 ,0.15%,N/A,N/A
Business (Legacy),Off-Road Vehicles,Canada,103,$6.87  ~ $15.43 ,$8.36 ,N/A,0.08%,N/A,N/A
Business (Legacy),Off-Road Vehicles,United Kingdom,2,$8.24  ~ $20.40 ,N/A,N/A,N/A,N/A,N/A
Business (Legacy),Bed & Breakfasts,United States,"4,996",$1.42  ~ $4.82 ,$4.92 ,$34.06 ,0.10%,N/A,N/A
Business (Legacy),Bed & Breakfasts,Canada,913,$0.35  ~ $0.35 ,N/A,N/A,N/A,N/A,N/A
Business (Legacy),Bed & Breakfasts,United Kingdom,158,$7.62  ~ $7.89 ,$36.84 ,N/A,0.02%,N/A,N/A
Business (Legacy),Large Animals,United States,25,$13.09  ~ $29.46 ,N/A,N/A,N/A,N/A,N/A
Business (Legacy),Local News,United States,138,$8.47  ~ $18.69 ,$8.46 ,N/A,0.10%,N/A,N/A
Business (Legacy),Couponing,Canada,"2,066",$4.68  ~ $10.75 ,$2.70 ,$23.69 ,0.17%,N/A,N/A
Business (Legacy),Couponing,United States,"5,731",$3.98  ~ $4.06 ,$6.01 ,N/A,0.07%,N/A,N/A
Business (Legacy),Credit/Debt & Loans,Canada,555,$7.31  ~ $7.89 ,$5.92 ,N/A,0.12%,N/A,N/A
Business (Legacy),Credit/Debt & Loans,United States,"60,598",$5.52  ~ $7.97 ,$10.36 ,$74.67 ,0.08%,N/A,N/A
Business (Legacy),Credit/Debt & Loans,United Kingdom,992,$5.01  ~ $6.21 ,$9.41 ,N/A,0.07%,N/A,N/A
Business (Legacy),Credit/Debt & Loans,Mexico,3,$6.67  ~ $14.67 ,$11.44 ,N/A,0.06%,N/A,N/A
Business (Legacy),Appliances,United States,"3,425",$7.58  ~ $8.06 ,$10.65 ,$38.96 ,0.07%,N/A,N/A
Business (Legacy),Appliances,Canada,139,$7.85  ~ $8.59 ,$6.92 ,N/A,0.11%,N/A,N/A
Business (Legacy),Appliances,United Kingdom,174,$6.72  ~ $6.76 ,$8.30 ,$24.89 ,0.08%,N/A,N/A
Business (Legacy),Travel,United Kingdom,"5,044",$5.22  ~ $5.25 ,$9.64 ,$59.31 ,0.05%,N/A,N/A
Business (Legacy),Travel,United States,"18,964",$4.68  ~ $5.64 ,$5.56 ,$34.10 ,0.10%,N/A,N/A
Business (Legacy),Travel,Ireland,1,$4.17  ~ $4.36 ,$5.64 ,N/A,0.08%,N/A,N/A
Business (Legacy),Travel,Canada,17,$6.93  ~ $7.46 ,$12.29 ,$77.04 ,0.06%,N/A,N/A
Business (Legacy),Sexuality,Canada,14,$2.76  ~ $6.28 ,N/A,N/A,N/A,N/A,N/A
Business (Legacy),Sexuality,United States,"9,811",$4.87  ~ $6.87 ,$4.13 ,$57.07 ,0.12%,N/A,N/A
Business (Legacy),Architects,United Kingdom,3,$7.23  ~ $7.23 ,$2.50 ,N/A,0.29%,N/A,N/A
Business (Legacy),Arts & Entertainment,United Kingdom,"1,456",$6.37  ~ $8.25 ,$20.87 ,$54.94 ,0.03%,N/A,N/A
Business (Legacy),Arts & Entertainment,Canada,"1,991",$5.53  ~ $9.26 ,$5.94 ,N/A,0.09%,N/A,N/A
Business (Legacy),Arts & Entertainment,United States,"18,333",$6.60  ~ $7.44 ,$9.92 ,$65.95 ,0.07%,N/A,N/A
Business (Legacy),News,United States,"1,278",$12.05  ~ $15.04 ,$14.24 ,$78.69 ,0.08%,N/A,N/A
Business (Legacy),News,Canada,3,$0.37  ~ $0.82 ,N/A,N/A,N/A,N/A,N/A
Business (Legacy),Beauty,Canada,120,$2.20  ~ $2.31 ,N/A,N/A,N/A,N/A,N/A
Business (Legacy),Beauty,United States,"2,095",$8.17  ~ $9.14 ,$20.09 ,$155.52 ,0.05%,N/A,N/A
Business (Legacy),Beauty,United Kingdom,678,$7.03  ~ $7.40 ,$10.14 ,$35.25 ,0.07%,N/A,N/A
Business (Legacy),Internet Technology,United Kingdom,139,$6.37  ~ $8.78 ,$11.41 ,$62.76 ,0.08%,N/A,N/A
Business (Legacy),Internet Technology,United States,"1,064",$5.75  ~ $6.98 ,$10.48 ,$17.83 ,0.07%,N/A,N/A
Business (Legacy),Internet Technology,Canada,1,$3.98  ~ $8.82 ,N/A,N/A,N/A,N/A,N/A
Business (Legacy),Art/Technology,United States,"5,934",$6.52  ~ $6.55 ,$11.95 ,N/A,0.05%,N/A,N/A
Business (Legacy),Art/Technology,Canada,15,$7.06  ~ $7.88 ,N/A,N/A,N/A,N/A,N/A
Business (Legacy),Art/Technology,United Kingdom,"1,009",$2.08  ~ $2.08 ,N/A,N/A,N/A,N/A,N/A
Business (Legacy),Cameras & Camcorders,Canada,12,$9.10  ~ $19.27 ,N/A,N/A,N/A,N/A,N/A
Business (Legacy),Cameras & Camcorders,United States,2,$6.20  ~ $6.53 ,N/A,N/A,N/A,N/A,N/A
Business (Legacy),U.S. Government Resources,United States,148,$6.53  ~ $7.38 ,$6.05 ,N/A,0.11%,N/A,N/A
Business (Legacy),Entertaining,Canada,1,$2.06  ~ $4.18 ,N/A,N/A,N/A,N/A,N/A
Business (Legacy),Entertaining,United States,141,$2.93  ~ $5.14 ,$2.50 ,$24.70 ,0.12%,N/A,N/A
Business (Legacy),Landscaping,Canada,136,$2.10  ~ $5.03 ,N/A,N/A,N/A,N/A,N/A
Business (Legacy),Landscaping,United States,828,$3.71  ~ $5.31 ,$26.04 ,N/A,0.02%,N/A,N/A
Business (Legacy),Computer Certification,United States,25,$7.44  ~ $15.59 ,$3.16 ,N/A,0.24%,N/A,N/A
Business (Legacy),Education,United Kingdom,"10,589",$6.59  ~ $9.87 ,$17.18 ,N/A,0.04%,N/A,N/A
Business (Legacy),Education,Canada,266,$8.89  ~ $9.95 ,$22.48 ,N/A,0.04%,N/A,N/A
Business (Legacy),Education,United States,"4,794",$7.47  ~ $7.50 ,$12.16 ,$77.15 ,0.06%,N/A,N/A
Business (Legacy),Education,Mexico,4,$4.55  ~ $8.20 ,$1.83 ,$3.65 ,0.25%,N/A,N/A
Business (Legacy),Hobbies & Interests,Canada,37,$0.00  ~ $6.33 ,$12.63 ,N/A,0.05%,N/A,N/A
Business (Legacy),Hobbies & Interests,United States,"6,950",$7.35  ~ $8.07 ,$11.71 ,$54.92 ,0.07%,N/A,N/A
Business (Legacy),Hobbies & Interests,United Kingdom,"9,565",$1.68  ~ $1.68 ,$7.64 ,N/A,0.02%,N/A,N/A
Business (Legacy),Environmental Safety,United States,419,$8.74  ~ $8.91 ,$19.52 ,$63.11 ,0.04%,N/A,N/A
Business (Legacy),Environmental Safety,Canada,7,$2.16  ~ $5.19 ,N/A,N/A,N/A,N/A,N/A
Business (Legacy),Incontinence,United States,3,$2.06  ~ $2.07 ,$2.34 ,N/A,0.09%,N/A,N/A
Business (Legacy),Religion & Spirituality,United States,2,$2.26  ~ $5.63 ,N/A,N/A,N/A,N/A,N/A
Business (Legacy),Homework/Study Tips,United States,91,$2.20  ~ $5.29 ,N/A,N/A,N/A,N/A,N/A
Business (Legacy),Biotech/Biomedical,United States,"9,650",$9.99  ~ $22.77 ,$6.59 ,$80.61 ,0.15%,N/A,N/A
Business (Legacy),Biotech/Biomedical,Canada,436,$7.47  ~ $8.42 ,$13.51 ,N/A,0.06%,N/A,N/A
Business (Legacy),Biotech/Biomedical,United Kingdom,45,$6.99  ~ $10.24 ,$15.39 ,N/A,0.07%,N/A,N/A
Business (Legacy),Martial Arts,United States,50,$2.98  ~ $6.98 ,N/A,N/A,N/A,N/A,N/A
Business (Legacy),Martial Arts,Canada,13,$2.20  ~ $4.44 ,N/A,N/A,N/A,N/A,N/A
Business (Legacy),Net Conferencing,United States,431,$12.70  ~ $51.94 ,$28.29 ,$14.69 ,0.04%,N/A,N/A
Business (Legacy),Net Conferencing,Canada,60,$6.11  ~ $15.14 ,$4.09 ,N/A,0.15%,N/A,N/A
Business (Legacy),Retirement Planning,United Kingdom,52,$5.80  ~ $13.42 ,$15.24 ,N/A,0.04%,N/A,N/A
Business (Legacy),Retirement Planning,United States,91,$7.95  ~ $16.62 ,$13.85 ,N/A,0.12%,N/A,N/A
Business (Legacy),Retirement Planning,Canada,5,$5.27  ~ $13.10 ,N/A,N/A,N/A,N/A,N/A
Business (Legacy),Marketing,United States,175,$6.82  ~ $8.24 ,$9.74 ,N/A,0.08%,N/A,N/A
Business (Legacy),Marketing,Canada,"1,936",$2.81  ~ $6.97 ,$2.89 ,$17.35 ,0.10%,N/A,N/A
Business (Legacy),Forestry,United States,25,$7.15  ~ $15.98 ,N/A,N/A,N/A,N/A,N/A
Business (Legacy),Adventure Travel,United States,277,$2.65  ~ $14.48 ,$4.49 ,$26.58 ,0.06%,N/A,N/A
Business (Legacy),Financial Aid,United States,74,$7.79  ~ $8.15 ,$26.96 ,$19.85 ,0.03%,N/A,N/A
Business (Legacy),Mutual Funds,United States,"4,944",$9.33  ~ $11.29 ,$15.23 ,$77.93 ,0.06%,N/A,N/A
Business (Legacy),Mutual Funds,Canada,15,$23.78  ~ $25.09 ,$13.61 ,$121.50 ,0.17%,N/A,N/A
Business (Legacy),Mutual Funds,United Kingdom,6,$18.85  ~ $38.56 ,N/A,N/A,N/A,N/A,N/A
Business (Legacy),Human Resources,United Kingdom,"3,077",$12.56  ~ $19.30 ,$18.69 ,$680.74 ,0.07%,N/A,N/A
Business (Legacy),Human Resources,Mexico,14,$1.64  ~ $1.88 ,$2.57 ,N/A,0.07%,N/A,N/A
Business (Legacy),Human Resources,United States,"19,042",$11.47  ~ $14.61 ,$16.20 ,$134.45 ,0.07%,N/A,N/A
Business (Legacy),Human Resources,Canada,"4,499",$5.72  ~ $6.92 ,$13.16 ,$85.65 ,0.05%,N/A,N/A
Business (Legacy),Electric Vehicle,United States,3,$2.05  ~ $4.32 ,N/A,N/A,N/A,N/A,N/A
Business (Legacy),Electric Vehicle,Canada,26,$4.72  ~ $9.51 ,$2.05 ,N/A,0.23%,N/A,N/A
Business (Legacy),Comparison,United States,19,$4.19  ~ $10.07 ,$3.38 ,N/A,0.12%,N/A,N/A
Business (Legacy),Business,United States,"43,389",$7.94  ~ $9.04 ,$13.01 ,$102.82 ,0.07%,N/A,N/A
Business (Legacy),Business,United Kingdom,"22,074",$5.37  ~ $5.90 ,$13.45 ,$74.57 ,0.04%,N/A,N/A
Business (Legacy),Business,Canada,"4,364",$6.18  ~ $8.32 ,$22.43 ,$146.10 ,0.03%,N/A,N/A
Business (Legacy),Business,Ireland,14,$8.67  ~ $10.35 ,$7.04 ,N/A,0.12%,N/A,N/A
Business (Legacy),Business,Mexico,13,$7.72  ~ $7.80 ,$24.07 ,$141.74 ,0.03%,N/A,N/A
Business (Legacy),Honeymoons/Getaways,United States,"1,995",$8.25  ~ $8.90 ,$11.99 ,$51.32 ,0.07%,N/A,N/A
Business (Legacy),Honeymoons/Getaways,Canada,473,$8.67  ~ $9.82 ,$11.92 ,N/A,0.08%,N/A,N/A
Business (Legacy),Honeymoons/Getaways,United Kingdom,483,$7.29  ~ $8.45 ,$13.94 ,$127.70 ,0.06%,N/A,N/A
Business (Legacy),Real Estate,United Kingdom,"3,602",$5.59  ~ $6.97 ,$9.68 ,$47.52 ,0.06%,N/A,N/A
Business (Legacy),Real Estate,United States,"5,747",$6.81  ~ $6.92 ,$7.16 ,$34.53 ,0.10%,N/A,N/A
Business (Legacy),Real Estate,Canada,"2,605",$4.85  ~ $5.51 ,$15.32 ,N/A,0.04%,N/A,N/A
Business (Legacy),Infertility,United States,500,$4.06  ~ $7.19 ,$12.34 ,N/A,0.06%,N/A,N/A
Business (Legacy),Video & Computer Games,United States,55,$0.00  ~ $3.50 ,N/A,N/A,N/A,N/A,N/A
Business (Legacy),Television,United Kingdom,86,$7.21  ~ $7.53 ,$6.27 ,$188.00 ,0.12%,N/A,N/A
Business (Legacy),Television,United States,6,$14.99  ~ $31.27 ,$1.61 ,$4.19 ,0.93%,N/A,N/A
Business (Legacy),Astrology,Canada,2,$2.04  ~ $4.77 ,N/A,N/A,N/A,N/A,N/A
Business (Legacy),Stamps & Coins,United States,50,$4.01  ~ $8.68 ,N/A,N/A,N/A,N/A,N/A
Business (Legacy),Football,Canada,"1,785",$4.87  ~ $5.70 ,$12.41 ,$57.92 ,0.05%,N/A,N/A
Business (Legacy),Football,United States,"2,663",$6.91  ~ $8.36 ,$9.02 ,$35.00 ,0.08%,N/A,N/A
Business (Legacy),Apartments,United States,550,$5.86  ~ $9.52 ,$4.14 ,$14.85 ,0.14%,N/A,N/A
Business (Legacy),Apartments,Canada,246,$4.28  ~ $6.31 ,$11.57 ,N/A,0.05%,N/A,N/A
Business (Legacy),Apartments,United Kingdom,"7,809",$7.31  ~ $7.70 ,$10.76 ,$86.53 ,0.07%,N/A,N/A
Business (Legacy),Career Planning,United States,"2,141",$7.15  ~ $7.38 ,$12.79 ,$95.69 ,0.06%,N/A,N/A
Business (Legacy),Career Planning,Canada,"3,120",$6.42  ~ $7.01 ,$52.47 ,N/A,0.01%,N/A,N/A
Business (Legacy),Career Planning,United Kingdom,3,$8.71  ~ $8.81 ,N/A,N/A,N/A,N/A,N/A
Business (Legacy),Career Planning,Mexico,34,$7.01  ~ $8.21 ,$3.60 ,$0.76 ,0.19%,N/A,N/A
Business (Legacy),Birdwatching,United States,490,$4.86  ~ $7.54 ,$11.36 ,$27.43 ,0.07%,N/A,N/A
Business (Legacy),Birdwatching,Canada,116,$10.34  ~ $20.69 ,$9.64 ,N/A,0.11%,N/A,N/A
Business (Legacy),Stocks,United States,2,$9.65  ~ $9.65 ,N/A,N/A,N/A,N/A,N/A
Business (Legacy),Antivirus Software,Canada,122,$8.86  ~ $8.86 ,$3.93 ,N/A,0.23%,N/A,N/A
Business (Legacy),Antivirus Software,United States,"1,001",$9.19  ~ $9.19 ,$5.90 ,$23.59 ,0.16%,N/A,N/A
Business (Legacy),Agriculture,United States,917,$3.79  ~ $4.11 ,$1.47 ,N/A,0.26%,N/A,N/A
Business (Legacy),Agriculture,Canada,103,$4.96  ~ $5.26 ,$5.40 ,$21.79 ,0.09%,N/A,N/A
Business (Legacy),Government,Canada,1,$7.92  ~ $7.99 ,$4.28 ,N/A,0.19%,N/A,N/A
Business (Legacy),Government,United States,181,$8.36  ~ $8.46 ,$6.82 ,N/A,0.12%,N/A,N/A
Business (Legacy),Physical Therapy,United States,839,$10.43  ~ $20.34 ,$5.32 ,N/A,0.20%,N/A,N/A
Business (Legacy),Physical Therapy,Canada,104,$3.45  ~ $6.29 ,N/A,N/A,N/A,N/A,N/A
Business (Legacy),Physical Therapy,United Kingdom,64,$6.67  ~ $6.67 ,$23.83 ,N/A,0.03%,N/A,N/A
Business (Legacy),Music,United Kingdom,847,$2.76  ~ $5.66 ,$6.96 ,N/A,0.08%,N/A,N/A
Business (Legacy),Music,United States,"10,390",$6.47  ~ $6.51 ,$13.22 ,$84.62 ,0.05%,N/A,N/A
Business (Legacy),Music,Canada,"1,252",$4.14  ~ $4.46 ,$6.39 ,$68.20 ,0.07%,N/A,N/A
Business (Legacy),Celebrity Fan/Gossip,United States,3,$6.60  ~ $14.98 ,N/A,N/A,N/A,N/A,N/A
Business (Legacy),Contests & Freebies,United States,125,$7.09  ~ $9.14 ,N/A,N/A,N/A,N/A,N/A
Business (Legacy),Technology & Computing,Canada,"2,434",$5.44  ~ $7.17 ,$10.38 ,N/A,0.07%,N/A,N/A
Business (Legacy),Technology & Computing,United States,"3,104",$6.73  ~ $6.80 ,$14.14 ,$73.99 ,0.05%,N/A,N/A
Business (Legacy),Technology & Computing,United Kingdom,"3,565",$5.16  ~ $10.00 ,$17.78 ,$51.13 ,0.06%,N/A,N/A
Business (Legacy),Gardening,United States,"8,326",$4.71  ~ $7.10 ,$7.24 ,$43.70 ,0.07%,N/A,N/A
Business (Legacy),Gardening,United Kingdom,402,$0.00  ~ $1.91 ,$4.11 ,N/A,0.05%,N/A,N/A
Business (Legacy),Gardening,Canada,"1,844",$2.51  ~ $4.82 ,$8.39 ,$10.53 ,0.06%,N/A,N/A
Business (Legacy),College,United Kingdom,599,$8.79  ~ $8.97 ,$11.26 ,N/A,0.08%,N/A,N/A
Business (Legacy),College,Canada,"1,331",$5.17  ~ $6.84 ,$20.79 ,N/A,0.02%,N/A,N/A
Business (Legacy),College,United States,"3,941",$6.24  ~ $7.90 ,$9.01 ,$83.90 ,0.09%,N/A,N/A
Business (Legacy),Cancer,United Kingdom,19,$6.62  ~ $6.62 ,$5.37 ,N/A,0.12%,N/A,N/A
Business (Legacy),Cancer,United States,996,$10.36  ~ $20.03 ,$24.76 ,$349.66 ,0.08%,N/A,N/A
Business (Legacy),Cancer,Canada,6,$17.61  ~ $17.61 ,N/A,N/A,N/A,N/A,N/A
Business (Legacy),K-6 Educators,United States,"2,404",$6.26  ~ $10.11 ,$3.10 ,$14.88 ,0.20%,N/A,N/A
Business (Legacy),K-6 Educators,United Kingdom,21,$6.43  ~ $7.05 ,N/A,N/A,N/A,N/A,N/A
Business (Legacy),K-6 Educators,Canada,19,$3.77  ~ $10.95 ,N/A,N/A,N/A,N/A,N/A
Business (Legacy),Investing,United States,"3,185",$14.76  ~ $15.54 ,$14.35 ,$360.53 ,0.11%,N/A,N/A
Business (Legacy),Investing,United Kingdom,93,$6.66  ~ $7.09 ,$4.06 ,N/A,0.17%,N/A,N/A
Business (Legacy),Investing,Canada,"1,969",$7.90  ~ $7.90 ,$54.65 ,$185.80 ,0.01%,N/A,N/A
Business (Legacy),Mountain Biking,United States,33,$6.41  ~ $6.74 ,$2.29 ,$3.80 ,0.28%,N/A,N/A
Business (Legacy),Mountain Biking,Canada,85,$6.44  ~ $6.66 ,$1.51 ,N/A,0.43%,N/A,N/A
Business (Legacy),Daycare/Pre School,United States,41,$2.01  ~ $3.59 ,N/A,N/A,N/A,N/A,N/A
Business (Legacy),Food & Drink,United States,"2,567",$6.42  ~ $7.25 ,$4.75 ,$23.58 ,0.14%,N/A,N/A
Business (Legacy),Food & Drink,Canada,73,$5.71  ~ $13.03 ,$17.62 ,N/A,0.03%,N/A,N/A
Business (Legacy),Accessories,United States,480,$12.21  ~ $14.51 ,$4.10 ,N/A,0.30%,N/A,N/A
Business (Legacy),Commentary,United States,101,$15.25  ~ $19.49 ,$30.59 ,N/A,0.06%,N/A,N/A
Business (Legacy),Pets,United States,921,$8.31  ~ $8.53 ,$10.44 ,$88.65 ,0.08%,N/A,N/A
Business (Legacy),Pets,Canada,56,$8.33  ~ $8.38 ,$15.44 ,$123.26 ,0.05%,N/A,N/A
Business (Legacy),Style & Fashion,United States,62,$4.17  ~ $8.60 ,$4.16 ,$18.58 ,0.21%,N/A,N/A
Business (Legacy),Logistics,United States,"11,565",$11.94  ~ $12.85 ,$12.83 ,$90.39 ,0.09%,N/A,N/A
Business (Legacy),Logistics,Canada,700,$7.82  ~ $9.55 ,$14.91 ,N/A,0.06%,N/A,N/A
Business (Legacy),Logistics,United Kingdom,589,$7.60  ~ $9.23 ,$23.51 ,$84.78 ,0.04%,N/A,N/A
Business (Legacy),Logistics,Mexico,6,$5.57  ~ $8.84 ,$8.60 ,N/A,0.10%,N/A,N/A
Business (Legacy),Cocktails/Beer,Canada,264,$8.97  ~ $9.16 ,$14.97 ,N/A,0.06%,N/A,N/A
Business (Legacy),Cocktails/Beer,United States,"5,907",$7.67  ~ $8.62 ,$7.16 ,N/A,0.11%,N/A,N/A
Business (Legacy),Babies & Toddlers,United States,91,$8.74  ~ $9.58 ,$8.05 ,$128.09 ,0.11%,N/A,N/A
Business (Legacy),"Law, Gov't & Politics",United States,167,$1.23  ~ $6.43 ,$17.54 ,N/A,0.04%,N/A,N/A
Business (Legacy),"Law, Gov't & Politics",Canada,10,$8.03  ~ $18.64 ,$3.60 ,N/A,0.22%,N/A,N/A
Business (Legacy),"Law, Gov't & Politics",United Kingdom,13,$7.03  ~ $17.02 ,N/A,N/A,N/A,N/A,N/A
Business (Legacy),Hotels,United Kingdom,973,$3.98  ~ $4.87 ,$8.97 ,$37.36 ,0.05%,N/A,N/A
Business (Legacy),Hotels,United States,"11,757",$5.29  ~ $8.07 ,$9.71 ,$46.59 ,0.08%,N/A,N/A
Business (Legacy),Hotels,Canada,75,$3.93  ~ $4.18 ,$0.31 ,$27.27 ,1.36%,N/A,N/A
Business (Legacy),Cigars,United Kingdom,"5,904",$3.05  ~ $16.13 ,$6.49 ,$36.34 ,0.05%,N/A,N/A
Business (Legacy),Cigars,Canada,135,$3.74  ~ $4.23 ,$5.21 ,$5.90 ,0.07%,N/A,N/A
Business (Legacy),Cigars,United States,"2,491",$6.90  ~ $6.93 ,$10.57 ,$67.59 ,0.07%,N/A,N/A
Business (Legacy),Roleplaying Games,United States,19,$2.18  ~ $5.39 ,N/A,N/A,N/A,N/A,N/A
Business (Legacy),Entertainment,United States,186,$11.25  ~ $27.93 ,$9.90 ,N/A,0.11%,N/A,N/A
Business (Legacy),Entertainment,Mexico,28,$0.87  ~ $2.09 ,$2.61 ,N/A,0.03%,N/A,N/A
Business (Legacy),Entertainment,Canada,4,$6.24  ~ $14.31 ,N/A,N/A,N/A,N/A,N/A
Business (Legacy),Entertainment,United Kingdom,5,$6.57  ~ $16.10 ,N/A,N/A,N/A,N/A,N/A
Business (Legacy),Home Repair,Canada,362,$5.38  ~ $5.67 ,$2.99 ,$60.18 ,0.18%,N/A,N/A
Business (Legacy),Home Repair,United States,"9,108",$7.50  ~ $8.47 ,$10.61 ,$90.91 ,0.07%,N/A,N/A
Business (Legacy),Home Repair,United Kingdom,306,$7.92  ~ $8.77 ,$6.89 ,$54.80 ,0.11%,N/A,N/A
Business (Legacy),Clothing,Canada,975,$4.78  ~ $7.24 ,$1.88 ,$8.53 ,0.25%,N/A,N/A
Business (Legacy),Clothing,United States,"75,374",$6.66  ~ $6.79 ,$6.05 ,$50.25 ,0.11%,N/A,N/A
Business (Legacy),Clothing,Mexico,4,$6.61  ~ $13.31 ,$11.38 ,N/A,0.06%,N/A,N/A
Business (Legacy),Clothing,United Kingdom,223,$7.25  ~ $7.61 ,$6.38 ,$25.52 ,0.11%,N/A,N/A
Business (Legacy),Auto Parts,United States,"4,558",$7.09  ~ $7.94 ,$13.27 ,$49.67 ,0.05%,N/A,N/A
Business (Legacy),Auto Parts,Canada,28,$5.39  ~ $11.54 ,$6.79 ,N/A,0.08%,N/A,N/A
Business (Legacy),Auto Parts,United Kingdom,492,$7.37  ~ $7.37 ,$34.33 ,N/A,0.02%,N/A,N/A
Business (Legacy),Parenting - K-6 Kids,United States,120,$1.72  ~ $2.20 ,$5.13 ,N/A,0.04%,N/A,N/A
Business (Legacy),Senor Health,Canada,109,$7.17  ~ $8.15 ,$21.18 ,N/A,0.03%,N/A,N/A
Business (Legacy),Senor Health,United States,"2,854",$6.71  ~ $10.24 ,$6.90 ,$79.34 ,0.15%,N/A,N/A
Business (Legacy),Senor Health,United Kingdom,11,$6.83  ~ $7.24 ,$4.75 ,N/A,0.14%,N/A,N/A
Business (Legacy),Fashion,United States,14,$8.19  ~ $17.27 ,N/A,N/A,N/A,N/A,N/A
Business (Legacy),Barbecues & Grilling,Canada,145,$4.50  ~ $9.48 ,$14.96 ,N/A,0.03%,N/A,N/A
Business (Legacy),Legal Issues,Canada,"2,074",$3.97  ~ $5.29 ,$5.66 ,$72.90 ,0.09%,N/A,N/A
Business (Legacy),Legal Issues,United States,"43,636",$8.17  ~ $9.07 ,$9.77 ,$74.00 ,0.08%,N/A,N/A
Business (Legacy),Legal Issues,United Kingdom,"3,635",$4.74  ~ $5.11 ,$9.91 ,$56.54 ,0.05%,N/A,N/A
Business (Legacy),Advertising,Canada,"1,356",$6.32  ~ $8.04 ,$4.77 ,$61.60 ,0.13%,N/A,N/A
Business (Legacy),Advertising,United Kingdom,537,$7.26  ~ $7.80 ,$3.95 ,$29.06 ,0.18%,N/A,N/A
Business (Legacy),Advertising,United States,"4,518",$9.72  ~ $11.15 ,$14.58 ,$146.56 ,0.08%,N/A,N/A
Business (Legacy),Advertising,Ireland,1,$9.34  ~ $9.86 ,N/A,N/A,N/A,N/A,N/A
Business (Legacy),Advertising,Mexico,2,$2.27  ~ $3.32 ,N/A,N/A,N/A,N/A,N/A
Business (Legacy),Health/Lowfat Cooking,Mexico,1,$9.84  ~ $23.92 ,$2.09 ,N/A,0.47%,N/A,N/A
Business (Legacy),Health/Lowfat Cooking,Canada,139,$2.99  ~ $11.51 ,$15.25 ,N/A,0.08%,N/A,N/A
Business (Legacy),Health/Lowfat Cooking,United States,"1,046",$8.36  ~ $9.52 ,$15.38 ,$67.52 ,0.05%,N/A,N/A
Business (Legacy),Health/Lowfat Cooking,United Kingdom,192,$5.56  ~ $5.57 ,$14.28 ,N/A,0.04%,N/A,N/A
Business (Legacy),Coffee/Tea,United States,"5,687",$5.17  ~ $6.50 ,$2.70 ,$10.62 ,0.19%,N/A,N/A
Business (Legacy),Collecting,United States,109,$5.32  ~ $9.11 ,$11.30 ,$7.49 ,0.08%,N/A,N/A
Business (Legacy),Collecting,Canada,33,$2.22  ~ $5.30 ,N/A,N/A,N/A,N/A,N/A
Business (Legacy),Arts & Crafts,United States,"1,495",$3.25  ~ $7.84 ,$2.86 ,$60.06 ,0.11%,N/A,N/A
Business (Legacy),Jewelry,Canada,244,$4.05  ~ $4.10 ,$2.07 ,$12.29 ,0.20%,N/A,N/A
Business (Legacy),Jewelry,United States,"147,725",$1.95  ~ $6.47 ,$0.94 ,$11.55 ,0.21%,N/A,N/A
Business (Legacy),Buying/Selling Cars,United Kingdom,545,$7.56  ~ $11.29 ,$20.63 ,$257.76 ,0.05%,N/A,N/A
Business (Legacy),Buying/Selling Cars,Mexico,12,$17.80  ~ $21.29 ,$23.06 ,N/A,0.08%,N/A,N/A
Business (Legacy),Buying/Selling Cars,Canada,472,$5.58  ~ $6.74 ,$25.31 ,N/A,0.02%,N/A,N/A
Business (Legacy),Buying/Selling Cars,United States,"2,673",$6.38  ~ $6.52 ,$6.86 ,$34.47 ,0.09%,N/A,N/A
Business (Legacy),Exercise,United States,"2,868",$4.87  ~ $5.05 ,$14.67 ,$58.12 ,0.03%,N/A,N/A
Business (Legacy),Exercise,Canada,238,$2.72  ~ $3.78 ,N/A,N/A,N/A,N/A,N/A
Business (Legacy),Exercise,United Kingdom,"3,117",$3.43  ~ $7.29 ,$4.89 ,N/A,0.07%,N/A,N/A
Business (Legacy),Pro Basketball,Canada,106,$5.44  ~ $11.79 ,$11.59 ,N/A,0.05%,N/A,N/A
Business (Legacy),Pro Basketball,United States,"1,110",$7.51  ~ $8.49 ,$8.85 ,$77.45 ,0.08%,N/A,N/A
Business (Legacy),Pro Basketball,United Kingdom,508,$7.14  ~ $8.17 ,$36.51 ,N/A,0.02%,N/A,N/A
Business (Legacy),Personal Finance,United States,"43,800",$6.46  ~ $7.48 ,$12.61 ,$133.80 ,0.06%,N/A,N/A
Business (Legacy),Personal Finance,Canada,"2,086",$6.05  ~ $6.56 ,$61.44 ,N/A,0.01%,N/A,N/A
Business (Legacy),Personal Finance,United Kingdom,"1,905",$4.75  ~ $8.03 ,$11.18 ,$50.16 ,0.04%,N/A,N/A
Business (Legacy),Personal Finance,Mexico,3,$6.41  ~ $6.45 ,$37.83 ,N/A,0.02%,N/A,N/A
Business (Legacy),Personal Finance,Ireland,97,$7.25  ~ $7.28 ,$17.55 ,$68.59 ,0.04%,N/A,N/A
Business (Legacy),Computer Networking,United States,"5,294",$2.70  ~ $5.52 ,$1.49 ,$47.66 ,0.18%,N/A,N/A
Business (Legacy),Veterinary Medicine,United States,93,$6.34  ~ $14.85 ,$4.85 ,$3.07 ,0.13%,N/A,N/A
Business (Legacy),Veterinary Medicine,Canada,53,$2.17  ~ $5.22 ,N/A,N/A,N/A,N/A,N/A
Business (Legacy),Camping,United States,6,$4.58  ~ $6.49 ,N/A,N/A,N/A,N/A,N/A
Business (Legacy),Arthritis,United States,43,$5.56  ~ $5.77 ,N/A,N/A,N/A,N/A,N/A
Business (Legacy),Auto Repair,Canada,"1,437",$6.22  ~ $6.29 ,$40.87 ,N/A,0.02%,N/A,N/A
Business (Legacy),Auto Repair,United States,"2,898",$6.90  ~ $8.23 ,$13.22 ,$137.92 ,0.06%,N/A,N/A
Business (Legacy),Cruises,United States,"5,223",$7.78  ~ $9.46 ,$8.53 ,$37.64 ,0.11%,N/A,N/A
Business (Legacy),Cruises,United Kingdom,155,$5.51  ~ $5.66 ,$4.16 ,$25.53 ,0.14%,N/A,N/A
Business (Legacy),Cruises,Canada,213,$6.38  ~ $7.98 ,$5.91 ,N/A,0.11%,N/A,N/A
Business (Legacy),Theme Parks,United States,81,$5.69  ~ $5.69 ,$8.53 ,N/A,0.07%,N/A,N/A
Business (Legacy),Theme Parks,Canada,291,$4.98  ~ $10.92 ,$5.64 ,$45.10 ,0.09%,N/A,N/A
Business (Legacy),Job Search,United Kingdom,6,$7.11  ~ $15.61 ,N/A,N/A,N/A,N/A,N/A
Business (Legacy),Job Search,United States,"9,142",$16.67  ~ $22.94 ,$25.04 ,$116.57 ,0.07%,N/A,N/A
Business (Legacy),Job Search,Canada,14,$4.66  ~ $4.71 ,N/A,N/A,N/A,N/A,N/A
Business (Legacy),Family & Parenting,United Kingdom,"2,372",$6.65  ~ $7.05 ,$12.38 ,$65.47 ,0.05%,N/A,N/A
Business (Legacy),Family & Parenting,United States,"2,361",$7.15  ~ $8.13 ,$7.60 ,$55.84 ,0.09%,N/A,N/A
Business (Legacy),Family & Parenting,Canada,314,$2.94  ~ $3.64 ,$0.95 ,N/A,0.31%,N/A,N/A
Business (Legacy),Dental Care,United States,993,$3.05  ~ $3.35 ,$11.77 ,N/A,0.03%,N/A,N/A
Business (Legacy),Dental Care,Canada,102,$2.20  ~ $5.23 ,N/A,N/A,N/A,N/A,N/A
Business (Legacy),Wine,United States,227,$8.11  ~ $9.50 ,$14.31 ,$242.48 ,0.07%,N/A,N/A
Business (Legacy),Wine,Ireland,7,$5.45  ~ $11.21 ,N/A,N/A,N/A,N/A,N/A
Business (Legacy),Cuisine-Specific,United States,153,$1.43  ~ $1.43 ,$3.30 ,N/A,0.04%,N/A,N/A
Business (Legacy),Dining Out,Canada,212,$6.32  ~ $6.93 ,$9.39 ,$8.82 ,0.07%,N/A,N/A
Business (Legacy),Dining Out,United States,"5,131",$3.47  ~ $9.53 ,$4.95 ,$72.82 ,0.07%,N/A,N/A
Business (Legacy),Dining Out,United Kingdom,464,$14.58  ~ $20.56 ,$17.94 ,$431.65 ,0.08%,N/A,N/A
Business (Legacy),Horse Racing,Canada,5,$6.72  ~ $16.07 ,$18.53 ,N/A,0.04%,N/A,N/A
Business (Legacy),Network Security,United States,40,$1.70  ~ $2.42 ,N/A,N/A,N/A,N/A,N/A
Business (Legacy),Network Security,Canada,6,$2.30  ~ $4.99 ,N/A,N/A,N/A,N/A,N/A
Business (Legacy),Home Theater,United States,3,$2.46  ~ $5.43 ,N/A,N/A,N/A,N/A,N/A
Business (Legacy),Catholicism,United States,149,$6.40  ~ $9.17 ,N/A,N/A,N/A,N/A,N/A
Business (Legacy),By US Locale,United States,1,$12.04  ~ $26.16 ,$4.66 ,N/A,0.26%,N/A,N/A
Business (Legacy),Insurance,Canada,"2,399",$7.37  ~ $7.76 ,$21.87 ,N/A,0.04%,N/A,N/A
Business (Legacy),Insurance,United States,"21,291",$8.33  ~ $8.83 ,$5.91 ,$74.11 ,0.14%,N/A,N/A
Business (Legacy),Insurance,United Kingdom,"4,853",$4.51  ~ $5.21 ,$7.36 ,$86.19 ,0.07%,N/A,N/A
Business (Legacy),Radio,United States,237,$5.89  ~ $6.38 ,$10.36 ,N/A,0.06%,N/A,N/A
Business (Legacy),Senior Living,Canada,114,$3.52  ~ $6.80 ,$0.86 ,N/A,0.41%,N/A,N/A
Business (Legacy),Senior Living,United States,"1,822",$6.83  ~ $7.11 ,$13.57 ,$167.16 ,0.05%,N/A,N/A
Business (Legacy),Senior Living,United Kingdom,286,$6.55  ~ $8.00 ,$34.92 ,N/A,0.02%,N/A,N/A
Business (Legacy),Cell Phones,United States,136,$10.49  ~ $10.49 ,$17.00 ,$57.78 ,0.06%,N/A,N/A
Business (Legacy),Body Art,United States,31,$2.05  ~ $4.26 ,N/A,N/A,N/A,N/A,N/A
Business (Legacy),Road-Side Assistance,United States,41,$2.57  ~ $5.62 ,N/A,N/A,N/A,N/A,N/A
Business (Legacy),Road-Side Assistance,Canada,22,$2.22  ~ $5.55 ,N/A,N/A,N/A,N/A,N/A
Business (Legacy),Road-Side Assistance,Mexico,25,$4.39  ~ $10.62 ,$7.03 ,N/A,0.06%,N/A,N/A
Business (Legacy),Road-Side Assistance,United Kingdom,375,$9.66  ~ $21.51 ,$88.34 ,N/A,0.01%,N/A,N/A
Business (Legacy),Air Travel,United States,"46,066",$6.00  ~ $6.48 ,$9.05 ,$47.38 ,0.07%,N/A,N/A
Business (Legacy),Air Travel,United Kingdom,301,$6.39  ~ $15.72 ,N/A,N/A,N/A,N/A,N/A
Business (Legacy),Air Travel,Canada,100,$6.73  ~ $6.83 ,$11.60 ,N/A,0.06%,N/A,N/A
Business (Legacy),Distance Learning,United States,495,$11.53  ~ $12.25 ,$28.72 ,$121.49 ,0.04%,N/A,N/A
Business (Legacy),Distance Learning,United Kingdom,3,$7.21  ~ $14.81 ,N/A,N/A,N/A,N/A,N/A
Business (Legacy),Pediatrics,United States,"1,597",$8.73  ~ $30.78 ,$10.73 ,N/A,0.08%,N/A,N/A
Business (Legacy),Weddings,Canada,10,$2.12  ~ $4.49 ,N/A,N/A,N/A,N/A,N/A
Business (Legacy),Weddings,United States,222,$6.30  ~ $6.59 ,$8.74 ,N/A,0.07%,N/A,N/A
Business (Legacy),Movies,United States,222,$5.97  ~ $5.97 ,$10.61 ,N/A,0.06%,N/A,N/A
Business (Legacy),Thyroid Disease,United States,1,$32.53  ~ $72.58 ,N/A,N/A,N/A,N/A,N/A
Business (Legacy),Home & Garden,United States,"12,356",$6.10  ~ $6.42 ,$7.80 ,$48.17 ,0.08%,N/A,N/A
Business (Legacy),Home & Garden,Canada,"1,427",$2.85  ~ $4.66 ,$10.73 ,N/A,0.04%,N/A,N/A
Business (Legacy),Home & Garden,United Kingdom,"2,240",$6.74  ~ $6.98 ,$10.16 ,$62.09 ,0.07%,N/A,N/A
Business (Legacy),Automotive,Canada,253,$7.42  ~ $8.46 ,$7.29 ,$55.17 ,0.10%,N/A,N/A
Business (Legacy),Automotive,United States,"8,427",$7.50  ~ $9.43 ,$11.20 ,$62.59 ,0.07%,N/A,N/A
Business (Legacy),Automotive,Mexico,1,$7.02  ~ $9.12 ,N/A,N/A,N/A,N/A,N/A
Business (Legacy),Automotive,United Kingdom,598,$7.28  ~ $16.92 ,$59.09 ,$118.19 ,0.03%,N/A,N/A
Business (Legacy),Heart Disease,United States,2,$2.43  ~ $3.29 ,N/A,N/A,N/A,N/A,N/A
Business (Legacy),Fine Art,United States,"4,375",$6.63  ~ $7.91 ,$9.08 ,$45.88 ,0.07%,N/A,N/A
Business (Legacy),Fine Art,Canada,103,$6.25  ~ $6.81 ,$6.29 ,N/A,0.10%,N/A,N/A
Business (Legacy),Fine Art,United Kingdom,"10,040",$7.20  ~ $7.37 ,$18.31 ,$177.84 ,0.04%,N/A,N/A
Business (Legacy),Shopping,United Kingdom,"1,311",$6.38  ~ $6.43 ,$11.13 ,$57.97 ,0.06%,N/A,N/A
Business (Legacy),Shopping,United States,"14,812",$3.86  ~ $7.14 ,$5.53 ,$37.39 ,0.07%,N/A,N/A
Business (Legacy),Shopping,Canada,845,$2.15  ~ $2.71 ,$9.38 ,$57.48 ,0.02%,N/A,N/A
Business (Legacy),Green Solutions,Canada,"2,953",$3.89  ~ $4.55 ,$6.51 ,$30.40 ,0.07%,N/A,N/A
Business (Legacy),Green Solutions,United States,"8,344",$6.85  ~ $7.63 ,$8.77 ,$151.16 ,0.08%,N/A,N/A
Business (Legacy),Green Solutions,United Kingdom,55,$6.58  ~ $7.53 ,$10.35 ,N/A,0.06%,N/A,N/A
Business (Legacy),Adult Education,Canada,51,$5.45  ~ $6.87 ,N/A,N/A,N/A,N/A,N/A
Business (Legacy),Adult Education,United Kingdom,47,$11.27  ~ $15.22 ,N/A,N/A,N/A,N/A,N/A
Business (Legacy),Adult Education,United States,"1,733",$3.05  ~ $24.77 ,$27.86 ,$15.63 ,0.09%,N/A,N/A
Business (Legacy),Health & Fitness,United Kingdom,"3,324",$5.78  ~ $6.52 ,$8.86 ,$268.23 ,0.07%,N/A,N/A
Business (Legacy),Health & Fitness,Ireland,3,$1.78  ~ $2.54 ,$1.32 ,N/A,0.19%,N/A,N/A
Business (Legacy),Health & Fitness,Canada,"2,265",$7.93  ~ $9.42 ,$6.00 ,$71.20 ,0.13%,N/A,N/A
Business (Legacy),Health & Fitness,United States,"37,272",$7.97  ~ $8.43 ,$9.03 ,$60.82 ,0.09%,N/A,N/A
Business (Legacy),Tax Planning,United States,82,$9.96  ~ $10.51 ,N/A,N/A,N/A,N/A,N/A
Business (Legacy),Tax Planning,United Kingdom,3,$7.26  ~ $15.30 ,$1.76 ,N/A,0.41%,N/A,N/A
Business (Legacy),Swimming,United States,42,$2.15  ~ $8.23 ,$14.12 ,N/A,0.06%,N/A,N/A
Business (Legacy),Guitar,United States,47,$2.41  ~ $5.51 ,N/A,N/A,N/A,N/A,N/A
Business (Legacy),Graduate School,Canada,446,$5.34  ~ $12.90 ,$5.70 ,N/A,0.09%,N/A,N/A
Business (Legacy),Graduate School,United States,"3,914",$8.39  ~ $10.19 ,$5.75 ,$39.16 ,0.15%,N/A,N/A
Business (Legacy),Graduate School,United Kingdom,"2,141",$5.95  ~ $9.77 ,$101.23 ,N/A,0.01%,N/A,N/A
Business (Legacy),Nutrition,United States,526,$9.72  ~ $10.13 ,$4.97 ,$35.82 ,0.20%,N/A,N/A
Business (Legacy),Nutrition,Canada,"1,494",$2.93  ~ $4.23 ,$3.64 ,$23.18 ,0.08%,N/A,N/A
Business (Legacy),Nutrition,United Kingdom,13,$9.61  ~ $9.61 ,$25.47 ,N/A,0.04%,N/A,N/A
Business (Legacy),Alternative Medicine,United States,755,$8.60  ~ $16.06 ,$37.76 ,N/A,0.04%,N/A,N/A
Business (Legacy),Alternative Medicine,Canada,67,$1.88  ~ $2.04 ,N/A,N/A,N/A,N/A,N/A
Business (Legacy),Alternative Medicine,United Kingdom,6,$5.41  ~ $5.41 ,N/A,N/A,N/A,N/A,N/A
Business (Legacy),Construction,United States,"8,828",$7.09  ~ $7.66 ,$3.54 ,$100.09 ,0.22%,N/A,N/A
Business (Legacy),Construction,Canada,254,$5.93  ~ $13.54 ,$8.01 ,N/A,0.07%,N/A,N/A
Business (Legacy),Construction,United Kingdom,429,$6.78  ~ $8.85 ,$1.12 ,N/A,0.61%,N/A,N/A
Business (Legacy),Psychology/Psychiatry,United States,"12,875",$6.36  ~ $8.24 ,$7.22 ,$91.97 ,0.11%,N/A,N/A
Business (Legacy),Psychology/Psychiatry,Canada,86,$6.26  ~ $6.31 ,$8.66 ,$31.38 ,0.07%,N/A,N/A
Business (Legacy),Psychology/Psychiatry,United Kingdom,985,$7.78  ~ $8.21 ,$8.65 ,N/A,0.09%,N/A,N/A
Business (Legacy),Allergies,Canada,162,$5.04  ~ $11.87 ,$7.25 ,N/A,0.07%,N/A,N/A
Business (Legacy),Allergies,United Kingdom,13,$3.32  ~ $7.78 ,N/A,N/A,N/A,N/A,N/A
Business (Legacy),Investors & Patents,United States,"50,503",$9.36  ~ $9.81 ,$9.59 ,$87.36 ,0.10%,N/A,N/A
Business (Legacy),Investors & Patents,Canada,901,$7.62  ~ $7.78 ,$6.75 ,$24.36 ,0.11%,N/A,N/A
Business (Legacy),Investors & Patents,United Kingdom,190,$7.11  ~ $7.76 ,$32.27 ,N/A,0.02%,N/A,N/A
Business (Legacy),Investors & Patents,Mexico,48,$3.75  ~ $7.82 ,$13.27 ,$89.02 ,0.03%,N/A,N/A
Business (Legacy),Card Games,United States,"1,866",$8.82  ~ $9.32 ,$12.17 ,$66.96 ,0.07%,N/A,N/A
Business (Legacy),Card Games,Canada,"3,665",$5.71  ~ $6.25 ,$16.43 ,$73.89 ,0.04%,N/A,N/A
Business (Legacy),Card Games,United Kingdom,269,$7.20  ~ $7.45 ,$13.30 ,$99.54 ,0.05%,N/A,N/A
Business (Legacy),Books & Literature,United States,38,$6.38  ~ $6.66 ,$1.69 ,N/A,0.38%,N/A,N/A
Business (Legacy),Books & Literature,Canada,10,$5.40  ~ $5.76 ,$2.32 ,N/A,0.23%,N/A,N/A
Business (Legacy),U.S. Military,United States,90,$2.69  ~ $2.69 ,$2.86 ,$5.45 ,0.09%,N/A,N/A
Business (Legacy),Incest/Abuse Support,Mexico,3,$0.00  ~ $0.00 ,N/A,N/A,N/A,N/A,N/A
Business (Legacy),Weight Loss,Canada,6,$0.00  ~ $0.00 ,N/A,N/A,N/A,N/A,N/A
Business (Legacy),Cocktails/Beer,United Kingdom,350,$0.00  ~ $0.00 ,N/A,N/A,N/A,N/A,N/A
Business (Legacy),Tax Planning,Canada,"2,951",$0.00  ~ $0.00 ,N/A,N/A,N/A,N/A,N/A
Careers (Legacy),Card Games,United States,924,$10.52  ~ $13.10 ,$12.92 ,$170.80 ,0.08%,N/A,N/A
Careers (Legacy),Card Games,Canada,"1,011",$6.11  ~ $6.17 ,$5.73 ,$44.64 ,0.11%,N/A,N/A
Careers (Legacy),Card Games,United Kingdom,139,$6.35  ~ $7.44 ,$7.46 ,$181.05 ,0.09%,N/A,N/A
Careers (Legacy),Business,United Kingdom,"9,119",$4.73  ~ $5.07 ,$6.12 ,$67.10 ,0.08%,N/A,N/A
Careers (Legacy),Business,Canada,970,$5.82  ~ $8.77 ,$4.17 ,$36.50 ,0.14%,N/A,N/A
Careers (Legacy),Business,Mexico,18,$7.62  ~ $7.71 ,$26.06 ,N/A,0.03%,N/A,N/A
Careers (Legacy),Business,Ireland,1,$10.57  ~ $11.03 ,N/A,N/A,N/A,N/A,N/A
Careers (Legacy),Business,United States,"16,535",$7.96  ~ $7.99 ,$9.87 ,$107.65 ,0.08%,N/A,N/A
Careers (Legacy),Arts & Entertainment,Canada,464,$4.94  ~ $7.42 ,$4.76 ,N/A,0.10%,N/A,N/A
Careers (Legacy),Arts & Entertainment,United States,"6,383",$6.66  ~ $7.46 ,$10.48 ,$31.78 ,0.06%,N/A,N/A
Careers (Legacy),Arts & Entertainment,United Kingdom,876,$6.18  ~ $8.55 ,$17.56 ,$86.34 ,0.04%,N/A,N/A
Careers (Legacy),Internet Technology,United Kingdom,11,$6.35  ~ $8.58 ,$15.08 ,$90.46 ,0.06%,N/A,N/A
Careers (Legacy),Internet Technology,United States,771,$7.81  ~ $8.89 ,$8.80 ,$149.63 ,0.10%,N/A,N/A
Careers (Legacy),Infertility,United States,169,$4.12  ~ $6.80 ,$13.56 ,N/A,0.05%,N/A,N/A
Careers (Legacy),Coffee/Tea,United States,"1,500",$5.13  ~ $8.09 ,$2.30 ,$9.69 ,0.22%,N/A,N/A
Careers (Legacy),Weddings,Canada,4,$2.15  ~ $4.38 ,N/A,N/A,N/A,N/A,N/A
Careers (Legacy),Weddings,United States,55,$6.12  ~ $6.61 ,$4.56 ,N/A,0.13%,N/A,N/A
Careers (Legacy),Contests & Freebies,United States,30,$6.08  ~ $8.96 ,N/A,N/A,N/A,N/A,N/A
Careers (Legacy),Contests & Freebies,Canada,1,$2.07  ~ $4.52 ,N/A,N/A,N/A,N/A,N/A
Careers (Legacy),Beauty,Canada,217,$2.21  ~ $3.11 ,$2.07 ,$0.08 ,0.11%,N/A,N/A
Careers (Legacy),Beauty,United States,798,$8.06  ~ $9.18 ,$9.48 ,$88.32 ,0.10%,N/A,N/A
Careers (Legacy),Beauty,United Kingdom,663,$7.09  ~ $7.35 ,$17.47 ,N/A,0.04%,N/A,N/A
Careers (Legacy),Health & Fitness,United States,"26,703",$8.66  ~ $8.69 ,$7.13 ,$57.16 ,0.12%,N/A,N/A
Careers (Legacy),Health & Fitness,United Kingdom,"2,356",$6.12  ~ $6.45 ,$5.32 ,$575.00 ,0.12%,N/A,N/A
Careers (Legacy),Health & Fitness,Canada,"1,232",$6.97  ~ $7.46 ,$2.29 ,$86.85 ,0.30%,N/A,N/A
Careers (Legacy),Credit/Debt & Loans,United Kingdom,477,$5.12  ~ $6.64 ,$12.79 ,N/A,0.05%,N/A,N/A
Careers (Legacy),Credit/Debt & Loans,Mexico,1,$6.58  ~ $13.58 ,$5.60 ,N/A,0.12%,N/A,N/A
Careers (Legacy),Credit/Debt & Loans,Canada,232,$7.23  ~ $7.85 ,$3.86 ,$12.69 ,0.19%,N/A,N/A
Careers (Legacy),Credit/Debt & Loans,United States,"14,078",$6.09  ~ $7.41 ,$8.43 ,$54.94 ,0.09%,N/A,N/A
Careers (Legacy),Network Security,United States,9,$1.78  ~ $2.44 ,N/A,N/A,N/A,N/A,N/A
Careers (Legacy),Network Security,Canada,1,$2.24  ~ $4.65 ,N/A,N/A,N/A,N/A,N/A
Careers (Legacy),Mountain Biking,United States,17,$6.60  ~ $6.73 ,$1.36 ,N/A,0.48%,N/A,N/A
Careers (Legacy),Mountain Biking,Canada,36,$6.41  ~ $6.70 ,$0.88 ,$7.78 ,0.73%,N/A,N/A
Careers (Legacy),Eldercare,United States,6,$22.80  ~ $22.80 ,N/A,N/A,N/A,N/A,N/A
Careers (Legacy),Arthritis,United States,3,$5.48  ~ $5.63 ,$16.80 ,$16.80 ,0.03%,N/A,N/A
Careers (Legacy),Legal Issues,Canada,"2,031",$5.41  ~ $6.10 ,$4.59 ,$111.18 ,0.13%,N/A,N/A
Careers (Legacy),Legal Issues,United States,"13,987",$8.11  ~ $9.43 ,$9.48 ,$68.21 ,0.09%,N/A,N/A
Careers (Legacy),Legal Issues,United Kingdom,"1,391",$5.05  ~ $5.31 ,$6.68 ,$62.81 ,0.08%,N/A,N/A
Careers (Legacy),Computer Peripherals,United States,"1,087",$4.47  ~ $11.76 ,$11.23 ,$102.06 ,0.10%,N/A,N/A
Careers (Legacy),Computer Peripherals,United Kingdom,56,$13.65  ~ $13.75 ,$6.55 ,N/A,0.21%,N/A,N/A
Careers (Legacy),Computer Peripherals,Canada,161,$3.42  ~ $5.21 ,$12.17 ,N/A,0.04%,N/A,N/A
Careers (Legacy),Metals,Canada,"1,311",$5.88  ~ $10.23 ,$5.46 ,$40.45 ,0.11%,N/A,N/A
Careers (Legacy),Metals,United States,"13,536",$5.77  ~ $7.64 ,$7.09 ,$91.83 ,0.11%,N/A,N/A
Careers (Legacy),Metals,United Kingdom,126,$7.77  ~ $8.35 ,$16.93 ,N/A,0.05%,N/A,N/A
Careers (Legacy),Swimming,United States,41,$2.15  ~ $8.25 ,$37.40 ,$35.69 ,0.02%,N/A,N/A
Careers (Legacy),Adventure Travel,United States,252,$3.03  ~ $14.47 ,$3.78 ,N/A,0.08%,N/A,N/A
Careers (Legacy),Personal Finance,United Kingdom,574,$5.55  ~ $9.58 ,$8.25 ,$135.10 ,0.07%,N/A,N/A
Careers (Legacy),Personal Finance,Mexico,1,$4.47  ~ $4.74 ,$5.06 ,N/A,0.09%,N/A,N/A
Careers (Legacy),Personal Finance,Ireland,40,$7.19  ~ $7.22 ,$6.43 ,$106.99 ,0.11%,N/A,N/A
Careers (Legacy),Personal Finance,United States,"18,501",$5.92  ~ $6.87 ,$6.18 ,$77.29 ,0.11%,N/A,N/A
Careers (Legacy),Personal Finance,Canada,716,$5.88  ~ $6.78 ,$5.96 ,$33.47 ,0.11%,N/A,N/A
Careers (Legacy),Pro Basketball,Canada,14,$4.93  ~ $10.21 ,$4.23 ,N/A,0.12%,N/A,N/A
Careers (Legacy),Pro Basketball,United States,415,$7.73  ~ $8.58 ,$7.75 ,$55.07 ,0.10%,N/A,N/A
Careers (Legacy),Pro Basketball,United Kingdom,"1,066",$7.07  ~ $8.20 ,$13.46 ,N/A,0.06%,N/A,N/A
Careers (Legacy),Tax Planning,United States,15,$10.39  ~ $10.80 ,$11.47 ,N/A,0.09%,N/A,N/A
Careers (Legacy),Radio,United States,59,$5.78  ~ $6.42 ,$7.80 ,N/A,0.08%,N/A,N/A
Careers (Legacy),Incontinence,United States,1,$2.34  ~ $2.36 ,$2.87 ,$8.50 ,0.08%,N/A,N/A
Careers (Legacy),Entertaining,United States,276,$2.87  ~ $5.10 ,$1.33 ,$10.54 ,0.21%,N/A,N/A
Careers (Legacy),Entertaining,Canada,3,$2.05  ~ $4.22 ,N/A,N/A,N/A,N/A,N/A
Careers (Legacy),Stocks,United States,1,$9.79  ~ $9.79 ,N/A,N/A,N/A,N/A,N/A
Careers (Legacy),Antivirus Software,United States,337,$8.97  ~ $8.97 ,$4.00 ,$25.36 ,0.22%,N/A,N/A
Careers (Legacy),Antivirus Software,Canada,35,$9.35  ~ $9.35 ,$3.42 ,$5.14 ,0.27%,N/A,N/A
Careers (Legacy),Auto Repair,United States,996,$7.03  ~ $8.45 ,$9.25 ,$176.78 ,0.09%,N/A,N/A
Careers (Legacy),Auto Repair,Canada,140,$6.01  ~ $6.23 ,$18.59 ,N/A,0.03%,N/A,N/A
Careers (Legacy),Trucks & Accessories,United States,487,$4.88  ~ $5.07 ,$5.26 ,$88.96 ,0.10%,N/A,N/A
Careers (Legacy),K-6 Educators,United Kingdom,16,$6.41  ~ $7.04 ,$2.78 ,N/A,0.23%,N/A,N/A
Careers (Legacy),K-6 Educators,United States,"1,076",$6.14  ~ $9.72 ,$2.19 ,$17.34 ,0.28%,N/A,N/A
Careers (Legacy),K-6 Educators,Canada,9,$2.86  ~ $12.24 ,N/A,N/A,N/A,N/A,N/A
Careers (Legacy),Clothing,Canada,485,$4.95  ~ $7.04 ,$1.30 ,$18.56 ,0.38%,N/A,N/A
Careers (Legacy),Clothing,United States,"17,969",$6.58  ~ $6.84 ,$5.61 ,$43.18 ,0.12%,N/A,N/A
Careers (Legacy),Clothing,Mexico,4,$6.65  ~ $13.57 ,$6.05 ,N/A,0.11%,N/A,N/A
Careers (Legacy),Clothing,United Kingdom,123,$7.43  ~ $7.72 ,$7.84 ,N/A,0.09%,N/A,N/A
Careers (Legacy),Honeymoons/Getaways,United Kingdom,305,$7.28  ~ $8.17 ,$5.20 ,N/A,0.16%,N/A,N/A
Careers (Legacy),Honeymoons/Getaways,United States,757,$8.35  ~ $9.01 ,$9.49 ,$147.92 ,0.09%,N/A,N/A
Careers (Legacy),Honeymoons/Getaways,Canada,101,$10.08  ~ $10.25 ,$8.79 ,N/A,0.12%,N/A,N/A
Careers (Legacy),Adult Education,United States,435,$3.09  ~ $19.23 ,$24.04 ,N/A,0.08%,N/A,N/A
Careers (Legacy),Adult Education,Canada,5,$4.50  ~ $6.79 ,N/A,N/A,N/A,N/A,N/A
Careers (Legacy),Adult Education,United Kingdom,21,$11.45  ~ $14.93 ,$8.27 ,N/A,0.14%,N/A,N/A
Careers (Legacy),Family & Parenting,United Kingdom,695,$7.41  ~ $7.65 ,$9.36 ,$241.18 ,0.08%,N/A,N/A
Careers (Legacy),Family & Parenting,United States,793,$7.22  ~ $8.03 ,$5.00 ,$26.81 ,0.14%,N/A,N/A
Careers (Legacy),Family & Parenting,Canada,65,$2.65  ~ $3.67 ,$0.52 ,N/A,0.50%,N/A,N/A
Careers (Legacy),Television,United Kingdom,223,$7.13  ~ $7.31 ,$1.95 ,$21.40 ,0.38%,N/A,N/A
Careers (Legacy),Television,United States,3,$14.58  ~ $34.46 ,N/A,N/A,N/A,N/A,N/A
Careers (Legacy),Television,Canada,1,$12.03  ~ $28.86 ,$4.32 ,N/A,0.28%,N/A,N/A
Careers (Legacy),Remodeling & Construction,Canada,40,$2.51  ~ $5.65 ,$1.64 ,N/A,0.15%,N/A,N/A
Careers (Legacy),Remodeling & Construction,United States,"8,011",$4.15  ~ $5.22 ,$6.44 ,$56.56 ,0.08%,N/A,N/A
Careers (Legacy),Accessories,United States,594,$12.05  ~ $14.32 ,$3.65 ,$10.50 ,0.33%,N/A,N/A
Careers (Legacy),Buying/Selling Homes,Canada,834,$5.10  ~ $6.57 ,$3.87 ,$48.30 ,0.13%,N/A,N/A
Careers (Legacy),Buying/Selling Homes,United Kingdom,"1,678",$5.54  ~ $7.20 ,$8.48 ,$47.96 ,0.07%,N/A,N/A
Careers (Legacy),Buying/Selling Homes,United States,"2,858",$7.26  ~ $8.57 ,$5.89 ,$73.63 ,0.12%,N/A,N/A
Careers (Legacy),Politics,United States,"4,754",$12.64  ~ $13.45 ,$16.81 ,$203.78 ,0.08%,N/A,N/A
Careers (Legacy),Politics,Canada,28,$9.94  ~ $12.63 ,$7.50 ,$25.70 ,0.13%,N/A,N/A
Careers (Legacy),Senior Living,Canada,41,$3.38  ~ $6.76 ,N/A,N/A,N/A,N/A,N/A
Careers (Legacy),Senior Living,United States,446,$6.67  ~ $7.14 ,$6.18 ,$46.57 ,0.11%,N/A,N/A
Careers (Legacy),Senior Living,United Kingdom,104,$6.42  ~ $7.52 ,$6.91 ,N/A,0.11%,N/A,N/A
Careers (Legacy),Football,Canada,290,$4.86  ~ $5.65 ,$6.98 ,$20.93 ,0.08%,N/A,N/A
Careers (Legacy),Football,United States,806,$7.08  ~ $8.23 ,$9.87 ,$27.84 ,0.07%,N/A,N/A
Careers (Legacy),Construction,United States,"1,237",$6.94  ~ $7.04 ,$2.72 ,$98.00 ,0.26%,N/A,N/A
Careers (Legacy),Construction,Canada,159,$6.32  ~ $13.61 ,$16.68 ,N/A,0.04%,N/A,N/A
Careers (Legacy),Construction,United Kingdom,174,$6.87  ~ $8.75 ,$1.16 ,N/A,0.59%,N/A,N/A
Careers (Legacy),Human Resources,United Kingdom,"2,330",$7.42  ~ $12.84 ,$7.04 ,$147.52 ,0.11%,N/A,N/A
Careers (Legacy),Human Resources,Mexico,16,$1.64  ~ $1.82 ,$1.12 ,$6.94 ,0.16%,N/A,N/A
Careers (Legacy),Human Resources,United States,"4,126",$10.30  ~ $12.28 ,$9.49 ,$97.34 ,0.11%,N/A,N/A
Careers (Legacy),Human Resources,Canada,870,$5.59  ~ $7.16 ,$8.41 ,$56.96 ,0.09%,N/A,N/A
Careers (Legacy),Wine,United States,143,$8.09  ~ $9.34 ,$7.64 ,$72.39 ,0.12%,N/A,N/A
Careers (Legacy),Wine,Ireland,5,$5.01  ~ $10.56 ,$6.71 ,N/A,0.07%,N/A,N/A
Careers (Legacy),Veterinary Medicine,Canada,1,$2.28  ~ $5.56 ,N/A,N/A,N/A,N/A,N/A
Careers (Legacy),Veterinary Medicine,United States,30,$5.79  ~ $5.93 ,$4.22 ,N/A,0.14%,N/A,N/A
Careers (Legacy),Appliances,United States,"3,414",$7.84  ~ $8.35 ,$9.69 ,$120.06 ,0.08%,N/A,N/A
Careers (Legacy),Appliances,Canada,108,$7.84  ~ $8.77 ,$3.12 ,N/A,0.25%,N/A,N/A
Careers (Legacy),Appliances,United Kingdom,38,$6.75  ~ $6.83 ,$3.26 ,N/A,0.21%,N/A,N/A
Careers (Legacy),Local News,United States,302,$8.64  ~ $21.35 ,$6.06 ,$6.42 ,0.14%,N/A,N/A
Careers (Legacy),Automotive,Canada,86,$7.52  ~ $8.73 ,$5.05 ,N/A,0.15%,N/A,N/A
Careers (Legacy),Automotive,United States,"5,293",$7.90  ~ $9.55 ,$7.85 ,$53.90 ,0.10%,N/A,N/A
Careers (Legacy),Automotive,United Kingdom,123,$7.27  ~ $15.33 ,$9.30 ,N/A,0.16%,N/A,N/A
Careers (Legacy),Travel,United States,"7,860",$4.99  ~ $5.75 ,$3.36 ,$27.73 ,0.17%,N/A,N/A
Careers (Legacy),Travel,Ireland,1,$4.18  ~ $4.35 ,$0.70 ,N/A,0.62%,N/A,N/A
Careers (Legacy),Travel,Canada,13,$6.87  ~ $7.21 ,$8.83 ,N/A,0.08%,N/A,N/A
Careers (Legacy),Travel,United Kingdom,"3,010",$4.91  ~ $5.03 ,$4.96 ,$19.52 ,0.10%,N/A,N/A
Careers (Legacy),Hobbies & Interests,Canada,8,$6.81  ~ $16.53 ,N/A,N/A,N/A,N/A,N/A
Careers (Legacy),Hobbies & Interests,United States,"2,361",$7.90  ~ $8.40 ,$12.26 ,$48.60 ,0.07%,N/A,N/A
Careers (Legacy),Hobbies & Interests,United Kingdom,"10,648",$1.42  ~ $1.42 ,$4.66 ,$4.18 ,0.03%,N/A,N/A
Careers (Legacy),Bed & Breakfasts,United States,"2,185",$2.35  ~ $4.68 ,$5.57 ,N/A,0.08%,N/A,N/A
Careers (Legacy),Bed & Breakfasts,United Kingdom,154,$7.53  ~ $7.70 ,$14.77 ,N/A,0.05%,N/A,N/A
Careers (Legacy),Bed & Breakfasts,Canada,171,$0.39  ~ $0.39 ,N/A,N/A,N/A,N/A,N/A
Careers (Legacy),U.S. Government Resources,United States,19,$6.05  ~ $7.15 ,$3.83 ,N/A,0.16%,N/A,N/A
Careers (Legacy),Fashion,United States,18,$8.19  ~ $19.07 ,$21.52 ,$21.52 ,0.04%,N/A,N/A
Careers (Legacy),Air Travel,United States,"12,087",$5.79  ~ $6.35 ,$5.91 ,$45.19 ,0.11%,N/A,N/A
Careers (Legacy),Air Travel,United Kingdom,56,$6.66  ~ $16.34 ,N/A,N/A,N/A,N/A,N/A
Careers (Legacy),Air Travel,Canada,14,$6.27  ~ $6.38 ,$4.22 ,N/A,0.15%,N/A,N/A
Careers (Legacy),Nutrition,Canada,"1,955",$3.00  ~ $4.06 ,$3.76 ,$9.30 ,0.08%,N/A,N/A
Careers (Legacy),Nutrition,United Kingdom,22,$9.59  ~ $9.59 ,$11.99 ,N/A,0.08%,N/A,N/A
Careers (Legacy),Nutrition,United States,335,$9.84  ~ $9.88 ,$12.95 ,$103.12 ,0.08%,N/A,N/A
Careers (Legacy),Allergies,Canada,45,$4.62  ~ $10.11 ,$1.11 ,N/A,0.42%,N/A,N/A
Careers (Legacy),Cigars,United States,"2,669",$7.13  ~ $7.37 ,$11.02 ,$191.26 ,0.07%,N/A,N/A
Careers (Legacy),Cigars,Ireland,15,$9.03  ~ $9.03 ,N/A,N/A,N/A,N/A,N/A
Careers (Legacy),Cigars,United Kingdom,"2,431",$3.15  ~ $15.94 ,$3.45 ,$20.21 ,0.09%,N/A,N/A
Careers (Legacy),Cigars,Canada,18,$3.59  ~ $3.87 ,$2.22 ,N/A,0.17%,N/A,N/A
Careers (Legacy),Books & Literature,United States,25,$7.07  ~ $9.14 ,N/A,N/A,N/A,N/A,N/A
Careers (Legacy),Off-Road Vehicles,United States,37,$5.98  ~ $6.87 ,$3.42 ,N/A,0.17%,N/A,N/A
Careers (Legacy),Interior Decorating,Canada,"1,061",$5.10  ~ $7.87 ,$7.95 ,$86.42 ,0.10%,N/A,N/A
Careers (Legacy),Interior Decorating,United States,"2,760",$7.02  ~ $7.14 ,$7.15 ,$50.92 ,0.10%,N/A,N/A
Careers (Legacy),Interior Decorating,United Kingdom,164,$6.55  ~ $6.76 ,$10.73 ,N/A,0.06%,N/A,N/A
Careers (Legacy),Government,United States,223,$8.10  ~ $8.21 ,$6.15 ,N/A,0.13%,N/A,N/A
Careers (Legacy),Government,Canada,6,$10.64  ~ $10.69 ,$8.77 ,N/A,0.12%,N/A,N/A
Careers (Legacy),Psychology/Psychiatry,Canada,59,$5.98  ~ $6.04 ,N/A,N/A,N/A,N/A,N/A
Careers (Legacy),Psychology/Psychiatry,United Kingdom,848,$7.71  ~ $8.22 ,$3.86 ,$102.11 ,0.20%,N/A,N/A
Careers (Legacy),Psychology/Psychiatry,United States,"5,273",$6.26  ~ $8.35 ,$7.35 ,$120.28 ,0.11%,N/A,N/A
Careers (Legacy),Health/Lowfat Cooking,United States,275,$7.76  ~ $8.07 ,$9.55 ,$59.20 ,0.08%,N/A,N/A
Careers (Legacy),Health/Lowfat Cooking,United Kingdom,119,$5.54  ~ $5.54 ,$12.07 ,N/A,0.05%,N/A,N/A
Careers (Legacy),Health/Lowfat Cooking,Canada,9,$2.95  ~ $11.60 ,$7.31 ,N/A,0.16%,N/A,N/A
Careers (Legacy),Astrology,Canada,5,$2.05  ~ $4.53 ,N/A,N/A,N/A,N/A,N/A
Careers (Legacy),Forestry,United States,8,$7.02  ~ $17.22 ,N/A,N/A,N/A,N/A,N/A
Careers (Legacy),Chronic Pain,United States,129,$12.63  ~ $12.83 ,$32.45 ,N/A,0.04%,N/A,N/A
Careers (Legacy),Entertainment,United States,47,$11.26  ~ $24.77 ,$9.05 ,N/A,0.12%,N/A,N/A
Careers (Legacy),Entertainment,United Kingdom,4,$6.92  ~ $16.87 ,N/A,N/A,N/A,N/A,N/A
Careers (Legacy),Distance Learning,United States,122,$10.75  ~ $11.28 ,$15.42 ,$54.77 ,0.07%,N/A,N/A
Careers (Legacy),Alternative Medicine,United States,261,$9.17  ~ $12.85 ,$17.62 ,N/A,0.07%,N/A,N/A
Careers (Legacy),Alternative Medicine,Canada,20,$1.86  ~ $2.10 ,$0.96 ,N/A,0.22%,N/A,N/A
Careers (Legacy),Alternative Medicine,United Kingdom,39,$5.43  ~ $5.43 ,N/A,N/A,N/A,N/A,N/A
Careers (Legacy),Certified Pre-Owned,United Kingdom,3,$27.65  ~ $27.65 ,$8.46 ,N/A,0.33%,N/A,N/A
Careers (Legacy),Certified Pre-Owned,United States,28,$11.87  ~ $13.57 ,$2.42 ,N/A,0.49%,N/A,N/A
Careers (Legacy),Financial Aid,United States,80,$7.91  ~ $8.31 ,$12.54 ,N/A,0.06%,N/A,N/A
Careers (Legacy),Pediatrics,United States,375,$8.77  ~ $40.49 ,$7.13 ,N/A,0.12%,N/A,N/A
Careers (Legacy),Investors & Patents,United States,"3,892",$9.32  ~ $10.07 ,$10.63 ,$58.52 ,0.09%,N/A,N/A
Careers (Legacy),Investors & Patents,Canada,177,$5.87  ~ $6.19 ,$6.10 ,N/A,0.10%,N/A,N/A
Careers (Legacy),Investors & Patents,United Kingdom,38,$6.67  ~ $6.85 ,$23.40 ,N/A,0.03%,N/A,N/A
Careers (Legacy),Collecting,Canada,1,$2.09  ~ $4.24 ,N/A,N/A,N/A,N/A,N/A
Careers (Legacy),Collecting,United States,29,$5.07  ~ $7.87 ,$9.72 ,N/A,0.08%,N/A,N/A
Careers (Legacy),Landscaping,Canada,79,$2.07  ~ $4.24 ,N/A,N/A,N/A,N/A,N/A
Careers (Legacy),Landscaping,United States,176,$3.56  ~ $4.76 ,$6.73 ,N/A,0.07%,N/A,N/A
Careers (Legacy),Pets,Canada,22,$8.27  ~ $8.32 ,$18.91 ,$226.49 ,0.04%,N/A,N/A
Careers (Legacy),Pets,United States,346,$8.29  ~ $8.61 ,$12.85 ,$122.95 ,0.06%,N/A,N/A
Careers (Legacy),Apartments,Canada,226,$2.78  ~ $6.35 ,$3.20 ,N/A,0.20%,N/A,N/A
Careers (Legacy),Apartments,United Kingdom,"2,685",$7.37  ~ $7.75 ,$7.12 ,$61.31 ,0.10%,N/A,N/A
Careers (Legacy),Apartments,United States,176,$6.26  ~ $8.47 ,$2.76 ,$25.72 ,0.23%,N/A,N/A
Careers (Legacy),Education,United States,"3,150",$7.56  ~ $7.68 ,$10.23 ,$116.55 ,0.08%,N/A,N/A
Careers (Legacy),Education,United Kingdom,"2,823",$6.51  ~ $8.49 ,$11.45 ,$99.91 ,0.06%,N/A,N/A
Careers (Legacy),Education,Canada,41,$7.93  ~ $9.80 ,$6.60 ,N/A,0.12%,N/A,N/A
Careers (Legacy),Education,Mexico,1,$4.01  ~ $8.16 ,$2.40 ,$12.01 ,0.17%,N/A,N/A
Careers (Legacy),Home Theater,United States,2,$2.16  ~ $4.62 ,N/A,N/A,N/A,N/A,N/A
Careers (Legacy),Babies & Toddlers,United States,16,$8.70  ~ $9.69 ,$4.25 ,$22.65 ,0.20%,N/A,N/A
Careers (Legacy),Comparison,United States,1,$4.51  ~ $11.05 ,N/A,N/A,N/A,N/A,N/A
Careers (Legacy),Business Software,Canada,177,$8.88  ~ $9.27 ,$7.36 ,$122.95 ,0.12%,N/A,N/A
Careers (Legacy),Business Software,United Kingdom,"1,407",$8.83  ~ $12.42 ,$12.52 ,$182.96 ,0.10%,N/A,N/A
Careers (Legacy),Business Software,Ireland,1,$9.25  ~ $9.54 ,$6.20 ,N/A,0.15%,N/A,N/A
Careers (Legacy),Business Software,United States,"5,417",$10.01  ~ $10.04 ,$10.42 ,$141.01 ,0.10%,N/A,N/A
Careers (Legacy),Home Repair,United States,"3,985",$7.69  ~ $8.61 ,$8.59 ,$119.43 ,0.09%,N/A,N/A
Careers (Legacy),Home Repair,United Kingdom,575,$7.54  ~ $8.75 ,$6.20 ,N/A,0.12%,N/A,N/A
Careers (Legacy),Home Repair,Canada,248,$4.77  ~ $5.38 ,$3.03 ,$33.82 ,0.16%,N/A,N/A
Careers (Legacy),Mutual Funds,United States,"2,057",$8.23  ~ $8.95 ,$8.72 ,$70.96 ,0.09%,N/A,N/A
Careers (Legacy),Mutual Funds,Canada,22,$21.46  ~ $21.80 ,$11.50 ,N/A,0.19%,N/A,N/A
Careers (Legacy),Computer Certification,United States,1,$7.85  ~ $16.20 ,N/A,N/A,N/A,N/A,N/A
Careers (Legacy),Hotels,United Kingdom,356,$3.74  ~ $4.28 ,$8.84 ,$21.73 ,0.05%,N/A,N/A
Careers (Legacy),Hotels,United States,"3,653",$5.67  ~ $6.98 ,$4.28 ,$44.71 ,0.16%,N/A,N/A
Careers (Legacy),Hotels,Canada,24,$3.55  ~ $4.02 ,$0.72 ,$11.65 ,0.56%,N/A,N/A
Careers (Legacy),Exercise,United Kingdom,"1,022",$3.67  ~ $7.12 ,$3.55 ,N/A,0.10%,N/A,N/A
Careers (Legacy),Exercise,United States,867,$4.87  ~ $5.02 ,$7.73 ,$63.61 ,0.06%,N/A,N/A
Careers (Legacy),Exercise,Canada,35,$2.86  ~ $5.86 ,$1.94 ,N/A,0.15%,N/A,N/A
Careers (Legacy),Barbecues & Grilling,Canada,11,$4.53  ~ $11.00 ,$6.47 ,N/A,0.07%,N/A,N/A
Careers (Legacy),Weight Loss,United States,150,$3.97  ~ $4.01 ,$5.29 ,N/A,0.08%,N/A,N/A
Careers (Legacy),Weight Loss,Mexico,4,$1.46  ~ $3.29 ,$0.47 ,N/A,0.31%,N/A,N/A
Careers (Legacy),Weight Loss,United Kingdom,944,$8.17  ~ $8.20 ,$20.15 ,$120.93 ,0.04%,N/A,N/A
Careers (Legacy),Insurance,Canada,171,$3.48  ~ $6.56 ,$15.47 ,$45.10 ,0.04%,N/A,N/A
Careers (Legacy),Insurance,United States,"7,303",$8.36  ~ $8.77 ,$4.68 ,$117.69 ,0.18%,N/A,N/A
Careers (Legacy),Insurance,United Kingdom,"2,361",$4.42  ~ $5.07 ,$5.51 ,$49.37 ,0.09%,N/A,N/A
Careers (Legacy),Auto Parts,United States,650,$6.66  ~ $7.04 ,$9.53 ,$37.31 ,0.07%,N/A,N/A
Careers (Legacy),Auto Parts,Canada,9,$5.56  ~ $12.80 ,N/A,N/A,N/A,N/A,N/A
Careers (Legacy),Auto Parts,United Kingdom,114,$7.02  ~ $7.02 ,$7.01 ,$126.19 ,0.10%,N/A,N/A
Careers (Legacy),Green Solutions,Canada,995,$4.06  ~ $4.85 ,$5.77 ,$64.48 ,0.08%,N/A,N/A
Careers (Legacy),Green Solutions,United States,"3,059",$6.50  ~ $6.53 ,$6.18 ,$85.32 ,0.11%,N/A,N/A
Careers (Legacy),Green Solutions,United Kingdom,3,$6.49  ~ $7.65 ,$3.90 ,N/A,0.17%,N/A,N/A
Careers (Legacy),Job Search,United States,"2,479",$9.46  ~ $9.97 ,$13.31 ,$68.96 ,0.07%,N/A,N/A
Careers (Legacy),Job Search,Canada,4,$4.40  ~ $4.64 ,N/A,N/A,N/A,N/A,N/A
Careers (Legacy),Job Search,United Kingdom,10,$7.51  ~ $16.15 ,$2.44 ,N/A,0.31%,N/A,N/A
Careers (Legacy),Cancer,United States,"2,436",$10.77  ~ $17.07 ,$19.06 ,N/A,0.09%,N/A,N/A
Careers (Legacy),Cancer,Canada,21,$16.35  ~ $16.35 ,N/A,N/A,N/A,N/A,N/A
Careers (Legacy),Investing,Canada,3,$8.12  ~ $8.12 ,N/A,N/A,N/A,N/A,N/A
Careers (Legacy),Investing,United Kingdom,24,$7.56  ~ $8.83 ,$4.20 ,N/A,0.18%,N/A,N/A
Careers (Legacy),Investing,United States,"1,105",$9.43  ~ $10.07 ,$13.55 ,N/A,0.07%,N/A,N/A
Careers (Legacy),Fine Art,United Kingdom,"7,997",$6.82  ~ $7.10 ,$13.86 ,$76.28 ,0.05%,N/A,N/A
Careers (Legacy),Fine Art,United States,"1,680",$6.69  ~ $7.49 ,$6.68 ,$27.98 ,0.10%,N/A,N/A
Careers (Legacy),Fine Art,Canada,23,$6.14  ~ $6.77 ,$5.03 ,N/A,0.12%,N/A,N/A
Careers (Legacy),Home & Garden,Canada,"1,261",$2.91  ~ $4.83 ,$6.07 ,$92.68 ,0.08%,N/A,N/A
Careers (Legacy),Home & Garden,United Kingdom,550,$6.30  ~ $6.59 ,$6.40 ,N/A,0.10%,N/A,N/A
Careers (Legacy),Home & Garden,United States,"5,641",$5.76  ~ $6.52 ,$5.10 ,$39.52 ,0.11%,N/A,N/A
Careers (Legacy),Real Estate,United States,"2,074",$6.90  ~ $7.05 ,$5.59 ,$27.11 ,0.12%,N/A,N/A
Careers (Legacy),Real Estate,Canada,63,$4.72  ~ $5.20 ,$7.54 ,N/A,0.07%,N/A,N/A
Careers (Legacy),Real Estate,United Kingdom,"1,617",$5.38  ~ $6.93 ,$5.62 ,$60.74 ,0.10%,N/A,N/A
Careers (Legacy),Career Planning,United States,553,$7.89  ~ $8.01 ,$11.38 ,$162.48 ,0.07%,N/A,N/A
Careers (Legacy),Career Planning,Canada,462,$6.84  ~ $8.50 ,$13.69 ,$5.29 ,0.05%,N/A,N/A
Careers (Legacy),College,Canada,215,$4.82  ~ $6.85 ,$5.63 ,$27.51 ,0.09%,N/A,N/A
Careers (Legacy),College,United States,"1,385",$6.05  ~ $8.48 ,$7.33 ,$54.12 ,0.12%,N/A,N/A
Careers (Legacy),College,United Kingdom,527,$8.56  ~ $8.58 ,$5.68 ,$30.34 ,0.15%,N/A,N/A
Careers (Legacy),Daycare/Pre School,United States,10,$2.02  ~ $3.84 ,N/A,N/A,N/A,N/A,N/A
Careers (Legacy),Daycare/Pre School,Canada,4,$2.39  ~ $5.80 ,N/A,N/A,N/A,N/A,N/A
Careers (Legacy),Video & Computer Games,United States,12,$0.00  ~ $3.01 ,N/A,N/A,N/A,N/A,N/A
Careers (Legacy),Style & Fashion,United States,91,$4.18  ~ $7.89 ,$7.35 ,N/A,0.11%,N/A,N/A
Careers (Legacy),Physical Therapy,Canada,83,$3.33  ~ $6.02 ,N/A,N/A,N/A,N/A,N/A
Careers (Legacy),Physical Therapy,United Kingdom,63,$6.50  ~ $6.50 ,$17.84 ,N/A,0.04%,N/A,N/A
Careers (Legacy),Physical Therapy,United States,196,$10.32  ~ $19.23 ,$4.99 ,N/A,0.21%,N/A,N/A
Careers (Legacy),Senor Health,Canada,25,$6.88  ~ $8.08 ,$3.21 ,N/A,0.21%,N/A,N/A
Careers (Legacy),Senor Health,United States,896,$6.17  ~ $8.81 ,$2.85 ,N/A,0.31%,N/A,N/A
Careers (Legacy),Senor Health,United Kingdom,2,$6.86  ~ $7.30 ,$15.01 ,N/A,0.05%,N/A,N/A
Careers (Legacy),Cocktails/Beer,Canada,235,$8.35  ~ $8.83 ,$5.76 ,N/A,0.14%,N/A,N/A
Careers (Legacy),Cocktails/Beer,United States,"1,658",$7.71  ~ $7.95 ,$7.85 ,$70.15 ,0.10%,N/A,N/A
Careers (Legacy),Cuisine-Specific,United States,122,$1.34  ~ $1.34 ,$2.67 ,N/A,0.05%,N/A,N/A
Careers (Legacy),Art/Technology,United States,"2,623",$6.37  ~ $6.40 ,$5.42 ,$47.83 ,0.12%,N/A,N/A
Careers (Legacy),Art/Technology,Canada,8,$6.36  ~ $7.30 ,N/A,N/A,N/A,N/A,N/A
Careers (Legacy),Art/Technology,United Kingdom,257,$1.89  ~ $1.89 ,N/A,N/A,N/A,N/A,N/A
Careers (Legacy),Dermatology,Canada,5,$2.05  ~ $5.00 ,N/A,N/A,N/A,N/A,N/A
Careers (Legacy),Dermatology,United States,39,$6.23  ~ $6.60 ,N/A,N/A,N/A,N/A,N/A
Careers (Legacy),Incest/Abuse Support,United States,746,$7.80  ~ $10.11 ,$9.95 ,$64.34 ,0.08%,N/A,N/A
Careers (Legacy),Incest/Abuse Support,Canada,57,$5.26  ~ $7.45 ,N/A,N/A,N/A,N/A,N/A
Careers (Legacy),Gardening,United States,"3,084",$4.49  ~ $7.07 ,$5.28 ,$46.58 ,0.09%,N/A,N/A
Careers (Legacy),Gardening,United Kingdom,643,$0.00  ~ $1.90 ,$1.28 ,$15.23 ,0.15%,N/A,N/A
Careers (Legacy),Gardening,Canada,582,$3.08  ~ $5.04 ,$5.11 ,$13.07 ,0.10%,N/A,N/A
Careers (Legacy),Biotech/Biomedical,Canada,"1,256",$6.82  ~ $8.76 ,$2.45 ,$26.79 ,0.28%,N/A,N/A
Careers (Legacy),Biotech/Biomedical,United Kingdom,111,$7.29  ~ $10.37 ,$9.75 ,N/A,0.11%,N/A,N/A
Careers (Legacy),Biotech/Biomedical,United States,"5,135",$9.57  ~ $22.02 ,$6.73 ,$74.83 ,0.14%,N/A,N/A
Careers (Legacy),Dental Care,United States,205,$3.28  ~ $3.39 ,$5.97 ,N/A,0.06%,N/A,N/A
Careers (Legacy),Dental Care,Canada,33,$2.20  ~ $4.82 ,$1.19 ,N/A,0.19%,N/A,N/A
Careers (Legacy),Cold & Flu,Canada,11,$2.15  ~ $4.58 ,$0.23 ,N/A,0.94%,N/A,N/A
Careers (Legacy),Cold & Flu,United States,850,$8.04  ~ $10.10 ,$6.07 ,N/A,0.17%,N/A,N/A
Careers (Legacy),Cold & Flu,United Kingdom,358,$10.66  ~ $21.40 ,N/A,N/A,N/A,N/A,N/A
Careers (Legacy),Camping,United States,3,$5.17  ~ $11.01 ,N/A,N/A,N/A,N/A,N/A
Careers (Legacy),Teens,United States,2,$9.15  ~ $19.47 ,N/A,N/A,N/A,N/A,N/A
Careers (Legacy),Advertising,United States,"1,904",$9.49  ~ $10.53 ,$8.96 ,$135.36 ,0.12%,N/A,N/A
Careers (Legacy),Advertising,Canada,"1,621",$6.90  ~ $8.30 ,$3.80 ,$18.53 ,0.18%,N/A,N/A
Careers (Legacy),Advertising,United Kingdom,251,$7.49  ~ $8.64 ,$6.59 ,N/A,0.13%,N/A,N/A
Careers (Legacy),Roleplaying Games,United States,5,$1.97  ~ $4.64 ,N/A,N/A,N/A,N/A,N/A
Careers (Legacy),Retirement Planning,United States,44,$7.96  ~ $17.53 ,$20.30 ,N/A,0.09%,N/A,N/A
Careers (Legacy),Retirement Planning,United Kingdom,8,$5.79  ~ $12.27 ,$7.89 ,N/A,0.07%,N/A,N/A
Careers (Legacy),Retirement Planning,Canada,2,$2.66  ~ $6.15 ,N/A,N/A,N/A,N/A,N/A
Careers (Legacy),Birdwatching,United States,186,$4.72  ~ $7.75 ,$3.43 ,N/A,0.23%,N/A,N/A
Careers (Legacy),Birdwatching,Canada,46,$10.44  ~ $24.15 ,$6.45 ,N/A,0.16%,N/A,N/A
Careers (Legacy),Homework/Study Tips,United States,15,$2.20  ~ $4.92 ,N/A,N/A,N/A,N/A,N/A
Careers (Legacy),Catholicism,United States,40,$6.08  ~ $9.21 ,$25.64 ,N/A,0.04%,N/A,N/A
Careers (Legacy),Electric Vehicle,Canada,20,$4.71  ~ $9.53 ,$3.55 ,N/A,0.13%,N/A,N/A
Careers (Legacy),Electric Vehicle,United States,2,$2.05  ~ $4.74 ,N/A,N/A,N/A,N/A,N/A
Careers (Legacy),Marketing,United States,60,$6.89  ~ $8.32 ,$9.54 ,N/A,0.09%,N/A,N/A
Careers (Legacy),Marketing,Canada,856,$2.78  ~ $6.36 ,$3.12 ,$56.16 ,0.09%,N/A,N/A
Careers (Legacy),Alternative Religions,United States,75,$7.90  ~ $8.25 ,$16.01 ,N/A,0.05%,N/A,N/A
Careers (Legacy),Alternative Religions,United Kingdom,16,$5.04  ~ $12.10 ,N/A,N/A,N/A,N/A,N/A
Careers (Legacy),Hunting/Shooting,United States,23,$7.04  ~ $7.04 ,N/A,N/A,N/A,N/A,N/A
Careers (Legacy),Logistics,United States,"3,465",$10.54  ~ $12.28 ,$9.82 ,$78.45 ,0.11%,N/A,N/A
Careers (Legacy),Logistics,Canada,787,$5.01  ~ $6.67 ,$3.24 ,N/A,0.21%,N/A,N/A
Careers (Legacy),Logistics,United Kingdom,569,$5.90  ~ $7.79 ,$8.06 ,$136.33 ,0.10%,N/A,N/A
Careers (Legacy),Logistics,Mexico,1,$3.20  ~ $6.53 ,$5.54 ,N/A,0.12%,N/A,N/A
Careers (Legacy),Sexuality,United States,"7,084",$5.93  ~ $6.85 ,$10.43 ,$94.18 ,0.06%,N/A,N/A
Careers (Legacy),U.S. Military,United States,181,$2.31  ~ $2.32 ,$1.32 ,N/A,0.18%,N/A,N/A
Careers (Legacy),Shopping,United States,"8,351",$3.55  ~ $6.90 ,$4.80 ,$50.30 ,0.07%,N/A,N/A
Careers (Legacy),Shopping,Canada,341,$2.02  ~ $2.78 ,$4.33 ,N/A,0.05%,N/A,N/A
Careers (Legacy),Shopping,United Kingdom,"1,020",$5.50  ~ $5.61 ,$4.54 ,$23.94 ,0.12%,N/A,N/A
Careers (Legacy),Jewelry,Canada,58,$4.09  ~ $4.12 ,$2.01 ,$8.00 ,0.20%,N/A,N/A
Careers (Legacy),Jewelry,United States,"50,959",$2.02  ~ $6.38 ,$1.08 ,$14.17 ,0.19%,N/A,N/A
Careers (Legacy),Net Conferencing,United States,166,$11.96  ~ $52.52 ,$29.55 ,N/A,0.04%,N/A,N/A
Careers (Legacy),Net Conferencing,Canada,3,$5.79  ~ $11.96 ,$3.43 ,N/A,0.17%,N/A,N/A
Careers (Legacy),7-12 Education,United States,2,$8.47  ~ $19.12 ,$0.16 ,N/A,5.26%,N/A,N/A
Careers (Legacy),Road-Side Assistance,United States,20,$2.50  ~ $5.08 ,N/A,N/A,N/A,N/A,N/A
Careers (Legacy),Road-Side Assistance,Canada,4,$2.28  ~ $5.27 ,N/A,N/A,N/A,N/A,N/A
Careers (Legacy),Road-Side Assistance,Mexico,8,$4.27  ~ $8.76 ,$7.89 ,N/A,0.05%,N/A,N/A
Careers (Legacy),Road-Side Assistance,United Kingdom,97,$9.95  ~ $22.07 ,$6.71 ,N/A,0.15%,N/A,N/A
Careers (Legacy),Graduate School,Canada,110,$5.32  ~ $11.07 ,$4.29 ,N/A,0.12%,N/A,N/A
Careers (Legacy),Graduate School,United States,"3,601",$8.85  ~ $8.90 ,$6.89 ,$36.28 ,0.13%,N/A,N/A
Careers (Legacy),Graduate School,United Kingdom,521,$5.86  ~ $9.17 ,$25.09 ,N/A,0.04%,N/A,N/A
Careers (Legacy),Motorcycles,United States,"3,195",$4.69  ~ $8.05 ,$6.17 ,$45.06 ,0.08%,N/A,N/A
Careers (Legacy),Motorcycles,Canada,8,$4.89  ~ $10.29 ,$3.08 ,$18.45 ,0.16%,N/A,N/A
Careers (Legacy),Architects,United Kingdom,1,$7.21  ~ $7.21 ,$2.41 ,N/A,0.30%,N/A,N/A
Careers (Legacy),Desserts & Baking,Canada,1,$2.20  ~ $4.87 ,N/A,N/A,N/A,N/A,N/A
Careers (Legacy),Desserts & Baking,United States,114,$4.70  ~ $10.80 ,$3.35 ,N/A,0.14%,N/A,N/A
Careers (Legacy),Martial Arts,United States,14,$3.51  ~ $8.13 ,N/A,N/A,N/A,N/A,N/A
Careers (Legacy),Martial Arts,Canada,2,$2.08  ~ $4.29 ,N/A,N/A,N/A,N/A,N/A
Careers (Legacy),Music,United Kingdom,319,$3.76  ~ $5.92 ,$5.08 ,N/A,0.12%,N/A,N/A
Careers (Legacy),Music,United States,"7,823",$6.48  ~ $6.65 ,$8.72 ,$59.32 ,0.08%,N/A,N/A
Careers (Legacy),Music,Canada,243,$4.15  ~ $4.57 ,$5.11 ,$44.83 ,0.09%,N/A,N/A
Careers (Legacy),News,United States,842,$11.99  ~ $15.49 ,$11.18 ,$88.57 ,0.11%,N/A,N/A
Careers (Legacy),News,Canada,3,$0.27  ~ $0.57 ,N/A,N/A,N/A,N/A,N/A
Careers (Legacy),Dogs,Canada,7,$2.26  ~ $5.21 ,N/A,N/A,N/A,N/A,N/A
Careers (Legacy),Dogs,United States,"1,569",$3.63  ~ $5.21 ,$7.15 ,$26.25 ,0.05%,N/A,N/A
Careers (Legacy),Dogs,United Kingdom,109,$9.17  ~ $9.17 ,N/A,N/A,N/A,N/A,N/A
Careers (Legacy),Buying/Selling Cars,Canada,171,$5.16  ~ $6.19 ,$8.18 ,N/A,0.06%,N/A,N/A
Careers (Legacy),Buying/Selling Cars,United States,"1,444",$6.34  ~ $6.34 ,$5.82 ,$154.76 ,0.11%,N/A,N/A
Careers (Legacy),Buying/Selling Cars,United Kingdom,313,$7.83  ~ $11.57 ,$9.33 ,$16.81 ,0.12%,N/A,N/A
Careers (Legacy),Parenting - K-6 Kids,United States,103,$1.60  ~ $2.00 ,N/A,N/A,N/A,N/A,N/A
Careers (Legacy),Environmental Safety,United States,159,$8.31  ~ $8.95 ,$7.15 ,N/A,0.12%,N/A,N/A
Careers (Legacy),Environmental Safety,Canada,2,$2.11  ~ $4.77 ,N/A,N/A,N/A,N/A,N/A
Careers (Legacy),Commentary,United States,86,$14.32  ~ $18.82 ,$27.22 ,N/A,0.07%,N/A,N/A
Careers (Legacy),Agriculture,Canada,31,$4.55  ~ $5.39 ,$4.81 ,N/A,0.09%,N/A,N/A
Careers (Legacy),Agriculture,United States,179,$3.82  ~ $3.91 ,$1.72 ,N/A,0.23%,N/A,N/A
Careers (Legacy),Careers,Canada,292,$3.50  ~ $3.55 ,$8.14 ,$64.94 ,0.04%,N/A,N/A
Careers (Legacy),Careers,United States,"1,421",$3.21  ~ $7.81 ,$6.88 ,N/A,0.05%,N/A,N/A
Careers (Legacy),Careers,United Kingdom,347,$6.38  ~ $15.12 ,$6.23 ,N/A,0.10%,N/A,N/A
Careers (Legacy),Food & Drink,United States,953,$5.60  ~ $6.09 ,$4.97 ,$34.24 ,0.12%,N/A,N/A
Careers (Legacy),Food & Drink,Canada,54,$5.20  ~ $10.45 ,$1.91 ,N/A,0.27%,N/A,N/A
Careers (Legacy),Dining Out,Canada,368,$5.83  ~ $5.95 ,$6.91 ,$16.30 ,0.08%,N/A,N/A
Careers (Legacy),Dining Out,United States,"2,166",$5.35  ~ $9.48 ,$9.50 ,$68.33 ,0.06%,N/A,N/A
Careers (Legacy),Dining Out,United Kingdom,282,$10.93  ~ $20.23 ,$11.14 ,$263.36 ,0.10%,N/A,N/A
Careers (Legacy),Arts & Crafts,United States,"1,428",$4.00  ~ $8.17 ,$5.09 ,$172.91 ,0.08%,N/A,N/A
Careers (Legacy),Technology & Computing,Canada,925,$5.56  ~ $7.18 ,$12.69 ,N/A,0.06%,N/A,N/A
Careers (Legacy),Technology & Computing,United Kingdom,875,$6.00  ~ $9.88 ,$12.07 ,$112.19 ,0.08%,N/A,N/A
Careers (Legacy),Technology & Computing,United States,"1,005",$6.54  ~ $6.64 ,$8.79 ,$42.69 ,0.08%,N/A,N/A
Careers (Legacy),Couponing,Canada,475,$4.72  ~ $11.37 ,$3.43 ,$7.57 ,0.14%,N/A,N/A
Careers (Legacy),Couponing,United States,"2,730",$4.51  ~ $4.59 ,$7.94 ,$42.03 ,0.06%,N/A,N/A
Careers (Legacy),Theme Parks,United States,39,$5.22  ~ $5.22 ,N/A,N/A,N/A,N/A,N/A
Careers (Legacy),Theme Parks,Canada,100,$4.98  ~ $10.30 ,$3.26 ,$10.42 ,0.15%,N/A,N/A
Careers (Legacy),Large Animals,United States,2,$13.55  ~ $27.60 ,N/A,N/A,N/A,N/A,N/A
Careers (Legacy),Cell Phones,United States,40,$10.68  ~ $10.68 ,$40.79 ,N/A,0.03%,N/A,N/A
Careers (Legacy),Stamps & Coins,United States,7,$3.68  ~ $8.19 ,N/A,N/A,N/A,N/A,N/A
Careers (Legacy),Movies,United States,36,$5.91  ~ $5.91 ,$4.81 ,N/A,0.12%,N/A,N/A
Careers (Legacy),Computer Networking,United States,"1,919",$2.78  ~ $5.88 ,$1.39 ,$14.64 ,0.20%,N/A,N/A
Careers (Legacy),"Law, Gov't & Politics",Canada,1,$7.80  ~ $18.92 ,$1.29 ,N/A,0.60%,N/A,N/A
Careers (Legacy),"Law, Gov't & Politics",United Kingdom,2,$6.94  ~ $15.68 ,N/A,N/A,N/A,N/A,N/A
Careers (Legacy),"Law, Gov't & Politics",United States,85,$1.25  ~ $6.37 ,$6.00 ,N/A,0.11%,N/A,N/A
Careers (Legacy),Cruises,United States,"1,718",$7.53  ~ $9.24 ,$5.33 ,$87.93 ,0.17%,N/A,N/A
Careers (Legacy),Cruises,Canada,147,$5.02  ~ $6.48 ,$5.30 ,$22.44 ,0.09%,N/A,N/A
Careers (Legacy),Cruises,United Kingdom,47,$5.29  ~ $5.68 ,$4.94 ,N/A,0.11%,N/A,N/A
Careers (Legacy),Horse Racing,Canada,24,$6.73  ~ $16.18 ,N/A,N/A,N/A,N/A,N/A
Careers (Legacy),Tax Planning,Canada,4,$0.00  ~ $0.00 ,N/A,N/A,N/A,N/A,N/A
Careers (Legacy),Cocktails/Beer,United Kingdom,246,$0.00  ~ $0.00 ,N/A,N/A,N/A,N/A,N/A
Careers (Legacy),Weight Loss,Canada,7,$0.00  ~ $0.00 ,N/A,N/A,N/A,N/A,N/A
Education (Legacy),Cruises,United States,"7,036",$7.70  ~ $8.96 ,$10.83 ,$69.97 ,0.08%,N/A,N/A
Education (Legacy),Cruises,United Kingdom,49,$5.87  ~ $5.89 ,$8.84 ,$80.29 ,0.07%,N/A,N/A
Education (Legacy),Cruises,Canada,274,$5.09  ~ $7.19 ,$8.15 ,$54.58 ,0.06%,N/A,N/A
Education (Legacy),Dining Out,United States,"7,534",$6.53  ~ $11.15 ,$14.17 ,$161.87 ,0.05%,N/A,N/A
Education (Legacy),Dining Out,United Kingdom,944,$12.62  ~ $20.20 ,$13.78 ,$659.92 ,0.09%,N/A,N/A
Education (Legacy),Dining Out,Canada,179,$6.07  ~ $6.61 ,$7.77 ,$24.50 ,0.08%,N/A,N/A
Education (Legacy),Hobbies & Interests,United Kingdom,"8,720",$2.25  ~ $2.25 ,$7.89 ,N/A,0.03%,N/A,N/A
Education (Legacy),Hobbies & Interests,Canada,39,$7.44  ~ $15.45 ,N/A,N/A,N/A,N/A,N/A
Education (Legacy),Hobbies & Interests,United States,"69,464",$7.02  ~ $7.83 ,$17.23 ,$79.75 ,0.05%,N/A,N/A
Education (Legacy),Financial Aid,United States,520,$8.11  ~ $8.39 ,$13.71 ,N/A,0.06%,N/A,N/A
Education (Legacy),Thyroid Disease,United States,11,$32.15  ~ $75.04 ,N/A,N/A,N/A,N/A,N/A
Education (Legacy),Dogs,Canada,20,$2.12  ~ $4.75 ,N/A,N/A,N/A,N/A,N/A
Education (Legacy),Dogs,United States,"6,397",$4.07  ~ $6.63 ,$5.63 ,$20.23 ,0.07%,N/A,N/A
Education (Legacy),Dogs,United Kingdom,98,$9.05  ~ $9.05 ,N/A,N/A,N/A,N/A,N/A
Education (Legacy),Distance Learning,United States,"1,246",$10.07  ~ $10.44 ,$29.91 ,$289.34 ,0.03%,N/A,N/A
Education (Legacy),Family & Parenting,United Kingdom,872,$6.45  ~ $7.20 ,$8.60 ,$50.09 ,0.07%,N/A,N/A
Education (Legacy),Family & Parenting,United States,"4,149",$7.31  ~ $8.31 ,$10.18 ,$128.47 ,0.07%,N/A,N/A
Education (Legacy),Family & Parenting,Canada,101,$2.53  ~ $3.54 ,$0.36 ,N/A,0.70%,N/A,N/A
Education (Legacy),Card Games,United States,"4,065",$8.32  ~ $8.59 ,$13.84 ,$108.35 ,0.06%,N/A,N/A
Education (Legacy),Card Games,Canada,"3,882",$6.09  ~ $6.66 ,$6.93 ,$36.09 ,0.09%,N/A,N/A
Education (Legacy),Card Games,United Kingdom,82,$7.32  ~ $15.74 ,$11.87 ,$69.61 ,0.06%,N/A,N/A
Education (Legacy),Weddings,United States,110,$6.25  ~ $6.62 ,$8.00 ,N/A,0.08%,N/A,N/A
Education (Legacy),Cell Phones,United States,165,$11.65  ~ $11.65 ,$17.13 ,$117.32 ,0.07%,N/A,N/A
Education (Legacy),Accessories,United States,"4,522",$11.80  ~ $14.62 ,$4.27 ,N/A,0.28%,N/A,N/A
Education (Legacy),Catholicism,United States,176,$6.15  ~ $8.95 ,$25.51 ,$71.15 ,0.04%,N/A,N/A
Education (Legacy),Education,Canada,101,$7.84  ~ $10.04 ,$21.65 ,N/A,0.04%,N/A,N/A
Education (Legacy),Education,United States,"20,905",$7.27  ~ $7.42 ,$14.61 ,$108.69 ,0.05%,N/A,N/A
Education (Legacy),Education,Mexico,5,$4.91  ~ $8.16 ,$5.58 ,$39.04 ,0.09%,N/A,N/A
Education (Legacy),Education,United Kingdom,"2,448",$6.92  ~ $9.48 ,$11.60 ,$355.02 ,0.06%,N/A,N/A
Education (Legacy),Allergies,Canada,534,$4.95  ~ $11.15 ,$2.52 ,N/A,0.20%,N/A,N/A
Education (Legacy),Allergies,United Kingdom,24,$3.27  ~ $7.44 ,N/A,N/A,N/A,N/A,N/A
Education (Legacy),Network Security,Canada,3,$2.20  ~ $5.43 ,N/A,N/A,N/A,N/A,N/A
Education (Legacy),Network Security,United States,13,$2.09  ~ $2.44 ,$0.77 ,N/A,0.27%,N/A,N/A
Education (Legacy),Dermatology,Canada,8,$2.04  ~ $4.29 ,$0.24 ,N/A,0.85%,N/A,N/A
Education (Legacy),Dermatology,United States,161,$6.41  ~ $6.63 ,$18.39 ,N/A,0.04%,N/A,N/A
Education (Legacy),Marketing,United States,668,$6.83  ~ $8.28 ,$10.75 ,N/A,0.08%,N/A,N/A
Education (Legacy),Marketing,Canada,"8,099",$2.64  ~ $6.97 ,$3.01 ,$17.30 ,0.09%,N/A,N/A
Education (Legacy),Guitar,United States,8,$2.33  ~ $5.21 ,N/A,N/A,N/A,N/A,N/A
Education (Legacy),Fashion,United States,28,$8.19  ~ $19.24 ,$12.05 ,$60.26 ,0.07%,N/A,N/A
Education (Legacy),Senior Living,Canada,42,$3.54  ~ $6.80 ,$1.05 ,N/A,0.34%,N/A,N/A
Education (Legacy),Senior Living,United States,"1,505",$6.69  ~ $6.80 ,$8.98 ,$56.49 ,0.07%,N/A,N/A
Education (Legacy),Senior Living,United Kingdom,87,$6.68  ~ $7.31 ,$4.95 ,N/A,0.15%,N/A,N/A
Education (Legacy),Internet Technology,United Kingdom,159,$6.30  ~ $7.99 ,$21.78 ,N/A,0.04%,N/A,N/A
Education (Legacy),Internet Technology,United States,"4,546",$6.04  ~ $7.31 ,$11.87 ,$47.87 ,0.06%,N/A,N/A
Education (Legacy),Internet Technology,Canada,1,$3.58  ~ $7.83 ,$0.30 ,N/A,1.18%,N/A,N/A
Education (Legacy),Human Resources,United Kingdom,"1,894",$9.39  ~ $17.17 ,$12.13 ,$379.37 ,0.08%,N/A,N/A
Education (Legacy),Human Resources,Mexico,21,$1.60  ~ $1.92 ,$3.38 ,N/A,0.06%,N/A,N/A
Education (Legacy),Human Resources,United States,"14,159",$9.25  ~ $11.18 ,$13.61 ,$70.51 ,0.07%,N/A,N/A
Education (Legacy),Human Resources,Canada,"1,742",$5.93  ~ $7.07 ,$8.31 ,N/A,0.09%,N/A,N/A
Education (Legacy),Cocktails/Beer,Canada,114,$8.84  ~ $9.85 ,$2.99 ,$10.84 ,0.30%,N/A,N/A
Education (Legacy),Cocktails/Beer,United States,"7,975",$7.00  ~ $7.35 ,$7.40 ,$55.09 ,0.09%,N/A,N/A
Education (Legacy),Sexuality,United States,"7,042",$5.95  ~ $6.91 ,$7.24 ,$39.95 ,0.08%,N/A,N/A
Education (Legacy),Sexuality,Canada,21,$2.78  ~ $6.33 ,N/A,N/A,N/A,N/A,N/A
Education (Legacy),Teens,United States,12,$8.07  ~ $19.31 ,$21.16 ,N/A,0.04%,N/A,N/A
Education (Legacy),Arthritis,United States,138,$5.58  ~ $5.67 ,$18.01 ,N/A,0.03%,N/A,N/A
Education (Legacy),Business Software,Canada,"1,152",$8.01  ~ $9.43 ,$13.89 ,$131.59 ,0.07%,N/A,N/A
Education (Legacy),Business Software,United Kingdom,"1,400",$10.46  ~ $12.35 ,$14.61 ,$497.92 ,0.08%,N/A,N/A
Education (Legacy),Business Software,United States,"18,493",$9.15  ~ $9.36 ,$13.59 ,$151.74 ,0.07%,N/A,N/A
Education (Legacy),Pets,Canada,130,$8.31  ~ $8.35 ,$18.28 ,$209.93 ,0.05%,N/A,N/A
Education (Legacy),Pets,United States,"4,154",$8.16  ~ $8.54 ,$12.83 ,$120.74 ,0.06%,N/A,N/A
Education (Legacy),Body Art,United States,13,$2.10  ~ $4.30 ,N/A,N/A,N/A,N/A,N/A
Education (Legacy),Graduate School,Canada,687,$5.41  ~ $12.28 ,$14.47 ,N/A,0.04%,N/A,N/A
Education (Legacy),Graduate School,United States,"21,926",$8.70  ~ $9.82 ,$8.94 ,$46.81 ,0.10%,N/A,N/A
Education (Legacy),Graduate School,United Kingdom,"1,450",$5.82  ~ $9.43 ,$22.26 ,N/A,0.04%,N/A,N/A
Education (Legacy),Exercise,United Kingdom,933,$3.62  ~ $7.19 ,$5.74 ,$116.59 ,0.06%,N/A,N/A
Education (Legacy),Exercise,United States,"4,040",$4.42  ~ $4.59 ,$8.43 ,$112.57 ,0.05%,N/A,N/A
Education (Legacy),Exercise,Canada,66,$2.90  ~ $3.96 ,$4.76 ,N/A,0.06%,N/A,N/A
Education (Legacy),Contests & Freebies,United States,56,$5.97  ~ $8.73 ,N/A,N/A,N/A,N/A,N/A
Education (Legacy),Contests & Freebies,Canada,2,$2.09  ~ $4.70 ,N/A,N/A,N/A,N/A,N/A
Education (Legacy),Coffee/Tea,United States,"5,233",$4.90  ~ $5.87 ,$4.34 ,$21.93 ,0.11%,N/A,N/A
Education (Legacy),Entertainment,United States,73,$10.44  ~ $22.64 ,$15.73 ,N/A,0.07%,N/A,N/A
Education (Legacy),Entertainment,Mexico,1,$5.53  ~ $13.81 ,N/A,N/A,N/A,N/A,N/A
Education (Legacy),Entertainment,United Kingdom,2,$6.97  ~ $15.16 ,N/A,N/A,N/A,N/A,N/A
Education (Legacy),Couponing,Canada,"1,435",$4.30  ~ $10.27 ,$3.85 ,$11.07 ,0.11%,N/A,N/A
Education (Legacy),Couponing,United States,"22,241",$4.10  ~ $4.12 ,$6.15 ,$18.31 ,0.07%,N/A,N/A
Education (Legacy),Metals,United States,"37,757",$5.17  ~ $7.25 ,$9.52 ,$75.10 ,0.08%,N/A,N/A
Education (Legacy),Metals,United Kingdom,87,$8.01  ~ $8.26 ,$5.05 ,$8.27 ,0.16%,N/A,N/A
Education (Legacy),Metals,Canada,"11,257",$5.67  ~ $10.49 ,$11.23 ,$81.84 ,0.05%,N/A,N/A
Education (Legacy),Environmental Safety,United States,912,$8.64  ~ $9.20 ,$22.85 ,N/A,0.04%,N/A,N/A
Education (Legacy),Environmental Safety,Canada,2,$2.18  ~ $5.36 ,N/A,N/A,N/A,N/A,N/A
Education (Legacy),Hunting/Shooting,United States,436,$6.95  ~ $6.95 ,$37.82 ,N/A,0.02%,N/A,N/A
Education (Legacy),Credit/Debt & Loans,Canada,"1,508",$7.39  ~ $7.86 ,$7.87 ,N/A,0.09%,N/A,N/A
Education (Legacy),Credit/Debt & Loans,United States,"65,259",$5.41  ~ $6.64 ,$8.65 ,$63.05 ,0.08%,N/A,N/A
Education (Legacy),Credit/Debt & Loans,United Kingdom,354,$5.51  ~ $7.11 ,$8.35 ,N/A,0.09%,N/A,N/A
Education (Legacy),Credit/Debt & Loans,Mexico,3,$6.50  ~ $15.51 ,$9.83 ,N/A,0.07%,N/A,N/A
Education (Legacy),"Law, Gov't & Politics",United States,151,$1.24  ~ $6.42 ,$39.56 ,N/A,0.02%,N/A,N/A
Education (Legacy),"Law, Gov't & Politics",Canada,8,$7.75  ~ $17.88 ,N/A,N/A,N/A,N/A,N/A
Education (Legacy),Health & Fitness,Canada,"3,230",$5.39  ~ $6.42 ,$4.47 ,$58.54 ,0.14%,N/A,N/A
Education (Legacy),Health & Fitness,United States,"137,404",$8.37  ~ $8.43 ,$9.82 ,$68.19 ,0.09%,N/A,N/A
Education (Legacy),Health & Fitness,United Kingdom,"1,995",$5.92  ~ $6.22 ,$7.59 ,$99.54 ,0.08%,N/A,N/A
Education (Legacy),Health & Fitness,Ireland,3,$0.56  ~ $1.07 ,$0.48 ,N/A,0.12%,N/A,N/A
Education (Legacy),Technology & Computing,Canada,"1,615",$5.70  ~ $6.90 ,$7.97 ,N/A,0.09%,N/A,N/A
Education (Legacy),Technology & Computing,United States,"4,492",$6.73  ~ $6.79 ,$17.17 ,$142.01 ,0.04%,N/A,N/A
Education (Legacy),Technology & Computing,United Kingdom,769,$4.52  ~ $10.38 ,$10.94 ,$108.26 ,0.09%,N/A,N/A
Education (Legacy),Adventure Travel,United States,"1,998",$2.77  ~ $14.44 ,$7.90 ,$31.21 ,0.04%,N/A,N/A
Education (Legacy),Stocks,United States,6,$9.74  ~ $9.74 ,$9.27 ,N/A,0.11%,N/A,N/A
Education (Legacy),Mutual Funds,United States,"11,853",$7.90  ~ $8.35 ,$12.79 ,$79.91 ,0.06%,N/A,N/A
Education (Legacy),Mutual Funds,Canada,62,$26.31  ~ $26.93 ,$24.04 ,N/A,0.11%,N/A,N/A
Education (Legacy),Clothing,United States,"25,969",$6.45  ~ $6.74 ,$9.29 ,$38.83 ,0.07%,N/A,N/A
Education (Legacy),Clothing,United Kingdom,7,$7.36  ~ $7.36 ,$10.18 ,N/A,0.07%,N/A,N/A
Education (Legacy),Clothing,Canada,"1,003",$4.57  ~ $7.17 ,$2.44 ,$13.64 ,0.19%,N/A,N/A
Education (Legacy),Hotels,United States,"16,386",$5.74  ~ $6.38 ,$9.97 ,$50.76 ,0.06%,N/A,N/A
Education (Legacy),Hotels,Canada,161,$3.74  ~ $4.02 ,$0.29 ,$5.20 ,1.38%,N/A,N/A
Education (Legacy),Hotels,United Kingdom,402,$3.63  ~ $4.91 ,$27.18 ,N/A,0.02%,N/A,N/A
Education (Legacy),Green Solutions,United Kingdom,26,$6.57  ~ $7.98 ,$2.76 ,N/A,0.24%,N/A,N/A
Education (Legacy),Green Solutions,Canada,"5,291",$3.71  ~ $4.14 ,$8.37 ,$63.07 ,0.05%,N/A,N/A
Education (Legacy),Green Solutions,United States,"17,471",$6.26  ~ $6.57 ,$10.09 ,$196.60 ,0.06%,N/A,N/A
Education (Legacy),Pediatrics,United States,711,$9.13  ~ $40.37 ,$16.29 ,N/A,0.06%,N/A,N/A
Education (Legacy),Health/Lowfat Cooking,United States,"1,697",$8.53  ~ $10.03 ,$13.56 ,$145.09 ,0.06%,N/A,N/A
Education (Legacy),Health/Lowfat Cooking,United Kingdom,27,$5.53  ~ $5.56 ,$14.57 ,N/A,0.04%,N/A,N/A
Education (Legacy),Health/Lowfat Cooking,Mexico,4,$9.62  ~ $21.74 ,N/A,N/A,N/A,N/A,N/A
Education (Legacy),Health/Lowfat Cooking,Canada,108,$2.98  ~ $11.72 ,$9.80 ,$19.30 ,0.12%,N/A,N/A
Education (Legacy),Investors & Patents,Canada,605,$6.05  ~ $7.59 ,$54.64 ,N/A,0.01%,N/A,N/A
Education (Legacy),Investors & Patents,United States,"28,072",$7.75  ~ $8.46 ,$8.53 ,$52.19 ,0.10%,N/A,N/A
Education (Legacy),Investors & Patents,United Kingdom,22,$7.48  ~ $17.46 ,$8.11 ,N/A,0.09%,N/A,N/A
Education (Legacy),Large Animals,United States,6,$13.32  ~ $31.12 ,$6.58 ,N/A,0.20%,N/A,N/A
Education (Legacy),College,Canada,813,$4.58  ~ $6.85 ,$10.73 ,$38.81 ,0.04%,N/A,N/A
Education (Legacy),College,United States,"7,898",$6.38  ~ $8.15 ,$13.86 ,$85.79 ,0.06%,N/A,N/A
Education (Legacy),College,United Kingdom,320,$8.31  ~ $8.84 ,$11.41 ,N/A,0.08%,N/A,N/A
Education (Legacy),Celebrity Fan/Gossip,United States,2,$6.66  ~ $15.05 ,N/A,N/A,N/A,N/A,N/A
Education (Legacy),Incest/Abuse Support,United States,"5,930",$7.51  ~ $9.32 ,$12.49 ,$58.74 ,0.06%,N/A,N/A
Education (Legacy),Incest/Abuse Support,Canada,50,$5.61  ~ $7.41 ,$8.52 ,N/A,0.07%,N/A,N/A
Education (Legacy),Martial Arts,Canada,31,$2.08  ~ $4.26 ,N/A,N/A,N/A,N/A,N/A
Education (Legacy),Martial Arts,United States,21,$2.47  ~ $5.65 ,$2.47 ,N/A,0.10%,N/A,N/A
Education (Legacy),Mountain Biking,Canada,38,$6.53  ~ $6.70 ,$2.74 ,$29.81 ,0.24%,N/A,N/A
Education (Legacy),Mountain Biking,United States,202,$6.63  ~ $6.77 ,$3.79 ,N/A,0.17%,N/A,N/A
Education (Legacy),Alternative Religions,United States,221,$7.90  ~ $7.97 ,$8.54 ,N/A,0.09%,N/A,N/A
Education (Legacy),Alternative Religions,United Kingdom,24,$5.99  ~ $12.80 ,$38.72 ,N/A,0.02%,N/A,N/A
Education (Legacy),Swimming,United States,246,$2.16  ~ $8.33 ,$24.03 ,$46.22 ,0.03%,N/A,N/A
Education (Legacy),Motorcycles,United States,"13,027",$4.41  ~ $8.05 ,$8.19 ,$50.22 ,0.05%,N/A,N/A
Education (Legacy),Motorcycles,Canada,41,$4.90  ~ $10.71 ,$3.88 ,$15.51 ,0.13%,N/A,N/A
Education (Legacy),Insurance,Canada,"1,018",$6.35  ~ $8.35 ,$10.15 ,$111.43 ,0.06%,N/A,N/A
Education (Legacy),Insurance,United States,"24,997",$7.88  ~ $7.89 ,$6.61 ,$63.14 ,0.12%,N/A,N/A
Education (Legacy),Insurance,United Kingdom,"2,608",$4.64  ~ $5.18 ,$6.26 ,$48.19 ,0.08%,N/A,N/A
Education (Legacy),Construction,United States,"3,554",$6.12  ~ $7.89 ,$1.32 ,$85.56 ,0.46%,N/A,N/A
Education (Legacy),Construction,Canada,305,$5.38  ~ $12.86 ,$9.74 ,N/A,0.06%,N/A,N/A
Education (Legacy),Construction,United Kingdom,534,$6.36  ~ $8.74 ,$0.67 ,N/A,0.94%,N/A,N/A
Education (Legacy),Retirement Planning,Canada,3,$2.88  ~ $6.55 ,N/A,N/A,N/A,N/A,N/A
Education (Legacy),Retirement Planning,United States,91,$8.37  ~ $16.92 ,$21.68 ,N/A,0.08%,N/A,N/A
Education (Legacy),Retirement Planning,United Kingdom,5,$5.91  ~ $12.98 ,N/A,N/A,N/A,N/A,N/A
Education (Legacy),K-6 Educators,United Kingdom,21,$5.97  ~ $7.04 ,$16.02 ,N/A,0.04%,N/A,N/A
Education (Legacy),K-6 Educators,United States,"4,055",$6.11  ~ $9.21 ,$4.03 ,$41.85 ,0.15%,N/A,N/A
Education (Legacy),K-6 Educators,Canada,5,$3.74  ~ $11.61 ,N/A,N/A,N/A,N/A,N/A
Education (Legacy),Cold & Flu,United Kingdom,89,$12.79  ~ $27.98 ,$44.44 ,N/A,0.03%,N/A,N/A
Education (Legacy),Cold & Flu,United States,"1,742",$7.02  ~ $9.48 ,$6.22 ,N/A,0.15%,N/A,N/A
Education (Legacy),Cold & Flu,Canada,18,$2.16  ~ $4.51 ,N/A,N/A,N/A,N/A,N/A
Education (Legacy),Birdwatching,United States,463,$3.64  ~ $6.56 ,$9.54 ,$31.52 ,0.07%,N/A,N/A
Education (Legacy),Birdwatching,Canada,67,$10.37  ~ $23.03 ,$6.33 ,N/A,0.16%,N/A,N/A
Education (Legacy),U.S. Military,United States,"1,850",$2.50  ~ $2.50 ,$8.56 ,N/A,0.03%,N/A,N/A
Education (Legacy),Astrology,Canada,2,$2.05  ~ $4.55 ,N/A,N/A,N/A,N/A,N/A
Education (Legacy),Computer Certification,United States,5,$6.33  ~ $15.76 ,$3.92 ,N/A,0.16%,N/A,N/A
Education (Legacy),Road-Side Assistance,United States,17,$2.51  ~ $6.12 ,N/A,N/A,N/A,N/A,N/A
Education (Legacy),Road-Side Assistance,Canada,7,$2.19  ~ $5.35 ,N/A,N/A,N/A,N/A,N/A
Education (Legacy),Road-Side Assistance,Mexico,26,$4.33  ~ $9.87 ,$9.18 ,N/A,0.05%,N/A,N/A
Education (Legacy),Road-Side Assistance,United Kingdom,110,$9.66  ~ $21.65 ,$14.29 ,N/A,0.07%,N/A,N/A
Education (Legacy),Local News,United States,114,$7.53  ~ $18.25 ,$11.87 ,$33.60 ,0.06%,N/A,N/A
Education (Legacy),Electric Vehicle,Canada,11,$4.75  ~ $11.59 ,$7.80 ,N/A,0.06%,N/A,N/A
Education (Legacy),Eldercare,United States,12,$20.94  ~ $20.94 ,N/A,N/A,N/A,N/A,N/A
Education (Legacy),Agriculture,Canada,685,$5.77  ~ $7.17 ,$8.22 ,$9.44 ,0.07%,N/A,N/A
Education (Legacy),Agriculture,United States,407,$3.74  ~ $3.79 ,$4.04 ,N/A,0.09%,N/A,N/A
Education (Legacy),Senor Health,Canada,166,$6.39  ~ $7.86 ,$3.69 ,$5.96 ,0.17%,N/A,N/A
Education (Legacy),Senor Health,United States,"1,750",$7.59  ~ $9.38 ,$9.44 ,$103.76 ,0.10%,N/A,N/A
Education (Legacy),Senor Health,United Kingdom,5,$7.55  ~ $7.79 ,$4.24 ,N/A,0.18%,N/A,N/A
Education (Legacy),Tax Planning,United States,55,$8.96  ~ $9.58 ,$10.73 ,N/A,0.08%,N/A,N/A
Education (Legacy),Off-Road Vehicles,Canada,3,$6.68  ~ $13.51 ,$2.17 ,N/A,0.31%,N/A,N/A
Education (Legacy),Off-Road Vehicles,United States,60,$5.52  ~ $6.81 ,$20.29 ,N/A,0.03%,N/A,N/A
Education (Legacy),Collecting,United States,66,$5.09  ~ $8.43 ,$17.83 ,N/A,0.05%,N/A,N/A
Education (Legacy),Collecting,Canada,1,$2.23  ~ $5.22 ,N/A,N/A,N/A,N/A,N/A
Education (Legacy),Computer Networking,United States,"6,243",$2.37  ~ $5.58 ,$2.30 ,$20.71 ,0.10%,N/A,N/A
Education (Legacy),Air Travel,United Kingdom,102,$6.16  ~ $14.54 ,$34.92 ,N/A,0.02%,N/A,N/A
Education (Legacy),Air Travel,Canada,6,$6.39  ~ $6.44 ,$4.77 ,N/A,0.13%,N/A,N/A
Education (Legacy),Air Travel,United States,"38,802",$5.44  ~ $5.56 ,$6.36 ,$36.63 ,0.09%,N/A,N/A
Education (Legacy),Advertising,Canada,"1,682",$7.61  ~ $8.38 ,$6.66 ,$94.78 ,0.11%,N/A,N/A
Education (Legacy),Advertising,United Kingdom,241,$7.28  ~ $8.42 ,$12.55 ,$114.26 ,0.07%,N/A,N/A
Education (Legacy),Advertising,United States,"6,658",$9.33  ~ $9.91 ,$12.42 ,$102.13 ,0.08%,N/A,N/A
Education (Legacy),Advertising,Mexico,6,$1.09  ~ $1.30 ,N/A,N/A,N/A,N/A,N/A
Education (Legacy),Pro Basketball,United Kingdom,481,$6.74  ~ $8.19 ,$35.57 ,$141.28 ,0.02%,N/A,N/A
Education (Legacy),Pro Basketball,Canada,297,$3.88  ~ $17.78 ,$3.48 ,$9.85 ,0.11%,N/A,N/A
Education (Legacy),Pro Basketball,United States,"2,020",$7.49  ~ $8.56 ,$11.09 ,$94.24 ,0.07%,N/A,N/A
Education (Legacy),Arts & Entertainment,Canada,"1,018",$5.11  ~ $7.05 ,$5.99 ,$26.13 ,0.09%,N/A,N/A
Education (Legacy),Arts & Entertainment,United States,"17,809",$6.35  ~ $7.39 ,$13.87 ,$70.96 ,0.05%,N/A,N/A
Education (Legacy),Arts & Entertainment,United Kingdom,315,$6.65  ~ $8.45 ,$10.72 ,$89.31 ,0.06%,N/A,N/A
Education (Legacy),Travel,Ireland,1,$4.29  ~ $4.68 ,$2.71 ,$4.44 ,0.17%,N/A,N/A
Education (Legacy),Travel,Canada,37,$6.24  ~ $7.71 ,$3.54 ,N/A,0.22%,N/A,N/A
Education (Legacy),Travel,United Kingdom,"3,086",$4.91  ~ $5.07 ,$7.44 ,$40.71 ,0.07%,N/A,N/A
Education (Legacy),Travel,United States,"31,991",$5.13  ~ $5.44 ,$7.24 ,$52.95 ,0.08%,N/A,N/A
Education (Legacy),Nutrition,United States,"3,036",$9.58  ~ $9.70 ,$14.85 ,$54.81 ,0.06%,N/A,N/A
Education (Legacy),Nutrition,Canada,"1,882",$3.23  ~ $4.08 ,$3.71 ,$22.06 ,0.09%,N/A,N/A
Education (Legacy),Nutrition,United Kingdom,20,$9.57  ~ $9.57 ,$13.88 ,N/A,0.07%,N/A,N/A
Education (Legacy),Psychology/Psychiatry,United States,"36,147",$6.17  ~ $7.91 ,$8.89 ,$70.63 ,0.09%,N/A,N/A
Education (Legacy),Psychology/Psychiatry,Canada,95,$5.80  ~ $5.87 ,$4.50 ,$16.66 ,0.13%,N/A,N/A
Education (Legacy),Psychology/Psychiatry,United Kingdom,659,$7.77  ~ $8.20 ,$3.99 ,N/A,0.19%,N/A,N/A
Education (Legacy),Food & Drink,Canada,32,$5.33  ~ $12.72 ,$4.36 ,N/A,0.12%,N/A,N/A
Education (Legacy),Food & Drink,United States,"4,206",$5.77  ~ $5.96 ,$5.70 ,$28.96 ,0.10%,N/A,N/A
Education (Legacy),Babies & Toddlers,United States,33,$8.75  ~ $9.59 ,$10.58 ,$105.66 ,0.08%,N/A,N/A
Education (Legacy),Music,United Kingdom,266,$3.75  ~ $7.45 ,$12.94 ,N/A,0.06%,N/A,N/A
Education (Legacy),Music,United States,"38,015",$6.42  ~ $6.64 ,$13.74 ,$89.33 ,0.05%,N/A,N/A
Education (Legacy),Music,Canada,188,$4.38  ~ $4.64 ,$5.39 ,$116.00 ,0.09%,N/A,N/A
Education (Legacy),Adult Education,United Kingdom,89,$9.85  ~ $13.38 ,$16.42 ,$10.74 ,0.06%,N/A,N/A
Education (Legacy),Adult Education,United States,647,$3.16  ~ $15.82 ,$29.34 ,N/A,0.05%,N/A,N/A
Education (Legacy),Adult Education,Canada,37,$4.17  ~ $6.80 ,N/A,N/A,N/A,N/A,N/A
Education (Legacy),Weight Loss,Mexico,4,$1.24  ~ $2.68 ,$0.95 ,N/A,0.13%,N/A,N/A
Education (Legacy),Weight Loss,United Kingdom,487,$8.18  ~ $8.21 ,$17.02 ,$170.20 ,0.05%,N/A,N/A
Education (Legacy),Weight Loss,United States,642,$3.98  ~ $4.02 ,$6.91 ,N/A,0.06%,N/A,N/A
Education (Legacy),Wine,United States,347,$8.10  ~ $9.21 ,$11.18 ,$289.37 ,0.08%,N/A,N/A
Education (Legacy),Wine,Ireland,2,$5.18  ~ $11.18 ,$7.31 ,N/A,0.07%,N/A,N/A
Education (Legacy),Camping,United States,2,$3.94  ~ $8.87 ,N/A,N/A,N/A,N/A,N/A
Education (Legacy),Computer Peripherals,United States,"8,737",$7.00  ~ $12.05 ,$14.10 ,$40.28 ,0.09%,N/A,N/A
Education (Legacy),Computer Peripherals,Ireland,3,$13.73  ~ $14.26 ,N/A,N/A,N/A,N/A,N/A
Education (Legacy),Computer Peripherals,United Kingdom,75,$13.26  ~ $14.60 ,$3.26 ,$7.03 ,0.45%,N/A,N/A
Education (Legacy),Computer Peripherals,Canada,"2,177",$2.78  ~ $4.95 ,$6.04 ,$48.72 ,0.08%,N/A,N/A
Education (Legacy),Antivirus Software,Canada,108,$9.27  ~ $9.27 ,$3.84 ,$30.70 ,0.24%,N/A,N/A
Education (Legacy),Antivirus Software,United States,849,$8.34  ~ $8.34 ,$6.59 ,$57.10 ,0.13%,N/A,N/A
Education (Legacy),Trucks & Accessories,United States,"4,100",$5.39  ~ $5.60 ,$8.31 ,$28.16 ,0.07%,N/A,N/A
Education (Legacy),Desserts & Baking,Canada,17,$5.91  ~ $5.98 ,$3.77 ,N/A,0.16%,N/A,N/A
Education (Legacy),Desserts & Baking,United States,581,$4.48  ~ $9.27 ,$4.85 ,$14.77 ,0.09%,N/A,N/A
Education (Legacy),Horse Racing,Canada,2,$6.72  ~ $16.56 ,$9.79 ,N/A,0.07%,N/A,N/A
Education (Legacy),Video & Computer Games,United States,14,$0.00  ~ $2.58 ,N/A,N/A,N/A,N/A,N/A
Education (Legacy),Barbecues & Grilling,Canada,851,$4.50  ~ $10.18 ,$9.80 ,$88.24 ,0.05%,N/A,N/A
Education (Legacy),Buying/Selling Cars,Canada,"1,549",$5.11  ~ $6.45 ,$10.97 ,$189.84 ,0.05%,N/A,N/A
Education (Legacy),Buying/Selling Cars,United States,"7,737",$4.80  ~ $5.02 ,$10.51 ,$132.46 ,0.05%,N/A,N/A
Education (Legacy),Buying/Selling Cars,United Kingdom,191,$7.56  ~ $9.24 ,$19.01 ,N/A,0.05%,N/A,N/A
Education (Legacy),Theme Parks,United States,110,$4.75  ~ $4.75 ,$12.13 ,N/A,0.04%,N/A,N/A
Education (Legacy),Theme Parks,Canada,270,$4.97  ~ $10.00 ,$2.82 ,$15.95 ,0.18%,N/A,N/A
Education (Legacy),Shopping,United Kingdom,825,$4.76  ~ $5.03 ,$8.65 ,$148.11 ,0.06%,N/A,N/A
Education (Legacy),Shopping,United States,"42,266",$3.89  ~ $7.16 ,$6.58 ,$50.22 ,0.06%,N/A,N/A
Education (Legacy),Shopping,Canada,486,$2.23  ~ $2.80 ,$6.64 ,N/A,0.03%,N/A,N/A
Education (Legacy),Beauty,Canada,439,$2.12  ~ $2.61 ,$3.66 ,N/A,0.06%,N/A,N/A
Education (Legacy),Beauty,United States,"1,278",$8.98  ~ $8.99 ,$10.94 ,$95.55 ,0.08%,N/A,N/A
Education (Legacy),Beauty,United Kingdom,644,$6.93  ~ $7.28 ,$14.27 ,$127.43 ,0.05%,N/A,N/A
Education (Legacy),Gardening,United Kingdom,395,$0.00  ~ $1.69 ,$1.51 ,N/A,0.11%,N/A,N/A
Education (Legacy),Gardening,Canada,"4,517",$2.43  ~ $4.72 ,$12.56 ,$34.41 ,0.04%,N/A,N/A
Education (Legacy),Gardening,United States,"13,666",$4.87  ~ $6.82 ,$8.35 ,$72.70 ,0.06%,N/A,N/A
Education (Legacy),Cameras & Camcorders,Canada,3,$8.81  ~ $18.11 ,N/A,N/A,N/A,N/A,N/A
Education (Legacy),Cameras & Camcorders,United States,6,$6.40  ~ $6.57 ,N/A,N/A,N/A,N/A,N/A
Education (Legacy),Politics,United States,"30,280",$11.46  ~ $12.17 ,$17.88 ,$147.80 ,0.06%,N/A,N/A
Education (Legacy),Politics,Canada,70,$14.73  ~ $20.12 ,$15.13 ,$61.84 ,0.10%,N/A,N/A
Education (Legacy),Personal Finance,United States,"103,359",$5.46  ~ $6.59 ,$10.72 ,$92.40 ,0.06%,N/A,N/A
Education (Legacy),Personal Finance,Canada,755,$6.00  ~ $6.69 ,$9.78 ,$115.46 ,0.06%,N/A,N/A
Education (Legacy),Personal Finance,United Kingdom,707,$6.14  ~ $9.30 ,$13.78 ,N/A,0.04%,N/A,N/A
Education (Legacy),Personal Finance,Mexico,1,$4.39  ~ $4.53 ,$8.20 ,N/A,0.06%,N/A,N/A
Education (Legacy),Personal Finance,Ireland,30,$7.19  ~ $7.20 ,$9.93 ,$175.34 ,0.07%,N/A,N/A
Education (Legacy),Auto Repair,Canada,994,$6.03  ~ $6.22 ,$13.17 ,N/A,0.05%,N/A,N/A
Education (Legacy),Auto Repair,United States,"1,724",$7.08  ~ $9.01 ,$13.31 ,$125.13 ,0.07%,N/A,N/A
Education (Legacy),Alternative Medicine,United States,525,$8.60  ~ $11.73 ,$17.40 ,N/A,0.07%,N/A,N/A
Education (Legacy),Alternative Medicine,Canada,52,$1.58  ~ $1.92 ,$3.35 ,N/A,0.06%,N/A,N/A
Education (Legacy),Alternative Medicine,United Kingdom,1,$5.42  ~ $5.42 ,N/A,N/A,N/A,N/A,N/A
Education (Legacy),Movies,United States,242,$6.28  ~ $6.34 ,$6.78 ,N/A,0.09%,N/A,N/A
Education (Legacy),Forestry,United States,18,$7.05  ~ $15.24 ,$4.83 ,N/A,0.15%,N/A,N/A
Education (Legacy),Language Learning,United States,11,$2.42  ~ $5.24 ,N/A,N/A,N/A,N/A,N/A
Education (Legacy),Commentary,United States,397,$14.45  ~ $18.38 ,$45.55 ,N/A,0.04%,N/A,N/A
Education (Legacy),Parenting - K-6 Kids,United States,210,$1.66  ~ $2.17 ,$13.39 ,N/A,0.02%,N/A,N/A
Education (Legacy),Veterinary Medicine,Canada,7,$2.28  ~ $5.20 ,N/A,N/A,N/A,N/A,N/A
Education (Legacy),Veterinary Medicine,United States,150,$5.48  ~ $5.81 ,$10.07 ,$4.19 ,0.05%,N/A,N/A
Education (Legacy),Chronic Pain,United States,564,$12.26  ~ $12.64 ,$45.73 ,N/A,0.03%,N/A,N/A
Education (Legacy),7-12 Education,United States,6,$8.59  ~ $17.68 ,N/A,N/A,N/A,N/A,N/A
Education (Legacy),Fine Art,United States,"6,586",$6.15  ~ $7.36 ,$8.91 ,$49.64 ,0.07%,N/A,N/A
Education (Legacy),Fine Art,Canada,38,$6.05  ~ $6.83 ,N/A,N/A,N/A,N/A,N/A
Education (Legacy),Fine Art,United Kingdom,"5,253",$7.00  ~ $7.39 ,$23.88 ,$109.76 ,0.03%,N/A,N/A
Education (Legacy),News,Canada,6,$0.40  ~ $0.87 ,N/A,N/A,N/A,N/A,N/A
Education (Legacy),News,United States,"2,482",$11.59  ~ $13.99 ,$12.43 ,$76.85 ,0.09%,N/A,N/A
Education (Legacy),Apartments,Canada,53,$1.76  ~ $6.54 ,$9.86 ,N/A,0.07%,N/A,N/A
Education (Legacy),Apartments,United Kingdom,"3,194",$7.07  ~ $7.20 ,$7.30 ,$69.48 ,0.10%,N/A,N/A
Education (Legacy),Apartments,United States,761,$5.77  ~ $7.58 ,$3.44 ,$21.66 ,0.17%,N/A,N/A
Education (Legacy),Careers,Canada,446,$3.95  ~ $4.50 ,$14.52 ,$86.66 ,0.03%,N/A,N/A
Education (Legacy),Careers,United States,"6,762",$3.73  ~ $8.63 ,$15.26 ,$101.11 ,0.02%,N/A,N/A
Education (Legacy),Careers,United Kingdom,335,$4.78  ~ $15.92 ,$8.86 ,N/A,0.05%,N/A,N/A
Education (Legacy),Physical Therapy,United States,395,$10.11  ~ $16.93 ,$7.19 ,N/A,0.14%,N/A,N/A
Education (Legacy),Physical Therapy,Canada,49,$3.01  ~ $6.02 ,N/A,N/A,N/A,N/A,N/A
Education (Legacy),Physical Therapy,United Kingdom,36,$6.37  ~ $6.37 ,$14.03 ,N/A,0.05%,N/A,N/A
Education (Legacy),Certified Pre-Owned,United States,39,$12.62  ~ $13.67 ,$20.92 ,N/A,0.06%,N/A,N/A
Education (Legacy),Certified Pre-Owned,Canada,7,$2.59  ~ $6.73 ,N/A,N/A,N/A,N/A,N/A
Education (Legacy),Certified Pre-Owned,United Kingdom,1,$27.65  ~ $27.65 ,N/A,N/A,N/A,N/A,N/A
Education (Legacy),Home Repair,United States,"14,214",$7.11  ~ $8.19 ,$11.06 ,$94.73 ,0.06%,N/A,N/A
Education (Legacy),Home Repair,United Kingdom,418,$7.10  ~ $8.78 ,$6.91 ,$30.13 ,0.10%,N/A,N/A
Education (Legacy),Home Repair,Canada,210,$5.12  ~ $5.43 ,$4.87 ,$20.30 ,0.11%,N/A,N/A
Education (Legacy),Television,Canada,3,$9.34  ~ $23.30 ,$2.96 ,N/A,0.32%,N/A,N/A
Education (Legacy),Television,United Kingdom,90,$7.18  ~ $7.28 ,$4.55 ,$23.98 ,0.16%,N/A,N/A
Education (Legacy),Television,United States,13,$14.49  ~ $30.46 ,N/A,N/A,N/A,N/A,N/A
Education (Legacy),Net Conferencing,United States,337,$11.95  ~ $51.94 ,$21.28 ,$31.99 ,0.06%,N/A,N/A
Education (Legacy),Net Conferencing,Canada,21,$6.18  ~ $13.57 ,$7.61 ,N/A,0.08%,N/A,N/A
Education (Legacy),Career Planning,United Kingdom,1,$8.25  ~ $8.43 ,$10.78 ,$10.13 ,0.08%,N/A,N/A
Education (Legacy),Career Planning,Ireland,1,$6.80  ~ $6.87 ,N/A,N/A,N/A,N/A,N/A
Education (Legacy),Career Planning,United States,"2,155",$8.05  ~ $8.14 ,$14.22 ,$102.91 ,0.06%,N/A,N/A
Education (Legacy),Career Planning,Canada,"1,477",$6.89  ~ $8.22 ,$7.40 ,N/A,0.09%,N/A,N/A
Education (Legacy),Career Planning,Mexico,3,$6.97  ~ $7.36 ,$10.31 ,N/A,0.07%,N/A,N/A
Education (Legacy),Roleplaying Games,United States,3,$2.19  ~ $4.83 ,N/A,N/A,N/A,N/A,N/A
Education (Legacy),Home Theater,United States,3,$2.24  ~ $4.63 ,N/A,N/A,N/A,N/A,N/A
Education (Legacy),Entertaining,United States,400,$2.40  ~ $5.05 ,$3.08 ,N/A,0.08%,N/A,N/A
Education (Legacy),Entertaining,Canada,1,$2.10  ~ $4.24 ,N/A,N/A,N/A,N/A,N/A
Education (Legacy),Honeymoons/Getaways,United Kingdom,495,$7.14  ~ $8.15 ,$6.74 ,$92.61 ,0.12%,N/A,N/A
Education (Legacy),Honeymoons/Getaways,United States,"5,339",$8.43  ~ $8.81 ,$9.57 ,$50.10 ,0.09%,N/A,N/A
Education (Legacy),Honeymoons/Getaways,Canada,486,$8.40  ~ $10.02 ,$16.04 ,N/A,0.06%,N/A,N/A
Education (Legacy),Incontinence,United States,7,$2.36  ~ $2.38 ,$2.87 ,$25.51 ,0.08%,N/A,N/A
Education (Legacy),Incontinence,Canada,2,$6.05  ~ $15.10 ,N/A,N/A,N/A,N/A,N/A
Education (Legacy),Religion & Spirituality,United States,1,$2.43  ~ $5.60 ,N/A,N/A,N/A,N/A,N/A
Education (Legacy),Homework/Study Tips,United States,19,$2.22  ~ $4.97 ,$0.34 ,N/A,0.65%,N/A,N/A
Education (Legacy),Buying/Selling Homes,Canada,"2,320",$4.97  ~ $6.52 ,$8.87 ,$59.80 ,0.06%,N/A,N/A
Education (Legacy),Buying/Selling Homes,United Kingdom,"7,167",$5.43  ~ $6.90 ,$10.92 ,$68.14 ,0.05%,N/A,N/A
Education (Legacy),Buying/Selling Homes,United States,"7,006",$6.94  ~ $7.54 ,$8.34 ,$76.14 ,0.08%,N/A,N/A
Education (Legacy),Logistics,United States,"12,067",$10.01  ~ $10.60 ,$12.04 ,$145.34 ,0.08%,N/A,N/A
Education (Legacy),Logistics,Canada,"2,106",$6.53  ~ $6.62 ,$5.23 ,N/A,0.13%,N/A,N/A
Education (Legacy),Logistics,United Kingdom,285,$6.02  ~ $9.00 ,$13.12 ,$268.41 ,0.07%,N/A,N/A
Education (Legacy),Logistics,Mexico,8,$1.13  ~ $5.84 ,$7.67 ,N/A,0.08%,N/A,N/A
Education (Legacy),Style & Fashion,United States,801,$4.17  ~ $7.86 ,$8.58 ,N/A,0.09%,N/A,N/A
Education (Legacy),Jewelry,Canada,351,$4.15  ~ $4.20 ,$3.19 ,$7.88 ,0.13%,N/A,N/A
Education (Legacy),Jewelry,United States,"62,622",$1.76  ~ $7.14 ,$0.73 ,$9.77 ,0.24%,N/A,N/A
Education (Legacy),Business,Canada,"1,909",$6.10  ~ $9.12 ,$11.95 ,$342.85 ,0.05%,N/A,N/A
Education (Legacy),Business,Mexico,3,$5.86  ~ $6.54 ,$2.72 ,$13.88 ,0.24%,N/A,N/A
Education (Legacy),Business,United States,"87,783",$7.61  ~ $7.63 ,$13.19 ,$118.80 ,0.06%,N/A,N/A
Education (Legacy),Business,United Kingdom,"4,106",$5.31  ~ $6.15 ,$8.36 ,$38.68 ,0.07%,N/A,N/A
Education (Legacy),Interior Decorating,United States,"15,625",$6.52  ~ $6.72 ,$8.36 ,$35.15 ,0.08%,N/A,N/A
Education (Legacy),Interior Decorating,United Kingdom,137,$6.30  ~ $6.71 ,$6.62 ,N/A,0.10%,N/A,N/A
Education (Legacy),Interior Decorating,Canada,"2,597",$4.70  ~ $8.65 ,$13.56 ,$74.01 ,0.06%,N/A,N/A
Education (Legacy),Landscaping,Canada,35,$2.08  ~ $4.18 ,N/A,N/A,N/A,N/A,N/A
Education (Legacy),Landscaping,United States,427,$4.35  ~ $5.34 ,$12.55 ,N/A,0.04%,N/A,N/A
Education (Legacy),Government,Canada,49,$9.88  ~ $10.38 ,$7.61 ,N/A,0.14%,N/A,N/A
Education (Legacy),Government,United States,360,$8.16  ~ $8.39 ,$14.42 ,N/A,0.06%,N/A,N/A
Education (Legacy),Football,Canada,"1,751",$4.85  ~ $5.67 ,$7.74 ,$18.34 ,0.07%,N/A,N/A
Education (Legacy),Football,United States,"4,059",$6.25  ~ $8.31 ,$9.38 ,$138.30 ,0.07%,N/A,N/A
Education (Legacy),Home & Garden,United States,"27,152",$6.13  ~ $6.76 ,$8.05 ,$60.29 ,0.08%,N/A,N/A
Education (Legacy),Home & Garden,Canada,"1,420",$2.85  ~ $4.82 ,$7.94 ,N/A,0.06%,N/A,N/A
Education (Legacy),Home & Garden,United Kingdom,385,$6.27  ~ $6.70 ,$11.57 ,$122.98 ,0.06%,N/A,N/A
Education (Legacy),Automotive,Canada,348,$8.10  ~ $9.05 ,$17.06 ,N/A,0.05%,N/A,N/A
Education (Legacy),Automotive,United States,"30,755",$7.77  ~ $9.47 ,$13.95 ,$86.83 ,0.06%,N/A,N/A
Education (Legacy),Automotive,United Kingdom,173,$7.26  ~ $12.03 ,$68.23 ,N/A,0.02%,N/A,N/A
Education (Legacy),Cancer,United States,"2,120",$10.93  ~ $15.29 ,$23.25 ,$216.99 ,0.07%,N/A,N/A
Education (Legacy),Cancer,United Kingdom,6,$6.34  ~ $6.34 ,$12.16 ,N/A,0.05%,N/A,N/A
Education (Legacy),Dental Care,United States,421,$3.17  ~ $3.30 ,$6.18 ,N/A,0.05%,N/A,N/A
Education (Legacy),Dental Care,Canada,28,$2.17  ~ $5.37 ,$0.74 ,N/A,0.29%,N/A,N/A
Education (Legacy),Remodeling & Construction,Canada,69,$2.37  ~ $5.51 ,$4.11 ,N/A,0.06%,N/A,N/A
Education (Legacy),Remodeling & Construction,United States,"52,089",$4.04  ~ $4.36 ,$6.35 ,$31.13 ,0.07%,N/A,N/A
Education (Legacy),Books & Literature,United States,879,$6.06  ~ $6.10 ,$1.04 ,$34.43 ,0.58%,N/A,N/A
Education (Legacy),Books & Literature,Canada,91,$5.96  ~ $5.96 ,$3.63 ,N/A,0.16%,N/A,N/A
Education (Legacy),Books & Literature,United Kingdom,"1,992",$5.96  ~ $5.96 ,$2.35 ,$70.45 ,0.25%,N/A,N/A
Education (Legacy),Radio,United States,254,$5.84  ~ $6.45 ,$8.68 ,N/A,0.07%,N/A,N/A
Education (Legacy),Legal Issues,Canada,"9,856",$5.96  ~ $6.36 ,$6.88 ,$59.32 ,0.09%,N/A,N/A
Education (Legacy),Legal Issues,United States,"60,976",$7.75  ~ $9.08 ,$11.07 ,$54.39 ,0.07%,N/A,N/A
Education (Legacy),Legal Issues,United Kingdom,"1,641",$4.87  ~ $5.06 ,$6.62 ,$37.22 ,0.08%,N/A,N/A
Education (Legacy),Biotech/Biomedical,United States,"13,447",$8.46  ~ $20.59 ,$9.46 ,$97.07 ,0.09%,N/A,N/A
Education (Legacy),Biotech/Biomedical,Canada,"1,559",$6.87  ~ $7.23 ,$6.64 ,$81.24 ,0.10%,N/A,N/A
Education (Legacy),Biotech/Biomedical,Ireland,1,$6.76  ~ $12.62 ,$26.56 ,N/A,0.05%,N/A,N/A
Education (Legacy),Biotech/Biomedical,United Kingdom,18,$7.08  ~ $11.62 ,$15.29 ,N/A,0.08%,N/A,N/A
Education (Legacy),Job Search,United States,"7,038",$8.76  ~ $8.86 ,$15.22 ,$75.02 ,0.06%,N/A,N/A
Education (Legacy),Job Search,Canada,59,$4.62  ~ $4.95 ,N/A,N/A,N/A,N/A,N/A
Education (Legacy),Job Search,United Kingdom,3,$7.38  ~ $15.81 ,$2.44 ,$5.81 ,0.30%,N/A,N/A
Education (Legacy),U.S. Government Resources,United States,94,$6.35  ~ $6.67 ,$16.84 ,N/A,0.04%,N/A,N/A
Education (Legacy),Investing,Canada,9,$8.28  ~ $8.28 ,N/A,N/A,N/A,N/A,N/A
Education (Legacy),Investing,United Kingdom,158,$5.96  ~ $6.04 ,$16.49 ,N/A,0.04%,N/A,N/A
Education (Legacy),Investing,United States,"5,948",$6.90  ~ $7.19 ,$11.11 ,$45.19 ,0.06%,N/A,N/A
Education (Legacy),Real Estate,United Kingdom,"1,666",$5.54  ~ $6.97 ,$6.89 ,$49.99 ,0.08%,N/A,N/A
Education (Legacy),Real Estate,United States,"7,811",$6.67  ~ $7.01 ,$8.20 ,$38.29 ,0.08%,N/A,N/A
Education (Legacy),Real Estate,Canada,221,$4.63  ~ $5.42 ,$5.18 ,$46.01 ,0.10%,N/A,N/A
Education (Legacy),Art/Technology,United States,"16,266",$6.65  ~ $6.67 ,$13.19 ,N/A,0.05%,N/A,N/A
Education (Legacy),Art/Technology,Canada,24,$6.50  ~ $7.08 ,N/A,N/A,N/A,N/A,N/A
Education (Legacy),Art/Technology,United Kingdom,324,$2.69  ~ $2.69 ,N/A,N/A,N/A,N/A,N/A
Education (Legacy),Bed & Breakfasts,United States,"17,448",$0.79  ~ $3.62 ,$3.18 ,$43.77 ,0.11%,N/A,N/A
Education (Legacy),Bed & Breakfasts,United Kingdom,88,$9.00  ~ $9.01 ,$10.84 ,N/A,0.08%,N/A,N/A
Education (Legacy),Bed & Breakfasts,Canada,"2,094",$0.27  ~ $0.27 ,$0.73 ,N/A,0.04%,N/A,N/A
Education (Legacy),Daycare/Pre School,United States,29,$2.01  ~ $3.38 ,N/A,N/A,N/A,N/A,N/A
Education (Legacy),Daycare/Pre School,Canada,2,$2.33  ~ $4.74 ,N/A,N/A,N/A,N/A,N/A
Education (Legacy),Stamps & Coins,United States,7,$3.54  ~ $7.32 ,N/A,N/A,N/A,N/A,N/A
Education (Legacy),By US Locale,United States,2,$12.73  ~ $29.71 ,N/A,N/A,N/A,N/A,N/A
Education (Legacy),Appliances,United States,"20,665",$7.67  ~ $8.13 ,$11.59 ,$85.46 ,0.07%,N/A,N/A
Education (Legacy),Appliances,Canada,360,$7.64  ~ $8.52 ,$4.56 ,N/A,0.17%,N/A,N/A
Education (Legacy),Appliances,United Kingdom,53,$6.62  ~ $6.74 ,$8.43 ,N/A,0.08%,N/A,N/A
Education (Legacy),Infertility,United States,"1,342",$4.06  ~ $6.57 ,$28.72 ,N/A,0.02%,N/A,N/A
Education (Legacy),Cigars,United States,"20,763",$6.72  ~ $6.79 ,$12.18 ,$144.14 ,0.06%,N/A,N/A
Education (Legacy),Cigars,United Kingdom,"6,329",$3.17  ~ $15.67 ,$7.46 ,$49.71 ,0.04%,N/A,N/A
Education (Legacy),Cigars,Canada,291,$4.40  ~ $4.40 ,$8.34 ,N/A,0.05%,N/A,N/A
Education (Legacy),Cuisine-Specific,United States,424,$1.51  ~ $1.51 ,$1.77 ,N/A,0.09%,N/A,N/A
Education (Legacy),Arts & Crafts,Canada,7,$1.77  ~ $4.31 ,N/A,N/A,N/A,N/A,N/A
Education (Legacy),Arts & Crafts,United States,"23,320",$3.43  ~ $7.84 ,$4.90 ,$103.94 ,0.07%,N/A,N/A
Education (Legacy),Comparison,United States,19,$4.03  ~ $8.65 ,$7.03 ,N/A,0.06%,N/A,N/A
Education (Legacy),Auto Parts,United States,"2,382",$6.56  ~ $6.65 ,$13.87 ,N/A,0.05%,N/A,N/A
Education (Legacy),Auto Parts,Canada,6,$5.43  ~ $11.33 ,$9.13 ,N/A,0.06%,N/A,N/A
Education (Legacy),Auto Parts,United Kingdom,90,$7.39  ~ $7.39 ,$15.67 ,N/A,0.05%,N/A,N/A
Education (Legacy),Cocktails/Beer,United Kingdom,264,$0.00  ~ $0.00 ,N/A,N/A,N/A,N/A,N/A
Education (Legacy),Weight Loss,Canada,2,$0.00  ~ $0.00 ,N/A,N/A,N/A,N/A,N/A
Family & Parenting (Legacy),Cigars,United States,"5,526",$7.26  ~ $7.32 ,$8.30 ,$57.79 ,0.09%,N/A,N/A
Family & Parenting (Legacy),Cigars,United Kingdom,"4,939",$3.41  ~ $15.60 ,$5.28 ,$53.41 ,0.06%,N/A,N/A
Family & Parenting (Legacy),Cigars,Canada,27,$3.52  ~ $3.52 ,$4.99 ,N/A,0.07%,N/A,N/A
Family & Parenting (Legacy),Food & Drink,United States,"2,883",$5.34  ~ $5.49 ,$4.35 ,$21.15 ,0.13%,N/A,N/A
Family & Parenting (Legacy),Food & Drink,Canada,105,$5.35  ~ $11.67 ,$2.40 ,$25.89 ,0.22%,N/A,N/A
Family & Parenting (Legacy),Dermatology,Canada,37,$2.90  ~ $6.58 ,$0.83 ,N/A,0.35%,N/A,N/A
Family & Parenting (Legacy),Dermatology,United States,109,$6.25  ~ $6.31 ,$6.96 ,N/A,0.09%,N/A,N/A
Family & Parenting (Legacy),Gardening,United States,"9,083",$4.51  ~ $7.13 ,$4.59 ,$51.22 ,0.10%,N/A,N/A
Family & Parenting (Legacy),Gardening,United Kingdom,"3,174",$0.00  ~ $1.95 ,$1.27 ,$13.14 ,0.15%,N/A,N/A
Family & Parenting (Legacy),Gardening,Canada,"2,604",$3.24  ~ $5.04 ,$4.27 ,$12.19 ,0.12%,N/A,N/A
Family & Parenting (Legacy),Home & Garden,United States,"19,280",$5.94  ~ $6.60 ,$5.04 ,$23.69 ,0.12%,N/A,N/A
Family & Parenting (Legacy),Home & Garden,Canada,"7,647",$2.90  ~ $4.57 ,$3.54 ,$131.65 ,0.13%,N/A,N/A
Family & Parenting (Legacy),Home & Garden,United Kingdom,922,$7.00  ~ $7.13 ,$6.80 ,$137.47 ,0.10%,N/A,N/A
Family & Parenting (Legacy),Human Resources,United Kingdom,"5,883",$6.28  ~ $9.58 ,$4.75 ,$122.83 ,0.13%,N/A,N/A
Family & Parenting (Legacy),Human Resources,Mexico,236,$1.69  ~ $1.93 ,$0.95 ,N/A,0.20%,N/A,N/A
Family & Parenting (Legacy),Human Resources,United States,"8,991",$9.00  ~ $11.32 ,$10.33 ,$69.37 ,0.09%,N/A,N/A
Family & Parenting (Legacy),Human Resources,Canada,"3,051",$6.52  ~ $6.82 ,$5.88 ,$129.97 ,0.12%,N/A,N/A
Family & Parenting (Legacy),Cancer,United Kingdom,120,$6.65  ~ $6.65 ,$6.15 ,N/A,0.11%,N/A,N/A
Family & Parenting (Legacy),Cancer,United States,"6,835",$10.99  ~ $14.32 ,$13.61 ,$119.33 ,0.11%,N/A,N/A
Family & Parenting (Legacy),Cancer,Canada,50,$16.27  ~ $16.27 ,N/A,N/A,N/A,N/A,N/A
Family & Parenting (Legacy),Martial Arts,United States,21,$3.36  ~ $6.81 ,$1.87 ,N/A,0.18%,N/A,N/A
Family & Parenting (Legacy),Martial Arts,Canada,19,$2.11  ~ $4.93 ,N/A,N/A,N/A,N/A,N/A
Family & Parenting (Legacy),Radio,United States,173,$5.98  ~ $6.34 ,$4.26 ,N/A,0.15%,N/A,N/A
Family & Parenting (Legacy),Commentary,United States,272,$14.11  ~ $16.75 ,$29.89 ,N/A,0.06%,N/A,N/A
Family & Parenting (Legacy),Antivirus Software,Canada,214,$9.53  ~ $9.53 ,$3.40 ,$22.10 ,0.28%,N/A,N/A
Family & Parenting (Legacy),Antivirus Software,United States,"1,594",$9.63  ~ $9.63 ,$3.50 ,$29.75 ,0.28%,N/A,N/A
Family & Parenting (Legacy),Trucks & Accessories,United States,"3,505",$5.07  ~ $5.33 ,$7.04 ,$43.63 ,0.08%,N/A,N/A
Family & Parenting (Legacy),Health & Fitness,Canada,"5,924",$4.68  ~ $7.73 ,$2.22 ,$34.87 ,0.21%,N/A,N/A
Family & Parenting (Legacy),Health & Fitness,United States,"67,596",$8.24  ~ $8.67 ,$5.74 ,$39.72 ,0.14%,N/A,N/A
Family & Parenting (Legacy),Health & Fitness,United Kingdom,"3,673",$5.62  ~ $6.03 ,$4.52 ,$71.04 ,0.13%,N/A,N/A
Family & Parenting (Legacy),Health & Fitness,Ireland,14,$1.17  ~ $1.46 ,$1.74 ,N/A,0.08%,N/A,N/A
Family & Parenting (Legacy),Cold & Flu,Canada,24,$2.21  ~ $4.76 ,$0.48 ,N/A,0.47%,N/A,N/A
Family & Parenting (Legacy),Cold & Flu,United States,"2,089",$8.34  ~ $10.40 ,$4.62 ,N/A,0.23%,N/A,N/A
Family & Parenting (Legacy),Cold & Flu,United Kingdom,960,$9.89  ~ $24.29 ,$39.12 ,N/A,0.03%,N/A,N/A
Family & Parenting (Legacy),Style & Fashion,United States,95,$4.17  ~ $8.13 ,$4.49 ,$35.85 ,0.18%,N/A,N/A
Family & Parenting (Legacy),Alternative Medicine,United States,500,$8.94  ~ $13.66 ,$13.71 ,N/A,0.10%,N/A,N/A
Family & Parenting (Legacy),Alternative Medicine,Canada,95,$1.85  ~ $2.15 ,$5.29 ,N/A,0.04%,N/A,N/A
Family & Parenting (Legacy),Alternative Medicine,United Kingdom,40,$5.42  ~ $5.42 ,$7.75 ,N/A,0.07%,N/A,N/A
Family & Parenting (Legacy),Hobbies & Interests,Canada,102,$6.72  ~ $15.25 ,N/A,N/A,N/A,N/A,N/A
Family & Parenting (Legacy),Hobbies & Interests,United States,"19,401",$7.80  ~ $8.07 ,$7.63 ,$36.53 ,0.11%,N/A,N/A
Family & Parenting (Legacy),Hobbies & Interests,United Kingdom,"1,378",$2.41  ~ $2.41 ,$6.89 ,N/A,0.03%,N/A,N/A
Family & Parenting (Legacy),Movies,United States,161,$6.24  ~ $6.27 ,$5.54 ,$70.65 ,0.11%,N/A,N/A
Family & Parenting (Legacy),Architects,United Kingdom,1,$7.28  ~ $7.28 ,N/A,N/A,N/A,N/A,N/A
Family & Parenting (Legacy),Landscaping,United States,510,$4.81  ~ $5.33 ,$13.14 ,N/A,0.04%,N/A,N/A
Family & Parenting (Legacy),Landscaping,Canada,153,$2.08  ~ $4.18 ,$2.15 ,N/A,0.10%,N/A,N/A
Family & Parenting (Legacy),News,United States,"1,388",$9.35  ~ $15.30 ,$9.09 ,$70.11 ,0.10%,N/A,N/A
Family & Parenting (Legacy),News,United Kingdom,1,$12.85  ~ $12.85 ,$15.86 ,N/A,0.08%,N/A,N/A
Family & Parenting (Legacy),News,Canada,2,$6.07  ~ $14.63 ,$9.28 ,N/A,0.07%,N/A,N/A
Family & Parenting (Legacy),Football,Canada,"4,787",$4.86  ~ $5.71 ,$4.58 ,$13.21 ,0.12%,N/A,N/A
Family & Parenting (Legacy),Football,United States,"1,325",$5.94  ~ $8.70 ,$5.05 ,$31.36 ,0.12%,N/A,N/A
Family & Parenting (Legacy),Pro Basketball,Canada,73,$3.17  ~ $12.60 ,$3.01 ,$9.54 ,0.11%,N/A,N/A
Family & Parenting (Legacy),Pro Basketball,United States,633,$7.69  ~ $8.65 ,$5.23 ,$58.64 ,0.15%,N/A,N/A
Family & Parenting (Legacy),Pro Basketball,United Kingdom,"3,536",$6.84  ~ $8.19 ,$15.81 ,N/A,0.05%,N/A,N/A
Family & Parenting (Legacy),Physical Therapy,United States,339,$10.58  ~ $15.92 ,$4.85 ,N/A,0.22%,N/A,N/A
Family & Parenting (Legacy),Physical Therapy,Canada,124,$2.98  ~ $6.31 ,$2.73 ,N/A,0.11%,N/A,N/A
Family & Parenting (Legacy),Physical Therapy,United Kingdom,39,$6.38  ~ $6.38 ,$6.99 ,N/A,0.09%,N/A,N/A
Family & Parenting (Legacy),Cocktails/Beer,Canada,"3,444",$8.39  ~ $8.69 ,$3.17 ,$17.23 ,0.26%,N/A,N/A
Family & Parenting (Legacy),Cocktails/Beer,United States,"3,602",$7.05  ~ $8.07 ,$5.70 ,$52.96 ,0.12%,N/A,N/A
Family & Parenting (Legacy),Roleplaying Games,United States,39,$2.17  ~ $4.66 ,N/A,N/A,N/A,N/A,N/A
Family & Parenting (Legacy),Weddings,United States,370,$6.43  ~ $6.60 ,$4.25 ,N/A,0.15%,N/A,N/A
Family & Parenting (Legacy),Weddings,Canada,5,$2.17  ~ $5.37 ,N/A,N/A,N/A,N/A,N/A
Family & Parenting (Legacy),Collecting,United States,178,$5.22  ~ $8.15 ,$9.35 ,N/A,0.09%,N/A,N/A
Family & Parenting (Legacy),Collecting,Canada,53,$2.13  ~ $4.37 ,N/A,N/A,N/A,N/A,N/A
Family & Parenting (Legacy),Auto Repair,Canada,"6,092",$5.99  ~ $6.18 ,$9.56 ,N/A,0.06%,N/A,N/A
Family & Parenting (Legacy),Auto Repair,United States,"2,277",$6.16  ~ $7.39 ,$5.73 ,$64.86 ,0.13%,N/A,N/A
Family & Parenting (Legacy),Business Software,United States,"15,046",$10.01  ~ $10.18 ,$7.87 ,$79.48 ,0.13%,N/A,N/A
Family & Parenting (Legacy),Business Software,Canada,"2,895",$8.36  ~ $8.44 ,$4.24 ,$86.35 ,0.20%,N/A,N/A
Family & Parenting (Legacy),Business Software,United Kingdom,"3,417",$12.99  ~ $13.62 ,$10.13 ,$130.35 ,0.13%,N/A,N/A
Family & Parenting (Legacy),Distance Learning,United States,507,$9.79  ~ $10.30 ,$14.30 ,$157.05 ,0.07%,N/A,N/A
Family & Parenting (Legacy),Electric Vehicle,United States,1,$2.05  ~ $4.89 ,N/A,N/A,N/A,N/A,N/A
Family & Parenting (Legacy),Electric Vehicle,Canada,886,$4.67  ~ $10.05 ,$1.72 ,$43.30 ,0.27%,N/A,N/A
Family & Parenting (Legacy),Adventure Travel,United States,889,$3.36  ~ $14.45 ,$5.43 ,$24.39 ,0.06%,N/A,N/A
Family & Parenting (Legacy),Stocks,United States,1,$10.43  ~ $10.43 ,N/A,N/A,N/A,N/A,N/A
Family & Parenting (Legacy),Scholarships,United States,2,$8.54  ~ $8.54 ,N/A,N/A,N/A,N/A,N/A
Family & Parenting (Legacy),Hotels,United Kingdom,371,$4.16  ~ $4.46 ,$5.66 ,$33.32 ,0.08%,N/A,N/A
Family & Parenting (Legacy),Hotels,United States,"8,448",$5.91  ~ $6.59 ,$6.69 ,$36.71 ,0.10%,N/A,N/A
Family & Parenting (Legacy),Hotels,Canada,233,$4.05  ~ $4.06 ,$1.26 ,$48.35 ,0.32%,N/A,N/A
Family & Parenting (Legacy),Agriculture,Canada,189,$4.11  ~ $9.64 ,$3.89 ,$14.59 ,0.11%,N/A,N/A
Family & Parenting (Legacy),Agriculture,United States,273,$3.37  ~ $3.79 ,$1.88 ,$26.97 ,0.18%,N/A,N/A
Family & Parenting (Legacy),Career Planning,United States,"1,032",$7.91  ~ $8.10 ,$6.90 ,$51.40 ,0.12%,N/A,N/A
Family & Parenting (Legacy),Career Planning,Canada,827,$7.75  ~ $8.41 ,$4.84 ,N/A,0.16%,N/A,N/A
Family & Parenting (Legacy),Career Planning,United Kingdom,2,$8.46  ~ $8.53 ,$13.63 ,N/A,0.06%,N/A,N/A
Family & Parenting (Legacy),Job Search,United States,"4,364",$8.45  ~ $8.56 ,$8.22 ,$40.66 ,0.10%,N/A,N/A
Family & Parenting (Legacy),Job Search,Canada,7,$3.85  ~ $4.65 ,$1.25 ,N/A,0.31%,N/A,N/A
Family & Parenting (Legacy),Job Search,United Kingdom,2,$7.54  ~ $18.51 ,$2.85 ,$13.74 ,0.27%,N/A,N/A
Family & Parenting (Legacy),Family & Parenting,United Kingdom,577,$6.96  ~ $7.72 ,$10.99 ,$92.36 ,0.06%,N/A,N/A
Family & Parenting (Legacy),Family & Parenting,United States,"3,248",$7.60  ~ $8.22 ,$3.75 ,$23.83 ,0.20%,N/A,N/A
Family & Parenting (Legacy),Family & Parenting,Canada,667,$2.63  ~ $3.66 ,$1.20 ,$5.72 ,0.22%,N/A,N/A
Family & Parenting (Legacy),Exercise,United Kingdom,945,$5.00  ~ $7.59 ,$4.52 ,$69.33 ,0.11%,N/A,N/A
Family & Parenting (Legacy),Exercise,United States,"1,286",$5.12  ~ $5.36 ,$6.75 ,$59.56 ,0.08%,N/A,N/A
Family & Parenting (Legacy),Exercise,Canada,311,$2.96  ~ $3.94 ,$2.78 ,N/A,0.11%,N/A,N/A
Family & Parenting (Legacy),Certified Pre-Owned,Canada,48,$2.19  ~ $4.24 ,N/A,N/A,N/A,N/A,N/A
Family & Parenting (Legacy),Certified Pre-Owned,United States,28,$12.49  ~ $13.66 ,$1.54 ,$18.14 ,0.81%,N/A,N/A
Family & Parenting (Legacy),Chronic Pain,United States,93,$12.35  ~ $12.45 ,$21.54 ,N/A,0.06%,N/A,N/A
Family & Parenting (Legacy),Computer Networking,United States,"1,865",$3.11  ~ $7.59 ,$1.31 ,$15.98 ,0.24%,N/A,N/A
Family & Parenting (Legacy),Weight Loss,United States,590,$3.79  ~ $3.98 ,$8.85 ,N/A,0.04%,N/A,N/A
Family & Parenting (Legacy),Weight Loss,Mexico,"4,446",$1.40  ~ $3.31 ,$1.07 ,N/A,0.13%,N/A,N/A
Family & Parenting (Legacy),Weight Loss,United Kingdom,"3,488",$8.13  ~ $8.18 ,$14.50 ,$362.59 ,0.06%,N/A,N/A
Family & Parenting (Legacy),Retirement Planning,United States,54,$7.90  ~ $21.26 ,$20.98 ,N/A,0.10%,N/A,N/A
Family & Parenting (Legacy),Retirement Planning,United Kingdom,6,$5.98  ~ $13.75 ,$4.86 ,N/A,0.12%,N/A,N/A
Family & Parenting (Legacy),Retirement Planning,Canada,2,$3.44  ~ $8.21 ,N/A,N/A,N/A,N/A,N/A
Family & Parenting (Legacy),Incest/Abuse Support,United States,"2,906",$7.35  ~ $9.91 ,$6.21 ,$81.43 ,0.12%,N/A,N/A
Family & Parenting (Legacy),Incest/Abuse Support,Canada,221,$5.59  ~ $7.44 ,$4.83 ,$6.23 ,0.12%,N/A,N/A
Family & Parenting (Legacy),Local News,United States,21,$8.80  ~ $18.75 ,$22.40 ,N/A,0.04%,N/A,N/A
Family & Parenting (Legacy),Swimming,United States,106,$2.16  ~ $9.06 ,$19.44 ,$85.17 ,0.05%,N/A,N/A
Family & Parenting (Legacy),Financial Aid,United States,106,$7.56  ~ $7.88 ,$15.40 ,N/A,0.05%,N/A,N/A
Family & Parenting (Legacy),Interior Decorating,United States,"9,398",$7.03  ~ $7.37 ,$6.70 ,$28.85 ,0.11%,N/A,N/A
Family & Parenting (Legacy),Interior Decorating,United Kingdom,"2,004",$5.04  ~ $5.16 ,$9.90 ,$60.23 ,0.05%,N/A,N/A
Family & Parenting (Legacy),Interior Decorating,Canada,"7,362",$4.30  ~ $7.86 ,$4.40 ,$25.34 ,0.18%,N/A,N/A
Family & Parenting (Legacy),Metals,Canada,"6,794",$5.01  ~ $9.79 ,$4.13 ,$54.42 ,0.12%,N/A,N/A
Family & Parenting (Legacy),Metals,United States,"14,886",$6.60  ~ $7.84 ,$6.59 ,$52.89 ,0.12%,N/A,N/A
Family & Parenting (Legacy),Metals,United Kingdom,63,$8.07  ~ $8.13 ,$5.93 ,N/A,0.14%,N/A,N/A
Family & Parenting (Legacy),Metals,Mexico,6,$1.23  ~ $2.82 ,$2.89 ,N/A,0.10%,N/A,N/A
Family & Parenting (Legacy),Construction,United States,"1,104",$4.71  ~ $7.58 ,$2.46 ,$23.20 ,0.19%,N/A,N/A
Family & Parenting (Legacy),Construction,Canada,184,$4.82  ~ $10.56 ,$3.91 ,N/A,0.12%,N/A,N/A
Family & Parenting (Legacy),Construction,United Kingdom,95,$7.22  ~ $8.82 ,$2.33 ,N/A,0.31%,N/A,N/A
Family & Parenting (Legacy),Adult Education,United States,186,$3.43  ~ $8.57 ,$9.29 ,$23.55 ,0.09%,N/A,N/A
Family & Parenting (Legacy),Adult Education,Canada,13,$4.11  ~ $6.83 ,N/A,N/A,N/A,N/A,N/A
Family & Parenting (Legacy),Adult Education,United Kingdom,67,$7.42  ~ $8.97 ,$6.31 ,$16.96 ,0.14%,N/A,N/A
Family & Parenting (Legacy),Motorcycles,United States,"7,673",$4.47  ~ $8.06 ,$5.23 ,$29.87 ,0.09%,N/A,N/A
Family & Parenting (Legacy),Motorcycles,Canada,104,$4.87  ~ $11.30 ,$1.79 ,$17.47 ,0.27%,N/A,N/A
Family & Parenting (Legacy),Road-Side Assistance,Mexico,"1,646",$4.39  ~ $9.45 ,$7.02 ,N/A,0.06%,N/A,N/A
Family & Parenting (Legacy),Road-Side Assistance,United Kingdom,69,$10.03  ~ $24.67 ,$7.76 ,N/A,0.13%,N/A,N/A
Family & Parenting (Legacy),Road-Side Assistance,United States,11,$2.51  ~ $5.43 ,N/A,N/A,N/A,N/A,N/A
Family & Parenting (Legacy),Road-Side Assistance,Canada,2,$2.24  ~ $5.37 ,$0.37 ,N/A,0.60%,N/A,N/A
Family & Parenting (Legacy),Travel,United Kingdom,"6,443",$4.82  ~ $5.08 ,$4.79 ,$27.91 ,0.11%,N/A,N/A
Family & Parenting (Legacy),Travel,United States,"25,012",$4.78  ~ $5.26 ,$3.36 ,$31.15 ,0.16%,N/A,N/A
Family & Parenting (Legacy),Travel,Canada,36,$7.01  ~ $7.60 ,$3.34 ,N/A,0.23%,N/A,N/A
Family & Parenting (Legacy),Travel,Ireland,1,$4.55  ~ $4.69 ,$1.30 ,$3.80 ,0.36%,N/A,N/A
Family & Parenting (Legacy),Travel,Mexico,3,$8.18  ~ $8.26 ,$2.57 ,N/A,0.32%,N/A,N/A
Family & Parenting (Legacy),Dental Care,United States,456,$3.31  ~ $3.35 ,$4.45 ,N/A,0.08%,N/A,N/A
Family & Parenting (Legacy),Dental Care,Canada,300,$2.21  ~ $4.91 ,$0.86 ,N/A,0.26%,N/A,N/A
Family & Parenting (Legacy),Dental Care,United Kingdom,9,$16.51  ~ $36.77 ,$20.33 ,N/A,0.08%,N/A,N/A
Family & Parenting (Legacy),Horse Racing,Canada,64,$6.72  ~ $16.25 ,$8.47 ,$50.83 ,0.08%,N/A,N/A
Family & Parenting (Legacy),Entertainment,United States,64,$10.25  ~ $24.60 ,$13.14 ,N/A,0.08%,N/A,N/A
Family & Parenting (Legacy),Entertainment,Mexico,113,$0.93  ~ $2.05 ,$1.00 ,N/A,0.09%,N/A,N/A
Family & Parenting (Legacy),Air Travel,United States,"9,896",$5.72  ~ $6.00 ,$4.71 ,$45.09 ,0.13%,N/A,N/A
Family & Parenting (Legacy),Air Travel,United Kingdom,69,$6.82  ~ $16.56 ,$17.24 ,$86.19 ,0.04%,N/A,N/A
Family & Parenting (Legacy),Air Travel,Canada,166,$6.39  ~ $6.49 ,$2.99 ,N/A,0.21%,N/A,N/A
Family & Parenting (Legacy),Biotech/Biomedical,United States,"14,505",$9.45  ~ $20.56 ,$5.23 ,$75.97 ,0.18%,N/A,N/A
Family & Parenting (Legacy),Biotech/Biomedical,Canada,"1,710",$6.88  ~ $9.25 ,$3.81 ,$29.92 ,0.18%,N/A,N/A
Family & Parenting (Legacy),Biotech/Biomedical,Ireland,4,$6.76  ~ $7.15 ,N/A,N/A,N/A,N/A,N/A
Family & Parenting (Legacy),Biotech/Biomedical,United Kingdom,252,$7.16  ~ $7.34 ,$3.26 ,N/A,0.23%,N/A,N/A
Family & Parenting (Legacy),Desserts & Baking,Canada,172,$5.70  ~ $5.74 ,$2.10 ,N/A,0.27%,N/A,N/A
Family & Parenting (Legacy),Desserts & Baking,United States,214,$4.27  ~ $8.80 ,$13.58 ,$35.90 ,0.03%,N/A,N/A
Family & Parenting (Legacy),Birdwatching,United States,384,$4.07  ~ $7.71 ,$8.53 ,$113.55 ,0.09%,N/A,N/A
Family & Parenting (Legacy),Birdwatching,Canada,281,$10.39  ~ $22.04 ,$5.68 ,N/A,0.18%,N/A,N/A
Family & Parenting (Legacy),Fashion,United States,6,$8.19  ~ $19.62 ,$49.80 ,N/A,0.02%,N/A,N/A
Family & Parenting (Legacy),Dining Out,Canada,609,$6.62  ~ $7.53 ,$6.38 ,$13.00 ,0.10%,N/A,N/A
Family & Parenting (Legacy),Dining Out,United States,"4,992",$3.73  ~ $8.99 ,$4.86 ,$51.56 ,0.08%,N/A,N/A
Family & Parenting (Legacy),Dining Out,United Kingdom,741,$10.32  ~ $20.70 ,$8.27 ,$801.89 ,0.12%,N/A,N/A
Family & Parenting (Legacy),K-6 Educators,United States,"2,363",$6.00  ~ $9.20 ,$2.05 ,$22.89 ,0.29%,N/A,N/A
Family & Parenting (Legacy),K-6 Educators,Canada,39,$2.34  ~ $11.53 ,N/A,N/A,N/A,N/A,N/A
Family & Parenting (Legacy),K-6 Educators,United Kingdom,25,$6.27  ~ $7.04 ,$4.31 ,N/A,0.15%,N/A,N/A
Family & Parenting (Legacy),Sexuality,Canada,6,$2.78  ~ $6.36 ,$2.11 ,N/A,0.13%,N/A,N/A
Family & Parenting (Legacy),Sexuality,United States,"22,510",$5.43  ~ $6.89 ,$4.75 ,$36.56 ,0.11%,N/A,N/A
Family & Parenting (Legacy),Books & Literature,United States,79,$9.78  ~ $19.44 ,$15.16 ,N/A,0.13%,N/A,N/A
Family & Parenting (Legacy),Arts & Entertainment,Canada,"1,128",$4.24  ~ $6.52 ,$3.20 ,$28.48 ,0.13%,N/A,N/A
Family & Parenting (Legacy),Arts & Entertainment,United States,"9,438",$6.03  ~ $7.10 ,$6.71 ,$45.46 ,0.09%,N/A,N/A
Family & Parenting (Legacy),Arts & Entertainment,United Kingdom,859,$4.87  ~ $8.10 ,$8.98 ,$56.89 ,0.05%,N/A,N/A
Family & Parenting (Legacy),Buying/Selling Homes,United Kingdom,"2,748",$5.10  ~ $7.04 ,$5.77 ,$35.69 ,0.09%,N/A,N/A
Family & Parenting (Legacy),Buying/Selling Homes,United States,"7,125",$6.61  ~ $8.49 ,$5.45 ,$33.89 ,0.12%,N/A,N/A
Family & Parenting (Legacy),Buying/Selling Homes,Canada,"2,250",$6.27  ~ $6.56 ,$4.55 ,$28.43 ,0.14%,N/A,N/A
Family & Parenting (Legacy),Pediatrics,United States,352,$9.28  ~ $17.22 ,$8.63 ,N/A,0.11%,N/A,N/A
Family & Parenting (Legacy),Mountain Biking,United States,41,$6.69  ~ $6.76 ,$2.17 ,$5.97 ,0.31%,N/A,N/A
Family & Parenting (Legacy),Mountain Biking,Canada,210,$6.61  ~ $6.67 ,$1.33 ,$10.58 ,0.50%,N/A,N/A
Family & Parenting (Legacy),Careers,Canada,87,$2.73  ~ $2.75 ,$4.71 ,$42.18 ,0.06%,N/A,N/A
Family & Parenting (Legacy),Careers,United States,"4,710",$3.58  ~ $7.71 ,$5.28 ,$104.40 ,0.07%,N/A,N/A
Family & Parenting (Legacy),Careers,United Kingdom,538,$6.30  ~ $14.47 ,$6.04 ,$125.70 ,0.10%,N/A,N/A
Family & Parenting (Legacy),Infertility,United States,414,$4.08  ~ $6.86 ,$17.66 ,N/A,0.04%,N/A,N/A
Family & Parenting (Legacy),Investors & Patents,Canada,"3,082",$2.31  ~ $3.30 ,$2.73 ,N/A,0.08%,N/A,N/A
Family & Parenting (Legacy),Investors & Patents,United Kingdom,52,$8.56  ~ $18.24 ,$29.63 ,N/A,0.03%,N/A,N/A
Family & Parenting (Legacy),Investors & Patents,Mexico,8,$2.55  ~ $4.08 ,$4.14 ,$89.41 ,0.10%,N/A,N/A
Family & Parenting (Legacy),Investors & Patents,United States,"6,575",$8.40  ~ $8.55 ,$4.35 ,$37.81 ,0.19%,N/A,N/A
Family & Parenting (Legacy),Remodeling & Construction,Canada,438,$2.56  ~ $5.98 ,$1.55 ,N/A,0.16%,N/A,N/A
Family & Parenting (Legacy),Remodeling & Construction,United States,"27,186",$4.99  ~ $5.05 ,$5.03 ,$22.33 ,0.10%,N/A,N/A
Family & Parenting (Legacy),Daycare/Pre School,United States,31,$2.00  ~ $3.72 ,$2.78 ,N/A,0.13%,N/A,N/A
Family & Parenting (Legacy),Daycare/Pre School,Canada,2,$2.26  ~ $5.05 ,N/A,N/A,N/A,N/A,N/A
Family & Parenting (Legacy),Entertaining,Canada,23,$2.12  ~ $4.44 ,$0.23 ,N/A,0.91%,N/A,N/A
Family & Parenting (Legacy),Entertaining,United States,701,$3.00  ~ $5.32 ,$1.15 ,$13.10 ,0.26%,N/A,N/A
Family & Parenting (Legacy),Home Repair,Canada,"1,354",$4.61  ~ $4.72 ,$1.99 ,$23.09 ,0.24%,N/A,N/A
Family & Parenting (Legacy),Home Repair,United States,"9,959",$6.89  ~ $7.90 ,$6.01 ,$55.25 ,0.11%,N/A,N/A
Family & Parenting (Legacy),Home Repair,United Kingdom,"1,367",$6.50  ~ $8.67 ,$3.59 ,$38.71 ,0.18%,N/A,N/A
Family & Parenting (Legacy),Buying/Selling Cars,Canada,"4,761",$5.31  ~ $6.23 ,$6.39 ,$91.46 ,0.08%,N/A,N/A
Family & Parenting (Legacy),Buying/Selling Cars,United States,"4,426",$6.41  ~ $6.62 ,$3.91 ,$46.19 ,0.16%,N/A,N/A
Family & Parenting (Legacy),Buying/Selling Cars,United Kingdom,944,$7.77  ~ $10.04 ,$6.90 ,$50.89 ,0.15%,N/A,N/A
Family & Parenting (Legacy),Buying/Selling Cars,Mexico,1,$18.29  ~ $21.29 ,$12.57 ,N/A,0.15%,N/A,N/A
Family & Parenting (Legacy),Apartments,United Kingdom,"3,002",$6.90  ~ $7.17 ,$5.02 ,$43.96 ,0.14%,N/A,N/A
Family & Parenting (Legacy),Apartments,United States,630,$6.06  ~ $8.00 ,$3.04 ,$24.24 ,0.20%,N/A,N/A
Family & Parenting (Legacy),Apartments,Canada,"1,131",$2.46  ~ $6.38 ,$5.26 ,$104.96 ,0.12%,N/A,N/A
Family & Parenting (Legacy),By US Locale,United States,1,$12.85  ~ $29.06 ,$5.09 ,N/A,0.25%,N/A,N/A
Family & Parenting (Legacy),Advertising,Canada,"6,129",$7.46  ~ $8.63 ,$4.18 ,$49.47 ,0.18%,N/A,N/A
Family & Parenting (Legacy),Advertising,United Kingdom,"1,515",$7.72  ~ $8.48 ,$7.81 ,$54.55 ,0.11%,N/A,N/A
Family & Parenting (Legacy),Advertising,United States,"5,505",$9.12  ~ $10.27 ,$7.94 ,$58.04 ,0.13%,N/A,N/A
Family & Parenting (Legacy),Advertising,Mexico,3,$0.98  ~ $2.00 ,$5.04 ,N/A,0.04%,N/A,N/A
Family & Parenting (Legacy),Veterinary Medicine,United Kingdom,1,$1.13  ~ $2.30 ,N/A,N/A,N/A,N/A,N/A
Family & Parenting (Legacy),Veterinary Medicine,United States,80,$5.41  ~ $5.68 ,$12.40 ,N/A,0.04%,N/A,N/A
Family & Parenting (Legacy),Veterinary Medicine,Canada,14,$2.28  ~ $5.53 ,$1.30 ,N/A,0.17%,N/A,N/A
Family & Parenting (Legacy),Babies & Toddlers,United States,83,$9.06  ~ $9.63 ,$8.89 ,$35.04 ,0.10%,N/A,N/A
Family & Parenting (Legacy),Body Art,United States,6,$2.08  ~ $4.61 ,N/A,N/A,N/A,N/A,N/A
Family & Parenting (Legacy),Arthritis,United States,21,$5.41  ~ $5.89 ,$5.95 ,$26.76 ,0.09%,N/A,N/A
Family & Parenting (Legacy),Couponing,Canada,"1,465",$4.86  ~ $9.91 ,$2.72 ,$13.89 ,0.18%,N/A,N/A
Family & Parenting (Legacy),Couponing,United States,"6,952",$4.57  ~ $4.70 ,$4.17 ,$19.58 ,0.11%,N/A,N/A
Family & Parenting (Legacy),Appliances,United Kingdom,46,$6.69  ~ $6.82 ,$2.87 ,N/A,0.23%,N/A,N/A
Family & Parenting (Legacy),Appliances,United States,"7,686",$7.50  ~ $8.07 ,$6.01 ,$66.50 ,0.12%,N/A,N/A
Family & Parenting (Legacy),Appliances,Canada,934,$7.88  ~ $9.80 ,$5.83 ,N/A,0.14%,N/A,N/A
Family & Parenting (Legacy),Computer Peripherals,United States,"4,512",$7.14  ~ $13.00 ,$8.18 ,$39.19 ,0.16%,N/A,N/A
Family & Parenting (Legacy),Computer Peripherals,Canada,526,$4.20  ~ $5.58 ,$5.52 ,$21.91 ,0.10%,N/A,N/A
Family & Parenting (Legacy),Computer Peripherals,United Kingdom,211,$13.65  ~ $13.81 ,$3.73 ,$50.01 ,0.37%,N/A,N/A
Family & Parenting (Legacy),Real Estate,United Kingdom,"3,204",$4.94  ~ $6.83 ,$3.83 ,$31.53 ,0.13%,N/A,N/A
Family & Parenting (Legacy),Real Estate,United States,"6,357",$6.40  ~ $7.17 ,$3.92 ,$29.56 ,0.16%,N/A,N/A
Family & Parenting (Legacy),Real Estate,Canada,881,$4.61  ~ $5.05 ,$3.05 ,$21.35 ,0.17%,N/A,N/A
Family & Parenting (Legacy),Home Theater,United States,1,$2.23  ~ $4.63 ,N/A,N/A,N/A,N/A,N/A
Family & Parenting (Legacy),Insurance,Canada,946,$0.00  ~ $6.23 ,$17.49 ,$43.26 ,0.04%,N/A,N/A
Family & Parenting (Legacy),Insurance,United States,"16,251",$8.07  ~ $8.20 ,$4.38 ,$50.63 ,0.18%,N/A,N/A
Family & Parenting (Legacy),Insurance,United Kingdom,"5,950",$4.14  ~ $4.74 ,$3.94 ,$32.38 ,0.12%,N/A,N/A
Family & Parenting (Legacy),Automotive,Canada,321,$5.95  ~ $8.45 ,$1.65 ,$21.91 ,0.36%,N/A,N/A
Family & Parenting (Legacy),Automotive,United States,"16,315",$7.89  ~ $9.55 ,$5.19 ,$45.73 ,0.15%,N/A,N/A
Family & Parenting (Legacy),Automotive,United Kingdom,168,$7.28  ~ $11.88 ,$26.02 ,N/A,0.05%,N/A,N/A
Family & Parenting (Legacy),Green Solutions,Canada,"6,005",$4.12  ~ $5.33 ,$4.59 ,$25.64 ,0.12%,N/A,N/A
Family & Parenting (Legacy),Green Solutions,United States,"5,605",$7.07  ~ $7.64 ,$4.59 ,$46.45 ,0.15%,N/A,N/A
Family & Parenting (Legacy),Green Solutions,United Kingdom,13,$6.40  ~ $7.79 ,$2.63 ,N/A,0.24%,N/A,N/A
Family & Parenting (Legacy),Alternative Religions,United States,284,$8.03  ~ $8.24 ,$6.85 ,$58.50 ,0.12%,N/A,N/A
Family & Parenting (Legacy),Alternative Religions,United Kingdom,115,$5.36  ~ $12.73 ,$16.77 ,N/A,0.03%,N/A,N/A
Family & Parenting (Legacy),Catholicism,United States,75,$6.42  ~ $8.38 ,$8.32 ,$75.63 ,0.10%,N/A,N/A
Family & Parenting (Legacy),Thyroid Disease,United States,1,$32.16  ~ $67.06 ,$35.19 ,N/A,0.09%,N/A,N/A
Family & Parenting (Legacy),Senior Living,Canada,59,$3.53  ~ $6.79 ,$3.39 ,N/A,0.10%,N/A,N/A
Family & Parenting (Legacy),Senior Living,United States,914,$6.51  ~ $7.03 ,$5.44 ,$45.72 ,0.12%,N/A,N/A
Family & Parenting (Legacy),Senior Living,United Kingdom,50,$6.32  ~ $7.17 ,$7.18 ,$30.10 ,0.10%,N/A,N/A
Family & Parenting (Legacy),Government,United States,584,$8.07  ~ $8.08 ,$6.09 ,N/A,0.13%,N/A,N/A
Family & Parenting (Legacy),Government,Canada,5,$10.59  ~ $10.61 ,$7.74 ,N/A,0.14%,N/A,N/A
Family & Parenting (Legacy),Celebrity Fan/Gossip,United States,4,$6.74  ~ $15.39 ,$0.53 ,N/A,1.28%,N/A,N/A
Family & Parenting (Legacy),Video & Computer Games,United States,41,$0.00  ~ $2.62 ,$0.52 ,N/A,0.50%,N/A,N/A
Family & Parenting (Legacy),Camping,United States,3,$4.04  ~ $8.50 ,N/A,N/A,N/A,N/A,N/A
Family & Parenting (Legacy),Television,United Kingdom,594,$6.95  ~ $7.05 ,$1.94 ,$23.39 ,0.36%,N/A,N/A
Family & Parenting (Legacy),Television,Canada,5,$7.28  ~ $16.14 ,$1.67 ,$28.05 ,0.43%,N/A,N/A
Family & Parenting (Legacy),Television,United States,8,$14.57  ~ $32.64 ,$5.96 ,$14.85 ,0.24%,N/A,N/A
Family & Parenting (Legacy),Television,Ireland,1,$13.50  ~ $16.01 ,$6.32 ,N/A,0.25%,N/A,N/A
Family & Parenting (Legacy),Cameras & Camcorders,Canada,10,$6.67  ~ $13.83 ,N/A,N/A,N/A,N/A,N/A
Family & Parenting (Legacy),Cameras & Camcorders,United States,4,$6.40  ~ $6.71 ,N/A,N/A,N/A,N/A,N/A
Family & Parenting (Legacy),Art/Technology,Canada,227,$6.86  ~ $7.42 ,$2.35 ,$9.08 ,0.29%,N/A,N/A
Family & Parenting (Legacy),Art/Technology,United Kingdom,361,$1.85  ~ $1.85 ,$3.92 ,N/A,0.05%,N/A,N/A
Family & Parenting (Legacy),Art/Technology,United States,"5,502",$6.73  ~ $6.75 ,$9.89 ,$166.35 ,0.07%,N/A,N/A
Family & Parenting (Legacy),Off-Road Vehicles,Canada,2,$6.25  ~ $13.55 ,$3.50 ,N/A,0.18%,N/A,N/A
Family & Parenting (Legacy),Off-Road Vehicles,United States,60,$5.99  ~ $6.81 ,$5.66 ,N/A,0.11%,N/A,N/A
Family & Parenting (Legacy),Forestry,United States,10,$7.02  ~ $14.76 ,$4.76 ,$4.74 ,0.15%,N/A,N/A
Family & Parenting (Legacy),Mutual Funds,Canada,120,$19.29  ~ $19.61 ,$6.96 ,$81.00 ,0.28%,N/A,N/A
Family & Parenting (Legacy),Mutual Funds,United States,"5,940",$7.73  ~ $8.13 ,$8.00 ,$69.47 ,0.10%,N/A,N/A
Family & Parenting (Legacy),Beauty,United Kingdom,"1,865",$7.16  ~ $7.30 ,$11.77 ,$75.44 ,0.06%,N/A,N/A
Family & Parenting (Legacy),Beauty,Canada,"1,890",$2.11  ~ $2.65 ,$1.12 ,N/A,0.19%,N/A,N/A
Family & Parenting (Legacy),Beauty,United States,"3,241",$9.03  ~ $9.51 ,$9.50 ,$59.57 ,0.10%,N/A,N/A
Family & Parenting (Legacy),Cruises,United Kingdom,27,$5.11  ~ $5.52 ,$5.22 ,$84.94 ,0.11%,N/A,N/A
Family & Parenting (Legacy),Cruises,United States,"5,235",$6.64  ~ $8.30 ,$5.89 ,$41.25 ,0.14%,N/A,N/A
Family & Parenting (Legacy),Cruises,Canada,"1,191",$6.55  ~ $6.70 ,$2.88 ,$32.69 ,0.23%,N/A,N/A
Family & Parenting (Legacy),Honeymoons/Getaways,United Kingdom,405,$7.25  ~ $7.90 ,$3.55 ,$41.89 ,0.22%,N/A,N/A
Family & Parenting (Legacy),Honeymoons/Getaways,United States,"1,735",$6.82  ~ $9.12 ,$6.28 ,$38.88 ,0.11%,N/A,N/A
Family & Parenting (Legacy),Honeymoons/Getaways,Canada,374,$9.77  ~ $10.10 ,$5.01 ,$29.82 ,0.19%,N/A,N/A
Family & Parenting (Legacy),Card Games,United States,"3,402",$4.86  ~ $7.07 ,$5.61 ,$41.38 ,0.13%,N/A,N/A
Family & Parenting (Legacy),Card Games,Canada,"6,381",$5.92  ~ $6.24 ,$5.37 ,$29.99 ,0.11%,N/A,N/A
Family & Parenting (Legacy),Card Games,United Kingdom,219,$6.05  ~ $7.26 ,$6.70 ,$87.24 ,0.09%,N/A,N/A
Family & Parenting (Legacy),Stamps & Coins,United States,35,$4.20  ~ $9.19 ,N/A,N/A,N/A,N/A,N/A
Family & Parenting (Legacy),Religion & Spirituality,United States,2,$2.24  ~ $5.08 ,N/A,N/A,N/A,N/A,N/A
Family & Parenting (Legacy),Legal Issues,Canada,"9,049",$5.48  ~ $7.03 ,$4.15 ,$31.86 ,0.17%,N/A,N/A
Family & Parenting (Legacy),Legal Issues,United States,"32,163",$7.78  ~ $9.23 ,$7.58 ,$53.23 ,0.10%,N/A,N/A
Family & Parenting (Legacy),Legal Issues,United Kingdom,"1,060",$5.22  ~ $5.46 ,$4.38 ,$55.37 ,0.12%,N/A,N/A
Family & Parenting (Legacy),Personal Finance,United States,"57,412",$5.45  ~ $6.80 ,$5.91 ,$58.55 ,0.12%,N/A,N/A
Family & Parenting (Legacy),Personal Finance,Canada,"1,185",$5.61  ~ $6.40 ,$5.10 ,$50.89 ,0.11%,N/A,N/A
Family & Parenting (Legacy),Personal Finance,United Kingdom,590,$6.49  ~ $10.31 ,$9.09 ,$85.36 ,0.07%,N/A,N/A
Family & Parenting (Legacy),Personal Finance,Ireland,24,$7.26  ~ $7.28 ,$5.80 ,$70.13 ,0.13%,N/A,N/A
Family & Parenting (Legacy),Wine,Ireland,2,$5.06  ~ $11.92 ,$5.41 ,N/A,0.09%,N/A,N/A
Family & Parenting (Legacy),Wine,United States,106,$8.08  ~ $10.16 ,$10.63 ,$80.26 ,0.10%,N/A,N/A
Family & Parenting (Legacy),Environmental Safety,United States,346,$8.72  ~ $9.18 ,$14.67 ,$71.13 ,0.06%,N/A,N/A
Family & Parenting (Legacy),Environmental Safety,Canada,5,$2.32  ~ $4.69 ,$0.27 ,N/A,0.87%,N/A,N/A
Family & Parenting (Legacy),Net Conferencing,Canada,132,$5.75  ~ $13.83 ,$6.19 ,N/A,0.09%,N/A,N/A
Family & Parenting (Legacy),Net Conferencing,United States,150,$11.47  ~ $52.74 ,$37.54 ,N/A,0.03%,N/A,N/A
Family & Parenting (Legacy),Net Conferencing,United Kingdom,4,$6.91  ~ $15.43 ,N/A,N/A,N/A,N/A,N/A
Family & Parenting (Legacy),Arts & Crafts,United States,"2,164",$4.88  ~ $11.84 ,$1.10 ,$73.27 ,0.44%,N/A,N/A
Family & Parenting (Legacy),U.S. Government Resources,United States,100,$5.94  ~ $6.24 ,$3.71 ,$2.16 ,0.16%,N/A,N/A
Family & Parenting (Legacy),Technology & Computing,United States,"2,894",$6.52  ~ $6.64 ,$9.69 ,$56.09 ,0.07%,N/A,N/A
Family & Parenting (Legacy),Technology & Computing,Canada,"2,713",$5.15  ~ $6.76 ,$8.60 ,N/A,0.08%,N/A,N/A
Family & Parenting (Legacy),Technology & Computing,United Kingdom,"1,190",$5.36  ~ $10.02 ,$7.92 ,$50.15 ,0.13%,N/A,N/A
Family & Parenting (Legacy),Graduate School,Canada,465,$5.23  ~ $12.42 ,$4.68 ,N/A,0.11%,N/A,N/A
Family & Parenting (Legacy),Graduate School,United States,"8,486",$8.14  ~ $8.87 ,$4.03 ,$24.39 ,0.20%,N/A,N/A
Family & Parenting (Legacy),Graduate School,United Kingdom,357,$5.87  ~ $9.23 ,$27.02 ,N/A,0.03%,N/A,N/A
Family & Parenting (Legacy),Marketing,United States,320,$6.86  ~ $7.97 ,$4.24 ,$25.56 ,0.19%,N/A,N/A
Family & Parenting (Legacy),Marketing,Canada,"2,970",$3.38  ~ $6.97 ,$1.41 ,$17.82 ,0.24%,N/A,N/A
Family & Parenting (Legacy),Guitar,United States,132,$2.50  ~ $5.14 ,N/A,N/A,N/A,N/A,N/A
Family & Parenting (Legacy),Network Security,United States,12,$2.44  ~ $2.46 ,N/A,N/A,N/A,N/A,N/A
Family & Parenting (Legacy),Network Security,Canada,2,$2.11  ~ $4.72 ,$0.20 ,N/A,1.04%,N/A,N/A
Family & Parenting (Legacy),Cell Phones,United States,55,$11.86  ~ $11.86 ,$14.64 ,$34.51 ,0.08%,N/A,N/A
Family & Parenting (Legacy),Credit/Debt & Loans,Canada,"1,594",$7.41  ~ $7.85 ,$3.61 ,$56.59 ,0.21%,N/A,N/A
Family & Parenting (Legacy),Credit/Debt & Loans,United States,"44,926",$6.71  ~ $7.61 ,$7.00 ,$57.86 ,0.11%,N/A,N/A
Family & Parenting (Legacy),Credit/Debt & Loans,United Kingdom,783,$6.36  ~ $8.15 ,$9.06 ,$107.47 ,0.09%,N/A,N/A
Family & Parenting (Legacy),Credit/Debt & Loans,Mexico,5,$6.48  ~ $13.63 ,$6.39 ,N/A,0.10%,N/A,N/A
Family & Parenting (Legacy),Pets,United States,"1,707",$8.19  ~ $8.51 ,$8.53 ,$71.72 ,0.10%,N/A,N/A
Family & Parenting (Legacy),Pets,Canada,37,$8.28  ~ $8.32 ,$14.19 ,$138.83 ,0.06%,N/A,N/A
Family & Parenting (Legacy),Hunting/Shooting,United States,60,$6.65  ~ $6.65 ,N/A,N/A,N/A,N/A,N/A
Family & Parenting (Legacy),Contests & Freebies,United States,42,$5.85  ~ $8.78 ,$6.51 ,$3.68 ,0.09%,N/A,N/A
Family & Parenting (Legacy),Comparison,Mexico,2,$2.53  ~ $3.40 ,$1.09 ,N/A,0.23%,N/A,N/A
Family & Parenting (Legacy),Comparison,United States,44,$5.09  ~ $12.48 ,$1.90 ,N/A,0.27%,N/A,N/A
Family & Parenting (Legacy),Cuisine-Specific,United States,156,$1.93  ~ $1.93 ,$1.53 ,N/A,0.13%,N/A,N/A
Family & Parenting (Legacy),Tax Planning,United States,37,$9.37  ~ $10.05 ,$9.84 ,N/A,0.10%,N/A,N/A
Family & Parenting (Legacy),Jewelry,Canada,"1,062",$3.94  ~ $3.97 ,$1.63 ,$13.46 ,0.24%,N/A,N/A
Family & Parenting (Legacy),Jewelry,United States,"59,032",$1.91  ~ $9.46 ,$0.65 ,$8.69 ,0.29%,N/A,N/A
Family & Parenting (Legacy),Shopping,United States,"22,611",$4.82  ~ $7.45 ,$4.22 ,$24.65 ,0.11%,N/A,N/A
Family & Parenting (Legacy),Shopping,Canada,870,$2.56  ~ $3.07 ,$2.75 ,$11.24 ,0.09%,N/A,N/A
Family & Parenting (Legacy),Shopping,Mexico,1,$3.55  ~ $3.57 ,$2.31 ,N/A,0.15%,N/A,N/A
Family & Parenting (Legacy),Shopping,United Kingdom,"2,732",$5.08  ~ $5.30 ,$4.25 ,$44.51 ,0.12%,N/A,N/A
Family & Parenting (Legacy),Education,United States,"8,714",$7.59  ~ $7.61 ,$6.46 ,$44.67 ,0.12%,N/A,N/A
Family & Parenting (Legacy),Education,Canada,277,$7.65  ~ $9.11 ,$7.62 ,N/A,0.10%,N/A,N/A
Family & Parenting (Legacy),Education,United Kingdom,585,$5.54  ~ $9.57 ,$5.40 ,$68.51 ,0.10%,N/A,N/A
Family & Parenting (Legacy),Education,Mexico,5,$8.18  ~ $8.19 ,$4.07 ,$19.01 ,0.20%,N/A,N/A
Family & Parenting (Legacy),Allergies,United Kingdom,5,$3.32  ~ $8.30 ,N/A,N/A,N/A,N/A,N/A
Family & Parenting (Legacy),Allergies,Canada,435,$4.70  ~ $9.80 ,$1.63 ,N/A,0.29%,N/A,N/A
Family & Parenting (Legacy),Health/Lowfat Cooking,Canada,140,$2.98  ~ $11.45 ,$7.48 ,$17.28 ,0.15%,N/A,N/A
Family & Parenting (Legacy),Health/Lowfat Cooking,United States,856,$8.43  ~ $9.46 ,$10.37 ,$45.13 ,0.08%,N/A,N/A
Family & Parenting (Legacy),Health/Lowfat Cooking,United Kingdom,35,$5.55  ~ $5.56 ,$6.47 ,N/A,0.09%,N/A,N/A
Family & Parenting (Legacy),Fine Art,United States,"3,263",$6.32  ~ $7.38 ,$5.84 ,$25.38 ,0.11%,N/A,N/A
Family & Parenting (Legacy),Fine Art,Canada,128,$6.90  ~ $6.93 ,$2.64 ,$95.70 ,0.26%,N/A,N/A
Family & Parenting (Legacy),Fine Art,United Kingdom,"19,577",$6.59  ~ $6.98 ,$9.82 ,$66.68 ,0.07%,N/A,N/A
Family & Parenting (Legacy),Auto Parts,Canada,105,$5.16  ~ $12.05 ,$2.16 ,N/A,0.24%,N/A,N/A
Family & Parenting (Legacy),Auto Parts,United Kingdom,48,$7.54  ~ $7.54 ,$12.08 ,$96.65 ,0.06%,N/A,N/A
Family & Parenting (Legacy),Auto Parts,United States,"6,125",$6.45  ~ $6.82 ,$8.18 ,$58.59 ,0.08%,N/A,N/A
Family & Parenting (Legacy),Logistics,United States,"13,969",$9.45  ~ $9.48 ,$5.42 ,$69.60 ,0.17%,N/A,N/A
Family & Parenting (Legacy),Logistics,Canada,"1,880",$3.92  ~ $5.84 ,$2.50 ,$18.00 ,0.23%,N/A,N/A
Family & Parenting (Legacy),Logistics,United Kingdom,885,$6.02  ~ $7.91 ,$6.23 ,$71.28 ,0.13%,N/A,N/A
Family & Parenting (Legacy),Logistics,Mexico,2,$2.23  ~ $6.48 ,$3.46 ,N/A,0.19%,N/A,N/A
Family & Parenting (Legacy),Parenting - K-6 Kids,United States,86,$1.65  ~ $2.20 ,$9.85 ,N/A,0.02%,N/A,N/A
Family & Parenting (Legacy),Coffee/Tea,United States,"11,945",$4.98  ~ $7.88 ,$1.44 ,$8.86 ,0.35%,N/A,N/A
Family & Parenting (Legacy),Senor Health,Canada,642,$6.76  ~ $7.80 ,$4.82 ,N/A,0.14%,N/A,N/A
Family & Parenting (Legacy),Senor Health,United States,"8,147",$6.53  ~ $7.99 ,$3.24 ,$53.00 ,0.25%,N/A,N/A
Family & Parenting (Legacy),Senor Health,United Kingdom,7,$6.88  ~ $7.38 ,$8.68 ,N/A,0.08%,N/A,N/A
Family & Parenting (Legacy),Accessories,United States,"1,595",$12.13  ~ $14.31 ,$5.03 ,N/A,0.24%,N/A,N/A
Family & Parenting (Legacy),Barbecues & Grilling,Canada,635,$4.90  ~ $9.91 ,$4.53 ,$24.17 ,0.11%,N/A,N/A
Family & Parenting (Legacy),Teens,United States,8,$9.25  ~ $22.83 ,$4.29 ,N/A,0.22%,N/A,N/A
Family & Parenting (Legacy),Music,United Kingdom,159,$5.52  ~ $6.90 ,$6.11 ,N/A,0.11%,N/A,N/A
Family & Parenting (Legacy),Music,United States,"16,069",$6.57  ~ $6.62 ,$10.14 ,$55.83 ,0.07%,N/A,N/A
Family & Parenting (Legacy),Music,Canada,"4,178",$3.76  ~ $4.13 ,$2.68 ,$93.29 ,0.15%,N/A,N/A
Family & Parenting (Legacy),Politics,United States,"19,796",$10.88  ~ $11.10 ,$12.78 ,$188.56 ,0.09%,N/A,N/A
Family & Parenting (Legacy),Politics,Canada,76,$10.41  ~ $14.67 ,$7.41 ,$37.87 ,0.14%,N/A,N/A
Family & Parenting (Legacy),Clothing,Canada,"2,592",$5.36  ~ $7.07 ,$1.40 ,$9.71 ,0.38%,N/A,N/A
Family & Parenting (Legacy),Clothing,United States,"14,917",$6.78  ~ $6.84 ,$4.41 ,$25.45 ,0.16%,N/A,N/A
Family & Parenting (Legacy),Clothing,United Kingdom,47,$7.46  ~ $7.46 ,$10.70 ,N/A,0.07%,N/A,N/A
Family & Parenting (Legacy),Theme Parks,United States,103,$4.74  ~ $4.74 ,$5.45 ,$24.03 ,0.09%,N/A,N/A
Family & Parenting (Legacy),Theme Parks,Canada,477,$4.97  ~ $10.02 ,$2.76 ,$20.49 ,0.18%,N/A,N/A
Family & Parenting (Legacy),College,United States,"4,472",$7.12  ~ $7.99 ,$5.78 ,$42.34 ,0.14%,N/A,N/A
Family & Parenting (Legacy),College,United Kingdom,937,$9.11  ~ $9.16 ,$6.02 ,N/A,0.15%,N/A,N/A
Family & Parenting (Legacy),College,Mexico,1,$2.52  ~ $2.53 ,$9.86 ,N/A,0.03%,N/A,N/A
Family & Parenting (Legacy),College,Canada,751,$4.49  ~ $6.81 ,$5.38 ,$69.87 ,0.08%,N/A,N/A
Family & Parenting (Legacy),Homework/Study Tips,United States,57,$2.22  ~ $4.66 ,$0.39 ,N/A,0.57%,N/A,N/A
Family & Parenting (Legacy),Internet Technology,United States,"2,440",$7.53  ~ $8.88 ,$6.95 ,$57.75 ,0.13%,N/A,N/A
Family & Parenting (Legacy),Internet Technology,United Kingdom,323,$6.32  ~ $7.95 ,$12.44 ,$103.70 ,0.06%,N/A,N/A
Family & Parenting (Legacy),U.S. Military,United States,473,$2.73  ~ $2.73 ,$5.42 ,$15.87 ,0.05%,N/A,N/A
Family & Parenting (Legacy),"Law, Gov't & Politics",United States,75,$1.24  ~ $3.79 ,$4.20 ,N/A,0.09%,N/A,N/A
Family & Parenting (Legacy),Business,United Kingdom,"12,303",$4.85  ~ $5.07 ,$4.13 ,$29.41 ,0.12%,N/A,N/A
Family & Parenting (Legacy),Business,Canada,"3,540",$5.77  ~ $9.72 ,$4.35 ,$47.97 ,0.13%,N/A,N/A
Family & Parenting (Legacy),Business,Mexico,482,$7.38  ~ $7.45 ,$5.28 ,$116.29 ,0.14%,N/A,N/A
Family & Parenting (Legacy),Business,United States,"47,817",$7.90  ~ $7.97 ,$7.14 ,$60.72 ,0.11%,N/A,N/A
Family & Parenting (Legacy),Dogs,United States,"3,996",$3.95  ~ $5.05 ,$4.61 ,$12.68 ,0.09%,N/A,N/A
Family & Parenting (Legacy),Dogs,United Kingdom,14,$9.02  ~ $9.02 ,N/A,N/A,N/A,N/A,N/A
Family & Parenting (Legacy),Dogs,Canada,82,$2.30  ~ $5.18 ,$1.98 ,N/A,0.12%,N/A,N/A
Family & Parenting (Legacy),Investing,United Kingdom,19,$6.72  ~ $6.76 ,$7.83 ,N/A,0.09%,N/A,N/A
Family & Parenting (Legacy),Investing,United States,"1,459",$7.20  ~ $8.79 ,$6.69 ,$76.88 ,0.11%,N/A,N/A
Family & Parenting (Legacy),Investing,Canada,11,$8.25  ~ $8.25 ,$3.37 ,N/A,0.24%,N/A,N/A
Family & Parenting (Legacy),Nutrition,United States,"1,142",$9.79  ~ $9.93 ,$3.82 ,$30.63 ,0.26%,N/A,N/A
Family & Parenting (Legacy),Nutrition,Canada,"4,620",$2.40  ~ $4.06 ,$1.17 ,$5.17 ,0.21%,N/A,N/A
Family & Parenting (Legacy),Nutrition,United Kingdom,188,$9.58  ~ $9.58 ,$13.68 ,N/A,0.07%,N/A,N/A
Family & Parenting (Legacy),Psychology/Psychiatry,United States,"16,560",$5.93  ~ $7.74 ,$6.78 ,$66.37 ,0.11%,N/A,N/A
Family & Parenting (Legacy),Psychology/Psychiatry,Canada,270,$6.05  ~ $6.14 ,$4.90 ,$11.31 ,0.12%,N/A,N/A
Family & Parenting (Legacy),Psychology/Psychiatry,United Kingdom,"2,980",$7.78  ~ $8.21 ,$5.41 ,$72.73 ,0.14%,N/A,N/A
Family & Parenting (Legacy),Bed & Breakfasts,United Kingdom,139,$8.97  ~ $8.99 ,$11.34 ,$56.11 ,0.08%,N/A,N/A
Family & Parenting (Legacy),Bed & Breakfasts,Canada,409,$0.43  ~ $0.43 ,$3.00 ,N/A,0.01%,N/A,N/A
Family & Parenting (Legacy),Bed & Breakfasts,United States,"4,902",$1.86  ~ $4.78 ,$1.80 ,$19.43 ,0.27%,N/A,N/A
Family & Parenting (Legacy),7-12 Education,United States,2,$8.39  ~ $17.12 ,N/A,N/A,N/A,N/A,N/A
Family & Parenting (Legacy),Weight Loss,Canada,37,$0.00  ~ $0.00 ,N/A,N/A,N/A,N/A,N/A
Family & Parenting (Legacy),Cocktails/Beer,United Kingdom,775,$0.00  ~ $0.00 ,N/A,N/A,N/A,N/A,N/A
Food & Drink (Legacy),K-6 Educators,United Kingdom,6,$6.42  ~ $7.04 ,$11.68 ,N/A,0.05%,N/A,N/A
Food & Drink (Legacy),K-6 Educators,United States,"1,128",$6.61  ~ $10.54 ,$3.14 ,$23.78 ,0.21%,N/A,N/A
Food & Drink (Legacy),K-6 Educators,Canada,197,$3.35  ~ $11.01 ,N/A,N/A,N/A,N/A,N/A
Food & Drink (Legacy),Accessories,Canada,9,$2.05  ~ $4.57 ,N/A,N/A,N/A,N/A,N/A
Food & Drink (Legacy),Accessories,United States,570,$9.61  ~ $14.31 ,$6.07 ,N/A,0.16%,N/A,N/A
Food & Drink (Legacy),Entertaining,Canada,31,$2.07  ~ $4.52 ,N/A,N/A,N/A,N/A,N/A
Food & Drink (Legacy),Entertaining,United States,207,$3.09  ~ $4.76 ,$1.27 ,$19.42 ,0.24%,N/A,N/A
Food & Drink (Legacy),Style & Fashion,United States,174,$4.15  ~ $8.61 ,$7.10 ,$119.17 ,0.12%,N/A,N/A
Food & Drink (Legacy),Horse Racing,Canada,53,$6.72  ~ $16.43 ,$7.77 ,$17.48 ,0.09%,N/A,N/A
Food & Drink (Legacy),Remodeling & Construction,United States,"10,662",$5.06  ~ $6.09 ,$6.05 ,$44.78 ,0.10%,N/A,N/A
Food & Drink (Legacy),Remodeling & Construction,Canada,496,$2.47  ~ $5.39 ,$2.67 ,N/A,0.09%,N/A,N/A
Food & Drink (Legacy),Daycare/Pre School,United States,16,$1.97  ~ $3.68 ,$2.99 ,N/A,0.12%,N/A,N/A
Food & Drink (Legacy),Daycare/Pre School,Canada,191,$2.38  ~ $5.87 ,N/A,N/A,N/A,N/A,N/A
Food & Drink (Legacy),Catholicism,United States,28,$6.38  ~ $9.02 ,$15.53 ,$102.52 ,0.06%,N/A,N/A
Food & Drink (Legacy),Trucks & Accessories,United States,"1,084",$5.23  ~ $5.49 ,$10.93 ,$58.96 ,0.05%,N/A,N/A
Food & Drink (Legacy),Job Search,United States,895,$9.94  ~ $10.63 ,$12.70 ,$71.41 ,0.08%,N/A,N/A
Food & Drink (Legacy),Job Search,Canada,2,$3.25  ~ $4.61 ,N/A,N/A,N/A,N/A,N/A
Food & Drink (Legacy),Job Search,United Kingdom,1,$6.88  ~ $15.25 ,$22.57 ,N/A,0.03%,N/A,N/A
Food & Drink (Legacy),Birdwatching,United States,138,$4.64  ~ $7.87 ,$8.77 ,$49.34 ,0.09%,N/A,N/A
Food & Drink (Legacy),Birdwatching,Canada,142,$10.29  ~ $22.32 ,$7.32 ,N/A,0.14%,N/A,N/A
Food & Drink (Legacy),Babies & Toddlers,United States,36,$10.04  ~ $10.69 ,$10.94 ,$52.94 ,0.09%,N/A,N/A
Food & Drink (Legacy),Comparison,United States,1,$4.56  ~ $10.04 ,$3.39 ,N/A,0.13%,N/A,N/A
Food & Drink (Legacy),Off-Road Vehicles,United States,49,$7.83  ~ $20.07 ,$13.31 ,$155.87 ,0.06%,N/A,N/A
Food & Drink (Legacy),Off-Road Vehicles,Canada,30,$6.54  ~ $15.86 ,$4.12 ,N/A,0.16%,N/A,N/A
Food & Drink (Legacy),Off-Road Vehicles,United Kingdom,1,$8.26  ~ $17.22 ,$3.48 ,N/A,0.24%,N/A,N/A
Food & Drink (Legacy),Mountain Biking,Canada,331,$6.39  ~ $6.67 ,$1.70 ,$14.95 ,0.38%,N/A,N/A
Food & Drink (Legacy),Mountain Biking,United States,35,$6.62  ~ $6.73 ,$2.73 ,$16.38 ,0.24%,N/A,N/A
Food & Drink (Legacy),Local News,United States,92,$9.21  ~ $19.04 ,$8.81 ,N/A,0.10%,N/A,N/A
Food & Drink (Legacy),Cruises,United States,"2,185",$7.13  ~ $9.07 ,$6.65 ,$47.19 ,0.14%,N/A,N/A
Food & Drink (Legacy),Cruises,United Kingdom,67,$5.31  ~ $5.51 ,$8.80 ,$92.50 ,0.06%,N/A,N/A
Food & Drink (Legacy),Cruises,Canada,972,$5.63  ~ $6.60 ,$4.49 ,$35.31 ,0.13%,N/A,N/A
Food & Drink (Legacy),Theme Parks,United States,2,$5.38  ~ $5.38 ,$2.82 ,N/A,0.19%,N/A,N/A
Food & Drink (Legacy),Theme Parks,Canada,391,$4.98  ~ $12.11 ,$4.22 ,$27.71 ,0.12%,N/A,N/A
Food & Drink (Legacy),Health & Fitness,Canada,"9,332",$5.93  ~ $6.72 ,$6.65 ,$87.22 ,0.10%,N/A,N/A
Food & Drink (Legacy),Health & Fitness,United States,"33,090",$9.10  ~ $9.71 ,$9.06 ,$65.84 ,0.10%,N/A,N/A
Food & Drink (Legacy),Health & Fitness,United Kingdom,"2,051",$6.22  ~ $6.50 ,$10.56 ,$157.41 ,0.06%,N/A,N/A
Food & Drink (Legacy),Arthritis,United States,7,$5.23  ~ $5.40 ,$16.05 ,$96.29 ,0.03%,N/A,N/A
Food & Drink (Legacy),Advertising,United Kingdom,256,$7.93  ~ $9.06 ,$10.09 ,N/A,0.09%,N/A,N/A
Food & Drink (Legacy),Advertising,United States,"1,986",$9.18  ~ $9.93 ,$10.16 ,$84.27 ,0.10%,N/A,N/A
Food & Drink (Legacy),Advertising,Canada,"6,403",$7.53  ~ $8.54 ,$4.82 ,$55.96 ,0.16%,N/A,N/A
Food & Drink (Legacy),Landscaping,Canada,462,$2.13  ~ $4.37 ,$2.71 ,N/A,0.08%,N/A,N/A
Food & Drink (Legacy),Landscaping,United States,190,$3.38  ~ $5.55 ,$5.61 ,$36.99 ,0.10%,N/A,N/A
Food & Drink (Legacy),Computer Peripherals,Canada,660,$3.74  ~ $5.62 ,$11.52 ,$61.65 ,0.05%,N/A,N/A
Food & Drink (Legacy),Computer Peripherals,United Kingdom,67,$13.62  ~ $13.82 ,$3.89 ,$18.32 ,0.35%,N/A,N/A
Food & Drink (Legacy),Computer Peripherals,United States,"1,739",$9.53  ~ $13.65 ,$11.45 ,$51.26 ,0.12%,N/A,N/A
Food & Drink (Legacy),Career Planning,United States,328,$8.96  ~ $9.02 ,$6.11 ,$143.22 ,0.15%,N/A,N/A
Food & Drink (Legacy),Career Planning,Canada,405,$7.18  ~ $8.35 ,$8.31 ,$20.41 ,0.09%,N/A,N/A
Food & Drink (Legacy),Career Planning,United Kingdom,1,$8.84  ~ $8.85 ,N/A,N/A,N/A,N/A,N/A
Food & Drink (Legacy),Parenting - K-6 Kids,United States,120,$1.75  ~ $2.20 ,$5.07 ,N/A,0.04%,N/A,N/A
Food & Drink (Legacy),Card Games,United States,739,$11.25  ~ $13.70 ,$10.34 ,$75.72 ,0.11%,N/A,N/A
Food & Drink (Legacy),Card Games,Canada,"6,235",$6.32  ~ $6.73 ,$11.95 ,$66.98 ,0.05%,N/A,N/A
Food & Drink (Legacy),Card Games,United Kingdom,50,$7.14  ~ $7.47 ,$9.29 ,$65.41 ,0.08%,N/A,N/A
Food & Drink (Legacy),Swimming,United States,32,$2.15  ~ $8.31 ,$30.36 ,$48.32 ,0.03%,N/A,N/A
Food & Drink (Legacy),Cell Phones,United States,18,$11.84  ~ $11.84 ,$21.96 ,$50.45 ,0.05%,N/A,N/A
Food & Drink (Legacy),Business Software,Canada,"1,275",$7.10  ~ $8.52 ,$9.39 ,$55.24 ,0.09%,N/A,N/A
Food & Drink (Legacy),Business Software,United Kingdom,"1,343",$12.52  ~ $12.77 ,$13.27 ,$140.46 ,0.10%,N/A,N/A
Food & Drink (Legacy),Business Software,Ireland,1,$8.68  ~ $9.02 ,$5.60 ,N/A,0.16%,N/A,N/A
Food & Drink (Legacy),Business Software,United States,"4,175",$9.39  ~ $9.93 ,$10.28 ,$107.49 ,0.10%,N/A,N/A
Food & Drink (Legacy),Television,United Kingdom,125,$6.99  ~ $7.09 ,$3.51 ,$34.18 ,0.20%,N/A,N/A
Food & Drink (Legacy),Television,Canada,5,$9.85  ~ $21.70 ,$4.65 ,$23.24 ,0.21%,N/A,N/A
Food & Drink (Legacy),Financial Aid,United States,48,$8.26  ~ $8.45 ,$51.17 ,N/A,0.02%,N/A,N/A
Food & Drink (Legacy),Insurance,Canada,"1,199",$6.15  ~ $6.96 ,$7.06 ,N/A,0.09%,N/A,N/A
Food & Drink (Legacy),Insurance,United States,"5,242",$7.91  ~ $8.12 ,$6.67 ,$52.33 ,0.12%,N/A,N/A
Food & Drink (Legacy),Insurance,United Kingdom,"1,813",$4.60  ~ $5.16 ,$5.37 ,$32.82 ,0.10%,N/A,N/A
Food & Drink (Legacy),Food & Drink,United States,857,$5.88  ~ $5.92 ,$3.78 ,$25.72 ,0.16%,N/A,N/A
Food & Drink (Legacy),Food & Drink,Canada,339,$5.36  ~ $12.29 ,$7.23 ,N/A,0.07%,N/A,N/A
Food & Drink (Legacy),U.S. Military,United States,150,$2.74  ~ $2.74 ,$10.57 ,N/A,0.03%,N/A,N/A
Food & Drink (Legacy),Radio,United States,72,$6.02  ~ $6.19 ,$7.65 ,N/A,0.08%,N/A,N/A
Food & Drink (Legacy),By US Locale,United States,3,$12.18  ~ $26.66 ,$7.08 ,N/A,0.17%,N/A,N/A
Food & Drink (Legacy),Veterinary Medicine,Canada,54,$2.35  ~ $5.75 ,N/A,N/A,N/A,N/A,N/A
Food & Drink (Legacy),Veterinary Medicine,United States,47,$5.61  ~ $5.76 ,$18.50 ,N/A,0.03%,N/A,N/A
Food & Drink (Legacy),Collecting,United States,20,$5.19  ~ $8.47 ,$9.28 ,N/A,0.09%,N/A,N/A
Food & Drink (Legacy),Collecting,Canada,19,$2.15  ~ $5.17 ,N/A,N/A,N/A,N/A,N/A
Food & Drink (Legacy),Investing,United States,699,$7.79  ~ $9.27 ,$10.37 ,$87.23 ,0.08%,N/A,N/A
Food & Drink (Legacy),Investing,United Kingdom,6,$7.04  ~ $7.86 ,$18.49 ,N/A,0.04%,N/A,N/A
Food & Drink (Legacy),Investing,Canada,19,$8.39  ~ $8.39 ,$3.55 ,$10.65 ,0.24%,N/A,N/A
Food & Drink (Legacy),Astrology,Canada,3,$2.05  ~ $4.56 ,N/A,N/A,N/A,N/A,N/A
Food & Drink (Legacy),Gardening,United Kingdom,938,$0.00  ~ $2.24 ,$1.76 ,$25.21 ,0.13%,N/A,N/A
Food & Drink (Legacy),Gardening,Canada,"2,389",$2.82  ~ $4.80 ,$5.48 ,$14.55 ,0.09%,N/A,N/A
Food & Drink (Legacy),Gardening,United States,"4,797",$5.48  ~ $7.84 ,$7.02 ,$56.28 ,0.08%,N/A,N/A
Food & Drink (Legacy),Home Repair,Canada,"1,263",$5.07  ~ $5.15 ,$6.05 ,$76.46 ,0.09%,N/A,N/A
Food & Drink (Legacy),Home Repair,United States,"3,771",$7.67  ~ $8.51 ,$6.71 ,$60.57 ,0.11%,N/A,N/A
Food & Drink (Legacy),Home Repair,United Kingdom,276,$6.02  ~ $8.76 ,$6.79 ,N/A,0.09%,N/A,N/A
Food & Drink (Legacy),Green Solutions,Canada,"6,046",$3.80  ~ $4.50 ,$9.48 ,$48.58 ,0.05%,N/A,N/A
Food & Drink (Legacy),Green Solutions,United States,"1,520",$5.82  ~ $6.13 ,$9.91 ,$89.54 ,0.06%,N/A,N/A
Food & Drink (Legacy),Green Solutions,United Kingdom,19,$6.49  ~ $7.53 ,$3.15 ,N/A,0.21%,N/A,N/A
Food & Drink (Legacy),Cigars,United States,"4,081",$7.61  ~ $7.81 ,$14.58 ,$199.68 ,0.05%,N/A,N/A
Food & Drink (Legacy),Cigars,United Kingdom,"7,827",$3.63  ~ $15.14 ,$6.26 ,$91.86 ,0.06%,N/A,N/A
Food & Drink (Legacy),Cigars,Canada,145,$3.60  ~ $4.29 ,$14.91 ,N/A,0.03%,N/A,N/A
Food & Drink (Legacy),Technology & Computing,United Kingdom,807,$8.32  ~ $10.13 ,$12.92 ,$76.57 ,0.08%,N/A,N/A
Food & Drink (Legacy),Technology & Computing,Canada,"1,400",$4.86  ~ $6.35 ,$13.31 ,N/A,0.05%,N/A,N/A
Food & Drink (Legacy),Technology & Computing,United States,"1,177",$6.16  ~ $6.30 ,$16.27 ,$93.30 ,0.04%,N/A,N/A
Food & Drink (Legacy),Network Security,United States,2,$2.19  ~ $2.44 ,N/A,N/A,N/A,N/A,N/A
Food & Drink (Legacy),Network Security,Canada,10,$2.19  ~ $4.82 ,N/A,N/A,N/A,N/A,N/A
Food & Drink (Legacy),Cancer,United States,"1,230",$11.01  ~ $18.16 ,$26.48 ,$179.66 ,0.07%,N/A,N/A
Food & Drink (Legacy),Cancer,Canada,36,$17.50  ~ $17.50 ,$4.69 ,N/A,0.37%,N/A,N/A
Food & Drink (Legacy),Cuisine-Specific,United States,126,$2.35  ~ $2.35 ,$2.37 ,N/A,0.10%,N/A,N/A
Food & Drink (Legacy),Distance Learning,United States,315,$10.50  ~ $11.38 ,$16.63 ,$63.97 ,0.06%,N/A,N/A
Food & Drink (Legacy),Dermatology,Canada,30,$2.36  ~ $5.24 ,N/A,N/A,N/A,N/A,N/A
Food & Drink (Legacy),Dermatology,United States,43,$6.45  ~ $6.59 ,$6.99 ,N/A,0.09%,N/A,N/A
Food & Drink (Legacy),Appliances,Canada,724,$7.42  ~ $8.48 ,$4.31 ,N/A,0.17%,N/A,N/A
Food & Drink (Legacy),Appliances,United Kingdom,427,$6.75  ~ $6.82 ,$3.47 ,$17.34 ,0.19%,N/A,N/A
Food & Drink (Legacy),Appliances,United States,"2,644",$7.70  ~ $8.02 ,$7.00 ,$63.60 ,0.11%,N/A,N/A
Food & Drink (Legacy),Commentary,United States,36,$14.24  ~ $18.86 ,$40.32 ,N/A,0.05%,N/A,N/A
Food & Drink (Legacy),Couponing,Canada,748,$5.09  ~ $12.21 ,$4.42 ,N/A,0.12%,N/A,N/A
Food & Drink (Legacy),Couponing,United States,"3,924",$4.65  ~ $4.77 ,$8.11 ,$69.50 ,0.06%,N/A,N/A
Food & Drink (Legacy),Human Resources,United Kingdom,"2,382",$6.90  ~ $11.95 ,$7.43 ,$189.45 ,0.09%,N/A,N/A
Food & Drink (Legacy),Human Resources,Mexico,20,$1.92  ~ $2.36 ,$1.27 ,$7.77 ,0.19%,N/A,N/A
Food & Drink (Legacy),Human Resources,United States,"3,108",$9.45  ~ $11.92 ,$12.51 ,$72.88 ,0.08%,N/A,N/A
Food & Drink (Legacy),Human Resources,Canada,"4,038",$6.83  ~ $7.38 ,$10.86 ,$81.41 ,0.07%,N/A,N/A
Food & Drink (Legacy),Adult Education,United States,83,$3.20  ~ $8.21 ,$9.44 ,$38.31 ,0.09%,N/A,N/A
Food & Drink (Legacy),Adult Education,Canada,106,$3.83  ~ $6.81 ,N/A,N/A,N/A,N/A,N/A
Food & Drink (Legacy),Adult Education,United Kingdom,90,$8.99  ~ $9.22 ,$11.03 ,N/A,0.08%,N/A,N/A
Food & Drink (Legacy),Dental Care,United States,172,$3.27  ~ $3.40 ,$10.61 ,N/A,0.03%,N/A,N/A
Food & Drink (Legacy),Dental Care,Canada,369,$2.21  ~ $5.16 ,$1.82 ,N/A,0.12%,N/A,N/A
Food & Drink (Legacy),Investors & Patents,United States,"1,351",$7.52  ~ $7.78 ,$11.76 ,$175.08 ,0.07%,N/A,N/A
Food & Drink (Legacy),Investors & Patents,Canada,"3,116",$5.98  ~ $6.00 ,$9.18 ,$32.78 ,0.07%,N/A,N/A
Food & Drink (Legacy),Investors & Patents,United Kingdom,3,$6.39  ~ $8.70 ,$19.71 ,N/A,0.04%,N/A,N/A
Food & Drink (Legacy),Retirement Planning,United States,20,$8.40  ~ $17.09 ,$31.61 ,N/A,0.05%,N/A,N/A
Food & Drink (Legacy),Retirement Planning,United Kingdom,5,$5.91  ~ $12.74 ,$1.76 ,N/A,0.34%,N/A,N/A
Food & Drink (Legacy),Football,Canada,"3,599",$4.86  ~ $5.62 ,$8.90 ,$21.65 ,0.06%,N/A,N/A
Food & Drink (Legacy),Football,United States,605,$6.14  ~ $8.65 ,$8.11 ,$64.17 ,0.08%,N/A,N/A
Food & Drink (Legacy),Physical Therapy,United States,188,$10.01  ~ $17.66 ,$7.82 ,N/A,0.13%,N/A,N/A
Food & Drink (Legacy),Physical Therapy,Canada,358,$2.76  ~ $5.67 ,$2.49 ,N/A,0.11%,N/A,N/A
Food & Drink (Legacy),Physical Therapy,United Kingdom,27,$6.49  ~ $6.49 ,$10.36 ,N/A,0.06%,N/A,N/A
Food & Drink (Legacy),Weight Loss,United States,182,$3.89  ~ $3.97 ,$8.40 ,N/A,0.05%,N/A,N/A
Food & Drink (Legacy),Weight Loss,Mexico,"2,487",$1.36  ~ $3.07 ,$1.01 ,N/A,0.14%,N/A,N/A
Food & Drink (Legacy),Weight Loss,United Kingdom,"1,510",$8.14  ~ $8.18 ,$12.81 ,$128.09 ,0.06%,N/A,N/A
Food & Drink (Legacy),Art/Technology,United States,"3,395",$7.06  ~ $7.07 ,$12.78 ,$53.40 ,0.06%,N/A,N/A
Food & Drink (Legacy),Art/Technology,Canada,289,$5.32  ~ $7.46 ,$10.89 ,N/A,0.05%,N/A,N/A
Food & Drink (Legacy),Art/Technology,United Kingdom,801,$2.04  ~ $2.04 ,N/A,N/A,N/A,N/A,N/A
Food & Drink (Legacy),Net Conferencing,Canada,152,$6.18  ~ $13.72 ,$19.22 ,N/A,0.03%,N/A,N/A
Food & Drink (Legacy),Net Conferencing,United States,49,$16.61  ~ $52.13 ,$23.08 ,N/A,0.07%,N/A,N/A
Food & Drink (Legacy),Arts & Crafts,United States,"1,959",$4.47  ~ $10.84 ,$0.67 ,$36.21 ,0.67%,N/A,N/A
Food & Drink (Legacy),Arts & Crafts,Canada,1,$0.25  ~ $0.60 ,N/A,N/A,N/A,N/A,N/A
Food & Drink (Legacy),Hunting/Shooting,United States,13,$6.86  ~ $6.86 ,N/A,N/A,N/A,N/A,N/A
Food & Drink (Legacy),Homework/Study Tips,United States,3,$2.19  ~ $5.14 ,N/A,N/A,N/A,N/A,N/A
Food & Drink (Legacy),Weddings,United States,43,$6.49  ~ $6.53 ,$5.34 ,$25.78 ,0.12%,N/A,N/A
Food & Drink (Legacy),Weddings,Canada,213,$2.21  ~ $4.86 ,N/A,N/A,N/A,N/A,N/A
Food & Drink (Legacy),News,United States,917,$12.00  ~ $19.02 ,$11.17 ,$130.38 ,0.11%,N/A,N/A
Food & Drink (Legacy),News,Canada,37,$1.84  ~ $4.23 ,N/A,N/A,N/A,N/A,N/A
Food & Drink (Legacy),Beauty,United Kingdom,716,$7.08  ~ $7.61 ,$13.73 ,N/A,0.06%,N/A,N/A
Food & Drink (Legacy),Beauty,Canada,"6,262",$2.15  ~ $2.90 ,$3.20 ,N/A,0.07%,N/A,N/A
Food & Drink (Legacy),Beauty,United States,"1,456",$8.92  ~ $9.21 ,$11.97 ,$56.61 ,0.08%,N/A,N/A
Food & Drink (Legacy),Auto Repair,United States,765,$6.08  ~ $8.61 ,$9.37 ,$119.17 ,0.09%,N/A,N/A
Food & Drink (Legacy),Auto Repair,Canada,"2,002",$6.15  ~ $6.29 ,$15.67 ,N/A,0.04%,N/A,N/A
Food & Drink (Legacy),Honeymoons/Getaways,United Kingdom,247,$7.23  ~ $8.27 ,$9.92 ,$109.44 ,0.08%,N/A,N/A
Food & Drink (Legacy),Honeymoons/Getaways,United States,920,$7.37  ~ $10.30 ,$6.93 ,$50.77 ,0.11%,N/A,N/A
Food & Drink (Legacy),Honeymoons/Getaways,Canada,495,$10.26  ~ $10.43 ,$17.62 ,N/A,0.06%,N/A,N/A
Food & Drink (Legacy),Nutrition,United States,614,$9.20  ~ $10.49 ,$3.46 ,$36.15 ,0.30%,N/A,N/A
Food & Drink (Legacy),Nutrition,Canada,"4,623",$2.82  ~ $4.02 ,$2.97 ,$10.82 ,0.09%,N/A,N/A
Food & Drink (Legacy),Nutrition,United Kingdom,47,$9.55  ~ $9.55 ,$16.33 ,N/A,0.06%,N/A,N/A
Food & Drink (Legacy),Video & Computer Games,United States,1,$0.00  ~ $3.04 ,$0.10 ,N/A,3.13%,N/A,N/A
Food & Drink (Legacy),Business,United States,"14,520",$8.13  ~ $8.36 ,$8.21 ,$75.77 ,0.10%,N/A,N/A
Food & Drink (Legacy),Business,United Kingdom,"6,221",$4.76  ~ $5.10 ,$7.58 ,$62.23 ,0.07%,N/A,N/A
Food & Drink (Legacy),Business,Canada,"3,366",$5.82  ~ $9.46 ,$8.88 ,$125.89 ,0.07%,N/A,N/A
Food & Drink (Legacy),Environmental Safety,United States,292,$7.64  ~ $7.74 ,$11.38 ,$36.22 ,0.07%,N/A,N/A
Food & Drink (Legacy),Environmental Safety,Canada,80,$2.12  ~ $4.53 ,N/A,N/A,N/A,N/A,N/A
Food & Drink (Legacy),Adventure Travel,United States,373,$3.39  ~ $14.46 ,$6.80 ,$38.14 ,0.05%,N/A,N/A
Food & Drink (Legacy),Fashion,United States,9,$8.18  ~ $19.73 ,$25.83 ,N/A,0.03%,N/A,N/A
Food & Drink (Legacy),Psychology/Psychiatry,United States,"4,561",$6.42  ~ $8.27 ,$10.25 ,$91.61 ,0.08%,N/A,N/A
Food & Drink (Legacy),Psychology/Psychiatry,Canada,538,$5.91  ~ $6.04 ,$4.72 ,$29.66 ,0.13%,N/A,N/A
Food & Drink (Legacy),Psychology/Psychiatry,United Kingdom,"2,226",$7.76  ~ $8.21 ,$10.53 ,$117.19 ,0.07%,N/A,N/A
Food & Drink (Legacy),Contests & Freebies,United States,12,$6.85  ~ $9.14 ,$4.67 ,N/A,0.15%,N/A,N/A
Food & Drink (Legacy),Contests & Freebies,Canada,2,$2.05  ~ $4.13 ,$1.34 ,N/A,0.15%,N/A,N/A
Food & Drink (Legacy),Marketing,United States,51,$6.83  ~ $8.07 ,$10.86 ,N/A,0.07%,N/A,N/A
Food & Drink (Legacy),Marketing,Canada,"1,462",$2.72  ~ $6.97 ,$2.72 ,$17.56 ,0.10%,N/A,N/A
Food & Drink (Legacy),Forestry,United States,1,$7.00  ~ $16.89 ,N/A,N/A,N/A,N/A,N/A
Food & Drink (Legacy),Coffee/Tea,United States,"2,124",$5.06  ~ $7.73 ,$1.93 ,$12.14 ,0.26%,N/A,N/A
Food & Drink (Legacy),Clothing,Canada,"2,422",$5.28  ~ $7.09 ,$1.66 ,$16.92 ,0.32%,N/A,N/A
Food & Drink (Legacy),Clothing,United States,"3,780",$6.97  ~ $7.06 ,$5.76 ,$39.41 ,0.12%,N/A,N/A
Food & Drink (Legacy),Clothing,United Kingdom,32,$8.11  ~ $8.11 ,$34.68 ,N/A,0.02%,N/A,N/A
Food & Drink (Legacy),Health/Lowfat Cooking,United Kingdom,59,$5.55  ~ $5.56 ,$8.85 ,N/A,0.06%,N/A,N/A
Food & Drink (Legacy),Health/Lowfat Cooking,Canada,486,$2.96  ~ $11.64 ,$10.33 ,N/A,0.11%,N/A,N/A
Food & Drink (Legacy),Health/Lowfat Cooking,United States,351,$10.14  ~ $10.80 ,$13.87 ,$66.83 ,0.07%,N/A,N/A
Food & Drink (Legacy),Hobbies & Interests,Canada,19,$7.33  ~ $18.21 ,$14.10 ,$40.95 ,0.05%,N/A,N/A
Food & Drink (Legacy),Hobbies & Interests,United States,"9,763",$7.96  ~ $8.29 ,$10.92 ,$40.12 ,0.08%,N/A,N/A
Food & Drink (Legacy),Hobbies & Interests,United Kingdom,"7,809",$1.69  ~ $1.69 ,$7.13 ,N/A,0.02%,N/A,N/A
Food & Drink (Legacy),Certified Pre-Owned,United States,1,$13.11  ~ $13.65 ,$13.39 ,N/A,0.10%,N/A,N/A
Food & Drink (Legacy),Certified Pre-Owned,Canada,19,$2.13  ~ $5.35 ,N/A,N/A,N/A,N/A,N/A
Food & Drink (Legacy),Certified Pre-Owned,United Kingdom,4,$27.70  ~ $27.70 ,N/A,N/A,N/A,N/A,N/A
Food & Drink (Legacy),Infertility,United States,121,$4.07  ~ $7.53 ,$31.55 ,N/A,0.02%,N/A,N/A
Food & Drink (Legacy),Cocktails/Beer,Canada,"3,585",$8.05  ~ $8.90 ,$3.30 ,$38.40 ,0.24%,N/A,N/A
Food & Drink (Legacy),Cocktails/Beer,United States,"1,139",$7.71  ~ $8.68 ,$4.96 ,$72.88 ,0.16%,N/A,N/A
Food & Drink (Legacy),Desserts & Baking,Canada,257,$5.60  ~ $5.72 ,$3.69 ,N/A,0.15%,N/A,N/A
Food & Drink (Legacy),Desserts & Baking,United States,119,$4.47  ~ $10.29 ,$4.54 ,N/A,0.10%,N/A,N/A
Food & Drink (Legacy),Movies,United States,51,$6.58  ~ $6.72 ,$8.94 ,N/A,0.08%,N/A,N/A
Food & Drink (Legacy),Buying/Selling Homes,Canada,"3,630",$5.27  ~ $6.53 ,$7.94 ,$40.24 ,0.07%,N/A,N/A
Food & Drink (Legacy),Buying/Selling Homes,United Kingdom,985,$5.92  ~ $7.35 ,$12.44 ,$97.02 ,0.05%,N/A,N/A
Food & Drink (Legacy),Buying/Selling Homes,United States,"2,809",$7.28  ~ $7.70 ,$6.35 ,$46.65 ,0.11%,N/A,N/A
Food & Drink (Legacy),Metals,Canada,"3,015",$6.51  ~ $9.53 ,$8.39 ,$112.11 ,0.08%,N/A,N/A
Food & Drink (Legacy),Metals,United States,"5,849",$6.66  ~ $8.27 ,$7.28 ,$62.30 ,0.11%,N/A,N/A
Food & Drink (Legacy),Metals,United Kingdom,81,$7.87  ~ $8.25 ,$5.13 ,N/A,0.16%,N/A,N/A
Food & Drink (Legacy),Metals,Mexico,3,$0.95  ~ $2.53 ,$1.01 ,N/A,0.25%,N/A,N/A
Food & Drink (Legacy),Agriculture,Canada,195,$4.52  ~ $5.01 ,$6.25 ,$19.57 ,0.07%,N/A,N/A
Food & Drink (Legacy),Agriculture,United States,124,$3.75  ~ $3.81 ,$2.06 ,$46.51 ,0.18%,N/A,N/A
Food & Drink (Legacy),Allergies,United Kingdom,3,$3.38  ~ $7.05 ,N/A,N/A,N/A,N/A,N/A
Food & Drink (Legacy),Allergies,Canada,598,$4.93  ~ $10.32 ,$2.21 ,N/A,0.22%,N/A,N/A
Food & Drink (Legacy),Apartments,United Kingdom,"2,057",$7.17  ~ $7.40 ,$9.93 ,$82.21 ,0.07%,N/A,N/A
Food & Drink (Legacy),Apartments,United States,118,$6.17  ~ $7.26 ,$1.37 ,$20.06 ,0.45%,N/A,N/A
Food & Drink (Legacy),Apartments,Canada,"3,344",$2.63  ~ $6.45 ,$9.10 ,$54.56 ,0.07%,N/A,N/A
Food & Drink (Legacy),Music,United Kingdom,114,$4.03  ~ $6.40 ,$7.86 ,N/A,0.08%,N/A,N/A
Food & Drink (Legacy),Music,United States,"8,781",$6.84  ~ $6.84 ,$11.42 ,$89.76 ,0.06%,N/A,N/A
Food & Drink (Legacy),Music,Canada,"2,880",$3.97  ~ $4.36 ,$4.98 ,$34.22 ,0.09%,N/A,N/A
Food & Drink (Legacy),Interior Decorating,Canada,"6,536",$3.39  ~ $8.04 ,$11.60 ,$70.95 ,0.07%,N/A,N/A
Food & Drink (Legacy),Interior Decorating,United States,"6,620",$6.56  ~ $7.39 ,$6.81 ,$41.87 ,0.11%,N/A,N/A
Food & Drink (Legacy),Interior Decorating,United Kingdom,626,$4.93  ~ $4.93 ,$7.83 ,$64.04 ,0.06%,N/A,N/A
Food & Drink (Legacy),Personal Finance,United States,"23,487",$5.81  ~ $6.81 ,$6.80 ,$80.83 ,0.10%,N/A,N/A
Food & Drink (Legacy),Personal Finance,Canada,"1,171",$5.80  ~ $6.62 ,$10.40 ,$43.77 ,0.06%,N/A,N/A
Food & Drink (Legacy),Personal Finance,United Kingdom,337,$6.80  ~ $9.86 ,$11.74 ,$165.93 ,0.06%,N/A,N/A
Food & Drink (Legacy),Personal Finance,Ireland,12,$7.22  ~ $7.24 ,$13.61 ,$132.93 ,0.05%,N/A,N/A
Food & Drink (Legacy),Internet Technology,United Kingdom,412,$6.34  ~ $7.32 ,$25.19 ,$113.35 ,0.03%,N/A,N/A
Food & Drink (Legacy),Internet Technology,United States,364,$10.16  ~ $10.30 ,$19.31 ,$137.00 ,0.05%,N/A,N/A
Food & Drink (Legacy),Books & Literature,United States,16,$9.13  ~ $20.36 ,$28.94 ,$55.07 ,0.07%,N/A,N/A
Food & Drink (Legacy),Religion & Spirituality,United States,1,$2.31  ~ $4.95 ,N/A,N/A,N/A,N/A,N/A
Food & Drink (Legacy),Credit/Debt & Loans,Mexico,4,$6.48  ~ $15.65 ,$7.53 ,N/A,0.09%,N/A,N/A
Food & Drink (Legacy),Credit/Debt & Loans,Canada,"1,341",$7.21  ~ $7.85 ,$6.95 ,N/A,0.10%,N/A,N/A
Food & Drink (Legacy),Credit/Debt & Loans,United States,"18,875",$8.28  ~ $8.35 ,$8.64 ,$80.10 ,0.10%,N/A,N/A
Food & Drink (Legacy),Credit/Debt & Loans,United Kingdom,659,$5.46  ~ $6.75 ,$11.05 ,$48.47 ,0.06%,N/A,N/A
Food & Drink (Legacy),Senior Living,Canada,166,$3.55  ~ $6.81 ,$3.01 ,N/A,0.12%,N/A,N/A
Food & Drink (Legacy),Senior Living,United States,445,$6.77  ~ $6.79 ,$9.50 ,$55.70 ,0.07%,N/A,N/A
Food & Drink (Legacy),Senior Living,United Kingdom,45,$6.23  ~ $7.03 ,$7.82 ,N/A,0.09%,N/A,N/A
Food & Drink (Legacy),Pets,United States,347,$8.40  ~ $8.63 ,$11.43 ,$127.37 ,0.07%,N/A,N/A
Food & Drink (Legacy),Pets,Canada,84,$8.32  ~ $8.34 ,$22.60 ,$171.22 ,0.04%,N/A,N/A
Food & Drink (Legacy),Antivirus Software,Canada,174,$8.69  ~ $8.69 ,$14.72 ,N/A,0.06%,N/A,N/A
Food & Drink (Legacy),Antivirus Software,United States,534,$8.90  ~ $8.90 ,$13.31 ,$106.46 ,0.07%,N/A,N/A
Food & Drink (Legacy),Family & Parenting,United Kingdom,733,$6.53  ~ $7.33 ,$13.22 ,$176.55 ,0.05%,N/A,N/A
Food & Drink (Legacy),Family & Parenting,United States,"1,045",$7.44  ~ $8.47 ,$3.61 ,$32.69 ,0.21%,N/A,N/A
Food & Drink (Legacy),Family & Parenting,Canada,779,$2.89  ~ $3.55 ,$1.75 ,N/A,0.16%,N/A,N/A
Food & Drink (Legacy),Architects,United Kingdom,3,$7.30  ~ $7.30 ,N/A,N/A,N/A,N/A,N/A
Food & Drink (Legacy),Automotive,Canada,643,$8.00  ~ $9.17 ,$7.16 ,$108.43 ,0.11%,N/A,N/A
Food & Drink (Legacy),Automotive,United States,"12,456",$7.99  ~ $9.65 ,$8.37 ,$114.57 ,0.10%,N/A,N/A
Food & Drink (Legacy),Automotive,United Kingdom,81,$7.27  ~ $14.51 ,$24.79 ,$148.72 ,0.06%,N/A,N/A
Food & Drink (Legacy),Incest/Abuse Support,United States,857,$6.67  ~ $9.94 ,$7.97 ,$80.42 ,0.08%,N/A,N/A
Food & Drink (Legacy),Incest/Abuse Support,Canada,193,$5.75  ~ $7.43 ,$4.70 ,$16.44 ,0.12%,N/A,N/A
Food & Drink (Legacy),Electric Vehicle,Canada,140,$4.64  ~ $11.51 ,$3.25 ,$165.98 ,0.14%,N/A,N/A
Food & Drink (Legacy),Careers,Canada,158,$3.49  ~ $4.68 ,$9.10 ,$117.20 ,0.04%,N/A,N/A
Food & Drink (Legacy),Careers,United States,911,$4.08  ~ $7.58 ,$9.53 ,$53.89 ,0.04%,N/A,N/A
Food & Drink (Legacy),Careers,United Kingdom,240,$5.53  ~ $15.62 ,$7.25 ,$24.96 ,0.08%,N/A,N/A
Food & Drink (Legacy),College,Canada,"1,500",$4.55  ~ $6.81 ,$8.43 ,$32.22 ,0.05%,N/A,N/A
Food & Drink (Legacy),College,United States,"1,688",$6.46  ~ $8.22 ,$5.42 ,$81.65 ,0.15%,N/A,N/A
Food & Drink (Legacy),College,United Kingdom,279,$8.91  ~ $8.94 ,$7.68 ,N/A,0.12%,N/A,N/A
Food & Drink (Legacy),Barbecues & Grilling,Canada,811,$4.80  ~ $11.75 ,$6.78 ,$61.04 ,0.07%,N/A,N/A
Food & Drink (Legacy),Arts & Entertainment,Canada,"2,032",$4.54  ~ $7.94 ,$4.74 ,$62.56 ,0.10%,N/A,N/A
Food & Drink (Legacy),Arts & Entertainment,United States,"4,783",$6.47  ~ $7.37 ,$6.74 ,$36.86 ,0.10%,N/A,N/A
Food & Drink (Legacy),Arts & Entertainment,United Kingdom,660,$3.55  ~ $7.99 ,$11.60 ,$95.65 ,0.03%,N/A,N/A
Food & Drink (Legacy),Arts & Entertainment,Mexico,1,$3.76  ~ $8.06 ,N/A,N/A,N/A,N/A,N/A
Food & Drink (Legacy),Home & Garden,United Kingdom,261,$7.21  ~ $7.45 ,$14.55 ,N/A,0.05%,N/A,N/A
Food & Drink (Legacy),Home & Garden,United States,"8,282",$6.34  ~ $6.96 ,$5.97 ,$31.51 ,0.11%,N/A,N/A
Food & Drink (Legacy),Home & Garden,Canada,"5,493",$2.91  ~ $4.94 ,$9.84 ,$165.84 ,0.05%,N/A,N/A
Food & Drink (Legacy),"Law, Gov't & Politics",United States,30,$1.24  ~ $3.99 ,$3.56 ,N/A,0.11%,N/A,N/A
Food & Drink (Legacy),Pro Basketball,Canada,29,$4.14  ~ $18.98 ,$4.36 ,$8.74 ,0.09%,N/A,N/A
Food & Drink (Legacy),Pro Basketball,United States,887,$7.59  ~ $9.07 ,$11.59 ,$50.58 ,0.07%,N/A,N/A
Food & Drink (Legacy),Pro Basketball,United Kingdom,646,$7.05  ~ $8.17 ,$35.12 ,N/A,0.02%,N/A,N/A
Food & Drink (Legacy),Wine,United States,91,$8.11  ~ $10.04 ,$16.54 ,$214.35 ,0.06%,N/A,N/A
Food & Drink (Legacy),Computer Networking,United States,"1,008",$2.98  ~ $6.44 ,$0.86 ,$10.58 ,0.35%,N/A,N/A
Food & Drink (Legacy),Exercise,Canada,325,$3.36  ~ $3.75 ,$5.85 ,N/A,0.06%,N/A,N/A
Food & Drink (Legacy),Exercise,Mexico,1,$6.08  ~ $6.29 ,N/A,N/A,N/A,N/A,N/A
Food & Drink (Legacy),Exercise,United Kingdom,395,$4.53  ~ $7.78 ,$6.84 ,$134.99 ,0.07%,N/A,N/A
Food & Drink (Legacy),Exercise,United States,552,$5.77  ~ $5.83 ,$8.72 ,$48.25 ,0.07%,N/A,N/A
Food & Drink (Legacy),Pediatrics,United States,218,$8.81  ~ $44.09 ,$14.65 ,N/A,0.06%,N/A,N/A
Food & Drink (Legacy),Bed & Breakfasts,United States,"3,063",$3.25  ~ $4.97 ,$2.15 ,$26.59 ,0.23%,N/A,N/A
Food & Drink (Legacy),Bed & Breakfasts,United Kingdom,109,$7.03  ~ $7.10 ,$16.46 ,$79.71 ,0.04%,N/A,N/A
Food & Drink (Legacy),Bed & Breakfasts,Canada,618,$0.45  ~ $0.45 ,$2.55 ,N/A,0.02%,N/A,N/A
Food & Drink (Legacy),Camping,United States,2,$3.91  ~ $7.32 ,N/A,N/A,N/A,N/A,N/A
Food & Drink (Legacy),Mutual Funds,United States,"2,157",$8.00  ~ $8.23 ,$9.86 ,$105.87 ,0.08%,N/A,N/A
Food & Drink (Legacy),Mutual Funds,Canada,73,$5.20  ~ $5.55 ,$3.02 ,$10.11 ,0.17%,N/A,N/A
Food & Drink (Legacy),Auto Parts,United States,"1,431",$6.62  ~ $7.08 ,$23.63 ,$122.42 ,0.03%,N/A,N/A
Food & Drink (Legacy),Auto Parts,Canada,42,$5.65  ~ $12.85 ,$22.20 ,N/A,0.03%,N/A,N/A
Food & Drink (Legacy),Auto Parts,United Kingdom,76,$8.07  ~ $8.07 ,$16.04 ,N/A,0.05%,N/A,N/A
Food & Drink (Legacy),Road-Side Assistance,Canada,34,$2.15  ~ $5.15 ,$1.25 ,N/A,0.17%,N/A,N/A
Food & Drink (Legacy),Road-Side Assistance,Mexico,28,$4.40  ~ $10.94 ,$13.51 ,N/A,0.03%,N/A,N/A
Food & Drink (Legacy),Road-Side Assistance,United Kingdom,28,$9.85  ~ $21.79 ,$18.05 ,N/A,0.05%,N/A,N/A
Food & Drink (Legacy),Road-Side Assistance,United States,4,$2.45  ~ $6.03 ,N/A,N/A,N/A,N/A,N/A
Food & Drink (Legacy),Hotels,United States,"4,348",$6.68  ~ $7.47 ,$11.88 ,$76.13 ,0.06%,N/A,N/A
Food & Drink (Legacy),Hotels,Canada,409,$4.22  ~ $4.50 ,$4.08 ,$39.06 ,0.10%,N/A,N/A
Food & Drink (Legacy),Hotels,United Kingdom,165,$5.07  ~ $5.70 ,$11.88 ,N/A,0.04%,N/A,N/A
Food & Drink (Legacy),Shopping,United States,"8,661",$5.81  ~ $10.00 ,$6.53 ,$37.25 ,0.09%,N/A,N/A
Food & Drink (Legacy),Shopping,Canada,"2,755",$2.47  ~ $3.81 ,$5.88 ,$68.03 ,0.04%,N/A,N/A
Food & Drink (Legacy),Shopping,United Kingdom,668,$4.84  ~ $5.13 ,$7.32 ,$68.26 ,0.07%,N/A,N/A
Food & Drink (Legacy),Logistics,United Kingdom,462,$5.89  ~ $8.49 ,$8.90 ,$103.76 ,0.10%,N/A,N/A
Food & Drink (Legacy),Logistics,Mexico,5,$2.37  ~ $6.55 ,$6.28 ,N/A,0.10%,N/A,N/A
Food & Drink (Legacy),Logistics,United States,"2,763",$10.26  ~ $10.36 ,$9.71 ,$97.15 ,0.11%,N/A,N/A
Food & Drink (Legacy),Logistics,Canada,"2,587",$5.29  ~ $6.50 ,$7.17 ,$124.50 ,0.09%,N/A,N/A
Food & Drink (Legacy),Biotech/Biomedical,United States,"3,630",$11.78  ~ $36.09 ,$6.07 ,$100.59 ,0.19%,N/A,N/A
Food & Drink (Legacy),Biotech/Biomedical,Canada,"2,717",$6.91  ~ $7.29 ,$3.87 ,$51.82 ,0.18%,N/A,N/A
Food & Drink (Legacy),Biotech/Biomedical,Ireland,1,$6.94  ~ $12.53 ,$6.17 ,N/A,0.20%,N/A,N/A
Food & Drink (Legacy),Biotech/Biomedical,United Kingdom,128,$7.06  ~ $10.26 ,$6.89 ,$27.76 ,0.15%,N/A,N/A
Food & Drink (Legacy),Legal Issues,Canada,"11,390",$5.31  ~ $6.13 ,$7.33 ,$50.81 ,0.08%,N/A,N/A
Food & Drink (Legacy),Legal Issues,United States,"12,314",$7.73  ~ $10.24 ,$9.65 ,$49.89 ,0.08%,N/A,N/A
Food & Drink (Legacy),Legal Issues,United Kingdom,"2,150",$4.30  ~ $5.15 ,$9.42 ,$185.22 ,0.05%,N/A,N/A
Food & Drink (Legacy),Government,United States,202,$7.65  ~ $8.22 ,$9.20 ,N/A,0.08%,N/A,N/A
Food & Drink (Legacy),Education,United States,"3,661",$7.75  ~ $7.81 ,$8.34 ,$90.09 ,0.09%,N/A,N/A
Food & Drink (Legacy),Education,Canada,309,$8.06  ~ $9.82 ,$25.20 ,N/A,0.03%,N/A,N/A
Food & Drink (Legacy),Education,United Kingdom,221,$7.16  ~ $9.98 ,$10.59 ,$108.83 ,0.07%,N/A,N/A
Food & Drink (Legacy),Education,Mexico,1,$8.18  ~ $8.18 ,$3.37 ,$11.22 ,0.24%,N/A,N/A
Food & Drink (Legacy),Dining Out,Canada,"1,652",$7.15  ~ $8.66 ,$10.33 ,$16.10 ,0.07%,N/A,N/A
Food & Drink (Legacy),Dining Out,United States,"2,507",$6.21  ~ $9.01 ,$13.17 ,$84.17 ,0.05%,N/A,N/A
Food & Drink (Legacy),Dining Out,United Kingdom,206,$14.02  ~ $20.60 ,$20.80 ,$489.22 ,0.07%,N/A,N/A
Food & Drink (Legacy),Tax Planning,United States,4,$8.79  ~ $9.08 ,$30.88 ,N/A,0.03%,N/A,N/A
Food & Drink (Legacy),Motorcycles,United States,"2,292",$5.24  ~ $8.04 ,$5.20 ,$40.40 ,0.10%,N/A,N/A
Food & Drink (Legacy),Motorcycles,Canada,117,$4.87  ~ $11.31 ,$3.22 ,$14.74 ,0.15%,N/A,N/A
Food & Drink (Legacy),Cameras & Camcorders,Canada,31,$6.46  ~ $15.88 ,N/A,N/A,N/A,N/A,N/A
Food & Drink (Legacy),Cameras & Camcorders,United States,1,$6.40  ~ $6.53 ,$1.42 ,$1.41 ,0.46%,N/A,N/A
Food & Drink (Legacy),Chronic Pain,United States,114,$12.33  ~ $12.47 ,$46.52 ,N/A,0.03%,N/A,N/A
Food & Drink (Legacy),Fine Art,Canada,97,$6.65  ~ $6.76 ,$2.84 ,N/A,0.23%,N/A,N/A
Food & Drink (Legacy),Fine Art,United Kingdom,"12,593",$7.54  ~ $7.76 ,$22.57 ,$81.97 ,0.03%,N/A,N/A
Food & Drink (Legacy),Fine Art,United States,"1,170",$6.79  ~ $8.02 ,$7.87 ,$40.90 ,0.09%,N/A,N/A
Food & Drink (Legacy),Alternative Medicine,United States,78,$9.09  ~ $10.09 ,$19.99 ,N/A,0.05%,N/A,N/A
Food & Drink (Legacy),Alternative Medicine,Canada,170,$1.55  ~ $1.86 ,$3.17 ,N/A,0.06%,N/A,N/A
Food & Drink (Legacy),Alternative Medicine,United Kingdom,13,$5.44  ~ $5.44 ,N/A,N/A,N/A,N/A,N/A
Food & Drink (Legacy),U.S. Government Resources,United States,83,$6.03  ~ $7.09 ,$4.17 ,N/A,0.14%,N/A,N/A
Food & Drink (Legacy),Sexuality,United States,"6,433",$6.23  ~ $6.88 ,$6.42 ,$46.85 ,0.10%,N/A,N/A
Food & Drink (Legacy),Travel,Canada,19,$7.93  ~ $8.17 ,$9.54 ,$14.78 ,0.09%,N/A,N/A
Food & Drink (Legacy),Travel,United Kingdom,"2,751",$6.04  ~ $6.89 ,$12.96 ,$58.46 ,0.05%,N/A,N/A
Food & Drink (Legacy),Travel,United States,"12,084",$5.19  ~ $5.35 ,$4.08 ,$33.39 ,0.13%,N/A,N/A
Food & Drink (Legacy),Real Estate,United Kingdom,"1,204",$5.20  ~ $6.90 ,$6.15 ,$46.05 ,0.08%,N/A,N/A
Food & Drink (Legacy),Real Estate,United States,"2,489",$6.92  ~ $7.24 ,$3.18 ,$52.76 ,0.22%,N/A,N/A
Food & Drink (Legacy),Real Estate,Canada,963,$4.80  ~ $5.27 ,$5.64 ,$28.81 ,0.09%,N/A,N/A
Food & Drink (Legacy),Construction,United States,356,$4.90  ~ $7.17 ,$1.94 ,$23.41 ,0.25%,N/A,N/A
Food & Drink (Legacy),Construction,Canada,435,$5.93  ~ $13.54 ,$13.21 ,N/A,0.04%,N/A,N/A
Food & Drink (Legacy),Construction,United Kingdom,110,$8.63  ~ $8.71 ,$14.27 ,N/A,0.06%,N/A,N/A
Food & Drink (Legacy),Graduate School,United Kingdom,56,$5.84  ~ $8.47 ,$12.74 ,N/A,0.07%,N/A,N/A
Food & Drink (Legacy),Graduate School,Canada,284,$5.51  ~ $11.55 ,$14.61 ,N/A,0.04%,N/A,N/A
Food & Drink (Legacy),Graduate School,United States,"4,824",$8.22  ~ $8.29 ,$3.59 ,$32.22 ,0.23%,N/A,N/A
Food & Drink (Legacy),Politics,United States,"3,627",$11.98  ~ $12.99 ,$21.00 ,$351.11 ,0.06%,N/A,N/A
Food & Drink (Legacy),Politics,Canada,80,$9.27  ~ $11.72 ,$13.84 ,$135.45 ,0.07%,N/A,N/A
Food & Drink (Legacy),Dogs,United States,"1,942",$3.85  ~ $6.36 ,$5.51 ,$15.93 ,0.07%,N/A,N/A
Food & Drink (Legacy),Dogs,United Kingdom,101,$9.01  ~ $9.01 ,$11.45 ,N/A,0.08%,N/A,N/A
Food & Drink (Legacy),Dogs,Canada,41,$2.35  ~ $5.50 ,N/A,N/A,N/A,N/A,N/A
Food & Drink (Legacy),Senor Health,Canada,281,$6.18  ~ $7.96 ,$4.97 ,N/A,0.12%,N/A,N/A
Food & Drink (Legacy),Senor Health,United States,"1,321",$6.51  ~ $9.30 ,$5.83 ,$26.64 ,0.16%,N/A,N/A
Food & Drink (Legacy),Martial Arts,Canada,29,$2.14  ~ $4.37 ,N/A,N/A,N/A,N/A,N/A
Food & Drink (Legacy),Martial Arts,United States,2,$3.44  ~ $8.15 ,$1.35 ,N/A,0.26%,N/A,N/A
Food & Drink (Legacy),Cold & Flu,Canada,137,$2.14  ~ $4.68 ,$1.88 ,N/A,0.11%,N/A,N/A
Food & Drink (Legacy),Cold & Flu,United States,799,$8.19  ~ $11.79 ,$7.30 ,N/A,0.16%,N/A,N/A
Food & Drink (Legacy),Cold & Flu,United Kingdom,741,$11.40  ~ $25.49 ,$22.22 ,N/A,0.05%,N/A,N/A
Food & Drink (Legacy),Buying/Selling Cars,Canada,"3,522",$5.15  ~ $6.54 ,$10.88 ,$84.35 ,0.05%,N/A,N/A
Food & Drink (Legacy),Buying/Selling Cars,United States,"3,092",$7.19  ~ $7.52 ,$6.63 ,$35.92 ,0.11%,N/A,N/A
Food & Drink (Legacy),Buying/Selling Cars,United Kingdom,511,$7.65  ~ $11.46 ,$10.55 ,$44.50 ,0.11%,N/A,N/A
Food & Drink (Legacy),Buying/Selling Cars,Mexico,2,$16.87  ~ $21.10 ,$13.17 ,N/A,0.13%,N/A,N/A
Food & Drink (Legacy),Alternative Religions,United States,65,$8.10  ~ $8.12 ,$5.83 ,$43.40 ,0.14%,N/A,N/A
Food & Drink (Legacy),Alternative Religions,United Kingdom,2,$5.51  ~ $12.89 ,N/A,N/A,N/A,N/A,N/A
Food & Drink (Legacy),Entertainment,Mexico,19,$0.84  ~ $1.76 ,$0.86 ,N/A,0.10%,N/A,N/A
Food & Drink (Legacy),Entertainment,United States,11,$11.43  ~ $27.13 ,$17.13 ,N/A,0.07%,N/A,N/A
Food & Drink (Legacy),7-12 Education,United States,1,$8.67  ~ $21.17 ,N/A,N/A,N/A,N/A,N/A
Food & Drink (Legacy),Jewelry,Canada,960,$4.00  ~ $4.05 ,$2.19 ,$11.89 ,0.18%,N/A,N/A
Food & Drink (Legacy),Jewelry,United States,"24,690",$1.83  ~ $8.97 ,$0.73 ,$10.18 ,0.25%,N/A,N/A
Food & Drink (Legacy),Air Travel,United States,"4,468",$5.87  ~ $6.24 ,$4.17 ,$66.53 ,0.15%,N/A,N/A
Food & Drink (Legacy),Air Travel,United Kingdom,75,$6.73  ~ $14.30 ,$17.24 ,N/A,0.04%,N/A,N/A
Food & Drink (Legacy),Air Travel,Canada,239,$6.24  ~ $6.48 ,$3.62 ,N/A,0.17%,N/A,N/A
Food & Drink (Legacy),Weight Loss,Canada,7,$0.00  ~ $0.00 ,N/A,N/A,N/A,N/A,N/A
Food & Drink (Legacy),Cocktails/Beer,United Kingdom,227,$0.00  ~ $0.00 ,N/A,N/A,N/A,N/A,N/A
Food & Drink (Legacy),Incest/Abuse Support,Mexico,15,$0.00  ~ $0.00 ,N/A,N/A,N/A,N/A,N/A
Health & Fitness (Legacy),Infertility,United States,223,$4.16  ~ $7.11 ,$19.59 ,N/A,0.04%,N/A,N/A
Health & Fitness (Legacy),Barbecues & Grilling,Canada,155,$4.76  ~ $9.54 ,$10.42 ,N/A,0.05%,N/A,N/A
Health & Fitness (Legacy),Dogs,Canada,2,$2.62  ~ $5.26 ,N/A,N/A,N/A,N/A,N/A
Health & Fitness (Legacy),Dogs,United States,"1,276",$4.12  ~ $6.48 ,$5.19 ,$29.82 ,0.08%,N/A,N/A
Health & Fitness (Legacy),Dogs,United Kingdom,6,$9.08  ~ $9.08 ,$7.82 ,N/A,0.12%,N/A,N/A
Health & Fitness (Legacy),Commentary,United States,10,$14.37  ~ $18.60 ,$361.01 ,N/A,0.01%,N/A,N/A
Health & Fitness (Legacy),News,Canada,12,$0.63  ~ $1.39 ,N/A,N/A,N/A,N/A,N/A
Health & Fitness (Legacy),News,United States,393,$12.35  ~ $16.41 ,$11.44 ,$45.52 ,0.11%,N/A,N/A
Health & Fitness (Legacy),Human Resources,United Kingdom,757,$6.10  ~ $11.22 ,$8.30 ,$87.42 ,0.07%,N/A,N/A
Health & Fitness (Legacy),Human Resources,Mexico,21,$1.78  ~ $2.10 ,$2.89 ,N/A,0.07%,N/A,N/A
Health & Fitness (Legacy),Human Resources,United States,"2,073",$10.44  ~ $11.97 ,$12.94 ,$82.40 ,0.08%,N/A,N/A
Health & Fitness (Legacy),Human Resources,Canada,605,$5.93  ~ $7.14 ,$9.91 ,$35.16 ,0.07%,N/A,N/A
Health & Fitness (Legacy),U.S. Government Resources,United States,8,$6.44  ~ $7.07 ,$3.82 ,N/A,0.17%,N/A,N/A
Health & Fitness (Legacy),Guitar,United States,1,$2.17  ~ $4.61 ,N/A,N/A,N/A,N/A,N/A
Health & Fitness (Legacy),Politics,United States,"3,024",$11.72  ~ $12.47 ,$13.96 ,$143.19 ,0.08%,N/A,N/A
Health & Fitness (Legacy),Politics,Canada,17,$10.63  ~ $15.26 ,$23.83 ,N/A,0.04%,N/A,N/A
Health & Fitness (Legacy),Road-Side Assistance,United States,4,$2.41  ~ $5.70 ,N/A,N/A,N/A,N/A,N/A
Health & Fitness (Legacy),Road-Side Assistance,Canada,1,$2.11  ~ $4.69 ,N/A,N/A,N/A,N/A,N/A
Health & Fitness (Legacy),Road-Side Assistance,Mexico,75,$4.42  ~ $9.26 ,$6.46 ,N/A,0.07%,N/A,N/A
Health & Fitness (Legacy),Road-Side Assistance,United Kingdom,15,$9.86  ~ $22.82 ,$4.76 ,N/A,0.21%,N/A,N/A
Health & Fitness (Legacy),Senor Health,Canada,584,$7.97  ~ $8.20 ,$7.37 ,N/A,0.11%,N/A,N/A
Health & Fitness (Legacy),Senor Health,United States,"1,996",$6.55  ~ $9.86 ,$3.72 ,$32.09 ,0.26%,N/A,N/A
Health & Fitness (Legacy),Desserts & Baking,Canada,3,$2.29  ~ $5.67 ,N/A,N/A,N/A,N/A,N/A
Health & Fitness (Legacy),Desserts & Baking,United States,62,$4.83  ~ $10.01 ,$8.22 ,N/A,0.06%,N/A,N/A
Health & Fitness (Legacy),Hobbies & Interests,United States,"29,074",$7.38  ~ $7.74 ,$12.96 ,$36.79 ,0.06%,N/A,N/A
Health & Fitness (Legacy),Hobbies & Interests,United Kingdom,"3,140",$1.44  ~ $1.44 ,$5.70 ,$2.81 ,0.03%,N/A,N/A
Health & Fitness (Legacy),Hobbies & Interests,Canada,24,$9.71  ~ $22.00 ,$8.65 ,$42.74 ,0.11%,N/A,N/A
Health & Fitness (Legacy),Contests & Freebies,United States,9,$5.66  ~ $8.93 ,$3.52 ,$1.52 ,0.16%,N/A,N/A
Health & Fitness (Legacy),Buying/Selling Cars,Canada,185,$5.38  ~ $6.80 ,$11.60 ,N/A,0.05%,N/A,N/A
Health & Fitness (Legacy),Buying/Selling Cars,United States,"1,372",$6.78  ~ $7.03 ,$9.28 ,$46.21 ,0.07%,N/A,N/A
Health & Fitness (Legacy),Buying/Selling Cars,United Kingdom,60,$9.50  ~ $14.81 ,$10.05 ,N/A,0.15%,N/A,N/A
Health & Fitness (Legacy),Construction,United Kingdom,39,$7.40  ~ $8.81 ,$1.04 ,N/A,0.71%,N/A,N/A
Health & Fitness (Legacy),Construction,United States,305,$6.58  ~ $7.65 ,$1.47 ,N/A,0.45%,N/A,N/A
Health & Fitness (Legacy),Construction,Canada,102,$6.17  ~ $14.64 ,$13.78 ,N/A,0.04%,N/A,N/A
Health & Fitness (Legacy),Job Search,United States,"1,352",$7.96  ~ $8.00 ,$11.46 ,$46.08 ,0.07%,N/A,N/A
Health & Fitness (Legacy),Job Search,United Kingdom,1,$7.19  ~ $16.98 ,$7.06 ,N/A,0.10%,N/A,N/A
Health & Fitness (Legacy),Graduate School,Canada,298,$5.53  ~ $11.86 ,$11.75 ,N/A,0.05%,N/A,N/A
Health & Fitness (Legacy),Graduate School,United States,"3,894",$9.00  ~ $9.52 ,$8.63 ,$70.86 ,0.10%,N/A,N/A
Health & Fitness (Legacy),Graduate School,United Kingdom,44,$5.91  ~ $8.90 ,$7.81 ,N/A,0.11%,N/A,N/A
Health & Fitness (Legacy),Art/Technology,United States,"2,141",$6.79  ~ $6.79 ,$11.74 ,N/A,0.06%,N/A,N/A
Health & Fitness (Legacy),Art/Technology,Canada,4,$6.61  ~ $7.83 ,N/A,N/A,N/A,N/A,N/A
Health & Fitness (Legacy),Art/Technology,United Kingdom,67,$2.54  ~ $2.54 ,N/A,N/A,N/A,N/A,N/A
Health & Fitness (Legacy),Net Conferencing,United States,63,$11.05  ~ $55.01 ,$19.13 ,N/A,0.06%,N/A,N/A
Health & Fitness (Legacy),Net Conferencing,Canada,7,$6.49  ~ $14.20 ,N/A,N/A,N/A,N/A,N/A
Health & Fitness (Legacy),Internet Technology,United States,644,$10.01  ~ $10.22 ,$12.27 ,$57.02 ,0.08%,N/A,N/A
Health & Fitness (Legacy),Remodeling & Construction,Canada,10,$2.63  ~ $6.32 ,$1.96 ,N/A,0.13%,N/A,N/A
Health & Fitness (Legacy),Remodeling & Construction,United States,"8,738",$3.76  ~ $4.44 ,$7.15 ,$33.16 ,0.06%,N/A,N/A
Health & Fitness (Legacy),Credit/Debt & Loans,United States,"15,433",$6.84  ~ $7.90 ,$8.52 ,$80.21 ,0.09%,N/A,N/A
Health & Fitness (Legacy),Credit/Debt & Loans,United Kingdom,128,$4.99  ~ $6.52 ,$6.60 ,N/A,0.10%,N/A,N/A
Health & Fitness (Legacy),Credit/Debt & Loans,Mexico,1,$6.64  ~ $16.53 ,$3.82 ,N/A,0.17%,N/A,N/A
Health & Fitness (Legacy),Credit/Debt & Loans,Canada,147,$7.31  ~ $7.87 ,$7.25 ,N/A,0.10%,N/A,N/A
Health & Fitness (Legacy),Business,United States,"12,540",$7.92  ~ $8.04 ,$11.31 ,$118.71 ,0.07%,N/A,N/A
Health & Fitness (Legacy),Business,United Kingdom,"1,337",$4.96  ~ $5.33 ,$10.12 ,$101.86 ,0.05%,N/A,N/A
Health & Fitness (Legacy),Business,Canada,"1,653",$7.24  ~ $10.04 ,$11.78 ,$55.93 ,0.06%,N/A,N/A
Health & Fitness (Legacy),Business,Mexico,4,$7.14  ~ $7.49 ,$4.31 ,$5.62 ,0.17%,N/A,N/A
Health & Fitness (Legacy),Agriculture,Canada,141,$4.47  ~ $5.05 ,$6.06 ,$13.06 ,0.07%,N/A,N/A
Health & Fitness (Legacy),Agriculture,United States,55,$3.88  ~ $4.02 ,$3.40 ,N/A,0.11%,N/A,N/A
Health & Fitness (Legacy),Food & Drink,United States,"1,046",$6.20  ~ $7.66 ,$5.09 ,$21.21 ,0.12%,N/A,N/A
Health & Fitness (Legacy),Food & Drink,Canada,3,$5.64  ~ $11.68 ,$5.99 ,N/A,0.09%,N/A,N/A
Health & Fitness (Legacy),Health/Lowfat Cooking,Canada,6,$3.02  ~ $12.07 ,$7.64 ,N/A,0.16%,N/A,N/A
Health & Fitness (Legacy),Health/Lowfat Cooking,United States,359,$9.25  ~ $9.73 ,$12.56 ,$78.93 ,0.07%,N/A,N/A
Health & Fitness (Legacy),Health/Lowfat Cooking,United Kingdom,31,$5.54  ~ $5.54 ,$10.74 ,N/A,0.05%,N/A,N/A
Health & Fitness (Legacy),Local News,United States,13,$9.05  ~ $22.52 ,$12.25 ,N/A,0.07%,N/A,N/A
Health & Fitness (Legacy),Certified Pre-Owned,United States,6,$12.45  ~ $13.62 ,N/A,N/A,N/A,N/A,N/A
Health & Fitness (Legacy),Certified Pre-Owned,Canada,1,$2.23  ~ $4.91 ,N/A,N/A,N/A,N/A,N/A
Health & Fitness (Legacy),Certified Pre-Owned,United Kingdom,3,$27.69  ~ $27.69 ,N/A,N/A,N/A,N/A,N/A
Health & Fitness (Legacy),Body Art,United States,3,$2.05  ~ $4.95 ,N/A,N/A,N/A,N/A,N/A
Health & Fitness (Legacy),Career Planning,United States,271,$11.05  ~ $11.80 ,$14.27 ,$141.23 ,0.08%,N/A,N/A
Health & Fitness (Legacy),Career Planning,Canada,325,$7.26  ~ $8.80 ,$10.57 ,N/A,0.07%,N/A,N/A
Health & Fitness (Legacy),Career Planning,United Kingdom,2,$8.50  ~ $8.55 ,$8.78 ,N/A,0.10%,N/A,N/A
Health & Fitness (Legacy),U.S. Military,United States,80,$2.27  ~ $2.30 ,$3.15 ,$2.88 ,0.07%,N/A,N/A
Health & Fitness (Legacy),Interior Decorating,United States,"2,891",$6.82  ~ $7.35 ,$10.73 ,$51.10 ,0.07%,N/A,N/A
Health & Fitness (Legacy),Interior Decorating,United Kingdom,97,$4.92  ~ $5.02 ,$8.82 ,N/A,0.06%,N/A,N/A
Health & Fitness (Legacy),Interior Decorating,Canada,350,$5.63  ~ $8.09 ,$9.96 ,$36.23 ,0.08%,N/A,N/A
Health & Fitness (Legacy),Jewelry,United States,"16,523",$2.11  ~ $8.16 ,$1.79 ,$23.85 ,0.12%,N/A,N/A
Health & Fitness (Legacy),Jewelry,Canada,41,$4.02  ~ $4.07 ,$2.27 ,$12.30 ,0.18%,N/A,N/A
Health & Fitness (Legacy),Cancer,United Kingdom,2,$6.60  ~ $6.60 ,$6.21 ,N/A,0.11%,N/A,N/A
Health & Fitness (Legacy),Cancer,United States,"1,662",$11.00  ~ $13.51 ,$22.83 ,$117.34 ,0.06%,N/A,N/A
Health & Fitness (Legacy),Large Animals,United States,1,$13.29  ~ $32.39 ,$3.64 ,N/A,0.36%,N/A,N/A
Health & Fitness (Legacy),Honeymoons/Getaways,United States,776,$8.55  ~ $9.02 ,$8.26 ,$61.77 ,0.10%,N/A,N/A
Health & Fitness (Legacy),Honeymoons/Getaways,Canada,73,$9.52  ~ $9.62 ,$14.32 ,$28.34 ,0.07%,N/A,N/A
Health & Fitness (Legacy),Honeymoons/Getaways,United Kingdom,78,$7.32  ~ $8.29 ,$7.75 ,$44.61 ,0.11%,N/A,N/A
Health & Fitness (Legacy),Education,United States,"4,282",$7.36  ~ $7.43 ,$12.38 ,$62.66 ,0.06%,N/A,N/A
Health & Fitness (Legacy),Education,United Kingdom,209,$6.88  ~ $8.99 ,$13.85 ,N/A,0.05%,N/A,N/A
Health & Fitness (Legacy),Education,Canada,4,$7.97  ~ $9.81 ,N/A,N/A,N/A,N/A,N/A
Health & Fitness (Legacy),Education,Mexico,3,$8.17  ~ $8.17 ,$7.59 ,N/A,0.11%,N/A,N/A
Health & Fitness (Legacy),Education,Ireland,8,$10.14  ~ $10.14 ,$7.38 ,N/A,0.14%,N/A,N/A
Health & Fitness (Legacy),Fashion,United States,9,$8.18  ~ $20.25 ,$8.25 ,N/A,0.10%,N/A,N/A
Health & Fitness (Legacy),Financial Aid,United States,58,$7.98  ~ $8.29 ,N/A,N/A,N/A,N/A,N/A
Health & Fitness (Legacy),Real Estate,United Kingdom,264,$5.44  ~ $6.97 ,$6.97 ,$35.72 ,0.08%,N/A,N/A
Health & Fitness (Legacy),Real Estate,United States,"2,274",$6.47  ~ $6.85 ,$5.70 ,$41.23 ,0.11%,N/A,N/A
Health & Fitness (Legacy),Real Estate,Canada,32,$4.36  ~ $5.47 ,$6.71 ,$29.00 ,0.08%,N/A,N/A
Health & Fitness (Legacy),Metals,Canada,"1,284",$7.87  ~ $12.10 ,$18.12 ,$496.29 ,0.04%,N/A,N/A
Health & Fitness (Legacy),Metals,United States,"5,609",$8.76  ~ $8.80 ,$10.96 ,$118.31 ,0.08%,N/A,N/A
Health & Fitness (Legacy),Metals,United Kingdom,43,$7.45  ~ $8.26 ,$19.64 ,N/A,0.04%,N/A,N/A
Health & Fitness (Legacy),Metals,Mexico,1,$0.71  ~ $2.21 ,$1.86 ,N/A,0.12%,N/A,N/A
Health & Fitness (Legacy),Senior Living,Canada,104,$3.60  ~ $6.77 ,$1.21 ,N/A,0.30%,N/A,N/A
Health & Fitness (Legacy),Senior Living,United States,314,$6.83  ~ $6.86 ,$8.59 ,$53.85 ,0.08%,N/A,N/A
Health & Fitness (Legacy),Senior Living,United Kingdom,10,$6.40  ~ $7.39 ,$12.84 ,N/A,0.06%,N/A,N/A
Health & Fitness (Legacy),Card Games,United States,"1,298",$9.80  ~ $11.36 ,$11.56 ,$96.86 ,0.08%,N/A,N/A
Health & Fitness (Legacy),Card Games,Canada,"1,023",$6.23  ~ $6.88 ,$10.54 ,$100.63 ,0.06%,N/A,N/A
Health & Fitness (Legacy),Card Games,United Kingdom,24,$7.50  ~ $7.56 ,$22.21 ,$80.63 ,0.03%,N/A,N/A
Health & Fitness (Legacy),Marketing,Canada,652,$2.75  ~ $6.25 ,$1.89 ,$45.34 ,0.15%,N/A,N/A
Health & Fitness (Legacy),Marketing,United States,155,$6.94  ~ $8.36 ,$7.25 ,$49.10 ,0.12%,N/A,N/A
Health & Fitness (Legacy),Investing,United Kingdom,1,$7.06  ~ $7.82 ,N/A,N/A,N/A,N/A,N/A
Health & Fitness (Legacy),Investing,United States,889,$7.47  ~ $7.55 ,$17.95 ,$56.17 ,0.04%,N/A,N/A
Health & Fitness (Legacy),Investing,Canada,20,$8.50  ~ $8.50 ,N/A,N/A,N/A,N/A,N/A
Health & Fitness (Legacy),"Law, Gov't & Politics",United States,43,$1.24  ~ $3.81 ,$10.26 ,N/A,0.04%,N/A,N/A
Health & Fitness (Legacy),Home Repair,United Kingdom,35,$6.84  ~ $8.72 ,$5.39 ,$25.59 ,0.13%,N/A,N/A
Health & Fitness (Legacy),Home Repair,Canada,50,$5.02  ~ $5.19 ,$2.14 ,N/A,0.24%,N/A,N/A
Health & Fitness (Legacy),Home Repair,United States,"2,691",$7.65  ~ $8.44 ,$10.50 ,$87.84 ,0.07%,N/A,N/A
Health & Fitness (Legacy),Travel,United States,"5,431",$5.08  ~ $5.99 ,$5.58 ,$44.32 ,0.11%,N/A,N/A
Health & Fitness (Legacy),Travel,Ireland,3,$4.15  ~ $4.44 ,$1.75 ,$2.29 ,0.25%,N/A,N/A
Health & Fitness (Legacy),Travel,Canada,3,$6.50  ~ $7.79 ,$4.64 ,$5.93 ,0.17%,N/A,N/A
Health & Fitness (Legacy),Travel,United Kingdom,520,$5.46  ~ $6.15 ,$10.52 ,$48.72 ,0.05%,N/A,N/A
Health & Fitness (Legacy),Advertising,Canada,141,$7.41  ~ $8.04 ,$6.64 ,N/A,0.11%,N/A,N/A
Health & Fitness (Legacy),Advertising,United Kingdom,48,$7.90  ~ $9.05 ,$13.34 ,N/A,0.07%,N/A,N/A
Health & Fitness (Legacy),Advertising,United States,"3,895",$9.45  ~ $11.26 ,$9.36 ,$88.79 ,0.12%,N/A,N/A
Health & Fitness (Legacy),Advertising,Ireland,1,$9.90  ~ $10.22 ,$8.71 ,N/A,0.11%,N/A,N/A
Health & Fitness (Legacy),Advertising,Mexico,1,$1.24  ~ $1.73 ,$0.81 ,N/A,0.21%,N/A,N/A
Health & Fitness (Legacy),Health & Fitness,Canada,"18,615",$5.81  ~ $8.08 ,$9.92 ,$99.35 ,0.08%,N/A,N/A
Health & Fitness (Legacy),Health & Fitness,United States,"35,081",$9.76  ~ $10.36 ,$10.57 ,$56.60 ,0.09%,N/A,N/A
Health & Fitness (Legacy),Health & Fitness,United Kingdom,734,$6.50  ~ $6.67 ,$8.21 ,$183.91 ,0.08%,N/A,N/A
Health & Fitness (Legacy),Health & Fitness,Ireland,10,$1.43  ~ $1.48 ,$1.66 ,N/A,0.09%,N/A,N/A
Health & Fitness (Legacy),Alternative Medicine,United States,124,$9.10  ~ $18.20 ,$22.54 ,N/A,0.08%,N/A,N/A
Health & Fitness (Legacy),Alternative Medicine,Canada,41,$1.63  ~ $1.91 ,N/A,N/A,N/A,N/A,N/A
Health & Fitness (Legacy),Cigars,United States,"2,714",$7.13  ~ $7.16 ,$11.91 ,$109.43 ,0.06%,N/A,N/A
Health & Fitness (Legacy),Cigars,United Kingdom,503,$3.27  ~ $15.55 ,$5.09 ,$26.75 ,0.06%,N/A,N/A
Health & Fitness (Legacy),Cigars,Canada,209,$4.09  ~ $4.09 ,N/A,N/A,N/A,N/A,N/A
Health & Fitness (Legacy),Investors & Patents,United States,"3,170",$7.19  ~ $9.46 ,$7.18 ,$54.09 ,0.13%,N/A,N/A
Health & Fitness (Legacy),Investors & Patents,Canada,151,$6.07  ~ $6.16 ,$6.99 ,$17.33 ,0.09%,N/A,N/A
Health & Fitness (Legacy),Investors & Patents,United Kingdom,4,$6.36  ~ $9.62 ,N/A,N/A,N/A,N/A,N/A
Health & Fitness (Legacy),Investors & Patents,Mexico,1,$3.90  ~ $7.99 ,$3.96 ,N/A,0.10%,N/A,N/A
Health & Fitness (Legacy),Computer Peripherals,United States,"1,766",$8.04  ~ $12.07 ,$9.06 ,N/A,0.13%,N/A,N/A
Health & Fitness (Legacy),Computer Peripherals,Canada,689,$4.16  ~ $5.63 ,$8.03 ,$38.46 ,0.07%,N/A,N/A
Health & Fitness (Legacy),Computer Peripherals,United Kingdom,5,$13.61  ~ $15.08 ,N/A,N/A,N/A,N/A,N/A
Health & Fitness (Legacy),Cold & Flu,United States,688,$9.55  ~ $14.36 ,$15.05 ,N/A,0.10%,N/A,N/A
Health & Fitness (Legacy),Cold & Flu,Canada,81,$2.17  ~ $4.72 ,N/A,N/A,N/A,N/A,N/A
Health & Fitness (Legacy),Cold & Flu,United Kingdom,203,$8.93  ~ $19.74 ,$17.41 ,N/A,0.05%,N/A,N/A
Health & Fitness (Legacy),Incest/Abuse Support,Canada,33,$5.92  ~ $7.40 ,N/A,N/A,N/A,N/A,N/A
Health & Fitness (Legacy),Incest/Abuse Support,United States,"1,136",$14.85  ~ $16.89 ,$16.31 ,$39.26 ,0.09%,N/A,N/A
Health & Fitness (Legacy),Collecting,United States,16,$5.17  ~ $8.10 ,$21.65 ,N/A,0.04%,N/A,N/A
Health & Fitness (Legacy),Technology & Computing,United States,993,$6.55  ~ $6.65 ,$17.65 ,$51.27 ,0.04%,N/A,N/A
Health & Fitness (Legacy),Technology & Computing,Canada,271,$5.04  ~ $6.45 ,$9.33 ,N/A,0.07%,N/A,N/A
Health & Fitness (Legacy),Technology & Computing,United Kingdom,195,$4.45  ~ $10.62 ,$10.79 ,$61.32 ,0.10%,N/A,N/A
Health & Fitness (Legacy),Chronic Pain,United States,70,$12.60  ~ $12.68 ,$29.86 ,N/A,0.04%,N/A,N/A
Health & Fitness (Legacy),Style & Fashion,United States,55,$4.18  ~ $8.24 ,$7.39 ,N/A,0.11%,N/A,N/A
Health & Fitness (Legacy),Legal Issues,United States,"10,621",$7.71  ~ $9.48 ,$9.68 ,$44.31 ,0.08%,N/A,N/A
Health & Fitness (Legacy),Legal Issues,United Kingdom,562,$4.81  ~ $5.22 ,$10.11 ,$193.98 ,0.05%,N/A,N/A
Health & Fitness (Legacy),Legal Issues,Canada,"13,390",$6.56  ~ $6.78 ,$8.15 ,$53.41 ,0.08%,N/A,N/A
Health & Fitness (Legacy),Tax Planning,United States,15,$8.77  ~ $10.06 ,$12.55 ,$11.45 ,0.07%,N/A,N/A
Health & Fitness (Legacy),Network Security,United States,2,$2.20  ~ $2.44 ,N/A,N/A,N/A,N/A,N/A
Health & Fitness (Legacy),Network Security,Canada,1,$2.11  ~ $4.48 ,N/A,N/A,N/A,N/A,N/A
Health & Fitness (Legacy),Arthritis,United States,2,$5.58  ~ $5.67 ,$9.63 ,$28.89 ,0.06%,N/A,N/A
Health & Fitness (Legacy),Pets,United States,438,$8.33  ~ $8.43 ,$12.68 ,$112.01 ,0.07%,N/A,N/A
Health & Fitness (Legacy),Pets,Canada,11,$8.31  ~ $8.33 ,$20.87 ,$448.46 ,0.04%,N/A,N/A
Health & Fitness (Legacy),Football,Canada,469,$4.86  ~ $5.69 ,$5.47 ,$16.40 ,0.10%,N/A,N/A
Health & Fitness (Legacy),Football,United States,512,$6.65  ~ $8.31 ,$6.99 ,$47.85 ,0.10%,N/A,N/A
Health & Fitness (Legacy),Football,United Kingdom,1,$7.82  ~ $7.82 ,$22.38 ,N/A,0.03%,N/A,N/A
Health & Fitness (Legacy),Hotels,United States,"2,764",$6.04  ~ $7.70 ,$8.88 ,$51.98 ,0.09%,N/A,N/A
Health & Fitness (Legacy),Hotels,Canada,37,$3.82  ~ $4.07 ,$1.10 ,$9.90 ,0.37%,N/A,N/A
Health & Fitness (Legacy),Hotels,United Kingdom,49,$3.86  ~ $4.08 ,$6.88 ,$20.66 ,0.06%,N/A,N/A
Health & Fitness (Legacy),Careers,Canada,92,$3.62  ~ $3.82 ,$31.66 ,$63.01 ,0.01%,N/A,N/A
Health & Fitness (Legacy),Careers,United States,933,$3.09  ~ $7.77 ,$5.65 ,$81.49 ,0.05%,N/A,N/A
Health & Fitness (Legacy),Careers,United Kingdom,29,$6.49  ~ $15.46 ,$9.86 ,N/A,0.07%,N/A,N/A
Health & Fitness (Legacy),Adult Education,Canada,9,$4.48  ~ $6.80 ,N/A,N/A,N/A,N/A,N/A
Health & Fitness (Legacy),Adult Education,United Kingdom,9,$7.48  ~ $8.66 ,$2.99 ,N/A,0.29%,N/A,N/A
Health & Fitness (Legacy),Adult Education,United States,38,$3.09  ~ $10.75 ,$13.75 ,$30.32 ,0.08%,N/A,N/A
Health & Fitness (Legacy),Arts & Crafts,United States,"1,861",$4.93  ~ $10.40 ,$5.44 ,$271.42 ,0.09%,N/A,N/A
Health & Fitness (Legacy),Religion & Spirituality,United States,1,$2.06  ~ $4.90 ,N/A,N/A,N/A,N/A,N/A
Health & Fitness (Legacy),Appliances,United States,"3,371",$8.36  ~ $8.46 ,$11.55 ,$91.78 ,0.07%,N/A,N/A
Health & Fitness (Legacy),Appliances,Canada,188,$7.71  ~ $8.48 ,$7.99 ,N/A,0.10%,N/A,N/A
Health & Fitness (Legacy),Appliances,United Kingdom,9,$6.76  ~ $6.93 ,$8.17 ,N/A,0.08%,N/A,N/A
Health & Fitness (Legacy),College,Canada,652,$4.88  ~ $6.78 ,$10.02 ,N/A,0.05%,N/A,N/A
Health & Fitness (Legacy),College,United States,"1,542",$6.42  ~ $8.49 ,$9.12 ,$127.20 ,0.09%,N/A,N/A
Health & Fitness (Legacy),College,United Kingdom,171,$8.09  ~ $8.54 ,$8.27 ,N/A,0.10%,N/A,N/A
Health & Fitness (Legacy),Coffee/Tea,United States,"3,096",$5.22  ~ $6.70 ,$3.98 ,$13.69 ,0.13%,N/A,N/A
Health & Fitness (Legacy),Camping,United States,2,$3.47  ~ $4.71 ,N/A,N/A,N/A,N/A,N/A
Health & Fitness (Legacy),Retirement Planning,United Kingdom,5,$5.89  ~ $11.87 ,$12.14 ,N/A,0.05%,N/A,N/A
Health & Fitness (Legacy),Retirement Planning,United States,24,$8.04  ~ $19.09 ,$10.40 ,$1.50 ,0.18%,N/A,N/A
Health & Fitness (Legacy),Video & Computer Games,United States,8,$0.00  ~ $2.70 ,N/A,N/A,N/A,N/A,N/A
Health & Fitness (Legacy),Dermatology,United States,35,$6.52  ~ $6.61 ,$9.99 ,N/A,0.07%,N/A,N/A
Health & Fitness (Legacy),Stocks,United States,1,$9.48  ~ $9.48 ,N/A,N/A,N/A,N/A,N/A
Health & Fitness (Legacy),Air Travel,United States,"4,553",$5.83  ~ $6.16 ,$7.10 ,$42.92 ,0.09%,N/A,N/A
Health & Fitness (Legacy),Air Travel,United Kingdom,9,$6.68  ~ $13.48 ,N/A,N/A,N/A,N/A,N/A
Health & Fitness (Legacy),Air Travel,Canada,5,$6.27  ~ $6.55 ,$3.73 ,N/A,0.17%,N/A,N/A
Health & Fitness (Legacy),Dental Care,United States,119,$3.12  ~ $3.46 ,$9.83 ,N/A,0.04%,N/A,N/A
Health & Fitness (Legacy),Dental Care,Canada,8,$2.21  ~ $5.43 ,N/A,N/A,N/A,N/A,N/A
Health & Fitness (Legacy),Psychology/Psychiatry,United States,"6,943",$6.78  ~ $8.27 ,$10.64 ,$87.74 ,0.08%,N/A,N/A
Health & Fitness (Legacy),Psychology/Psychiatry,Canada,"1,061",$6.07  ~ $6.08 ,$9.66 ,$26.47 ,0.06%,N/A,N/A
Health & Fitness (Legacy),Psychology/Psychiatry,United Kingdom,489,$7.69  ~ $8.22 ,$6.29 ,$64.29 ,0.12%,N/A,N/A
Health & Fitness (Legacy),Cuisine-Specific,United States,40,$1.37  ~ $1.37 ,$2.50 ,N/A,0.05%,N/A,N/A
Health & Fitness (Legacy),Home & Garden,United States,"6,519",$6.16  ~ $6.43 ,$8.85 ,$55.76 ,0.07%,N/A,N/A
Health & Fitness (Legacy),Home & Garden,Canada,"4,943",$2.89  ~ $4.75 ,$7.77 ,N/A,0.06%,N/A,N/A
Health & Fitness (Legacy),Home & Garden,United Kingdom,88,$6.92  ~ $7.03 ,$13.21 ,N/A,0.05%,N/A,N/A
Health & Fitness (Legacy),Trucks & Accessories,United States,901,$5.57  ~ $5.66 ,$7.75 ,$33.79 ,0.07%,N/A,N/A
Health & Fitness (Legacy),Logistics,United States,"2,914",$11.60  ~ $13.32 ,$9.18 ,$129.98 ,0.13%,N/A,N/A
Health & Fitness (Legacy),Logistics,Canada,360,$4.79  ~ $8.15 ,$6.29 ,$43.32 ,0.13%,N/A,N/A
Health & Fitness (Legacy),Logistics,United Kingdom,180,$6.01  ~ $8.22 ,$6.97 ,N/A,0.12%,N/A,N/A
Health & Fitness (Legacy),Nutrition,United States,556,$8.95  ~ $9.54 ,$16.83 ,$53.30 ,0.06%,N/A,N/A
Health & Fitness (Legacy),Nutrition,Canada,"2,414",$3.10  ~ $3.93 ,$2.92 ,$10.02 ,0.11%,N/A,N/A
Health & Fitness (Legacy),Nutrition,United Kingdom,6,$9.58  ~ $9.58 ,$22.07 ,N/A,0.04%,N/A,N/A
Health & Fitness (Legacy),Cell Phones,United States,48,$10.58  ~ $10.58 ,$31.90 ,N/A,0.03%,N/A,N/A
Health & Fitness (Legacy),Motorcycles,United States,"2,467",$4.52  ~ $8.06 ,$11.05 ,$38.63 ,0.04%,N/A,N/A
Health & Fitness (Legacy),Motorcycles,Canada,4,$4.88  ~ $11.74 ,$2.09 ,N/A,0.23%,N/A,N/A
Health & Fitness (Legacy),Movies,United States,52,$6.36  ~ $6.43 ,$3.54 ,N/A,0.18%,N/A,N/A
Health & Fitness (Legacy),Music,United Kingdom,64,$4.72  ~ $6.39 ,$10.79 ,N/A,0.06%,N/A,N/A
Health & Fitness (Legacy),Music,United States,"5,523",$6.57  ~ $6.63 ,$11.58 ,$96.76 ,0.06%,N/A,N/A
Health & Fitness (Legacy),Music,Canada,36,$3.93  ~ $4.29 ,$3.12 ,$28.17 ,0.14%,N/A,N/A
Health & Fitness (Legacy),Off-Road Vehicles,United States,44,$7.61  ~ $19.24 ,$10.02 ,$31.82 ,0.08%,N/A,N/A
Health & Fitness (Legacy),Off-Road Vehicles,Canada,2,$6.69  ~ $15.81 ,N/A,N/A,N/A,N/A,N/A
Health & Fitness (Legacy),Electric Vehicle,Canada,35,$4.71  ~ $9.56 ,$3.69 ,N/A,0.13%,N/A,N/A
Health & Fitness (Legacy),Babies & Toddlers,United States,28,$9.09  ~ $10.10 ,$9.81 ,$58.70 ,0.09%,N/A,N/A
Health & Fitness (Legacy),Accessories,United States,402,$12.18  ~ $14.58 ,$5.31 ,N/A,0.23%,N/A,N/A
Health & Fitness (Legacy),Auto Parts,United States,"1,553",$5.98  ~ $7.21 ,$13.99 ,$81.87 ,0.04%,N/A,N/A
Health & Fitness (Legacy),Auto Parts,Canada,6,$5.97  ~ $14.47 ,$8.06 ,N/A,0.07%,N/A,N/A
Health & Fitness (Legacy),Auto Parts,United Kingdom,9,$7.14  ~ $7.14 ,$14.00 ,N/A,0.05%,N/A,N/A
Health & Fitness (Legacy),Government,Canada,1,$10.22  ~ $10.22 ,$9.14 ,N/A,0.11%,N/A,N/A
Health & Fitness (Legacy),Government,United States,96,$8.50  ~ $8.54 ,$9.56 ,N/A,0.09%,N/A,N/A
Health & Fitness (Legacy),Exercise,Canada,65,$3.90  ~ $5.18 ,$8.13 ,N/A,0.06%,N/A,N/A
Health & Fitness (Legacy),Exercise,Mexico,3,$4.93  ~ $4.96 ,N/A,N/A,N/A,N/A,N/A
Health & Fitness (Legacy),Exercise,United Kingdom,66,$3.72  ~ $7.30 ,$7.60 ,$45.71 ,0.05%,N/A,N/A
Health & Fitness (Legacy),Exercise,United States,683,$5.49  ~ $5.54 ,$13.25 ,$89.72 ,0.04%,N/A,N/A
Health & Fitness (Legacy),Adventure Travel,United States,328,$3.28  ~ $14.47 ,$14.79 ,$44.00 ,0.02%,N/A,N/A
Health & Fitness (Legacy),Catholicism,United States,22,$6.60  ~ $9.15 ,N/A,N/A,N/A,N/A,N/A
Health & Fitness (Legacy),Insurance,Canada,"2,994",$6.18  ~ $8.35 ,$13.24 ,$27.04 ,0.05%,N/A,N/A
Health & Fitness (Legacy),Insurance,United States,"4,673",$8.44  ~ $8.77 ,$5.94 ,$83.84 ,0.14%,N/A,N/A
Health & Fitness (Legacy),Insurance,United Kingdom,455,$4.57  ~ $5.07 ,$4.99 ,$28.34 ,0.10%,N/A,N/A
Health & Fitness (Legacy),Gardening,United States,"4,859",$5.28  ~ $6.99 ,$6.87 ,$50.53 ,0.08%,N/A,N/A
Health & Fitness (Legacy),Gardening,United Kingdom,112,$0.00  ~ $2.27 ,$3.20 ,$33.87 ,0.07%,N/A,N/A
Health & Fitness (Legacy),Gardening,Canada,848,$3.02  ~ $5.35 ,$4.43 ,$8.67 ,0.12%,N/A,N/A
Health & Fitness (Legacy),Biotech/Biomedical,United States,"2,704",$13.73  ~ $46.15 ,$8.24 ,$68.82 ,0.17%,N/A,N/A
Health & Fitness (Legacy),Biotech/Biomedical,Canada,"3,966",$6.81  ~ $9.99 ,$5.41 ,$89.95 ,0.13%,N/A,N/A
Health & Fitness (Legacy),Biotech/Biomedical,United Kingdom,16,$7.02  ~ $10.28 ,$7.75 ,$22.35 ,0.13%,N/A,N/A
Health & Fitness (Legacy),Architects,United Kingdom,1,$7.30  ~ $7.30 ,N/A,N/A,N/A,N/A,N/A
Health & Fitness (Legacy),Mutual Funds,United States,"1,940",$7.81  ~ $8.20 ,$11.03 ,$96.05 ,0.07%,N/A,N/A
Health & Fitness (Legacy),Mutual Funds,United Kingdom,2,$17.67  ~ $40.01 ,N/A,N/A,N/A,N/A,N/A
Health & Fitness (Legacy),Beauty,United Kingdom,101,$7.06  ~ $7.74 ,$15.68 ,$62.41 ,0.05%,N/A,N/A
Health & Fitness (Legacy),Beauty,Canada,"15,752",$2.59  ~ $2.81 ,N/A,N/A,N/A,N/A,N/A
Health & Fitness (Legacy),Beauty,United States,627,$7.87  ~ $8.64 ,$19.03 ,$86.44 ,0.05%,N/A,N/A
Health & Fitness (Legacy),Automotive,Canada,60,$8.14  ~ $9.20 ,$4.77 ,$118.29 ,0.17%,N/A,N/A
Health & Fitness (Legacy),Automotive,United States,"5,550",$7.55  ~ $9.55 ,$7.97 ,$52.04 ,0.09%,N/A,N/A
Health & Fitness (Legacy),Automotive,United Kingdom,37,$7.26  ~ $16.31 ,$22.70 ,N/A,0.07%,N/A,N/A
Health & Fitness (Legacy),Weight Loss,Mexico,"5,595",$1.40  ~ $3.44 ,$1.20 ,N/A,0.12%,N/A,N/A
Health & Fitness (Legacy),Weight Loss,United Kingdom,91,$8.18  ~ $8.20 ,$16.62 ,$166.19 ,0.05%,N/A,N/A
Health & Fitness (Legacy),Weight Loss,United States,101,$3.91  ~ $3.97 ,$8.30 ,N/A,0.05%,N/A,N/A
Health & Fitness (Legacy),Dining Out,United Kingdom,51,$15.55  ~ $20.66 ,$25.85 ,N/A,0.06%,N/A,N/A
Health & Fitness (Legacy),Dining Out,Canada,44,$7.36  ~ $8.30 ,$14.80 ,N/A,0.05%,N/A,N/A
Health & Fitness (Legacy),Dining Out,United States,"1,859",$5.74  ~ $9.81 ,$7.74 ,$83.65 ,0.07%,N/A,N/A
Health & Fitness (Legacy),Entertainment,United States,4,$11.56  ~ $23.83 ,$18.61 ,N/A,0.06%,N/A,N/A
Health & Fitness (Legacy),Entertainment,Mexico,38,$1.03  ~ $2.25 ,$0.94 ,N/A,0.11%,N/A,N/A
Health & Fitness (Legacy),Entertainment,Canada,4,$6.60  ~ $13.94 ,N/A,N/A,N/A,N/A,N/A
Health & Fitness (Legacy),Shopping,United Kingdom,156,$5.89  ~ $6.40 ,$7.66 ,$37.79 ,0.08%,N/A,N/A
Health & Fitness (Legacy),Shopping,United States,"6,392",$3.65  ~ $8.22 ,$5.71 ,$50.69 ,0.06%,N/A,N/A
Health & Fitness (Legacy),Shopping,Canada,136,$2.25  ~ $3.37 ,$6.51 ,$22.15 ,0.03%,N/A,N/A
Health & Fitness (Legacy),Distance Learning,United States,177,$11.19  ~ $12.25 ,$39.39 ,$172.15 ,0.03%,N/A,N/A
Health & Fitness (Legacy),Physical Therapy,Canada,7,$3.11  ~ $5.18 ,N/A,N/A,N/A,N/A,N/A
Health & Fitness (Legacy),Physical Therapy,United Kingdom,5,$6.52  ~ $6.52 ,$12.72 ,N/A,0.05%,N/A,N/A
Health & Fitness (Legacy),Physical Therapy,United States,87,$11.08  ~ $16.24 ,$3.83 ,N/A,0.29%,N/A,N/A
Health & Fitness (Legacy),Daycare/Pre School,United States,26,$2.01  ~ $3.70 ,N/A,N/A,N/A,N/A,N/A
Health & Fitness (Legacy),Hunting/Shooting,United States,18,$5.72  ~ $5.72 ,$14.83 ,N/A,0.04%,N/A,N/A
Health & Fitness (Legacy),Martial Arts,United States,3,$2.77  ~ $6.31 ,N/A,N/A,N/A,N/A,N/A
Health & Fitness (Legacy),Martial Arts,Canada,13,$2.15  ~ $4.80 ,N/A,N/A,N/A,N/A,N/A
Health & Fitness (Legacy),Parenting - K-6 Kids,United States,52,$1.63  ~ $2.03 ,$8.84 ,N/A,0.02%,N/A,N/A
Health & Fitness (Legacy),Environmental Safety,Canada,1,$2.15  ~ $4.47 ,N/A,N/A,N/A,N/A,N/A
Health & Fitness (Legacy),Environmental Safety,United States,101,$7.98  ~ $8.17 ,$9.31 ,N/A,0.09%,N/A,N/A
Health & Fitness (Legacy),Weddings,United States,31,$6.09  ~ $6.56 ,$9.33 ,$6.03 ,0.07%,N/A,N/A
Health & Fitness (Legacy),Weddings,Canada,2,$2.21  ~ $5.50 ,N/A,N/A,N/A,N/A,N/A
Health & Fitness (Legacy),Pro Basketball,Canada,35,$4.66  ~ $14.81 ,$3.59 ,N/A,0.13%,N/A,N/A
Health & Fitness (Legacy),Pro Basketball,United States,400,$7.74  ~ $8.70 ,$6.06 ,$45.53 ,0.13%,N/A,N/A
Health & Fitness (Legacy),Pro Basketball,United Kingdom,71,$6.98  ~ $8.19 ,$18.00 ,$71.05 ,0.05%,N/A,N/A
Health & Fitness (Legacy),Landscaping,Canada,7,$2.09  ~ $4.69 ,N/A,N/A,N/A,N/A,N/A
Health & Fitness (Legacy),Landscaping,United States,128,$4.65  ~ $5.34 ,$11.79 ,N/A,0.05%,N/A,N/A
Health & Fitness (Legacy),Alternative Religions,United States,32,$8.03  ~ $8.20 ,$11.46 ,$18.28 ,0.07%,N/A,N/A
Health & Fitness (Legacy),Alternative Religions,United Kingdom,6,$6.07  ~ $13.41 ,N/A,N/A,N/A,N/A,N/A
Health & Fitness (Legacy),Entertaining,United States,68,$2.53  ~ $4.59 ,$2.17 ,N/A,0.12%,N/A,N/A
Health & Fitness (Legacy),Arts & Entertainment,United States,"2,737",$6.92  ~ $8.05 ,$11.45 ,$100.36 ,0.06%,N/A,N/A
Health & Fitness (Legacy),Arts & Entertainment,United Kingdom,329,$5.31  ~ $7.92 ,$8.19 ,$71.83 ,0.06%,N/A,N/A
Health & Fitness (Legacy),Arts & Entertainment,Mexico,1,$3.14  ~ $6.45 ,N/A,N/A,N/A,N/A,N/A
Health & Fitness (Legacy),Arts & Entertainment,Canada,139,$5.05  ~ $8.38 ,$4.90 ,N/A,0.10%,N/A,N/A
Health & Fitness (Legacy),Theme Parks,United States,48,$6.04  ~ $6.04 ,$7.33 ,N/A,0.08%,N/A,N/A
Health & Fitness (Legacy),Theme Parks,Canada,142,$4.97  ~ $12.07 ,$4.00 ,$36.03 ,0.12%,N/A,N/A
Health & Fitness (Legacy),Buying/Selling Homes,Canada,561,$5.28  ~ $6.55 ,$9.32 ,$39.14 ,0.06%,N/A,N/A
Health & Fitness (Legacy),Buying/Selling Homes,United Kingdom,298,$5.93  ~ $7.26 ,$12.25 ,$233.91 ,0.05%,N/A,N/A
Health & Fitness (Legacy),Buying/Selling Homes,United States,"2,064",$7.84  ~ $8.13 ,$8.84 ,$66.67 ,0.09%,N/A,N/A
Health & Fitness (Legacy),Pediatrics,United States,504,$10.03  ~ $38.23 ,$14.45 ,N/A,0.07%,N/A,N/A
Health & Fitness (Legacy),Wine,United States,43,$8.08  ~ $9.89 ,$17.89 ,$195.98 ,0.06%,N/A,N/A
Health & Fitness (Legacy),Wine,Ireland,3,$5.32  ~ $12.50 ,N/A,N/A,N/A,N/A,N/A
Health & Fitness (Legacy),Cocktails/Beer,Canada,11,$8.70  ~ $11.09 ,$5.73 ,N/A,0.15%,N/A,N/A
Health & Fitness (Legacy),Cocktails/Beer,United States,902,$7.49  ~ $8.21 ,$16.10 ,$234.14 ,0.05%,N/A,N/A
Health & Fitness (Legacy),Sexuality,United States,"4,435",$6.47  ~ $6.85 ,$3.16 ,$53.10 ,0.20%,N/A,N/A
Health & Fitness (Legacy),Fine Art,United States,"1,282",$6.93  ~ $7.58 ,$13.11 ,$71.84 ,0.05%,N/A,N/A
Health & Fitness (Legacy),Fine Art,Canada,57,$6.82  ~ $6.87 ,$5.76 ,N/A,0.12%,N/A,N/A
Health & Fitness (Legacy),Fine Art,United Kingdom,"1,769",$6.90  ~ $7.10 ,$24.18 ,$86.83 ,0.03%,N/A,N/A
Health & Fitness (Legacy),Antivirus Software,Canada,21,$8.94  ~ $8.94 ,$15.77 ,N/A,0.06%,N/A,N/A
Health & Fitness (Legacy),Antivirus Software,United States,413,$9.06  ~ $9.06 ,$10.78 ,N/A,0.08%,N/A,N/A
Health & Fitness (Legacy),Family & Parenting,United States,974,$7.23  ~ $8.57 ,$5.68 ,$48.54 ,0.13%,N/A,N/A
Health & Fitness (Legacy),Family & Parenting,Canada,65,$2.99  ~ $3.55 ,$1.00 ,N/A,0.30%,N/A,N/A
Health & Fitness (Legacy),Family & Parenting,United Kingdom,90,$7.24  ~ $7.59 ,$16.69 ,$198.95 ,0.04%,N/A,N/A
Health & Fitness (Legacy),K-6 Educators,United States,797,$6.11  ~ $10.14 ,$3.80 ,$28.72 ,0.16%,N/A,N/A
Health & Fitness (Legacy),K-6 Educators,United Kingdom,2,$6.41  ~ $7.07 ,N/A,N/A,N/A,N/A,N/A
Health & Fitness (Legacy),K-6 Educators,Canada,2,$2.95  ~ $11.97 ,N/A,N/A,N/A,N/A,N/A
Health & Fitness (Legacy),Computer Networking,United States,"1,102",$2.89  ~ $6.87 ,$1.82 ,$12.74 ,0.16%,N/A,N/A
Health & Fitness (Legacy),Auto Repair,Canada,733,$6.16  ~ $6.26 ,$12.35 ,N/A,0.05%,N/A,N/A
Health & Fitness (Legacy),Auto Repair,United States,851,$7.27  ~ $9.08 ,$17.61 ,$123.29 ,0.05%,N/A,N/A
Health & Fitness (Legacy),Apartments,United Kingdom,372,$7.18  ~ $7.49 ,$7.89 ,$51.30 ,0.09%,N/A,N/A
Health & Fitness (Legacy),Apartments,United States,148,$5.78  ~ $7.57 ,$3.09 ,$23.73 ,0.19%,N/A,N/A
Health & Fitness (Legacy),Apartments,Canada,13,$3.12  ~ $6.44 ,$2.42 ,$19.36 ,0.27%,N/A,N/A
Health & Fitness (Legacy),Green Solutions,Canada,804,$3.76  ~ $4.22 ,$5.66 ,$42.47 ,0.07%,N/A,N/A
Health & Fitness (Legacy),Green Solutions,United States,"2,428",$6.67  ~ $6.77 ,$6.71 ,$71.59 ,0.10%,N/A,N/A
Health & Fitness (Legacy),Green Solutions,United Kingdom,3,$6.65  ~ $7.53 ,$2.81 ,N/A,0.24%,N/A,N/A
Health & Fitness (Legacy),Books & Literature,United States,315,$6.24  ~ $10.25 ,$1.93 ,$108.53 ,0.53%,N/A,N/A
Health & Fitness (Legacy),Books & Literature,United Kingdom,500,$5.93  ~ $5.93 ,$1.06 ,$10.63 ,0.56%,N/A,N/A
Health & Fitness (Legacy),Veterinary Medicine,United States,13,$6.12  ~ $13.18 ,$12.31 ,N/A,0.05%,N/A,N/A
Health & Fitness (Legacy),Veterinary Medicine,Canada,2,$2.35  ~ $4.85 ,N/A,N/A,N/A,N/A,N/A
Health & Fitness (Legacy),Couponing,Canada,171,$5.18  ~ $11.65 ,$4.16 ,N/A,0.12%,N/A,N/A
Health & Fitness (Legacy),Couponing,United States,"2,440",$4.13  ~ $4.31 ,$7.99 ,$48.68 ,0.05%,N/A,N/A
Health & Fitness (Legacy),Clothing,United Kingdom,10,$9.31  ~ $9.31 ,$31.21 ,$93.63 ,0.03%,N/A,N/A
Health & Fitness (Legacy),Clothing,Canada,287,$4.67  ~ $7.25 ,$2.09 ,$15.81 ,0.22%,N/A,N/A
Health & Fitness (Legacy),Clothing,United States,"4,762",$7.48  ~ $7.61 ,$9.27 ,$44.32 ,0.08%,N/A,N/A
Health & Fitness (Legacy),Allergies,United Kingdom,3,$3.41  ~ $7.63 ,N/A,N/A,N/A,N/A,N/A
Health & Fitness (Legacy),Allergies,Canada,13,$5.02  ~ $10.40 ,$2.04 ,N/A,0.25%,N/A,N/A
Health & Fitness (Legacy),Television,United States,2,$16.13  ~ $38.19 ,$4.09 ,$11.87 ,0.39%,N/A,N/A
Health & Fitness (Legacy),Television,United Kingdom,8,$7.16  ~ $7.45 ,$3.15 ,$31.48 ,0.24%,N/A,N/A
Health & Fitness (Legacy),Swimming,United States,48,$2.16  ~ $8.22 ,$21.48 ,N/A,0.04%,N/A,N/A
Health & Fitness (Legacy),Homework/Study Tips,United States,16,$2.13  ~ $4.94 ,N/A,N/A,N/A,N/A,N/A
Health & Fitness (Legacy),Stamps & Coins,United States,13,$3.57  ~ $7.79 ,N/A,N/A,N/A,N/A,N/A
Health & Fitness (Legacy),Birdwatching,United States,98,$4.21  ~ $6.78 ,$21.59 ,N/A,0.03%,N/A,N/A
Health & Fitness (Legacy),Birdwatching,Canada,15,$10.24  ~ $20.67 ,$11.50 ,N/A,0.09%,N/A,N/A
Health & Fitness (Legacy),Bed & Breakfasts,United States,"2,255",$1.34  ~ $4.70 ,$4.71 ,$27.08 ,0.10%,N/A,N/A
Health & Fitness (Legacy),Bed & Breakfasts,United Kingdom,12,$7.75  ~ $7.86 ,$22.84 ,N/A,0.03%,N/A,N/A
Health & Fitness (Legacy),Bed & Breakfasts,Canada,385,$0.39  ~ $0.39 ,N/A,N/A,N/A,N/A,N/A
Health & Fitness (Legacy),Radio,United States,89,$5.79  ~ $6.43 ,$5.18 ,N/A,0.12%,N/A,N/A
Health & Fitness (Legacy),Cruises,United States,"1,278",$6.95  ~ $9.52 ,$8.64 ,$46.02 ,0.11%,N/A,N/A
Health & Fitness (Legacy),Cruises,United Kingdom,15,$5.52  ~ $5.79 ,$18.38 ,N/A,0.03%,N/A,N/A
Health & Fitness (Legacy),Cruises,Canada,142,$6.13  ~ $6.90 ,$3.43 ,$23.93 ,0.18%,N/A,N/A
Health & Fitness (Legacy),Mountain Biking,Canada,12,$6.48  ~ $6.68 ,$2.67 ,N/A,0.24%,N/A,N/A
Health & Fitness (Legacy),Mountain Biking,United States,10,$6.37  ~ $6.71 ,$1.29 ,N/A,0.49%,N/A,N/A
Health & Fitness (Legacy),Personal Finance,Ireland,69,$7.18  ~ $7.20 ,$17.03 ,$66.73 ,0.04%,N/A,N/A
Health & Fitness (Legacy),Personal Finance,Mexico,3,$4.06  ~ $16.42 ,N/A,N/A,N/A,N/A,N/A
Health & Fitness (Legacy),Personal Finance,United States,"15,357",$6.22  ~ $6.84 ,$8.33 ,$78.55 ,0.08%,N/A,N/A
Health & Fitness (Legacy),Personal Finance,Canada,257,$5.25  ~ $5.45 ,$15.77 ,$36.45 ,0.03%,N/A,N/A
Health & Fitness (Legacy),Personal Finance,United Kingdom,162,$5.32  ~ $10.22 ,$9.66 ,$69.08 ,0.06%,N/A,N/A
Health & Fitness (Legacy),Business Software,Canada,332,$8.89  ~ $9.76 ,$11.80 ,$67.89 ,0.08%,N/A,N/A
Health & Fitness (Legacy),Business Software,United Kingdom,197,$9.59  ~ $12.96 ,$11.90 ,$265.01 ,0.11%,N/A,N/A
Health & Fitness (Legacy),Business Software,Ireland,1,$8.70  ~ $8.83 ,$7.40 ,$14.52 ,0.12%,N/A,N/A
Health & Fitness (Legacy),Business Software,United States,"3,432",$10.99  ~ $11.99 ,$10.66 ,$134.32 ,0.10%,N/A,N/A
Health & Fitness (Legacy),Cocktails/Beer,United Kingdom,18,$0.00  ~ $0.00 ,N/A,N/A,N/A,N/A,N/A
Health & Fitness (Legacy),Incest/Abuse Support,Mexico,1,$0.00  ~ $0.00 ,N/A,N/A,N/A,N/A,N/A
Hobbies & Interests (Legacy),Style & Fashion,United States,955,$4.17  ~ $7.06 ,$9.24 ,$40.91 ,0.08%,N/A,N/A
Hobbies & Interests (Legacy),Clothing,Mexico,59,$3.99  ~ $4.63 ,$9.19 ,N/A,0.05%,N/A,N/A
Hobbies & Interests (Legacy),Clothing,United Kingdom,145,$6.00  ~ $8.45 ,$8.36 ,$23.87 ,0.07%,N/A,N/A
Hobbies & Interests (Legacy),Clothing,Canada,995,$5.68  ~ $7.22 ,$3.31 ,$29.87 ,0.17%,N/A,N/A
Hobbies & Interests (Legacy),Clothing,United States,"46,156",$5.85  ~ $6.25 ,$7.21 ,$33.37 ,0.08%,N/A,N/A
Hobbies & Interests (Legacy),Internet Technology,United Kingdom,98,$6.34  ~ $6.62 ,$19.59 ,$261.19 ,0.03%,N/A,N/A
Hobbies & Interests (Legacy),Internet Technology,United States,"6,360",$4.87  ~ $5.68 ,$13.05 ,$182.69 ,0.04%,N/A,N/A
Hobbies & Interests (Legacy),Remodeling & Construction,United States,"102,993",$3.24  ~ $3.67 ,$6.15 ,$30.77 ,0.06%,N/A,N/A
Hobbies & Interests (Legacy),Remodeling & Construction,Canada,357,$2.32  ~ $5.20 ,$1.17 ,$9.99 ,0.20%,N/A,N/A
Hobbies & Interests (Legacy),Net Conferencing,United States,378,$22.91  ~ $53.06 ,$220.73 ,N/A,0.01%,N/A,N/A
Hobbies & Interests (Legacy),Net Conferencing,Canada,26,$5.33  ~ $12.00 ,$5.82 ,N/A,0.09%,N/A,N/A
Hobbies & Interests (Legacy),Body Art,United States,8,$2.06  ~ $4.97 ,N/A,N/A,N/A,N/A,N/A
Hobbies & Interests (Legacy),Entertainment,United States,133,$9.83  ~ $21.50 ,$16.96 ,N/A,0.06%,N/A,N/A
Hobbies & Interests (Legacy),Entertainment,Mexico,"2,171",$0.77  ~ $1.82 ,$2.34 ,N/A,0.03%,N/A,N/A
Hobbies & Interests (Legacy),Arthritis,United States,210,$5.30  ~ $5.37 ,$6.47 ,$55.02 ,0.08%,N/A,N/A
Hobbies & Interests (Legacy),College,Canada,350,$4.39  ~ $6.84 ,$8.05 ,$24.77 ,0.05%,N/A,N/A
Hobbies & Interests (Legacy),College,United States,"16,670",$5.98  ~ $7.46 ,$9.13 ,$74.20 ,0.08%,N/A,N/A
Hobbies & Interests (Legacy),College,United Kingdom,"1,154",$7.50  ~ $8.16 ,$6.36 ,$85.27 ,0.12%,N/A,N/A
Hobbies & Interests (Legacy),Veterinary Medicine,United States,"2,750",$4.08  ~ $5.75 ,$9.53 ,N/A,0.04%,N/A,N/A
Hobbies & Interests (Legacy),Veterinary Medicine,Canada,12,$2.23  ~ $4.72 ,N/A,N/A,N/A,N/A,N/A
Hobbies & Interests (Legacy),Mountain Biking,United States,212,$6.50  ~ $6.63 ,$12.47 ,N/A,0.05%,N/A,N/A
Hobbies & Interests (Legacy),Mountain Biking,Canada,95,$6.52  ~ $6.72 ,$3.46 ,$17.63 ,0.19%,N/A,N/A
Hobbies & Interests (Legacy),Gardening,United States,"32,984",$6.42  ~ $6.63 ,$9.51 ,$73.55 ,0.07%,N/A,N/A
Hobbies & Interests (Legacy),Gardening,United Kingdom,652,$0.00  ~ $2.00 ,$2.98 ,$21.73 ,0.07%,N/A,N/A
Hobbies & Interests (Legacy),Gardening,Canada,605,$2.18  ~ $4.55 ,$6.12 ,$30.68 ,0.07%,N/A,N/A
Hobbies & Interests (Legacy),K-6 Educators,Canada,2,$2.60  ~ $11.72 ,N/A,N/A,N/A,N/A,N/A
Hobbies & Interests (Legacy),K-6 Educators,United States,430,$7.64  ~ $9.56 ,$13.33 ,$161.39 ,0.06%,N/A,N/A
Hobbies & Interests (Legacy),K-6 Educators,United Kingdom,29,$6.80  ~ $7.04 ,$31.92 ,N/A,0.02%,N/A,N/A
Hobbies & Interests (Legacy),Daycare/Pre School,United States,94,$2.00  ~ $3.27 ,$4.49 ,N/A,0.07%,N/A,N/A
Hobbies & Interests (Legacy),Daycare/Pre School,Canada,3,$2.18  ~ $4.44 ,N/A,N/A,N/A,N/A,N/A
Hobbies & Interests (Legacy),Computer Networking,United States,"4,566",$2.41  ~ $5.35 ,$1.57 ,$14.11 ,0.15%,N/A,N/A
Hobbies & Interests (Legacy),Alternative Medicine,United States,"1,020",$7.27  ~ $9.67 ,$17.60 ,$355.72 ,0.05%,N/A,N/A
Hobbies & Interests (Legacy),Alternative Medicine,Canada,90,$1.38  ~ $1.73 ,$2.76 ,N/A,0.06%,N/A,N/A
Hobbies & Interests (Legacy),Alternative Medicine,United Kingdom,30,$5.42  ~ $5.42 ,N/A,N/A,N/A,N/A,N/A
Hobbies & Interests (Legacy),Environmental Safety,United States,820,$8.40  ~ $9.98 ,$42.18 ,$567.16 ,0.02%,N/A,N/A
Hobbies & Interests (Legacy),Environmental Safety,Canada,8,$2.10  ~ $5.17 ,N/A,N/A,N/A,N/A,N/A
Hobbies & Interests (Legacy),Large Animals,United States,56,$12.56  ~ $30.65 ,N/A,N/A,N/A,N/A,N/A
Hobbies & Interests (Legacy),Comparison,Mexico,45,$3.25  ~ $3.53 ,$1.38 ,N/A,0.24%,N/A,N/A
Hobbies & Interests (Legacy),Comparison,United States,57,$3.74  ~ $9.18 ,$3.89 ,N/A,0.10%,N/A,N/A
Hobbies & Interests (Legacy),Career Planning,Mexico,6,$7.20  ~ $7.34 ,$2.33 ,N/A,0.31%,N/A,N/A
Hobbies & Interests (Legacy),Career Planning,United States,"1,277",$8.64  ~ $8.64 ,$15.06 ,$458.85 ,0.06%,N/A,N/A
Hobbies & Interests (Legacy),Career Planning,Canada,389,$6.10  ~ $7.96 ,$43.39 ,N/A,0.01%,N/A,N/A
Hobbies & Interests (Legacy),Hobbies & Interests,Canada,2,$7.73  ~ $17.36 ,$7.90 ,N/A,0.10%,N/A,N/A
Hobbies & Interests (Legacy),Hobbies & Interests,United States,"15,861",$7.33  ~ $8.35 ,$13.68 ,$86.51 ,0.06%,N/A,N/A
Hobbies & Interests (Legacy),Hobbies & Interests,United Kingdom,"6,330",$1.59  ~ $1.59 ,$6.31 ,$7.81 ,0.03%,N/A,N/A
Hobbies & Interests (Legacy),Books & Literature,United States,141,$8.82  ~ $18.25 ,$140.18 ,N/A,0.01%,N/A,N/A
Hobbies & Interests (Legacy),Camping,United States,93,$4.80  ~ $6.64 ,N/A,N/A,N/A,N/A,N/A
Hobbies & Interests (Legacy),Eldercare,United States,1,$21.23  ~ $21.23 ,N/A,N/A,N/A,N/A,N/A
Hobbies & Interests (Legacy),Commentary,United States,207,$17.67  ~ $29.98 ,$42.77 ,N/A,0.07%,N/A,N/A
Hobbies & Interests (Legacy),Shopping,United Kingdom,"1,898",$3.74  ~ $4.38 ,$8.64 ,$52.14 ,0.05%,N/A,N/A
Hobbies & Interests (Legacy),Shopping,United States,"161,046",$3.77  ~ $5.30 ,$5.62 ,$34.10 ,0.07%,N/A,N/A
Hobbies & Interests (Legacy),Shopping,Canada,"1,989",$1.82  ~ $2.43 ,$5.40 ,$28.26 ,0.03%,N/A,N/A
Hobbies & Interests (Legacy),Computer Certification,United States,9,$5.35  ~ $13.30 ,N/A,N/A,N/A,N/A,N/A
Hobbies & Interests (Legacy),Physical Therapy,United States,"12,993",$11.88  ~ $26.12 ,$9.29 ,N/A,0.13%,N/A,N/A
Hobbies & Interests (Legacy),Physical Therapy,Canada,34,$2.89  ~ $5.86 ,N/A,N/A,N/A,N/A,N/A
Hobbies & Interests (Legacy),Physical Therapy,United Kingdom,242,$6.34  ~ $6.34 ,$33.62 ,N/A,0.02%,N/A,N/A
Hobbies & Interests (Legacy),Off-Road Vehicles,United States,620,$8.13  ~ $17.63 ,$11.20 ,$34.06 ,0.07%,N/A,N/A
Hobbies & Interests (Legacy),Off-Road Vehicles,Canada,6,$6.21  ~ $12.81 ,$4.65 ,N/A,0.13%,N/A,N/A
Hobbies & Interests (Legacy),Off-Road Vehicles,United Kingdom,1,$8.26  ~ $17.63 ,$6.33 ,$50.67 ,0.13%,N/A,N/A
Hobbies & Interests (Legacy),Astrology,Canada,1,$2.05  ~ $4.89 ,N/A,N/A,N/A,N/A,N/A
Hobbies & Interests (Legacy),Arts & Crafts,United States,"24,131",$1.78  ~ $3.85 ,$4.34 ,$30.09 ,0.04%,N/A,N/A
Hobbies & Interests (Legacy),Chronic Pain,United States,117,$7.64  ~ $66.65 ,$30.76 ,$210.11 ,0.02%,N/A,N/A
Hobbies & Interests (Legacy),Barbecues & Grilling,Canada,"3,258",$4.84  ~ $10.70 ,$8.03 ,$36.15 ,0.06%,N/A,N/A
Hobbies & Interests (Legacy),Thyroid Disease,United States,71,$31.45  ~ $74.66 ,$68.00 ,N/A,0.05%,N/A,N/A
Hobbies & Interests (Legacy),Politics,United States,"48,947",$10.22  ~ $10.76 ,$25.07 ,$294.18 ,0.04%,N/A,N/A
Hobbies & Interests (Legacy),Politics,Canada,29,$13.28  ~ $14.46 ,$17.00 ,$268.57 ,0.08%,N/A,N/A
Hobbies & Interests (Legacy),Business,Ireland,2,$9.04  ~ $9.46 ,$8.19 ,$22.30 ,0.11%,N/A,N/A
Hobbies & Interests (Legacy),Business,Mexico,147,$2.40  ~ $3.75 ,$2.73 ,N/A,0.14%,N/A,N/A
Hobbies & Interests (Legacy),Business,United Kingdom,"8,781",$4.62  ~ $5.15 ,$6.02 ,$41.09 ,0.09%,N/A,N/A
Hobbies & Interests (Legacy),Business,United States,"146,231",$6.10  ~ $6.47 ,$10.85 ,$97.61 ,0.06%,N/A,N/A
Hobbies & Interests (Legacy),Business,Canada,"1,730",$0.44  ~ $7.95 ,$13.32 ,$125.09 ,0.00%,N/A,N/A
Hobbies & Interests (Legacy),Investors & Patents,United States,"30,496",$5.41  ~ $5.96 ,$6.94 ,$111.45 ,0.09%,N/A,N/A
Hobbies & Interests (Legacy),Investors & Patents,Canada,42,$4.02  ~ $6.03 ,$5.46 ,N/A,0.07%,N/A,N/A
Hobbies & Interests (Legacy),Investors & Patents,United Kingdom,4,$6.34  ~ $8.49 ,$13.13 ,N/A,0.06%,N/A,N/A
Hobbies & Interests (Legacy),Investors & Patents,Mexico,777,$4.78  ~ $11.44 ,$4.49 ,$45.62 ,0.11%,N/A,N/A
Hobbies & Interests (Legacy),Dermatology,Canada,4,$2.21  ~ $5.33 ,N/A,N/A,N/A,N/A,N/A
Hobbies & Interests (Legacy),Dermatology,United States,506,$6.38  ~ $6.49 ,$20.22 ,N/A,0.03%,N/A,N/A
Hobbies & Interests (Legacy),Theme Parks,United States,897,$15.19  ~ $15.19 ,$67.01 ,$165.45 ,0.02%,N/A,N/A
Hobbies & Interests (Legacy),Theme Parks,Canada,252,$4.98  ~ $11.13 ,$3.61 ,$30.65 ,0.14%,N/A,N/A
Hobbies & Interests (Legacy),Cocktails/Beer,Canada,17,$10.51  ~ $12.66 ,$5.92 ,N/A,0.18%,N/A,N/A
Hobbies & Interests (Legacy),Cocktails/Beer,United States,"8,014",$7.29  ~ $7.86 ,$11.48 ,$163.97 ,0.07%,N/A,N/A
Hobbies & Interests (Legacy),News,United States,"8,631",$9.56  ~ $11.15 ,$14.29 ,$83.65 ,0.07%,N/A,N/A
Hobbies & Interests (Legacy),News,Canada,5,$7.03  ~ $14.93 ,$9.17 ,$45.84 ,0.08%,N/A,N/A
Hobbies & Interests (Legacy),Beauty,Canada,114,$2.01  ~ $2.49 ,$4.51 ,N/A,0.04%,N/A,N/A
Hobbies & Interests (Legacy),Beauty,United States,"9,758",$6.71  ~ $8.08 ,$6.30 ,$33.49 ,0.13%,N/A,N/A
Hobbies & Interests (Legacy),Beauty,United Kingdom,"4,847",$6.79  ~ $7.10 ,$12.59 ,$109.94 ,0.06%,N/A,N/A
Hobbies & Interests (Legacy),Jewelry,Canada,977,$3.78  ~ $3.84 ,$3.70 ,$8.00 ,0.10%,N/A,N/A
Hobbies & Interests (Legacy),Jewelry,United States,"17,667",$2.38  ~ $6.76 ,$4.18 ,$30.05 ,0.06%,N/A,N/A
Hobbies & Interests (Legacy),Art/Technology,United States,"27,653",$6.41  ~ $6.51 ,$13.56 ,$218.02 ,0.05%,N/A,N/A
Hobbies & Interests (Legacy),Art/Technology,Canada,37,$6.82  ~ $7.57 ,$10.53 ,$10.09 ,0.06%,N/A,N/A
Hobbies & Interests (Legacy),Art/Technology,United Kingdom,116,$2.49  ~ $2.49 ,$2.58 ,$2.58 ,0.10%,N/A,N/A
Hobbies & Interests (Legacy),Dining Out,United Kingdom,168,$12.48  ~ $20.27 ,$24.30 ,N/A,0.05%,N/A,N/A
Hobbies & Interests (Legacy),Dining Out,Canada,253,$5.75  ~ $6.20 ,$13.68 ,$90.33 ,0.04%,N/A,N/A
Hobbies & Interests (Legacy),Dining Out,United States,"21,366",$7.06  ~ $10.41 ,$18.23 ,$114.96 ,0.04%,N/A,N/A
Hobbies & Interests (Legacy),Celebrity Fan/Gossip,United States,3,$6.66  ~ $14.15 ,N/A,N/A,N/A,N/A,N/A
Hobbies & Interests (Legacy),Hunting/Shooting,United States,951,$4.40  ~ $4.40 ,N/A,N/A,N/A,N/A,N/A
Hobbies & Interests (Legacy),Accessories,United States,"1,525",$10.49  ~ $14.12 ,$4.37 ,N/A,0.24%,N/A,N/A
Hobbies & Interests (Legacy),Accessories,Canada,1,$2.11  ~ $4.75 ,N/A,N/A,N/A,N/A,N/A
Hobbies & Interests (Legacy),Swimming,United States,"1,430",$2.16  ~ $8.10 ,$26.40 ,$166.76 ,0.03%,N/A,N/A
Hobbies & Interests (Legacy),Electric Vehicle,United States,11,$2.05  ~ $4.95 ,N/A,N/A,N/A,N/A,N/A
Hobbies & Interests (Legacy),Electric Vehicle,Canada,911,$4.70  ~ $11.36 ,$3.47 ,$41.60 ,0.14%,N/A,N/A
Hobbies & Interests (Legacy),Forestry,United States,11,$6.08  ~ $13.64 ,N/A,N/A,N/A,N/A,N/A
Hobbies & Interests (Legacy),Teens,United States,37,$7.90  ~ $15.91 ,$11.64 ,N/A,0.07%,N/A,N/A
Hobbies & Interests (Legacy),Appliances,Canada,391,$6.87  ~ $9.00 ,$3.78 ,N/A,0.18%,N/A,N/A
Hobbies & Interests (Legacy),Appliances,United Kingdom,227,$6.74  ~ $6.77 ,$3.03 ,N/A,0.22%,N/A,N/A
Hobbies & Interests (Legacy),Appliances,United States,"31,374",$7.69  ~ $7.79 ,$10.61 ,$95.14 ,0.07%,N/A,N/A
Hobbies & Interests (Legacy),"Law, Gov't & Politics",United States,67,$1.24  ~ $4.24 ,$30.83 ,N/A,0.01%,N/A,N/A
Hobbies & Interests (Legacy),U.S. Government Resources,United States,474,$6.75  ~ $7.16 ,$4.49 ,N/A,0.15%,N/A,N/A
Hobbies & Interests (Legacy),Local News,United States,17,$7.99  ~ $16.64 ,$68.91 ,N/A,0.01%,N/A,N/A
Hobbies & Interests (Legacy),Adventure Travel,United States,"4,195",$3.12  ~ $14.41 ,$5.35 ,$17.12 ,0.06%,N/A,N/A
Hobbies & Interests (Legacy),Insurance,United Kingdom,"2,285",$4.43  ~ $4.99 ,$3.72 ,$43.75 ,0.13%,N/A,N/A
Hobbies & Interests (Legacy),Insurance,Canada,170,$5.22  ~ $8.01 ,$7.35 ,$59.69 ,0.07%,N/A,N/A
Hobbies & Interests (Legacy),Insurance,United States,"54,965",$7.68  ~ $7.75 ,$9.55 ,$150.88 ,0.08%,N/A,N/A
Hobbies & Interests (Legacy),Business Software,Mexico,1,$5.39  ~ $6.63 ,$1.17 ,N/A,0.46%,N/A,N/A
Hobbies & Interests (Legacy),Business Software,Canada,"2,092",$7.35  ~ $10.71 ,$7.87 ,$122.68 ,0.14%,N/A,N/A
Hobbies & Interests (Legacy),Business Software,United Kingdom,"1,816",$13.79  ~ $15.16 ,$8.76 ,$100.04 ,0.16%,N/A,N/A
Hobbies & Interests (Legacy),Business Software,Ireland,1,$7.97  ~ $8.98 ,$7.72 ,N/A,0.12%,N/A,N/A
Hobbies & Interests (Legacy),Business Software,United States,"42,672",$9.35  ~ $9.79 ,$11.78 ,$122.17 ,0.08%,N/A,N/A
Hobbies & Interests (Legacy),Weight Loss,United States,"1,507",$4.01  ~ $4.12 ,$7.31 ,N/A,0.06%,N/A,N/A
Hobbies & Interests (Legacy),Weight Loss,United Kingdom,"6,076",$8.16  ~ $8.20 ,$16.07 ,$241.07 ,0.05%,N/A,N/A
Hobbies & Interests (Legacy),Cigars,Canada,539,$2.97  ~ $3.00 ,$6.57 ,N/A,0.05%,N/A,N/A
Hobbies & Interests (Legacy),Cigars,United States,"62,508",$5.70  ~ $5.91 ,$7.27 ,$29.15 ,0.08%,N/A,N/A
Hobbies & Interests (Legacy),Cigars,United Kingdom,"11,184",$3.41  ~ $9.72 ,$8.15 ,$72.15 ,0.04%,N/A,N/A
Hobbies & Interests (Legacy),Cigars,Ireland,2,$9.09  ~ $9.09 ,$9.66 ,N/A,0.09%,N/A,N/A
Hobbies & Interests (Legacy),Cuisine-Specific,United States,"1,256",$2.01  ~ $2.01 ,$6.32 ,N/A,0.03%,N/A,N/A
Hobbies & Interests (Legacy),Heart Disease,United States,30,$2.44  ~ $5.64 ,$30.19 ,N/A,0.02%,N/A,N/A
Hobbies & Interests (Legacy),Scholarships,United States,1,$7.09  ~ $7.09 ,N/A,N/A,N/A,N/A,N/A
Hobbies & Interests (Legacy),Home Repair,Canada,229,$4.96  ~ $5.13 ,$5.89 ,$47.67 ,0.08%,N/A,N/A
Hobbies & Interests (Legacy),Home Repair,United States,"21,918",$7.50  ~ $8.57 ,$15.33 ,$105.61 ,0.05%,N/A,N/A
Hobbies & Interests (Legacy),Home Repair,United Kingdom,"2,787",$6.67  ~ $8.85 ,$10.01 ,$39.43 ,0.07%,N/A,N/A
Hobbies & Interests (Legacy),Pro Basketball,Canada,203,$2.60  ~ $15.27 ,$1.81 ,$7.58 ,0.14%,N/A,N/A
Hobbies & Interests (Legacy),Pro Basketball,United States,"3,958",$7.22  ~ $8.34 ,$15.70 ,$211.85 ,0.05%,N/A,N/A
Hobbies & Interests (Legacy),Pro Basketball,United Kingdom,52,$5.77  ~ $8.20 ,$20.47 ,$129.18 ,0.04%,N/A,N/A
Hobbies & Interests (Legacy),Television,Canada,76,$9.97  ~ $24.27 ,$6.65 ,$39.92 ,0.15%,N/A,N/A
Hobbies & Interests (Legacy),Television,United States,32,$14.13  ~ $32.78 ,$27.87 ,N/A,0.05%,N/A,N/A
Hobbies & Interests (Legacy),Television,United Kingdom,2,$7.11  ~ $7.54 ,$3.58 ,$32.97 ,0.21%,N/A,N/A
Hobbies & Interests (Legacy),Home & Garden,United States,"48,355",$5.58  ~ $6.81 ,$10.89 ,$60.18 ,0.05%,N/A,N/A
Hobbies & Interests (Legacy),Home & Garden,Canada,"10,163",$2.96  ~ $4.69 ,$7.54 ,$183.38 ,0.06%,N/A,N/A
Hobbies & Interests (Legacy),Home & Garden,United Kingdom,765,$6.60  ~ $6.80 ,$6.07 ,$65.50 ,0.11%,N/A,N/A
Hobbies & Interests (Legacy),Couponing,Canada,718,$4.79  ~ $10.43 ,$2.60 ,$13.95 ,0.18%,N/A,N/A
Hobbies & Interests (Legacy),Couponing,United States,"51,683",$4.43  ~ $4.46 ,$5.13 ,$31.63 ,0.09%,N/A,N/A
Hobbies & Interests (Legacy),Job Search,United States,"12,489",$7.35  ~ $7.88 ,$12.90 ,$75.04 ,0.06%,N/A,N/A
Hobbies & Interests (Legacy),Job Search,United Kingdom,8,$7.35  ~ $15.27 ,$16.34 ,N/A,0.04%,N/A,N/A
Hobbies & Interests (Legacy),Construction,United States,"4,957",$5.64  ~ $7.80 ,$1.01 ,$98.67 ,0.56%,N/A,N/A
Hobbies & Interests (Legacy),Construction,Canada,880,$5.46  ~ $12.41 ,$11.17 ,N/A,0.05%,N/A,N/A
Hobbies & Interests (Legacy),Construction,United Kingdom,324,$8.01  ~ $8.44 ,$9.19 ,$106.18 ,0.09%,N/A,N/A
Hobbies & Interests (Legacy),Entertaining,United States,452,$2.54  ~ $4.94 ,$5.56 ,$43.62 ,0.05%,N/A,N/A
Hobbies & Interests (Legacy),Biotech/Biomedical,United States,"29,867",$8.83  ~ $16.04 ,$7.33 ,$105.71 ,0.12%,N/A,N/A
Hobbies & Interests (Legacy),Biotech/Biomedical,Canada,"2,017",$6.49  ~ $7.71 ,$9.43 ,$32.76 ,0.07%,N/A,N/A
Hobbies & Interests (Legacy),Biotech/Biomedical,Ireland,1,$6.88  ~ $12.82 ,$8.28 ,$65.73 ,0.15%,N/A,N/A
Hobbies & Interests (Legacy),Biotech/Biomedical,United Kingdom,56,$7.00  ~ $9.97 ,$5.42 ,N/A,0.18%,N/A,N/A
Hobbies & Interests (Legacy),Biotech/Biomedical,Mexico,1,$7.78  ~ $7.83 ,$3.78 ,N/A,0.21%,N/A,N/A
Hobbies & Interests (Legacy),Coffee/Tea,United States,"6,079",$5.10  ~ $5.31 ,$4.20 ,$23.30 ,0.12%,N/A,N/A
Hobbies & Interests (Legacy),Radio,United States,"4,445",$3.56  ~ $5.03 ,$7.58 ,N/A,0.07%,N/A,N/A
Hobbies & Interests (Legacy),Credit/Debt & Loans,Mexico,"1,605",$6.39  ~ $14.20 ,$4.92 ,N/A,0.13%,N/A,N/A
Hobbies & Interests (Legacy),Credit/Debt & Loans,Canada,"1,602",$7.70  ~ $7.85 ,$5.51 ,N/A,0.14%,N/A,N/A
Hobbies & Interests (Legacy),Credit/Debt & Loans,United States,"72,705",$6.96  ~ $7.71 ,$5.80 ,$54.09 ,0.13%,N/A,N/A
Hobbies & Interests (Legacy),Credit/Debt & Loans,United Kingdom,"1,164",$6.36  ~ $8.46 ,$8.89 ,$203.27 ,0.10%,N/A,N/A
Hobbies & Interests (Legacy),Football,Canada,"2,449",$4.85  ~ $5.41 ,$4.18 ,$9.03 ,0.13%,N/A,N/A
Hobbies & Interests (Legacy),Football,United States,"4,207",$5.53  ~ $8.45 ,$6.56 ,$39.77 ,0.08%,N/A,N/A
Hobbies & Interests (Legacy),Cruises,United Kingdom,48,$5.16  ~ $5.64 ,$4.23 ,$32.67 ,0.13%,N/A,N/A
Hobbies & Interests (Legacy),Cruises,Canada,"1,100",$5.10  ~ $6.32 ,$3.37 ,$50.24 ,0.15%,N/A,N/A
Hobbies & Interests (Legacy),Cruises,United States,"17,582",$7.13  ~ $8.67 ,$10.58 ,$88.24 ,0.08%,N/A,N/A
Hobbies & Interests (Legacy),Desserts & Baking,Canada,336,$5.56  ~ $5.71 ,$2.84 ,N/A,0.20%,N/A,N/A
Hobbies & Interests (Legacy),Desserts & Baking,United States,"1,320",$3.58  ~ $7.64 ,$14.16 ,N/A,0.03%,N/A,N/A
Hobbies & Interests (Legacy),Antivirus Software,Canada,93,$8.51  ~ $8.51 ,$5.02 ,N/A,0.17%,N/A,N/A
Hobbies & Interests (Legacy),Antivirus Software,United States,"3,073",$7.83  ~ $7.83 ,$5.77 ,$55.26 ,0.14%,N/A,N/A
Hobbies & Interests (Legacy),Antivirus Software,Mexico,14,$9.71  ~ $9.71 ,$1.19 ,N/A,0.82%,N/A,N/A
Hobbies & Interests (Legacy),Hotels,Mexico,2,$3.47  ~ $3.59 ,$0.55 ,N/A,0.65%,N/A,N/A
Hobbies & Interests (Legacy),Hotels,United States,"13,939",$4.92  ~ $5.55 ,$7.85 ,$69.56 ,0.07%,N/A,N/A
Hobbies & Interests (Legacy),Hotels,Canada,62,$4.04  ~ $4.08 ,$0.32 ,$25.47 ,1.27%,N/A,N/A
Hobbies & Interests (Legacy),Hotels,United Kingdom,352,$3.15  ~ $4.24 ,$7.11 ,$108.75 ,0.06%,N/A,N/A
Hobbies & Interests (Legacy),Real Estate,United Kingdom,"3,557",$5.06  ~ $6.93 ,$3.74 ,$32.29 ,0.14%,N/A,N/A
Hobbies & Interests (Legacy),Real Estate,United States,"22,784",$6.24  ~ $6.43 ,$9.24 ,$87.80 ,0.07%,N/A,N/A
Hobbies & Interests (Legacy),Real Estate,Canada,321,$4.21  ~ $4.87 ,$2.69 ,$41.55 ,0.16%,N/A,N/A
Hobbies & Interests (Legacy),Advertising,United Kingdom,160,$6.36  ~ $7.23 ,$9.69 ,$124.21 ,0.07%,N/A,N/A
Hobbies & Interests (Legacy),Advertising,United States,"19,637",$8.42  ~ $9.29 ,$11.23 ,$66.46 ,0.08%,N/A,N/A
Hobbies & Interests (Legacy),Advertising,Mexico,57,$1.05  ~ $1.15 ,$0.40 ,N/A,0.29%,N/A,N/A
Hobbies & Interests (Legacy),Advertising,Canada,"1,035",$6.59  ~ $8.56 ,$5.90 ,$183.85 ,0.11%,N/A,N/A
Hobbies & Interests (Legacy),Careers,Canada,173,$3.15  ~ $3.36 ,$10.54 ,N/A,0.03%,N/A,N/A
Hobbies & Interests (Legacy),Careers,United States,"11,373",$2.94  ~ $7.41 ,$6.66 ,$94.36 ,0.04%,N/A,N/A
Hobbies & Interests (Legacy),Careers,United Kingdom,528,$0.63  ~ $15.90 ,$3.64 ,$8.63 ,0.02%,N/A,N/A
Hobbies & Interests (Legacy),Stamps & Coins,United States,53,$2.81  ~ $6.74 ,N/A,N/A,N/A,N/A,N/A
Hobbies & Interests (Legacy),Cell Phones,United States,225,$10.39  ~ $10.39 ,$20.72 ,$103.67 ,0.05%,N/A,N/A
Hobbies & Interests (Legacy),Incontinence,United States,2,$2.96  ~ $2.99 ,$3.83 ,$28.05 ,0.08%,N/A,N/A
Hobbies & Interests (Legacy),Apartments,United Kingdom,"5,960",$6.34  ~ $7.09 ,$4.65 ,$52.86 ,0.14%,N/A,N/A
Hobbies & Interests (Legacy),Apartments,United States,"2,753",$4.70  ~ $5.19 ,$3.86 ,$28.66 ,0.13%,N/A,N/A
Hobbies & Interests (Legacy),Apartments,Canada,88,$1.24  ~ $6.39 ,$11.67 ,$38.81 ,0.05%,N/A,N/A
Hobbies & Interests (Legacy),Mutual Funds,United States,"14,645",$7.55  ~ $8.04 ,$14.03 ,$121.09 ,0.05%,N/A,N/A
Hobbies & Interests (Legacy),Mutual Funds,Canada,20,$26.91  ~ $27.40 ,$22.21 ,$343.87 ,0.12%,N/A,N/A
Hobbies & Interests (Legacy),Road-Side Assistance,United Kingdom,190,$9.47  ~ $20.88 ,$30.57 ,N/A,0.03%,N/A,N/A
Hobbies & Interests (Legacy),Road-Side Assistance,United States,12,$2.68  ~ $6.38 ,N/A,N/A,N/A,N/A,N/A
Hobbies & Interests (Legacy),Road-Side Assistance,Mexico,"1,656",$4.30  ~ $10.27 ,$3.89 ,N/A,0.11%,N/A,N/A
Hobbies & Interests (Legacy),Travel,United Kingdom,"3,981",$5.60  ~ $6.42 ,$8.43 ,$59.90 ,0.08%,N/A,N/A
Hobbies & Interests (Legacy),Travel,United States,"53,735",$4.74  ~ $4.93 ,$7.46 ,$59.91 ,0.07%,N/A,N/A
Hobbies & Interests (Legacy),Travel,Ireland,1,$4.15  ~ $4.20 ,$2.27 ,N/A,0.18%,N/A,N/A
Hobbies & Interests (Legacy),Travel,Canada,29,$6.54  ~ $7.58 ,$5.52 ,N/A,0.14%,N/A,N/A
Hobbies & Interests (Legacy),Travel,Mexico,3,$8.21  ~ $8.25 ,$2.85 ,N/A,0.29%,N/A,N/A
Hobbies & Interests (Legacy),Family & Parenting,Canada,78,$1.89  ~ $3.94 ,$0.09 ,N/A,2.12%,N/A,N/A
Hobbies & Interests (Legacy),Family & Parenting,United Kingdom,"1,959",$6.87  ~ $6.93 ,$12.90 ,$268.25 ,0.05%,N/A,N/A
Hobbies & Interests (Legacy),Family & Parenting,United States,"7,151",$7.38  ~ $7.71 ,$11.14 ,$62.00 ,0.07%,N/A,N/A
Hobbies & Interests (Legacy),Parenting - K-6 Kids,United States,638,$1.63  ~ $2.71 ,$7.57 ,N/A,0.04%,N/A,N/A
Hobbies & Interests (Legacy),Wine,United States,198,$8.13  ~ $9.33 ,$8.00 ,$212.23 ,0.12%,N/A,N/A
Hobbies & Interests (Legacy),Birdwatching,United States,"2,647",$8.59  ~ $9.61 ,$2.43 ,$67.64 ,0.39%,N/A,N/A
Hobbies & Interests (Legacy),Birdwatching,Canada,855,$10.40  ~ $21.24 ,$6.79 ,N/A,0.15%,N/A,N/A
Hobbies & Interests (Legacy),Technology & Computing,Canada,505,$5.02  ~ $6.49 ,$13.06 ,N/A,0.05%,N/A,N/A
Hobbies & Interests (Legacy),Technology & Computing,United States,"4,563",$7.57  ~ $7.72 ,$18.45 ,$111.37 ,0.04%,N/A,N/A
Hobbies & Interests (Legacy),Technology & Computing,United Kingdom,912,$3.64  ~ $10.11 ,$10.89 ,$131.54 ,0.09%,N/A,N/A
Hobbies & Interests (Legacy),Babies & Toddlers,United States,203,$8.92  ~ $10.84 ,$5.81 ,$26.63 ,0.15%,N/A,N/A
Hobbies & Interests (Legacy),Buying/Selling Homes,United Kingdom,"3,806",$5.05  ~ $6.83 ,$7.43 ,$90.46 ,0.07%,N/A,N/A
Hobbies & Interests (Legacy),Buying/Selling Homes,United States,"19,346",$7.44  ~ $8.39 ,$17.74 ,$146.81 ,0.05%,N/A,N/A
Hobbies & Interests (Legacy),Buying/Selling Homes,Canada,712,$6.25  ~ $6.50 ,$8.07 ,$32.95 ,0.08%,N/A,N/A
Hobbies & Interests (Legacy),Metals,Canada,"5,777",$2.09  ~ $7.50 ,$4.92 ,$60.27 ,0.04%,N/A,N/A
Hobbies & Interests (Legacy),Metals,United States,"44,336",$4.70  ~ $6.41 ,$5.56 ,$62.97 ,0.12%,N/A,N/A
Hobbies & Interests (Legacy),Metals,United Kingdom,112,$8.00  ~ $8.11 ,$5.30 ,N/A,0.15%,N/A,N/A
Hobbies & Interests (Legacy),Metals,Mexico,27,$1.32  ~ $1.60 ,$0.38 ,N/A,0.42%,N/A,N/A
Hobbies & Interests (Legacy),Adult Education,Canada,9,$3.50  ~ $6.83 ,$1.12 ,N/A,0.31%,N/A,N/A
Hobbies & Interests (Legacy),Adult Education,United Kingdom,248,$7.93  ~ $9.17 ,$8.86 ,$43.61 ,0.10%,N/A,N/A
Hobbies & Interests (Legacy),Adult Education,United States,"1,059",$3.35  ~ $6.03 ,$13.68 ,$122.39 ,0.04%,N/A,N/A
Hobbies & Interests (Legacy),Infertility,United States,"1,240",$4.07  ~ $6.53 ,$20.58 ,N/A,0.03%,N/A,N/A
Hobbies & Interests (Legacy),Allergies,United Kingdom,21,$3.11  ~ $7.01 ,$2.72 ,N/A,0.11%,N/A,N/A
Hobbies & Interests (Legacy),Allergies,Canada,105,$5.51  ~ $12.21 ,$5.72 ,N/A,0.10%,N/A,N/A
Hobbies & Interests (Legacy),Weddings,United States,363,$5.61  ~ $6.38 ,$7.56 ,N/A,0.07%,N/A,N/A
Hobbies & Interests (Legacy),Weddings,Canada,8,$2.27  ~ $5.25 ,N/A,N/A,N/A,N/A,N/A
Hobbies & Interests (Legacy),Motorcycles,United States,"33,736",$4.01  ~ $8.11 ,$7.00 ,$53.04 ,0.06%,N/A,N/A
Hobbies & Interests (Legacy),Motorcycles,Canada,277,$4.88  ~ $11.53 ,$4.99 ,$64.86 ,0.10%,N/A,N/A
Hobbies & Interests (Legacy),Green Solutions,Canada,"6,770",$3.65  ~ $4.41 ,$5.36 ,$32.88 ,0.08%,N/A,N/A
Hobbies & Interests (Legacy),Green Solutions,United States,"15,977",$6.22  ~ $6.69 ,$4.10 ,$104.53 ,0.15%,N/A,N/A
Hobbies & Interests (Legacy),Green Solutions,United Kingdom,4,$6.44  ~ $7.77 ,$3.31 ,N/A,0.19%,N/A,N/A
Hobbies & Interests (Legacy),Dental Care,United States,796,$2.78  ~ $3.03 ,$20.17 ,N/A,0.02%,N/A,N/A
Hobbies & Interests (Legacy),Dental Care,Canada,104,$2.18  ~ $4.53 ,$1.46 ,N/A,0.15%,N/A,N/A
Hobbies & Interests (Legacy),Certified Pre-Owned,United States,118,$11.27  ~ $13.69 ,$15.90 ,N/A,0.07%,N/A,N/A
Hobbies & Interests (Legacy),Certified Pre-Owned,Canada,2,$2.22  ~ $6.50 ,N/A,N/A,N/A,N/A,N/A
Hobbies & Interests (Legacy),Certified Pre-Owned,United Kingdom,11,$27.77  ~ $27.77 ,$23.90 ,$119.49 ,0.12%,N/A,N/A
Hobbies & Interests (Legacy),Alternative Religions,United States,836,$7.74  ~ $7.99 ,$12.00 ,$58.84 ,0.06%,N/A,N/A
Hobbies & Interests (Legacy),Alternative Religions,United Kingdom,4,$4.93  ~ $10.55 ,N/A,N/A,N/A,N/A,N/A
Hobbies & Interests (Legacy),Air Travel,United Kingdom,135,$5.69  ~ $12.88 ,$59.20 ,$414.39 ,0.01%,N/A,N/A
Hobbies & Interests (Legacy),Air Travel,Canada,132,$6.23  ~ $6.44 ,$4.73 ,N/A,0.14%,N/A,N/A
Hobbies & Interests (Legacy),Air Travel,United States,"31,628",$5.73  ~ $6.09 ,$5.34 ,$43.79 ,0.11%,N/A,N/A
Hobbies & Interests (Legacy),Graduate School,United Kingdom,164,$5.85  ~ $6.70 ,$10.11 ,N/A,0.07%,N/A,N/A
Hobbies & Interests (Legacy),Graduate School,Canada,890,$4.90  ~ $11.54 ,$14.45 ,N/A,0.03%,N/A,N/A
Hobbies & Interests (Legacy),Graduate School,United States,"16,060",$6.51  ~ $8.66 ,$9.67 ,$88.95 ,0.07%,N/A,N/A
Hobbies & Interests (Legacy),Martial Arts,United States,23,$2.80  ~ $6.88 ,$1.07 ,N/A,0.26%,N/A,N/A
Hobbies & Interests (Legacy),Martial Arts,Canada,4,$2.15  ~ $5.25 ,N/A,N/A,N/A,N/A,N/A
Hobbies & Interests (Legacy),Video & Computer Games,United States,26,$0.00  ~ $2.23 ,$0.94 ,N/A,0.24%,N/A,N/A
Hobbies & Interests (Legacy),Music,United Kingdom,"1,139",$6.86  ~ $7.32 ,$9.27 ,N/A,0.08%,N/A,N/A
Hobbies & Interests (Legacy),Music,United States,"77,671",$6.19  ~ $6.49 ,$10.09 ,$55.63 ,0.06%,N/A,N/A
Hobbies & Interests (Legacy),Music,Canada,"1,447",$4.20  ~ $4.43 ,$5.22 ,$103.62 ,0.08%,N/A,N/A
Hobbies & Interests (Legacy),Trucks & Accessories,United States,"5,222",$5.50  ~ $5.56 ,$14.04 ,$55.89 ,0.04%,N/A,N/A
Hobbies & Interests (Legacy),Network Security,United States,35,$2.12  ~ $2.44 ,N/A,N/A,N/A,N/A,N/A
Hobbies & Interests (Legacy),Collecting,United States,254,$5.65  ~ $7.72 ,$31.68 ,N/A,0.02%,N/A,N/A
Hobbies & Interests (Legacy),Home Theater,United States,7,$2.03  ~ $4.25 ,$0.39 ,N/A,0.52%,N/A,N/A
Hobbies & Interests (Legacy),Marketing,United States,"1,837",$6.93  ~ $8.05 ,$7.92 ,$46.35 ,0.10%,N/A,N/A
Hobbies & Interests (Legacy),Marketing,Canada,"2,234",$3.00  ~ $6.52 ,$1.85 ,$34.51 ,0.16%,N/A,N/A
Hobbies & Interests (Legacy),Catholicism,United States,146,$6.61  ~ $8.38 ,$22.30 ,N/A,0.04%,N/A,N/A
Hobbies & Interests (Legacy),Language Learning,United States,1,$2.84  ~ $6.83 ,N/A,N/A,N/A,N/A,N/A
Hobbies & Interests (Legacy),Fine Art,Canada,100,$5.27  ~ $6.79 ,$5.62 ,N/A,0.09%,N/A,N/A
Hobbies & Interests (Legacy),Fine Art,United Kingdom,"6,967",$6.48  ~ $6.86 ,$13.17 ,$64.40 ,0.05%,N/A,N/A
Hobbies & Interests (Legacy),Fine Art,United States,"14,220",$6.24  ~ $7.38 ,$9.81 ,$50.94 ,0.06%,N/A,N/A
Hobbies & Interests (Legacy),Landscaping,Canada,22,$2.06  ~ $4.71 ,$1.35 ,N/A,0.15%,N/A,N/A
Hobbies & Interests (Legacy),Landscaping,United States,459,$3.70  ~ $3.74 ,$13.02 ,$32.67 ,0.03%,N/A,N/A
Hobbies & Interests (Legacy),Government,United States,968,$7.32  ~ $7.42 ,$10.35 ,N/A,0.07%,N/A,N/A
Hobbies & Interests (Legacy),Government,Canada,54,$8.53  ~ $8.73 ,$9.89 ,N/A,0.09%,N/A,N/A
Hobbies & Interests (Legacy),By US Locale,United States,2,$11.46  ~ $28.63 ,N/A,N/A,N/A,N/A,N/A
Hobbies & Interests (Legacy),Senior Living,Canada,19,$2.97  ~ $6.80 ,$0.40 ,N/A,0.74%,N/A,N/A
Hobbies & Interests (Legacy),Senior Living,United States,"4,044",$6.43  ~ $6.73 ,$13.19 ,$139.72 ,0.05%,N/A,N/A
Hobbies & Interests (Legacy),Senior Living,United Kingdom,362,$5.69  ~ $6.24 ,$10.59 ,N/A,0.06%,N/A,N/A
Hobbies & Interests (Legacy),Honeymoons/Getaways,Canada,292,$9.43  ~ $10.78 ,$6.75 ,$60.21 ,0.16%,N/A,N/A
Hobbies & Interests (Legacy),Honeymoons/Getaways,United Kingdom,429,$7.16  ~ $7.81 ,$4.75 ,$89.64 ,0.16%,N/A,N/A
Hobbies & Interests (Legacy),Honeymoons/Getaways,United States,"7,268",$7.44  ~ $8.82 ,$10.68 ,$125.93 ,0.07%,N/A,N/A
Hobbies & Interests (Legacy),Exercise,United Kingdom,733,$1.78  ~ $7.55 ,$2.85 ,$199.55 ,0.06%,N/A,N/A
Hobbies & Interests (Legacy),Exercise,United States,"3,806",$4.38  ~ $4.54 ,$7.82 ,$90.29 ,0.06%,N/A,N/A
Hobbies & Interests (Legacy),Exercise,Canada,57,$2.49  ~ $3.57 ,$7.81 ,N/A,0.03%,N/A,N/A
Hobbies & Interests (Legacy),Health/Lowfat Cooking,Canada,54,$2.96  ~ $11.36 ,$12.87 ,$40.04 ,0.09%,N/A,N/A
Hobbies & Interests (Legacy),Health/Lowfat Cooking,United States,"2,426",$6.33  ~ $6.93 ,$10.91 ,$45.35 ,0.06%,N/A,N/A
Hobbies & Interests (Legacy),Health/Lowfat Cooking,United Kingdom,62,$5.56  ~ $5.57 ,$8.39 ,N/A,0.07%,N/A,N/A
Hobbies & Interests (Legacy),Health/Lowfat Cooking,Mexico,66,$9.44  ~ $20.82 ,$3.93 ,N/A,0.24%,N/A,N/A
Hobbies & Interests (Legacy),Retirement Planning,United States,72,$7.41  ~ $10.09 ,$21.60 ,N/A,0.05%,N/A,N/A
Hobbies & Interests (Legacy),Retirement Planning,United Kingdom,11,$6.01  ~ $12.67 ,$10.54 ,N/A,0.06%,N/A,N/A
Hobbies & Interests (Legacy),Investing,United Kingdom,7,$5.85  ~ $5.91 ,$2.81 ,N/A,0.21%,N/A,N/A
Hobbies & Interests (Legacy),Investing,United States,"9,622",$3.48  ~ $3.55 ,$11.91 ,$166.16 ,0.03%,N/A,N/A
Hobbies & Interests (Legacy),Investing,Canada,16,$8.13  ~ $8.13 ,$11.08 ,N/A,0.07%,N/A,N/A
Hobbies & Interests (Legacy),Guitar,United States,6,$2.45  ~ $5.38 ,N/A,N/A,N/A,N/A,N/A
Hobbies & Interests (Legacy),Fashion,United States,82,$8.19  ~ $18.31 ,$30.28 ,N/A,0.03%,N/A,N/A
Hobbies & Interests (Legacy),Pediatrics,United States,"1,230",$10.52  ~ $36.11 ,$17.68 ,N/A,0.06%,N/A,N/A
Hobbies & Interests (Legacy),Psychology/Psychiatry,United States,"23,424",$5.76  ~ $8.10 ,$7.43 ,$78.93 ,0.11%,N/A,N/A
Hobbies & Interests (Legacy),Psychology/Psychiatry,Canada,42,$5.56  ~ $5.76 ,N/A,N/A,N/A,N/A,N/A
Hobbies & Interests (Legacy),Psychology/Psychiatry,United Kingdom,157,$8.06  ~ $8.22 ,$7.25 ,N/A,0.11%,N/A,N/A
Hobbies & Interests (Legacy),Food & Drink,United States,"14,153",$6.40  ~ $7.98 ,$11.19 ,$63.54 ,0.06%,N/A,N/A
Hobbies & Interests (Legacy),Food & Drink,Canada,21,$4.83  ~ $11.48 ,$2.76 ,$31.77 ,0.17%,N/A,N/A
Hobbies & Interests (Legacy),Incest/Abuse Support,United States,"8,863",$7.01  ~ $8.52 ,$11.71 ,$137.20 ,0.06%,N/A,N/A
Hobbies & Interests (Legacy),Incest/Abuse Support,Canada,3,$5.88  ~ $6.91 ,$20.87 ,$19.13 ,0.03%,N/A,N/A
Hobbies & Interests (Legacy),Agriculture,Canada,102,$4.21  ~ $5.13 ,$6.31 ,$46.12 ,0.07%,N/A,N/A
Hobbies & Interests (Legacy),Agriculture,United States,590,$3.09  ~ $3.76 ,$4.79 ,$61.39 ,0.06%,N/A,N/A
Hobbies & Interests (Legacy),Personal Finance,United States,"139,806",$5.51  ~ $5.93 ,$7.84 ,$80.63 ,0.08%,N/A,N/A
Hobbies & Interests (Legacy),Personal Finance,Canada,675,$6.13  ~ $7.50 ,$9.34 ,$140.37 ,0.07%,N/A,N/A
Hobbies & Interests (Legacy),Personal Finance,United Kingdom,882,$6.83  ~ $8.92 ,$9.87 ,$527.71 ,0.07%,N/A,N/A
Hobbies & Interests (Legacy),Personal Finance,Mexico,109,$4.36  ~ $4.89 ,$2.64 ,N/A,0.19%,N/A,N/A
Hobbies & Interests (Legacy),Personal Finance,Ireland,47,$7.19  ~ $7.20 ,$14.65 ,N/A,0.05%,N/A,N/A
Hobbies & Interests (Legacy),Pets,United States,"11,292",$7.59  ~ $9.80 ,$9.06 ,$177.50 ,0.08%,N/A,N/A
Hobbies & Interests (Legacy),Pets,Canada,60,$8.27  ~ $8.30 ,$17.02 ,$235.48 ,0.05%,N/A,N/A
Hobbies & Interests (Legacy),Human Resources,United Kingdom,"1,690",$8.15  ~ $14.15 ,$11.67 ,$73.31 ,0.07%,N/A,N/A
Hobbies & Interests (Legacy),Human Resources,Mexico,458,$1.56  ~ $1.89 ,$1.75 ,N/A,0.11%,N/A,N/A
Hobbies & Interests (Legacy),Human Resources,United States,"19,719",$9.36  ~ $10.42 ,$9.44 ,$49.65 ,0.10%,N/A,N/A
Hobbies & Interests (Legacy),Human Resources,Canada,"1,705",$5.10  ~ $6.21 ,$7.90 ,$100.19 ,0.08%,N/A,N/A
Hobbies & Interests (Legacy),Auto Repair,Canada,212,$5.37  ~ $6.21 ,$9.95 ,N/A,0.05%,N/A,N/A
Hobbies & Interests (Legacy),Auto Repair,United States,"3,240",$7.89  ~ $9.70 ,$21.02 ,$145.54 ,0.05%,N/A,N/A
Hobbies & Interests (Legacy),Logistics,United States,"24,693",$8.38  ~ $8.67 ,$8.64 ,$117.98 ,0.10%,N/A,N/A
Hobbies & Interests (Legacy),Logistics,Canada,"2,005",$6.37  ~ $7.60 ,$4.28 ,$34.28 ,0.15%,N/A,N/A
Hobbies & Interests (Legacy),Logistics,United Kingdom,283,$6.81  ~ $9.82 ,$16.04 ,$152.26 ,0.06%,N/A,N/A
Hobbies & Interests (Legacy),Logistics,Mexico,18,$0.64  ~ $4.62 ,$2.94 ,N/A,0.16%,N/A,N/A
Hobbies & Interests (Legacy),Education,United States,"27,122",$7.14  ~ $7.78 ,$13.54 ,$99.74 ,0.05%,N/A,N/A
Hobbies & Interests (Legacy),Education,Canada,156,$6.78  ~ $9.90 ,$8.64 ,$140.58 ,0.08%,N/A,N/A
Hobbies & Interests (Legacy),Education,United Kingdom,633,$7.02  ~ $10.09 ,$12.06 ,$175.41 ,0.06%,N/A,N/A
Hobbies & Interests (Legacy),Education,Mexico,574,$8.20  ~ $8.20 ,$3.65 ,$38.35 ,0.22%,N/A,N/A
Hobbies & Interests (Legacy),Cancer,Canada,5,$17.95  ~ $17.95 ,N/A,N/A,N/A,N/A,N/A
Hobbies & Interests (Legacy),Cancer,United Kingdom,2,$5.97  ~ $5.97 ,$5.88 ,N/A,0.10%,N/A,N/A
Hobbies & Interests (Legacy),Cancer,United States,"1,632",$11.18  ~ $23.18 ,$47.62 ,$577.95 ,0.05%,N/A,N/A
Hobbies & Interests (Legacy),Cameras & Camcorders,United States,6,$6.26  ~ $6.32 ,$6.01 ,N/A,0.11%,N/A,N/A
Hobbies & Interests (Legacy),Contests & Freebies,United States,94,$5.55  ~ $8.31 ,$9.33 ,$6.71 ,0.06%,N/A,N/A
Hobbies & Interests (Legacy),Contests & Freebies,Canada,1,$2.07  ~ $4.59 ,N/A,N/A,N/A,N/A,N/A
Hobbies & Interests (Legacy),Financial Aid,United States,"1,053",$7.52  ~ $7.76 ,$13.35 ,N/A,0.06%,N/A,N/A
Hobbies & Interests (Legacy),Dogs,Canada,4,$3.52  ~ $7.56 ,N/A,N/A,N/A,N/A,N/A
Hobbies & Interests (Legacy),Dogs,United States,"15,850",$3.37  ~ $6.08 ,$3.02 ,$36.63 ,0.11%,N/A,N/A
Hobbies & Interests (Legacy),Dogs,United Kingdom,86,$9.31  ~ $9.31 ,$71.70 ,N/A,0.01%,N/A,N/A
Hobbies & Interests (Legacy),Automotive,Canada,209,$7.52  ~ $8.66 ,$8.01 ,$185.69 ,0.09%,N/A,N/A
Hobbies & Interests (Legacy),Automotive,United States,"41,585",$7.82  ~ $9.05 ,$21.98 ,$200.03 ,0.04%,N/A,N/A
Hobbies & Interests (Legacy),Automotive,United Kingdom,56,$7.28  ~ $11.38 ,$26.46 ,$211.67 ,0.04%,N/A,N/A
Hobbies & Interests (Legacy),Nutrition,United States,"7,345",$9.23  ~ $9.29 ,$19.36 ,$115.90 ,0.05%,N/A,N/A
Hobbies & Interests (Legacy),Nutrition,Canada,"1,267",$2.85  ~ $4.31 ,$3.65 ,$20.92 ,0.08%,N/A,N/A
Hobbies & Interests (Legacy),Nutrition,United Kingdom,237,$9.60  ~ $9.60 ,$40.00 ,N/A,0.02%,N/A,N/A
Hobbies & Interests (Legacy),Senor Health,Canada,119,$4.73  ~ $6.53 ,$2.04 ,N/A,0.23%,N/A,N/A
Hobbies & Interests (Legacy),Senor Health,United States,"12,626",$8.04  ~ $9.90 ,$8.26 ,N/A,0.12%,N/A,N/A
Hobbies & Interests (Legacy),Senor Health,United Kingdom,2,$7.56  ~ $7.69 ,$16.52 ,N/A,0.05%,N/A,N/A
Hobbies & Interests (Legacy),Tax Planning,United States,116,$8.09  ~ $9.66 ,$19.35 ,N/A,0.04%,N/A,N/A
Hobbies & Interests (Legacy),U.S. Military,United States,723,$2.44  ~ $2.45 ,$7.32 ,$20.71 ,0.03%,N/A,N/A
Hobbies & Interests (Legacy),Homework/Study Tips,United States,74,$2.05  ~ $4.98 ,N/A,N/A,N/A,N/A,N/A
Hobbies & Interests (Legacy),Religion & Spirituality,United States,8,$2.18  ~ $4.83 ,N/A,N/A,N/A,N/A,N/A
Hobbies & Interests (Legacy),Interior Decorating,Canada,"1,011",$3.69  ~ $6.40 ,$7.90 ,$43.15 ,0.08%,N/A,N/A
Hobbies & Interests (Legacy),Interior Decorating,United States,"13,668",$5.42  ~ $5.90 ,$8.65 ,$73.34 ,0.07%,N/A,N/A
Hobbies & Interests (Legacy),Interior Decorating,United Kingdom,795,$4.64  ~ $5.07 ,$17.47 ,$142.13 ,0.03%,N/A,N/A
Hobbies & Interests (Legacy),Legal Issues,United States,"81,172",$8.33  ~ $9.84 ,$15.72 ,$78.69 ,0.05%,N/A,N/A
Hobbies & Interests (Legacy),Legal Issues,United Kingdom,"3,084",$4.62  ~ $5.14 ,$3.34 ,$72.19 ,0.15%,N/A,N/A
Hobbies & Interests (Legacy),Legal Issues,Canada,"5,283",$5.50  ~ $5.90 ,$3.01 ,$53.35 ,0.20%,N/A,N/A
Hobbies & Interests (Legacy),Auto Parts,United Kingdom,283,$7.57  ~ $7.57 ,$14.49 ,$72.47 ,0.05%,N/A,N/A
Hobbies & Interests (Legacy),Auto Parts,United States,"3,884",$5.92  ~ $6.81 ,$11.25 ,$127.25 ,0.05%,N/A,N/A
Hobbies & Interests (Legacy),Auto Parts,Canada,21,$4.69  ~ $11.49 ,$3.29 ,N/A,0.14%,N/A,N/A
Hobbies & Interests (Legacy),Buying/Selling Cars,United Kingdom,623,$7.28  ~ $9.20 ,$13.69 ,$74.58 ,0.07%,N/A,N/A
Hobbies & Interests (Legacy),Buying/Selling Cars,Canada,"1,257",$5.33  ~ $6.82 ,$10.55 ,$388.15 ,0.05%,N/A,N/A
Hobbies & Interests (Legacy),Buying/Selling Cars,United States,"16,847",$5.87  ~ $5.93 ,$14.24 ,$135.64 ,0.04%,N/A,N/A
Hobbies & Interests (Legacy),Roleplaying Games,United States,5,$2.30  ~ $4.63 ,N/A,N/A,N/A,N/A,N/A
Hobbies & Interests (Legacy),Bed & Breakfasts,Canada,176,$0.25  ~ $0.25 ,$1.58 ,N/A,0.02%,N/A,N/A
Hobbies & Interests (Legacy),Bed & Breakfasts,United States,"1,583",$1.53  ~ $3.36 ,$4.10 ,$19.44 ,0.08%,N/A,N/A
Hobbies & Interests (Legacy),Bed & Breakfasts,United Kingdom,223,$7.78  ~ $7.79 ,$25.19 ,$249.50 ,0.03%,N/A,N/A
Hobbies & Interests (Legacy),Cold & Flu,Canada,17,$2.16  ~ $5.03 ,$1.58 ,N/A,0.14%,N/A,N/A
Hobbies & Interests (Legacy),Cold & Flu,United States,"4,612",$3.28  ~ $7.46 ,$5.33 ,N/A,0.14%,N/A,N/A
Hobbies & Interests (Legacy),Cold & Flu,United Kingdom,25,$14.13  ~ $35.18 ,$27.93 ,N/A,0.05%,N/A,N/A
Hobbies & Interests (Legacy),Movies,United States,560,$5.98  ~ $6.02 ,$2.99 ,N/A,0.20%,N/A,N/A
Hobbies & Interests (Legacy),Arts & Entertainment,Canada,412,$4.98  ~ $5.95 ,$4.03 ,$59.24 ,0.12%,N/A,N/A
Hobbies & Interests (Legacy),Arts & Entertainment,United States,"18,070",$6.82  ~ $7.40 ,$12.74 ,$83.60 ,0.05%,N/A,N/A
Hobbies & Interests (Legacy),Arts & Entertainment,United Kingdom,643,$6.09  ~ $7.81 ,$9.18 ,$69.86 ,0.07%,N/A,N/A
Hobbies & Interests (Legacy),Computer Peripherals,United States,"10,754",$6.98  ~ $11.43 ,$13.73 ,$122.78 ,0.08%,N/A,N/A
Hobbies & Interests (Legacy),Computer Peripherals,Canada,810,$2.70  ~ $4.68 ,$4.14 ,$14.97 ,0.11%,N/A,N/A
Hobbies & Interests (Legacy),Computer Peripherals,Mexico,1,$1.88  ~ $5.75 ,$1.06 ,N/A,0.54%,N/A,N/A
Hobbies & Interests (Legacy),Computer Peripherals,United Kingdom,214,$10.65  ~ $11.36 ,$6.77 ,N/A,0.17%,N/A,N/A
Hobbies & Interests (Legacy),Distance Learning,United States,"2,239",$11.29  ~ $11.62 ,$48.86 ,$121.08 ,0.02%,N/A,N/A
Hobbies & Interests (Legacy),Health & Fitness,Canada,"4,557",$5.97  ~ $6.15 ,$3.57 ,$45.01 ,0.17%,N/A,N/A
Hobbies & Interests (Legacy),Health & Fitness,United States,"196,216",$6.09  ~ $7.25 ,$8.88 ,$72.10 ,0.08%,N/A,N/A
Hobbies & Interests (Legacy),Health & Fitness,United Kingdom,"5,045",$5.89  ~ $6.58 ,$7.07 ,$75.68 ,0.09%,N/A,N/A
Hobbies & Interests (Legacy),Health & Fitness,Ireland,3,$1.59  ~ $2.45 ,$3.22 ,N/A,0.08%,N/A,N/A
Hobbies & Interests (Legacy),Card Games,United States,"6,821",$9.30  ~ $11.44 ,$16.34 ,$111.28 ,0.06%,N/A,N/A
Hobbies & Interests (Legacy),Card Games,Canada,"3,791",$5.73  ~ $6.71 ,$9.05 ,$29.17 ,0.06%,N/A,N/A
Hobbies & Interests (Legacy),Card Games,United Kingdom,247,$7.11  ~ $7.57 ,$13.75 ,$167.28 ,0.05%,N/A,N/A
Hobbies & Interests (Legacy),Sexuality,United States,"17,776",$5.80  ~ $6.88 ,$10.68 ,$35.27 ,0.05%,N/A,N/A
Hobbies & Interests (Legacy),Sexuality,Canada,17,$2.78  ~ $5.60 ,N/A,N/A,N/A,N/A,N/A
Hobbies & Interests (Legacy),Weight Loss,Canada,10,$0.00  ~ $0.00 ,N/A,N/A,N/A,N/A,N/A
Hobbies & Interests (Legacy),Astrology,United States,2,$0.00  ~ $0.00 ,N/A,N/A,N/A,N/A,N/A
Hobbies & Interests (Legacy),Cocktails/Beer,United Kingdom,189,$0.00  ~ $0.00 ,N/A,N/A,N/A,N/A,N/A
Hobbies & Interests (Legacy),Incest/Abuse Support,Mexico,3,$0.00  ~ $0.00 ,N/A,N/A,N/A,N/A,N/A
Home & Garden (Legacy),Barbecues & Grilling,Canada,861,$4.85  ~ $10.88 ,$4.18 ,$28.81 ,0.12%,N/A,N/A
Home & Garden (Legacy),Weddings,United States,158,$6.29  ~ $6.53 ,$4.53 ,$49.37 ,0.14%,N/A,N/A
Home & Garden (Legacy),Weddings,Canada,382,$2.12  ~ $4.40 ,N/A,N/A,N/A,N/A,N/A
Home & Garden (Legacy),Beauty,Canada,724,$2.00  ~ $3.07 ,$1.32 ,$0.32 ,0.15%,N/A,N/A
Home & Garden (Legacy),Beauty,United Kingdom,"1,488",$7.14  ~ $7.36 ,$9.73 ,$42.95 ,0.08%,N/A,N/A
Home & Garden (Legacy),Beauty,United States,"1,086",$9.18  ~ $9.27 ,$8.22 ,$61.95 ,0.11%,N/A,N/A
Home & Garden (Legacy),Off-Road Vehicles,United States,99,$7.72  ~ $20.24 ,$35.52 ,N/A,0.02%,N/A,N/A
Home & Garden (Legacy),Off-Road Vehicles,Canada,151,$6.33  ~ $13.87 ,$3.93 ,N/A,0.16%,N/A,N/A
Home & Garden (Legacy),Off-Road Vehicles,United Kingdom,13,$8.26  ~ $17.60 ,$5.22 ,N/A,0.16%,N/A,N/A
Home & Garden (Legacy),Parenting - K-6 Kids,United States,422,$1.71  ~ $2.35 ,$5.25 ,N/A,0.04%,N/A,N/A
Home & Garden (Legacy),Exercise,Canada,598,$2.56  ~ $3.83 ,$6.15 ,N/A,0.04%,N/A,N/A
Home & Garden (Legacy),Exercise,United Kingdom,"1,232",$3.48  ~ $7.42 ,$3.28 ,$46.92 ,0.11%,N/A,N/A
Home & Garden (Legacy),Exercise,United States,777,$4.55  ~ $4.85 ,$6.95 ,$74.18 ,0.07%,N/A,N/A
Home & Garden (Legacy),Physical Therapy,United States,143,$9.97  ~ $14.16 ,$6.15 ,N/A,0.16%,N/A,N/A
Home & Garden (Legacy),Physical Therapy,Canada,688,$2.67  ~ $6.34 ,$2.33 ,N/A,0.11%,N/A,N/A
Home & Garden (Legacy),Physical Therapy,United Kingdom,76,$6.30  ~ $6.30 ,$14.42 ,N/A,0.04%,N/A,N/A
Home & Garden (Legacy),Card Games,United Kingdom,344,$5.48  ~ $7.61 ,$4.20 ,$77.08 ,0.13%,N/A,N/A
Home & Garden (Legacy),Card Games,Canada,"15,359",$5.26  ~ $5.89 ,$7.66 ,$36.94 ,0.08%,N/A,N/A
Home & Garden (Legacy),Card Games,United States,"1,756",$12.59  ~ $18.03 ,$10.01 ,$79.56 ,0.13%,N/A,N/A
Home & Garden (Legacy),Motorcycles,United States,"5,402",$4.28  ~ $8.04 ,$4.95 ,$32.59 ,0.09%,N/A,N/A
Home & Garden (Legacy),Motorcycles,Canada,399,$4.91  ~ $12.23 ,$4.71 ,$12.71 ,0.10%,N/A,N/A
Home & Garden (Legacy),Food & Drink,Canada,653,$4.51  ~ $11.17 ,$5.17 ,$20.27 ,0.09%,N/A,N/A
Home & Garden (Legacy),Food & Drink,United States,"1,671",$4.53  ~ $5.04 ,$3.76 ,$31.62 ,0.13%,N/A,N/A
Home & Garden (Legacy),Home Repair,Canada,"3,036",$4.52  ~ $5.24 ,$2.90 ,$13.55 ,0.16%,N/A,N/A
Home & Garden (Legacy),Home Repair,United Kingdom,867,$6.28  ~ $8.67 ,$4.67 ,$33.02 ,0.13%,N/A,N/A
Home & Garden (Legacy),Home Repair,United States,"7,072",$7.59  ~ $8.24 ,$5.97 ,$59.89 ,0.13%,N/A,N/A
Home & Garden (Legacy),U.S. Government Resources,United States,18,$5.86  ~ $6.82 ,$5.21 ,N/A,0.11%,N/A,N/A
Home & Garden (Legacy),Entertaining,Canada,26,$2.06  ~ $4.87 ,N/A,N/A,N/A,N/A,N/A
Home & Garden (Legacy),Entertaining,United States,242,$3.19  ~ $4.92 ,$1.10 ,$21.57 ,0.29%,N/A,N/A
Home & Garden (Legacy),Local News,United States,46,$7.94  ~ $16.28 ,$30.32 ,N/A,0.03%,N/A,N/A
Home & Garden (Legacy),Home Theater,United States,2,$2.30  ~ $5.64 ,N/A,N/A,N/A,N/A,N/A
Home & Garden (Legacy),Stamps & Coins,United States,2,$4.20  ~ $9.10 ,$1.67 ,N/A,0.25%,N/A,N/A
Home & Garden (Legacy),Chronic Pain,United States,81,$12.38  ~ $12.60 ,$24.24 ,N/A,0.05%,N/A,N/A
Home & Garden (Legacy),Body Art,United States,9,$2.06  ~ $4.70 ,N/A,N/A,N/A,N/A,N/A
Home & Garden (Legacy),Teens,United States,6,$8.83  ~ $20.87 ,$7.48 ,N/A,0.12%,N/A,N/A
Home & Garden (Legacy),Clothing,Canada,"6,329",$4.80  ~ $6.83 ,$1.17 ,$9.54 ,0.41%,N/A,N/A
Home & Garden (Legacy),Clothing,United States,"20,845",$5.54  ~ $6.64 ,$4.11 ,$20.47 ,0.13%,N/A,N/A
Home & Garden (Legacy),Clothing,United Kingdom,174,$3.24  ~ $7.87 ,$2.53 ,$13.03 ,0.13%,N/A,N/A
Home & Garden (Legacy),Clothing,Mexico,8,$3.33  ~ $3.70 ,$1.76 ,$21.13 ,0.19%,N/A,N/A
Home & Garden (Legacy),Cold & Flu,United States,834,$7.37  ~ $10.32 ,$2.97 ,$43.89 ,0.35%,N/A,N/A
Home & Garden (Legacy),Cold & Flu,Canada,180,$2.14  ~ $4.37 ,$0.64 ,N/A,0.33%,N/A,N/A
Home & Garden (Legacy),Cold & Flu,United Kingdom,244,$9.83  ~ $24.10 ,$26.81 ,N/A,0.04%,N/A,N/A
Home & Garden (Legacy),Stocks,United States,5,$9.73  ~ $9.73 ,N/A,N/A,N/A,N/A,N/A
Home & Garden (Legacy),Construction,United States,831,$4.45  ~ $7.47 ,$2.07 ,$23.49 ,0.22%,N/A,N/A
Home & Garden (Legacy),Construction,United Kingdom,207,$8.45  ~ $8.56 ,$8.59 ,N/A,0.10%,N/A,N/A
Home & Garden (Legacy),Construction,Canada,"2,018",$5.91  ~ $14.34 ,$6.40 ,$37.45 ,0.09%,N/A,N/A
Home & Garden (Legacy),Electric Vehicle,Canada,262,$4.54  ~ $10.28 ,$2.95 ,N/A,0.15%,N/A,N/A
Home & Garden (Legacy),Tax Planning,United States,13,$8.70  ~ $9.64 ,$31.85 ,N/A,0.03%,N/A,N/A
Home & Garden (Legacy),Computer Networking,United States,"1,574",$2.66  ~ $6.24 ,$0.83 ,$8.99 ,0.32%,N/A,N/A
Home & Garden (Legacy),Contests & Freebies,United States,29,$6.17  ~ $8.96 ,N/A,N/A,N/A,N/A,N/A
Home & Garden (Legacy),Contests & Freebies,Canada,54,$2.05  ~ $4.18 ,N/A,N/A,N/A,N/A,N/A
Home & Garden (Legacy),Career Planning,Canada,680,$6.39  ~ $7.92 ,$5.88 ,$25.73 ,0.11%,N/A,N/A
Home & Garden (Legacy),Career Planning,United States,536,$7.79  ~ $7.98 ,$3.98 ,$65.26 ,0.20%,N/A,N/A
Home & Garden (Legacy),Career Planning,United Kingdom,6,$8.66  ~ $8.67 ,$5.89 ,N/A,0.15%,N/A,N/A
Home & Garden (Legacy),Video & Computer Games,United States,23,$0.00  ~ $2.58 ,$0.10 ,N/A,2.48%,N/A,N/A
Home & Garden (Legacy),Astrology,Canada,15,$2.04  ~ $4.47 ,N/A,N/A,N/A,N/A,N/A
Home & Garden (Legacy),Home & Garden,Canada,"14,931",$2.89  ~ $4.90 ,$5.72 ,$168.62 ,0.09%,N/A,N/A
Home & Garden (Legacy),Home & Garden,United States,"11,461",$6.05  ~ $7.05 ,$5.37 ,$29.05 ,0.11%,N/A,N/A
Home & Garden (Legacy),Home & Garden,United Kingdom,"2,814",$6.27  ~ $6.39 ,$8.86 ,N/A,0.07%,N/A,N/A
Home & Garden (Legacy),Antivirus Software,Canada,412,$8.87  ~ $8.87 ,$6.28 ,$37.71 ,0.14%,N/A,N/A
Home & Garden (Legacy),Antivirus Software,United States,873,$8.74  ~ $8.74 ,$7.67 ,$94.65 ,0.11%,N/A,N/A
Home & Garden (Legacy),Allergies,Canada,"1,460",$4.78  ~ $10.72 ,$2.82 ,N/A,0.17%,N/A,N/A
Home & Garden (Legacy),Allergies,United Kingdom,34,$3.29  ~ $6.71 ,N/A,N/A,N/A,N/A,N/A
Home & Garden (Legacy),Large Animals,United States,8,$13.48  ~ $32.80 ,$3.15 ,N/A,0.43%,N/A,N/A
Home & Garden (Legacy),U.S. Military,United States,278,$2.62  ~ $2.62 ,$2.56 ,$8.27 ,0.10%,N/A,N/A
Home & Garden (Legacy),Music,United Kingdom,"1,008",$5.84  ~ $6.84 ,$6.25 ,N/A,0.11%,N/A,N/A
Home & Garden (Legacy),Music,United States,"14,963",$6.40  ~ $6.64 ,$9.19 ,$47.40 ,0.07%,N/A,N/A
Home & Garden (Legacy),Music,Canada,"6,467",$4.30  ~ $4.65 ,$4.07 ,$41.00 ,0.11%,N/A,N/A
Home & Garden (Legacy),Gardening,United States,"9,456",$4.98  ~ $6.93 ,$6.53 ,$38.13 ,0.08%,N/A,N/A
Home & Garden (Legacy),Gardening,Canada,"5,691",$3.75  ~ $5.38 ,$6.85 ,$15.77 ,0.08%,N/A,N/A
Home & Garden (Legacy),Gardening,United Kingdom,"1,567",$0.00  ~ $1.99 ,$1.36 ,$13.30 ,0.15%,N/A,N/A
Home & Garden (Legacy),Real Estate,Canada,"2,591",$4.59  ~ $5.13 ,$6.16 ,$47.72 ,0.08%,N/A,N/A
Home & Garden (Legacy),Real Estate,United Kingdom,"9,837",$4.54  ~ $6.64 ,$3.24 ,$29.13 ,0.14%,N/A,N/A
Home & Garden (Legacy),Real Estate,United States,"4,614",$6.33  ~ $7.08 ,$1.85 ,$29.01 ,0.34%,N/A,N/A
Home & Garden (Legacy),Collecting,United States,66,$5.26  ~ $8.23 ,$33.27 ,N/A,0.02%,N/A,N/A
Home & Garden (Legacy),Collecting,Canada,43,$2.12  ~ $4.57 ,N/A,N/A,N/A,N/A,N/A
Home & Garden (Legacy),Remodeling & Construction,United States,"20,813",$4.72  ~ $5.67 ,$6.00 ,$40.18 ,0.09%,N/A,N/A
Home & Garden (Legacy),Remodeling & Construction,Canada,990,$2.38  ~ $5.23 ,$1.56 ,N/A,0.15%,N/A,N/A
Home & Garden (Legacy),Pro Basketball,United States,609,$7.23  ~ $8.53 ,$8.32 ,$74.91 ,0.09%,N/A,N/A
Home & Garden (Legacy),Pro Basketball,Canada,169,$3.08  ~ $16.01 ,$3.18 ,$10.04 ,0.10%,N/A,N/A
Home & Garden (Legacy),Pro Basketball,United Kingdom,"1,205",$6.87  ~ $8.20 ,$12.85 ,$242.63 ,0.06%,N/A,N/A
Home & Garden (Legacy),Business Software,Canada,"2,760",$8.08  ~ $9.03 ,$8.48 ,$66.77 ,0.11%,N/A,N/A
Home & Garden (Legacy),Business Software,United Kingdom,"2,615",$12.26  ~ $14.31 ,$11.58 ,$117.19 ,0.11%,N/A,N/A
Home & Garden (Legacy),Business Software,United States,"7,543",$9.51  ~ $9.65 ,$8.78 ,$87.90 ,0.11%,N/A,N/A
Home & Garden (Legacy),Health/Lowfat Cooking,Canada,647,$2.97  ~ $10.67 ,$8.80 ,$17.74 ,0.12%,N/A,N/A
Home & Garden (Legacy),Health/Lowfat Cooking,United States,587,$8.42  ~ $9.35 ,$6.14 ,$44.76 ,0.14%,N/A,N/A
Home & Garden (Legacy),Health/Lowfat Cooking,United Kingdom,141,$5.54  ~ $5.56 ,$8.79 ,N/A,0.06%,N/A,N/A
Home & Garden (Legacy),Babies & Toddlers,United States,85,$11.04  ~ $11.52 ,$14.13 ,$44.14 ,0.08%,N/A,N/A
Home & Garden (Legacy),By US Locale,United States,1,$11.50  ~ $26.74 ,N/A,N/A,N/A,N/A,N/A
Home & Garden (Legacy),Apartments,United States,545,$5.60  ~ $6.77 ,$1.29 ,$25.44 ,0.43%,N/A,N/A
Home & Garden (Legacy),Apartments,Canada,"4,787",$1.79  ~ $6.44 ,$5.43 ,$30.73 ,0.12%,N/A,N/A
Home & Garden (Legacy),Apartments,United Kingdom,"21,421",$6.78  ~ $7.24 ,$5.11 ,$43.15 ,0.13%,N/A,N/A
Home & Garden (Legacy),Biotech/Biomedical,Canada,"3,939",$6.79  ~ $7.45 ,$4.16 ,$37.57 ,0.16%,N/A,N/A
Home & Garden (Legacy),Biotech/Biomedical,United Kingdom,242,$7.02  ~ $9.03 ,$6.05 ,N/A,0.15%,N/A,N/A
Home & Garden (Legacy),Biotech/Biomedical,United States,"7,047",$8.44  ~ $24.49 ,$4.28 ,$101.15 ,0.20%,N/A,N/A
Home & Garden (Legacy),Education,United Kingdom,"3,807",$6.14  ~ $9.84 ,$5.95 ,$104.91 ,0.10%,N/A,N/A
Home & Garden (Legacy),Education,Mexico,1,$8.18  ~ $8.18 ,$2.37 ,$28.46 ,0.35%,N/A,N/A
Home & Garden (Legacy),Education,United States,"8,554",$7.21  ~ $7.77 ,$6.71 ,$63.08 ,0.11%,N/A,N/A
Home & Garden (Legacy),Education,Canada,754,$7.07  ~ $9.31 ,N/A,N/A,N/A,N/A,N/A
Home & Garden (Legacy),Distance Learning,United States,"1,039",$9.85  ~ $10.72 ,$15.77 ,$274.74 ,0.06%,N/A,N/A
Home & Garden (Legacy),Cuisine-Specific,United States,471,$3.96  ~ $3.96 ,$4.60 ,N/A,0.09%,N/A,N/A
Home & Garden (Legacy),Swimming,United States,159,$2.16  ~ $8.38 ,$43.42 ,$252.79 ,0.02%,N/A,N/A
Home & Garden (Legacy),Computer Certification,United States,3,$5.56  ~ $14.01 ,N/A,N/A,N/A,N/A,N/A
Home & Garden (Legacy),Books & Literature,United States,69,$9.19  ~ $18.69 ,$9.38 ,$39.51 ,0.20%,N/A,N/A
Home & Garden (Legacy),Logistics,Mexico,3,$1.24  ~ $6.27 ,$2.33 ,N/A,0.27%,N/A,N/A
Home & Garden (Legacy),Logistics,United States,"6,287",$8.90  ~ $9.90 ,$7.69 ,$64.31 ,0.12%,N/A,N/A
Home & Garden (Legacy),Logistics,Canada,"5,816",$4.00  ~ $6.10 ,$5.44 ,$110.49 ,0.11%,N/A,N/A
Home & Garden (Legacy),Logistics,United Kingdom,475,$5.74  ~ $7.62 ,$7.81 ,$82.91 ,0.10%,N/A,N/A
Home & Garden (Legacy),Net Conferencing,Canada,317,$5.52  ~ $12.57 ,$3.45 ,N/A,0.16%,N/A,N/A
Home & Garden (Legacy),Net Conferencing,United States,51,$12.32  ~ $52.46 ,$15.05 ,$25.74 ,0.08%,N/A,N/A
Home & Garden (Legacy),Net Conferencing,United Kingdom,1,$6.23  ~ $14.96 ,N/A,N/A,N/A,N/A,N/A
Home & Garden (Legacy),Forestry,United States,7,$6.87  ~ $14.50 ,N/A,N/A,N/A,N/A,N/A
Home & Garden (Legacy),Insurance,Canada,"1,136",$5.89  ~ $8.36 ,$11.78 ,N/A,0.05%,N/A,N/A
Home & Garden (Legacy),Insurance,United Kingdom,"3,380",$4.28  ~ $4.85 ,$4.77 ,$50.33 ,0.10%,N/A,N/A
Home & Garden (Legacy),Insurance,United States,"9,845",$7.77  ~ $7.81 ,$5.58 ,$56.26 ,0.14%,N/A,N/A
Home & Garden (Legacy),Health & Fitness,Ireland,2,$1.56  ~ $2.93 ,$4.53 ,N/A,0.06%,N/A,N/A
Home & Garden (Legacy),Health & Fitness,United States,"44,971",$7.72  ~ $8.29 ,$6.18 ,$52.12 ,0.12%,N/A,N/A
Home & Garden (Legacy),Health & Fitness,Canada,"6,698",$5.56  ~ $6.03 ,$5.49 ,$32.49 ,0.10%,N/A,N/A
Home & Garden (Legacy),Health & Fitness,United Kingdom,"8,409",$5.42  ~ $5.80 ,$6.03 ,$79.42 ,0.10%,N/A,N/A
Home & Garden (Legacy),Cigars,United Kingdom,"10,768",$3.55  ~ $13.85 ,$5.79 ,$107.07 ,0.06%,N/A,N/A
Home & Garden (Legacy),Cigars,Canada,62,$3.29  ~ $3.84 ,$4.39 ,N/A,0.09%,N/A,N/A
Home & Garden (Legacy),Cigars,United States,"16,395",$6.77  ~ $6.90 ,$10.42 ,$67.87 ,0.07%,N/A,N/A
Home & Garden (Legacy),Cigars,Ireland,111,$9.09  ~ $9.09 ,N/A,N/A,N/A,N/A,N/A
Home & Garden (Legacy),Senior Living,United Kingdom,168,$6.08  ~ $7.27 ,$12.83 ,N/A,0.06%,N/A,N/A
Home & Garden (Legacy),Senior Living,United States,825,$6.34  ~ $6.73 ,$7.79 ,$64.61 ,0.08%,N/A,N/A
Home & Garden (Legacy),Senior Living,Canada,277,$3.37  ~ $6.80 ,$2.28 ,N/A,0.15%,N/A,N/A
Home & Garden (Legacy),Hotels,United States,"5,036",$6.10  ~ $6.61 ,$7.63 ,$48.17 ,0.09%,N/A,N/A
Home & Garden (Legacy),Hotels,Canada,693,$4.04  ~ $4.07 ,$1.32 ,$34.23 ,0.31%,N/A,N/A
Home & Garden (Legacy),Hotels,United Kingdom,868,$5.36  ~ $5.41 ,$7.75 ,$48.23 ,0.07%,N/A,N/A
Home & Garden (Legacy),Buying/Selling Homes,Canada,"9,264",$4.70  ~ $6.53 ,$4.33 ,$28.45 ,0.11%,N/A,N/A
Home & Garden (Legacy),Buying/Selling Homes,United Kingdom,"6,121",$5.47  ~ $7.72 ,$8.43 ,$71.06 ,0.06%,N/A,N/A
Home & Garden (Legacy),Buying/Selling Homes,United States,"3,388",$6.29  ~ $7.74 ,$5.78 ,$33.75 ,0.11%,N/A,N/A
Home & Garden (Legacy),Couponing,Canada,"3,392",$4.49  ~ $9.07 ,$3.91 ,$11.92 ,0.11%,N/A,N/A
Home & Garden (Legacy),Couponing,United States,"7,230",$4.23  ~ $4.33 ,$7.02 ,$27.25 ,0.06%,N/A,N/A
Home & Garden (Legacy),Advertising,Canada,"15,743",$7.50  ~ $8.65 ,$4.82 ,$47.70 ,0.16%,N/A,N/A
Home & Garden (Legacy),Advertising,United Kingdom,741,$7.34  ~ $8.30 ,$9.58 ,$168.59 ,0.09%,N/A,N/A
Home & Garden (Legacy),Advertising,United States,"3,778",$9.01  ~ $9.16 ,$8.95 ,$86.66 ,0.10%,N/A,N/A
Home & Garden (Legacy),Human Resources,Canada,"8,870",$6.32  ~ $6.60 ,$7.47 ,$125.92 ,0.09%,N/A,N/A
Home & Garden (Legacy),Human Resources,United Kingdom,"5,011",$5.08  ~ $8.92 ,$3.87 ,$105.60 ,0.13%,N/A,N/A
Home & Garden (Legacy),Human Resources,Mexico,4,$1.90  ~ $2.29 ,$1.21 ,$19.21 ,0.19%,N/A,N/A
Home & Garden (Legacy),Human Resources,United States,"5,276",$8.19  ~ $10.42 ,$8.70 ,$60.57 ,0.09%,N/A,N/A
Home & Garden (Legacy),Careers,Canada,524,$3.31  ~ $3.88 ,$8.33 ,N/A,0.04%,N/A,N/A
Home & Garden (Legacy),Careers,United States,"2,105",$3.87  ~ $7.75 ,$6.51 ,$77.05 ,0.06%,N/A,N/A
Home & Garden (Legacy),Careers,United Kingdom,527,$3.87  ~ $14.67 ,$4.50 ,$45.41 ,0.09%,N/A,N/A
Home & Garden (Legacy),Wine,United States,118,$8.09  ~ $9.84 ,$10.28 ,$184.33 ,0.10%,N/A,N/A
Home & Garden (Legacy),Art/Technology,United Kingdom,178,$1.43  ~ $1.43 ,$1.16 ,N/A,0.12%,N/A,N/A
Home & Garden (Legacy),Art/Technology,Canada,510,$6.04  ~ $6.75 ,$3.38 ,N/A,0.18%,N/A,N/A
Home & Garden (Legacy),Art/Technology,United States,"7,483",$6.46  ~ $6.52 ,$9.23 ,$282.23 ,0.07%,N/A,N/A
Home & Garden (Legacy),Financial Aid,United States,142,$7.97  ~ $8.27 ,$29.59 ,N/A,0.03%,N/A,N/A
Home & Garden (Legacy),7-12 Education,United States,1,$8.78  ~ $19.32 ,N/A,N/A,N/A,N/A,N/A
Home & Garden (Legacy),Architects,United Kingdom,12,$7.30  ~ $7.30 ,N/A,N/A,N/A,N/A,N/A
Home & Garden (Legacy),Interior Decorating,United States,"6,523",$6.62  ~ $7.19 ,$5.63 ,$34.15 ,0.13%,N/A,N/A
Home & Garden (Legacy),Interior Decorating,United Kingdom,"1,276",$5.03  ~ $5.16 ,$10.36 ,$60.16 ,0.05%,N/A,N/A
Home & Garden (Legacy),Interior Decorating,Canada,"18,295",$4.20  ~ $7.60 ,$7.23 ,$41.44 ,0.11%,N/A,N/A
Home & Garden (Legacy),Martial Arts,Canada,49,$2.08  ~ $5.04 ,N/A,N/A,N/A,N/A,N/A
Home & Garden (Legacy),Martial Arts,United States,15,$2.86  ~ $6.67 ,$1.16 ,N/A,0.25%,N/A,N/A
Home & Garden (Legacy),Shopping,Canada,"3,725",$2.47  ~ $2.81 ,$3.30 ,$19.20 ,0.07%,N/A,N/A
Home & Garden (Legacy),Shopping,United Kingdom,"2,116",$3.44  ~ $4.07 ,$3.82 ,$42.97 ,0.11%,N/A,N/A
Home & Garden (Legacy),Shopping,United States,"15,139",$5.08  ~ $7.49 ,$4.22 ,$28.65 ,0.12%,N/A,N/A
Home & Garden (Legacy),Business,Canada,"7,971",$4.84  ~ $9.42 ,$4.49 ,$45.51 ,0.11%,N/A,N/A
Home & Garden (Legacy),Business,United Kingdom,"17,460",$5.03  ~ $5.24 ,$4.81 ,$41.14 ,0.11%,N/A,N/A
Home & Garden (Legacy),Business,United States,"27,028",$7.78  ~ $7.86 ,$6.72 ,$66.31 ,0.12%,N/A,N/A
Home & Garden (Legacy),Business,Mexico,4,$6.70  ~ $7.17 ,$0.83 ,$22.47 ,0.87%,N/A,N/A
Home & Garden (Legacy),Cancer,United States,"2,472",$11.11  ~ $14.56 ,$17.16 ,$127.81 ,0.08%,N/A,N/A
Home & Garden (Legacy),Cancer,Canada,148,$16.68  ~ $16.68 ,$8.83 ,N/A,0.19%,N/A,N/A
Home & Garden (Legacy),Coffee/Tea,United States,"2,585",$4.63  ~ $7.53 ,$1.15 ,$10.53 ,0.40%,N/A,N/A
Home & Garden (Legacy),Arts & Entertainment,Canada,784,$5.01  ~ $5.56 ,$4.14 ,$47.77 ,0.12%,N/A,N/A
Home & Garden (Legacy),Arts & Entertainment,United Kingdom,"1,907",$2.26  ~ $7.92 ,$7.00 ,$43.78 ,0.03%,N/A,N/A
Home & Garden (Legacy),Arts & Entertainment,United States,"4,913",$6.23  ~ $7.25 ,$5.80 ,$29.91 ,0.11%,N/A,N/A
Home & Garden (Legacy),"Law, Gov't & Politics",United States,29,$1.24  ~ $2.99 ,$2.63 ,N/A,0.11%,N/A,N/A
Home & Garden (Legacy),Personal Finance,Canada,"2,618",$5.35  ~ $6.37 ,$5.17 ,$68.11 ,0.10%,N/A,N/A
Home & Garden (Legacy),Personal Finance,United Kingdom,"1,577",$6.58  ~ $9.80 ,$8.44 ,$201.10 ,0.08%,N/A,N/A
Home & Garden (Legacy),Personal Finance,United States,"35,658",$5.47  ~ $5.74 ,$4.77 ,$52.61 ,0.12%,N/A,N/A
Home & Garden (Legacy),Personal Finance,Ireland,237,$7.26  ~ $7.28 ,$7.19 ,N/A,0.10%,N/A,N/A
Home & Garden (Legacy),Veterinary Medicine,United States,739,$4.59  ~ $5.62 ,$7.88 ,$16.56 ,0.06%,N/A,N/A
Home & Garden (Legacy),Veterinary Medicine,Canada,62,$2.24  ~ $5.59 ,$1.86 ,N/A,0.12%,N/A,N/A
Home & Garden (Legacy),Veterinary Medicine,United Kingdom,4,$2.24  ~ $4.60 ,N/A,N/A,N/A,N/A,N/A
Home & Garden (Legacy),Pediatrics,United States,281,$8.45  ~ $29.28 ,$12.39 ,N/A,0.07%,N/A,N/A
Home & Garden (Legacy),Catholicism,United States,37,$6.36  ~ $8.35 ,$10.33 ,$85.55 ,0.08%,N/A,N/A
Home & Garden (Legacy),Celebrity Fan/Gossip,United States,1,$6.75  ~ $16.27 ,N/A,N/A,N/A,N/A,N/A
Home & Garden (Legacy),Environmental Safety,Canada,91,$2.23  ~ $4.73 ,$0.49 ,N/A,0.45%,N/A,N/A
Home & Garden (Legacy),Environmental Safety,United States,348,$7.22  ~ $7.34 ,$12.58 ,$59.04 ,0.06%,N/A,N/A
Home & Garden (Legacy),Air Travel,United Kingdom,306,$6.37  ~ $14.30 ,$11.44 ,N/A,0.06%,N/A,N/A
Home & Garden (Legacy),Air Travel,United States,"10,038",$5.64  ~ $5.98 ,$4.20 ,$45.96 ,0.14%,N/A,N/A
Home & Garden (Legacy),Air Travel,Canada,349,$6.38  ~ $6.58 ,$3.93 ,N/A,0.16%,N/A,N/A
Home & Garden (Legacy),Dermatology,United States,83,$6.09  ~ $6.36 ,$14.44 ,N/A,0.04%,N/A,N/A
Home & Garden (Legacy),Dermatology,Canada,88,$2.09  ~ $4.63 ,N/A,N/A,N/A,N/A,N/A
Home & Garden (Legacy),Cocktails/Beer,United States,"1,862",$7.14  ~ $8.53 ,$3.85 ,$38.10 ,0.19%,N/A,N/A
Home & Garden (Legacy),Cocktails/Beer,Canada,"9,422",$6.45  ~ $6.75 ,$2.74 ,N/A,0.24%,N/A,N/A
Home & Garden (Legacy),Senor Health,United Kingdom,9,$7.33  ~ $7.64 ,$17.49 ,N/A,0.04%,N/A,N/A
Home & Garden (Legacy),Senor Health,Canada,656,$5.36  ~ $7.10 ,$4.10 ,N/A,0.13%,N/A,N/A
Home & Garden (Legacy),Senor Health,United States,"2,075",$6.36  ~ $7.99 ,$5.72 ,$27.86 ,0.14%,N/A,N/A
Home & Garden (Legacy),Commentary,United States,208,$13.17  ~ $16.14 ,$17.05 ,N/A,0.09%,N/A,N/A
Home & Garden (Legacy),Football,Canada,"11,425",$4.87  ~ $5.74 ,$5.76 ,$15.55 ,0.10%,N/A,N/A
Home & Garden (Legacy),Football,United States,"1,778",$5.58  ~ $8.72 ,$6.62 ,$62.69 ,0.08%,N/A,N/A
Home & Garden (Legacy),Adult Education,United States,127,$3.12  ~ $6.83 ,$5.56 ,$58.36 ,0.12%,N/A,N/A
Home & Garden (Legacy),Adult Education,Canada,132,$3.15  ~ $6.80 ,N/A,N/A,N/A,N/A,N/A
Home & Garden (Legacy),Adult Education,United Kingdom,35,$7.55  ~ $9.06 ,$12.56 ,$10.67 ,0.07%,N/A,N/A
Home & Garden (Legacy),Psychology/Psychiatry,United States,"7,511",$6.01  ~ $7.50 ,$7.32 ,$75.03 ,0.10%,N/A,N/A
Home & Garden (Legacy),Psychology/Psychiatry,Canada,428,$5.52  ~ $5.62 ,$2.06 ,N/A,0.27%,N/A,N/A
Home & Garden (Legacy),Psychology/Psychiatry,United Kingdom,"1,080",$7.81  ~ $8.20 ,$6.36 ,$100.05 ,0.12%,N/A,N/A
Home & Garden (Legacy),Road-Side Assistance,United States,4,$2.38  ~ $4.95 ,N/A,N/A,N/A,N/A,N/A
Home & Garden (Legacy),Road-Side Assistance,Canada,36,$2.24  ~ $4.81 ,N/A,N/A,N/A,N/A,N/A
Home & Garden (Legacy),Road-Side Assistance,Mexico,280,$4.41  ~ $9.33 ,$4.91 ,N/A,0.09%,N/A,N/A
Home & Garden (Legacy),Road-Side Assistance,United Kingdom,141,$10.02  ~ $24.02 ,$10.46 ,N/A,0.10%,N/A,N/A
Home & Garden (Legacy),Alternative Religions,United States,171,$7.94  ~ $8.07 ,$6.49 ,$24.08 ,0.12%,N/A,N/A
Home & Garden (Legacy),Alternative Religions,United Kingdom,1,$5.19  ~ $11.72 ,$11.91 ,N/A,0.04%,N/A,N/A
Home & Garden (Legacy),Comparison,United States,47,$4.76  ~ $10.41 ,$4.89 ,N/A,0.10%,N/A,N/A
Home & Garden (Legacy),Hunting/Shooting,United States,156,$7.04  ~ $7.04 ,N/A,N/A,N/A,N/A,N/A
Home & Garden (Legacy),Fine Art,United States,"2,417",$6.05  ~ $7.46 ,$5.95 ,$34.27 ,0.10%,N/A,N/A
Home & Garden (Legacy),Fine Art,Canada,212,$5.42  ~ $6.80 ,$4.32 ,N/A,0.13%,N/A,N/A
Home & Garden (Legacy),Fine Art,United Kingdom,"8,278",$6.62  ~ $7.18 ,$10.02 ,$68.46 ,0.07%,N/A,N/A
Home & Garden (Legacy),Politics,United States,"7,233",$11.30  ~ $11.57 ,$15.06 ,$148.58 ,0.08%,N/A,N/A
Home & Garden (Legacy),Politics,Canada,141,$9.78  ~ $12.82 ,$9.58 ,$47.25 ,0.10%,N/A,N/A
Home & Garden (Legacy),News,Canada,43,$13.27  ~ $32.79 ,$9.37 ,N/A,0.14%,N/A,N/A
Home & Garden (Legacy),News,United States,"1,402",$11.69  ~ $14.83 ,$8.76 ,$55.99 ,0.13%,N/A,N/A
Home & Garden (Legacy),Pets,United States,"1,719",$8.21  ~ $8.55 ,$8.87 ,$89.45 ,0.09%,N/A,N/A
Home & Garden (Legacy),Pets,Canada,160,$8.20  ~ $8.33 ,$20.17 ,$170.56 ,0.04%,N/A,N/A
Home & Garden (Legacy),Daycare/Pre School,United States,11,$1.98  ~ $3.54 ,$1.43 ,N/A,0.25%,N/A,N/A
Home & Garden (Legacy),Daycare/Pre School,Canada,205,$2.25  ~ $4.95 ,N/A,N/A,N/A,N/A,N/A
Home & Garden (Legacy),Movies,United States,111,$6.20  ~ $6.23 ,$5.02 ,$97.12 ,0.12%,N/A,N/A
Home & Garden (Legacy),Adventure Travel,United States,609,$3.18  ~ $14.43 ,$4.88 ,$23.87 ,0.07%,N/A,N/A
Home & Garden (Legacy),Mutual Funds,United States,"4,460",$7.67  ~ $8.05 ,$7.55 ,$86.83 ,0.10%,N/A,N/A
Home & Garden (Legacy),Mutual Funds,Canada,192,$17.22  ~ $17.90 ,$15.64 ,$67.42 ,0.11%,N/A,N/A
Home & Garden (Legacy),Cell Phones,United States,33,$12.50  ~ $12.50 ,$15.12 ,$43.45 ,0.08%,N/A,N/A
Home & Garden (Legacy),Television,Canada,12,$8.19  ~ $18.42 ,$1.51 ,N/A,0.54%,N/A,N/A
Home & Garden (Legacy),Television,United States,5,$13.33  ~ $30.89 ,$3.20 ,$5.56 ,0.42%,N/A,N/A
Home & Garden (Legacy),Television,United Kingdom,358,$6.98  ~ $7.05 ,$3.11 ,$38.08 ,0.23%,N/A,N/A
Home & Garden (Legacy),Dental Care,United States,169,$2.60  ~ $2.89 ,$22.97 ,N/A,0.01%,N/A,N/A
Home & Garden (Legacy),Dental Care,Canada,548,$2.18  ~ $4.83 ,$2.36 ,N/A,0.09%,N/A,N/A
Home & Garden (Legacy),Dental Care,United Kingdom,4,$16.58  ~ $39.01 ,N/A,N/A,N/A,N/A,N/A
Home & Garden (Legacy),Entertainment,United States,27,$9.68  ~ $22.45 ,$11.15 ,N/A,0.09%,N/A,N/A
Home & Garden (Legacy),Computer Peripherals,United Kingdom,241,$13.58  ~ $13.59 ,$5.35 ,N/A,0.25%,N/A,N/A
Home & Garden (Legacy),Computer Peripherals,Canada,"1,169",$4.16  ~ $6.07 ,$6.99 ,$78.21 ,0.09%,N/A,N/A
Home & Garden (Legacy),Computer Peripherals,United States,"2,318",$7.02  ~ $13.59 ,$9.58 ,$40.40 ,0.14%,N/A,N/A
Home & Garden (Legacy),Alternative Medicine,Canada,244,$1.59  ~ $2.02 ,$1.76 ,N/A,0.11%,N/A,N/A
Home & Garden (Legacy),Alternative Medicine,United States,196,$8.37  ~ $16.95 ,$20.63 ,$136.42 ,0.08%,N/A,N/A
Home & Garden (Legacy),Alternative Medicine,United Kingdom,35,$5.40  ~ $5.40 ,$6.52 ,N/A,0.08%,N/A,N/A
Home & Garden (Legacy),Birdwatching,United States,190,$4.08  ~ $8.10 ,$8.62 ,$57.14 ,0.09%,N/A,N/A
Home & Garden (Legacy),Birdwatching,Canada,513,$10.48  ~ $22.25 ,$7.29 ,N/A,0.14%,N/A,N/A
Home & Garden (Legacy),Bed & Breakfasts,United Kingdom,"4,439",$5.71  ~ $5.78 ,$11.04 ,$95.53 ,0.05%,N/A,N/A
Home & Garden (Legacy),Bed & Breakfasts,Canada,395,$0.29  ~ $0.29 ,$1.85 ,N/A,0.02%,N/A,N/A
Home & Garden (Legacy),Bed & Breakfasts,United States,"3,323",$1.03  ~ $4.43 ,$1.89 ,$24.71 ,0.23%,N/A,N/A
Home & Garden (Legacy),Retirement Planning,United Kingdom,50,$6.03  ~ $14.53 ,$7.44 ,N/A,0.08%,N/A,N/A
Home & Garden (Legacy),Retirement Planning,United States,86,$8.07  ~ $17.31 ,$25.53 ,N/A,0.07%,N/A,N/A
Home & Garden (Legacy),Retirement Planning,Canada,5,$2.68  ~ $6.35 ,$0.86 ,N/A,0.31%,N/A,N/A
Home & Garden (Legacy),Mountain Biking,Canada,693,$6.51  ~ $6.66 ,$1.47 ,$15.64 ,0.44%,N/A,N/A
Home & Garden (Legacy),Mountain Biking,United States,17,$6.68  ~ $6.76 ,$2.87 ,$23.45 ,0.23%,N/A,N/A
Home & Garden (Legacy),Internet Technology,United Kingdom,270,$6.32  ~ $7.64 ,$12.18 ,$76.13 ,0.06%,N/A,N/A
Home & Garden (Legacy),Internet Technology,United States,"1,019",$7.74  ~ $8.65 ,$10.32 ,$70.82 ,0.08%,N/A,N/A
Home & Garden (Legacy),Internet Technology,Canada,2,$3.20  ~ $7.47 ,N/A,N/A,N/A,N/A,N/A
Home & Garden (Legacy),Desserts & Baking,Canada,493,$5.47  ~ $5.71 ,$3.57 ,N/A,0.15%,N/A,N/A
Home & Garden (Legacy),Desserts & Baking,United States,244,$3.99  ~ $8.42 ,$6.19 ,$36.17 ,0.06%,N/A,N/A
Home & Garden (Legacy),Auto Repair,Canada,"7,624",$5.96  ~ $6.23 ,$9.46 ,N/A,0.06%,N/A,N/A
Home & Garden (Legacy),Auto Repair,United States,"1,261",$6.15  ~ $6.80 ,$6.10 ,$73.65 ,0.11%,N/A,N/A
Home & Garden (Legacy),Theme Parks,Canada,"1,041",$4.98  ~ $11.23 ,$3.26 ,$22.80 ,0.15%,N/A,N/A
Home & Garden (Legacy),Theme Parks,United States,77,$4.43  ~ $4.43 ,$3.04 ,$15.64 ,0.15%,N/A,N/A
Home & Garden (Legacy),Agriculture,Canada,421,$4.03  ~ $4.44 ,$3.55 ,$19.45 ,0.11%,N/A,N/A
Home & Garden (Legacy),Agriculture,United States,181,$3.50  ~ $3.58 ,$2.02 ,N/A,0.17%,N/A,N/A
Home & Garden (Legacy),College,Canada,"2,570",$4.62  ~ $6.81 ,$3.95 ,$32.93 ,0.12%,N/A,N/A
Home & Garden (Legacy),College,United Kingdom,"1,371",$9.13  ~ $9.18 ,$9.02 ,N/A,0.10%,N/A,N/A
Home & Garden (Legacy),College,United States,"3,312",$6.24  ~ $8.07 ,$5.06 ,$67.74 ,0.16%,N/A,N/A
Home & Garden (Legacy),Job Search,United States,"3,112",$8.64  ~ $8.76 ,$8.52 ,$75.72 ,0.10%,N/A,N/A
Home & Garden (Legacy),Job Search,Canada,5,$3.48  ~ $4.66 ,N/A,N/A,N/A,N/A,N/A
Home & Garden (Legacy),Job Search,United Kingdom,21,$7.04  ~ $16.21 ,$8.37 ,N/A,0.08%,N/A,N/A
Home & Garden (Legacy),K-6 Educators,United Kingdom,41,$6.47  ~ $7.03 ,$5.23 ,N/A,0.12%,N/A,N/A
Home & Garden (Legacy),K-6 Educators,United States,"1,013",$5.57  ~ $9.91 ,$2.77 ,$36.44 ,0.20%,N/A,N/A
Home & Garden (Legacy),K-6 Educators,Canada,210,$2.39  ~ $12.44 ,N/A,N/A,N/A,N/A,N/A
Home & Garden (Legacy),Legal Issues,Canada,"18,810",$5.31  ~ $6.18 ,$5.17 ,$41.49 ,0.12%,N/A,N/A
Home & Garden (Legacy),Legal Issues,United Kingdom,"6,147",$4.88  ~ $5.34 ,$5.15 ,$96.79 ,0.10%,N/A,N/A
Home & Garden (Legacy),Legal Issues,United States,"23,375",$7.50  ~ $9.08 ,$7.48 ,$52.48 ,0.10%,N/A,N/A
Home & Garden (Legacy),Dogs,Canada,235,$2.13  ~ $5.26 ,N/A,N/A,N/A,N/A,N/A
Home & Garden (Legacy),Dogs,United States,"2,655",$3.82  ~ $5.93 ,$4.82 ,$16.77 ,0.08%,N/A,N/A
Home & Garden (Legacy),Dogs,United Kingdom,209,$9.50  ~ $9.50 ,$16.00 ,N/A,0.06%,N/A,N/A
Home & Garden (Legacy),Incest/Abuse Support,United States,"2,476",$5.86  ~ $9.04 ,$6.63 ,$60.48 ,0.09%,N/A,N/A
Home & Garden (Legacy),Incest/Abuse Support,Canada,470,$5.28  ~ $7.46 ,$3.61 ,$4.92 ,0.15%,N/A,N/A
Home & Garden (Legacy),Weight Loss,United States,429,$3.85  ~ $3.98 ,$7.07 ,N/A,0.05%,N/A,N/A
Home & Garden (Legacy),Weight Loss,United Kingdom,"4,127",$8.10  ~ $8.18 ,$15.47 ,$525.83 ,0.05%,N/A,N/A
Home & Garden (Legacy),Weight Loss,Mexico,143,$1.39  ~ $3.14 ,$1.06 ,N/A,0.13%,N/A,N/A
Home & Garden (Legacy),Radio,United States,85,$5.72  ~ $6.26 ,$6.31 ,N/A,0.10%,N/A,N/A
Home & Garden (Legacy),Nutrition,United States,"1,939",$9.34  ~ $10.20 ,$3.52 ,$30.79 ,0.29%,N/A,N/A
Home & Garden (Legacy),Nutrition,Canada,"10,438",$3.25  ~ $4.11 ,$2.69 ,$9.26 ,0.12%,N/A,N/A
Home & Garden (Legacy),Nutrition,United Kingdom,53,$9.55  ~ $9.55 ,$10.78 ,N/A,0.09%,N/A,N/A
Home & Garden (Legacy),Network Security,United States,9,$2.05  ~ $2.44 ,$1.36 ,N/A,0.15%,N/A,N/A
Home & Garden (Legacy),Network Security,Canada,14,$2.12  ~ $4.67 ,N/A,N/A,N/A,N/A,N/A
Home & Garden (Legacy),Travel,United Kingdom,"5,963",$4.64  ~ $4.86 ,$5.49 ,$40.29 ,0.08%,N/A,N/A
Home & Garden (Legacy),Travel,Ireland,1,$4.27  ~ $4.60 ,$1.42 ,N/A,0.32%,N/A,N/A
Home & Garden (Legacy),Travel,United States,"13,886",$4.84  ~ $4.93 ,$3.16 ,$28.29 ,0.16%,N/A,N/A
Home & Garden (Legacy),Travel,Canada,152,$6.26  ~ $7.97 ,$4.07 ,N/A,0.20%,N/A,N/A
Home & Garden (Legacy),Cruises,United Kingdom,663,$4.89  ~ $5.37 ,$6.32 ,$352.84 ,0.09%,N/A,N/A
Home & Garden (Legacy),Cruises,United States,"2,460",$7.52  ~ $8.27 ,$4.19 ,$34.89 ,0.20%,N/A,N/A
Home & Garden (Legacy),Cruises,Canada,"2,120",$5.08  ~ $6.17 ,$4.12 ,$57.89 ,0.12%,N/A,N/A
Home & Garden (Legacy),Infertility,United States,244,$4.01  ~ $6.80 ,$21.08 ,N/A,0.03%,N/A,N/A
Home & Garden (Legacy),Credit/Debt & Loans,United States,"31,038",$6.25  ~ $8.16 ,$4.37 ,$29.06 ,0.14%,N/A,N/A
Home & Garden (Legacy),Credit/Debt & Loans,United Kingdom,"1,173",$6.42  ~ $7.90 ,$6.23 ,$31.96 ,0.13%,N/A,N/A
Home & Garden (Legacy),Credit/Debt & Loans,Mexico,1,$6.59  ~ $14.22 ,$2.55 ,N/A,0.26%,N/A,N/A
Home & Garden (Legacy),Credit/Debt & Loans,Canada,"3,384",$7.09  ~ $7.84 ,$5.88 ,$91.82 ,0.12%,N/A,N/A
Home & Garden (Legacy),Investing,United Kingdom,38,$7.05  ~ $7.45 ,$10.73 ,N/A,0.07%,N/A,N/A
Home & Garden (Legacy),Investing,United States,"2,492",$4.45  ~ $5.19 ,$6.13 ,$64.10 ,0.07%,N/A,N/A
Home & Garden (Legacy),Investing,Canada,14,$8.27  ~ $8.27 ,$7.80 ,$7.80 ,0.11%,N/A,N/A
Home & Garden (Legacy),Landscaping,Canada,765,$2.09  ~ $4.69 ,$2.82 ,N/A,0.07%,N/A,N/A
Home & Garden (Legacy),Landscaping,United States,225,$4.10  ~ $4.13 ,$4.30 ,$29.51 ,0.10%,N/A,N/A
Home & Garden (Legacy),Marketing,United States,72,$6.86  ~ $7.71 ,$7.38 ,$53.94 ,0.10%,N/A,N/A
Home & Garden (Legacy),Marketing,Canada,"4,339",$2.96  ~ $6.97 ,$2.42 ,$20.59 ,0.12%,N/A,N/A
Home & Garden (Legacy),Technology & Computing,Canada,"4,398",$4.96  ~ $6.34 ,$11.49 ,N/A,0.06%,N/A,N/A
Home & Garden (Legacy),Technology & Computing,United States,"2,027",$6.73  ~ $6.79 ,$9.94 ,$66.21 ,0.07%,N/A,N/A
Home & Garden (Legacy),Technology & Computing,United Kingdom,793,$5.45  ~ $10.51 ,$9.32 ,$136.76 ,0.11%,N/A,N/A
Home & Garden (Legacy),Appliances,United States,"6,560",$8.18  ~ $8.40 ,$7.40 ,$130.98 ,0.11%,N/A,N/A
Home & Garden (Legacy),Appliances,Canada,"1,907",$8.05  ~ $8.80 ,$8.72 ,$103.98 ,0.09%,N/A,N/A
Home & Garden (Legacy),Appliances,United Kingdom,366,$6.72  ~ $6.80 ,$5.23 ,N/A,0.13%,N/A,N/A
Home & Garden (Legacy),Buying/Selling Cars,Canada,"10,074",$5.25  ~ $5.94 ,$5.35 ,$51.24 ,0.10%,N/A,N/A
Home & Garden (Legacy),Buying/Selling Cars,United Kingdom,437,$7.27  ~ $11.46 ,$11.56 ,$74.70 ,0.10%,N/A,N/A
Home & Garden (Legacy),Buying/Selling Cars,United States,"3,830",$6.40  ~ $6.62 ,$4.19 ,$35.00 ,0.15%,N/A,N/A
Home & Garden (Legacy),Buying/Selling Cars,Mexico,5,$15.60  ~ $20.70 ,$6.68 ,N/A,0.23%,N/A,N/A
Home & Garden (Legacy),Government,Canada,1,$9.84  ~ $9.97 ,$11.51 ,N/A,0.09%,N/A,N/A
Home & Garden (Legacy),Government,United States,169,$7.46  ~ $7.77 ,$7.60 ,N/A,0.10%,N/A,N/A
Home & Garden (Legacy),Dining Out,United Kingdom,435,$6.74  ~ $19.94 ,$5.41 ,$471.78 ,0.12%,N/A,N/A
Home & Garden (Legacy),Dining Out,Canada,"3,198",$6.29  ~ $7.07 ,$5.73 ,$43.79 ,0.11%,N/A,N/A
Home & Garden (Legacy),Dining Out,United States,"6,002",$6.64  ~ $9.01 ,$11.91 ,$73.31 ,0.06%,N/A,N/A
Home & Garden (Legacy),Fashion,United States,15,$8.18  ~ $19.14 ,N/A,N/A,N/A,N/A,N/A
Home & Garden (Legacy),Jewelry,Canada,"1,828",$3.99  ~ $4.03 ,$2.41 ,$20.87 ,0.17%,N/A,N/A
Home & Garden (Legacy),Jewelry,United States,"38,198",$1.80  ~ $8.56 ,$0.61 ,$7.97 ,0.29%,N/A,N/A
Home & Garden (Legacy),Trucks & Accessories,United States,"1,434",$5.13  ~ $5.35 ,$7.73 ,$36.45 ,0.07%,N/A,N/A
Home & Garden (Legacy),Metals,Canada,"7,392",$4.74  ~ $8.96 ,$4.65 ,$50.01 ,0.10%,N/A,N/A
Home & Garden (Legacy),Metals,United States,"9,463",$6.05  ~ $7.66 ,$5.91 ,$47.38 ,0.13%,N/A,N/A
Home & Garden (Legacy),Metals,United Kingdom,133,$7.85  ~ $8.04 ,$3.73 ,N/A,0.22%,N/A,N/A
Home & Garden (Legacy),Investors & Patents,Canada,822,$2.21  ~ $5.07 ,$2.67 ,N/A,0.08%,N/A,N/A
Home & Garden (Legacy),Investors & Patents,United Kingdom,22,$8.47  ~ $18.70 ,$17.26 ,N/A,0.05%,N/A,N/A
Home & Garden (Legacy),Investors & Patents,United States,"11,529",$7.66  ~ $8.19 ,$4.23 ,$66.36 ,0.19%,N/A,N/A
Home & Garden (Legacy),Arts & Crafts,United States,"2,393",$4.86  ~ $11.47 ,$0.81 ,$56.25 ,0.60%,N/A,N/A
Home & Garden (Legacy),Arthritis,United States,35,$4.72  ~ $5.41 ,$10.59 ,$26.48 ,0.04%,N/A,N/A
Home & Garden (Legacy),Style & Fashion,United States,416,$4.17  ~ $7.69 ,$4.30 ,$13.26 ,0.18%,N/A,N/A
Home & Garden (Legacy),Auto Parts,United States,"3,710",$5.94  ~ $6.59 ,$16.03 ,$246.42 ,0.04%,N/A,N/A
Home & Garden (Legacy),Auto Parts,Canada,112,$5.22  ~ $12.87 ,$6.17 ,N/A,0.08%,N/A,N/A
Home & Garden (Legacy),Auto Parts,United Kingdom,744,$7.50  ~ $7.50 ,$8.26 ,$41.30 ,0.09%,N/A,N/A
Home & Garden (Legacy),Sexuality,Canada,66,$2.72  ~ $6.45 ,$3.64 ,N/A,0.07%,N/A,N/A
Home & Garden (Legacy),Sexuality,United States,"7,870",$6.15  ~ $6.96 ,$8.36 ,$24.96 ,0.07%,N/A,N/A
Home & Garden (Legacy),Accessories,Canada,19,$2.06  ~ $4.13 ,N/A,N/A,N/A,N/A,N/A
Home & Garden (Legacy),Accessories,United States,"1,397",$9.56  ~ $14.43 ,$3.91 ,N/A,0.24%,N/A,N/A
Home & Garden (Legacy),Horse Racing,Canada,82,$6.72  ~ $16.29 ,$11.32 ,$45.27 ,0.06%,N/A,N/A
Home & Garden (Legacy),Automotive,Canada,952,$6.85  ~ $8.24 ,$5.89 ,$172.25 ,0.12%,N/A,N/A
Home & Garden (Legacy),Automotive,United States,"13,347",$7.47  ~ $9.39 ,$5.59 ,$111.28 ,0.13%,N/A,N/A
Home & Garden (Legacy),Automotive,United Kingdom,84,$7.29  ~ $19.67 ,$40.01 ,N/A,0.05%,N/A,N/A
Home & Garden (Legacy),Cameras & Camcorders,Canada,31,$2.53  ~ $5.64 ,N/A,N/A,N/A,N/A,N/A
Home & Garden (Legacy),Camping,United States,8,$4.24  ~ $9.87 ,N/A,N/A,N/A,N/A,N/A
Home & Garden (Legacy),Certified Pre-Owned,United States,12,$11.55  ~ $13.64 ,$9.18 ,N/A,0.13%,N/A,N/A
Home & Garden (Legacy),Certified Pre-Owned,Canada,71,$2.08  ~ $4.24 ,$0.90 ,N/A,0.23%,N/A,N/A
Home & Garden (Legacy),Certified Pre-Owned,United Kingdom,4,$27.74  ~ $27.74 ,N/A,N/A,N/A,N/A,N/A
Home & Garden (Legacy),Honeymoons/Getaways,Canada,"1,107",$10.19  ~ $10.32 ,$6.91 ,$34.06 ,0.15%,N/A,N/A
Home & Garden (Legacy),Honeymoons/Getaways,United Kingdom,449,$7.12  ~ $7.95 ,$6.80 ,N/A,0.12%,N/A,N/A
Home & Garden (Legacy),Honeymoons/Getaways,United States,"1,402",$7.14  ~ $9.46 ,$3.87 ,$40.07 ,0.18%,N/A,N/A
Home & Garden (Legacy),Green Solutions,Canada,"14,868",$4.08  ~ $5.22 ,$6.53 ,$33.86 ,0.08%,N/A,N/A
Home & Garden (Legacy),Green Solutions,United States,"3,799",$6.13  ~ $6.56 ,$5.22 ,$52.22 ,0.12%,N/A,N/A
Home & Garden (Legacy),Green Solutions,United Kingdom,23,$6.28  ~ $7.61 ,$3.40 ,N/A,0.19%,N/A,N/A
Home & Garden (Legacy),Graduate School,Canada,801,$5.29  ~ $13.10 ,$7.94 ,N/A,0.07%,N/A,N/A
Home & Garden (Legacy),Graduate School,United Kingdom,"1,115",$5.81  ~ $8.24 ,$23.36 ,N/A,0.04%,N/A,N/A
Home & Garden (Legacy),Graduate School,United States,"6,800",$7.85  ~ $8.28 ,$3.72 ,$24.23 ,0.21%,N/A,N/A
Home & Garden (Legacy),Family & Parenting,Canada,"1,334",$2.42  ~ $3.69 ,$0.48 ,N/A,0.51%,N/A,N/A
Home & Garden (Legacy),Family & Parenting,United Kingdom,"9,791",$7.32  ~ $7.96 ,$12.79 ,$189.80 ,0.06%,N/A,N/A
Home & Garden (Legacy),Family & Parenting,United States,"1,955",$7.54  ~ $8.18 ,$3.62 ,$24.54 ,0.21%,N/A,N/A
Home & Garden (Legacy),Hobbies & Interests,United Kingdom,"141,748",$0.86  ~ $0.86 ,$1.88 ,N/A,0.05%,N/A,N/A
Home & Garden (Legacy),Hobbies & Interests,United States,"7,876",$7.63  ~ $8.26 ,$10.08 ,$53.53 ,0.08%,N/A,N/A
Home & Garden (Legacy),Hobbies & Interests,Canada,58,$0.00  ~ $6.19 ,$24.59 ,N/A,0.03%,N/A,N/A
Home & Garden (Legacy),Homework/Study Tips,United States,7,$2.17  ~ $4.52 ,N/A,N/A,N/A,N/A,N/A
Home & Garden (Legacy),Weight Loss,Canada,66,$0.00  ~ $0.00 ,N/A,N/A,N/A,N/A,N/A
Home & Garden (Legacy),Astrology,United States,1,$0.00  ~ $0.00 ,N/A,N/A,N/A,N/A,N/A
Home & Garden (Legacy),Cocktails/Beer,United Kingdom,535,$0.00  ~ $0.00 ,N/A,N/A,N/A,N/A,N/A
"Law, Gov't & Politics (Legacy)",Interior Decorating,United Kingdom,329,$6.62  ~ $6.80 ,$5.53 ,N/A,0.12%,N/A,N/A
"Law, Gov't & Politics (Legacy)",Interior Decorating,Canada,635,$4.02  ~ $7.76 ,$6.39 ,$40.75 ,0.12%,N/A,N/A
"Law, Gov't & Politics (Legacy)",Interior Decorating,United States,"6,628",$7.25  ~ $7.80 ,$8.49 ,$44.18 ,0.09%,N/A,N/A
"Law, Gov't & Politics (Legacy)",Computer Peripherals,United Kingdom,67,$13.39  ~ $13.87 ,$4.96 ,N/A,0.28%,N/A,N/A
"Law, Gov't & Politics (Legacy)",Computer Peripherals,Ireland,2,$13.75  ~ $13.95 ,$4.31 ,N/A,0.32%,N/A,N/A
"Law, Gov't & Politics (Legacy)",Computer Peripherals,United States,"3,614",$7.90  ~ $9.78 ,$7.45 ,$33.84 ,0.13%,N/A,N/A
"Law, Gov't & Politics (Legacy)",Computer Peripherals,Canada,492,$3.75  ~ $5.22 ,$6.44 ,$13.59 ,0.08%,N/A,N/A
"Law, Gov't & Politics (Legacy)",Off-Road Vehicles,United States,59,$6.83  ~ $10.09 ,$7.05 ,$45.49 ,0.14%,N/A,N/A
"Law, Gov't & Politics (Legacy)",Metals,Canada,"3,329",$5.34  ~ $8.48 ,$5.44 ,$82.20 ,0.10%,N/A,N/A
"Law, Gov't & Politics (Legacy)",Metals,United States,"14,655",$4.98  ~ $7.69 ,$8.64 ,$94.59 ,0.09%,N/A,N/A
"Law, Gov't & Politics (Legacy)",Metals,United Kingdom,151,$7.97  ~ $8.47 ,$4.81 ,N/A,0.18%,N/A,N/A
"Law, Gov't & Politics (Legacy)",Metals,Mexico,5,$1.10  ~ $3.37 ,$2.37 ,N/A,0.14%,N/A,N/A
"Law, Gov't & Politics (Legacy)",Allergies,Canada,189,$5.03  ~ $10.45 ,$3.34 ,N/A,0.15%,N/A,N/A
"Law, Gov't & Politics (Legacy)",Allergies,United Kingdom,12,$3.40  ~ $6.94 ,N/A,N/A,N/A,N/A,N/A
"Law, Gov't & Politics (Legacy)",Wine,Ireland,273,$5.15  ~ $10.85 ,$7.19 ,N/A,0.07%,N/A,N/A
"Law, Gov't & Politics (Legacy)",Wine,United States,534,$8.13  ~ $9.18 ,$9.04 ,$139.32 ,0.10%,N/A,N/A
"Law, Gov't & Politics (Legacy)",Movies,United States,204,$6.05  ~ $6.06 ,$11.75 ,N/A,0.05%,N/A,N/A
"Law, Gov't & Politics (Legacy)",Barbecues & Grilling,Canada,"1,141",$4.88  ~ $11.98 ,$4.64 ,$26.27 ,0.11%,N/A,N/A
"Law, Gov't & Politics (Legacy)",Home Repair,Canada,74,$5.10  ~ $5.29 ,$2.71 ,$35.44 ,0.19%,N/A,N/A
"Law, Gov't & Politics (Legacy)",Home Repair,United States,"6,670",$7.24  ~ $8.38 ,$9.23 ,$80.72 ,0.08%,N/A,N/A
"Law, Gov't & Politics (Legacy)",Home Repair,United Kingdom,"1,210",$6.45  ~ $8.93 ,$7.80 ,$79.60 ,0.08%,N/A,N/A
"Law, Gov't & Politics (Legacy)",Net Conferencing,Canada,4,$5.83  ~ $14.39 ,$6.57 ,N/A,0.09%,N/A,N/A
"Law, Gov't & Politics (Legacy)",Net Conferencing,United States,970,$9.93  ~ $52.19 ,$16.29 ,N/A,0.06%,N/A,N/A
"Law, Gov't & Politics (Legacy)",Honeymoons/Getaways,Canada,110,$9.19  ~ $10.52 ,$8.36 ,$49.81 ,0.13%,N/A,N/A
"Law, Gov't & Politics (Legacy)",Honeymoons/Getaways,United Kingdom,304,$7.31  ~ $8.72 ,$6.51 ,$56.68 ,0.13%,N/A,N/A
"Law, Gov't & Politics (Legacy)",Honeymoons/Getaways,United States,"4,379",$8.11  ~ $9.00 ,$11.88 ,$89.67 ,0.07%,N/A,N/A
"Law, Gov't & Politics (Legacy)",Shopping,Canada,725,$2.01  ~ $2.77 ,$4.68 ,$24.17 ,0.04%,N/A,N/A
"Law, Gov't & Politics (Legacy)",Shopping,United Kingdom,"1,178",$5.64  ~ $5.78 ,$6.13 ,$31.37 ,0.09%,N/A,N/A
"Law, Gov't & Politics (Legacy)",Shopping,United States,"16,254",$3.16  ~ $6.24 ,$4.90 ,$35.56 ,0.06%,N/A,N/A
"Law, Gov't & Politics (Legacy)",Education,United States,"11,840",$7.20  ~ $7.43 ,$11.30 ,$89.66 ,0.07%,N/A,N/A
"Law, Gov't & Politics (Legacy)",Education,Canada,87,$8.08  ~ $9.85 ,$8.74 ,N/A,0.09%,N/A,N/A
"Law, Gov't & Politics (Legacy)",Education,United Kingdom,976,$6.00  ~ $9.75 ,$5.95 ,$148.56 ,0.10%,N/A,N/A
"Law, Gov't & Politics (Legacy)",Education,Mexico,26,$5.71  ~ $8.18 ,$2.63 ,$12.28 ,0.22%,N/A,N/A
"Law, Gov't & Politics (Legacy)",Football,Canada,402,$4.86  ~ $5.66 ,$5.24 ,$15.71 ,0.11%,N/A,N/A
"Law, Gov't & Politics (Legacy)",Football,United States,"2,012",$6.56  ~ $8.51 ,$7.06 ,$52.90 ,0.09%,N/A,N/A
"Law, Gov't & Politics (Legacy)",Art/Technology,Canada,5,$6.82  ~ $7.55 ,$3.04 ,N/A,0.22%,N/A,N/A
"Law, Gov't & Politics (Legacy)",Art/Technology,United States,"14,011",$6.25  ~ $6.30 ,$9.54 ,N/A,0.07%,N/A,N/A
"Law, Gov't & Politics (Legacy)",Art/Technology,United Kingdom,179,$1.72  ~ $1.72 ,N/A,N/A,N/A,N/A,N/A
"Law, Gov't & Politics (Legacy)",News,Canada,4,$12.41  ~ $25.03 ,$9.23 ,N/A,0.13%,N/A,N/A
"Law, Gov't & Politics (Legacy)",News,United States,"6,636",$11.03  ~ $13.01 ,$9.53 ,$61.68 ,0.12%,N/A,N/A
"Law, Gov't & Politics (Legacy)",Pro Basketball,United States,"3,664",$7.46  ~ $8.71 ,$8.14 ,$137.18 ,0.09%,N/A,N/A
"Law, Gov't & Politics (Legacy)",Pro Basketball,United Kingdom,610,$7.03  ~ $8.18 ,$32.82 ,$86.66 ,0.02%,N/A,N/A
"Law, Gov't & Politics (Legacy)",Pro Basketball,Canada,189,$4.46  ~ $12.44 ,$3.84 ,$13.26 ,0.12%,N/A,N/A
"Law, Gov't & Politics (Legacy)",Jewelry,Canada,256,$4.01  ~ $4.07 ,$1.66 ,$5.99 ,0.24%,N/A,N/A
"Law, Gov't & Politics (Legacy)",Jewelry,United States,"25,973",$2.28  ~ $6.71 ,$2.08 ,$25.80 ,0.11%,N/A,N/A
"Law, Gov't & Politics (Legacy)",Alternative Medicine,Canada,132,$1.51  ~ $1.95 ,$3.83 ,N/A,0.05%,N/A,N/A
"Law, Gov't & Politics (Legacy)",Alternative Medicine,United States,233,$9.21  ~ $11.89 ,$17.40 ,N/A,0.07%,N/A,N/A
"Law, Gov't & Politics (Legacy)",Alternative Medicine,United Kingdom,15,$5.42  ~ $5.42 ,N/A,N/A,N/A,N/A,N/A
"Law, Gov't & Politics (Legacy)",Hobbies & Interests,Canada,12,$4.62  ~ $11.32 ,$9.28 ,N/A,0.05%,N/A,N/A
"Law, Gov't & Politics (Legacy)",Hobbies & Interests,United States,"12,842",$7.97  ~ $8.27 ,$13.53 ,$83.24 ,0.06%,N/A,N/A
"Law, Gov't & Politics (Legacy)",Hobbies & Interests,United Kingdom,"7,837",$1.57  ~ $1.57 ,$5.99 ,$5.42 ,0.03%,N/A,N/A
"Law, Gov't & Politics (Legacy)",Certified Pre-Owned,United States,13,$11.75  ~ $13.71 ,$6.23 ,$12.08 ,0.19%,N/A,N/A
"Law, Gov't & Politics (Legacy)",Certified Pre-Owned,Canada,5,$2.40  ~ $5.40 ,N/A,N/A,N/A,N/A,N/A
"Law, Gov't & Politics (Legacy)",Certified Pre-Owned,United Kingdom,1,$27.81  ~ $27.81 ,N/A,N/A,N/A,N/A,N/A
"Law, Gov't & Politics (Legacy)",Accessories,United States,"1,289",$12.19  ~ $14.07 ,$4.27 ,N/A,0.29%,N/A,N/A
"Law, Gov't & Politics (Legacy)",Home & Garden,United States,"10,727",$6.46  ~ $6.95 ,$7.30 ,$51.52 ,0.09%,N/A,N/A
"Law, Gov't & Politics (Legacy)",Home & Garden,United Kingdom,868,$6.33  ~ $6.64 ,$15.74 ,$55.28 ,0.04%,N/A,N/A
"Law, Gov't & Politics (Legacy)",Home & Garden,Canada,730,$2.88  ~ $4.68 ,$5.87 ,$409.97 ,0.08%,N/A,N/A
"Law, Gov't & Politics (Legacy)",Remodeling & Construction,Canada,75,$2.66  ~ $6.22 ,$4.03 ,N/A,0.07%,N/A,N/A
"Law, Gov't & Politics (Legacy)",Remodeling & Construction,United States,"24,752",$3.84  ~ $4.13 ,$5.58 ,$29.46 ,0.07%,N/A,N/A
"Law, Gov't & Politics (Legacy)",Contests & Freebies,Canada,2,$2.06  ~ $4.86 ,N/A,N/A,N/A,N/A,N/A
"Law, Gov't & Politics (Legacy)",Contests & Freebies,United States,45,$5.90  ~ $8.75 ,N/A,N/A,N/A,N/A,N/A
"Law, Gov't & Politics (Legacy)",Pets,Canada,19,$8.23  ~ $8.34 ,$9.01 ,$179.35 ,0.09%,N/A,N/A
"Law, Gov't & Politics (Legacy)",Pets,United States,"3,009",$7.70  ~ $8.63 ,$10.51 ,$91.92 ,0.07%,N/A,N/A
"Law, Gov't & Politics (Legacy)",Dogs,Canada,17,$2.15  ~ $4.67 ,N/A,N/A,N/A,N/A,N/A
"Law, Gov't & Politics (Legacy)",Dogs,United States,"2,139",$3.62  ~ $5.79 ,$2.91 ,$24.16 ,0.12%,N/A,N/A
"Law, Gov't & Politics (Legacy)",Dogs,United Kingdom,50,$9.20  ~ $9.20 ,$17.03 ,N/A,0.05%,N/A,N/A
"Law, Gov't & Politics (Legacy)",Computer Networking,United States,"4,310",$2.79  ~ $6.35 ,$1.58 ,$17.88 ,0.18%,N/A,N/A
"Law, Gov't & Politics (Legacy)",Incontinence,Canada,1,$2.70  ~ $5.52 ,N/A,N/A,N/A,N/A,N/A
"Law, Gov't & Politics (Legacy)",Incontinence,United States,3,$2.18  ~ $2.23 ,$2.38 ,N/A,0.09%,N/A,N/A
"Law, Gov't & Politics (Legacy)",Dining Out,Canada,78,$6.64  ~ $6.92 ,$4.91 ,$17.83 ,0.14%,N/A,N/A
"Law, Gov't & Politics (Legacy)",Dining Out,United States,"8,398",$4.48  ~ $8.59 ,$8.77 ,$63.89 ,0.05%,N/A,N/A
"Law, Gov't & Politics (Legacy)",Dining Out,United Kingdom,284,$13.40  ~ $20.60 ,$16.46 ,$463.22 ,0.08%,N/A,N/A
"Law, Gov't & Politics (Legacy)",Government,Canada,19,$10.35  ~ $10.38 ,$7.62 ,N/A,0.14%,N/A,N/A
"Law, Gov't & Politics (Legacy)",Government,United States,378,$8.36  ~ $9.15 ,$12.73 ,N/A,0.07%,N/A,N/A
"Law, Gov't & Politics (Legacy)",Video & Computer Games,United States,4,$0.00  ~ $3.55 ,$0.68 ,N/A,0.52%,N/A,N/A
"Law, Gov't & Politics (Legacy)",Teens,United States,3,$7.91  ~ $17.93 ,N/A,N/A,N/A,N/A,N/A
"Law, Gov't & Politics (Legacy)",Personal Finance,Ireland,144,$7.24  ~ $7.27 ,$10.57 ,$35.03 ,0.07%,N/A,N/A
"Law, Gov't & Politics (Legacy)",Personal Finance,Canada,355,$5.72  ~ $6.51 ,$5.02 ,$89.06 ,0.13%,N/A,N/A
"Law, Gov't & Politics (Legacy)",Personal Finance,United States,"44,931",$6.36  ~ $7.19 ,$8.66 ,$89.66 ,0.08%,N/A,N/A
"Law, Gov't & Politics (Legacy)",Personal Finance,United Kingdom,549,$6.05  ~ $10.14 ,$8.29 ,$105.80 ,0.07%,N/A,N/A
"Law, Gov't & Politics (Legacy)",Personal Finance,Mexico,2,$4.38  ~ $5.21 ,$2.64 ,N/A,0.20%,N/A,N/A
"Law, Gov't & Politics (Legacy)",Automotive,Canada,211,$7.36  ~ $8.95 ,$7.07 ,$147.38 ,0.10%,N/A,N/A
"Law, Gov't & Politics (Legacy)",Automotive,United States,"13,910",$7.71  ~ $9.40 ,$7.09 ,$95.81 ,0.11%,N/A,N/A
"Law, Gov't & Politics (Legacy)",Automotive,United Kingdom,190,$7.28  ~ $12.60 ,$10.74 ,$53.72 ,0.12%,N/A,N/A
"Law, Gov't & Politics (Legacy)",Physical Therapy,United States,365,$10.26  ~ $16.29 ,$7.05 ,N/A,0.15%,N/A,N/A
"Law, Gov't & Politics (Legacy)",Physical Therapy,United Kingdom,271,$6.53  ~ $6.53 ,$9.49 ,N/A,0.07%,N/A,N/A
"Law, Gov't & Politics (Legacy)",Physical Therapy,Canada,19,$2.73  ~ $5.54 ,N/A,N/A,N/A,N/A,N/A
"Law, Gov't & Politics (Legacy)",Cocktails/Beer,Canada,18,$9.46  ~ $9.84 ,$6.50 ,N/A,0.15%,N/A,N/A
"Law, Gov't & Politics (Legacy)",Cocktails/Beer,United States,"3,270",$7.55  ~ $7.94 ,$9.05 ,$47.16 ,0.09%,N/A,N/A
"Law, Gov't & Politics (Legacy)",Advertising,United States,"5,524",$9.65  ~ $10.41 ,$13.21 ,$100.63 ,0.08%,N/A,N/A
"Law, Gov't & Politics (Legacy)",Advertising,Ireland,4,$9.66  ~ $10.19 ,$6.28 ,N/A,0.15%,N/A,N/A
"Law, Gov't & Politics (Legacy)",Advertising,Mexico,2,$1.47  ~ $2.86 ,N/A,N/A,N/A,N/A,N/A
"Law, Gov't & Politics (Legacy)",Advertising,Canada,607,$7.23  ~ $8.45 ,$4.15 ,$97.29 ,0.17%,N/A,N/A
"Law, Gov't & Politics (Legacy)",Advertising,United Kingdom,289,$8.08  ~ $9.04 ,$13.58 ,$55.33 ,0.07%,N/A,N/A
"Law, Gov't & Politics (Legacy)",Logistics,Canada,"1,089",$5.04  ~ $6.23 ,$3.61 ,$61.32 ,0.17%,N/A,N/A
"Law, Gov't & Politics (Legacy)",Logistics,United Kingdom,252,$5.79  ~ $7.64 ,$7.52 ,$137.34 ,0.10%,N/A,N/A
"Law, Gov't & Politics (Legacy)",Logistics,United States,"6,721",$8.90  ~ $10.19 ,$9.93 ,$90.49 ,0.10%,N/A,N/A
"Law, Gov't & Politics (Legacy)",Logistics,Mexico,4,$2.28  ~ $6.46 ,$5.02 ,N/A,0.13%,N/A,N/A
"Law, Gov't & Politics (Legacy)",Biotech/Biomedical,Canada,510,$6.94  ~ $8.49 ,$5.83 ,N/A,0.12%,N/A,N/A
"Law, Gov't & Politics (Legacy)",Biotech/Biomedical,United States,"3,716",$6.76  ~ $9.22 ,$11.62 ,$78.54 ,0.06%,N/A,N/A
"Law, Gov't & Politics (Legacy)",Biotech/Biomedical,United Kingdom,34,$7.28  ~ $7.37 ,$16.71 ,N/A,0.04%,N/A,N/A
"Law, Gov't & Politics (Legacy)",Job Search,United States,"4,418",$8.72  ~ $8.89 ,$10.71 ,$87.96 ,0.08%,N/A,N/A
"Law, Gov't & Politics (Legacy)",Job Search,Canada,15,$4.36  ~ $4.74 ,N/A,N/A,N/A,N/A,N/A
"Law, Gov't & Politics (Legacy)",Job Search,United Kingdom,2,$6.92  ~ $14.46 ,$3.09 ,N/A,0.22%,N/A,N/A
"Law, Gov't & Politics (Legacy)",Family & Parenting,United Kingdom,"1,316",$7.03  ~ $7.22 ,$7.68 ,$43.68 ,0.09%,N/A,N/A
"Law, Gov't & Politics (Legacy)",Family & Parenting,United States,"2,549",$7.31  ~ $7.92 ,$6.54 ,$43.32 ,0.11%,N/A,N/A
"Law, Gov't & Politics (Legacy)",Family & Parenting,Canada,53,$2.77  ~ $3.65 ,$0.47 ,$6.70 ,0.59%,N/A,N/A
"Law, Gov't & Politics (Legacy)",Appliances,United Kingdom,673,$6.69  ~ $6.85 ,$3.74 ,N/A,0.18%,N/A,N/A
"Law, Gov't & Politics (Legacy)",Appliances,Canada,128,$8.45  ~ $9.58 ,$2.99 ,N/A,0.28%,N/A,N/A
"Law, Gov't & Politics (Legacy)",Appliances,United States,"7,603",$7.62  ~ $7.88 ,$12.84 ,$65.97 ,0.06%,N/A,N/A
"Law, Gov't & Politics (Legacy)",Commentary,United States,188,$15.00  ~ $17.80 ,$72.03 ,N/A,0.02%,N/A,N/A
"Law, Gov't & Politics (Legacy)",Technology & Computing,Canada,323,$5.51  ~ $7.18 ,$10.30 ,N/A,0.07%,N/A,N/A
"Law, Gov't & Politics (Legacy)",Technology & Computing,United States,"1,804",$6.62  ~ $6.71 ,$13.46 ,$104.51 ,0.05%,N/A,N/A
"Law, Gov't & Politics (Legacy)",Technology & Computing,United Kingdom,301,$5.31  ~ $10.96 ,$7.62 ,$35.44 ,0.14%,N/A,N/A
"Law, Gov't & Politics (Legacy)",Cameras & Camcorders,United States,5,$6.42  ~ $6.80 ,N/A,N/A,N/A,N/A,N/A
"Law, Gov't & Politics (Legacy)",Nutrition,Canada,690,$2.95  ~ $4.14 ,$2.00 ,$11.94 ,0.15%,N/A,N/A
"Law, Gov't & Politics (Legacy)",Nutrition,United Kingdom,136,$9.60  ~ $9.60 ,$10.19 ,N/A,0.09%,N/A,N/A
"Law, Gov't & Politics (Legacy)",Nutrition,United States,"2,325",$9.49  ~ $9.58 ,$14.95 ,$115.71 ,0.06%,N/A,N/A
"Law, Gov't & Politics (Legacy)",Hunting/Shooting,United States,208,$6.92  ~ $6.92 ,$18.84 ,N/A,0.04%,N/A,N/A
"Law, Gov't & Politics (Legacy)",Coffee/Tea,United States,"5,630",$5.04  ~ $6.10 ,$3.10 ,$7.62 ,0.16%,N/A,N/A
"Law, Gov't & Politics (Legacy)",Cruises,Canada,270,$5.93  ~ $7.32 ,$2.93 ,$37.52 ,0.20%,N/A,N/A
"Law, Gov't & Politics (Legacy)",Cruises,United States,"4,250",$7.84  ~ $10.02 ,$9.22 ,$63.70 ,0.11%,N/A,N/A
"Law, Gov't & Politics (Legacy)",Cruises,United Kingdom,57,$5.45  ~ $5.72 ,$5.27 ,$88.93 ,0.11%,N/A,N/A
"Law, Gov't & Politics (Legacy)",Weight Loss,Mexico,814,$1.37  ~ $3.30 ,$0.92 ,N/A,0.15%,N/A,N/A
"Law, Gov't & Politics (Legacy)",Weight Loss,United States,520,$3.99  ~ $4.01 ,$13.98 ,N/A,0.03%,N/A,N/A
"Law, Gov't & Politics (Legacy)",Weight Loss,United Kingdom,"3,136",$8.17  ~ $8.19 ,$17.61 ,N/A,0.05%,N/A,N/A
"Law, Gov't & Politics (Legacy)",Local News,United States,"2,007",$8.93  ~ $18.46 ,$9.59 ,N/A,0.09%,N/A,N/A
"Law, Gov't & Politics (Legacy)",Large Animals,United States,21,$13.65  ~ $31.68 ,N/A,N/A,N/A,N/A,N/A
"Law, Gov't & Politics (Legacy)",Adventure Travel,United States,"1,309",$2.94  ~ $14.52 ,$10.63 ,$52.75 ,0.03%,N/A,N/A
"Law, Gov't & Politics (Legacy)",Psychology/Psychiatry,United States,"5,614",$7.17  ~ $9.10 ,$7.41 ,$39.73 ,0.12%,N/A,N/A
"Law, Gov't & Politics (Legacy)",Psychology/Psychiatry,Canada,13,$6.25  ~ $6.31 ,$14.99 ,$40.81 ,0.04%,N/A,N/A
"Law, Gov't & Politics (Legacy)",Psychology/Psychiatry,United Kingdom,"1,466",$7.70  ~ $8.20 ,$5.74 ,$35.53 ,0.13%,N/A,N/A
"Law, Gov't & Politics (Legacy)",Birdwatching,United States,320,$4.69  ~ $7.39 ,$6.74 ,$24.47 ,0.11%,N/A,N/A
"Law, Gov't & Politics (Legacy)",Birdwatching,Canada,66,$10.40  ~ $22.31 ,$8.03 ,N/A,0.13%,N/A,N/A
"Law, Gov't & Politics (Legacy)",Body Art,United States,3,$2.06  ~ $4.43 ,N/A,N/A,N/A,N/A,N/A
"Law, Gov't & Politics (Legacy)",Catholicism,United States,31,$6.87  ~ $8.96 ,$15.36 ,N/A,0.06%,N/A,N/A
"Law, Gov't & Politics (Legacy)",Politics,United States,"18,510",$13.96  ~ $14.78 ,$16.11 ,$87.40 ,0.09%,N/A,N/A
"Law, Gov't & Politics (Legacy)",Politics,Canada,37,$10.45  ~ $13.12 ,$5.49 ,$38.03 ,0.19%,N/A,N/A
"Law, Gov't & Politics (Legacy)",Antivirus Software,United States,894,$8.19  ~ $8.19 ,$11.68 ,$99.31 ,0.07%,N/A,N/A
"Law, Gov't & Politics (Legacy)",Antivirus Software,Canada,47,$8.89  ~ $8.89 ,$3.44 ,N/A,0.26%,N/A,N/A
"Law, Gov't & Politics (Legacy)",Marketing,United States,180,$6.93  ~ $8.60 ,$7.23 ,N/A,0.12%,N/A,N/A
"Law, Gov't & Politics (Legacy)",Marketing,Canada,"2,420",$2.80  ~ $6.11 ,$1.82 ,$13.99 ,0.15%,N/A,N/A
"Law, Gov't & Politics (Legacy)",Guitar,United States,3,$2.36  ~ $5.60 ,N/A,N/A,N/A,N/A,N/A
"Law, Gov't & Politics (Legacy)",Radio,United States,138,$5.39  ~ $6.50 ,$7.06 ,N/A,0.09%,N/A,N/A
"Law, Gov't & Politics (Legacy)",Comparison,United States,23,$4.44  ~ $10.16 ,$3.34 ,N/A,0.13%,N/A,N/A
"Law, Gov't & Politics (Legacy)",Comparison,Mexico,2,$3.36  ~ $3.36 ,$3.34 ,N/A,0.10%,N/A,N/A
"Law, Gov't & Politics (Legacy)",Arthritis,United States,23,$6.82  ~ $6.91 ,$14.16 ,$56.66 ,0.05%,N/A,N/A
"Law, Gov't & Politics (Legacy)",Credit/Debt & Loans,Mexico,2,$6.55  ~ $14.99 ,$7.99 ,N/A,0.08%,N/A,N/A
"Law, Gov't & Politics (Legacy)",Credit/Debt & Loans,Canada,321,$6.94  ~ $7.89 ,$3.77 ,$17.20 ,0.18%,N/A,N/A
"Law, Gov't & Politics (Legacy)",Credit/Debt & Loans,United States,"35,603",$8.81  ~ $10.34 ,$12.28 ,$83.36 ,0.08%,N/A,N/A
"Law, Gov't & Politics (Legacy)",Credit/Debt & Loans,United Kingdom,"2,172",$5.03  ~ $6.52 ,$9.13 ,N/A,0.07%,N/A,N/A
"Law, Gov't & Politics (Legacy)",Insurance,Canada,24,$6.56  ~ $8.36 ,$10.89 ,N/A,0.06%,N/A,N/A
"Law, Gov't & Politics (Legacy)",Insurance,United States,"13,708",$8.00  ~ $8.74 ,$5.80 ,$166.64 ,0.14%,N/A,N/A
"Law, Gov't & Politics (Legacy)",Insurance,United Kingdom,"2,229",$4.56  ~ $4.99 ,$5.42 ,$37.41 ,0.09%,N/A,N/A
"Law, Gov't & Politics (Legacy)",Style & Fashion,United States,307,$4.17  ~ $8.16 ,$4.98 ,$22.71 ,0.16%,N/A,N/A
"Law, Gov't & Politics (Legacy)",Beauty,United States,871,$6.99  ~ $8.85 ,$13.31 ,$40.94 ,0.07%,N/A,N/A
"Law, Gov't & Politics (Legacy)",Beauty,United Kingdom,"2,114",$7.03  ~ $7.33 ,$17.49 ,$121.61 ,0.04%,N/A,N/A
"Law, Gov't & Politics (Legacy)",Beauty,Canada,154,$2.09  ~ $2.32 ,N/A,N/A,N/A,N/A,N/A
"Law, Gov't & Politics (Legacy)",Road-Side Assistance,United States,3,$2.63  ~ $6.24 ,$0.38 ,N/A,0.69%,N/A,N/A
"Law, Gov't & Politics (Legacy)",Road-Side Assistance,Canada,6,$2.29  ~ $5.05 ,N/A,N/A,N/A,N/A,N/A
"Law, Gov't & Politics (Legacy)",Road-Side Assistance,Mexico,750,$4.38  ~ $10.07 ,$3.38 ,N/A,0.13%,N/A,N/A
"Law, Gov't & Politics (Legacy)",Road-Side Assistance,United Kingdom,192,$9.73  ~ $23.22 ,$11.31 ,N/A,0.09%,N/A,N/A
"Law, Gov't & Politics (Legacy)",Career Planning,Canada,833,$6.32  ~ $8.01 ,N/A,N/A,N/A,N/A,N/A
"Law, Gov't & Politics (Legacy)",Career Planning,United States,"1,037",$8.16  ~ $8.25 ,$10.63 ,$221.83 ,0.08%,N/A,N/A
"Law, Gov't & Politics (Legacy)",Career Planning,United Kingdom,2,$8.78  ~ $8.85 ,$5.57 ,$21.86 ,0.16%,N/A,N/A
"Law, Gov't & Politics (Legacy)",Food & Drink,Canada,28,$5.20  ~ $12.98 ,$3.83 ,N/A,0.14%,N/A,N/A
"Law, Gov't & Politics (Legacy)",Food & Drink,United States,"1,905",$6.17  ~ $6.38 ,$5.01 ,$32.53 ,0.12%,N/A,N/A
"Law, Gov't & Politics (Legacy)",Entertaining,Canada,1,$2.20  ~ $4.84 ,$0.24 ,N/A,0.93%,N/A,N/A
"Law, Gov't & Politics (Legacy)",Entertaining,United States,369,$2.78  ~ $5.73 ,$3.80 ,$37.30 ,0.07%,N/A,N/A
"Law, Gov't & Politics (Legacy)",Daycare/Pre School,United States,20,$2.02  ~ $3.54 ,$8.86 ,N/A,0.04%,N/A,N/A
"Law, Gov't & Politics (Legacy)",Chronic Pain,United States,"1,038",$13.24  ~ $13.31 ,$49.99 ,N/A,0.03%,N/A,N/A
"Law, Gov't & Politics (Legacy)",Financial Aid,United States,273,$7.22  ~ $7.92 ,$59.54 ,N/A,0.01%,N/A,N/A
"Law, Gov't & Politics (Legacy)",Theme Parks,United States,39,$5.77  ~ $5.77 ,$4.71 ,$10.25 ,0.12%,N/A,N/A
"Law, Gov't & Politics (Legacy)",Theme Parks,Canada,317,$4.98  ~ $11.24 ,$3.53 ,$21.68 ,0.14%,N/A,N/A
"Law, Gov't & Politics (Legacy)",Dental Care,Canada,16,$2.25  ~ $5.59 ,N/A,N/A,N/A,N/A,N/A
"Law, Gov't & Politics (Legacy)",Dental Care,United States,221,$2.54  ~ $3.16 ,$26.77 ,N/A,0.01%,N/A,N/A
"Law, Gov't & Politics (Legacy)",Home Theater,United States,1,$2.29  ~ $5.16 ,N/A,N/A,N/A,N/A,N/A
"Law, Gov't & Politics (Legacy)",Heart Disease,United States,1,$2.44  ~ $3.87 ,$1.66 ,N/A,0.23%,N/A,N/A
"Law, Gov't & Politics (Legacy)",Mutual Funds,United States,"4,754",$7.83  ~ $8.36 ,$10.79 ,$62.64 ,0.07%,N/A,N/A
"Law, Gov't & Politics (Legacy)",Mutual Funds,Canada,22,$27.10  ~ $27.62 ,$17.18 ,$80.02 ,0.16%,N/A,N/A
"Law, Gov't & Politics (Legacy)",Retirement Planning,United States,48,$7.77  ~ $19.47 ,$22.51 ,N/A,0.09%,N/A,N/A
"Law, Gov't & Politics (Legacy)",Retirement Planning,United Kingdom,4,$5.78  ~ $13.90 ,$3.33 ,N/A,0.17%,N/A,N/A
"Law, Gov't & Politics (Legacy)",Apartments,Canada,19,$2.83  ~ $6.40 ,$4.17 ,$41.55 ,0.15%,N/A,N/A
"Law, Gov't & Politics (Legacy)",Apartments,United Kingdom,"3,321",$7.05  ~ $7.46 ,$7.58 ,$61.82 ,0.09%,N/A,N/A
"Law, Gov't & Politics (Legacy)",Apartments,United States,606,$6.59  ~ $10.87 ,$4.38 ,$25.07 ,0.15%,N/A,N/A
"Law, Gov't & Politics (Legacy)",Senor Health,Canada,136,$6.60  ~ $8.22 ,$25.47 ,N/A,0.03%,N/A,N/A
"Law, Gov't & Politics (Legacy)",Senor Health,United States,930,$7.37  ~ $10.69 ,$5.77 ,$51.34 ,0.19%,N/A,N/A
"Law, Gov't & Politics (Legacy)",Senor Health,United Kingdom,3,$6.95  ~ $7.58 ,$5.25 ,$63.03 ,0.13%,N/A,N/A
"Law, Gov't & Politics (Legacy)",Entertainment,United States,138,$11.16  ~ $23.32 ,$11.50 ,N/A,0.10%,N/A,N/A
"Law, Gov't & Politics (Legacy)",Entertainment,Mexico,2,$5.56  ~ $12.78 ,N/A,N/A,N/A,N/A,N/A
"Law, Gov't & Politics (Legacy)",College,Canada,212,$5.14  ~ $6.85 ,$13.18 ,$89.41 ,0.04%,N/A,N/A
"Law, Gov't & Politics (Legacy)",College,United States,"4,197",$6.03  ~ $8.63 ,$8.31 ,$76.86 ,0.10%,N/A,N/A
"Law, Gov't & Politics (Legacy)",College,United Kingdom,572,$8.83  ~ $8.99 ,$6.90 ,$81.84 ,0.13%,N/A,N/A
"Law, Gov't & Politics (Legacy)",Cold & Flu,Canada,14,$2.19  ~ $4.64 ,N/A,N/A,N/A,N/A,N/A
"Law, Gov't & Politics (Legacy)",Cold & Flu,United States,706,$6.33  ~ $9.21 ,$4.39 ,N/A,0.21%,N/A,N/A
"Law, Gov't & Politics (Legacy)",Cold & Flu,United Kingdom,181,$12.82  ~ $26.70 ,$25.86 ,N/A,0.05%,N/A,N/A
"Law, Gov't & Politics (Legacy)",Camping,United States,4,$6.45  ~ $10.62 ,N/A,N/A,N/A,N/A,N/A
"Law, Gov't & Politics (Legacy)",Landscaping,Canada,39,$2.09  ~ $5.05 ,N/A,N/A,N/A,N/A,N/A
"Law, Gov't & Politics (Legacy)",Landscaping,United States,262,$4.70  ~ $6.30 ,$66.15 ,N/A,0.01%,N/A,N/A
"Law, Gov't & Politics (Legacy)",Adult Education,United Kingdom,94,$8.25  ~ $8.83 ,$4.47 ,N/A,0.20%,N/A,N/A
"Law, Gov't & Politics (Legacy)",Adult Education,United States,262,$3.29  ~ $14.70 ,$14.29 ,$61.43 ,0.10%,N/A,N/A
"Law, Gov't & Politics (Legacy)",Adult Education,Canada,9,$4.12  ~ $6.85 ,$0.91 ,N/A,0.45%,N/A,N/A
"Law, Gov't & Politics (Legacy)",Investors & Patents,United Kingdom,22,$6.76  ~ $8.78 ,$57.65 ,N/A,0.02%,N/A,N/A
"Law, Gov't & Politics (Legacy)",Investors & Patents,Mexico,22,$2.55  ~ $3.76 ,$6.98 ,$176.38 ,0.05%,N/A,N/A
"Law, Gov't & Politics (Legacy)",Investors & Patents,Canada,136,$6.01  ~ $6.29 ,$6.29 ,N/A,0.10%,N/A,N/A
"Law, Gov't & Politics (Legacy)",Investors & Patents,United States,"17,182",$7.39  ~ $7.81 ,$7.02 ,$63.84 ,0.11%,N/A,N/A
"Law, Gov't & Politics (Legacy)",Swimming,United States,351,$2.16  ~ $8.28 ,$34.78 ,N/A,0.02%,N/A,N/A
"Law, Gov't & Politics (Legacy)",Books & Literature,United States,851,$6.35  ~ $6.42 ,$1.64 ,$48.28 ,0.39%,N/A,N/A
"Law, Gov't & Politics (Legacy)",Books & Literature,Canada,23,$5.93  ~ $5.93 ,$2.21 ,N/A,0.27%,N/A,N/A
"Law, Gov't & Politics (Legacy)",Books & Literature,United Kingdom,"3,442",$5.92  ~ $5.92 ,$1.34 ,$26.79 ,0.44%,N/A,N/A
"Law, Gov't & Politics (Legacy)",Internet Technology,United Kingdom,151,$6.31  ~ $8.75 ,$14.25 ,$128.27 ,0.06%,N/A,N/A
"Law, Gov't & Politics (Legacy)",Internet Technology,United States,"2,064",$7.41  ~ $8.64 ,$14.68 ,$64.06 ,0.06%,N/A,N/A
"Law, Gov't & Politics (Legacy)",Buying/Selling Homes,Canada,395,$6.34  ~ $6.55 ,$5.18 ,$34.60 ,0.12%,N/A,N/A
"Law, Gov't & Politics (Legacy)",Buying/Selling Homes,United Kingdom,"2,178",$5.63  ~ $7.22 ,$11.57 ,$68.23 ,0.05%,N/A,N/A
"Law, Gov't & Politics (Legacy)",Buying/Selling Homes,United States,"4,444",$7.86  ~ $9.03 ,$6.39 ,$43.26 ,0.12%,N/A,N/A
"Law, Gov't & Politics (Legacy)",Business Software,Canada,294,$8.61  ~ $10.34 ,$5.34 ,$30.91 ,0.16%,N/A,N/A
"Law, Gov't & Politics (Legacy)",Business Software,United Kingdom,"1,715",$10.87  ~ $12.82 ,$9.02 ,$88.90 ,0.14%,N/A,N/A
"Law, Gov't & Politics (Legacy)",Business Software,Ireland,1,$8.91  ~ $9.28 ,$3.61 ,N/A,0.25%,N/A,N/A
"Law, Gov't & Politics (Legacy)",Business Software,United States,"9,604",$10.09  ~ $10.15 ,$12.11 ,$103.10 ,0.08%,N/A,N/A
"Law, Gov't & Politics (Legacy)",Green Solutions,Canada,314,$7.02  ~ $7.62 ,$6.61 ,$53.34 ,0.11%,N/A,N/A
"Law, Gov't & Politics (Legacy)",Green Solutions,United States,"5,528",$8.07  ~ $8.22 ,$8.57 ,$60.32 ,0.09%,N/A,N/A
"Law, Gov't & Politics (Legacy)",Distance Learning,United States,846,$10.89  ~ $11.38 ,$25.62 ,$187.37 ,0.04%,N/A,N/A
"Law, Gov't & Politics (Legacy)",Pediatrics,United States,474,$8.30  ~ $15.02 ,$9.90 ,N/A,0.08%,N/A,N/A
"Law, Gov't & Politics (Legacy)",Celebrity Fan/Gossip,United States,13,$6.31  ~ $14.37 ,$0.42 ,N/A,1.52%,N/A,N/A
"Law, Gov't & Politics (Legacy)",Television,Canada,60,$11.45  ~ $27.12 ,$6.27 ,N/A,0.18%,N/A,N/A
"Law, Gov't & Politics (Legacy)",Television,United States,13,$15.51  ~ $32.80 ,$3.53 ,$25.76 ,0.44%,N/A,N/A
"Law, Gov't & Politics (Legacy)",Television,United Kingdom,172,$7.15  ~ $7.44 ,$2.43 ,$26.33 ,0.31%,N/A,N/A
"Law, Gov't & Politics (Legacy)",Buying/Selling Cars,Mexico,4,$19.56  ~ $21.20 ,$17.43 ,N/A,0.11%,N/A,N/A
"Law, Gov't & Politics (Legacy)",Buying/Selling Cars,Canada,737,$5.52  ~ $7.02 ,$7.98 ,$94.86 ,0.07%,N/A,N/A
"Law, Gov't & Politics (Legacy)",Buying/Selling Cars,United Kingdom,721,$7.89  ~ $11.72 ,$12.39 ,$53.99 ,0.09%,N/A,N/A
"Law, Gov't & Politics (Legacy)",Buying/Selling Cars,United States,"4,237",$6.22  ~ $6.26 ,$8.67 ,$30.72 ,0.07%,N/A,N/A
"Law, Gov't & Politics (Legacy)",Careers,Canada,197,$3.92  ~ $4.58 ,$7.17 ,$35.57 ,0.05%,N/A,N/A
"Law, Gov't & Politics (Legacy)",Careers,United States,"3,712",$3.15  ~ $8.08 ,$8.84 ,$210.02 ,0.04%,N/A,N/A
"Law, Gov't & Politics (Legacy)",Careers,United Kingdom,390,$4.39  ~ $15.62 ,$6.59 ,N/A,0.07%,N/A,N/A
"Law, Gov't & Politics (Legacy)",Cancer,United Kingdom,1,$6.07  ~ $6.07 ,$8.58 ,N/A,0.07%,N/A,N/A
"Law, Gov't & Politics (Legacy)",Cancer,United States,814,$10.81  ~ $15.63 ,$21.11 ,$155.18 ,0.07%,N/A,N/A
"Law, Gov't & Politics (Legacy)",Cancer,Canada,4,$18.17  ~ $18.17 ,N/A,N/A,N/A,N/A,N/A
"Law, Gov't & Politics (Legacy)",Cuisine-Specific,United States,353,$1.31  ~ $1.31 ,$2.60 ,N/A,0.05%,N/A,N/A
"Law, Gov't & Politics (Legacy)",Roleplaying Games,United States,1,$2.17  ~ $5.36 ,N/A,N/A,N/A,N/A,N/A
"Law, Gov't & Politics (Legacy)",Weddings,Canada,7,$2.17  ~ $4.95 ,N/A,N/A,N/A,N/A,N/A
"Law, Gov't & Politics (Legacy)",Weddings,United States,91,$6.20  ~ $6.55 ,$43.01 ,N/A,0.01%,N/A,N/A
"Law, Gov't & Politics (Legacy)",Veterinary Medicine,Canada,6,$2.20  ~ $5.14 ,N/A,N/A,N/A,N/A,N/A
"Law, Gov't & Politics (Legacy)",Veterinary Medicine,United States,"1,120",$4.64  ~ $5.86 ,$11.31 ,N/A,0.04%,N/A,N/A
"Law, Gov't & Politics (Legacy)",Couponing,Canada,790,$4.78  ~ $9.90 ,$2.25 ,$6.01 ,0.21%,N/A,N/A
"Law, Gov't & Politics (Legacy)",Couponing,United States,"9,577",$4.14  ~ $4.24 ,$5.77 ,$60.50 ,0.07%,N/A,N/A
"Law, Gov't & Politics (Legacy)",Collecting,United States,40,$5.19  ~ $7.58 ,$18.68 ,N/A,0.04%,N/A,N/A
"Law, Gov't & Politics (Legacy)",Collecting,Canada,1,$2.14  ~ $4.86 ,N/A,N/A,N/A,N/A,N/A
"Law, Gov't & Politics (Legacy)",Electric Vehicle,Canada,110,$4.78  ~ $11.16 ,$2.85 ,N/A,0.17%,N/A,N/A
"Law, Gov't & Politics (Legacy)",Electric Vehicle,United States,1,$2.05  ~ $4.95 ,N/A,N/A,N/A,N/A,N/A
"Law, Gov't & Politics (Legacy)",Stocks,United States,7,$9.74  ~ $9.74 ,$8.63 ,N/A,0.11%,N/A,N/A
"Law, Gov't & Politics (Legacy)",Arts & Entertainment,Canada,777,$5.07  ~ $7.86 ,$3.64 ,$12.46 ,0.14%,N/A,N/A
"Law, Gov't & Politics (Legacy)",Arts & Entertainment,United Kingdom,442,$5.77  ~ $8.31 ,$9.34 ,$46.23 ,0.06%,N/A,N/A
"Law, Gov't & Politics (Legacy)",Arts & Entertainment,United States,"11,331",$6.45  ~ $7.43 ,$9.78 ,$45.75 ,0.07%,N/A,N/A
"Law, Gov't & Politics (Legacy)",Network Security,United States,7,$2.23  ~ $2.43 ,N/A,N/A,N/A,N/A,N/A
"Law, Gov't & Politics (Legacy)",Mountain Biking,Canada,9,$6.42  ~ $6.70 ,$1.92 ,$20.69 ,0.33%,N/A,N/A
"Law, Gov't & Politics (Legacy)",Mountain Biking,United States,79,$6.47  ~ $6.79 ,$1.33 ,$14.41 ,0.49%,N/A,N/A
"Law, Gov't & Politics (Legacy)",Homework/Study Tips,United States,13,$2.19  ~ $4.96 ,N/A,N/A,N/A,N/A,N/A
"Law, Gov't & Politics (Legacy)",Fashion,United States,21,$8.20  ~ $17.21 ,$12.71 ,N/A,0.06%,N/A,N/A
"Law, Gov't & Politics (Legacy)",Senior Living,United States,963,$7.04  ~ $7.15 ,$8.21 ,$64.44 ,0.09%,N/A,N/A
"Law, Gov't & Politics (Legacy)",Senior Living,Canada,23,$3.24  ~ $6.81 ,$1.78 ,N/A,0.18%,N/A,N/A
"Law, Gov't & Politics (Legacy)",Senior Living,United Kingdom,62,$6.43  ~ $7.48 ,$13.05 ,$34.61 ,0.06%,N/A,N/A
"Law, Gov't & Politics (Legacy)",Environmental Safety,United States,497,$8.61  ~ $9.06 ,$18.92 ,N/A,0.05%,N/A,N/A
"Law, Gov't & Politics (Legacy)",Environmental Safety,Canada,8,$2.42  ~ $5.17 ,N/A,N/A,N/A,N/A,N/A
"Law, Gov't & Politics (Legacy)",U.S. Military,United States,284,$2.40  ~ $2.41 ,$4.89 ,N/A,0.05%,N/A,N/A
"Law, Gov't & Politics (Legacy)",Music,United States,"33,447",$6.11  ~ $6.41 ,$9.82 ,$66.53 ,0.07%,N/A,N/A
"Law, Gov't & Politics (Legacy)",Music,Canada,370,$4.06  ~ $4.49 ,$2.96 ,$123.16 ,0.15%,N/A,N/A
"Law, Gov't & Politics (Legacy)",Music,United Kingdom,64,$2.64  ~ $5.58 ,$3.53 ,N/A,0.16%,N/A,N/A
"Law, Gov't & Politics (Legacy)",Exercise,United States,"1,690",$5.60  ~ $5.70 ,$6.92 ,$56.77 ,0.08%,N/A,N/A
"Law, Gov't & Politics (Legacy)",Exercise,Canada,70,$2.46  ~ $3.78 ,N/A,N/A,N/A,N/A,N/A
"Law, Gov't & Politics (Legacy)",Exercise,United Kingdom,816,$2.90  ~ $7.30 ,$5.14 ,N/A,0.06%,N/A,N/A
"Law, Gov't & Politics (Legacy)",Air Travel,United Kingdom,111,$6.34  ~ $12.71 ,$44.60 ,N/A,0.01%,N/A,N/A
"Law, Gov't & Politics (Legacy)",Air Travel,United States,"22,246",$5.83  ~ $6.93 ,$7.87 ,$56.08 ,0.09%,N/A,N/A
"Law, Gov't & Politics (Legacy)",Air Travel,Canada,110,$6.44  ~ $6.57 ,$4.96 ,N/A,0.13%,N/A,N/A
"Law, Gov't & Politics (Legacy)",Bed & Breakfasts,Canada,465,$0.31  ~ $0.31 ,N/A,N/A,N/A,N/A,N/A
"Law, Gov't & Politics (Legacy)",Bed & Breakfasts,United States,"2,393",$1.90  ~ $2.17 ,$30.58 ,N/A,0.01%,N/A,N/A
"Law, Gov't & Politics (Legacy)",Bed & Breakfasts,United Kingdom,181,$7.15  ~ $7.44 ,$11.31 ,$66.84 ,0.07%,N/A,N/A
"Law, Gov't & Politics (Legacy)",Forestry,United States,7,$7.02  ~ $16.28 ,$3.22 ,N/A,0.22%,N/A,N/A
"Law, Gov't & Politics (Legacy)",U.S. Government Resources,United States,15,$6.67  ~ $6.98 ,$2.98 ,$5.35 ,0.22%,N/A,N/A
"Law, Gov't & Politics (Legacy)",Auto Repair,Canada,97,$5.87  ~ $6.27 ,$9.44 ,N/A,0.06%,N/A,N/A
"Law, Gov't & Politics (Legacy)",Auto Repair,United States,"1,002",$6.98  ~ $8.37 ,$12.12 ,$106.76 ,0.07%,N/A,N/A
"Law, Gov't & Politics (Legacy)",K-6 Educators,United Kingdom,10,$6.74  ~ $7.05 ,$3.83 ,N/A,0.18%,N/A,N/A
"Law, Gov't & Politics (Legacy)",K-6 Educators,Canada,11,$3.03  ~ $11.38 ,$0.45 ,N/A,0.67%,N/A,N/A
"Law, Gov't & Politics (Legacy)",K-6 Educators,United States,"1,985",$5.94  ~ $9.04 ,$2.26 ,$64.74 ,0.26%,N/A,N/A
"Law, Gov't & Politics (Legacy)",Infertility,United States,588,$4.16  ~ $6.89 ,$10.29 ,N/A,0.07%,N/A,N/A
"Law, Gov't & Politics (Legacy)",Cigars,United States,"22,274",$7.02  ~ $7.08 ,$12.97 ,$106.44 ,0.05%,N/A,N/A
"Law, Gov't & Politics (Legacy)",Cigars,United Kingdom,"11,198",$2.92  ~ $13.63 ,$5.65 ,$55.39 ,0.05%,N/A,N/A
"Law, Gov't & Politics (Legacy)",Cigars,Ireland,391,$9.05  ~ $9.05 ,$15.43 ,N/A,0.06%,N/A,N/A
"Law, Gov't & Politics (Legacy)",Cigars,Canada,63,$4.29  ~ $4.29 ,$8.68 ,N/A,0.05%,N/A,N/A
"Law, Gov't & Politics (Legacy)",Alternative Religions,United States,298,$7.90  ~ $8.41 ,$19.04 ,$62.60 ,0.04%,N/A,N/A
"Law, Gov't & Politics (Legacy)",Alternative Religions,United Kingdom,43,$5.55  ~ $13.81 ,N/A,N/A,N/A,N/A,N/A
"Law, Gov't & Politics (Legacy)",Arts & Crafts,United States,"4,882",$2.96  ~ $6.58 ,$2.54 ,$38.88 ,0.12%,N/A,N/A
"Law, Gov't & Politics (Legacy)",Arts & Crafts,Canada,2,$1.63  ~ $3.61 ,N/A,N/A,N/A,N/A,N/A
"Law, Gov't & Politics (Legacy)","Law, Gov't & Politics",United States,109,$1.24  ~ $6.74 ,$13.37 ,N/A,0.05%,N/A,N/A
"Law, Gov't & Politics (Legacy)","Law, Gov't & Politics",Canada,3,$7.95  ~ $19.81 ,N/A,N/A,N/A,N/A,N/A
"Law, Gov't & Politics (Legacy)",Agriculture,Canada,108,$5.26  ~ $9.47 ,$2.57 ,$10.91 ,0.20%,N/A,N/A
"Law, Gov't & Politics (Legacy)",Agriculture,United States,123,$4.31  ~ $4.69 ,$1.40 ,N/A,0.31%,N/A,N/A
"Law, Gov't & Politics (Legacy)",Parenting - K-6 Kids,United States,324,$1.62  ~ $2.31 ,$5.66 ,N/A,0.04%,N/A,N/A
"Law, Gov't & Politics (Legacy)",Health & Fitness,Canada,778,$6.88  ~ $8.83 ,$4.90 ,$35.72 ,0.14%,N/A,N/A
"Law, Gov't & Politics (Legacy)",Health & Fitness,United Kingdom,"3,161",$5.70  ~ $6.25 ,$6.18 ,$55.16 ,0.10%,N/A,N/A
"Law, Gov't & Politics (Legacy)",Health & Fitness,United States,"67,442",$8.49  ~ $8.67 ,$7.56 ,$59.69 ,0.11%,N/A,N/A
"Law, Gov't & Politics (Legacy)",Health & Fitness,Ireland,11,$1.48  ~ $1.76 ,$1.43 ,N/A,0.12%,N/A,N/A
"Law, Gov't & Politics (Legacy)",Health/Lowfat Cooking,United States,807,$7.47  ~ $8.82 ,$9.88 ,$61.23 ,0.08%,N/A,N/A
"Law, Gov't & Politics (Legacy)",Health/Lowfat Cooking,United Kingdom,70,$5.55  ~ $5.56 ,$8.30 ,N/A,0.07%,N/A,N/A
"Law, Gov't & Politics (Legacy)",Health/Lowfat Cooking,Canada,40,$2.98  ~ $11.40 ,$8.24 ,N/A,0.14%,N/A,N/A
"Law, Gov't & Politics (Legacy)",Babies & Toddlers,United States,8,$8.77  ~ $10.45 ,$12.42 ,$32.96 ,0.07%,N/A,N/A
"Law, Gov't & Politics (Legacy)",Real Estate,Canada,133,$4.35  ~ $5.11 ,$4.93 ,N/A,0.10%,N/A,N/A
"Law, Gov't & Politics (Legacy)",Real Estate,United Kingdom,"2,372",$5.20  ~ $6.95 ,$6.50 ,$43.67 ,0.08%,N/A,N/A
"Law, Gov't & Politics (Legacy)",Real Estate,United States,"6,333",$6.77  ~ $6.83 ,$5.11 ,$28.72 ,0.13%,N/A,N/A
"Law, Gov't & Politics (Legacy)",Construction,United Kingdom,149,$6.98  ~ $9.06 ,$0.54 ,N/A,1.28%,N/A,N/A
"Law, Gov't & Politics (Legacy)",Construction,Canada,52,$6.04  ~ $14.84 ,$3.49 ,$23.32 ,0.17%,N/A,N/A
"Law, Gov't & Politics (Legacy)",Construction,United States,"2,684",$7.98  ~ $8.00 ,$2.74 ,$99.98 ,0.29%,N/A,N/A
"Law, Gov't & Politics (Legacy)",Desserts & Baking,Canada,268,$2.17  ~ $4.59 ,$0.65 ,N/A,0.34%,N/A,N/A
"Law, Gov't & Politics (Legacy)",Desserts & Baking,United States,417,$5.07  ~ $10.66 ,$9.94 ,N/A,0.05%,N/A,N/A
"Law, Gov't & Politics (Legacy)",Motorcycles,United States,"6,913",$4.49  ~ $8.10 ,$7.59 ,$42.90 ,0.06%,N/A,N/A
"Law, Gov't & Politics (Legacy)",Motorcycles,Canada,41,$4.89  ~ $10.29 ,$3.20 ,$19.18 ,0.15%,N/A,N/A
"Law, Gov't & Politics (Legacy)",Fine Art,United States,"3,024",$6.94  ~ $7.50 ,$8.44 ,$33.92 ,0.08%,N/A,N/A
"Law, Gov't & Politics (Legacy)",Fine Art,Canada,46,$6.10  ~ $6.83 ,$7.83 ,N/A,0.08%,N/A,N/A
"Law, Gov't & Politics (Legacy)",Fine Art,United Kingdom,"16,508",$7.37  ~ $7.57 ,$13.79 ,$71.70 ,0.05%,N/A,N/A
"Law, Gov't & Politics (Legacy)",Investing,United States,"3,634",$6.17  ~ $7.81 ,$18.78 ,$157.64 ,0.04%,N/A,N/A
"Law, Gov't & Politics (Legacy)",Investing,United Kingdom,20,$9.40  ~ $10.03 ,$7.62 ,N/A,0.12%,N/A,N/A
"Law, Gov't & Politics (Legacy)",Investing,Canada,19,$7.88  ~ $7.88 ,$8.04 ,$52.28 ,0.10%,N/A,N/A
"Law, Gov't & Politics (Legacy)",Auto Parts,Canada,14,$6.07  ~ $13.84 ,$6.09 ,N/A,0.10%,N/A,N/A
"Law, Gov't & Politics (Legacy)",Auto Parts,United States,928,$6.57  ~ $6.68 ,$9.24 ,$107.85 ,0.07%,N/A,N/A
"Law, Gov't & Politics (Legacy)",Hotels,Canada,33,$3.87  ~ $4.04 ,$0.31 ,$4.12 ,1.31%,N/A,N/A
"Law, Gov't & Politics (Legacy)",Hotels,United Kingdom,200,$4.83  ~ $4.96 ,$7.76 ,$48.69 ,0.06%,N/A,N/A
"Law, Gov't & Politics (Legacy)",Hotels,United States,"8,351",$5.87  ~ $8.05 ,$8.46 ,$67.28 ,0.10%,N/A,N/A
"Law, Gov't & Politics (Legacy)",Human Resources,United Kingdom,"2,424",$9.40  ~ $15.63 ,$9.99 ,$91.96 ,0.09%,N/A,N/A
"Law, Gov't & Politics (Legacy)",Human Resources,Mexico,301,$1.65  ~ $1.85 ,$1.06 ,$10.31 ,0.17%,N/A,N/A
"Law, Gov't & Politics (Legacy)",Human Resources,United States,"8,148",$10.07  ~ $12.33 ,$12.42 ,$92.75 ,0.08%,N/A,N/A
"Law, Gov't & Politics (Legacy)",Human Resources,Canada,567,$5.83  ~ $7.07 ,$6.26 ,$27.16 ,0.11%,N/A,N/A
"Law, Gov't & Politics (Legacy)",Sexuality,Canada,1,$2.67  ~ $6.55 ,$1.06 ,N/A,0.25%,N/A,N/A
"Law, Gov't & Politics (Legacy)",Sexuality,United States,"29,935",$6.29  ~ $6.85 ,$5.62 ,$29.80 ,0.11%,N/A,N/A
"Law, Gov't & Politics (Legacy)",Stamps & Coins,United States,4,$4.56  ~ $9.15 ,N/A,N/A,N/A,N/A,N/A
"Law, Gov't & Politics (Legacy)",Legal Issues,Canada,"4,166",$5.44  ~ $6.62 ,$4.68 ,$36.24 ,0.14%,N/A,N/A
"Law, Gov't & Politics (Legacy)",Legal Issues,United States,"35,691",$9.21  ~ $10.14 ,$11.83 ,$84.44 ,0.08%,N/A,N/A
"Law, Gov't & Politics (Legacy)",Legal Issues,United Kingdom,"3,251",$4.24  ~ $4.51 ,$5.92 ,$57.94 ,0.08%,N/A,N/A
"Law, Gov't & Politics (Legacy)",Clothing,Canada,283,$7.05  ~ $7.17 ,$1.48 ,$8.22 ,0.48%,N/A,N/A
"Law, Gov't & Politics (Legacy)",Clothing,United States,"13,609",$6.79  ~ $6.88 ,$6.96 ,$32.49 ,0.10%,N/A,N/A
"Law, Gov't & Politics (Legacy)",Clothing,United Kingdom,14,$8.15  ~ $8.15 ,$33.82 ,N/A,0.02%,N/A,N/A
"Law, Gov't & Politics (Legacy)",Trucks & Accessories,United States,"1,927",$5.41  ~ $5.48 ,$10.81 ,$82.72 ,0.05%,N/A,N/A
"Law, Gov't & Politics (Legacy)",Travel,United Kingdom,"4,779",$5.18  ~ $5.22 ,$5.58 ,$30.47 ,0.09%,N/A,N/A
"Law, Gov't & Politics (Legacy)",Travel,Ireland,14,$4.15  ~ $4.19 ,$2.45 ,N/A,0.17%,N/A,N/A
"Law, Gov't & Politics (Legacy)",Travel,United States,"19,548",$5.18  ~ $5.67 ,$5.95 ,$42.65 ,0.10%,N/A,N/A
"Law, Gov't & Politics (Legacy)",Travel,Canada,17,$6.53  ~ $7.37 ,$4.96 ,$14.12 ,0.15%,N/A,N/A
"Law, Gov't & Politics (Legacy)",Business,Canada,871,$5.98  ~ $8.99 ,$6.46 ,$37.25 ,0.09%,N/A,N/A
"Law, Gov't & Politics (Legacy)",Business,United Kingdom,"7,962",$5.17  ~ $5.36 ,$5.99 ,$31.09 ,0.09%,N/A,N/A
"Law, Gov't & Politics (Legacy)",Business,United States,"41,535",$7.72  ~ $7.80 ,$10.40 ,$89.34 ,0.07%,N/A,N/A
"Law, Gov't & Politics (Legacy)",Business,Mexico,535,$7.41  ~ $7.56 ,$7.52 ,$120.47 ,0.10%,N/A,N/A
"Law, Gov't & Politics (Legacy)",Business,Ireland,10,$9.18  ~ $10.40 ,$0.88 ,N/A,1.05%,N/A,N/A
"Law, Gov't & Politics (Legacy)",Incest/Abuse Support,United States,"2,775",$8.40  ~ $10.31 ,$8.98 ,$101.32 ,0.09%,N/A,N/A
"Law, Gov't & Politics (Legacy)",Incest/Abuse Support,Canada,35,$5.24  ~ $7.42 ,N/A,N/A,N/A,N/A,N/A
"Law, Gov't & Politics (Legacy)",Card Games,United States,"2,363",$4.92  ~ $6.56 ,$9.02 ,$45.76 ,0.07%,N/A,N/A
"Law, Gov't & Politics (Legacy)",Card Games,United Kingdom,257,$6.79  ~ $7.65 ,$10.43 ,$119.74 ,0.07%,N/A,N/A
"Law, Gov't & Politics (Legacy)",Card Games,Canada,"1,006",$5.99  ~ $6.61 ,$6.68 ,$127.15 ,0.09%,N/A,N/A
"Law, Gov't & Politics (Legacy)",Tax Planning,United States,26,$10.16  ~ $10.86 ,N/A,N/A,N/A,N/A,N/A
"Law, Gov't & Politics (Legacy)",Gardening,Canada,"1,477",$3.08  ~ $5.40 ,$3.32 ,$15.25 ,0.16%,N/A,N/A
"Law, Gov't & Politics (Legacy)",Gardening,United Kingdom,868,$0.00  ~ $1.96 ,$2.66 ,$44.22 ,0.07%,N/A,N/A
"Law, Gov't & Politics (Legacy)",Gardening,United States,"9,651",$4.16  ~ $7.07 ,$5.54 ,$62.28 ,0.08%,N/A,N/A
"Law, Gov't & Politics (Legacy)",Graduate School,United States,"5,871",$9.43  ~ $9.66 ,$7.90 ,$67.45 ,0.12%,N/A,N/A
"Law, Gov't & Politics (Legacy)",Graduate School,United Kingdom,260,$6.02  ~ $9.48 ,$13.00 ,N/A,0.07%,N/A,N/A
"Law, Gov't & Politics (Legacy)",Graduate School,Canada,653,$5.29  ~ $11.79 ,$4.65 ,N/A,0.11%,N/A,N/A
"Law, Gov't & Politics (Legacy)",Martial Arts,United States,15,$3.18  ~ $7.34 ,N/A,N/A,N/A,N/A,N/A
"Law, Gov't & Politics (Legacy)",Martial Arts,Canada,2,$2.22  ~ $4.50 ,N/A,N/A,N/A,N/A,N/A
"Law, Gov't & Politics (Legacy)",Cell Phones,United States,24,$7.51  ~ $7.51 ,$8.84 ,$58.51 ,0.08%,N/A,N/A
"Law, Gov't & Politics (Legacy)",Dermatology,United States,127,$6.33  ~ $6.67 ,$10.30 ,N/A,0.06%,N/A,N/A
"Law, Gov't & Politics (Legacy)",Dermatology,Canada,1,$2.38  ~ $5.91 ,N/A,N/A,N/A,N/A,N/A
"Law, Gov't & Politics (Legacy)",Cocktails/Beer,United Kingdom,323,$0.00  ~ $0.00 ,N/A,N/A,N/A,N/A,N/A
"Law, Gov't & Politics (Legacy)",Honeymoons/Getaways,Ireland,5,$0.00  ~ $0.00 ,N/A,N/A,N/A,N/A,N/A
"Law, Gov't & Politics (Legacy)",Astrology,United States,2,$0.00  ~ $0.00 ,N/A,N/A,N/A,N/A,N/A
"Law, Gov't & Politics (Legacy)",Tax Planning,Canada,1,$0.00  ~ $0.00 ,N/A,N/A,N/A,N/A,N/A
News (Legacy),Television,United Kingdom,272,$7.50  ~ $7.69 ,$1.24 ,$10.25 ,0.62%,N/A,N/A
News (Legacy),Television,United States,37,$15.82  ~ $34.74 ,$7.84 ,$96.09 ,0.20%,N/A,N/A
News (Legacy),Television,Canada,3,$9.12  ~ $21.33 ,$2.92 ,$22.52 ,0.31%,N/A,N/A
News (Legacy),Radio,United States,"4,558",$5.55  ~ $6.29 ,$7.05 ,N/A,0.09%,N/A,N/A
News (Legacy),Football,Canada,"3,614",$4.87  ~ $5.58 ,$4.51 ,$13.87 ,0.12%,N/A,N/A
News (Legacy),Football,United States,"7,302",$6.36  ~ $8.63 ,$7.82 ,$37.96 ,0.08%,N/A,N/A
News (Legacy),Football,United Kingdom,1,$7.76  ~ $7.76 ,$17.70 ,N/A,0.04%,N/A,N/A
News (Legacy),Investing,United Kingdom,326,$10.37  ~ $10.71 ,$7.41 ,N/A,0.14%,N/A,N/A
News (Legacy),Investing,United States,"9,316",$9.73  ~ $11.24 ,$15.03 ,$141.31 ,0.07%,N/A,N/A
News (Legacy),Investing,Canada,274,$7.86  ~ $7.86 ,$3.70 ,$26.61 ,0.21%,N/A,N/A
News (Legacy),Incest/Abuse Support,Canada,104,$5.10  ~ $7.36 ,$16.51 ,N/A,0.03%,N/A,N/A
News (Legacy),Incest/Abuse Support,United States,"9,973",$9.07  ~ $10.26 ,$12.73 ,$55.77 ,0.07%,N/A,N/A
News (Legacy),Babies & Toddlers,United States,246,$8.34  ~ $9.77 ,$17.71 ,$85.80 ,0.05%,N/A,N/A
News (Legacy),Interior Decorating,United States,"29,241",$7.05  ~ $7.57 ,$7.83 ,$50.34 ,0.10%,N/A,N/A
News (Legacy),Interior Decorating,United Kingdom,"1,072",$4.96  ~ $5.13 ,$10.71 ,$53.68 ,0.05%,N/A,N/A
News (Legacy),Interior Decorating,Canada,"3,882",$3.24  ~ $7.63 ,$7.88 ,$46.06 ,0.10%,N/A,N/A
News (Legacy),Pets,United States,"5,010",$8.29  ~ $8.65 ,$11.68 ,$174.98 ,0.07%,N/A,N/A
News (Legacy),Pets,Canada,111,$8.38  ~ $8.42 ,$13.49 ,$226.78 ,0.06%,N/A,N/A
News (Legacy),Travel,United Kingdom,"7,189",$5.56  ~ $5.75 ,$1.11 ,$9.27 ,0.50%,N/A,N/A
News (Legacy),Travel,United States,"91,762",$4.75  ~ $5.88 ,$4.30 ,$36.35 ,0.14%,N/A,N/A
News (Legacy),Travel,Canada,30,$7.27  ~ $7.34 ,$4.59 ,$53.62 ,0.16%,N/A,N/A
News (Legacy),Travel,Ireland,10,$4.30  ~ $4.45 ,$1.53 ,$8.29 ,0.29%,N/A,N/A
News (Legacy),Career Planning,Canada,"2,734",$5.71  ~ $8.58 ,$7.04 ,$51.58 ,0.08%,N/A,N/A
News (Legacy),Career Planning,United Kingdom,5,$8.71  ~ $8.71 ,$9.08 ,$92.49 ,0.10%,N/A,N/A
News (Legacy),Career Planning,Mexico,47,$7.67  ~ $7.70 ,$5.44 ,$13.06 ,0.14%,N/A,N/A
News (Legacy),Career Planning,United States,"4,140",$8.26  ~ $8.29 ,$8.12 ,$95.04 ,0.10%,N/A,N/A
News (Legacy),U.S. Military,United States,"1,700",$2.41  ~ $2.42 ,$52.22 ,N/A,0.00%,N/A,N/A
News (Legacy),Fashion,United States,124,$8.20  ~ $19.13 ,$19.66 ,$196.60 ,0.04%,N/A,N/A
News (Legacy),Biotech/Biomedical,United States,"45,654",$9.96  ~ $15.75 ,$9.07 ,$87.42 ,0.11%,N/A,N/A
News (Legacy),Biotech/Biomedical,United Kingdom,35,$7.58  ~ $10.81 ,$9.43 ,$71.31 ,0.11%,N/A,N/A
News (Legacy),Biotech/Biomedical,Ireland,9,$7.05  ~ $12.70 ,$14.59 ,$82.08 ,0.09%,N/A,N/A
News (Legacy),Biotech/Biomedical,Mexico,1,$8.94  ~ $9.01 ,$6.40 ,N/A,0.14%,N/A,N/A
News (Legacy),Biotech/Biomedical,Canada,"1,674",$7.15  ~ $9.59 ,$5.02 ,$84.67 ,0.14%,N/A,N/A
News (Legacy),Parenting - K-6 Kids,United States,"1,350",$1.60  ~ $2.28 ,$11.78 ,N/A,0.02%,N/A,N/A
News (Legacy),Weight Loss,United States,"2,416",$4.00  ~ $4.52 ,$8.38 ,N/A,0.05%,N/A,N/A
News (Legacy),Weight Loss,United Kingdom,"1,719",$8.20  ~ $8.21 ,$15.66 ,$225.31 ,0.05%,N/A,N/A
News (Legacy),Horse Racing,Canada,74,$6.72  ~ $15.21 ,$12.54 ,$32.61 ,0.05%,N/A,N/A
News (Legacy),Clothing,Canada,"2,693",$3.79  ~ $7.36 ,$1.61 ,$6.58 ,0.24%,N/A,N/A
News (Legacy),Clothing,United States,"82,973",$6.71  ~ $7.00 ,$6.80 ,$34.50 ,0.10%,N/A,N/A
News (Legacy),Clothing,United Kingdom,57,$7.47  ~ $7.47 ,$9.21 ,$78.28 ,0.08%,N/A,N/A
News (Legacy),Hunting/Shooting,United States,"1,025",$4.26  ~ $4.26 ,$8.39 ,N/A,0.05%,N/A,N/A
News (Legacy),Catholicism,United States,309,$7.13  ~ $9.07 ,$21.24 ,$133.49 ,0.04%,N/A,N/A
News (Legacy),Credit/Debt & Loans,Mexico,"1,607",$6.38  ~ $13.48 ,$6.85 ,N/A,0.09%,N/A,N/A
News (Legacy),Credit/Debt & Loans,Canada,504,$7.09  ~ $7.88 ,$4.19 ,$11.75 ,0.17%,N/A,N/A
News (Legacy),Credit/Debt & Loans,United States,"168,177",$8.93  ~ $8.94 ,$7.09 ,$48.21 ,0.13%,N/A,N/A
News (Legacy),Credit/Debt & Loans,United Kingdom,"1,707",$5.63  ~ $6.96 ,$5.18 ,$103.55 ,0.13%,N/A,N/A
News (Legacy),Legal Issues,Canada,"18,130",$5.04  ~ $6.86 ,$4.68 ,$47.18 ,0.15%,N/A,N/A
News (Legacy),Legal Issues,United States,"165,668",$8.70  ~ $10.82 ,$10.19 ,$55.50 ,0.09%,N/A,N/A
News (Legacy),Legal Issues,United Kingdom,"5,874",$5.16  ~ $5.63 ,$1.71 ,$17.63 ,0.33%,N/A,N/A
News (Legacy),Legal Issues,Ireland,2,$4.24  ~ $4.24 ,N/A,N/A,N/A,N/A,N/A
News (Legacy),Automotive,United Kingdom,"2,073",$7.30  ~ $14.94 ,$30.35 ,$303.52 ,0.05%,N/A,N/A
News (Legacy),Automotive,Canada,425,$7.87  ~ $9.16 ,$8.55 ,$110.61 ,0.09%,N/A,N/A
News (Legacy),Automotive,United States,"51,347",$7.23  ~ $9.19 ,$6.03 ,$87.80 ,0.12%,N/A,N/A
News (Legacy),Martial Arts,United States,134,$2.99  ~ $7.34 ,$4.87 ,N/A,0.06%,N/A,N/A
News (Legacy),Martial Arts,Canada,5,$2.16  ~ $5.11 ,$0.84 ,N/A,0.26%,N/A,N/A
News (Legacy),Network Security,United States,94,$2.07  ~ $2.44 ,N/A,N/A,N/A,N/A,N/A
News (Legacy),Network Security,Canada,9,$2.12  ~ $5.01 ,N/A,N/A,N/A,N/A,N/A
News (Legacy),Computer Networking,United States,"20,620",$2.80  ~ $6.20 ,$1.23 ,$14.09 ,0.23%,N/A,N/A
News (Legacy),Art/Technology,United States,"37,717",$6.18  ~ $6.23 ,$8.08 ,$105.52 ,0.08%,N/A,N/A
News (Legacy),Art/Technology,Canada,50,$7.31  ~ $7.99 ,$9.42 ,N/A,0.08%,N/A,N/A
News (Legacy),Art/Technology,United Kingdom,506,$3.28  ~ $3.28 ,$4.34 ,$13.01 ,0.08%,N/A,N/A
News (Legacy),Environmental Safety,United States,"2,296",$8.95  ~ $9.28 ,$12.87 ,$92.43 ,0.07%,N/A,N/A
News (Legacy),Environmental Safety,Canada,30,$2.15  ~ $4.71 ,N/A,N/A,N/A,N/A,N/A
News (Legacy),Coffee/Tea,United States,"26,157",$5.12  ~ $6.10 ,$3.86 ,$12.74 ,0.13%,N/A,N/A
News (Legacy),Coffee/Tea,United Kingdom,1,$6.28  ~ $6.28 ,$6.94 ,N/A,0.09%,N/A,N/A
News (Legacy),Teens,United States,25,$8.23  ~ $18.62 ,$11.60 ,$50.28 ,0.07%,N/A,N/A
News (Legacy),Adult Education,United States,"1,481",$3.64  ~ $16.80 ,$19.93 ,$91.10 ,0.08%,N/A,N/A
News (Legacy),Adult Education,Canada,14,$5.68  ~ $6.86 ,$1.51 ,$5.28 ,0.38%,N/A,N/A
News (Legacy),Adult Education,United Kingdom,135,$8.03  ~ $8.74 ,$8.46 ,$58.75 ,0.10%,N/A,N/A
News (Legacy),Physical Therapy,United States,"14,570",$10.05  ~ $16.49 ,$8.06 ,$30.95 ,0.12%,N/A,N/A
News (Legacy),Physical Therapy,Canada,324,$2.82  ~ $5.67 ,$3.22 ,N/A,0.09%,N/A,N/A
News (Legacy),Physical Therapy,United Kingdom,102,$6.76  ~ $6.76 ,$11.32 ,N/A,0.06%,N/A,N/A
News (Legacy),Bed & Breakfasts,United Kingdom,180,$9.45  ~ $9.46 ,$9.65 ,$38.44 ,0.10%,N/A,N/A
News (Legacy),Bed & Breakfasts,United States,"14,263",$3.15  ~ $3.67 ,$7.37 ,N/A,0.05%,N/A,N/A
News (Legacy),Bed & Breakfasts,Canada,"1,591",$0.41  ~ $0.41 ,$3.84 ,N/A,0.01%,N/A,N/A
News (Legacy),Honeymoons/Getaways,United Kingdom,"1,854",$7.46  ~ $8.42 ,$1.01 ,$13.40 ,0.83%,N/A,N/A
News (Legacy),Honeymoons/Getaways,United States,"13,809",$8.79  ~ $9.55 ,$10.53 ,$64.98 ,0.08%,N/A,N/A
News (Legacy),Honeymoons/Getaways,Canada,628,$10.48  ~ $10.77 ,$5.93 ,$30.17 ,0.18%,N/A,N/A
News (Legacy),Buying/Selling Homes,United States,"22,889",$8.02  ~ $9.21 ,$8.19 ,$47.47 ,0.10%,N/A,N/A
News (Legacy),Buying/Selling Homes,Canada,"4,497",$4.90  ~ $6.55 ,$3.04 ,$27.44 ,0.16%,N/A,N/A
News (Legacy),Buying/Selling Homes,United Kingdom,"9,268",$6.52  ~ $8.65 ,$8.35 ,$78.45 ,0.08%,N/A,N/A
News (Legacy),Business Software,Canada,"1,248",$8.60  ~ $11.23 ,$0.54 ,$40.74 ,1.60%,N/A,N/A
News (Legacy),Business Software,United Kingdom,"4,503",$11.45  ~ $12.97 ,$4.43 ,$9.84 ,0.29%,N/A,N/A
News (Legacy),Business Software,Ireland,23,$8.74  ~ $9.71 ,$2.36 ,$9.68 ,0.37%,N/A,N/A
News (Legacy),Business Software,United States,"68,187",$10.47  ~ $10.58 ,$12.48 ,$94.68 ,0.08%,N/A,N/A
News (Legacy),Movies,United States,914,$6.47  ~ $6.50 ,$15.21 ,$98.37 ,0.04%,N/A,N/A
News (Legacy),Business,United States,"234,641",$7.50  ~ $8.00 ,$8.62 ,$77.44 ,0.09%,N/A,N/A
News (Legacy),Business,United Kingdom,"14,725",$5.23  ~ $5.92 ,$1.51 ,$9.10 ,0.39%,N/A,N/A
News (Legacy),Business,Canada,"4,203",$6.48  ~ $8.86 ,$7.03 ,$70.18 ,0.09%,N/A,N/A
News (Legacy),Business,Ireland,15,$9.59  ~ $11.52 ,$1.63 ,$9.52 ,0.59%,N/A,N/A
News (Legacy),Business,Mexico,136,$6.80  ~ $7.13 ,$8.98 ,$57.83 ,0.08%,N/A,N/A
News (Legacy),News,United States,"21,053",$11.18  ~ $12.58 ,$13.52 ,$56.48 ,0.08%,N/A,N/A
News (Legacy),News,United Kingdom,17,$14.24  ~ $14.24 ,$19.12 ,$47.81 ,0.07%,N/A,N/A
News (Legacy),News,Canada,15,$4.57  ~ $9.76 ,$9.74 ,N/A,0.05%,N/A,N/A
News (Legacy),Large Animals,United States,8,$13.65  ~ $32.56 ,$27.67 ,$55.34 ,0.05%,N/A,N/A
News (Legacy),Entertaining,Canada,18,$2.08  ~ $4.47 ,N/A,N/A,N/A,N/A,N/A
News (Legacy),Entertaining,United States,"1,328",$2.60  ~ $5.81 ,$2.95 ,$26.04 ,0.09%,N/A,N/A
News (Legacy),Auto Repair,Canada,869,$5.16  ~ $6.23 ,$8.21 ,N/A,0.06%,N/A,N/A
News (Legacy),Auto Repair,United States,"6,454",$7.30  ~ $8.92 ,$13.32 ,$99.81 ,0.07%,N/A,N/A
News (Legacy),Green Solutions,Canada,"11,284",$4.03  ~ $5.01 ,$4.02 ,$26.29 ,0.12%,N/A,N/A
News (Legacy),Green Solutions,United States,"29,093",$8.03  ~ $8.52 ,$8.08 ,$85.86 ,0.10%,N/A,N/A
News (Legacy),Green Solutions,United Kingdom,42,$6.79  ~ $7.68 ,$6.21 ,N/A,0.11%,N/A,N/A
News (Legacy),Alternative Medicine,United States,"3,092",$9.08  ~ $14.12 ,$24.00 ,N/A,0.06%,N/A,N/A
News (Legacy),Alternative Medicine,Canada,216,$1.62  ~ $2.02 ,$3.30 ,N/A,0.06%,N/A,N/A
News (Legacy),Wine,United States,"1,018",$8.13  ~ $9.13 ,$11.90 ,$97.92 ,0.08%,N/A,N/A
News (Legacy),Wine,Ireland,219,$5.25  ~ $11.78 ,$4.61 ,N/A,0.11%,N/A,N/A
News (Legacy),Tax Planning,United States,302,$10.04  ~ $10.96 ,$19.05 ,$87.99 ,0.05%,N/A,N/A
News (Legacy),Adventure Travel,United States,"6,118",$2.98  ~ $14.52 ,$6.02 ,$24.78 ,0.05%,N/A,N/A
News (Legacy),Entertainment,United States,215,$11.22  ~ $25.15 ,$16.06 ,N/A,0.07%,N/A,N/A
News (Legacy),Entertainment,Mexico,"2,234",$0.88  ~ $1.96 ,$0.98 ,N/A,0.09%,N/A,N/A
News (Legacy),Entertainment,United Kingdom,8,$6.57  ~ $13.94 ,$11.51 ,N/A,0.06%,N/A,N/A
News (Legacy),Logistics,United States,"34,052",$8.78  ~ $10.25 ,$10.91 ,$117.56 ,0.09%,N/A,N/A
News (Legacy),Logistics,Canada,"2,336",$4.20  ~ $5.72 ,$2.57 ,$52.09 ,0.22%,N/A,N/A
News (Legacy),Logistics,United Kingdom,888,$6.26  ~ $7.74 ,$2.61 ,$94.25 ,0.30%,N/A,N/A
News (Legacy),Logistics,Mexico,51,$3.01  ~ $6.56 ,$4.11 ,N/A,0.16%,N/A,N/A
News (Legacy),Infertility,United States,"1,905",$4.18  ~ $6.82 ,$14.79 ,N/A,0.05%,N/A,N/A
News (Legacy),Health/Lowfat Cooking,Canada,167,$3.00  ~ $11.75 ,$7.49 ,N/A,0.16%,N/A,N/A
News (Legacy),Health/Lowfat Cooking,United States,"4,354",$7.43  ~ $8.48 ,$9.33 ,$57.97 ,0.08%,N/A,N/A
News (Legacy),Health/Lowfat Cooking,United Kingdom,178,$5.57  ~ $5.58 ,$10.63 ,N/A,0.05%,N/A,N/A
News (Legacy),Health/Lowfat Cooking,Mexico,72,$9.24  ~ $19.48 ,$3.38 ,N/A,0.27%,N/A,N/A
News (Legacy),Net Conferencing,United States,"2,554",$10.37  ~ $51.29 ,$20.26 ,$88.38 ,0.05%,N/A,N/A
News (Legacy),Net Conferencing,Canada,136,$5.88  ~ $11.87 ,$8.34 ,N/A,0.07%,N/A,N/A
News (Legacy),Dermatology,United States,529,$6.37  ~ $6.68 ,$16.13 ,N/A,0.04%,N/A,N/A
News (Legacy),Dermatology,Canada,45,$2.82  ~ $5.85 ,N/A,N/A,N/A,N/A,N/A
News (Legacy),Stamps & Coins,United States,89,$4.93  ~ $11.25 ,$2.42 ,$5.87 ,0.20%,N/A,N/A
News (Legacy),Beauty,Canada,614,$2.25  ~ $2.44 ,$1.75 ,N/A,0.13%,N/A,N/A
News (Legacy),Beauty,United States,"13,076",$6.87  ~ $9.29 ,$14.75 ,$72.65 ,0.06%,N/A,N/A
News (Legacy),Beauty,United Kingdom,849,$6.99  ~ $7.58 ,$15.79 ,$108.04 ,0.05%,N/A,N/A
News (Legacy),Auto Parts,United States,"7,451",$6.59  ~ $7.13 ,$10.00 ,$85.28 ,0.07%,N/A,N/A
News (Legacy),Auto Parts,Canada,99,$5.77  ~ $13.14 ,$4.46 ,$24.10 ,0.13%,N/A,N/A
News (Legacy),Auto Parts,United Kingdom,435,$7.49  ~ $7.49 ,$18.26 ,$80.35 ,0.04%,N/A,N/A
News (Legacy),Apartments,Canada,305,$1.89  ~ $6.39 ,$4.89 ,$28.56 ,0.13%,N/A,N/A
News (Legacy),Apartments,United Kingdom,"8,734",$7.19  ~ $7.65 ,$1.19 ,$8.85 ,0.60%,N/A,N/A
News (Legacy),Apartments,United States,"3,712",$7.21  ~ $14.07 ,$4.46 ,$24.32 ,0.16%,N/A,N/A
News (Legacy),Investors & Patents,Mexico,893,$2.87  ~ $3.96 ,$6.67 ,$118.27 ,0.06%,N/A,N/A
News (Legacy),Investors & Patents,United States,"85,126",$7.30  ~ $8.04 ,$7.59 ,$78.69 ,0.11%,N/A,N/A
News (Legacy),Investors & Patents,Canada,"1,717",$6.22  ~ $6.38 ,$7.80 ,$36.54 ,0.08%,N/A,N/A
News (Legacy),Investors & Patents,United Kingdom,137,$6.74  ~ $8.38 ,$26.77 ,$109.18 ,0.03%,N/A,N/A
News (Legacy),Books & Literature,United States,715,$6.05  ~ $12.41 ,$1.92 ,$58.52 ,0.65%,N/A,N/A
News (Legacy),Books & Literature,Canada,71,$5.93  ~ $5.93 ,$1.19 ,$24.62 ,0.50%,N/A,N/A
News (Legacy),Books & Literature,United Kingdom,604,$5.93  ~ $5.93 ,$1.66 ,$23.99 ,0.36%,N/A,N/A
News (Legacy),Video & Computer Games,United States,81,$0.00  ~ $3.44 ,$1.48 ,N/A,0.23%,N/A,N/A
News (Legacy),Accessories,Canada,4,$2.07  ~ $4.41 ,N/A,N/A,N/A,N/A,N/A
News (Legacy),Accessories,United States,"3,608",$13.97  ~ $14.49 ,$4.14 ,$114.77 ,0.35%,N/A,N/A
News (Legacy),Homework/Study Tips,United States,141,$2.22  ~ $4.52 ,$2.09 ,N/A,0.11%,N/A,N/A
News (Legacy),Human Resources,United Kingdom,"5,720",$15.68  ~ $19.50 ,$4.39 ,$22.89 ,0.36%,N/A,N/A
News (Legacy),Human Resources,United States,"31,085",$10.38  ~ $13.55 ,$15.88 ,$100.48 ,0.07%,N/A,N/A
News (Legacy),Human Resources,Mexico,661,$1.60  ~ $1.75 ,$0.98 ,$37.90 ,0.18%,N/A,N/A
News (Legacy),Human Resources,Canada,"4,761",$6.00  ~ $7.18 ,$5.82 ,$31.09 ,0.12%,N/A,N/A
News (Legacy),Style & Fashion,United States,"1,179",$4.17  ~ $8.39 ,$6.18 ,$42.21 ,0.14%,N/A,N/A
News (Legacy),Cancer,United States,"2,810",$10.59  ~ $18.39 ,$27.12 ,$212.25 ,0.07%,N/A,N/A
News (Legacy),Cancer,Canada,1,$17.93  ~ $17.93 ,$3.40 ,N/A,0.53%,N/A,N/A
News (Legacy),Cancer,United Kingdom,152,$6.58  ~ $6.58 ,$4.73 ,N/A,0.14%,N/A,N/A
News (Legacy),Marketing,United States,"2,681",$6.95  ~ $8.56 ,$10.26 ,$645.06 ,0.08%,N/A,N/A
News (Legacy),Marketing,Canada,"3,917",$2.73  ~ $6.96 ,$2.36 ,$16.75 ,0.12%,N/A,N/A
News (Legacy),Collecting,United States,416,$5.23  ~ $7.69 ,$13.00 ,$108.86 ,0.06%,N/A,N/A
News (Legacy),Collecting,Canada,10,$2.25  ~ $5.44 ,$0.71 ,N/A,0.32%,N/A,N/A
News (Legacy),Agriculture,Canada,236,$5.12  ~ $5.55 ,$1.15 ,$7.91 ,0.45%,N/A,N/A
News (Legacy),Agriculture,United States,"1,277",$4.05  ~ $4.22 ,$0.77 ,$318.01 ,0.53%,N/A,N/A
News (Legacy),Off-Road Vehicles,United States,822,$9.90  ~ $20.18 ,$8.95 ,$51.45 ,0.11%,N/A,N/A
News (Legacy),Off-Road Vehicles,Canada,130,$6.72  ~ $16.79 ,$11.91 ,N/A,0.06%,N/A,N/A
News (Legacy),Off-Road Vehicles,United Kingdom,4,$8.30  ~ $16.74 ,$0.28 ,$1.59 ,2.98%,N/A,N/A
News (Legacy),Cold & Flu,United States,"7,941",$7.36  ~ $9.11 ,$5.94 ,$302.25 ,0.15%,N/A,N/A
News (Legacy),Cold & Flu,Canada,81,$2.18  ~ $5.14 ,N/A,N/A,N/A,N/A,N/A
News (Legacy),Cold & Flu,United Kingdom,120,$14.71  ~ $36.26 ,$20.17 ,$100.84 ,0.07%,N/A,N/A
News (Legacy),Financial Aid,United States,"1,519",$7.08  ~ $7.60 ,$23.81 ,$73.41 ,0.03%,N/A,N/A
News (Legacy),Stocks,United States,21,$10.07  ~ $10.07 ,$16.68 ,N/A,0.06%,N/A,N/A
News (Legacy),Gardening,United States,"51,137",$3.74  ~ $6.58 ,$4.67 ,$45.98 ,0.08%,N/A,N/A
News (Legacy),Gardening,United Kingdom,"1,447",$0.00  ~ $4.48 ,$0.28 ,$4.04 ,1.60%,N/A,N/A
News (Legacy),Gardening,Canada,"1,646",$3.05  ~ $5.45 ,$3.59 ,$18.32 ,0.15%,N/A,N/A
News (Legacy),Commentary,United States,950,$14.58  ~ $17.95 ,$69.62 ,N/A,0.03%,N/A,N/A
News (Legacy),Theme Parks,United States,642,$6.77  ~ $6.77 ,$5.76 ,$17.56 ,0.12%,N/A,N/A
News (Legacy),Theme Parks,Canada,"1,261",$4.97  ~ $11.55 ,$3.71 ,$23.77 ,0.13%,N/A,N/A
News (Legacy),Sexuality,United States,"86,587",$6.88  ~ $6.97 ,$5.60 ,$56.30 ,0.12%,N/A,N/A
News (Legacy),Sexuality,Canada,101,$2.74  ~ $6.84 ,$3.34 ,N/A,0.08%,N/A,N/A
News (Legacy),Real Estate,United Kingdom,"3,195",$5.58  ~ $6.96 ,$3.19 ,$25.27 ,0.17%,N/A,N/A
News (Legacy),Real Estate,United States,"35,052",$6.83  ~ $6.93 ,$5.14 ,$35.76 ,0.13%,N/A,N/A
News (Legacy),Real Estate,Canada,927,$3.94  ~ $5.06 ,$4.51 ,$38.82 ,0.11%,N/A,N/A
News (Legacy),Allergies,United Kingdom,16,$3.40  ~ $7.87 ,$1.08 ,N/A,0.31%,N/A,N/A
News (Legacy),Allergies,Canada,228,$5.15  ~ $10.64 ,$2.41 ,N/A,0.21%,N/A,N/A
News (Legacy),U.S. Government Resources,United States,525,$6.74  ~ $7.41 ,$6.75 ,N/A,0.10%,N/A,N/A
News (Legacy),Certified Pre-Owned,United States,181,$11.56  ~ $13.71 ,$4.92 ,$17.43 ,0.24%,N/A,N/A
News (Legacy),Certified Pre-Owned,Canada,14,$2.33  ~ $5.96 ,N/A,N/A,N/A,N/A,N/A
News (Legacy),Certified Pre-Owned,United Kingdom,11,$27.83  ~ $27.83 ,$27.62 ,$138.11 ,0.10%,N/A,N/A
News (Legacy),Camping,United States,101,$6.82  ~ $9.27 ,N/A,N/A,N/A,N/A,N/A
News (Legacy),Forestry,United States,66,$7.03  ~ $14.65 ,$7.52 ,N/A,0.09%,N/A,N/A
News (Legacy),Chronic Pain,United States,"2,789",$13.14  ~ $13.30 ,$51.77 ,$32.94 ,0.03%,N/A,N/A
News (Legacy),Fine Art,United Kingdom,"18,846",$7.49  ~ $7.57 ,$12.02 ,$86.48 ,0.06%,N/A,N/A
News (Legacy),Fine Art,United States,"19,533",$7.00  ~ $7.45 ,$9.50 ,$32.98 ,0.07%,N/A,N/A
News (Legacy),Fine Art,Canada,401,$6.14  ~ $6.80 ,$3.68 ,$40.76 ,0.17%,N/A,N/A
News (Legacy),Music,United Kingdom,590,$2.72  ~ $5.61 ,$6.74 ,N/A,0.08%,N/A,N/A
News (Legacy),Music,United States,"111,978",$5.84  ~ $6.28 ,$7.54 ,$81.25 ,0.08%,N/A,N/A
News (Legacy),Music,Canada,"1,462",$4.25  ~ $4.54 ,$4.00 ,$59.68 ,0.11%,N/A,N/A
News (Legacy),"Law, Gov't & Politics",United States,455,$1.26  ~ $6.84 ,$31.41 ,$174.05 ,0.02%,N/A,N/A
News (Legacy),"Law, Gov't & Politics",Canada,4,$7.89  ~ $17.37 ,$5.49 ,N/A,0.14%,N/A,N/A
News (Legacy),"Law, Gov't & Politics",United Kingdom,9,$7.08  ~ $15.59 ,N/A,N/A,N/A,N/A,N/A
News (Legacy),Antivirus Software,Canada,252,$9.09  ~ $9.09 ,$9.69 ,$38.75 ,0.09%,N/A,N/A
News (Legacy),Antivirus Software,United States,"4,123",$8.50  ~ $8.50 ,$9.34 ,$61.75 ,0.09%,N/A,N/A
News (Legacy),Antivirus Software,Mexico,14,$10.50  ~ $10.50 ,$6.29 ,N/A,0.17%,N/A,N/A
News (Legacy),Graduate School,Canada,"1,019",$5.21  ~ $12.19 ,$4.50 ,N/A,0.12%,N/A,N/A
News (Legacy),Graduate School,United States,"24,630",$9.23  ~ $9.99 ,$10.67 ,$76.08 ,0.09%,N/A,N/A
News (Legacy),Graduate School,United Kingdom,"1,070",$6.24  ~ $9.86 ,$26.77 ,N/A,0.04%,N/A,N/A
News (Legacy),Dining Out,Canada,553,$6.48  ~ $6.65 ,$4.88 ,$15.00 ,0.13%,N/A,N/A
News (Legacy),Dining Out,United States,"39,866",$5.32  ~ $7.88 ,$8.38 ,$58.94 ,0.06%,N/A,N/A
News (Legacy),Dining Out,United Kingdom,"1,288",$15.02  ~ $20.51 ,$11.66 ,$305.00 ,0.13%,N/A,N/A
News (Legacy),Local News,United States,"4,129",$8.68  ~ $19.78 ,$7.36 ,$257.93 ,0.12%,N/A,N/A
News (Legacy),Local News,United Kingdom,1,$3.21  ~ $6.55 ,$4.42 ,$36.43 ,0.07%,N/A,N/A
News (Legacy),Swimming,United States,"1,288",$2.16  ~ $8.28 ,$28.78 ,$143.70 ,0.03%,N/A,N/A
News (Legacy),Arts & Entertainment,Canada,"1,725",$5.98  ~ $9.46 ,$4.16 ,$34.11 ,0.14%,N/A,N/A
News (Legacy),Arts & Entertainment,United States,"44,650",$6.60  ~ $7.59 ,$6.16 ,$52.24 ,0.11%,N/A,N/A
News (Legacy),Arts & Entertainment,United Kingdom,"5,257",$6.30  ~ $7.81 ,$9.85 ,$92.67 ,0.06%,N/A,N/A
News (Legacy),Internet Technology,United Kingdom,276,$6.35  ~ $10.20 ,$13.90 ,$82.61 ,0.07%,N/A,N/A
News (Legacy),Internet Technology,United States,"11,743",$7.51  ~ $8.67 ,$16.66 ,$71.72 ,0.05%,N/A,N/A
News (Legacy),Internet Technology,Canada,3,$3.88  ~ $9.16 ,$2.75 ,N/A,0.14%,N/A,N/A
News (Legacy),Cruises,United Kingdom,284,$5.25  ~ $5.82 ,$3.97 ,$28.21 ,0.15%,N/A,N/A
News (Legacy),Cruises,United States,"24,249",$8.24  ~ $10.03 ,$8.42 ,$71.33 ,0.12%,N/A,N/A
News (Legacy),Cruises,Canada,522,$5.22  ~ $7.39 ,$1.92 ,$34.64 ,0.27%,N/A,N/A
News (Legacy),College,Canada,"1,150",$4.67  ~ $6.86 ,$8.02 ,$34.07 ,0.06%,N/A,N/A
News (Legacy),College,United States,"20,897",$6.61  ~ $8.94 ,$8.95 ,$76.24 ,0.10%,N/A,N/A
News (Legacy),College,United Kingdom,701,$9.41  ~ $9.47 ,$10.27 ,$260.28 ,0.09%,N/A,N/A
News (Legacy),Health & Fitness,Canada,"4,986",$7.12  ~ $8.06 ,$3.01 ,$35.57 ,0.24%,N/A,N/A
News (Legacy),Health & Fitness,United States,"320,935",$8.09  ~ $8.56 ,$7.36 ,$57.16 ,0.12%,N/A,N/A
News (Legacy),Health & Fitness,United Kingdom,"6,609",$6.30  ~ $6.73 ,$1.46 ,$42.10 ,0.46%,N/A,N/A
News (Legacy),Health & Fitness,Ireland,146,$2.05  ~ $2.47 ,$2.04 ,N/A,0.12%,N/A,N/A
News (Legacy),Desserts & Baking,Canada,56,$2.18  ~ $4.94 ,$1.48 ,N/A,0.15%,N/A,N/A
News (Legacy),Desserts & Baking,United States,"1,632",$5.46  ~ $11.48 ,$15.41 ,N/A,0.04%,N/A,N/A
News (Legacy),Incontinence,United States,10,$2.34  ~ $2.43 ,$4.11 ,$25.26 ,0.06%,N/A,N/A
News (Legacy),Religion & Spirituality,United States,17,$2.15  ~ $4.68 ,N/A,N/A,N/A,N/A,N/A
News (Legacy),Landscaping,Canada,258,$2.08  ~ $4.31 ,$2.92 ,N/A,0.07%,N/A,N/A
News (Legacy),Landscaping,United States,"1,509",$5.30  ~ $6.72 ,$16.20 ,$319.24 ,0.04%,N/A,N/A
News (Legacy),Dental Care,United States,"2,054",$2.91  ~ $3.40 ,$6.63 ,$20.89 ,0.05%,N/A,N/A
News (Legacy),Dental Care,Canada,273,$2.15  ~ $4.57 ,$3.89 ,N/A,0.06%,N/A,N/A
News (Legacy),Home & Garden,United Kingdom,"2,111",$6.86  ~ $7.04 ,$2.21 ,$7.31 ,0.32%,N/A,N/A
News (Legacy),Home & Garden,United States,"64,220",$6.41  ~ $7.04 ,$7.94 ,$47.78 ,0.08%,N/A,N/A
News (Legacy),Home & Garden,Canada,"5,557",$2.77  ~ $4.61 ,$7.47 ,$118.11 ,0.06%,N/A,N/A
News (Legacy),Mutual Funds,Canada,34,$27.93  ~ $28.25 ,$16.49 ,$130.01 ,0.17%,N/A,N/A
News (Legacy),Mutual Funds,United Kingdom,12,$19.79  ~ $46.91 ,$19.12 ,N/A,0.10%,N/A,N/A
News (Legacy),Mutual Funds,Mexico,1,$0.89  ~ $7.67 ,$0.22 ,N/A,0.40%,N/A,N/A
News (Legacy),Mutual Funds,United States,"25,490",$7.75  ~ $8.10 ,$11.87 ,$71.78 ,0.07%,N/A,N/A
News (Legacy),Jewelry,Canada,509,$4.04  ~ $4.09 ,$1.64 ,$10.28 ,0.25%,N/A,N/A
News (Legacy),Jewelry,United States,"141,880",$2.69  ~ $7.96 ,$2.14 ,$28.93 ,0.13%,N/A,N/A
News (Legacy),Food & Drink,United States,"17,106",$6.38  ~ $7.69 ,$3.57 ,$23.70 ,0.18%,N/A,N/A
News (Legacy),Food & Drink,Canada,154,$5.34  ~ $11.15 ,$6.94 ,N/A,0.08%,N/A,N/A
News (Legacy),Hobbies & Interests,United Kingdom,"26,258",$2.10  ~ $2.10 ,$7.85 ,$6.46 ,0.03%,N/A,N/A
News (Legacy),Hobbies & Interests,Canada,66,$6.41  ~ $14.33 ,$10.69 ,N/A,0.06%,N/A,N/A
News (Legacy),Hobbies & Interests,United States,"53,409",$7.93  ~ $8.28 ,$12.17 ,$58.79 ,0.07%,N/A,N/A
News (Legacy),Birdwatching,United States,"3,371",$4.92  ~ $7.66 ,$7.69 ,$30.35 ,0.10%,N/A,N/A
News (Legacy),Birdwatching,Canada,972,$10.37  ~ $23.74 ,$7.75 ,N/A,0.13%,N/A,N/A
News (Legacy),Mountain Biking,United States,324,$6.55  ~ $6.80 ,$2.00 ,$16.06 ,0.33%,N/A,N/A
News (Legacy),Mountain Biking,Canada,99,$6.46  ~ $6.69 ,$1.13 ,$13.89 ,0.57%,N/A,N/A
News (Legacy),Cell Phones,United States,536,$10.83  ~ $10.83 ,$16.45 ,$68.28 ,0.07%,N/A,N/A
News (Legacy),Appliances,United States,"67,142",$7.66  ~ $8.14 ,$9.68 ,$141.79 ,0.08%,N/A,N/A
News (Legacy),Appliances,Canada,"1,007",$8.31  ~ $9.57 ,$0.33 ,N/A,2.55%,N/A,N/A
News (Legacy),Appliances,United Kingdom,368,$6.81  ~ $6.91 ,$1.21 ,$11.26 ,0.56%,N/A,N/A
News (Legacy),Air Travel,Canada,213,$6.61  ~ $6.69 ,$4.99 ,N/A,0.13%,N/A,N/A
News (Legacy),Air Travel,United States,"116,507",$5.70  ~ $6.54 ,$7.60 ,$63.49 ,0.09%,N/A,N/A
News (Legacy),Air Travel,United Kingdom,452,$6.16  ~ $14.63 ,$36.54 ,$365.37 ,0.02%,N/A,N/A
News (Legacy),Contests & Freebies,Canada,4,$2.06  ~ $5.04 ,N/A,N/A,N/A,N/A,N/A
News (Legacy),Contests & Freebies,United States,238,$6.78  ~ $9.25 ,$6.76 ,$14.14 ,0.10%,N/A,N/A
News (Legacy),Technology & Computing,Canada,"1,143",$5.73  ~ $7.35 ,$9.83 ,$65.61 ,0.07%,N/A,N/A
News (Legacy),Technology & Computing,United States,"9,936",$6.60  ~ $6.70 ,$13.85 ,$85.21 ,0.05%,N/A,N/A
News (Legacy),Technology & Computing,United Kingdom,"3,138",$6.50  ~ $9.27 ,$12.12 ,$86.32 ,0.08%,N/A,N/A
News (Legacy),Comparison,United States,50,$4.53  ~ $9.08 ,$5.97 ,N/A,0.08%,N/A,N/A
News (Legacy),Comparison,Mexico,43,$3.52  ~ $3.52 ,$1.30 ,N/A,0.27%,N/A,N/A
News (Legacy),Eldercare,United States,4,$26.83  ~ $26.83 ,$3.03 ,N/A,0.89%,N/A,N/A
News (Legacy),By US Locale,United States,4,$10.65  ~ $23.96 ,$21.07 ,$63.21 ,0.05%,N/A,N/A
News (Legacy),Arthritis,United States,270,$7.26  ~ $7.38 ,$16.91 ,$321.31 ,0.04%,N/A,N/A
News (Legacy),Education,Ireland,34,$10.13  ~ $10.13 ,$17.58 ,N/A,0.06%,N/A,N/A
News (Legacy),Education,United States,"44,981",$7.44  ~ $7.66 ,$10.34 ,$80.75 ,0.07%,N/A,N/A
News (Legacy),Education,Canada,182,$8.02  ~ $9.94 ,$16.69 ,N/A,0.05%,N/A,N/A
News (Legacy),Education,United Kingdom,"2,232",$5.44  ~ $9.86 ,$4.34 ,$120.29 ,0.13%,N/A,N/A
News (Legacy),Education,Mexico,633,$4.42  ~ $8.14 ,$2.45 ,$8.89 ,0.18%,N/A,N/A
News (Legacy),Electric Vehicle,United States,15,$2.04  ~ $5.08 ,N/A,N/A,N/A,N/A,N/A
News (Legacy),Electric Vehicle,Canada,129,$4.81  ~ $11.72 ,$3.60 ,$92.30 ,0.13%,N/A,N/A
News (Legacy),Thyroid Disease,United States,75,$32.83  ~ $76.99 ,$46.06 ,N/A,0.07%,N/A,N/A
News (Legacy),Weddings,United States,487,$6.08  ~ $6.65 ,$12.44 ,$37.53 ,0.05%,N/A,N/A
News (Legacy),Weddings,Canada,47,$2.22  ~ $4.46 ,$1.20 ,N/A,0.19%,N/A,N/A
News (Legacy),Computer Certification,United States,19,$8.47  ~ $16.06 ,$18.47 ,N/A,0.05%,N/A,N/A
News (Legacy),Nutrition,United States,"6,411",$9.52  ~ $9.64 ,$9.17 ,$49.17 ,0.10%,N/A,N/A
News (Legacy),Nutrition,Canada,"2,542",$2.60  ~ $4.31 ,$2.66 ,$20.95 ,0.10%,N/A,N/A
News (Legacy),Nutrition,United Kingdom,37,$9.62  ~ $9.62 ,$10.56 ,N/A,0.09%,N/A,N/A
News (Legacy),Body Art,United States,23,$2.07  ~ $4.68 ,N/A,N/A,N/A,N/A,N/A
News (Legacy),Dogs,United Kingdom,272,$9.12  ~ $9.12 ,$23.49 ,N/A,0.04%,N/A,N/A
News (Legacy),Dogs,Canada,101,$3.39  ~ $7.98 ,N/A,N/A,N/A,N/A,N/A
News (Legacy),Dogs,United States,"4,851",$4.43  ~ $6.30 ,$7.60 ,$22.36 ,0.06%,N/A,N/A
News (Legacy),Government,Canada,57,$9.73  ~ $9.79 ,$8.14 ,$7.68 ,0.12%,N/A,N/A
News (Legacy),Government,United States,"1,068",$8.32  ~ $9.02 ,$11.34 ,$68.21 ,0.08%,N/A,N/A
News (Legacy),Family & Parenting,United Kingdom,"2,243",$7.16  ~ $7.36 ,$2.92 ,$24.12 ,0.25%,N/A,N/A
News (Legacy),Family & Parenting,United States,"10,846",$7.27  ~ $7.91 ,$5.74 ,$29.23 ,0.13%,N/A,N/A
News (Legacy),Family & Parenting,Canada,398,$2.86  ~ $3.76 ,$0.67 ,$5.43 ,0.43%,N/A,N/A
News (Legacy),Couponing,Canada,"3,282",$4.96  ~ $11.42 ,$1.09 ,$4.43 ,0.45%,N/A,N/A
News (Legacy),Couponing,United States,"63,880",$4.50  ~ $4.56 ,$5.87 ,$52.02 ,0.08%,N/A,N/A
News (Legacy),Insurance,United States,"85,392",$8.07  ~ $8.50 ,$6.14 ,$84.46 ,0.13%,N/A,N/A
News (Legacy),Insurance,United Kingdom,"10,616",$4.41  ~ $5.23 ,$3.97 ,$26.68 ,0.13%,N/A,N/A
News (Legacy),Insurance,Canada,"2,964",$6.68  ~ $6.90 ,$4.33 ,$59.82 ,0.16%,N/A,N/A
News (Legacy),Architects,United Kingdom,17,$7.26  ~ $7.26 ,$5.34 ,N/A,0.14%,N/A,N/A
News (Legacy),Cocktails/Beer,Canada,262,$10.01  ~ $10.13 ,$8.12 ,N/A,0.12%,N/A,N/A
News (Legacy),Cocktails/Beer,United States,"15,464",$7.24  ~ $7.81 ,$8.27 ,$88.16 ,0.09%,N/A,N/A
News (Legacy),Pro Basketball,United States,"15,922",$7.69  ~ $8.60 ,$8.61 ,$138.92 ,0.09%,N/A,N/A
News (Legacy),Pro Basketball,United Kingdom,331,$7.08  ~ $8.19 ,$5.82 ,$73.30 ,0.14%,N/A,N/A
News (Legacy),Pro Basketball,Canada,150,$4.91  ~ $11.34 ,$4.84 ,$12.46 ,0.10%,N/A,N/A
News (Legacy),Computer Peripherals,United Kingdom,65,$13.63  ~ $14.44 ,$5.05 ,$37.15 ,0.29%,N/A,N/A
News (Legacy),Computer Peripherals,Ireland,8,$13.73  ~ $13.98 ,$1.72 ,$29.78 ,0.81%,N/A,N/A
News (Legacy),Computer Peripherals,United States,"15,366",$7.84  ~ $9.86 ,$9.07 ,$58.44 ,0.11%,N/A,N/A
News (Legacy),Computer Peripherals,Canada,"1,125",$4.10  ~ $5.35 ,$4.25 ,$21.06 ,0.13%,N/A,N/A
News (Legacy),Computer Peripherals,Mexico,1,$3.64  ~ $15.65 ,$3.09 ,N/A,0.51%,N/A,N/A
News (Legacy),Exercise,Canada,99,$2.47  ~ $3.88 ,$5.86 ,N/A,0.04%,N/A,N/A
News (Legacy),Exercise,United Kingdom,"1,399",$3.84  ~ $6.89 ,$1.39 ,$23.86 ,0.28%,N/A,N/A
News (Legacy),Exercise,United States,"8,297",$5.51  ~ $5.61 ,$6.88 ,$46.65 ,0.08%,N/A,N/A
News (Legacy),Veterinary Medicine,United States,419,$5.89  ~ $6.35 ,$9.70 ,N/A,0.07%,N/A,N/A
News (Legacy),Veterinary Medicine,Canada,35,$2.36  ~ $4.94 ,$2.32 ,N/A,0.10%,N/A,N/A
News (Legacy),Veterinary Medicine,United Kingdom,1,$0.90  ~ $2.10 ,N/A,N/A,N/A,N/A,N/A
News (Legacy),Veterinary Medicine,Mexico,1,$1.35  ~ $3.06 ,N/A,N/A,N/A,N/A,N/A
News (Legacy),Daycare/Pre School,United States,153,$2.01  ~ $3.41 ,$4.21 ,N/A,0.08%,N/A,N/A
News (Legacy),Daycare/Pre School,Canada,5,$2.25  ~ $5.37 ,N/A,N/A,N/A,N/A,N/A
News (Legacy),Buying/Selling Cars,Mexico,6,$14.85  ~ $21.23 ,$9.30 ,N/A,0.16%,N/A,N/A
News (Legacy),Buying/Selling Cars,Canada,"1,085",$5.67  ~ $7.22 ,$8.86 ,$94.27 ,0.06%,N/A,N/A
News (Legacy),Buying/Selling Cars,United States,"19,347",$6.41  ~ $6.62 ,$8.84 ,$46.82 ,0.07%,N/A,N/A
News (Legacy),Buying/Selling Cars,United Kingdom,251,$9.06  ~ $11.86 ,$1.05 ,$8.52 ,1.13%,N/A,N/A
News (Legacy),Metals,United States,"74,522",$5.70  ~ $7.76 ,$8.60 ,$91.56 ,0.09%,N/A,N/A
News (Legacy),Metals,United Kingdom,575,$8.14  ~ $8.38 ,$0.79 ,N/A,1.06%,N/A,N/A
News (Legacy),Metals,Ireland,2,$2.73  ~ $6.86 ,$9.26 ,N/A,0.07%,N/A,N/A
News (Legacy),Metals,Mexico,28,$1.47  ~ $3.83 ,$3.96 ,N/A,0.10%,N/A,N/A
News (Legacy),Metals,Canada,"6,641",$6.51  ~ $8.36 ,$3.46 ,$177.08 ,0.19%,N/A,N/A
News (Legacy),Distance Learning,United States,"3,093",$11.17  ~ $11.70 ,$28.59 ,$120.13 ,0.04%,N/A,N/A
News (Legacy),Distance Learning,United Kingdom,1,$7.15  ~ $17.07 ,N/A,N/A,N/A,N/A,N/A
News (Legacy),Senor Health,Canada,207,$5.45  ~ $7.82 ,$4.42 ,N/A,0.12%,N/A,N/A
News (Legacy),Senor Health,United States,"11,790",$8.56  ~ $10.91 ,$9.12 ,$52.33 ,0.12%,N/A,N/A
News (Legacy),Senor Health,United Kingdom,28,$6.65  ~ $7.34 ,$2.50 ,$62.91 ,0.27%,N/A,N/A
News (Legacy),K-6 Educators,United States,"13,548",$5.87  ~ $9.55 ,$2.25 ,$31.24 ,0.26%,N/A,N/A
News (Legacy),K-6 Educators,Canada,43,$2.73  ~ $11.82 ,$5.26 ,N/A,0.05%,N/A,N/A
News (Legacy),K-6 Educators,United Kingdom,21,$6.67  ~ $7.05 ,$8.69 ,N/A,0.08%,N/A,N/A
News (Legacy),Shopping,United Kingdom,"2,429",$6.50  ~ $6.57 ,$1.74 ,$14.22 ,0.37%,N/A,N/A
News (Legacy),Shopping,United States,"187,607",$3.14  ~ $6.21 ,$4.01 ,$29.28 ,0.08%,N/A,N/A
News (Legacy),Shopping,Canada,"2,023",$1.95  ~ $2.41 ,$4.02 ,$30.75 ,0.05%,N/A,N/A
News (Legacy),Shopping,Mexico,1,$3.57  ~ $3.58 ,$2.30 ,N/A,0.16%,N/A,N/A
News (Legacy),Psychology/Psychiatry,United States,"35,318",$7.41  ~ $9.03 ,$8.33 ,$49.97 ,0.11%,N/A,N/A
News (Legacy),Psychology/Psychiatry,Canada,73,$5.85  ~ $5.86 ,$3.88 ,$17.44 ,0.15%,N/A,N/A
News (Legacy),Psychology/Psychiatry,United Kingdom,"3,671",$7.94  ~ $8.21 ,$7.10 ,$123.12 ,0.11%,N/A,N/A
News (Legacy),Cigars,United Kingdom,"15,035",$2.92  ~ $15.04 ,$5.13 ,$34.02 ,0.06%,N/A,N/A
News (Legacy),Cigars,Ireland,344,$9.48  ~ $9.48 ,$3.50 ,$70.09 ,0.27%,N/A,N/A
News (Legacy),Cigars,Canada,877,$3.76  ~ $3.83 ,$7.63 ,N/A,0.05%,N/A,N/A
News (Legacy),Cigars,United States,"40,709",$6.90  ~ $7.34 ,$11.81 ,$90.94 ,0.06%,N/A,N/A
News (Legacy),Guitar,United States,22,$2.36  ~ $4.91 ,N/A,N/A,N/A,N/A,N/A
News (Legacy),Barbecues & Grilling,Canada,"2,769",$4.86  ~ $10.56 ,$5.75 ,$37.76 ,0.08%,N/A,N/A
News (Legacy),Road-Side Assistance,United States,61,$2.62  ~ $6.49 ,$1.39 ,N/A,0.19%,N/A,N/A
News (Legacy),Road-Side Assistance,Canada,22,$2.17  ~ $5.22 ,$1.06 ,N/A,0.20%,N/A,N/A
News (Legacy),Road-Side Assistance,Mexico,41,$4.35  ~ $10.28 ,$6.79 ,N/A,0.06%,N/A,N/A
News (Legacy),Road-Side Assistance,United Kingdom,247,$10.05  ~ $20.46 ,$13.22 ,N/A,0.08%,N/A,N/A
News (Legacy),Retirement Planning,United Kingdom,100,$5.84  ~ $11.82 ,$7.05 ,N/A,0.08%,N/A,N/A
News (Legacy),Retirement Planning,United States,317,$7.90  ~ $20.24 ,$29.82 ,N/A,0.07%,N/A,N/A
News (Legacy),Retirement Planning,Canada,3,$4.59  ~ $10.23 ,N/A,N/A,N/A,N/A,N/A
News (Legacy),Alternative Religions,United States,"1,381",$7.93  ~ $8.71 ,$14.32 ,$222.57 ,0.06%,N/A,N/A
News (Legacy),Alternative Religions,United Kingdom,192,$5.61  ~ $12.64 ,$14.08 ,N/A,0.04%,N/A,N/A
News (Legacy),Arts & Crafts,United States,"10,019",$3.22  ~ $6.94 ,$2.19 ,$21.52 ,0.15%,N/A,N/A
News (Legacy),Cameras & Camcorders,Canada,10,$9.61  ~ $23.12 ,$12.22 ,$48.28 ,0.08%,N/A,N/A
News (Legacy),Cameras & Camcorders,United States,9,$6.31  ~ $6.74 ,$18.01 ,$35.87 ,0.04%,N/A,N/A
News (Legacy),Motorcycles,United States,"50,726",$4.43  ~ $8.08 ,$7.70 ,$35.08 ,0.06%,N/A,N/A
News (Legacy),Motorcycles,Canada,295,$4.90  ~ $11.41 ,$4.89 ,$35.05 ,0.10%,N/A,N/A
News (Legacy),Motorcycles,United Kingdom,3,$4.93  ~ $11.34 ,$0.09 ,$0.46 ,5.74%,N/A,N/A
News (Legacy),Home Theater,United States,23,$2.36  ~ $5.22 ,$1.03 ,N/A,0.23%,N/A,N/A
News (Legacy),Hotels,United States,"28,199",$5.58  ~ $7.50 ,$7.22 ,$45.31 ,0.10%,N/A,N/A
News (Legacy),Hotels,Canada,150,$3.91  ~ $4.14 ,$0.59 ,$4.34 ,0.70%,N/A,N/A
News (Legacy),Hotels,United Kingdom,948,$3.70  ~ $4.62 ,$3.63 ,$53.10 ,0.13%,N/A,N/A
News (Legacy),Hotels,Mexico,2,$3.52  ~ $3.65 ,$2.44 ,N/A,0.15%,N/A,N/A
News (Legacy),Job Search,United States,"19,085",$9.54  ~ $9.57 ,$11.60 ,$78.17 ,0.08%,N/A,N/A
News (Legacy),Job Search,Canada,3,$4.09  ~ $4.60 ,N/A,N/A,N/A,N/A,N/A
News (Legacy),Job Search,United Kingdom,29,$6.70  ~ $14.88 ,$7.38 ,N/A,0.09%,N/A,N/A
News (Legacy),Cuisine-Specific,United States,"1,617",$1.42  ~ $1.42 ,$1.92 ,N/A,0.07%,N/A,N/A
News (Legacy),Remodeling & Construction,Canada,505,$2.63  ~ $5.32 ,$2.56 ,$7.04 ,0.10%,N/A,N/A
News (Legacy),Remodeling & Construction,United States,"143,299",$3.93  ~ $4.27 ,$5.58 ,$29.73 ,0.08%,N/A,N/A
News (Legacy),Celebrity Fan/Gossip,United States,4,$6.67  ~ $15.31 ,$5.29 ,N/A,0.13%,N/A,N/A
News (Legacy),Astrology,Canada,11,$2.05  ~ $4.32 ,N/A,N/A,N/A,N/A,N/A
News (Legacy),Trucks & Accessories,United States,"3,858",$5.88  ~ $5.93 ,$9.43 ,$49.33 ,0.06%,N/A,N/A
News (Legacy),Advertising,Ireland,5,$9.48  ~ $10.25 ,$6.08 ,$36.05 ,0.16%,N/A,N/A
News (Legacy),Advertising,Mexico,6,$1.39  ~ $2.56 ,$3.61 ,N/A,0.07%,N/A,N/A
News (Legacy),Advertising,Canada,"2,464",$7.08  ~ $8.08 ,$1.51 ,$19.67 ,0.47%,N/A,N/A
News (Legacy),Advertising,United Kingdom,970,$8.77  ~ $8.88 ,$10.05 ,$74.52 ,0.09%,N/A,N/A
News (Legacy),Advertising,United States,"28,303",$9.50  ~ $10.61 ,$12.91 ,$100.01 ,0.08%,N/A,N/A
News (Legacy),Senior Living,United States,"5,870",$6.93  ~ $7.12 ,$9.37 ,$62.38 ,0.07%,N/A,N/A
News (Legacy),Senior Living,United Kingdom,253,$6.67  ~ $7.42 ,$8.46 ,$65.75 ,0.09%,N/A,N/A
News (Legacy),Senior Living,Canada,204,$3.57  ~ $6.80 ,$1.45 ,N/A,0.25%,N/A,N/A
News (Legacy),Politics,United States,"115,195",$12.43  ~ $13.64 ,$19.15 ,$115.59 ,0.06%,N/A,N/A
News (Legacy),Politics,Canada,945,$11.97  ~ $16.99 ,$12.32 ,$72.48 ,0.10%,N/A,N/A
News (Legacy),Careers,Canada,"2,358",$3.88  ~ $4.89 ,$5.62 ,$35.22 ,0.07%,N/A,N/A
News (Legacy),Careers,United States,"19,175",$3.12  ~ $8.11 ,$9.17 ,$74.84 ,0.03%,N/A,N/A
News (Legacy),Careers,United Kingdom,521,$7.89  ~ $15.90 ,$15.21 ,$93.24 ,0.05%,N/A,N/A
News (Legacy),Roleplaying Games,United States,16,$2.20  ~ $5.02 ,N/A,N/A,N/A,N/A,N/A
News (Legacy),Heart Disease,United States,21,$2.44  ~ $4.40 ,N/A,N/A,N/A,N/A,N/A
News (Legacy),Home Repair,Canada,653,$5.33  ~ $5.33 ,$2.80 ,$39.72 ,0.19%,N/A,N/A
News (Legacy),Home Repair,United States,"39,223",$7.10  ~ $8.38 ,$9.37 ,$90.47 ,0.08%,N/A,N/A
News (Legacy),Home Repair,United Kingdom,704,$6.12  ~ $8.80 ,$0.44 ,$2.31 ,1.39%,N/A,N/A
News (Legacy),Personal Finance,United States,"225,422",$6.04  ~ $6.90 ,$8.04 ,$76.95 ,0.09%,N/A,N/A
News (Legacy),Personal Finance,Canada,"1,333",$5.59  ~ $6.04 ,$9.41 ,$104.61 ,0.06%,N/A,N/A
News (Legacy),Personal Finance,United Kingdom,"4,022",$5.84  ~ $10.02 ,$9.98 ,$94.35 ,0.06%,N/A,N/A
News (Legacy),Personal Finance,Mexico,117,$5.31  ~ $5.79 ,$6.35 ,N/A,0.09%,N/A,N/A
News (Legacy),Personal Finance,Ireland,343,$7.28  ~ $7.31 ,$11.27 ,$84.12 ,0.06%,N/A,N/A
News (Legacy),Construction,Canada,"1,053",$6.19  ~ $13.56 ,$8.48 ,$99.65 ,0.07%,N/A,N/A
News (Legacy),Construction,United Kingdom,"1,056",$7.50  ~ $9.18 ,$2.35 ,$35.11 ,0.32%,N/A,N/A
News (Legacy),Construction,United States,"16,309",$8.12  ~ $8.52 ,$5.82 ,$59.16 ,0.14%,N/A,N/A
News (Legacy),Pediatrics,United States,"5,985",$8.40  ~ $13.46 ,$8.70 ,N/A,0.10%,N/A,N/A
News (Legacy),Card Games,United Kingdom,672,$6.13  ~ $7.75 ,$4.44 ,$80.21 ,0.14%,N/A,N/A
News (Legacy),Card Games,United States,"10,434",$7.70  ~ $7.99 ,$11.72 ,$66.45 ,0.07%,N/A,N/A
News (Legacy),Card Games,Canada,"6,676",$6.00  ~ $6.51 ,$7.78 ,$35.92 ,0.08%,N/A,N/A
News (Legacy),Honeymoons/Getaways,Ireland,2,$0.00  ~ $0.00 ,N/A,N/A,N/A,N/A,N/A
News (Legacy),Incest/Abuse Support,Mexico,1,$0.00  ~ $0.00 ,N/A,N/A,N/A,N/A,N/A
News (Legacy),Weight Loss,Canada,4,$0.00  ~ $0.00 ,N/A,N/A,N/A,N/A,N/A
News (Legacy),Tax Planning,Canada,116,$0.00  ~ $0.00 ,N/A,N/A,N/A,N/A,N/A
News (Legacy),Cocktails/Beer,United Kingdom,334,$0.00  ~ $0.00 ,N/A,N/A,N/A,N/A,N/A
News (Legacy),Astrology,United States,1,$0.00  ~ $0.00 ,N/A,N/A,N/A,N/A,N/A
Personal Finance (Legacy),Credit/Debt & Loans,United States,"14,260",$7.24  ~ $9.18 ,$11.31 ,$172.47 ,0.08%,N/A,N/A
Personal Finance (Legacy),Credit/Debt & Loans,United Kingdom,125,$5.06  ~ $6.06 ,$9.70 ,$14.87 ,0.06%,N/A,N/A
Personal Finance (Legacy),Credit/Debt & Loans,Mexico,4,$6.69  ~ $14.61 ,$7.15 ,N/A,0.09%,N/A,N/A
Personal Finance (Legacy),Credit/Debt & Loans,Canada,453,$7.19  ~ $7.88 ,$10.37 ,N/A,0.07%,N/A,N/A
Personal Finance (Legacy),Allergies,United Kingdom,1,$3.26  ~ $7.40 ,N/A,N/A,N/A,N/A,N/A
Personal Finance (Legacy),Allergies,Canada,172,$5.00  ~ $10.44 ,$6.04 ,N/A,0.08%,N/A,N/A
Personal Finance (Legacy),Coffee/Tea,United States,987,$5.11  ~ $6.72 ,$2.71 ,$7.91 ,0.19%,N/A,N/A
Personal Finance (Legacy),Network Security,United States,9,$2.02  ~ $2.44 ,N/A,N/A,N/A,N/A,N/A
Personal Finance (Legacy),Network Security,Canada,1,$2.24  ~ $4.85 ,N/A,N/A,N/A,N/A,N/A
Personal Finance (Legacy),Clothing,Canada,594,$4.77  ~ $7.16 ,$2.08 ,$14.18 ,0.23%,N/A,N/A
Personal Finance (Legacy),Clothing,United States,"16,432",$6.63  ~ $6.83 ,$7.08 ,$52.39 ,0.10%,N/A,N/A
Personal Finance (Legacy),Clothing,United Kingdom,6,$8.11  ~ $8.11 ,N/A,N/A,N/A,N/A,N/A
Personal Finance (Legacy),Psychology/Psychiatry,United States,"4,132",$6.44  ~ $8.38 ,$8.51 ,$261.54 ,0.10%,N/A,N/A
Personal Finance (Legacy),Psychology/Psychiatry,Canada,65,$6.29  ~ $6.34 ,$12.04 ,N/A,0.05%,N/A,N/A
Personal Finance (Legacy),Psychology/Psychiatry,United Kingdom,938,$7.71  ~ $8.22 ,$10.52 ,N/A,0.07%,N/A,N/A
Personal Finance (Legacy),Guitar,United States,1,$2.37  ~ $4.81 ,N/A,N/A,N/A,N/A,N/A
Personal Finance (Legacy),Beauty,United States,444,$8.50  ~ $9.42 ,$14.98 ,$37.62 ,0.06%,N/A,N/A
Personal Finance (Legacy),Beauty,United Kingdom,165,$7.02  ~ $7.45 ,$26.25 ,N/A,0.03%,N/A,N/A
Personal Finance (Legacy),Beauty,Canada,967,$2.27  ~ $2.97 ,$2.55 ,N/A,0.09%,N/A,N/A
Personal Finance (Legacy),Home & Garden,United States,"3,624",$6.53  ~ $6.70 ,$8.61 ,$78.07 ,0.08%,N/A,N/A
Personal Finance (Legacy),Home & Garden,Canada,"1,763",$2.88  ~ $4.86 ,$13.16 ,N/A,0.04%,N/A,N/A
Personal Finance (Legacy),Home & Garden,United Kingdom,370,$6.88  ~ $7.16 ,$28.87 ,N/A,0.02%,N/A,N/A
Personal Finance (Legacy),Appliances,Canada,89,$7.38  ~ $10.09 ,$6.36 ,N/A,0.12%,N/A,N/A
Personal Finance (Legacy),Appliances,United Kingdom,24,$6.72  ~ $6.80 ,$8.10 ,N/A,0.08%,N/A,N/A
Personal Finance (Legacy),Appliances,United States,"1,492",$7.86  ~ $8.16 ,$9.70 ,$32.75 ,0.08%,N/A,N/A
Personal Finance (Legacy),Computer Networking,United States,"1,685",$2.75  ~ $6.29 ,$1.21 ,$8.45 ,0.23%,N/A,N/A
Personal Finance (Legacy),Adult Education,United States,321,$3.35  ~ $17.97 ,$16.78 ,$17.94 ,0.11%,N/A,N/A
Personal Finance (Legacy),Adult Education,Canada,2,$4.90  ~ $6.80 ,N/A,N/A,N/A,N/A,N/A
Personal Finance (Legacy),Adult Education,United Kingdom,11,$9.35  ~ $9.62 ,N/A,N/A,N/A,N/A,N/A
Personal Finance (Legacy),Local News,United States,148,$8.66  ~ $18.76 ,$12.46 ,N/A,0.07%,N/A,N/A
Personal Finance (Legacy),Road-Side Assistance,Mexico,163,$4.40  ~ $10.27 ,$7.35 ,N/A,0.06%,N/A,N/A
Personal Finance (Legacy),Road-Side Assistance,United Kingdom,52,$9.66  ~ $20.42 ,$28.80 ,N/A,0.03%,N/A,N/A
Personal Finance (Legacy),Road-Side Assistance,United States,4,$2.60  ~ $5.88 ,N/A,N/A,N/A,N/A,N/A
Personal Finance (Legacy),Road-Side Assistance,Canada,4,$2.13  ~ $4.86 ,N/A,N/A,N/A,N/A,N/A
Personal Finance (Legacy),Family & Parenting,United Kingdom,303,$6.74  ~ $7.09 ,$14.73 ,$72.89 ,0.05%,N/A,N/A
Personal Finance (Legacy),Family & Parenting,United States,"1,060",$7.30  ~ $8.67 ,$6.22 ,$31.78 ,0.12%,N/A,N/A
Personal Finance (Legacy),Family & Parenting,Canada,303,$2.85  ~ $3.65 ,$0.59 ,N/A,0.48%,N/A,N/A
Personal Finance (Legacy),K-6 Educators,United Kingdom,2,$6.53  ~ $7.04 ,$6.96 ,N/A,0.09%,N/A,N/A
Personal Finance (Legacy),K-6 Educators,United States,887,$6.84  ~ $9.42 ,$3.04 ,$15.29 ,0.23%,N/A,N/A
Personal Finance (Legacy),K-6 Educators,Canada,33,$3.27  ~ $11.57 ,N/A,N/A,N/A,N/A,N/A
Personal Finance (Legacy),Remodeling & Construction,United States,"4,161",$4.38  ~ $5.54 ,$7.83 ,$41.23 ,0.07%,N/A,N/A
Personal Finance (Legacy),Remodeling & Construction,Canada,210,$2.54  ~ $5.79 ,N/A,N/A,N/A,N/A,N/A
Personal Finance (Legacy),Entertaining,Canada,23,$2.06  ~ $4.46 ,N/A,N/A,N/A,N/A,N/A
Personal Finance (Legacy),Entertaining,United States,51,$3.03  ~ $5.40 ,$4.58 ,$9.04 ,0.07%,N/A,N/A
Personal Finance (Legacy),Jewelry,Canada,234,$4.03  ~ $4.08 ,$2.50 ,$9.84 ,0.16%,N/A,N/A
Personal Finance (Legacy),Jewelry,United States,"40,203",$1.96  ~ $9.16 ,$1.20 ,$12.19 ,0.16%,N/A,N/A
Personal Finance (Legacy),Cuisine-Specific,United States,76,$1.74  ~ $1.74 ,$2.26 ,N/A,0.08%,N/A,N/A
Personal Finance (Legacy),Interior Decorating,Canada,"1,819",$6.03  ~ $7.96 ,$16.12 ,$191.61 ,0.05%,N/A,N/A
Personal Finance (Legacy),Interior Decorating,United States,"2,667",$6.56  ~ $7.54 ,$8.75 ,$69.91 ,0.09%,N/A,N/A
Personal Finance (Legacy),Interior Decorating,United Kingdom,75,$6.58  ~ $6.81 ,$7.46 ,N/A,0.09%,N/A,N/A
Personal Finance (Legacy),Homework/Study Tips,United States,16,$2.12  ~ $5.04 ,N/A,N/A,N/A,N/A,N/A
Personal Finance (Legacy),Electric Vehicle,Canada,27,$4.62  ~ $10.39 ,$4.59 ,N/A,0.10%,N/A,N/A
Personal Finance (Legacy),Dogs,Canada,7,$2.19  ~ $5.23 ,N/A,N/A,N/A,N/A,N/A
Personal Finance (Legacy),Dogs,United States,657,$3.85  ~ $6.44 ,$4.59 ,$13.71 ,0.08%,N/A,N/A
Personal Finance (Legacy),Dogs,United Kingdom,36,$9.12  ~ $9.12 ,N/A,N/A,N/A,N/A,N/A
Personal Finance (Legacy),Auto Repair,Canada,"1,456",$6.21  ~ $6.30 ,$19.85 ,N/A,0.03%,N/A,N/A
Personal Finance (Legacy),Auto Repair,United States,"1,104",$6.58  ~ $8.49 ,$12.65 ,$103.90 ,0.07%,N/A,N/A
Personal Finance (Legacy),Buying/Selling Cars,United States,"1,517",$6.85  ~ $7.01 ,$9.42 ,$42.77 ,0.07%,N/A,N/A
Personal Finance (Legacy),Buying/Selling Cars,United Kingdom,111,$7.51  ~ $11.02 ,$14.24 ,$57.29 ,0.08%,N/A,N/A
Personal Finance (Legacy),Buying/Selling Cars,Mexico,3,$14.69  ~ $21.32 ,$6.38 ,N/A,0.23%,N/A,N/A
Personal Finance (Legacy),Buying/Selling Cars,Canada,"1,048",$5.32  ~ $6.45 ,$11.49 ,N/A,0.05%,N/A,N/A
Personal Finance (Legacy),Health & Fitness,Canada,"1,826",$7.03  ~ $7.33 ,$5.20 ,$52.31 ,0.14%,N/A,N/A
Personal Finance (Legacy),Health & Fitness,United States,"16,425",$8.93  ~ $8.96 ,$9.90 ,$62.82 ,0.09%,N/A,N/A
Personal Finance (Legacy),Health & Fitness,United Kingdom,466,$5.59  ~ $6.21 ,$8.43 ,$79.21 ,0.07%,N/A,N/A
Personal Finance (Legacy),Large Animals,United States,2,$13.30  ~ $29.98 ,N/A,N/A,N/A,N/A,N/A
Personal Finance (Legacy),Arts & Entertainment,Canada,539,$4.08  ~ $8.61 ,$5.14 ,N/A,0.08%,N/A,N/A
Personal Finance (Legacy),Arts & Entertainment,United States,"6,783",$6.71  ~ $7.43 ,$14.71 ,$104.88 ,0.05%,N/A,N/A
Personal Finance (Legacy),Arts & Entertainment,United Kingdom,245,$5.00  ~ $8.03 ,$13.68 ,$71.54 ,0.04%,N/A,N/A
Personal Finance (Legacy),Mutual Funds,United States,"3,184",$9.12  ~ $10.77 ,$15.44 ,$63.42 ,0.06%,N/A,N/A
Personal Finance (Legacy),Mutual Funds,Canada,17,$27.10  ~ $28.34 ,$22.16 ,$36.74 ,0.12%,N/A,N/A
Personal Finance (Legacy),Mutual Funds,United Kingdom,12,$19.48  ~ $42.56 ,N/A,N/A,N/A,N/A,N/A
Personal Finance (Legacy),Human Resources,United Kingdom,830,$12.63  ~ $21.46 ,$20.80 ,$393.07 ,0.06%,N/A,N/A
Personal Finance (Legacy),Human Resources,Mexico,11,$1.75  ~ $1.97 ,$2.01 ,N/A,0.10%,N/A,N/A
Personal Finance (Legacy),Human Resources,United States,"9,840",$10.96  ~ $13.76 ,$15.65 ,$120.58 ,0.07%,N/A,N/A
Personal Finance (Legacy),Human Resources,Canada,"1,652",$5.85  ~ $6.96 ,$13.30 ,$102.63 ,0.05%,N/A,N/A
Personal Finance (Legacy),Certified Pre-Owned,United States,26,$12.47  ~ $13.66 ,$9.13 ,$8.97 ,0.14%,N/A,N/A
Personal Finance (Legacy),Cocktails/Beer,Canada,758,$8.33  ~ $8.99 ,$6.18 ,N/A,0.13%,N/A,N/A
Personal Finance (Legacy),Cocktails/Beer,United States,"2,101",$7.72  ~ $8.19 ,$7.20 ,$59.64 ,0.11%,N/A,N/A
Personal Finance (Legacy),Books & Literature,United States,17,$8.75  ~ $9.93 ,N/A,N/A,N/A,N/A,N/A
Personal Finance (Legacy),Catholicism,United States,34,$6.71  ~ $9.19 ,N/A,N/A,N/A,N/A,N/A
Personal Finance (Legacy),Parenting - K-6 Kids,United States,99,$1.61  ~ $2.02 ,$12.21 ,N/A,0.02%,N/A,N/A
Personal Finance (Legacy),Pediatrics,United States,138,$9.14  ~ $32.53 ,$13.74 ,N/A,0.07%,N/A,N/A
Personal Finance (Legacy),Cold & Flu,United States,382,$8.48  ~ $9.59 ,$5.71 ,N/A,0.17%,N/A,N/A
Personal Finance (Legacy),Cold & Flu,Canada,18,$2.16  ~ $4.41 ,N/A,N/A,N/A,N/A,N/A
Personal Finance (Legacy),Cold & Flu,United Kingdom,43,$12.24  ~ $30.04 ,N/A,N/A,N/A,N/A,N/A
Personal Finance (Legacy),Collecting,United States,38,$5.22  ~ $8.29 ,$10.36 ,N/A,0.08%,N/A,N/A
Personal Finance (Legacy),Music,United Kingdom,84,$3.56  ~ $5.15 ,$4.99 ,N/A,0.10%,N/A,N/A
Personal Finance (Legacy),Music,United States,"4,999",$6.54  ~ $6.67 ,$9.69 ,$52.33 ,0.07%,N/A,N/A
Personal Finance (Legacy),Music,Canada,"1,465",$4.30  ~ $4.56 ,$4.44 ,$71.82 ,0.10%,N/A,N/A
Personal Finance (Legacy),Gardening,United States,"2,377",$5.16  ~ $7.44 ,$7.12 ,$83.17 ,0.07%,N/A,N/A
Personal Finance (Legacy),Gardening,United Kingdom,253,$0.00  ~ $1.92 ,$1.65 ,$24.39 ,0.12%,N/A,N/A
Personal Finance (Legacy),Gardening,Canada,773,$2.61  ~ $4.96 ,$7.97 ,$38.25 ,0.06%,N/A,N/A
Personal Finance (Legacy),Politics,United States,"7,851",$11.89  ~ $12.12 ,$21.82 ,$108.99 ,0.05%,N/A,N/A
Personal Finance (Legacy),Politics,Canada,216,$9.87  ~ $11.90 ,$32.76 ,N/A,0.03%,N/A,N/A
Personal Finance (Legacy),College,Mexico,1,$2.84  ~ $2.88 ,N/A,N/A,N/A,N/A,N/A
Personal Finance (Legacy),College,Canada,429,$4.95  ~ $6.85 ,$11.72 ,$58.54 ,0.04%,N/A,N/A
Personal Finance (Legacy),College,United States,"1,548",$6.22  ~ $8.41 ,$9.53 ,$94.92 ,0.09%,N/A,N/A
Personal Finance (Legacy),College,United Kingdom,99,$8.90  ~ $9.32 ,$5.06 ,$82.32 ,0.18%,N/A,N/A
Personal Finance (Legacy),Food & Drink,United States,532,$6.09  ~ $6.47 ,$6.78 ,$50.12 ,0.09%,N/A,N/A
Personal Finance (Legacy),Food & Drink,Canada,24,$4.74  ~ $9.54 ,$11.69 ,N/A,0.04%,N/A,N/A
Personal Finance (Legacy),U.S. Government Resources,United States,3,$6.29  ~ $6.98 ,N/A,N/A,N/A,N/A,N/A
Personal Finance (Legacy),News,United States,"1,108",$12.06  ~ $15.33 ,$12.31 ,$52.65 ,0.10%,N/A,N/A
Personal Finance (Legacy),Pets,United States,322,$8.11  ~ $8.48 ,$12.07 ,$168.60 ,0.07%,N/A,N/A
Personal Finance (Legacy),Pets,Canada,1,$8.31  ~ $8.34 ,$25.90 ,$181.06 ,0.03%,N/A,N/A
Personal Finance (Legacy),Government,United States,87,$8.23  ~ $8.37 ,$12.37 ,N/A,0.07%,N/A,N/A
Personal Finance (Legacy),Government,Canada,5,$10.42  ~ $10.48 ,$8.54 ,N/A,0.12%,N/A,N/A
Personal Finance (Legacy),Education,United States,"2,043",$7.69  ~ $7.74 ,$9.98 ,$60.93 ,0.08%,N/A,N/A
Personal Finance (Legacy),Education,United Kingdom,795,$7.35  ~ $9.97 ,$18.47 ,N/A,0.04%,N/A,N/A
Personal Finance (Legacy),Education,Mexico,10,$4.45  ~ $8.18 ,$3.48 ,$10.45 ,0.13%,N/A,N/A
Personal Finance (Legacy),Education,Canada,106,$9.00  ~ $9.99 ,$29.23 ,N/A,0.03%,N/A,N/A
Personal Finance (Legacy),Weight Loss,United States,183,$3.98  ~ $4.13 ,$8.39 ,N/A,0.05%,N/A,N/A
Personal Finance (Legacy),Weight Loss,Mexico,191,$1.40  ~ $3.44 ,$0.85 ,N/A,0.16%,N/A,N/A
Personal Finance (Legacy),Weight Loss,United Kingdom,967,$8.20  ~ $8.21 ,$36.09 ,$216.56 ,0.02%,N/A,N/A
Personal Finance (Legacy),Body Art,United States,8,$2.05  ~ $4.25 ,N/A,N/A,N/A,N/A,N/A
Personal Finance (Legacy),Football,Canada,"1,378",$4.86  ~ $5.67 ,$8.37 ,$22.31 ,0.07%,N/A,N/A
Personal Finance (Legacy),Football,United States,"1,002",$6.83  ~ $8.35 ,$10.75 ,$36.48 ,0.06%,N/A,N/A
Personal Finance (Legacy),Accessories,Canada,9,$2.05  ~ $4.28 ,N/A,N/A,N/A,N/A,N/A
Personal Finance (Legacy),Accessories,United States,314,$10.61  ~ $14.60 ,$5.73 ,N/A,0.19%,N/A,N/A
Personal Finance (Legacy),Entertainment,United States,37,$11.24  ~ $25.78 ,$12.58 ,N/A,0.09%,N/A,N/A
Personal Finance (Legacy),Entertainment,Mexico,13,$1.15  ~ $2.67 ,$3.90 ,N/A,0.03%,N/A,N/A
Personal Finance (Legacy),Martial Arts,United States,12,$3.22  ~ $7.54 ,N/A,N/A,N/A,N/A,N/A
Personal Finance (Legacy),Retirement Planning,United States,33,$8.71  ~ $17.84 ,$77.65 ,N/A,0.02%,N/A,N/A
Personal Finance (Legacy),Retirement Planning,United Kingdom,23,$6.24  ~ $13.46 ,$7.93 ,N/A,0.08%,N/A,N/A
Personal Finance (Legacy),Real Estate,United Kingdom,487,$5.37  ~ $6.90 ,$9.21 ,$53.33 ,0.06%,N/A,N/A
Personal Finance (Legacy),Real Estate,United States,"1,588",$7.02  ~ $7.29 ,$5.97 ,$55.63 ,0.12%,N/A,N/A
Personal Finance (Legacy),Real Estate,Canada,176,$5.01  ~ $5.27 ,$11.25 ,N/A,0.05%,N/A,N/A
Personal Finance (Legacy),Buying/Selling Homes,Canada,709,$5.56  ~ $6.56 ,$7.06 ,$37.62 ,0.08%,N/A,N/A
Personal Finance (Legacy),Buying/Selling Homes,United Kingdom,593,$6.21  ~ $7.55 ,$11.55 ,$85.01 ,0.05%,N/A,N/A
Personal Finance (Legacy),Buying/Selling Homes,United States,"2,530",$7.91  ~ $10.17 ,$8.17 ,$115.06 ,0.10%,N/A,N/A
Personal Finance (Legacy),Fine Art,United States,"1,841",$6.87  ~ $8.16 ,$8.09 ,$24.66 ,0.08%,N/A,N/A
Personal Finance (Legacy),Fine Art,Canada,125,$6.08  ~ $6.80 ,$5.51 ,N/A,0.11%,N/A,N/A
Personal Finance (Legacy),Fine Art,United Kingdom,"3,190",$7.31  ~ $7.44 ,$17.53 ,$79.79 ,0.04%,N/A,N/A
Personal Finance (Legacy),Landscaping,Canada,58,$2.07  ~ $5.17 ,N/A,N/A,N/A,N/A,N/A
Personal Finance (Legacy),Landscaping,United States,157,$4.26  ~ $6.24 ,$17.04 ,N/A,0.04%,N/A,N/A
Personal Finance (Legacy),Insurance,United States,"6,161",$8.44  ~ $8.55 ,$6.75 ,$105.88 ,0.13%,N/A,N/A
Personal Finance (Legacy),Insurance,United Kingdom,"1,050",$4.39  ~ $5.35 ,$8.53 ,$44.08 ,0.06%,N/A,N/A
Personal Finance (Legacy),Insurance,Canada,"2,733",$5.50  ~ $6.70 ,$26.76 ,N/A,0.03%,N/A,N/A
Personal Finance (Legacy),Health/Lowfat Cooking,Canada,22,$3.00  ~ $11.39 ,$8.34 ,N/A,0.14%,N/A,N/A
Personal Finance (Legacy),Health/Lowfat Cooking,United States,262,$9.56  ~ $9.86 ,$13.99 ,$100.11 ,0.07%,N/A,N/A
Personal Finance (Legacy),Health/Lowfat Cooking,United Kingdom,18,$5.56  ~ $5.57 ,$12.96 ,N/A,0.04%,N/A,N/A
Personal Finance (Legacy),Internet Technology,United Kingdom,10,$6.34  ~ $7.97 ,$24.27 ,$48.55 ,0.03%,N/A,N/A
Personal Finance (Legacy),Internet Technology,United States,297,$8.68  ~ $9.05 ,$16.08 ,$56.36 ,0.06%,N/A,N/A
Personal Finance (Legacy),Antivirus Software,Canada,35,$8.70  ~ $8.70 ,$5.37 ,N/A,0.16%,N/A,N/A
Personal Finance (Legacy),Antivirus Software,United States,301,$8.74  ~ $8.74 ,$10.28 ,$61.67 ,0.09%,N/A,N/A
Personal Finance (Legacy),Auto Parts,United States,507,$6.85  ~ $7.34 ,$17.52 ,$112.19 ,0.04%,N/A,N/A
Personal Finance (Legacy),Auto Parts,Canada,45,$5.58  ~ $13.13 ,$5.47 ,N/A,0.10%,N/A,N/A
Personal Finance (Legacy),Auto Parts,United Kingdom,110,$7.35  ~ $7.35 ,$39.31 ,N/A,0.02%,N/A,N/A
Personal Finance (Legacy),Physical Therapy,United Kingdom,31,$6.66  ~ $6.66 ,$17.02 ,N/A,0.04%,N/A,N/A
Personal Finance (Legacy),Physical Therapy,United States,150,$10.53  ~ $21.91 ,$9.28 ,N/A,0.11%,N/A,N/A
Personal Finance (Legacy),Physical Therapy,Canada,8,$3.36  ~ $6.01 ,$3.14 ,N/A,0.11%,N/A,N/A
Personal Finance (Legacy),Roleplaying Games,United States,5,$2.16  ~ $5.12 ,N/A,N/A,N/A,N/A,N/A
Personal Finance (Legacy),Incontinence,United States,2,$2.06  ~ $2.08 ,$1.43 ,N/A,0.15%,N/A,N/A
Personal Finance (Legacy),Arts & Crafts,United States,973,$3.95  ~ $9.06 ,$2.97 ,$59.35 ,0.13%,N/A,N/A
Personal Finance (Legacy),Video & Computer Games,United States,8,$0.00  ~ $3.80 ,$0.39 ,N/A,0.98%,N/A,N/A
Personal Finance (Legacy),Legal Issues,United States,"13,217",$8.47  ~ $10.05 ,$12.35 ,$95.79 ,0.07%,N/A,N/A
Personal Finance (Legacy),Legal Issues,United Kingdom,705,$4.62  ~ $5.11 ,$9.89 ,$100.60 ,0.05%,N/A,N/A
Personal Finance (Legacy),Legal Issues,Canada,"2,558",$4.38  ~ $5.42 ,$6.15 ,$59.05 ,0.09%,N/A,N/A
Personal Finance (Legacy),Advertising,Canada,"1,522",$6.87  ~ $8.35 ,$8.29 ,$87.51 ,0.08%,N/A,N/A
Personal Finance (Legacy),Advertising,United Kingdom,113,$7.68  ~ $7.93 ,$3.87 ,$28.92 ,0.20%,N/A,N/A
Personal Finance (Legacy),Advertising,United States,"1,906",$9.69  ~ $11.10 ,$15.25 ,$197.25 ,0.07%,N/A,N/A
Personal Finance (Legacy),Business Software,Canada,"4,719",$7.05  ~ $7.25 ,$13.28 ,$143.85 ,0.05%,N/A,N/A
Personal Finance (Legacy),Business Software,United Kingdom,"1,437",$7.81  ~ $11.14 ,$19.17 ,$171.19 ,0.06%,N/A,N/A
Personal Finance (Legacy),Business Software,Ireland,25,$7.00  ~ $9.94 ,$10.00 ,$64.42 ,0.10%,N/A,N/A
Personal Finance (Legacy),Business Software,United States,"16,710",$9.45  ~ $9.94 ,$17.59 ,$132.95 ,0.06%,N/A,N/A
Personal Finance (Legacy),Graduate School,Canada,64,$5.45  ~ $11.57 ,$36.99 ,N/A,0.01%,N/A,N/A
Personal Finance (Legacy),Graduate School,United States,"2,618",$8.98  ~ $10.24 ,$5.99 ,$31.52 ,0.15%,N/A,N/A
Personal Finance (Legacy),Graduate School,United Kingdom,179,$5.87  ~ $8.87 ,$44.76 ,N/A,0.02%,N/A,N/A
Personal Finance (Legacy),Wine,United States,75,$8.10  ~ $10.00 ,$8.37 ,$54.24 ,0.12%,N/A,N/A
Personal Finance (Legacy),Wine,Ireland,3,$5.56  ~ $11.69 ,N/A,N/A,N/A,N/A,N/A
Personal Finance (Legacy),Television,United Kingdom,49,$7.09  ~ $7.46 ,$3.57 ,$28.59 ,0.21%,N/A,N/A
Personal Finance (Legacy),Dermatology,United States,64,$6.37  ~ $6.78 ,N/A,N/A,N/A,N/A,N/A
Personal Finance (Legacy),Dermatology,Canada,8,$2.30  ~ $5.42 ,N/A,N/A,N/A,N/A,N/A
Personal Finance (Legacy),Movies,United States,92,$6.27  ~ $6.27 ,$5.50 ,N/A,0.11%,N/A,N/A
Personal Finance (Legacy),Business,United Kingdom,"2,171",$5.34  ~ $5.90 ,$11.02 ,$62.11 ,0.05%,N/A,N/A
Personal Finance (Legacy),Business,Canada,"1,685",$6.74  ~ $8.32 ,$18.84 ,$179.04 ,0.04%,N/A,N/A
Personal Finance (Legacy),Business,Ireland,8,$8.51  ~ $9.72 ,N/A,N/A,N/A,N/A,N/A
Personal Finance (Legacy),Business,Mexico,19,$7.21  ~ $7.64 ,$10.38 ,$101.32 ,0.07%,N/A,N/A
Personal Finance (Legacy),Business,United States,"12,739",$8.09  ~ $8.15 ,$12.17 ,$122.63 ,0.07%,N/A,N/A
Personal Finance (Legacy),"Law, Gov't & Politics",United States,41,$1.25  ~ $6.60 ,$13.24 ,N/A,0.05%,N/A,N/A
Personal Finance (Legacy),"Law, Gov't & Politics",Canada,2,$7.91  ~ $19.52 ,N/A,N/A,N/A,N/A,N/A
Personal Finance (Legacy),"Law, Gov't & Politics",United Kingdom,9,$7.17  ~ $16.27 ,N/A,N/A,N/A,N/A,N/A
Personal Finance (Legacy),Computer Certification,United States,7,$8.63  ~ $16.07 ,N/A,N/A,N/A,N/A,N/A
Personal Finance (Legacy),Incest/Abuse Support,United States,607,$7.90  ~ $10.58 ,$8.71 ,$84.90 ,0.09%,N/A,N/A
Personal Finance (Legacy),Incest/Abuse Support,Canada,45,$5.61  ~ $7.38 ,N/A,N/A,N/A,N/A,N/A
Personal Finance (Legacy),Birdwatching,United States,149,$4.25  ~ $7.29 ,$5.37 ,$32.92 ,0.14%,N/A,N/A
Personal Finance (Legacy),Birdwatching,Canada,48,$10.23  ~ $20.78 ,$10.37 ,N/A,0.10%,N/A,N/A
Personal Finance (Legacy),Cell Phones,United States,154,$11.02  ~ $11.02 ,$13.54 ,$41.50 ,0.08%,N/A,N/A
Personal Finance (Legacy),Chronic Pain,United States,143,$12.31  ~ $12.47 ,$36.03 ,N/A,0.03%,N/A,N/A
Personal Finance (Legacy),Biotech/Biomedical,Canada,659,$7.44  ~ $8.45 ,$14.81 ,N/A,0.05%,N/A,N/A
Personal Finance (Legacy),Biotech/Biomedical,United Kingdom,24,$6.95  ~ $9.98 ,N/A,N/A,N/A,N/A,N/A
Personal Finance (Legacy),Biotech/Biomedical,United States,"4,027",$10.88  ~ $25.78 ,$7.18 ,$78.70 ,0.15%,N/A,N/A
Personal Finance (Legacy),Card Games,United States,676,$9.64  ~ $11.02 ,$13.96 ,$399.20 ,0.07%,N/A,N/A
Personal Finance (Legacy),Card Games,Canada,"2,070",$6.28  ~ $6.41 ,$20.27 ,$32.99 ,0.03%,N/A,N/A
Personal Finance (Legacy),Card Games,United Kingdom,32,$6.42  ~ $6.89 ,$12.35 ,$49.93 ,0.06%,N/A,N/A
Personal Finance (Legacy),Tax Planning,United States,16,$9.74  ~ $10.11 ,N/A,N/A,N/A,N/A,N/A
Personal Finance (Legacy),Tax Planning,United Kingdom,3,$7.23  ~ $17.15 ,N/A,N/A,N/A,N/A,N/A
Personal Finance (Legacy),U.S. Military,United States,41,$2.70  ~ $2.71 ,$3.18 ,$2.98 ,0.08%,N/A,N/A
Personal Finance (Legacy),Adventure Travel,United States,286,$3.27  ~ $14.47 ,$6.52 ,$32.31 ,0.05%,N/A,N/A
Personal Finance (Legacy),Fashion,United States,1,$8.19  ~ $17.06 ,$19.82 ,N/A,0.04%,N/A,N/A
Personal Finance (Legacy),Barbecues & Grilling,Canada,135,$4.63  ~ $9.34 ,$7.78 ,N/A,0.06%,N/A,N/A
Personal Finance (Legacy),Pro Basketball,Canada,17,$5.00  ~ $13.07 ,$2.33 ,$6.70 ,0.21%,N/A,N/A
Personal Finance (Legacy),Pro Basketball,United States,864,$7.79  ~ $8.73 ,$11.46 ,$71.04 ,0.07%,N/A,N/A
Personal Finance (Legacy),Pro Basketball,United Kingdom,140,$7.08  ~ $8.15 ,$17.04 ,N/A,0.05%,N/A,N/A
Personal Finance (Legacy),Hotels,United States,"3,779",$6.08  ~ $7.26 ,$9.47 ,$100.55 ,0.08%,N/A,N/A
Personal Finance (Legacy),Hotels,Canada,134,$4.17  ~ $4.56 ,$0.53 ,$9.50 ,0.79%,N/A,N/A
Personal Finance (Legacy),Hotels,United Kingdom,152,$3.97  ~ $4.28 ,$4.21 ,N/A,0.10%,N/A,N/A
Personal Finance (Legacy),Logistics,United States,"5,186",$11.19  ~ $12.09 ,$15.09 ,$98.87 ,0.07%,N/A,N/A
Personal Finance (Legacy),Logistics,Canada,614,$6.58  ~ $7.12 ,$8.41 ,$36.86 ,0.08%,N/A,N/A
Personal Finance (Legacy),Logistics,United Kingdom,164,$7.26  ~ $8.71 ,$17.05 ,$94.22 ,0.05%,N/A,N/A
Personal Finance (Legacy),Logistics,Mexico,5,$1.80  ~ $6.54 ,$11.62 ,N/A,0.06%,N/A,N/A
Personal Finance (Legacy),Commentary,United States,63,$14.75  ~ $19.47 ,$37.61 ,N/A,0.05%,N/A,N/A
Personal Finance (Legacy),Computer Peripherals,United States,948,$9.27  ~ $12.26 ,$8.67 ,$69.84 ,0.14%,N/A,N/A
Personal Finance (Legacy),Computer Peripherals,Canada,136,$3.34  ~ $5.06 ,$16.83 ,N/A,0.03%,N/A,N/A
Personal Finance (Legacy),Computer Peripherals,United Kingdom,43,$13.61  ~ $14.05 ,$6.69 ,N/A,0.21%,N/A,N/A
Personal Finance (Legacy),Computer Peripherals,Ireland,1,$13.73  ~ $13.89 ,N/A,N/A,N/A,N/A,N/A
Personal Finance (Legacy),Apartments,United Kingdom,"1,071",$7.29  ~ $7.63 ,$11.04 ,$95.48 ,0.07%,N/A,N/A
Personal Finance (Legacy),Apartments,United States,103,$6.50  ~ $9.16 ,$3.23 ,$55.14 ,0.20%,N/A,N/A
Personal Finance (Legacy),Apartments,Canada,94,$4.06  ~ $6.30 ,$11.54 ,N/A,0.05%,N/A,N/A
Personal Finance (Legacy),Exercise,United Kingdom,216,$3.74  ~ $7.32 ,$9.85 ,N/A,0.04%,N/A,N/A
Personal Finance (Legacy),Exercise,United States,"1,110",$5.30  ~ $5.37 ,$13.63 ,$145.61 ,0.04%,N/A,N/A
Personal Finance (Legacy),Exercise,Canada,40,$3.18  ~ $3.81 ,$1.90 ,N/A,0.17%,N/A,N/A
Personal Finance (Legacy),Environmental Safety,United States,146,$7.65  ~ $7.99 ,$20.81 ,$72.02 ,0.04%,N/A,N/A
Personal Finance (Legacy),Celebrity Fan/Gossip,United States,2,$6.62  ~ $16.42 ,N/A,N/A,N/A,N/A,N/A
Personal Finance (Legacy),Technology & Computing,United States,"1,603",$6.76  ~ $6.82 ,$15.07 ,$90.18 ,0.05%,N/A,N/A
Personal Finance (Legacy),Technology & Computing,Canada,738,$5.18  ~ $6.67 ,$9.37 ,N/A,0.07%,N/A,N/A
Personal Finance (Legacy),Technology & Computing,United Kingdom,"1,207",$7.43  ~ $10.12 ,$13.19 ,$82.62 ,0.08%,N/A,N/A
Personal Finance (Legacy),Financial Aid,United States,42,$7.84  ~ $8.37 ,N/A,N/A,N/A,N/A,N/A
Personal Finance (Legacy),Style & Fashion,United States,109,$4.14  ~ $9.00 ,$5.31 ,N/A,0.17%,N/A,N/A
Personal Finance (Legacy),Alternative Medicine,United States,142,$8.80  ~ $14.96 ,$18.00 ,N/A,0.08%,N/A,N/A
Personal Finance (Legacy),Alternative Medicine,Canada,25,$1.64  ~ $1.90 ,N/A,N/A,N/A,N/A,N/A
Personal Finance (Legacy),Alternative Medicine,United Kingdom,2,$5.44  ~ $5.44 ,N/A,N/A,N/A,N/A,N/A
Personal Finance (Legacy),Art/Technology,United States,"2,584",$6.71  ~ $6.73 ,$19.70 ,N/A,0.03%,N/A,N/A
Personal Finance (Legacy),Art/Technology,Canada,29,$6.22  ~ $7.91 ,N/A,N/A,N/A,N/A,N/A
Personal Finance (Legacy),Art/Technology,United Kingdom,202,$1.50  ~ $1.50 ,N/A,N/A,N/A,N/A,N/A
Personal Finance (Legacy),Bed & Breakfasts,United States,"1,968",$1.63  ~ $4.51 ,$3.84 ,$28.08 ,0.12%,N/A,N/A
Personal Finance (Legacy),Bed & Breakfasts,United Kingdom,52,$8.04  ~ $8.12 ,$28.76 ,$28.38 ,0.03%,N/A,N/A
Personal Finance (Legacy),Bed & Breakfasts,Canada,150,$0.35  ~ $0.35 ,N/A,N/A,N/A,N/A,N/A
Personal Finance (Legacy),Home Theater,United States,1,$2.45  ~ $6.06 ,N/A,N/A,N/A,N/A,N/A
Personal Finance (Legacy),Babies & Toddlers,United States,6,$9.59  ~ $10.53 ,$16.19 ,N/A,0.06%,N/A,N/A
Personal Finance (Legacy),Architects,United Kingdom,3,$7.24  ~ $7.24 ,N/A,N/A,N/A,N/A,N/A
Personal Finance (Legacy),Couponing,Canada,915,$4.61  ~ $10.82 ,$2.90 ,N/A,0.16%,N/A,N/A
Personal Finance (Legacy),Couponing,United States,"1,534",$4.39  ~ $4.57 ,$8.53 ,$54.66 ,0.05%,N/A,N/A
Personal Finance (Legacy),Trucks & Accessories,United States,"1,194",$5.18  ~ $5.44 ,$11.30 ,$56.22 ,0.05%,N/A,N/A
Personal Finance (Legacy),Construction,United States,"5,761",$6.97  ~ $7.40 ,$2.25 ,$45.87 ,0.33%,N/A,N/A
Personal Finance (Legacy),Construction,Canada,229,$5.89  ~ $12.86 ,$9.43 ,N/A,0.06%,N/A,N/A
Personal Finance (Legacy),Construction,United Kingdom,61,$6.69  ~ $8.92 ,$2.03 ,N/A,0.33%,N/A,N/A
Personal Finance (Legacy),Career Planning,United States,"1,280",$7.10  ~ $7.33 ,$12.41 ,$70.95 ,0.06%,N/A,N/A
Personal Finance (Legacy),Career Planning,Canada,778,$6.59  ~ $7.05 ,$9.44 ,N/A,0.07%,N/A,N/A
Personal Finance (Legacy),Career Planning,Mexico,41,$7.11  ~ $8.12 ,$4.16 ,$0.67 ,0.17%,N/A,N/A
Personal Finance (Legacy),Nutrition,United States,313,$9.26  ~ $9.45 ,$13.76 ,$55.06 ,0.07%,N/A,N/A
Personal Finance (Legacy),Nutrition,Canada,924,$3.02  ~ $4.09 ,$3.56 ,$19.77 ,0.08%,N/A,N/A
Personal Finance (Legacy),Nutrition,United Kingdom,9,$9.60  ~ $9.60 ,$14.81 ,N/A,0.06%,N/A,N/A
Personal Finance (Legacy),Investors & Patents,Mexico,39,$4.43  ~ $10.84 ,$7.92 ,N/A,0.06%,N/A,N/A
Personal Finance (Legacy),Investors & Patents,United States,"31,648",$8.57  ~ $9.09 ,$10.28 ,$158.82 ,0.09%,N/A,N/A
Personal Finance (Legacy),Investors & Patents,Canada,457,$6.57  ~ $6.74 ,$9.35 ,$19.05 ,0.07%,N/A,N/A
Personal Finance (Legacy),Investors & Patents,United Kingdom,95,$6.88  ~ $6.90 ,$68.34 ,N/A,0.01%,N/A,N/A
Personal Finance (Legacy),Daycare/Pre School,Canada,1,$2.24  ~ $5.32 ,N/A,N/A,N/A,N/A,N/A
Personal Finance (Legacy),Daycare/Pre School,United States,8,$2.01  ~ $3.71 ,N/A,N/A,N/A,N/A,N/A
Personal Finance (Legacy),Cameras & Camcorders,United States,1,$6.48  ~ $6.63 ,N/A,N/A,N/A,N/A,N/A
Personal Finance (Legacy),Desserts & Baking,United States,116,$4.96  ~ $11.23 ,N/A,N/A,N/A,N/A,N/A
Personal Finance (Legacy),Desserts & Baking,Canada,45,$2.34  ~ $5.19 ,N/A,N/A,N/A,N/A,N/A
Personal Finance (Legacy),Home Repair,Canada,468,$5.50  ~ $5.55 ,$4.75 ,N/A,0.12%,N/A,N/A
Personal Finance (Legacy),Home Repair,United States,"3,042",$7.92  ~ $8.48 ,$11.88 ,$93.46 ,0.07%,N/A,N/A
Personal Finance (Legacy),Home Repair,United Kingdom,84,$7.10  ~ $8.71 ,$4.63 ,N/A,0.15%,N/A,N/A
Personal Finance (Legacy),Senior Living,Canada,13,$3.47  ~ $6.79 ,$0.87 ,N/A,0.40%,N/A,N/A
Personal Finance (Legacy),Senior Living,United States,607,$6.90  ~ $7.42 ,$8.68 ,$29.98 ,0.09%,N/A,N/A
Personal Finance (Legacy),Senior Living,United Kingdom,65,$6.00  ~ $7.98 ,$28.53 ,N/A,0.03%,N/A,N/A
Personal Finance (Legacy),Distance Learning,United States,147,$10.97  ~ $11.64 ,$27.00 ,$168.64 ,0.04%,N/A,N/A
Personal Finance (Legacy),Distance Learning,United Kingdom,3,$7.18  ~ $15.98 ,N/A,N/A,N/A,N/A,N/A
Personal Finance (Legacy),Dental Care,United States,226,$2.66  ~ $3.39 ,N/A,N/A,N/A,N/A,N/A
Personal Finance (Legacy),Dental Care,Canada,16,$2.21  ~ $4.81 ,N/A,N/A,N/A,N/A,N/A
Personal Finance (Legacy),Arthritis,United States,33,$5.39  ~ $5.53 ,N/A,N/A,N/A,N/A,N/A
Personal Finance (Legacy),Agriculture,United States,236,$3.99  ~ $4.01 ,$3.63 ,$15.55 ,0.11%,N/A,N/A
Personal Finance (Legacy),Agriculture,Canada,61,$5.11  ~ $6.80 ,$5.77 ,$28.94 ,0.09%,N/A,N/A
Personal Finance (Legacy),Cancer,United States,980,$10.71  ~ $18.35 ,$19.57 ,$146.30 ,0.09%,N/A,N/A
Personal Finance (Legacy),Cancer,Canada,16,$18.00  ~ $18.00 ,N/A,N/A,N/A,N/A,N/A
Personal Finance (Legacy),Horse Racing,Canada,29,$6.72  ~ $14.54 ,N/A,N/A,N/A,N/A,N/A
Personal Finance (Legacy),Weddings,United States,35,$6.43  ~ $6.54 ,$5.49 ,$8.94 ,0.12%,N/A,N/A
Personal Finance (Legacy),Weddings,Canada,2,$2.34  ~ $5.62 ,N/A,N/A,N/A,N/A,N/A
Personal Finance (Legacy),Net Conferencing,Canada,6,$6.11  ~ $13.96 ,N/A,N/A,N/A,N/A,N/A
Personal Finance (Legacy),Net Conferencing,United States,424,$14.12  ~ $57.33 ,$15.53 ,N/A,0.09%,N/A,N/A
Personal Finance (Legacy),Investing,United States,"1,579",$10.57  ~ $14.07 ,$36.06 ,$186.99 ,0.04%,N/A,N/A
Personal Finance (Legacy),Investing,United Kingdom,23,$7.07  ~ $7.28 ,N/A,N/A,N/A,N/A,N/A
Personal Finance (Legacy),Investing,Canada,"1,321",$7.90  ~ $7.90 ,$43.19 ,$151.18 ,0.02%,N/A,N/A
Personal Finance (Legacy),Personal Finance,United States,"17,968",$6.62  ~ $7.66 ,$13.63 ,$151.94 ,0.06%,N/A,N/A
Personal Finance (Legacy),Personal Finance,Canada,776,$5.77  ~ $6.53 ,$9.54 ,N/A,0.07%,N/A,N/A
Personal Finance (Legacy),Personal Finance,United Kingdom,552,$5.54  ~ $7.69 ,$14.70 ,$169.24 ,0.04%,N/A,N/A
Personal Finance (Legacy),Personal Finance,Mexico,9,$6.13  ~ $6.20 ,$42.85 ,N/A,0.01%,N/A,N/A
Personal Finance (Legacy),Personal Finance,Ireland,23,$7.21  ~ $7.25 ,$12.43 ,N/A,0.06%,N/A,N/A
Personal Finance (Legacy),Automotive,Canada,67,$7.89  ~ $8.91 ,$14.34 ,N/A,0.05%,N/A,N/A
Personal Finance (Legacy),Automotive,United States,"4,416",$7.88  ~ $9.37 ,$13.60 ,$87.58 ,0.06%,N/A,N/A
Personal Finance (Legacy),Automotive,United Kingdom,218,$7.29  ~ $21.50 ,$32.07 ,N/A,0.07%,N/A,N/A
Personal Finance (Legacy),Green Solutions,Canada,"1,791",$3.72  ~ $4.28 ,$7.03 ,$47.42 ,0.06%,N/A,N/A
Personal Finance (Legacy),Green Solutions,United States,"2,649",$6.68  ~ $7.25 ,$9.41 ,$201.28 ,0.07%,N/A,N/A
Personal Finance (Legacy),Green Solutions,United Kingdom,7,$6.40  ~ $7.36 ,$6.75 ,N/A,0.09%,N/A,N/A
Personal Finance (Legacy),Camping,United States,2,$5.42  ~ $8.23 ,N/A,N/A,N/A,N/A,N/A
Personal Finance (Legacy),Hunting/Shooting,United States,12,$6.98  ~ $6.98 ,N/A,N/A,N/A,N/A,N/A
Personal Finance (Legacy),Honeymoons/Getaways,United Kingdom,86,$7.37  ~ $8.32 ,$7.82 ,N/A,0.11%,N/A,N/A
Personal Finance (Legacy),Honeymoons/Getaways,United States,756,$7.98  ~ $8.90 ,$3.70 ,$59.57 ,0.22%,N/A,N/A
Personal Finance (Legacy),Honeymoons/Getaways,Canada,383,$8.82  ~ $9.71 ,$25.97 ,$25.80 ,0.04%,N/A,N/A
Personal Finance (Legacy),Job Search,United States,"2,321",$12.90  ~ $18.20 ,$22.85 ,$73.39 ,0.06%,N/A,N/A
Personal Finance (Legacy),Job Search,Canada,1,$4.62  ~ $4.68 ,N/A,N/A,N/A,N/A,N/A
Personal Finance (Legacy),Job Search,United Kingdom,2,$7.16  ~ $15.64 ,$3.48 ,N/A,0.21%,N/A,N/A
Personal Finance (Legacy),Radio,United States,51,$5.87  ~ $6.41 ,$8.08 ,N/A,0.08%,N/A,N/A
Personal Finance (Legacy),Careers,Canada,263,$3.78  ~ $4.30 ,$10.57 ,N/A,0.04%,N/A,N/A
Personal Finance (Legacy),Careers,United States,683,$3.62  ~ $7.82 ,$10.37 ,$57.03 ,0.03%,N/A,N/A
Personal Finance (Legacy),Careers,United Kingdom,113,$5.50  ~ $15.58 ,$12.00 ,N/A,0.05%,N/A,N/A
Personal Finance (Legacy),Cigars,United States,"1,944",$7.15  ~ $7.36 ,$11.80 ,$105.54 ,0.06%,N/A,N/A
Personal Finance (Legacy),Cigars,Ireland,2,$8.94  ~ $8.94 ,$5.07 ,N/A,0.18%,N/A,N/A
Personal Finance (Legacy),Cigars,United Kingdom,"1,652",$3.15  ~ $16.95 ,$6.76 ,$33.78 ,0.05%,N/A,N/A
Personal Finance (Legacy),Cigars,Canada,18,$4.03  ~ $4.17 ,$21.34 ,N/A,0.02%,N/A,N/A
Personal Finance (Legacy),Alternative Religions,United States,32,$8.01  ~ $8.28 ,$8.75 ,N/A,0.09%,N/A,N/A
Personal Finance (Legacy),Alternative Religions,United Kingdom,5,$5.64  ~ $12.43 ,N/A,N/A,N/A,N/A,N/A
Personal Finance (Legacy),Cruises,United States,"1,738",$8.17  ~ $9.55 ,$11.05 ,$65.82 ,0.09%,N/A,N/A
Personal Finance (Legacy),Cruises,Canada,208,$6.01  ~ $7.93 ,$12.55 ,N/A,0.05%,N/A,N/A
Personal Finance (Legacy),Cruises,United Kingdom,36,$5.46  ~ $5.58 ,$5.53 ,$62.04 ,0.10%,N/A,N/A
Personal Finance (Legacy),Senor Health,Canada,93,$6.94  ~ $8.35 ,$18.95 ,N/A,0.04%,N/A,N/A
Personal Finance (Legacy),Senor Health,United States,366,$6.82  ~ $10.21 ,$8.27 ,$31.82 ,0.12%,N/A,N/A
Personal Finance (Legacy),Off-Road Vehicles,United States,106,$7.99  ~ $19.91 ,$9.38 ,$38.52 ,0.09%,N/A,N/A
Personal Finance (Legacy),Off-Road Vehicles,Canada,112,$6.87  ~ $15.98 ,$43.85 ,N/A,0.02%,N/A,N/A
Personal Finance (Legacy),Sexuality,United States,"3,210",$6.31  ~ $6.86 ,$5.68 ,$24.35 ,0.11%,N/A,N/A
Personal Finance (Legacy),Sexuality,Canada,1,$2.79  ~ $5.68 ,$0.70 ,N/A,0.40%,N/A,N/A
Personal Finance (Legacy),Contests & Freebies,United States,23,$7.36  ~ $9.59 ,N/A,N/A,N/A,N/A,N/A
Personal Finance (Legacy),Stamps & Coins,United States,6,$4.22  ~ $9.90 ,N/A,N/A,N/A,N/A,N/A
Personal Finance (Legacy),Forestry,United States,8,$7.07  ~ $15.99 ,N/A,N/A,N/A,N/A,N/A
Personal Finance (Legacy),Theme Parks,United States,6,$6.07  ~ $6.07 ,N/A,N/A,N/A,N/A,N/A
Personal Finance (Legacy),Theme Parks,Canada,174,$4.99  ~ $11.99 ,$7.34 ,$88.12 ,0.07%,N/A,N/A
Personal Finance (Legacy),Air Travel,United States,"12,616",$6.29  ~ $6.74 ,$8.51 ,$32.06 ,0.08%,N/A,N/A
Personal Finance (Legacy),Air Travel,United Kingdom,42,$6.26  ~ $13.56 ,N/A,N/A,N/A,N/A,N/A
Personal Finance (Legacy),Air Travel,Canada,67,$6.78  ~ $6.90 ,$8.47 ,N/A,0.08%,N/A,N/A
Personal Finance (Legacy),Infertility,United States,170,$4.13  ~ $7.30 ,$14.01 ,N/A,0.05%,N/A,N/A
Personal Finance (Legacy),Dining Out,Canada,274,$7.40  ~ $7.71 ,$9.96 ,$11.04 ,0.07%,N/A,N/A
Personal Finance (Legacy),Dining Out,United States,"3,013",$5.60  ~ $9.67 ,$11.68 ,$57.76 ,0.05%,N/A,N/A
Personal Finance (Legacy),Dining Out,United Kingdom,318,$13.48  ~ $20.43 ,$24.52 ,$395.69 ,0.05%,N/A,N/A
Personal Finance (Legacy),Hobbies & Interests,Canada,50,$6.16  ~ $14.49 ,$5.68 ,N/A,0.11%,N/A,N/A
Personal Finance (Legacy),Hobbies & Interests,United States,"3,305",$7.91  ~ $8.27 ,$11.54 ,$28.33 ,0.07%,N/A,N/A
Personal Finance (Legacy),Hobbies & Interests,United Kingdom,"3,803",$1.44  ~ $1.44 ,$5.87 ,N/A,0.02%,N/A,N/A
Personal Finance (Legacy),Veterinary Medicine,United States,38,$5.96  ~ $14.56 ,$3.27 ,N/A,0.18%,N/A,N/A
Personal Finance (Legacy),Veterinary Medicine,Canada,1,$2.25  ~ $5.12 ,N/A,N/A,N/A,N/A,N/A
Personal Finance (Legacy),Mountain Biking,Canada,36,$6.38  ~ $6.68 ,$2.15 ,N/A,0.30%,N/A,N/A
Personal Finance (Legacy),Mountain Biking,United States,12,$6.55  ~ $6.76 ,$1.22 ,$7.77 ,0.54%,N/A,N/A
Personal Finance (Legacy),Motorcycles,United States,"2,286",$4.92  ~ $8.05 ,$9.27 ,$68.28 ,0.05%,N/A,N/A
Personal Finance (Legacy),Motorcycles,Canada,30,$4.89  ~ $11.62 ,$4.60 ,$27.60 ,0.11%,N/A,N/A
Personal Finance (Legacy),Travel,Canada,71,$6.59  ~ $7.22 ,$6.02 ,N/A,0.12%,N/A,N/A
Personal Finance (Legacy),Travel,United Kingdom,955,$5.37  ~ $6.11 ,$9.23 ,$31.67 ,0.06%,N/A,N/A
Personal Finance (Legacy),Travel,United States,"6,448",$4.76  ~ $5.34 ,$5.65 ,$31.58 ,0.08%,N/A,N/A
Personal Finance (Legacy),Shopping,United States,"4,991",$4.21  ~ $7.68 ,$6.72 ,$35.89 ,0.06%,N/A,N/A
Personal Finance (Legacy),Shopping,Canada,407,$2.42  ~ $4.37 ,$8.50 ,N/A,0.03%,N/A,N/A
Personal Finance (Legacy),Shopping,United Kingdom,287,$5.65  ~ $5.75 ,$9.24 ,$36.07 ,0.06%,N/A,N/A
Personal Finance (Legacy),Metals,Canada,"2,119",$6.61  ~ $7.12 ,$18.75 ,$56.81 ,0.04%,N/A,N/A
Personal Finance (Legacy),Metals,United States,"17,273",$6.85  ~ $8.26 ,$9.01 ,$101.38 ,0.09%,N/A,N/A
Personal Finance (Legacy),Metals,Ireland,1,$5.58  ~ $7.37 ,N/A,N/A,N/A,N/A,N/A
Personal Finance (Legacy),Metals,United Kingdom,140,$7.84  ~ $8.80 ,$52.69 ,N/A,0.02%,N/A,N/A
Personal Finance (Legacy),Marketing,United States,45,$6.83  ~ $8.20 ,$5.84 ,N/A,0.14%,N/A,N/A
Personal Finance (Legacy),Marketing,Canada,"1,555",$2.81  ~ $6.97 ,$3.16 ,$23.16 ,0.09%,N/A,N/A
Personal Finance (Legacy),By US Locale,United States,1,$11.78  ~ $27.46 ,N/A,N/A,N/A,N/A,N/A
Personal Finance (Legacy),Swimming,United States,23,$2.16  ~ $8.32 ,$9.80 ,N/A,0.08%,N/A,N/A
Personal Finance (Legacy),Tax Planning,Canada,16,$0.00  ~ $0.00 ,N/A,N/A,N/A,N/A,N/A
Personal Finance (Legacy),Weight Loss,Canada,1,$0.00  ~ $0.00 ,N/A,N/A,N/A,N/A,N/A
Personal Finance (Legacy),Cocktails/Beer,United Kingdom,52,$0.00  ~ $0.00 ,N/A,N/A,N/A,N/A,N/A
Pets (Legacy),Adult Education,United States,46,$3.00  ~ $9.29 ,$13.87 ,N/A,0.07%,N/A,N/A
Pets (Legacy),Adult Education,Canada,2,$5.37  ~ $6.86 ,N/A,N/A,N/A,N/A,N/A
Pets (Legacy),Adult Education,United Kingdom,3,$7.57  ~ $8.93 ,N/A,N/A,N/A,N/A,N/A
Pets (Legacy),Hobbies & Interests,United Kingdom,"1,097",$1.05  ~ $1.05 ,$3.84 ,N/A,0.03%,N/A,N/A
Pets (Legacy),Hobbies & Interests,Canada,3,$6.76  ~ $15.67 ,N/A,N/A,N/A,N/A,N/A
Pets (Legacy),Hobbies & Interests,United States,"6,476",$7.52  ~ $7.86 ,$8.95 ,$35.22 ,0.09%,N/A,N/A
Pets (Legacy),Hunting/Shooting,United States,35,$6.51  ~ $6.51 ,N/A,N/A,N/A,N/A,N/A
Pets (Legacy),Religion & Spirituality,United States,1,$2.05  ~ $5.02 ,N/A,N/A,N/A,N/A,N/A
Pets (Legacy),Construction,United States,849,$5.49  ~ $7.75 ,$3.38 ,N/A,0.16%,N/A,N/A
Pets (Legacy),Construction,Canada,7,$5.33  ~ $12.60 ,N/A,N/A,N/A,N/A,N/A
Pets (Legacy),Construction,United Kingdom,9,$8.47  ~ $8.65 ,$6.79 ,N/A,0.12%,N/A,N/A
Pets (Legacy),Cigars,United Kingdom,368,$5.20  ~ $21.43 ,$26.86 ,$107.44 ,0.02%,N/A,N/A
Pets (Legacy),Cigars,Canada,33,$2.94  ~ $3.35 ,$1.15 ,N/A,0.29%,N/A,N/A
Pets (Legacy),Cigars,United States,"5,522",$6.41  ~ $6.55 ,$6.89 ,$29.61 ,0.09%,N/A,N/A
Pets (Legacy),Metals,Canada,464,$4.61  ~ $8.34 ,$6.06 ,N/A,0.08%,N/A,N/A
Pets (Legacy),Metals,United States,"4,518",$4.40  ~ $7.07 ,$6.00 ,$68.40 ,0.12%,N/A,N/A
Pets (Legacy),Metals,United Kingdom,15,$7.44  ~ $7.89 ,N/A,N/A,N/A,N/A,N/A
Pets (Legacy),Couponing,United States,"1,448",$4.14  ~ $4.29 ,$5.48 ,$9.10 ,0.08%,N/A,N/A
Pets (Legacy),Couponing,Canada,206,$4.67  ~ $11.29 ,$3.18 ,N/A,0.15%,N/A,N/A
Pets (Legacy),Beauty,Canada,137,$2.21  ~ $2.88 ,N/A,N/A,N/A,N/A,N/A
Pets (Legacy),Beauty,United States,495,$8.21  ~ $8.95 ,$10.91 ,N/A,0.08%,N/A,N/A
Pets (Legacy),Beauty,United Kingdom,49,$7.06  ~ $7.47 ,$38.97 ,N/A,0.02%,N/A,N/A
Pets (Legacy),Career Planning,United States,762,$8.66  ~ $8.69 ,$5.91 ,$75.68 ,0.15%,N/A,N/A
Pets (Legacy),Career Planning,Canada,110,$6.55  ~ $9.00 ,N/A,N/A,N/A,N/A,N/A
Pets (Legacy),Swimming,United States,22,$2.16  ~ $8.23 ,$7.57 ,$21.60 ,0.11%,N/A,N/A
Pets (Legacy),Guitar,United States,1,$2.41  ~ $5.12 ,N/A,N/A,N/A,N/A,N/A
Pets (Legacy),Biotech/Biomedical,United States,"2,266",$8.17  ~ $25.16 ,$4.57 ,$71.87 ,0.18%,N/A,N/A
Pets (Legacy),Biotech/Biomedical,United Kingdom,18,$6.85  ~ $8.02 ,N/A,N/A,N/A,N/A,N/A
Pets (Legacy),Biotech/Biomedical,Canada,110,$6.90  ~ $8.90 ,$4.19 ,N/A,0.16%,N/A,N/A
Pets (Legacy),Auto Parts,United States,"2,447",$6.34  ~ $7.09 ,$9.04 ,$66.75 ,0.07%,N/A,N/A
Pets (Legacy),Auto Parts,Canada,2,$5.53  ~ $12.86 ,$1.65 ,N/A,0.34%,N/A,N/A
Pets (Legacy),Auto Parts,United Kingdom,11,$7.83  ~ $7.83 ,$11.15 ,N/A,0.07%,N/A,N/A
Pets (Legacy),Family & Parenting,United Kingdom,99,$6.41  ~ $7.25 ,$15.04 ,N/A,0.04%,N/A,N/A
Pets (Legacy),Family & Parenting,United States,796,$7.30  ~ $8.54 ,$3.38 ,$20.57 ,0.22%,N/A,N/A
Pets (Legacy),Family & Parenting,Canada,9,$2.38  ~ $3.87 ,$0.63 ,N/A,0.38%,N/A,N/A
Pets (Legacy),Stamps & Coins,United States,26,$2.94  ~ $5.96 ,N/A,N/A,N/A,N/A,N/A
Pets (Legacy),Camping,United States,4,$5.88  ~ $6.89 ,N/A,N/A,N/A,N/A,N/A
Pets (Legacy),Legal Issues,Canada,411,$5.44  ~ $6.09 ,$5.52 ,$61.66 ,0.11%,N/A,N/A
Pets (Legacy),Legal Issues,United States,"9,592",$7.76  ~ $9.20 ,$7.65 ,$41.55 ,0.10%,N/A,N/A
Pets (Legacy),Legal Issues,United Kingdom,139,$4.79  ~ $5.12 ,$10.14 ,$59.62 ,0.05%,N/A,N/A
Pets (Legacy),Landscaping,Canada,4,$2.09  ~ $4.29 ,N/A,N/A,N/A,N/A,N/A
Pets (Legacy),Landscaping,United States,166,$4.47  ~ $4.80 ,$6.61 ,N/A,0.07%,N/A,N/A
Pets (Legacy),Travel,United Kingdom,308,$5.35  ~ $5.62 ,$13.30 ,$91.76 ,0.04%,N/A,N/A
Pets (Legacy),Travel,United States,"5,959",$4.61  ~ $5.37 ,$3.84 ,$47.27 ,0.14%,N/A,N/A
Pets (Legacy),Travel,Canada,1,$6.59  ~ $7.83 ,N/A,N/A,N/A,N/A,N/A
Pets (Legacy),Shopping,United Kingdom,82,$7.04  ~ $7.36 ,$15.01 ,N/A,0.05%,N/A,N/A
Pets (Legacy),Shopping,United States,"7,332",$3.24  ~ $5.86 ,$2.98 ,$35.32 ,0.11%,N/A,N/A
Pets (Legacy),Shopping,Canada,52,$2.01  ~ $2.78 ,$9.73 ,N/A,0.02%,N/A,N/A
Pets (Legacy),Business Software,Canada,44,$9.15  ~ $9.21 ,$10.24 ,N/A,0.09%,N/A,N/A
Pets (Legacy),Business Software,United Kingdom,108,$13.95  ~ $15.10 ,$18.67 ,$165.56 ,0.07%,N/A,N/A
Pets (Legacy),Business Software,United States,"3,637",$10.44  ~ $11.26 ,$7.65 ,$87.71 ,0.14%,N/A,N/A
Pets (Legacy),Government,United States,58,$8.11  ~ $8.15 ,$4.85 ,N/A,0.17%,N/A,N/A
Pets (Legacy),Government,Canada,1,$8.83  ~ $8.89 ,$35.90 ,N/A,0.02%,N/A,N/A
Pets (Legacy),Net Conferencing,United States,111,$14.85  ~ $33.29 ,$31.62 ,N/A,0.05%,N/A,N/A
Pets (Legacy),Birdwatching,United States,107,$3.84  ~ $5.94 ,$5.67 ,N/A,0.10%,N/A,N/A
Pets (Legacy),Birdwatching,Canada,6,$10.25  ~ $21.84 ,$18.01 ,N/A,0.06%,N/A,N/A
Pets (Legacy),Collecting,United States,56,$5.25  ~ $7.87 ,$6.13 ,N/A,0.13%,N/A,N/A
Pets (Legacy),Collecting,Canada,2,$2.15  ~ $4.77 ,N/A,N/A,N/A,N/A,N/A
Pets (Legacy),Business,United States,"15,218",$7.13  ~ $7.56 ,$7.38 ,$57.63 ,0.10%,N/A,N/A
Pets (Legacy),Business,United Kingdom,579,$5.50  ~ $5.81 ,$12.39 ,$146.46 ,0.05%,N/A,N/A
Pets (Legacy),Business,Canada,183,$5.46  ~ $8.08 ,$8.42 ,N/A,0.06%,N/A,N/A
Pets (Legacy),Food & Drink,United States,701,$5.71  ~ $5.90 ,$3.65 ,$16.81 ,0.16%,N/A,N/A
Pets (Legacy),Food & Drink,Canada,3,$5.40  ~ $12.49 ,$1.37 ,$3.61 ,0.40%,N/A,N/A
Pets (Legacy),Alternative Religions,United States,62,$7.96  ~ $8.02 ,$2.44 ,N/A,0.33%,N/A,N/A
Pets (Legacy),Alternative Religions,United Kingdom,4,$5.22  ~ $10.89 ,N/A,N/A,N/A,N/A,N/A
Pets (Legacy),Body Art,United States,1,$2.05  ~ $4.41 ,N/A,N/A,N/A,N/A,N/A
Pets (Legacy),Cell Phones,United States,13,$10.56  ~ $10.56 ,$8.68 ,$14.17 ,0.12%,N/A,N/A
Pets (Legacy),Personal Finance,Canada,74,$4.69  ~ $4.73 ,$9.47 ,N/A,0.05%,N/A,N/A
Pets (Legacy),Personal Finance,United Kingdom,85,$6.14  ~ $9.70 ,$11.39 ,N/A,0.05%,N/A,N/A
Pets (Legacy),Personal Finance,Ireland,1,$7.36  ~ $7.38 ,$8.29 ,$32.07 ,0.09%,N/A,N/A
Pets (Legacy),Personal Finance,United States,"11,152",$5.44  ~ $5.84 ,$5.23 ,$63.53 ,0.11%,N/A,N/A
Pets (Legacy),Books & Literature,United States,7,$5.86  ~ $5.95 ,$0.22 ,N/A,2.62%,N/A,N/A
Pets (Legacy),Coffee/Tea,United States,"3,476",$4.75  ~ $6.38 ,$3.27 ,$22.36 ,0.15%,N/A,N/A
Pets (Legacy),Martial Arts,Canada,1,$2.23  ~ $4.90 ,N/A,N/A,N/A,N/A,N/A
Pets (Legacy),Martial Arts,United States,6,$3.44  ~ $8.10 ,N/A,N/A,N/A,N/A,N/A
Pets (Legacy),Certified Pre-Owned,United States,6,$11.99  ~ $13.63 ,N/A,N/A,N/A,N/A,N/A
Pets (Legacy),Cameras & Camcorders,United States,6,$6.41  ~ $6.49 ,N/A,N/A,N/A,N/A,N/A
Pets (Legacy),Computer Certification,United States,1,$6.64  ~ $19.50 ,$0.80 ,N/A,0.83%,N/A,N/A
Pets (Legacy),Agriculture,Canada,41,$4.71  ~ $9.52 ,$4.48 ,$4.00 ,0.11%,N/A,N/A
Pets (Legacy),Agriculture,United States,46,$3.31  ~ $3.91 ,$1.23 ,$8.59 ,0.27%,N/A,N/A
Pets (Legacy),Weddings,United States,106,$6.04  ~ $6.60 ,N/A,N/A,N/A,N/A,N/A
Pets (Legacy),Weddings,Canada,1,$2.23  ~ $4.56 ,N/A,N/A,N/A,N/A,N/A
Pets (Legacy),"Law, Gov't & Politics",United States,16,$1.23  ~ $3.03 ,$2.89 ,N/A,0.10%,N/A,N/A
Pets (Legacy),News,Canada,3,$0.53  ~ $1.08 ,N/A,N/A,N/A,N/A,N/A
Pets (Legacy),News,United States,269,$11.47  ~ $12.76 ,$7.96 ,N/A,0.14%,N/A,N/A
Pets (Legacy),Auto Repair,Canada,14,$6.01  ~ $6.27 ,$26.72 ,N/A,0.02%,N/A,N/A
Pets (Legacy),Auto Repair,United States,518,$6.65  ~ $6.80 ,$7.24 ,$108.89 ,0.09%,N/A,N/A
Pets (Legacy),Infertility,United States,192,$4.08  ~ $6.70 ,$30.88 ,N/A,0.02%,N/A,N/A
Pets (Legacy),Gardening,United States,"3,341",$4.01  ~ $6.02 ,$4.02 ,$51.33 ,0.10%,N/A,N/A
Pets (Legacy),Gardening,United Kingdom,87,$0.00  ~ $2.44 ,$8.58 ,N/A,0.03%,N/A,N/A
Pets (Legacy),Gardening,Canada,323,$2.46  ~ $4.76 ,$2.43 ,$10.18 ,0.20%,N/A,N/A
Pets (Legacy),Hotels,United States,"2,429",$5.15  ~ $6.14 ,$8.20 ,$49.50 ,0.07%,N/A,N/A
Pets (Legacy),Hotels,Canada,9,$3.70  ~ $4.11 ,$0.55 ,N/A,0.74%,N/A,N/A
Pets (Legacy),Hotels,United Kingdom,36,$4.49  ~ $4.67 ,$4.15 ,$9.82 ,0.11%,N/A,N/A
Pets (Legacy),Education,United States,"3,125",$7.11  ~ $7.22 ,$9.02 ,$51.04 ,0.08%,N/A,N/A
Pets (Legacy),Education,United Kingdom,136,$7.70  ~ $9.81 ,$17.08 ,$109.03 ,0.05%,N/A,N/A
Pets (Legacy),Education,Canada,5,$7.46  ~ $9.66 ,N/A,N/A,N/A,N/A,N/A
Pets (Legacy),Distance Learning,United States,158,$11.54  ~ $12.47 ,$109.06 ,N/A,0.01%,N/A,N/A
Pets (Legacy),Internet Technology,United Kingdom,3,$6.38  ~ $7.67 ,$16.48 ,N/A,0.05%,N/A,N/A
Pets (Legacy),Internet Technology,United States,"2,108",$6.78  ~ $8.11 ,$7.70 ,$15.70 ,0.11%,N/A,N/A
Pets (Legacy),Logistics,United States,"3,569",$9.09  ~ $9.67 ,$8.47 ,$59.97 ,0.11%,N/A,N/A
Pets (Legacy),Logistics,Canada,183,$4.91  ~ $6.03 ,$3.81 ,N/A,0.16%,N/A,N/A
Pets (Legacy),Logistics,United Kingdom,21,$6.08  ~ $9.30 ,$14.64 ,N/A,0.06%,N/A,N/A
Pets (Legacy),Weight Loss,United States,190,$3.95  ~ $3.96 ,$7.24 ,N/A,0.05%,N/A,N/A
Pets (Legacy),Weight Loss,Mexico,18,$1.34  ~ $3.10 ,$0.75 ,N/A,0.18%,N/A,N/A
Pets (Legacy),Weight Loss,United Kingdom,21,$8.16  ~ $8.19 ,$19.05 ,$152.40 ,0.04%,N/A,N/A
Pets (Legacy),Arts & Crafts,United States,"1,804",$3.42  ~ $7.67 ,$1.08 ,$42.50 ,0.32%,N/A,N/A
Pets (Legacy),Fine Art,United States,"1,026",$7.24  ~ $7.72 ,$13.07 ,$103.89 ,0.06%,N/A,N/A
Pets (Legacy),Fine Art,United Kingdom,599,$7.53  ~ $7.88 ,$19.25 ,$67.99 ,0.04%,N/A,N/A
Pets (Legacy),Home Repair,Canada,16,$5.04  ~ $5.30 ,$2.02 ,N/A,0.25%,N/A,N/A
Pets (Legacy),Home Repair,United States,"2,606",$7.37  ~ $8.66 ,$8.02 ,$70.81 ,0.09%,N/A,N/A
Pets (Legacy),Home Repair,United Kingdom,27,$8.37  ~ $8.84 ,$4.11 ,N/A,0.20%,N/A,N/A
Pets (Legacy),Apartments,United Kingdom,313,$7.18  ~ $7.33 ,$9.38 ,$87.35 ,0.08%,N/A,N/A
Pets (Legacy),Apartments,United States,105,$5.73  ~ $7.68 ,$1.87 ,$12.23 ,0.31%,N/A,N/A
Pets (Legacy),Apartments,Canada,16,$2.55  ~ $6.29 ,$7.43 ,N/A,0.08%,N/A,N/A
Pets (Legacy),Nutrition,United States,684,$8.96  ~ $9.35 ,$10.88 ,$51.46 ,0.08%,N/A,N/A
Pets (Legacy),Nutrition,Canada,207,$2.81  ~ $4.01 ,$3.00 ,$20.20 ,0.09%,N/A,N/A
Pets (Legacy),Cuisine-Specific,United States,47,$1.99  ~ $1.99 ,$3.42 ,N/A,0.06%,N/A,N/A
Pets (Legacy),Investors & Patents,United States,"1,571",$7.93  ~ $9.60 ,$14.19 ,$119.42 ,0.07%,N/A,N/A
Pets (Legacy),Investors & Patents,United Kingdom,2,$8.57  ~ $21.19 ,N/A,N/A,N/A,N/A,N/A
Pets (Legacy),Investors & Patents,Canada,13,$2.25  ~ $5.49 ,N/A,N/A,N/A,N/A,N/A
Pets (Legacy),Comparison,United States,1,$4.45  ~ $10.42 ,$2.26 ,N/A,0.20%,N/A,N/A
Pets (Legacy),Dogs,United States,726,$3.21  ~ $6.59 ,$3.20 ,$12.13 ,0.10%,N/A,N/A
Pets (Legacy),Dogs,United Kingdom,5,$9.40  ~ $9.40 ,N/A,N/A,N/A,N/A,N/A
Pets (Legacy),Art/Technology,United States,"1,575",$6.45  ~ $6.48 ,$11.65 ,N/A,0.06%,N/A,N/A
Pets (Legacy),Art/Technology,Canada,2,$6.58  ~ $7.64 ,N/A,N/A,N/A,N/A,N/A
Pets (Legacy),Art/Technology,United Kingdom,18,$2.55  ~ $2.55 ,N/A,N/A,N/A,N/A,N/A
Pets (Legacy),Politics,United States,"6,301",$11.65  ~ $12.24 ,$15.80 ,N/A,0.07%,N/A,N/A
Pets (Legacy),Politics,Canada,16,$9.55  ~ $13.75 ,$4.81 ,$29.03 ,0.20%,N/A,N/A
Pets (Legacy),Real Estate,United Kingdom,140,$5.67  ~ $6.96 ,$6.18 ,$64.66 ,0.09%,N/A,N/A
Pets (Legacy),Real Estate,United States,"2,309",$6.33  ~ $6.84 ,$3.44 ,$100.08 ,0.18%,N/A,N/A
Pets (Legacy),Real Estate,Canada,23,$4.48  ~ $5.08 ,N/A,N/A,N/A,N/A,N/A
Pets (Legacy),Network Security,United States,4,$2.00  ~ $2.44 ,N/A,N/A,N/A,N/A,N/A
Pets (Legacy),Barbecues & Grilling,Canada,52,$4.75  ~ $10.04 ,$3.70 ,$11.11 ,0.13%,N/A,N/A
Pets (Legacy),Automotive,Canada,28,$7.67  ~ $8.74 ,$31.10 ,N/A,0.02%,N/A,N/A
Pets (Legacy),Automotive,United States,"3,683",$7.56  ~ $9.80 ,$12.23 ,$242.96 ,0.06%,N/A,N/A
Pets (Legacy),Automotive,United Kingdom,22,$7.27  ~ $14.66 ,$16.80 ,N/A,0.09%,N/A,N/A
Pets (Legacy),Contests & Freebies,United States,12,$5.20  ~ $8.55 ,N/A,N/A,N/A,N/A,N/A
Pets (Legacy),Radio,United States,61,$5.74  ~ $6.45 ,$10.34 ,N/A,0.06%,N/A,N/A
Pets (Legacy),Mountain Biking,United States,24,$6.37  ~ $6.72 ,$4.69 ,N/A,0.14%,N/A,N/A
Pets (Legacy),Mountain Biking,Canada,7,$6.50  ~ $6.70 ,$2.94 ,N/A,0.22%,N/A,N/A
Pets (Legacy),U.S. Military,United States,412,$2.11  ~ $2.12 ,N/A,N/A,N/A,N/A,N/A
Pets (Legacy),Chronic Pain,United States,44,$12.23  ~ $12.56 ,$30.35 ,N/A,0.04%,N/A,N/A
Pets (Legacy),Football,Canada,149,$4.85  ~ $5.75 ,$10.21 ,$40.85 ,0.06%,N/A,N/A
Pets (Legacy),Football,United States,423,$6.07  ~ $8.32 ,$7.12 ,$40.58 ,0.09%,N/A,N/A
Pets (Legacy),Computer Peripherals,United States,"1,989",$6.84  ~ $11.62 ,$6.39 ,N/A,0.18%,N/A,N/A
Pets (Legacy),Computer Peripherals,Canada,120,$3.35  ~ $4.95 ,$4.38 ,$10.24 ,0.11%,N/A,N/A
Pets (Legacy),Computer Peripherals,United Kingdom,3,$13.47  ~ $14.75 ,N/A,N/A,N/A,N/A,N/A
Pets (Legacy),Advertising,United Kingdom,11,$7.58  ~ $8.92 ,$6.99 ,N/A,0.13%,N/A,N/A
Pets (Legacy),Advertising,United States,"1,219",$9.20  ~ $9.66 ,$8.24 ,$34.13 ,0.12%,N/A,N/A
Pets (Legacy),Advertising,Mexico,2,$1.22  ~ $2.31 ,N/A,N/A,N/A,N/A,N/A
Pets (Legacy),Advertising,Canada,86,$6.64  ~ $8.28 ,$4.93 ,N/A,0.13%,N/A,N/A
Pets (Legacy),Parenting - K-6 Kids,United States,61,$1.64  ~ $2.04 ,$3.48 ,N/A,0.06%,N/A,N/A
Pets (Legacy),Cancer,United States,220,$11.07  ~ $17.43 ,$18.61 ,N/A,0.09%,N/A,N/A
Pets (Legacy),Senor Health,Canada,9,$6.39  ~ $8.29 ,$3.95 ,N/A,0.16%,N/A,N/A
Pets (Legacy),Senor Health,United States,"2,261",$6.30  ~ $9.67 ,$5.05 ,$22.45 ,0.19%,N/A,N/A
Pets (Legacy),Health/Lowfat Cooking,Canada,15,$3.07  ~ $11.62 ,$9.15 ,N/A,0.13%,N/A,N/A
Pets (Legacy),Health/Lowfat Cooking,United States,355,$8.09  ~ $9.10 ,$5.58 ,$78.41 ,0.14%,N/A,N/A
Pets (Legacy),Health/Lowfat Cooking,United Kingdom,7,$5.55  ~ $5.56 ,$35.33 ,N/A,0.02%,N/A,N/A
Pets (Legacy),Tax Planning,United States,8,$9.27  ~ $10.02 ,N/A,N/A,N/A,N/A,N/A
Pets (Legacy),Pets,United States,410,$8.24  ~ $8.33 ,$10.71 ,$178.70 ,0.08%,N/A,N/A
Pets (Legacy),Pets,Canada,4,$8.39  ~ $8.40 ,$13.24 ,$52.93 ,0.06%,N/A,N/A
Pets (Legacy),Pets,United Kingdom,2,$9.45  ~ $19.52 ,N/A,N/A,N/A,N/A,N/A
Pets (Legacy),Cocktails/Beer,Canada,6,$10.13  ~ $10.85 ,N/A,N/A,N/A,N/A,N/A
Pets (Legacy),Cocktails/Beer,United States,"2,311",$6.98  ~ $8.12 ,$3.64 ,$17.30 ,0.19%,N/A,N/A
Pets (Legacy),Television,United Kingdom,1,$7.19  ~ $7.40 ,$6.63 ,$26.53 ,0.11%,N/A,N/A
Pets (Legacy),Television,United States,5,$14.66  ~ $32.42 ,N/A,N/A,N/A,N/A,N/A
Pets (Legacy),Motorcycles,United States,"2,909",$4.06  ~ $8.03 ,$5.16 ,$27.46 ,0.08%,N/A,N/A
Pets (Legacy),Motorcycles,Canada,3,$4.88  ~ $11.50 ,N/A,N/A,N/A,N/A,N/A
Pets (Legacy),Marketing,United States,305,$6.77  ~ $8.09 ,$8.93 ,N/A,0.09%,N/A,N/A
Pets (Legacy),Marketing,Canada,540,$2.51  ~ $5.55 ,$2.14 ,N/A,0.12%,N/A,N/A
Pets (Legacy),Technology & Computing,United States,501,$6.45  ~ $6.54 ,$11.39 ,$29.23 ,0.06%,N/A,N/A
Pets (Legacy),Technology & Computing,Canada,63,$5.50  ~ $6.93 ,$18.42 ,N/A,0.04%,N/A,N/A
Pets (Legacy),Technology & Computing,United Kingdom,101,$7.24  ~ $10.35 ,$17.69 ,N/A,0.06%,N/A,N/A
Pets (Legacy),Movies,United States,125,$6.18  ~ $6.24 ,$2.45 ,N/A,0.26%,N/A,N/A
Pets (Legacy),Road-Side Assistance,United Kingdom,10,$9.75  ~ $22.67 ,$30.59 ,N/A,0.03%,N/A,N/A
Pets (Legacy),Road-Side Assistance,United States,2,$2.53  ~ $6.09 ,N/A,N/A,N/A,N/A,N/A
Pets (Legacy),Road-Side Assistance,Canada,1,$2.35  ~ $5.51 ,N/A,N/A,N/A,N/A,N/A
Pets (Legacy),Road-Side Assistance,Mexico,"1,596",$4.36  ~ $9.70 ,$3.63 ,N/A,0.12%,N/A,N/A
Pets (Legacy),Green Solutions,Canada,501,$3.87  ~ $4.65 ,$5.49 ,N/A,0.08%,N/A,N/A
Pets (Legacy),Green Solutions,United States,"1,932",$6.39  ~ $6.60 ,$4.25 ,$30.12 ,0.15%,N/A,N/A
Pets (Legacy),Green Solutions,United Kingdom,1,$6.60  ~ $7.61 ,$4.85 ,N/A,0.14%,N/A,N/A
Pets (Legacy),Wine,United States,61,$8.07  ~ $9.26 ,$22.38 ,N/A,0.04%,N/A,N/A
Pets (Legacy),Retirement Planning,United States,32,$8.17  ~ $17.89 ,$12.48 ,N/A,0.14%,N/A,N/A
Pets (Legacy),Cruises,United Kingdom,6,$5.71  ~ $5.84 ,$27.72 ,N/A,0.02%,N/A,N/A
Pets (Legacy),Cruises,Canada,3,$5.92  ~ $12.72 ,$2.47 ,$6.30 ,0.24%,N/A,N/A
Pets (Legacy),Cruises,United States,"1,102",$5.86  ~ $8.60 ,$5.79 ,$83.22 ,0.15%,N/A,N/A
Pets (Legacy),Exercise,United Kingdom,78,$5.73  ~ $7.65 ,$10.02 ,$36.71 ,0.06%,N/A,N/A
Pets (Legacy),Exercise,United States,660,$3.93  ~ $4.11 ,$5.33 ,N/A,0.08%,N/A,N/A
Pets (Legacy),Exercise,Canada,5,$3.30  ~ $3.79 ,$1.37 ,N/A,0.28%,N/A,N/A
Pets (Legacy),Allergies,Canada,11,$5.16  ~ $12.53 ,$2.18 ,N/A,0.24%,N/A,N/A
Pets (Legacy),Dining Out,United Kingdom,27,$13.50  ~ $20.51 ,$35.60 ,N/A,0.04%,N/A,N/A
Pets (Legacy),Dining Out,Canada,17,$7.06  ~ $8.69 ,$9.62 ,N/A,0.07%,N/A,N/A
Pets (Legacy),Dining Out,United States,"1,196",$5.58  ~ $9.07 ,$8.23 ,$51.17 ,0.07%,N/A,N/A
Pets (Legacy),Card Games,United States,"1,484",$9.76  ~ $10.97 ,$10.55 ,$156.32 ,0.09%,N/A,N/A
Pets (Legacy),Card Games,Canada,250,$5.87  ~ $6.04 ,$7.37 ,$21.86 ,0.08%,N/A,N/A
Pets (Legacy),Card Games,United Kingdom,11,$7.09  ~ $7.53 ,$7.94 ,N/A,0.09%,N/A,N/A
Pets (Legacy),Incest/Abuse Support,Canada,10,$5.60  ~ $7.45 ,N/A,N/A,N/A,N/A,N/A
Pets (Legacy),Incest/Abuse Support,United States,687,$8.77  ~ $9.52 ,$8.69 ,$50.82 ,0.10%,N/A,N/A
Pets (Legacy),Jewelry,Canada,8,$4.09  ~ $4.14 ,N/A,N/A,N/A,N/A,N/A
Pets (Legacy),Jewelry,United States,"19,729",$1.69  ~ $7.66 ,$1.71 ,$16.96 ,0.10%,N/A,N/A
Pets (Legacy),Health & Fitness,Canada,526,$5.03  ~ $5.63 ,$4.19 ,$47.37 ,0.13%,N/A,N/A
Pets (Legacy),Health & Fitness,United States,"44,878",$8.25  ~ $8.56 ,$6.45 ,$60.54 ,0.13%,N/A,N/A
Pets (Legacy),Health & Fitness,United Kingdom,234,$6.96  ~ $7.11 ,$14.71 ,$74.79 ,0.05%,N/A,N/A
Pets (Legacy),Health & Fitness,Ireland,9,$1.06  ~ $1.19 ,$0.71 ,N/A,0.17%,N/A,N/A
Pets (Legacy),Honeymoons/Getaways,United Kingdom,51,$7.13  ~ $8.25 ,$5.34 ,$12.31 ,0.15%,N/A,N/A
Pets (Legacy),Honeymoons/Getaways,United States,593,$8.49  ~ $9.27 ,$5.14 ,$52.06 ,0.17%,N/A,N/A
Pets (Legacy),Honeymoons/Getaways,Canada,34,$10.23  ~ $10.60 ,N/A,N/A,N/A,N/A,N/A
Pets (Legacy),Music,United Kingdom,25,$4.45  ~ $5.58 ,$19.58 ,N/A,0.03%,N/A,N/A
Pets (Legacy),Music,United States,"4,122",$6.47  ~ $6.62 ,$12.73 ,$52.24 ,0.05%,N/A,N/A
Pets (Legacy),Music,Canada,5,$3.99  ~ $4.39 ,$4.92 ,$17.09 ,0.09%,N/A,N/A
Pets (Legacy),Commentary,United States,122,$13.97  ~ $18.86 ,$41.90 ,N/A,0.05%,N/A,N/A
Pets (Legacy),Careers,Canada,301,$3.82  ~ $4.26 ,$13.56 ,N/A,0.03%,N/A,N/A
Pets (Legacy),Careers,United States,"3,336",$3.07  ~ $7.61 ,$3.99 ,$28.53 ,0.08%,N/A,N/A
Pets (Legacy),Careers,United Kingdom,10,$3.72  ~ $14.97 ,$6.08 ,N/A,0.06%,N/A,N/A
Pets (Legacy),Dental Care,United States,194,$3.05  ~ $3.15 ,N/A,N/A,N/A,N/A,N/A
Pets (Legacy),Dental Care,Canada,4,$2.18  ~ $5.37 ,N/A,N/A,N/A,N/A,N/A
Pets (Legacy),Horse Racing,Canada,6,$6.72  ~ $16.34 ,N/A,N/A,N/A,N/A,N/A
Pets (Legacy),U.S. Government Resources,United States,83,$6.59  ~ $8.18 ,N/A,N/A,N/A,N/A,N/A
Pets (Legacy),Credit/Debt & Loans,Canada,170,$7.52  ~ $7.85 ,$4.99 ,N/A,0.15%,N/A,N/A
Pets (Legacy),Credit/Debt & Loans,United States,"24,217",$7.39  ~ $8.19 ,$5.35 ,$86.49 ,0.14%,N/A,N/A
Pets (Legacy),Credit/Debt & Loans,United Kingdom,62,$5.90  ~ $6.94 ,$11.36 ,N/A,0.06%,N/A,N/A
Pets (Legacy),Home & Garden,United Kingdom,105,$6.90  ~ $7.17 ,$13.89 ,N/A,0.05%,N/A,N/A
Pets (Legacy),Home & Garden,United States,"4,792",$5.63  ~ $6.25 ,$5.48 ,$34.59 ,0.10%,N/A,N/A
Pets (Legacy),Home & Garden,Canada,151,$2.85  ~ $4.81 ,$4.44 ,$83.78 ,0.11%,N/A,N/A
Pets (Legacy),Appliances,United States,"2,200",$7.72  ~ $8.39 ,$7.96 ,N/A,0.10%,N/A,N/A
Pets (Legacy),Appliances,Canada,49,$7.47  ~ $9.01 ,$8.21 ,N/A,0.09%,N/A,N/A
Pets (Legacy),Clothing,Canada,119,$5.22  ~ $7.22 ,$1.72 ,$14.89 ,0.30%,N/A,N/A
Pets (Legacy),Clothing,United States,"3,845",$6.73  ~ $6.99 ,$6.32 ,$30.85 ,0.11%,N/A,N/A
Pets (Legacy),Clothing,United Kingdom,1,$7.57  ~ $7.57 ,N/A,N/A,N/A,N/A,N/A
Pets (Legacy),Antivirus Software,Canada,15,$9.28  ~ $9.28 ,$4.90 ,N/A,0.19%,N/A,N/A
Pets (Legacy),Antivirus Software,United States,310,$9.06  ~ $9.06 ,$5.06 ,$15.18 ,0.18%,N/A,N/A
Pets (Legacy),College,Canada,295,$4.48  ~ $6.91 ,$8.30 ,$20.90 ,0.05%,N/A,N/A
Pets (Legacy),College,United States,"1,515",$6.17  ~ $7.74 ,$7.60 ,$91.30 ,0.10%,N/A,N/A
Pets (Legacy),College,United Kingdom,14,$8.47  ~ $9.79 ,$12.65 ,N/A,0.08%,N/A,N/A
Pets (Legacy),Veterinary Medicine,United States,18,$5.62  ~ $12.39 ,$6.29 ,N/A,0.09%,N/A,N/A
Pets (Legacy),Bed & Breakfasts,United Kingdom,5,$9.42  ~ $9.43 ,$15.41 ,N/A,0.06%,N/A,N/A
Pets (Legacy),Bed & Breakfasts,Canada,867,$0.30  ~ $0.30 ,N/A,N/A,N/A,N/A,N/A
Pets (Legacy),Bed & Breakfasts,United States,"9,113",$0.61  ~ $3.54 ,$2.75 ,$17.47 ,0.13%,N/A,N/A
Pets (Legacy),Investing,United Kingdom,1,$6.41  ~ $6.45 ,$3.66 ,N/A,0.18%,N/A,N/A
Pets (Legacy),Investing,United States,341,$4.81  ~ $4.99 ,$17.71 ,$57.66 ,0.03%,N/A,N/A
Pets (Legacy),Interior Decorating,United Kingdom,20,$5.09  ~ $5.11 ,$7.46 ,N/A,0.07%,N/A,N/A
Pets (Legacy),Interior Decorating,Canada,164,$4.87  ~ $7.91 ,$14.16 ,N/A,0.06%,N/A,N/A
Pets (Legacy),Interior Decorating,United States,"2,128",$6.33  ~ $6.83 ,$5.32 ,$29.86 ,0.13%,N/A,N/A
Pets (Legacy),Mutual Funds,United States,"1,805",$7.71  ~ $8.18 ,$8.33 ,$87.48 ,0.09%,N/A,N/A
Pets (Legacy),Mutual Funds,Canada,1,$22.35  ~ $22.85 ,$16.65 ,$33.22 ,0.13%,N/A,N/A
Pets (Legacy),Style & Fashion,United States,91,$4.18  ~ $7.89 ,$2.73 ,$8.50 ,0.29%,N/A,N/A
Pets (Legacy),Roleplaying Games,United States,12,$2.06  ~ $5.02 ,N/A,N/A,N/A,N/A,N/A
Pets (Legacy),Homework/Study Tips,United States,3,$2.28  ~ $4.99 ,N/A,N/A,N/A,N/A,N/A
Pets (Legacy),Dermatology,United States,13,$6.43  ~ $6.60 ,$1.89 ,N/A,0.35%,N/A,N/A
Pets (Legacy),Dermatology,Canada,2,$2.37  ~ $5.43 ,N/A,N/A,N/A,N/A,N/A
Pets (Legacy),Accessories,United States,"2,384",$12.34  ~ $14.68 ,$6.48 ,N/A,0.19%,N/A,N/A
Pets (Legacy),Senior Living,Canada,10,$3.49  ~ $6.83 ,$1.02 ,N/A,0.34%,N/A,N/A
Pets (Legacy),Senior Living,United States,318,$6.83  ~ $6.90 ,$7.67 ,$36.09 ,0.09%,N/A,N/A
Pets (Legacy),Senior Living,United Kingdom,15,$6.28  ~ $7.01 ,$10.77 ,N/A,0.07%,N/A,N/A
Pets (Legacy),Computer Networking,United States,433,$2.36  ~ $5.79 ,$1.25 ,$9.65 ,0.19%,N/A,N/A
Pets (Legacy),Air Travel,United States,"3,012",$5.57  ~ $5.66 ,$4.93 ,$38.23 ,0.11%,N/A,N/A
Pets (Legacy),Air Travel,United Kingdom,21,$6.90  ~ $13.86 ,N/A,N/A,N/A,N/A,N/A
Pets (Legacy),Air Travel,Canada,2,$6.58  ~ $6.64 ,$2.90 ,N/A,0.23%,N/A,N/A
Pets (Legacy),Buying/Selling Homes,Canada,417,$4.65  ~ $6.57 ,$5.11 ,$46.37 ,0.09%,N/A,N/A
Pets (Legacy),Buying/Selling Homes,United Kingdom,147,$6.11  ~ $7.51 ,$18.97 ,$72.34 ,0.03%,N/A,N/A
Pets (Legacy),Buying/Selling Homes,United States,"1,448",$6.53  ~ $7.76 ,$6.65 ,$77.66 ,0.10%,N/A,N/A
Pets (Legacy),Physical Therapy,United Kingdom,17,$6.54  ~ $6.54 ,$7.91 ,N/A,0.08%,N/A,N/A
Pets (Legacy),Physical Therapy,United States,73,$10.59  ~ $19.70 ,$3.45 ,N/A,0.31%,N/A,N/A
Pets (Legacy),Physical Therapy,Canada,2,$2.66  ~ $5.41 ,N/A,N/A,N/A,N/A,N/A
Pets (Legacy),Off-Road Vehicles,United States,50,$8.12  ~ $20.63 ,$6.51 ,N/A,0.12%,N/A,N/A
Pets (Legacy),Off-Road Vehicles,Canada,2,$5.71  ~ $13.31 ,N/A,N/A,N/A,N/A,N/A
Pets (Legacy),Financial Aid,United States,66,$7.77  ~ $8.17 ,N/A,N/A,N/A,N/A,N/A
Pets (Legacy),K-6 Educators,United States,223,$8.84  ~ $10.12 ,$6.02 ,N/A,0.15%,N/A,N/A
Pets (Legacy),K-6 Educators,Canada,1,$3.39  ~ $12.53 ,N/A,N/A,N/A,N/A,N/A
Pets (Legacy),Daycare/Pre School,United States,20,$2.01  ~ $3.42 ,$0.78 ,N/A,0.44%,N/A,N/A
Pets (Legacy),Job Search,Canada,2,$4.35  ~ $4.66 ,N/A,N/A,N/A,N/A,N/A
Pets (Legacy),Job Search,United States,"1,797",$8.37  ~ $8.44 ,$7.44 ,$51.62 ,0.11%,N/A,N/A
Pets (Legacy),Alternative Medicine,United States,115,$8.32  ~ $12.62 ,$18.53 ,N/A,0.07%,N/A,N/A
Pets (Legacy),Alternative Medicine,Canada,4,$1.55  ~ $1.91 ,$1.04 ,N/A,0.18%,N/A,N/A
Pets (Legacy),Sexuality,United States,"2,779",$5.76  ~ $6.87 ,$10.72 ,N/A,0.05%,N/A,N/A
Pets (Legacy),Sexuality,Canada,1,$2.79  ~ $6.06 ,N/A,N/A,N/A,N/A,N/A
Pets (Legacy),Home Theater,United States,1,$2.28  ~ $5.52 ,N/A,N/A,N/A,N/A,N/A
Pets (Legacy),Adventure Travel,United States,744,$2.85  ~ $14.44 ,$4.17 ,$20.46 ,0.07%,N/A,N/A
Pets (Legacy),Arts & Entertainment,Canada,217,$5.03  ~ $7.68 ,$2.66 ,N/A,0.19%,N/A,N/A
Pets (Legacy),Arts & Entertainment,United States,"2,660",$6.70  ~ $6.93 ,$5.86 ,$40.05 ,0.11%,N/A,N/A
Pets (Legacy),Arts & Entertainment,United Kingdom,124,$6.23  ~ $8.12 ,$14.78 ,N/A,0.04%,N/A,N/A
Pets (Legacy),Theme Parks,Canada,69,$4.97  ~ $11.68 ,$5.72 ,$17.15 ,0.09%,N/A,N/A
Pets (Legacy),Theme Parks,United States,10,$4.55  ~ $4.55 ,$3.73 ,N/A,0.12%,N/A,N/A
Pets (Legacy),Environmental Safety,United States,86,$7.81  ~ $8.17 ,$44.47 ,N/A,0.02%,N/A,N/A
Pets (Legacy),Entertaining,United States,125,$2.73  ~ $5.12 ,$1.54 ,N/A,0.18%,N/A,N/A
Pets (Legacy),Video & Computer Games,United States,12,$0.00  ~ $2.65 ,N/A,N/A,N/A,N/A,N/A
Pets (Legacy),Entertainment,United States,18,$11.24  ~ $23.57 ,N/A,N/A,N/A,N/A,N/A
Pets (Legacy),Entertainment,Mexico,3,$0.99  ~ $2.14 ,$2.63 ,N/A,0.04%,N/A,N/A
Pets (Legacy),Arthritis,United States,3,$5.51  ~ $5.65 ,$13.69 ,$13.69 ,0.04%,N/A,N/A
Pets (Legacy),Insurance,Canada,64,$6.54  ~ $16.14 ,$4.61 ,N/A,0.14%,N/A,N/A
Pets (Legacy),Insurance,United States,"4,621",$8.19  ~ $8.44 ,$4.45 ,$83.61 ,0.18%,N/A,N/A
Pets (Legacy),Insurance,United Kingdom,185,$4.91  ~ $5.36 ,$7.14 ,$55.70 ,0.08%,N/A,N/A
Pets (Legacy),Pro Basketball,United Kingdom,22,$6.81  ~ $8.18 ,$37.27 ,N/A,0.02%,N/A,N/A
Pets (Legacy),Pro Basketball,Canada,44,$3.63  ~ $14.30 ,N/A,N/A,N/A,N/A,N/A
Pets (Legacy),Pro Basketball,United States,211,$7.39  ~ $8.38 ,$10.03 ,N/A,0.07%,N/A,N/A
Pets (Legacy),Human Resources,United Kingdom,183,$5.09  ~ $10.90 ,$7.21 ,$113.44 ,0.07%,N/A,N/A
Pets (Legacy),Human Resources,Mexico,181,$1.78  ~ $2.21 ,$1.27 ,N/A,0.17%,N/A,N/A
Pets (Legacy),Human Resources,United States,"2,260",$8.99  ~ $10.69 ,$9.35 ,$39.89 ,0.10%,N/A,N/A
Pets (Legacy),Human Resources,Canada,94,$5.99  ~ $7.28 ,$6.31 ,N/A,0.12%,N/A,N/A
Pets (Legacy),Psychology/Psychiatry,United States,"7,506",$6.13  ~ $8.02 ,$7.96 ,$70.15 ,0.10%,N/A,N/A
Pets (Legacy),Psychology/Psychiatry,Canada,15,$5.58  ~ $5.94 ,N/A,N/A,N/A,N/A,N/A
Pets (Legacy),Psychology/Psychiatry,United Kingdom,191,$7.84  ~ $8.22 ,$20.04 ,N/A,0.04%,N/A,N/A
Pets (Legacy),Forestry,United States,9,$7.00  ~ $16.67 ,N/A,N/A,N/A,N/A,N/A
Pets (Legacy),Fashion,United States,6,$8.19  ~ $19.88 ,$11.06 ,N/A,0.07%,N/A,N/A
Pets (Legacy),Trucks & Accessories,United States,794,$5.08  ~ $5.23 ,$10.61 ,$31.41 ,0.05%,N/A,N/A
Pets (Legacy),Graduate School,Canada,66,$5.43  ~ $12.53 ,N/A,N/A,N/A,N/A,N/A
Pets (Legacy),Graduate School,United States,"1,964",$7.71  ~ $8.55 ,$5.56 ,$93.37 ,0.14%,N/A,N/A
Pets (Legacy),Graduate School,United Kingdom,29,$5.83  ~ $8.30 ,$14.38 ,N/A,0.06%,N/A,N/A
Pets (Legacy),Pediatrics,United States,198,$10.06  ~ $31.38 ,$11.06 ,N/A,0.09%,N/A,N/A
Pets (Legacy),Desserts & Baking,Canada,1,$2.10  ~ $4.92 ,N/A,N/A,N/A,N/A,N/A
Pets (Legacy),Desserts & Baking,United States,178,$4.35  ~ $10.76 ,N/A,N/A,N/A,N/A,N/A
Pets (Legacy),Remodeling & Construction,Canada,10,$2.12  ~ $5.10 ,$1.70 ,N/A,0.12%,N/A,N/A
Pets (Legacy),Remodeling & Construction,United States,"5,634",$4.03  ~ $4.74 ,$4.33 ,$28.90 ,0.11%,N/A,N/A
Pets (Legacy),Cold & Flu,United States,676,$5.99  ~ $9.94 ,$2.24 ,N/A,0.44%,N/A,N/A
Pets (Legacy),Cold & Flu,Canada,4,$2.08  ~ $4.48 ,N/A,N/A,N/A,N/A,N/A
Pets (Legacy),Cold & Flu,United Kingdom,39,$9.83  ~ $20.33 ,$16.49 ,N/A,0.06%,N/A,N/A
Pets (Legacy),Babies & Toddlers,United States,25,$9.25  ~ $10.74 ,$8.50 ,$33.97 ,0.11%,N/A,N/A
Pets (Legacy),Catholicism,United States,36,$6.40  ~ $8.60 ,$3.59 ,$13.13 ,0.24%,N/A,N/A
Pets (Legacy),Buying/Selling Cars,Canada,58,$5.31  ~ $5.96 ,$8.07 ,N/A,0.07%,N/A,N/A
Pets (Legacy),Buying/Selling Cars,United States,"1,080",$6.53  ~ $6.73 ,$6.80 ,$104.26 ,0.10%,N/A,N/A
Pets (Legacy),Buying/Selling Cars,United Kingdom,26,$7.61  ~ $16.53 ,$19.20 ,N/A,0.09%,N/A,N/A
Pets (Legacy),Cocktails/Beer,United Kingdom,9,$0.00  ~ $0.00 ,N/A,N/A,N/A,N/A,N/A
Real Estate (Legacy),Shopping,United Kingdom,"11,399",$7.11  ~ $7.29 ,$10.38 ,$85.23 ,0.07%,N/A,N/A
Real Estate (Legacy),Shopping,United States,"6,916",$3.42  ~ $7.17 ,$5.31 ,$29.45 ,0.06%,N/A,N/A
Real Estate (Legacy),Shopping,Canada,354,$1.80  ~ $2.60 ,$5.73 ,$16.97 ,0.03%,N/A,N/A
Real Estate (Legacy),Veterinary Medicine,United States,19,$5.30  ~ $11.36 ,$5.17 ,$6.77 ,0.10%,N/A,N/A
Real Estate (Legacy),Veterinary Medicine,Canada,3,$2.28  ~ $5.02 ,N/A,N/A,N/A,N/A,N/A
Real Estate (Legacy),Veterinary Medicine,United Kingdom,18,$0.00  ~ $0.00 ,N/A,N/A,N/A,N/A,N/A
Real Estate (Legacy),Retirement Planning,Canada,1,$3.77  ~ $8.33 ,N/A,N/A,N/A,N/A,N/A
Real Estate (Legacy),Retirement Planning,United States,24,$8.28  ~ $16.79 ,$14.71 ,N/A,0.11%,N/A,N/A
Real Estate (Legacy),Retirement Planning,United Kingdom,10,$5.73  ~ $12.73 ,N/A,N/A,N/A,N/A,N/A
Real Estate (Legacy),Government,United States,234,$7.97  ~ $8.64 ,$10.39 ,N/A,0.08%,N/A,N/A
Real Estate (Legacy),Education,United States,"3,542",$7.56  ~ $7.80 ,$10.48 ,$89.16 ,0.07%,N/A,N/A
Real Estate (Legacy),Education,Canada,128,$7.92  ~ $9.94 ,$46.53 ,N/A,0.02%,N/A,N/A
Real Estate (Legacy),Education,United Kingdom,"41,540",$5.21  ~ $9.69 ,$15.08 ,$432.90 ,0.03%,N/A,N/A
Real Estate (Legacy),Investors & Patents,United States,"3,101",$7.19  ~ $8.32 ,$7.01 ,$53.10 ,0.12%,N/A,N/A
Real Estate (Legacy),Investors & Patents,Canada,635,$5.88  ~ $6.22 ,$14.23 ,N/A,0.04%,N/A,N/A
Real Estate (Legacy),Investors & Patents,United Kingdom,433,$6.78  ~ $7.69 ,$62.08 ,N/A,0.01%,N/A,N/A
Real Estate (Legacy),Books & Literature,United States,11,$6.69  ~ $9.96 ,N/A,N/A,N/A,N/A,N/A
Real Estate (Legacy),Chronic Pain,United States,13,$12.56  ~ $12.79 ,$16.29 ,N/A,0.08%,N/A,N/A
Real Estate (Legacy),Logistics,United States,"4,624",$9.26  ~ $9.82 ,$12.09 ,$92.51 ,0.08%,N/A,N/A
Real Estate (Legacy),Logistics,Canada,"1,042",$6.04  ~ $6.57 ,$5.07 ,$19.37 ,0.13%,N/A,N/A
Real Estate (Legacy),Logistics,United Kingdom,"1,863",$5.77  ~ $7.99 ,$12.19 ,N/A,0.07%,N/A,N/A
Real Estate (Legacy),Logistics,Ireland,1,$9.85  ~ $12.78 ,N/A,N/A,N/A,N/A,N/A
Real Estate (Legacy),Logistics,Mexico,1,$2.13  ~ $6.22 ,$3.89 ,N/A,0.16%,N/A,N/A
Real Estate (Legacy),Gardening,United States,"3,792",$4.71  ~ $7.12 ,$5.89 ,$46.73 ,0.08%,N/A,N/A
Real Estate (Legacy),Gardening,Canada,"1,408",$2.25  ~ $4.72 ,$7.13 ,$15.36 ,0.07%,N/A,N/A
Real Estate (Legacy),Gardening,United Kingdom,58,$0.00  ~ $4.50 ,$24.99 ,N/A,0.02%,N/A,N/A
Real Estate (Legacy),Interior Decorating,United States,"3,398",$6.73  ~ $7.43 ,$7.58 ,$55.13 ,0.10%,N/A,N/A
Real Estate (Legacy),Interior Decorating,United Kingdom,"19,084",$4.51  ~ $4.85 ,$23.06 ,$112.71 ,0.02%,N/A,N/A
Real Estate (Legacy),Interior Decorating,Canada,"1,240",$3.93  ~ $8.15 ,$10.01 ,$50.75 ,0.08%,N/A,N/A
Real Estate (Legacy),Senior Living,Canada,125,$3.18  ~ $6.78 ,$8.18 ,N/A,0.04%,N/A,N/A
Real Estate (Legacy),Senior Living,United States,309,$6.56  ~ $6.93 ,$11.48 ,$116.60 ,0.06%,N/A,N/A
Real Estate (Legacy),Senior Living,United Kingdom,"1,211",$7.14  ~ $8.52 ,$30.30 ,N/A,0.03%,N/A,N/A
Real Estate (Legacy),Dogs,United States,898,$3.59  ~ $4.80 ,$4.86 ,$25.15 ,0.07%,N/A,N/A
Real Estate (Legacy),Dogs,United Kingdom,"2,286",$10.78  ~ $10.78 ,$57.38 ,N/A,0.02%,N/A,N/A
Real Estate (Legacy),Dogs,Canada,42,$2.14  ~ $4.65 ,N/A,N/A,N/A,N/A,N/A
Real Estate (Legacy),Homework/Study Tips,United States,13,$2.16  ~ $4.90 ,N/A,N/A,N/A,N/A,N/A
Real Estate (Legacy),Honeymoons/Getaways,United Kingdom,"2,367",$6.88  ~ $8.21 ,$16.76 ,$155.67 ,0.05%,N/A,N/A
Real Estate (Legacy),Honeymoons/Getaways,United States,552,$8.81  ~ $9.91 ,$7.57 ,$50.83 ,0.12%,N/A,N/A
Real Estate (Legacy),Honeymoons/Getaways,Canada,170,$10.33  ~ $10.39 ,$17.39 ,N/A,0.06%,N/A,N/A
Real Estate (Legacy),Dental Care,Canada,45,$2.24  ~ $5.09 ,$1.90 ,N/A,0.12%,N/A,N/A
Real Estate (Legacy),Dental Care,United Kingdom,14,$16.55  ~ $35.69 ,N/A,N/A,N/A,N/A,N/A
Real Estate (Legacy),Dental Care,United States,152,$3.07  ~ $3.38 ,$13.47 ,N/A,0.03%,N/A,N/A
Real Estate (Legacy),Physical Therapy,Canada,145,$2.94  ~ $5.88 ,N/A,N/A,N/A,N/A,N/A
Real Estate (Legacy),Physical Therapy,United Kingdom,491,$6.70  ~ $6.70 ,$16.66 ,N/A,0.04%,N/A,N/A
Real Estate (Legacy),Physical Therapy,United States,83,$10.74  ~ $15.53 ,$5.95 ,N/A,0.18%,N/A,N/A
Real Estate (Legacy),Weddings,United States,41,$6.30  ~ $6.57 ,$5.35 ,N/A,0.12%,N/A,N/A
Real Estate (Legacy),Weddings,Canada,2,$2.07  ~ $4.98 ,N/A,N/A,N/A,N/A,N/A
Real Estate (Legacy),Motorcycles,United States,"2,077",$4.57  ~ $8.09 ,$5.18 ,$32.73 ,0.09%,N/A,N/A
Real Estate (Legacy),Motorcycles,Canada,100,$4.89  ~ $10.78 ,$7.27 ,$29.10 ,0.07%,N/A,N/A
Real Estate (Legacy),Entertaining,United States,133,$3.03  ~ $5.34 ,$2.39 ,N/A,0.13%,N/A,N/A
Real Estate (Legacy),Alternative Religions,United States,71,$8.12  ~ $8.12 ,$7.20 ,N/A,0.11%,N/A,N/A
Real Estate (Legacy),Alternative Religions,United Kingdom,4,$5.78  ~ $14.30 ,$3.54 ,N/A,0.16%,N/A,N/A
Real Estate (Legacy),Jewelry,Canada,396,$4.18  ~ $4.22 ,$2.65 ,$14.02 ,0.16%,N/A,N/A
Real Estate (Legacy),Jewelry,United States,"18,711",$1.81  ~ $8.08 ,$0.64 ,$9.65 ,0.28%,N/A,N/A
Real Estate (Legacy),Green Solutions,Canada,"3,257",$4.29  ~ $5.20 ,$8.01 ,$83.16 ,0.06%,N/A,N/A
Real Estate (Legacy),Green Solutions,United States,"2,278",$7.06  ~ $7.46 ,$7.29 ,$93.37 ,0.10%,N/A,N/A
Real Estate (Legacy),Green Solutions,United Kingdom,217,$6.56  ~ $7.40 ,$4.26 ,N/A,0.15%,N/A,N/A
Real Estate (Legacy),Card Games,United States,"1,256",$11.64  ~ $17.01 ,$10.98 ,$74.85 ,0.11%,N/A,N/A
Real Estate (Legacy),Card Games,Canada,"3,049",$5.94  ~ $6.84 ,$11.23 ,$82.40 ,0.05%,N/A,N/A
Real Estate (Legacy),Card Games,United Kingdom,"2,071",$6.70  ~ $7.60 ,$8.83 ,$417.37 ,0.08%,N/A,N/A
Real Estate (Legacy),Television,United Kingdom,"3,057",$7.17  ~ $7.25 ,$4.86 ,$81.30 ,0.15%,N/A,N/A
Real Estate (Legacy),Swimming,United States,36,$2.16  ~ $8.33 ,$29.61 ,N/A,0.03%,N/A,N/A
Real Estate (Legacy),Stamps & Coins,United States,15,$5.03  ~ $10.13 ,$1.16 ,N/A,0.43%,N/A,N/A
Real Estate (Legacy),Personal Finance,Canada,585,$5.35  ~ $5.86 ,$11.53 ,$157.75 ,0.05%,N/A,N/A
Real Estate (Legacy),Personal Finance,United Kingdom,"13,230",$5.90  ~ $7.61 ,$14.80 ,$153.51 ,0.04%,N/A,N/A
Real Estate (Legacy),Personal Finance,Ireland,582,$7.20  ~ $7.21 ,$9.83 ,N/A,0.07%,N/A,N/A
Real Estate (Legacy),Personal Finance,United States,"17,407",$5.97  ~ $7.03 ,$7.48 ,$81.92 ,0.09%,N/A,N/A
Real Estate (Legacy),Internet Technology,United States,471,$8.00  ~ $8.69 ,$8.63 ,$58.53 ,0.10%,N/A,N/A
Real Estate (Legacy),Internet Technology,United Kingdom,"4,078",$6.39  ~ $6.68 ,$41.77 ,$320.25 ,0.02%,N/A,N/A
Real Estate (Legacy),Wine,United States,52,$8.15  ~ $9.88 ,$13.37 ,$179.82 ,0.07%,N/A,N/A
Real Estate (Legacy),Wine,Ireland,4,$5.32  ~ $12.01 ,$3.16 ,N/A,0.17%,N/A,N/A
Real Estate (Legacy),Graduate School,Canada,152,$5.22  ~ $13.02 ,N/A,N/A,N/A,N/A,N/A
Real Estate (Legacy),Graduate School,United States,"2,753",$8.07  ~ $8.64 ,$4.84 ,$25.24 ,0.17%,N/A,N/A
Real Estate (Legacy),Graduate School,United Kingdom,"10,070",$5.88  ~ $10.13 ,$56.18 ,N/A,0.02%,N/A,N/A
Real Estate (Legacy),Marketing,United States,31,$6.86  ~ $8.27 ,$9.58 ,$64.01 ,0.09%,N/A,N/A
Real Estate (Legacy),Marketing,Canada,"1,336",$2.51  ~ $5.80 ,$3.50 ,$33.63 ,0.07%,N/A,N/A
Real Estate (Legacy),Computer Networking,United States,612,$2.66  ~ $5.77 ,$1.48 ,$15.98 ,0.18%,N/A,N/A
Real Estate (Legacy),Computer Peripherals,United States,"1,516",$7.64  ~ $12.69 ,$9.09 ,$180.71 ,0.14%,N/A,N/A
Real Estate (Legacy),Computer Peripherals,Canada,235,$3.00  ~ $4.66 ,$13.74 ,$74.21 ,0.03%,N/A,N/A
Real Estate (Legacy),Computer Peripherals,United Kingdom,569,$13.49  ~ $13.56 ,$5.79 ,N/A,0.23%,N/A,N/A
Real Estate (Legacy),Advertising,Canada,"2,069",$7.41  ~ $8.02 ,$5.34 ,$66.11 ,0.14%,N/A,N/A
Real Estate (Legacy),Advertising,United Kingdom,"4,873",$8.05  ~ $9.24 ,$23.68 ,$277.10 ,0.04%,N/A,N/A
Real Estate (Legacy),Advertising,United States,"4,484",$9.42  ~ $9.61 ,$10.99 ,$115.73 ,0.09%,N/A,N/A
Real Estate (Legacy),Advertising,Ireland,1,$9.68  ~ $9.99 ,$4.38 ,N/A,0.22%,N/A,N/A
Real Estate (Legacy),Remodeling & Construction,United States,"8,552",$4.68  ~ $5.41 ,$6.62 ,$33.43 ,0.08%,N/A,N/A
Real Estate (Legacy),Remodeling & Construction,Canada,184,$2.39  ~ $5.12 ,$2.37 ,N/A,0.10%,N/A,N/A
Real Estate (Legacy),Certified Pre-Owned,United Kingdom,52,$27.88  ~ $27.88 ,$21.28 ,N/A,0.13%,N/A,N/A
Real Estate (Legacy),Certified Pre-Owned,United States,8,$11.90  ~ $13.71 ,N/A,N/A,N/A,N/A,N/A
Real Estate (Legacy),Arts & Entertainment,Canada,204,$4.09  ~ $6.10 ,$4.51 ,$22.79 ,0.09%,N/A,N/A
Real Estate (Legacy),Arts & Entertainment,United States,"3,069",$5.95  ~ $7.23 ,$8.72 ,$40.95 ,0.07%,N/A,N/A
Real Estate (Legacy),Arts & Entertainment,United Kingdom,"11,635",$4.25  ~ $8.02 ,$11.25 ,$142.14 ,0.04%,N/A,N/A
Real Estate (Legacy),Business Software,Canada,730,$8.60  ~ $9.20 ,$8.62 ,$71.48 ,0.11%,N/A,N/A
Real Estate (Legacy),Business Software,United Kingdom,"27,973",$6.91  ~ $10.47 ,$29.95 ,$424.82 ,0.03%,N/A,N/A
Real Estate (Legacy),Business Software,Ireland,6,$9.31  ~ $10.42 ,$6.97 ,N/A,0.13%,N/A,N/A
Real Estate (Legacy),Business Software,United States,"4,459",$9.50  ~ $9.55 ,$10.72 ,$91.81 ,0.09%,N/A,N/A
Real Estate (Legacy),Construction,United States,558,$5.82  ~ $7.91 ,$1.78 ,$61.00 ,0.33%,N/A,N/A
Real Estate (Legacy),Construction,Canada,554,$5.73  ~ $12.15 ,$6.33 ,$16.61 ,0.09%,N/A,N/A
Real Estate (Legacy),Construction,United Kingdom,"1,805",$7.21  ~ $9.16 ,$0.97 ,N/A,0.74%,N/A,N/A
Real Estate (Legacy),Desserts & Baking,United States,44,$4.82  ~ $10.75 ,$15.38 ,N/A,0.03%,N/A,N/A
Real Estate (Legacy),Desserts & Baking,Canada,7,$2.20  ~ $5.32 ,N/A,N/A,N/A,N/A,N/A
Real Estate (Legacy),Martial Arts,Canada,8,$2.14  ~ $4.84 ,N/A,N/A,N/A,N/A,N/A
Real Estate (Legacy),Martial Arts,United States,2,$2.66  ~ $6.49 ,$1.03 ,N/A,0.26%,N/A,N/A
Real Estate (Legacy),Arts & Crafts,United States,"1,634",$3.12  ~ $6.97 ,$2.11 ,$104.33 ,0.15%,N/A,N/A
Real Estate (Legacy),Job Search,United States,"1,445",$8.73  ~ $8.81 ,$13.18 ,$87.76 ,0.07%,N/A,N/A
Real Estate (Legacy),Job Search,Canada,2,$4.01  ~ $4.83 ,N/A,N/A,N/A,N/A,N/A
Real Estate (Legacy),Job Search,United Kingdom,89,$7.07  ~ $15.21 ,$10.05 ,N/A,0.07%,N/A,N/A
Real Estate (Legacy),Sexuality,Canada,10,$2.79  ~ $5.72 ,N/A,N/A,N/A,N/A,N/A
Real Estate (Legacy),Sexuality,United States,"5,502",$6.70  ~ $6.88 ,$2.96 ,$45.29 ,0.23%,N/A,N/A
Real Estate (Legacy),Birdwatching,Canada,109,$10.44  ~ $22.35 ,$11.57 ,N/A,0.09%,N/A,N/A
Real Estate (Legacy),Birdwatching,United States,125,$4.80  ~ $8.10 ,$7.30 ,$67.57 ,0.11%,N/A,N/A
Real Estate (Legacy),Hotels,Canada,118,$4.21  ~ $4.79 ,$0.71 ,$39.21 ,0.59%,N/A,N/A
Real Estate (Legacy),Hotels,United Kingdom,"4,636",$5.60  ~ $6.03 ,$23.64 ,$208.03 ,0.03%,N/A,N/A
Real Estate (Legacy),Hotels,United States,"2,630",$6.09  ~ $7.20 ,$10.20 ,$58.76 ,0.07%,N/A,N/A
Real Estate (Legacy),Entertainment,Mexico,1,$5.55  ~ $11.54 ,N/A,N/A,N/A,N/A,N/A
Real Estate (Legacy),Entertainment,United States,25,$10.08  ~ $21.49 ,$7.61 ,N/A,0.13%,N/A,N/A
Real Estate (Legacy),Financial Aid,United States,53,$7.61  ~ $7.98 ,$22.61 ,N/A,0.03%,N/A,N/A
Real Estate (Legacy),Buying/Selling Homes,Canada,"2,032",$4.61  ~ $6.49 ,$4.99 ,$14.16 ,0.09%,N/A,N/A
Real Estate (Legacy),Buying/Selling Homes,United Kingdom,"44,828",$7.04  ~ $8.17 ,$19.79 ,$472.09 ,0.04%,N/A,N/A
Real Estate (Legacy),Buying/Selling Homes,United States,"2,220",$6.77  ~ $8.08 ,$6.37 ,$44.52 ,0.11%,N/A,N/A
Real Estate (Legacy),Parenting - K-6 Kids,United States,56,$1.57  ~ $2.01 ,$28.21 ,N/A,0.01%,N/A,N/A
Real Estate (Legacy),Health & Fitness,Canada,"2,379",$5.69  ~ $6.66 ,$2.83 ,$188.70 ,0.20%,N/A,N/A
Real Estate (Legacy),Health & Fitness,United States,"24,804",$8.44  ~ $8.78 ,$6.92 ,$61.48 ,0.12%,N/A,N/A
Real Estate (Legacy),Health & Fitness,United Kingdom,"55,388",$6.23  ~ $6.79 ,$10.56 ,$154.01 ,0.06%,N/A,N/A
Real Estate (Legacy),Pediatrics,United States,98,$9.20  ~ $34.45 ,$12.03 ,N/A,0.08%,N/A,N/A
Real Estate (Legacy),Cameras & Camcorders,Canada,9,$3.39  ~ $7.88 ,N/A,N/A,N/A,N/A,N/A
Real Estate (Legacy),Beauty,Canada,158,$2.10  ~ $2.35 ,$0.82 ,N/A,0.26%,N/A,N/A
Real Estate (Legacy),Beauty,United States,679,$8.16  ~ $9.66 ,$14.81 ,$48.14 ,0.07%,N/A,N/A
Real Estate (Legacy),Beauty,United Kingdom,"3,219",$7.06  ~ $7.44 ,$11.05 ,$65.94 ,0.07%,N/A,N/A
Real Estate (Legacy),Pets,United States,724,$8.29  ~ $8.57 ,$9.81 ,$64.13 ,0.08%,N/A,N/A
Real Estate (Legacy),Pets,Canada,35,$8.26  ~ $8.33 ,$15.54 ,$240.18 ,0.05%,N/A,N/A
Real Estate (Legacy),Pets,United Kingdom,7,$9.46  ~ $18.93 ,N/A,N/A,N/A,N/A,N/A
Real Estate (Legacy),Home Repair,Canada,645,$4.85  ~ $5.12 ,$4.82 ,$31.17 ,0.10%,N/A,N/A
Real Estate (Legacy),Home Repair,United States,"3,127",$7.31  ~ $8.29 ,$7.09 ,$74.83 ,0.10%,N/A,N/A
Real Estate (Legacy),Home Repair,United Kingdom,760,$8.30  ~ $8.70 ,$11.93 ,N/A,0.07%,N/A,N/A
Real Estate (Legacy),Politics,United States,"4,797",$12.10  ~ $12.49 ,$15.80 ,$54.01 ,0.08%,N/A,N/A
Real Estate (Legacy),Politics,Canada,10,$8.86  ~ $10.84 ,$10.06 ,$41.73 ,0.09%,N/A,N/A
Real Estate (Legacy),Antivirus Software,Canada,96,$8.70  ~ $8.70 ,$10.88 ,N/A,0.08%,N/A,N/A
Real Estate (Legacy),Antivirus Software,United States,499,$8.85  ~ $8.85 ,$6.43 ,$42.86 ,0.14%,N/A,N/A
Real Estate (Legacy),Allergies,United Kingdom,280,$3.26  ~ $6.67 ,N/A,N/A,N/A,N/A,N/A
Real Estate (Legacy),Allergies,Canada,141,$4.78  ~ $10.91 ,$2.71 ,N/A,0.18%,N/A,N/A
Real Estate (Legacy),Weight Loss,United States,83,$3.97  ~ $4.01 ,$9.64 ,N/A,0.04%,N/A,N/A
Real Estate (Legacy),Weight Loss,United Kingdom,"19,632",$8.21  ~ $8.25 ,$37.57 ,N/A,0.02%,N/A,N/A
Real Estate (Legacy),Tax Planning,United States,21,$9.26  ~ $9.84 ,$17.07 ,N/A,0.05%,N/A,N/A
Real Estate (Legacy),Incest/Abuse Support,United States,743,$6.45  ~ $9.43 ,$7.62 ,$80.16 ,0.08%,N/A,N/A
Real Estate (Legacy),Incest/Abuse Support,Canada,72,$5.68  ~ $7.30 ,$9.45 ,N/A,0.06%,N/A,N/A
Real Estate (Legacy),Net Conferencing,Canada,38,$6.28  ~ $13.13 ,$6.90 ,N/A,0.09%,N/A,N/A
Real Estate (Legacy),Net Conferencing,United States,57,$11.97  ~ $53.40 ,$104.95 ,N/A,0.01%,N/A,N/A
Real Estate (Legacy),Net Conferencing,United Kingdom,9,$6.90  ~ $16.02 ,N/A,N/A,N/A,N/A,N/A
Real Estate (Legacy),Off-Road Vehicles,United States,34,$7.66  ~ $20.37 ,$17.45 ,$92.93 ,0.04%,N/A,N/A
Real Estate (Legacy),Off-Road Vehicles,Canada,38,$6.68  ~ $15.38 ,$3.82 ,N/A,0.17%,N/A,N/A
Real Estate (Legacy),Off-Road Vehicles,United Kingdom,71,$8.33  ~ $20.11 ,$10.70 ,N/A,0.08%,N/A,N/A
Real Estate (Legacy),Contests & Freebies,Canada,51,$2.06  ~ $4.45 ,N/A,N/A,N/A,N/A,N/A
Real Estate (Legacy),Contests & Freebies,United States,11,$7.47  ~ $9.59 ,$7.88 ,$2.83 ,0.09%,N/A,N/A
Real Estate (Legacy),Collecting,Canada,2,$2.10  ~ $4.45 ,N/A,N/A,N/A,N/A,N/A
Real Estate (Legacy),Collecting,United States,40,$5.30  ~ $8.43 ,$10.46 ,N/A,0.08%,N/A,N/A
Real Estate (Legacy),Cancer,United States,"1,377",$10.94  ~ $15.38 ,$22.61 ,$104.77 ,0.07%,N/A,N/A
Real Estate (Legacy),Cancer,Canada,16,$17.51  ~ $17.51 ,$6.38 ,N/A,0.27%,N/A,N/A
Real Estate (Legacy),Cuisine-Specific,United States,138,$2.28  ~ $2.28 ,$4.17 ,N/A,0.05%,N/A,N/A
Real Estate (Legacy),Mountain Biking,Canada,115,$6.49  ~ $6.67 ,$2.00 ,$17.29 ,0.32%,N/A,N/A
Real Estate (Legacy),Mountain Biking,United States,8,$6.68  ~ $6.76 ,$3.29 ,$5.40 ,0.20%,N/A,N/A
Real Estate (Legacy),U.S. Military,United States,95,$2.59  ~ $2.59 ,$4.09 ,N/A,0.06%,N/A,N/A
Real Estate (Legacy),Coffee/Tea,United States,"4,419",$4.86  ~ $7.23 ,$1.59 ,$16.77 ,0.31%,N/A,N/A
Real Estate (Legacy),Cocktails/Beer,Canada,"1,685",$7.03  ~ $7.21 ,$3.48 ,N/A,0.20%,N/A,N/A
Real Estate (Legacy),Cocktails/Beer,United States,584,$7.39  ~ $7.82 ,$4.79 ,$22.92 ,0.15%,N/A,N/A
Real Estate (Legacy),Hunting/Shooting,United States,6,$7.22  ~ $7.22 ,N/A,N/A,N/A,N/A,N/A
Real Estate (Legacy),Radio,United States,83,$5.80  ~ $6.42 ,$10.58 ,N/A,0.06%,N/A,N/A
Real Estate (Legacy),Legal Issues,Canada,"3,543",$4.94  ~ $6.00 ,$4.82 ,$31.40 ,0.12%,N/A,N/A
Real Estate (Legacy),Legal Issues,United States,"9,945",$7.78  ~ $9.40 ,$8.62 ,$72.72 ,0.09%,N/A,N/A
Real Estate (Legacy),Legal Issues,United Kingdom,"56,184",$4.99  ~ $5.02 ,$9.64 ,$120.27 ,0.05%,N/A,N/A
Real Estate (Legacy),Air Travel,United States,"3,397",$5.67  ~ $6.07 ,$5.43 ,$89.39 ,0.11%,N/A,N/A
Real Estate (Legacy),Air Travel,United Kingdom,"1,848",$6.30  ~ $13.29 ,$20.59 ,N/A,0.03%,N/A,N/A
Real Estate (Legacy),Air Travel,Canada,73,$6.44  ~ $6.63 ,$3.49 ,N/A,0.18%,N/A,N/A
Real Estate (Legacy),Real Estate,United Kingdom,"94,375",$5.50  ~ $6.87 ,$6.39 ,$50.89 ,0.09%,N/A,N/A
Real Estate (Legacy),Real Estate,United States,"3,129",$6.84  ~ $7.11 ,$3.68 ,$32.93 ,0.19%,N/A,N/A
Real Estate (Legacy),Real Estate,Canada,697,$7.11  ~ $13.67 ,$7.43 ,$49.30 ,0.10%,N/A,N/A
Real Estate (Legacy),Adult Education,United States,43,$3.43  ~ $10.36 ,$6.81 ,N/A,0.15%,N/A,N/A
Real Estate (Legacy),Adult Education,Canada,22,$4.26  ~ $6.75 ,N/A,N/A,N/A,N/A,N/A
Real Estate (Legacy),Adult Education,United Kingdom,205,$9.00  ~ $9.22 ,$4.76 ,N/A,0.19%,N/A,N/A
Real Estate (Legacy),Environmental Safety,United States,151,$7.64  ~ $7.76 ,$19.49 ,$106.88 ,0.04%,N/A,N/A
Real Estate (Legacy),Automotive,United Kingdom,253,$7.34  ~ $16.33 ,$111.81 ,N/A,0.01%,N/A,N/A
Real Estate (Legacy),Automotive,Canada,96,$8.12  ~ $9.10 ,$9.38 ,N/A,0.09%,N/A,N/A
Real Estate (Legacy),Automotive,United States,"4,511",$7.42  ~ $9.30 ,$7.84 ,$82.95 ,0.09%,N/A,N/A
Real Estate (Legacy),Couponing,Canada,654,$4.49  ~ $9.96 ,$2.88 ,N/A,0.16%,N/A,N/A
Real Estate (Legacy),Couponing,United States,"2,281",$4.48  ~ $4.54 ,$7.80 ,$38.20 ,0.06%,N/A,N/A
Real Estate (Legacy),Cigars,United States,"3,359",$7.02  ~ $7.07 ,$11.72 ,$117.82 ,0.06%,N/A,N/A
Real Estate (Legacy),Cigars,Ireland,315,$9.10  ~ $9.10 ,$16.03 ,N/A,0.06%,N/A,N/A
Real Estate (Legacy),Cigars,United Kingdom,"79,566",$5.57  ~ $11.72 ,$15.76 ,$83.28 ,0.04%,N/A,N/A
Real Estate (Legacy),Cigars,Canada,25,$3.31  ~ $4.62 ,$14.35 ,$57.68 ,0.02%,N/A,N/A
Real Estate (Legacy),Dining Out,United States,"1,601",$5.82  ~ $8.45 ,$11.04 ,$110.56 ,0.05%,N/A,N/A
Real Estate (Legacy),Dining Out,United Kingdom,415,$7.78  ~ $20.09 ,$7.97 ,$144.56 ,0.10%,N/A,N/A
Real Estate (Legacy),Dining Out,Canada,398,$6.69  ~ $7.73 ,$6.27 ,N/A,0.11%,N/A,N/A
Real Estate (Legacy),Architects,United Kingdom,102,$7.30  ~ $7.30 ,$3.02 ,N/A,0.24%,N/A,N/A
Real Estate (Legacy),Metals,United Kingdom,749,$7.90  ~ $8.42 ,$98.91 ,N/A,0.01%,N/A,N/A
Real Estate (Legacy),Metals,Canada,"1,291",$6.66  ~ $8.91 ,$8.07 ,$199.01 ,0.08%,N/A,N/A
Real Estate (Legacy),Metals,United States,"4,217",$6.11  ~ $7.71 ,$8.02 ,$51.76 ,0.10%,N/A,N/A
Real Estate (Legacy),Electric Vehicle,Canada,81,$4.56  ~ $9.76 ,$7.01 ,N/A,0.07%,N/A,N/A
Real Estate (Legacy),Business,United Kingdom,"139,232",$6.02  ~ $6.89 ,$13.04 ,$106.57 ,0.05%,N/A,N/A
Real Estate (Legacy),Business,Canada,"1,300",$5.53  ~ $8.05 ,$7.07 ,$49.56 ,0.08%,N/A,N/A
Real Estate (Legacy),Business,Ireland,1,$10.79  ~ $11.22 ,$7.20 ,N/A,0.15%,N/A,N/A
Real Estate (Legacy),Business,United States,"13,079",$7.75  ~ $7.91 ,$9.68 ,$81.95 ,0.08%,N/A,N/A
Real Estate (Legacy),Music,United Kingdom,"6,030",$4.83  ~ $5.88 ,$9.36 ,N/A,0.06%,N/A,N/A
Real Estate (Legacy),Music,United States,"5,892",$6.54  ~ $6.67 ,$11.33 ,$93.21 ,0.06%,N/A,N/A
Real Estate (Legacy),Music,Canada,"1,702",$4.50  ~ $4.70 ,$3.54 ,$66.83 ,0.13%,N/A,N/A
Real Estate (Legacy),Appliances,United States,"3,276",$8.42  ~ $8.43 ,$10.35 ,$96.93 ,0.08%,N/A,N/A
Real Estate (Legacy),Appliances,Canada,375,$7.80  ~ $8.77 ,$14.54 ,$37.40 ,0.05%,N/A,N/A
Real Estate (Legacy),Appliances,United Kingdom,715,$6.85  ~ $6.86 ,$9.22 ,N/A,0.07%,N/A,N/A
Real Estate (Legacy),Insurance,United States,"5,436",$8.72  ~ $9.27 ,$4.67 ,$96.35 ,0.19%,N/A,N/A
Real Estate (Legacy),Insurance,United Kingdom,"19,682",$5.38  ~ $5.73 ,$11.43 ,$86.23 ,0.05%,N/A,N/A
Real Estate (Legacy),Insurance,Canada,229,$6.19  ~ $7.70 ,$13.41 ,$34.73 ,0.05%,N/A,N/A
Real Estate (Legacy),Pro Basketball,Canada,103,$2.82  ~ $14.23 ,$3.93 ,$6.13 ,0.07%,N/A,N/A
Real Estate (Legacy),Pro Basketball,United States,494,$7.87  ~ $8.83 ,$7.36 ,$105.15 ,0.11%,N/A,N/A
Real Estate (Legacy),Pro Basketball,United Kingdom,"1,856",$7.23  ~ $8.18 ,$37.88 ,$288.53 ,0.02%,N/A,N/A
Real Estate (Legacy),K-6 Educators,United States,160,$8.35  ~ $9.21 ,$12.75 ,$71.50 ,0.07%,N/A,N/A
Real Estate (Legacy),K-6 Educators,United Kingdom,206,$6.86  ~ $7.09 ,$7.22 ,N/A,0.10%,N/A,N/A
Real Estate (Legacy),K-6 Educators,Canada,6,$2.79  ~ $11.25 ,N/A,N/A,N/A,N/A,N/A
Real Estate (Legacy),U.S. Government Resources,United States,13,$6.08  ~ $7.46 ,$7.34 ,N/A,0.08%,N/A,N/A
Real Estate (Legacy),Bed & Breakfasts,Canada,67,$0.41  ~ $0.41 ,$1.08 ,N/A,0.04%,N/A,N/A
Real Estate (Legacy),Bed & Breakfasts,United States,"1,809",$2.54  ~ $4.71 ,$3.54 ,$25.33 ,0.13%,N/A,N/A
Real Estate (Legacy),Bed & Breakfasts,United Kingdom,"58,266",$3.31  ~ $3.36 ,$25.43 ,N/A,0.01%,N/A,N/A
Real Estate (Legacy),"Law, Gov't & Politics",United States,61,$1.24  ~ $5.02 ,$5.74 ,N/A,0.09%,N/A,N/A
Real Estate (Legacy),"Law, Gov't & Politics",United Kingdom,12,$6.95  ~ $15.10 ,N/A,N/A,N/A,N/A,N/A
Real Estate (Legacy),Distance Learning,United States,284,$11.05  ~ $11.62 ,$18.26 ,$99.73 ,0.06%,N/A,N/A
Real Estate (Legacy),Infertility,United States,136,$4.10  ~ $6.35 ,$12.94 ,N/A,0.05%,N/A,N/A
Real Estate (Legacy),Video & Computer Games,United States,5,$0.00  ~ $3.15 ,N/A,N/A,N/A,N/A,N/A
Real Estate (Legacy),Forestry,United States,1,$6.98  ~ $16.29 ,$3.01 ,N/A,0.23%,N/A,N/A
Real Estate (Legacy),Movies,United States,29,$5.88  ~ $5.88 ,$6.45 ,N/A,0.09%,N/A,N/A
Real Estate (Legacy),Auto Parts,United States,"1,945",$6.37  ~ $6.68 ,$9.52 ,$47.82 ,0.07%,N/A,N/A
Real Estate (Legacy),Auto Parts,Canada,3,$6.30  ~ $14.61 ,$11.74 ,N/A,0.05%,N/A,N/A
Real Estate (Legacy),Auto Parts,United Kingdom,"2,718",$7.38  ~ $7.38 ,$16.00 ,$144.02 ,0.05%,N/A,N/A
Real Estate (Legacy),Buying/Selling Cars,United Kingdom,"6,288",$7.25  ~ $12.29 ,$26.68 ,$181.76 ,0.05%,N/A,N/A
Real Estate (Legacy),Buying/Selling Cars,Canada,"1,420",$5.00  ~ $6.52 ,$8.44 ,$132.36 ,0.06%,N/A,N/A
Real Estate (Legacy),Buying/Selling Cars,United States,"1,519",$6.52  ~ $6.78 ,$6.35 ,$80.76 ,0.10%,N/A,N/A
Real Estate (Legacy),Human Resources,United Kingdom,"16,932",$7.08  ~ $10.29 ,$7.57 ,$325.72 ,0.09%,N/A,N/A
Real Estate (Legacy),Human Resources,Mexico,2,$1.83  ~ $2.18 ,$1.02 ,N/A,0.21%,N/A,N/A
Real Estate (Legacy),Human Resources,United States,"2,231",$9.00  ~ $11.38 ,$11.49 ,$128.62 ,0.08%,N/A,N/A
Real Estate (Legacy),Human Resources,Canada,"2,305",$6.06  ~ $6.84 ,$9.89 ,$92.15 ,0.07%,N/A,N/A
Real Estate (Legacy),Local News,United States,14,$8.65  ~ $17.43 ,$21.19 ,N/A,0.04%,N/A,N/A
Real Estate (Legacy),Babies & Toddlers,United States,20,$9.90  ~ $10.51 ,$7.96 ,$30.67 ,0.12%,N/A,N/A
Real Estate (Legacy),Accessories,United States,488,$10.73  ~ $14.93 ,$8.80 ,N/A,0.12%,N/A,N/A
Real Estate (Legacy),Accessories,Canada,1,$2.05  ~ $4.53 ,N/A,N/A,N/A,N/A,N/A
Real Estate (Legacy),Trucks & Accessories,United States,822,$5.20  ~ $5.38 ,$5.84 ,$29.73 ,0.09%,N/A,N/A
Real Estate (Legacy),Agriculture,Canada,70,$4.47  ~ $5.49 ,$2.49 ,$9.66 ,0.18%,N/A,N/A
Real Estate (Legacy),Agriculture,United States,52,$3.75  ~ $3.78 ,$4.06 ,N/A,0.09%,N/A,N/A
Real Estate (Legacy),Dermatology,United States,26,$5.97  ~ $6.48 ,$5.46 ,N/A,0.12%,N/A,N/A
Real Estate (Legacy),Dermatology,Canada,12,$2.05  ~ $4.98 ,N/A,N/A,N/A,N/A,N/A
Real Estate (Legacy),Barbecues & Grilling,Canada,139,$5.16  ~ $12.00 ,$7.11 ,$85.29 ,0.07%,N/A,N/A
Real Estate (Legacy),Apartments,United States,149,$5.81  ~ $7.65 ,$1.89 ,$37.73 ,0.31%,N/A,N/A
Real Estate (Legacy),Apartments,Canada,708,$1.85  ~ $6.45 ,$7.82 ,$20.84 ,0.08%,N/A,N/A
Real Estate (Legacy),Apartments,United Kingdom,"213,565",$7.28  ~ $7.40 ,$9.54 ,$84.95 ,0.08%,N/A,N/A
Real Estate (Legacy),Career Planning,United States,489,$7.51  ~ $7.75 ,$9.80 ,$77.81 ,0.08%,N/A,N/A
Real Estate (Legacy),Career Planning,Canada,76,$6.68  ~ $8.25 ,N/A,N/A,N/A,N/A,N/A
Real Estate (Legacy),Career Planning,United Kingdom,61,$8.86  ~ $8.93 ,$8.71 ,N/A,0.10%,N/A,N/A
Real Estate (Legacy),Family & Parenting,United Kingdom,"35,673",$7.53  ~ $8.14 ,$26.69 ,$326.39 ,0.03%,N/A,N/A
Real Estate (Legacy),Family & Parenting,United States,789,$7.59  ~ $8.28 ,$6.04 ,$34.99 ,0.13%,N/A,N/A
Real Estate (Legacy),Family & Parenting,Canada,348,$2.68  ~ $3.74 ,$1.02 ,N/A,0.26%,N/A,N/A
Real Estate (Legacy),Psychology/Psychiatry,United States,"3,643",$6.10  ~ $7.91 ,$5.91 ,$109.35 ,0.13%,N/A,N/A
Real Estate (Legacy),Psychology/Psychiatry,Canada,112,$5.71  ~ $5.95 ,$1.65 ,N/A,0.35%,N/A,N/A
Real Estate (Legacy),Psychology/Psychiatry,United Kingdom,"1,109",$7.86  ~ $8.22 ,$7.38 ,N/A,0.11%,N/A,N/A
Real Estate (Legacy),Alternative Medicine,United States,200,$8.47  ~ $9.28 ,$14.24 ,N/A,0.07%,N/A,N/A
Real Estate (Legacy),Alternative Medicine,Canada,19,$1.25  ~ $1.70 ,N/A,N/A,N/A,N/A,N/A
Real Estate (Legacy),Alternative Medicine,United Kingdom,23,$5.46  ~ $5.46 ,N/A,N/A,N/A,N/A,N/A
Real Estate (Legacy),Investing,United Kingdom,472,$6.79  ~ $7.11 ,$8.89 ,N/A,0.08%,N/A,N/A
Real Estate (Legacy),Investing,United States,742,$6.42  ~ $6.92 ,$8.89 ,$100.11 ,0.07%,N/A,N/A
Real Estate (Legacy),Investing,Canada,1,$8.19  ~ $8.19 ,N/A,N/A,N/A,N/A,N/A
Real Estate (Legacy),Technology & Computing,Canada,904,$5.15  ~ $6.62 ,$10.67 ,N/A,0.06%,N/A,N/A
Real Estate (Legacy),Technology & Computing,United Kingdom,"8,577",$5.52  ~ $10.06 ,$20.45 ,$125.42 ,0.05%,N/A,N/A
Real Estate (Legacy),Technology & Computing,United States,965,$6.18  ~ $6.41 ,$13.48 ,$120.95 ,0.05%,N/A,N/A
Real Estate (Legacy),Credit/Debt & Loans,Canada,646,$7.18  ~ $7.86 ,$6.74 ,N/A,0.11%,N/A,N/A
Real Estate (Legacy),Credit/Debt & Loans,United States,"13,665",$5.63  ~ $6.80 ,$6.90 ,$38.92 ,0.10%,N/A,N/A
Real Estate (Legacy),Credit/Debt & Loans,United Kingdom,"7,276",$6.77  ~ $7.97 ,$20.56 ,$36.36 ,0.04%,N/A,N/A
Real Estate (Legacy),Cell Phones,United States,45,$12.04  ~ $12.04 ,$16.99 ,N/A,0.07%,N/A,N/A
Real Estate (Legacy),Adventure Travel,United States,205,$3.04  ~ $14.46 ,$3.38 ,N/A,0.09%,N/A,N/A
Real Estate (Legacy),Auto Repair,Canada,795,$5.93  ~ $6.25 ,$18.94 ,N/A,0.03%,N/A,N/A
Real Estate (Legacy),Auto Repair,United States,741,$6.58  ~ $7.47 ,$6.84 ,$71.69 ,0.11%,N/A,N/A
Real Estate (Legacy),Cruises,United Kingdom,"3,935",$5.53  ~ $5.77 ,$7.39 ,$112.06 ,0.07%,N/A,N/A
Real Estate (Legacy),Cruises,Canada,323,$4.37  ~ $6.64 ,$3.59 ,$32.23 ,0.12%,N/A,N/A
Real Estate (Legacy),Cruises,United States,787,$7.76  ~ $9.08 ,$7.84 ,$52.98 ,0.12%,N/A,N/A
Real Estate (Legacy),Theme Parks,United States,24,$5.37  ~ $5.37 ,$3.22 ,$5.21 ,0.17%,N/A,N/A
Real Estate (Legacy),Theme Parks,Canada,252,$4.97  ~ $12.24 ,$4.65 ,$55.76 ,0.11%,N/A,N/A
Real Estate (Legacy),News,United States,429,$11.78  ~ $15.96 ,$8.92 ,$142.49 ,0.13%,N/A,N/A
Real Estate (Legacy),News,Canada,2,$9.98  ~ $23.54 ,$9.13 ,N/A,0.11%,N/A,N/A
Real Estate (Legacy),Football,Canada,"2,623",$4.86  ~ $5.65 ,$7.58 ,$22.75 ,0.07%,N/A,N/A
Real Estate (Legacy),Football,United States,424,$6.15  ~ $8.60 ,$8.02 ,$69.05 ,0.08%,N/A,N/A
Real Estate (Legacy),Clothing,Canada,"1,036",$5.80  ~ $6.99 ,$1.52 ,$10.49 ,0.38%,N/A,N/A
Real Estate (Legacy),Clothing,United States,"6,006",$5.73  ~ $6.65 ,$4.59 ,$19.21 ,0.13%,N/A,N/A
Real Estate (Legacy),Clothing,Mexico,2,$3.39  ~ $3.91 ,$6.76 ,N/A,0.05%,N/A,N/A
Real Estate (Legacy),Clothing,United Kingdom,695,$3.88  ~ $7.81 ,$3.61 ,$13.54 ,0.11%,N/A,N/A
Real Estate (Legacy),Network Security,United States,5,$1.97  ~ $2.44 ,N/A,N/A,N/A,N/A,N/A
Real Estate (Legacy),Network Security,Canada,5,$2.28  ~ $5.19 ,N/A,N/A,N/A,N/A,N/A
Real Estate (Legacy),Teens,United States,2,$8.38  ~ $18.41 ,$3.84 ,N/A,0.22%,N/A,N/A
Real Estate (Legacy),Home & Garden,United Kingdom,"19,536",$6.53  ~ $6.62 ,$13.78 ,N/A,0.05%,N/A,N/A
Real Estate (Legacy),Home & Garden,United States,"6,072",$6.14  ~ $6.93 ,$7.28 ,$38.62 ,0.08%,N/A,N/A
Real Estate (Legacy),Home & Garden,Canada,"2,619",$2.90  ~ $6.27 ,$10.39 ,$825.89 ,0.06%,N/A,N/A
Real Estate (Legacy),Commentary,United States,17,$13.47  ~ $16.32 ,$19.55 ,N/A,0.08%,N/A,N/A
Real Estate (Legacy),Road-Side Assistance,United States,3,$2.56  ~ $5.90 ,N/A,N/A,N/A,N/A,N/A
Real Estate (Legacy),Road-Side Assistance,Canada,12,$2.14  ~ $4.29 ,N/A,N/A,N/A,N/A,N/A
Real Estate (Legacy),Road-Side Assistance,Mexico,1,$4.44  ~ $10.71 ,$2.69 ,N/A,0.16%,N/A,N/A
Real Estate (Legacy),Road-Side Assistance,United Kingdom,"1,066",$9.77  ~ $23.79 ,$14.10 ,N/A,0.07%,N/A,N/A
Real Estate (Legacy),Travel,United Kingdom,"31,831",$4.93  ~ $5.13 ,$10.52 ,$47.75 ,0.05%,N/A,N/A
Real Estate (Legacy),Travel,United States,"6,615",$5.11  ~ $5.40 ,$4.79 ,$39.14 ,0.11%,N/A,N/A
Real Estate (Legacy),Travel,Canada,35,$7.32  ~ $7.43 ,$27.16 ,N/A,0.03%,N/A,N/A
Real Estate (Legacy),Biotech/Biomedical,United States,"4,137",$13.71  ~ $19.02 ,$4.98 ,$643.91 ,0.28%,N/A,N/A
Real Estate (Legacy),Biotech/Biomedical,Canada,481,$6.86  ~ $7.40 ,$5.26 ,$37.57 ,0.13%,N/A,N/A
Real Estate (Legacy),Biotech/Biomedical,United Kingdom,362,$7.55  ~ $10.16 ,$19.67 ,N/A,0.05%,N/A,N/A
Real Estate (Legacy),Exercise,United States,433,$5.54  ~ $5.77 ,$11.45 ,$73.37 ,0.05%,N/A,N/A
Real Estate (Legacy),Exercise,Canada,168,$2.69  ~ $3.81 ,$3.36 ,N/A,0.08%,N/A,N/A
Real Estate (Legacy),Exercise,United Kingdom,"11,018",$4.77  ~ $7.51 ,$6.86 ,$108.99 ,0.07%,N/A,N/A
Real Estate (Legacy),Health/Lowfat Cooking,Canada,61,$2.97  ~ $11.64 ,$19.21 ,N/A,0.06%,N/A,N/A
Real Estate (Legacy),Health/Lowfat Cooking,United States,548,$8.07  ~ $9.15 ,$9.53 ,$59.07 ,0.08%,N/A,N/A
Real Estate (Legacy),Health/Lowfat Cooking,United Kingdom,"1,191",$5.57  ~ $5.68 ,$11.76 ,N/A,0.05%,N/A,N/A
Real Estate (Legacy),Daycare/Pre School,Canada,13,$2.26  ~ $5.19 ,N/A,N/A,N/A,N/A,N/A
Real Estate (Legacy),Daycare/Pre School,United States,21,$2.02  ~ $3.58 ,$1.44 ,N/A,0.25%,N/A,N/A
Real Estate (Legacy),Horse Racing,Canada,3,$6.73  ~ $13.58 ,$13.05 ,N/A,0.05%,N/A,N/A
Real Estate (Legacy),Cold & Flu,Canada,71,$2.14  ~ $5.13 ,N/A,N/A,N/A,N/A,N/A
Real Estate (Legacy),Cold & Flu,United States,391,$7.16  ~ $8.90 ,$2.45 ,N/A,0.36%,N/A,N/A
Real Estate (Legacy),Cold & Flu,United Kingdom,399,$13.02  ~ $30.93 ,N/A,N/A,N/A,N/A,N/A
Real Estate (Legacy),Catholicism,United States,14,$6.51  ~ $8.79 ,$19.53 ,N/A,0.05%,N/A,N/A
Real Estate (Legacy),Landscaping,Canada,120,$2.07  ~ $4.86 ,$2.80 ,N/A,0.07%,N/A,N/A
Real Estate (Legacy),Landscaping,United States,155,$5.31  ~ $5.84 ,$35.27 ,N/A,0.02%,N/A,N/A
Real Estate (Legacy),Style & Fashion,United States,46,$4.18  ~ $8.31 ,$5.74 ,N/A,0.14%,N/A,N/A
Real Estate (Legacy),Nutrition,United Kingdom,133,$9.65  ~ $9.65 ,$21.06 ,N/A,0.05%,N/A,N/A
Real Estate (Legacy),Nutrition,United States,479,$9.37  ~ $9.38 ,$5.86 ,$25.94 ,0.16%,N/A,N/A
Real Estate (Legacy),Nutrition,Canada,"2,585",$3.15  ~ $4.08 ,$3.05 ,$24.18 ,0.10%,N/A,N/A
Real Estate (Legacy),Food & Drink,Canada,76,$5.72  ~ $12.31 ,$10.68 ,N/A,0.05%,N/A,N/A
Real Estate (Legacy),Food & Drink,United States,"1,176",$5.13  ~ $5.57 ,$5.23 ,$35.47 ,0.11%,N/A,N/A
Real Estate (Legacy),Art/Technology,Canada,54,$6.80  ~ $7.36 ,N/A,N/A,N/A,N/A,N/A
Real Estate (Legacy),Art/Technology,United Kingdom,367,$2.33  ~ $2.33 ,$3.37 ,N/A,0.07%,N/A,N/A
Real Estate (Legacy),Art/Technology,United States,"2,302",$6.52  ~ $6.58 ,$9.85 ,N/A,0.07%,N/A,N/A
Real Estate (Legacy),Comparison,United States,3,$4.89  ~ $9.80 ,$5.45 ,N/A,0.09%,N/A,N/A
Real Estate (Legacy),Mutual Funds,United States,"2,369",$7.82  ~ $8.15 ,$11.10 ,$118.74 ,0.07%,N/A,N/A
Real Estate (Legacy),Mutual Funds,Canada,22,$19.53  ~ $20.76 ,$8.63 ,N/A,0.23%,N/A,N/A
Real Estate (Legacy),Careers,Canada,64,$3.46  ~ $3.76 ,$9.61 ,$47.61 ,0.04%,N/A,N/A
Real Estate (Legacy),Careers,United States,"1,018",$2.98  ~ $7.75 ,$7.68 ,$52.80 ,0.04%,N/A,N/A
Real Estate (Legacy),Careers,United Kingdom,"1,977",$5.25  ~ $15.76 ,$10.64 ,$20.23 ,0.05%,N/A,N/A
Real Estate (Legacy),College,Canada,307,$4.64  ~ $6.80 ,$7.30 ,$48.02 ,0.06%,N/A,N/A
Real Estate (Legacy),College,United States,"1,395",$6.48  ~ $7.91 ,$7.36 ,$82.60 ,0.11%,N/A,N/A
Real Estate (Legacy),College,United Kingdom,"7,340",$8.79  ~ $9.85 ,$20.43 ,N/A,0.05%,N/A,N/A
Real Estate (Legacy),Senor Health,Canada,115,$5.57  ~ $7.91 ,$4.38 ,N/A,0.13%,N/A,N/A
Real Estate (Legacy),Senor Health,United States,"2,138",$6.76  ~ $8.63 ,$4.43 ,$68.39 ,0.19%,N/A,N/A
Real Estate (Legacy),Senor Health,United Kingdom,134,$7.02  ~ $7.21 ,$14.69 ,$73.47 ,0.05%,N/A,N/A
Real Estate (Legacy),Camping,United States,4,$3.29  ~ $7.52 ,N/A,N/A,N/A,N/A,N/A
Real Estate (Legacy),Fashion,United States,3,$8.20  ~ $18.11 ,N/A,N/A,N/A,N/A,N/A
Real Estate (Legacy),Hobbies & Interests,United States,"4,554",$7.95  ~ $8.51 ,$15.17 ,$85.75 ,0.06%,N/A,N/A
Real Estate (Legacy),Hobbies & Interests,United Kingdom,"1,390,354",$2.18  ~ $2.18 ,$7.33 ,N/A,0.03%,N/A,N/A
Real Estate (Legacy),Hobbies & Interests,Canada,27,$0.00  ~ $5.98 ,$4.95 ,$9.54 ,0.12%,N/A,N/A
Real Estate (Legacy),Fine Art,Canada,35,$5.69  ~ $6.79 ,$6.27 ,N/A,0.09%,N/A,N/A
Real Estate (Legacy),Fine Art,United Kingdom,"12,366",$7.45  ~ $7.89 ,$15.72 ,$84.24 ,0.05%,N/A,N/A
Real Estate (Legacy),Fine Art,United States,926,$6.17  ~ $7.41 ,$6.97 ,$34.71 ,0.09%,N/A,N/A
Real Estate (Legacy),Cocktails/Beer,United Kingdom,"2,563",$0.00  ~ $0.00 ,N/A,N/A,N/A,N/A,N/A
Real Estate (Legacy),Weight Loss,Canada,31,$0.00  ~ $0.00 ,N/A,N/A,N/A,N/A,N/A
Religion & Spirituality (Legacy),Homework/Study Tips,United States,7,$2.16  ~ $5.14 ,N/A,N/A,N/A,N/A,N/A
Religion & Spirituality (Legacy),Fashion,United States,4,$8.19  ~ $18.36 ,N/A,N/A,N/A,N/A,N/A
Religion & Spirituality (Legacy),Politics,United States,"1,929",$9.37  ~ $9.68 ,$20.07 ,N/A,0.05%,N/A,N/A
Religion & Spirituality (Legacy),Politics,Canada,1,$9.98  ~ $14.33 ,$24.10 ,N/A,0.04%,N/A,N/A
Religion & Spirituality (Legacy),Senor Health,Canada,6,$5.98  ~ $8.12 ,N/A,N/A,N/A,N/A,N/A
Religion & Spirituality (Legacy),Senor Health,United States,324,$6.32  ~ $8.37 ,$3.17 ,N/A,0.26%,N/A,N/A
Religion & Spirituality (Legacy),Senor Health,United Kingdom,1,$7.08  ~ $7.27 ,N/A,N/A,N/A,N/A,N/A
Religion & Spirituality (Legacy),Appliances,Canada,12,$7.44  ~ $9.22 ,$1.70 ,N/A,0.44%,N/A,N/A
Religion & Spirituality (Legacy),Appliances,United Kingdom,1,$6.76  ~ $6.86 ,N/A,N/A,N/A,N/A,N/A
Religion & Spirituality (Legacy),Appliances,United States,"1,094",$7.51  ~ $7.72 ,$11.34 ,N/A,0.07%,N/A,N/A
Religion & Spirituality (Legacy),Apartments,United Kingdom,126,$7.19  ~ $7.34 ,$8.48 ,$52.27 ,0.08%,N/A,N/A
Religion & Spirituality (Legacy),Apartments,United States,55,$6.27  ~ $9.80 ,$2.72 ,$46.81 ,0.23%,N/A,N/A
Religion & Spirituality (Legacy),Apartments,Canada,2,$1.00  ~ $6.42 ,N/A,N/A,N/A,N/A,N/A
Religion & Spirituality (Legacy),Adult Education,United States,29,$3.17  ~ $11.32 ,$14.85 ,N/A,0.08%,N/A,N/A
Religion & Spirituality (Legacy),Adult Education,Canada,4,$4.82  ~ $6.85 ,N/A,N/A,N/A,N/A,N/A
Religion & Spirituality (Legacy),Adult Education,United Kingdom,1,$7.48  ~ $9.01 ,N/A,N/A,N/A,N/A,N/A
Religion & Spirituality (Legacy),Sexuality,United States,566,$5.72  ~ $6.87 ,$7.84 ,$13.18 ,0.07%,N/A,N/A
Religion & Spirituality (Legacy),Electric Vehicle,United States,1,$2.05  ~ $4.85 ,N/A,N/A,N/A,N/A,N/A
Religion & Spirituality (Legacy),Electric Vehicle,Canada,2,$4.72  ~ $10.62 ,$2.43 ,N/A,0.19%,N/A,N/A
Religion & Spirituality (Legacy),Body Art,United States,3,$2.05  ~ $4.79 ,N/A,N/A,N/A,N/A,N/A
Religion & Spirituality (Legacy),Career Planning,United States,104,$7.93  ~ $8.27 ,$24.46 ,$87.72 ,0.03%,N/A,N/A
Religion & Spirituality (Legacy),Career Planning,Canada,69,$5.03  ~ $6.51 ,N/A,N/A,N/A,N/A,N/A
Religion & Spirituality (Legacy),Parenting - K-6 Kids,United States,29,$1.64  ~ $1.94 ,$3.64 ,N/A,0.05%,N/A,N/A
Religion & Spirituality (Legacy),Psychology/Psychiatry,Canada,1,$5.47  ~ $5.64 ,$1.31 ,N/A,0.42%,N/A,N/A
Religion & Spirituality (Legacy),Psychology/Psychiatry,United Kingdom,18,$8.11  ~ $8.21 ,$4.99 ,N/A,0.16%,N/A,N/A
Religion & Spirituality (Legacy),Psychology/Psychiatry,United States,852,$5.89  ~ $7.89 ,$6.50 ,$50.53 ,0.12%,N/A,N/A
Religion & Spirituality (Legacy),Pets,United States,42,$8.25  ~ $8.61 ,$12.89 ,N/A,0.06%,N/A,N/A
Religion & Spirituality (Legacy),Pets,Canada,1,$8.34  ~ $8.35 ,$20.26 ,N/A,0.04%,N/A,N/A
Religion & Spirituality (Legacy),Travel,Canada,3,$6.46  ~ $7.38 ,$1.42 ,N/A,0.52%,N/A,N/A
Religion & Spirituality (Legacy),Travel,United Kingdom,123,$5.75  ~ $6.68 ,$17.25 ,$91.90 ,0.03%,N/A,N/A
Religion & Spirituality (Legacy),Travel,United States,"1,412",$4.72  ~ $5.56 ,$7.99 ,$65.42 ,0.07%,N/A,N/A
Religion & Spirituality (Legacy),Alternative Medicine,United States,35,$8.64  ~ $9.31 ,$16.90 ,N/A,0.06%,N/A,N/A
Religion & Spirituality (Legacy),Certified Pre-Owned,United States,3,$11.52  ~ $13.54 ,$3.11 ,N/A,0.37%,N/A,N/A
Religion & Spirituality (Legacy),Interior Decorating,Canada,33,$2.99  ~ $8.66 ,$5.58 ,$32.98 ,0.16%,N/A,N/A
Religion & Spirituality (Legacy),Interior Decorating,United States,752,$6.06  ~ $7.24 ,$12.42 ,N/A,0.06%,N/A,N/A
Religion & Spirituality (Legacy),Interior Decorating,United Kingdom,1,$6.64  ~ $6.83 ,$2.43 ,N/A,0.27%,N/A,N/A
Religion & Spirituality (Legacy),Mutual Funds,United States,432,$8.07  ~ $8.73 ,$14.53 ,$163.60 ,0.06%,N/A,N/A
Religion & Spirituality (Legacy),Advertising,Canada,120,$7.28  ~ $8.35 ,$4.14 ,N/A,0.18%,N/A,N/A
Religion & Spirituality (Legacy),Advertising,United Kingdom,5,$7.33  ~ $8.26 ,$13.03 ,N/A,0.06%,N/A,N/A
Religion & Spirituality (Legacy),Advertising,United States,315,$9.43  ~ $10.15 ,$15.21 ,$59.59 ,0.07%,N/A,N/A
Religion & Spirituality (Legacy),Swimming,United States,14,$2.16  ~ $8.38 ,N/A,N/A,N/A,N/A,N/A
Religion & Spirituality (Legacy),Entertainment,United States,5,$11.45  ~ $27.72 ,$8.81 ,N/A,0.13%,N/A,N/A
Religion & Spirituality (Legacy),Comparison,United States,1,$4.02  ~ $8.32 ,N/A,N/A,N/A,N/A,N/A
Religion & Spirituality (Legacy),Metals,Canada,428,$4.36  ~ $8.33 ,$6.30 ,N/A,0.07%,N/A,N/A
Religion & Spirituality (Legacy),Metals,United States,"2,282",$3.69  ~ $6.76 ,$11.42 ,$236.90 ,0.06%,N/A,N/A
Religion & Spirituality (Legacy),Metals,United Kingdom,5,$7.21  ~ $7.48 ,$4.06 ,N/A,0.18%,N/A,N/A
Religion & Spirituality (Legacy),Construction,United States,203,$6.74  ~ $8.13 ,$7.86 ,$25.97 ,0.09%,N/A,N/A
Religion & Spirituality (Legacy),Construction,Canada,4,$3.88  ~ $8.40 ,N/A,N/A,N/A,N/A,N/A
Religion & Spirituality (Legacy),Construction,United Kingdom,5,$7.28  ~ $8.91 ,$2.56 ,N/A,0.28%,N/A,N/A
Religion & Spirituality (Legacy),Government,United States,27,$8.23  ~ $8.53 ,$10.35 ,N/A,0.08%,N/A,N/A
Religion & Spirituality (Legacy),College,Canada,64,$4.35  ~ $6.87 ,$11.57 ,$19.16 ,0.04%,N/A,N/A
Religion & Spirituality (Legacy),College,United States,328,$7.02  ~ $7.86 ,$6.99 ,$112.50 ,0.11%,N/A,N/A
Religion & Spirituality (Legacy),College,United Kingdom,19,$8.04  ~ $9.01 ,$20.76 ,N/A,0.04%,N/A,N/A
Religion & Spirituality (Legacy),Hobbies & Interests,Canada,2,$6.26  ~ $14.96 ,N/A,N/A,N/A,N/A,N/A
Religion & Spirituality (Legacy),Hobbies & Interests,United States,"1,885",$7.57  ~ $7.65 ,$14.87 ,$51.54 ,0.05%,N/A,N/A
Religion & Spirituality (Legacy),Hobbies & Interests,United Kingdom,461,$1.26  ~ $1.26 ,$7.17 ,N/A,0.02%,N/A,N/A
Religion & Spirituality (Legacy),Home Repair,Canada,17,$4.87  ~ $5.28 ,$4.20 ,$6.98 ,0.12%,N/A,N/A
Religion & Spirituality (Legacy),Home Repair,United States,562,$7.03  ~ $8.07 ,$9.67 ,N/A,0.07%,N/A,N/A
Religion & Spirituality (Legacy),Home Repair,United Kingdom,7,$8.10  ~ $8.96 ,N/A,N/A,N/A,N/A,N/A
Religion & Spirituality (Legacy),Logistics,United States,688,$10.30  ~ $10.37 ,$12.99 ,$110.94 ,0.08%,N/A,N/A
Religion & Spirituality (Legacy),Logistics,Canada,238,$5.73  ~ $6.24 ,$7.12 ,N/A,0.08%,N/A,N/A
Religion & Spirituality (Legacy),Logistics,United Kingdom,2,$5.96  ~ $7.98 ,$7.68 ,$33.30 ,0.10%,N/A,N/A
Religion & Spirituality (Legacy),Card Games,United States,180,$4.17  ~ $6.32 ,$13.04 ,$35.67 ,0.05%,N/A,N/A
Religion & Spirituality (Legacy),Card Games,Canada,144,$5.97  ~ $6.32 ,$4.89 ,$11.65 ,0.12%,N/A,N/A
Religion & Spirituality (Legacy),Card Games,United Kingdom,11,$7.36  ~ $7.58 ,$17.03 ,N/A,0.04%,N/A,N/A
Religion & Spirituality (Legacy),Job Search,United States,446,$7.97  ~ $8.08 ,$14.07 ,$37.30 ,0.06%,N/A,N/A
Religion & Spirituality (Legacy),Job Search,Canada,11,$4.37  ~ $4.90 ,N/A,N/A,N/A,N/A,N/A
Religion & Spirituality (Legacy),Cuisine-Specific,United States,4,$1.51  ~ $1.51 ,$2.84 ,N/A,0.05%,N/A,N/A
Religion & Spirituality (Legacy),U.S. Government Resources,United States,16,$6.30  ~ $7.16 ,N/A,N/A,N/A,N/A,N/A
Religion & Spirituality (Legacy),Exercise,United States,242,$4.56  ~ $4.78 ,$12.54 ,N/A,0.04%,N/A,N/A
Religion & Spirituality (Legacy),Exercise,Canada,11,$3.02  ~ $3.78 ,N/A,N/A,N/A,N/A,N/A
Religion & Spirituality (Legacy),Exercise,United Kingdom,33,$3.53  ~ $7.47 ,$8.95 ,N/A,0.04%,N/A,N/A
Religion & Spirituality (Legacy),Veterinary Medicine,United States,8,$5.80  ~ $12.83 ,$4.04 ,N/A,0.14%,N/A,N/A
Religion & Spirituality (Legacy),Veterinary Medicine,Canada,2,$2.47  ~ $5.38 ,N/A,N/A,N/A,N/A,N/A
Religion & Spirituality (Legacy),Collecting,United States,2,$5.53  ~ $8.34 ,$7.25 ,N/A,0.11%,N/A,N/A
Religion & Spirituality (Legacy),Financial Aid,United States,35,$7.45  ~ $7.98 ,N/A,N/A,N/A,N/A,N/A
Religion & Spirituality (Legacy),Pro Basketball,Canada,3,$3.21  ~ $10.77 ,$3.34 ,N/A,0.10%,N/A,N/A
Religion & Spirituality (Legacy),Pro Basketball,United States,90,$7.89  ~ $8.46 ,$5.92 ,N/A,0.13%,N/A,N/A
Religion & Spirituality (Legacy),Pro Basketball,United Kingdom,4,$6.68  ~ $8.21 ,$16.88 ,N/A,0.05%,N/A,N/A
Religion & Spirituality (Legacy),Art/Technology,United States,629,$6.70  ~ $6.71 ,$18.61 ,N/A,0.04%,N/A,N/A
Religion & Spirituality (Legacy),Art/Technology,Canada,1,$7.88  ~ $8.26 ,N/A,N/A,N/A,N/A,N/A
Religion & Spirituality (Legacy),Art/Technology,United Kingdom,10,$3.68  ~ $3.68 ,N/A,N/A,N/A,N/A,N/A
Religion & Spirituality (Legacy),Auto Parts,United States,165,$6.49  ~ $6.97 ,$9.59 ,N/A,0.07%,N/A,N/A
Religion & Spirituality (Legacy),Auto Parts,United Kingdom,7,$7.22  ~ $7.22 ,N/A,N/A,N/A,N/A,N/A
Religion & Spirituality (Legacy),Remodeling & Construction,Canada,19,$2.44  ~ $5.94 ,N/A,N/A,N/A,N/A,N/A
Religion & Spirituality (Legacy),Remodeling & Construction,United States,"2,000",$3.38  ~ $3.83 ,$7.96 ,$33.53 ,0.05%,N/A,N/A
Religion & Spirituality (Legacy),Retirement Planning,United States,4,$8.38  ~ $18.48 ,$27.72 ,N/A,0.07%,N/A,N/A
Religion & Spirituality (Legacy),Retirement Planning,United Kingdom,1,$6.23  ~ $15.35 ,N/A,N/A,N/A,N/A,N/A
Religion & Spirituality (Legacy),Mountain Biking,Canada,1,$6.41  ~ $6.67 ,$4.20 ,N/A,0.15%,N/A,N/A
Religion & Spirituality (Legacy),Mountain Biking,United States,18,$6.44  ~ $6.75 ,$3.04 ,N/A,0.21%,N/A,N/A
Religion & Spirituality (Legacy),Senior Living,Canada,1,$3.31  ~ $6.79 ,$0.95 ,N/A,0.35%,N/A,N/A
Religion & Spirituality (Legacy),Senior Living,United States,86,$6.81  ~ $6.86 ,$12.11 ,$69.06 ,0.06%,N/A,N/A
Religion & Spirituality (Legacy),Senior Living,United Kingdom,11,$6.79  ~ $7.48 ,N/A,N/A,N/A,N/A,N/A
Religion & Spirituality (Legacy),Wine,United States,23,$8.06  ~ $9.27 ,$5.47 ,N/A,0.17%,N/A,N/A
Religion & Spirituality (Legacy),Dining Out,United Kingdom,6,$16.00  ~ $20.36 ,$10.75 ,$97.25 ,0.15%,N/A,N/A
Religion & Spirituality (Legacy),Dining Out,Canada,3,$7.49  ~ $7.84 ,$6.20 ,$4.87 ,0.12%,N/A,N/A
Religion & Spirituality (Legacy),Dining Out,United States,370,$4.06  ~ $4.58 ,$11.43 ,$131.18 ,0.04%,N/A,N/A
Religion & Spirituality (Legacy),Network Security,United States,1,$2.19  ~ $2.44 ,N/A,N/A,N/A,N/A,N/A
Religion & Spirituality (Legacy),Shopping,United Kingdom,15,$7.05  ~ $7.38 ,$11.26 ,N/A,0.06%,N/A,N/A
Religion & Spirituality (Legacy),Shopping,United States,"1,278",$2.44  ~ $6.11 ,$5.93 ,$48.64 ,0.04%,N/A,N/A
Religion & Spirituality (Legacy),Shopping,Canada,68,$1.58  ~ $2.66 ,$4.11 ,$8.73 ,0.04%,N/A,N/A
Religion & Spirituality (Legacy),Football,Canada,99,$4.84  ~ $5.65 ,$7.05 ,$14.09 ,0.08%,N/A,N/A
Religion & Spirituality (Legacy),Football,United States,178,$5.96  ~ $8.49 ,$6.88 ,$22.66 ,0.09%,N/A,N/A
Religion & Spirituality (Legacy),Theme Parks,United States,5,$4.73  ~ $4.73 ,N/A,N/A,N/A,N/A,N/A
Religion & Spirituality (Legacy),Theme Parks,Canada,15,$4.97  ~ $12.20 ,$2.45 ,$14.70 ,0.20%,N/A,N/A
Religion & Spirituality (Legacy),Cigars,United Kingdom,179,$3.56  ~ $14.33 ,$9.51 ,N/A,0.04%,N/A,N/A
Religion & Spirituality (Legacy),Cigars,Canada,19,$3.42  ~ $3.44 ,N/A,N/A,N/A,N/A,N/A
Religion & Spirituality (Legacy),Cigars,United States,768,$7.07  ~ $7.09 ,$16.90 ,N/A,0.04%,N/A,N/A
Religion & Spirituality (Legacy),Marketing,United States,11,$6.80  ~ $8.37 ,$6.92 ,N/A,0.12%,N/A,N/A
Religion & Spirituality (Legacy),Marketing,Canada,647,$2.57  ~ $6.18 ,$3.10 ,$10.85 ,0.08%,N/A,N/A
Religion & Spirituality (Legacy),Accessories,United States,163,$13.21  ~ $14.18 ,$5.51 ,N/A,0.24%,N/A,N/A
Religion & Spirituality (Legacy),Arts & Crafts,United States,"1,024",$2.04  ~ $4.43 ,$3.70 ,N/A,0.06%,N/A,N/A
Religion & Spirituality (Legacy),Arts & Crafts,Canada,1,$0.10  ~ $0.25 ,N/A,N/A,N/A,N/A,N/A
Religion & Spirituality (Legacy),Couponing,Canada,45,$4.65  ~ $9.45 ,$3.46 ,N/A,0.13%,N/A,N/A
Religion & Spirituality (Legacy),Couponing,United States,642,$4.20  ~ $4.38 ,$5.53 ,N/A,0.08%,N/A,N/A
Religion & Spirituality (Legacy),Arts & Entertainment,United Kingdom,22,$5.78  ~ $8.30 ,$7.17 ,N/A,0.08%,N/A,N/A
Religion & Spirituality (Legacy),Arts & Entertainment,Canada,12,$2.17  ~ $5.13 ,$2.19 ,N/A,0.23%,N/A,N/A
Religion & Spirituality (Legacy),Arts & Entertainment,United States,564,$6.80  ~ $6.86 ,$9.41 ,$62.85 ,0.07%,N/A,N/A
Religion & Spirituality (Legacy),Honeymoons/Getaways,United Kingdom,20,$7.22  ~ $8.20 ,$6.58 ,N/A,0.12%,N/A,N/A
Religion & Spirituality (Legacy),Honeymoons/Getaways,United States,355,$8.32  ~ $8.78 ,$10.08 ,$26.99 ,0.08%,N/A,N/A
Religion & Spirituality (Legacy),Honeymoons/Getaways,Canada,17,$8.36  ~ $10.53 ,N/A,N/A,N/A,N/A,N/A
Religion & Spirituality (Legacy),Graduate School,Canada,1,$3.64  ~ $7.60 ,N/A,N/A,N/A,N/A,N/A
Religion & Spirituality (Legacy),Graduate School,United States,"1,068",$10.81  ~ $12.43 ,$16.33 ,$122.24 ,0.07%,N/A,N/A
Religion & Spirituality (Legacy),Graduate School,United Kingdom,18,$5.88  ~ $8.72 ,$15.54 ,N/A,0.06%,N/A,N/A
Religion & Spirituality (Legacy),Desserts & Baking,United States,25,$4.27  ~ $10.23 ,$5.00 ,N/A,0.09%,N/A,N/A
Religion & Spirituality (Legacy),K-6 Educators,United States,46,$8.69  ~ $9.91 ,N/A,N/A,N/A,N/A,N/A
Religion & Spirituality (Legacy),Birdwatching,Canada,2,$10.42  ~ $23.90 ,$4.21 ,N/A,0.25%,N/A,N/A
Religion & Spirituality (Legacy),Birdwatching,United States,21,$3.49  ~ $6.97 ,$5.17 ,$5.78 ,0.13%,N/A,N/A
Religion & Spirituality (Legacy),Computer Certification,United States,4,$6.48  ~ $15.65 ,N/A,N/A,N/A,N/A,N/A
Religion & Spirituality (Legacy),Computer Networking,United States,316,$2.59  ~ $5.27 ,$2.08 ,$9.72 ,0.12%,N/A,N/A
Religion & Spirituality (Legacy),Cocktails/Beer,Canada,3,$9.60  ~ $10.33 ,N/A,N/A,N/A,N/A,N/A
Religion & Spirituality (Legacy),Cocktails/Beer,United States,405,$7.90  ~ $8.03 ,$25.31 ,N/A,0.03%,N/A,N/A
Religion & Spirituality (Legacy),Entertaining,Canada,1,$2.05  ~ $4.52 ,N/A,N/A,N/A,N/A,N/A
Religion & Spirituality (Legacy),Entertaining,United States,14,$2.36  ~ $5.47 ,$1.46 ,N/A,0.16%,N/A,N/A
Religion & Spirituality (Legacy),Road-Side Assistance,Mexico,3,$4.44  ~ $9.49 ,$7.83 ,N/A,0.06%,N/A,N/A
Religion & Spirituality (Legacy),Road-Side Assistance,United Kingdom,9,$9.71  ~ $24.05 ,N/A,N/A,N/A,N/A,N/A
Religion & Spirituality (Legacy),Family & Parenting,United Kingdom,45,$6.82  ~ $7.15 ,$12.59 ,N/A,0.05%,N/A,N/A
Religion & Spirituality (Legacy),Family & Parenting,United States,199,$7.23  ~ $8.06 ,$7.51 ,$54.34 ,0.10%,N/A,N/A
Religion & Spirituality (Legacy),Family & Parenting,Canada,13,$2.26  ~ $2.86 ,$0.33 ,$0.14 ,0.70%,N/A,N/A
Religion & Spirituality (Legacy),Incest/Abuse Support,Canada,3,$5.54  ~ $7.45 ,N/A,N/A,N/A,N/A,N/A
Religion & Spirituality (Legacy),Incest/Abuse Support,United States,129,$9.35  ~ $10.18 ,$11.50 ,$27.88 ,0.08%,N/A,N/A
Religion & Spirituality (Legacy),Coffee/Tea,United States,385,$5.00  ~ $5.69 ,$5.21 ,$10.91 ,0.10%,N/A,N/A
Religion & Spirituality (Legacy),Gardening,United Kingdom,5,$0.00  ~ $2.14 ,N/A,N/A,N/A,N/A,N/A
Religion & Spirituality (Legacy),Gardening,Canada,403,$2.24  ~ $4.76 ,$3.55 ,N/A,0.13%,N/A,N/A
Religion & Spirituality (Legacy),Gardening,United States,"1,014",$3.07  ~ $4.88 ,$5.53 ,$179.98 ,0.06%,N/A,N/A
Religion & Spirituality (Legacy),Antivirus Software,Canada,3,$9.54  ~ $9.54 ,N/A,N/A,N/A,N/A,N/A
Religion & Spirituality (Legacy),Antivirus Software,United States,40,$8.56  ~ $8.56 ,$4.82 ,N/A,0.18%,N/A,N/A
Religion & Spirituality (Legacy),Buying/Selling Cars,Canada,8,$5.34  ~ $6.49 ,$13.97 ,N/A,0.04%,N/A,N/A
Religion & Spirituality (Legacy),Buying/Selling Cars,United States,144,$7.41  ~ $7.88 ,$16.71 ,$38.53 ,0.04%,N/A,N/A
Religion & Spirituality (Legacy),Buying/Selling Cars,United Kingdom,16,$8.48  ~ $12.03 ,$25.94 ,N/A,0.05%,N/A,N/A
Religion & Spirituality (Legacy),Pediatrics,United States,33,$10.00  ~ $21.60 ,$10.48 ,N/A,0.10%,N/A,N/A
Religion & Spirituality (Legacy),Martial Arts,United States,5,$3.66  ~ $8.68 ,$0.31 ,N/A,1.16%,N/A,N/A
Religion & Spirituality (Legacy),Clothing,Canada,67,$7.41  ~ $7.45 ,$2.92 ,N/A,0.25%,N/A,N/A
Religion & Spirituality (Legacy),Clothing,United States,"1,863",$6.35  ~ $6.85 ,$12.34 ,$57.77 ,0.06%,N/A,N/A
Religion & Spirituality (Legacy),Chronic Pain,United States,40,$13.06  ~ $13.09 ,$42.00 ,$4.64 ,0.03%,N/A,N/A
Religion & Spirituality (Legacy),Jewelry,Canada,8,$4.03  ~ $4.14 ,$1.84 ,$5.36 ,0.22%,N/A,N/A
Religion & Spirituality (Legacy),Jewelry,United States,"8,389",$1.90  ~ $6.51 ,$2.07 ,$26.42 ,0.09%,N/A,N/A
Religion & Spirituality (Legacy),Trucks & Accessories,United States,87,$4.68  ~ $4.82 ,$5.88 ,$40.65 ,0.08%,N/A,N/A
Religion & Spirituality (Legacy),Health & Fitness,Canada,99,$2.97  ~ $5.02 ,$4.72 ,N/A,0.06%,N/A,N/A
Religion & Spirituality (Legacy),Health & Fitness,United States,"5,888",$7.90  ~ $8.54 ,$8.55 ,$53.83 ,0.10%,N/A,N/A
Religion & Spirituality (Legacy),Health & Fitness,United Kingdom,99,$5.63  ~ $6.24 ,$4.70 ,$27.18 ,0.13%,N/A,N/A
Religion & Spirituality (Legacy),Health & Fitness,Ireland,1,$1.23  ~ $1.83 ,$0.76 ,N/A,0.24%,N/A,N/A
Religion & Spirituality (Legacy),Environmental Safety,United States,14,$9.18  ~ $9.94 ,$17.78 ,N/A,0.05%,N/A,N/A
Religion & Spirituality (Legacy),Arthritis,United States,1,$5.70  ~ $5.76 ,$4.81 ,N/A,0.12%,N/A,N/A
Religion & Spirituality (Legacy),Books & Literature,United States,6,$6.54  ~ $10.10 ,N/A,N/A,N/A,N/A,N/A
Religion & Spirituality (Legacy),Television,United States,1,$15.28  ~ $33.11 ,N/A,N/A,N/A,N/A,N/A
Religion & Spirituality (Legacy),Home & Garden,United States,"1,011",$6.00  ~ $6.77 ,$9.67 ,$49.63 ,0.06%,N/A,N/A
Religion & Spirituality (Legacy),Home & Garden,Canada,85,$2.93  ~ $4.91 ,$7.75 ,N/A,0.06%,N/A,N/A
Religion & Spirituality (Legacy),Home & Garden,United Kingdom,36,$6.85  ~ $7.09 ,$6.07 ,N/A,0.12%,N/A,N/A
Religion & Spirituality (Legacy),Physical Therapy,Canada,4,$2.62  ~ $4.12 ,N/A,N/A,N/A,N/A,N/A
Religion & Spirituality (Legacy),Physical Therapy,United States,19,$10.42  ~ $12.83 ,$4.53 ,N/A,0.23%,N/A,N/A
Religion & Spirituality (Legacy),Allergies,Canada,42,$5.22  ~ $12.36 ,$1.70 ,N/A,0.31%,N/A,N/A
Religion & Spirituality (Legacy),Allergies,United Kingdom,1,$3.24  ~ $7.06 ,N/A,N/A,N/A,N/A,N/A
Religion & Spirituality (Legacy),Motorcycles,Canada,2,$4.88  ~ $10.73 ,$1.48 ,N/A,0.33%,N/A,N/A
Religion & Spirituality (Legacy),Motorcycles,United States,809,$4.39  ~ $8.03 ,$6.99 ,$24.84 ,0.06%,N/A,N/A
Religion & Spirituality (Legacy),Alternative Religions,United States,10,$7.86  ~ $8.12 ,N/A,N/A,N/A,N/A,N/A
Religion & Spirituality (Legacy),Alternative Religions,United Kingdom,74,$5.72  ~ $13.73 ,$14.39 ,N/A,0.04%,N/A,N/A
Religion & Spirituality (Legacy),Dermatology,United States,13,$5.25  ~ $6.54 ,N/A,N/A,N/A,N/A,N/A
Religion & Spirituality (Legacy),Internet Technology,United Kingdom,3,$6.26  ~ $8.50 ,$8.41 ,N/A,0.10%,N/A,N/A
Religion & Spirituality (Legacy),Internet Technology,United States,570,$6.27  ~ $7.51 ,$15.06 ,N/A,0.05%,N/A,N/A
Religion & Spirituality (Legacy),Investors & Patents,United States,831,$10.35  ~ $10.98 ,$21.47 ,N/A,0.05%,N/A,N/A
Religion & Spirituality (Legacy),Investors & Patents,Canada,4,$2.28  ~ $4.64 ,N/A,N/A,N/A,N/A,N/A
Religion & Spirituality (Legacy),Investors & Patents,United Kingdom,6,$8.78  ~ $17.58 ,N/A,N/A,N/A,N/A,N/A
Religion & Spirituality (Legacy),Investing,United States,214,$5.13  ~ $5.21 ,$37.23 ,N/A,0.01%,N/A,N/A
Religion & Spirituality (Legacy),Weddings,United States,2,$6.16  ~ $6.52 ,N/A,N/A,N/A,N/A,N/A
Religion & Spirituality (Legacy),Video & Computer Games,United States,1,$0.00  ~ $3.28 ,N/A,N/A,N/A,N/A,N/A
Religion & Spirituality (Legacy),Credit/Debt & Loans,Canada,28,$7.00  ~ $7.84 ,$5.62 ,N/A,0.12%,N/A,N/A
Religion & Spirituality (Legacy),Credit/Debt & Loans,United States,"2,262",$7.63  ~ $8.47 ,$8.00 ,$57.65 ,0.10%,N/A,N/A
Religion & Spirituality (Legacy),Credit/Debt & Loans,United Kingdom,24,$5.42  ~ $7.13 ,$17.28 ,N/A,0.04%,N/A,N/A
Religion & Spirituality (Legacy),Legal Issues,Canada,904,$5.48  ~ $6.15 ,$7.02 ,$45.13 ,0.09%,N/A,N/A
Religion & Spirituality (Legacy),Legal Issues,United States,"3,245",$8.51  ~ $9.18 ,$10.41 ,$51.17 ,0.08%,N/A,N/A
Religion & Spirituality (Legacy),Legal Issues,United Kingdom,75,$4.41  ~ $4.86 ,$10.24 ,$93.51 ,0.05%,N/A,N/A
Religion & Spirituality (Legacy),Human Resources,Mexico,2,$1.69  ~ $2.04 ,$2.62 ,N/A,0.08%,N/A,N/A
Religion & Spirituality (Legacy),Human Resources,United States,913,$9.32  ~ $10.51 ,$12.00 ,$232.69 ,0.08%,N/A,N/A
Religion & Spirituality (Legacy),Human Resources,Canada,134,$6.00  ~ $7.27 ,$7.37 ,$15.41 ,0.10%,N/A,N/A
Religion & Spirituality (Legacy),Human Resources,United Kingdom,97,$8.52  ~ $12.78 ,$11.36 ,$50.83 ,0.08%,N/A,N/A
Religion & Spirituality (Legacy),Infertility,United States,139,$4.29  ~ $7.10 ,$16.22 ,N/A,0.04%,N/A,N/A
Religion & Spirituality (Legacy),Stamps & Coins,United States,3,$3.62  ~ $8.86 ,N/A,N/A,N/A,N/A,N/A
Religion & Spirituality (Legacy),Adventure Travel,United States,403,$3.10  ~ $14.52 ,$16.01 ,$15.81 ,0.02%,N/A,N/A
Religion & Spirituality (Legacy),Business,United Kingdom,187,$4.52  ~ $4.90 ,$9.50 ,$95.42 ,0.05%,N/A,N/A
Religion & Spirituality (Legacy),Business,Canada,93,$4.32  ~ $8.79 ,$4.27 ,N/A,0.10%,N/A,N/A
Religion & Spirituality (Legacy),Business,United States,"3,543",$7.15  ~ $7.21 ,$13.19 ,$86.97 ,0.05%,N/A,N/A
Religion & Spirituality (Legacy),Landscaping,Canada,2,$2.06  ~ $4.37 ,N/A,N/A,N/A,N/A,N/A
Religion & Spirituality (Legacy),Landscaping,United States,21,$3.14  ~ $4.55 ,N/A,N/A,N/A,N/A,N/A
Religion & Spirituality (Legacy),Automotive,Canada,13,$7.36  ~ $9.22 ,$6.17 ,N/A,0.12%,N/A,N/A
Religion & Spirituality (Legacy),Automotive,United States,"1,099",$7.22  ~ $9.26 ,$20.27 ,$162.77 ,0.04%,N/A,N/A
Religion & Spirituality (Legacy),Automotive,United Kingdom,12,$7.29  ~ $11.41 ,$7.63 ,N/A,0.15%,N/A,N/A
Religion & Spirituality (Legacy),Cruises,Canada,6,$6.28  ~ $7.39 ,$7.17 ,N/A,0.09%,N/A,N/A
Religion & Spirituality (Legacy),Cruises,United States,274,$7.32  ~ $9.14 ,$16.20 ,$79.74 ,0.06%,N/A,N/A
Religion & Spirituality (Legacy),Hotels,United States,698,$5.63  ~ $6.91 ,$6.18 ,$24.95 ,0.11%,N/A,N/A
Religion & Spirituality (Legacy),Hotels,United Kingdom,24,$4.22  ~ $5.83 ,N/A,N/A,N/A,N/A,N/A
Religion & Spirituality (Legacy),Health/Lowfat Cooking,Canada,5,$2.94  ~ $11.76 ,$33.75 ,N/A,0.03%,N/A,N/A
Religion & Spirituality (Legacy),Health/Lowfat Cooking,United States,113,$7.61  ~ $9.06 ,$12.29 ,N/A,0.06%,N/A,N/A
Religion & Spirituality (Legacy),Health/Lowfat Cooking,United Kingdom,4,$5.51  ~ $5.53 ,$12.14 ,N/A,0.05%,N/A,N/A
Religion & Spirituality (Legacy),Air Travel,Canada,6,$6.40  ~ $6.47 ,$4.02 ,N/A,0.16%,N/A,N/A
Religion & Spirituality (Legacy),Air Travel,United States,"1,925",$5.51  ~ $5.89 ,$5.28 ,$52.01 ,0.11%,N/A,N/A
Religion & Spirituality (Legacy),Cancer,United States,128,$10.83  ~ $16.85 ,$43.60 ,N/A,0.04%,N/A,N/A
Religion & Spirituality (Legacy),Local News,United States,4,$8.78  ~ $19.55 ,$14.66 ,N/A,0.06%,N/A,N/A
Religion & Spirituality (Legacy),Teens,United States,1,$8.27  ~ $17.28 ,N/A,N/A,N/A,N/A,N/A
Religion & Spirituality (Legacy),Auto Repair,Canada,19,$5.96  ~ $6.22 ,$15.35 ,N/A,0.04%,N/A,N/A
Religion & Spirituality (Legacy),Auto Repair,United States,154,$6.96  ~ $7.12 ,$9.71 ,$31.98 ,0.07%,N/A,N/A
Religion & Spirituality (Legacy),Biotech/Biomedical,United Kingdom,3,$7.05  ~ $7.14 ,N/A,N/A,N/A,N/A,N/A
Religion & Spirituality (Legacy),Biotech/Biomedical,United States,396,$5.56  ~ $10.49 ,$17.02 ,$115.31 ,0.03%,N/A,N/A
Religion & Spirituality (Legacy),Biotech/Biomedical,Canada,108,$6.82  ~ $7.79 ,$23.98 ,N/A,0.03%,N/A,N/A
Religion & Spirituality (Legacy),Nutrition,United States,171,$9.42  ~ $9.74 ,$19.76 ,$53.74 ,0.05%,N/A,N/A
Religion & Spirituality (Legacy),Nutrition,Canada,125,$2.58  ~ $4.06 ,$3.69 ,$18.05 ,0.07%,N/A,N/A
Religion & Spirituality (Legacy),Nutrition,United Kingdom,2,$9.59  ~ $9.59 ,$16.92 ,N/A,0.06%,N/A,N/A
Religion & Spirituality (Legacy),Net Conferencing,United States,3,$12.21  ~ $37.17 ,$34.60 ,N/A,0.04%,N/A,N/A
Religion & Spirituality (Legacy),Computer Peripherals,United States,252,$8.02  ~ $9.65 ,$7.85 ,$60.98 ,0.12%,N/A,N/A
Religion & Spirituality (Legacy),Computer Peripherals,Canada,100,$3.24  ~ $4.10 ,$6.52 ,N/A,0.06%,N/A,N/A
Religion & Spirituality (Legacy),Computer Peripherals,Ireland,3,$13.70  ~ $14.78 ,N/A,N/A,N/A,N/A,N/A
Religion & Spirituality (Legacy),Real Estate,United Kingdom,43,$5.41  ~ $6.99 ,$4.04 ,$42.08 ,0.13%,N/A,N/A
Religion & Spirituality (Legacy),Real Estate,United States,"1,204",$6.26  ~ $6.78 ,$5.93 ,$37.71 ,0.11%,N/A,N/A
Religion & Spirituality (Legacy),Real Estate,Canada,2,$4.66  ~ $4.94 ,N/A,N/A,N/A,N/A,N/A
Religion & Spirituality (Legacy),Green Solutions,Canada,56,$6.73  ~ $7.14 ,$14.38 ,N/A,0.05%,N/A,N/A
Religion & Spirituality (Legacy),Green Solutions,United States,613,$6.88  ~ $7.00 ,$7.24 ,$136.83 ,0.10%,N/A,N/A
Religion & Spirituality (Legacy),Food & Drink,United States,145,$5.28  ~ $5.55 ,$17.90 ,N/A,0.03%,N/A,N/A
Religion & Spirituality (Legacy),Food & Drink,Canada,6,$4.09  ~ $9.13 ,N/A,N/A,N/A,N/A,N/A
Religion & Spirituality (Legacy),Bed & Breakfasts,United States,621,$0.66  ~ $3.65 ,$4.91 ,N/A,0.07%,N/A,N/A
Religion & Spirituality (Legacy),Bed & Breakfasts,United Kingdom,3,$7.23  ~ $7.35 ,N/A,N/A,N/A,N/A,N/A
Religion & Spirituality (Legacy),Bed & Breakfasts,Canada,70,$0.30  ~ $0.30 ,$0.36 ,N/A,0.08%,N/A,N/A
Religion & Spirituality (Legacy),Tax Planning,United States,6,$10.70  ~ $11.50 ,$3.60 ,N/A,0.30%,N/A,N/A
Religion & Spirituality (Legacy),News,United States,141,$11.56  ~ $12.07 ,$8.95 ,$26.75 ,0.13%,N/A,N/A
Religion & Spirituality (Legacy),Insurance,Canada,7,$5.28  ~ $10.79 ,N/A,N/A,N/A,N/A,N/A
Religion & Spirituality (Legacy),Insurance,United States,"1,319",$8.15  ~ $9.20 ,$6.28 ,$116.76 ,0.13%,N/A,N/A
Religion & Spirituality (Legacy),Insurance,United Kingdom,121,$4.96  ~ $5.44 ,$4.03 ,$97.02 ,0.13%,N/A,N/A
Religion & Spirituality (Legacy),Distance Learning,United States,123,$11.99  ~ $12.88 ,$22.16 ,$38.56 ,0.05%,N/A,N/A
Religion & Spirituality (Legacy),Dental Care,United States,35,$3.28  ~ $3.39 ,N/A,N/A,N/A,N/A,N/A
Religion & Spirituality (Legacy),Dental Care,Canada,4,$2.10  ~ $4.31 ,N/A,N/A,N/A,N/A,N/A
Religion & Spirituality (Legacy),Weight Loss,United States,33,$3.96  ~ $3.98 ,$4.81 ,N/A,0.08%,N/A,N/A
Religion & Spirituality (Legacy),Weight Loss,Mexico,5,$1.45  ~ $3.30 ,$0.33 ,N/A,0.43%,N/A,N/A
Religion & Spirituality (Legacy),Weight Loss,United Kingdom,6,$8.18  ~ $8.20 ,$63.84 ,N/A,0.01%,N/A,N/A
Religion & Spirituality (Legacy),Off-Road Vehicles,United States,6,$5.69  ~ $6.80 ,N/A,N/A,N/A,N/A,N/A
Religion & Spirituality (Legacy),Cold & Flu,United States,78,$7.05  ~ $9.60 ,$4.20 ,N/A,0.23%,N/A,N/A
Religion & Spirituality (Legacy),Cold & Flu,Canada,1,$2.20  ~ $4.91 ,N/A,N/A,N/A,N/A,N/A
Religion & Spirituality (Legacy),Cold & Flu,United Kingdom,1,$10.83  ~ $23.51 ,N/A,N/A,N/A,N/A,N/A
Religion & Spirituality (Legacy),Cell Phones,United States,2,$7.55  ~ $7.55 ,$9.82 ,N/A,0.08%,N/A,N/A
Religion & Spirituality (Legacy),Fine Art,United States,287,$6.96  ~ $7.55 ,$11.21 ,$54.71 ,0.06%,N/A,N/A
Religion & Spirituality (Legacy),Fine Art,Canada,1,$5.99  ~ $6.76 ,N/A,N/A,N/A,N/A,N/A
Religion & Spirituality (Legacy),Fine Art,United Kingdom,189,$6.86  ~ $7.22 ,$19.24 ,$106.85 ,0.04%,N/A,N/A
Religion & Spirituality (Legacy),"Law, Gov't & Politics",United States,6,$1.25  ~ $4.60 ,N/A,N/A,N/A,N/A,N/A
Religion & Spirituality (Legacy),Personal Finance,United States,"3,734",$5.57  ~ $6.13 ,$9.37 ,$83.20 ,0.07%,N/A,N/A
Religion & Spirituality (Legacy),Personal Finance,Canada,59,$6.12  ~ $6.50 ,$19.37 ,N/A,0.03%,N/A,N/A
Religion & Spirituality (Legacy),Personal Finance,United Kingdom,28,$7.59  ~ $10.32 ,$14.30 ,N/A,0.05%,N/A,N/A
Religion & Spirituality (Legacy),Personal Finance,Ireland,1,$7.25  ~ $7.27 ,$9.90 ,N/A,0.07%,N/A,N/A
Religion & Spirituality (Legacy),Technology & Computing,United States,129,$7.06  ~ $7.11 ,$15.69 ,$93.53 ,0.05%,N/A,N/A
Religion & Spirituality (Legacy),Technology & Computing,Canada,135,$5.24  ~ $6.79 ,N/A,N/A,N/A,N/A,N/A
Religion & Spirituality (Legacy),Technology & Computing,United Kingdom,8,$6.51  ~ $10.90 ,$11.53 ,N/A,0.09%,N/A,N/A
Religion & Spirituality (Legacy),U.S. Military,United States,11,$1.95  ~ $1.98 ,N/A,N/A,N/A,N/A,N/A
Religion & Spirituality (Legacy),Movies,United States,9,$5.92  ~ $5.93 ,$11.38 ,N/A,0.05%,N/A,N/A
Religion & Spirituality (Legacy),Catholicism,United States,9,$6.77  ~ $8.70 ,N/A,N/A,N/A,N/A,N/A
Religion & Spirituality (Legacy),Babies & Toddlers,United States,1,$8.43  ~ $9.96 ,N/A,N/A,N/A,N/A,N/A
Religion & Spirituality (Legacy),Music,United Kingdom,7,$3.00  ~ $5.60 ,$11.03 ,N/A,0.05%,N/A,N/A
Religion & Spirituality (Legacy),Music,United States,"1,317",$6.63  ~ $6.72 ,$15.55 ,$472.05 ,0.04%,N/A,N/A
Religion & Spirituality (Legacy),Music,Canada,10,$3.92  ~ $4.34 ,$3.17 ,N/A,0.14%,N/A,N/A
Religion & Spirituality (Legacy),Dogs,United States,165,$3.30  ~ $5.32 ,$3.07 ,$13.38 ,0.11%,N/A,N/A
Religion & Spirituality (Legacy),Dogs,United Kingdom,5,$9.30  ~ $9.30 ,N/A,N/A,N/A,N/A,N/A
Religion & Spirituality (Legacy),Style & Fashion,United States,9,$4.18  ~ $7.84 ,$8.54 ,N/A,0.09%,N/A,N/A
Religion & Spirituality (Legacy),Beauty,United States,70,$7.53  ~ $9.20 ,$8.62 ,$26.39 ,0.11%,N/A,N/A
Religion & Spirituality (Legacy),Beauty,United Kingdom,31,$7.03  ~ $7.30 ,$14.17 ,N/A,0.05%,N/A,N/A
Religion & Spirituality (Legacy),Beauty,Canada,11,$1.59  ~ $2.08 ,N/A,N/A,N/A,N/A,N/A
Religion & Spirituality (Legacy),Buying/Selling Homes,Canada,63,$5.02  ~ $6.54 ,$9.66 ,$32.39 ,0.05%,N/A,N/A
Religion & Spirituality (Legacy),Buying/Selling Homes,United Kingdom,79,$5.87  ~ $7.09 ,$12.34 ,N/A,0.05%,N/A,N/A
Religion & Spirituality (Legacy),Buying/Selling Homes,United States,291,$7.23  ~ $8.34 ,$7.99 ,$22.79 ,0.09%,N/A,N/A
Religion & Spirituality (Legacy),Business Software,Canada,49,$7.21  ~ $8.58 ,$4.58 ,N/A,0.19%,N/A,N/A
Religion & Spirituality (Legacy),Business Software,United Kingdom,30,$12.38  ~ $13.18 ,$11.95 ,N/A,0.11%,N/A,N/A
Religion & Spirituality (Legacy),Business Software,United States,"1,463",$8.73  ~ $9.39 ,$13.14 ,$160.44 ,0.07%,N/A,N/A
Religion & Spirituality (Legacy),Agriculture,United States,32,$3.79  ~ $4.46 ,$11.16 ,N/A,0.03%,N/A,N/A
Religion & Spirituality (Legacy),Agriculture,Canada,33,$5.34  ~ $9.58 ,$6.67 ,$4.08 ,0.08%,N/A,N/A
Religion & Spirituality (Legacy),Education,United States,897,$7.10  ~ $7.19 ,$11.34 ,$46.08 ,0.06%,N/A,N/A
Religion & Spirituality (Legacy),Education,United Kingdom,99,$7.99  ~ $9.03 ,$12.66 ,N/A,0.06%,N/A,N/A
Religion & Spirituality (Legacy),Commentary,United States,18,$14.94  ~ $16.31 ,$76.57 ,N/A,0.02%,N/A,N/A
Religion & Spirituality (Legacy),Careers,Canada,73,$3.45  ~ $3.49 ,$6.52 ,$12.99 ,0.05%,N/A,N/A
Religion & Spirituality (Legacy),Careers,United States,279,$2.22  ~ $7.81 ,$12.31 ,N/A,0.02%,N/A,N/A
Religion & Spirituality (Legacy),Careers,United Kingdom,9,$5.05  ~ $16.15 ,$9.88 ,N/A,0.05%,N/A,N/A
Religion & Spirituality (Legacy),Daycare/Pre School,United States,1,$2.01  ~ $3.53 ,$0.52 ,N/A,0.68%,N/A,N/A
Religion & Spirituality (Legacy),Hunting/Shooting,United States,15,$7.27  ~ $7.27 ,N/A,N/A,N/A,N/A,N/A
Religion & Spirituality (Legacy),Radio,United States,8,$5.73  ~ $6.42 ,$6.12 ,N/A,0.10%,N/A,N/A
Religion & Spirituality (Legacy),Cocktails/Beer,United Kingdom,7,$0.00  ~ $0.00 ,N/A,N/A,N/A,N/A,N/A
Science (Legacy),Exercise,United Kingdom,523,$3.59  ~ $7.15 ,$3.17 ,$40.62 ,0.11%,N/A,N/A
Science (Legacy),Exercise,United States,"1,283",$5.24  ~ $5.32 ,$8.69 ,$72.77 ,0.06%,N/A,N/A
Science (Legacy),Exercise,Canada,103,$3.95  ~ $4.14 ,$3.58 ,N/A,0.12%,N/A,N/A
Science (Legacy),Business,United States,"30,461",$8.07  ~ $8.15 ,$10.22 ,$114.70 ,0.08%,N/A,N/A
Science (Legacy),Business,United Kingdom,"2,635",$5.30  ~ $5.81 ,$6.56 ,$46.82 ,0.09%,N/A,N/A
Science (Legacy),Business,Canada,"1,734",$6.00  ~ $9.12 ,$11.27 ,$115.98 ,0.05%,N/A,N/A
Science (Legacy),Business,Mexico,1,$6.05  ~ $6.09 ,$1.63 ,$3.60 ,0.37%,N/A,N/A
Science (Legacy),Personal Finance,United States,"24,918",$6.24  ~ $6.74 ,$7.35 ,$81.36 ,0.09%,N/A,N/A
Science (Legacy),Personal Finance,Canada,565,$5.16  ~ $5.42 ,$13.81 ,$108.62 ,0.04%,N/A,N/A
Science (Legacy),Personal Finance,United Kingdom,613,$5.87  ~ $10.84 ,$7.56 ,$42.32 ,0.08%,N/A,N/A
Science (Legacy),Personal Finance,Ireland,25,$7.32  ~ $7.36 ,$7.87 ,$114.25 ,0.09%,N/A,N/A
Science (Legacy),Hotels,United States,"4,956",$5.95  ~ $7.13 ,$8.20 ,$62.20 ,0.09%,N/A,N/A
Science (Legacy),Hotels,Canada,52,$3.88  ~ $4.04 ,$0.58 ,$8.19 ,0.69%,N/A,N/A
Science (Legacy),Hotels,United Kingdom,150,$3.57  ~ $4.69 ,$9.13 ,N/A,0.05%,N/A,N/A
Science (Legacy),Air Travel,United States,"15,438",$6.65  ~ $7.01 ,$6.13 ,$42.34 ,0.11%,N/A,N/A
Science (Legacy),Air Travel,United Kingdom,27,$6.11  ~ $14.04 ,$18.28 ,N/A,0.03%,N/A,N/A
Science (Legacy),Air Travel,Canada,53,$6.49  ~ $6.58 ,$3.49 ,N/A,0.19%,N/A,N/A
Science (Legacy),Government,United States,96,$8.21  ~ $8.30 ,$8.70 ,N/A,0.09%,N/A,N/A
Science (Legacy),Government,Canada,13,$9.20  ~ $9.84 ,$4.09 ,N/A,0.22%,N/A,N/A
Science (Legacy),Allergies,United Kingdom,5,$3.29  ~ $8.16 ,N/A,N/A,N/A,N/A,N/A
Science (Legacy),Allergies,Canada,116,$5.17  ~ $11.69 ,$6.32 ,N/A,0.08%,N/A,N/A
Science (Legacy),Wine,United States,82,$8.10  ~ $9.51 ,$14.71 ,N/A,0.06%,N/A,N/A
Science (Legacy),Pets,Canada,57,$8.33  ~ $8.36 ,$19.44 ,$699.07 ,0.04%,N/A,N/A
Science (Legacy),Pets,United States,"2,889",$8.15  ~ $8.44 ,$10.56 ,N/A,0.08%,N/A,N/A
Science (Legacy),Antivirus Software,Canada,67,$8.76  ~ $8.76 ,$12.76 ,N/A,0.07%,N/A,N/A
Science (Legacy),Antivirus Software,United States,924,$8.71  ~ $8.71 ,$4.16 ,$33.28 ,0.21%,N/A,N/A
Science (Legacy),Distance Learning,United States,475,$11.18  ~ $12.08 ,$21.73 ,$68.22 ,0.05%,N/A,N/A
Science (Legacy),Psychology/Psychiatry,United Kingdom,"1,014",$7.90  ~ $8.21 ,$9.43 ,N/A,0.08%,N/A,N/A
Science (Legacy),Psychology/Psychiatry,United States,"7,709",$6.65  ~ $8.29 ,$8.78 ,$83.99 ,0.09%,N/A,N/A
Science (Legacy),Psychology/Psychiatry,Canada,251,$5.99  ~ $6.02 ,$11.85 ,$42.41 ,0.05%,N/A,N/A
Science (Legacy),Sexuality,Canada,17,$2.76  ~ $5.66 ,N/A,N/A,N/A,N/A,N/A
Science (Legacy),Sexuality,United States,"3,851",$5.80  ~ $6.93 ,$8.67 ,$53.63 ,0.07%,N/A,N/A
Science (Legacy),Technology & Computing,Canada,629,$5.53  ~ $6.87 ,$12.30 ,N/A,0.06%,N/A,N/A
Science (Legacy),Technology & Computing,United States,"1,353",$6.79  ~ $6.85 ,$15.93 ,$85.47 ,0.04%,N/A,N/A
Science (Legacy),Technology & Computing,United Kingdom,851,$6.36  ~ $10.06 ,$7.97 ,$112.69 ,0.13%,N/A,N/A
Science (Legacy),Automotive,United Kingdom,185,$7.28  ~ $19.11 ,$32.44 ,N/A,0.06%,N/A,N/A
Science (Legacy),Automotive,Canada,154,$7.56  ~ $8.89 ,$6.75 ,$32.30 ,0.11%,N/A,N/A
Science (Legacy),Automotive,United States,"9,957",$7.93  ~ $9.63 ,$10.07 ,$162.69 ,0.08%,N/A,N/A
Science (Legacy),College,United States,"2,851",$5.88  ~ $8.49 ,$9.98 ,$161.17 ,0.09%,N/A,N/A
Science (Legacy),College,United Kingdom,334,$8.06  ~ $8.19 ,$10.31 ,$139.01 ,0.08%,N/A,N/A
Science (Legacy),College,Canada,357,$4.82  ~ $6.86 ,$7.93 ,$32.12 ,0.06%,N/A,N/A
Science (Legacy),Education,Mexico,3,$6.24  ~ $8.17 ,$4.35 ,$13.04 ,0.14%,N/A,N/A
Science (Legacy),Education,United States,"4,690",$7.55  ~ $7.72 ,$8.40 ,$62.16 ,0.09%,N/A,N/A
Science (Legacy),Education,United Kingdom,550,$6.93  ~ $9.10 ,$10.46 ,$165.81 ,0.07%,N/A,N/A
Science (Legacy),Education,Canada,58,$7.93  ~ $9.70 ,$45.52 ,N/A,0.02%,N/A,N/A
Science (Legacy),Pediatrics,United States,"2,563",$9.23  ~ $40.83 ,$16.98 ,N/A,0.05%,N/A,N/A
Science (Legacy),Certified Pre-Owned,United States,28,$11.93  ~ $13.67 ,N/A,N/A,N/A,N/A,N/A
Science (Legacy),Certified Pre-Owned,Canada,9,$2.91  ~ $6.61 ,N/A,N/A,N/A,N/A,N/A
Science (Legacy),Certified Pre-Owned,United Kingdom,1,$27.71  ~ $27.71 ,N/A,N/A,N/A,N/A,N/A
Science (Legacy),Radio,United States,169,$5.44  ~ $6.40 ,$11.74 ,N/A,0.05%,N/A,N/A
Science (Legacy),Homework/Study Tips,United States,23,$2.15  ~ $5.06 ,N/A,N/A,N/A,N/A,N/A
Science (Legacy),Apartments,United Kingdom,"2,038",$7.01  ~ $7.28 ,$7.12 ,$56.79 ,0.10%,N/A,N/A
Science (Legacy),Apartments,United States,491,$6.09  ~ $7.56 ,$1.81 ,$31.87 ,0.34%,N/A,N/A
Science (Legacy),Apartments,Canada,138,$2.38  ~ $6.41 ,$11.44 ,N/A,0.06%,N/A,N/A
Science (Legacy),Biotech/Biomedical,Canada,"1,424",$6.87  ~ $8.38 ,$4.27 ,$39.11 ,0.16%,N/A,N/A
Science (Legacy),Biotech/Biomedical,United Kingdom,41,$6.91  ~ $10.43 ,$67.37 ,N/A,0.02%,N/A,N/A
Science (Legacy),Biotech/Biomedical,United States,"6,291",$11.17  ~ $27.44 ,$5.29 ,$116.32 ,0.21%,N/A,N/A
Science (Legacy),Cigars,United States,"14,365",$6.68  ~ $7.01 ,$10.30 ,$76.72 ,0.07%,N/A,N/A
Science (Legacy),Cigars,United Kingdom,"2,132",$3.49  ~ $15.22 ,$9.73 ,N/A,0.04%,N/A,N/A
Science (Legacy),Cigars,Canada,136,$4.02  ~ $4.11 ,$2.70 ,N/A,0.15%,N/A,N/A
Science (Legacy),Credit/Debt & Loans,Canada,495,$7.75  ~ $7.84 ,$5.69 ,$19.76 ,0.14%,N/A,N/A
Science (Legacy),Credit/Debt & Loans,United States,"22,420",$6.74  ~ $8.03 ,$6.81 ,$59.61 ,0.12%,N/A,N/A
Science (Legacy),Credit/Debt & Loans,United Kingdom,219,$5.15  ~ $7.21 ,$9.70 ,N/A,0.07%,N/A,N/A
Science (Legacy),Pro Basketball,Canada,50,$4.87  ~ $13.73 ,$5.66 ,$15.88 ,0.09%,N/A,N/A
Science (Legacy),Pro Basketball,United States,439,$7.36  ~ $8.21 ,$12.24 ,$82.47 ,0.06%,N/A,N/A
Science (Legacy),Pro Basketball,United Kingdom,62,$7.15  ~ $8.19 ,$44.87 ,$88.33 ,0.02%,N/A,N/A
Science (Legacy),Careers,Canada,359,$3.75  ~ $3.91 ,$6.90 ,$48.11 ,0.05%,N/A,N/A
Science (Legacy),Careers,United States,"1,803",$3.63  ~ $7.81 ,$6.22 ,$150.59 ,0.06%,N/A,N/A
Science (Legacy),Careers,United Kingdom,108,$6.63  ~ $14.48 ,$11.50 ,N/A,0.06%,N/A,N/A
Science (Legacy),Health & Fitness,United Kingdom,"1,540",$5.58  ~ $6.04 ,$8.35 ,$134.00 ,0.07%,N/A,N/A
Science (Legacy),Health & Fitness,Canada,"4,695",$7.34  ~ $8.21 ,$6.29 ,$52.30 ,0.12%,N/A,N/A
Science (Legacy),Health & Fitness,United States,"41,062",$8.57  ~ $8.86 ,$6.81 ,$61.76 ,0.13%,N/A,N/A
Science (Legacy),Stamps & Coins,United States,17,$3.38  ~ $8.39 ,N/A,N/A,N/A,N/A,N/A
Science (Legacy),Comparison,United States,15,$4.45  ~ $9.18 ,N/A,N/A,N/A,N/A,N/A
Science (Legacy),Dogs,Canada,16,$2.42  ~ $5.38 ,N/A,N/A,N/A,N/A,N/A
Science (Legacy),Dogs,United States,"2,882",$4.35  ~ $6.66 ,$4.81 ,$58.35 ,0.09%,N/A,N/A
Science (Legacy),Dogs,United Kingdom,35,$9.04  ~ $9.04 ,N/A,N/A,N/A,N/A,N/A
Science (Legacy),Auto Parts,United Kingdom,73,$7.30  ~ $7.30 ,$7.53 ,$22.58 ,0.10%,N/A,N/A
Science (Legacy),Auto Parts,United States,"1,261",$6.49  ~ $7.18 ,$9.91 ,$70.20 ,0.07%,N/A,N/A
Science (Legacy),Auto Parts,Canada,30,$5.81  ~ $13.74 ,$3.31 ,N/A,0.18%,N/A,N/A
Science (Legacy),Horse Racing,Canada,62,$6.73  ~ $14.67 ,$10.94 ,$21.88 ,0.06%,N/A,N/A
Science (Legacy),Business Software,Canada,"2,241",$7.09  ~ $8.52 ,$11.34 ,$107.13 ,0.08%,N/A,N/A
Science (Legacy),Business Software,United Kingdom,"2,140",$7.70  ~ $12.01 ,$13.76 ,$66.25 ,0.09%,N/A,N/A
Science (Legacy),Business Software,Ireland,6,$6.94  ~ $10.67 ,$5.51 ,$37.58 ,0.19%,N/A,N/A
Science (Legacy),Business Software,United States,"18,189",$9.16  ~ $10.33 ,$13.10 ,$114.83 ,0.08%,N/A,N/A
Science (Legacy),Martial Arts,United States,54,$3.41  ~ $7.12 ,N/A,N/A,N/A,N/A,N/A
Science (Legacy),Martial Arts,Canada,5,$2.09  ~ $4.61 ,N/A,N/A,N/A,N/A,N/A
Science (Legacy),Movies,United States,50,$6.44  ~ $6.51 ,$4.89 ,N/A,0.13%,N/A,N/A
Science (Legacy),Home Repair,Canada,199,$5.10  ~ $5.33 ,$2.52 ,$43.31 ,0.21%,N/A,N/A
Science (Legacy),Home Repair,United States,"5,631",$7.99  ~ $8.30 ,$7.67 ,$99.58 ,0.10%,N/A,N/A
Science (Legacy),Home Repair,United Kingdom,782,$7.75  ~ $8.70 ,$6.28 ,N/A,0.12%,N/A,N/A
Science (Legacy),News,United States,"1,230",$11.78  ~ $14.60 ,$9.08 ,$87.63 ,0.13%,N/A,N/A
Science (Legacy),News,Canada,3,$4.84  ~ $11.56 ,$9.22 ,$9.17 ,0.05%,N/A,N/A
Science (Legacy),Hobbies & Interests,Canada,28,$6.69  ~ $13.71 ,$5.69 ,N/A,0.12%,N/A,N/A
Science (Legacy),Hobbies & Interests,United States,"12,950",$7.67  ~ $8.17 ,$13.62 ,$42.66 ,0.06%,N/A,N/A
Science (Legacy),Hobbies & Interests,United Kingdom,"4,320",$1.49  ~ $1.49 ,$5.75 ,N/A,0.03%,N/A,N/A
Science (Legacy),Financial Aid,United States,114,$7.85  ~ $8.34 ,$6.71 ,N/A,0.12%,N/A,N/A
Science (Legacy),Architects,United Kingdom,2,$7.29  ~ $7.29 ,N/A,N/A,N/A,N/A,N/A
Science (Legacy),Computer Certification,United States,9,$6.68  ~ $16.00 ,N/A,N/A,N/A,N/A,N/A
Science (Legacy),Cruises,United States,"2,420",$7.59  ~ $9.50 ,$5.30 ,$51.20 ,0.18%,N/A,N/A
Science (Legacy),Cruises,Canada,85,$4.91  ~ $8.31 ,$3.50 ,$18.33 ,0.14%,N/A,N/A
Science (Legacy),Cruises,United Kingdom,38,$5.64  ~ $5.73 ,$8.07 ,$72.15 ,0.07%,N/A,N/A
Science (Legacy),Construction,United States,"2,554",$6.64  ~ $7.21 ,$1.69 ,$32.49 ,0.39%,N/A,N/A
Science (Legacy),Construction,Canada,156,$6.99  ~ $14.50 ,$10.61 ,N/A,0.07%,N/A,N/A
Science (Legacy),Construction,United Kingdom,139,$6.50  ~ $8.66 ,$0.45 ,N/A,1.46%,N/A,N/A
Science (Legacy),Cancer,United Kingdom,33,$6.63  ~ $6.63 ,$6.55 ,N/A,0.10%,N/A,N/A
Science (Legacy),Cancer,United States,640,$10.95  ~ $19.32 ,$38.79 ,$214.36 ,0.05%,N/A,N/A
Science (Legacy),Tax Planning,United States,46,$9.33  ~ $9.76 ,$16.94 ,N/A,0.06%,N/A,N/A
Science (Legacy),Entertaining,Canada,5,$2.06  ~ $4.44 ,N/A,N/A,N/A,N/A,N/A
Science (Legacy),Entertaining,United States,88,$2.82  ~ $5.62 ,$3.90 ,N/A,0.07%,N/A,N/A
Science (Legacy),Body Art,United States,6,$2.05  ~ $4.69 ,N/A,N/A,N/A,N/A,N/A
Science (Legacy),Chronic Pain,United States,126,$12.24  ~ $12.41 ,$23.08 ,N/A,0.05%,N/A,N/A
Science (Legacy),Arts & Entertainment,Canada,783,$5.68  ~ $9.55 ,$3.89 ,$11.32 ,0.15%,N/A,N/A
Science (Legacy),Arts & Entertainment,United States,"9,838",$6.53  ~ $7.42 ,$9.05 ,$112.30 ,0.07%,N/A,N/A
Science (Legacy),Arts & Entertainment,United Kingdom,364,$5.76  ~ $7.88 ,$6.98 ,$48.75 ,0.08%,N/A,N/A
Science (Legacy),Dining Out,Canada,174,$7.16  ~ $8.51 ,$12.05 ,N/A,0.06%,N/A,N/A
Science (Legacy),Dining Out,United States,"3,961",$6.41  ~ $9.93 ,$10.70 ,$114.42 ,0.06%,N/A,N/A
Science (Legacy),Dining Out,United Kingdom,149,$15.97  ~ $20.91 ,$19.95 ,$475.67 ,0.08%,N/A,N/A
Science (Legacy),Environmental Safety,United States,245,$6.96  ~ $7.98 ,$9.10 ,N/A,0.08%,N/A,N/A
Science (Legacy),Environmental Safety,Canada,5,$2.16  ~ $5.11 ,N/A,N/A,N/A,N/A,N/A
Science (Legacy),Buying/Selling Cars,Canada,294,$5.56  ~ $6.99 ,$11.37 ,$155.80 ,0.05%,N/A,N/A
Science (Legacy),Buying/Selling Cars,United States,"2,791",$6.54  ~ $6.67 ,$10.46 ,$150.22 ,0.06%,N/A,N/A
Science (Legacy),Buying/Selling Cars,United Kingdom,146,$8.55  ~ $12.62 ,$12.29 ,$106.36 ,0.10%,N/A,N/A
Science (Legacy),Books & Literature,United States,"2,561",$5.91  ~ $6.04 ,$0.39 ,$74.36 ,1.54%,N/A,N/A
Science (Legacy),Books & Literature,Canada,621,$5.70  ~ $5.81 ,$3.16 ,N/A,0.18%,N/A,N/A
Science (Legacy),Books & Literature,United Kingdom,97,$5.88  ~ $5.89 ,$2.16 ,N/A,0.27%,N/A,N/A
Science (Legacy),Home & Garden,United States,"8,928",$6.34  ~ $6.67 ,$7.30 ,$42.63 ,0.09%,N/A,N/A
Science (Legacy),Home & Garden,Canada,768,$2.89  ~ $4.88 ,$6.67 ,$110.69 ,0.07%,N/A,N/A
Science (Legacy),Home & Garden,United Kingdom,499,$6.65  ~ $6.84 ,$9.77 ,$51.66 ,0.07%,N/A,N/A
Science (Legacy),Jewelry,Canada,188,$3.95  ~ $4.00 ,$4.19 ,N/A,0.09%,N/A,N/A
Science (Legacy),Jewelry,United States,"57,183",$2.06  ~ $7.40 ,$2.25 ,$40.75 ,0.09%,N/A,N/A
Science (Legacy),Clothing,Canada,318,$7.24  ~ $7.34 ,$2.19 ,$14.82 ,0.33%,N/A,N/A
Science (Legacy),Clothing,United States,"27,484",$7.13  ~ $7.26 ,$7.63 ,$51.20 ,0.10%,N/A,N/A
Science (Legacy),Clothing,United Kingdom,24,$8.32  ~ $8.32 ,$17.10 ,$17.10 ,0.05%,N/A,N/A
Science (Legacy),Health/Lowfat Cooking,Mexico,3,$10.17  ~ $23.42 ,N/A,N/A,N/A,N/A,N/A
Science (Legacy),Health/Lowfat Cooking,Canada,48,$3.00  ~ $12.07 ,$7.24 ,N/A,0.17%,N/A,N/A
Science (Legacy),Health/Lowfat Cooking,United States,519,$8.26  ~ $9.52 ,$7.95 ,$47.42 ,0.10%,N/A,N/A
Science (Legacy),Health/Lowfat Cooking,United Kingdom,32,$5.55  ~ $5.55 ,$10.43 ,N/A,0.05%,N/A,N/A
Science (Legacy),K-6 Educators,United States,"1,638",$6.69  ~ $10.47 ,$4.27 ,$51.80 ,0.16%,N/A,N/A
Science (Legacy),K-6 Educators,Canada,16,$3.48  ~ $12.04 ,$0.63 ,N/A,0.56%,N/A,N/A
Science (Legacy),K-6 Educators,United Kingdom,2,$6.41  ~ $7.04 ,$9.06 ,N/A,0.07%,N/A,N/A
Science (Legacy),U.S. Government Resources,United States,22,$6.27  ~ $6.99 ,$3.06 ,N/A,0.21%,N/A,N/A
Science (Legacy),Beauty,United Kingdom,"1,044",$6.90  ~ $7.44 ,$19.40 ,N/A,0.04%,N/A,N/A
Science (Legacy),Beauty,Canada,"2,758",$2.34  ~ $2.85 ,N/A,N/A,N/A,N/A,N/A
Science (Legacy),Beauty,United States,"1,255",$7.86  ~ $9.18 ,$12.73 ,$102.18 ,0.07%,N/A,N/A
Science (Legacy),Commentary,United States,144,$14.52  ~ $19.40 ,$58.00 ,N/A,0.03%,N/A,N/A
Science (Legacy),Honeymoons/Getaways,Canada,159,$9.07  ~ $10.37 ,$6.83 ,N/A,0.15%,N/A,N/A
Science (Legacy),Honeymoons/Getaways,United Kingdom,316,$7.25  ~ $8.44 ,$8.03 ,N/A,0.10%,N/A,N/A
Science (Legacy),Honeymoons/Getaways,United States,"1,541",$8.32  ~ $9.15 ,$6.13 ,$46.25 ,0.14%,N/A,N/A
Science (Legacy),Real Estate,United Kingdom,895,$5.40  ~ $6.97 ,$6.37 ,$42.94 ,0.08%,N/A,N/A
Science (Legacy),Real Estate,United States,"3,473",$6.71  ~ $6.94 ,$3.06 ,$25.23 ,0.22%,N/A,N/A
Science (Legacy),Real Estate,Canada,215,$3.80  ~ $5.57 ,$6.29 ,$36.48 ,0.09%,N/A,N/A
Science (Legacy),Infertility,United States,376,$4.13  ~ $7.12 ,$33.21 ,N/A,0.02%,N/A,N/A
Science (Legacy),Catholicism,United States,56,$6.48  ~ $9.45 ,$19.03 ,N/A,0.05%,N/A,N/A
Science (Legacy),Internet Technology,Canada,2,$3.95  ~ $8.21 ,N/A,N/A,N/A,N/A,N/A
Science (Legacy),Internet Technology,United Kingdom,9,$6.37  ~ $7.49 ,$13.53 ,$43.98 ,0.06%,N/A,N/A
Science (Legacy),Internet Technology,United States,680,$8.82  ~ $9.43 ,$19.64 ,$38.67 ,0.05%,N/A,N/A
Science (Legacy),Alternative Medicine,United States,946,$8.51  ~ $17.66 ,$26.45 ,N/A,0.07%,N/A,N/A
Science (Legacy),Alternative Medicine,Canada,81,$1.74  ~ $1.99 ,$2.10 ,N/A,0.09%,N/A,N/A
Science (Legacy),Alternative Medicine,United Kingdom,10,$5.42  ~ $5.42 ,N/A,N/A,N/A,N/A,N/A
Science (Legacy),Alternative Religions,United States,98,$7.92  ~ $8.01 ,$8.00 ,$25.42 ,0.10%,N/A,N/A
Science (Legacy),Alternative Religions,United Kingdom,15,$5.76  ~ $12.66 ,N/A,N/A,N/A,N/A,N/A
Science (Legacy),Marketing,United States,110,$6.84  ~ $8.52 ,$7.62 ,N/A,0.11%,N/A,N/A
Science (Legacy),Marketing,Canada,"2,504",$2.79  ~ $6.97 ,$2.31 ,$10.11 ,0.12%,N/A,N/A
Science (Legacy),Thyroid Disease,United States,2,$32.52  ~ $78.07 ,N/A,N/A,N/A,N/A,N/A
Science (Legacy),Music,United Kingdom,282,$5.13  ~ $6.51 ,$13.01 ,N/A,0.05%,N/A,N/A
Science (Legacy),Music,United States,"13,388",$6.47  ~ $6.64 ,$10.79 ,$66.85 ,0.06%,N/A,N/A
Science (Legacy),Music,Canada,102,$3.82  ~ $4.14 ,$5.06 ,$64.77 ,0.08%,N/A,N/A
Science (Legacy),Travel,United States,"11,684",$5.70  ~ $6.05 ,$4.59 ,$56.91 ,0.13%,N/A,N/A
Science (Legacy),Travel,Canada,4,$6.02  ~ $7.44 ,$4.75 ,N/A,0.16%,N/A,N/A
Science (Legacy),Travel,United Kingdom,"1,780",$4.79  ~ $5.16 ,$7.07 ,$22.43 ,0.07%,N/A,N/A
Science (Legacy),Buying/Selling Homes,Canada,627,$5.50  ~ $6.53 ,$7.03 ,$31.73 ,0.08%,N/A,N/A
Science (Legacy),Buying/Selling Homes,United Kingdom,"1,389",$5.81  ~ $7.21 ,$10.13 ,$50.20 ,0.06%,N/A,N/A
Science (Legacy),Buying/Selling Homes,United States,"2,843",$7.82  ~ $8.42 ,$9.30 ,$64.15 ,0.08%,N/A,N/A
Science (Legacy),Green Solutions,Canada,"2,108",$4.12  ~ $4.49 ,$6.19 ,$65.04 ,0.07%,N/A,N/A
Science (Legacy),Green Solutions,United States,"3,918",$6.28  ~ $6.62 ,$5.92 ,$93.62 ,0.11%,N/A,N/A
Science (Legacy),Green Solutions,United Kingdom,12,$6.66  ~ $7.71 ,$4.18 ,N/A,0.16%,N/A,N/A
Science (Legacy),Weight Loss,United Kingdom,"1,586",$8.15  ~ $8.18 ,$13.38 ,$147.23 ,0.06%,N/A,N/A
Science (Legacy),Weight Loss,United States,259,$3.84  ~ $3.99 ,$4.30 ,N/A,0.09%,N/A,N/A
Science (Legacy),Weight Loss,Mexico,12,$1.37  ~ $2.80 ,$0.65 ,N/A,0.21%,N/A,N/A
Science (Legacy),Net Conferencing,United Kingdom,1,$6.76  ~ $16.55 ,N/A,N/A,N/A,N/A,N/A
Science (Legacy),Net Conferencing,United States,80,$14.01  ~ $52.30 ,$24.16 ,N/A,0.06%,N/A,N/A
Science (Legacy),Net Conferencing,Canada,94,$6.36  ~ $15.41 ,N/A,N/A,N/A,N/A,N/A
Science (Legacy),Local News,United States,58,$8.66  ~ $20.98 ,$10.72 ,N/A,0.08%,N/A,N/A
Science (Legacy),Auto Repair,Canada,985,$6.09  ~ $6.25 ,$8.12 ,N/A,0.07%,N/A,N/A
Science (Legacy),Auto Repair,United States,"1,516",$7.11  ~ $9.00 ,$12.03 ,$83.37 ,0.07%,N/A,N/A
Science (Legacy),Shopping,United Kingdom,445,$5.46  ~ $5.57 ,$6.54 ,$90.57 ,0.09%,N/A,N/A
Science (Legacy),Shopping,United States,"12,218",$3.84  ~ $6.40 ,$4.70 ,$39.70 ,0.08%,N/A,N/A
Science (Legacy),Shopping,Canada,441,$2.30  ~ $3.32 ,$4.28 ,$16.48 ,0.05%,N/A,N/A
Science (Legacy),Metals,Canada,"3,217",$7.25  ~ $11.91 ,$9.34 ,$321.33 ,0.08%,N/A,N/A
Science (Legacy),Metals,United States,"18,874",$8.25  ~ $8.73 ,$10.60 ,$69.72 ,0.08%,N/A,N/A
Science (Legacy),Metals,United Kingdom,117,$7.64  ~ $8.93 ,$8.36 ,N/A,0.11%,N/A,N/A
Science (Legacy),Incest/Abuse Support,United States,"1,341",$8.49  ~ $9.87 ,$8.99 ,$84.54 ,0.09%,N/A,N/A
Science (Legacy),Incest/Abuse Support,Canada,88,$5.26  ~ $7.37 ,N/A,N/A,N/A,N/A,N/A
Science (Legacy),Daycare/Pre School,United States,22,$2.00  ~ $3.59 ,N/A,N/A,N/A,N/A,N/A
Science (Legacy),Cold & Flu,Canada,47,$2.20  ~ $4.91 ,N/A,N/A,N/A,N/A,N/A
Science (Legacy),Cold & Flu,United States,571,$7.76  ~ $12.46 ,$6.71 ,N/A,0.19%,N/A,N/A
Science (Legacy),Cold & Flu,United Kingdom,77,$10.01  ~ $23.64 ,$45.98 ,N/A,0.02%,N/A,N/A
Science (Legacy),"Law, Gov't & Politics",United States,85,$1.24  ~ $6.70 ,$6.67 ,N/A,0.10%,N/A,N/A
Science (Legacy),"Law, Gov't & Politics",Canada,1,$8.13  ~ $19.18 ,N/A,N/A,N/A,N/A,N/A
Science (Legacy),Coffee/Tea,United States,"1,663",$5.24  ~ $5.65 ,$3.88 ,$20.64 ,0.13%,N/A,N/A
Science (Legacy),Investing,Canada,36,$8.20  ~ $8.20 ,$3.84 ,N/A,0.21%,N/A,N/A
Science (Legacy),Investing,United States,"2,620",$6.20  ~ $7.83 ,$20.98 ,$468.35 ,0.04%,N/A,N/A
Science (Legacy),Investing,United Kingdom,15,$7.12  ~ $7.59 ,$3.36 ,N/A,0.23%,N/A,N/A
Science (Legacy),Arts & Crafts,United States,"3,144",$3.31  ~ $7.77 ,$1.21 ,$63.07 ,0.27%,N/A,N/A
Science (Legacy),Arts & Crafts,Canada,3,$3.02  ~ $7.54 ,N/A,N/A,N/A,N/A,N/A
Science (Legacy),Guitar,United States,5,$2.49  ~ $5.84 ,N/A,N/A,N/A,N/A,N/A
Science (Legacy),Mutual Funds,United States,"3,321",$8.08  ~ $8.53 ,$9.68 ,$152.43 ,0.08%,N/A,N/A
Science (Legacy),Mutual Funds,Mexico,1,$0.73  ~ $8.23 ,N/A,N/A,N/A,N/A,N/A
Science (Legacy),Mutual Funds,Canada,5,$5.37  ~ $5.65 ,$1.05 ,$9.98 ,0.51%,N/A,N/A
Science (Legacy),Senior Living,United States,994,$6.81  ~ $6.84 ,$10.14 ,$104.81 ,0.07%,N/A,N/A
Science (Legacy),Senior Living,United Kingdom,63,$6.03  ~ $6.86 ,$11.35 ,N/A,0.06%,N/A,N/A
Science (Legacy),Senior Living,Canada,149,$3.63  ~ $6.81 ,$2.20 ,N/A,0.16%,N/A,N/A
Science (Legacy),Career Planning,Mexico,2,$6.96  ~ $7.58 ,$5.00 ,N/A,0.14%,N/A,N/A
Science (Legacy),Career Planning,United States,867,$8.55  ~ $8.59 ,$7.10 ,$438.19 ,0.12%,N/A,N/A
Science (Legacy),Career Planning,Canada,"1,253",$6.95  ~ $7.93 ,N/A,N/A,N/A,N/A,N/A
Science (Legacy),Career Planning,United Kingdom,1,$8.71  ~ $8.74 ,$17.93 ,N/A,0.05%,N/A,N/A
Science (Legacy),Job Search,United States,"4,341",$9.53  ~ $10.01 ,$18.41 ,$82.90 ,0.05%,N/A,N/A
Science (Legacy),Job Search,Canada,8,$4.50  ~ $4.80 ,N/A,N/A,N/A,N/A,N/A
Science (Legacy),Job Search,United Kingdom,2,$7.01  ~ $15.81 ,N/A,N/A,N/A,N/A,N/A
Science (Legacy),Physical Therapy,United States,685,$10.50  ~ $17.89 ,$7.07 ,N/A,0.15%,N/A,N/A
Science (Legacy),Physical Therapy,Canada,152,$2.96  ~ $5.75 ,N/A,N/A,N/A,N/A,N/A
Science (Legacy),Physical Therapy,United Kingdom,160,$6.47  ~ $6.47 ,$11.87 ,N/A,0.05%,N/A,N/A
Science (Legacy),Cameras & Camcorders,Canada,5,$4.45  ~ $10.21 ,N/A,N/A,N/A,N/A,N/A
Science (Legacy),Adventure Travel,United States,434,$3.10  ~ $14.43 ,$8.24 ,$32.73 ,0.04%,N/A,N/A
Science (Legacy),Landscaping,United States,421,$5.18  ~ $5.68 ,$7.37 ,N/A,0.08%,N/A,N/A
Science (Legacy),Landscaping,Canada,164,$2.07  ~ $4.68 ,N/A,N/A,N/A,N/A,N/A
Science (Legacy),Desserts & Baking,Canada,12,$2.21  ~ $5.20 ,$0.40 ,N/A,0.55%,N/A,N/A
Science (Legacy),Desserts & Baking,United States,421,$4.45  ~ $10.79 ,$21.69 ,N/A,0.02%,N/A,N/A
Science (Legacy),Cell Phones,United States,96,$11.39  ~ $11.39 ,$17.45 ,$66.54 ,0.07%,N/A,N/A
Science (Legacy),Arthritis,United States,11,$5.59  ~ $5.65 ,$16.68 ,$33.35 ,0.03%,N/A,N/A
Science (Legacy),Legal Issues,Canada,"4,795",$5.18  ~ $6.60 ,$5.33 ,$61.79 ,0.12%,N/A,N/A
Science (Legacy),Legal Issues,United States,"26,578",$8.04  ~ $10.27 ,$9.44 ,$75.42 ,0.09%,N/A,N/A
Science (Legacy),Legal Issues,United Kingdom,"1,171",$4.80  ~ $5.09 ,$7.89 ,$105.36 ,0.06%,N/A,N/A
Science (Legacy),Large Animals,United States,17,$13.53  ~ $32.98 ,N/A,N/A,N/A,N/A,N/A
Science (Legacy),By US Locale,United States,3,$10.37  ~ $21.96 ,$2.93 ,N/A,0.35%,N/A,N/A
Science (Legacy),Couponing,Canada,"1,042",$4.86  ~ $11.81 ,$2.52 ,$7.70 ,0.19%,N/A,N/A
Science (Legacy),Couponing,United States,"8,703",$4.37  ~ $4.53 ,$4.71 ,$39.89 ,0.10%,N/A,N/A
Science (Legacy),Cocktails/Beer,Canada,109,$9.59  ~ $10.39 ,$4.64 ,N/A,0.21%,N/A,N/A
Science (Legacy),Cocktails/Beer,United States,"1,891",$8.49  ~ $9.36 ,$8.13 ,$143.29 ,0.10%,N/A,N/A
Science (Legacy),Art/Technology,United States,"6,183",$6.60  ~ $6.63 ,$9.65 ,$133.31 ,0.07%,N/A,N/A
Science (Legacy),Art/Technology,Canada,28,$7.26  ~ $8.08 ,$4.39 ,N/A,0.17%,N/A,N/A
Science (Legacy),Art/Technology,United Kingdom,267,$2.44  ~ $2.44 ,N/A,N/A,N/A,N/A,N/A
Science (Legacy),Remodeling & Construction,United States,"10,117",$4.15  ~ $5.83 ,$8.26 ,$61.74 ,0.07%,N/A,N/A
Science (Legacy),Remodeling & Construction,Canada,112,$2.55  ~ $5.94 ,$1.25 ,$2.05 ,0.20%,N/A,N/A
Science (Legacy),Interior Decorating,Canada,"1,979",$4.25  ~ $7.65 ,$6.23 ,$75.60 ,0.12%,N/A,N/A
Science (Legacy),Interior Decorating,United States,"4,477",$6.26  ~ $7.00 ,$6.86 ,$76.26 ,0.10%,N/A,N/A
Science (Legacy),Interior Decorating,United Kingdom,316,$4.83  ~ $4.89 ,$11.18 ,$64.35 ,0.04%,N/A,N/A
Science (Legacy),Insurance,Canada,984,$4.11  ~ $7.44 ,$10.86 ,$35.59 ,0.07%,N/A,N/A
Science (Legacy),Insurance,United States,"15,398",$8.35  ~ $8.77 ,$5.36 ,$85.75 ,0.16%,N/A,N/A
Science (Legacy),Insurance,United Kingdom,"1,787",$4.53  ~ $5.09 ,$6.04 ,$47.88 ,0.08%,N/A,N/A
Science (Legacy),Style & Fashion,United States,111,$4.17  ~ $8.69 ,$5.80 ,$18.42 ,0.15%,N/A,N/A
Science (Legacy),Off-Road Vehicles,United States,62,$9.56  ~ $20.28 ,$10.59 ,N/A,0.09%,N/A,N/A
Science (Legacy),Off-Road Vehicles,Canada,25,$6.69  ~ $14.70 ,$7.78 ,N/A,0.09%,N/A,N/A
Science (Legacy),Off-Road Vehicles,United Kingdom,1,$8.27  ~ $19.94 ,N/A,N/A,N/A,N/A,N/A
Science (Legacy),Weddings,United States,103,$6.32  ~ $6.46 ,$12.73 ,N/A,0.05%,N/A,N/A
Science (Legacy),Weddings,Canada,6,$2.17  ~ $4.89 ,N/A,N/A,N/A,N/A,N/A
Science (Legacy),Network Security,United States,21,$2.26  ~ $2.44 ,N/A,N/A,N/A,N/A,N/A
Science (Legacy),Network Security,Canada,4,$2.08  ~ $4.44 ,N/A,N/A,N/A,N/A,N/A
Science (Legacy),Motorcycles,United States,"4,303",$4.66  ~ $8.06 ,$7.22 ,$60.46 ,0.06%,N/A,N/A
Science (Legacy),Motorcycles,Canada,18,$4.89  ~ $11.14 ,$3.30 ,$14.30 ,0.15%,N/A,N/A
Science (Legacy),Fine Art,United States,"2,903",$7.09  ~ $7.84 ,$9.02 ,$73.96 ,0.08%,N/A,N/A
Science (Legacy),Fine Art,Canada,34,$6.83  ~ $6.85 ,$2.94 ,$36.76 ,0.23%,N/A,N/A
Science (Legacy),Fine Art,United Kingdom,"4,597",$6.18  ~ $6.46 ,$19.03 ,$413.53 ,0.03%,N/A,N/A
Science (Legacy),Computer Networking,United States,"2,241",$2.79  ~ $6.19 ,$1.30 ,$26.82 ,0.21%,N/A,N/A
Science (Legacy),Road-Side Assistance,Canada,20,$2.34  ~ $5.80 ,N/A,N/A,N/A,N/A,N/A
Science (Legacy),Road-Side Assistance,Mexico,16,$4.28  ~ $9.67 ,$17.12 ,N/A,0.02%,N/A,N/A
Science (Legacy),Road-Side Assistance,United Kingdom,46,$9.67  ~ $20.88 ,$16.60 ,N/A,0.06%,N/A,N/A
Science (Legacy),Road-Side Assistance,United States,9,$2.60  ~ $6.48 ,N/A,N/A,N/A,N/A,N/A
Science (Legacy),Family & Parenting,United Kingdom,660,$6.92  ~ $7.09 ,$11.16 ,$298.90 ,0.06%,N/A,N/A
Science (Legacy),Family & Parenting,United States,"1,741",$7.33  ~ $8.06 ,$5.68 ,$60.91 ,0.13%,N/A,N/A
Science (Legacy),Family & Parenting,Canada,164,$2.55  ~ $3.78 ,$0.25 ,N/A,1.03%,N/A,N/A
Science (Legacy),Food & Drink,United States,"1,645",$6.31  ~ $7.12 ,$5.31 ,$62.53 ,0.12%,N/A,N/A
Science (Legacy),Food & Drink,Canada,81,$5.26  ~ $11.88 ,$14.92 ,N/A,0.04%,N/A,N/A
Science (Legacy),Card Games,United States,"1,722",$10.41  ~ $12.82 ,$18.77 ,$88.58 ,0.06%,N/A,N/A
Science (Legacy),Card Games,Canada,"2,300",$6.21  ~ $6.66 ,$8.78 ,$38.27 ,0.07%,N/A,N/A
Science (Legacy),Card Games,United Kingdom,65,$7.30  ~ $7.40 ,$7.78 ,$248.88 ,0.09%,N/A,N/A
Science (Legacy),Bed & Breakfasts,United States,"3,367",$1.54  ~ $4.90 ,$2.57 ,$33.48 ,0.19%,N/A,N/A
Science (Legacy),Bed & Breakfasts,United Kingdom,109,$6.56  ~ $6.79 ,$20.22 ,N/A,0.03%,N/A,N/A
Science (Legacy),Bed & Breakfasts,Canada,521,$0.34  ~ $0.34 ,N/A,N/A,N/A,N/A,N/A
Science (Legacy),Appliances,Canada,155,$7.99  ~ $8.48 ,$6.40 ,N/A,0.12%,N/A,N/A
Science (Legacy),Appliances,United Kingdom,62,$6.71  ~ $6.84 ,$3.60 ,N/A,0.19%,N/A,N/A
Science (Legacy),Appliances,United States,"3,699",$8.42  ~ $9.06 ,$10.14 ,$301.39 ,0.08%,N/A,N/A
Science (Legacy),Human Resources,Ireland,1,$7.73  ~ $10.47 ,N/A,N/A,N/A,N/A,N/A
Science (Legacy),Human Resources,United Kingdom,"1,102",$9.48  ~ $15.48 ,$11.60 ,N/A,0.08%,N/A,N/A
Science (Legacy),Human Resources,Mexico,2,$1.80  ~ $2.11 ,$1.77 ,$7.06 ,0.12%,N/A,N/A
Science (Legacy),Human Resources,United States,"6,198",$10.00  ~ $11.77 ,$12.57 ,$80.57 ,0.08%,N/A,N/A
Science (Legacy),Human Resources,Canada,"2,196",$5.85  ~ $7.23 ,$8.63 ,$195.55 ,0.08%,N/A,N/A
Science (Legacy),Birdwatching,United States,247,$4.36  ~ $7.62 ,$5.88 ,$21.35 ,0.13%,N/A,N/A
Science (Legacy),Birdwatching,Canada,27,$10.35  ~ $23.02 ,$6.61 ,N/A,0.16%,N/A,N/A
Science (Legacy),Mountain Biking,United States,62,$6.51  ~ $6.74 ,$2.92 ,N/A,0.22%,N/A,N/A
Science (Legacy),Mountain Biking,Canada,14,$6.50  ~ $6.67 ,$1.58 ,$43.64 ,0.41%,N/A,N/A
Science (Legacy),Swimming,United States,189,$2.16  ~ $8.20 ,$26.90 ,N/A,0.03%,N/A,N/A
Science (Legacy),Dermatology,Canada,13,$2.41  ~ $5.35 ,N/A,N/A,N/A,N/A,N/A
Science (Legacy),Dermatology,United States,108,$6.57  ~ $6.67 ,$12.71 ,N/A,0.05%,N/A,N/A
Science (Legacy),Home Theater,United States,2,$2.24  ~ $4.91 ,N/A,N/A,N/A,N/A,N/A
Science (Legacy),Trucks & Accessories,United States,971,$5.35  ~ $5.48 ,$10.23 ,$40.67 ,0.05%,N/A,N/A
Science (Legacy),Contests & Freebies,United States,50,$6.11  ~ $9.02 ,N/A,N/A,N/A,N/A,N/A
Science (Legacy),Astrology,Canada,4,$2.05  ~ $4.90 ,N/A,N/A,N/A,N/A,N/A
Science (Legacy),Accessories,United States,681,$11.77  ~ $13.51 ,$3.71 ,N/A,0.32%,N/A,N/A
Science (Legacy),Entertainment,United States,33,$11.61  ~ $28.06 ,$10.61 ,N/A,0.11%,N/A,N/A
Science (Legacy),Fashion,United States,18,$8.19  ~ $19.42 ,$19.24 ,$38.49 ,0.04%,N/A,N/A
Science (Legacy),Computer Peripherals,Canada,483,$4.05  ~ $5.58 ,$5.29 ,$17.24 ,0.11%,N/A,N/A
Science (Legacy),Computer Peripherals,United Kingdom,44,$13.24  ~ $14.02 ,N/A,N/A,N/A,N/A,N/A
Science (Legacy),Computer Peripherals,Ireland,3,$13.60  ~ $15.91 ,N/A,N/A,N/A,N/A,N/A
Science (Legacy),Computer Peripherals,United States,"1,796",$8.16  ~ $12.16 ,$9.17 ,$24.41 ,0.13%,N/A,N/A
Science (Legacy),Television,United Kingdom,41,$7.31  ~ $7.48 ,$3.45 ,$54.03 ,0.22%,N/A,N/A
Science (Legacy),Television,Ireland,1,$12.64  ~ $15.21 ,N/A,N/A,N/A,N/A,N/A
Science (Legacy),Television,United States,16,$15.31  ~ $35.21 ,$16.27 ,N/A,0.09%,N/A,N/A
Science (Legacy),Television,Canada,3,$7.31  ~ $15.42 ,$3.13 ,$56.41 ,0.23%,N/A,N/A
Science (Legacy),U.S. Military,United States,104,$2.33  ~ $2.35 ,N/A,N/A,N/A,N/A,N/A
Science (Legacy),Forestry,United States,11,$6.94  ~ $15.66 ,N/A,N/A,N/A,N/A,N/A
Science (Legacy),Incontinence,Canada,1,$2.88  ~ $5.90 ,N/A,N/A,N/A,N/A,N/A
Science (Legacy),Incontinence,United States,4,$2.60  ~ $2.61 ,$4.32 ,$25.56 ,0.06%,N/A,N/A
Science (Legacy),Religion & Spirituality,United States,1,$2.05  ~ $4.47 ,N/A,N/A,N/A,N/A,N/A
Science (Legacy),Babies & Toddlers,United States,38,$12.69  ~ $13.16 ,$29.37 ,$58.71 ,0.04%,N/A,N/A
Science (Legacy),Stocks,United States,20,$9.71  ~ $9.71 ,N/A,N/A,N/A,N/A,N/A
Science (Legacy),Football,Canada,714,$4.88  ~ $5.74 ,$4.90 ,$15.60 ,0.12%,N/A,N/A
Science (Legacy),Football,United States,"1,157",$7.37  ~ $8.40 ,$10.02 ,$41.69 ,0.07%,N/A,N/A
Science (Legacy),Advertising,Canada,"1,065",$7.45  ~ $8.64 ,$5.07 ,$33.88 ,0.15%,N/A,N/A
Science (Legacy),Advertising,United Kingdom,215,$7.80  ~ $9.21 ,$9.13 ,$47.09 ,0.10%,N/A,N/A
Science (Legacy),Advertising,United States,"2,687",$9.37  ~ $10.47 ,$11.88 ,$100.15 ,0.09%,N/A,N/A
Science (Legacy),Advertising,Mexico,2,$1.67  ~ $2.57 ,N/A,N/A,N/A,N/A,N/A
Science (Legacy),Graduate School,Canada,527,$5.53  ~ $13.00 ,$7.60 ,N/A,0.07%,N/A,N/A
Science (Legacy),Graduate School,United States,"4,084",$8.41  ~ $9.05 ,$7.07 ,$49.33 ,0.12%,N/A,N/A
Science (Legacy),Graduate School,United Kingdom,229,$5.85  ~ $9.26 ,$16.25 ,N/A,0.06%,N/A,N/A
Science (Legacy),Video & Computer Games,United States,27,$0.00  ~ $2.56 ,$0.32 ,N/A,0.79%,N/A,N/A
Science (Legacy),Parenting - K-6 Kids,United States,152,$1.73  ~ $2.24 ,$7.68 ,N/A,0.03%,N/A,N/A
Science (Legacy),Retirement Planning,United States,55,$7.96  ~ $15.47 ,$12.53 ,N/A,0.12%,N/A,N/A
Science (Legacy),Retirement Planning,United Kingdom,5,$6.07  ~ $14.37 ,N/A,N/A,N/A,N/A,N/A
Science (Legacy),Retirement Planning,Canada,1,$3.77  ~ $8.41 ,N/A,N/A,N/A,N/A,N/A
Science (Legacy),Camping,United States,6,$5.26  ~ $7.55 ,N/A,N/A,N/A,N/A,N/A
Science (Legacy),Teens,United States,2,$9.09  ~ $21.45 ,$7.31 ,$21.94 ,0.12%,N/A,N/A
Science (Legacy),Gardening,United States,"5,229",$5.08  ~ $6.92 ,$7.30 ,$34.71 ,0.07%,N/A,N/A
Science (Legacy),Gardening,United Kingdom,206,$0.00  ~ $2.40 ,$2.43 ,$11.80 ,0.10%,N/A,N/A
Science (Legacy),Gardening,Canada,"1,543",$3.56  ~ $5.58 ,$4.98 ,$18.83 ,0.11%,N/A,N/A
Science (Legacy),Theme Parks,United States,40,$6.36  ~ $6.36 ,$3.69 ,N/A,0.17%,N/A,N/A
Science (Legacy),Theme Parks,Canada,381,$4.97  ~ $11.47 ,$3.05 ,$24.43 ,0.16%,N/A,N/A
Science (Legacy),Dental Care,United States,452,$3.15  ~ $3.38 ,N/A,N/A,N/A,N/A,N/A
Science (Legacy),Dental Care,Canada,104,$2.14  ~ $4.43 ,N/A,N/A,N/A,N/A,N/A
Science (Legacy),Collecting,United States,41,$5.07  ~ $7.92 ,$15.22 ,N/A,0.05%,N/A,N/A
Science (Legacy),Collecting,Canada,1,$2.13  ~ $4.72 ,N/A,N/A,N/A,N/A,N/A
Science (Legacy),Hunting/Shooting,United States,99,$6.81  ~ $6.81 ,N/A,N/A,N/A,N/A,N/A
Science (Legacy),Logistics,United States,"5,160",$11.14  ~ $12.25 ,$10.19 ,$146.94 ,0.11%,N/A,N/A
Science (Legacy),Logistics,Canada,936,$3.75  ~ $5.46 ,$3.55 ,N/A,0.15%,N/A,N/A
Science (Legacy),Logistics,United Kingdom,226,$6.31  ~ $8.56 ,$10.18 ,$184.11 ,0.08%,N/A,N/A
Science (Legacy),Logistics,Mexico,9,$1.11  ~ $6.16 ,$11.27 ,N/A,0.05%,N/A,N/A
Science (Legacy),Agriculture,United States,403,$3.90  ~ $3.91 ,$2.66 ,N/A,0.15%,N/A,N/A
Science (Legacy),Agriculture,Canada,169,$4.98  ~ $5.75 ,$5.89 ,$36.35 ,0.08%,N/A,N/A
Science (Legacy),Senor Health,Canada,212,$7.09  ~ $8.05 ,$5.21 ,N/A,0.14%,N/A,N/A
Science (Legacy),Senor Health,United States,"2,058",$6.80  ~ $10.42 ,$8.38 ,$34.17 ,0.12%,N/A,N/A
Science (Legacy),Senor Health,United Kingdom,6,$7.11  ~ $7.53 ,$20.72 ,N/A,0.03%,N/A,N/A
Science (Legacy),Cuisine-Specific,United States,225,$1.81  ~ $1.81 ,$1.49 ,N/A,0.12%,N/A,N/A
Science (Legacy),Investors & Patents,Mexico,2,$3.79  ~ $8.45 ,$10.01 ,N/A,0.04%,N/A,N/A
Science (Legacy),Investors & Patents,United States,"16,241",$7.74  ~ $8.70 ,$7.13 ,$93.91 ,0.12%,N/A,N/A
Science (Legacy),Investors & Patents,Canada,754,$6.11  ~ $6.24 ,$7.27 ,N/A,0.08%,N/A,N/A
Science (Legacy),Investors & Patents,United Kingdom,23,$6.73  ~ $8.03 ,$11.29 ,N/A,0.07%,N/A,N/A
Science (Legacy),Veterinary Medicine,United States,857,$4.35  ~ $5.89 ,$7.24 ,N/A,0.06%,N/A,N/A
Science (Legacy),Veterinary Medicine,Canada,7,$2.21  ~ $4.74 ,$1.65 ,N/A,0.13%,N/A,N/A
Science (Legacy),Politics,United States,"8,567",$11.95  ~ $12.33 ,$17.84 ,$93.79 ,0.07%,N/A,N/A
Science (Legacy),Politics,Canada,90,$10.40  ~ $14.07 ,$10.40 ,N/A,0.10%,N/A,N/A
Science (Legacy),Adult Education,United States,284,$3.61  ~ $17.95 ,$20.28 ,N/A,0.09%,N/A,N/A
Science (Legacy),Adult Education,Canada,26,$5.31  ~ $6.85 ,N/A,N/A,N/A,N/A,N/A
Science (Legacy),Adult Education,United Kingdom,85,$9.39  ~ $9.82 ,$14.71 ,$8.16 ,0.06%,N/A,N/A
Science (Legacy),Nutrition,United States,"1,697",$9.33  ~ $10.06 ,$8.83 ,$61.51 ,0.11%,N/A,N/A
Science (Legacy),Nutrition,Canada,"1,496",$3.14  ~ $4.03 ,$3.24 ,$25.35 ,0.10%,N/A,N/A
Science (Legacy),Nutrition,United Kingdom,159,$9.59  ~ $9.59 ,$9.39 ,N/A,0.10%,N/A,N/A
Science (Legacy),Roleplaying Games,United States,6,$2.09  ~ $4.56 ,N/A,N/A,N/A,N/A,N/A
Science (Legacy),Electric Vehicle,United States,1,$2.05  ~ $4.11 ,N/A,N/A,N/A,N/A,N/A
Science (Legacy),Electric Vehicle,Canada,3,$4.84  ~ $10.10 ,$2.70 ,N/A,0.18%,N/A,N/A
Science (Legacy),Cocktails/Beer,United Kingdom,92,$0.00  ~ $0.00 ,N/A,N/A,N/A,N/A,N/A
Science (Legacy),Tax Planning,Canada,9,$0.00  ~ $0.00 ,N/A,N/A,N/A,N/A,N/A
Shopping (Legacy),Graduate School,Canada,174,$5.33  ~ $11.23 ,$6.62 ,$4.38 ,0.08%,N/A,N/A
Shopping (Legacy),Graduate School,United States,"3,401",$8.28  ~ $8.55 ,$5.23 ,$68.05 ,0.16%,N/A,N/A
Shopping (Legacy),Graduate School,United Kingdom,"1,755",$5.87  ~ $9.65 ,$37.57 ,N/A,0.03%,N/A,N/A
Shopping (Legacy),Swimming,United States,55,$2.16  ~ $8.29 ,$30.45 ,N/A,0.03%,N/A,N/A
Shopping (Legacy),Bed & Breakfasts,United Kingdom,"53,595",$3.40  ~ $3.47 ,$27.64 ,N/A,0.01%,N/A,N/A
Shopping (Legacy),Bed & Breakfasts,Canada,453,$0.35  ~ $0.35 ,$2.77 ,N/A,0.01%,N/A,N/A
Shopping (Legacy),Bed & Breakfasts,United States,"2,260",$4.03  ~ $5.14 ,$3.19 ,$27.84 ,0.16%,N/A,N/A
Shopping (Legacy),Daycare/Pre School,United States,7,$1.99  ~ $3.59 ,$3.74 ,N/A,0.10%,N/A,N/A
Shopping (Legacy),Interior Decorating,Canada,211,$4.88  ~ $7.96 ,$8.32 ,$43.55 ,0.10%,N/A,N/A
Shopping (Legacy),Interior Decorating,United States,"3,446",$6.43  ~ $7.25 ,$8.05 ,$74.57 ,0.09%,N/A,N/A
Shopping (Legacy),Interior Decorating,United Kingdom,"11,591",$4.52  ~ $4.81 ,$21.36 ,$230.10 ,0.02%,N/A,N/A
Shopping (Legacy),Contests & Freebies,United States,17,$6.41  ~ $8.97 ,N/A,N/A,N/A,N/A,N/A
Shopping (Legacy),Video & Computer Games,United States,5,$0.00  ~ $2.87 ,N/A,N/A,N/A,N/A,N/A
Shopping (Legacy),Gardening,United Kingdom,"2,544",$0.00  ~ $3.20 ,$6.82 ,$23.96 ,0.05%,N/A,N/A
Shopping (Legacy),Gardening,Canada,301,$1.93  ~ $4.07 ,$43.12 ,$68.19 ,0.01%,N/A,N/A
Shopping (Legacy),Gardening,United States,"4,756",$5.14  ~ $6.85 ,$7.88 ,$57.26 ,0.07%,N/A,N/A
Shopping (Legacy),Auto Repair,Canada,480,$6.14  ~ $6.26 ,$13.23 ,N/A,0.05%,N/A,N/A
Shopping (Legacy),Auto Repair,United States,510,$7.41  ~ $8.83 ,$17.46 ,$135.90 ,0.05%,N/A,N/A
Shopping (Legacy),Mountain Biking,Canada,7,$6.42  ~ $6.70 ,$3.62 ,N/A,0.18%,N/A,N/A
Shopping (Legacy),Mountain Biking,United States,21,$6.40  ~ $6.67 ,$8.13 ,N/A,0.08%,N/A,N/A
Shopping (Legacy),Body Art,United States,2,$2.05  ~ $4.44 ,N/A,N/A,N/A,N/A,N/A
Shopping (Legacy),Trucks & Accessories,United States,"1,066",$5.43  ~ $5.55 ,$8.10 ,$36.18 ,0.07%,N/A,N/A
Shopping (Legacy),K-6 Educators,United States,"1,132",$6.28  ~ $10.25 ,$6.00 ,$140.48 ,0.10%,N/A,N/A
Shopping (Legacy),K-6 Educators,United Kingdom,101,$6.54  ~ $7.07 ,$15.19 ,N/A,0.04%,N/A,N/A
Shopping (Legacy),K-6 Educators,Canada,1,$5.64  ~ $11.06 ,N/A,N/A,N/A,N/A,N/A
Shopping (Legacy),"Law, Gov't & Politics",United States,13,$1.24  ~ $4.37 ,$3.99 ,N/A,0.11%,N/A,N/A
Shopping (Legacy),Job Search,United States,"1,473",$9.91  ~ $10.65 ,$20.56 ,$127.34 ,0.05%,N/A,N/A
Shopping (Legacy),Job Search,Canada,3,$4.52  ~ $4.72 ,N/A,N/A,N/A,N/A,N/A
Shopping (Legacy),Job Search,United Kingdom,37,$7.13  ~ $15.89 ,$8.06 ,N/A,0.09%,N/A,N/A
Shopping (Legacy),Investors & Patents,United States,"5,478",$7.24  ~ $8.27 ,$17.95 ,$321.89 ,0.05%,N/A,N/A
Shopping (Legacy),Investors & Patents,United Kingdom,346,$6.78  ~ $7.65 ,$63.64 ,N/A,0.01%,N/A,N/A
Shopping (Legacy),Investors & Patents,Canada,153,$6.18  ~ $6.29 ,$13.62 ,N/A,0.05%,N/A,N/A
Shopping (Legacy),Investors & Patents,Mexico,4,$3.98  ~ $9.43 ,N/A,N/A,N/A,N/A,N/A
Shopping (Legacy),Off-Road Vehicles,United States,34,$7.87  ~ $20.61 ,$5.99 ,N/A,0.13%,N/A,N/A
Shopping (Legacy),Off-Road Vehicles,Canada,24,$6.82  ~ $15.93 ,$9.95 ,N/A,0.07%,N/A,N/A
Shopping (Legacy),Off-Road Vehicles,United Kingdom,40,$8.32  ~ $20.28 ,N/A,N/A,N/A,N/A,N/A
Shopping (Legacy),Collecting,United States,40,$5.19  ~ $8.95 ,$14.48 ,N/A,0.06%,N/A,N/A
Shopping (Legacy),Advertising,Canada,151,$6.43  ~ $6.77 ,$6.89 ,N/A,0.09%,N/A,N/A
Shopping (Legacy),Advertising,United Kingdom,"4,179",$7.91  ~ $8.80 ,$15.61 ,N/A,0.06%,N/A,N/A
Shopping (Legacy),Advertising,United States,"2,322",$9.40  ~ $10.80 ,$9.90 ,$61.88 ,0.11%,N/A,N/A
Shopping (Legacy),Physical Therapy,United States,165,$9.85  ~ $17.03 ,$5.92 ,N/A,0.17%,N/A,N/A
Shopping (Legacy),Physical Therapy,Canada,24,$3.45  ~ $5.79 ,N/A,N/A,N/A,N/A,N/A
Shopping (Legacy),Physical Therapy,United Kingdom,233,$6.68  ~ $6.68 ,$22.15 ,N/A,0.03%,N/A,N/A
Shopping (Legacy),U.S. Military,United States,448,$2.72  ~ $2.72 ,N/A,N/A,N/A,N/A,N/A
Shopping (Legacy),Technology & Computing,Canada,228,$5.59  ~ $6.79 ,$10.48 ,N/A,0.06%,N/A,N/A
Shopping (Legacy),Technology & Computing,United Kingdom,"4,226",$5.32  ~ $9.45 ,$14.41 ,N/A,0.07%,N/A,N/A
Shopping (Legacy),Technology & Computing,United States,"1,273",$6.77  ~ $6.83 ,$20.54 ,$91.77 ,0.03%,N/A,N/A
Shopping (Legacy),Eldercare,United States,10,$21.51  ~ $21.51 ,N/A,N/A,N/A,N/A,N/A
Shopping (Legacy),Thyroid Disease,United States,4,$32.19  ~ $66.72 ,N/A,N/A,N/A,N/A,N/A
Shopping (Legacy),Computer Certification,United States,1,$6.15  ~ $15.95 ,N/A,N/A,N/A,N/A,N/A
Shopping (Legacy),Education,United Kingdom,"9,458",$3.70  ~ $9.64 ,$22.01 ,N/A,0.02%,N/A,N/A
Shopping (Legacy),Education,Mexico,1,$5.77  ~ $8.18 ,$14.13 ,N/A,0.04%,N/A,N/A
Shopping (Legacy),Education,Canada,23,$7.85  ~ $10.02 ,$27.60 ,N/A,0.03%,N/A,N/A
Shopping (Legacy),Education,United States,"3,996",$7.33  ~ $7.36 ,$9.19 ,$66.20 ,0.08%,N/A,N/A
Shopping (Legacy),Infertility,United States,101,$4.21  ~ $7.20 ,$31.20 ,N/A,0.02%,N/A,N/A
Shopping (Legacy),Adventure Travel,United States,549,$3.06  ~ $14.44 ,$8.05 ,$39.92 ,0.04%,N/A,N/A
Shopping (Legacy),Cigars,United States,"3,875",$6.70  ~ $6.85 ,$11.95 ,$57.93 ,0.06%,N/A,N/A
Shopping (Legacy),Cigars,United Kingdom,"42,469",$4.26  ~ $14.72 ,$19.34 ,$125.70 ,0.02%,N/A,N/A
Shopping (Legacy),Cigars,Ireland,119,$9.09  ~ $9.09 ,$13.92 ,N/A,0.07%,N/A,N/A
Shopping (Legacy),Cigars,Canada,53,$3.93  ~ $4.06 ,$8.42 ,N/A,0.05%,N/A,N/A
Shopping (Legacy),Wine,United States,104,$8.09  ~ $9.26 ,$24.27 ,$96.76 ,0.04%,N/A,N/A
Shopping (Legacy),Incest/Abuse Support,Canada,18,$6.01  ~ $7.40 ,N/A,N/A,N/A,N/A,N/A
Shopping (Legacy),Incest/Abuse Support,United States,658,$8.34  ~ $10.19 ,$13.65 ,N/A,0.06%,N/A,N/A
Shopping (Legacy),U.S. Government Resources,United States,19,$6.39  ~ $6.90 ,$3.36 ,N/A,0.19%,N/A,N/A
Shopping (Legacy),Local News,United States,255,$8.34  ~ $16.95 ,$12.06 ,N/A,0.07%,N/A,N/A
Shopping (Legacy),Tax Planning,United States,17,$8.60  ~ $9.64 ,$11.87 ,N/A,0.07%,N/A,N/A
Shopping (Legacy),Entertainment,United States,22,$11.33  ~ $25.60 ,$11.36 ,N/A,0.10%,N/A,N/A
Shopping (Legacy),Entertainment,Mexico,18,$1.08  ~ $2.43 ,$2.71 ,N/A,0.04%,N/A,N/A
Shopping (Legacy),Politics,United States,"4,161",$11.49  ~ $11.97 ,$22.07 ,N/A,0.05%,N/A,N/A
Shopping (Legacy),Politics,Canada,25,$8.85  ~ $10.38 ,$18.80 ,$57.43 ,0.05%,N/A,N/A
Shopping (Legacy),News,United States,801,$12.53  ~ $15.90 ,$11.54 ,$159.56 ,0.11%,N/A,N/A
Shopping (Legacy),News,United Kingdom,1,$13.29  ~ $13.29 ,N/A,N/A,N/A,N/A,N/A
Shopping (Legacy),News,Canada,2,$5.94  ~ $14.09 ,$10.76 ,N/A,0.06%,N/A,N/A
Shopping (Legacy),Network Security,United States,5,$2.06  ~ $2.44 ,N/A,N/A,N/A,N/A,N/A
Shopping (Legacy),Cold & Flu,United States,465,$7.77  ~ $10.44 ,$6.83 ,N/A,0.15%,N/A,N/A
Shopping (Legacy),Cold & Flu,Canada,7,$2.13  ~ $4.40 ,N/A,N/A,N/A,N/A,N/A
Shopping (Legacy),Cold & Flu,United Kingdom,204,$13.81  ~ $29.58 ,$38.85 ,N/A,0.04%,N/A,N/A
Shopping (Legacy),Coffee/Tea,United States,"1,637",$5.16  ~ $6.14 ,$3.72 ,$11.65 ,0.14%,N/A,N/A
Shopping (Legacy),Landscaping,Canada,6,$2.10  ~ $4.47 ,N/A,N/A,N/A,N/A,N/A
Shopping (Legacy),Landscaping,United States,110,$3.53  ~ $4.68 ,$20.42 ,N/A,0.02%,N/A,N/A
Shopping (Legacy),Environmental Safety,United States,186,$6.94  ~ $7.12 ,$19.26 ,$334.72 ,0.04%,N/A,N/A
Shopping (Legacy),Environmental Safety,Canada,2,$2.17  ~ $4.59 ,N/A,N/A,N/A,N/A,N/A
Shopping (Legacy),Retirement Planning,United Kingdom,6,$6.28  ~ $15.18 ,N/A,N/A,N/A,N/A,N/A
Shopping (Legacy),Retirement Planning,United States,36,$8.04  ~ $16.52 ,$85.90 ,N/A,0.02%,N/A,N/A
Shopping (Legacy),Retirement Planning,Canada,2,$5.13  ~ $10.75 ,N/A,N/A,N/A,N/A,N/A
Shopping (Legacy),Net Conferencing,United Kingdom,9,$6.34  ~ $15.41 ,N/A,N/A,N/A,N/A,N/A
Shopping (Legacy),Net Conferencing,United States,289,$14.45  ~ $30.54 ,$17.11 ,$9.31 ,0.08%,N/A,N/A
Shopping (Legacy),Net Conferencing,Canada,3,$6.18  ~ $14.59 ,N/A,N/A,N/A,N/A,N/A
Shopping (Legacy),Radio,United States,31,$5.66  ~ $6.41 ,$9.24 ,N/A,0.07%,N/A,N/A
Shopping (Legacy),Incontinence,United States,3,$2.39  ~ $2.40 ,$1.07 ,$16.99 ,0.22%,N/A,N/A
Shopping (Legacy),Birdwatching,United States,102,$4.55  ~ $9.23 ,$1.34 ,$19.60 ,0.69%,N/A,N/A
Shopping (Legacy),Birdwatching,Canada,9,$10.32  ~ $22.24 ,$28.96 ,N/A,0.04%,N/A,N/A
Shopping (Legacy),Hunting/Shooting,United States,8,$7.10  ~ $7.10 ,N/A,N/A,N/A,N/A,N/A
Shopping (Legacy),Personal Finance,Canada,223,$3.26  ~ $3.43 ,$14.42 ,$186.13 ,0.02%,N/A,N/A
Shopping (Legacy),Personal Finance,United Kingdom,"6,905",$5.74  ~ $7.44 ,$17.84 ,$71.90 ,0.03%,N/A,N/A
Shopping (Legacy),Personal Finance,Ireland,150,$7.18  ~ $7.19 ,$22.85 ,N/A,0.03%,N/A,N/A
Shopping (Legacy),Personal Finance,United States,"28,019",$6.12  ~ $6.70 ,$8.01 ,$92.47 ,0.08%,N/A,N/A
Shopping (Legacy),Automotive,United Kingdom,196,$7.33  ~ $18.89 ,$36.71 ,N/A,0.05%,N/A,N/A
Shopping (Legacy),Automotive,Canada,75,$8.14  ~ $8.94 ,$9.68 ,$76.33 ,0.08%,N/A,N/A
Shopping (Legacy),Automotive,United States,"11,123",$7.80  ~ $9.49 ,$14.53 ,$153.74 ,0.05%,N/A,N/A
Shopping (Legacy),Senor Health,Canada,30,$7.67  ~ $9.00 ,$7.40 ,N/A,0.10%,N/A,N/A
Shopping (Legacy),Senor Health,United States,570,$6.59  ~ $9.95 ,$8.01 ,$52.60 ,0.12%,N/A,N/A
Shopping (Legacy),Senor Health,United Kingdom,61,$7.02  ~ $7.21 ,$14.26 ,N/A,0.05%,N/A,N/A
Shopping (Legacy),Allergies,Canada,62,$5.01  ~ $11.53 ,$4.68 ,N/A,0.11%,N/A,N/A
Shopping (Legacy),Allergies,United Kingdom,131,$3.32  ~ $7.74 ,N/A,N/A,N/A,N/A,N/A
Shopping (Legacy),Electric Vehicle,Canada,2,$4.68  ~ $9.84 ,$9.13 ,N/A,0.05%,N/A,N/A
Shopping (Legacy),Road-Side Assistance,United States,3,$2.51  ~ $6.00 ,N/A,N/A,N/A,N/A,N/A
Shopping (Legacy),Road-Side Assistance,Canada,2,$2.14  ~ $4.44 ,N/A,N/A,N/A,N/A,N/A
Shopping (Legacy),Road-Side Assistance,Mexico,11,$4.43  ~ $10.83 ,N/A,N/A,N/A,N/A,N/A
Shopping (Legacy),Road-Side Assistance,United Kingdom,532,$9.61  ~ $19.50 ,$74.88 ,N/A,0.01%,N/A,N/A
Shopping (Legacy),Hotels,United Kingdom,"2,574",$4.08  ~ $4.68 ,$20.79 ,N/A,0.02%,N/A,N/A
Shopping (Legacy),Hotels,United States,"3,756",$5.90  ~ $7.60 ,$10.98 ,$96.09 ,0.07%,N/A,N/A
Shopping (Legacy),Hotels,Canada,12,$4.20  ~ $4.59 ,$0.23 ,$26.77 ,1.80%,N/A,N/A
Shopping (Legacy),Distance Learning,United States,206,$11.61  ~ $12.51 ,$38.59 ,$64.38 ,0.03%,N/A,N/A
Shopping (Legacy),Homework/Study Tips,United States,2,$2.12  ~ $4.35 ,N/A,N/A,N/A,N/A,N/A
Shopping (Legacy),Financial Aid,United States,112,$7.60  ~ $8.30 ,$25.00 ,N/A,0.03%,N/A,N/A
Shopping (Legacy),Internet Technology,United Kingdom,"3,635",$6.39  ~ $6.71 ,$40.81 ,$448.96 ,0.02%,N/A,N/A
Shopping (Legacy),Internet Technology,United States,586,$7.69  ~ $8.51 ,$17.32 ,$29.23 ,0.05%,N/A,N/A
Shopping (Legacy),Agriculture,United States,108,$3.77  ~ $3.90 ,$3.42 ,N/A,0.11%,N/A,N/A
Shopping (Legacy),Agriculture,Canada,138,$4.65  ~ $6.40 ,$2.74 ,$6.23 ,0.17%,N/A,N/A
Shopping (Legacy),Adult Education,United Kingdom,113,$9.78  ~ $12.77 ,N/A,N/A,N/A,N/A,N/A
Shopping (Legacy),Adult Education,United States,63,$2.96  ~ $9.56 ,$8.35 ,N/A,0.11%,N/A,N/A
Shopping (Legacy),Adult Education,Canada,3,$4.64  ~ $6.85 ,N/A,N/A,N/A,N/A,N/A
Shopping (Legacy),Dining Out,United States,"2,704",$7.89  ~ $9.50 ,$24.97 ,$107.40 ,0.03%,N/A,N/A
Shopping (Legacy),Dining Out,United Kingdom,281,$13.05  ~ $20.55 ,$28.22 ,$721.19 ,0.05%,N/A,N/A
Shopping (Legacy),Dining Out,Canada,88,$6.81  ~ $8.58 ,$15.42 ,$23.30 ,0.04%,N/A,N/A
Shopping (Legacy),Hobbies & Interests,Canada,10,$6.05  ~ $15.12 ,N/A,N/A,N/A,N/A,N/A
Shopping (Legacy),Hobbies & Interests,United States,"4,709",$7.33  ~ $8.00 ,$15.46 ,$83.66 ,0.05%,N/A,N/A
Shopping (Legacy),Hobbies & Interests,United Kingdom,"1,211,197",$2.25  ~ $2.25 ,$11.54 ,N/A,0.02%,N/A,N/A
Shopping (Legacy),Camping,United States,1,$6.14  ~ $7.75 ,N/A,N/A,N/A,N/A,N/A
Shopping (Legacy),Alternative Religions,United States,73,$7.95  ~ $8.09 ,$12.12 ,$19.42 ,0.07%,N/A,N/A
Shopping (Legacy),Religion & Spirituality,United States,1,$2.17  ~ $4.80 ,N/A,N/A,N/A,N/A,N/A
Shopping (Legacy),Home & Garden,Canada,896,$2.94  ~ $4.99 ,$16.29 ,$254.41 ,0.03%,N/A,N/A
Shopping (Legacy),Home & Garden,United Kingdom,"9,583",$6.72  ~ $6.83 ,$13.41 ,N/A,0.05%,N/A,N/A
Shopping (Legacy),Home & Garden,United States,"6,897",$6.21  ~ $6.52 ,$6.99 ,$53.69 ,0.09%,N/A,N/A
Shopping (Legacy),Honeymoons/Getaways,United States,729,$7.53  ~ $9.85 ,$7.67 ,$74.80 ,0.10%,N/A,N/A
Shopping (Legacy),Honeymoons/Getaways,Canada,112,$10.15  ~ $10.19 ,$13.04 ,$38.95 ,0.08%,N/A,N/A
Shopping (Legacy),Honeymoons/Getaways,United Kingdom,"1,462",$6.90  ~ $8.33 ,$18.39 ,N/A,0.05%,N/A,N/A
Shopping (Legacy),Biotech/Biomedical,United States,"3,252",$9.32  ~ $30.44 ,$5.14 ,$98.83 ,0.18%,N/A,N/A
Shopping (Legacy),Biotech/Biomedical,Canada,176,$7.04  ~ $7.49 ,$12.46 ,$43.06 ,0.06%,N/A,N/A
Shopping (Legacy),Biotech/Biomedical,Ireland,1,$7.02  ~ $12.71 ,$13.26 ,N/A,0.10%,N/A,N/A
Shopping (Legacy),Biotech/Biomedical,United Kingdom,90,$7.45  ~ $11.32 ,$14.78 ,N/A,0.08%,N/A,N/A
Shopping (Legacy),Biotech/Biomedical,Mexico,1,$7.86  ~ $7.93 ,$0.79 ,N/A,1.00%,N/A,N/A
Shopping (Legacy),Arts & Entertainment,Canada,308,$4.78  ~ $7.65 ,$7.44 ,N/A,0.06%,N/A,N/A
Shopping (Legacy),Arts & Entertainment,United States,"4,025",$6.78  ~ $7.25 ,$9.42 ,$53.30 ,0.07%,N/A,N/A
Shopping (Legacy),Arts & Entertainment,United Kingdom,"4,409",$6.36  ~ $7.93 ,$19.17 ,$125.81 ,0.03%,N/A,N/A
Shopping (Legacy),Cruises,United States,"1,548",$7.95  ~ $9.58 ,$7.44 ,$81.09 ,0.13%,N/A,N/A
Shopping (Legacy),Cruises,United Kingdom,"2,861",$5.53  ~ $6.03 ,$10.99 ,$139.83 ,0.05%,N/A,N/A
Shopping (Legacy),Cruises,Canada,21,$5.83  ~ $7.32 ,$6.73 ,$58.83 ,0.09%,N/A,N/A
Shopping (Legacy),Shopping,United Kingdom,"5,080",$7.17  ~ $7.63 ,$21.32 ,$93.66 ,0.03%,N/A,N/A
Shopping (Legacy),Shopping,United States,"11,801",$3.58  ~ $7.90 ,$6.88 ,$41.13 ,0.05%,N/A,N/A
Shopping (Legacy),Shopping,Canada,199,$1.92  ~ $2.52 ,$7.65 ,N/A,0.03%,N/A,N/A
Shopping (Legacy),Shopping,Mexico,2,$3.66  ~ $3.67 ,$6.24 ,N/A,0.06%,N/A,N/A
Shopping (Legacy),Careers,United Kingdom,"1,482",$4.91  ~ $15.41 ,$27.35 ,$36.35 ,0.02%,N/A,N/A
Shopping (Legacy),Careers,Canada,68,$3.70  ~ $4.02 ,$12.04 ,$59.89 ,0.03%,N/A,N/A
Shopping (Legacy),Careers,United States,"1,307",$1.85  ~ $7.71 ,$13.84 ,$75.73 ,0.01%,N/A,N/A
Shopping (Legacy),Career Planning,Canada,304,$6.63  ~ $8.08 ,$24.34 ,N/A,0.03%,N/A,N/A
Shopping (Legacy),Career Planning,United Kingdom,35,$8.68  ~ $8.72 ,$30.25 ,N/A,0.03%,N/A,N/A
Shopping (Legacy),Career Planning,Mexico,16,$7.50  ~ $7.67 ,N/A,N/A,N/A,N/A,N/A
Shopping (Legacy),Career Planning,United States,453,$7.95  ~ $8.16 ,$9.37 ,$61.07 ,0.09%,N/A,N/A
Shopping (Legacy),Pediatrics,United States,231,$8.90  ~ $41.28 ,$12.10 ,N/A,0.07%,N/A,N/A
Shopping (Legacy),Motorcycles,United States,"3,231",$4.64  ~ $7.98 ,$6.46 ,$39.64 ,0.07%,N/A,N/A
Shopping (Legacy),Motorcycles,Canada,5,$4.88  ~ $11.18 ,$3.40 ,$17.01 ,0.14%,N/A,N/A
Shopping (Legacy),Business Software,Ireland,2,$8.92  ~ $9.39 ,$11.27 ,$14.24 ,0.08%,N/A,N/A
Shopping (Legacy),Business Software,United States,"7,421",$9.68  ~ $9.83 ,$12.92 ,$134.88 ,0.08%,N/A,N/A
Shopping (Legacy),Business Software,Canada,118,$6.86  ~ $8.10 ,$10.65 ,$70.55 ,0.08%,N/A,N/A
Shopping (Legacy),Business Software,United Kingdom,"6,928",$12.86  ~ $13.85 ,$24.11 ,$111.10 ,0.05%,N/A,N/A
Shopping (Legacy),Home Repair,Canada,32,$5.37  ~ $5.64 ,$3.80 ,$43.56 ,0.15%,N/A,N/A
Shopping (Legacy),Home Repair,United States,"3,732",$7.82  ~ $8.35 ,$8.73 ,$89.09 ,0.09%,N/A,N/A
Shopping (Legacy),Home Repair,United Kingdom,345,$7.25  ~ $8.70 ,$11.34 ,$129.73 ,0.06%,N/A,N/A
Shopping (Legacy),Clothing,Canada,455,$5.46  ~ $7.41 ,$3.51 ,$12.35 ,0.16%,N/A,N/A
Shopping (Legacy),Clothing,United States,"13,642",$6.39  ~ $7.16 ,$9.16 ,$44.80 ,0.07%,N/A,N/A
Shopping (Legacy),Clothing,Mexico,11,$3.79  ~ $4.76 ,$2.97 ,$11.88 ,0.16%,N/A,N/A
Shopping (Legacy),Clothing,United Kingdom,372,$6.25  ~ $8.55 ,$15.54 ,$77.72 ,0.04%,N/A,N/A
Shopping (Legacy),Computer Networking,United States,"1,559",$2.83  ~ $6.39 ,$1.14 ,$39.18 ,0.25%,N/A,N/A
Shopping (Legacy),Auto Parts,United States,"1,629",$6.38  ~ $7.49 ,$25.85 ,$178.68 ,0.02%,N/A,N/A
Shopping (Legacy),Auto Parts,Canada,4,$5.78  ~ $13.98 ,$9.31 ,N/A,0.06%,N/A,N/A
Shopping (Legacy),Auto Parts,United Kingdom,"1,117",$7.40  ~ $7.40 ,$27.64 ,$110.56 ,0.03%,N/A,N/A
Shopping (Legacy),Buying/Selling Cars,Canada,221,$5.33  ~ $6.04 ,$11.80 ,N/A,0.05%,N/A,N/A
Shopping (Legacy),Buying/Selling Cars,United States,"2,084",$7.19  ~ $7.44 ,$16.07 ,$58.08 ,0.04%,N/A,N/A
Shopping (Legacy),Buying/Selling Cars,United Kingdom,"3,520",$7.60  ~ $12.65 ,$24.37 ,$187.14 ,0.05%,N/A,N/A
Shopping (Legacy),Buying/Selling Cars,Mexico,6,$17.41  ~ $21.22 ,$20.02 ,N/A,0.09%,N/A,N/A
Shopping (Legacy),College,Canada,92,$4.75  ~ $6.87 ,$13.49 ,$91.36 ,0.04%,N/A,N/A
Shopping (Legacy),College,United States,"1,804",$6.08  ~ $8.18 ,$6.65 ,$44.54 ,0.12%,N/A,N/A
Shopping (Legacy),College,United Kingdom,"4,529",$8.51  ~ $9.48 ,$27.62 ,N/A,0.03%,N/A,N/A
Shopping (Legacy),Psychology/Psychiatry,United States,"7,688",$6.41  ~ $8.22 ,$7.45 ,$48.11 ,0.11%,N/A,N/A
Shopping (Legacy),Psychology/Psychiatry,Canada,21,$6.04  ~ $6.08 ,N/A,N/A,N/A,N/A,N/A
Shopping (Legacy),Psychology/Psychiatry,United Kingdom,515,$8.00  ~ $8.21 ,$15.75 ,N/A,0.05%,N/A,N/A
Shopping (Legacy),Business,United States,"16,507",$7.72  ~ $7.84 ,$8.42 ,$97.25 ,0.09%,N/A,N/A
Shopping (Legacy),Business,United Kingdom,"51,133",$5.28  ~ $5.82 ,$16.18 ,$108.71 ,0.04%,N/A,N/A
Shopping (Legacy),Business,Canada,539,$5.73  ~ $6.40 ,$17.22 ,$231.90 ,0.03%,N/A,N/A
Shopping (Legacy),Business,Mexico,10,$5.48  ~ $6.03 ,$4.34 ,N/A,0.14%,N/A,N/A
Shopping (Legacy),Fine Art,United Kingdom,"4,939",$7.48  ~ $7.65 ,$23.26 ,$97.27 ,0.03%,N/A,N/A
Shopping (Legacy),Fine Art,Canada,19,$6.38  ~ $6.78 ,$3.20 ,N/A,0.20%,N/A,N/A
Shopping (Legacy),Fine Art,United States,"1,905",$6.72  ~ $7.63 ,$8.83 ,$38.99 ,0.08%,N/A,N/A
Shopping (Legacy),Music,United Kingdom,"3,270",$4.38  ~ $5.91 ,$9.85 ,N/A,0.06%,N/A,N/A
Shopping (Legacy),Music,United States,"10,195",$6.63  ~ $6.72 ,$13.94 ,$88.99 ,0.05%,N/A,N/A
Shopping (Legacy),Music,Canada,33,$4.11  ~ $4.38 ,$4.72 ,$62.69 ,0.09%,N/A,N/A
Shopping (Legacy),Insurance,Canada,923,$6.49  ~ $7.96 ,$24.16 ,$34.71 ,0.03%,N/A,N/A
Shopping (Legacy),Insurance,United States,"6,208",$8.32  ~ $8.67 ,$5.42 ,$117.15 ,0.15%,N/A,N/A
Shopping (Legacy),Insurance,United Kingdom,"9,625",$5.40  ~ $5.71 ,$12.90 ,$99.53 ,0.04%,N/A,N/A
Shopping (Legacy),Senior Living,Canada,8,$3.15  ~ $6.81 ,$0.82 ,N/A,0.38%,N/A,N/A
Shopping (Legacy),Senior Living,United States,448,$6.75  ~ $6.75 ,$10.58 ,$52.83 ,0.06%,N/A,N/A
Shopping (Legacy),Senior Living,United Kingdom,555,$6.67  ~ $8.36 ,$32.93 ,N/A,0.03%,N/A,N/A
Shopping (Legacy),Construction,United States,"1,735",$6.85  ~ $7.26 ,$1.57 ,$32.56 ,0.44%,N/A,N/A
Shopping (Legacy),Construction,Canada,66,$5.41  ~ $13.38 ,$16.39 ,N/A,0.03%,N/A,N/A
Shopping (Legacy),Construction,United Kingdom,801,$6.57  ~ $8.99 ,$0.76 ,N/A,0.86%,N/A,N/A
Shopping (Legacy),Green Solutions,Canada,541,$3.74  ~ $4.21 ,$8.74 ,$62.65 ,0.05%,N/A,N/A
Shopping (Legacy),Green Solutions,United States,"2,472",$6.15  ~ $6.18 ,$9.38 ,$172.19 ,0.07%,N/A,N/A
Shopping (Legacy),Green Solutions,United Kingdom,99,$6.92  ~ $7.56 ,$24.47 ,N/A,0.03%,N/A,N/A
Shopping (Legacy),Card Games,United States,"1,088",$9.65  ~ $11.09 ,$8.10 ,$47.85 ,0.12%,N/A,N/A
Shopping (Legacy),Card Games,Canada,772,$6.36  ~ $6.66 ,$16.31 ,$79.12 ,0.04%,N/A,N/A
Shopping (Legacy),Card Games,United Kingdom,987,$7.69  ~ $7.90 ,$29.65 ,$353.82 ,0.03%,N/A,N/A
Shopping (Legacy),Logistics,United States,"3,091",$10.71  ~ $11.49 ,$11.45 ,$95.26 ,0.09%,N/A,N/A
Shopping (Legacy),Logistics,Canada,167,$5.24  ~ $6.14 ,$7.40 ,N/A,0.08%,N/A,N/A
Shopping (Legacy),Logistics,United Kingdom,911,$6.22  ~ $9.01 ,$21.00 ,$64.89 ,0.04%,N/A,N/A
Shopping (Legacy),Logistics,Mexico,85,$1.08  ~ $5.66 ,$8.83 ,N/A,0.06%,N/A,N/A
Shopping (Legacy),Desserts & Baking,Canada,6,$5.93  ~ $5.98 ,$6.73 ,N/A,0.09%,N/A,N/A
Shopping (Legacy),Desserts & Baking,United States,96,$4.48  ~ $10.12 ,$7.33 ,N/A,0.06%,N/A,N/A
Shopping (Legacy),Television,Canada,6,$8.46  ~ $19.72 ,$1.98 ,$13.87 ,0.43%,N/A,N/A
Shopping (Legacy),Television,United Kingdom,"2,285",$7.13  ~ $7.25 ,$9.59 ,$57.51 ,0.08%,N/A,N/A
Shopping (Legacy),Television,United States,1,$13.90  ~ $33.75 ,N/A,N/A,N/A,N/A,N/A
Shopping (Legacy),Remodeling & Construction,United States,"10,103",$3.70  ~ $4.68 ,$6.03 ,$42.16 ,0.08%,N/A,N/A
Shopping (Legacy),Remodeling & Construction,Canada,18,$2.53  ~ $5.16 ,$4.88 ,N/A,0.05%,N/A,N/A
Shopping (Legacy),Sexuality,Canada,15,$2.76  ~ $6.83 ,$0.60 ,N/A,0.46%,N/A,N/A
Shopping (Legacy),Sexuality,United States,"3,915",$5.67  ~ $6.86 ,$13.19 ,$86.50 ,0.04%,N/A,N/A
Shopping (Legacy),Astrology,Canada,11,$2.05  ~ $4.21 ,N/A,N/A,N/A,N/A,N/A
Shopping (Legacy),Pro Basketball,Canada,66,$4.90  ~ $13.73 ,$4.89 ,N/A,0.10%,N/A,N/A
Shopping (Legacy),Pro Basketball,United States,585,$7.39  ~ $8.25 ,$20.24 ,N/A,0.04%,N/A,N/A
Shopping (Legacy),Pro Basketball,United Kingdom,843,$7.09  ~ $8.21 ,$47.00 ,$277.08 ,0.02%,N/A,N/A
Shopping (Legacy),Metals,Mexico,2,$1.05  ~ $1.59 ,N/A,N/A,N/A,N/A,N/A
Shopping (Legacy),Metals,Canada,860,$4.67  ~ $8.06 ,$11.99 ,$321.82 ,0.04%,N/A,N/A
Shopping (Legacy),Metals,United States,"5,901",$4.13  ~ $7.04 ,$3.08 ,$34.73 ,0.23%,N/A,N/A
Shopping (Legacy),Metals,United Kingdom,384,$8.04  ~ $8.68 ,$32.82 ,N/A,0.03%,N/A,N/A
Shopping (Legacy),Parenting - K-6 Kids,United States,133,$1.67  ~ $1.93 ,$19.32 ,N/A,0.01%,N/A,N/A
Shopping (Legacy),Health & Fitness,Canada,"1,070",$5.86  ~ $6.25 ,$6.67 ,$111.96 ,0.09%,N/A,N/A
Shopping (Legacy),Health & Fitness,United States,"23,847",$8.48  ~ $8.79 ,$7.33 ,$75.89 ,0.12%,N/A,N/A
Shopping (Legacy),Health & Fitness,United Kingdom,"30,495",$5.70  ~ $6.21 ,$19.88 ,$202.10 ,0.03%,N/A,N/A
Shopping (Legacy),Health & Fitness,Ireland,10,$1.14  ~ $3.50 ,$2.88 ,N/A,0.12%,N/A,N/A
Shopping (Legacy),Roleplaying Games,United States,9,$2.10  ~ $5.21 ,N/A,N/A,N/A,N/A,N/A
Shopping (Legacy),Food & Drink,United States,715,$5.96  ~ $6.10 ,$4.59 ,$26.55 ,0.13%,N/A,N/A
Shopping (Legacy),Food & Drink,Canada,13,$5.68  ~ $13.51 ,$3.56 ,N/A,0.16%,N/A,N/A
Shopping (Legacy),Health/Lowfat Cooking,Canada,27,$2.95  ~ $11.73 ,$15.76 ,N/A,0.07%,N/A,N/A
Shopping (Legacy),Health/Lowfat Cooking,United States,227,$9.16  ~ $10.16 ,$13.65 ,$72.83 ,0.07%,N/A,N/A
Shopping (Legacy),Health/Lowfat Cooking,United Kingdom,424,$5.56  ~ $5.60 ,$17.32 ,N/A,0.03%,N/A,N/A
Shopping (Legacy),Health/Lowfat Cooking,Mexico,1,$9.71  ~ $22.34 ,$2.90 ,N/A,0.33%,N/A,N/A
Shopping (Legacy),Weddings,United States,34,$6.02  ~ $6.41 ,$21.36 ,N/A,0.03%,N/A,N/A
Shopping (Legacy),Weddings,Canada,1,$2.22  ~ $4.55 ,N/A,N/A,N/A,N/A,N/A
Shopping (Legacy),Air Travel,United States,"8,894",$6.04  ~ $6.27 ,$5.54 ,$44.50 ,0.11%,N/A,N/A
Shopping (Legacy),Air Travel,United Kingdom,814,$6.25  ~ $15.46 ,$26.03 ,$52.05 ,0.02%,N/A,N/A
Shopping (Legacy),Air Travel,Canada,5,$6.24  ~ $6.33 ,$4.16 ,N/A,0.15%,N/A,N/A
Shopping (Legacy),Nutrition,United States,889,$9.18  ~ $10.36 ,$5.98 ,$53.12 ,0.17%,N/A,N/A
Shopping (Legacy),Nutrition,Canada,370,$2.79  ~ $4.06 ,$3.50 ,$32.64 ,0.08%,N/A,N/A
Shopping (Legacy),Nutrition,United Kingdom,84,$9.59  ~ $9.59 ,$22.85 ,N/A,0.04%,N/A,N/A
Shopping (Legacy),Cuisine-Specific,United States,174,$7.07  ~ $7.07 ,$35.22 ,N/A,0.02%,N/A,N/A
Shopping (Legacy),Accessories,United States,348,$10.58  ~ $14.35 ,$5.98 ,N/A,0.18%,N/A,N/A
Shopping (Legacy),Movies,United States,128,$6.19  ~ $6.26 ,$3.51 ,N/A,0.18%,N/A,N/A
Shopping (Legacy),Forestry,United States,10,$6.95  ~ $15.63 ,N/A,N/A,N/A,N/A,N/A
Shopping (Legacy),Jewelry,Canada,148,$3.87  ~ $3.89 ,$1.46 ,$3.39 ,0.27%,N/A,N/A
Shopping (Legacy),Jewelry,United States,"22,775",$2.12  ~ $6.08 ,$2.55 ,$38.00 ,0.08%,N/A,N/A
Shopping (Legacy),Commentary,United States,61,$14.33  ~ $18.16 ,$77.40 ,N/A,0.02%,N/A,N/A
Shopping (Legacy),Real Estate,United Kingdom,"57,036",$6.02  ~ $6.97 ,$12.24 ,$84.15 ,0.05%,N/A,N/A
Shopping (Legacy),Real Estate,United States,"1,976",$6.57  ~ $6.90 ,$4.01 ,$39.64 ,0.16%,N/A,N/A
Shopping (Legacy),Real Estate,Canada,58,$5.01  ~ $5.66 ,$7.64 ,$42.57 ,0.07%,N/A,N/A
Shopping (Legacy),Cancer,United States,399,$10.39  ~ $21.00 ,$35.99 ,N/A,0.06%,N/A,N/A
Shopping (Legacy),Cancer,United Kingdom,1,$6.12  ~ $6.12 ,$15.86 ,N/A,0.04%,N/A,N/A
Shopping (Legacy),Teens,United States,5,$8.82  ~ $20.80 ,$8.69 ,N/A,0.10%,N/A,N/A
Shopping (Legacy),Pets,United States,404,$8.34  ~ $8.59 ,$18.74 ,$726.06 ,0.04%,N/A,N/A
Shopping (Legacy),Pets,Canada,22,$8.47  ~ $8.48 ,$36.09 ,$541.18 ,0.02%,N/A,N/A
Shopping (Legacy),Exercise,United Kingdom,"3,632",$2.73  ~ $7.35 ,$8.59 ,$164.51 ,0.03%,N/A,N/A
Shopping (Legacy),Exercise,United States,577,$4.61  ~ $4.80 ,$9.60 ,$91.50 ,0.05%,N/A,N/A
Shopping (Legacy),Exercise,Canada,22,$2.94  ~ $3.77 ,N/A,N/A,N/A,N/A,N/A
Shopping (Legacy),Arts & Crafts,United States,"2,361",$3.20  ~ $7.57 ,$3.96 ,$57.14 ,0.08%,N/A,N/A
Shopping (Legacy),Arts & Crafts,Canada,1,$0.83  ~ $1.81 ,N/A,N/A,N/A,N/A,N/A
Shopping (Legacy),Stamps & Coins,United States,3,$2.85  ~ $6.39 ,N/A,N/A,N/A,N/A,N/A
Shopping (Legacy),Babies & Toddlers,United States,8,$9.50  ~ $10.87 ,$18.34 ,$22.73 ,0.05%,N/A,N/A
Shopping (Legacy),Catholicism,United States,41,$6.74  ~ $9.47 ,N/A,N/A,N/A,N/A,N/A
Shopping (Legacy),Fashion,United States,6,$8.18  ~ $16.86 ,$17.68 ,N/A,0.05%,N/A,N/A
Shopping (Legacy),Travel,United Kingdom,"17,507",$4.64  ~ $4.76 ,$13.67 ,$43.00 ,0.03%,N/A,N/A
Shopping (Legacy),Travel,United States,"6,914",$5.35  ~ $5.58 ,$4.73 ,$48.96 ,0.12%,N/A,N/A
Shopping (Legacy),Travel,Canada,4,$6.19  ~ $7.16 ,N/A,N/A,N/A,N/A,N/A
Shopping (Legacy),Theme Parks,United States,11,$4.40  ~ $4.40 ,N/A,N/A,N/A,N/A,N/A
Shopping (Legacy),Theme Parks,Canada,66,$4.98  ~ $10.37 ,$4.64 ,$26.28 ,0.11%,N/A,N/A
Shopping (Legacy),Dental Care,United States,96,$3.21  ~ $3.36 ,N/A,N/A,N/A,N/A,N/A
Shopping (Legacy),Dental Care,Canada,14,$2.21  ~ $4.67 ,N/A,N/A,N/A,N/A,N/A
Shopping (Legacy),Dental Care,United Kingdom,7,$16.57  ~ $37.40 ,N/A,N/A,N/A,N/A,N/A
Shopping (Legacy),Entertaining,United States,149,$2.68  ~ $4.83 ,$3.97 ,N/A,0.07%,N/A,N/A
Shopping (Legacy),Entertaining,Canada,1,$2.12  ~ $4.24 ,N/A,N/A,N/A,N/A,N/A
Shopping (Legacy),Buying/Selling Homes,Canada,300,$5.50  ~ $6.57 ,$17.39 ,N/A,0.03%,N/A,N/A
Shopping (Legacy),Buying/Selling Homes,United Kingdom,"27,528",$6.84  ~ $8.04 ,$24.45 ,$150.10 ,0.03%,N/A,N/A
Shopping (Legacy),Buying/Selling Homes,United States,"2,706",$7.59  ~ $8.11 ,$7.81 ,$86.46 ,0.10%,N/A,N/A
Shopping (Legacy),Couponing,Canada,257,$4.25  ~ $10.48 ,$3.76 ,N/A,0.11%,N/A,N/A
Shopping (Legacy),Couponing,United States,"4,113",$4.26  ~ $4.49 ,$7.09 ,N/A,0.06%,N/A,N/A
Shopping (Legacy),Credit/Debt & Loans,Canada,163,$7.36  ~ $7.87 ,$5.99 ,$23.82 ,0.12%,N/A,N/A
Shopping (Legacy),Credit/Debt & Loans,United States,"12,848",$7.05  ~ $8.12 ,$3.87 ,$47.97 ,0.21%,N/A,N/A
Shopping (Legacy),Credit/Debt & Loans,United Kingdom,"3,243",$5.75  ~ $6.54 ,$20.17 ,N/A,0.03%,N/A,N/A
Shopping (Legacy),Credit/Debt & Loans,Mexico,7,$6.44  ~ $12.97 ,$5.05 ,N/A,0.13%,N/A,N/A
Shopping (Legacy),Books & Literature,United States,17,$8.95  ~ $19.44 ,N/A,N/A,N/A,N/A,N/A
Shopping (Legacy),Chronic Pain,United States,62,$12.21  ~ $12.59 ,$25.50 ,N/A,0.05%,N/A,N/A
Shopping (Legacy),Alternative Medicine,United States,259,$8.49  ~ $9.40 ,$14.48 ,$145.51 ,0.06%,N/A,N/A
Shopping (Legacy),Alternative Medicine,Canada,22,$1.44  ~ $1.77 ,N/A,N/A,N/A,N/A,N/A
Shopping (Legacy),Alternative Medicine,United Kingdom,3,$5.43  ~ $5.43 ,N/A,N/A,N/A,N/A,N/A
Shopping (Legacy),Marketing,United States,78,$6.79  ~ $8.34 ,$8.68 ,N/A,0.10%,N/A,N/A
Shopping (Legacy),Marketing,Canada,445,$2.21  ~ $6.97 ,$4.01 ,$31.05 ,0.06%,N/A,N/A
Shopping (Legacy),Dogs,Canada,3,$2.58  ~ $5.58 ,N/A,N/A,N/A,N/A,N/A
Shopping (Legacy),Dogs,United States,"1,153",$4.26  ~ $6.43 ,$5.66 ,$25.58 ,0.08%,N/A,N/A
Shopping (Legacy),Dogs,United Kingdom,990,$10.74  ~ $10.74 ,$27.44 ,N/A,0.04%,N/A,N/A
Shopping (Legacy),Weight Loss,United States,188,$3.93  ~ $3.95 ,$12.84 ,N/A,0.03%,N/A,N/A
Shopping (Legacy),Weight Loss,Mexico,22,$1.47  ~ $3.54 ,$0.56 ,N/A,0.26%,N/A,N/A
Shopping (Legacy),Weight Loss,United Kingdom,"11,137",$8.22  ~ $8.23 ,$34.21 ,$393.37 ,0.02%,N/A,N/A
Shopping (Legacy),Cell Phones,United States,41,$12.43  ~ $12.43 ,$36.04 ,$140.23 ,0.03%,N/A,N/A
Shopping (Legacy),Comparison,United States,3,$4.20  ~ $8.58 ,N/A,N/A,N/A,N/A,N/A
Shopping (Legacy),Barbecues & Grilling,Canada,292,$4.35  ~ $9.47 ,$9.16 ,N/A,0.05%,N/A,N/A
Shopping (Legacy),Football,Canada,283,$4.86  ~ $5.61 ,$11.86 ,$32.19 ,0.05%,N/A,N/A
Shopping (Legacy),Football,United States,999,$7.07  ~ $8.30 ,$10.95 ,$79.02 ,0.06%,N/A,N/A
Shopping (Legacy),Antivirus Software,Canada,19,$8.69  ~ $8.69 ,$4.09 ,N/A,0.21%,N/A,N/A
Shopping (Legacy),Antivirus Software,United States,211,$8.74  ~ $8.74 ,$9.87 ,$88.82 ,0.09%,N/A,N/A
Shopping (Legacy),Family & Parenting,United Kingdom,"18,445",$7.58  ~ $7.83 ,$33.19 ,$412.29 ,0.02%,N/A,N/A
Shopping (Legacy),Family & Parenting,United States,"1,031",$7.13  ~ $8.50 ,$6.92 ,$59.83 ,0.10%,N/A,N/A
Shopping (Legacy),Family & Parenting,Canada,63,$2.58  ~ $3.79 ,$0.34 ,N/A,0.76%,N/A,N/A
Shopping (Legacy),Cocktails/Beer,Canada,9,$10.18  ~ $11.35 ,N/A,N/A,N/A,N/A,N/A
Shopping (Legacy),Cocktails/Beer,United States,"2,003",$7.95  ~ $8.69 ,$8.14 ,$35.04 ,0.10%,N/A,N/A
Shopping (Legacy),Martial Arts,United States,8,$2.81  ~ $6.74 ,N/A,N/A,N/A,N/A,N/A
Shopping (Legacy),Dermatology,United States,24,$6.07  ~ $6.75 ,$12.58 ,N/A,0.05%,N/A,N/A
Shopping (Legacy),Dermatology,Canada,1,$2.40  ~ $5.28 ,N/A,N/A,N/A,N/A,N/A
Shopping (Legacy),Beauty,Canada,520,$2.22  ~ $2.96 ,N/A,N/A,N/A,N/A,N/A
Shopping (Legacy),Beauty,United States,364,$7.94  ~ $8.74 ,$9.08 ,$59.98 ,0.10%,N/A,N/A
Shopping (Legacy),Beauty,United Kingdom,"1,493",$6.90  ~ $7.59 ,$24.63 ,$48.75 ,0.03%,N/A,N/A
Shopping (Legacy),Legal Issues,United Kingdom,"31,247",$3.66  ~ $3.93 ,$11.36 ,$130.59 ,0.03%,N/A,N/A
Shopping (Legacy),Legal Issues,Canada,"2,196",$4.61  ~ $5.55 ,$5.96 ,$98.22 ,0.09%,N/A,N/A
Shopping (Legacy),Legal Issues,United States,"12,193",$7.72  ~ $9.18 ,$11.21 ,$75.90 ,0.07%,N/A,N/A
Shopping (Legacy),Art/Technology,United States,"3,796",$6.76  ~ $6.77 ,$16.36 ,N/A,0.04%,N/A,N/A
Shopping (Legacy),Art/Technology,Canada,1,$5.94  ~ $8.09 ,N/A,N/A,N/A,N/A,N/A
Shopping (Legacy),Art/Technology,United Kingdom,274,$3.92  ~ $3.92 ,N/A,N/A,N/A,N/A,N/A
Shopping (Legacy),Investing,United Kingdom,270,$6.33  ~ $6.39 ,$13.73 ,N/A,0.05%,N/A,N/A
Shopping (Legacy),Investing,United States,"1,243",$6.19  ~ $9.27 ,$21.00 ,$221.97 ,0.04%,N/A,N/A
Shopping (Legacy),Investing,Canada,2,$8.27  ~ $8.27 ,N/A,N/A,N/A,N/A,N/A
Shopping (Legacy),Certified Pre-Owned,United States,21,$12.50  ~ $13.61 ,N/A,N/A,N/A,N/A,N/A
Shopping (Legacy),Certified Pre-Owned,Canada,7,$4.94  ~ $6.37 ,N/A,N/A,N/A,N/A,N/A
Shopping (Legacy),Certified Pre-Owned,United Kingdom,25,$27.86  ~ $27.86 ,N/A,N/A,N/A,N/A,N/A
Shopping (Legacy),Stocks,United States,8,$9.69  ~ $9.69 ,$6.35 ,$6.35 ,0.15%,N/A,N/A
Shopping (Legacy),Style & Fashion,United States,128,$4.18  ~ $8.42 ,$9.68 ,$25.56 ,0.09%,N/A,N/A
Shopping (Legacy),Government,United States,58,$8.00  ~ $8.17 ,$11.28 ,N/A,0.07%,N/A,N/A
Shopping (Legacy),Government,Canada,1,$9.66  ~ $10.00 ,$14.48 ,N/A,0.07%,N/A,N/A
Shopping (Legacy),Architects,United Kingdom,59,$7.31  ~ $7.31 ,N/A,N/A,N/A,N/A,N/A
Shopping (Legacy),Mutual Funds,United States,"2,504",$7.88  ~ $8.14 ,$10.02 ,$66.26 ,0.08%,N/A,N/A
Shopping (Legacy),Computer Peripherals,United States,"2,251",$7.80  ~ $11.41 ,$9.42 ,$50.56 ,0.12%,N/A,N/A
Shopping (Legacy),Computer Peripherals,United Kingdom,410,$13.25  ~ $13.91 ,N/A,N/A,N/A,N/A,N/A
Shopping (Legacy),Computer Peripherals,Canada,244,$2.38  ~ $4.25 ,$6.81 ,$17.05 ,0.06%,N/A,N/A
Shopping (Legacy),Apartments,United Kingdom,"133,759",$7.08  ~ $7.18 ,$14.08 ,$98.40 ,0.05%,N/A,N/A
Shopping (Legacy),Apartments,United States,242,$5.85  ~ $7.53 ,$1.20 ,$12.41 ,0.49%,N/A,N/A
Shopping (Legacy),Apartments,Canada,8,$3.63  ~ $6.43 ,N/A,N/A,N/A,N/A,N/A
Shopping (Legacy),Human Resources,United Kingdom,"9,230",$9.02  ~ $11.17 ,$21.22 ,$303.63 ,0.04%,N/A,N/A
Shopping (Legacy),Human Resources,Mexico,19,$1.90  ~ $2.27 ,$2.39 ,$11.36 ,0.10%,N/A,N/A
Shopping (Legacy),Human Resources,United States,"3,169",$9.59  ~ $11.13 ,$12.48 ,$106.16 ,0.08%,N/A,N/A
Shopping (Legacy),Human Resources,Canada,323,$5.18  ~ $7.18 ,$10.23 ,N/A,0.07%,N/A,N/A
Shopping (Legacy),Veterinary Medicine,United States,22,$5.48  ~ $5.74 ,$5.82 ,N/A,0.10%,N/A,N/A
Shopping (Legacy),Veterinary Medicine,Canada,3,$2.35  ~ $5.73 ,N/A,N/A,N/A,N/A,N/A
Shopping (Legacy),Veterinary Medicine,United Kingdom,11,$0.00  ~ $0.00 ,N/A,N/A,N/A,N/A,N/A
Shopping (Legacy),Cameras & Camcorders,Canada,3,$4.67  ~ $10.72 ,N/A,N/A,N/A,N/A,N/A
Shopping (Legacy),Arthritis,United States,23,$5.05  ~ $5.22 ,$5.69 ,N/A,0.09%,N/A,N/A
Shopping (Legacy),Appliances,United States,"2,666",$8.24  ~ $8.27 ,$13.97 ,$86.46 ,0.06%,N/A,N/A
Shopping (Legacy),Appliances,Canada,102,$7.85  ~ $8.38 ,$5.52 ,N/A,0.14%,N/A,N/A
Shopping (Legacy),Appliances,United Kingdom,437,$6.82  ~ $6.84 ,$9.50 ,N/A,0.07%,N/A,N/A
Shopping (Legacy),Cocktails/Beer,United Kingdom,"1,556",$0.00  ~ $0.00 ,N/A,N/A,N/A,N/A,N/A
Society (Legacy),Honeymoons/Getaways,United Kingdom,482,$7.17  ~ $8.25 ,$9.83 ,$46.93 ,0.08%,N/A,N/A
Society (Legacy),Honeymoons/Getaways,United States,"1,990",$8.33  ~ $8.99 ,$12.66 ,$72.09 ,0.07%,N/A,N/A
Society (Legacy),Honeymoons/Getaways,Canada,170,$9.23  ~ $10.86 ,$13.79 ,N/A,0.08%,N/A,N/A
Society (Legacy),Art/Technology,United States,"5,799",$6.42  ~ $6.44 ,$10.25 ,N/A,0.06%,N/A,N/A
Society (Legacy),Art/Technology,Canada,7,$6.88  ~ $7.78 ,N/A,N/A,N/A,N/A,N/A
Society (Legacy),Art/Technology,United Kingdom,360,$2.51  ~ $2.51 ,N/A,N/A,N/A,N/A,N/A
Society (Legacy),Marketing,United States,73,$6.70  ~ $8.14 ,$8.20 ,$73.68 ,0.10%,N/A,N/A
Society (Legacy),Marketing,Canada,"1,477",$3.04  ~ $6.33 ,$2.36 ,$25.28 ,0.13%,N/A,N/A
Society (Legacy),U.S. Military,United States,127,$2.39  ~ $2.40 ,N/A,N/A,N/A,N/A,N/A
Society (Legacy),Gardening,United States,"7,504",$4.21  ~ $6.63 ,$6.10 ,$72.90 ,0.07%,N/A,N/A
Society (Legacy),Gardening,United Kingdom,699,$0.00  ~ $1.97 ,$2.77 ,N/A,0.07%,N/A,N/A
Society (Legacy),Gardening,Canada,835,$2.47  ~ $5.17 ,$5.51 ,$38.77 ,0.09%,N/A,N/A
Society (Legacy),Road-Side Assistance,United States,16,$2.46  ~ $5.32 ,N/A,N/A,N/A,N/A,N/A
Society (Legacy),Road-Side Assistance,Canada,8,$2.14  ~ $4.40 ,N/A,N/A,N/A,N/A,N/A
Society (Legacy),Road-Side Assistance,Mexico,16,$4.40  ~ $10.03 ,$10.93 ,N/A,0.04%,N/A,N/A
Society (Legacy),Road-Side Assistance,United Kingdom,194,$9.70  ~ $19.46 ,$11.53 ,N/A,0.08%,N/A,N/A
Society (Legacy),Daycare/Pre School,United States,18,$2.00  ~ $3.48 ,$1.94 ,N/A,0.18%,N/A,N/A
Society (Legacy),Guitar,United States,4,$2.40  ~ $5.27 ,N/A,N/A,N/A,N/A,N/A
Society (Legacy),Chronic Pain,United States,77,$12.28  ~ $12.80 ,$30.54 ,N/A,0.04%,N/A,N/A
Society (Legacy),Roleplaying Games,United States,16,$2.23  ~ $5.11 ,N/A,N/A,N/A,N/A,N/A
Society (Legacy),Camping,United States,2,$5.15  ~ $8.15 ,N/A,N/A,N/A,N/A,N/A
Society (Legacy),Stocks,United States,1,$9.70  ~ $9.70 ,$6.93 ,N/A,0.14%,N/A,N/A
Society (Legacy),News,United States,"1,281",$10.98  ~ $12.20 ,$10.02 ,$96.59 ,0.11%,N/A,N/A
Society (Legacy),News,Canada,1,$8.16  ~ $19.06 ,$9.50 ,N/A,0.09%,N/A,N/A
Society (Legacy),Construction,United States,"2,247",$6.45  ~ $8.91 ,$1.45 ,$23.39 ,0.44%,N/A,N/A
Society (Legacy),Construction,Canada,190,$6.46  ~ $16.03 ,$9.45 ,N/A,0.07%,N/A,N/A
Society (Legacy),Construction,United Kingdom,551,$6.74  ~ $8.73 ,$0.55 ,N/A,1.23%,N/A,N/A
Society (Legacy),Green Solutions,United States,"5,561",$6.85  ~ $7.12 ,$8.17 ,$112.12 ,0.08%,N/A,N/A
Society (Legacy),Green Solutions,United Kingdom,25,$6.65  ~ $7.79 ,$2.28 ,N/A,0.29%,N/A,N/A
Society (Legacy),Green Solutions,Canada,"2,850",$3.89  ~ $4.76 ,$7.22 ,$59.71 ,0.07%,N/A,N/A
Society (Legacy),Exercise,United States,"2,256",$3.61  ~ $3.85 ,$8.28 ,$66.19 ,0.05%,N/A,N/A
Society (Legacy),Exercise,Canada,92,$3.04  ~ $6.65 ,$1.90 ,N/A,0.16%,N/A,N/A
Society (Legacy),Exercise,Mexico,1,$2.22  ~ $3.54 ,N/A,N/A,N/A,N/A,N/A
Society (Legacy),Exercise,United Kingdom,"1,180",$3.84  ~ $7.47 ,$6.34 ,$47.89 ,0.06%,N/A,N/A
Society (Legacy),Dermatology,United States,97,$6.22  ~ $6.66 ,$5.03 ,N/A,0.13%,N/A,N/A
Society (Legacy),Dermatology,Canada,4,$2.51  ~ $5.60 ,N/A,N/A,N/A,N/A,N/A
Society (Legacy),Arts & Crafts,United States,"6,565",$2.44  ~ $6.00 ,$3.74 ,$36.30 ,0.07%,N/A,N/A
Society (Legacy),Accessories,Canada,1,$2.08  ~ $4.91 ,N/A,N/A,N/A,N/A,N/A
Society (Legacy),Accessories,United States,554,$12.74  ~ $14.04 ,$5.79 ,N/A,0.22%,N/A,N/A
Society (Legacy),Video & Computer Games,United States,9,$0.00  ~ $2.94 ,N/A,N/A,N/A,N/A,N/A
Society (Legacy),Job Search,United States,"3,254",$8.85  ~ $9.01 ,$10.81 ,$43.78 ,0.08%,N/A,N/A
Society (Legacy),Job Search,Canada,1,$4.31  ~ $4.78 ,N/A,N/A,N/A,N/A,N/A
Society (Legacy),Job Search,United Kingdom,8,$7.38  ~ $16.08 ,$1.36 ,N/A,0.54%,N/A,N/A
Society (Legacy),Distance Learning,United States,352,$11.43  ~ $11.95 ,$38.98 ,$163.90 ,0.03%,N/A,N/A
Society (Legacy),Physical Therapy,United States,341,$9.55  ~ $17.66 ,$3.64 ,N/A,0.26%,N/A,N/A
Society (Legacy),Physical Therapy,Canada,26,$2.96  ~ $5.30 ,N/A,N/A,N/A,N/A,N/A
Society (Legacy),Physical Therapy,United Kingdom,114,$6.39  ~ $6.39 ,$11.17 ,N/A,0.06%,N/A,N/A
Society (Legacy),Alternative Religions,United States,77,$7.84  ~ $7.87 ,$15.66 ,N/A,0.05%,N/A,N/A
Society (Legacy),Alternative Religions,United Kingdom,21,$5.14  ~ $10.53 ,$11.30 ,N/A,0.05%,N/A,N/A
Society (Legacy),Babies & Toddlers,United States,12,$10.25  ~ $11.43 ,$8.73 ,$30.50 ,0.12%,N/A,N/A
Society (Legacy),Comparison,United States,9,$4.13  ~ $8.66 ,$5.25 ,N/A,0.08%,N/A,N/A
Society (Legacy),Dogs,Canada,3,$2.62  ~ $5.92 ,N/A,N/A,N/A,N/A,N/A
Society (Legacy),Dogs,United States,"1,109",$3.23  ~ $4.96 ,$2.13 ,$11.83 ,0.15%,N/A,N/A
Society (Legacy),Dogs,United Kingdom,372,$9.50  ~ $9.50 ,N/A,N/A,N/A,N/A,N/A
Society (Legacy),Hotels,United States,"7,202",$4.73  ~ $7.79 ,$9.38 ,$74.49 ,0.08%,N/A,N/A
Society (Legacy),Hotels,Canada,49,$4.01  ~ $4.07 ,$0.31 ,$12.68 ,1.33%,N/A,N/A
Society (Legacy),Hotels,United Kingdom,"1,004",$3.87  ~ $4.81 ,$11.63 ,N/A,0.04%,N/A,N/A
Society (Legacy),Incest/Abuse Support,United States,"1,911",$7.56  ~ $9.38 ,$8.88 ,$193.25 ,0.09%,N/A,N/A
Society (Legacy),Incest/Abuse Support,Canada,64,$5.93  ~ $7.39 ,N/A,N/A,N/A,N/A,N/A
Society (Legacy),Hunting/Shooting,United States,42,$6.78  ~ $6.78 ,$44.08 ,$131.90 ,0.02%,N/A,N/A
Society (Legacy),Financial Aid,United States,109,$7.99  ~ $8.33 ,$14.98 ,N/A,0.05%,N/A,N/A
Society (Legacy),Thyroid Disease,United States,2,$32.24  ~ $64.75 ,$38.56 ,N/A,0.08%,N/A,N/A
Society (Legacy),Automotive,Canada,121,$7.21  ~ $8.92 ,$7.16 ,$70.20 ,0.10%,N/A,N/A
Society (Legacy),Automotive,United States,"8,123",$7.64  ~ $9.68 ,$11.07 ,$72.18 ,0.07%,N/A,N/A
Society (Legacy),Automotive,United Kingdom,178,$7.30  ~ $13.08 ,$33.97 ,$67.93 ,0.04%,N/A,N/A
Society (Legacy),Books & Literature,United States,35,$8.86  ~ $20.55 ,$27.53 ,N/A,0.07%,N/A,N/A
Society (Legacy),Birdwatching,United States,221,$2.93  ~ $6.14 ,$3.00 ,$76.97 ,0.20%,N/A,N/A
Society (Legacy),Birdwatching,Canada,14,$10.27  ~ $22.93 ,$4.81 ,N/A,0.21%,N/A,N/A
Society (Legacy),U.S. Government Resources,United States,55,$6.58  ~ $7.06 ,$3.88 ,N/A,0.17%,N/A,N/A
Society (Legacy),Large Animals,United States,2,$13.30  ~ $28.37 ,N/A,N/A,N/A,N/A,N/A
Society (Legacy),Home Repair,Canada,180,$5.06  ~ $5.31 ,$5.61 ,N/A,0.09%,N/A,N/A
Society (Legacy),Home Repair,United States,"5,261",$7.13  ~ $8.60 ,$9.02 ,$64.24 ,0.08%,N/A,N/A
Society (Legacy),Home Repair,United Kingdom,393,$7.55  ~ $8.92 ,$7.83 ,$43.88 ,0.10%,N/A,N/A
Society (Legacy),"Law, Gov't & Politics",United States,82,$1.24  ~ $6.37 ,$10.99 ,$56.50 ,0.06%,N/A,N/A
Society (Legacy),"Law, Gov't & Politics",Canada,6,$7.89  ~ $19.52 ,N/A,N/A,N/A,N/A,N/A
Society (Legacy),"Law, Gov't & Politics",United Kingdom,5,$7.37  ~ $15.81 ,N/A,N/A,N/A,N/A,N/A
Society (Legacy),Internet Technology,United Kingdom,116,$6.38  ~ $7.75 ,$16.46 ,N/A,0.05%,N/A,N/A
Society (Legacy),Internet Technology,United States,"1,863",$4.62  ~ $6.16 ,$10.94 ,$74.46 ,0.06%,N/A,N/A
Society (Legacy),Buying/Selling Cars,United States,"3,138",$5.70  ~ $5.80 ,$10.82 ,$80.25 ,0.05%,N/A,N/A
Society (Legacy),Buying/Selling Cars,United Kingdom,117,$7.61  ~ $11.40 ,$20.70 ,$36.57 ,0.06%,N/A,N/A
Society (Legacy),Buying/Selling Cars,Mexico,5,$15.71  ~ $21.25 ,$7.68 ,N/A,0.20%,N/A,N/A
Society (Legacy),Buying/Selling Cars,Canada,915,$5.23  ~ $6.34 ,$14.55 ,$205.06 ,0.04%,N/A,N/A
Society (Legacy),Real Estate,United Kingdom,"12,792",$5.61  ~ $6.99 ,$6.18 ,$63.30 ,0.09%,N/A,N/A
Society (Legacy),Real Estate,United States,"3,655",$6.58  ~ $6.97 ,$5.31 ,$41.00 ,0.12%,N/A,N/A
Society (Legacy),Real Estate,Canada,71,$4.22  ~ $5.19 ,$7.39 ,N/A,0.07%,N/A,N/A
Society (Legacy),Adult Education,United States,226,$3.06  ~ $9.28 ,$17.55 ,$48.60 ,0.05%,N/A,N/A
Society (Legacy),Adult Education,Canada,25,$4.15  ~ $6.81 ,N/A,N/A,N/A,N/A,N/A
Society (Legacy),Adult Education,United Kingdom,48,$7.76  ~ $9.02 ,$16.94 ,N/A,0.05%,N/A,N/A
Society (Legacy),Alternative Medicine,United States,347,$8.28  ~ $9.42 ,$12.02 ,N/A,0.08%,N/A,N/A
Society (Legacy),Alternative Medicine,Canada,21,$1.48  ~ $1.80 ,N/A,N/A,N/A,N/A,N/A
Society (Legacy),Alternative Medicine,United Kingdom,5,$5.42  ~ $5.42 ,N/A,N/A,N/A,N/A,N/A
Society (Legacy),Body Art,United States,13,$2.05  ~ $4.61 ,N/A,N/A,N/A,N/A,N/A
Society (Legacy),Nutrition,United States,205,$10.29  ~ $10.68 ,$12.19 ,$55.00 ,0.09%,N/A,N/A
Society (Legacy),Nutrition,Canada,610,$2.63  ~ $4.13 ,$3.18 ,$20.06 ,0.08%,N/A,N/A
Society (Legacy),Nutrition,United Kingdom,26,$9.60  ~ $9.60 ,$14.33 ,N/A,0.07%,N/A,N/A
Society (Legacy),Celebrity Fan/Gossip,United States,1,$6.67  ~ $14.74 ,N/A,N/A,N/A,N/A,N/A
Society (Legacy),Radio,United States,151,$5.65  ~ $6.42 ,$12.69 ,N/A,0.05%,N/A,N/A
Society (Legacy),By US Locale,United States,1,$10.89  ~ $24.19 ,N/A,N/A,N/A,N/A,N/A
Society (Legacy),Mutual Funds,United States,"3,949",$7.88  ~ $8.50 ,$9.65 ,$66.14 ,0.08%,N/A,N/A
Society (Legacy),Mutual Funds,Canada,11,$24.73  ~ $25.42 ,$39.77 ,N/A,0.06%,N/A,N/A
Society (Legacy),Auto Parts,United States,"1,450",$6.25  ~ $6.86 ,$6.52 ,$87.49 ,0.10%,N/A,N/A
Society (Legacy),Auto Parts,Canada,3,$5.19  ~ $12.45 ,$4.70 ,N/A,0.11%,N/A,N/A
Society (Legacy),Auto Parts,United Kingdom,447,$7.36  ~ $7.36 ,$5.49 ,$82.34 ,0.13%,N/A,N/A
Society (Legacy),Travel,United Kingdom,"5,644",$4.85  ~ $5.05 ,$8.23 ,$34.56 ,0.06%,N/A,N/A
Society (Legacy),Travel,United States,"12,100",$4.31  ~ $5.02 ,$5.35 ,$39.09 ,0.09%,N/A,N/A
Society (Legacy),Travel,Ireland,3,$4.96  ~ $5.15 ,$1.83 ,$9.75 ,0.28%,N/A,N/A
Society (Legacy),Travel,Canada,12,$7.63  ~ $7.83 ,$3.77 ,N/A,0.20%,N/A,N/A
Society (Legacy),Graduate School,Canada,169,$5.27  ~ $12.11 ,$5.11 ,N/A,0.10%,N/A,N/A
Society (Legacy),Graduate School,United States,"3,752",$8.22  ~ $8.87 ,$7.28 ,$49.16 ,0.11%,N/A,N/A
Society (Legacy),Graduate School,United Kingdom,303,$5.89  ~ $8.40 ,$13.15 ,N/A,0.06%,N/A,N/A
Society (Legacy),Cancer,United States,"1,553",$10.79  ~ $17.37 ,$30.78 ,$254.50 ,0.06%,N/A,N/A
Society (Legacy),Senor Health,Canada,30,$6.44  ~ $8.12 ,$4.41 ,N/A,0.15%,N/A,N/A
Society (Legacy),Senor Health,United States,"2,823",$7.51  ~ $9.37 ,$4.02 ,$37.27 ,0.23%,N/A,N/A
Society (Legacy),Senor Health,United Kingdom,36,$7.17  ~ $7.44 ,$3.10 ,$43.44 ,0.23%,N/A,N/A
Society (Legacy),Cameras & Camcorders,Canada,3,$6.02  ~ $12.20 ,N/A,N/A,N/A,N/A,N/A
Society (Legacy),Cameras & Camcorders,United States,8,$6.33  ~ $6.62 ,$1.25 ,N/A,0.53%,N/A,N/A
Society (Legacy),Teens,United States,2,$8.46  ~ $17.53 ,$5.52 ,$16.57 ,0.15%,N/A,N/A
Society (Legacy),Trucks & Accessories,United States,"1,111",$4.56  ~ $4.72 ,$6.64 ,$34.08 ,0.07%,N/A,N/A
Society (Legacy),Investors & Patents,United States,"20,634",$7.93  ~ $8.32 ,$7.57 ,$89.02 ,0.10%,N/A,N/A
Society (Legacy),Investors & Patents,Canada,192,$6.13  ~ $6.14 ,$8.60 ,N/A,0.07%,N/A,N/A
Society (Legacy),Investors & Patents,United Kingdom,30,$6.55  ~ $8.85 ,N/A,N/A,N/A,N/A,N/A
Society (Legacy),Investors & Patents,Mexico,6,$2.55  ~ $3.95 ,$6.97 ,N/A,0.06%,N/A,N/A
Society (Legacy),Certified Pre-Owned,United States,51,$12.62  ~ $13.66 ,$7.58 ,N/A,0.17%,N/A,N/A
Society (Legacy),Certified Pre-Owned,Canada,1,$3.62  ~ $6.74 ,N/A,N/A,N/A,N/A,N/A
Society (Legacy),Certified Pre-Owned,United Kingdom,3,$27.73  ~ $27.73 ,N/A,N/A,N/A,N/A,N/A
Society (Legacy),Credit/Debt & Loans,Canada,160,$6.96  ~ $7.86 ,$4.59 ,N/A,0.15%,N/A,N/A
Society (Legacy),Credit/Debt & Loans,United States,"31,994",$4.21  ~ $5.54 ,$5.61 ,$30.71 ,0.10%,N/A,N/A
Society (Legacy),Credit/Debt & Loans,United Kingdom,"1,479",$5.09  ~ $6.68 ,$8.21 ,N/A,0.08%,N/A,N/A
Society (Legacy),Credit/Debt & Loans,Mexico,3,$6.53  ~ $14.77 ,$6.86 ,N/A,0.10%,N/A,N/A
Society (Legacy),Pets,United States,672,$8.11  ~ $8.56 ,$10.22 ,$236.55 ,0.08%,N/A,N/A
Society (Legacy),Pets,Canada,27,$8.39  ~ $8.40 ,$16.86 ,$244.36 ,0.05%,N/A,N/A
Society (Legacy),Pets,United Kingdom,2,$9.49  ~ $22.49 ,N/A,N/A,N/A,N/A,N/A
Society (Legacy),Dental Care,United States,344,$2.84  ~ $3.34 ,$7.90 ,N/A,0.04%,N/A,N/A
Society (Legacy),Dental Care,Canada,24,$2.21  ~ $5.32 ,$1.08 ,N/A,0.20%,N/A,N/A
Society (Legacy),Dental Care,United Kingdom,2,$16.67  ~ $40.61 ,$5.90 ,N/A,0.28%,N/A,N/A
Society (Legacy),Cuisine-Specific,United States,112,$1.04  ~ $1.04 ,$2.34 ,N/A,0.04%,N/A,N/A
Society (Legacy),Desserts & Baking,Canada,11,$2.09  ~ $4.65 ,N/A,N/A,N/A,N/A,N/A
Society (Legacy),Desserts & Baking,United States,229,$4.49  ~ $10.51 ,$8.64 ,N/A,0.05%,N/A,N/A
Society (Legacy),Mountain Biking,United States,11,$6.49  ~ $6.70 ,$7.45 ,N/A,0.09%,N/A,N/A
Society (Legacy),Mountain Biking,Canada,15,$6.46  ~ $6.68 ,$3.27 ,N/A,0.20%,N/A,N/A
Society (Legacy),Couponing,Canada,755,$4.18  ~ $10.04 ,$2.39 ,N/A,0.17%,N/A,N/A
Society (Legacy),Couponing,United States,"6,519",$3.96  ~ $4.07 ,$5.15 ,N/A,0.08%,N/A,N/A
Society (Legacy),Music,United Kingdom,918,$4.69  ~ $6.29 ,$9.03 ,N/A,0.07%,N/A,N/A
Society (Legacy),Music,United States,"14,226",$6.58  ~ $6.62 ,$12.92 ,$103.55 ,0.05%,N/A,N/A
Society (Legacy),Music,Canada,91,$3.96  ~ $4.32 ,$4.87 ,N/A,0.09%,N/A,N/A
Society (Legacy),Interior Decorating,Canada,"1,666",$4.47  ~ $7.90 ,$7.06 ,$59.38 ,0.11%,N/A,N/A
Society (Legacy),Interior Decorating,United States,"4,280",$6.74  ~ $7.53 ,$8.08 ,$52.16 ,0.09%,N/A,N/A
Society (Legacy),Interior Decorating,United Kingdom,124,$6.62  ~ $6.79 ,$26.63 ,N/A,0.02%,N/A,N/A
Society (Legacy),Career Planning,United States,744,$7.75  ~ $8.08 ,$13.97 ,$82.07 ,0.06%,N/A,N/A
Society (Legacy),Career Planning,Canada,861,$6.21  ~ $8.68 ,$6.76 ,$8.51 ,0.09%,N/A,N/A
Society (Legacy),Career Planning,United Kingdom,11,$8.40  ~ $8.42 ,$13.10 ,N/A,0.06%,N/A,N/A
Society (Legacy),Architects,United Kingdom,5,$7.26  ~ $7.26 ,$2.45 ,N/A,0.30%,N/A,N/A
Society (Legacy),Business,Canada,"1,045",$6.15  ~ $10.15 ,$11.41 ,$73.44 ,0.05%,N/A,N/A
Society (Legacy),Business,Mexico,6,$7.60  ~ $7.62 ,$6.94 ,$28.30 ,0.11%,N/A,N/A
Society (Legacy),Business,Ireland,2,$10.50  ~ $10.60 ,$4.02 ,$31.27 ,0.26%,N/A,N/A
Society (Legacy),Business,United States,"28,314",$7.20  ~ $7.20 ,$9.46 ,$71.88 ,0.08%,N/A,N/A
Society (Legacy),Business,United Kingdom,"11,451",$4.90  ~ $5.22 ,$7.25 ,$47.36 ,0.07%,N/A,N/A
Society (Legacy),Personal Finance,Canada,590,$6.05  ~ $6.65 ,$9.20 ,N/A,0.07%,N/A,N/A
Society (Legacy),Personal Finance,United Kingdom,"1,783",$6.34  ~ $8.99 ,$8.43 ,N/A,0.08%,N/A,N/A
Society (Legacy),Personal Finance,Mexico,5,$4.41  ~ $4.80 ,$4.49 ,N/A,0.11%,N/A,N/A
Society (Legacy),Personal Finance,Ireland,48,$7.30  ~ $7.34 ,$7.91 ,$61.48 ,0.09%,N/A,N/A
Society (Legacy),Personal Finance,United States,"36,056",$5.21  ~ $5.91 ,$7.21 ,$56.36 ,0.08%,N/A,N/A
Society (Legacy),Family & Parenting,United Kingdom,"1,961",$6.98  ~ $7.31 ,$10.55 ,$70.53 ,0.07%,N/A,N/A
Society (Legacy),Family & Parenting,United States,"1,489",$7.10  ~ $8.64 ,$7.74 ,$76.53 ,0.09%,N/A,N/A
Society (Legacy),Family & Parenting,Canada,60,$2.31  ~ $3.77 ,$0.13 ,N/A,1.82%,N/A,N/A
Society (Legacy),Infertility,United States,413,$4.10  ~ $6.89 ,$14.34 ,N/A,0.05%,N/A,N/A
Society (Legacy),Health/Lowfat Cooking,United Kingdom,121,$5.54  ~ $5.55 ,$10.53 ,N/A,0.05%,N/A,N/A
Society (Legacy),Health/Lowfat Cooking,Mexico,3,$10.55  ~ $22.70 ,$1.85 ,N/A,0.57%,N/A,N/A
Society (Legacy),Health/Lowfat Cooking,Canada,19,$2.97  ~ $11.86 ,$17.75 ,N/A,0.07%,N/A,N/A
Society (Legacy),Health/Lowfat Cooking,United States,567,$7.64  ~ $9.37 ,$10.53 ,$64.86 ,0.07%,N/A,N/A
Society (Legacy),Veterinary Medicine,United States,54,$5.92  ~ $6.06 ,$7.79 ,N/A,0.08%,N/A,N/A
Society (Legacy),Veterinary Medicine,Canada,5,$2.37  ~ $5.50 ,N/A,N/A,N/A,N/A,N/A
Society (Legacy),Religion & Spirituality,United States,1,$2.31  ~ $5.20 ,N/A,N/A,N/A,N/A,N/A
Society (Legacy),Pro Basketball,United States,882,$8.02  ~ $8.39 ,$6.26 ,$43.48 ,0.13%,N/A,N/A
Society (Legacy),Pro Basketball,United Kingdom,547,$6.70  ~ $8.20 ,$55.71 ,$110.31 ,0.01%,N/A,N/A
Society (Legacy),Pro Basketball,Canada,77,$2.73  ~ $15.54 ,$1.57 ,$6.75 ,0.17%,N/A,N/A
Society (Legacy),Martial Arts,United States,18,$3.03  ~ $7.20 ,N/A,N/A,N/A,N/A,N/A
Society (Legacy),Martial Arts,Canada,2,$2.19  ~ $5.31 ,N/A,N/A,N/A,N/A,N/A
Society (Legacy),Electric Vehicle,Canada,18,$4.66  ~ $11.02 ,$2.70 ,N/A,0.17%,N/A,N/A
Society (Legacy),Barbecues & Grilling,Canada,401,$4.62  ~ $10.52 ,$4.65 ,$55.85 ,0.10%,N/A,N/A
Society (Legacy),Air Travel,United Kingdom,234,$6.17  ~ $14.05 ,$24.61 ,N/A,0.03%,N/A,N/A
Society (Legacy),Air Travel,Canada,33,$6.20  ~ $6.27 ,$2.85 ,N/A,0.22%,N/A,N/A
Society (Legacy),Air Travel,United States,"25,809",$5.32  ~ $5.43 ,$6.06 ,$46.67 ,0.09%,N/A,N/A
Society (Legacy),Food & Drink,Canada,24,$5.49  ~ $12.47 ,$6.41 ,N/A,0.09%,N/A,N/A
Society (Legacy),Food & Drink,United States,"1,442",$5.76  ~ $5.91 ,$7.42 ,$77.41 ,0.08%,N/A,N/A
Society (Legacy),Tax Planning,United States,109,$8.95  ~ $9.65 ,N/A,N/A,N/A,N/A,N/A
Society (Legacy),Tax Planning,United Kingdom,3,$7.25  ~ $17.62 ,N/A,N/A,N/A,N/A,N/A
Society (Legacy),Incontinence,Canada,1,$3.06  ~ $6.86 ,N/A,N/A,N/A,N/A,N/A
Society (Legacy),Incontinence,United States,5,$2.03  ~ $2.05 ,$2.58 ,N/A,0.08%,N/A,N/A
Society (Legacy),Adventure Travel,United States,"1,172",$2.59  ~ $14.46 ,$4.60 ,$31.84 ,0.06%,N/A,N/A
Society (Legacy),Heart Disease,United States,6,$2.41  ~ $3.77 ,N/A,N/A,N/A,N/A,N/A
Society (Legacy),Remodeling & Construction,United States,"12,094",$3.55  ~ $3.84 ,$4.49 ,$32.54 ,0.09%,N/A,N/A
Society (Legacy),Remodeling & Construction,Canada,53,$2.34  ~ $5.66 ,$1.07 ,$2.10 ,0.22%,N/A,N/A
Society (Legacy),Coffee/Tea,United States,"2,906",$4.85  ~ $6.12 ,$3.92 ,$17.84 ,0.12%,N/A,N/A
Society (Legacy),Arts & Entertainment,Canada,447,$5.63  ~ $7.69 ,$4.24 ,$9.79 ,0.13%,N/A,N/A
Society (Legacy),Arts & Entertainment,United States,"8,635",$6.19  ~ $7.18 ,$12.12 ,$55.13 ,0.05%,N/A,N/A
Society (Legacy),Arts & Entertainment,United Kingdom,"1,558",$6.35  ~ $7.55 ,$9.02 ,N/A,0.07%,N/A,N/A
Society (Legacy),Landscaping,Canada,36,$2.08  ~ $4.63 ,N/A,N/A,N/A,N/A,N/A
Society (Legacy),Landscaping,United States,328,$5.25  ~ $5.37 ,$11.84 ,N/A,0.05%,N/A,N/A
Society (Legacy),Cigars,Canada,139,$3.83  ~ $4.05 ,$15.34 ,$14.50 ,0.02%,N/A,N/A
Society (Legacy),Cigars,United States,"5,588",$6.69  ~ $6.88 ,$12.59 ,$124.31 ,0.05%,N/A,N/A
Society (Legacy),Cigars,Ireland,23,$9.09  ~ $9.09 ,$7.54 ,N/A,0.12%,N/A,N/A
Society (Legacy),Cigars,United Kingdom,"16,504",$3.69  ~ $14.49 ,$7.79 ,$52.61 ,0.05%,N/A,N/A
Society (Legacy),Contests & Freebies,Canada,3,$2.06  ~ $5.09 ,N/A,N/A,N/A,N/A,N/A
Society (Legacy),Contests & Freebies,United States,53,$5.56  ~ $8.46 ,$1.81 ,N/A,0.31%,N/A,N/A
Society (Legacy),Apartments,United Kingdom,"30,014",$7.11  ~ $7.32 ,$6.62 ,$38.36 ,0.11%,N/A,N/A
Society (Legacy),Apartments,United States,348,$5.11  ~ $7.29 ,$4.17 ,$26.12 ,0.12%,N/A,N/A
Society (Legacy),Apartments,Canada,32,$1.48  ~ $6.37 ,$3.22 ,N/A,0.20%,N/A,N/A
Society (Legacy),Careers,Canada,422,$3.49  ~ $3.57 ,$7.71 ,$69.19 ,0.05%,N/A,N/A
Society (Legacy),Careers,United States,"1,917",$2.35  ~ $7.78 ,$8.42 ,$88.01 ,0.03%,N/A,N/A
Society (Legacy),Careers,United Kingdom,310,$5.63  ~ $15.14 ,$11.17 ,N/A,0.05%,N/A,N/A
Society (Legacy),Retirement Planning,United Kingdom,10,$5.97  ~ $12.72 ,$2.06 ,N/A,0.29%,N/A,N/A
Society (Legacy),Retirement Planning,United States,38,$7.87  ~ $16.55 ,$12.61 ,N/A,0.13%,N/A,N/A
Society (Legacy),Television,Ireland,1,$12.85  ~ $15.93 ,$11.80 ,N/A,0.13%,N/A,N/A
Society (Legacy),Television,United Kingdom,328,$7.24  ~ $7.40 ,$3.45 ,$16.74 ,0.21%,N/A,N/A
Society (Legacy),Stamps & Coins,United States,11,$3.59  ~ $7.19 ,N/A,N/A,N/A,N/A,N/A
Society (Legacy),Theme Parks,Canada,153,$4.98  ~ $10.44 ,$4.96 ,$36.37 ,0.10%,N/A,N/A
Society (Legacy),Theme Parks,United States,46,$4.37  ~ $4.37 ,$6.03 ,N/A,0.07%,N/A,N/A
Society (Legacy),Card Games,United States,"1,364",$7.23  ~ $7.51 ,$11.56 ,$86.20 ,0.06%,N/A,N/A
Society (Legacy),Card Games,Canada,"2,431",$6.05  ~ $6.88 ,$11.05 ,$82.26 ,0.05%,N/A,N/A
Society (Legacy),Card Games,United Kingdom,554,$6.45  ~ $6.78 ,$13.93 ,$245.54 ,0.05%,N/A,N/A
Society (Legacy),Off-Road Vehicles,United States,125,$7.71  ~ $20.01 ,$24.80 ,N/A,0.03%,N/A,N/A
Society (Legacy),Off-Road Vehicles,Canada,4,$6.84  ~ $16.84 ,$3.69 ,N/A,0.19%,N/A,N/A
Society (Legacy),Off-Road Vehicles,United Kingdom,4,$8.29  ~ $20.55 ,$3.17 ,$6.35 ,0.26%,N/A,N/A
Society (Legacy),Swimming,United States,100,$2.15  ~ $8.23 ,$24.45 ,N/A,0.03%,N/A,N/A
Society (Legacy),Network Security,United States,11,$1.81  ~ $2.44 ,N/A,N/A,N/A,N/A,N/A
Society (Legacy),Sexuality,Canada,5,$2.71  ~ $5.57 ,N/A,N/A,N/A,N/A,N/A
Society (Legacy),Sexuality,United States,"5,343",$5.54  ~ $6.89 ,$10.84 ,$61.33 ,0.05%,N/A,N/A
Society (Legacy),Astrology,Canada,2,$2.05  ~ $4.40 ,N/A,N/A,N/A,N/A,N/A
Society (Legacy),Insurance,Canada,236,$6.35  ~ $6.85 ,$11.83 ,$25.37 ,0.05%,N/A,N/A
Society (Legacy),Insurance,United States,"11,037",$8.00  ~ $8.13 ,$5.26 ,$68.15 ,0.15%,N/A,N/A
Society (Legacy),Insurance,United Kingdom,"4,222",$4.98  ~ $5.40 ,$6.44 ,$57.01 ,0.08%,N/A,N/A
Society (Legacy),Senior Living,Canada,26,$3.42  ~ $6.81 ,$1.21 ,N/A,0.28%,N/A,N/A
Society (Legacy),Senior Living,United States,755,$6.40  ~ $6.86 ,$8.57 ,$44.35 ,0.07%,N/A,N/A
Society (Legacy),Senior Living,United Kingdom,227,$6.48  ~ $7.13 ,$17.97 ,N/A,0.04%,N/A,N/A
Society (Legacy),Education,Mexico,1,$8.16  ~ $8.16 ,$32.13 ,N/A,0.03%,N/A,N/A
Society (Legacy),Education,Canada,13,$7.58  ~ $9.78 ,$29.34 ,N/A,0.03%,N/A,N/A
Society (Legacy),Education,United Kingdom,"1,832",$7.72  ~ $9.63 ,$10.99 ,$367.72 ,0.07%,N/A,N/A
Society (Legacy),Education,Ireland,3,$10.18  ~ $10.18 ,$27.50 ,N/A,0.04%,N/A,N/A
Society (Legacy),Education,United States,"4,923",$7.18  ~ $7.23 ,$8.75 ,$50.39 ,0.08%,N/A,N/A
Society (Legacy),Cold & Flu,Canada,18,$2.20  ~ $5.04 ,N/A,N/A,N/A,N/A,N/A
Society (Legacy),Cold & Flu,United States,665,$6.78  ~ $9.21 ,$5.22 ,N/A,0.18%,N/A,N/A
Society (Legacy),Cold & Flu,United Kingdom,128,$12.60  ~ $30.89 ,$33.63 ,N/A,0.04%,N/A,N/A
Society (Legacy),Cell Phones,United States,72,$10.31  ~ $10.31 ,$13.92 ,$78.60 ,0.07%,N/A,N/A
Society (Legacy),Wine,United States,125,$8.11  ~ $9.41 ,$6.09 ,$182.28 ,0.15%,N/A,N/A
Society (Legacy),Wine,Ireland,6,$4.97  ~ $10.97 ,$4.68 ,N/A,0.11%,N/A,N/A
Society (Legacy),Investing,United Kingdom,97,$7.08  ~ $7.51 ,N/A,N/A,N/A,N/A,N/A
Society (Legacy),Investing,United States,"1,944",$5.09  ~ $7.64 ,$22.76 ,$334.57 ,0.03%,N/A,N/A
Society (Legacy),Investing,Canada,14,$8.23  ~ $8.23 ,N/A,N/A,N/A,N/A,N/A
Society (Legacy),Movies,United States,91,$5.87  ~ $5.89 ,$11.72 ,N/A,0.05%,N/A,N/A
Society (Legacy),Legal Issues,Canada,"1,125",$4.60  ~ $5.83 ,$4.43 ,$42.40 ,0.13%,N/A,N/A
Society (Legacy),Legal Issues,United States,"26,038",$7.54  ~ $8.39 ,$9.36 ,$49.34 ,0.08%,N/A,N/A
Society (Legacy),Legal Issues,United Kingdom,"8,730",$4.85  ~ $5.16 ,$8.29 ,$99.41 ,0.06%,N/A,N/A
Society (Legacy),Clothing,Canada,302,$4.84  ~ $7.37 ,$2.74 ,$20.18 ,0.18%,N/A,N/A
Society (Legacy),Clothing,United States,"30,381",$6.51  ~ $7.19 ,$8.47 ,$34.86 ,0.08%,N/A,N/A
Society (Legacy),Clothing,United Kingdom,101,$7.47  ~ $7.47 ,$6.85 ,N/A,0.11%,N/A,N/A
Society (Legacy),Psychology/Psychiatry,United States,"11,429",$6.00  ~ $7.88 ,$6.78 ,$149.89 ,0.12%,N/A,N/A
Society (Legacy),Psychology/Psychiatry,Canada,11,$5.89  ~ $6.13 ,$13.45 ,N/A,0.04%,N/A,N/A
Society (Legacy),Psychology/Psychiatry,United Kingdom,506,$7.84  ~ $8.21 ,$4.96 ,N/A,0.16%,N/A,N/A
Society (Legacy),Allergies,Canada,44,$5.07  ~ $11.51 ,$1.92 ,N/A,0.26%,N/A,N/A
Society (Legacy),Allergies,United Kingdom,103,$3.27  ~ $7.93 ,N/A,N/A,N/A,N/A,N/A
Society (Legacy),Collecting,United States,39,$5.25  ~ $7.62 ,$8.17 ,$14.87 ,0.09%,N/A,N/A
Society (Legacy),Logistics,United States,"5,173",$9.21  ~ $10.20 ,$9.07 ,$60.84 ,0.11%,N/A,N/A
Society (Legacy),Logistics,United Kingdom,450,$6.37  ~ $8.71 ,$8.95 ,$133.57 ,0.10%,N/A,N/A
Society (Legacy),Logistics,Canada,265,$4.38  ~ $6.10 ,$4.03 ,N/A,0.15%,N/A,N/A
Society (Legacy),Logistics,Mexico,8,$2.16  ~ $6.45 ,$3.48 ,N/A,0.19%,N/A,N/A
Society (Legacy),Business Software,Canada,572,$7.60  ~ $9.14 ,$7.43 ,$59.00 ,0.12%,N/A,N/A
Society (Legacy),Business Software,United Kingdom,"2,115",$10.53  ~ $12.77 ,$12.13 ,$62.81 ,0.11%,N/A,N/A
Society (Legacy),Business Software,United States,"6,776",$9.18  ~ $9.46 ,$11.80 ,$69.32 ,0.08%,N/A,N/A
Society (Legacy),Human Resources,United Kingdom,"4,416",$9.09  ~ $14.69 ,$10.79 ,$94.36 ,0.08%,N/A,N/A
Society (Legacy),Human Resources,Mexico,82,$1.86  ~ $2.09 ,$2.22 ,$23.70 ,0.09%,N/A,N/A
Society (Legacy),Human Resources,United States,"6,804",$9.11  ~ $10.52 ,$12.05 ,$87.77 ,0.08%,N/A,N/A
Society (Legacy),Human Resources,Canada,"1,034",$5.33  ~ $6.98 ,$9.81 ,N/A,0.07%,N/A,N/A
Society (Legacy),Arthritis,United States,31,$5.21  ~ $5.35 ,$5.68 ,$11.35 ,0.09%,N/A,N/A
Society (Legacy),Appliances,United Kingdom,109,$6.67  ~ $6.79 ,$2.10 ,N/A,0.32%,N/A,N/A
Society (Legacy),Appliances,United States,"5,861",$7.40  ~ $7.74 ,$12.17 ,$145.33 ,0.06%,N/A,N/A
Society (Legacy),Appliances,Canada,60,$6.96  ~ $9.05 ,$5.10 ,N/A,0.14%,N/A,N/A
Society (Legacy),Buying/Selling Homes,Canada,727,$4.27  ~ $6.54 ,$8.20 ,$30.11 ,0.05%,N/A,N/A
Society (Legacy),Buying/Selling Homes,United Kingdom,"4,167",$5.75  ~ $6.94 ,$10.01 ,$148.62 ,0.06%,N/A,N/A
Society (Legacy),Buying/Selling Homes,United States,"3,226",$7.14  ~ $9.95 ,$7.75 ,$38.96 ,0.09%,N/A,N/A
Society (Legacy),Weight Loss,Mexico,8,$1.37  ~ $3.38 ,$0.49 ,N/A,0.28%,N/A,N/A
Society (Legacy),Weight Loss,United Kingdom,"1,600",$8.20  ~ $8.21 ,$22.69 ,$128.58 ,0.04%,N/A,N/A
Society (Legacy),Weight Loss,United States,242,$3.92  ~ $3.97 ,$12.69 ,N/A,0.03%,N/A,N/A
Society (Legacy),Forestry,United States,9,$7.04  ~ $16.97 ,N/A,N/A,N/A,N/A,N/A
Society (Legacy),Entertainment,United States,92,$10.19  ~ $23.17 ,$12.27 ,N/A,0.08%,N/A,N/A
Society (Legacy),Entertainment,Mexico,5,$1.12  ~ $2.43 ,$1.35 ,N/A,0.08%,N/A,N/A
Society (Legacy),Computer Networking,United States,"3,211",$2.10  ~ $5.07 ,$1.73 ,$16.02 ,0.12%,N/A,N/A
Society (Legacy),Health & Fitness,United States,"30,864",$7.44  ~ $8.12 ,$7.71 ,$53.82 ,0.11%,N/A,N/A
Society (Legacy),Health & Fitness,United Kingdom,"7,696",$5.96  ~ $6.35 ,$8.98 ,$96.83 ,0.07%,N/A,N/A
Society (Legacy),Health & Fitness,Ireland,5,$1.17  ~ $1.18 ,$1.11 ,N/A,0.11%,N/A,N/A
Society (Legacy),Health & Fitness,Canada,953,$6.84  ~ $8.94 ,$4.29 ,$128.22 ,0.16%,N/A,N/A
Society (Legacy),Local News,United States,68,$8.48  ~ $19.55 ,$8.95 ,N/A,0.09%,N/A,N/A
Society (Legacy),Advertising,Canada,684,$6.95  ~ $8.10 ,$6.63 ,$60.10 ,0.10%,N/A,N/A
Society (Legacy),Advertising,United Kingdom,913,$7.51  ~ $9.30 ,$12.21 ,$50.08 ,0.08%,N/A,N/A
Society (Legacy),Advertising,United States,"2,979",$9.33  ~ $10.20 ,$10.64 ,$62.34 ,0.10%,N/A,N/A
Society (Legacy),Catholicism,United States,62,$6.06  ~ $9.06 ,$7.62 ,N/A,0.12%,N/A,N/A
Society (Legacy),Home & Garden,United States,"7,674",$5.86  ~ $6.74 ,$6.75 ,$50.02 ,0.09%,N/A,N/A
Society (Legacy),Home & Garden,Canada,"2,494",$2.89  ~ $5.09 ,$9.15 ,$183.51 ,0.06%,N/A,N/A
Society (Legacy),Home & Garden,United Kingdom,"1,898",$6.85  ~ $6.99 ,$17.17 ,$43.92 ,0.04%,N/A,N/A
Society (Legacy),Commentary,United States,115,$14.65  ~ $17.38 ,$78.95 ,N/A,0.02%,N/A,N/A
Society (Legacy),College,Canada,345,$4.50  ~ $6.85 ,$11.19 ,$99.91 ,0.04%,N/A,N/A
Society (Legacy),College,United States,"2,483",$6.52  ~ $7.62 ,$9.16 ,$51.39 ,0.08%,N/A,N/A
Society (Legacy),College,United Kingdom,"1,031",$8.74  ~ $8.91 ,$11.20 ,$92.88 ,0.08%,N/A,N/A
Society (Legacy),Technology & Computing,United States,"2,226",$6.76  ~ $6.82 ,$15.16 ,$77.06 ,0.04%,N/A,N/A
Society (Legacy),Technology & Computing,Canada,819,$5.53  ~ $6.89 ,$16.91 ,N/A,0.04%,N/A,N/A
Society (Legacy),Technology & Computing,United Kingdom,"1,147",$5.84  ~ $9.92 ,$11.00 ,$187.21 ,0.09%,N/A,N/A
Society (Legacy),Biotech/Biomedical,United States,"7,407",$8.51  ~ $23.20 ,$6.61 ,$108.99 ,0.13%,N/A,N/A
Society (Legacy),Biotech/Biomedical,Canada,132,$7.02  ~ $9.21 ,$5.70 ,$26.71 ,0.12%,N/A,N/A
Society (Legacy),Biotech/Biomedical,United Kingdom,35,$6.87  ~ $7.46 ,$17.83 ,N/A,0.04%,N/A,N/A
Society (Legacy),Politics,United States,"6,116",$10.68  ~ $11.56 ,$17.08 ,$83.23 ,0.06%,N/A,N/A
Society (Legacy),Politics,Canada,8,$9.52  ~ $12.60 ,$10.47 ,$89.63 ,0.09%,N/A,N/A
Society (Legacy),Beauty,Canada,185,$2.19  ~ $2.81 ,$2.46 ,N/A,0.09%,N/A,N/A
Society (Legacy),Beauty,United States,813,$8.18  ~ $9.22 ,$10.56 ,$89.22 ,0.09%,N/A,N/A
Society (Legacy),Beauty,United Kingdom,743,$6.93  ~ $7.45 ,$10.39 ,$37.84 ,0.07%,N/A,N/A
Society (Legacy),Computer Certification,United States,9,$6.21  ~ $17.19 ,N/A,N/A,N/A,N/A,N/A
Society (Legacy),Auto Repair,Canada,85,$5.78  ~ $6.28 ,$8.45 ,N/A,0.07%,N/A,N/A
Society (Legacy),Auto Repair,United States,818,$6.87  ~ $9.07 ,$13.75 ,$109.16 ,0.07%,N/A,N/A
Society (Legacy),Metals,Mexico,3,$1.38  ~ $2.35 ,$1.20 ,N/A,0.19%,N/A,N/A
Society (Legacy),Metals,United Kingdom,171,$7.95  ~ $8.25 ,$5.80 ,N/A,0.14%,N/A,N/A
Society (Legacy),Metals,Canada,"3,878",$4.56  ~ $9.49 ,$10.15 ,$160.64 ,0.04%,N/A,N/A
Society (Legacy),Metals,United States,"32,028",$2.94  ~ $5.95 ,$6.35 ,$52.47 ,0.09%,N/A,N/A
Society (Legacy),Pediatrics,United States,221,$8.76  ~ $37.45 ,$10.74 ,N/A,0.08%,N/A,N/A
Society (Legacy),Cocktails/Beer,Canada,27,$10.62  ~ $11.42 ,$10.64 ,N/A,0.10%,N/A,N/A
Society (Legacy),Cocktails/Beer,United States,"2,886",$7.07  ~ $7.63 ,$11.01 ,$165.88 ,0.06%,N/A,N/A
Society (Legacy),Football,Canada,501,$4.85  ~ $5.65 ,$4.72 ,$14.54 ,0.12%,N/A,N/A
Society (Legacy),Football,United States,"1,480",$5.84  ~ $8.40 ,$7.02 ,$43.79 ,0.08%,N/A,N/A
Society (Legacy),Antivirus Software,Canada,33,$8.98  ~ $8.98 ,$5.47 ,$21.90 ,0.16%,N/A,N/A
Society (Legacy),Antivirus Software,United States,527,$8.44  ~ $8.44 ,$6.79 ,$27.16 ,0.12%,N/A,N/A
Society (Legacy),Weddings,United States,149,$6.15  ~ $6.45 ,$6.32 ,N/A,0.10%,N/A,N/A
Society (Legacy),Weddings,Canada,1,$2.13  ~ $4.59 ,N/A,N/A,N/A,N/A,N/A
Society (Legacy),Motorcycles,Canada,15,$4.88  ~ $11.47 ,$3.86 ,$30.92 ,0.13%,N/A,N/A
Society (Legacy),Motorcycles,United States,"5,632",$4.12  ~ $8.03 ,$7.29 ,$53.06 ,0.06%,N/A,N/A
Society (Legacy),Dining Out,Canada,97,$6.70  ~ $8.00 ,$7.87 ,$23.63 ,0.09%,N/A,N/A
Society (Legacy),Dining Out,United States,"2,807",$5.23  ~ $9.18 ,$9.95 ,$83.72 ,0.05%,N/A,N/A
Society (Legacy),Dining Out,United Kingdom,610,$14.68  ~ $20.34 ,$30.28 ,N/A,0.05%,N/A,N/A
Society (Legacy),Bed & Breakfasts,United States,"2,481",$1.22  ~ $4.43 ,$3.82 ,$33.33 ,0.12%,N/A,N/A
Society (Legacy),Bed & Breakfasts,United Kingdom,117,$6.26  ~ $6.35 ,$15.85 ,$46.47 ,0.04%,N/A,N/A
Society (Legacy),Bed & Breakfasts,Canada,224,$0.36  ~ $0.36 ,N/A,N/A,N/A,N/A,N/A
Society (Legacy),Homework/Study Tips,United States,48,$2.15  ~ $5.20 ,$0.17 ,N/A,1.28%,N/A,N/A
Society (Legacy),Entertaining,United States,162,$2.48  ~ $5.20 ,$1.92 ,$18.01 ,0.13%,N/A,N/A
Society (Legacy),Style & Fashion,United States,190,$4.18  ~ $7.81 ,$6.08 ,$17.05 ,0.13%,N/A,N/A
Society (Legacy),Shopping,United Kingdom,"1,454",$6.09  ~ $6.13 ,$8.99 ,$52.81 ,0.07%,N/A,N/A
Society (Legacy),Shopping,United States,"14,290",$3.19  ~ $6.73 ,$5.72 ,$30.50 ,0.06%,N/A,N/A
Society (Legacy),Shopping,Canada,199,$1.87  ~ $2.63 ,$3.67 ,N/A,0.05%,N/A,N/A
Society (Legacy),Parenting - K-6 Kids,United States,110,$1.58  ~ $1.87 ,$5.18 ,N/A,0.04%,N/A,N/A
Society (Legacy),K-6 Educators,United States,"1,408",$5.78  ~ $9.03 ,$4.34 ,$30.56 ,0.13%,N/A,N/A
Society (Legacy),K-6 Educators,United Kingdom,23,$6.50  ~ $7.05 ,N/A,N/A,N/A,N/A,N/A
Society (Legacy),K-6 Educators,Canada,9,$2.63  ~ $10.86 ,N/A,N/A,N/A,N/A,N/A
Society (Legacy),Environmental Safety,United States,255,$8.76  ~ $9.09 ,$22.34 ,$101.61 ,0.04%,N/A,N/A
Society (Legacy),Environmental Safety,Canada,5,$2.18  ~ $4.77 ,N/A,N/A,N/A,N/A,N/A
Society (Legacy),Fine Art,United States,"2,546",$6.20  ~ $7.43 ,$7.96 ,$44.15 ,0.08%,N/A,N/A
Society (Legacy),Fine Art,United Kingdom,"10,406",$7.36  ~ $7.48 ,$15.56 ,$104.01 ,0.05%,N/A,N/A
Society (Legacy),Fine Art,Canada,5,$6.80  ~ $6.93 ,$3.67 ,N/A,0.19%,N/A,N/A
Society (Legacy),Jewelry,Canada,126,$3.90  ~ $3.92 ,$2.03 ,$11.44 ,0.19%,N/A,N/A
Society (Legacy),Jewelry,United States,"46,346",$1.92  ~ $6.90 ,$1.22 ,$16.92 ,0.16%,N/A,N/A
Society (Legacy),Computer Peripherals,United States,"2,011",$6.54  ~ $10.52 ,$6.93 ,$26.18 ,0.15%,N/A,N/A
Society (Legacy),Computer Peripherals,Canada,365,$3.01  ~ $4.63 ,$5.64 ,$13.03 ,0.08%,N/A,N/A
Society (Legacy),Computer Peripherals,United Kingdom,37,$13.38  ~ $13.45 ,$3.94 ,N/A,0.34%,N/A,N/A
Society (Legacy),Agriculture,United States,444,$3.44  ~ $3.87 ,$1.73 ,N/A,0.20%,N/A,N/A
Society (Legacy),Agriculture,Canada,117,$4.24  ~ $5.38 ,$5.05 ,$15.05 ,0.08%,N/A,N/A
Society (Legacy),Government,Canada,5,$8.98  ~ $9.00 ,$7.37 ,N/A,0.12%,N/A,N/A
Society (Legacy),Government,United States,469,$7.86  ~ $7.88 ,$17.74 ,N/A,0.04%,N/A,N/A
Society (Legacy),Hobbies & Interests,Canada,5,$6.49  ~ $13.75 ,N/A,N/A,N/A,N/A,N/A
Society (Legacy),Hobbies & Interests,United States,"13,456",$7.24  ~ $7.74 ,$10.14 ,$35.38 ,0.08%,N/A,N/A
Society (Legacy),Hobbies & Interests,United Kingdom,"29,273",$1.94  ~ $1.94 ,$6.63 ,$6.37 ,0.03%,N/A,N/A
Society (Legacy),Net Conferencing,Canada,10,$5.73  ~ $13.72 ,$1.69 ,N/A,0.34%,N/A,N/A
Society (Legacy),Net Conferencing,United States,87,$12.99  ~ $52.32 ,$49.97 ,N/A,0.03%,N/A,N/A
Society (Legacy),Net Conferencing,United Kingdom,3,$6.62  ~ $13.95 ,N/A,N/A,N/A,N/A,N/A
Society (Legacy),Fashion,United States,14,$8.18  ~ $17.99 ,$29.42 ,N/A,0.03%,N/A,N/A
Society (Legacy),Cruises,United States,"3,194",$7.18  ~ $9.04 ,$6.89 ,$46.23 ,0.13%,N/A,N/A
Society (Legacy),Cruises,Canada,86,$5.67  ~ $6.64 ,$2.96 ,$27.39 ,0.19%,N/A,N/A
Society (Legacy),Cruises,United Kingdom,149,$5.77  ~ $5.82 ,$3.84 ,$74.78 ,0.15%,N/A,N/A
Society (Legacy),Honeymoons/Getaways,Ireland,3,$0.00  ~ $0.00 ,N/A,N/A,N/A,N/A,N/A
Society (Legacy),Cocktails/Beer,United Kingdom,407,$0.00  ~ $0.00 ,N/A,N/A,N/A,N/A,N/A
Sports (Legacy),Television,Canada,1,$7.53  ~ $15.77 ,$4.14 ,$37.28 ,0.18%,N/A,N/A
Sports (Legacy),Television,United States,20,$15.18  ~ $36.11 ,$5.28 ,N/A,0.29%,N/A,N/A
Sports (Legacy),Television,United Kingdom,54,$7.32  ~ $7.47 ,$4.70 ,$35.86 ,0.16%,N/A,N/A
Sports (Legacy),Dermatology,United States,315,$6.47  ~ $6.68 ,$16.87 ,N/A,0.04%,N/A,N/A
Sports (Legacy),Dermatology,Canada,15,$3.42  ~ $8.25 ,N/A,N/A,N/A,N/A,N/A
Sports (Legacy),Auto Parts,United States,"6,546",$6.23  ~ $6.98 ,$10.27 ,$54.04 ,0.06%,N/A,N/A
Sports (Legacy),Auto Parts,Canada,30,$5.71  ~ $13.51 ,$6.69 ,N/A,0.09%,N/A,N/A
Sports (Legacy),Auto Parts,United Kingdom,183,$7.35  ~ $7.35 ,$24.00 ,$144.02 ,0.03%,N/A,N/A
Sports (Legacy),Graduate School,United Kingdom,370,$5.87  ~ $9.23 ,$37.25 ,N/A,0.02%,N/A,N/A
Sports (Legacy),Graduate School,Canada,262,$5.20  ~ $12.54 ,$7.74 ,$16.34 ,0.07%,N/A,N/A
Sports (Legacy),Graduate School,United States,"16,149",$8.17  ~ $11.87 ,$15.72 ,$107.62 ,0.05%,N/A,N/A
Sports (Legacy),Dining Out,United Kingdom,816,$16.46  ~ $20.66 ,$49.15 ,$772.62 ,0.03%,N/A,N/A
Sports (Legacy),Dining Out,Canada,549,$5.38  ~ $5.50 ,$5.36 ,$19.17 ,0.10%,N/A,N/A
Sports (Legacy),Dining Out,United States,"13,062",$6.13  ~ $8.71 ,$10.63 ,$71.16 ,0.06%,N/A,N/A
Sports (Legacy),Certified Pre-Owned,Canada,88,$2.92  ~ $6.57 ,$0.56 ,N/A,0.53%,N/A,N/A
Sports (Legacy),Certified Pre-Owned,United States,106,$11.41  ~ $13.66 ,$6.18 ,N/A,0.18%,N/A,N/A
Sports (Legacy),Certified Pre-Owned,United Kingdom,8,$27.79  ~ $27.79 ,$13.71 ,$68.54 ,0.20%,N/A,N/A
Sports (Legacy),Birdwatching,United States,"2,545",$4.29  ~ $8.48 ,$3.16 ,$34.81 ,0.27%,N/A,N/A
Sports (Legacy),Birdwatching,Canada,293,$10.42  ~ $24.23 ,$8.15 ,N/A,0.13%,N/A,N/A
Sports (Legacy),Adventure Travel,United States,"2,599",$2.91  ~ $14.45 ,$7.86 ,$27.85 ,0.04%,N/A,N/A
Sports (Legacy),Financial Aid,United States,552,$7.64  ~ $8.05 ,$39.27 ,N/A,0.02%,N/A,N/A
Sports (Legacy),Appliances,United States,"33,677",$7.68  ~ $7.92 ,$22.38 ,$111.01 ,0.04%,N/A,N/A
Sports (Legacy),Appliances,Canada,531,$6.66  ~ $10.42 ,$4.44 ,N/A,0.15%,N/A,N/A
Sports (Legacy),Appliances,United Kingdom,93,$6.67  ~ $6.87 ,$7.11 ,$49.75 ,0.09%,N/A,N/A
Sports (Legacy),Babies & Toddlers,United States,131,$7.99  ~ $9.60 ,$13.70 ,$41.05 ,0.06%,N/A,N/A
Sports (Legacy),Teens,United States,31,$8.29  ~ $19.08 ,$16.84 ,N/A,0.05%,N/A,N/A
Sports (Legacy),Comparison,Mexico,2,$2.71  ~ $2.86 ,$8.90 ,N/A,0.03%,N/A,N/A
Sports (Legacy),Comparison,United States,45,$4.13  ~ $8.40 ,$2.26 ,N/A,0.18%,N/A,N/A
Sports (Legacy),Business,United States,"113,754",$7.71  ~ $7.73 ,$8.73 ,$81.61 ,0.09%,N/A,N/A
Sports (Legacy),Business,United Kingdom,"9,855",$4.46  ~ $5.09 ,$6.41 ,$40.10 ,0.08%,N/A,N/A
Sports (Legacy),Business,Canada,"1,633",$5.02  ~ $8.03 ,$8.98 ,$67.58 ,0.06%,N/A,N/A
Sports (Legacy),Business,Ireland,13,$9.19  ~ $9.54 ,$1.77 ,$12.75 ,0.52%,N/A,N/A
Sports (Legacy),Business,Mexico,2,$6.71  ~ $7.51 ,$5.06 ,$19.66 ,0.15%,N/A,N/A
Sports (Legacy),Art/Technology,United States,"26,483",$6.35  ~ $6.39 ,$13.10 ,$214.93 ,0.05%,N/A,N/A
Sports (Legacy),Art/Technology,Canada,117,$7.45  ~ $7.78 ,N/A,N/A,N/A,N/A,N/A
Sports (Legacy),Art/Technology,United Kingdom,225,$2.93  ~ $2.93 ,N/A,N/A,N/A,N/A,N/A
Sports (Legacy),Careers,Canada,139,$3.73  ~ $5.19 ,$5.92 ,$42.77 ,0.06%,N/A,N/A
Sports (Legacy),Careers,United States,"6,473",$3.09  ~ $7.64 ,$6.05 ,$106.15 ,0.05%,N/A,N/A
Sports (Legacy),Careers,United Kingdom,284,$3.90  ~ $15.64 ,$6.33 ,$24.72 ,0.06%,N/A,N/A
Sports (Legacy),"Law, Gov't & Politics",United States,426,$1.24  ~ $5.80 ,$15.99 ,N/A,0.04%,N/A,N/A
Sports (Legacy),Jewelry,Canada,545,$3.91  ~ $3.94 ,$1.76 ,$7.62 ,0.22%,N/A,N/A
Sports (Legacy),Jewelry,United States,"22,776",$2.42  ~ $5.73 ,$3.56 ,$29.44 ,0.07%,N/A,N/A
Sports (Legacy),Antivirus Software,Canada,102,$8.93  ~ $8.93 ,$8.85 ,$35.39 ,0.10%,N/A,N/A
Sports (Legacy),Antivirus Software,United States,"3,337",$8.95  ~ $8.95 ,$8.10 ,$41.75 ,0.11%,N/A,N/A
Sports (Legacy),Education,United States,"37,324",$7.34  ~ $7.59 ,$7.67 ,$77.01 ,0.10%,N/A,N/A
Sports (Legacy),Education,United Kingdom,"1,484",$6.38  ~ $10.03 ,$9.86 ,$159.66 ,0.06%,N/A,N/A
Sports (Legacy),Education,Mexico,34,$8.18  ~ $8.18 ,$6.84 ,N/A,0.12%,N/A,N/A
Sports (Legacy),Education,Canada,111,$7.72  ~ $9.69 ,$13.62 ,$169.08 ,0.06%,N/A,N/A
Sports (Legacy),Education,Ireland,23,$10.20  ~ $10.20 ,$16.28 ,N/A,0.06%,N/A,N/A
Sports (Legacy),Nutrition,Canada,853,$2.80  ~ $4.54 ,$2.89 ,$18.15 ,0.10%,N/A,N/A
Sports (Legacy),Nutrition,United Kingdom,66,$9.60  ~ $9.60 ,$17.29 ,N/A,0.06%,N/A,N/A
Sports (Legacy),Nutrition,United States,"4,937",$8.91  ~ $9.76 ,$15.08 ,$160.98 ,0.06%,N/A,N/A
Sports (Legacy),Cuisine-Specific,United States,510,$1.98  ~ $1.98 ,$3.37 ,N/A,0.06%,N/A,N/A
Sports (Legacy),Local News,United States,121,$7.85  ~ $16.40 ,$11.75 ,N/A,0.07%,N/A,N/A
Sports (Legacy),Local News,United Kingdom,10,$3.57  ~ $7.66 ,$4.59 ,$55.09 ,0.08%,N/A,N/A
Sports (Legacy),Credit/Debt & Loans,Canada,970,$7.51  ~ $7.90 ,$4.84 ,$23.06 ,0.16%,N/A,N/A
Sports (Legacy),Credit/Debt & Loans,United States,"157,387",$7.46  ~ $7.77 ,$3.55 ,$31.16 ,0.21%,N/A,N/A
Sports (Legacy),Credit/Debt & Loans,United Kingdom,"1,052",$6.10  ~ $7.84 ,$9.60 ,N/A,0.08%,N/A,N/A
Sports (Legacy),Credit/Debt & Loans,Mexico,6,$6.36  ~ $14.85 ,$15.13 ,N/A,0.04%,N/A,N/A
Sports (Legacy),Pets,United States,"9,685",$7.77  ~ $10.35 ,$9.80 ,$60.54 ,0.08%,N/A,N/A
Sports (Legacy),Pets,Canada,30,$8.31  ~ $8.35 ,$20.89 ,$245.03 ,0.04%,N/A,N/A
Sports (Legacy),Pets,United Kingdom,2,$9.47  ~ $23.04 ,N/A,N/A,N/A,N/A,N/A
Sports (Legacy),Internet Technology,United Kingdom,175,$6.35  ~ $7.71 ,$17.09 ,$239.24 ,0.05%,N/A,N/A
Sports (Legacy),Internet Technology,United States,"7,109",$8.24  ~ $8.74 ,$22.78 ,$93.02 ,0.04%,N/A,N/A
Sports (Legacy),Logistics,Mexico,9,$1.43  ~ $6.23 ,$8.43 ,N/A,0.07%,N/A,N/A
Sports (Legacy),Logistics,United States,"21,028",$8.01  ~ $9.39 ,$9.04 ,$96.45 ,0.10%,N/A,N/A
Sports (Legacy),Logistics,Canada,"1,250",$4.04  ~ $5.78 ,$2.41 ,$20.64 ,0.24%,N/A,N/A
Sports (Legacy),Logistics,United Kingdom,372,$6.14  ~ $8.82 ,$10.95 ,$104.54 ,0.08%,N/A,N/A
Sports (Legacy),Agriculture,Canada,"1,403",$4.50  ~ $6.32 ,$1.09 ,$9.98 ,0.41%,N/A,N/A
Sports (Legacy),Agriculture,United States,"1,542",$3.64  ~ $4.00 ,$0.48 ,N/A,0.75%,N/A,N/A
Sports (Legacy),Food & Drink,United States,"9,247",$5.55  ~ $5.58 ,$5.11 ,$30.02 ,0.11%,N/A,N/A
Sports (Legacy),Food & Drink,Canada,13,$4.78  ~ $10.81 ,$8.61 ,$63.23 ,0.06%,N/A,N/A
Sports (Legacy),Accessories,United States,754,$11.45  ~ $14.69 ,$6.56 ,N/A,0.17%,N/A,N/A
Sports (Legacy),Accessories,Canada,1,$2.06  ~ $4.20 ,N/A,N/A,N/A,N/A,N/A
Sports (Legacy),Interior Decorating,Canada,"2,335",$5.40  ~ $7.39 ,$6.35 ,$34.59 ,0.12%,N/A,N/A
Sports (Legacy),Interior Decorating,United States,"11,687",$5.82  ~ $7.31 ,$9.36 ,$51.17 ,0.08%,N/A,N/A
Sports (Legacy),Interior Decorating,United Kingdom,769,$4.89  ~ $5.12 ,$12.18 ,$40.38 ,0.04%,N/A,N/A
Sports (Legacy),Clothing,Canada,"1,107",$6.26  ~ $7.27 ,$1.62 ,$10.65 ,0.39%,N/A,N/A
Sports (Legacy),Clothing,United States,"28,822",$6.46  ~ $6.55 ,$7.44 ,$56.23 ,0.09%,N/A,N/A
Sports (Legacy),Clothing,United Kingdom,98,$8.61  ~ $8.61 ,$32.26 ,$193.56 ,0.03%,N/A,N/A
Sports (Legacy),Construction,Ireland,2,$5.70  ~ $13.89 ,$11.42 ,$11.42 ,0.05%,N/A,N/A
Sports (Legacy),Construction,United Kingdom,696,$6.42  ~ $8.54 ,$0.58 ,N/A,1.12%,N/A,N/A
Sports (Legacy),Construction,United States,"5,666",$7.05  ~ $7.57 ,$1.18 ,$54.65 ,0.60%,N/A,N/A
Sports (Legacy),Construction,Canada,537,$6.34  ~ $13.45 ,$11.82 ,$149.64 ,0.05%,N/A,N/A
Sports (Legacy),Network Security,United States,72,$2.30  ~ $2.44 ,$3.27 ,N/A,0.07%,N/A,N/A
Sports (Legacy),Hunting/Shooting,United States,265,$6.87  ~ $7.10 ,$96.25 ,N/A,0.01%,N/A,N/A
Sports (Legacy),Camping,United States,14,$5.87  ~ $7.98 ,N/A,N/A,N/A,N/A,N/A
Sports (Legacy),Politics,United States,"42,456",$11.75  ~ $12.78 ,$20.53 ,$106.94 ,0.06%,N/A,N/A
Sports (Legacy),Politics,Canada,13,$10.62  ~ $15.32 ,$13.34 ,$52.01 ,0.08%,N/A,N/A
Sports (Legacy),Senior Living,United Kingdom,271,$6.45  ~ $7.18 ,$15.48 ,N/A,0.05%,N/A,N/A
Sports (Legacy),Senior Living,Canada,39,$3.38  ~ $6.82 ,$1.67 ,N/A,0.20%,N/A,N/A
Sports (Legacy),Senior Living,United States,"3,224",$6.77  ~ $7.10 ,$9.51 ,$63.15 ,0.07%,N/A,N/A
Sports (Legacy),Computer Peripherals,United States,"8,859",$7.39  ~ $11.49 ,$16.08 ,$54.82 ,0.07%,N/A,N/A
Sports (Legacy),Computer Peripherals,Mexico,1,$2.92  ~ $9.95 ,$28.98 ,N/A,0.03%,N/A,N/A
Sports (Legacy),Computer Peripherals,Canada,815,$3.27  ~ $6.06 ,$10.63 ,$30.87 ,0.06%,N/A,N/A
Sports (Legacy),Computer Peripherals,United Kingdom,910,$13.25  ~ $14.34 ,$9.19 ,N/A,0.16%,N/A,N/A
Sports (Legacy),Computer Peripherals,Ireland,9,$13.77  ~ $14.37 ,$8.97 ,N/A,0.16%,N/A,N/A
Sports (Legacy),Wine,United States,701,$8.11  ~ $8.34 ,$11.11 ,$218.02 ,0.08%,N/A,N/A
Sports (Legacy),Wine,Ireland,628,$5.04  ~ $11.55 ,$7.93 ,N/A,0.06%,N/A,N/A
Sports (Legacy),Daycare/Pre School,United States,203,$2.00  ~ $3.57 ,$1.59 ,N/A,0.22%,N/A,N/A
Sports (Legacy),Daycare/Pre School,Canada,1,$2.24  ~ $5.59 ,N/A,N/A,N/A,N/A,N/A
Sports (Legacy),Catholicism,United States,243,$6.45  ~ $8.87 ,$14.56 ,N/A,0.06%,N/A,N/A
Sports (Legacy),Football,Canada,"2,758",$4.86  ~ $5.48 ,$5.45 ,$11.61 ,0.10%,N/A,N/A
Sports (Legacy),Football,United States,"6,083",$7.51  ~ $8.11 ,$11.37 ,$46.67 ,0.07%,N/A,N/A
Sports (Legacy),Football,United Kingdom,1,$7.52  ~ $7.52 ,$32.67 ,N/A,0.02%,N/A,N/A
Sports (Legacy),Exercise,United Kingdom,473,$2.99  ~ $7.24 ,$4.78 ,$261.20 ,0.06%,N/A,N/A
Sports (Legacy),Exercise,United States,"3,626",$4.57  ~ $4.78 ,$7.97 ,$127.99 ,0.06%,N/A,N/A
Sports (Legacy),Exercise,Canada,13,$3.33  ~ $3.93 ,$15.95 ,N/A,0.02%,N/A,N/A
Sports (Legacy),Remodeling & Construction,Canada,32,$2.59  ~ $5.51 ,$1.91 ,$4.95 ,0.14%,N/A,N/A
Sports (Legacy),Remodeling & Construction,United States,"48,191",$3.81  ~ $4.11 ,$4.91 ,$30.23 ,0.08%,N/A,N/A
Sports (Legacy),Off-Road Vehicles,United States,466,$20.47  ~ $30.28 ,$4.05 ,$25.19 ,0.75%,N/A,N/A
Sports (Legacy),Off-Road Vehicles,Canada,5,$6.53  ~ $15.11 ,$3.08 ,N/A,0.21%,N/A,N/A
Sports (Legacy),Off-Road Vehicles,United Kingdom,5,$8.30  ~ $19.33 ,$6.25 ,N/A,0.13%,N/A,N/A
Sports (Legacy),Retirement Planning,United States,134,$7.89  ~ $16.50 ,$19.48 ,N/A,0.08%,N/A,N/A
Sports (Legacy),Retirement Planning,United Kingdom,354,$6.10  ~ $15.06 ,$17.65 ,N/A,0.03%,N/A,N/A
Sports (Legacy),Body Art,United States,4,$2.06  ~ $5.07 ,N/A,N/A,N/A,N/A,N/A
Sports (Legacy),Cell Phones,United States,389,$10.32  ~ $10.32 ,$13.31 ,$51.95 ,0.08%,N/A,N/A
Sports (Legacy),Homework/Study Tips,United States,13,$2.21  ~ $5.26 ,N/A,N/A,N/A,N/A,N/A
Sports (Legacy),Government,United States,"1,193",$8.32  ~ $8.86 ,$14.45 ,N/A,0.06%,N/A,N/A
Sports (Legacy),Government,Canada,8,$10.26  ~ $10.32 ,$9.11 ,N/A,0.11%,N/A,N/A
Sports (Legacy),College,Canada,409,$4.60  ~ $6.88 ,$9.82 ,$36.96 ,0.05%,N/A,N/A
Sports (Legacy),College,United States,"18,038",$5.37  ~ $8.18 ,$11.44 ,$93.72 ,0.07%,N/A,N/A
Sports (Legacy),College,United Kingdom,761,$8.54  ~ $8.91 ,$8.38 ,$308.25 ,0.11%,N/A,N/A
Sports (Legacy),Horse Racing,Canada,1,$6.72  ~ $15.41 ,$7.65 ,$28.69 ,0.09%,N/A,N/A
Sports (Legacy),Scholarships,United States,8,$8.56  ~ $8.56 ,N/A,N/A,N/A,N/A,N/A
Sports (Legacy),Couponing,Canada,"1,521",$4.40  ~ $10.23 ,$1.60 ,$6.58 ,0.28%,N/A,N/A
Sports (Legacy),Couponing,United States,"41,255",$4.07  ~ $4.22 ,$6.32 ,$30.88 ,0.07%,N/A,N/A
Sports (Legacy),News,United States,"4,862",$11.93  ~ $12.09 ,$14.87 ,$87.43 ,0.08%,N/A,N/A
Sports (Legacy),News,Canada,4,$6.81  ~ $13.73 ,$9.99 ,$39.76 ,0.07%,N/A,N/A
Sports (Legacy),Computer Networking,United States,"5,165",$3.08  ~ $6.28 ,$0.70 ,$10.99 ,0.44%,N/A,N/A
Sports (Legacy),Real Estate,United Kingdom,"2,382",$5.66  ~ $7.01 ,$8.40 ,$59.19 ,0.07%,N/A,N/A
Sports (Legacy),Real Estate,United States,"22,845",$6.74  ~ $7.13 ,$2.35 ,$32.55 ,0.29%,N/A,N/A
Sports (Legacy),Real Estate,Canada,262,$4.88  ~ $5.32 ,$8.40 ,$54.47 ,0.06%,N/A,N/A
Sports (Legacy),Large Animals,United States,25,$13.53  ~ $29.79 ,$7.43 ,N/A,0.18%,N/A,N/A
Sports (Legacy),Marketing,United States,945,$6.96  ~ $8.34 ,$12.05 ,N/A,0.07%,N/A,N/A
Sports (Legacy),Marketing,Canada,"1,613",$3.06  ~ $6.95 ,$1.95 ,$18.26 ,0.16%,N/A,N/A
Sports (Legacy),Landscaping,Canada,20,$2.08  ~ $4.61 ,N/A,N/A,N/A,N/A,N/A
Sports (Legacy),Landscaping,United States,"1,495",$3.08  ~ $5.58 ,$14.41 ,N/A,0.04%,N/A,N/A
Sports (Legacy),Trucks & Accessories,United States,"2,799",$5.58  ~ $5.76 ,$17.27 ,$84.12 ,0.03%,N/A,N/A
Sports (Legacy),Honeymoons/Getaways,United Kingdom,935,$7.26  ~ $8.56 ,$5.63 ,$80.38 ,0.15%,N/A,N/A
Sports (Legacy),Honeymoons/Getaways,United States,"6,040",$8.42  ~ $9.08 ,$7.98 ,$58.72 ,0.11%,N/A,N/A
Sports (Legacy),Honeymoons/Getaways,Canada,349,$9.53  ~ $9.80 ,$11.65 ,$208.34 ,0.08%,N/A,N/A
Sports (Legacy),Theme Parks,United States,"1,846",$6.05  ~ $6.05 ,$10.45 ,$47.47 ,0.06%,N/A,N/A
Sports (Legacy),Theme Parks,Canada,248,$4.97  ~ $10.54 ,$4.49 ,$26.59 ,0.11%,N/A,N/A
Sports (Legacy),Parenting - K-6 Kids,United States,407,$1.62  ~ $2.02 ,$10.15 ,N/A,0.02%,N/A,N/A
Sports (Legacy),Desserts & Baking,Canada,5,$2.19  ~ $5.47 ,$2.05 ,N/A,0.11%,N/A,N/A
Sports (Legacy),Desserts & Baking,United States,825,$5.69  ~ $11.61 ,$29.76 ,N/A,0.02%,N/A,N/A
Sports (Legacy),Motorcycles,United States,"20,228",$4.16  ~ $8.05 ,$8.85 ,$51.89 ,0.05%,N/A,N/A
Sports (Legacy),Motorcycles,Canada,202,$4.87  ~ $11.29 ,$4.36 ,$46.73 ,0.11%,N/A,N/A
Sports (Legacy),Personal Finance,United States,"131,407",$5.60  ~ $6.44 ,$7.42 ,$83.03 ,0.09%,N/A,N/A
Sports (Legacy),Personal Finance,United Kingdom,"1,480",$6.30  ~ $9.95 ,$10.47 ,$101.93 ,0.06%,N/A,N/A
Sports (Legacy),Personal Finance,Canada,399,$4.83  ~ $4.90 ,$10.31 ,$93.15 ,0.05%,N/A,N/A
Sports (Legacy),Personal Finance,Ireland,413,$7.18  ~ $7.20 ,$16.73 ,$200.29 ,0.04%,N/A,N/A
Sports (Legacy),Infertility,United States,"1,628",$4.11  ~ $4.13 ,$15.59 ,N/A,0.03%,N/A,N/A
Sports (Legacy),Senor Health,Canada,91,$5.75  ~ $7.95 ,$10.44 ,N/A,0.06%,N/A,N/A
Sports (Legacy),Senor Health,United States,"2,968",$6.47  ~ $12.13 ,$9.85 ,$76.06 ,0.12%,N/A,N/A
Sports (Legacy),Senor Health,United Kingdom,3,$7.47  ~ $7.75 ,$8.57 ,$111.45 ,0.09%,N/A,N/A
Sports (Legacy),Movies,United States,779,$6.23  ~ $6.26 ,$7.72 ,N/A,0.08%,N/A,N/A
Sports (Legacy),Buying/Selling Cars,Canada,"1,921",$5.68  ~ $7.23 ,$11.83 ,$222.45 ,0.05%,N/A,N/A
Sports (Legacy),Buying/Selling Cars,United States,"26,134",$6.07  ~ $6.19 ,$11.00 ,$59.27 ,0.06%,N/A,N/A
Sports (Legacy),Buying/Selling Cars,United Kingdom,935,$8.07  ~ $11.12 ,$19.04 ,$71.55 ,0.06%,N/A,N/A
Sports (Legacy),Job Search,United States,"11,936",$8.13  ~ $8.16 ,$16.46 ,$111.95 ,0.05%,N/A,N/A
Sports (Legacy),Job Search,Canada,1,$4.53  ~ $4.93 ,$1.94 ,N/A,0.23%,N/A,N/A
Sports (Legacy),Job Search,United Kingdom,33,$6.99  ~ $17.13 ,$3.40 ,N/A,0.21%,N/A,N/A
Sports (Legacy),K-6 Educators,Canada,7,$2.85  ~ $11.53 ,N/A,N/A,N/A,N/A,N/A
Sports (Legacy),K-6 Educators,United Kingdom,11,$6.58  ~ $7.05 ,$11.62 ,N/A,0.06%,N/A,N/A
Sports (Legacy),K-6 Educators,United States,"7,558",$6.08  ~ $9.38 ,$3.79 ,$68.32 ,0.16%,N/A,N/A
Sports (Legacy),Religion & Spirituality,United States,3,$2.19  ~ $4.87 ,N/A,N/A,N/A,N/A,N/A
Sports (Legacy),Music,United States,"70,693",$6.25  ~ $6.51 ,$12.12 ,$112.05 ,0.05%,N/A,N/A
Sports (Legacy),Music,Canada,443,$3.88  ~ $4.14 ,$4.23 ,$93.86 ,0.10%,N/A,N/A
Sports (Legacy),Music,United Kingdom,758,$4.78  ~ $6.13 ,$10.10 ,N/A,0.06%,N/A,N/A
Sports (Legacy),Dogs,United States,"11,177",$3.85  ~ $5.64 ,$4.45 ,$24.17 ,0.09%,N/A,N/A
Sports (Legacy),Dogs,United Kingdom,235,$9.08  ~ $9.08 ,$19.57 ,N/A,0.05%,N/A,N/A
Sports (Legacy),Dogs,Canada,21,$2.70  ~ $6.52 ,N/A,N/A,N/A,N/A,N/A
Sports (Legacy),Metals,United States,"41,634",$4.59  ~ $6.67 ,$7.61 ,$67.90 ,0.09%,N/A,N/A
Sports (Legacy),Metals,United Kingdom,199,$8.06  ~ $8.62 ,$7.22 ,N/A,0.12%,N/A,N/A
Sports (Legacy),Metals,Ireland,1,$3.24  ~ $6.80 ,$6.49 ,N/A,0.10%,N/A,N/A
Sports (Legacy),Metals,Mexico,3,$1.76  ~ $3.65 ,$4.45 ,N/A,0.08%,N/A,N/A
Sports (Legacy),Metals,Canada,"4,898",$4.01  ~ $8.22 ,$8.68 ,$226.04 ,0.05%,N/A,N/A
Sports (Legacy),Career Planning,United Kingdom,8,$8.86  ~ $8.87 ,$22.49 ,N/A,0.04%,N/A,N/A
Sports (Legacy),Career Planning,United States,"1,752",$8.70  ~ $8.80 ,$5.74 ,$117.12 ,0.15%,N/A,N/A
Sports (Legacy),Career Planning,Canada,315,$6.75  ~ $7.99 ,$18.40 ,N/A,0.04%,N/A,N/A
Sports (Legacy),Dental Care,United States,"1,011",$2.65  ~ $3.33 ,$5.60 ,$11.69 ,0.06%,N/A,N/A
Sports (Legacy),Dental Care,Canada,13,$2.18  ~ $4.51 ,N/A,N/A,N/A,N/A,N/A
Sports (Legacy),Tax Planning,United States,426,$9.04  ~ $9.41 ,$31.69 ,N/A,0.03%,N/A,N/A
Sports (Legacy),Electric Vehicle,United States,2,$2.05  ~ $4.77 ,N/A,N/A,N/A,N/A,N/A
Sports (Legacy),Electric Vehicle,Canada,50,$4.78  ~ $10.75 ,$3.48 ,N/A,0.14%,N/A,N/A
Sports (Legacy),Pro Basketball,United States,"3,587",$7.46  ~ $8.36 ,$13.35 ,$104.04 ,0.06%,N/A,N/A
Sports (Legacy),Pro Basketball,United Kingdom,138,$6.88  ~ $8.20 ,$22.09 ,N/A,0.04%,N/A,N/A
Sports (Legacy),Pro Basketball,Canada,108,$4.33  ~ $9.14 ,$7.74 ,$22.74 ,0.06%,N/A,N/A
Sports (Legacy),Hotels,United States,"10,253",$5.59  ~ $6.18 ,$7.02 ,$63.60 ,0.09%,N/A,N/A
Sports (Legacy),Hotels,Canada,135,$3.56  ~ $4.17 ,$0.69 ,$32.25 ,0.61%,N/A,N/A
Sports (Legacy),Hotels,United Kingdom,405,$3.52  ~ $4.48 ,$7.80 ,$66.35 ,0.06%,N/A,N/A
Sports (Legacy),Entertaining,United States,"1,081",$2.72  ~ $5.29 ,$2.87 ,$10.01 ,0.09%,N/A,N/A
Sports (Legacy),Entertaining,Canada,2,$2.06  ~ $4.80 ,N/A,N/A,N/A,N/A,N/A
Sports (Legacy),Cameras & Camcorders,Canada,9,$3.93  ~ $9.62 ,N/A,N/A,N/A,N/A,N/A
Sports (Legacy),Cameras & Camcorders,United States,511,$6.21  ~ $6.63 ,$7.71 ,N/A,0.09%,N/A,N/A
Sports (Legacy),By US Locale,United States,16,$12.18  ~ $27.17 ,$10.01 ,$10.01 ,0.12%,N/A,N/A
Sports (Legacy),Home Repair,Canada,358,$4.87  ~ $6.68 ,$6.56 ,N/A,0.10%,N/A,N/A
Sports (Legacy),Home Repair,United States,"30,640",$7.17  ~ $8.19 ,$8.11 ,$73.50 ,0.09%,N/A,N/A
Sports (Legacy),Home Repair,United Kingdom,998,$6.02  ~ $8.87 ,$5.01 ,$80.30 ,0.12%,N/A,N/A
Sports (Legacy),Auto Repair,United States,"4,978",$8.27  ~ $9.63 ,$20.88 ,$234.83 ,0.05%,N/A,N/A
Sports (Legacy),Auto Repair,Canada,252,$5.32  ~ $6.15 ,$15.23 ,N/A,0.03%,N/A,N/A
Sports (Legacy),Celebrity Fan/Gossip,United States,54,$6.41  ~ $15.29 ,$2.85 ,N/A,0.23%,N/A,N/A
Sports (Legacy),Cold & Flu,Canada,11,$2.15  ~ $4.51 ,$0.90 ,N/A,0.24%,N/A,N/A
Sports (Legacy),Cold & Flu,United Kingdom,9,$14.23  ~ $34.41 ,$52.87 ,N/A,0.03%,N/A,N/A
Sports (Legacy),Cold & Flu,United States,"1,621",$7.04  ~ $8.92 ,$3.51 ,N/A,0.25%,N/A,N/A
Sports (Legacy),Weddings,United States,265,$5.97  ~ $6.43 ,$8.30 ,$21.09 ,0.07%,N/A,N/A
Sports (Legacy),Weddings,Canada,6,$2.15  ~ $4.90 ,N/A,N/A,N/A,N/A,N/A
Sports (Legacy),Video & Computer Games,United States,"2,655",$0.00  ~ $7.86 ,$6.77 ,$148.28 ,0.12%,N/A,N/A
Sports (Legacy),Forestry,United States,38,$6.98  ~ $15.38 ,N/A,N/A,N/A,N/A,N/A
Sports (Legacy),Chronic Pain,United States,134,$12.25  ~ $12.89 ,$39.98 ,$36.51 ,0.03%,N/A,N/A
Sports (Legacy),Business Software,Canada,"1,176",$9.64  ~ $10.07 ,$3.57 ,$150.87 ,0.28%,N/A,N/A
Sports (Legacy),Business Software,United Kingdom,"2,276",$13.95  ~ $14.12 ,$10.51 ,$157.90 ,0.13%,N/A,N/A
Sports (Legacy),Business Software,Ireland,1,$9.04  ~ $9.09 ,$16.24 ,$82.84 ,0.06%,N/A,N/A
Sports (Legacy),Business Software,United States,"70,371",$9.55  ~ $9.81 ,$12.82 ,$117.27 ,0.08%,N/A,N/A
Sports (Legacy),Computer Certification,United States,7,$6.27  ~ $8.99 ,$19.27 ,N/A,0.03%,N/A,N/A
Sports (Legacy),Cruises,United Kingdom,106,$5.91  ~ $6.11 ,$4.87 ,$63.36 ,0.13%,N/A,N/A
Sports (Legacy),Cruises,Canada,511,$6.38  ~ $8.08 ,$5.13 ,$62.11 ,0.12%,N/A,N/A
Sports (Legacy),Cruises,United States,"16,864",$7.40  ~ $8.81 ,$9.65 ,$83.01 ,0.09%,N/A,N/A
Sports (Legacy),Apartments,United Kingdom,"4,481",$7.03  ~ $7.32 ,$9.74 ,$88.17 ,0.07%,N/A,N/A
Sports (Legacy),Apartments,United States,"1,831",$5.67  ~ $6.28 ,$1.88 ,$29.86 ,0.30%,N/A,N/A
Sports (Legacy),Apartments,Canada,924,$2.16  ~ $6.47 ,$5.93 ,$25.15 ,0.11%,N/A,N/A
Sports (Legacy),Green Solutions,Canada,"7,287",$3.84  ~ $4.47 ,$7.82 ,$64.52 ,0.06%,N/A,N/A
Sports (Legacy),Green Solutions,United States,"13,839",$7.32  ~ $7.68 ,$9.03 ,$139.53 ,0.08%,N/A,N/A
Sports (Legacy),Green Solutions,United Kingdom,3,$6.54  ~ $7.87 ,$2.19 ,N/A,0.30%,N/A,N/A
Sports (Legacy),Distance Learning,United States,"2,261",$11.18  ~ $12.30 ,$28.69 ,$230.71 ,0.04%,N/A,N/A
Sports (Legacy),Arts & Crafts,United States,"10,312",$2.63  ~ $5.57 ,$5.13 ,$93.44 ,0.05%,N/A,N/A
Sports (Legacy),Arts & Crafts,Canada,2,$2.40  ~ $5.64 ,N/A,N/A,N/A,N/A,N/A
Sports (Legacy),Barbecues & Grilling,Canada,"1,865",$4.76  ~ $11.10 ,$7.12 ,$36.49 ,0.07%,N/A,N/A
Sports (Legacy),Biotech/Biomedical,Mexico,1,$7.53  ~ $7.58 ,$5.62 ,N/A,0.13%,N/A,N/A
Sports (Legacy),Biotech/Biomedical,United States,"23,509",$8.82  ~ $18.79 ,$6.82 ,$75.53 ,0.13%,N/A,N/A
Sports (Legacy),Biotech/Biomedical,Canada,"1,094",$7.25  ~ $9.04 ,$12.36 ,$54.20 ,0.06%,N/A,N/A
Sports (Legacy),Biotech/Biomedical,Ireland,13,$7.00  ~ $12.72 ,$15.70 ,$51.51 ,0.08%,N/A,N/A
Sports (Legacy),Biotech/Biomedical,United Kingdom,75,$7.08  ~ $10.78 ,$6.81 ,$78.65 ,0.16%,N/A,N/A
Sports (Legacy),Health & Fitness,Ireland,57,$1.47  ~ $2.10 ,$1.66 ,N/A,0.13%,N/A,N/A
Sports (Legacy),Health & Fitness,Canada,"3,861",$5.69  ~ $7.41 ,$6.81 ,$52.39 ,0.08%,N/A,N/A
Sports (Legacy),Health & Fitness,United States,"170,295",$8.02  ~ $8.63 ,$7.51 ,$58.95 ,0.11%,N/A,N/A
Sports (Legacy),Health & Fitness,United Kingdom,"5,084",$5.76  ~ $6.19 ,$9.86 ,$115.46 ,0.06%,N/A,N/A
Sports (Legacy),Environmental Safety,United States,"1,001",$8.16  ~ $9.77 ,$20.04 ,$216.58 ,0.05%,N/A,N/A
Sports (Legacy),Environmental Safety,Canada,5,$2.12  ~ $5.09 ,N/A,N/A,N/A,N/A,N/A
Sports (Legacy),Home Theater,United States,5,$2.22  ~ $4.75 ,N/A,N/A,N/A,N/A,N/A
Sports (Legacy),7-12 Education,United States,4,$7.99  ~ $16.19 ,$1.33 ,$1.33 ,0.60%,N/A,N/A
Sports (Legacy),Cocktails/Beer,Canada,25,$9.52  ~ $10.69 ,$10.86 ,N/A,0.09%,N/A,N/A
Sports (Legacy),Cocktails/Beer,United States,"7,752",$7.22  ~ $7.39 ,$8.17 ,$76.86 ,0.09%,N/A,N/A
Sports (Legacy),Arthritis,United States,104,$6.39  ~ $6.49 ,$10.96 ,$65.77 ,0.06%,N/A,N/A
Sports (Legacy),Beauty,United States,"8,579",$7.13  ~ $9.34 ,$16.23 ,$59.36 ,0.06%,N/A,N/A
Sports (Legacy),Beauty,United Kingdom,"1,711",$6.96  ~ $7.44 ,$17.77 ,$176.03 ,0.04%,N/A,N/A
Sports (Legacy),Beauty,Canada,"1,330",$2.19  ~ $2.73 ,$4.59 ,$1.00 ,0.05%,N/A,N/A
Sports (Legacy),Alternative Religions,United States,720,$7.94  ~ $8.07 ,$13.31 ,$95.88 ,0.06%,N/A,N/A
Sports (Legacy),Alternative Religions,United Kingdom,53,$5.60  ~ $12.19 ,N/A,N/A,N/A,N/A,N/A
Sports (Legacy),Language Learning,United States,10,$2.48  ~ $5.45 ,N/A,N/A,N/A,N/A,N/A
Sports (Legacy),Thyroid Disease,United States,31,$32.20  ~ $79.96 ,N/A,N/A,N/A,N/A,N/A
Sports (Legacy),Air Travel,United States,"29,532",$6.34  ~ $7.31 ,$5.50 ,$54.89 ,0.13%,N/A,N/A
Sports (Legacy),Air Travel,United Kingdom,595,$6.06  ~ $15.01 ,$71.73 ,N/A,0.01%,N/A,N/A
Sports (Legacy),Air Travel,Canada,39,$6.37  ~ $6.49 ,$5.21 ,N/A,0.12%,N/A,N/A
Sports (Legacy),Cigars,Ireland,"1,107",$9.08  ~ $9.08 ,$7.80 ,$41.62 ,0.12%,N/A,N/A
Sports (Legacy),Cigars,Canada,173,$3.18  ~ $3.52 ,$4.70 ,N/A,0.07%,N/A,N/A
Sports (Legacy),Cigars,United States,"35,001",$6.35  ~ $6.56 ,$12.46 ,$76.25 ,0.05%,N/A,N/A
Sports (Legacy),Cigars,United Kingdom,"6,656",$3.30  ~ $14.82 ,$7.86 ,$57.86 ,0.04%,N/A,N/A
Sports (Legacy),Incest/Abuse Support,United States,"9,935",$7.19  ~ $8.78 ,$12.00 ,$134.99 ,0.06%,N/A,N/A
Sports (Legacy),Incest/Abuse Support,Canada,18,$5.89  ~ $7.39 ,$11.77 ,$21.01 ,0.05%,N/A,N/A
Sports (Legacy),Swimming,United States,835,$2.16  ~ $8.16 ,$51.19 ,$148.27 ,0.02%,N/A,N/A
Sports (Legacy),Mutual Funds,United States,"17,893",$7.55  ~ $7.79 ,$10.36 ,$83.82 ,0.07%,N/A,N/A
Sports (Legacy),Mutual Funds,Canada,63,$28.11  ~ $29.08 ,$23.13 ,$759.70 ,0.12%,N/A,N/A
Sports (Legacy),Cancer,United Kingdom,4,$6.32  ~ $6.32 ,$5.51 ,N/A,0.11%,N/A,N/A
Sports (Legacy),Cancer,United States,"2,242",$10.49  ~ $17.00 ,$44.79 ,$246.76 ,0.04%,N/A,N/A
Sports (Legacy),Cancer,Canada,1,$18.97  ~ $18.97 ,N/A,N/A,N/A,N/A,N/A
Sports (Legacy),Investors & Patents,United States,"14,597",$6.94  ~ $9.02 ,$18.94 ,$174.94 ,0.05%,N/A,N/A
Sports (Legacy),Investors & Patents,United Kingdom,15,$6.59  ~ $8.56 ,$60.35 ,N/A,0.01%,N/A,N/A
Sports (Legacy),Investors & Patents,Canada,474,$6.10  ~ $6.21 ,$13.11 ,$61.37 ,0.05%,N/A,N/A
Sports (Legacy),Investors & Patents,Mexico,17,$3.84  ~ $8.19 ,$8.97 ,N/A,0.04%,N/A,N/A
Sports (Legacy),Card Games,United States,"7,090",$10.28  ~ $13.22 ,$17.15 ,$129.59 ,0.06%,N/A,N/A
Sports (Legacy),Card Games,Canada,"5,155",$6.19  ~ $6.84 ,$10.52 ,$53.16 ,0.06%,N/A,N/A
Sports (Legacy),Card Games,United Kingdom,914,$7.19  ~ $7.33 ,$8.88 ,$147.28 ,0.08%,N/A,N/A
Sports (Legacy),Books & Literature,United States,711,$8.85  ~ $10.23 ,$22.51 ,$40.30 ,0.04%,N/A,N/A
Sports (Legacy),Collecting,United States,123,$5.15  ~ $8.01 ,$18.58 ,N/A,0.04%,N/A,N/A
Sports (Legacy),Collecting,Canada,19,$2.23  ~ $5.27 ,N/A,N/A,N/A,N/A,N/A
Sports (Legacy),Net Conferencing,United States,250,$13.39  ~ $52.27 ,$33.08 ,N/A,0.04%,N/A,N/A
Sports (Legacy),Net Conferencing,Canada,53,$5.86  ~ $13.61 ,N/A,N/A,N/A,N/A,N/A
Sports (Legacy),Guitar,United States,14,$2.54  ~ $5.92 ,N/A,N/A,N/A,N/A,N/A
Sports (Legacy),Road-Side Assistance,United States,29,$2.59  ~ $5.94 ,N/A,N/A,N/A,N/A,N/A
Sports (Legacy),Road-Side Assistance,Canada,3,$2.19  ~ $4.48 ,N/A,N/A,N/A,N/A,N/A
Sports (Legacy),Road-Side Assistance,Mexico,111,$4.40  ~ $9.41 ,$17.85 ,N/A,0.02%,N/A,N/A
Sports (Legacy),Road-Side Assistance,United Kingdom,157,$9.67  ~ $22.64 ,$21.21 ,N/A,0.05%,N/A,N/A
Sports (Legacy),Heart Disease,United States,5,$2.44  ~ $3.46 ,N/A,N/A,N/A,N/A,N/A
Sports (Legacy),Commentary,United States,165,$13.34  ~ $16.79 ,$42.31 ,N/A,0.04%,N/A,N/A
Sports (Legacy),Physical Therapy,United States,797,$10.36  ~ $15.27 ,$8.12 ,N/A,0.13%,N/A,N/A
Sports (Legacy),Physical Therapy,Canada,50,$3.90  ~ $6.37 ,$25.63 ,N/A,0.02%,N/A,N/A
Sports (Legacy),Physical Therapy,United Kingdom,152,$6.53  ~ $6.53 ,$20.84 ,N/A,0.03%,N/A,N/A
Sports (Legacy),U.S. Government Resources,United States,177,$6.97  ~ $7.08 ,$7.88 ,N/A,0.09%,N/A,N/A
Sports (Legacy),Sexuality,United States,"29,541",$6.15  ~ $6.85 ,$7.33 ,$102.32 ,0.08%,N/A,N/A
Sports (Legacy),Sexuality,Canada,5,$2.77  ~ $6.29 ,N/A,N/A,N/A,N/A,N/A
Sports (Legacy),Home & Garden,United States,"68,103",$5.93  ~ $6.47 ,$9.07 ,$49.25 ,0.07%,N/A,N/A
Sports (Legacy),Home & Garden,Canada,"4,824",$2.76  ~ $4.75 ,$7.10 ,$86.43 ,0.07%,N/A,N/A
Sports (Legacy),Home & Garden,United Kingdom,831,$6.54  ~ $7.03 ,$13.65 ,$160.84 ,0.05%,N/A,N/A
Sports (Legacy),Veterinary Medicine,United Kingdom,1,$0.67  ~ $1.61 ,N/A,N/A,N/A,N/A,N/A
Sports (Legacy),Veterinary Medicine,United States,680,$5.24  ~ $6.54 ,$15.74 ,N/A,0.03%,N/A,N/A
Sports (Legacy),Veterinary Medicine,Canada,5,$2.26  ~ $5.31 ,$4.07 ,N/A,0.06%,N/A,N/A
Sports (Legacy),Bed & Breakfasts,United States,"1,855",$2.93  ~ $5.08 ,$3.00 ,$18.48 ,0.17%,N/A,N/A
Sports (Legacy),Bed & Breakfasts,United Kingdom,235,$8.35  ~ $8.45 ,$10.87 ,$61.11 ,0.08%,N/A,N/A
Sports (Legacy),Bed & Breakfasts,Canada,295,$0.27  ~ $0.27 ,$1.63 ,N/A,0.02%,N/A,N/A
Sports (Legacy),Radio,United States,"5,717",$6.07  ~ $6.16 ,$4.70 ,N/A,0.13%,N/A,N/A
Sports (Legacy),Astrology,Canada,2,$2.06  ~ $4.25 ,N/A,N/A,N/A,N/A,N/A
Sports (Legacy),Entertainment,United States,121,$10.56  ~ $21.38 ,$14.27 ,N/A,0.07%,N/A,N/A
Sports (Legacy),Entertainment,Mexico,"1,580",$0.78  ~ $1.92 ,$6.60 ,N/A,0.01%,N/A,N/A
Sports (Legacy),Fine Art,United States,"13,543",$6.61  ~ $7.41 ,$4.88 ,$45.95 ,0.14%,N/A,N/A
Sports (Legacy),Fine Art,Canada,44,$6.85  ~ $6.91 ,$3.98 ,$47.68 ,0.17%,N/A,N/A
Sports (Legacy),Fine Art,United Kingdom,"11,045",$5.82  ~ $6.04 ,$12.99 ,$102.46 ,0.04%,N/A,N/A
Sports (Legacy),Automotive,Canada,379,$6.84  ~ $8.70 ,$5.43 ,$37.70 ,0.13%,N/A,N/A
Sports (Legacy),Automotive,United States,"49,681",$7.42  ~ $9.51 ,$10.97 ,$90.25 ,0.07%,N/A,N/A
Sports (Legacy),Automotive,United Kingdom,228,$7.30  ~ $15.73 ,$55.75 ,$250.90 ,0.03%,N/A,N/A
Sports (Legacy),Advertising,Canada,"1,508",$6.92  ~ $8.31 ,$6.53 ,$83.08 ,0.11%,N/A,N/A
Sports (Legacy),Advertising,United Kingdom,302,$7.63  ~ $9.57 ,$13.60 ,$46.15 ,0.07%,N/A,N/A
Sports (Legacy),Advertising,United States,"14,068",$9.52  ~ $10.30 ,$12.79 ,$102.48 ,0.08%,N/A,N/A
Sports (Legacy),Advertising,Ireland,10,$9.35  ~ $9.97 ,$8.57 ,N/A,0.11%,N/A,N/A
Sports (Legacy),Advertising,Mexico,2,$1.72  ~ $2.09 ,$3.99 ,N/A,0.05%,N/A,N/A
Sports (Legacy),Incontinence,United States,1,$2.59  ~ $2.69 ,$3.09 ,$8.71 ,0.09%,N/A,N/A
Sports (Legacy),Stamps & Coins,United States,11,$4.32  ~ $10.06 ,$2.05 ,$1.48 ,0.21%,N/A,N/A
Sports (Legacy),Gardening,United States,"39,820",$4.49  ~ $7.12 ,$5.94 ,$49.46 ,0.08%,N/A,N/A
Sports (Legacy),Gardening,United Kingdom,399,$0.00  ~ $2.00 ,$2.03 ,$15.76 ,0.10%,N/A,N/A
Sports (Legacy),Gardening,Canada,"1,418",$3.10  ~ $5.21 ,$5.23 ,$11.95 ,0.10%,N/A,N/A
Sports (Legacy),Style & Fashion,United States,355,$4.17  ~ $8.79 ,$5.28 ,$38.28 ,0.17%,N/A,N/A
Sports (Legacy),Travel,United Kingdom,"5,357",$4.97  ~ $5.37 ,$6.62 ,$31.79 ,0.08%,N/A,N/A
Sports (Legacy),Travel,United States,"59,457",$4.86  ~ $5.87 ,$5.27 ,$56.64 ,0.11%,N/A,N/A
Sports (Legacy),Travel,Ireland,29,$4.14  ~ $4.21 ,$1.86 ,$9.71 ,0.23%,N/A,N/A
Sports (Legacy),Travel,Canada,88,$7.67  ~ $8.23 ,$26.19 ,$84.26 ,0.03%,N/A,N/A
Sports (Legacy),Shopping,United Kingdom,"1,570",$6.39  ~ $6.49 ,$8.65 ,$36.36 ,0.07%,N/A,N/A
Sports (Legacy),Shopping,United States,"68,217",$3.35  ~ $6.09 ,$4.06 ,$31.19 ,0.08%,N/A,N/A
Sports (Legacy),Shopping,Canada,689,$2.10  ~ $3.33 ,$2.56 ,$11.15 ,0.08%,N/A,N/A
Sports (Legacy),Adult Education,Canada,10,$4.63  ~ $6.86 ,N/A,N/A,N/A,N/A,N/A
Sports (Legacy),Adult Education,United Kingdom,61,$7.78  ~ $9.12 ,$19.29 ,N/A,0.05%,N/A,N/A
Sports (Legacy),Adult Education,United States,517,$3.16  ~ $9.95 ,$20.94 ,$123.32 ,0.05%,N/A,N/A
Sports (Legacy),Psychology/Psychiatry,United States,"48,844",$6.13  ~ $7.99 ,$5.12 ,$56.95 ,0.16%,N/A,N/A
Sports (Legacy),Psychology/Psychiatry,Canada,79,$6.13  ~ $6.29 ,$9.26 ,N/A,0.07%,N/A,N/A
Sports (Legacy),Psychology/Psychiatry,United Kingdom,366,$7.96  ~ $8.20 ,$8.24 ,N/A,0.10%,N/A,N/A
Sports (Legacy),Hobbies & Interests,Canada,16,$7.70  ~ $18.23 ,$9.06 ,$35.40 ,0.08%,N/A,N/A
Sports (Legacy),Hobbies & Interests,United States,"33,855",$7.39  ~ $8.42 ,$17.14 ,$89.92 ,0.05%,N/A,N/A
Sports (Legacy),Hobbies & Interests,United Kingdom,"19,557",$2.22  ~ $2.22 ,$8.64 ,$21.22 ,0.03%,N/A,N/A
Sports (Legacy),Coffee/Tea,United States,"18,383",$5.10  ~ $6.57 ,$4.33 ,$13.24 ,0.12%,N/A,N/A
Sports (Legacy),Legal Issues,United Kingdom,"4,968",$4.92  ~ $5.14 ,$5.25 ,$56.69 ,0.10%,N/A,N/A
Sports (Legacy),Legal Issues,Ireland,2,$4.51  ~ $4.51 ,$5.38 ,$4.01 ,0.08%,N/A,N/A
Sports (Legacy),Legal Issues,Canada,"14,321",$5.64  ~ $7.28 ,$5.56 ,$58.95 ,0.13%,N/A,N/A
Sports (Legacy),Legal Issues,United States,"82,300",$8.15  ~ $9.91 ,$9.64 ,$73.39 ,0.08%,N/A,N/A
Sports (Legacy),Family & Parenting,United Kingdom,"1,252",$6.98  ~ $7.20 ,$12.94 ,$89.31 ,0.05%,N/A,N/A
Sports (Legacy),Family & Parenting,United States,"6,789",$7.42  ~ $9.04 ,$5.79 ,$31.15 ,0.13%,N/A,N/A
Sports (Legacy),Family & Parenting,Canada,71,$2.26  ~ $3.81 ,$0.17 ,$8.04 ,1.31%,N/A,N/A
Sports (Legacy),Alternative Medicine,Canada,24,$1.43  ~ $1.84 ,$1.37 ,N/A,0.13%,N/A,N/A
Sports (Legacy),Alternative Medicine,United Kingdom,3,$5.43  ~ $5.43 ,N/A,N/A,N/A,N/A,N/A
Sports (Legacy),Alternative Medicine,United States,871,$7.91  ~ $13.84 ,$27.52 ,$522.73 ,0.05%,N/A,N/A
Sports (Legacy),Mountain Biking,Canada,220,$6.57  ~ $6.70 ,$1.31 ,$16.02 ,0.50%,N/A,N/A
Sports (Legacy),Mountain Biking,United States,459,$6.65  ~ $6.79 ,$4.04 ,N/A,0.16%,N/A,N/A
Sports (Legacy),Technology & Computing,Canada,"1,515",$5.44  ~ $6.44 ,$11.85 ,N/A,0.05%,N/A,N/A
Sports (Legacy),Technology & Computing,United States,"5,521",$6.71  ~ $6.80 ,$18.22 ,$97.59 ,0.04%,N/A,N/A
Sports (Legacy),Technology & Computing,United Kingdom,"1,163",$4.98  ~ $10.27 ,$11.05 ,$131.55 ,0.09%,N/A,N/A
Sports (Legacy),Fashion,United States,47,$8.19  ~ $17.96 ,$24.00 ,N/A,0.03%,N/A,N/A
Sports (Legacy),Buying/Selling Homes,Canada,"1,575",$4.66  ~ $6.48 ,$10.93 ,$40.89 ,0.04%,N/A,N/A
Sports (Legacy),Buying/Selling Homes,United Kingdom,"2,556",$5.88  ~ $7.06 ,$12.59 ,$74.80 ,0.05%,N/A,N/A
Sports (Legacy),Buying/Selling Homes,United States,"16,772",$7.53  ~ $10.40 ,$8.01 ,$44.04 ,0.09%,N/A,N/A
Sports (Legacy),Pediatrics,United States,854,$8.32  ~ $15.84 ,$12.93 ,N/A,0.06%,N/A,N/A
Sports (Legacy),Weight Loss,Mexico,4,$1.40  ~ $3.34 ,$0.55 ,N/A,0.25%,N/A,N/A
Sports (Legacy),Weight Loss,United Kingdom,"2,299",$8.15  ~ $8.20 ,$17.38 ,$304.09 ,0.05%,N/A,N/A
Sports (Legacy),Weight Loss,United States,"1,850",$3.98  ~ $3.99 ,$5.93 ,N/A,0.07%,N/A,N/A
Sports (Legacy),Health/Lowfat Cooking,United States,"3,779",$7.23  ~ $7.65 ,$11.56 ,$77.15 ,0.06%,N/A,N/A
Sports (Legacy),Health/Lowfat Cooking,United Kingdom,349,$5.57  ~ $5.58 ,$12.45 ,N/A,0.04%,N/A,N/A
Sports (Legacy),Health/Lowfat Cooking,Canada,31,$3.08  ~ $10.49 ,$10.63 ,N/A,0.10%,N/A,N/A
Sports (Legacy),Roleplaying Games,United States,38,$2.26  ~ $5.02 ,N/A,N/A,N/A,N/A,N/A
Sports (Legacy),Contests & Freebies,United States,148,$6.83  ~ $9.66 ,$23.08 ,N/A,0.03%,N/A,N/A
Sports (Legacy),Martial Arts,United States,36,$3.09  ~ $7.37 ,$0.54 ,N/A,0.57%,N/A,N/A
Sports (Legacy),Martial Arts,Canada,3,$2.12  ~ $4.51 ,N/A,N/A,N/A,N/A,N/A
Sports (Legacy),Stocks,United States,34,$9.78  ~ $9.78 ,N/A,N/A,N/A,N/A,N/A
Sports (Legacy),Arts & Entertainment,Canada,"1,627",$5.02  ~ $6.68 ,$3.54 ,$91.03 ,0.14%,N/A,N/A
Sports (Legacy),Arts & Entertainment,United States,"18,534",$6.56  ~ $7.72 ,$11.09 ,$66.96 ,0.06%,N/A,N/A
Sports (Legacy),Arts & Entertainment,United Kingdom,"3,672",$7.30  ~ $8.45 ,$9.96 ,$80.43 ,0.07%,N/A,N/A
Sports (Legacy),Insurance,United States,"49,149",$7.52  ~ $7.67 ,$5.48 ,$111.17 ,0.14%,N/A,N/A
Sports (Legacy),Insurance,United Kingdom,"2,523",$4.81  ~ $5.43 ,$6.61 ,$79.85 ,0.08%,N/A,N/A
Sports (Legacy),Insurance,Canada,385,$6.52  ~ $6.84 ,$38.41 ,N/A,0.02%,N/A,N/A
Sports (Legacy),Human Resources,United States,"28,497",$9.24  ~ $10.85 ,$13.77 ,$122.04 ,0.07%,N/A,N/A
Sports (Legacy),Human Resources,Canada,"1,993",$5.98  ~ $6.88 ,$11.24 ,$62.05 ,0.06%,N/A,N/A
Sports (Legacy),Human Resources,United Kingdom,"2,421",$9.72  ~ $13.24 ,$14.68 ,$70.84 ,0.07%,N/A,N/A
Sports (Legacy),Human Resources,Mexico,176,$1.96  ~ $2.50 ,$3.36 ,$90.10 ,0.07%,N/A,N/A
Sports (Legacy),Allergies,Canada,207,$5.53  ~ $11.63 ,$6.08 ,N/A,0.09%,N/A,N/A
Sports (Legacy),Allergies,United States,2,$8.44  ~ $18.49 ,$54.63 ,N/A,0.02%,N/A,N/A
Sports (Legacy),Allergies,United Kingdom,64,$3.24  ~ $6.57 ,$1.86 ,N/A,0.17%,N/A,N/A
Sports (Legacy),Investing,United Kingdom,31,$6.74  ~ $6.87 ,$7.95 ,N/A,0.08%,N/A,N/A
Sports (Legacy),Investing,United States,"8,625",$4.42  ~ $4.46 ,$16.04 ,$209.00 ,0.03%,N/A,N/A
Sports (Legacy),Investing,Canada,9,$8.17  ~ $8.17 ,$4.25 ,$34.02 ,0.19%,N/A,N/A
Sports (Legacy),U.S. Military,United States,617,$2.62  ~ $2.62 ,$6.07 ,$23.54 ,0.04%,N/A,N/A
Sports (Legacy),Incest/Abuse Support,Mexico,7,$0.00  ~ $0.00 ,N/A,N/A,N/A,N/A,N/A
Sports (Legacy),Honeymoons/Getaways,Ireland,10,$0.00  ~ $0.00 ,N/A,N/A,N/A,N/A,N/A
Sports (Legacy),Weight Loss,Canada,6,$0.00  ~ $0.00 ,N/A,N/A,N/A,N/A,N/A
Sports (Legacy),Tax Planning,Canada,1,$0.00  ~ $0.00 ,N/A,N/A,N/A,N/A,N/A
Sports (Legacy),Cocktails/Beer,United Kingdom,81,$0.00  ~ $0.00 ,N/A,N/A,N/A,N/A,N/A
Sports (Legacy),Astrology,United States,1,$0.00  ~ $0.00 ,N/A,N/A,N/A,N/A,N/A
Style & Fashion (Legacy),Interior Decorating,Canada,"11,097",$3.97  ~ $6.20 ,$3.65 ,$28.37 ,0.17%,N/A,N/A
Style & Fashion (Legacy),Interior Decorating,United States,"4,216",$6.74  ~ $7.15 ,$5.81 ,$41.29 ,0.12%,N/A,N/A
Style & Fashion (Legacy),Interior Decorating,United Kingdom,594,$4.99  ~ $5.07 ,$7.15 ,$110.73 ,0.07%,N/A,N/A
Style & Fashion (Legacy),Distance Learning,United States,303,$10.90  ~ $12.01 ,$17.70 ,$241.38 ,0.06%,N/A,N/A
Style & Fashion (Legacy),Parenting - K-6 Kids,United States,86,$1.62  ~ $1.99 ,$5.60 ,N/A,0.04%,N/A,N/A
Style & Fashion (Legacy),Forestry,United States,9,$6.86  ~ $16.76 ,N/A,N/A,N/A,N/A,N/A
Style & Fashion (Legacy),Entertainment,United States,29,$10.73  ~ $26.29 ,$18.35 ,N/A,0.06%,N/A,N/A
Style & Fashion (Legacy),Entertainment,Mexico,48,$1.04  ~ $2.17 ,$1.06 ,N/A,0.10%,N/A,N/A
Style & Fashion (Legacy),Air Travel,United States,"5,915",$5.75  ~ $6.02 ,$5.00 ,$67.90 ,0.12%,N/A,N/A
Style & Fashion (Legacy),Air Travel,United Kingdom,9,$6.39  ~ $13.14 ,$12.54 ,$50.16 ,0.05%,N/A,N/A
Style & Fashion (Legacy),Air Travel,Canada,170,$6.41  ~ $6.57 ,$3.70 ,N/A,0.17%,N/A,N/A
Style & Fashion (Legacy),Real Estate,United Kingdom,994,$4.80  ~ $6.71 ,$3.10 ,$32.92 ,0.15%,N/A,N/A
Style & Fashion (Legacy),Real Estate,United States,"2,968",$6.36  ~ $6.93 ,$5.07 ,$46.02 ,0.13%,N/A,N/A
Style & Fashion (Legacy),Real Estate,Canada,"2,049",$4.39  ~ $4.87 ,$4.13 ,$21.26 ,0.12%,N/A,N/A
Style & Fashion (Legacy),Cancer,United Kingdom,1,$6.22  ~ $6.22 ,$6.31 ,N/A,0.10%,N/A,N/A
Style & Fashion (Legacy),Cancer,United States,"1,889",$10.90  ~ $16.12 ,$19.01 ,$100.96 ,0.08%,N/A,N/A
Style & Fashion (Legacy),Cancer,Canada,149,$16.32  ~ $16.32 ,N/A,N/A,N/A,N/A,N/A
Style & Fashion (Legacy),Infertility,United States,251,$4.03  ~ $6.92 ,$18.53 ,N/A,0.04%,N/A,N/A
Style & Fashion (Legacy),Desserts & Baking,Canada,222,$2.23  ~ $5.25 ,N/A,N/A,N/A,N/A,N/A
Style & Fashion (Legacy),Desserts & Baking,United States,165,$4.01  ~ $9.60 ,$3.43 ,$16.83 ,0.12%,N/A,N/A
Style & Fashion (Legacy),Technology & Computing,Canada,"3,691",$5.09  ~ $6.58 ,$9.61 ,N/A,0.07%,N/A,N/A
Style & Fashion (Legacy),Technology & Computing,United Kingdom,416,$5.15  ~ $10.12 ,$7.77 ,$49.31 ,0.13%,N/A,N/A
Style & Fashion (Legacy),Technology & Computing,United States,"1,222",$6.78  ~ $6.84 ,$7.12 ,$67.53 ,0.10%,N/A,N/A
Style & Fashion (Legacy),Chronic Pain,United States,67,$12.38  ~ $12.68 ,$25.84 ,$9.84 ,0.05%,N/A,N/A
Style & Fashion (Legacy),Music,United Kingdom,282,$5.56  ~ $6.82 ,$7.20 ,N/A,0.09%,N/A,N/A
Style & Fashion (Legacy),Music,United States,"9,003",$6.39  ~ $6.64 ,$8.90 ,$43.03 ,0.07%,N/A,N/A
Style & Fashion (Legacy),Music,Canada,"6,025",$3.89  ~ $4.26 ,$2.77 ,$43.14 ,0.15%,N/A,N/A
Style & Fashion (Legacy),News,Canada,35,$0.35  ~ $0.86 ,N/A,N/A,N/A,N/A,N/A
Style & Fashion (Legacy),News,United States,521,$11.40  ~ $14.30 ,$10.91 ,$238.52 ,0.10%,N/A,N/A
Style & Fashion (Legacy),Food & Drink,United States,"1,382",$5.08  ~ $5.34 ,$3.78 ,$23.07 ,0.14%,N/A,N/A
Style & Fashion (Legacy),Food & Drink,Canada,466,$4.66  ~ $10.70 ,$4.44 ,N/A,0.11%,N/A,N/A
Style & Fashion (Legacy),Alternative Religions,United States,80,$7.91  ~ $7.98 ,$5.27 ,$15.12 ,0.15%,N/A,N/A
Style & Fashion (Legacy),Alternative Religions,United Kingdom,42,$5.27  ~ $12.16 ,$5.73 ,N/A,0.09%,N/A,N/A
Style & Fashion (Legacy),Camping,United States,1,$4.60  ~ $10.02 ,N/A,N/A,N/A,N/A,N/A
Style & Fashion (Legacy),By US Locale,United States,1,$12.70  ~ $31.69 ,N/A,N/A,N/A,N/A,N/A
Style & Fashion (Legacy),Insurance,Canada,337,$5.74  ~ $13.72 ,$9.50 ,N/A,0.06%,N/A,N/A
Style & Fashion (Legacy),Insurance,United States,"7,297",$8.13  ~ $8.46 ,$5.83 ,$87.08 ,0.14%,N/A,N/A
Style & Fashion (Legacy),Insurance,United Kingdom,"1,928",$4.19  ~ $4.82 ,$4.12 ,$35.08 ,0.12%,N/A,N/A
Style & Fashion (Legacy),Automotive,United States,"6,300",$7.58  ~ $9.57 ,$6.76 ,$81.90 ,0.11%,N/A,N/A
Style & Fashion (Legacy),Automotive,United Kingdom,41,$7.27  ~ $18.04 ,$52.71 ,N/A,0.03%,N/A,N/A
Style & Fashion (Legacy),Automotive,Canada,805,$6.26  ~ $8.52 ,$2.60 ,$22.83 ,0.24%,N/A,N/A
Style & Fashion (Legacy),Green Solutions,Canada,"7,176",$3.98  ~ $5.17 ,$6.23 ,$54.55 ,0.08%,N/A,N/A
Style & Fashion (Legacy),Green Solutions,United States,"2,257",$5.88  ~ $5.90 ,$5.36 ,$28.98 ,0.11%,N/A,N/A
Style & Fashion (Legacy),Green Solutions,United Kingdom,3,$6.34  ~ $7.76 ,$2.83 ,N/A,0.22%,N/A,N/A
Style & Fashion (Legacy),Adventure Travel,United States,269,$3.08  ~ $14.44 ,$5.03 ,$49.19 ,0.06%,N/A,N/A
Style & Fashion (Legacy),Biotech/Biomedical,United States,"4,460",$9.08  ~ $27.36 ,$4.82 ,$70.95 ,0.19%,N/A,N/A
Style & Fashion (Legacy),Biotech/Biomedical,Canada,"3,446",$6.89  ~ $8.01 ,$3.74 ,$25.85 ,0.18%,N/A,N/A
Style & Fashion (Legacy),Biotech/Biomedical,Ireland,7,$7.19  ~ $12.74 ,$8.78 ,$86.24 ,0.15%,N/A,N/A
Style & Fashion (Legacy),Biotech/Biomedical,United Kingdom,81,$6.81  ~ $9.58 ,$6.30 ,N/A,0.15%,N/A,N/A
Style & Fashion (Legacy),Business Software,Ireland,6,$8.64  ~ $8.99 ,$8.69 ,$24.34 ,0.10%,N/A,N/A
Style & Fashion (Legacy),Business Software,United States,"6,943",$9.36  ~ $9.77 ,$8.13 ,$91.80 ,0.12%,N/A,N/A
Style & Fashion (Legacy),Business Software,Canada,"1,720",$7.41  ~ $9.60 ,$12.14 ,$298.59 ,0.08%,N/A,N/A
Style & Fashion (Legacy),Business Software,United Kingdom,705,$12.84  ~ $13.62 ,$12.41 ,$84.55 ,0.10%,N/A,N/A
Style & Fashion (Legacy),Arts & Crafts,United States,"1,881",$5.63  ~ $13.49 ,$2.20 ,$80.00 ,0.26%,N/A,N/A
Style & Fashion (Legacy),Arts & Crafts,Canada,1,$3.69  ~ $8.83 ,N/A,N/A,N/A,N/A,N/A
Style & Fashion (Legacy),Cell Phones,United States,19,$11.87  ~ $11.87 ,$18.49 ,N/A,0.06%,N/A,N/A
Style & Fashion (Legacy),Roleplaying Games,United States,14,$2.08  ~ $5.12 ,N/A,N/A,N/A,N/A,N/A
Style & Fashion (Legacy),U.S. Government Resources,United States,30,$5.90  ~ $6.85 ,$1.73 ,N/A,0.34%,N/A,N/A
Style & Fashion (Legacy),Babies & Toddlers,United States,33,$9.87  ~ $10.69 ,$9.37 ,$49.48 ,0.11%,N/A,N/A
Style & Fashion (Legacy),Antivirus Software,Canada,320,$9.02  ~ $9.02 ,$4.84 ,$29.02 ,0.19%,N/A,N/A
Style & Fashion (Legacy),Antivirus Software,United States,680,$9.07  ~ $9.07 ,$7.22 ,N/A,0.13%,N/A,N/A
Style & Fashion (Legacy),Buying/Selling Cars,Canada,"1,918",$5.19  ~ $5.89 ,$5.31 ,$77.45 ,0.10%,N/A,N/A
Style & Fashion (Legacy),Buying/Selling Cars,United States,"1,485",$6.51  ~ $6.75 ,$5.53 ,$80.33 ,0.12%,N/A,N/A
Style & Fashion (Legacy),Buying/Selling Cars,United Kingdom,194,$7.33  ~ $9.32 ,$7.05 ,$90.16 ,0.13%,N/A,N/A
Style & Fashion (Legacy),Travel,United Kingdom,"1,896",$5.17  ~ $5.30 ,$5.88 ,$30.97 ,0.09%,N/A,N/A
Style & Fashion (Legacy),Travel,United States,"8,072",$4.78  ~ $5.21 ,$3.62 ,$36.33 ,0.14%,N/A,N/A
Style & Fashion (Legacy),Travel,Canada,14,$7.32  ~ $7.52 ,$4.36 ,$6.01 ,0.17%,N/A,N/A
Style & Fashion (Legacy),Advertising,United Kingdom,"1,154",$7.33  ~ $8.19 ,$9.70 ,$124.60 ,0.08%,N/A,N/A
Style & Fashion (Legacy),Advertising,United States,"1,926",$8.94  ~ $9.66 ,$8.03 ,$69.98 ,0.12%,N/A,N/A
Style & Fashion (Legacy),Advertising,Mexico,1,$1.26  ~ $2.64 ,N/A,N/A,N/A,N/A,N/A
Style & Fashion (Legacy),Advertising,Canada,"11,361",$7.16  ~ $8.60 ,$4.11 ,$63.39 ,0.17%,N/A,N/A
Style & Fashion (Legacy),Swimming,United States,85,$2.16  ~ $8.37 ,$18.44 ,N/A,0.05%,N/A,N/A
Style & Fashion (Legacy),Religion & Spirituality,United States,1,$2.28  ~ $5.62 ,N/A,N/A,N/A,N/A,N/A
Style & Fashion (Legacy),Exercise,United Kingdom,321,$2.94  ~ $7.15 ,$3.40 ,$113.02 ,0.09%,N/A,N/A
Style & Fashion (Legacy),Exercise,United States,836,$4.53  ~ $4.77 ,$7.60 ,$60.25 ,0.06%,N/A,N/A
Style & Fashion (Legacy),Exercise,Canada,707,$3.13  ~ $3.83 ,$2.28 ,N/A,0.14%,N/A,N/A
Style & Fashion (Legacy),Allergies,Canada,"1,436",$4.83  ~ $12.06 ,$3.13 ,N/A,0.15%,N/A,N/A
Style & Fashion (Legacy),Alternative Medicine,United States,216,$8.43  ~ $9.24 ,$11.86 ,N/A,0.08%,N/A,N/A
Style & Fashion (Legacy),Alternative Medicine,Canada,148,$1.75  ~ $2.08 ,$4.96 ,N/A,0.04%,N/A,N/A
Style & Fashion (Legacy),Alternative Medicine,United Kingdom,1,$5.41  ~ $5.41 ,N/A,N/A,N/A,N/A,N/A
Style & Fashion (Legacy),Politics,United States,"3,608",$11.39  ~ $11.58 ,$17.46 ,$338.72 ,0.07%,N/A,N/A
Style & Fashion (Legacy),Politics,Canada,42,$10.48  ~ $14.73 ,$11.74 ,$101.27 ,0.09%,N/A,N/A
Style & Fashion (Legacy),Style & Fashion,United States,83,$4.18  ~ $7.15 ,$4.83 ,$14.36 ,0.15%,N/A,N/A
Style & Fashion (Legacy),Cigars,Canada,74,$3.47  ~ $3.84 ,$5.26 ,N/A,0.07%,N/A,N/A
Style & Fashion (Legacy),Cigars,United States,"3,902",$6.61  ~ $6.75 ,$5.97 ,$28.55 ,0.11%,N/A,N/A
Style & Fashion (Legacy),Cigars,United Kingdom,"1,690",$3.18  ~ $15.93 ,$7.20 ,$53.30 ,0.04%,N/A,N/A
Style & Fashion (Legacy),Incest/Abuse Support,Canada,369,$5.57  ~ $7.46 ,$5.23 ,$8.84 ,0.11%,N/A,N/A
Style & Fashion (Legacy),Incest/Abuse Support,United States,"1,489",$6.47  ~ $9.42 ,$7.76 ,N/A,0.08%,N/A,N/A
Style & Fashion (Legacy),Books & Literature,United States,26,$9.43  ~ $21.57 ,$61.89 ,N/A,0.03%,N/A,N/A
Style & Fashion (Legacy),Astrology,Canada,1,$2.05  ~ $4.41 ,N/A,N/A,N/A,N/A,N/A
Style & Fashion (Legacy),Heart Disease,United States,2,$2.44  ~ $3.13 ,N/A,N/A,N/A,N/A,N/A
Style & Fashion (Legacy),Gardening,United States,"5,682",$5.85  ~ $6.82 ,$6.85 ,$50.42 ,0.09%,N/A,N/A
Style & Fashion (Legacy),Gardening,United Kingdom,726,$0.00  ~ $2.08 ,$1.69 ,$26.97 ,0.12%,N/A,N/A
Style & Fashion (Legacy),Gardening,Canada,"4,549",$3.47  ~ $5.15 ,$5.70 ,$24.51 ,0.09%,N/A,N/A
Style & Fashion (Legacy),Hotels,United States,"3,719",$5.95  ~ $7.57 ,$7.35 ,$51.02 ,0.10%,N/A,N/A
Style & Fashion (Legacy),Hotels,Canada,506,$3.76  ~ $4.10 ,$0.95 ,$40.65 ,0.43%,N/A,N/A
Style & Fashion (Legacy),Hotels,United Kingdom,82,$3.46  ~ $3.83 ,$8.86 ,$52.50 ,0.04%,N/A,N/A
Style & Fashion (Legacy),Investors & Patents,United States,"3,212",$8.19  ~ $9.20 ,$12.51 ,$57.14 ,0.07%,N/A,N/A
Style & Fashion (Legacy),Investors & Patents,Canada,"3,340",$5.22  ~ $6.11 ,$5.60 ,$23.36 ,0.09%,N/A,N/A
Style & Fashion (Legacy),Investors & Patents,United Kingdom,9,$6.64  ~ $8.28 ,$29.24 ,N/A,0.03%,N/A,N/A
Style & Fashion (Legacy),Local News,United States,7,$8.52  ~ $18.83 ,$20.20 ,$10.20 ,0.04%,N/A,N/A
Style & Fashion (Legacy),Stamps & Coins,United States,9,$3.20  ~ $7.99 ,N/A,N/A,N/A,N/A,N/A
Style & Fashion (Legacy),Catholicism,United States,44,$6.26  ~ $8.57 ,$9.32 ,N/A,0.09%,N/A,N/A
Style & Fashion (Legacy),Home Repair,Canada,"2,434",$4.64  ~ $4.80 ,$2.04 ,$17.94 ,0.23%,N/A,N/A
Style & Fashion (Legacy),Home Repair,United States,"4,662",$7.13  ~ $7.95 ,$7.05 ,$69.62 ,0.10%,N/A,N/A
Style & Fashion (Legacy),Home Repair,United Kingdom,395,$6.25  ~ $8.78 ,$3.05 ,$17.14 ,0.20%,N/A,N/A
Style & Fashion (Legacy),Human Resources,Canada,"5,486",$5.91  ~ $6.66 ,$6.32 ,N/A,0.11%,N/A,N/A
Style & Fashion (Legacy),Human Resources,United Kingdom,"1,106",$6.59  ~ $9.81 ,$5.72 ,$94.48 ,0.12%,N/A,N/A
Style & Fashion (Legacy),Human Resources,Mexico,10,$1.69  ~ $2.07 ,$1.41 ,N/A,0.15%,N/A,N/A
Style & Fashion (Legacy),Human Resources,United States,"5,731",$9.03  ~ $11.52 ,$6.87 ,$43.13 ,0.13%,N/A,N/A
Style & Fashion (Legacy),Graduate School,Canada,132,$5.28  ~ $11.87 ,$6.71 ,N/A,0.08%,N/A,N/A
Style & Fashion (Legacy),Graduate School,United States,"3,700",$7.76  ~ $8.24 ,$4.76 ,$32.52 ,0.16%,N/A,N/A
Style & Fashion (Legacy),Graduate School,United Kingdom,104,$5.85  ~ $8.06 ,$15.37 ,N/A,0.05%,N/A,N/A
Style & Fashion (Legacy),Wine,United States,68,$8.05  ~ $9.27 ,$7.41 ,N/A,0.12%,N/A,N/A
Style & Fashion (Legacy),Television,United Kingdom,187,$6.93  ~ $7.00 ,$2.90 ,$29.02 ,0.24%,N/A,N/A
Style & Fashion (Legacy),Television,Canada,8,$7.14  ~ $15.02 ,$2.01 ,$15.72 ,0.36%,N/A,N/A
Style & Fashion (Legacy),Television,United States,4,$14.28  ~ $33.17 ,$4.75 ,N/A,0.30%,N/A,N/A
Style & Fashion (Legacy),Net Conferencing,Canada,209,$5.49  ~ $13.23 ,$8.97 ,N/A,0.06%,N/A,N/A
Style & Fashion (Legacy),Net Conferencing,United States,41,$12.57  ~ $53.04 ,$51.46 ,N/A,0.02%,N/A,N/A
Style & Fashion (Legacy),Guitar,United States,123,$2.28  ~ $4.78 ,N/A,N/A,N/A,N/A,N/A
Style & Fashion (Legacy),Network Security,United States,8,$1.84  ~ $2.43 ,$0.63 ,N/A,0.29%,N/A,N/A
Style & Fashion (Legacy),Football,Canada,"8,873",$4.87  ~ $5.49 ,$5.64 ,$14.29 ,0.10%,N/A,N/A
Style & Fashion (Legacy),Football,United States,728,$7.04  ~ $8.38 ,$8.39 ,$39.72 ,0.08%,N/A,N/A
Style & Fashion (Legacy),Computer Peripherals,United States,"1,317",$7.19  ~ $12.73 ,$12.47 ,$80.45 ,0.10%,N/A,N/A
Style & Fashion (Legacy),Computer Peripherals,United Kingdom,56,$13.63  ~ $13.67 ,$2.55 ,N/A,0.53%,N/A,N/A
Style & Fashion (Legacy),Computer Peripherals,Canada,668,$4.32  ~ $5.58 ,$4.91 ,$16.53 ,0.11%,N/A,N/A
Style & Fashion (Legacy),Dermatology,United States,61,$6.22  ~ $6.35 ,$9.30 ,N/A,0.07%,N/A,N/A
Style & Fashion (Legacy),Dermatology,Canada,82,$2.88  ~ $6.07 ,N/A,N/A,N/A,N/A,N/A
Style & Fashion (Legacy),Electric Vehicle,Canada,238,$4.62  ~ $10.71 ,$2.32 ,$39.46 ,0.20%,N/A,N/A
Style & Fashion (Legacy),Thyroid Disease,United States,1,$32.44  ~ $68.78 ,$14.24 ,N/A,0.23%,N/A,N/A
Style & Fashion (Legacy),Credit/Debt & Loans,Canada,"2,791",$7.44  ~ $7.85 ,$5.35 ,N/A,0.14%,N/A,N/A
Style & Fashion (Legacy),Credit/Debt & Loans,United States,"19,708",$7.52  ~ $8.31 ,$4.52 ,$51.53 ,0.17%,N/A,N/A
Style & Fashion (Legacy),Credit/Debt & Loans,United Kingdom,418,$5.61  ~ $6.98 ,$7.21 ,$24.88 ,0.10%,N/A,N/A
Style & Fashion (Legacy),Business,United Kingdom,"3,652",$5.31  ~ $5.41 ,$6.24 ,$46.37 ,0.09%,N/A,N/A
Style & Fashion (Legacy),Business,Canada,"6,854",$4.40  ~ $9.45 ,$4.79 ,$41.34 ,0.09%,N/A,N/A
Style & Fashion (Legacy),Business,United States,"20,267",$7.82  ~ $7.91 ,$7.82 ,$71.92 ,0.10%,N/A,N/A
Style & Fashion (Legacy),Landscaping,Canada,532,$2.08  ~ $5.10 ,$1.96 ,N/A,0.11%,N/A,N/A
Style & Fashion (Legacy),Landscaping,United States,290,$3.94  ~ $4.10 ,$8.43 ,N/A,0.05%,N/A,N/A
Style & Fashion (Legacy),Commentary,United States,132,$14.13  ~ $17.85 ,$38.56 ,N/A,0.05%,N/A,N/A
Style & Fashion (Legacy),Road-Side Assistance,United States,9,$2.42  ~ $5.61 ,N/A,N/A,N/A,N/A,N/A
Style & Fashion (Legacy),Road-Side Assistance,Canada,33,$2.20  ~ $4.85 ,N/A,N/A,N/A,N/A,N/A
Style & Fashion (Legacy),Road-Side Assistance,Mexico,6,$4.47  ~ $8.96 ,$16.95 ,N/A,0.03%,N/A,N/A
Style & Fashion (Legacy),Road-Side Assistance,United Kingdom,14,$10.05  ~ $21.71 ,$10.76 ,N/A,0.09%,N/A,N/A
Style & Fashion (Legacy),Apartments,United Kingdom,"1,007",$6.83  ~ $7.20 ,$5.75 ,$40.05 ,0.12%,N/A,N/A
Style & Fashion (Legacy),Apartments,United States,268,$5.53  ~ $6.82 ,$2.45 ,$22.71 ,0.23%,N/A,N/A
Style & Fashion (Legacy),Apartments,Canada,"4,302",$1.36  ~ $6.48 ,$4.96 ,$44.62 ,0.13%,N/A,N/A
Style & Fashion (Legacy),Construction,United States,546,$4.91  ~ $7.58 ,$1.84 ,$35.15 ,0.27%,N/A,N/A
Style & Fashion (Legacy),Construction,Canada,955,$6.17  ~ $15.38 ,$8.20 ,N/A,0.08%,N/A,N/A
Style & Fashion (Legacy),Construction,United Kingdom,27,$7.14  ~ $8.88 ,$0.82 ,N/A,0.87%,N/A,N/A
Style & Fashion (Legacy),Job Search,United States,"2,398",$8.72  ~ $8.93 ,$12.90 ,$79.33 ,0.07%,N/A,N/A
Style & Fashion (Legacy),Job Search,United Kingdom,2,$7.52  ~ $17.52 ,$4.98 ,N/A,0.15%,N/A,N/A
Style & Fashion (Legacy),Nutrition,United States,668,$9.30  ~ $10.42 ,$3.36 ,$46.99 ,0.31%,N/A,N/A
Style & Fashion (Legacy),Nutrition,Canada,"7,594",$2.90  ~ $4.08 ,$1.78 ,$6.63 ,0.16%,N/A,N/A
Style & Fashion (Legacy),Nutrition,United Kingdom,57,$9.58  ~ $9.58 ,$18.67 ,N/A,0.05%,N/A,N/A
Style & Fashion (Legacy),Weight Loss,United States,294,$3.81  ~ $3.97 ,$7.02 ,N/A,0.05%,N/A,N/A
Style & Fashion (Legacy),Weight Loss,United Kingdom,"1,257",$8.12  ~ $8.18 ,$15.62 ,$203.09 ,0.05%,N/A,N/A
Style & Fashion (Legacy),Entertaining,United States,230,$2.97  ~ $4.77 ,$1.55 ,N/A,0.19%,N/A,N/A
Style & Fashion (Legacy),Entertaining,Canada,24,$2.06  ~ $4.62 ,N/A,N/A,N/A,N/A,N/A
Style & Fashion (Legacy),Radio,United States,93,$5.73  ~ $6.34 ,$6.49 ,N/A,0.10%,N/A,N/A
Style & Fashion (Legacy),Beauty,United Kingdom,649,$7.04  ~ $7.41 ,$6.73 ,$29.71 ,0.11%,N/A,N/A
Style & Fashion (Legacy),Beauty,Canada,"1,417",$2.07  ~ $2.84 ,$3.76 ,$0.38 ,0.06%,N/A,N/A
Style & Fashion (Legacy),Beauty,United States,"1,230",$8.66  ~ $9.19 ,$6.17 ,$33.04 ,0.15%,N/A,N/A
Style & Fashion (Legacy),Physical Therapy,Canada,652,$2.81  ~ $6.35 ,$4.48 ,N/A,0.06%,N/A,N/A
Style & Fashion (Legacy),Physical Therapy,United Kingdom,3,$6.33  ~ $6.33 ,$10.29 ,N/A,0.06%,N/A,N/A
Style & Fashion (Legacy),Physical Therapy,United States,220,$9.95  ~ $16.20 ,$6.29 ,N/A,0.16%,N/A,N/A
Style & Fashion (Legacy),Horse Racing,Canada,81,$6.72  ~ $16.05 ,$9.91 ,$14.86 ,0.07%,N/A,N/A
Style & Fashion (Legacy),Hunting/Shooting,United States,26,$6.67  ~ $6.67 ,$9.56 ,N/A,0.07%,N/A,N/A
Style & Fashion (Legacy),Home & Garden,Canada,"12,262",$2.99  ~ $4.61 ,$4.59 ,$83.53 ,0.10%,N/A,N/A
Style & Fashion (Legacy),Home & Garden,United Kingdom,314,$5.92  ~ $6.21 ,$6.98 ,N/A,0.09%,N/A,N/A
Style & Fashion (Legacy),Home & Garden,United States,"8,779",$5.91  ~ $6.67 ,$4.61 ,$22.58 ,0.13%,N/A,N/A
Style & Fashion (Legacy),"Law, Gov't & Politics",United States,20,$1.24  ~ $3.85 ,$7.35 ,N/A,0.05%,N/A,N/A
Style & Fashion (Legacy),Legal Issues,Canada,"12,530",$5.44  ~ $7.26 ,$4.76 ,$34.54 ,0.15%,N/A,N/A
Style & Fashion (Legacy),Legal Issues,United States,"16,221",$7.62  ~ $9.12 ,$8.21 ,$47.73 ,0.09%,N/A,N/A
Style & Fashion (Legacy),Legal Issues,United Kingdom,387,$4.82  ~ $5.20 ,$6.12 ,$233.84 ,0.08%,N/A,N/A
Style & Fashion (Legacy),College,Canada,918,$4.78  ~ $6.81 ,$4.88 ,$70.66 ,0.10%,N/A,N/A
Style & Fashion (Legacy),College,United States,"1,716",$6.28  ~ $7.93 ,$6.89 ,$51.59 ,0.12%,N/A,N/A
Style & Fashion (Legacy),College,United Kingdom,274,$9.18  ~ $9.19 ,$7.46 ,$212.78 ,0.12%,N/A,N/A
Style & Fashion (Legacy),Veterinary Medicine,Canada,69,$2.23  ~ $5.34 ,N/A,N/A,N/A,N/A,N/A
Style & Fashion (Legacy),Veterinary Medicine,United States,457,$4.68  ~ $10.60 ,$8.73 ,N/A,0.05%,N/A,N/A
Style & Fashion (Legacy),Bed & Breakfasts,United States,"1,385",$1.58  ~ $4.74 ,$2.83 ,$23.89 ,0.17%,N/A,N/A
Style & Fashion (Legacy),Bed & Breakfasts,United Kingdom,49,$7.58  ~ $7.62 ,$14.24 ,$70.12 ,0.05%,N/A,N/A
Style & Fashion (Legacy),Bed & Breakfasts,Canada,266,$0.31  ~ $0.31 ,$0.95 ,N/A,0.03%,N/A,N/A
Style & Fashion (Legacy),Metals,Canada,"4,221",$4.40  ~ $10.27 ,$4.15 ,$54.54 ,0.11%,N/A,N/A
Style & Fashion (Legacy),Metals,United States,"8,847",$5.67  ~ $7.73 ,$6.75 ,$61.55 ,0.11%,N/A,N/A
Style & Fashion (Legacy),Metals,United Kingdom,28,$7.75  ~ $8.55 ,$6.65 ,N/A,0.13%,N/A,N/A
Style & Fashion (Legacy),Environmental Safety,United States,188,$8.74  ~ $9.39 ,$12.46 ,N/A,0.07%,N/A,N/A
Style & Fashion (Legacy),Environmental Safety,Canada,92,$2.11  ~ $5.14 ,N/A,N/A,N/A,N/A,N/A
Style & Fashion (Legacy),Personal Finance,Ireland,21,$7.25  ~ $7.27 ,$9.64 ,$94.41 ,0.08%,N/A,N/A
Style & Fashion (Legacy),Personal Finance,United States,"26,504",$5.41  ~ $5.86 ,$5.71 ,$51.95 ,0.10%,N/A,N/A
Style & Fashion (Legacy),Personal Finance,Canada,"2,127",$5.39  ~ $6.73 ,$5.32 ,$47.03 ,0.10%,N/A,N/A
Style & Fashion (Legacy),Personal Finance,United Kingdom,220,$6.98  ~ $10.31 ,$10.56 ,N/A,0.07%,N/A,N/A
Style & Fashion (Legacy),Internet Technology,United States,"1,015",$7.33  ~ $8.48 ,$10.56 ,$88.77 ,0.08%,N/A,N/A
Style & Fashion (Legacy),Internet Technology,Canada,2,$3.73  ~ $8.73 ,N/A,N/A,N/A,N/A,N/A
Style & Fashion (Legacy),Internet Technology,United Kingdom,128,$6.36  ~ $7.89 ,$10.31 ,$164.91 ,0.08%,N/A,N/A
Style & Fashion (Legacy),Computer Networking,United States,"1,172",$2.88  ~ $6.47 ,$0.95 ,$12.21 ,0.30%,N/A,N/A
Style & Fashion (Legacy),Dining Out,United Kingdom,240,$8.97  ~ $20.39 ,$7.68 ,$196.89 ,0.12%,N/A,N/A
Style & Fashion (Legacy),Dining Out,Canada,"2,734",$5.88  ~ $6.36 ,$7.54 ,$35.69 ,0.08%,N/A,N/A
Style & Fashion (Legacy),Dining Out,United States,"2,589",$7.81  ~ $9.16 ,$16.15 ,$59.06 ,0.05%,N/A,N/A
Style & Fashion (Legacy),Fashion,United States,12,$8.19  ~ $19.92 ,$37.48 ,N/A,0.02%,N/A,N/A
Style & Fashion (Legacy),Arthritis,United States,3,$5.03  ~ $5.37 ,$4.14 ,N/A,0.12%,N/A,N/A
Style & Fashion (Legacy),Trucks & Accessories,United States,"1,413",$4.97  ~ $5.23 ,$5.80 ,$20.19 ,0.09%,N/A,N/A
Style & Fashion (Legacy),Family & Parenting,United States,"1,155",$7.55  ~ $8.63 ,$3.94 ,$25.79 ,0.19%,N/A,N/A
Style & Fashion (Legacy),Family & Parenting,Canada,"1,035",$2.26  ~ $3.76 ,$0.30 ,N/A,0.76%,N/A,N/A
Style & Fashion (Legacy),Family & Parenting,United Kingdom,218,$7.04  ~ $7.40 ,$11.86 ,$120.78 ,0.06%,N/A,N/A
Style & Fashion (Legacy),Appliances,United States,"3,627",$7.85  ~ $7.97 ,$8.41 ,$69.37 ,0.09%,N/A,N/A
Style & Fashion (Legacy),Appliances,Canada,"1,054",$7.13  ~ $10.35 ,$12.35 ,N/A,0.06%,N/A,N/A
Style & Fashion (Legacy),Appliances,United Kingdom,34,$6.76  ~ $6.82 ,$8.08 ,N/A,0.08%,N/A,N/A
Style & Fashion (Legacy),Honeymoons/Getaways,United Kingdom,118,$7.17  ~ $7.95 ,$4.49 ,N/A,0.18%,N/A,N/A
Style & Fashion (Legacy),Honeymoons/Getaways,United States,751,$6.29  ~ $9.30 ,$8.46 ,$66.82 ,0.07%,N/A,N/A
Style & Fashion (Legacy),Honeymoons/Getaways,Canada,489,$9.96  ~ $10.23 ,$5.17 ,$25.46 ,0.19%,N/A,N/A
Style & Fashion (Legacy),Jewelry,Canada,"1,532",$3.97  ~ $4.00 ,$1.82 ,$17.32 ,0.22%,N/A,N/A
Style & Fashion (Legacy),Jewelry,United States,"20,846",$2.00  ~ $7.78 ,$0.77 ,$10.03 ,0.26%,N/A,N/A
Style & Fashion (Legacy),Sexuality,United States,"7,329",$6.12  ~ $6.89 ,$7.92 ,$33.33 ,0.08%,N/A,N/A
Style & Fashion (Legacy),Sexuality,Canada,11,$2.71  ~ $5.80 ,N/A,N/A,N/A,N/A,N/A
Style & Fashion (Legacy),Off-Road Vehicles,United States,77,$7.84  ~ $20.54 ,$13.80 ,$70.49 ,0.06%,N/A,N/A
Style & Fashion (Legacy),Off-Road Vehicles,Canada,138,$6.56  ~ $14.47 ,$4.99 ,N/A,0.13%,N/A,N/A
Style & Fashion (Legacy),Off-Road Vehicles,United Kingdom,1,$8.25  ~ $19.20 ,N/A,N/A,N/A,N/A,N/A
Style & Fashion (Legacy),Contests & Freebies,United States,18,$6.21  ~ $9.09 ,N/A,N/A,N/A,N/A,N/A
Style & Fashion (Legacy),Contests & Freebies,Canada,53,$2.06  ~ $4.13 ,N/A,N/A,N/A,N/A,N/A
Style & Fashion (Legacy),Movies,United States,21,$6.02  ~ $6.06 ,$2.36 ,N/A,0.26%,N/A,N/A
Style & Fashion (Legacy),Arts & Entertainment,United Kingdom,304,$3.62  ~ $7.90 ,$9.56 ,$80.07 ,0.04%,N/A,N/A
Style & Fashion (Legacy),Arts & Entertainment,Canada,529,$5.00  ~ $6.83 ,$4.54 ,$32.87 ,0.11%,N/A,N/A
Style & Fashion (Legacy),Arts & Entertainment,United States,"3,040",$5.76  ~ $6.97 ,$6.21 ,$41.62 ,0.09%,N/A,N/A
Style & Fashion (Legacy),Clothing,Canada,"3,711",$5.17  ~ $6.98 ,$1.36 ,$9.48 ,0.38%,N/A,N/A
Style & Fashion (Legacy),Clothing,United States,"12,418",$5.99  ~ $6.82 ,$4.40 ,$18.55 ,0.14%,N/A,N/A
Style & Fashion (Legacy),Clothing,United Kingdom,80,$4.83  ~ $8.72 ,$6.81 ,$32.35 ,0.07%,N/A,N/A
Style & Fashion (Legacy),Clothing,Mexico,1,$4.92  ~ $10.30 ,$2.31 ,$5.39 ,0.21%,N/A,N/A
Style & Fashion (Legacy),Pediatrics,United States,140,$9.39  ~ $11.48 ,$13.44 ,N/A,0.07%,N/A,N/A
Style & Fashion (Legacy),Investing,United Kingdom,3,$6.86  ~ $7.21 ,$7.13 ,N/A,0.10%,N/A,N/A
Style & Fashion (Legacy),Investing,United States,"1,383",$4.80  ~ $5.14 ,$8.36 ,$58.59 ,0.06%,N/A,N/A
Style & Fashion (Legacy),Investing,Canada,40,$8.48  ~ $8.48 ,$7.62 ,N/A,0.11%,N/A,N/A
Style & Fashion (Legacy),Cameras & Camcorders,Canada,29,$5.14  ~ $12.54 ,N/A,N/A,N/A,N/A,N/A
Style & Fashion (Legacy),Cameras & Camcorders,United States,4,$6.43  ~ $6.50 ,$0.81 ,N/A,0.79%,N/A,N/A
Style & Fashion (Legacy),Body Art,United States,2,$2.05  ~ $5.10 ,N/A,N/A,N/A,N/A,N/A
Style & Fashion (Legacy),Motorcycles,United States,"3,710",$4.14  ~ $8.03 ,$6.36 ,$37.08 ,0.07%,N/A,N/A
Style & Fashion (Legacy),Motorcycles,Canada,219,$4.87  ~ $10.25 ,$2.30 ,$11.32 ,0.21%,N/A,N/A
Style & Fashion (Legacy),Fine Art,United States,"1,780",$6.31  ~ $7.52 ,$6.16 ,$28.20 ,0.10%,N/A,N/A
Style & Fashion (Legacy),Fine Art,Canada,225,$6.82  ~ $6.85 ,$2.17 ,$38.56 ,0.31%,N/A,N/A
Style & Fashion (Legacy),Fine Art,United Kingdom,"5,976",$7.01  ~ $7.44 ,$10.32 ,$66.95 ,0.07%,N/A,N/A
Style & Fashion (Legacy),Mutual Funds,United States,"2,644",$7.72  ~ $8.11 ,$9.62 ,$86.23 ,0.08%,N/A,N/A
Style & Fashion (Legacy),Mutual Funds,Canada,199,$5.27  ~ $5.50 ,$2.42 ,$28.14 ,0.22%,N/A,N/A
Style & Fashion (Legacy),Theme Parks,United States,100,$4.40  ~ $4.40 ,$3.38 ,N/A,0.13%,N/A,N/A
Style & Fashion (Legacy),Theme Parks,Canada,720,$4.97  ~ $10.11 ,$3.56 ,$40.92 ,0.14%,N/A,N/A
Style & Fashion (Legacy),Logistics,United States,"3,481",$9.44  ~ $9.73 ,$8.41 ,$60.59 ,0.11%,N/A,N/A
Style & Fashion (Legacy),Logistics,Canada,"3,813",$4.32  ~ $6.05 ,$3.51 ,$26.07 ,0.17%,N/A,N/A
Style & Fashion (Legacy),Logistics,United Kingdom,294,$5.90  ~ $7.78 ,$9.35 ,$105.97 ,0.08%,N/A,N/A
Style & Fashion (Legacy),Remodeling & Construction,United States,"12,373",$4.45  ~ $4.89 ,$5.66 ,$24.53 ,0.09%,N/A,N/A
Style & Fashion (Legacy),Remodeling & Construction,Canada,790,$2.40  ~ $5.96 ,$1.48 ,N/A,0.16%,N/A,N/A
Style & Fashion (Legacy),Retirement Planning,United States,25,$8.16  ~ $17.05 ,$29.89 ,N/A,0.06%,N/A,N/A
Style & Fashion (Legacy),Birdwatching,United States,189,$3.94  ~ $7.94 ,$5.67 ,$18.39 ,0.14%,N/A,N/A
Style & Fashion (Legacy),Birdwatching,Canada,368,$10.39  ~ $22.04 ,$4.80 ,N/A,0.22%,N/A,N/A
Style & Fashion (Legacy),Marketing,Canada,"4,047",$3.28  ~ $6.97 ,$1.43 ,$32.01 ,0.23%,N/A,N/A
Style & Fashion (Legacy),Marketing,United States,94,$6.86  ~ $8.01 ,$5.76 ,$49.58 ,0.14%,N/A,N/A
Style & Fashion (Legacy),Hobbies & Interests,United Kingdom,"14,078",$1.39  ~ $1.39 ,$2.81 ,N/A,0.05%,N/A,N/A
Style & Fashion (Legacy),Hobbies & Interests,Canada,114,$0.00  ~ $7.33 ,$18.52 ,N/A,0.04%,N/A,N/A
Style & Fashion (Legacy),Hobbies & Interests,United States,"6,148",$7.54  ~ $8.03 ,$8.26 ,$48.04 ,0.10%,N/A,N/A
Style & Fashion (Legacy),Martial Arts,United States,11,$2.81  ~ $6.71 ,N/A,N/A,N/A,N/A,N/A
Style & Fashion (Legacy),Martial Arts,Canada,30,$2.10  ~ $4.95 ,N/A,N/A,N/A,N/A,N/A
Style & Fashion (Legacy),Accessories,United States,451,$11.13  ~ $14.35 ,$6.12 ,N/A,0.18%,N/A,N/A
Style & Fashion (Legacy),Accessories,Canada,9,$2.05  ~ $5.06 ,N/A,N/A,N/A,N/A,N/A
Style & Fashion (Legacy),Career Planning,United States,335,$8.41  ~ $8.47 ,$6.66 ,$189.49 ,0.13%,N/A,N/A
Style & Fashion (Legacy),Career Planning,Canada,329,$6.07  ~ $8.18 ,$4.29 ,$19.62 ,0.14%,N/A,N/A
Style & Fashion (Legacy),Psychology/Psychiatry,Canada,386,$5.78  ~ $5.92 ,$2.44 ,N/A,0.24%,N/A,N/A
Style & Fashion (Legacy),Psychology/Psychiatry,United Kingdom,445,$7.86  ~ $8.20 ,$6.27 ,$63.27 ,0.13%,N/A,N/A
Style & Fashion (Legacy),Psychology/Psychiatry,United States,"7,795",$6.18  ~ $7.89 ,$7.18 ,$87.45 ,0.11%,N/A,N/A
Style & Fashion (Legacy),Art/Technology,Canada,289,$6.49  ~ $7.22 ,$4.55 ,N/A,0.14%,N/A,N/A
Style & Fashion (Legacy),Art/Technology,United Kingdom,105,$1.74  ~ $1.74 ,N/A,N/A,N/A,N/A,N/A
Style & Fashion (Legacy),Art/Technology,United States,"3,193",$6.58  ~ $6.61 ,$9.90 ,$56.15 ,0.07%,N/A,N/A
Style & Fashion (Legacy),Collecting,United States,83,$5.10  ~ $8.18 ,$7.04 ,N/A,0.12%,N/A,N/A
Style & Fashion (Legacy),Collecting,Canada,35,$2.14  ~ $4.89 ,N/A,N/A,N/A,N/A,N/A
Style & Fashion (Legacy),U.S. Military,United States,183,$2.57  ~ $2.57 ,$3.14 ,$8.94 ,0.08%,N/A,N/A
Style & Fashion (Legacy),Financial Aid,United States,56,$7.62  ~ $8.22 ,$20.27 ,N/A,0.04%,N/A,N/A
Style & Fashion (Legacy),Comparison,United States,3,$4.50  ~ $11.25 ,N/A,N/A,N/A,N/A,N/A
Style & Fashion (Legacy),Couponing,Canada,"2,787",$4.47  ~ $10.29 ,$3.45 ,$51.65 ,0.13%,N/A,N/A
Style & Fashion (Legacy),Couponing,United States,"4,443",$4.25  ~ $4.27 ,$7.26 ,$17.15 ,0.06%,N/A,N/A
Style & Fashion (Legacy),Pro Basketball,Canada,155,$2.83  ~ $13.57 ,$2.32 ,$5.41 ,0.12%,N/A,N/A
Style & Fashion (Legacy),Pro Basketball,United States,312,$7.34  ~ $8.68 ,$5.39 ,$34.39 ,0.14%,N/A,N/A
Style & Fashion (Legacy),Pro Basketball,United Kingdom,846,$6.87  ~ $8.19 ,$13.70 ,N/A,0.06%,N/A,N/A
Style & Fashion (Legacy),Auto Repair,United States,934,$6.61  ~ $7.60 ,$8.47 ,$68.28 ,0.09%,N/A,N/A
Style & Fashion (Legacy),Auto Repair,Canada,"5,935",$5.96  ~ $6.21 ,$12.86 ,N/A,0.05%,N/A,N/A
Style & Fashion (Legacy),Health & Fitness,Canada,"7,680",$4.99  ~ $7.85 ,$4.84 ,$67.70 ,0.10%,N/A,N/A
Style & Fashion (Legacy),Health & Fitness,United States,"22,889",$8.14  ~ $8.75 ,$7.91 ,$52.11 ,0.11%,N/A,N/A
Style & Fashion (Legacy),Health & Fitness,United Kingdom,"1,006",$5.37  ~ $5.85 ,$6.02 ,$105.94 ,0.10%,N/A,N/A
Style & Fashion (Legacy),Health & Fitness,Ireland,1,$1.36  ~ $2.43 ,$2.89 ,N/A,0.08%,N/A,N/A
Style & Fashion (Legacy),K-6 Educators,Canada,232,$2.95  ~ $11.90 ,N/A,N/A,N/A,N/A,N/A
Style & Fashion (Legacy),K-6 Educators,United States,"1,244",$5.89  ~ $8.65 ,$3.97 ,$59.93 ,0.15%,N/A,N/A
Style & Fashion (Legacy),K-6 Educators,United Kingdom,9,$6.41  ~ $7.04 ,$7.00 ,N/A,0.09%,N/A,N/A
Style & Fashion (Legacy),Video & Computer Games,United States,36,$0.00  ~ $2.27 ,N/A,N/A,N/A,N/A,N/A
Style & Fashion (Legacy),Teens,United States,3,$8.97  ~ $21.85 ,$4.53 ,N/A,0.20%,N/A,N/A
Style & Fashion (Legacy),Pets,United States,"1,457",$8.12  ~ $8.63 ,$7.39 ,$120.51 ,0.11%,N/A,N/A
Style & Fashion (Legacy),Pets,Canada,120,$8.28  ~ $8.35 ,$14.75 ,$382.44 ,0.06%,N/A,N/A
Style & Fashion (Legacy),Buying/Selling Homes,Canada,"7,320",$4.75  ~ $6.51 ,$3.80 ,$53.04 ,0.12%,N/A,N/A
Style & Fashion (Legacy),Buying/Selling Homes,United Kingdom,"1,085",$5.03  ~ $6.85 ,$6.80 ,$90.57 ,0.07%,N/A,N/A
Style & Fashion (Legacy),Buying/Selling Homes,United States,"3,292",$6.36  ~ $7.62 ,$5.91 ,$48.47 ,0.11%,N/A,N/A
Style & Fashion (Legacy),Health/Lowfat Cooking,Canada,536,$2.97  ~ $11.29 ,$7.75 ,N/A,0.15%,N/A,N/A
Style & Fashion (Legacy),Health/Lowfat Cooking,United States,400,$7.75  ~ $9.55 ,$8.55 ,$51.14 ,0.09%,N/A,N/A
Style & Fashion (Legacy),Health/Lowfat Cooking,United Kingdom,7,$5.56  ~ $5.57 ,$7.84 ,N/A,0.07%,N/A,N/A
Style & Fashion (Legacy),Cocktails/Beer,United States,"2,421",$7.43  ~ $7.86 ,$3.49 ,$76.22 ,0.21%,N/A,N/A
Style & Fashion (Legacy),Cocktails/Beer,Canada,"5,507",$7.27  ~ $7.48 ,$5.11 ,N/A,0.14%,N/A,N/A
Style & Fashion (Legacy),Tax Planning,United States,85,$8.24  ~ $9.56 ,$16.14 ,N/A,0.05%,N/A,N/A
Style & Fashion (Legacy),Auto Parts,United States,"3,070",$6.19  ~ $7.15 ,$12.07 ,$73.27 ,0.05%,N/A,N/A
Style & Fashion (Legacy),Auto Parts,Canada,128,$5.31  ~ $10.68 ,$2.30 ,N/A,0.23%,N/A,N/A
Style & Fashion (Legacy),Auto Parts,United Kingdom,18,$7.73  ~ $7.73 ,$8.68 ,N/A,0.09%,N/A,N/A
Style & Fashion (Legacy),Shopping,United Kingdom,668,$4.75  ~ $5.10 ,$5.35 ,$29.59 ,0.10%,N/A,N/A
Style & Fashion (Legacy),Shopping,United States,"11,100",$4.66  ~ $7.38 ,$4.18 ,$28.19 ,0.11%,N/A,N/A
Style & Fashion (Legacy),Shopping,Canada,"2,400",$2.52  ~ $3.12 ,$2.86 ,$14.35 ,0.09%,N/A,N/A
Style & Fashion (Legacy),Senior Living,Canada,191,$3.61  ~ $6.79 ,$1.36 ,N/A,0.27%,N/A,N/A
Style & Fashion (Legacy),Senior Living,United States,573,$6.67  ~ $6.86 ,$7.17 ,$61.31 ,0.09%,N/A,N/A
Style & Fashion (Legacy),Senior Living,United Kingdom,168,$6.31  ~ $6.82 ,$4.87 ,N/A,0.14%,N/A,N/A
Style & Fashion (Legacy),Coffee/Tea,United States,"6,761",$4.78  ~ $8.07 ,$1.44 ,$6.62 ,0.33%,N/A,N/A
Style & Fashion (Legacy),Home Theater,United States,1,$2.26  ~ $4.78 ,N/A,N/A,N/A,N/A,N/A
Style & Fashion (Legacy),Incontinence,United States,1,$2.69  ~ $2.71 ,$1.21 ,N/A,0.22%,N/A,N/A
Style & Fashion (Legacy),Cruises,United States,"1,623",$7.39  ~ $8.71 ,$5.35 ,$40.05 ,0.16%,N/A,N/A
Style & Fashion (Legacy),Cruises,United Kingdom,24,$4.94  ~ $5.41 ,$4.62 ,N/A,0.12%,N/A,N/A
Style & Fashion (Legacy),Cruises,Canada,"1,866",$6.44  ~ $15.71 ,$3.18 ,$25.51 ,0.20%,N/A,N/A
Style & Fashion (Legacy),Careers,Canada,462,$3.48  ~ $4.27 ,$4.39 ,$48.08 ,0.08%,N/A,N/A
Style & Fashion (Legacy),Careers,United States,962,$3.42  ~ $8.03 ,$9.39 ,$102.15 ,0.04%,N/A,N/A
Style & Fashion (Legacy),Careers,United Kingdom,140,$3.61  ~ $15.38 ,$8.16 ,N/A,0.04%,N/A,N/A
Style & Fashion (Legacy),Adult Education,United Kingdom,26,$7.51  ~ $9.04 ,$11.40 ,N/A,0.08%,N/A,N/A
Style & Fashion (Legacy),Adult Education,United States,59,$3.13  ~ $7.78 ,$14.99 ,N/A,0.05%,N/A,N/A
Style & Fashion (Legacy),Adult Education,Canada,53,$3.77  ~ $6.85 ,N/A,N/A,N/A,N/A,N/A
Style & Fashion (Legacy),Cuisine-Specific,United States,61,$7.11  ~ $7.11 ,$14.48 ,N/A,0.05%,N/A,N/A
Style & Fashion (Legacy),Mountain Biking,Canada,599,$6.56  ~ $6.65 ,$1.46 ,$14.35 ,0.45%,N/A,N/A
Style & Fashion (Legacy),Mountain Biking,United States,40,$6.67  ~ $6.77 ,$2.08 ,$19.49 ,0.32%,N/A,N/A
Style & Fashion (Legacy),Certified Pre-Owned,Canada,54,$2.09  ~ $4.24 ,N/A,N/A,N/A,N/A,N/A
Style & Fashion (Legacy),Certified Pre-Owned,United States,21,$11.54  ~ $13.64 ,$11.49 ,N/A,0.10%,N/A,N/A
Style & Fashion (Legacy),Cold & Flu,Canada,104,$2.16  ~ $5.14 ,$0.58 ,N/A,0.37%,N/A,N/A
Style & Fashion (Legacy),Cold & Flu,United Kingdom,351,$10.64  ~ $25.61 ,$19.88 ,N/A,0.05%,N/A,N/A
Style & Fashion (Legacy),Cold & Flu,United States,629,$7.86  ~ $10.65 ,$6.41 ,N/A,0.17%,N/A,N/A
Style & Fashion (Legacy),Education,United Kingdom,172,$5.08  ~ $9.65 ,$6.24 ,$81.69 ,0.08%,N/A,N/A
Style & Fashion (Legacy),Education,Mexico,4,$8.17  ~ $8.17 ,$4.95 ,$14.86 ,0.17%,N/A,N/A
Style & Fashion (Legacy),Education,Canada,701,$7.47  ~ $9.01 ,$11.88 ,N/A,0.06%,N/A,N/A
Style & Fashion (Legacy),Education,United States,"4,742",$7.28  ~ $8.09 ,$7.82 ,$69.35 ,0.09%,N/A,N/A
Style & Fashion (Legacy),Weddings,Canada,377,$2.08  ~ $4.96 ,N/A,N/A,N/A,N/A,N/A
Style & Fashion (Legacy),Weddings,United States,82,$6.13  ~ $6.51 ,$5.43 ,N/A,0.11%,N/A,N/A
Style & Fashion (Legacy),Homework/Study Tips,United States,22,$2.16  ~ $4.95 ,N/A,N/A,N/A,N/A,N/A
Style & Fashion (Legacy),Dogs,United States,"2,211",$3.57  ~ $4.78 ,$3.14 ,$12.60 ,0.11%,N/A,N/A
Style & Fashion (Legacy),Dogs,United Kingdom,21,$9.38  ~ $9.38 ,N/A,N/A,N/A,N/A,N/A
Style & Fashion (Legacy),Dogs,Canada,128,$2.38  ~ $5.42 ,$1.40 ,N/A,0.17%,N/A,N/A
Style & Fashion (Legacy),Agriculture,Canada,295,$4.39  ~ $5.75 ,$6.11 ,$14.26 ,0.07%,N/A,N/A
Style & Fashion (Legacy),Agriculture,United States,83,$3.48  ~ $3.95 ,$1.43 ,$16.82 ,0.24%,N/A,N/A
Style & Fashion (Legacy),Government,United States,126,$7.93  ~ $8.02 ,$6.97 ,N/A,0.12%,N/A,N/A
Style & Fashion (Legacy),Government,Canada,8,$10.18  ~ $10.18 ,$7.09 ,N/A,0.14%,N/A,N/A
Style & Fashion (Legacy),Dental Care,United States,210,$2.71  ~ $3.03 ,$6.72 ,N/A,0.05%,N/A,N/A
Style & Fashion (Legacy),Dental Care,Canada,639,$2.15  ~ $5.35 ,$4.84 ,N/A,0.04%,N/A,N/A
Style & Fashion (Legacy),Senor Health,Canada,299,$5.43  ~ $7.15 ,$2.91 ,N/A,0.19%,N/A,N/A
Style & Fashion (Legacy),Senor Health,United States,"1,804",$7.47  ~ $8.88 ,$4.61 ,$24.29 ,0.19%,N/A,N/A
Style & Fashion (Legacy),Senor Health,United Kingdom,1,$6.96  ~ $7.32 ,$7.42 ,N/A,0.09%,N/A,N/A
Style & Fashion (Legacy),Card Games,United States,"1,616",$12.72  ~ $17.87 ,$9.06 ,$75.50 ,0.14%,N/A,N/A
Style & Fashion (Legacy),Card Games,Canada,"9,225",$5.89  ~ $5.97 ,$6.74 ,$38.39 ,0.09%,N/A,N/A
Style & Fashion (Legacy),Card Games,United Kingdom,53,$6.26  ~ $7.50 ,$6.97 ,$92.09 ,0.09%,N/A,N/A
Style & Fashion (Legacy),Daycare/Pre School,United States,7,$1.99  ~ $3.57 ,$2.00 ,N/A,0.18%,N/A,N/A
Style & Fashion (Legacy),Daycare/Pre School,Canada,128,$2.26  ~ $4.79 ,N/A,N/A,N/A,N/A,N/A
Style & Fashion (Legacy),Cocktails/Beer,United Kingdom,162,$0.00  ~ $0.00 ,N/A,N/A,N/A,N/A,N/A
Style & Fashion (Legacy),Weight Loss,Canada,16,$0.00  ~ $0.00 ,N/A,N/A,N/A,N/A,N/A
Technology & Computing (Legacy),Teens,United States,12,$8.37  ~ $17.39 ,$7.54 ,N/A,0.11%,N/A,N/A
Technology & Computing (Legacy),Heart Disease,United States,1,$2.44  ~ $4.05 ,N/A,N/A,N/A,N/A,N/A
Technology & Computing (Legacy),Dogs,Canada,16,$2.78  ~ $6.13 ,N/A,N/A,N/A,N/A,N/A
Technology & Computing (Legacy),Dogs,United States,"5,948",$3.50  ~ $5.26 ,$3.98 ,$26.47 ,0.09%,N/A,N/A
Technology & Computing (Legacy),Dogs,United Kingdom,171,$9.11  ~ $9.11 ,$14.46 ,N/A,0.06%,N/A,N/A
Technology & Computing (Legacy),Honeymoons/Getaways,United Kingdom,916,$7.23  ~ $8.55 ,$7.26 ,$170.42 ,0.12%,N/A,N/A
Technology & Computing (Legacy),Honeymoons/Getaways,United States,"3,126",$8.44  ~ $9.16 ,$8.26 ,$62.39 ,0.10%,N/A,N/A
Technology & Computing (Legacy),Honeymoons/Getaways,Canada,268,$9.58  ~ $10.08 ,$7.49 ,$27.25 ,0.13%,N/A,N/A
Technology & Computing (Legacy),Real Estate,United Kingdom,"5,050",$5.29  ~ $6.97 ,$3.67 ,$39.24 ,0.14%,N/A,N/A
Technology & Computing (Legacy),Real Estate,United States,"8,641",$6.86  ~ $6.91 ,$7.30 ,$60.06 ,0.09%,N/A,N/A
Technology & Computing (Legacy),Real Estate,Canada,908,$4.39  ~ $5.31 ,$3.48 ,$46.35 ,0.15%,N/A,N/A
Technology & Computing (Legacy),Cigars,United States,"21,170",$6.23  ~ $6.62 ,$5.77 ,$25.94 ,0.11%,N/A,N/A
Technology & Computing (Legacy),Cigars,Ireland,3,$9.07  ~ $9.07 ,$4.72 ,$23.61 ,0.19%,N/A,N/A
Technology & Computing (Legacy),Cigars,United Kingdom,"37,339",$3.53  ~ $15.22 ,$5.98 ,$45.83 ,0.06%,N/A,N/A
Technology & Computing (Legacy),Cigars,Canada,450,$4.48  ~ $4.48 ,$4.72 ,N/A,0.09%,N/A,N/A
Technology & Computing (Legacy),Electric Vehicle,United States,1,$2.05  ~ $4.41 ,N/A,N/A,N/A,N/A,N/A
Technology & Computing (Legacy),Electric Vehicle,Canada,696,$4.73  ~ $9.67 ,$4.33 ,N/A,0.11%,N/A,N/A
Technology & Computing (Legacy),Forestry,United States,20,$6.79  ~ $13.83 ,N/A,N/A,N/A,N/A,N/A
Technology & Computing (Legacy),Adventure Travel,United States,"1,713",$2.78  ~ $14.45 ,$5.17 ,$20.36 ,0.05%,N/A,N/A
Technology & Computing (Legacy),Entertainment,United States,74,$9.95  ~ $21.63 ,$13.55 ,N/A,0.07%,N/A,N/A
Technology & Computing (Legacy),Entertainment,Mexico,61,$2.32  ~ $5.80 ,$10.55 ,N/A,0.02%,N/A,N/A
Technology & Computing (Legacy),Entertainment,United Kingdom,3,$6.61  ~ $14.64 ,N/A,N/A,N/A,N/A,N/A
Technology & Computing (Legacy),Infertility,United States,596,$4.13  ~ $7.03 ,$15.59 ,N/A,0.05%,N/A,N/A
Technology & Computing (Legacy),Coffee/Tea,United States,"6,185",$5.07  ~ $6.80 ,$3.42 ,$13.79 ,0.15%,N/A,N/A
Technology & Computing (Legacy),Comparison,United States,21,$4.19  ~ $8.44 ,$1.81 ,N/A,0.23%,N/A,N/A
Technology & Computing (Legacy),Personal Finance,United States,"85,503",$5.78  ~ $6.50 ,$7.93 ,$86.71 ,0.08%,N/A,N/A
Technology & Computing (Legacy),Personal Finance,Canada,"1,066",$5.82  ~ $7.12 ,$7.57 ,$142.01 ,0.09%,N/A,N/A
Technology & Computing (Legacy),Personal Finance,United Kingdom,"1,690",$6.65  ~ $9.92 ,$7.58 ,$65.14 ,0.09%,N/A,N/A
Technology & Computing (Legacy),Personal Finance,Mexico,1,$4.76  ~ $10.19 ,$1.34 ,N/A,0.76%,N/A,N/A
Technology & Computing (Legacy),Personal Finance,Ireland,79,$7.22  ~ $7.24 ,$11.70 ,$80.45 ,0.06%,N/A,N/A
Technology & Computing (Legacy),Weddings,United States,181,$5.97  ~ $6.44 ,$9.61 ,N/A,0.06%,N/A,N/A
Technology & Computing (Legacy),Weddings,Canada,2,$2.28  ~ $5.39 ,$0.63 ,N/A,0.36%,N/A,N/A
Technology & Computing (Legacy),Alternative Religions,United States,294,$7.98  ~ $8.01 ,$15.26 ,$62.56 ,0.05%,N/A,N/A
Technology & Computing (Legacy),Alternative Religions,United Kingdom,2,$5.35  ~ $10.92 ,$3.51 ,N/A,0.15%,N/A,N/A
Technology & Computing (Legacy),Catholicism,United States,67,$6.48  ~ $9.35 ,$22.18 ,$101.03 ,0.04%,N/A,N/A
Technology & Computing (Legacy),Legal Issues,Canada,"6,163",$5.00  ~ $5.95 ,$3.85 ,$50.08 ,0.15%,N/A,N/A
Technology & Computing (Legacy),Legal Issues,United States,"46,805",$8.26  ~ $10.63 ,$10.83 ,$58.94 ,0.08%,N/A,N/A
Technology & Computing (Legacy),Legal Issues,United Kingdom,"11,184",$4.42  ~ $5.07 ,$3.50 ,$73.99 ,0.14%,N/A,N/A
Technology & Computing (Legacy),Swimming,United States,330,$2.16  ~ $8.19 ,$35.39 ,N/A,0.02%,N/A,N/A
Technology & Computing (Legacy),Cameras & Camcorders,Canada,25,$6.79  ~ $16.89 ,$3.82 ,N/A,0.18%,N/A,N/A
Technology & Computing (Legacy),Cameras & Camcorders,United States,4,$6.32  ~ $6.42 ,$1.61 ,N/A,0.39%,N/A,N/A
Technology & Computing (Legacy),Technology & Computing,Canada,759,$5.83  ~ $6.99 ,$13.45 ,$22.14 ,0.05%,N/A,N/A
Technology & Computing (Legacy),Technology & Computing,United States,"4,141",$6.64  ~ $6.72 ,$16.03 ,$111.97 ,0.04%,N/A,N/A
Technology & Computing (Legacy),Technology & Computing,United Kingdom,"3,278",$4.83  ~ $10.11 ,$8.69 ,$87.11 ,0.12%,N/A,N/A
Technology & Computing (Legacy),Gardening,United States,"16,046",$5.13  ~ $6.86 ,$5.83 ,$48.49 ,0.09%,N/A,N/A
Technology & Computing (Legacy),Gardening,United Kingdom,"2,656",$0.00  ~ $1.90 ,$1.95 ,$18.72 ,0.10%,N/A,N/A
Technology & Computing (Legacy),Gardening,Canada,"1,606",$3.50  ~ $5.43 ,$5.26 ,$11.86 ,0.10%,N/A,N/A
Technology & Computing (Legacy),Internet Technology,United Kingdom,745,$6.38  ~ $6.82 ,$22.84 ,$144.68 ,0.03%,N/A,N/A
Technology & Computing (Legacy),Internet Technology,United States,"1,786",$5.86  ~ $6.73 ,$10.43 ,$83.12 ,0.06%,N/A,N/A
Technology & Computing (Legacy),Internet Technology,Canada,2,$3.68  ~ $7.68 ,N/A,N/A,N/A,N/A,N/A
Technology & Computing (Legacy),Green Solutions,Canada,"4,028",$3.84  ~ $4.43 ,$6.10 ,$37.39 ,0.07%,N/A,N/A
Technology & Computing (Legacy),Green Solutions,United States,"8,789",$6.07  ~ $6.81 ,$8.16 ,$81.61 ,0.07%,N/A,N/A
Technology & Computing (Legacy),Green Solutions,United Kingdom,41,$6.13  ~ $7.67 ,$1.50 ,N/A,0.41%,N/A,N/A
Technology & Computing (Legacy),Card Games,United States,"3,917",$10.38  ~ $13.88 ,$16.63 ,$163.01 ,0.06%,N/A,N/A
Technology & Computing (Legacy),Card Games,Canada,"4,684",$6.04  ~ $7.68 ,$9.25 ,$39.42 ,0.07%,N/A,N/A
Technology & Computing (Legacy),Card Games,United Kingdom,430,$6.32  ~ $7.19 ,$9.70 ,$149.49 ,0.07%,N/A,N/A
Technology & Computing (Legacy),Dermatology,United States,168,$6.36  ~ $6.63 ,$11.21 ,N/A,0.06%,N/A,N/A
Technology & Computing (Legacy),Dermatology,Canada,5,$2.66  ~ $6.20 ,N/A,N/A,N/A,N/A,N/A
Technology & Computing (Legacy),Apartments,United States,836,$5.61  ~ $7.46 ,$2.81 ,$21.87 ,0.20%,N/A,N/A
Technology & Computing (Legacy),Apartments,Canada,460,$2.78  ~ $6.39 ,$9.26 ,$83.02 ,0.07%,N/A,N/A
Technology & Computing (Legacy),Apartments,United Kingdom,"9,936",$6.94  ~ $7.25 ,$4.93 ,$47.43 ,0.14%,N/A,N/A
Technology & Computing (Legacy),Clothing,Canada,791,$7.21  ~ $7.26 ,$3.06 ,$63.70 ,0.24%,N/A,N/A
Technology & Computing (Legacy),Clothing,United States,"20,821",$6.23  ~ $6.58 ,$6.44 ,$35.07 ,0.10%,N/A,N/A
Technology & Computing (Legacy),Clothing,United Kingdom,42,$8.08  ~ $8.08 ,$19.77 ,$29.66 ,0.04%,N/A,N/A
Technology & Computing (Legacy),Logistics,Mexico,79,$1.09  ~ $5.54 ,$6.46 ,N/A,0.09%,N/A,N/A
Technology & Computing (Legacy),Logistics,United States,"11,816",$9.88  ~ $10.20 ,$9.74 ,$83.49 ,0.10%,N/A,N/A
Technology & Computing (Legacy),Logistics,Canada,"2,011",$4.75  ~ $6.08 ,$5.65 ,$103.59 ,0.11%,N/A,N/A
Technology & Computing (Legacy),Logistics,United Kingdom,"1,216",$7.21  ~ $9.33 ,$7.65 ,$96.69 ,0.12%,N/A,N/A
Technology & Computing (Legacy),Physical Therapy,Canada,142,$3.76  ~ $6.42 ,$13.87 ,N/A,0.03%,N/A,N/A
Technology & Computing (Legacy),Physical Therapy,United Kingdom,104,$6.42  ~ $6.42 ,$20.41 ,N/A,0.03%,N/A,N/A
Technology & Computing (Legacy),Physical Therapy,United States,"1,053",$11.14  ~ $17.45 ,$6.16 ,N/A,0.18%,N/A,N/A
Technology & Computing (Legacy),Senor Health,Canada,231,$5.97  ~ $7.97 ,$6.27 ,N/A,0.10%,N/A,N/A
Technology & Computing (Legacy),Senor Health,United States,"2,820",$7.14  ~ $9.92 ,$5.11 ,$185.78 ,0.19%,N/A,N/A
Technology & Computing (Legacy),Senor Health,United Kingdom,3,$7.37  ~ $7.59 ,$18.22 ,N/A,0.04%,N/A,N/A
Technology & Computing (Legacy),Horse Racing,Canada,4,$6.72  ~ $14.30 ,$20.33 ,$40.65 ,0.03%,N/A,N/A
Technology & Computing (Legacy),Entertaining,Canada,46,$2.18  ~ $4.52 ,N/A,N/A,N/A,N/A,N/A
Technology & Computing (Legacy),Entertaining,United States,367,$2.13  ~ $5.33 ,$1.85 ,$43.57 ,0.12%,N/A,N/A
Technology & Computing (Legacy),Adult Education,United States,389,$3.32  ~ $21.82 ,$28.67 ,N/A,0.08%,N/A,N/A
Technology & Computing (Legacy),Adult Education,Canada,28,$4.82  ~ $6.84 ,$2.15 ,N/A,0.22%,N/A,N/A
Technology & Computing (Legacy),Adult Education,United Kingdom,111,$8.18  ~ $9.13 ,$8.03 ,N/A,0.11%,N/A,N/A
Technology & Computing (Legacy),Books & Literature,United States,901,$6.17  ~ $6.95 ,$2.51 ,$51.41 ,0.28%,N/A,N/A
Technology & Computing (Legacy),Books & Literature,Canada,15,$5.91  ~ $5.93 ,$1.73 ,N/A,0.34%,N/A,N/A
Technology & Computing (Legacy),Books & Literature,United Kingdom,"3,549",$5.92  ~ $5.92 ,$1.13 ,$10.68 ,0.52%,N/A,N/A
Technology & Computing (Legacy),Desserts & Baking,Canada,294,$2.29  ~ $5.50 ,N/A,N/A,N/A,N/A,N/A
Technology & Computing (Legacy),Desserts & Baking,United States,612,$4.90  ~ $12.22 ,$6.52 ,N/A,0.08%,N/A,N/A
Technology & Computing (Legacy),Remodeling & Construction,Canada,257,$2.56  ~ $5.69 ,$1.48 ,$4.63 ,0.17%,N/A,N/A
Technology & Computing (Legacy),Remodeling & Construction,United States,"36,348",$3.26  ~ $3.98 ,$5.67 ,$36.12 ,0.07%,N/A,N/A
Technology & Computing (Legacy),Martial Arts,United States,105,$3.18  ~ $7.18 ,$3.53 ,N/A,0.09%,N/A,N/A
Technology & Computing (Legacy),Martial Arts,Canada,7,$2.20  ~ $4.44 ,N/A,N/A,N/A,N/A,N/A
Technology & Computing (Legacy),Arthritis,United States,24,$5.16  ~ $5.29 ,$3.70 ,$73.96 ,0.14%,N/A,N/A
Technology & Computing (Legacy),Buying/Selling Homes,Canada,"3,541",$4.78  ~ $6.52 ,$6.31 ,$24.78 ,0.08%,N/A,N/A
Technology & Computing (Legacy),Buying/Selling Homes,United Kingdom,"4,148",$5.78  ~ $7.28 ,$6.75 ,$55.43 ,0.09%,N/A,N/A
Technology & Computing (Legacy),Buying/Selling Homes,United States,"8,905",$6.74  ~ $7.50 ,$5.85 ,$40.83 ,0.12%,N/A,N/A
Technology & Computing (Legacy),Government,United States,697,$7.77  ~ $8.24 ,$6.89 ,$13.56 ,0.11%,N/A,N/A
Technology & Computing (Legacy),Government,Canada,4,$9.37  ~ $9.45 ,$16.88 ,N/A,0.06%,N/A,N/A
Technology & Computing (Legacy),Psychology/Psychiatry,United States,"17,872",$6.45  ~ $8.11 ,$5.33 ,$52.01 ,0.15%,N/A,N/A
Technology & Computing (Legacy),Psychology/Psychiatry,Canada,63,$6.01  ~ $6.20 ,$7.81 ,$9.13 ,0.08%,N/A,N/A
Technology & Computing (Legacy),Psychology/Psychiatry,United Kingdom,"1,939",$7.85  ~ $8.20 ,$3.72 ,N/A,0.21%,N/A,N/A
Technology & Computing (Legacy),Incest/Abuse Support,United States,"3,524",$9.31  ~ $12.63 ,$8.81 ,$427.60 ,0.11%,N/A,N/A
Technology & Computing (Legacy),Incest/Abuse Support,Canada,136,$5.90  ~ $7.42 ,$4.16 ,$10.96 ,0.14%,N/A,N/A
Technology & Computing (Legacy),Hunting/Shooting,United States,175,$7.18  ~ $7.18 ,$69.25 ,N/A,0.01%,N/A,N/A
Technology & Computing (Legacy),Cell Phones,United States,132,$11.91  ~ $11.91 ,$21.51 ,$43.32 ,0.06%,N/A,N/A
Technology & Computing (Legacy),Large Animals,United States,12,$13.27  ~ $26.92 ,$8.40 ,N/A,0.16%,N/A,N/A
Technology & Computing (Legacy),Eldercare,United States,10,$21.30  ~ $21.30 ,N/A,N/A,N/A,N/A,N/A
Technology & Computing (Legacy),Graduate School,United States,"18,519",$7.45  ~ $9.21 ,$9.41 ,$74.29 ,0.08%,N/A,N/A
Technology & Computing (Legacy),Graduate School,United Kingdom,180,$5.81  ~ $7.21 ,$9.76 ,N/A,0.07%,N/A,N/A
Technology & Computing (Legacy),Graduate School,Canada,999,$5.38  ~ $11.86 ,$10.59 ,$4.12 ,0.05%,N/A,N/A
Technology & Computing (Legacy),Hobbies & Interests,Canada,26,$5.26  ~ $13.12 ,$17.02 ,N/A,0.03%,N/A,N/A
Technology & Computing (Legacy),Hobbies & Interests,United States,"18,642",$7.67  ~ $8.36 ,$13.41 ,$53.31 ,0.06%,N/A,N/A
Technology & Computing (Legacy),Hobbies & Interests,United Kingdom,"17,484",$1.83  ~ $1.83 ,$7.85 ,$12.08 ,0.02%,N/A,N/A
Technology & Computing (Legacy),Certified Pre-Owned,Canada,38,$3.88  ~ $6.34 ,N/A,N/A,N/A,N/A,N/A
Technology & Computing (Legacy),Certified Pre-Owned,United States,30,$12.42  ~ $13.68 ,$13.57 ,$26.64 ,0.09%,N/A,N/A
Technology & Computing (Legacy),Certified Pre-Owned,United Kingdom,12,$27.80  ~ $27.80 ,$17.85 ,$35.70 ,0.16%,N/A,N/A
Technology & Computing (Legacy),Fine Art,Canada,61,$6.41  ~ $6.82 ,$6.18 ,N/A,0.10%,N/A,N/A
Technology & Computing (Legacy),Fine Art,United Kingdom,"54,937",$7.49  ~ $7.93 ,$15.57 ,$102.82 ,0.05%,N/A,N/A
Technology & Computing (Legacy),Fine Art,United States,"5,877",$6.50  ~ $7.52 ,$6.98 ,$31.03 ,0.09%,N/A,N/A
Technology & Computing (Legacy),Pets,United States,"4,338",$8.31  ~ $8.68 ,$9.88 ,$173.01 ,0.08%,N/A,N/A
Technology & Computing (Legacy),Pets,Canada,70,$8.41  ~ $8.44 ,$13.68 ,$237.81 ,0.06%,N/A,N/A
Technology & Computing (Legacy),Computer Networking,United States,"3,956",$2.30  ~ $5.14 ,$1.46 ,$11.63 ,0.16%,N/A,N/A
Technology & Computing (Legacy),Biotech/Biomedical,United Kingdom,90,$7.17  ~ $11.45 ,$3.18 ,N/A,0.36%,N/A,N/A
Technology & Computing (Legacy),Biotech/Biomedical,United States,"11,273",$9.31  ~ $24.49 ,$5.70 ,$73.16 ,0.16%,N/A,N/A
Technology & Computing (Legacy),Biotech/Biomedical,Canada,807,$7.06  ~ $8.71 ,$3.73 ,$38.53 ,0.19%,N/A,N/A
Technology & Computing (Legacy),Pediatrics,United States,874,$8.61  ~ $17.10 ,$10.81 ,N/A,0.08%,N/A,N/A
Technology & Computing (Legacy),Food & Drink,United States,"4,220",$5.28  ~ $5.47 ,$6.75 ,$56.29 ,0.08%,N/A,N/A
Technology & Computing (Legacy),Food & Drink,Canada,217,$5.52  ~ $11.70 ,$5.63 ,$20.25 ,0.10%,N/A,N/A
Technology & Computing (Legacy),Cold & Flu,Canada,83,$2.21  ~ $4.59 ,N/A,N/A,N/A,N/A,N/A
Technology & Computing (Legacy),Cold & Flu,United States,"1,720",$2.71  ~ $8.71 ,$4.50 ,N/A,0.19%,N/A,N/A
Technology & Computing (Legacy),Cold & Flu,United Kingdom,810,$13.83  ~ $28.93 ,$66.20 ,N/A,0.02%,N/A,N/A
Technology & Computing (Legacy),Music,United Kingdom,486,$4.87  ~ $6.67 ,$3.55 ,N/A,0.19%,N/A,N/A
Technology & Computing (Legacy),Music,United States,"42,870",$6.35  ~ $6.59 ,$10.11 ,$53.33 ,0.07%,N/A,N/A
Technology & Computing (Legacy),Music,Canada,"1,253",$3.99  ~ $4.38 ,$4.46 ,$59.62 ,0.10%,N/A,N/A
Technology & Computing (Legacy),Environmental Safety,Canada,45,$2.28  ~ $5.39 ,N/A,N/A,N/A,N/A,N/A
Technology & Computing (Legacy),Environmental Safety,United States,482,$8.72  ~ $9.25 ,$19.98 ,N/A,0.04%,N/A,N/A
Technology & Computing (Legacy),Birdwatching,United States,570,$3.56  ~ $7.06 ,$4.23 ,$24.80 ,0.17%,N/A,N/A
Technology & Computing (Legacy),Birdwatching,Canada,191,$10.29  ~ $20.97 ,$5.69 ,N/A,0.18%,N/A,N/A
Technology & Computing (Legacy),Marketing,Canada,"1,962",$2.83  ~ $5.76 ,$2.34 ,$20.65 ,0.12%,N/A,N/A
Technology & Computing (Legacy),Marketing,United States,255,$6.95  ~ $7.91 ,$5.75 ,$79.53 ,0.14%,N/A,N/A
Technology & Computing (Legacy),Accessories,United States,"1,269",$11.70  ~ $14.36 ,$4.90 ,N/A,0.24%,N/A,N/A
Technology & Computing (Legacy),Accessories,Canada,1,$2.12  ~ $5.07 ,N/A,N/A,N/A,N/A,N/A
Technology & Computing (Legacy),Babies & Toddlers,United States,42,$8.90  ~ $9.85 ,$8.08 ,$43.01 ,0.11%,N/A,N/A
Technology & Computing (Legacy),Fashion,United States,29,$8.19  ~ $16.81 ,$44.93 ,N/A,0.02%,N/A,N/A
Technology & Computing (Legacy),Barbecues & Grilling,Canada,"4,308",$5.18  ~ $12.52 ,$7.09 ,$31.89 ,0.07%,N/A,N/A
Technology & Computing (Legacy),Trucks & Accessories,United States,"3,872",$5.18  ~ $5.27 ,$7.08 ,$33.69 ,0.07%,N/A,N/A
Technology & Computing (Legacy),Air Travel,United Kingdom,459,$6.04  ~ $13.55 ,$21.83 ,N/A,0.03%,N/A,N/A
Technology & Computing (Legacy),Air Travel,Canada,217,$6.38  ~ $6.40 ,$6.66 ,N/A,0.10%,N/A,N/A
Technology & Computing (Legacy),Air Travel,United States,"17,927",$5.65  ~ $5.87 ,$7.05 ,$40.69 ,0.08%,N/A,N/A
Technology & Computing (Legacy),Business Software,Canada,"9,758",$6.93  ~ $8.54 ,$9.45 ,$103.32 ,0.09%,N/A,N/A
Technology & Computing (Legacy),Business Software,United Kingdom,"16,606",$7.73  ~ $11.81 ,$8.51 ,$92.91 ,0.14%,N/A,N/A
Technology & Computing (Legacy),Business Software,Ireland,45,$6.93  ~ $9.69 ,$9.24 ,$65.29 ,0.10%,N/A,N/A
Technology & Computing (Legacy),Business Software,United States,"48,138",$8.60  ~ $9.68 ,$11.33 ,$92.44 ,0.09%,N/A,N/A
Technology & Computing (Legacy),Nutrition,Canada,"3,121",$2.95  ~ $4.10 ,$2.51 ,$18.30 ,0.12%,N/A,N/A
Technology & Computing (Legacy),Nutrition,United Kingdom,58,$9.60  ~ $9.60 ,$15.05 ,N/A,0.06%,N/A,N/A
Technology & Computing (Legacy),Nutrition,United States,348,$10.21  ~ $10.35 ,$12.66 ,$110.76 ,0.08%,N/A,N/A
Technology & Computing (Legacy),Wine,Ireland,5,$5.00  ~ $10.09 ,$9.33 ,N/A,0.05%,N/A,N/A
Technology & Computing (Legacy),Wine,United States,568,$8.11  ~ $10.07 ,$8.09 ,$124.19 ,0.12%,N/A,N/A
Technology & Computing (Legacy),Cocktails/Beer,Canada,642,$8.29  ~ $9.42 ,$7.23 ,N/A,0.11%,N/A,N/A
Technology & Computing (Legacy),Cocktails/Beer,United States,"4,908",$7.39  ~ $7.67 ,$6.25 ,$185.93 ,0.12%,N/A,N/A
Technology & Computing (Legacy),Homework/Study Tips,United States,44,$2.09  ~ $4.28 ,$0.28 ,N/A,0.74%,N/A,N/A
Technology & Computing (Legacy),Video & Computer Games,United States,66,$0.00  ~ $2.61 ,N/A,N/A,N/A,N/A,N/A
Technology & Computing (Legacy),Buying/Selling Cars,Canada,"2,522",$5.44  ~ $6.73 ,$9.92 ,$146.53 ,0.05%,N/A,N/A
Technology & Computing (Legacy),Buying/Selling Cars,United States,"9,132",$5.42  ~ $5.50 ,$9.08 ,$225.86 ,0.06%,N/A,N/A
Technology & Computing (Legacy),Buying/Selling Cars,United Kingdom,"2,282",$7.51  ~ $10.22 ,$13.15 ,$119.57 ,0.08%,N/A,N/A
Technology & Computing (Legacy),Buying/Selling Cars,Mexico,10,$19.14  ~ $21.24 ,$17.71 ,N/A,0.11%,N/A,N/A
Technology & Computing (Legacy),Tax Planning,United States,58,$9.43  ~ $10.28 ,$27.26 ,N/A,0.03%,N/A,N/A
Technology & Computing (Legacy),Veterinary Medicine,United States,979,$4.59  ~ $5.57 ,$21.13 ,$4.72 ,0.02%,N/A,N/A
Technology & Computing (Legacy),Veterinary Medicine,Canada,1,$2.28  ~ $5.43 ,N/A,N/A,N/A,N/A,N/A
Technology & Computing (Legacy),Chronic Pain,United States,202,$11.97  ~ $13.07 ,$25.19 ,N/A,0.05%,N/A,N/A
Technology & Computing (Legacy),7-12 Education,United States,34,$8.46  ~ $20.72 ,N/A,N/A,N/A,N/A,N/A
Technology & Computing (Legacy),Pro Basketball,Canada,341,$3.95  ~ $15.57 ,$2.28 ,$12.86 ,0.17%,N/A,N/A
Technology & Computing (Legacy),Pro Basketball,United States,"1,452",$7.69  ~ $8.08 ,$11.48 ,$173.80 ,0.07%,N/A,N/A
Technology & Computing (Legacy),Pro Basketball,United Kingdom,806,$6.96  ~ $8.19 ,$17.86 ,$64.40 ,0.05%,N/A,N/A
Technology & Computing (Legacy),Computer Peripherals,United States,"8,267",$7.69  ~ $11.39 ,$8.59 ,$45.26 ,0.13%,N/A,N/A
Technology & Computing (Legacy),Computer Peripherals,Canada,"1,152",$3.34  ~ $5.10 ,$4.71 ,$17.61 ,0.11%,N/A,N/A
Technology & Computing (Legacy),Computer Peripherals,United Kingdom,950,$13.42  ~ $13.81 ,$8.66 ,N/A,0.16%,N/A,N/A
Technology & Computing (Legacy),Computer Peripherals,Ireland,13,$13.75  ~ $14.56 ,N/A,N/A,N/A,N/A,N/A
Technology & Computing (Legacy),Road-Side Assistance,United States,26,$2.50  ~ $5.85 ,N/A,N/A,N/A,N/A,N/A
Technology & Computing (Legacy),Road-Side Assistance,Canada,5,$2.20  ~ $5.35 ,N/A,N/A,N/A,N/A,N/A
Technology & Computing (Legacy),Road-Side Assistance,Mexico,"1,950",$4.30  ~ $8.77 ,$4.25 ,N/A,0.10%,N/A,N/A
Technology & Computing (Legacy),Road-Side Assistance,United Kingdom,371,$9.54  ~ $20.68 ,$15.81 ,N/A,0.06%,N/A,N/A
Technology & Computing (Legacy),Human Resources,Ireland,1,$6.16  ~ $7.86 ,$0.99 ,N/A,0.62%,N/A,N/A
Technology & Computing (Legacy),Human Resources,United Kingdom,"7,260",$10.95  ~ $16.05 ,$10.50 ,$60.19 ,0.10%,N/A,N/A
Technology & Computing (Legacy),Human Resources,Mexico,194,$1.59  ~ $1.91 ,$1.93 ,$54.69 ,0.10%,N/A,N/A
Technology & Computing (Legacy),Human Resources,United States,"10,955",$9.85  ~ $12.04 ,$9.32 ,$45.44 ,0.11%,N/A,N/A
Technology & Computing (Legacy),Human Resources,Canada,"2,926",$5.68  ~ $7.04 ,$8.42 ,$86.07 ,0.08%,N/A,N/A
Technology & Computing (Legacy),Family & Parenting,Canada,238,$2.23  ~ $3.58 ,$0.12 ,N/A,1.88%,N/A,N/A
Technology & Computing (Legacy),Family & Parenting,United Kingdom,"3,337",$7.07  ~ $7.18 ,$10.99 ,$111.23 ,0.06%,N/A,N/A
Technology & Computing (Legacy),Family & Parenting,United States,"5,051",$7.36  ~ $8.58 ,$6.11 ,$47.41 ,0.12%,N/A,N/A
Technology & Computing (Legacy),Cuisine-Specific,United States,392,$5.25  ~ $5.25 ,$10.65 ,N/A,0.05%,N/A,N/A
Technology & Computing (Legacy),Roleplaying Games,United States,26,$2.14  ~ $4.53 ,N/A,N/A,N/A,N/A,N/A
Technology & Computing (Legacy),Television,United Kingdom,282,$6.99  ~ $7.18 ,$3.00 ,$74.41 ,0.24%,N/A,N/A
Technology & Computing (Legacy),Television,Canada,72,$8.94  ~ $19.74 ,$3.16 ,$44.26 ,0.28%,N/A,N/A
Technology & Computing (Legacy),Television,United States,13,$14.79  ~ $36.39 ,$18.30 ,$15.57 ,0.08%,N/A,N/A
Technology & Computing (Legacy),Business,United States,"69,435",$7.45  ~ $7.51 ,$11.21 ,$105.36 ,0.07%,N/A,N/A
Technology & Computing (Legacy),Business,United Kingdom,"28,970",$5.13  ~ $5.68 ,$6.06 ,$53.17 ,0.09%,N/A,N/A
Technology & Computing (Legacy),Business,Canada,"4,757",$4.80  ~ $8.60 ,$9.35 ,$91.95 ,0.05%,N/A,N/A
Technology & Computing (Legacy),Business,Mexico,2,$7.35  ~ $7.41 ,$5.69 ,N/A,0.13%,N/A,N/A
Technology & Computing (Legacy),Business,Ireland,7,$9.06  ~ $11.26 ,$1.65 ,$37.11 ,0.55%,N/A,N/A
Technology & Computing (Legacy),Commentary,United States,471,$14.15  ~ $16.85 ,$47.47 ,N/A,0.04%,N/A,N/A
Technology & Computing (Legacy),Agriculture,Canada,750,$5.03  ~ $5.88 ,$4.87 ,$25.88 ,0.10%,N/A,N/A
Technology & Computing (Legacy),Agriculture,United States,515,$3.58  ~ $3.74 ,$5.84 ,N/A,0.06%,N/A,N/A
Technology & Computing (Legacy),Mountain Biking,United States,81,$6.51  ~ $6.74 ,$4.46 ,N/A,0.15%,N/A,N/A
Technology & Computing (Legacy),Mountain Biking,Canada,174,$6.57  ~ $6.71 ,$2.37 ,$23.45 ,0.28%,N/A,N/A
Technology & Computing (Legacy),Auto Repair,Canada,651,$6.07  ~ $6.28 ,$10.46 ,N/A,0.06%,N/A,N/A
Technology & Computing (Legacy),Auto Repair,United States,"5,268",$7.56  ~ $9.52 ,$12.73 ,$146.65 ,0.07%,N/A,N/A
Technology & Computing (Legacy),Theme Parks,United States,386,$4.35  ~ $4.35 ,N/A,N/A,N/A,N/A,N/A
Technology & Computing (Legacy),Theme Parks,Canada,597,$4.97  ~ $10.04 ,$3.09 ,$30.90 ,0.16%,N/A,N/A
Technology & Computing (Legacy),Art/Technology,United States,"13,864",$6.50  ~ $6.53 ,$13.83 ,N/A,0.05%,N/A,N/A
Technology & Computing (Legacy),Art/Technology,Canada,105,$7.24  ~ $7.71 ,$7.08 ,$6.90 ,0.10%,N/A,N/A
Technology & Computing (Legacy),Art/Technology,United Kingdom,"1,320",$2.20  ~ $2.20 ,N/A,N/A,N/A,N/A,N/A
Technology & Computing (Legacy),Motorcycles,United States,"14,976",$4.15  ~ $8.04 ,$7.50 ,$48.10 ,0.06%,N/A,N/A
Technology & Computing (Legacy),Motorcycles,Canada,117,$4.89  ~ $12.00 ,$4.85 ,$13.09 ,0.10%,N/A,N/A
Technology & Computing (Legacy),Sexuality,Canada,45,$2.79  ~ $5.68 ,N/A,N/A,N/A,N/A,N/A
Technology & Computing (Legacy),Sexuality,United States,"13,416",$5.26  ~ $6.91 ,$8.64 ,$218.57 ,0.06%,N/A,N/A
Technology & Computing (Legacy),Religion & Spirituality,United States,2,$2.09  ~ $4.62 ,N/A,N/A,N/A,N/A,N/A
Technology & Computing (Legacy),Shopping,United Kingdom,"1,637",$5.75  ~ $5.85 ,$7.46 ,$53.47 ,0.08%,N/A,N/A
Technology & Computing (Legacy),Shopping,United States,"38,902",$3.89  ~ $6.09 ,$4.43 ,$28.20 ,0.09%,N/A,N/A
Technology & Computing (Legacy),Shopping,Canada,"2,720",$2.09  ~ $2.69 ,$5.11 ,$42.37 ,0.04%,N/A,N/A
Technology & Computing (Legacy),Shopping,Mexico,1,$3.64  ~ $3.64 ,$2.79 ,N/A,0.13%,N/A,N/A
Technology & Computing (Legacy),Job Search,United States,"7,102",$9.25  ~ $9.58 ,$12.20 ,$69.60 ,0.08%,N/A,N/A
Technology & Computing (Legacy),Job Search,Canada,3,$4.82  ~ $4.97 ,N/A,N/A,N/A,N/A,N/A
Technology & Computing (Legacy),Job Search,United Kingdom,35,$7.41  ~ $18.00 ,$22.67 ,N/A,0.03%,N/A,N/A
Technology & Computing (Legacy),K-6 Educators,United States,"1,568",$8.87  ~ $11.07 ,$13.22 ,$143.07 ,0.07%,N/A,N/A
Technology & Computing (Legacy),K-6 Educators,United Kingdom,26,$6.58  ~ $7.04 ,$14.82 ,N/A,0.04%,N/A,N/A
Technology & Computing (Legacy),K-6 Educators,Canada,28,$3.32  ~ $11.79 ,N/A,N/A,N/A,N/A,N/A
Technology & Computing (Legacy),Bed & Breakfasts,United States,"8,119",$1.40  ~ $4.16 ,$6.04 ,$85.53 ,0.07%,N/A,N/A
Technology & Computing (Legacy),Bed & Breakfasts,United Kingdom,279,$7.32  ~ $7.55 ,$14.90 ,$102.97 ,0.05%,N/A,N/A
Technology & Computing (Legacy),Bed & Breakfasts,Canada,"2,326",$0.26  ~ $0.26 ,$4.44 ,N/A,0.01%,N/A,N/A
Technology & Computing (Legacy),Daycare/Pre School,United States,82,$2.00  ~ $3.36 ,$6.56 ,N/A,0.05%,N/A,N/A
Technology & Computing (Legacy),Daycare/Pre School,Canada,17,$2.36  ~ $5.26 ,N/A,N/A,N/A,N/A,N/A
Technology & Computing (Legacy),Credit/Debt & Loans,United Kingdom,"5,602",$5.47  ~ $7.90 ,$7.00 ,N/A,0.11%,N/A,N/A
Technology & Computing (Legacy),Credit/Debt & Loans,Mexico,17,$6.45  ~ $14.54 ,$6.41 ,N/A,0.10%,N/A,N/A
Technology & Computing (Legacy),Credit/Debt & Loans,Canada,"1,119",$7.49  ~ $7.86 ,$5.18 ,N/A,0.14%,N/A,N/A
Technology & Computing (Legacy),Credit/Debt & Loans,United States,"49,880",$7.60  ~ $7.97 ,$7.45 ,$73.77 ,0.10%,N/A,N/A
Technology & Computing (Legacy),Home & Garden,United States,"29,624",$5.61  ~ $6.75 ,$6.85 ,$34.78 ,0.08%,N/A,N/A
Technology & Computing (Legacy),Home & Garden,Canada,"4,832",$2.83  ~ $4.67 ,$9.82 ,$262.92 ,0.05%,N/A,N/A
Technology & Computing (Legacy),Home & Garden,United Kingdom,"3,282",$6.60  ~ $6.98 ,$7.62 ,$79.25 ,0.09%,N/A,N/A
Technology & Computing (Legacy),Beauty,United States,"2,770",$7.72  ~ $8.92 ,$4.74 ,$23.58 ,0.19%,N/A,N/A
Technology & Computing (Legacy),Beauty,United Kingdom,"3,558",$6.94  ~ $7.28 ,$7.02 ,N/A,0.10%,N/A,N/A
Technology & Computing (Legacy),Beauty,Canada,651,$2.22  ~ $2.73 ,N/A,N/A,N/A,N/A,N/A
Technology & Computing (Legacy),Auto Parts,United States,"13,122",$6.57  ~ $7.38 ,$11.16 ,$103.19 ,0.06%,N/A,N/A
Technology & Computing (Legacy),Auto Parts,Canada,34,$5.65  ~ $13.29 ,$4.43 ,N/A,0.13%,N/A,N/A
Technology & Computing (Legacy),Auto Parts,United Kingdom,604,$7.29  ~ $7.29 ,$19.09 ,$57.27 ,0.04%,N/A,N/A
Technology & Computing (Legacy),Advertising,Canada,"1,736",$7.18  ~ $8.53 ,$5.60 ,$153.06 ,0.13%,N/A,N/A
Technology & Computing (Legacy),Advertising,United Kingdom,744,$7.20  ~ $7.61 ,$3.68 ,$51.69 ,0.21%,N/A,N/A
Technology & Computing (Legacy),Advertising,United States,"6,481",$8.89  ~ $10.20 ,$8.73 ,$62.33 ,0.12%,N/A,N/A
Technology & Computing (Legacy),Advertising,Mexico,2,$1.33  ~ $1.98 ,N/A,N/A,N/A,N/A,N/A
Technology & Computing (Legacy),Distance Learning,United States,882,$11.67  ~ $12.24 ,$28.85 ,$103.67 ,0.04%,N/A,N/A
Technology & Computing (Legacy),Retirement Planning,United States,80,$8.09  ~ $14.43 ,$20.23 ,N/A,0.07%,N/A,N/A
Technology & Computing (Legacy),Retirement Planning,United Kingdom,215,$6.47  ~ $14.00 ,$12.89 ,N/A,0.05%,N/A,N/A
Technology & Computing (Legacy),Retirement Planning,Canada,3,$4.82  ~ $11.88 ,N/A,N/A,N/A,N/A,N/A
Technology & Computing (Legacy),Guitar,United States,9,$2.47  ~ $5.85 ,N/A,N/A,N/A,N/A,N/A
Technology & Computing (Legacy),Senior Living,Canada,115,$3.44  ~ $6.82 ,$0.52 ,N/A,0.66%,N/A,N/A
Technology & Computing (Legacy),Senior Living,United States,"1,948",$6.57  ~ $6.83 ,$8.53 ,$65.78 ,0.08%,N/A,N/A
Technology & Computing (Legacy),Senior Living,United Kingdom,338,$5.98  ~ $6.50 ,$12.86 ,N/A,0.05%,N/A,N/A
Technology & Computing (Legacy),Hotels,United States,"15,664",$5.25  ~ $6.26 ,$6.30 ,$55.35 ,0.10%,N/A,N/A
Technology & Computing (Legacy),Hotels,Canada,151,$3.68  ~ $4.05 ,$0.28 ,$8.59 ,1.44%,N/A,N/A
Technology & Computing (Legacy),Hotels,United Kingdom,770,$3.23  ~ $4.08 ,$5.38 ,$61.94 ,0.08%,N/A,N/A
Technology & Computing (Legacy),Home Theater,United States,4,$2.23  ~ $5.33 ,$0.13 ,N/A,1.72%,N/A,N/A
Technology & Computing (Legacy),Network Security,Canada,3,$2.20  ~ $5.19 ,N/A,N/A,N/A,N/A,N/A
Technology & Computing (Legacy),Network Security,United States,36,$1.74  ~ $2.42 ,N/A,N/A,N/A,N/A,N/A
Technology & Computing (Legacy),Scholarships,United States,1,$8.60  ~ $8.60 ,N/A,N/A,N/A,N/A,N/A
Technology & Computing (Legacy),Appliances,United Kingdom,"2,368",$6.66  ~ $6.74 ,$10.58 ,N/A,0.06%,N/A,N/A
Technology & Computing (Legacy),Appliances,United States,"8,650",$8.02  ~ $8.23 ,$12.85 ,$86.34 ,0.06%,N/A,N/A
Technology & Computing (Legacy),Appliances,Canada,862,$8.15  ~ $8.45 ,$5.17 ,N/A,0.16%,N/A,N/A
Technology & Computing (Legacy),Mutual Funds,United States,"8,343",$7.84  ~ $8.40 ,$10.12 ,$88.35 ,0.08%,N/A,N/A
Technology & Computing (Legacy),Mutual Funds,Canada,23,$5.26  ~ $5.50 ,$4.54 ,N/A,0.12%,N/A,N/A
Technology & Computing (Legacy),Career Planning,United Kingdom,2,$8.68  ~ $8.70 ,$5.19 ,N/A,0.17%,N/A,N/A
Technology & Computing (Legacy),Career Planning,Ireland,1,$4.65  ~ $6.80 ,N/A,N/A,N/A,N/A,N/A
Technology & Computing (Legacy),Career Planning,United States,"1,776",$7.98  ~ $8.01 ,$9.59 ,$115.52 ,0.08%,N/A,N/A
Technology & Computing (Legacy),Career Planning,Canada,"1,564",$6.82  ~ $7.69 ,$33.06 ,N/A,0.02%,N/A,N/A
Technology & Computing (Legacy),Career Planning,Mexico,31,$7.00  ~ $7.41 ,$2.14 ,$8.27 ,0.33%,N/A,N/A
Technology & Computing (Legacy),Health/Lowfat Cooking,Canada,69,$3.03  ~ $12.10 ,$8.72 ,N/A,0.14%,N/A,N/A
Technology & Computing (Legacy),Health/Lowfat Cooking,United States,"1,243",$7.99  ~ $9.12 ,$11.47 ,$96.49 ,0.07%,N/A,N/A
Technology & Computing (Legacy),Health/Lowfat Cooking,United Kingdom,327,$5.55  ~ $5.57 ,$8.71 ,N/A,0.06%,N/A,N/A
Technology & Computing (Legacy),Health/Lowfat Cooking,Mexico,2,$9.27  ~ $22.51 ,$4.58 ,N/A,0.20%,N/A,N/A
Technology & Computing (Legacy),Landscaping,Canada,241,$2.10  ~ $4.73 ,$2.52 ,N/A,0.08%,N/A,N/A
Technology & Computing (Legacy),Landscaping,United States,805,$3.84  ~ $4.84 ,$7.34 ,$33.60 ,0.07%,N/A,N/A
Technology & Computing (Legacy),Politics,Canada,"1,109",$10.34  ~ $11.95 ,$6.82 ,$102.27 ,0.15%,N/A,N/A
Technology & Computing (Legacy),Politics,United States,"17,983",$11.77  ~ $12.06 ,$20.37 ,$113.19 ,0.06%,N/A,N/A
Technology & Computing (Legacy),Allergies,Canada,290,$5.15  ~ $10.98 ,$3.22 ,N/A,0.16%,N/A,N/A
Technology & Computing (Legacy),Allergies,United Kingdom,43,$3.21  ~ $6.58 ,$1.15 ,N/A,0.28%,N/A,N/A
Technology & Computing (Legacy),Local News,United States,105,$8.11  ~ $18.87 ,$5.46 ,N/A,0.15%,N/A,N/A
Technology & Computing (Legacy),Local News,United Kingdom,9,$3.51  ~ $7.97 ,$9.91 ,N/A,0.04%,N/A,N/A
Technology & Computing (Legacy),Metals,Canada,"8,951",$5.18  ~ $8.80 ,$7.83 ,$151.16 ,0.07%,N/A,N/A
Technology & Computing (Legacy),Metals,United States,"14,980",$3.34  ~ $6.21 ,$8.31 ,$77.44 ,0.07%,N/A,N/A
Technology & Computing (Legacy),Metals,Ireland,1,$1.60  ~ $9.31 ,$4.39 ,N/A,0.21%,N/A,N/A
Technology & Computing (Legacy),Metals,Mexico,5,$1.03  ~ $2.48 ,$12.46 ,N/A,0.02%,N/A,N/A
Technology & Computing (Legacy),Metals,United Kingdom,540,$8.06  ~ $9.26 ,$7.50 ,N/A,0.12%,N/A,N/A
Technology & Computing (Legacy),Construction,United States,"2,573",$6.69  ~ $7.90 ,$1.29 ,$60.96 ,0.52%,N/A,N/A
Technology & Computing (Legacy),Construction,Canada,573,$6.25  ~ $12.96 ,$6.25 ,N/A,0.10%,N/A,N/A
Technology & Computing (Legacy),Construction,United Kingdom,482,$6.26  ~ $8.53 ,$0.47 ,N/A,1.34%,N/A,N/A
Technology & Computing (Legacy),Parenting - K-6 Kids,United States,371,$1.63  ~ $2.03 ,$4.26 ,N/A,0.05%,N/A,N/A
Technology & Computing (Legacy),Health & Fitness,Canada,"5,471",$6.28  ~ $6.35 ,$3.40 ,$65.42 ,0.19%,N/A,N/A
Technology & Computing (Legacy),Health & Fitness,United States,"110,566",$7.79  ~ $8.34 ,$7.90 ,$61.06 ,0.11%,N/A,N/A
Technology & Computing (Legacy),Health & Fitness,United Kingdom,"6,754",$5.96  ~ $6.27 ,$7.42 ,$107.07 ,0.08%,N/A,N/A
Technology & Computing (Legacy),Health & Fitness,Ireland,26,$1.06  ~ $2.20 ,$1.74 ,N/A,0.13%,N/A,N/A
Technology & Computing (Legacy),Investing,United Kingdom,10,$6.12  ~ $6.14 ,$4.14 ,N/A,0.15%,N/A,N/A
Technology & Computing (Legacy),Investing,Canada,111,$8.33  ~ $8.33 ,$3.20 ,$12.81 ,0.26%,N/A,N/A
Technology & Computing (Legacy),Investing,United States,"4,925",$5.51  ~ $6.00 ,$12.11 ,$92.13 ,0.05%,N/A,N/A
Technology & Computing (Legacy),Interior Decorating,Canada,"2,809",$4.24  ~ $7.75 ,$10.19 ,$56.03 ,0.08%,N/A,N/A
Technology & Computing (Legacy),Interior Decorating,United States,"15,238",$5.94  ~ $6.52 ,$7.65 ,$44.29 ,0.09%,N/A,N/A
Technology & Computing (Legacy),Interior Decorating,United Kingdom,"1,308",$4.85  ~ $4.99 ,$8.66 ,$142.65 ,0.06%,N/A,N/A
Technology & Computing (Legacy),News,United States,"2,664",$11.24  ~ $13.09 ,$10.41 ,$54.71 ,0.11%,N/A,N/A
Technology & Computing (Legacy),News,United Kingdom,2,$12.76  ~ $12.76 ,$20.49 ,$40.98 ,0.06%,N/A,N/A
Technology & Computing (Legacy),News,Canada,5,$12.40  ~ $25.71 ,$9.37 ,N/A,0.13%,N/A,N/A
Technology & Computing (Legacy),Exercise,Canada,129,$2.90  ~ $3.90 ,$5.80 ,N/A,0.05%,N/A,N/A
Technology & Computing (Legacy),Exercise,United Kingdom,"2,580",$2.72  ~ $7.39 ,$2.62 ,N/A,0.10%,N/A,N/A
Technology & Computing (Legacy),Exercise,United States,"2,264",$3.78  ~ $4.07 ,$6.91 ,$42.73 ,0.06%,N/A,N/A
Technology & Computing (Legacy),Astrology,Canada,15,$2.05  ~ $4.43 ,N/A,N/A,N/A,N/A,N/A
Technology & Computing (Legacy),Financial Aid,United States,459,$7.79  ~ $8.23 ,$16.66 ,$38.69 ,0.05%,N/A,N/A
Technology & Computing (Legacy),By US Locale,United States,4,$12.18  ~ $25.80 ,N/A,N/A,N/A,N/A,N/A
Technology & Computing (Legacy),Arts & Entertainment,Canada,"5,720",$5.41  ~ $7.38 ,$3.07 ,$16.74 ,0.18%,N/A,N/A
Technology & Computing (Legacy),Arts & Entertainment,United States,"15,633",$6.45  ~ $7.73 ,$9.88 ,$77.96 ,0.07%,N/A,N/A
Technology & Computing (Legacy),Arts & Entertainment,United Kingdom,"1,440",$5.52  ~ $7.52 ,$7.43 ,$52.15 ,0.07%,N/A,N/A
Technology & Computing (Legacy),Education,United States,"13,216",$7.15  ~ $7.79 ,$9.66 ,$82.08 ,0.07%,N/A,N/A
Technology & Computing (Legacy),Education,United Kingdom,"1,300",$7.13  ~ $9.95 ,$6.60 ,$116.64 ,0.11%,N/A,N/A
Technology & Computing (Legacy),Education,Mexico,16,$8.20  ~ $8.20 ,$4.18 ,$25.05 ,0.20%,N/A,N/A
Technology & Computing (Legacy),Education,Canada,332,$7.54  ~ $9.85 ,$8.39 ,$86.69 ,0.09%,N/A,N/A
Technology & Computing (Legacy),Education,Ireland,3,$10.19  ~ $10.19 ,$23.71 ,N/A,0.04%,N/A,N/A
Technology & Computing (Legacy),Cancer,United Kingdom,1,$6.69  ~ $6.69 ,$5.93 ,N/A,0.11%,N/A,N/A
Technology & Computing (Legacy),Cancer,United States,"2,048",$10.70  ~ $17.42 ,$24.60 ,$193.31 ,0.07%,N/A,N/A
Technology & Computing (Legacy),Cancer,Canada,16,$17.18  ~ $17.18 ,N/A,N/A,N/A,N/A,N/A
Technology & Computing (Legacy),Weight Loss,Mexico,9,$1.37  ~ $2.97 ,$0.44 ,N/A,0.31%,N/A,N/A
Technology & Computing (Legacy),Weight Loss,United Kingdom,"5,661",$8.17  ~ $8.20 ,$9.08 ,$94.17 ,0.09%,N/A,N/A
Technology & Computing (Legacy),Weight Loss,United States,676,$3.92  ~ $3.98 ,$9.20 ,N/A,0.04%,N/A,N/A
Technology & Computing (Legacy),Dining Out,Canada,558,$6.20  ~ $6.93 ,$8.38 ,$18.86 ,0.07%,N/A,N/A
Technology & Computing (Legacy),Dining Out,United States,"9,194",$6.32  ~ $11.30 ,$11.46 ,$77.88 ,0.06%,N/A,N/A
Technology & Computing (Legacy),Dining Out,United Kingdom,480,$15.64  ~ $21.50 ,$33.26 ,$597.80 ,0.05%,N/A,N/A
Technology & Computing (Legacy),Off-Road Vehicles,United States,159,$7.73  ~ $20.54 ,$8.50 ,$36.96 ,0.09%,N/A,N/A
Technology & Computing (Legacy),Off-Road Vehicles,Canada,22,$6.70  ~ $14.80 ,$3.31 ,N/A,0.20%,N/A,N/A
Technology & Computing (Legacy),Off-Road Vehicles,United Kingdom,2,$8.29  ~ $17.88 ,N/A,N/A,N/A,N/A,N/A
Technology & Computing (Legacy),Contests & Freebies,United States,123,$6.28  ~ $9.14 ,$9.88 ,N/A,0.06%,N/A,N/A
Technology & Computing (Legacy),Contests & Freebies,Canada,1,$2.06  ~ $4.46 ,N/A,N/A,N/A,N/A,N/A
Technology & Computing (Legacy),Arts & Crafts,United States,"7,295",$2.87  ~ $6.72 ,$5.06 ,$40.23 ,0.06%,N/A,N/A
Technology & Computing (Legacy),Arts & Crafts,Canada,3,$1.85  ~ $3.97 ,N/A,N/A,N/A,N/A,N/A
Technology & Computing (Legacy),Home Repair,Canada,421,$5.02  ~ $5.32 ,$2.52 ,$67.44 ,0.20%,N/A,N/A
Technology & Computing (Legacy),Home Repair,United States,"16,068",$7.53  ~ $8.47 ,$10.53 ,$88.10 ,0.07%,N/A,N/A
Technology & Computing (Legacy),Home Repair,United Kingdom,589,$7.00  ~ $8.82 ,$6.74 ,$41.56 ,0.10%,N/A,N/A
Technology & Computing (Legacy),"Law, Gov't & Politics",United States,198,$1.23  ~ $6.33 ,$14.42 ,$111.48 ,0.04%,N/A,N/A
Technology & Computing (Legacy),"Law, Gov't & Politics",United Kingdom,6,$7.27  ~ $14.86 ,N/A,N/A,N/A,N/A,N/A
Technology & Computing (Legacy),Insurance,Canada,639,$7.03  ~ $8.05 ,$5.92 ,$46.19 ,0.14%,N/A,N/A
Technology & Computing (Legacy),Insurance,United States,"26,837",$8.15  ~ $8.29 ,$4.85 ,$109.49 ,0.17%,N/A,N/A
Technology & Computing (Legacy),Insurance,United Kingdom,"5,264",$4.53  ~ $5.15 ,$3.60 ,$35.55 ,0.14%,N/A,N/A
Technology & Computing (Legacy),Antivirus Software,Canada,161,$8.71  ~ $8.71 ,$6.72 ,$47.04 ,0.13%,N/A,N/A
Technology & Computing (Legacy),Antivirus Software,United States,"2,401",$8.91  ~ $8.91 ,$8.00 ,$42.69 ,0.11%,N/A,N/A
Technology & Computing (Legacy),Computer Certification,United States,4,$6.00  ~ $14.18 ,N/A,N/A,N/A,N/A,N/A
Technology & Computing (Legacy),Automotive,Canada,621,$7.76  ~ $8.88 ,$9.98 ,$395.26 ,0.08%,N/A,N/A
Technology & Computing (Legacy),Automotive,United States,"35,743",$7.76  ~ $9.25 ,$14.66 ,$107.54 ,0.05%,N/A,N/A
Technology & Computing (Legacy),Automotive,United Kingdom,92,$7.28  ~ $15.84 ,$35.50 ,$319.49 ,0.04%,N/A,N/A
Technology & Computing (Legacy),Dental Care,United States,805,$2.90  ~ $3.43 ,$5.30 ,N/A,0.06%,N/A,N/A
Technology & Computing (Legacy),Dental Care,Canada,241,$2.26  ~ $4.99 ,$0.46 ,N/A,0.49%,N/A,N/A
Technology & Computing (Legacy),Dental Care,United Kingdom,1,$16.46  ~ $39.14 ,$4.82 ,N/A,0.34%,N/A,N/A
Technology & Computing (Legacy),Celebrity Fan/Gossip,United States,2,$6.69  ~ $13.66 ,$1.12 ,N/A,0.60%,N/A,N/A
Technology & Computing (Legacy),Football,Canada,"1,877",$4.86  ~ $5.69 ,$6.41 ,$18.16 ,0.09%,N/A,N/A
Technology & Computing (Legacy),Football,United States,"2,384",$6.78  ~ $8.32 ,$8.66 ,$61.87 ,0.08%,N/A,N/A
Technology & Computing (Legacy),Style & Fashion,United States,300,$4.17  ~ $7.64 ,$8.21 ,$35.41 ,0.09%,N/A,N/A
Technology & Computing (Legacy),Alternative Medicine,Canada,274,$1.68  ~ $2.03 ,$1.47 ,N/A,0.14%,N/A,N/A
Technology & Computing (Legacy),Alternative Medicine,United Kingdom,33,$5.42  ~ $5.42 ,N/A,N/A,N/A,N/A,N/A
Technology & Computing (Legacy),Alternative Medicine,United States,"1,188",$7.97  ~ $11.98 ,$19.25 ,$203.84 ,0.06%,N/A,N/A
Technology & Computing (Legacy),U.S. Government Resources,United States,125,$6.59  ~ $7.14 ,$3.48 ,N/A,0.19%,N/A,N/A
Technology & Computing (Legacy),Investors & Patents,United States,"15,813",$7.31  ~ $8.35 ,$10.46 ,$118.66 ,0.08%,N/A,N/A
Technology & Computing (Legacy),Investors & Patents,Canada,726,$6.13  ~ $6.23 ,$10.11 ,$83.79 ,0.06%,N/A,N/A
Technology & Computing (Legacy),Investors & Patents,United Kingdom,96,$6.57  ~ $8.44 ,$22.47 ,N/A,0.04%,N/A,N/A
Technology & Computing (Legacy),Investors & Patents,Mexico,7,$3.99  ~ $8.83 ,$6.48 ,$35.27 ,0.06%,N/A,N/A
Technology & Computing (Legacy),Net Conferencing,United States,229,$15.35  ~ $53.96 ,$31.53 ,$24.39 ,0.05%,N/A,N/A
Technology & Computing (Legacy),Net Conferencing,Canada,252,$6.15  ~ $14.52 ,$12.92 ,N/A,0.05%,N/A,N/A
Technology & Computing (Legacy),Net Conferencing,United Kingdom,1,$6.83  ~ $14.86 ,N/A,N/A,N/A,N/A,N/A
Technology & Computing (Legacy),Stamps & Coins,United States,27,$2.93  ~ $6.91 ,N/A,N/A,N/A,N/A,N/A
Technology & Computing (Legacy),Camping,United States,5,$4.94  ~ $6.40 ,N/A,N/A,N/A,N/A,N/A
Technology & Computing (Legacy),Couponing,Canada,"1,632",$4.42  ~ $9.96 ,$3.26 ,$27.70 ,0.14%,N/A,N/A
Technology & Computing (Legacy),Couponing,United States,"21,280",$4.20  ~ $4.32 ,$5.40 ,$34.77 ,0.08%,N/A,N/A
Technology & Computing (Legacy),Travel,Canada,18,$6.32  ~ $7.67 ,$11.81 ,N/A,0.06%,N/A,N/A
Technology & Computing (Legacy),Travel,United Kingdom,"10,253",$4.67  ~ $5.10 ,$4.97 ,$32.59 ,0.09%,N/A,N/A
Technology & Computing (Legacy),Travel,United States,"26,810",$4.76  ~ $5.60 ,$5.50 ,$39.17 ,0.10%,N/A,N/A
Technology & Computing (Legacy),Travel,Ireland,3,$4.47  ~ $4.77 ,$3.94 ,N/A,0.12%,N/A,N/A
Technology & Computing (Legacy),Careers,Canada,897,$3.62  ~ $4.09 ,$11.18 ,N/A,0.03%,N/A,N/A
Technology & Computing (Legacy),Careers,United States,"3,862",$2.97  ~ $7.63 ,$5.30 ,$70.45 ,0.06%,N/A,N/A
Technology & Computing (Legacy),Careers,United Kingdom,594,$3.63  ~ $15.06 ,$5.37 ,$8.73 ,0.07%,N/A,N/A
Technology & Computing (Legacy),Collecting,United States,79,$5.18  ~ $7.91 ,$9.07 ,N/A,0.09%,N/A,N/A
Technology & Computing (Legacy),Collecting,Canada,48,$2.20  ~ $4.61 ,N/A,N/A,N/A,N/A,N/A
Technology & Computing (Legacy),U.S. Military,United States,849,$2.40  ~ $2.41 ,$2.69 ,N/A,0.09%,N/A,N/A
Technology & Computing (Legacy),Radio,United States,233,$5.46  ~ $6.37 ,$7.51 ,N/A,0.08%,N/A,N/A
Technology & Computing (Legacy),Movies,United States,131,$6.07  ~ $6.10 ,$2.67 ,N/A,0.23%,N/A,N/A
Technology & Computing (Legacy),Thyroid Disease,United States,4,$32.50  ~ $70.06 ,N/A,N/A,N/A,N/A,N/A
Technology & Computing (Legacy),Jewelry,United States,"78,665",$2.06  ~ $5.93 ,$1.15 ,$17.16 ,0.18%,N/A,N/A
Technology & Computing (Legacy),Jewelry,Canada,"1,209",$3.88  ~ $3.92 ,$1.94 ,$5.42 ,0.20%,N/A,N/A
Technology & Computing (Legacy),Cruises,United States,"4,156",$7.19  ~ $8.70 ,$7.57 ,$59.62 ,0.11%,N/A,N/A
Technology & Computing (Legacy),Cruises,United Kingdom,238,$5.73  ~ $5.80 ,$3.22 ,$48.50 ,0.18%,N/A,N/A
Technology & Computing (Legacy),Cruises,Canada,956,$5.68  ~ $7.07 ,$4.68 ,$61.90 ,0.12%,N/A,N/A
Technology & Computing (Legacy),College,United States,"6,591",$6.24  ~ $7.95 ,$7.99 ,$47.04 ,0.10%,N/A,N/A
Technology & Computing (Legacy),College,United Kingdom,"1,705",$8.63  ~ $8.65 ,$3.90 ,$81.13 ,0.22%,N/A,N/A
Technology & Computing (Legacy),College,Canada,"1,237",$4.57  ~ $6.86 ,$10.90 ,$50.98 ,0.04%,N/A,N/A
Technology & Computing (Legacy),Body Art,United States,4,$2.05  ~ $4.33 ,N/A,N/A,N/A,N/A,N/A
Technology & Computing (Legacy),Tax Planning,Canada,159,$0.00  ~ $0.00 ,N/A,N/A,N/A,N/A,N/A
Technology & Computing (Legacy),Cocktails/Beer,United Kingdom,"1,130",$0.00  ~ $0.00 ,N/A,N/A,N/A,N/A,N/A
Travel (Legacy),Family & Parenting,United Kingdom,260,$6.44  ~ $7.43 ,$13.41 ,$69.70 ,0.05%,N/A,N/A
Travel (Legacy),Family & Parenting,United States,"1,724",$7.21  ~ $7.90 ,$2.70 ,$37.79 ,0.27%,N/A,N/A
Travel (Legacy),Family & Parenting,Canada,38,$2.61  ~ $3.79 ,$0.43 ,$1.00 ,0.61%,N/A,N/A
Travel (Legacy),Retirement Planning,United States,36,$8.17  ~ $17.21 ,$16.35 ,N/A,0.11%,N/A,N/A
Travel (Legacy),Swimming,United States,61,$2.14  ~ $8.35 ,$69.38 ,N/A,0.01%,N/A,N/A
Travel (Legacy),Trucks & Accessories,United States,"1,465",$5.01  ~ $5.20 ,$15.16 ,$75.12 ,0.03%,N/A,N/A
Travel (Legacy),Buying/Selling Homes,United Kingdom,484,$6.22  ~ $7.22 ,$11.91 ,$79.15 ,0.05%,N/A,N/A
Travel (Legacy),Buying/Selling Homes,United States,"5,507",$7.74  ~ $8.11 ,$5.61 ,$73.24 ,0.14%,N/A,N/A
Travel (Legacy),Buying/Selling Homes,Canada,120,$5.84  ~ $6.52 ,$9.34 ,$41.58 ,0.06%,N/A,N/A
Travel (Legacy),Alternative Medicine,United Kingdom,2,$5.42  ~ $5.42 ,N/A,N/A,N/A,N/A,N/A
Travel (Legacy),Alternative Medicine,United States,254,$8.80  ~ $9.65 ,$11.93 ,N/A,0.08%,N/A,N/A
Travel (Legacy),Alternative Medicine,Canada,6,$1.86  ~ $2.06 ,N/A,N/A,N/A,N/A,N/A
Travel (Legacy),Video & Computer Games,United States,55,$0.00  ~ $2.85 ,$0.17 ,N/A,1.65%,N/A,N/A
Travel (Legacy),Comparison,United States,16,$4.57  ~ $11.42 ,$7.19 ,N/A,0.06%,N/A,N/A
Travel (Legacy),Antivirus Software,Canada,6,$8.87  ~ $8.87 ,$4.34 ,N/A,0.20%,N/A,N/A
Travel (Legacy),Antivirus Software,United States,578,$9.50  ~ $9.50 ,$8.87 ,$44.37 ,0.11%,N/A,N/A
Travel (Legacy),Advertising,United States,"2,584",$9.31  ~ $10.83 ,$9.71 ,$37.54 ,0.11%,N/A,N/A
Travel (Legacy),Advertising,Canada,213,$7.28  ~ $8.25 ,$4.13 ,N/A,0.18%,N/A,N/A
Travel (Legacy),Advertising,United Kingdom,82,$7.76  ~ $9.13 ,$13.23 ,$91.14 ,0.07%,N/A,N/A
Travel (Legacy),Infertility,United States,262,$4.10  ~ $7.41 ,$18.42 ,N/A,0.04%,N/A,N/A
Travel (Legacy),Electric Vehicle,United States,1,$2.05  ~ $4.68 ,N/A,N/A,N/A,N/A,N/A
Travel (Legacy),Electric Vehicle,Canada,47,$4.67  ~ $10.18 ,$7.54 ,N/A,0.06%,N/A,N/A
Travel (Legacy),Computer Peripherals,Canada,211,$3.64  ~ $5.28 ,$8.44 ,$26.49 ,0.06%,N/A,N/A
Travel (Legacy),Computer Peripherals,Ireland,6,$13.74  ~ $14.27 ,N/A,N/A,N/A,N/A,N/A
Travel (Legacy),Computer Peripherals,United States,"2,368",$9.21  ~ $12.12 ,$7.94 ,$54.36 ,0.15%,N/A,N/A
Travel (Legacy),Computer Peripherals,United Kingdom,34,$13.44  ~ $14.01 ,N/A,N/A,N/A,N/A,N/A
Travel (Legacy),Auto Repair,Canada,419,$6.17  ~ $6.28 ,$26.30 ,N/A,0.02%,N/A,N/A
Travel (Legacy),Auto Repair,United States,987,$6.90  ~ $9.28 ,$13.35 ,$168.13 ,0.07%,N/A,N/A
Travel (Legacy),Parenting - K-6 Kids,United States,160,$1.63  ~ $1.98 ,N/A,N/A,N/A,N/A,N/A
Travel (Legacy),Books & Literature,United States,9,$9.60  ~ $17.53 ,N/A,N/A,N/A,N/A,N/A
Travel (Legacy),Heart Disease,United States,1,$2.44  ~ $3.61 ,N/A,N/A,N/A,N/A,N/A
Travel (Legacy),Appliances,United States,"4,799",$7.76  ~ $8.22 ,$6.00 ,$54.82 ,0.13%,N/A,N/A
Travel (Legacy),Appliances,Canada,171,$7.28  ~ $10.21 ,$3.86 ,N/A,0.19%,N/A,N/A
Travel (Legacy),Appliances,United Kingdom,15,$6.64  ~ $6.75 ,$13.72 ,N/A,0.05%,N/A,N/A
Travel (Legacy),Senior Living,United Kingdom,28,$6.84  ~ $7.38 ,$10.53 ,N/A,0.07%,N/A,N/A
Travel (Legacy),Senior Living,Canada,3,$3.63  ~ $6.81 ,$2.15 ,N/A,0.17%,N/A,N/A
Travel (Legacy),Senior Living,United States,673,$6.71  ~ $6.88 ,$6.96 ,$42.66 ,0.10%,N/A,N/A
Travel (Legacy),Off-Road Vehicles,United States,71,$13.92  ~ $20.46 ,$5.75 ,$56.59 ,0.24%,N/A,N/A
Travel (Legacy),Investing,United States,"1,156",$7.83  ~ $8.24 ,$11.16 ,$105.12 ,0.07%,N/A,N/A
Travel (Legacy),Investing,United Kingdom,1,$6.63  ~ $6.72 ,$8.90 ,N/A,0.08%,N/A,N/A
Travel (Legacy),Dermatology,United States,45,$6.35  ~ $6.63 ,$10.10 ,N/A,0.07%,N/A,N/A
Travel (Legacy),Dermatology,Canada,1,$2.23  ~ $5.51 ,N/A,N/A,N/A,N/A,N/A
Travel (Legacy),Thyroid Disease,United States,1,$31.91  ~ $75.45 ,$30.25 ,N/A,0.11%,N/A,N/A
Travel (Legacy),Arts & Entertainment,Canada,217,$5.57  ~ $7.87 ,$6.03 ,$19.91 ,0.09%,N/A,N/A
Travel (Legacy),Arts & Entertainment,United States,"6,076",$7.02  ~ $7.60 ,$4.93 ,$39.44 ,0.14%,N/A,N/A
Travel (Legacy),Arts & Entertainment,United Kingdom,185,$7.15  ~ $8.58 ,$18.68 ,$94.43 ,0.04%,N/A,N/A
Travel (Legacy),News,United States,"1,155",$12.15  ~ $14.33 ,$7.60 ,$93.26 ,0.16%,N/A,N/A
Travel (Legacy),Agriculture,Canada,25,$5.01  ~ $8.13 ,$9.28 ,$18.13 ,0.05%,N/A,N/A
Travel (Legacy),Agriculture,United States,89,$3.50  ~ $3.99 ,$1.41 ,$6.75 ,0.25%,N/A,N/A
Travel (Legacy),Career Planning,Canada,88,$6.02  ~ $6.14 ,$9.92 ,N/A,0.06%,N/A,N/A
Travel (Legacy),Career Planning,United States,365,$7.91  ~ $8.15 ,$4.47 ,$45.57 ,0.18%,N/A,N/A
Travel (Legacy),Card Games,United States,"1,496",$12.00  ~ $16.00 ,$5.09 ,$60.56 ,0.24%,N/A,N/A
Travel (Legacy),Card Games,Canada,348,$6.19  ~ $6.56 ,$12.49 ,$44.29 ,0.05%,N/A,N/A
Travel (Legacy),Card Games,United Kingdom,59,$7.80  ~ $8.01 ,$14.74 ,$70.30 ,0.05%,N/A,N/A
Travel (Legacy),Veterinary Medicine,United States,135,$6.15  ~ $12.74 ,$14.07 ,N/A,0.04%,N/A,N/A
Travel (Legacy),Veterinary Medicine,Canada,10,$2.28  ~ $4.67 ,N/A,N/A,N/A,N/A,N/A
Travel (Legacy),Birdwatching,United States,235,$3.82  ~ $7.01 ,$10.48 ,$53.63 ,0.07%,N/A,N/A
Travel (Legacy),Birdwatching,Canada,10,$10.22  ~ $21.86 ,$10.61 ,N/A,0.10%,N/A,N/A
Travel (Legacy),Teens,United States,5,$8.65  ~ $21.34 ,$15.83 ,N/A,0.05%,N/A,N/A
Travel (Legacy),Business,United Kingdom,"1,795",$5.27  ~ $5.44 ,$8.14 ,$30.80 ,0.07%,N/A,N/A
Travel (Legacy),Business,Canada,342,$5.79  ~ $9.38 ,$12.21 ,$100.49 ,0.05%,N/A,N/A
Travel (Legacy),Business,Ireland,1,$11.11  ~ $11.39 ,$5.69 ,N/A,0.20%,N/A,N/A
Travel (Legacy),Business,Mexico,4,$7.59  ~ $7.69 ,$0.90 ,N/A,0.85%,N/A,N/A
Travel (Legacy),Business,United States,"25,309",$8.24  ~ $8.37 ,$6.07 ,$70.53 ,0.14%,N/A,N/A
Travel (Legacy),Logistics,United States,"5,641",$10.58  ~ $10.99 ,$6.46 ,$65.50 ,0.16%,N/A,N/A
Travel (Legacy),Logistics,Canada,69,$5.07  ~ $6.55 ,$6.52 ,N/A,0.10%,N/A,N/A
Travel (Legacy),Logistics,United Kingdom,74,$5.93  ~ $8.65 ,$10.67 ,$81.19 ,0.08%,N/A,N/A
Travel (Legacy),Logistics,Mexico,5,$3.08  ~ $6.61 ,$4.53 ,N/A,0.15%,N/A,N/A
Travel (Legacy),Pediatrics,United States,131,$9.40  ~ $31.20 ,$12.38 ,N/A,0.08%,N/A,N/A
Travel (Legacy),Technology & Computing,Canada,123,$5.15  ~ $6.88 ,$17.13 ,N/A,0.04%,N/A,N/A
Travel (Legacy),Technology & Computing,United States,"1,686",$6.70  ~ $6.77 ,$13.62 ,$68.02 ,0.05%,N/A,N/A
Travel (Legacy),Technology & Computing,United Kingdom,222,$6.78  ~ $10.10 ,$11.22 ,$45.62 ,0.09%,N/A,N/A
Travel (Legacy),Fine Art,United States,"1,932",$6.97  ~ $7.97 ,$7.34 ,$46.86 ,0.09%,N/A,N/A
Travel (Legacy),Fine Art,Canada,7,$6.56  ~ $6.69 ,$8.04 ,N/A,0.08%,N/A,N/A
Travel (Legacy),Fine Art,United Kingdom,"1,657",$7.39  ~ $7.93 ,$15.65 ,$59.74 ,0.05%,N/A,N/A
Travel (Legacy),Interior Decorating,Canada,427,$4.80  ~ $7.64 ,$10.51 ,$166.64 ,0.07%,N/A,N/A
Travel (Legacy),Interior Decorating,United States,"4,352",$6.62  ~ $8.68 ,$4.59 ,$42.79 ,0.19%,N/A,N/A
Travel (Legacy),Interior Decorating,United Kingdom,144,$4.80  ~ $4.89 ,$17.28 ,N/A,0.03%,N/A,N/A
Travel (Legacy),Computer Networking,United States,"1,081",$3.22  ~ $6.86 ,$0.59 ,$8.05 ,0.54%,N/A,N/A
Travel (Legacy),Real Estate,United Kingdom,437,$5.60  ~ $6.98 ,$7.19 ,$30.36 ,0.08%,N/A,N/A
Travel (Legacy),Real Estate,United States,"3,908",$6.73  ~ $6.84 ,$1.30 ,$21.98 ,0.52%,N/A,N/A
Travel (Legacy),Real Estate,Canada,20,$4.73  ~ $5.22 ,$5.54 ,N/A,0.09%,N/A,N/A
Travel (Legacy),Careers,Canada,38,$3.64  ~ $4.40 ,$10.36 ,N/A,0.04%,N/A,N/A
Travel (Legacy),Careers,United States,"1,257",$2.93  ~ $7.79 ,$6.97 ,$74.34 ,0.04%,N/A,N/A
Travel (Legacy),Careers,United Kingdom,18,$5.38  ~ $15.09 ,$6.27 ,N/A,0.09%,N/A,N/A
Travel (Legacy),Investors & Patents,Canada,80,$6.01  ~ $6.23 ,$12.41 ,$26.65 ,0.05%,N/A,N/A
Travel (Legacy),Investors & Patents,United Kingdom,24,$6.60  ~ $10.06 ,N/A,N/A,N/A,N/A,N/A
Travel (Legacy),Investors & Patents,Mexico,1,$4.09  ~ $4.18 ,N/A,N/A,N/A,N/A,N/A
Travel (Legacy),Investors & Patents,United States,"4,376",$7.28  ~ $9.28 ,$2.49 ,$32.25 ,0.37%,N/A,N/A
Travel (Legacy),Commentary,United States,156,$14.19  ~ $16.27 ,$100.06 ,N/A,0.02%,N/A,N/A
Travel (Legacy),Pets,United States,"1,471",$8.34  ~ $8.52 ,$11.53 ,$213.71 ,0.07%,N/A,N/A
Travel (Legacy),Pets,Canada,11,$8.32  ~ $8.34 ,$15.74 ,$104.82 ,0.05%,N/A,N/A
Travel (Legacy),Weight Loss,United States,346,$3.91  ~ $3.97 ,$7.10 ,N/A,0.06%,N/A,N/A
Travel (Legacy),Weight Loss,United Kingdom,576,$8.18  ~ $8.20 ,$22.82 ,$250.98 ,0.04%,N/A,N/A
Travel (Legacy),Cigars,United States,"5,051",$7.00  ~ $7.10 ,$12.16 ,$125.64 ,0.06%,N/A,N/A
Travel (Legacy),Cigars,Ireland,1,$9.06  ~ $9.06 ,$10.22 ,N/A,0.09%,N/A,N/A
Travel (Legacy),Cigars,United Kingdom,"1,485",$4.42  ~ $20.20 ,$11.92 ,$66.76 ,0.04%,N/A,N/A
Travel (Legacy),Cigars,Canada,48,$4.16  ~ $4.92 ,N/A,N/A,N/A,N/A,N/A
Travel (Legacy),Arts & Crafts,United States,"1,557",$3.86  ~ $7.94 ,$0.92 ,$55.54 ,0.42%,N/A,N/A
Travel (Legacy),Motorcycles,United States,"4,759",$5.08  ~ $8.06 ,$3.28 ,$27.80 ,0.15%,N/A,N/A
Travel (Legacy),Motorcycles,Canada,4,$4.91  ~ $10.79 ,$2.81 ,$16.88 ,0.17%,N/A,N/A
Travel (Legacy),Credit/Debt & Loans,Canada,162,$7.40  ~ $7.88 ,$7.50 ,N/A,0.10%,N/A,N/A
Travel (Legacy),Credit/Debt & Loans,United States,"25,108",$7.13  ~ $7.29 ,$4.24 ,$51.61 ,0.17%,N/A,N/A
Travel (Legacy),Credit/Debt & Loans,United Kingdom,241,$5.42  ~ $7.45 ,$10.02 ,N/A,0.07%,N/A,N/A
Travel (Legacy),Credit/Debt & Loans,Mexico,2,$6.52  ~ $14.15 ,$2.39 ,N/A,0.27%,N/A,N/A
Travel (Legacy),Travel,Canada,16,$6.36  ~ $7.35 ,$10.05 ,N/A,0.07%,N/A,N/A
Travel (Legacy),Travel,United Kingdom,"1,315",$5.37  ~ $6.18 ,$13.27 ,$51.75 ,0.05%,N/A,N/A
Travel (Legacy),Travel,United States,"36,856",$5.51  ~ $6.66 ,$5.76 ,$44.40 ,0.10%,N/A,N/A
Travel (Legacy),Music,United Kingdom,149,$4.03  ~ $6.79 ,$14.04 ,N/A,0.05%,N/A,N/A
Travel (Legacy),Music,United States,"10,849",$6.68  ~ $6.77 ,$9.84 ,$68.80 ,0.07%,N/A,N/A
Travel (Legacy),Music,Canada,30,$3.89  ~ $4.29 ,$5.73 ,N/A,0.07%,N/A,N/A
Travel (Legacy),Internet Technology,United States,958,$8.37  ~ $9.10 ,$9.50 ,$24.99 ,0.10%,N/A,N/A
Travel (Legacy),Internet Technology,United Kingdom,23,$6.34  ~ $7.99 ,$24.63 ,$61.58 ,0.03%,N/A,N/A
Travel (Legacy),Nutrition,United Kingdom,85,$9.59  ~ $9.59 ,$98.05 ,N/A,0.01%,N/A,N/A
Travel (Legacy),Nutrition,United States,710,$9.47  ~ $11.72 ,$2.55 ,$38.69 ,0.46%,N/A,N/A
Travel (Legacy),Nutrition,Canada,329,$2.72  ~ $4.04 ,$3.42 ,$11.03 ,0.08%,N/A,N/A
Travel (Legacy),Celebrity Fan/Gossip,United States,5,$6.31  ~ $12.80 ,N/A,N/A,N/A,N/A,N/A
Travel (Legacy),Net Conferencing,United States,195,$14.85  ~ $34.88 ,$105.99 ,N/A,0.01%,N/A,N/A
Travel (Legacy),Net Conferencing,Canada,5,$5.57  ~ $13.30 ,N/A,N/A,N/A,N/A,N/A
Travel (Legacy),Fashion,United States,5,$8.19  ~ $18.29 ,N/A,N/A,N/A,N/A,N/A
Travel (Legacy),Shopping,United States,"13,634",$4.29  ~ $7.73 ,$3.93 ,$36.48 ,0.11%,N/A,N/A
Travel (Legacy),Shopping,Canada,105,$2.11  ~ $3.32 ,$5.76 ,$27.56 ,0.04%,N/A,N/A
Travel (Legacy),Shopping,United Kingdom,234,$8.11  ~ $8.68 ,$12.34 ,$75.10 ,0.07%,N/A,N/A
Travel (Legacy),Human Resources,United Kingdom,544,$9.47  ~ $12.61 ,$16.62 ,$98.21 ,0.06%,N/A,N/A
Travel (Legacy),Human Resources,Mexico,6,$2.04  ~ $2.32 ,$2.55 ,N/A,0.09%,N/A,N/A
Travel (Legacy),Human Resources,United States,"7,342",$9.47  ~ $11.35 ,$12.52 ,$130.26 ,0.08%,N/A,N/A
Travel (Legacy),Human Resources,Canada,391,$4.95  ~ $6.82 ,$11.28 ,$125.46 ,0.06%,N/A,N/A
Travel (Legacy),Cuisine-Specific,United States,64,$2.44  ~ $2.44 ,$5.41 ,N/A,0.05%,N/A,N/A
Travel (Legacy),Radio,United States,80,$5.95  ~ $6.32 ,$7.68 ,N/A,0.08%,N/A,N/A
Travel (Legacy),Martial Arts,Canada,1,$2.10  ~ $4.44 ,N/A,N/A,N/A,N/A,N/A
Travel (Legacy),Martial Arts,United States,10,$3.05  ~ $7.28 ,N/A,N/A,N/A,N/A,N/A
Travel (Legacy),7-12 Education,United States,1,$8.16  ~ $19.39 ,N/A,N/A,N/A,N/A,N/A
Travel (Legacy),Arthritis,United States,3,$5.45  ~ $5.53 ,$16.44 ,N/A,0.03%,N/A,N/A
Travel (Legacy),Jewelry,United States,"20,642",$2.04  ~ $7.76 ,$1.20 ,$15.26 ,0.17%,N/A,N/A
Travel (Legacy),Jewelry,Canada,7,$4.02  ~ $4.04 ,$3.21 ,N/A,0.12%,N/A,N/A
Travel (Legacy),Cancer,United States,304,$10.76  ~ $20.28 ,$33.90 ,$212.47 ,0.06%,N/A,N/A
Travel (Legacy),Cancer,Canada,1,$18.01  ~ $18.01 ,N/A,N/A,N/A,N/A,N/A
Travel (Legacy),Movies,United States,98,$6.32  ~ $6.38 ,$6.53 ,N/A,0.10%,N/A,N/A
Travel (Legacy),Hotels,United States,"6,233",$6.20  ~ $11.71 ,$19.61 ,$237.61 ,0.06%,N/A,N/A
Travel (Legacy),Hotels,Canada,256,$4.74  ~ $4.99 ,$2.69 ,$15.83 ,0.18%,N/A,N/A
Travel (Legacy),Hotels,United Kingdom,347,$5.97  ~ $6.32 ,$13.93 ,$152.25 ,0.04%,N/A,N/A
Travel (Legacy),Apartments,United Kingdom,"1,089",$7.25  ~ $7.57 ,$9.22 ,$65.35 ,0.08%,N/A,N/A
Travel (Legacy),Apartments,United States,338,$6.73  ~ $8.33 ,$0.77 ,$19.67 ,0.87%,N/A,N/A
Travel (Legacy),Apartments,Canada,33,$3.51  ~ $6.37 ,$2.87 ,N/A,0.22%,N/A,N/A
Travel (Legacy),Exercise,United Kingdom,112,$6.94  ~ $8.04 ,$12.22 ,$98.14 ,0.06%,N/A,N/A
Travel (Legacy),Exercise,United States,795,$5.38  ~ $5.49 ,$8.16 ,$71.28 ,0.07%,N/A,N/A
Travel (Legacy),Exercise,Canada,119,$2.57  ~ $3.80 ,$2.51 ,N/A,0.10%,N/A,N/A
Travel (Legacy),Senor Health,Canada,9,$6.92  ~ $8.78 ,$14.73 ,N/A,0.05%,N/A,N/A
Travel (Legacy),Senor Health,United States,"2,621",$8.82  ~ $10.06 ,$8.32 ,$40.24 ,0.12%,N/A,N/A
Travel (Legacy),Senor Health,United Kingdom,6,$6.95  ~ $7.25 ,$6.93 ,N/A,0.10%,N/A,N/A
Travel (Legacy),Religion & Spirituality,United States,2,$2.52  ~ $5.87 ,N/A,N/A,N/A,N/A,N/A
Travel (Legacy),Entertaining,United States,195,$3.23  ~ $5.43 ,$2.09 ,N/A,0.15%,N/A,N/A
Travel (Legacy),Green Solutions,United States,"3,339",$6.97  ~ $8.37 ,$4.10 ,$76.12 ,0.17%,N/A,N/A
Travel (Legacy),Green Solutions,United Kingdom,1,$6.79  ~ $7.80 ,$3.53 ,N/A,0.19%,N/A,N/A
Travel (Legacy),Green Solutions,Canada,"1,078",$3.81  ~ $4.49 ,$5.09 ,$43.58 ,0.09%,N/A,N/A
Travel (Legacy),Stamps & Coins,United States,23,$3.13  ~ $7.60 ,N/A,N/A,N/A,N/A,N/A
Travel (Legacy),Marketing,United States,72,$6.92  ~ $8.29 ,$9.83 ,$53.91 ,0.08%,N/A,N/A
Travel (Legacy),Marketing,Canada,287,$2.72  ~ $6.02 ,$2.21 ,$15.01 ,0.12%,N/A,N/A
Travel (Legacy),Hunting/Shooting,United States,22,$6.98  ~ $6.98 ,N/A,N/A,N/A,N/A,N/A
Travel (Legacy),Cameras & Camcorders,United States,7,$6.31  ~ $6.56 ,N/A,N/A,N/A,N/A,N/A
Travel (Legacy),Dogs,Canada,6,$2.19  ~ $4.98 ,N/A,N/A,N/A,N/A,N/A
Travel (Legacy),Dogs,United States,"1,930",$3.61  ~ $5.74 ,$6.08 ,N/A,0.06%,N/A,N/A
Travel (Legacy),Dogs,United Kingdom,27,$9.47  ~ $9.47 ,N/A,N/A,N/A,N/A,N/A
Travel (Legacy),Style & Fashion,United States,105,$4.15  ~ $9.11 ,$3.67 ,$54.33 ,0.25%,N/A,N/A
Travel (Legacy),Metals,United Kingdom,19,$7.89  ~ $8.75 ,$5.20 ,N/A,0.17%,N/A,N/A
Travel (Legacy),Metals,Canada,294,$5.13  ~ $7.80 ,$7.49 ,$188.27 ,0.07%,N/A,N/A
Travel (Legacy),Metals,United States,"5,979",$5.65  ~ $8.20 ,$4.80 ,$44.60 ,0.17%,N/A,N/A
Travel (Legacy),Daycare/Pre School,United States,17,$2.00  ~ $3.77 ,$1.03 ,N/A,0.36%,N/A,N/A
Travel (Legacy),Alternative Religions,United States,374,$7.96  ~ $8.08 ,$4.39 ,N/A,0.18%,N/A,N/A
Travel (Legacy),Alternative Religions,United Kingdom,1,$5.59  ~ $13.03 ,N/A,N/A,N/A,N/A,N/A
Travel (Legacy),Accessories,United States,303,$12.55  ~ $14.28 ,$2.16 ,N/A,0.58%,N/A,N/A
Travel (Legacy),Desserts & Baking,Canada,2,$2.14  ~ $5.01 ,N/A,N/A,N/A,N/A,N/A
Travel (Legacy),Desserts & Baking,United States,144,$4.85  ~ $10.28 ,$18.74 ,N/A,0.03%,N/A,N/A
Travel (Legacy),Remodeling & Construction,United States,"11,640",$4.93  ~ $5.39 ,$3.16 ,$32.53 ,0.17%,N/A,N/A
Travel (Legacy),Remodeling & Construction,Canada,9,$2.51  ~ $5.53 ,$1.87 ,N/A,0.13%,N/A,N/A
Travel (Legacy),Language Learning,United States,1,$2.62  ~ $6.36 ,$0.32 ,N/A,0.81%,N/A,N/A
Travel (Legacy),Beauty,Canada,62,$2.26  ~ $2.48 ,N/A,N/A,N/A,N/A,N/A
Travel (Legacy),Beauty,United States,"1,704",$8.09  ~ $9.34 ,$10.74 ,$58.21 ,0.09%,N/A,N/A
Travel (Legacy),Beauty,United Kingdom,334,$6.99  ~ $7.54 ,$45.16 ,$89.87 ,0.02%,N/A,N/A
Travel (Legacy),Road-Side Assistance,United States,1,$2.49  ~ $5.14 ,N/A,N/A,N/A,N/A,N/A
Travel (Legacy),Road-Side Assistance,Canada,1,$2.40  ~ $5.47 ,N/A,N/A,N/A,N/A,N/A
Travel (Legacy),Road-Side Assistance,Mexico,8,$4.44  ~ $9.74 ,N/A,N/A,N/A,N/A,N/A
Travel (Legacy),Road-Side Assistance,United Kingdom,20,$9.64  ~ $21.73 ,$23.83 ,N/A,0.04%,N/A,N/A
Travel (Legacy),Wine,United States,69,$8.10  ~ $9.74 ,$10.35 ,$226.97 ,0.09%,N/A,N/A
Travel (Legacy),Wine,Ireland,9,$5.20  ~ $11.25 ,N/A,N/A,N/A,N/A,N/A
Travel (Legacy),Television,United Kingdom,24,$7.05  ~ $7.30 ,$3.70 ,$33.29 ,0.20%,N/A,N/A
Travel (Legacy),Television,Canada,3,$8.39  ~ $20.85 ,$11.17 ,N/A,0.08%,N/A,N/A
Travel (Legacy),Television,United States,7,$14.52  ~ $30.36 ,$5.40 ,N/A,0.27%,N/A,N/A
Travel (Legacy),Network Security,United States,17,$1.75  ~ $2.44 ,N/A,N/A,N/A,N/A,N/A
Travel (Legacy),Catholicism,United States,31,$6.16  ~ $9.05 ,$19.98 ,N/A,0.05%,N/A,N/A
Travel (Legacy),Financial Aid,United States,65,$7.96  ~ $8.39 ,N/A,N/A,N/A,N/A,N/A
Travel (Legacy),Physical Therapy,United States,243,$10.42  ~ $18.97 ,$6.90 ,N/A,0.15%,N/A,N/A
Travel (Legacy),Physical Therapy,Canada,6,$2.91  ~ $5.56 ,N/A,N/A,N/A,N/A,N/A
Travel (Legacy),Physical Therapy,United Kingdom,7,$6.58  ~ $6.58 ,$7.82 ,N/A,0.08%,N/A,N/A
Travel (Legacy),Adventure Travel,United States,"1,626",$3.09  ~ $14.42 ,$7.23 ,$23.89 ,0.04%,N/A,N/A
Travel (Legacy),Entertainment,United States,63,$11.32  ~ $26.54 ,$24.48 ,N/A,0.05%,N/A,N/A
Travel (Legacy),Entertainment,Mexico,11,$0.94  ~ $2.21 ,$0.78 ,N/A,0.12%,N/A,N/A
Travel (Legacy),Landscaping,Canada,1,$2.08  ~ $4.27 ,N/A,N/A,N/A,N/A,N/A
Travel (Legacy),Landscaping,United States,353,$5.14  ~ $6.05 ,$6.16 ,N/A,0.10%,N/A,N/A
Travel (Legacy),Insurance,Canada,57,$5.34  ~ $6.54 ,$13.24 ,N/A,0.05%,N/A,N/A
Travel (Legacy),Insurance,United States,"9,416",$8.30  ~ $8.32 ,$4.20 ,$61.08 ,0.20%,N/A,N/A
Travel (Legacy),Insurance,United Kingdom,844,$4.87  ~ $5.22 ,$6.91 ,$55.95 ,0.08%,N/A,N/A
Travel (Legacy),Honeymoons/Getaways,United Kingdom,167,$7.23  ~ $8.88 ,$10.45 ,$70.68 ,0.09%,N/A,N/A
Travel (Legacy),Honeymoons/Getaways,United States,"1,476",$7.91  ~ $10.70 ,$7.61 ,$56.11 ,0.10%,N/A,N/A
Travel (Legacy),Honeymoons/Getaways,Canada,56,$10.40  ~ $10.54 ,$33.84 ,$67.41 ,0.03%,N/A,N/A
Travel (Legacy),Job Search,United Kingdom,2,$6.99  ~ $14.58 ,$5.71 ,N/A,0.12%,N/A,N/A
Travel (Legacy),Job Search,United States,"2,572",$9.28  ~ $9.76 ,$15.18 ,$53.48 ,0.06%,N/A,N/A
Travel (Legacy),Job Search,Canada,4,$4.10  ~ $4.71 ,$0.30 ,N/A,1.35%,N/A,N/A
Travel (Legacy),Dining Out,Canada,26,$6.39  ~ $6.93 ,$8.03 ,N/A,0.08%,N/A,N/A
Travel (Legacy),Dining Out,United States,"4,701",$5.81  ~ $9.61 ,$10.22 ,$103.41 ,0.06%,N/A,N/A
Travel (Legacy),Dining Out,United Kingdom,56,$16.59  ~ $21.45 ,$31.58 ,$658.07 ,0.05%,N/A,N/A
Travel (Legacy),U.S. Government Resources,United States,31,$6.16  ~ $6.71 ,$3.66 ,N/A,0.17%,N/A,N/A
Travel (Legacy),Incontinence,United States,2,$3.33  ~ $3.33 ,$0.74 ,$15.83 ,0.45%,N/A,N/A
Travel (Legacy),Politics,United States,"4,920",$10.71  ~ $10.72 ,$24.09 ,$377.15 ,0.04%,N/A,N/A
Travel (Legacy),Politics,Canada,10,$9.66  ~ $11.79 ,$9.81 ,$21.06 ,0.10%,N/A,N/A
Travel (Legacy),Psychology/Psychiatry,United States,"8,533",$6.44  ~ $8.46 ,$5.77 ,$55.89 ,0.15%,N/A,N/A
Travel (Legacy),Psychology/Psychiatry,Canada,6,$6.15  ~ $6.27 ,$15.70 ,$13.39 ,0.04%,N/A,N/A
Travel (Legacy),Psychology/Psychiatry,United Kingdom,370,$7.78  ~ $8.20 ,$6.32 ,$39.96 ,0.12%,N/A,N/A
Travel (Legacy),Certified Pre-Owned,United States,16,$12.54  ~ $13.35 ,N/A,N/A,N/A,N/A,N/A
Travel (Legacy),Certified Pre-Owned,Canada,2,$2.12  ~ $5.07 ,N/A,N/A,N/A,N/A,N/A
Travel (Legacy),Certified Pre-Owned,United Kingdom,2,$27.81  ~ $27.81 ,N/A,N/A,N/A,N/A,N/A
Travel (Legacy),Contests & Freebies,United States,22,$5.35  ~ $8.74 ,$3.21 ,N/A,0.17%,N/A,N/A
Travel (Legacy),Personal Finance,United States,"31,826",$5.76  ~ $6.24 ,$3.84 ,$62.96 ,0.16%,N/A,N/A
Travel (Legacy),Personal Finance,United Kingdom,278,$6.01  ~ $9.50 ,$9.11 ,$126.52 ,0.07%,N/A,N/A
Travel (Legacy),Personal Finance,Canada,40,$5.04  ~ $5.22 ,$15.13 ,N/A,0.03%,N/A,N/A
Travel (Legacy),Personal Finance,Ireland,18,$7.27  ~ $7.29 ,$18.76 ,$83.01 ,0.04%,N/A,N/A
Travel (Legacy),Business Software,Canada,74,$9.31  ~ $9.41 ,$9.24 ,$159.62 ,0.10%,N/A,N/A
Travel (Legacy),Business Software,United Kingdom,360,$11.15  ~ $13.08 ,$17.47 ,$313.44 ,0.07%,N/A,N/A
Travel (Legacy),Business Software,United States,"7,603",$10.24  ~ $10.54 ,$11.55 ,$90.46 ,0.09%,N/A,N/A
Travel (Legacy),Art/Technology,United States,"4,432",$6.79  ~ $6.79 ,$12.47 ,N/A,0.05%,N/A,N/A
Travel (Legacy),Art/Technology,Canada,5,$6.44  ~ $7.59 ,N/A,N/A,N/A,N/A,N/A
Travel (Legacy),Art/Technology,United Kingdom,44,$2.28  ~ $2.28 ,N/A,N/A,N/A,N/A,N/A
Travel (Legacy),Bed & Breakfasts,United States,"4,603",$17.42  ~ $30.75 ,$9.76 ,$114.06 ,0.18%,N/A,N/A
Travel (Legacy),Bed & Breakfasts,United Kingdom,458,$6.08  ~ $6.57 ,$10.80 ,$60.84 ,0.06%,N/A,N/A
Travel (Legacy),Bed & Breakfasts,Canada,236,$1.34  ~ $1.34 ,$2.50 ,N/A,0.05%,N/A,N/A
Travel (Legacy),Chronic Pain,United States,41,$12.37  ~ $12.58 ,$46.38 ,N/A,0.03%,N/A,N/A
Travel (Legacy),Babies & Toddlers,United States,74,$8.63  ~ $9.45 ,$8.84 ,$96.61 ,0.10%,N/A,N/A
Travel (Legacy),Couponing,Canada,68,$4.69  ~ $10.10 ,$4.93 ,N/A,0.10%,N/A,N/A
Travel (Legacy),Couponing,United States,"5,693",$4.47  ~ $4.54 ,$8.71 ,N/A,0.05%,N/A,N/A
Travel (Legacy),Auto Parts,United States,"4,841",$6.76  ~ $7.35 ,$12.50 ,$71.31 ,0.05%,N/A,N/A
Travel (Legacy),Auto Parts,Canada,4,$5.84  ~ $14.24 ,$6.28 ,N/A,0.09%,N/A,N/A
Travel (Legacy),Auto Parts,United Kingdom,12,$7.47  ~ $7.47 ,$8.44 ,$25.31 ,0.09%,N/A,N/A
Travel (Legacy),Distance Learning,United States,434,$11.72  ~ $12.49 ,$26.41 ,$68.90 ,0.04%,N/A,N/A
Travel (Legacy),Graduate School,Canada,76,$5.42  ~ $11.04 ,$17.86 ,N/A,0.03%,N/A,N/A
Travel (Legacy),Graduate School,United States,"3,056",$8.25  ~ $8.39 ,$2.75 ,$38.43 ,0.30%,N/A,N/A
Travel (Legacy),Graduate School,United Kingdom,126,$6.02  ~ $9.44 ,$37.23 ,N/A,0.03%,N/A,N/A
Travel (Legacy),Health/Lowfat Cooking,United States,798,$8.69  ~ $10.21 ,$7.98 ,$78.87 ,0.11%,N/A,N/A
Travel (Legacy),Health/Lowfat Cooking,United Kingdom,17,$5.56  ~ $5.56 ,$8.06 ,N/A,0.07%,N/A,N/A
Travel (Legacy),Health/Lowfat Cooking,Canada,19,$2.96  ~ $11.70 ,$28.08 ,N/A,0.04%,N/A,N/A
Travel (Legacy),Hobbies & Interests,United States,"6,047",$7.71  ~ $8.25 ,$9.29 ,$34.52 ,0.09%,N/A,N/A
Travel (Legacy),Hobbies & Interests,United Kingdom,"6,057",$1.77  ~ $1.77 ,$5.68 ,$5.88 ,0.03%,N/A,N/A
Travel (Legacy),Clothing,Mexico,6,$3.64  ~ $4.06 ,$2.03 ,$14.22 ,0.20%,N/A,N/A
Travel (Legacy),Clothing,United Kingdom,33,$6.40  ~ $8.55 ,$15.46 ,N/A,0.04%,N/A,N/A
Travel (Legacy),Clothing,Canada,193,$4.40  ~ $7.23 ,$2.23 ,$10.89 ,0.20%,N/A,N/A
Travel (Legacy),Clothing,United States,"9,108",$7.01  ~ $7.90 ,$6.04 ,$35.92 ,0.12%,N/A,N/A
Travel (Legacy),Adult Education,Canada,4,$4.18  ~ $6.86 ,N/A,N/A,N/A,N/A,N/A
Travel (Legacy),Adult Education,United Kingdom,8,$7.60  ~ $9.04 ,$9.85 ,N/A,0.09%,N/A,N/A
Travel (Legacy),Adult Education,United States,93,$3.20  ~ $11.38 ,$8.86 ,N/A,0.13%,N/A,N/A
Travel (Legacy),Health & Fitness,Canada,275,$4.76  ~ $6.57 ,$4.58 ,$49.80 ,0.10%,N/A,N/A
Travel (Legacy),Health & Fitness,United States,"29,940",$9.10  ~ $9.18 ,$3.41 ,$59.90 ,0.27%,N/A,N/A
Travel (Legacy),Health & Fitness,United Kingdom,"1,014",$6.62  ~ $7.07 ,$10.79 ,$87.58 ,0.07%,N/A,N/A
Travel (Legacy),Health & Fitness,Ireland,3,$1.65  ~ $4.49 ,$4.06 ,N/A,0.11%,N/A,N/A
Travel (Legacy),Incest/Abuse Support,Canada,22,$5.17  ~ $7.47 ,N/A,N/A,N/A,N/A,N/A
Travel (Legacy),Incest/Abuse Support,United States,"1,584",$7.85  ~ $9.97 ,$10.47 ,$137.94 ,0.07%,N/A,N/A
Travel (Legacy),Body Art,United States,4,$2.14  ~ $4.91 ,N/A,N/A,N/A,N/A,N/A
Travel (Legacy),U.S. Military,United States,159,$2.68  ~ $2.68 ,N/A,N/A,N/A,N/A,N/A
Travel (Legacy),Home Repair,Canada,26,$4.84  ~ $5.14 ,$10.20 ,N/A,0.05%,N/A,N/A
Travel (Legacy),Home Repair,United States,"5,082",$7.70  ~ $8.59 ,$4.01 ,$45.39 ,0.19%,N/A,N/A
Travel (Legacy),Home Repair,United Kingdom,334,$7.76  ~ $9.14 ,$9.30 ,N/A,0.08%,N/A,N/A
Travel (Legacy),Pro Basketball,United Kingdom,361,$7.09  ~ $8.16 ,$41.76 ,$750.76 ,0.02%,N/A,N/A
Travel (Legacy),Pro Basketball,Canada,18,$7.51  ~ $11.49 ,$6.04 ,N/A,0.12%,N/A,N/A
Travel (Legacy),Pro Basketball,United States,545,$7.75  ~ $8.83 ,$7.48 ,$84.03 ,0.10%,N/A,N/A
Travel (Legacy),Government,United States,166,$7.92  ~ $7.98 ,$8.31 ,N/A,0.10%,N/A,N/A
Travel (Legacy),Food & Drink,United States,"2,227",$6.35  ~ $6.43 ,$2.54 ,$20.54 ,0.25%,N/A,N/A
Travel (Legacy),Food & Drink,Canada,9,$5.50  ~ $11.30 ,N/A,N/A,N/A,N/A,N/A
Travel (Legacy),Air Travel,United States,"5,319",$6.49  ~ $7.82 ,$3.47 ,$53.83 ,0.23%,N/A,N/A
Travel (Legacy),Air Travel,United Kingdom,89,$6.42  ~ $14.77 ,$26.01 ,N/A,0.02%,N/A,N/A
Travel (Legacy),Air Travel,Canada,20,$6.32  ~ $6.68 ,$11.80 ,$54.38 ,0.06%,N/A,N/A
Travel (Legacy),Environmental Safety,United States,272,$9.30  ~ $9.39 ,$16.44 ,N/A,0.06%,N/A,N/A
Travel (Legacy),Local News,United States,186,$8.30  ~ $16.86 ,$42.03 ,N/A,0.02%,N/A,N/A
Travel (Legacy),Scholarships,United States,4,$7.79  ~ $7.79 ,N/A,N/A,N/A,N/A,N/A
Travel (Legacy),Gardening,United States,"5,980",$4.51  ~ $7.24 ,$4.21 ,$60.04 ,0.11%,N/A,N/A
Travel (Legacy),Gardening,United Kingdom,209,$0.00  ~ $2.19 ,$3.45 ,$13.10 ,0.06%,N/A,N/A
Travel (Legacy),Gardening,Canada,275,$2.74  ~ $4.91 ,$5.31 ,N/A,0.09%,N/A,N/A
Travel (Legacy),Buying/Selling Cars,Canada,396,$5.31  ~ $7.11 ,$16.14 ,N/A,0.03%,N/A,N/A
Travel (Legacy),Buying/Selling Cars,United States,"2,267",$6.93  ~ $7.17 ,$7.83 ,$89.23 ,0.09%,N/A,N/A
Travel (Legacy),Buying/Selling Cars,United Kingdom,97,$7.76  ~ $11.60 ,$20.11 ,$81.88 ,0.06%,N/A,N/A
Travel (Legacy),Mountain Biking,United States,21,$6.61  ~ $6.76 ,$3.01 ,N/A,0.22%,N/A,N/A
Travel (Legacy),Mountain Biking,Canada,2,$6.27  ~ $6.66 ,$2.23 ,$19.36 ,0.28%,N/A,N/A
Travel (Legacy),Mutual Funds,Canada,1,$5.42  ~ $5.60 ,$2.72 ,N/A,0.20%,N/A,N/A
Travel (Legacy),Mutual Funds,United States,"2,809",$8.07  ~ $8.19 ,$9.55 ,$163.81 ,0.08%,N/A,N/A
Travel (Legacy),Football,Canada,113,$4.86  ~ $5.53 ,$9.03 ,$25.29 ,0.06%,N/A,N/A
Travel (Legacy),Football,United States,768,$7.03  ~ $7.28 ,$16.21 ,$97.40 ,0.04%,N/A,N/A
Travel (Legacy),Weddings,United States,85,$6.48  ~ $6.62 ,$10.83 ,N/A,0.06%,N/A,N/A
Travel (Legacy),K-6 Educators,United States,"1,513",$6.32  ~ $10.66 ,$3.32 ,$32.28 ,0.19%,N/A,N/A
Travel (Legacy),K-6 Educators,United Kingdom,1,$6.38  ~ $7.03 ,$12.37 ,N/A,0.05%,N/A,N/A
Travel (Legacy),K-6 Educators,Canada,1,$3.59  ~ $11.01 ,N/A,N/A,N/A,N/A,N/A
Travel (Legacy),Sexuality,United States,"9,409",$6.21  ~ $6.87 ,$7.82 ,$50.38 ,0.08%,N/A,N/A
Travel (Legacy),Collecting,United States,128,$5.21  ~ $8.24 ,$14.89 ,N/A,0.06%,N/A,N/A
Travel (Legacy),"Law, Gov't & Politics",United States,27,$1.25  ~ $5.44 ,N/A,N/A,N/A,N/A,N/A
Travel (Legacy),College,Canada,73,$4.68  ~ $6.89 ,$6.37 ,$35.82 ,0.07%,N/A,N/A
Travel (Legacy),College,United States,"2,671",$6.14  ~ $8.61 ,$5.93 ,$115.07 ,0.15%,N/A,N/A
Travel (Legacy),College,United Kingdom,98,$8.60  ~ $9.37 ,$16.27 ,$139.76 ,0.06%,N/A,N/A
Travel (Legacy),Dental Care,Canada,5,$2.24  ~ $4.54 ,$0.83 ,N/A,0.27%,N/A,N/A
Travel (Legacy),Dental Care,United States,338,$3.32  ~ $3.48 ,N/A,N/A,N/A,N/A,N/A
Travel (Legacy),Dental Care,United Kingdom,9,$16.69  ~ $36.10 ,N/A,N/A,N/A,N/A,N/A
Travel (Legacy),Allergies,Canada,54,$5.15  ~ $12.57 ,$2.14 ,N/A,0.24%,N/A,N/A
Travel (Legacy),Allergies,United Kingdom,14,$3.34  ~ $6.82 ,N/A,N/A,N/A,N/A,N/A
Travel (Legacy),Large Animals,United States,23,$13.44  ~ $27.47 ,N/A,N/A,N/A,N/A,N/A
Travel (Legacy),Homework/Study Tips,United States,43,$2.19  ~ $5.01 ,N/A,N/A,N/A,N/A,N/A
Travel (Legacy),Home & Garden,United States,"12,163",$6.68  ~ $6.82 ,$4.97 ,$62.74 ,0.13%,N/A,N/A
Travel (Legacy),Home & Garden,Canada,455,$2.86  ~ $4.69 ,$9.38 ,$329.51 ,0.05%,N/A,N/A
Travel (Legacy),Home & Garden,United Kingdom,177,$6.81  ~ $6.89 ,$18.61 ,N/A,0.04%,N/A,N/A
Travel (Legacy),Cruises,United States,"2,219",$7.40  ~ $9.23 ,$4.39 ,$39.98 ,0.21%,N/A,N/A
Travel (Legacy),Cruises,United Kingdom,43,$5.48  ~ $5.58 ,$12.83 ,$141.82 ,0.04%,N/A,N/A
Travel (Legacy),Cruises,Canada,32,$6.85  ~ $7.36 ,$7.14 ,$27.82 ,0.10%,N/A,N/A
Travel (Legacy),Theme Parks,United States,69,$5.37  ~ $5.37 ,$3.57 ,$6.23 ,0.15%,N/A,N/A
Travel (Legacy),Theme Parks,Canada,72,$4.99  ~ $11.19 ,$5.27 ,N/A,0.09%,N/A,N/A
Travel (Legacy),Education,United States,"5,439",$7.47  ~ $7.60 ,$4.02 ,$54.74 ,0.19%,N/A,N/A
Travel (Legacy),Education,Canada,23,$7.84  ~ $9.70 ,N/A,N/A,N/A,N/A,N/A
Travel (Legacy),Education,United Kingdom,156,$6.08  ~ $9.80 ,$12.73 ,$109.88 ,0.05%,N/A,N/A
Travel (Legacy),Cell Phones,United States,101,$13.54  ~ $13.54 ,$70.49 ,$115.76 ,0.02%,N/A,N/A
Travel (Legacy),Forestry,United States,6,$6.69  ~ $14.47 ,$2.96 ,$2.92 ,0.23%,N/A,N/A
Travel (Legacy),Barbecues & Grilling,Canada,22,$4.78  ~ $11.11 ,$6.83 ,$34.13 ,0.07%,N/A,N/A
Travel (Legacy),Legal Issues,United States,"19,947",$7.95  ~ $10.24 ,$7.55 ,$64.68 ,0.11%,N/A,N/A
Travel (Legacy),Legal Issues,United Kingdom,603,$4.34  ~ $4.54 ,$7.98 ,$75.15 ,0.06%,N/A,N/A
Travel (Legacy),Legal Issues,Canada,408,$5.29  ~ $6.01 ,$5.60 ,$37.03 ,0.11%,N/A,N/A
Travel (Legacy),Automotive,Canada,52,$7.97  ~ $9.19 ,$7.90 ,$106.40 ,0.10%,N/A,N/A
Travel (Legacy),Automotive,United States,"7,710",$8.41  ~ $9.74 ,$13.87 ,$112.78 ,0.06%,N/A,N/A
Travel (Legacy),Automotive,United Kingdom,106,$7.30  ~ $18.95 ,$12.49 ,$137.34 ,0.15%,N/A,N/A
Travel (Legacy),Roleplaying Games,United States,15,$2.14  ~ $5.34 ,N/A,N/A,N/A,N/A,N/A
Travel (Legacy),Tax Planning,United States,21,$8.71  ~ $9.17 ,N/A,N/A,N/A,N/A,N/A
Travel (Legacy),Cold & Flu,United States,894,$6.71  ~ $10.16 ,$1.87 ,N/A,0.54%,N/A,N/A
Travel (Legacy),Cold & Flu,Canada,6,$2.21  ~ $5.21 ,N/A,N/A,N/A,N/A,N/A
Travel (Legacy),Cold & Flu,United Kingdom,50,$13.51  ~ $27.84 ,N/A,N/A,N/A,N/A,N/A
Travel (Legacy),Guitar,United States,169,$2.45  ~ $5.31 ,N/A,N/A,N/A,N/A,N/A
Travel (Legacy),Biotech/Biomedical,United States,"4,423",$10.59  ~ $27.09 ,$3.24 ,$85.08 ,0.33%,N/A,N/A
Travel (Legacy),Biotech/Biomedical,Canada,50,$6.94  ~ $7.67 ,$11.30 ,N/A,0.06%,N/A,N/A
Travel (Legacy),Biotech/Biomedical,United Kingdom,2,$7.54  ~ $11.49 ,$5.31 ,N/A,0.22%,N/A,N/A
Travel (Legacy),Construction,United Kingdom,28,$7.05  ~ $9.05 ,$0.76 ,N/A,0.93%,N/A,N/A
Travel (Legacy),Construction,United States,840,$6.33  ~ $7.72 ,$1.33 ,$17.63 ,0.48%,N/A,N/A
Travel (Legacy),Construction,Canada,14,$4.92  ~ $10.40 ,N/A,N/A,N/A,N/A,N/A
Travel (Legacy),Cocktails/Beer,Canada,20,$9.26  ~ $9.47 ,$7.13 ,N/A,0.13%,N/A,N/A
Travel (Legacy),Cocktails/Beer,United States,"2,601",$8.21  ~ $9.45 ,$5.55 ,$118.78 ,0.15%,N/A,N/A
Travel (Legacy),Coffee/Tea,United States,"10,152",$5.30  ~ $7.35 ,$2.10 ,$5.58 ,0.25%,N/A,N/A
Travel (Legacy),Arts & Crafts,Canada,2,$0.00  ~ $0.00 ,N/A,N/A,N/A,N/A,N/A
Travel (Legacy),Cocktails/Beer,United Kingdom,79,$0.00  ~ $0.00 ,N/A,N/A,N/A,N/A,N/A
Travel (Legacy),Tax Planning,Canada,1,$0.00  ~ $0.00 ,N/A,N/A,N/A,N/A,N/A