Category,Brand Category,Video Type,Country,Device,Impressions,eCPM,eCPC,eCPE,CTR,Video Completion Rate,Audio Completion Rate
Arts & Entertainment (Legacy),Credit/Debt & Loans,Instream,United States,Desktop,N/A,$0.00  ~ $0.00 ,N/A,N/A,N/A,N/A,N/A
Arts & Entertainment (Legacy),Graduate School,Instream,United States,Desktop,N/A,$45.74  ~ $45.74 ,N/A,N/A,N/A,91.16%,N/A
Arts & Entertainment (Legacy),Graduate School,Instream,United States,Mobile Web,N/A,$41.11  ~ $41.11 ,$1.59 ,N/A,2.59%,68.16%,N/A
Arts & Entertainment (Legacy),Graduate School,Interstitial,United States,Desktop,N/A,$21.73  ~ $21.73 ,N/A,N/A,N/A,100.00%,N/A
Arts & Entertainment (Legacy),Graduate School,Outstream,United States,Desktop,N/A,$45.35  ~ $45.35 ,N/A,N/A,N/A,50.00%,N/A
Arts & Entertainment (Legacy),Legal Issues,Instream,United States,Desktop,N/A,$42.11  ~ $42.30 ,N/A,N/A,N/A,98.34%,N/A
Arts & Entertainment (Legacy),Auto Repair,Instream,United States,Desktop,N/A,$36.47  ~ $36.47 ,N/A,N/A,N/A,95.99%,N/A
Arts & Entertainment (Legacy),Commentary,Instream,United States,Desktop,N/A,$44.58  ~ $44.58 ,N/A,N/A,N/A,100.00%,N/A
Arts & Entertainment (Legacy),Automotive,Instream,United States,Desktop,N/A,$32.72  ~ $32.73 ,$27.34 ,N/A,0.12%,98.44%,N/A
Arts & Entertainment (Legacy),Automotive,Instream,United States,Mobile Web,N/A,$39.99  ~ $39.99 ,$6.03 ,N/A,0.66%,84.86%,N/A
Arts & Entertainment (Legacy),Automotive,Outstream,United States,Desktop,N/A,$28.47  ~ $28.47 ,N/A,N/A,N/A,100.00%,N/A
Arts & Entertainment (Legacy),Automotive,Outstream,United States,Mobile Web,N/A,$38.55  ~ $38.55 ,N/A,N/A,N/A,100.00%,N/A
Arts & Entertainment (Legacy),Automotive,Interstitial,United States,Desktop,N/A,$21.73  ~ $21.73 ,N/A,N/A,N/A,100.00%,N/A
Arts & Entertainment (Legacy),Home & Garden,Instream,United States,Desktop,57,$29.16  ~ $29.18 ,$34.86 ,N/A,0.08%,97.57%,N/A
Arts & Entertainment (Legacy),Home & Garden,Instream,United States,Mobile Web,2,$28.53  ~ $38.47 ,$8.26 ,N/A,0.35%,76.97%,N/A
Arts & Entertainment (Legacy),Home & Garden,Instream,United States,Tablet,N/A,$28.16  ~ $35.37 ,$22.61 ,N/A,0.12%,85.57%,N/A
Arts & Entertainment (Legacy),Home & Garden,Outstream,United States,Desktop,N/A,$35.36  ~ $50.02 ,$2.29 ,N/A,1.54%,73.36%,N/A
Arts & Entertainment (Legacy),Home & Garden,Outstream,United States,Tablet,N/A,$32.08  ~ $47.84 ,N/A,N/A,N/A,58.33%,N/A
Arts & Entertainment (Legacy),Home & Garden,Outstream,United States,Mobile Web,N/A,$19.06  ~ $19.06 ,N/A,N/A,N/A,55.56%,N/A
Arts & Entertainment (Legacy),Biotech/Biomedical,Instream,United States,Desktop,N/A,$54.65  ~ $54.65 ,N/A,N/A,N/A,75.00%,N/A
Arts & Entertainment (Legacy),Biotech/Biomedical,Instream,United States,Mobile Web,N/A,$41.67  ~ $41.67 ,N/A,N/A,N/A,N/A,N/A
Arts & Entertainment (Legacy),College,Instream,United States,Desktop,N/A,$82.78  ~ $82.78 ,N/A,N/A,N/A,98.16%,N/A
Arts & Entertainment (Legacy),College,Instream,United States,Mobile Web,N/A,$65.30  ~ $65.30 ,N/A,N/A,N/A,100.00%,N/A
Arts & Entertainment (Legacy),Remodeling & Construction,Instream,United States,Tablet,N/A,$38.53  ~ $38.53 ,N/A,N/A,N/A,77.78%,N/A
Arts & Entertainment (Legacy),Remodeling & Construction,Instream,United States,Desktop,N/A,$37.10  ~ $37.10 ,$13.69 ,N/A,0.27%,96.05%,N/A
Arts & Entertainment (Legacy),Remodeling & Construction,Instream,United States,Mobile Web,N/A,$36.98  ~ $36.98 ,N/A,N/A,N/A,77.78%,N/A
Arts & Entertainment (Legacy),Remodeling & Construction,Outstream,United States,Desktop,N/A,$39.82  ~ $39.82 ,$0.98 ,N/A,4.07%,71.29%,N/A
Arts & Entertainment (Legacy),Remodeling & Construction,Outstream,United States,Tablet,N/A,$39.32  ~ $39.32 ,N/A,N/A,N/A,50.00%,N/A
Arts & Entertainment (Legacy),Remodeling & Construction,Outstream,United States,Mobile Web,N/A,$35.94  ~ $35.94 ,N/A,N/A,N/A,100.00%,N/A
Arts & Entertainment (Legacy),Real Estate,Instream,Canada,Desktop,N/A,$28.37  ~ $28.37 ,N/A,N/A,N/A,100.00%,N/A
Arts & Entertainment (Legacy),Real Estate,Instream,Canada,Mobile Web,N/A,$28.39  ~ $28.39 ,N/A,N/A,N/A,100.00%,N/A
Arts & Entertainment (Legacy),Real Estate,Instream,United States,Mobile Web,N/A,$63.84  ~ $63.84 ,N/A,N/A,N/A,100.00%,N/A
Arts & Entertainment (Legacy),Real Estate,Instream,United States,Desktop,N/A,$83.23  ~ $83.23 ,N/A,N/A,N/A,97.77%,N/A
Arts & Entertainment (Legacy),Cold & Flu,Instream,United States,Desktop,N/A,$33.85  ~ $73.47 ,N/A,N/A,N/A,100.00%,N/A
Arts & Entertainment (Legacy),Cold & Flu,Instream,United States,Mobile Web,N/A,$35.23  ~ $75.16 ,N/A,N/A,N/A,100.00%,N/A
Arts & Entertainment (Legacy),Senior Living,Instream,United States,Desktop,N/A,$57.87  ~ $57.87 ,N/A,N/A,N/A,60.00%,N/A
Arts & Entertainment (Legacy),Health & Fitness,Instream,Canada,Desktop,N/A,$30.46  ~ $45.07 ,N/A,N/A,N/A,93.94%,N/A
Arts & Entertainment (Legacy),Health & Fitness,Instream,United States,Tablet,N/A,$32.65  ~ $34.14 ,$3.85 ,N/A,0.85%,93.45%,N/A
Arts & Entertainment (Legacy),Health & Fitness,Instream,United States,Desktop,N/A,$26.99  ~ $28.92 ,$34.25 ,N/A,0.08%,97.41%,N/A
Arts & Entertainment (Legacy),Health & Fitness,Instream,United States,Mobile Web,N/A,$29.77  ~ $34.39 ,$6.18 ,N/A,0.48%,80.87%,N/A
Arts & Entertainment (Legacy),Health & Fitness,Instream,United Kingdom,Mobile Web,N/A,$44.39  ~ $100.33 ,N/A,N/A,N/A,75.00%,N/A
Arts & Entertainment (Legacy),Health & Fitness,Outstream,United States,Desktop,N/A,$36.81  ~ $36.88 ,$2.25 ,N/A,1.64%,67.92%,N/A
Arts & Entertainment (Legacy),Health & Fitness,Outstream,United States,Tablet,N/A,$58.58  ~ $58.91 ,N/A,N/A,N/A,58.62%,N/A
Arts & Entertainment (Legacy),Health & Fitness,Outstream,United States,Mobile Web,N/A,$42.06  ~ $42.06 ,N/A,N/A,N/A,80.00%,N/A
Arts & Entertainment (Legacy),Health & Fitness,Interstitial,United States,Tablet,N/A,$51.78  ~ $51.78 ,N/A,N/A,N/A,100.00%,N/A
Arts & Entertainment (Legacy),Interior Decorating,Instream,United States,Desktop,N/A,$29.46  ~ $29.46 ,$54.01 ,N/A,0.05%,96.25%,N/A
Arts & Entertainment (Legacy),Interior Decorating,Instream,United States,Mobile Web,N/A,$36.20  ~ $36.20 ,$1.15 ,N/A,3.14%,66.08%,N/A
Arts & Entertainment (Legacy),Interior Decorating,Instream,United States,Tablet,N/A,$35.12  ~ $35.12 ,$2.39 ,N/A,1.47%,78.79%,N/A
Arts & Entertainment (Legacy),Insurance,Instream,United States,Desktop,N/A,$46.41  ~ $46.41 ,$672.28 ,N/A,0.01%,97.21%,N/A
Arts & Entertainment (Legacy),Insurance,Outstream,United States,Mobile Web,N/A,$45.32  ~ $45.32 ,N/A,N/A,N/A,80.00%,N/A
Arts & Entertainment (Legacy),Politics,Instream,United States,Desktop,N/A,$78.91  ~ $80.76 ,$38.68 ,N/A,0.20%,91.92%,N/A
Arts & Entertainment (Legacy),Politics,Instream,United States,Mobile Web,N/A,$83.05  ~ $83.57 ,$3.54 ,N/A,2.34%,71.92%,N/A
Arts & Entertainment (Legacy),Politics,Instream,United States,Tablet,N/A,$81.80  ~ $82.52 ,$2.92 ,N/A,2.80%,81.90%,N/A
Arts & Entertainment (Legacy),Politics,Outstream,United States,Desktop,N/A,$66.58  ~ $66.58 ,$1.74 ,N/A,3.82%,65.22%,N/A
Arts & Entertainment (Legacy),Politics,Outstream,United States,Tablet,N/A,$51.12  ~ $51.12 ,N/A,N/A,N/A,N/A,N/A
Arts & Entertainment (Legacy),Politics,Interstitial,United States,Desktop,N/A,$47.20  ~ $47.20 ,N/A,N/A,N/A,100.00%,N/A
Arts & Entertainment (Legacy),Home Repair,Outstream,United States,Desktop,N/A,$44.09  ~ $44.09 ,$1.76 ,N/A,2.50%,75.00%,N/A
Arts & Entertainment (Legacy),Home Repair,Outstream,United States,Tablet,N/A,$43.89  ~ $43.89 ,N/A,N/A,N/A,100.00%,N/A
Arts & Entertainment (Legacy),Home Repair,Instream,United States,Desktop,N/A,$42.72  ~ $42.72 ,$8.31 ,N/A,0.51%,97.41%,N/A
Arts & Entertainment (Legacy),Home Repair,Instream,United States,Mobile Web,N/A,$29.14  ~ $29.14 ,N/A,N/A,N/A,90.00%,N/A
Arts & Entertainment (Legacy),Catholicism,Instream,United States,Desktop,N/A,$73.38  ~ $73.38 ,N/A,N/A,N/A,97.84%,N/A
Arts & Entertainment (Legacy),Catholicism,Outstream,United States,Desktop,N/A,$74.65  ~ $74.65 ,N/A,N/A,N/A,100.00%,N/A
Arts & Entertainment (Legacy),Arts & Entertainment,Instream,Canada,Tablet,N/A,$37.94  ~ $41.74 ,N/A,N/A,N/A,93.88%,N/A
Arts & Entertainment (Legacy),Arts & Entertainment,Instream,Canada,Desktop,N/A,$38.67  ~ $40.67 ,$15.31 ,N/A,0.25%,93.02%,N/A
Arts & Entertainment (Legacy),Arts & Entertainment,Instream,Canada,Mobile Web,N/A,$38.98  ~ $40.56 ,N/A,N/A,N/A,93.41%,N/A
Arts & Entertainment (Legacy),Arts & Entertainment,Instream,United States,Desktop,N/A,$25.46  ~ $30.10 ,$52.21 ,N/A,0.05%,98.28%,N/A
Arts & Entertainment (Legacy),Arts & Entertainment,Instream,United States,Mobile Web,N/A,$21.59  ~ $28.69 ,N/A,N/A,N/A,88.26%,N/A
Arts & Entertainment (Legacy),Arts & Entertainment,Outstream,United States,Mobile Web,N/A,$0.00  ~ $11.90 ,N/A,N/A,N/A,61.11%,N/A
Arts & Entertainment (Legacy),Arts & Entertainment,Outstream,United States,Desktop,N/A,$40.51  ~ $40.51 ,N/A,N/A,N/A,100.00%,N/A
Arts & Entertainment (Legacy),"Law, Gov't & Politics",Interstitial,United States,Tablet,N/A,$38.84  ~ $38.84 ,N/A,N/A,N/A,50.00%,N/A
Arts & Entertainment (Legacy),"Law, Gov't & Politics",Interstitial,United States,Desktop,N/A,$62.11  ~ $62.11 ,N/A,N/A,N/A,100.00%,N/A
Arts & Entertainment (Legacy),"Law, Gov't & Politics",Instream,United States,Desktop,N/A,$53.07  ~ $57.78 ,$80.65 ,N/A,0.07%,97.49%,N/A
Arts & Entertainment (Legacy),"Law, Gov't & Politics",Instream,United States,Mobile Web,N/A,$65.03  ~ $68.49 ,$6.01 ,N/A,1.08%,82.87%,N/A
Arts & Entertainment (Legacy),"Law, Gov't & Politics",Instream,United States,Tablet,N/A,$67.28  ~ $68.93 ,$22.02 ,N/A,0.31%,93.54%,N/A
Arts & Entertainment (Legacy),"Law, Gov't & Politics",Outstream,United States,Desktop,N/A,$51.74  ~ $52.05 ,$2.05 ,N/A,2.54%,68.70%,N/A
Arts & Entertainment (Legacy),"Law, Gov't & Politics",Outstream,United States,Tablet,N/A,$45.88  ~ $53.68 ,N/A,N/A,N/A,42.86%,N/A
Arts & Entertainment (Legacy),"Law, Gov't & Politics",Outstream,United States,Mobile Web,N/A,$47.34  ~ $47.34 ,N/A,N/A,N/A,N/A,N/A
Arts & Entertainment (Legacy),Business Software,Instream,United States,Desktop,N/A,$41.85  ~ $41.85 ,N/A,N/A,N/A,100.00%,N/A
Arts & Entertainment (Legacy),Hotels,Instream,United States,Mobile Web,N/A,$38.10  ~ $38.10 ,N/A,N/A,N/A,100.00%,N/A
Arts & Entertainment (Legacy),Hotels,Instream,United States,Desktop,N/A,$36.47  ~ $36.47 ,N/A,N/A,N/A,92.86%,N/A
Arts & Entertainment (Legacy),Music,Instream,United States,Desktop,1,$27.94  ~ $27.97 ,$22.11 ,N/A,0.13%,98.88%,N/A
Arts & Entertainment (Legacy),Music,Outstream,United States,Desktop,N/A,$36.96  ~ $36.96 ,N/A,N/A,N/A,50.00%,N/A
Arts & Entertainment (Legacy),Health/Lowfat Cooking,Instream,United States,Desktop,N/A,$24.39  ~ $24.39 ,N/A,N/A,N/A,100.00%,N/A
Arts & Entertainment (Legacy),Food & Drink,Instream,United States,Desktop,18,$54.11  ~ $60.69 ,N/A,N/A,N/A,95.01%,N/A
Arts & Entertainment (Legacy),Food & Drink,Instream,United States,Mobile Web,N/A,$42.30  ~ $42.30 ,$8.42 ,N/A,0.50%,94.39%,N/A
Arts & Entertainment (Legacy),Food & Drink,Instream,United States,Tablet,N/A,$43.05  ~ $43.05 ,N/A,N/A,N/A,100.00%,N/A
Arts & Entertainment (Legacy),Food & Drink,Instream,Canada,Desktop,N/A,$18.29  ~ $18.29 ,$3.90 ,N/A,0.47%,97.47%,N/A
Arts & Entertainment (Legacy),Travel,Instream,United States,Desktop,N/A,$53.05  ~ $54.08 ,$82.63 ,N/A,0.06%,98.16%,N/A
Arts & Entertainment (Legacy),Travel,Instream,United States,Mobile Web,N/A,$50.60  ~ $51.00 ,$5.52 ,N/A,0.92%,93.27%,N/A
Arts & Entertainment (Legacy),Travel,Instream,United States,Tablet,N/A,$31.82  ~ $31.82 ,N/A,N/A,N/A,97.56%,N/A
Arts & Entertainment (Legacy),Travel,Instream,United Kingdom,Desktop,N/A,$62.55  ~ $62.67 ,N/A,N/A,N/A,98.65%,N/A
Arts & Entertainment (Legacy),Travel,Instream,United Kingdom,Mobile Web,N/A,$53.60  ~ $53.60 ,N/A,N/A,N/A,100.00%,N/A
Arts & Entertainment (Legacy),Art/Technology,Outstream,United States,Desktop,N/A,$31.75  ~ $35.76 ,N/A,N/A,N/A,N/A,N/A
Arts & Entertainment (Legacy),Pets,Instream,United States,Desktop,4,$15.25  ~ $15.25 ,N/A,N/A,N/A,94.26%,N/A
Arts & Entertainment (Legacy),Pets,Instream,United States,Mobile Web,N/A,$20.36  ~ $20.36 ,N/A,N/A,N/A,93.33%,N/A
Arts & Entertainment (Legacy),Hobbies & Interests,Instream,United States,Desktop,N/A,$51.52  ~ $51.56 ,$59.35 ,N/A,0.09%,98.27%,N/A
Arts & Entertainment (Legacy),Hobbies & Interests,Instream,United States,Mobile Web,N/A,$58.71  ~ $58.71 ,$68.92 ,N/A,0.09%,92.16%,N/A
Arts & Entertainment (Legacy),Hobbies & Interests,Instream,United States,Tablet,N/A,$57.34  ~ $57.34 ,N/A,N/A,N/A,97.35%,N/A
Arts & Entertainment (Legacy),Hobbies & Interests,Interstitial,United States,Desktop,N/A,$61.60  ~ $61.60 ,$8.44 ,N/A,0.73%,77.36%,N/A
Arts & Entertainment (Legacy),Hobbies & Interests,Outstream,United States,Desktop,N/A,$44.79  ~ $44.79 ,$0.87 ,N/A,5.15%,66.67%,N/A
Arts & Entertainment (Legacy),Hobbies & Interests,Outstream,United States,Mobile Web,N/A,$46.96  ~ $46.96 ,N/A,N/A,N/A,62.50%,N/A
Arts & Entertainment (Legacy),Hobbies & Interests,Outstream,United States,Tablet,N/A,$44.55  ~ $44.55 ,N/A,N/A,N/A,50.00%,N/A
Arts & Entertainment (Legacy),Television,Instream,United States,Smart TV,3,$14.04  ~ $14.04 ,N/A,N/A,N/A,100.00%,N/A
Arts & Entertainment (Legacy),Pediatrics,Instream,United States,Desktop,N/A,$40.09  ~ $92.49 ,N/A,N/A,N/A,100.00%,N/A
Arts & Entertainment (Legacy),Contests & Freebies,Instream,United States,Desktop,N/A,$38.01  ~ $38.01 ,N/A,N/A,N/A,97.96%,N/A
Arts & Entertainment (Legacy),Business,Instream,United States,Tablet,N/A,$30.49  ~ $36.68 ,N/A,N/A,N/A,93.65%,N/A
Arts & Entertainment (Legacy),Business,Instream,United States,Desktop,24,$39.02  ~ $40.24 ,$53.36 ,N/A,0.07%,97.18%,N/A
Arts & Entertainment (Legacy),Business,Instream,United States,Mobile Web,N/A,$27.23  ~ $28.82 ,$21.71 ,N/A,0.13%,91.09%,N/A
Arts & Entertainment (Legacy),Business,Instream,Canada,Tablet,N/A,$31.27  ~ $31.27 ,N/A,N/A,N/A,91.67%,N/A
Arts & Entertainment (Legacy),Business,Instream,Canada,Desktop,N/A,$31.37  ~ $31.54 ,$9.92 ,N/A,0.32%,96.48%,N/A
Arts & Entertainment (Legacy),Business,Instream,Canada,Mobile Web,N/A,$31.20  ~ $31.20 ,N/A,N/A,N/A,93.04%,N/A
Arts & Entertainment (Legacy),Business,Outstream,United States,Desktop,N/A,$26.98  ~ $55.79 ,$3.85 ,N/A,1.45%,84.53%,N/A
Arts & Entertainment (Legacy),Business,Outstream,United States,Tablet,N/A,$57.01  ~ $119.56 ,N/A,N/A,N/A,100.00%,N/A
Arts & Entertainment (Legacy),Business,Outstream,United States,Mobile Web,N/A,$35.68  ~ $71.65 ,N/A,N/A,N/A,N/A,N/A
Arts & Entertainment (Legacy),Education,Instream,United States,Tablet,N/A,$35.04  ~ $35.60 ,N/A,N/A,N/A,96.88%,N/A
Arts & Entertainment (Legacy),Education,Instream,United States,Desktop,1,$44.11  ~ $49.24 ,$159.34 ,N/A,0.03%,97.82%,N/A
Arts & Entertainment (Legacy),Education,Instream,United States,Mobile Web,N/A,$26.37  ~ $32.17 ,$18.92 ,N/A,0.17%,91.10%,N/A
Arts & Entertainment (Legacy),Education,Instream,Canada,Desktop,N/A,$29.63  ~ $30.19 ,$10.93 ,N/A,0.28%,95.92%,N/A
Arts & Entertainment (Legacy),Education,Outstream,United States,Desktop,N/A,$23.22  ~ $23.22 ,N/A,N/A,N/A,66.67%,N/A
Arts & Entertainment (Legacy),Education,Outstream,United States,Mobile Web,N/A,$34.81  ~ $74.06 ,N/A,N/A,N/A,50.00%,N/A
Arts & Entertainment (Legacy),Job Search,Instream,United States,Desktop,N/A,$32.45  ~ $32.45 ,N/A,N/A,N/A,98.04%,N/A
Arts & Entertainment (Legacy),Job Search,Outstream,United States,Desktop,N/A,$41.24  ~ $41.24 ,N/A,N/A,N/A,N/A,N/A
Arts & Entertainment (Legacy),Psychology/Psychiatry,Instream,United States,Desktop,N/A,$49.71  ~ $107.79 ,N/A,N/A,N/A,100.00%,N/A
Arts & Entertainment (Legacy),Personal Finance,Instream,United States,Desktop,4,$48.52  ~ $48.92 ,$30.85 ,N/A,0.16%,94.96%,N/A
Arts & Entertainment (Legacy),Personal Finance,Instream,United States,Mobile Web,N/A,$39.23  ~ $40.50 ,$2.19 ,N/A,1.79%,75.04%,N/A
Arts & Entertainment (Legacy),Personal Finance,Instream,United States,Tablet,N/A,$38.10  ~ $41.26 ,$2.84 ,N/A,1.34%,84.48%,N/A
Arts & Entertainment (Legacy),Personal Finance,Instream,Canada,Desktop,N/A,$28.31  ~ $38.07 ,$5.09 ,N/A,0.56%,95.44%,N/A
Arts & Entertainment (Legacy),Personal Finance,Instream,Canada,Mobile Web,N/A,$27.76  ~ $37.64 ,$14.15 ,N/A,0.20%,86.41%,N/A
Arts & Entertainment (Legacy),Personal Finance,Outstream,United States,Mobile Web,N/A,$48.84  ~ $48.84 ,N/A,N/A,N/A,87.50%,N/A
Arts & Entertainment (Legacy),Personal Finance,Outstream,United States,Tablet,N/A,$51.88  ~ $51.88 ,N/A,N/A,N/A,100.00%,N/A
Arts & Entertainment (Legacy),Personal Finance,Outstream,United States,Desktop,N/A,$49.25  ~ $49.25 ,$3.19 ,N/A,1.54%,78.26%,N/A
Arts & Entertainment (Legacy),Careers,Instream,United States,Desktop,N/A,$37.04  ~ $37.04 ,$155.03 ,N/A,0.02%,96.81%,N/A
Arts & Entertainment (Legacy),Careers,Instream,United States,Mobile Web,N/A,$41.87  ~ $41.87 ,$3.13 ,N/A,1.34%,71.16%,N/A
Arts & Entertainment (Legacy),Careers,Outstream,United States,Desktop,N/A,$46.46  ~ $46.46 ,N/A,N/A,N/A,100.00%,N/A
Arts & Entertainment (Legacy),Family & Parenting,Instream,United States,Desktop,N/A,$8.45  ~ $9.27 ,N/A,N/A,N/A,95.54%,N/A
Arts & Entertainment (Legacy),Family & Parenting,Instream,United States,Mobile Web,N/A,$0.00  ~ $0.00 ,N/A,N/A,N/A,N/A,N/A
Arts & Entertainment (Legacy),Buying/Selling Cars,Instream,United States,Desktop,N/A,$47.98  ~ $47.98 ,$277.47 ,N/A,0.02%,98.54%,N/A
Arts & Entertainment (Legacy),Buying/Selling Cars,Instream,United States,Mobile Web,3,$41.20  ~ $41.20 ,$7.20 ,N/A,0.57%,73.73%,N/A
Arts & Entertainment (Legacy),Buying/Selling Cars,Instream,United States,Tablet,N/A,$41.06  ~ $41.06 ,$15.11 ,N/A,0.27%,93.66%,N/A
Arts & Entertainment (Legacy),Buying/Selling Cars,Outstream,United States,Mobile Web,N/A,$39.89  ~ $39.89 ,N/A,N/A,N/A,100.00%,N/A
Arts & Entertainment (Legacy),News,Instream,United States,Mobile Web,N/A,$45.41  ~ $45.41 ,$1.24 ,N/A,3.65%,69.99%,N/A
Arts & Entertainment (Legacy),News,Instream,United States,Desktop,N/A,$55.83  ~ $55.85 ,$14.00 ,N/A,0.40%,85.89%,N/A
Arts & Entertainment (Legacy),News,Instream,United States,Tablet,N/A,$39.06  ~ $39.06 ,$1.24 ,N/A,3.14%,80.79%,N/A
Arts & Entertainment (Legacy),News,Instream,Canada,Desktop,N/A,$30.85  ~ $30.85 ,N/A,N/A,N/A,97.70%,N/A
Arts & Entertainment (Legacy),News,Instream,Canada,Mobile Web,N/A,$31.08  ~ $31.08 ,N/A,N/A,N/A,71.43%,N/A
Arts & Entertainment (Legacy),News,Instream,Canada,Tablet,N/A,$34.14  ~ $34.14 ,N/A,N/A,N/A,100.00%,N/A
Arts & Entertainment (Legacy),News,Outstream,United States,Desktop,N/A,$47.80  ~ $47.80 ,N/A,N/A,N/A,100.00%,N/A
Arts & Entertainment (Legacy),News,Interstitial,United States,Desktop,N/A,$34.70  ~ $34.70 ,$2.19 ,N/A,1.59%,80.67%,N/A
Arts & Entertainment (Legacy),Shopping,Outstream,United States,Desktop,N/A,$44.80  ~ $44.80 ,N/A,N/A,N/A,100.00%,N/A
Arts & Entertainment (Legacy),Shopping,Outstream,United States,Mobile Web,N/A,$48.22  ~ $48.22 ,N/A,N/A,N/A,60.00%,N/A
Arts & Entertainment (Legacy),Shopping,Instream,United States,Desktop,3,$49.72  ~ $49.74 ,$29.48 ,N/A,0.17%,97.13%,N/A
Arts & Entertainment (Legacy),Shopping,Instream,United States,Mobile Web,8,$34.98  ~ $34.98 ,$27.99 ,N/A,0.13%,91.86%,N/A
Arts & Entertainment (Legacy),Shopping,Instream,Canada,Mobile Web,N/A,$21.74  ~ $23.54 ,$2.73 ,N/A,0.80%,93.90%,N/A
Arts & Entertainment (Legacy),Shopping,Instream,Canada,Desktop,N/A,$24.19  ~ $25.58 ,$8.56 ,N/A,0.28%,96.87%,N/A
Arts & Entertainment (Legacy),Cell Phones,Outstream,Mexico,Desktop,N/A,$0.00  ~ $0.00 ,N/A,N/A,N/A,N/A,N/A
Arts & Entertainment (Legacy),Cell Phones,Outstream,Mexico,Mobile Web,N/A,$0.00  ~ $0.00 ,N/A,N/A,N/A,N/A,N/A
Arts & Entertainment (Legacy),Cell Phones,Outstream,United Kingdom,Desktop,N/A,$0.00  ~ $0.00 ,N/A,N/A,N/A,N/A,N/A
Arts & Entertainment (Legacy),"Law, Gov't & Politics",Outstream,Mexico,Desktop,N/A,$0.00  ~ $0.00 ,N/A,N/A,N/A,N/A,N/A
Arts & Entertainment (Legacy),"Law, Gov't & Politics",Outstream,Mexico,Mobile Web,N/A,$0.00  ~ $0.00 ,N/A,N/A,N/A,N/A,N/A
Arts & Entertainment (Legacy),"Law, Gov't & Politics",Outstream,Mexico,Tablet,N/A,$0.00  ~ $0.00 ,N/A,N/A,N/A,N/A,N/A
Arts & Entertainment (Legacy),"Law, Gov't & Politics",Outstream,Canada,Desktop,N/A,$0.00  ~ $0.00 ,N/A,N/A,N/A,N/A,N/A
Arts & Entertainment (Legacy),"Law, Gov't & Politics",Instream,Canada,Desktop,N/A,$0.00  ~ $0.00 ,N/A,N/A,N/A,N/A,N/A
Arts & Entertainment (Legacy),"Law, Gov't & Politics",Instream,Mexico,Desktop,N/A,$0.00  ~ $0.00 ,N/A,N/A,N/A,N/A,N/A
Arts & Entertainment (Legacy),"Law, Gov't & Politics",Instream,Mexico,Mobile Web,N/A,$0.00  ~ $0.00 ,N/A,N/A,N/A,N/A,N/A
Arts & Entertainment (Legacy),"Law, Gov't & Politics",Interstitial,United States,Mobile Web,N/A,$0.00  ~ $0.00 ,N/A,N/A,N/A,N/A,N/A
Arts & Entertainment (Legacy),"Law, Gov't & Politics",Interstitial,Mexico,Mobile Web,N/A,$0.00  ~ $0.00 ,N/A,N/A,N/A,N/A,N/A
Arts & Entertainment (Legacy),Shopping,Outstream,Canada,Mobile Web,N/A,$0.00  ~ $0.00 ,N/A,N/A,N/A,N/A,N/A
Arts & Entertainment (Legacy),Shopping,Outstream,Canada,Desktop,N/A,$0.00  ~ $0.00 ,N/A,N/A,N/A,N/A,N/A
Arts & Entertainment (Legacy),Shopping,Outstream,United States,Tablet,N/A,$0.00  ~ $0.00 ,N/A,N/A,N/A,N/A,N/A
Arts & Entertainment (Legacy),Shopping,Outstream,United Kingdom,Mobile Web,N/A,$0.00  ~ $0.00 ,N/A,N/A,N/A,N/A,N/A
Arts & Entertainment (Legacy),Shopping,Outstream,United Kingdom,Desktop,N/A,$0.00  ~ $0.00 ,N/A,N/A,N/A,N/A,N/A
Arts & Entertainment (Legacy),Shopping,Instream,United Kingdom,Desktop,N/A,$0.00  ~ $0.00 ,N/A,N/A,N/A,N/A,N/A
Arts & Entertainment (Legacy),Shopping,Instream,United Kingdom,Mobile Web,N/A,$0.00  ~ $0.00 ,N/A,N/A,N/A,N/A,N/A
Arts & Entertainment (Legacy),Shopping,Instream,Mexico,Desktop,N/A,$0.00  ~ $0.00 ,N/A,N/A,N/A,N/A,N/A
Arts & Entertainment (Legacy),Shopping,Interstitial,United Kingdom,Mobile Web,N/A,$0.00  ~ $0.00 ,N/A,N/A,N/A,N/A,N/A
Arts & Entertainment (Legacy),Shopping,Interstitial,United Kingdom,Desktop,N/A,$0.00  ~ $0.00 ,N/A,N/A,N/A,N/A,N/A
Arts & Entertainment (Legacy),Shopping,Interstitial,United States,Tablet,N/A,$0.00  ~ $0.00 ,N/A,N/A,N/A,N/A,N/A
Arts & Entertainment (Legacy),Shopping,Interstitial,United States,Mobile Web,N/A,$0.00  ~ $0.00 ,N/A,N/A,N/A,N/A,N/A
Arts & Entertainment (Legacy),Shopping,Interstitial,United States,Desktop,N/A,$0.00  ~ $0.00 ,N/A,N/A,N/A,N/A,N/A
Arts & Entertainment (Legacy),Shopping,Interstitial,Canada,Desktop,N/A,$0.00  ~ $0.00 ,N/A,N/A,N/A,N/A,N/A
Arts & Entertainment (Legacy),Shopping,Native,United States,Desktop,N/A,$0.00  ~ $0.00 ,N/A,N/A,N/A,N/A,N/A
Arts & Entertainment (Legacy),Politics,Native,United States,Desktop,N/A,$0.00  ~ $0.00 ,N/A,N/A,N/A,N/A,N/A
Arts & Entertainment (Legacy),Politics,Native,United States,Mobile Web,N/A,$0.00  ~ $0.00 ,N/A,N/A,N/A,N/A,N/A
Arts & Entertainment (Legacy),Politics,Outstream,United States,Mobile Web,N/A,$0.00  ~ $0.00 ,N/A,N/A,N/A,N/A,N/A
Arts & Entertainment (Legacy),Politics,Interstitial,United States,Tablet,N/A,$0.00  ~ $0.00 ,N/A,N/A,N/A,N/A,N/A
Arts & Entertainment (Legacy),Politics,Interstitial,United States,Mobile Web,N/A,$0.00  ~ $0.00 ,N/A,N/A,N/A,N/A,N/A
Arts & Entertainment (Legacy),Computer Peripherals,Instream,United Kingdom,Desktop,N/A,$0.00  ~ $0.00 ,N/A,N/A,N/A,N/A,N/A
Arts & Entertainment (Legacy),Computer Peripherals,Instream,United Kingdom,Mobile Web,N/A,$0.00  ~ $0.00 ,N/A,N/A,N/A,N/A,N/A
Arts & Entertainment (Legacy),Computer Peripherals,Outstream,United Kingdom,Desktop,N/A,$0.00  ~ $0.00 ,N/A,N/A,N/A,N/A,N/A
Arts & Entertainment (Legacy),Computer Peripherals,Outstream,United Kingdom,Mobile Web,N/A,$0.00  ~ $0.00 ,N/A,N/A,N/A,N/A,N/A
Arts & Entertainment (Legacy),Computer Peripherals,Interstitial,United Kingdom,Mobile Web,N/A,$0.00  ~ $0.00 ,N/A,N/A,N/A,N/A,N/A
Arts & Entertainment (Legacy),Computer Peripherals,Interstitial,United Kingdom,Desktop,N/A,$0.00  ~ $0.00 ,N/A,N/A,N/A,N/A,N/A
Arts & Entertainment (Legacy),Computer Peripherals,Interstitial,Ireland,Tablet,N/A,$0.00  ~ $0.00 ,N/A,N/A,N/A,N/A,N/A
Arts & Entertainment (Legacy),Auto Parts,Outstream,United States,Desktop,N/A,$0.00  ~ $0.00 ,N/A,N/A,N/A,N/A,N/A
Arts & Entertainment (Legacy),Agriculture,Outstream,United States,Desktop,N/A,$0.00  ~ $0.00 ,N/A,N/A,N/A,N/A,N/A
Arts & Entertainment (Legacy),Agriculture,Outstream,United States,Mobile Web,N/A,$0.00  ~ $0.00 ,N/A,N/A,N/A,N/A,N/A
Arts & Entertainment (Legacy),Agriculture,Outstream,United States,Tablet,N/A,$0.00  ~ $0.00 ,N/A,N/A,N/A,N/A,N/A
Arts & Entertainment (Legacy),Agriculture,Outstream,Canada,Desktop,N/A,$0.00  ~ $0.00 ,N/A,N/A,N/A,N/A,N/A
Arts & Entertainment (Legacy),Agriculture,Instream,United States,Desktop,N/A,$0.00  ~ $0.00 ,N/A,N/A,N/A,N/A,N/A
Arts & Entertainment (Legacy),Agriculture,Instream,United States,Mobile Web,N/A,$0.00  ~ $0.00 ,N/A,N/A,N/A,N/A,N/A
Arts & Entertainment (Legacy),Agriculture,Interstitial,United States,Desktop,N/A,$0.00  ~ $0.00 ,N/A,N/A,N/A,N/A,N/A
Arts & Entertainment (Legacy),Home Repair,Outstream,United States,Mobile Web,N/A,$0.00  ~ $0.00 ,N/A,N/A,N/A,N/A,N/A
Arts & Entertainment (Legacy),Home Repair,Interstitial,United States,Tablet,N/A,$0.00  ~ $0.00 ,N/A,N/A,N/A,N/A,N/A
Arts & Entertainment (Legacy),Home Repair,Interstitial,United States,Desktop,N/A,$0.00  ~ $0.00 ,N/A,N/A,N/A,N/A,N/A
Arts & Entertainment (Legacy),Cancer,Outstream,Canada,Desktop,N/A,$0.00  ~ $0.00 ,N/A,N/A,N/A,N/A,N/A
Arts & Entertainment (Legacy),Cancer,Outstream,Canada,Mobile Web,N/A,$0.00  ~ $0.00 ,N/A,N/A,N/A,N/A,N/A
Arts & Entertainment (Legacy),Cancer,Instream,Canada,Desktop,N/A,$0.00  ~ $0.00 ,N/A,N/A,N/A,N/A,N/A
Arts & Entertainment (Legacy),Cancer,Instream,Canada,Mobile Web,N/A,$0.00  ~ $0.00 ,N/A,N/A,N/A,N/A,N/A
Arts & Entertainment (Legacy),Mutual Funds,Outstream,United States,Desktop,N/A,$0.00  ~ $0.00 ,N/A,N/A,N/A,N/A,N/A
Arts & Entertainment (Legacy),Mutual Funds,Outstream,United States,Mobile Web,N/A,$0.00  ~ $0.00 ,N/A,N/A,N/A,N/A,N/A
Arts & Entertainment (Legacy),Mutual Funds,Outstream,United States,Tablet,N/A,$0.00  ~ $0.00 ,N/A,N/A,N/A,N/A,N/A
Arts & Entertainment (Legacy),Mutual Funds,Instream,United States,Desktop,N/A,$0.00  ~ $0.00 ,N/A,N/A,N/A,N/A,N/A
Arts & Entertainment (Legacy),Mutual Funds,Instream,United States,Mobile Web,N/A,$0.00  ~ $0.00 ,N/A,N/A,N/A,N/A,N/A
Arts & Entertainment (Legacy),Arts & Entertainment,Native,United States,Desktop,N/A,$0.00  ~ $0.00 ,N/A,N/A,N/A,N/A,N/A
Arts & Entertainment (Legacy),Arts & Entertainment,Rewarded,United States,Mobile Web,N/A,$0.00  ~ $0.00 ,N/A,N/A,N/A,N/A,N/A
Arts & Entertainment (Legacy),Arts & Entertainment,Outstream,Canada,Desktop,N/A,$0.00  ~ $0.00 ,N/A,N/A,N/A,N/A,N/A
Arts & Entertainment (Legacy),Arts & Entertainment,Outstream,Canada,Mobile Web,N/A,$0.00  ~ $0.00 ,N/A,N/A,N/A,N/A,N/A
Arts & Entertainment (Legacy),Arts & Entertainment,Outstream,United Kingdom,Mobile Web,N/A,$0.00  ~ $0.00 ,N/A,N/A,N/A,N/A,N/A
Arts & Entertainment (Legacy),Arts & Entertainment,Outstream,United Kingdom,Desktop,N/A,$0.00  ~ $0.00 ,N/A,N/A,N/A,N/A,N/A
Arts & Entertainment (Legacy),Arts & Entertainment,Outstream,United States,Tablet,N/A,$0.00  ~ $0.00 ,N/A,N/A,N/A,N/A,N/A
Arts & Entertainment (Legacy),Arts & Entertainment,Instream,United Kingdom,Mobile Web,N/A,$0.00  ~ $0.00 ,N/A,N/A,N/A,N/A,N/A
Arts & Entertainment (Legacy),Arts & Entertainment,Instream,United Kingdom,Desktop,N/A,$0.00  ~ $0.00 ,N/A,N/A,N/A,N/A,N/A
Arts & Entertainment (Legacy),Arts & Entertainment,Interstitial,United Kingdom,Mobile Web,N/A,$0.00  ~ $0.00 ,N/A,N/A,N/A,N/A,N/A
Arts & Entertainment (Legacy),Arts & Entertainment,Interstitial,United Kingdom,Desktop,N/A,$0.00  ~ $0.00 ,N/A,N/A,N/A,N/A,N/A
Arts & Entertainment (Legacy),Arts & Entertainment,Interstitial,United States,Desktop,N/A,$0.00  ~ $0.00 ,N/A,N/A,N/A,N/A,N/A
Arts & Entertainment (Legacy),Arts & Entertainment,Interstitial,United States,Tablet,N/A,$0.00  ~ $0.00 ,N/A,N/A,N/A,N/A,N/A
Arts & Entertainment (Legacy),Arts & Entertainment,Interstitial,Canada,Desktop,N/A,$0.00  ~ $0.00 ,N/A,N/A,N/A,N/A,N/A
Arts & Entertainment (Legacy),Arts & Entertainment,Interstitial,Canada,Mobile Web,N/A,$0.00  ~ $0.00 ,N/A,N/A,N/A,N/A,N/A
Arts & Entertainment (Legacy),Pediatrics,Outstream,United States,Mobile Web,N/A,$0.00  ~ $0.00 ,N/A,N/A,N/A,N/A,N/A
Arts & Entertainment (Legacy),Pediatrics,Outstream,United States,Tablet,N/A,$0.00  ~ $0.00 ,N/A,N/A,N/A,N/A,N/A
Arts & Entertainment (Legacy),Pediatrics,Outstream,United States,Desktop,N/A,$0.00  ~ $0.00 ,N/A,N/A,N/A,N/A,N/A
Arts & Entertainment (Legacy),Pediatrics,Instream,United States,Mobile Web,N/A,$0.00  ~ $0.00 ,N/A,N/A,N/A,N/A,N/A
Arts & Entertainment (Legacy),Pediatrics,Interstitial,United States,Desktop,N/A,$0.00  ~ $0.00 ,N/A,N/A,N/A,N/A,N/A
Arts & Entertainment (Legacy),Pediatrics,Interstitial,United States,Tablet,N/A,$0.00  ~ $0.00 ,N/A,N/A,N/A,N/A,N/A
Arts & Entertainment (Legacy),Large Animals,Outstream,United States,Desktop,N/A,$0.00  ~ $0.00 ,N/A,N/A,N/A,N/A,N/A
Arts & Entertainment (Legacy),Large Animals,Outstream,United States,Mobile Web,N/A,$0.00  ~ $0.00 ,N/A,N/A,N/A,N/A,N/A
Arts & Entertainment (Legacy),Large Animals,Outstream,United States,Tablet,N/A,$0.00  ~ $0.00 ,N/A,N/A,N/A,N/A,N/A
Arts & Entertainment (Legacy),Large Animals,Instream,United States,Desktop,N/A,$0.00  ~ $0.00 ,N/A,N/A,N/A,N/A,N/A
Arts & Entertainment (Legacy),Large Animals,Instream,United States,Mobile Web,N/A,$0.00  ~ $0.00 ,N/A,N/A,N/A,N/A,N/A
Arts & Entertainment (Legacy),Trucks & Accessories,Outstream,United States,Desktop,N/A,$0.00  ~ $0.00 ,N/A,N/A,N/A,N/A,N/A
Arts & Entertainment (Legacy),Technology & Computing,Outstream,United States,Mobile Web,N/A,$0.00  ~ $0.00 ,N/A,N/A,N/A,N/A,N/A
Arts & Entertainment (Legacy),Technology & Computing,Outstream,United States,Desktop,N/A,$0.00  ~ $0.00 ,N/A,N/A,N/A,N/A,N/A
Arts & Entertainment (Legacy),Technology & Computing,Outstream,United Kingdom,Desktop,N/A,$0.00  ~ $0.00 ,N/A,N/A,N/A,N/A,N/A
Arts & Entertainment (Legacy),Technology & Computing,Instream,United States,Desktop,N/A,$0.00  ~ $0.00 ,N/A,N/A,N/A,N/A,N/A
Arts & Entertainment (Legacy),Adventure Travel,Outstream,United States,Desktop,N/A,$0.00  ~ $0.00 ,N/A,N/A,N/A,N/A,N/A
Arts & Entertainment (Legacy),Adventure Travel,Outstream,United States,Mobile Web,N/A,$0.00  ~ $0.00 ,N/A,N/A,N/A,N/A,N/A
Arts & Entertainment (Legacy),Adventure Travel,Instream,United States,Desktop,N/A,$0.00  ~ $0.00 ,N/A,N/A,N/A,N/A,N/A
Arts & Entertainment (Legacy),Adventure Travel,Instream,United States,Mobile Web,N/A,$0.00  ~ $0.00 ,N/A,N/A,N/A,N/A,N/A
Arts & Entertainment (Legacy),Theme Parks,Outstream,United States,Mobile Web,N/A,$0.00  ~ $0.00 ,N/A,N/A,N/A,N/A,N/A
Arts & Entertainment (Legacy),Theme Parks,Outstream,United States,Desktop,N/A,$0.00  ~ $0.00 ,N/A,N/A,N/A,N/A,N/A
Arts & Entertainment (Legacy),Theme Parks,Instream,United States,Desktop,N/A,$0.00  ~ $0.00 ,N/A,N/A,N/A,N/A,N/A
Arts & Entertainment (Legacy),Remodeling & Construction,Interstitial,United States,Desktop,N/A,$0.00  ~ $0.00 ,N/A,N/A,N/A,N/A,N/A
Arts & Entertainment (Legacy),Remodeling & Construction,Interstitial,United States,Tablet,N/A,$0.00  ~ $0.00 ,N/A,N/A,N/A,N/A,N/A
Arts & Entertainment (Legacy),Infertility,Outstream,United States,Desktop,N/A,$0.00  ~ $0.00 ,N/A,N/A,N/A,N/A,N/A
Arts & Entertainment (Legacy),Infertility,Outstream,United States,Mobile Web,N/A,$0.00  ~ $0.00 ,N/A,N/A,N/A,N/A,N/A
Arts & Entertainment (Legacy),Infertility,Outstream,United States,Tablet,N/A,$0.00  ~ $0.00 ,N/A,N/A,N/A,N/A,N/A
Arts & Entertainment (Legacy),Infertility,Instream,United States,Desktop,N/A,$0.00  ~ $0.00 ,N/A,N/A,N/A,N/A,N/A
Arts & Entertainment (Legacy),Infertility,Instream,United States,Mobile Web,N/A,$0.00  ~ $0.00 ,N/A,N/A,N/A,N/A,N/A
Arts & Entertainment (Legacy),Beauty,Outstream,United States,Desktop,N/A,$0.00  ~ $0.00 ,N/A,N/A,N/A,N/A,N/A
Arts & Entertainment (Legacy),Health & Fitness,Outstream,Canada,Desktop,N/A,$0.00  ~ $0.00 ,N/A,N/A,N/A,N/A,N/A
Arts & Entertainment (Legacy),Health & Fitness,Outstream,Canada,Mobile Web,N/A,$0.00  ~ $0.00 ,N/A,N/A,N/A,N/A,N/A
Arts & Entertainment (Legacy),Health & Fitness,Outstream,Canada,Tablet,N/A,$0.00  ~ $0.00 ,N/A,N/A,N/A,N/A,N/A
Arts & Entertainment (Legacy),Health & Fitness,Outstream,United Kingdom,Desktop,N/A,$0.00  ~ $0.00 ,N/A,N/A,N/A,N/A,N/A
Arts & Entertainment (Legacy),Health & Fitness,Outstream,United Kingdom,Mobile Web,N/A,$0.00  ~ $0.00 ,N/A,N/A,N/A,N/A,N/A
Arts & Entertainment (Legacy),Health & Fitness,Outstream,Mexico,Desktop,N/A,$0.00  ~ $0.00 ,N/A,N/A,N/A,N/A,N/A
Arts & Entertainment (Legacy),Health & Fitness,Instream,Canada,Mobile Web,N/A,$0.00  ~ $0.00 ,N/A,N/A,N/A,N/A,N/A
Arts & Entertainment (Legacy),Health & Fitness,Instream,United Kingdom,Desktop,N/A,$0.00  ~ $0.00 ,N/A,N/A,N/A,N/A,N/A
Arts & Entertainment (Legacy),Health & Fitness,Interstitial,United States,Desktop,N/A,$0.00  ~ $0.00 ,N/A,N/A,N/A,N/A,N/A
Arts & Entertainment (Legacy),Health & Fitness,Interstitial,United States,Mobile Web,N/A,$0.00  ~ $0.00 ,N/A,N/A,N/A,N/A,N/A
Arts & Entertainment (Legacy),Health & Fitness,Interstitial,United Kingdom,Desktop,N/A,$0.00  ~ $0.00 ,N/A,N/A,N/A,N/A,N/A
Arts & Entertainment (Legacy),Health & Fitness,Interstitial,United Kingdom,Mobile Web,N/A,$0.00  ~ $0.00 ,N/A,N/A,N/A,N/A,N/A
Arts & Entertainment (Legacy),Health & Fitness,Interstitial,Canada,Desktop,N/A,$0.00  ~ $0.00 ,N/A,N/A,N/A,N/A,N/A
Arts & Entertainment (Legacy),Health & Fitness,Native,United States,Desktop,N/A,$0.00  ~ $0.00 ,N/A,N/A,N/A,N/A,N/A
Arts & Entertainment (Legacy),Health & Fitness,Native,United States,Mobile Web,N/A,$0.00  ~ $0.00 ,N/A,N/A,N/A,N/A,N/A
Arts & Entertainment (Legacy),Health & Fitness,Rewarded,United States,Desktop,N/A,$0.00  ~ $0.00 ,N/A,N/A,N/A,N/A,N/A
Arts & Entertainment (Legacy),Job Search,Outstream,United States,Mobile Web,N/A,$0.00  ~ $0.00 ,N/A,N/A,N/A,N/A,N/A
Arts & Entertainment (Legacy),Job Search,Outstream,United States,Tablet,N/A,$0.00  ~ $0.00 ,N/A,N/A,N/A,N/A,N/A
Arts & Entertainment (Legacy),Job Search,Outstream,United Kingdom,Desktop,N/A,$0.00  ~ $0.00 ,N/A,N/A,N/A,N/A,N/A
Arts & Entertainment (Legacy),Job Search,Outstream,United Kingdom,Mobile Web,N/A,$0.00  ~ $0.00 ,N/A,N/A,N/A,N/A,N/A
Arts & Entertainment (Legacy),Job Search,Instream,United States,Mobile Web,N/A,$0.00  ~ $0.00 ,N/A,N/A,N/A,N/A,N/A
Arts & Entertainment (Legacy),Job Search,Interstitial,United States,Desktop,N/A,$0.00  ~ $0.00 ,N/A,N/A,N/A,N/A,N/A
Arts & Entertainment (Legacy),Job Search,Native,United States,Mobile Web,N/A,$0.00  ~ $0.00 ,N/A,N/A,N/A,N/A,N/A
Arts & Entertainment (Legacy),Senior Living,Outstream,United States,Desktop,N/A,$0.00  ~ $0.00 ,N/A,N/A,N/A,N/A,N/A
Arts & Entertainment (Legacy),Senior Living,Outstream,United States,Mobile Web,N/A,$0.00  ~ $0.00 ,N/A,N/A,N/A,N/A,N/A
Arts & Entertainment (Legacy),Senior Living,Outstream,United States,Tablet,N/A,$0.00  ~ $0.00 ,N/A,N/A,N/A,N/A,N/A
Arts & Entertainment (Legacy),Senior Living,Interstitial,United States,Desktop,N/A,$0.00  ~ $0.00 ,N/A,N/A,N/A,N/A,N/A
Arts & Entertainment (Legacy),Senior Living,Instream,United States,Mobile Web,N/A,$0.00  ~ $0.00 ,N/A,N/A,N/A,N/A,N/A
Arts & Entertainment (Legacy),Nutrition,Outstream,United States,Desktop,N/A,$0.00  ~ $0.00 ,N/A,N/A,N/A,N/A,N/A
Arts & Entertainment (Legacy),Cold & Flu,Outstream,United States,Tablet,N/A,$0.00  ~ $0.00 ,N/A,N/A,N/A,N/A,N/A
Arts & Entertainment (Legacy),Cold & Flu,Outstream,United States,Desktop,N/A,$0.00  ~ $0.00 ,N/A,N/A,N/A,N/A,N/A
Arts & Entertainment (Legacy),Cold & Flu,Outstream,United States,Mobile Web,N/A,$0.00  ~ $0.00 ,N/A,N/A,N/A,N/A,N/A
Arts & Entertainment (Legacy),Cold & Flu,Instream,United States,Tablet,N/A,$0.00  ~ $0.00 ,N/A,N/A,N/A,N/A,N/A
Arts & Entertainment (Legacy),Cold & Flu,Interstitial,United States,Desktop,N/A,$0.00  ~ $0.00 ,N/A,N/A,N/A,N/A,N/A
Arts & Entertainment (Legacy),Cold & Flu,Interstitial,United States,Tablet,N/A,$0.00  ~ $0.00 ,N/A,N/A,N/A,N/A,N/A
Arts & Entertainment (Legacy),Exercise,Outstream,United States,Desktop,N/A,$0.00  ~ $0.00 ,N/A,N/A,N/A,N/A,N/A
Arts & Entertainment (Legacy),Exercise,Outstream,United States,Mobile Web,N/A,$0.00  ~ $0.00 ,N/A,N/A,N/A,N/A,N/A
Arts & Entertainment (Legacy),Construction,Outstream,United States,Desktop,N/A,$0.00  ~ $0.00 ,N/A,N/A,N/A,N/A,N/A
Arts & Entertainment (Legacy),Construction,Outstream,United States,Mobile Web,N/A,$0.00  ~ $0.00 ,N/A,N/A,N/A,N/A,N/A
Arts & Entertainment (Legacy),Investing,Outstream,United States,Mobile Web,N/A,$0.00  ~ $0.00 ,N/A,N/A,N/A,N/A,N/A
Arts & Entertainment (Legacy),Investing,Outstream,United States,Desktop,N/A,$0.00  ~ $0.00 ,N/A,N/A,N/A,N/A,N/A
Arts & Entertainment (Legacy),Investing,Instream,United States,Desktop,N/A,$0.00  ~ $0.00 ,N/A,N/A,N/A,N/A,N/A
Arts & Entertainment (Legacy),Metals,Instream,United States,Desktop,N/A,$0.00  ~ $0.00 ,N/A,N/A,N/A,N/A,N/A
Arts & Entertainment (Legacy),Metals,Instream,United States,Mobile Web,N/A,$0.00  ~ $0.00 ,N/A,N/A,N/A,N/A,N/A
Arts & Entertainment (Legacy),Metals,Instream,United States,Tablet,N/A,$0.00  ~ $0.00 ,N/A,N/A,N/A,N/A,N/A
Arts & Entertainment (Legacy),Metals,Instream,Canada,Desktop,N/A,$0.00  ~ $0.00 ,N/A,N/A,N/A,N/A,N/A
Arts & Entertainment (Legacy),Metals,Instream,Canada,Mobile Web,N/A,$0.00  ~ $0.00 ,N/A,N/A,N/A,N/A,N/A
Arts & Entertainment (Legacy),Metals,Interstitial,United States,Desktop,N/A,$0.00  ~ $0.00 ,N/A,N/A,N/A,N/A,N/A
Arts & Entertainment (Legacy),Metals,Outstream,United States,Desktop,N/A,$0.00  ~ $0.00 ,N/A,N/A,N/A,N/A,N/A
Arts & Entertainment (Legacy),Metals,Outstream,United States,Mobile Web,N/A,$0.00  ~ $0.00 ,N/A,N/A,N/A,N/A,N/A
Arts & Entertainment (Legacy),Metals,Outstream,United States,Tablet,N/A,$0.00  ~ $0.00 ,N/A,N/A,N/A,N/A,N/A
Arts & Entertainment (Legacy),Metals,Outstream,Canada,Desktop,N/A,$0.00  ~ $0.00 ,N/A,N/A,N/A,N/A,N/A
Arts & Entertainment (Legacy),Metals,Outstream,United Kingdom,Desktop,N/A,$0.00  ~ $0.00 ,N/A,N/A,N/A,N/A,N/A
Arts & Entertainment (Legacy),Alternative Medicine,Instream,United States,Desktop,N/A,$0.00  ~ $0.00 ,N/A,N/A,N/A,N/A,N/A
Arts & Entertainment (Legacy),Automotive,Outstream,Canada,Desktop,N/A,$0.00  ~ $0.00 ,N/A,N/A,N/A,N/A,N/A
Arts & Entertainment (Legacy),Automotive,Outstream,Canada,Mobile Web,N/A,$0.00  ~ $0.00 ,N/A,N/A,N/A,N/A,N/A
Arts & Entertainment (Legacy),Automotive,Outstream,United States,Tablet,N/A,$0.00  ~ $0.00 ,N/A,N/A,N/A,N/A,N/A
Arts & Entertainment (Legacy),Automotive,Outstream,Mexico,Desktop,N/A,$0.00  ~ $0.00 ,N/A,N/A,N/A,N/A,N/A
Arts & Entertainment (Legacy),Automotive,Outstream,Mexico,Mobile Web,N/A,$0.00  ~ $0.00 ,N/A,N/A,N/A,N/A,N/A
Arts & Entertainment (Legacy),Automotive,Instream,Mexico,Desktop,N/A,$0.00  ~ $0.00 ,N/A,N/A,N/A,N/A,N/A
Arts & Entertainment (Legacy),Automotive,Interstitial,United States,Tablet,N/A,$0.00  ~ $0.00 ,N/A,N/A,N/A,N/A,N/A
Arts & Entertainment (Legacy),Automotive,Native,United States,Desktop,N/A,$0.00  ~ $0.00 ,N/A,N/A,N/A,N/A,N/A
Arts & Entertainment (Legacy),Automotive,Rewarded,United States,Desktop,N/A,$0.00  ~ $0.00 ,N/A,N/A,N/A,N/A,N/A
Arts & Entertainment (Legacy),Pro Ice Hockey,Instream,Canada,Desktop,N/A,$0.00  ~ $0.00 ,N/A,N/A,N/A,N/A,N/A
Arts & Entertainment (Legacy),Pro Ice Hockey,Instream,Canada,Mobile Web,N/A,$0.00  ~ $0.00 ,N/A,N/A,N/A,N/A,N/A
Arts & Entertainment (Legacy),Pro Ice Hockey,Interstitial,Canada,Desktop,N/A,$0.00  ~ $0.00 ,N/A,N/A,N/A,N/A,N/A
Arts & Entertainment (Legacy),Pro Ice Hockey,Interstitial,Canada,Mobile Web,N/A,$0.00  ~ $0.00 ,N/A,N/A,N/A,N/A,N/A
Arts & Entertainment (Legacy),Pro Ice Hockey,Outstream,Canada,Desktop,N/A,$0.00  ~ $0.00 ,N/A,N/A,N/A,N/A,N/A
Arts & Entertainment (Legacy),Pro Ice Hockey,Outstream,Canada,Mobile Web,N/A,$0.00  ~ $0.00 ,N/A,N/A,N/A,N/A,N/A
Arts & Entertainment (Legacy),Personal Finance,Rewarded,United States,Desktop,N/A,$0.00  ~ $0.00 ,N/A,N/A,N/A,N/A,N/A
Arts & Entertainment (Legacy),Personal Finance,Outstream,Canada,Desktop,N/A,$0.00  ~ $0.00 ,N/A,N/A,N/A,N/A,N/A
Arts & Entertainment (Legacy),Personal Finance,Outstream,Canada,Mobile Web,N/A,$0.00  ~ $0.00 ,N/A,N/A,N/A,N/A,N/A
Arts & Entertainment (Legacy),Personal Finance,Outstream,United Kingdom,Desktop,N/A,$0.00  ~ $0.00 ,N/A,N/A,N/A,N/A,N/A
Arts & Entertainment (Legacy),Personal Finance,Outstream,United Kingdom,Mobile Web,N/A,$0.00  ~ $0.00 ,N/A,N/A,N/A,N/A,N/A
Arts & Entertainment (Legacy),Personal Finance,Outstream,Mexico,Mobile Web,N/A,$0.00  ~ $0.00 ,N/A,N/A,N/A,N/A,N/A
Arts & Entertainment (Legacy),Personal Finance,Outstream,Mexico,Desktop,N/A,$0.00  ~ $0.00 ,N/A,N/A,N/A,N/A,N/A
Arts & Entertainment (Legacy),Personal Finance,Instream,United Kingdom,Desktop,N/A,$0.00  ~ $0.00 ,N/A,N/A,N/A,N/A,N/A
Arts & Entertainment (Legacy),Personal Finance,Instream,Mexico,Mobile Web,N/A,$0.00  ~ $0.00 ,N/A,N/A,N/A,N/A,N/A
Arts & Entertainment (Legacy),Personal Finance,Interstitial,United Kingdom,Desktop,N/A,$0.00  ~ $0.00 ,N/A,N/A,N/A,N/A,N/A
Arts & Entertainment (Legacy),Personal Finance,Interstitial,United States,Tablet,N/A,$0.00  ~ $0.00 ,N/A,N/A,N/A,N/A,N/A
Arts & Entertainment (Legacy),Personal Finance,Interstitial,United States,Desktop,N/A,$0.00  ~ $0.00 ,N/A,N/A,N/A,N/A,N/A
Arts & Entertainment (Legacy),Personal Finance,Interstitial,Canada,Mobile Web,N/A,$0.00  ~ $0.00 ,N/A,N/A,N/A,N/A,N/A
Arts & Entertainment (Legacy),Personal Finance,Interstitial,Canada,Desktop,N/A,$0.00  ~ $0.00 ,N/A,N/A,N/A,N/A,N/A
Arts & Entertainment (Legacy),Personal Finance,Native,United States,Desktop,N/A,$0.00  ~ $0.00 ,N/A,N/A,N/A,N/A,N/A
Arts & Entertainment (Legacy),Graduate School,Outstream,United States,Mobile Web,N/A,$0.00  ~ $0.00 ,N/A,N/A,N/A,N/A,N/A
Arts & Entertainment (Legacy),Graduate School,Outstream,United States,Tablet,N/A,$0.00  ~ $0.00 ,N/A,N/A,N/A,N/A,N/A
Arts & Entertainment (Legacy),Graduate School,Interstitial,United States,Mobile Web,N/A,$0.00  ~ $0.00 ,N/A,N/A,N/A,N/A,N/A
Arts & Entertainment (Legacy),Credit/Debt & Loans,Outstream,United States,Mobile Web,N/A,$0.00  ~ $0.00 ,N/A,N/A,N/A,N/A,N/A
Arts & Entertainment (Legacy),Credit/Debt & Loans,Outstream,United States,Tablet,N/A,$0.00  ~ $0.00 ,N/A,N/A,N/A,N/A,N/A
Arts & Entertainment (Legacy),Credit/Debt & Loans,Outstream,United States,Desktop,N/A,$0.00  ~ $0.00 ,N/A,N/A,N/A,N/A,N/A
Arts & Entertainment (Legacy),Credit/Debt & Loans,Instream,United States,Mobile Web,N/A,$0.00  ~ $0.00 ,N/A,N/A,N/A,N/A,N/A
Arts & Entertainment (Legacy),Credit/Debt & Loans,Interstitial,United States,Desktop,N/A,$0.00  ~ $0.00 ,N/A,N/A,N/A,N/A,N/A
Arts & Entertainment (Legacy),Business,Instream,United Kingdom,Desktop,N/A,$0.00  ~ $0.00 ,N/A,N/A,N/A,N/A,N/A
Arts & Entertainment (Legacy),Business,Instream,United Kingdom,Mobile Web,N/A,$0.00  ~ $0.00 ,N/A,N/A,N/A,N/A,N/A
Arts & Entertainment (Legacy),Business,Instream,Mexico,Desktop,N/A,$0.00  ~ $0.00 ,N/A,N/A,N/A,N/A,N/A
Arts & Entertainment (Legacy),Business,Interstitial,United States,Desktop,N/A,$0.00  ~ $0.00 ,N/A,N/A,N/A,N/A,N/A
Arts & Entertainment (Legacy),Business,Interstitial,United States,Tablet,N/A,$0.00  ~ $0.00 ,N/A,N/A,N/A,N/A,N/A
Arts & Entertainment (Legacy),Business,Interstitial,United States,Mobile Web,N/A,$0.00  ~ $0.00 ,N/A,N/A,N/A,N/A,N/A
Arts & Entertainment (Legacy),Business,Interstitial,United Kingdom,Mobile Web,N/A,$0.00  ~ $0.00 ,N/A,N/A,N/A,N/A,N/A
Arts & Entertainment (Legacy),Business,Interstitial,United Kingdom,Desktop,N/A,$0.00  ~ $0.00 ,N/A,N/A,N/A,N/A,N/A
Arts & Entertainment (Legacy),Business,Interstitial,Canada,Desktop,N/A,$0.00  ~ $0.00 ,N/A,N/A,N/A,N/A,N/A
Arts & Entertainment (Legacy),Business,Interstitial,Canada,Mobile Web,N/A,$0.00  ~ $0.00 ,N/A,N/A,N/A,N/A,N/A
Arts & Entertainment (Legacy),Business,Native,United States,Desktop,N/A,$0.00  ~ $0.00 ,N/A,N/A,N/A,N/A,N/A
Arts & Entertainment (Legacy),Business,Native,United States,Mobile Web,N/A,$0.00  ~ $0.00 ,N/A,N/A,N/A,N/A,N/A
Arts & Entertainment (Legacy),Business,Native,Canada,Desktop,N/A,$0.00  ~ $0.00 ,N/A,N/A,N/A,N/A,N/A
Arts & Entertainment (Legacy),Business,Rewarded,United States,Desktop,N/A,$0.00  ~ $0.00 ,N/A,N/A,N/A,N/A,N/A
Arts & Entertainment (Legacy),Business,Rewarded,Canada,Desktop,N/A,$0.00  ~ $0.00 ,N/A,N/A,N/A,N/A,N/A
Arts & Entertainment (Legacy),Business,Outstream,Mexico,Desktop,N/A,$0.00  ~ $0.00 ,N/A,N/A,N/A,N/A,N/A
Arts & Entertainment (Legacy),Business,Outstream,Mexico,Mobile Web,N/A,$0.00  ~ $0.00 ,N/A,N/A,N/A,N/A,N/A
Arts & Entertainment (Legacy),Business,Outstream,Canada,Desktop,N/A,$0.00  ~ $0.00 ,N/A,N/A,N/A,N/A,N/A
Arts & Entertainment (Legacy),Business,Outstream,Canada,Mobile Web,N/A,$0.00  ~ $0.00 ,N/A,N/A,N/A,N/A,N/A
Arts & Entertainment (Legacy),Business,Outstream,United Kingdom,Desktop,N/A,$0.00  ~ $0.00 ,N/A,N/A,N/A,N/A,N/A
Arts & Entertainment (Legacy),Business,Outstream,United Kingdom,Mobile Web,N/A,$0.00  ~ $0.00 ,N/A,N/A,N/A,N/A,N/A
Arts & Entertainment (Legacy),Careers,Outstream,United States,Mobile Web,N/A,$0.00  ~ $0.00 ,N/A,N/A,N/A,N/A,N/A
Arts & Entertainment (Legacy),Careers,Outstream,United States,Tablet,N/A,$0.00  ~ $0.00 ,N/A,N/A,N/A,N/A,N/A
Arts & Entertainment (Legacy),Careers,Outstream,United Kingdom,Mobile Web,N/A,$0.00  ~ $0.00 ,N/A,N/A,N/A,N/A,N/A
Arts & Entertainment (Legacy),Careers,Interstitial,United Kingdom,Mobile Web,N/A,$0.00  ~ $0.00 ,N/A,N/A,N/A,N/A,N/A
Arts & Entertainment (Legacy),Careers,Interstitial,United States,Desktop,N/A,$0.00  ~ $0.00 ,N/A,N/A,N/A,N/A,N/A
Arts & Entertainment (Legacy),Careers,Native,United States,Desktop,N/A,$0.00  ~ $0.00 ,N/A,N/A,N/A,N/A,N/A
Arts & Entertainment (Legacy),Careers,Native,United States,Tablet,N/A,$0.00  ~ $0.00 ,N/A,N/A,N/A,N/A,N/A
Arts & Entertainment (Legacy),Buying/Selling Cars,Outstream,United States,Desktop,N/A,$0.00  ~ $0.00 ,N/A,N/A,N/A,N/A,N/A
Arts & Entertainment (Legacy),Buying/Selling Cars,Outstream,United States,Tablet,N/A,$0.00  ~ $0.00 ,N/A,N/A,N/A,N/A,N/A
Arts & Entertainment (Legacy),Buying/Selling Cars,Outstream,Mexico,Desktop,N/A,$0.00  ~ $0.00 ,N/A,N/A,N/A,N/A,N/A
Arts & Entertainment (Legacy),Buying/Selling Cars,Interstitial,United States,Desktop,N/A,$0.00  ~ $0.00 ,N/A,N/A,N/A,N/A,N/A
Arts & Entertainment (Legacy),Buying/Selling Cars,Interstitial,United States,Tablet,N/A,$0.00  ~ $0.00 ,N/A,N/A,N/A,N/A,N/A
Arts & Entertainment (Legacy),Private School,Outstream,United States,Mobile Web,N/A,$0.00  ~ $0.00 ,N/A,N/A,N/A,N/A,N/A
Arts & Entertainment (Legacy),Private School,Outstream,United States,Tablet,N/A,$0.00  ~ $0.00 ,N/A,N/A,N/A,N/A,N/A
Arts & Entertainment (Legacy),Private School,Outstream,United States,Desktop,N/A,$0.00  ~ $0.00 ,N/A,N/A,N/A,N/A,N/A
Arts & Entertainment (Legacy),Private School,Instream,United States,Desktop,N/A,$0.00  ~ $0.00 ,N/A,N/A,N/A,N/A,N/A
Arts & Entertainment (Legacy),Private School,Interstitial,United States,Desktop,N/A,$0.00  ~ $0.00 ,N/A,N/A,N/A,N/A,N/A
Arts & Entertainment (Legacy),Private School,Interstitial,United States,Tablet,N/A,$0.00  ~ $0.00 ,N/A,N/A,N/A,N/A,N/A
Arts & Entertainment (Legacy),Comparison,Outstream,United States,Desktop,N/A,$0.00  ~ $0.00 ,N/A,N/A,N/A,N/A,N/A
Arts & Entertainment (Legacy),Comparison,Outstream,United States,Mobile Web,N/A,$0.00  ~ $0.00 ,N/A,N/A,N/A,N/A,N/A
Arts & Entertainment (Legacy),Comparison,Instream,United States,Desktop,N/A,$0.00  ~ $0.00 ,N/A,N/A,N/A,N/A,N/A
Arts & Entertainment (Legacy),Real Estate,Outstream,United States,Desktop,N/A,$0.00  ~ $0.00 ,N/A,N/A,N/A,N/A,N/A
Arts & Entertainment (Legacy),Real Estate,Outstream,United States,Mobile Web,N/A,$0.00  ~ $0.00 ,N/A,N/A,N/A,N/A,N/A
Arts & Entertainment (Legacy),Real Estate,Outstream,United States,Tablet,N/A,$0.00  ~ $0.00 ,N/A,N/A,N/A,N/A,N/A
Arts & Entertainment (Legacy),Real Estate,Outstream,United Kingdom,Desktop,N/A,$0.00  ~ $0.00 ,N/A,N/A,N/A,N/A,N/A
Arts & Entertainment (Legacy),Real Estate,Outstream,United Kingdom,Mobile Web,N/A,$0.00  ~ $0.00 ,N/A,N/A,N/A,N/A,N/A
Arts & Entertainment (Legacy),Real Estate,Outstream,Canada,Desktop,N/A,$0.00  ~ $0.00 ,N/A,N/A,N/A,N/A,N/A
Arts & Entertainment (Legacy),Real Estate,Interstitial,United States,Desktop,N/A,$0.00  ~ $0.00 ,N/A,N/A,N/A,N/A,N/A
Arts & Entertainment (Legacy),Real Estate,Interstitial,United States,Mobile Web,N/A,$0.00  ~ $0.00 ,N/A,N/A,N/A,N/A,N/A
Arts & Entertainment (Legacy),Real Estate,Interstitial,United States,Tablet,N/A,$0.00  ~ $0.00 ,N/A,N/A,N/A,N/A,N/A
Arts & Entertainment (Legacy),Real Estate,Native,United States,Desktop,N/A,$0.00  ~ $0.00 ,N/A,N/A,N/A,N/A,N/A
Arts & Entertainment (Legacy),Pets,Outstream,United States,Desktop,N/A,$0.00  ~ $0.00 ,N/A,N/A,N/A,N/A,N/A
Arts & Entertainment (Legacy),Pets,Outstream,United States,Mobile Web,N/A,$0.00  ~ $0.00 ,N/A,N/A,N/A,N/A,N/A
Arts & Entertainment (Legacy),Pets,Outstream,United States,Tablet,N/A,$0.00  ~ $0.00 ,N/A,N/A,N/A,N/A,N/A
Arts & Entertainment (Legacy),Pets,Outstream,Canada,Desktop,N/A,$0.00  ~ $0.00 ,N/A,N/A,N/A,N/A,N/A
Arts & Entertainment (Legacy),Pets,Instream,Canada,Desktop,N/A,$0.00  ~ $0.00 ,N/A,N/A,N/A,N/A,N/A
Arts & Entertainment (Legacy),Pets,Instream,Canada,Mobile Web,N/A,$0.00  ~ $0.00 ,N/A,N/A,N/A,N/A,N/A
Arts & Entertainment (Legacy),Pets,Interstitial,United States,Tablet,N/A,$0.00  ~ $0.00 ,N/A,N/A,N/A,N/A,N/A
Arts & Entertainment (Legacy),Senor Health,Outstream,United States,Tablet,N/A,$0.00  ~ $0.00 ,N/A,N/A,N/A,N/A,N/A
Arts & Entertainment (Legacy),Senor Health,Outstream,United States,Desktop,N/A,$0.00  ~ $0.00 ,N/A,N/A,N/A,N/A,N/A
Arts & Entertainment (Legacy),Senor Health,Outstream,United States,Mobile Web,N/A,$0.00  ~ $0.00 ,N/A,N/A,N/A,N/A,N/A
Arts & Entertainment (Legacy),Senor Health,Instream,United States,Desktop,N/A,$0.00  ~ $0.00 ,N/A,N/A,N/A,N/A,N/A
Arts & Entertainment (Legacy),Senor Health,Instream,United States,Mobile Web,N/A,$0.00  ~ $0.00 ,N/A,N/A,N/A,N/A,N/A
Arts & Entertainment (Legacy),Senor Health,Interstitial,United States,Tablet,N/A,$0.00  ~ $0.00 ,N/A,N/A,N/A,N/A,N/A
Arts & Entertainment (Legacy),Advertising,Instream,United States,Desktop,N/A,$0.00  ~ $0.00 ,N/A,N/A,N/A,N/A,N/A
Arts & Entertainment (Legacy),Advertising,Instream,United States,Mobile Web,N/A,$0.00  ~ $0.00 ,N/A,N/A,N/A,N/A,N/A
Arts & Entertainment (Legacy),Advertising,Instream,Canada,Desktop,N/A,$0.00  ~ $0.00 ,N/A,N/A,N/A,N/A,N/A
Arts & Entertainment (Legacy),Advertising,Interstitial,United States,Tablet,N/A,$0.00  ~ $0.00 ,N/A,N/A,N/A,N/A,N/A
Arts & Entertainment (Legacy),Advertising,Interstitial,United States,Desktop,N/A,$0.00  ~ $0.00 ,N/A,N/A,N/A,N/A,N/A
Arts & Entertainment (Legacy),Advertising,Native,United States,Desktop,N/A,$0.00  ~ $0.00 ,N/A,N/A,N/A,N/A,N/A
Arts & Entertainment (Legacy),Advertising,Native,United States,Mobile Web,N/A,$0.00  ~ $0.00 ,N/A,N/A,N/A,N/A,N/A
Arts & Entertainment (Legacy),Advertising,Native,Canada,Mobile Web,N/A,$0.00  ~ $0.00 ,N/A,N/A,N/A,N/A,N/A
Arts & Entertainment (Legacy),Advertising,Outstream,United States,Mobile Web,N/A,$0.00  ~ $0.00 ,N/A,N/A,N/A,N/A,N/A
Arts & Entertainment (Legacy),Advertising,Outstream,United States,Tablet,N/A,$0.00  ~ $0.00 ,N/A,N/A,N/A,N/A,N/A
Arts & Entertainment (Legacy),Advertising,Outstream,United States,Desktop,N/A,$0.00  ~ $0.00 ,N/A,N/A,N/A,N/A,N/A
Arts & Entertainment (Legacy),Advertising,Outstream,Canada,Desktop,N/A,$0.00  ~ $0.00 ,N/A,N/A,N/A,N/A,N/A
Arts & Entertainment (Legacy),Human Resources,Outstream,United States,Mobile Web,N/A,$0.00  ~ $0.00 ,N/A,N/A,N/A,N/A,N/A
Arts & Entertainment (Legacy),Human Resources,Outstream,United States,Desktop,N/A,$0.00  ~ $0.00 ,N/A,N/A,N/A,N/A,N/A
Arts & Entertainment (Legacy),Catholicism,Outstream,United States,Mobile Web,N/A,$0.00  ~ $0.00 ,N/A,N/A,N/A,N/A,N/A
Arts & Entertainment (Legacy),Catholicism,Outstream,United States,Tablet,N/A,$0.00  ~ $0.00 ,N/A,N/A,N/A,N/A,N/A
Arts & Entertainment (Legacy),Catholicism,Interstitial,United States,Tablet,N/A,$0.00  ~ $0.00 ,N/A,N/A,N/A,N/A,N/A
Arts & Entertainment (Legacy),Internet Technology,Outstream,Canada,Desktop,N/A,$0.00  ~ $0.00 ,N/A,N/A,N/A,N/A,N/A
Arts & Entertainment (Legacy),Internet Technology,Instream,Canada,Desktop,N/A,$0.00  ~ $0.00 ,N/A,N/A,N/A,N/A,N/A
Arts & Entertainment (Legacy),Internet Technology,Instream,Canada,Mobile Web,N/A,$0.00  ~ $0.00 ,N/A,N/A,N/A,N/A,N/A
Arts & Entertainment (Legacy),Home & Garden,Native,United States,Desktop,N/A,$0.00  ~ $0.00 ,N/A,N/A,N/A,N/A,N/A
Arts & Entertainment (Legacy),Home & Garden,Outstream,United Kingdom,Desktop,N/A,$0.00  ~ $0.00 ,N/A,N/A,N/A,N/A,N/A
Arts & Entertainment (Legacy),Home & Garden,Interstitial,United Kingdom,Desktop,N/A,$0.00  ~ $0.00 ,N/A,N/A,N/A,N/A,N/A
Arts & Entertainment (Legacy),Home & Garden,Interstitial,United States,Tablet,N/A,$0.00  ~ $0.00 ,N/A,N/A,N/A,N/A,N/A
Arts & Entertainment (Legacy),Home & Garden,Interstitial,United States,Mobile Web,N/A,$0.00  ~ $0.00 ,N/A,N/A,N/A,N/A,N/A
Arts & Entertainment (Legacy),Home & Garden,Interstitial,United States,Desktop,N/A,$0.00  ~ $0.00 ,N/A,N/A,N/A,N/A,N/A
Arts & Entertainment (Legacy),News,Outstream,United States,Tablet,N/A,$0.00  ~ $0.00 ,N/A,N/A,N/A,N/A,N/A
Arts & Entertainment (Legacy),News,Outstream,United States,Mobile Web,N/A,$0.00  ~ $0.00 ,N/A,N/A,N/A,N/A,N/A
Arts & Entertainment (Legacy),News,Outstream,Canada,Desktop,N/A,$0.00  ~ $0.00 ,N/A,N/A,N/A,N/A,N/A
Arts & Entertainment (Legacy),News,Outstream,Canada,Mobile Web,N/A,$0.00  ~ $0.00 ,N/A,N/A,N/A,N/A,N/A
Arts & Entertainment (Legacy),News,Interstitial,United States,Tablet,N/A,$0.00  ~ $0.00 ,N/A,N/A,N/A,N/A,N/A
Arts & Entertainment (Legacy),News,Interstitial,United States,Mobile Web,N/A,$0.00  ~ $0.00 ,N/A,N/A,N/A,N/A,N/A
Arts & Entertainment (Legacy),News,Interstitial,Canada,Desktop,N/A,$0.00  ~ $0.00 ,N/A,N/A,N/A,N/A,N/A
Arts & Entertainment (Legacy),News,Interstitial,Canada,Mobile Web,N/A,$0.00  ~ $0.00 ,N/A,N/A,N/A,N/A,N/A
Arts & Entertainment (Legacy),News,Rewarded,United States,Mobile Web,N/A,$0.00  ~ $0.00 ,N/A,N/A,N/A,N/A,N/A
Arts & Entertainment (Legacy),News,Rewarded,United States,Tablet,N/A,$0.00  ~ $0.00 ,N/A,N/A,N/A,N/A,N/A
Arts & Entertainment (Legacy),College,Outstream,United States,Desktop,N/A,$0.00  ~ $0.00 ,N/A,N/A,N/A,N/A,N/A
Arts & Entertainment (Legacy),College,Outstream,United States,Mobile Web,N/A,$0.00  ~ $0.00 ,N/A,N/A,N/A,N/A,N/A
Arts & Entertainment (Legacy),College,Outstream,United States,Tablet,N/A,$0.00  ~ $0.00 ,N/A,N/A,N/A,N/A,N/A
Arts & Entertainment (Legacy),College,Interstitial,United States,Desktop,N/A,$0.00  ~ $0.00 ,N/A,N/A,N/A,N/A,N/A
Arts & Entertainment (Legacy),College,Interstitial,United States,Tablet,N/A,$0.00  ~ $0.00 ,N/A,N/A,N/A,N/A,N/A
Arts & Entertainment (Legacy),Travel,Instream,Canada,Desktop,N/A,$0.00  ~ $0.00 ,N/A,N/A,N/A,N/A,N/A
Arts & Entertainment (Legacy),Travel,Rewarded,United States,Desktop,N/A,$0.00  ~ $0.00 ,N/A,N/A,N/A,N/A,N/A
Arts & Entertainment (Legacy),Travel,Native,United States,Desktop,N/A,$0.00  ~ $0.00 ,N/A,N/A,N/A,N/A,N/A
Arts & Entertainment (Legacy),Travel,Outstream,United States,Desktop,N/A,$0.00  ~ $0.00 ,N/A,N/A,N/A,N/A,N/A
Arts & Entertainment (Legacy),Travel,Outstream,United States,Mobile Web,N/A,$0.00  ~ $0.00 ,N/A,N/A,N/A,N/A,N/A
Arts & Entertainment (Legacy),Travel,Outstream,United States,Tablet,N/A,$0.00  ~ $0.00 ,N/A,N/A,N/A,N/A,N/A
Arts & Entertainment (Legacy),Travel,Outstream,United Kingdom,Desktop,N/A,$0.00  ~ $0.00 ,N/A,N/A,N/A,N/A,N/A
Arts & Entertainment (Legacy),Travel,Outstream,United Kingdom,Mobile Web,N/A,$0.00  ~ $0.00 ,N/A,N/A,N/A,N/A,N/A
Arts & Entertainment (Legacy),Travel,Outstream,Canada,Desktop,N/A,$0.00  ~ $0.00 ,N/A,N/A,N/A,N/A,N/A
Arts & Entertainment (Legacy),Travel,Outstream,Canada,Mobile Web,N/A,$0.00  ~ $0.00 ,N/A,N/A,N/A,N/A,N/A
Arts & Entertainment (Legacy),Travel,Interstitial,United Kingdom,Desktop,N/A,$0.00  ~ $0.00 ,N/A,N/A,N/A,N/A,N/A
Arts & Entertainment (Legacy),Travel,Interstitial,United Kingdom,Mobile Web,N/A,$0.00  ~ $0.00 ,N/A,N/A,N/A,N/A,N/A
Arts & Entertainment (Legacy),Travel,Interstitial,United States,Desktop,N/A,$0.00  ~ $0.00 ,N/A,N/A,N/A,N/A,N/A
Arts & Entertainment (Legacy),Travel,Interstitial,United States,Tablet,N/A,$0.00  ~ $0.00 ,N/A,N/A,N/A,N/A,N/A
Arts & Entertainment (Legacy),Hotels,Interstitial,United States,Tablet,N/A,$0.00  ~ $0.00 ,N/A,N/A,N/A,N/A,N/A
Arts & Entertainment (Legacy),Hotels,Interstitial,United States,Desktop,N/A,$0.00  ~ $0.00 ,N/A,N/A,N/A,N/A,N/A
Arts & Entertainment (Legacy),Hotels,Outstream,United States,Desktop,N/A,$0.00  ~ $0.00 ,N/A,N/A,N/A,N/A,N/A
Arts & Entertainment (Legacy),Hotels,Outstream,United States,Mobile Web,N/A,$0.00  ~ $0.00 ,N/A,N/A,N/A,N/A,N/A
Arts & Entertainment (Legacy),Hotels,Outstream,United States,Tablet,N/A,$0.00  ~ $0.00 ,N/A,N/A,N/A,N/A,N/A
Arts & Entertainment (Legacy),Hotels,Instream,United States,Tablet,N/A,$0.00  ~ $0.00 ,N/A,N/A,N/A,N/A,N/A
Arts & Entertainment (Legacy),Fine Art,Outstream,United States,Desktop,N/A,$0.00  ~ $0.00 ,N/A,N/A,N/A,N/A,N/A
Arts & Entertainment (Legacy),Insurance,Instream,United Kingdom,Mobile Web,N/A,$0.00  ~ $0.00 ,N/A,N/A,N/A,N/A,N/A
Arts & Entertainment (Legacy),Insurance,Interstitial,United Kingdom,Desktop,N/A,$0.00  ~ $0.00 ,N/A,N/A,N/A,N/A,N/A
Arts & Entertainment (Legacy),Insurance,Interstitial,United States,Desktop,N/A,$0.00  ~ $0.00 ,N/A,N/A,N/A,N/A,N/A
Arts & Entertainment (Legacy),Insurance,Outstream,United States,Desktop,N/A,$0.00  ~ $0.00 ,N/A,N/A,N/A,N/A,N/A
Arts & Entertainment (Legacy),Insurance,Outstream,United Kingdom,Desktop,N/A,$0.00  ~ $0.00 ,N/A,N/A,N/A,N/A,N/A
Arts & Entertainment (Legacy),Insurance,Outstream,United Kingdom,Mobile Web,N/A,$0.00  ~ $0.00 ,N/A,N/A,N/A,N/A,N/A
Arts & Entertainment (Legacy),Apartments,Instream,United Kingdom,Desktop,N/A,$0.00  ~ $0.00 ,N/A,N/A,N/A,N/A,N/A
Arts & Entertainment (Legacy),Apartments,Instream,United Kingdom,Mobile Web,N/A,$0.00  ~ $0.00 ,N/A,N/A,N/A,N/A,N/A
Arts & Entertainment (Legacy),Apartments,Outstream,United Kingdom,Desktop,N/A,$0.00  ~ $0.00 ,N/A,N/A,N/A,N/A,N/A
Arts & Entertainment (Legacy),Apartments,Outstream,United Kingdom,Mobile Web,N/A,$0.00  ~ $0.00 ,N/A,N/A,N/A,N/A,N/A
Arts & Entertainment (Legacy),Cocktails/Beer,Outstream,United States,Desktop,N/A,$0.00  ~ $0.00 ,N/A,N/A,N/A,N/A,N/A
Arts & Entertainment (Legacy),Cocktails/Beer,Outstream,United States,Mobile Web,N/A,$0.00  ~ $0.00 ,N/A,N/A,N/A,N/A,N/A
Arts & Entertainment (Legacy),Cocktails/Beer,Outstream,United States,Tablet,N/A,$0.00  ~ $0.00 ,N/A,N/A,N/A,N/A,N/A
Arts & Entertainment (Legacy),Cocktails/Beer,Native,United States,Mobile Web,N/A,$0.00  ~ $0.00 ,N/A,N/A,N/A,N/A,N/A
Arts & Entertainment (Legacy),Cocktails/Beer,Interstitial,United States,Tablet,N/A,$0.00  ~ $0.00 ,N/A,N/A,N/A,N/A,N/A
Arts & Entertainment (Legacy),Cocktails/Beer,Instream,United States,Desktop,N/A,$0.00  ~ $0.00 ,N/A,N/A,N/A,N/A,N/A
Arts & Entertainment (Legacy),Cocktails/Beer,Instream,United States,Mobile Web,N/A,$0.00  ~ $0.00 ,N/A,N/A,N/A,N/A,N/A
Arts & Entertainment (Legacy),Coffee/Tea,Instream,United States,Desktop,N/A,$0.00  ~ $0.00 ,N/A,N/A,N/A,N/A,N/A
Arts & Entertainment (Legacy),Coffee/Tea,Interstitial,United States,Tablet,N/A,$0.00  ~ $0.00 ,N/A,N/A,N/A,N/A,N/A
Arts & Entertainment (Legacy),Coffee/Tea,Outstream,United States,Desktop,N/A,$0.00  ~ $0.00 ,N/A,N/A,N/A,N/A,N/A
Arts & Entertainment (Legacy),Coffee/Tea,Outstream,United States,Mobile Web,N/A,$0.00  ~ $0.00 ,N/A,N/A,N/A,N/A,N/A
Arts & Entertainment (Legacy),Coffee/Tea,Outstream,United States,Tablet,N/A,$0.00  ~ $0.00 ,N/A,N/A,N/A,N/A,N/A
Arts & Entertainment (Legacy),Mountain Biking,Outstream,United States,Mobile Web,N/A,$0.00  ~ $0.00 ,N/A,N/A,N/A,N/A,N/A
Arts & Entertainment (Legacy),Mountain Biking,Outstream,United States,Desktop,N/A,$0.00  ~ $0.00 ,N/A,N/A,N/A,N/A,N/A
Arts & Entertainment (Legacy),Interior Decorating,Outstream,United States,Desktop,N/A,$0.00  ~ $0.00 ,N/A,N/A,N/A,N/A,N/A
Arts & Entertainment (Legacy),Interior Decorating,Outstream,United States,Mobile Web,N/A,$0.00  ~ $0.00 ,N/A,N/A,N/A,N/A,N/A
Arts & Entertainment (Legacy),Interior Decorating,Outstream,United States,Tablet,N/A,$0.00  ~ $0.00 ,N/A,N/A,N/A,N/A,N/A
Arts & Entertainment (Legacy),Interior Decorating,Interstitial,United States,Desktop,N/A,$0.00  ~ $0.00 ,N/A,N/A,N/A,N/A,N/A
Arts & Entertainment (Legacy),Interior Decorating,Interstitial,United States,Tablet,N/A,$0.00  ~ $0.00 ,N/A,N/A,N/A,N/A,N/A
Arts & Entertainment (Legacy),Interior Decorating,Interstitial,United States,Mobile Web,N/A,$0.00  ~ $0.00 ,N/A,N/A,N/A,N/A,N/A
Arts & Entertainment (Legacy),Business Software,Outstream,United States,Desktop,N/A,$0.00  ~ $0.00 ,N/A,N/A,N/A,N/A,N/A
Arts & Entertainment (Legacy),Business Software,Outstream,United States,Mobile Web,N/A,$0.00  ~ $0.00 ,N/A,N/A,N/A,N/A,N/A
Arts & Entertainment (Legacy),Business Software,Outstream,United States,Tablet,N/A,$0.00  ~ $0.00 ,N/A,N/A,N/A,N/A,N/A
Arts & Entertainment (Legacy),Business Software,Outstream,United Kingdom,Desktop,N/A,$0.00  ~ $0.00 ,N/A,N/A,N/A,N/A,N/A
Arts & Entertainment (Legacy),Business Software,Instream,United States,Mobile Web,N/A,$0.00  ~ $0.00 ,N/A,N/A,N/A,N/A,N/A
Arts & Entertainment (Legacy),Business Software,Instream,United States,Tablet,N/A,$0.00  ~ $0.00 ,N/A,N/A,N/A,N/A,N/A
Arts & Entertainment (Legacy),Business Software,Instream,United Kingdom,Desktop,N/A,$0.00  ~ $0.00 ,N/A,N/A,N/A,N/A,N/A
Arts & Entertainment (Legacy),Business Software,Interstitial,United Kingdom,Desktop,N/A,$0.00  ~ $0.00 ,N/A,N/A,N/A,N/A,N/A
Arts & Entertainment (Legacy),Business Software,Interstitial,United States,Desktop,N/A,$0.00  ~ $0.00 ,N/A,N/A,N/A,N/A,N/A
Arts & Entertainment (Legacy),Business Software,Interstitial,United States,Tablet,N/A,$0.00  ~ $0.00 ,N/A,N/A,N/A,N/A,N/A
Arts & Entertainment (Legacy),Business Software,Native,United States,Desktop,N/A,$0.00  ~ $0.00 ,N/A,N/A,N/A,N/A,N/A
Arts & Entertainment (Legacy),Art/Technology,Outstream,United States,Mobile Web,N/A,$0.00  ~ $0.00 ,N/A,N/A,N/A,N/A,N/A
Arts & Entertainment (Legacy),Psychology/Psychiatry,Outstream,United States,Desktop,N/A,$0.00  ~ $0.00 ,N/A,N/A,N/A,N/A,N/A
Arts & Entertainment (Legacy),Psychology/Psychiatry,Outstream,United States,Mobile Web,N/A,$0.00  ~ $0.00 ,N/A,N/A,N/A,N/A,N/A
Arts & Entertainment (Legacy),Psychology/Psychiatry,Interstitial,United States,Tablet,N/A,$0.00  ~ $0.00 ,N/A,N/A,N/A,N/A,N/A
Arts & Entertainment (Legacy),Biotech/Biomedical,Instream,United States,Tablet,N/A,$0.00  ~ $0.00 ,N/A,N/A,N/A,N/A,N/A
Arts & Entertainment (Legacy),Biotech/Biomedical,Outstream,United States,Desktop,N/A,$0.00  ~ $0.00 ,N/A,N/A,N/A,N/A,N/A
Arts & Entertainment (Legacy),Biotech/Biomedical,Outstream,United States,Mobile Web,N/A,$0.00  ~ $0.00 ,N/A,N/A,N/A,N/A,N/A
Arts & Entertainment (Legacy),Biotech/Biomedical,Outstream,United States,Tablet,N/A,$0.00  ~ $0.00 ,N/A,N/A,N/A,N/A,N/A
Arts & Entertainment (Legacy),Biotech/Biomedical,Interstitial,United States,Desktop,N/A,$0.00  ~ $0.00 ,N/A,N/A,N/A,N/A,N/A
Arts & Entertainment (Legacy),Biotech/Biomedical,Interstitial,United States,Tablet,N/A,$0.00  ~ $0.00 ,N/A,N/A,N/A,N/A,N/A
Arts & Entertainment (Legacy),Biotech/Biomedical,Interstitial,United States,Mobile Web,N/A,$0.00  ~ $0.00 ,N/A,N/A,N/A,N/A,N/A
Arts & Entertainment (Legacy),Honeymoons/Getaways,Outstream,United States,Desktop,N/A,$0.00  ~ $0.00 ,N/A,N/A,N/A,N/A,N/A
Arts & Entertainment (Legacy),Honeymoons/Getaways,Outstream,United States,Mobile Web,N/A,$0.00  ~ $0.00 ,N/A,N/A,N/A,N/A,N/A
Arts & Entertainment (Legacy),Honeymoons/Getaways,Outstream,United States,Tablet,N/A,$0.00  ~ $0.00 ,N/A,N/A,N/A,N/A,N/A
Arts & Entertainment (Legacy),Honeymoons/Getaways,Outstream,United Kingdom,Desktop,N/A,$0.00  ~ $0.00 ,N/A,N/A,N/A,N/A,N/A
Arts & Entertainment (Legacy),Honeymoons/Getaways,Outstream,United Kingdom,Mobile Web,N/A,$0.00  ~ $0.00 ,N/A,N/A,N/A,N/A,N/A
Arts & Entertainment (Legacy),Honeymoons/Getaways,Instream,United States,Desktop,N/A,$0.00  ~ $0.00 ,N/A,N/A,N/A,N/A,N/A
Arts & Entertainment (Legacy),Honeymoons/Getaways,Instream,United States,Mobile Web,N/A,$0.00  ~ $0.00 ,N/A,N/A,N/A,N/A,N/A
Arts & Entertainment (Legacy),Honeymoons/Getaways,Instream,United Kingdom,Desktop,N/A,$0.00  ~ $0.00 ,N/A,N/A,N/A,N/A,N/A
Arts & Entertainment (Legacy),Honeymoons/Getaways,Interstitial,United Kingdom,Desktop,N/A,$0.00  ~ $0.00 ,N/A,N/A,N/A,N/A,N/A
Arts & Entertainment (Legacy),Honeymoons/Getaways,Interstitial,United Kingdom,Mobile Web,N/A,$0.00  ~ $0.00 ,N/A,N/A,N/A,N/A,N/A
Arts & Entertainment (Legacy),Honeymoons/Getaways,Interstitial,United States,Tablet,N/A,$0.00  ~ $0.00 ,N/A,N/A,N/A,N/A,N/A
Arts & Entertainment (Legacy),Clothing,Outstream,United States,Desktop,N/A,$0.00  ~ $0.00 ,N/A,N/A,N/A,N/A,N/A
Arts & Entertainment (Legacy),Auto Repair,Outstream,United States,Desktop,N/A,$0.00  ~ $0.00 ,N/A,N/A,N/A,N/A,N/A
Arts & Entertainment (Legacy),Auto Repair,Outstream,United States,Mobile Web,N/A,$0.00  ~ $0.00 ,N/A,N/A,N/A,N/A,N/A
Arts & Entertainment (Legacy),Auto Repair,Outstream,United States,Tablet,N/A,$0.00  ~ $0.00 ,N/A,N/A,N/A,N/A,N/A
Arts & Entertainment (Legacy),Auto Repair,Interstitial,United States,Desktop,N/A,$0.00  ~ $0.00 ,N/A,N/A,N/A,N/A,N/A
Arts & Entertainment (Legacy),By US Locale,Outstream,United States,Desktop,N/A,$0.00  ~ $0.00 ,N/A,N/A,N/A,N/A,N/A
Arts & Entertainment (Legacy),By US Locale,Outstream,United States,Mobile Web,N/A,$0.00  ~ $0.00 ,N/A,N/A,N/A,N/A,N/A
Arts & Entertainment (Legacy),By US Locale,Outstream,United States,Tablet,N/A,$0.00  ~ $0.00 ,N/A,N/A,N/A,N/A,N/A
Arts & Entertainment (Legacy),By US Locale,Instream,United States,Desktop,N/A,$0.00  ~ $0.00 ,N/A,N/A,N/A,N/A,N/A
Arts & Entertainment (Legacy),Contests & Freebies,Interstitial,United States,Tablet,N/A,$0.00  ~ $0.00 ,N/A,N/A,N/A,N/A,N/A
Arts & Entertainment (Legacy),Contests & Freebies,Outstream,United States,Desktop,N/A,$0.00  ~ $0.00 ,N/A,N/A,N/A,N/A,N/A
Arts & Entertainment (Legacy),Contests & Freebies,Outstream,United States,Mobile Web,N/A,$0.00  ~ $0.00 ,N/A,N/A,N/A,N/A,N/A
Arts & Entertainment (Legacy),Career Planning,Outstream,United States,Desktop,N/A,$0.00  ~ $0.00 ,N/A,N/A,N/A,N/A,N/A
Arts & Entertainment (Legacy),Entertaining,Outstream,United States,Desktop,N/A,$0.00  ~ $0.00 ,N/A,N/A,N/A,N/A,N/A
Arts & Entertainment (Legacy),Family & Parenting,Outstream,United States,Desktop,N/A,$0.00  ~ $0.00 ,N/A,N/A,N/A,N/A,N/A
Arts & Entertainment (Legacy),Family & Parenting,Outstream,United States,Mobile Web,N/A,$0.00  ~ $0.00 ,N/A,N/A,N/A,N/A,N/A
Arts & Entertainment (Legacy),Family & Parenting,Outstream,United States,Tablet,N/A,$0.00  ~ $0.00 ,N/A,N/A,N/A,N/A,N/A
Arts & Entertainment (Legacy),Family & Parenting,Outstream,United Kingdom,Desktop,N/A,$0.00  ~ $0.00 ,N/A,N/A,N/A,N/A,N/A
Arts & Entertainment (Legacy),Family & Parenting,Outstream,United Kingdom,Mobile Web,N/A,$0.00  ~ $0.00 ,N/A,N/A,N/A,N/A,N/A
Arts & Entertainment (Legacy),Family & Parenting,Instream,United Kingdom,Desktop,N/A,$0.00  ~ $0.00 ,N/A,N/A,N/A,N/A,N/A
Arts & Entertainment (Legacy),Family & Parenting,Instream,United Kingdom,Mobile Web,N/A,$0.00  ~ $0.00 ,N/A,N/A,N/A,N/A,N/A
Arts & Entertainment (Legacy),Family & Parenting,Interstitial,United States,Tablet,N/A,$0.00  ~ $0.00 ,N/A,N/A,N/A,N/A,N/A
Arts & Entertainment (Legacy),Family & Parenting,Interstitial,United States,Desktop,N/A,$0.00  ~ $0.00 ,N/A,N/A,N/A,N/A,N/A
Arts & Entertainment (Legacy),Family & Parenting,Native,United Kingdom,Desktop,N/A,$0.00  ~ $0.00 ,N/A,N/A,N/A,N/A,N/A
Arts & Entertainment (Legacy),Card Games,Outstream,United States,Desktop,N/A,$0.00  ~ $0.00 ,N/A,N/A,N/A,N/A,N/A
Arts & Entertainment (Legacy),Card Games,Outstream,United States,Mobile Web,N/A,$0.00  ~ $0.00 ,N/A,N/A,N/A,N/A,N/A
Arts & Entertainment (Legacy),Card Games,Outstream,United States,Tablet,N/A,$0.00  ~ $0.00 ,N/A,N/A,N/A,N/A,N/A
Arts & Entertainment (Legacy),Card Games,Instream,United States,Desktop,N/A,$0.00  ~ $0.00 ,N/A,N/A,N/A,N/A,N/A
Arts & Entertainment (Legacy),Card Games,Instream,United States,Mobile Web,N/A,$0.00  ~ $0.00 ,N/A,N/A,N/A,N/A,N/A
Arts & Entertainment (Legacy),Card Games,Interstitial,United States,Desktop,N/A,$0.00  ~ $0.00 ,N/A,N/A,N/A,N/A,N/A
Arts & Entertainment (Legacy),Logistics,Outstream,United Kingdom,Desktop,N/A,$0.00  ~ $0.00 ,N/A,N/A,N/A,N/A,N/A
Arts & Entertainment (Legacy),Logistics,Outstream,United States,Desktop,N/A,$0.00  ~ $0.00 ,N/A,N/A,N/A,N/A,N/A
Arts & Entertainment (Legacy),Logistics,Instream,United States,Desktop,N/A,$0.00  ~ $0.00 ,N/A,N/A,N/A,N/A,N/A
Arts & Entertainment (Legacy),Cruises,Outstream,United States,Desktop,N/A,$0.00  ~ $0.00 ,N/A,N/A,N/A,N/A,N/A
Arts & Entertainment (Legacy),Cruises,Outstream,United States,Mobile Web,N/A,$0.00  ~ $0.00 ,N/A,N/A,N/A,N/A,N/A
Arts & Entertainment (Legacy),Cruises,Instream,United States,Desktop,N/A,$0.00  ~ $0.00 ,N/A,N/A,N/A,N/A,N/A
Arts & Entertainment (Legacy),Food & Drink,Outstream,United States,Mobile Web,N/A,$0.00  ~ $0.00 ,N/A,N/A,N/A,N/A,N/A
Arts & Entertainment (Legacy),Food & Drink,Outstream,United States,Tablet,N/A,$0.00  ~ $0.00 ,N/A,N/A,N/A,N/A,N/A
Arts & Entertainment (Legacy),Food & Drink,Outstream,United States,Desktop,N/A,$0.00  ~ $0.00 ,N/A,N/A,N/A,N/A,N/A
Arts & Entertainment (Legacy),Food & Drink,Outstream,Canada,Desktop,N/A,$0.00  ~ $0.00 ,N/A,N/A,N/A,N/A,N/A
Arts & Entertainment (Legacy),Food & Drink,Outstream,United Kingdom,Desktop,N/A,$0.00  ~ $0.00 ,N/A,N/A,N/A,N/A,N/A
Arts & Entertainment (Legacy),Food & Drink,Interstitial,United States,Desktop,N/A,$0.00  ~ $0.00 ,N/A,N/A,N/A,N/A,N/A
Arts & Entertainment (Legacy),Food & Drink,Interstitial,United States,Tablet,N/A,$0.00  ~ $0.00 ,N/A,N/A,N/A,N/A,N/A
Arts & Entertainment (Legacy),Food & Drink,Interstitial,United States,Mobile Web,N/A,$0.00  ~ $0.00 ,N/A,N/A,N/A,N/A,N/A
Arts & Entertainment (Legacy),K-6 Educators,Outstream,United States,Desktop,N/A,$0.00  ~ $0.00 ,N/A,N/A,N/A,N/A,N/A
Arts & Entertainment (Legacy),K-6 Educators,Outstream,United States,Mobile Web,N/A,$0.00  ~ $0.00 ,N/A,N/A,N/A,N/A,N/A
Arts & Entertainment (Legacy),K-6 Educators,Outstream,United States,Tablet,N/A,$0.00  ~ $0.00 ,N/A,N/A,N/A,N/A,N/A
Arts & Entertainment (Legacy),K-6 Educators,Instream,United States,Desktop,N/A,$0.00  ~ $0.00 ,N/A,N/A,N/A,N/A,N/A
Arts & Entertainment (Legacy),K-6 Educators,Interstitial,United States,Desktop,N/A,$0.00  ~ $0.00 ,N/A,N/A,N/A,N/A,N/A
Arts & Entertainment (Legacy),K-6 Educators,Interstitial,United States,Tablet,N/A,$0.00  ~ $0.00 ,N/A,N/A,N/A,N/A,N/A
Arts & Entertainment (Legacy),Music,Outstream,United States,Mobile Web,N/A,$0.00  ~ $0.00 ,N/A,N/A,N/A,N/A,N/A
Arts & Entertainment (Legacy),Football,Outstream,Canada,Mobile Web,N/A,$0.00  ~ $0.00 ,N/A,N/A,N/A,N/A,N/A
Arts & Entertainment (Legacy),Health/Lowfat Cooking,Outstream,United States,Mobile Web,N/A,$0.00  ~ $0.00 ,N/A,N/A,N/A,N/A,N/A
Arts & Entertainment (Legacy),Health/Lowfat Cooking,Outstream,United States,Desktop,N/A,$0.00  ~ $0.00 ,N/A,N/A,N/A,N/A,N/A
Arts & Entertainment (Legacy),Adult Education,Outstream,United States,Desktop,N/A,$0.00  ~ $0.00 ,N/A,N/A,N/A,N/A,N/A
Arts & Entertainment (Legacy),Adult Education,Outstream,United States,Mobile Web,N/A,$0.00  ~ $0.00 ,N/A,N/A,N/A,N/A,N/A
Arts & Entertainment (Legacy),Adult Education,Instream,United States,Mobile Web,N/A,$0.00  ~ $0.00 ,N/A,N/A,N/A,N/A,N/A
Arts & Entertainment (Legacy),Hobbies & Interests,Outstream,United Kingdom,Desktop,N/A,$0.00  ~ $0.00 ,N/A,N/A,N/A,N/A,N/A
Arts & Entertainment (Legacy),Hobbies & Interests,Interstitial,United States,Tablet,N/A,$0.00  ~ $0.00 ,N/A,N/A,N/A,N/A,N/A
Arts & Entertainment (Legacy),Hobbies & Interests,Interstitial,United States,Mobile Web,N/A,$0.00  ~ $0.00 ,N/A,N/A,N/A,N/A,N/A
Arts & Entertainment (Legacy),Hobbies & Interests,Interstitial,United Kingdom,Desktop,N/A,$0.00  ~ $0.00 ,N/A,N/A,N/A,N/A,N/A
Arts & Entertainment (Legacy),Hobbies & Interests,Native,United States,Desktop,N/A,$0.00  ~ $0.00 ,N/A,N/A,N/A,N/A,N/A
Arts & Entertainment (Legacy),Hobbies & Interests,Native,Canada,Desktop,N/A,$0.00  ~ $0.00 ,N/A,N/A,N/A,N/A,N/A
Arts & Entertainment (Legacy),Legal Issues,Outstream,United States,Desktop,N/A,$0.00  ~ $0.00 ,N/A,N/A,N/A,N/A,N/A
Arts & Entertainment (Legacy),Legal Issues,Outstream,United States,Mobile Web,N/A,$0.00  ~ $0.00 ,N/A,N/A,N/A,N/A,N/A
Arts & Entertainment (Legacy),Legal Issues,Outstream,United States,Tablet,N/A,$0.00  ~ $0.00 ,N/A,N/A,N/A,N/A,N/A
Arts & Entertainment (Legacy),Legal Issues,Outstream,Canada,Desktop,N/A,$0.00  ~ $0.00 ,N/A,N/A,N/A,N/A,N/A
Arts & Entertainment (Legacy),Legal Issues,Outstream,United Kingdom,Mobile Web,N/A,$0.00  ~ $0.00 ,N/A,N/A,N/A,N/A,N/A
Arts & Entertainment (Legacy),Legal Issues,Outstream,United Kingdom,Desktop,N/A,$0.00  ~ $0.00 ,N/A,N/A,N/A,N/A,N/A
Arts & Entertainment (Legacy),Legal Issues,Outstream,Mexico,Tablet,N/A,$0.00  ~ $0.00 ,N/A,N/A,N/A,N/A,N/A
Arts & Entertainment (Legacy),Legal Issues,Instream,Canada,Desktop,N/A,$0.00  ~ $0.00 ,N/A,N/A,N/A,N/A,N/A
Arts & Entertainment (Legacy),Legal Issues,Instream,Mexico,Mobile Web,N/A,$0.00  ~ $0.00 ,N/A,N/A,N/A,N/A,N/A
Arts & Entertainment (Legacy),Commentary,Outstream,United States,Desktop,N/A,$0.00  ~ $0.00 ,N/A,N/A,N/A,N/A,N/A
Arts & Entertainment (Legacy),Commentary,Outstream,United States,Mobile Web,N/A,$0.00  ~ $0.00 ,N/A,N/A,N/A,N/A,N/A
Arts & Entertainment (Legacy),Commentary,Outstream,United States,Tablet,N/A,$0.00  ~ $0.00 ,N/A,N/A,N/A,N/A,N/A
Arts & Entertainment (Legacy),Commentary,Instream,United States,Mobile Web,N/A,$0.00  ~ $0.00 ,N/A,N/A,N/A,N/A,N/A
Arts & Entertainment (Legacy),Commentary,Interstitial,United States,Tablet,N/A,$0.00  ~ $0.00 ,N/A,N/A,N/A,N/A,N/A
Arts & Entertainment (Legacy),Commentary,Interstitial,United States,Desktop,N/A,$0.00  ~ $0.00 ,N/A,N/A,N/A,N/A,N/A
Arts & Entertainment (Legacy),Green Solutions,Outstream,United States,Desktop,N/A,$0.00  ~ $0.00 ,N/A,N/A,N/A,N/A,N/A
Arts & Entertainment (Legacy),Green Solutions,Outstream,United States,Mobile Web,N/A,$0.00  ~ $0.00 ,N/A,N/A,N/A,N/A,N/A
Arts & Entertainment (Legacy),Green Solutions,Outstream,United States,Tablet,N/A,$0.00  ~ $0.00 ,N/A,N/A,N/A,N/A,N/A
Arts & Entertainment (Legacy),Green Solutions,Outstream,United Kingdom,Desktop,N/A,$0.00  ~ $0.00 ,N/A,N/A,N/A,N/A,N/A
Arts & Entertainment (Legacy),Green Solutions,Instream,United States,Desktop,N/A,$0.00  ~ $0.00 ,N/A,N/A,N/A,N/A,N/A
Arts & Entertainment (Legacy),Green Solutions,Instream,United States,Mobile Web,N/A,$0.00  ~ $0.00 ,N/A,N/A,N/A,N/A,N/A
Arts & Entertainment (Legacy),Green Solutions,Interstitial,United States,Tablet,N/A,$0.00  ~ $0.00 ,N/A,N/A,N/A,N/A,N/A
Arts & Entertainment (Legacy),Gardening,Outstream,United States,Desktop,N/A,$0.00  ~ $0.00 ,N/A,N/A,N/A,N/A,N/A
Arts & Entertainment (Legacy),Gardening,Outstream,United States,Mobile Web,N/A,$0.00  ~ $0.00 ,N/A,N/A,N/A,N/A,N/A
Arts & Entertainment (Legacy),Gardening,Instream,United States,Mobile Web,N/A,$0.00  ~ $0.00 ,N/A,N/A,N/A,N/A,N/A
Arts & Entertainment (Legacy),Dogs,Instream,Canada,Desktop,N/A,$0.00  ~ $0.00 ,N/A,N/A,N/A,N/A,N/A
Arts & Entertainment (Legacy),Dogs,Outstream,Canada,Desktop,N/A,$0.00  ~ $0.00 ,N/A,N/A,N/A,N/A,N/A
Arts & Entertainment (Legacy),Dogs,Outstream,Canada,Mobile Web,N/A,$0.00  ~ $0.00 ,N/A,N/A,N/A,N/A,N/A
Arts & Entertainment (Legacy),Education,Outstream,United States,Tablet,N/A,$0.00  ~ $0.00 ,N/A,N/A,N/A,N/A,N/A
Arts & Entertainment (Legacy),Education,Outstream,Canada,Desktop,N/A,$0.00  ~ $0.00 ,N/A,N/A,N/A,N/A,N/A
Arts & Entertainment (Legacy),Education,Outstream,United Kingdom,Desktop,N/A,$0.00  ~ $0.00 ,N/A,N/A,N/A,N/A,N/A
Arts & Entertainment (Legacy),Education,Outstream,Mexico,Mobile Web,N/A,$0.00  ~ $0.00 ,N/A,N/A,N/A,N/A,N/A
Arts & Entertainment (Legacy),Education,Instream,United Kingdom,Mobile Web,N/A,$0.00  ~ $0.00 ,N/A,N/A,N/A,N/A,N/A
Arts & Entertainment (Legacy),Education,Interstitial,United States,Desktop,N/A,$0.00  ~ $0.00 ,N/A,N/A,N/A,N/A,N/A
Arts & Entertainment (Legacy),Education,Interstitial,United States,Tablet,N/A,$0.00  ~ $0.00 ,N/A,N/A,N/A,N/A,N/A
Arts & Entertainment (Legacy),Education,Interstitial,United States,Mobile Web,N/A,$0.00  ~ $0.00 ,N/A,N/A,N/A,N/A,N/A
Arts & Entertainment (Legacy),Education,Interstitial,United Kingdom,Mobile Web,N/A,$0.00  ~ $0.00 ,N/A,N/A,N/A,N/A,N/A
Arts & Entertainment (Legacy),Education,Interstitial,United Kingdom,Desktop,N/A,$0.00  ~ $0.00 ,N/A,N/A,N/A,N/A,N/A
Arts & Entertainment (Legacy),Education,Native,United States,Desktop,N/A,$0.00  ~ $0.00 ,N/A,N/A,N/A,N/A,N/A
Arts & Entertainment (Legacy),Education,Native,United States,Mobile Web,N/A,$0.00  ~ $0.00 ,N/A,N/A,N/A,N/A,N/A
Arts & Entertainment (Legacy),Air Travel,Outstream,United States,Desktop,N/A,$0.00  ~ $0.00 ,N/A,N/A,N/A,N/A,N/A
Arts & Entertainment (Legacy),Air Travel,Native,United States,Desktop,N/A,$0.00  ~ $0.00 ,N/A,N/A,N/A,N/A,N/A
Automotive (Legacy),Health & Fitness,Instream,United States,Tablet,N/A,$52.16  ~ $52.16 ,N/A,N/A,N/A,100.00%,N/A
Automotive (Legacy),Health & Fitness,Instream,United States,Desktop,N/A,$32.73  ~ $37.12 ,N/A,N/A,N/A,94.59%,N/A
Automotive (Legacy),Health & Fitness,Instream,United States,Mobile Web,N/A,$33.01  ~ $37.74 ,N/A,N/A,N/A,62.50%,N/A
Automotive (Legacy),Health & Fitness,Outstream,United States,Desktop,N/A,$41.16  ~ $41.16 ,N/A,N/A,N/A,100.00%,N/A
Automotive (Legacy),Home & Garden,Instream,United States,Mobile Web,N/A,$30.96  ~ $37.01 ,N/A,N/A,N/A,66.67%,N/A
Automotive (Legacy),Home & Garden,Instream,United States,Desktop,N/A,$25.22  ~ $25.25 ,$1.19 ,N/A,2.13%,82.22%,N/A
Automotive (Legacy),Home & Garden,Outstream,United States,Desktop,N/A,$46.31  ~ $55.89 ,N/A,N/A,N/A,80.00%,N/A
Automotive (Legacy),Home & Garden,Outstream,United States,Mobile Web,N/A,$17.08  ~ $17.08 ,N/A,N/A,N/A,50.00%,N/A
Automotive (Legacy),Education,Instream,United States,Desktop,N/A,$27.31  ~ $32.81 ,N/A,N/A,N/A,100.00%,N/A
Automotive (Legacy),Education,Instream,United States,Mobile Web,N/A,$22.19  ~ $22.19 ,N/A,N/A,N/A,100.00%,N/A
Automotive (Legacy),"Law, Gov't & Politics",Instream,United States,Desktop,N/A,$37.25  ~ $38.42 ,N/A,N/A,N/A,91.94%,N/A
Automotive (Legacy),"Law, Gov't & Politics",Instream,United States,Mobile Web,N/A,$37.08  ~ $37.30 ,N/A,N/A,N/A,85.71%,N/A
Automotive (Legacy),"Law, Gov't & Politics",Outstream,United States,Desktop,N/A,$68.27  ~ $68.27 ,N/A,N/A,N/A,100.00%,N/A
Automotive (Legacy),Interior Decorating,Instream,United States,Desktop,N/A,$35.85  ~ $35.85 ,N/A,N/A,N/A,N/A,N/A
Automotive (Legacy),Automotive,Outstream,United States,Mobile Web,N/A,$37.57  ~ $37.57 ,N/A,N/A,N/A,50.00%,N/A
Automotive (Legacy),Automotive,Instream,United States,Desktop,N/A,$40.64  ~ $40.64 ,N/A,N/A,N/A,100.00%,N/A
Automotive (Legacy),Hobbies & Interests,Instream,United States,Desktop,N/A,$61.40  ~ $61.40 ,N/A,N/A,N/A,83.82%,N/A
Automotive (Legacy),Hobbies & Interests,Instream,United States,Mobile Web,N/A,$61.57  ~ $61.57 ,N/A,N/A,N/A,60.00%,N/A
Automotive (Legacy),Hobbies & Interests,Outstream,United States,Desktop,N/A,$42.68  ~ $42.68 ,N/A,N/A,N/A,100.00%,N/A
Automotive (Legacy),Shopping,Outstream,United States,Mobile Web,N/A,$48.82  ~ $48.82 ,N/A,N/A,N/A,N/A,N/A
Automotive (Legacy),Shopping,Instream,United States,Desktop,N/A,$40.19  ~ $40.19 ,N/A,N/A,N/A,100.00%,N/A
Automotive (Legacy),Shopping,Instream,United States,Mobile Web,N/A,$48.82  ~ $48.82 ,N/A,N/A,N/A,N/A,N/A
Automotive (Legacy),Politics,Outstream,United States,Desktop,N/A,$76.47  ~ $76.47 ,N/A,N/A,N/A,66.67%,N/A
Automotive (Legacy),Politics,Instream,United States,Desktop,N/A,$45.09  ~ $45.09 ,N/A,N/A,N/A,100.00%,N/A
Automotive (Legacy),Politics,Instream,United States,Mobile Web,N/A,$45.28  ~ $45.28 ,N/A,N/A,N/A,100.00%,N/A
Automotive (Legacy),Personal Finance,Instream,United States,Desktop,N/A,$50.26  ~ $64.78 ,N/A,N/A,N/A,79.17%,N/A
Automotive (Legacy),Personal Finance,Instream,United States,Mobile Web,N/A,$50.04  ~ $55.13 ,N/A,N/A,N/A,100.00%,N/A
Automotive (Legacy),Arts & Entertainment,Instream,United States,Desktop,N/A,$29.00  ~ $33.38 ,N/A,N/A,N/A,90.00%,N/A
Automotive (Legacy),Arts & Entertainment,Instream,United States,Mobile Web,N/A,$0.00  ~ $10.22 ,N/A,N/A,N/A,50.00%,N/A
Automotive (Legacy),Arts & Entertainment,Outstream,United States,Mobile Web,N/A,$11.49  ~ $26.53 ,N/A,N/A,N/A,66.67%,N/A
Automotive (Legacy),Buying/Selling Cars,Instream,United States,Desktop,N/A,$41.94  ~ $41.94 ,N/A,N/A,N/A,95.08%,N/A
Automotive (Legacy),Remodeling & Construction,Instream,United States,Desktop,N/A,$26.09  ~ $26.09 ,N/A,N/A,N/A,100.00%,N/A
Automotive (Legacy),Travel,Instream,United States,Desktop,N/A,$30.73  ~ $30.73 ,N/A,N/A,N/A,33.33%,N/A
Automotive (Legacy),News,Instream,United States,Desktop,N/A,$31.46  ~ $31.46 ,$6.12 ,N/A,0.51%,78.56%,N/A
Automotive (Legacy),News,Instream,United States,Mobile Web,N/A,$32.50  ~ $32.50 ,N/A,N/A,N/A,86.67%,N/A
Automotive (Legacy),Business,Instream,United States,Mobile Web,N/A,$34.94  ~ $34.94 ,N/A,N/A,N/A,80.00%,N/A
Automotive (Legacy),Business,Instream,United States,Desktop,N/A,$37.23  ~ $40.29 ,N/A,N/A,N/A,77.56%,N/A
Automotive (Legacy),Business,Outstream,United States,Mobile Web,N/A,$35.85  ~ $35.85 ,N/A,N/A,N/A,N/A,N/A
Automotive (Legacy),Home Repair,Instream,United States,Desktop,N/A,$43.16  ~ $43.16 ,N/A,N/A,N/A,100.00%,N/A
Automotive (Legacy),Travel,Interstitial,United Kingdom,Mobile Web,N/A,$0.00  ~ $0.00 ,N/A,N/A,N/A,N/A,N/A
Automotive (Legacy),Travel,Interstitial,United Kingdom,Desktop,N/A,$0.00  ~ $0.00 ,N/A,N/A,N/A,N/A,N/A
Automotive (Legacy),Travel,Interstitial,United States,Desktop,N/A,$0.00  ~ $0.00 ,N/A,N/A,N/A,N/A,N/A
Automotive (Legacy),Travel,Outstream,United States,Mobile Web,N/A,$0.00  ~ $0.00 ,N/A,N/A,N/A,N/A,N/A
Automotive (Legacy),Travel,Outstream,United States,Desktop,N/A,$0.00  ~ $0.00 ,N/A,N/A,N/A,N/A,N/A
Automotive (Legacy),Travel,Outstream,United Kingdom,Mobile Web,N/A,$0.00  ~ $0.00 ,N/A,N/A,N/A,N/A,N/A
Automotive (Legacy),Travel,Outstream,United Kingdom,Desktop,N/A,$0.00  ~ $0.00 ,N/A,N/A,N/A,N/A,N/A
Automotive (Legacy),Travel,Outstream,United Kingdom,Tablet,N/A,$0.00  ~ $0.00 ,N/A,N/A,N/A,N/A,N/A
Automotive (Legacy),Travel,Instream,United Kingdom,Mobile Web,N/A,$0.00  ~ $0.00 ,N/A,N/A,N/A,N/A,N/A
Automotive (Legacy),Travel,Instream,United Kingdom,Desktop,N/A,$0.00  ~ $0.00 ,N/A,N/A,N/A,N/A,N/A
Automotive (Legacy),Travel,Instream,United States,Mobile Web,N/A,$0.00  ~ $0.00 ,N/A,N/A,N/A,N/A,N/A
Automotive (Legacy),Computer Peripherals,Outstream,United Kingdom,Desktop,N/A,$0.00  ~ $0.00 ,N/A,N/A,N/A,N/A,N/A
Automotive (Legacy),Computer Peripherals,Outstream,United Kingdom,Mobile Web,N/A,$0.00  ~ $0.00 ,N/A,N/A,N/A,N/A,N/A
Automotive (Legacy),Computer Peripherals,Interstitial,United Kingdom,Mobile Web,N/A,$0.00  ~ $0.00 ,N/A,N/A,N/A,N/A,N/A
Automotive (Legacy),Education,Instream,United Kingdom,Mobile Web,N/A,$0.00  ~ $0.00 ,N/A,N/A,N/A,N/A,N/A
Automotive (Legacy),Education,Outstream,United States,Mobile Web,N/A,$0.00  ~ $0.00 ,N/A,N/A,N/A,N/A,N/A
Automotive (Legacy),Education,Outstream,United States,Desktop,N/A,$0.00  ~ $0.00 ,N/A,N/A,N/A,N/A,N/A
Automotive (Legacy),Education,Outstream,United States,Tablet,N/A,$0.00  ~ $0.00 ,N/A,N/A,N/A,N/A,N/A
Automotive (Legacy),Education,Interstitial,United States,Desktop,N/A,$0.00  ~ $0.00 ,N/A,N/A,N/A,N/A,N/A
Automotive (Legacy),Education,Interstitial,United States,Mobile Web,N/A,$0.00  ~ $0.00 ,N/A,N/A,N/A,N/A,N/A
Automotive (Legacy),Arts & Entertainment,Instream,Canada,Desktop,N/A,$0.00  ~ $0.00 ,N/A,N/A,N/A,N/A,N/A
Automotive (Legacy),Arts & Entertainment,Instream,United Kingdom,Desktop,N/A,$0.00  ~ $0.00 ,N/A,N/A,N/A,N/A,N/A
Automotive (Legacy),Arts & Entertainment,Instream,United Kingdom,Mobile Web,N/A,$0.00  ~ $0.00 ,N/A,N/A,N/A,N/A,N/A
Automotive (Legacy),Arts & Entertainment,Interstitial,United Kingdom,Mobile Web,N/A,$0.00  ~ $0.00 ,N/A,N/A,N/A,N/A,N/A
Automotive (Legacy),Arts & Entertainment,Interstitial,United States,Desktop,N/A,$0.00  ~ $0.00 ,N/A,N/A,N/A,N/A,N/A
Automotive (Legacy),Arts & Entertainment,Outstream,United Kingdom,Mobile Web,N/A,$0.00  ~ $0.00 ,N/A,N/A,N/A,N/A,N/A
Automotive (Legacy),Arts & Entertainment,Outstream,United Kingdom,Desktop,N/A,$0.00  ~ $0.00 ,N/A,N/A,N/A,N/A,N/A
Automotive (Legacy),Arts & Entertainment,Outstream,Canada,Desktop,N/A,$0.00  ~ $0.00 ,N/A,N/A,N/A,N/A,N/A
Automotive (Legacy),Arts & Entertainment,Outstream,United States,Desktop,N/A,$0.00  ~ $0.00 ,N/A,N/A,N/A,N/A,N/A
Automotive (Legacy),Health & Fitness,Instream,Canada,Desktop,N/A,$0.00  ~ $0.00 ,N/A,N/A,N/A,N/A,N/A
Automotive (Legacy),Health & Fitness,Instream,United Kingdom,Mobile Web,N/A,$0.00  ~ $0.00 ,N/A,N/A,N/A,N/A,N/A
Automotive (Legacy),Health & Fitness,Outstream,United States,Mobile Web,N/A,$0.00  ~ $0.00 ,N/A,N/A,N/A,N/A,N/A
Automotive (Legacy),Health & Fitness,Outstream,United States,Tablet,N/A,$0.00  ~ $0.00 ,N/A,N/A,N/A,N/A,N/A
Automotive (Legacy),Health & Fitness,Outstream,Canada,Mobile Web,N/A,$0.00  ~ $0.00 ,N/A,N/A,N/A,N/A,N/A
Automotive (Legacy),Health & Fitness,Interstitial,United States,Tablet,N/A,$0.00  ~ $0.00 ,N/A,N/A,N/A,N/A,N/A
Automotive (Legacy),Health & Fitness,Interstitial,United States,Desktop,N/A,$0.00  ~ $0.00 ,N/A,N/A,N/A,N/A,N/A
Automotive (Legacy),Health & Fitness,Interstitial,United States,Mobile Web,N/A,$0.00  ~ $0.00 ,N/A,N/A,N/A,N/A,N/A
Automotive (Legacy),Green Solutions,Instream,United States,Desktop,N/A,$0.00  ~ $0.00 ,N/A,N/A,N/A,N/A,N/A
Automotive (Legacy),Green Solutions,Outstream,United States,Mobile Web,N/A,$0.00  ~ $0.00 ,N/A,N/A,N/A,N/A,N/A
Automotive (Legacy),Psychology/Psychiatry,Instream,United States,Desktop,N/A,$0.00  ~ $0.00 ,N/A,N/A,N/A,N/A,N/A
Automotive (Legacy),Pediatrics,Outstream,United States,Desktop,N/A,$0.00  ~ $0.00 ,N/A,N/A,N/A,N/A,N/A
Automotive (Legacy),Pediatrics,Instream,United States,Desktop,N/A,$0.00  ~ $0.00 ,N/A,N/A,N/A,N/A,N/A
Automotive (Legacy),Politics,Outstream,United States,Mobile Web,N/A,$0.00  ~ $0.00 ,N/A,N/A,N/A,N/A,N/A
Automotive (Legacy),Politics,Interstitial,United States,Desktop,N/A,$0.00  ~ $0.00 ,N/A,N/A,N/A,N/A,N/A
Automotive (Legacy),Apartments,Instream,United Kingdom,Desktop,N/A,$0.00  ~ $0.00 ,N/A,N/A,N/A,N/A,N/A
Automotive (Legacy),Apartments,Instream,United Kingdom,Mobile Web,N/A,$0.00  ~ $0.00 ,N/A,N/A,N/A,N/A,N/A
Automotive (Legacy),Business Software,Outstream,United States,Mobile Web,N/A,$0.00  ~ $0.00 ,N/A,N/A,N/A,N/A,N/A
Automotive (Legacy),Business Software,Outstream,United States,Desktop,N/A,$0.00  ~ $0.00 ,N/A,N/A,N/A,N/A,N/A
Automotive (Legacy),Business Software,Instream,United Kingdom,Desktop,N/A,$0.00  ~ $0.00 ,N/A,N/A,N/A,N/A,N/A
Automotive (Legacy),Business Software,Interstitial,United Kingdom,Desktop,N/A,$0.00  ~ $0.00 ,N/A,N/A,N/A,N/A,N/A
Automotive (Legacy),Investing,Outstream,United States,Desktop,N/A,$0.00  ~ $0.00 ,N/A,N/A,N/A,N/A,N/A
Automotive (Legacy),Investing,Outstream,United States,Mobile Web,N/A,$0.00  ~ $0.00 ,N/A,N/A,N/A,N/A,N/A
Automotive (Legacy),Hotels,Interstitial,United States,Desktop,N/A,$0.00  ~ $0.00 ,N/A,N/A,N/A,N/A,N/A
Automotive (Legacy),Hotels,Outstream,United States,Mobile Web,N/A,$0.00  ~ $0.00 ,N/A,N/A,N/A,N/A,N/A
Automotive (Legacy),Hotels,Outstream,United States,Desktop,N/A,$0.00  ~ $0.00 ,N/A,N/A,N/A,N/A,N/A
Automotive (Legacy),Hotels,Instream,United States,Desktop,N/A,$0.00  ~ $0.00 ,N/A,N/A,N/A,N/A,N/A
Automotive (Legacy),Catholicism,Outstream,United States,Mobile Web,N/A,$0.00  ~ $0.00 ,N/A,N/A,N/A,N/A,N/A
Automotive (Legacy),Dogs,Instream,Canada,Desktop,N/A,$0.00  ~ $0.00 ,N/A,N/A,N/A,N/A,N/A
Automotive (Legacy),Card Games,Instream,United States,Desktop,N/A,$0.00  ~ $0.00 ,N/A,N/A,N/A,N/A,N/A
Automotive (Legacy),Card Games,Outstream,United States,Desktop,N/A,$0.00  ~ $0.00 ,N/A,N/A,N/A,N/A,N/A
Automotive (Legacy),Card Games,Outstream,United States,Mobile Web,N/A,$0.00  ~ $0.00 ,N/A,N/A,N/A,N/A,N/A
Automotive (Legacy),Credit/Debt & Loans,Interstitial,United States,Desktop,N/A,$0.00  ~ $0.00 ,N/A,N/A,N/A,N/A,N/A
Automotive (Legacy),Credit/Debt & Loans,Instream,United States,Desktop,N/A,$0.00  ~ $0.00 ,N/A,N/A,N/A,N/A,N/A
Automotive (Legacy),Credit/Debt & Loans,Outstream,United States,Mobile Web,N/A,$0.00  ~ $0.00 ,N/A,N/A,N/A,N/A,N/A
Automotive (Legacy),Credit/Debt & Loans,Outstream,United States,Desktop,N/A,$0.00  ~ $0.00 ,N/A,N/A,N/A,N/A,N/A
Automotive (Legacy),Advertising,Outstream,United States,Mobile Web,N/A,$0.00  ~ $0.00 ,N/A,N/A,N/A,N/A,N/A
Automotive (Legacy),Advertising,Outstream,United States,Desktop,N/A,$0.00  ~ $0.00 ,N/A,N/A,N/A,N/A,N/A
Automotive (Legacy),Advertising,Instream,United States,Desktop,N/A,$0.00  ~ $0.00 ,N/A,N/A,N/A,N/A,N/A
Automotive (Legacy),Food & Drink,Instream,United States,Desktop,N/A,$0.00  ~ $0.00 ,N/A,N/A,N/A,N/A,N/A
Automotive (Legacy),Food & Drink,Instream,United States,Mobile Web,N/A,$0.00  ~ $0.00 ,N/A,N/A,N/A,N/A,N/A
Automotive (Legacy),Food & Drink,Outstream,United States,Desktop,N/A,$0.00  ~ $0.00 ,N/A,N/A,N/A,N/A,N/A
Automotive (Legacy),Food & Drink,Outstream,United States,Mobile Web,N/A,$0.00  ~ $0.00 ,N/A,N/A,N/A,N/A,N/A
Automotive (Legacy),Food & Drink,Outstream,United Kingdom,Desktop,N/A,$0.00  ~ $0.00 ,N/A,N/A,N/A,N/A,N/A
Automotive (Legacy),Food & Drink,Interstitial,United States,Desktop,N/A,$0.00  ~ $0.00 ,N/A,N/A,N/A,N/A,N/A
Automotive (Legacy),Careers,Instream,United States,Desktop,N/A,$0.00  ~ $0.00 ,N/A,N/A,N/A,N/A,N/A
Automotive (Legacy),Careers,Instream,United States,Mobile Web,N/A,$0.00  ~ $0.00 ,N/A,N/A,N/A,N/A,N/A
Automotive (Legacy),Careers,Outstream,United States,Mobile Web,N/A,$0.00  ~ $0.00 ,N/A,N/A,N/A,N/A,N/A
Automotive (Legacy),Careers,Outstream,United States,Desktop,N/A,$0.00  ~ $0.00 ,N/A,N/A,N/A,N/A,N/A
Automotive (Legacy),Interior Decorating,Interstitial,United States,Desktop,N/A,$0.00  ~ $0.00 ,N/A,N/A,N/A,N/A,N/A
Automotive (Legacy),Interior Decorating,Interstitial,United States,Mobile Web,N/A,$0.00  ~ $0.00 ,N/A,N/A,N/A,N/A,N/A
Automotive (Legacy),Interior Decorating,Interstitial,United States,Tablet,N/A,$0.00  ~ $0.00 ,N/A,N/A,N/A,N/A,N/A
Automotive (Legacy),Interior Decorating,Instream,United States,Mobile Web,N/A,$0.00  ~ $0.00 ,N/A,N/A,N/A,N/A,N/A
Automotive (Legacy),Interior Decorating,Outstream,United States,Desktop,N/A,$0.00  ~ $0.00 ,N/A,N/A,N/A,N/A,N/A
Automotive (Legacy),Interior Decorating,Outstream,United States,Tablet,N/A,$0.00  ~ $0.00 ,N/A,N/A,N/A,N/A,N/A
Automotive (Legacy),Interior Decorating,Outstream,United States,Mobile Web,N/A,$0.00  ~ $0.00 ,N/A,N/A,N/A,N/A,N/A
Automotive (Legacy),Clothing,Outstream,United States,Mobile Web,N/A,$0.00  ~ $0.00 ,N/A,N/A,N/A,N/A,N/A
Automotive (Legacy),Private School,Instream,United States,Desktop,N/A,$0.00  ~ $0.00 ,N/A,N/A,N/A,N/A,N/A
Automotive (Legacy),Agriculture,Outstream,United States,Mobile Web,N/A,$0.00  ~ $0.00 ,N/A,N/A,N/A,N/A,N/A
Automotive (Legacy),Agriculture,Outstream,United States,Desktop,N/A,$0.00  ~ $0.00 ,N/A,N/A,N/A,N/A,N/A
Automotive (Legacy),Agriculture,Instream,United States,Desktop,N/A,$0.00  ~ $0.00 ,N/A,N/A,N/A,N/A,N/A
Automotive (Legacy),Agriculture,Instream,United States,Mobile Web,N/A,$0.00  ~ $0.00 ,N/A,N/A,N/A,N/A,N/A
Automotive (Legacy),Auto Repair,Outstream,United States,Mobile Web,N/A,$0.00  ~ $0.00 ,N/A,N/A,N/A,N/A,N/A
Automotive (Legacy),Cruises,Instream,United States,Desktop,N/A,$0.00  ~ $0.00 ,N/A,N/A,N/A,N/A,N/A
Automotive (Legacy),Gardening,Outstream,United States,Mobile Web,N/A,$0.00  ~ $0.00 ,N/A,N/A,N/A,N/A,N/A
Automotive (Legacy),Dining Out,Outstream,United States,Desktop,N/A,$0.00  ~ $0.00 ,N/A,N/A,N/A,N/A,N/A
Automotive (Legacy),Allergies,Instream,Mexico,Desktop,N/A,$0.00  ~ $0.00 ,N/A,N/A,N/A,N/A,N/A
Automotive (Legacy),Senior Living,Interstitial,United States,Desktop,N/A,$0.00  ~ $0.00 ,N/A,N/A,N/A,N/A,N/A
Automotive (Legacy),Senior Living,Interstitial,United States,Mobile Web,N/A,$0.00  ~ $0.00 ,N/A,N/A,N/A,N/A,N/A
Automotive (Legacy),Senior Living,Instream,United States,Desktop,N/A,$0.00  ~ $0.00 ,N/A,N/A,N/A,N/A,N/A
Automotive (Legacy),Senior Living,Instream,United States,Mobile Web,N/A,$0.00  ~ $0.00 ,N/A,N/A,N/A,N/A,N/A
Automotive (Legacy),Real Estate,Instream,Canada,Desktop,N/A,$0.00  ~ $0.00 ,N/A,N/A,N/A,N/A,N/A
Automotive (Legacy),Real Estate,Instream,Canada,Mobile Web,N/A,$0.00  ~ $0.00 ,N/A,N/A,N/A,N/A,N/A
Automotive (Legacy),Real Estate,Instream,United States,Desktop,N/A,$0.00  ~ $0.00 ,N/A,N/A,N/A,N/A,N/A
Automotive (Legacy),Real Estate,Instream,United States,Mobile Web,N/A,$0.00  ~ $0.00 ,N/A,N/A,N/A,N/A,N/A
Automotive (Legacy),Real Estate,Outstream,United States,Mobile Web,N/A,$0.00  ~ $0.00 ,N/A,N/A,N/A,N/A,N/A
Automotive (Legacy),Real Estate,Outstream,United States,Desktop,N/A,$0.00  ~ $0.00 ,N/A,N/A,N/A,N/A,N/A
Automotive (Legacy),Real Estate,Outstream,United States,Tablet,N/A,$0.00  ~ $0.00 ,N/A,N/A,N/A,N/A,N/A
Automotive (Legacy),Real Estate,Interstitial,United States,Desktop,N/A,$0.00  ~ $0.00 ,N/A,N/A,N/A,N/A,N/A
Automotive (Legacy),Real Estate,Interstitial,United States,Tablet,N/A,$0.00  ~ $0.00 ,N/A,N/A,N/A,N/A,N/A
Automotive (Legacy),Real Estate,Interstitial,United States,Mobile Web,N/A,$0.00  ~ $0.00 ,N/A,N/A,N/A,N/A,N/A
Automotive (Legacy),Real Estate,Interstitial,United Kingdom,Mobile Web,N/A,$0.00  ~ $0.00 ,N/A,N/A,N/A,N/A,N/A
Automotive (Legacy),Theme Parks,Outstream,United States,Mobile Web,N/A,$0.00  ~ $0.00 ,N/A,N/A,N/A,N/A,N/A
Automotive (Legacy),Senor Health,Outstream,United States,Tablet,N/A,$0.00  ~ $0.00 ,N/A,N/A,N/A,N/A,N/A
Automotive (Legacy),Graduate School,Instream,United States,Mobile Web,N/A,$0.00  ~ $0.00 ,N/A,N/A,N/A,N/A,N/A
Automotive (Legacy),Graduate School,Instream,United States,Desktop,N/A,$0.00  ~ $0.00 ,N/A,N/A,N/A,N/A,N/A
Automotive (Legacy),Graduate School,Outstream,United States,Desktop,N/A,$0.00  ~ $0.00 ,N/A,N/A,N/A,N/A,N/A
Automotive (Legacy),Graduate School,Outstream,United States,Mobile Web,N/A,$0.00  ~ $0.00 ,N/A,N/A,N/A,N/A,N/A
Automotive (Legacy),Insurance,Instream,United Kingdom,Mobile Web,N/A,$0.00  ~ $0.00 ,N/A,N/A,N/A,N/A,N/A
Automotive (Legacy),News,Instream,Canada,Desktop,N/A,$0.00  ~ $0.00 ,N/A,N/A,N/A,N/A,N/A
Automotive (Legacy),News,Instream,Canada,Mobile Web,N/A,$0.00  ~ $0.00 ,N/A,N/A,N/A,N/A,N/A
Automotive (Legacy),News,Outstream,United States,Tablet,N/A,$0.00  ~ $0.00 ,N/A,N/A,N/A,N/A,N/A
Automotive (Legacy),News,Outstream,United States,Mobile Web,N/A,$0.00  ~ $0.00 ,N/A,N/A,N/A,N/A,N/A
Automotive (Legacy),News,Outstream,United States,Desktop,N/A,$0.00  ~ $0.00 ,N/A,N/A,N/A,N/A,N/A
Automotive (Legacy),News,Outstream,Canada,Mobile Web,N/A,$0.00  ~ $0.00 ,N/A,N/A,N/A,N/A,N/A
Automotive (Legacy),News,Interstitial,United States,Desktop,N/A,$0.00  ~ $0.00 ,N/A,N/A,N/A,N/A,N/A
Automotive (Legacy),News,Interstitial,United States,Mobile Web,N/A,$0.00  ~ $0.00 ,N/A,N/A,N/A,N/A,N/A
Automotive (Legacy),Metals,Outstream,United States,Mobile Web,N/A,$0.00  ~ $0.00 ,N/A,N/A,N/A,N/A,N/A
Automotive (Legacy),Metals,Outstream,United States,Desktop,N/A,$0.00  ~ $0.00 ,N/A,N/A,N/A,N/A,N/A
Automotive (Legacy),Metals,Interstitial,United States,Desktop,N/A,$0.00  ~ $0.00 ,N/A,N/A,N/A,N/A,N/A
Automotive (Legacy),Metals,Instream,United States,Desktop,N/A,$0.00  ~ $0.00 ,N/A,N/A,N/A,N/A,N/A
Automotive (Legacy),Metals,Instream,Canada,Desktop,N/A,$0.00  ~ $0.00 ,N/A,N/A,N/A,N/A,N/A
Automotive (Legacy),Commentary,Outstream,United States,Desktop,N/A,$0.00  ~ $0.00 ,N/A,N/A,N/A,N/A,N/A
Automotive (Legacy),Pro Ice Hockey,Instream,Canada,Desktop,N/A,$0.00  ~ $0.00 ,N/A,N/A,N/A,N/A,N/A
Automotive (Legacy),Home Repair,Instream,United States,Mobile Web,N/A,$0.00  ~ $0.00 ,N/A,N/A,N/A,N/A,N/A
Automotive (Legacy),Alternative Medicine,Instream,United States,Desktop,N/A,$0.00  ~ $0.00 ,N/A,N/A,N/A,N/A,N/A
Automotive (Legacy),Biotech/Biomedical,Interstitial,United States,Desktop,N/A,$0.00  ~ $0.00 ,N/A,N/A,N/A,N/A,N/A
Automotive (Legacy),Biotech/Biomedical,Outstream,United States,Mobile Web,N/A,$0.00  ~ $0.00 ,N/A,N/A,N/A,N/A,N/A
Automotive (Legacy),Biotech/Biomedical,Outstream,United States,Desktop,N/A,$0.00  ~ $0.00 ,N/A,N/A,N/A,N/A,N/A
Automotive (Legacy),Biotech/Biomedical,Instream,United States,Desktop,N/A,$0.00  ~ $0.00 ,N/A,N/A,N/A,N/A,N/A
Automotive (Legacy),Biotech/Biomedical,Instream,United States,Mobile Web,N/A,$0.00  ~ $0.00 ,N/A,N/A,N/A,N/A,N/A
Automotive (Legacy),Remodeling & Construction,Interstitial,United States,Desktop,N/A,$0.00  ~ $0.00 ,N/A,N/A,N/A,N/A,N/A
Automotive (Legacy),Remodeling & Construction,Outstream,United States,Mobile Web,N/A,$0.00  ~ $0.00 ,N/A,N/A,N/A,N/A,N/A
Automotive (Legacy),Home & Garden,Outstream,United States,Tablet,N/A,$0.00  ~ $0.00 ,N/A,N/A,N/A,N/A,N/A
Automotive (Legacy),Home & Garden,Interstitial,United States,Desktop,N/A,$0.00  ~ $0.00 ,N/A,N/A,N/A,N/A,N/A
Automotive (Legacy),Home & Garden,Interstitial,United States,Mobile Web,N/A,$0.00  ~ $0.00 ,N/A,N/A,N/A,N/A,N/A
Automotive (Legacy),Legal Issues,Instream,United States,Desktop,N/A,$0.00  ~ $0.00 ,N/A,N/A,N/A,N/A,N/A
Automotive (Legacy),Legal Issues,Outstream,United States,Desktop,N/A,$0.00  ~ $0.00 ,N/A,N/A,N/A,N/A,N/A
Automotive (Legacy),Legal Issues,Outstream,United States,Mobile Web,N/A,$0.00  ~ $0.00 ,N/A,N/A,N/A,N/A,N/A
Automotive (Legacy),Legal Issues,Interstitial,United States,Desktop,N/A,$0.00  ~ $0.00 ,N/A,N/A,N/A,N/A,N/A
Automotive (Legacy),Internet Technology,Instream,Canada,Desktop,N/A,$0.00  ~ $0.00 ,N/A,N/A,N/A,N/A,N/A
Automotive (Legacy),Music,Instream,United States,Desktop,N/A,$0.00  ~ $0.00 ,N/A,N/A,N/A,N/A,N/A
Automotive (Legacy),Music,Outstream,United States,Mobile Web,N/A,$0.00  ~ $0.00 ,N/A,N/A,N/A,N/A,N/A
Automotive (Legacy),Human Resources,Outstream,United States,Desktop,N/A,$0.00  ~ $0.00 ,N/A,N/A,N/A,N/A,N/A
Automotive (Legacy),Business,Instream,Canada,Mobile Web,N/A,$0.00  ~ $0.00 ,N/A,N/A,N/A,N/A,N/A
Automotive (Legacy),Business,Instream,Canada,Desktop,N/A,$0.00  ~ $0.00 ,N/A,N/A,N/A,N/A,N/A
Automotive (Legacy),Business,Instream,United Kingdom,Mobile Web,N/A,$0.00  ~ $0.00 ,N/A,N/A,N/A,N/A,N/A
Automotive (Legacy),Business,Instream,United Kingdom,Desktop,N/A,$0.00  ~ $0.00 ,N/A,N/A,N/A,N/A,N/A
Automotive (Legacy),Business,Interstitial,United Kingdom,Mobile Web,N/A,$0.00  ~ $0.00 ,N/A,N/A,N/A,N/A,N/A
Automotive (Legacy),Business,Interstitial,Canada,Desktop,N/A,$0.00  ~ $0.00 ,N/A,N/A,N/A,N/A,N/A
Automotive (Legacy),Business,Interstitial,United States,Desktop,N/A,$0.00  ~ $0.00 ,N/A,N/A,N/A,N/A,N/A
Automotive (Legacy),Business,Interstitial,United States,Mobile Web,N/A,$0.00  ~ $0.00 ,N/A,N/A,N/A,N/A,N/A
Automotive (Legacy),Business,Native,United States,Desktop,N/A,$0.00  ~ $0.00 ,N/A,N/A,N/A,N/A,N/A
Automotive (Legacy),Business,Outstream,United States,Desktop,N/A,$0.00  ~ $0.00 ,N/A,N/A,N/A,N/A,N/A
Automotive (Legacy),Business,Outstream,United States,Tablet,N/A,$0.00  ~ $0.00 ,N/A,N/A,N/A,N/A,N/A
Automotive (Legacy),Business,Outstream,Canada,Desktop,N/A,$0.00  ~ $0.00 ,N/A,N/A,N/A,N/A,N/A
Automotive (Legacy),Business,Outstream,United Kingdom,Desktop,N/A,$0.00  ~ $0.00 ,N/A,N/A,N/A,N/A,N/A
Automotive (Legacy),Business,Outstream,United Kingdom,Mobile Web,N/A,$0.00  ~ $0.00 ,N/A,N/A,N/A,N/A,N/A
Automotive (Legacy),Shopping,Interstitial,United Kingdom,Mobile Web,N/A,$0.00  ~ $0.00 ,N/A,N/A,N/A,N/A,N/A
Automotive (Legacy),Shopping,Interstitial,United Kingdom,Desktop,N/A,$0.00  ~ $0.00 ,N/A,N/A,N/A,N/A,N/A
Automotive (Legacy),Shopping,Interstitial,United States,Desktop,N/A,$0.00  ~ $0.00 ,N/A,N/A,N/A,N/A,N/A
Automotive (Legacy),Shopping,Interstitial,United States,Mobile Web,N/A,$0.00  ~ $0.00 ,N/A,N/A,N/A,N/A,N/A
Automotive (Legacy),Shopping,Interstitial,Canada,Desktop,N/A,$0.00  ~ $0.00 ,N/A,N/A,N/A,N/A,N/A
Automotive (Legacy),Shopping,Instream,Canada,Desktop,N/A,$0.00  ~ $0.00 ,N/A,N/A,N/A,N/A,N/A
Automotive (Legacy),Shopping,Instream,United Kingdom,Mobile Web,N/A,$0.00  ~ $0.00 ,N/A,N/A,N/A,N/A,N/A
Automotive (Legacy),Shopping,Outstream,United States,Desktop,N/A,$0.00  ~ $0.00 ,N/A,N/A,N/A,N/A,N/A
Automotive (Legacy),Shopping,Outstream,United Kingdom,Mobile Web,N/A,$0.00  ~ $0.00 ,N/A,N/A,N/A,N/A,N/A
Automotive (Legacy),Shopping,Outstream,United Kingdom,Desktop,N/A,$0.00  ~ $0.00 ,N/A,N/A,N/A,N/A,N/A
Automotive (Legacy),Automotive,Instream,Canada,Desktop,N/A,$0.00  ~ $0.00 ,N/A,N/A,N/A,N/A,N/A
Automotive (Legacy),Automotive,Instream,Mexico,Desktop,N/A,$0.00  ~ $0.00 ,N/A,N/A,N/A,N/A,N/A
Automotive (Legacy),Automotive,Interstitial,United States,Desktop,N/A,$0.00  ~ $0.00 ,N/A,N/A,N/A,N/A,N/A
Automotive (Legacy),Automotive,Interstitial,United States,Mobile Web,N/A,$0.00  ~ $0.00 ,N/A,N/A,N/A,N/A,N/A
Automotive (Legacy),Automotive,Outstream,United States,Desktop,N/A,$0.00  ~ $0.00 ,N/A,N/A,N/A,N/A,N/A
Automotive (Legacy),Automotive,Outstream,Canada,Mobile Web,N/A,$0.00  ~ $0.00 ,N/A,N/A,N/A,N/A,N/A
Automotive (Legacy),Automotive,Outstream,United Kingdom,Desktop,N/A,$0.00  ~ $0.00 ,N/A,N/A,N/A,N/A,N/A
Automotive (Legacy),Art/Technology,Outstream,United States,Mobile Web,N/A,$0.00  ~ $0.00 ,N/A,N/A,N/A,N/A,N/A
Automotive (Legacy),Honeymoons/Getaways,Interstitial,United Kingdom,Desktop,N/A,$0.00  ~ $0.00 ,N/A,N/A,N/A,N/A,N/A
Automotive (Legacy),Honeymoons/Getaways,Instream,United Kingdom,Desktop,N/A,$0.00  ~ $0.00 ,N/A,N/A,N/A,N/A,N/A
Automotive (Legacy),Honeymoons/Getaways,Outstream,United States,Mobile Web,N/A,$0.00  ~ $0.00 ,N/A,N/A,N/A,N/A,N/A
Automotive (Legacy),Honeymoons/Getaways,Outstream,United States,Desktop,N/A,$0.00  ~ $0.00 ,N/A,N/A,N/A,N/A,N/A
Automotive (Legacy),Honeymoons/Getaways,Outstream,United States,Tablet,N/A,$0.00  ~ $0.00 ,N/A,N/A,N/A,N/A,N/A
Automotive (Legacy),Honeymoons/Getaways,Outstream,United Kingdom,Desktop,N/A,$0.00  ~ $0.00 ,N/A,N/A,N/A,N/A,N/A
Automotive (Legacy),College,Outstream,United States,Mobile Web,N/A,$0.00  ~ $0.00 ,N/A,N/A,N/A,N/A,N/A
Automotive (Legacy),College,Outstream,United States,Desktop,N/A,$0.00  ~ $0.00 ,N/A,N/A,N/A,N/A,N/A
Automotive (Legacy),College,Interstitial,United States,Desktop,N/A,$0.00  ~ $0.00 ,N/A,N/A,N/A,N/A,N/A
Automotive (Legacy),College,Instream,United States,Desktop,N/A,$0.00  ~ $0.00 ,N/A,N/A,N/A,N/A,N/A
Automotive (Legacy),Personal Finance,Instream,Canada,Mobile Web,N/A,$0.00  ~ $0.00 ,N/A,N/A,N/A,N/A,N/A
Automotive (Legacy),Personal Finance,Instream,Canada,Desktop,N/A,$0.00  ~ $0.00 ,N/A,N/A,N/A,N/A,N/A
Automotive (Legacy),Personal Finance,Instream,United Kingdom,Desktop,N/A,$0.00  ~ $0.00 ,N/A,N/A,N/A,N/A,N/A
Automotive (Legacy),Personal Finance,Interstitial,United Kingdom,Desktop,N/A,$0.00  ~ $0.00 ,N/A,N/A,N/A,N/A,N/A
Automotive (Legacy),Personal Finance,Interstitial,Canada,Desktop,N/A,$0.00  ~ $0.00 ,N/A,N/A,N/A,N/A,N/A
Automotive (Legacy),Personal Finance,Outstream,United States,Mobile Web,N/A,$0.00  ~ $0.00 ,N/A,N/A,N/A,N/A,N/A
Automotive (Legacy),Personal Finance,Outstream,United States,Desktop,N/A,$0.00  ~ $0.00 ,N/A,N/A,N/A,N/A,N/A
Automotive (Legacy),Personal Finance,Outstream,United Kingdom,Mobile Web,N/A,$0.00  ~ $0.00 ,N/A,N/A,N/A,N/A,N/A
Automotive (Legacy),Personal Finance,Outstream,United Kingdom,Desktop,N/A,$0.00  ~ $0.00 ,N/A,N/A,N/A,N/A,N/A
Automotive (Legacy),Personal Finance,Outstream,Canada,Desktop,N/A,$0.00  ~ $0.00 ,N/A,N/A,N/A,N/A,N/A
Automotive (Legacy),Personal Finance,Outstream,Canada,Mobile Web,N/A,$0.00  ~ $0.00 ,N/A,N/A,N/A,N/A,N/A
Automotive (Legacy),Hobbies & Interests,Outstream,United States,Tablet,N/A,$0.00  ~ $0.00 ,N/A,N/A,N/A,N/A,N/A
Automotive (Legacy),Hobbies & Interests,Outstream,United States,Mobile Web,N/A,$0.00  ~ $0.00 ,N/A,N/A,N/A,N/A,N/A
Automotive (Legacy),Hobbies & Interests,Outstream,United Kingdom,Desktop,N/A,$0.00  ~ $0.00 ,N/A,N/A,N/A,N/A,N/A
Automotive (Legacy),Hobbies & Interests,Outstream,United Kingdom,Mobile Web,N/A,$0.00  ~ $0.00 ,N/A,N/A,N/A,N/A,N/A
Automotive (Legacy),Hobbies & Interests,Interstitial,United States,Desktop,N/A,$0.00  ~ $0.00 ,N/A,N/A,N/A,N/A,N/A
Automotive (Legacy),Pets,Instream,Canada,Desktop,N/A,$0.00  ~ $0.00 ,N/A,N/A,N/A,N/A,N/A
Automotive (Legacy),Pets,Instream,United States,Desktop,N/A,$0.00  ~ $0.00 ,N/A,N/A,N/A,N/A,N/A
Automotive (Legacy),Pets,Outstream,United States,Desktop,N/A,$0.00  ~ $0.00 ,N/A,N/A,N/A,N/A,N/A
Automotive (Legacy),Pets,Outstream,United States,Mobile Web,N/A,$0.00  ~ $0.00 ,N/A,N/A,N/A,N/A,N/A
Automotive (Legacy),Pets,Outstream,United States,Tablet,N/A,$0.00  ~ $0.00 ,N/A,N/A,N/A,N/A,N/A
Automotive (Legacy),"Law, Gov't & Politics",Instream,Mexico,Desktop,N/A,$0.00  ~ $0.00 ,N/A,N/A,N/A,N/A,N/A
Automotive (Legacy),"Law, Gov't & Politics",Interstitial,United States,Mobile Web,N/A,$0.00  ~ $0.00 ,N/A,N/A,N/A,N/A,N/A
Automotive (Legacy),"Law, Gov't & Politics",Interstitial,United States,Desktop,N/A,$0.00  ~ $0.00 ,N/A,N/A,N/A,N/A,N/A
Automotive (Legacy),"Law, Gov't & Politics",Outstream,United States,Tablet,N/A,$0.00  ~ $0.00 ,N/A,N/A,N/A,N/A,N/A
Automotive (Legacy),"Law, Gov't & Politics",Outstream,United States,Mobile Web,N/A,$0.00  ~ $0.00 ,N/A,N/A,N/A,N/A,N/A
Automotive (Legacy),"Law, Gov't & Politics",Outstream,Mexico,Desktop,N/A,$0.00  ~ $0.00 ,N/A,N/A,N/A,N/A,N/A
Automotive (Legacy),"Law, Gov't & Politics",Outstream,Mexico,Mobile Web,N/A,$0.00  ~ $0.00 ,N/A,N/A,N/A,N/A,N/A
Automotive (Legacy),Family & Parenting,Interstitial,United States,Desktop,N/A,$0.00  ~ $0.00 ,N/A,N/A,N/A,N/A,N/A
Automotive (Legacy),Family & Parenting,Outstream,United States,Mobile Web,N/A,$0.00  ~ $0.00 ,N/A,N/A,N/A,N/A,N/A
Automotive (Legacy),Family & Parenting,Outstream,United States,Desktop,N/A,$0.00  ~ $0.00 ,N/A,N/A,N/A,N/A,N/A
Automotive (Legacy),Family & Parenting,Instream,United States,Desktop,N/A,$0.00  ~ $0.00 ,N/A,N/A,N/A,N/A,N/A
Automotive (Legacy),Family & Parenting,Instream,United States,Mobile Web,N/A,$0.00  ~ $0.00 ,N/A,N/A,N/A,N/A,N/A
Automotive (Legacy),Family & Parenting,Instream,United Kingdom,Desktop,N/A,$0.00  ~ $0.00 ,N/A,N/A,N/A,N/A,N/A
Automotive (Legacy),Cancer,Instream,Canada,Desktop,N/A,$0.00  ~ $0.00 ,N/A,N/A,N/A,N/A,N/A
Automotive (Legacy),Infertility,Outstream,United States,Desktop,N/A,$0.00  ~ $0.00 ,N/A,N/A,N/A,N/A,N/A
Automotive (Legacy),Infertility,Outstream,United States,Mobile Web,N/A,$0.00  ~ $0.00 ,N/A,N/A,N/A,N/A,N/A
Automotive (Legacy),Job Search,Outstream,United States,Mobile Web,N/A,$0.00  ~ $0.00 ,N/A,N/A,N/A,N/A,N/A
Automotive (Legacy),Job Search,Instream,United States,Desktop,N/A,$0.00  ~ $0.00 ,N/A,N/A,N/A,N/A,N/A
Automotive (Legacy),Job Search,Instream,United States,Mobile Web,N/A,$0.00  ~ $0.00 ,N/A,N/A,N/A,N/A,N/A
Automotive (Legacy),Buying/Selling Cars,Outstream,United States,Desktop,N/A,$0.00  ~ $0.00 ,N/A,N/A,N/A,N/A,N/A
Automotive (Legacy),Buying/Selling Cars,Outstream,United States,Mobile Web,N/A,$0.00  ~ $0.00 ,N/A,N/A,N/A,N/A,N/A
Automotive (Legacy),Cocktails/Beer,Instream,United States,Desktop,N/A,$0.00  ~ $0.00 ,N/A,N/A,N/A,N/A,N/A
Automotive (Legacy),Cocktails/Beer,Instream,United States,Mobile Web,N/A,$0.00  ~ $0.00 ,N/A,N/A,N/A,N/A,N/A
Automotive (Legacy),Cold & Flu,Instream,United States,Desktop,N/A,$0.00  ~ $0.00 ,N/A,N/A,N/A,N/A,N/A
Automotive (Legacy),Cold & Flu,Instream,United States,Mobile Web,N/A,$0.00  ~ $0.00 ,N/A,N/A,N/A,N/A,N/A
Automotive (Legacy),Cold & Flu,Instream,United States,Tablet,N/A,$0.00  ~ $0.00 ,N/A,N/A,N/A,N/A,N/A
Automotive (Legacy),Cold & Flu,Outstream,United States,Mobile Web,N/A,$0.00  ~ $0.00 ,N/A,N/A,N/A,N/A,N/A
Automotive (Legacy),Cold & Flu,Outstream,United States,Desktop,N/A,$0.00  ~ $0.00 ,N/A,N/A,N/A,N/A,N/A
Automotive (Legacy),Cold & Flu,Interstitial,United States,Desktop,N/A,$0.00  ~ $0.00 ,N/A,N/A,N/A,N/A,N/A
Business (Legacy),Health & Fitness,Instream,United States,Desktop,N/A,$27.69  ~ $33.67 ,N/A,N/A,N/A,93.69%,N/A
Business (Legacy),Health & Fitness,Instream,United States,Mobile Web,N/A,$23.46  ~ $35.00 ,N/A,N/A,N/A,83.82%,N/A
Business (Legacy),Health & Fitness,Outstream,United States,Tablet,N/A,$88.77  ~ $88.77 ,N/A,N/A,N/A,66.67%,N/A
Business (Legacy),Health & Fitness,Outstream,United States,Desktop,N/A,$39.01  ~ $39.01 ,N/A,N/A,N/A,N/A,N/A
Business (Legacy),Shopping,Instream,United States,Desktop,N/A,$38.23  ~ $38.23 ,N/A,N/A,N/A,88.24%,N/A
Business (Legacy),Shopping,Instream,United States,Mobile Web,N/A,$42.45  ~ $42.45 ,N/A,N/A,N/A,100.00%,N/A
Business (Legacy),Home Repair,Instream,United States,Desktop,N/A,$43.03  ~ $43.03 ,N/A,N/A,N/A,100.00%,N/A
Business (Legacy),News,Instream,United States,Desktop,N/A,$34.35  ~ $34.35 ,$4.50 ,N/A,0.76%,75.31%,N/A
Business (Legacy),News,Instream,United States,Mobile Web,N/A,$28.52  ~ $28.52 ,$0.74 ,N/A,3.85%,72.00%,N/A
Business (Legacy),Arts & Entertainment,Instream,United States,Desktop,N/A,$22.03  ~ $33.52 ,N/A,N/A,N/A,79.59%,N/A
Business (Legacy),Business,Instream,United States,Desktop,N/A,$37.01  ~ $38.35 ,N/A,N/A,N/A,88.97%,N/A
Business (Legacy),Business,Instream,United States,Mobile Web,N/A,$35.31  ~ $35.48 ,N/A,N/A,N/A,42.86%,N/A
Business (Legacy),Business,Instream,United States,Tablet,N/A,$35.34  ~ $35.34 ,N/A,N/A,N/A,100.00%,N/A
Business (Legacy),Business,Outstream,United States,Desktop,N/A,$56.27  ~ $132.57 ,N/A,N/A,N/A,100.00%,N/A
Business (Legacy),Food & Drink,Instream,United States,Desktop,N/A,$54.62  ~ $54.62 ,N/A,N/A,N/A,100.00%,N/A
Business (Legacy),Food & Drink,Instream,United States,Mobile Web,N/A,$54.61  ~ $54.61 ,N/A,N/A,N/A,100.00%,N/A
Business (Legacy),Travel,Instream,United States,Desktop,N/A,$26.31  ~ $26.31 ,N/A,N/A,N/A,80.00%,N/A
Business (Legacy),Travel,Instream,United States,Mobile Web,N/A,$6.55  ~ $14.23 ,N/A,N/A,N/A,100.00%,N/A
Business (Legacy),Education,Instream,United States,Mobile Web,N/A,$22.19  ~ $27.23 ,N/A,N/A,N/A,80.00%,N/A
Business (Legacy),Education,Instream,United States,Desktop,N/A,$11.16  ~ $16.69 ,N/A,N/A,N/A,95.65%,N/A
Business (Legacy),Personal Finance,Instream,United States,Desktop,4,$47.10  ~ $52.90 ,N/A,N/A,N/A,84.91%,N/A
Business (Legacy),Personal Finance,Instream,United States,Mobile Web,N/A,$41.67  ~ $46.71 ,N/A,N/A,N/A,50.00%,N/A
Business (Legacy),Personal Finance,Outstream,United States,Desktop,N/A,$41.02  ~ $41.02 ,N/A,N/A,N/A,94.12%,N/A
Business (Legacy),Personal Finance,Outstream,United States,Mobile Web,N/A,$50.51  ~ $50.51 ,N/A,N/A,N/A,100.00%,N/A
Business (Legacy),Home & Garden,Instream,United States,Desktop,N/A,$28.71  ~ $30.29 ,N/A,N/A,N/A,80.43%,N/A
Business (Legacy),Home & Garden,Instream,United States,Mobile Web,N/A,$21.00  ~ $23.20 ,N/A,N/A,N/A,68.42%,N/A
Business (Legacy),Home & Garden,Outstream,United States,Desktop,N/A,$34.66  ~ $53.25 ,N/A,N/A,N/A,69.23%,N/A
Business (Legacy),Politics,Outstream,United States,Desktop,N/A,$63.65  ~ $63.65 ,N/A,N/A,N/A,75.00%,N/A
Business (Legacy),Politics,Instream,United States,Desktop,N/A,$44.74  ~ $44.74 ,N/A,N/A,N/A,100.00%,N/A
Business (Legacy),Interior Decorating,Instream,United States,Desktop,N/A,$39.26  ~ $39.26 ,N/A,N/A,N/A,66.67%,N/A
Business (Legacy),Interior Decorating,Instream,United States,Mobile Web,N/A,$38.41  ~ $38.41 ,N/A,N/A,N/A,100.00%,N/A
Business (Legacy),Graduate School,Instream,United States,Desktop,N/A,$13.47  ~ $13.47 ,N/A,N/A,N/A,100.00%,N/A
Business (Legacy),"Law, Gov't & Politics",Instream,United States,Mobile Web,N/A,$41.01  ~ $41.37 ,N/A,N/A,N/A,69.63%,N/A
Business (Legacy),"Law, Gov't & Politics",Instream,United States,Desktop,N/A,$39.74  ~ $40.88 ,N/A,N/A,N/A,97.37%,N/A
Business (Legacy),"Law, Gov't & Politics",Outstream,United States,Desktop,N/A,$44.46  ~ $44.46 ,N/A,N/A,N/A,100.00%,N/A
Business (Legacy),"Law, Gov't & Politics",Outstream,United States,Mobile Web,N/A,$47.34  ~ $47.34 ,N/A,N/A,N/A,N/A,N/A
Business (Legacy),Remodeling & Construction,Instream,United States,Desktop,N/A,$26.62  ~ $26.62 ,N/A,N/A,N/A,100.00%,N/A
Business (Legacy),Automotive,Instream,United States,Desktop,N/A,$40.39  ~ $40.39 ,N/A,N/A,N/A,98.18%,N/A
Business (Legacy),Auto Repair,Instream,United States,Desktop,1,$12.69  ~ $12.69 ,N/A,N/A,N/A,100.00%,N/A
Business (Legacy),Hobbies & Interests,Instream,United States,Desktop,N/A,$61.09  ~ $61.09 ,N/A,N/A,N/A,96.40%,N/A
Business (Legacy),Hobbies & Interests,Instream,United States,Mobile Web,N/A,$59.39  ~ $59.39 ,N/A,N/A,N/A,95.83%,N/A
Business (Legacy),Hobbies & Interests,Outstream,United States,Desktop,N/A,$46.33  ~ $46.33 ,N/A,N/A,N/A,100.00%,N/A
Business (Legacy),Insurance,Instream,United States,Desktop,N/A,$42.14  ~ $42.14 ,N/A,N/A,N/A,94.03%,N/A
Business (Legacy),Buying/Selling Cars,Instream,United States,Tablet,N/A,$43.61  ~ $43.61 ,N/A,N/A,N/A,100.00%,N/A
Business (Legacy),Buying/Selling Cars,Instream,United States,Desktop,N/A,$42.62  ~ $42.62 ,N/A,N/A,N/A,98.83%,N/A
Business (Legacy),Logistics,Instream,United States,Desktop,N/A,$0.00  ~ $0.00 ,N/A,N/A,N/A,N/A,N/A
Business (Legacy),Pediatrics,Outstream,United States,Mobile Web,N/A,$0.00  ~ $0.00 ,N/A,N/A,N/A,N/A,N/A
Business (Legacy),Pediatrics,Outstream,United States,Desktop,N/A,$0.00  ~ $0.00 ,N/A,N/A,N/A,N/A,N/A
Business (Legacy),Shopping,Outstream,United Kingdom,Mobile Web,N/A,$0.00  ~ $0.00 ,N/A,N/A,N/A,N/A,N/A
Business (Legacy),Shopping,Outstream,United Kingdom,Desktop,N/A,$0.00  ~ $0.00 ,N/A,N/A,N/A,N/A,N/A
Business (Legacy),Shopping,Outstream,Canada,Desktop,N/A,$0.00  ~ $0.00 ,N/A,N/A,N/A,N/A,N/A
Business (Legacy),Shopping,Outstream,Canada,Mobile Web,N/A,$0.00  ~ $0.00 ,N/A,N/A,N/A,N/A,N/A
Business (Legacy),Shopping,Outstream,United States,Desktop,N/A,$0.00  ~ $0.00 ,N/A,N/A,N/A,N/A,N/A
Business (Legacy),Shopping,Outstream,United States,Mobile Web,N/A,$0.00  ~ $0.00 ,N/A,N/A,N/A,N/A,N/A
Business (Legacy),Shopping,Interstitial,United Kingdom,Mobile Web,N/A,$0.00  ~ $0.00 ,N/A,N/A,N/A,N/A,N/A
Business (Legacy),Shopping,Interstitial,United Kingdom,Desktop,N/A,$0.00  ~ $0.00 ,N/A,N/A,N/A,N/A,N/A
Business (Legacy),Shopping,Interstitial,United States,Mobile Web,N/A,$0.00  ~ $0.00 ,N/A,N/A,N/A,N/A,N/A
Business (Legacy),Shopping,Interstitial,United States,Desktop,N/A,$0.00  ~ $0.00 ,N/A,N/A,N/A,N/A,N/A
Business (Legacy),Shopping,Native,United Kingdom,Desktop,N/A,$0.00  ~ $0.00 ,N/A,N/A,N/A,N/A,N/A
Business (Legacy),Shopping,Instream,Canada,Desktop,N/A,$0.00  ~ $0.00 ,N/A,N/A,N/A,N/A,N/A
Business (Legacy),Shopping,Instream,United Kingdom,Desktop,N/A,$0.00  ~ $0.00 ,N/A,N/A,N/A,N/A,N/A
Business (Legacy),Automotive,Outstream,United States,Desktop,N/A,$0.00  ~ $0.00 ,N/A,N/A,N/A,N/A,N/A
Business (Legacy),Automotive,Outstream,United States,Mobile Web,N/A,$0.00  ~ $0.00 ,N/A,N/A,N/A,N/A,N/A
Business (Legacy),Automotive,Outstream,Mexico,Desktop,N/A,$0.00  ~ $0.00 ,N/A,N/A,N/A,N/A,N/A
Business (Legacy),Automotive,Native,United States,Desktop,N/A,$0.00  ~ $0.00 ,N/A,N/A,N/A,N/A,N/A
Business (Legacy),Hotels,Instream,United States,Desktop,N/A,$0.00  ~ $0.00 ,N/A,N/A,N/A,N/A,N/A
Business (Legacy),Hotels,Outstream,United States,Desktop,N/A,$0.00  ~ $0.00 ,N/A,N/A,N/A,N/A,N/A
Business (Legacy),Hotels,Outstream,United States,Mobile Web,N/A,$0.00  ~ $0.00 ,N/A,N/A,N/A,N/A,N/A
Business (Legacy),Business Software,Instream,United Kingdom,Desktop,N/A,$0.00  ~ $0.00 ,N/A,N/A,N/A,N/A,N/A
Business (Legacy),Business Software,Instream,United States,Desktop,N/A,$0.00  ~ $0.00 ,N/A,N/A,N/A,N/A,N/A
Business (Legacy),Business Software,Outstream,United States,Desktop,N/A,$0.00  ~ $0.00 ,N/A,N/A,N/A,N/A,N/A
Business (Legacy),Business Software,Outstream,United Kingdom,Mobile Web,N/A,$0.00  ~ $0.00 ,N/A,N/A,N/A,N/A,N/A
Business (Legacy),Buying/Selling Cars,Outstream,United States,Desktop,N/A,$0.00  ~ $0.00 ,N/A,N/A,N/A,N/A,N/A
Business (Legacy),Buying/Selling Cars,Outstream,United States,Mobile Web,N/A,$0.00  ~ $0.00 ,N/A,N/A,N/A,N/A,N/A
Business (Legacy),Adult Education,Instream,United States,Desktop,N/A,$0.00  ~ $0.00 ,N/A,N/A,N/A,N/A,N/A
Business (Legacy),News,Instream,Canada,Desktop,N/A,$0.00  ~ $0.00 ,N/A,N/A,N/A,N/A,N/A
Business (Legacy),News,Outstream,United States,Mobile Web,N/A,$0.00  ~ $0.00 ,N/A,N/A,N/A,N/A,N/A
Business (Legacy),News,Outstream,United States,Desktop,N/A,$0.00  ~ $0.00 ,N/A,N/A,N/A,N/A,N/A
Business (Legacy),News,Outstream,Canada,Desktop,N/A,$0.00  ~ $0.00 ,N/A,N/A,N/A,N/A,N/A
Business (Legacy),News,Outstream,Canada,Mobile Web,N/A,$0.00  ~ $0.00 ,N/A,N/A,N/A,N/A,N/A
Business (Legacy),News,Interstitial,United States,Tablet,N/A,$0.00  ~ $0.00 ,N/A,N/A,N/A,N/A,N/A
Business (Legacy),News,Interstitial,Canada,Desktop,N/A,$0.00  ~ $0.00 ,N/A,N/A,N/A,N/A,N/A
Business (Legacy),Alternative Medicine,Instream,United States,Desktop,N/A,$0.00  ~ $0.00 ,N/A,N/A,N/A,N/A,N/A
Business (Legacy),Alternative Medicine,Instream,United States,Mobile Web,N/A,$0.00  ~ $0.00 ,N/A,N/A,N/A,N/A,N/A
Business (Legacy),Health & Fitness,Instream,Canada,Desktop,N/A,$0.00  ~ $0.00 ,N/A,N/A,N/A,N/A,N/A
Business (Legacy),Health & Fitness,Instream,United Kingdom,Desktop,N/A,$0.00  ~ $0.00 ,N/A,N/A,N/A,N/A,N/A
Business (Legacy),Health & Fitness,Outstream,United States,Mobile Web,N/A,$0.00  ~ $0.00 ,N/A,N/A,N/A,N/A,N/A
Business (Legacy),Health & Fitness,Outstream,United Kingdom,Desktop,N/A,$0.00  ~ $0.00 ,N/A,N/A,N/A,N/A,N/A
Business (Legacy),Health & Fitness,Outstream,United Kingdom,Mobile Web,N/A,$0.00  ~ $0.00 ,N/A,N/A,N/A,N/A,N/A
Business (Legacy),Health & Fitness,Outstream,Canada,Desktop,N/A,$0.00  ~ $0.00 ,N/A,N/A,N/A,N/A,N/A
Business (Legacy),Health & Fitness,Interstitial,United States,Mobile Web,N/A,$0.00  ~ $0.00 ,N/A,N/A,N/A,N/A,N/A
Business (Legacy),Health & Fitness,Interstitial,United States,Desktop,N/A,$0.00  ~ $0.00 ,N/A,N/A,N/A,N/A,N/A
Business (Legacy),Health & Fitness,Interstitial,United Kingdom,Desktop,N/A,$0.00  ~ $0.00 ,N/A,N/A,N/A,N/A,N/A
Business (Legacy),Health & Fitness,Native,United States,Desktop,N/A,$0.00  ~ $0.00 ,N/A,N/A,N/A,N/A,N/A
Business (Legacy),Green Solutions,Instream,United States,Desktop,N/A,$0.00  ~ $0.00 ,N/A,N/A,N/A,N/A,N/A
Business (Legacy),Green Solutions,Outstream,United States,Desktop,N/A,$0.00  ~ $0.00 ,N/A,N/A,N/A,N/A,N/A
Business (Legacy),Infertility,Outstream,United States,Desktop,N/A,$0.00  ~ $0.00 ,N/A,N/A,N/A,N/A,N/A
Business (Legacy),Infertility,Outstream,United States,Mobile Web,N/A,$0.00  ~ $0.00 ,N/A,N/A,N/A,N/A,N/A
Business (Legacy),Infertility,Instream,United States,Desktop,N/A,$0.00  ~ $0.00 ,N/A,N/A,N/A,N/A,N/A
Business (Legacy),Card Games,Instream,United States,Desktop,N/A,$0.00  ~ $0.00 ,N/A,N/A,N/A,N/A,N/A
Business (Legacy),Card Games,Outstream,United States,Desktop,N/A,$0.00  ~ $0.00 ,N/A,N/A,N/A,N/A,N/A
Business (Legacy),Card Games,Outstream,United States,Mobile Web,N/A,$0.00  ~ $0.00 ,N/A,N/A,N/A,N/A,N/A
Business (Legacy),Credit/Debt & Loans,Instream,United States,Desktop,N/A,$0.00  ~ $0.00 ,N/A,N/A,N/A,N/A,N/A
Business (Legacy),Credit/Debt & Loans,Instream,United States,Mobile Web,N/A,$0.00  ~ $0.00 ,N/A,N/A,N/A,N/A,N/A
Business (Legacy),Credit/Debt & Loans,Outstream,United States,Desktop,N/A,$0.00  ~ $0.00 ,N/A,N/A,N/A,N/A,N/A
Business (Legacy),Credit/Debt & Loans,Outstream,United States,Tablet,N/A,$0.00  ~ $0.00 ,N/A,N/A,N/A,N/A,N/A
Business (Legacy),Appliances,Outstream,United States,Desktop,N/A,$0.00  ~ $0.00 ,N/A,N/A,N/A,N/A,N/A
Business (Legacy),Clothing,Outstream,United States,Mobile Web,N/A,$0.00  ~ $0.00 ,N/A,N/A,N/A,N/A,N/A
Business (Legacy),Honeymoons/Getaways,Instream,United States,Desktop,N/A,$0.00  ~ $0.00 ,N/A,N/A,N/A,N/A,N/A
Business (Legacy),Honeymoons/Getaways,Instream,United Kingdom,Desktop,N/A,$0.00  ~ $0.00 ,N/A,N/A,N/A,N/A,N/A
Business (Legacy),Honeymoons/Getaways,Outstream,United States,Desktop,N/A,$0.00  ~ $0.00 ,N/A,N/A,N/A,N/A,N/A
Business (Legacy),Honeymoons/Getaways,Outstream,United States,Mobile Web,N/A,$0.00  ~ $0.00 ,N/A,N/A,N/A,N/A,N/A
Business (Legacy),Travel,Instream,United Kingdom,Desktop,N/A,$0.00  ~ $0.00 ,N/A,N/A,N/A,N/A,N/A
Business (Legacy),Travel,Interstitial,United Kingdom,Mobile Web,N/A,$0.00  ~ $0.00 ,N/A,N/A,N/A,N/A,N/A
Business (Legacy),Travel,Interstitial,United Kingdom,Desktop,N/A,$0.00  ~ $0.00 ,N/A,N/A,N/A,N/A,N/A
Business (Legacy),Travel,Interstitial,United States,Desktop,N/A,$0.00  ~ $0.00 ,N/A,N/A,N/A,N/A,N/A
Business (Legacy),Travel,Outstream,United States,Desktop,N/A,$0.00  ~ $0.00 ,N/A,N/A,N/A,N/A,N/A
Business (Legacy),Travel,Outstream,United States,Mobile Web,N/A,$0.00  ~ $0.00 ,N/A,N/A,N/A,N/A,N/A
Business (Legacy),Travel,Outstream,United Kingdom,Desktop,N/A,$0.00  ~ $0.00 ,N/A,N/A,N/A,N/A,N/A
Business (Legacy),Travel,Outstream,United Kingdom,Mobile Web,N/A,$0.00  ~ $0.00 ,N/A,N/A,N/A,N/A,N/A
Business (Legacy),Travel,Rewarded,United States,Desktop,N/A,$0.00  ~ $0.00 ,N/A,N/A,N/A,N/A,N/A
Business (Legacy),Biotech/Biomedical,Instream,United States,Desktop,N/A,$0.00  ~ $0.00 ,N/A,N/A,N/A,N/A,N/A
Business (Legacy),Biotech/Biomedical,Instream,United States,Mobile Web,N/A,$0.00  ~ $0.00 ,N/A,N/A,N/A,N/A,N/A
Business (Legacy),Biotech/Biomedical,Interstitial,United States,Desktop,N/A,$0.00  ~ $0.00 ,N/A,N/A,N/A,N/A,N/A
Business (Legacy),Biotech/Biomedical,Outstream,United States,Desktop,N/A,$0.00  ~ $0.00 ,N/A,N/A,N/A,N/A,N/A
Business (Legacy),Insurance,Outstream,United States,Desktop,N/A,$0.00  ~ $0.00 ,N/A,N/A,N/A,N/A,N/A
Business (Legacy),Insurance,Outstream,United Kingdom,Desktop,N/A,$0.00  ~ $0.00 ,N/A,N/A,N/A,N/A,N/A
Business (Legacy),Insurance,Instream,United Kingdom,Desktop,N/A,$0.00  ~ $0.00 ,N/A,N/A,N/A,N/A,N/A
Business (Legacy),Adventure Travel,Outstream,United States,Mobile Web,N/A,$0.00  ~ $0.00 ,N/A,N/A,N/A,N/A,N/A
Business (Legacy),Arts & Entertainment,Instream,United Kingdom,Mobile Web,N/A,$0.00  ~ $0.00 ,N/A,N/A,N/A,N/A,N/A
Business (Legacy),Arts & Entertainment,Instream,Canada,Desktop,N/A,$0.00  ~ $0.00 ,N/A,N/A,N/A,N/A,N/A
Business (Legacy),Arts & Entertainment,Outstream,United States,Desktop,N/A,$0.00  ~ $0.00 ,N/A,N/A,N/A,N/A,N/A
Business (Legacy),Arts & Entertainment,Outstream,United States,Mobile Web,N/A,$0.00  ~ $0.00 ,N/A,N/A,N/A,N/A,N/A
Business (Legacy),Arts & Entertainment,Outstream,United Kingdom,Mobile Web,N/A,$0.00  ~ $0.00 ,N/A,N/A,N/A,N/A,N/A
Business (Legacy),Arts & Entertainment,Outstream,United Kingdom,Desktop,N/A,$0.00  ~ $0.00 ,N/A,N/A,N/A,N/A,N/A
Business (Legacy),Arts & Entertainment,Outstream,Canada,Desktop,N/A,$0.00  ~ $0.00 ,N/A,N/A,N/A,N/A,N/A
Business (Legacy),Arts & Entertainment,Outstream,Canada,Mobile Web,N/A,$0.00  ~ $0.00 ,N/A,N/A,N/A,N/A,N/A
Business (Legacy),Arts & Entertainment,Interstitial,United Kingdom,Mobile Web,N/A,$0.00  ~ $0.00 ,N/A,N/A,N/A,N/A,N/A
Business (Legacy),Arts & Entertainment,Interstitial,Canada,Desktop,N/A,$0.00  ~ $0.00 ,N/A,N/A,N/A,N/A,N/A
Business (Legacy),Arts & Entertainment,Interstitial,United States,Desktop,N/A,$0.00  ~ $0.00 ,N/A,N/A,N/A,N/A,N/A
Business (Legacy),Arts & Entertainment,Native,United States,Desktop,N/A,$0.00  ~ $0.00 ,N/A,N/A,N/A,N/A,N/A
Business (Legacy),Human Resources,Outstream,United States,Desktop,N/A,$0.00  ~ $0.00 ,N/A,N/A,N/A,N/A,N/A
Business (Legacy),Human Resources,Instream,United States,Desktop,N/A,$0.00  ~ $0.00 ,N/A,N/A,N/A,N/A,N/A
Business (Legacy),By US Locale,Instream,United States,Desktop,N/A,$0.00  ~ $0.00 ,N/A,N/A,N/A,N/A,N/A
Business (Legacy),By US Locale,Outstream,United States,Desktop,N/A,$0.00  ~ $0.00 ,N/A,N/A,N/A,N/A,N/A
Business (Legacy),Computer Peripherals,Instream,United Kingdom,Desktop,N/A,$0.00  ~ $0.00 ,N/A,N/A,N/A,N/A,N/A
Business (Legacy),Computer Peripherals,Interstitial,United Kingdom,Mobile Web,N/A,$0.00  ~ $0.00 ,N/A,N/A,N/A,N/A,N/A
Business (Legacy),Computer Peripherals,Outstream,United Kingdom,Mobile Web,N/A,$0.00  ~ $0.00 ,N/A,N/A,N/A,N/A,N/A
Business (Legacy),College,Instream,United States,Desktop,N/A,$0.00  ~ $0.00 ,N/A,N/A,N/A,N/A,N/A
Business (Legacy),College,Outstream,United States,Desktop,N/A,$0.00  ~ $0.00 ,N/A,N/A,N/A,N/A,N/A
Business (Legacy),College,Outstream,United States,Mobile Web,N/A,$0.00  ~ $0.00 ,N/A,N/A,N/A,N/A,N/A
Business (Legacy),Education,Outstream,United States,Desktop,N/A,$0.00  ~ $0.00 ,N/A,N/A,N/A,N/A,N/A
Business (Legacy),Education,Outstream,United States,Mobile Web,N/A,$0.00  ~ $0.00 ,N/A,N/A,N/A,N/A,N/A
Business (Legacy),Education,Outstream,United Kingdom,Desktop,N/A,$0.00  ~ $0.00 ,N/A,N/A,N/A,N/A,N/A
Business (Legacy),Education,Interstitial,United States,Desktop,N/A,$0.00  ~ $0.00 ,N/A,N/A,N/A,N/A,N/A
Business (Legacy),Education,Interstitial,United Kingdom,Desktop,N/A,$0.00  ~ $0.00 ,N/A,N/A,N/A,N/A,N/A
Business (Legacy),Job Search,Instream,United States,Desktop,N/A,$0.00  ~ $0.00 ,N/A,N/A,N/A,N/A,N/A
Business (Legacy),Job Search,Instream,United States,Mobile Web,N/A,$0.00  ~ $0.00 ,N/A,N/A,N/A,N/A,N/A
Business (Legacy),Job Search,Outstream,United States,Mobile Web,N/A,$0.00  ~ $0.00 ,N/A,N/A,N/A,N/A,N/A
Business (Legacy),Job Search,Outstream,United States,Desktop,N/A,$0.00  ~ $0.00 ,N/A,N/A,N/A,N/A,N/A
Business (Legacy),Job Search,Outstream,United Kingdom,Mobile Web,N/A,$0.00  ~ $0.00 ,N/A,N/A,N/A,N/A,N/A
Business (Legacy),Family & Parenting,Instream,United States,Desktop,N/A,$0.00  ~ $0.00 ,N/A,N/A,N/A,N/A,N/A
Business (Legacy),Family & Parenting,Instream,United States,Mobile Web,N/A,$0.00  ~ $0.00 ,N/A,N/A,N/A,N/A,N/A
Business (Legacy),Family & Parenting,Outstream,United States,Desktop,N/A,$0.00  ~ $0.00 ,N/A,N/A,N/A,N/A,N/A
Business (Legacy),Family & Parenting,Outstream,United States,Mobile Web,N/A,$0.00  ~ $0.00 ,N/A,N/A,N/A,N/A,N/A
Business (Legacy),Careers,Instream,United States,Desktop,N/A,$0.00  ~ $0.00 ,N/A,N/A,N/A,N/A,N/A
Business (Legacy),Careers,Outstream,United States,Mobile Web,N/A,$0.00  ~ $0.00 ,N/A,N/A,N/A,N/A,N/A
Business (Legacy),Careers,Outstream,United States,Desktop,N/A,$0.00  ~ $0.00 ,N/A,N/A,N/A,N/A,N/A
Business (Legacy),Careers,Outstream,Canada,Desktop,N/A,$0.00  ~ $0.00 ,N/A,N/A,N/A,N/A,N/A
Business (Legacy),Senior Living,Interstitial,United States,Desktop,N/A,$0.00  ~ $0.00 ,N/A,N/A,N/A,N/A,N/A
Business (Legacy),Senior Living,Instream,United States,Desktop,N/A,$0.00  ~ $0.00 ,N/A,N/A,N/A,N/A,N/A
Business (Legacy),Senior Living,Outstream,United States,Mobile Web,N/A,$0.00  ~ $0.00 ,N/A,N/A,N/A,N/A,N/A
Business (Legacy),Music,Outstream,United States,Mobile Web,N/A,$0.00  ~ $0.00 ,N/A,N/A,N/A,N/A,N/A
Business (Legacy),Legal Issues,Interstitial,United States,Mobile Web,N/A,$0.00  ~ $0.00 ,N/A,N/A,N/A,N/A,N/A
Business (Legacy),Legal Issues,Outstream,United States,Desktop,N/A,$0.00  ~ $0.00 ,N/A,N/A,N/A,N/A,N/A
Business (Legacy),Legal Issues,Instream,Canada,Desktop,N/A,$0.00  ~ $0.00 ,N/A,N/A,N/A,N/A,N/A
Business (Legacy),Legal Issues,Instream,United States,Desktop,N/A,$0.00  ~ $0.00 ,N/A,N/A,N/A,N/A,N/A
Business (Legacy),Real Estate,Instream,United States,Desktop,N/A,$0.00  ~ $0.00 ,N/A,N/A,N/A,N/A,N/A
Business (Legacy),Real Estate,Instream,United States,Mobile Web,N/A,$0.00  ~ $0.00 ,N/A,N/A,N/A,N/A,N/A
Business (Legacy),Real Estate,Outstream,United States,Desktop,N/A,$0.00  ~ $0.00 ,N/A,N/A,N/A,N/A,N/A
Business (Legacy),Real Estate,Outstream,United States,Mobile Web,N/A,$0.00  ~ $0.00 ,N/A,N/A,N/A,N/A,N/A
Business (Legacy),Real Estate,Outstream,United States,Tablet,N/A,$0.00  ~ $0.00 ,N/A,N/A,N/A,N/A,N/A
Business (Legacy),Real Estate,Interstitial,United States,Desktop,N/A,$0.00  ~ $0.00 ,N/A,N/A,N/A,N/A,N/A
Business (Legacy),Agriculture,Instream,United States,Desktop,N/A,$0.00  ~ $0.00 ,N/A,N/A,N/A,N/A,N/A
Business (Legacy),Agriculture,Outstream,United States,Desktop,N/A,$0.00  ~ $0.00 ,N/A,N/A,N/A,N/A,N/A
Business (Legacy),Buying/Selling Homes,Instream,United Kingdom,Desktop,N/A,$0.00  ~ $0.00 ,N/A,N/A,N/A,N/A,N/A
Business (Legacy),Contests & Freebies,Instream,United States,Desktop,N/A,$0.00  ~ $0.00 ,N/A,N/A,N/A,N/A,N/A
Business (Legacy),Interior Decorating,Outstream,United States,Desktop,N/A,$0.00  ~ $0.00 ,N/A,N/A,N/A,N/A,N/A
Business (Legacy),Interior Decorating,Outstream,United States,Mobile Web,N/A,$0.00  ~ $0.00 ,N/A,N/A,N/A,N/A,N/A
Business (Legacy),Interior Decorating,Outstream,United States,Tablet,N/A,$0.00  ~ $0.00 ,N/A,N/A,N/A,N/A,N/A
Business (Legacy),Interior Decorating,Interstitial,United States,Desktop,N/A,$0.00  ~ $0.00 ,N/A,N/A,N/A,N/A,N/A
Business (Legacy),Interior Decorating,Interstitial,United States,Tablet,N/A,$0.00  ~ $0.00 ,N/A,N/A,N/A,N/A,N/A
Business (Legacy),Metals,Outstream,United States,Mobile Web,N/A,$0.00  ~ $0.00 ,N/A,N/A,N/A,N/A,N/A
Business (Legacy),Metals,Outstream,United States,Desktop,N/A,$0.00  ~ $0.00 ,N/A,N/A,N/A,N/A,N/A
Business (Legacy),Metals,Instream,Canada,Desktop,N/A,$0.00  ~ $0.00 ,N/A,N/A,N/A,N/A,N/A
Business (Legacy),Metals,Instream,Canada,Mobile Web,N/A,$0.00  ~ $0.00 ,N/A,N/A,N/A,N/A,N/A
Business (Legacy),Metals,Instream,United States,Desktop,N/A,$0.00  ~ $0.00 ,N/A,N/A,N/A,N/A,N/A
Business (Legacy),Metals,Instream,United States,Mobile Web,N/A,$0.00  ~ $0.00 ,N/A,N/A,N/A,N/A,N/A
Business (Legacy),Commentary,Instream,United States,Desktop,N/A,$0.00  ~ $0.00 ,N/A,N/A,N/A,N/A,N/A
Business (Legacy),Commentary,Outstream,United States,Desktop,N/A,$0.00  ~ $0.00 ,N/A,N/A,N/A,N/A,N/A
Business (Legacy),Senor Health,Instream,United States,Desktop,N/A,$0.00  ~ $0.00 ,N/A,N/A,N/A,N/A,N/A
Business (Legacy),Pro Ice Hockey,Instream,Canada,Desktop,N/A,$0.00  ~ $0.00 ,N/A,N/A,N/A,N/A,N/A
Business (Legacy),Pro Ice Hockey,Outstream,Canada,Desktop,N/A,$0.00  ~ $0.00 ,N/A,N/A,N/A,N/A,N/A
Business (Legacy),Large Animals,Outstream,United States,Desktop,N/A,$0.00  ~ $0.00 ,N/A,N/A,N/A,N/A,N/A
Business (Legacy),"Law, Gov't & Politics",Native,United States,Mobile Web,N/A,$0.00  ~ $0.00 ,N/A,N/A,N/A,N/A,N/A
Business (Legacy),"Law, Gov't & Politics",Instream,Mexico,Desktop,N/A,$0.00  ~ $0.00 ,N/A,N/A,N/A,N/A,N/A
Business (Legacy),"Law, Gov't & Politics",Outstream,Mexico,Desktop,N/A,$0.00  ~ $0.00 ,N/A,N/A,N/A,N/A,N/A
Business (Legacy),"Law, Gov't & Politics",Outstream,Mexico,Mobile Web,N/A,$0.00  ~ $0.00 ,N/A,N/A,N/A,N/A,N/A
Business (Legacy),"Law, Gov't & Politics",Interstitial,United States,Mobile Web,N/A,$0.00  ~ $0.00 ,N/A,N/A,N/A,N/A,N/A
Business (Legacy),"Law, Gov't & Politics",Interstitial,United States,Desktop,N/A,$0.00  ~ $0.00 ,N/A,N/A,N/A,N/A,N/A
Business (Legacy),"Law, Gov't & Politics",Interstitial,Mexico,Desktop,N/A,$0.00  ~ $0.00 ,N/A,N/A,N/A,N/A,N/A
Business (Legacy),Politics,Outstream,United States,Mobile Web,N/A,$0.00  ~ $0.00 ,N/A,N/A,N/A,N/A,N/A
Business (Legacy),Coffee/Tea,Outstream,United States,Desktop,N/A,$0.00  ~ $0.00 ,N/A,N/A,N/A,N/A,N/A
Business (Legacy),Coffee/Tea,Outstream,United States,Mobile Web,N/A,$0.00  ~ $0.00 ,N/A,N/A,N/A,N/A,N/A
Business (Legacy),Coffee/Tea,Instream,United States,Desktop,N/A,$0.00  ~ $0.00 ,N/A,N/A,N/A,N/A,N/A
Business (Legacy),Graduate School,Outstream,United States,Desktop,N/A,$0.00  ~ $0.00 ,N/A,N/A,N/A,N/A,N/A
Business (Legacy),Food & Drink,Instream,United States,Tablet,N/A,$0.00  ~ $0.00 ,N/A,N/A,N/A,N/A,N/A
Business (Legacy),Food & Drink,Outstream,United States,Desktop,N/A,$0.00  ~ $0.00 ,N/A,N/A,N/A,N/A,N/A
Business (Legacy),Food & Drink,Outstream,United States,Mobile Web,N/A,$0.00  ~ $0.00 ,N/A,N/A,N/A,N/A,N/A
Business (Legacy),Food & Drink,Interstitial,United States,Tablet,N/A,$0.00  ~ $0.00 ,N/A,N/A,N/A,N/A,N/A
Business (Legacy),Food & Drink,Interstitial,United States,Desktop,N/A,$0.00  ~ $0.00 ,N/A,N/A,N/A,N/A,N/A
Business (Legacy),Exercise,Outstream,United States,Desktop,N/A,$0.00  ~ $0.00 ,N/A,N/A,N/A,N/A,N/A
Business (Legacy),Business,Interstitial,United States,Desktop,N/A,$0.00  ~ $0.00 ,N/A,N/A,N/A,N/A,N/A
Business (Legacy),Business,Interstitial,United States,Mobile Web,N/A,$0.00  ~ $0.00 ,N/A,N/A,N/A,N/A,N/A
Business (Legacy),Business,Interstitial,United Kingdom,Mobile Web,N/A,$0.00  ~ $0.00 ,N/A,N/A,N/A,N/A,N/A
Business (Legacy),Business,Interstitial,United Kingdom,Desktop,N/A,$0.00  ~ $0.00 ,N/A,N/A,N/A,N/A,N/A
Business (Legacy),Business,Interstitial,Canada,Mobile Web,N/A,$0.00  ~ $0.00 ,N/A,N/A,N/A,N/A,N/A
Business (Legacy),Business,Instream,Canada,Desktop,N/A,$0.00  ~ $0.00 ,N/A,N/A,N/A,N/A,N/A
Business (Legacy),Business,Instream,Canada,Mobile Web,N/A,$0.00  ~ $0.00 ,N/A,N/A,N/A,N/A,N/A
Business (Legacy),Business,Instream,United Kingdom,Desktop,N/A,$0.00  ~ $0.00 ,N/A,N/A,N/A,N/A,N/A
Business (Legacy),Business,Instream,United Kingdom,Mobile Web,N/A,$0.00  ~ $0.00 ,N/A,N/A,N/A,N/A,N/A
Business (Legacy),Business,Outstream,Canada,Desktop,N/A,$0.00  ~ $0.00 ,N/A,N/A,N/A,N/A,N/A
Business (Legacy),Business,Outstream,Canada,Mobile Web,N/A,$0.00  ~ $0.00 ,N/A,N/A,N/A,N/A,N/A
Business (Legacy),Business,Outstream,United Kingdom,Desktop,N/A,$0.00  ~ $0.00 ,N/A,N/A,N/A,N/A,N/A
Business (Legacy),Business,Outstream,United States,Mobile Web,N/A,$0.00  ~ $0.00 ,N/A,N/A,N/A,N/A,N/A
Business (Legacy),Business,Outstream,United States,Tablet,N/A,$0.00  ~ $0.00 ,N/A,N/A,N/A,N/A,N/A
Business (Legacy),Business,Outstream,Mexico,Desktop,N/A,$0.00  ~ $0.00 ,N/A,N/A,N/A,N/A,N/A
Business (Legacy),Investors & Patents,Outstream,United States,Desktop,N/A,$0.00  ~ $0.00 ,N/A,N/A,N/A,N/A,N/A
Business (Legacy),Private School,Instream,United States,Desktop,N/A,$0.00  ~ $0.00 ,N/A,N/A,N/A,N/A,N/A
Business (Legacy),Private School,Outstream,United States,Desktop,N/A,$0.00  ~ $0.00 ,N/A,N/A,N/A,N/A,N/A
Business (Legacy),Private School,Outstream,United States,Mobile Web,N/A,$0.00  ~ $0.00 ,N/A,N/A,N/A,N/A,N/A
Business (Legacy),Advertising,Interstitial,United States,Mobile Web,N/A,$0.00  ~ $0.00 ,N/A,N/A,N/A,N/A,N/A
Business (Legacy),Advertising,Instream,United States,Desktop,N/A,$0.00  ~ $0.00 ,N/A,N/A,N/A,N/A,N/A
Business (Legacy),Advertising,Instream,Canada,Desktop,N/A,$0.00  ~ $0.00 ,N/A,N/A,N/A,N/A,N/A
Business (Legacy),Advertising,Outstream,United States,Mobile Web,N/A,$0.00  ~ $0.00 ,N/A,N/A,N/A,N/A,N/A
Business (Legacy),Advertising,Outstream,United States,Desktop,N/A,$0.00  ~ $0.00 ,N/A,N/A,N/A,N/A,N/A
Business (Legacy),Cocktails/Beer,Instream,United States,Desktop,N/A,$0.00  ~ $0.00 ,N/A,N/A,N/A,N/A,N/A
Business (Legacy),Cold & Flu,Outstream,United States,Desktop,N/A,$0.00  ~ $0.00 ,N/A,N/A,N/A,N/A,N/A
Business (Legacy),Cold & Flu,Outstream,United States,Mobile Web,N/A,$0.00  ~ $0.00 ,N/A,N/A,N/A,N/A,N/A
Business (Legacy),Cold & Flu,Instream,United States,Desktop,N/A,$0.00  ~ $0.00 ,N/A,N/A,N/A,N/A,N/A
Business (Legacy),Cold & Flu,Instream,United States,Mobile Web,N/A,$0.00  ~ $0.00 ,N/A,N/A,N/A,N/A,N/A
Business (Legacy),Psychology/Psychiatry,Instream,United States,Desktop,N/A,$0.00  ~ $0.00 ,N/A,N/A,N/A,N/A,N/A
Business (Legacy),Psychology/Psychiatry,Outstream,United States,Desktop,N/A,$0.00  ~ $0.00 ,N/A,N/A,N/A,N/A,N/A
Business (Legacy),Health/Lowfat Cooking,Instream,United States,Desktop,N/A,$0.00  ~ $0.00 ,N/A,N/A,N/A,N/A,N/A
Business (Legacy),Health/Lowfat Cooking,Outstream,United States,Desktop,N/A,$0.00  ~ $0.00 ,N/A,N/A,N/A,N/A,N/A
Business (Legacy),Theme Parks,Instream,United States,Desktop,N/A,$0.00  ~ $0.00 ,N/A,N/A,N/A,N/A,N/A
Business (Legacy),Home & Garden,Native,United States,Desktop,N/A,$0.00  ~ $0.00 ,N/A,N/A,N/A,N/A,N/A
Business (Legacy),Home & Garden,Instream,United States,Tablet,N/A,$0.00  ~ $0.00 ,N/A,N/A,N/A,N/A,N/A
Business (Legacy),Home & Garden,Outstream,United States,Tablet,N/A,$0.00  ~ $0.00 ,N/A,N/A,N/A,N/A,N/A
Business (Legacy),Home & Garden,Outstream,United States,Mobile Web,N/A,$0.00  ~ $0.00 ,N/A,N/A,N/A,N/A,N/A
Business (Legacy),Home & Garden,Interstitial,United States,Desktop,N/A,$0.00  ~ $0.00 ,N/A,N/A,N/A,N/A,N/A
Business (Legacy),Home & Garden,Interstitial,United States,Mobile Web,N/A,$0.00  ~ $0.00 ,N/A,N/A,N/A,N/A,N/A
Business (Legacy),Home & Garden,Interstitial,United States,Tablet,N/A,$0.00  ~ $0.00 ,N/A,N/A,N/A,N/A,N/A
Business (Legacy),Investing,Outstream,United States,Mobile Web,N/A,$0.00  ~ $0.00 ,N/A,N/A,N/A,N/A,N/A
Business (Legacy),Investing,Outstream,United States,Desktop,N/A,$0.00  ~ $0.00 ,N/A,N/A,N/A,N/A,N/A
Business (Legacy),Investing,Interstitial,United States,Desktop,N/A,$0.00  ~ $0.00 ,N/A,N/A,N/A,N/A,N/A
Business (Legacy),Investing,Interstitial,United States,Mobile Web,N/A,$0.00  ~ $0.00 ,N/A,N/A,N/A,N/A,N/A
Business (Legacy),Remodeling & Construction,Instream,United States,Mobile Web,N/A,$0.00  ~ $0.00 ,N/A,N/A,N/A,N/A,N/A
Business (Legacy),Remodeling & Construction,Outstream,United States,Mobile Web,N/A,$0.00  ~ $0.00 ,N/A,N/A,N/A,N/A,N/A
Business (Legacy),Pets,Outstream,United States,Desktop,N/A,$0.00  ~ $0.00 ,N/A,N/A,N/A,N/A,N/A
Business (Legacy),Pets,Instream,United States,Desktop,N/A,$0.00  ~ $0.00 ,N/A,N/A,N/A,N/A,N/A
Business (Legacy),Pets,Instream,Canada,Desktop,N/A,$0.00  ~ $0.00 ,N/A,N/A,N/A,N/A,N/A
Business (Legacy),Pets,Interstitial,United States,Mobile Web,N/A,$0.00  ~ $0.00 ,N/A,N/A,N/A,N/A,N/A
Business (Legacy),Pets,Interstitial,United States,Desktop,N/A,$0.00  ~ $0.00 ,N/A,N/A,N/A,N/A,N/A
Business (Legacy),Dogs,Instream,Canada,Desktop,N/A,$0.00  ~ $0.00 ,N/A,N/A,N/A,N/A,N/A
Business (Legacy),Personal Finance,Outstream,Canada,Desktop,N/A,$0.00  ~ $0.00 ,N/A,N/A,N/A,N/A,N/A
Business (Legacy),Personal Finance,Outstream,United Kingdom,Desktop,N/A,$0.00  ~ $0.00 ,N/A,N/A,N/A,N/A,N/A
Business (Legacy),Personal Finance,Outstream,United Kingdom,Mobile Web,N/A,$0.00  ~ $0.00 ,N/A,N/A,N/A,N/A,N/A
Business (Legacy),Personal Finance,Outstream,Mexico,Desktop,N/A,$0.00  ~ $0.00 ,N/A,N/A,N/A,N/A,N/A
Business (Legacy),Personal Finance,Interstitial,United States,Mobile Web,N/A,$0.00  ~ $0.00 ,N/A,N/A,N/A,N/A,N/A
Business (Legacy),Personal Finance,Interstitial,United States,Desktop,N/A,$0.00  ~ $0.00 ,N/A,N/A,N/A,N/A,N/A
Business (Legacy),Personal Finance,Instream,United States,Tablet,N/A,$0.00  ~ $0.00 ,N/A,N/A,N/A,N/A,N/A
Business (Legacy),Personal Finance,Instream,Canada,Desktop,N/A,$0.00  ~ $0.00 ,N/A,N/A,N/A,N/A,N/A
Business (Legacy),Personal Finance,Instream,United Kingdom,Desktop,N/A,$0.00  ~ $0.00 ,N/A,N/A,N/A,N/A,N/A
Business (Legacy),Hobbies & Interests,Outstream,United States,Mobile Web,N/A,$0.00  ~ $0.00 ,N/A,N/A,N/A,N/A,N/A
Business (Legacy),Hobbies & Interests,Outstream,United Kingdom,Desktop,N/A,$0.00  ~ $0.00 ,N/A,N/A,N/A,N/A,N/A
Careers (Legacy),Politics,Outstream,United States,Desktop,N/A,$54.72  ~ $54.72 ,N/A,N/A,N/A,100.00%,N/A
Careers (Legacy),Politics,Instream,United States,Desktop,N/A,$45.49  ~ $45.49 ,N/A,N/A,N/A,66.67%,N/A
Careers (Legacy),Travel,Instream,United States,Desktop,N/A,$29.87  ~ $30.73 ,N/A,N/A,N/A,67.74%,N/A
Careers (Legacy),Automotive,Instream,United States,Desktop,N/A,$37.98  ~ $37.98 ,N/A,N/A,N/A,98.33%,N/A
Careers (Legacy),Education,Instream,United States,Desktop,N/A,$14.71  ~ $29.61 ,N/A,N/A,N/A,95.24%,N/A
Careers (Legacy),Food & Drink,Instream,United States,Desktop,N/A,$54.61  ~ $54.61 ,N/A,N/A,N/A,100.00%,N/A
Careers (Legacy),Food & Drink,Instream,United States,Mobile Web,N/A,$54.61  ~ $54.61 ,N/A,N/A,N/A,100.00%,N/A
Careers (Legacy),Auto Repair,Instream,United States,Desktop,N/A,$13.28  ~ $13.28 ,N/A,N/A,N/A,100.00%,N/A
Careers (Legacy),Business,Instream,United States,Mobile Web,N/A,$35.56  ~ $36.95 ,N/A,N/A,N/A,76.92%,N/A
Careers (Legacy),Business,Instream,United States,Desktop,N/A,$39.08  ~ $41.29 ,$9.11 ,N/A,0.43%,79.40%,N/A
Careers (Legacy),Business,Outstream,United States,Desktop,N/A,$62.20  ~ $140.77 ,N/A,N/A,N/A,100.00%,N/A
Careers (Legacy),Personal Finance,Instream,United States,Desktop,N/A,$47.11  ~ $61.38 ,N/A,N/A,N/A,77.27%,N/A
Careers (Legacy),Personal Finance,Instream,United States,Mobile Web,N/A,$31.93  ~ $34.96 ,N/A,N/A,N/A,50.00%,N/A
Careers (Legacy),Personal Finance,Outstream,United States,Desktop,N/A,$51.45  ~ $51.45 ,$5.40 ,N/A,0.95%,76.34%,N/A
Careers (Legacy),Personal Finance,Outstream,United States,Mobile Web,N/A,$50.52  ~ $50.52 ,N/A,N/A,N/A,100.00%,N/A
Careers (Legacy),Health & Fitness,Instream,United States,Desktop,N/A,$28.75  ~ $37.64 ,N/A,N/A,N/A,90.16%,N/A
Careers (Legacy),Health & Fitness,Instream,United States,Mobile Web,N/A,$24.64  ~ $35.73 ,N/A,N/A,N/A,93.75%,N/A
Careers (Legacy),Health & Fitness,Outstream,United States,Desktop,N/A,$40.29  ~ $40.29 ,N/A,N/A,N/A,80.00%,N/A
Careers (Legacy),News,Instream,United States,Desktop,N/A,$28.79  ~ $28.79 ,$18.69 ,N/A,0.15%,71.82%,N/A
Careers (Legacy),Arts & Entertainment,Instream,United States,Desktop,N/A,$18.51  ~ $33.50 ,N/A,N/A,N/A,86.84%,N/A
Careers (Legacy),Legal Issues,Instream,United States,Desktop,N/A,$35.85  ~ $86.99 ,N/A,N/A,N/A,100.00%,N/A
Careers (Legacy),Shopping,Instream,United States,Desktop,N/A,$39.25  ~ $39.25 ,N/A,N/A,N/A,90.00%,N/A
Careers (Legacy),Remodeling & Construction,Instream,United States,Desktop,N/A,$42.86  ~ $42.86 ,N/A,N/A,N/A,80.00%,N/A
Careers (Legacy),Remodeling & Construction,Outstream,United States,Desktop,N/A,$38.06  ~ $38.06 ,N/A,N/A,N/A,100.00%,N/A
Careers (Legacy),Hobbies & Interests,Instream,United States,Desktop,N/A,$55.92  ~ $55.92 ,N/A,N/A,N/A,96.49%,N/A
Careers (Legacy),Hobbies & Interests,Outstream,United States,Desktop,N/A,$42.70  ~ $42.70 ,N/A,N/A,N/A,50.00%,N/A
Careers (Legacy),Interior Decorating,Instream,United States,Mobile Web,N/A,$35.85  ~ $35.85 ,N/A,N/A,N/A,N/A,N/A
Careers (Legacy),Home & Garden,Instream,United States,Desktop,N/A,$26.07  ~ $26.92 ,N/A,N/A,N/A,89.77%,N/A
Careers (Legacy),Home & Garden,Instream,United States,Mobile Web,N/A,$19.47  ~ $21.02 ,N/A,N/A,N/A,61.29%,N/A
Careers (Legacy),Home & Garden,Outstream,United States,Desktop,N/A,$33.44  ~ $48.99 ,$0.54 ,N/A,6.25%,64.29%,N/A
Careers (Legacy),Home & Garden,Outstream,United States,Tablet,N/A,$23.48  ~ $51.72 ,N/A,N/A,N/A,N/A,N/A
Careers (Legacy),"Law, Gov't & Politics",Instream,United States,Desktop,N/A,$37.34  ~ $38.43 ,N/A,N/A,N/A,96.71%,N/A
Careers (Legacy),"Law, Gov't & Politics",Outstream,United States,Mobile Web,N/A,$0.00  ~ $0.00 ,N/A,N/A,N/A,N/A,N/A
Careers (Legacy),"Law, Gov't & Politics",Outstream,United States,Desktop,N/A,$61.87  ~ $61.87 ,N/A,N/A,N/A,47.37%,N/A
Careers (Legacy),Advertising,Outstream,United States,Desktop,N/A,$0.00  ~ $0.00 ,N/A,N/A,N/A,N/A,N/A
Careers (Legacy),Advertising,Outstream,United States,Mobile Web,N/A,$0.00  ~ $0.00 ,N/A,N/A,N/A,N/A,N/A
Careers (Legacy),Gardening,Outstream,United States,Mobile Web,N/A,$0.00  ~ $0.00 ,N/A,N/A,N/A,N/A,N/A
Careers (Legacy),Psychology/Psychiatry,Outstream,United States,Desktop,N/A,$0.00  ~ $0.00 ,N/A,N/A,N/A,N/A,N/A
Careers (Legacy),Card Games,Instream,United States,Desktop,N/A,$0.00  ~ $0.00 ,N/A,N/A,N/A,N/A,N/A
Careers (Legacy),Card Games,Outstream,United States,Desktop,N/A,$0.00  ~ $0.00 ,N/A,N/A,N/A,N/A,N/A
Careers (Legacy),Private School,Instream,United States,Desktop,N/A,$0.00  ~ $0.00 ,N/A,N/A,N/A,N/A,N/A
Careers (Legacy),Private School,Outstream,United States,Desktop,N/A,$0.00  ~ $0.00 ,N/A,N/A,N/A,N/A,N/A
Careers (Legacy),Private School,Interstitial,United States,Tablet,N/A,$0.00  ~ $0.00 ,N/A,N/A,N/A,N/A,N/A
Careers (Legacy),Buying/Selling Cars,Outstream,United States,Mobile Web,N/A,$0.00  ~ $0.00 ,N/A,N/A,N/A,N/A,N/A
Careers (Legacy),Buying/Selling Cars,Outstream,United States,Desktop,N/A,$0.00  ~ $0.00 ,N/A,N/A,N/A,N/A,N/A
Careers (Legacy),Biotech/Biomedical,Instream,United States,Desktop,N/A,$0.00  ~ $0.00 ,N/A,N/A,N/A,N/A,N/A
Careers (Legacy),Biotech/Biomedical,Outstream,United States,Desktop,N/A,$0.00  ~ $0.00 ,N/A,N/A,N/A,N/A,N/A
Careers (Legacy),Biotech/Biomedical,Outstream,United States,Mobile Web,N/A,$0.00  ~ $0.00 ,N/A,N/A,N/A,N/A,N/A
Careers (Legacy),Biotech/Biomedical,Interstitial,United States,Desktop,N/A,$0.00  ~ $0.00 ,N/A,N/A,N/A,N/A,N/A
Careers (Legacy),Remodeling & Construction,Outstream,United States,Mobile Web,N/A,$0.00  ~ $0.00 ,N/A,N/A,N/A,N/A,N/A
Careers (Legacy),Business,Instream,Canada,Desktop,N/A,$0.00  ~ $0.00 ,N/A,N/A,N/A,N/A,N/A
Careers (Legacy),Business,Outstream,United States,Mobile Web,N/A,$0.00  ~ $0.00 ,N/A,N/A,N/A,N/A,N/A
Careers (Legacy),Business,Outstream,United States,Tablet,N/A,$0.00  ~ $0.00 ,N/A,N/A,N/A,N/A,N/A
Careers (Legacy),Business,Outstream,United Kingdom,Mobile Web,N/A,$0.00  ~ $0.00 ,N/A,N/A,N/A,N/A,N/A
Careers (Legacy),Business,Outstream,United Kingdom,Desktop,N/A,$0.00  ~ $0.00 ,N/A,N/A,N/A,N/A,N/A
Careers (Legacy),Business,Outstream,Canada,Desktop,N/A,$0.00  ~ $0.00 ,N/A,N/A,N/A,N/A,N/A
Careers (Legacy),Business,Outstream,Canada,Mobile Web,N/A,$0.00  ~ $0.00 ,N/A,N/A,N/A,N/A,N/A
Careers (Legacy),Business,Interstitial,United Kingdom,Mobile Web,N/A,$0.00  ~ $0.00 ,N/A,N/A,N/A,N/A,N/A
Careers (Legacy),Business,Interstitial,United States,Desktop,N/A,$0.00  ~ $0.00 ,N/A,N/A,N/A,N/A,N/A
Careers (Legacy),Business,Interstitial,United States,Tablet,N/A,$0.00  ~ $0.00 ,N/A,N/A,N/A,N/A,N/A
Careers (Legacy),Green Solutions,Outstream,United States,Desktop,N/A,$0.00  ~ $0.00 ,N/A,N/A,N/A,N/A,N/A
Careers (Legacy),Green Solutions,Instream,United States,Desktop,N/A,$0.00  ~ $0.00 ,N/A,N/A,N/A,N/A,N/A
Careers (Legacy),Cell Phones,Instream,Mexico,Desktop,N/A,$0.00  ~ $0.00 ,N/A,N/A,N/A,N/A,N/A
Careers (Legacy),Health & Fitness,Instream,Canada,Desktop,N/A,$0.00  ~ $0.00 ,N/A,N/A,N/A,N/A,N/A
Careers (Legacy),Health & Fitness,Outstream,United States,Mobile Web,N/A,$0.00  ~ $0.00 ,N/A,N/A,N/A,N/A,N/A
Careers (Legacy),Health & Fitness,Interstitial,United States,Desktop,N/A,$0.00  ~ $0.00 ,N/A,N/A,N/A,N/A,N/A
Careers (Legacy),Health & Fitness,Interstitial,United States,Tablet,N/A,$0.00  ~ $0.00 ,N/A,N/A,N/A,N/A,N/A
Careers (Legacy),Health & Fitness,Interstitial,United Kingdom,Desktop,N/A,$0.00  ~ $0.00 ,N/A,N/A,N/A,N/A,N/A
Careers (Legacy),Infertility,Instream,United States,Desktop,N/A,$0.00  ~ $0.00 ,N/A,N/A,N/A,N/A,N/A
Careers (Legacy),Infertility,Outstream,United States,Mobile Web,N/A,$0.00  ~ $0.00 ,N/A,N/A,N/A,N/A,N/A
Careers (Legacy),Infertility,Outstream,United States,Desktop,N/A,$0.00  ~ $0.00 ,N/A,N/A,N/A,N/A,N/A
Careers (Legacy),Personal Finance,Instream,Canada,Desktop,N/A,$0.00  ~ $0.00 ,N/A,N/A,N/A,N/A,N/A
Careers (Legacy),Personal Finance,Interstitial,United Kingdom,Desktop,N/A,$0.00  ~ $0.00 ,N/A,N/A,N/A,N/A,N/A
Careers (Legacy),Personal Finance,Outstream,United Kingdom,Mobile Web,N/A,$0.00  ~ $0.00 ,N/A,N/A,N/A,N/A,N/A
Careers (Legacy),Personal Finance,Outstream,United Kingdom,Desktop,N/A,$0.00  ~ $0.00 ,N/A,N/A,N/A,N/A,N/A
Careers (Legacy),Shopping,Interstitial,United Kingdom,Desktop,N/A,$0.00  ~ $0.00 ,N/A,N/A,N/A,N/A,N/A
Careers (Legacy),Shopping,Interstitial,United Kingdom,Mobile Web,N/A,$0.00  ~ $0.00 ,N/A,N/A,N/A,N/A,N/A
Careers (Legacy),Shopping,Interstitial,United States,Desktop,N/A,$0.00  ~ $0.00 ,N/A,N/A,N/A,N/A,N/A
Careers (Legacy),Shopping,Outstream,United States,Mobile Web,N/A,$0.00  ~ $0.00 ,N/A,N/A,N/A,N/A,N/A
Careers (Legacy),Shopping,Outstream,United States,Desktop,N/A,$0.00  ~ $0.00 ,N/A,N/A,N/A,N/A,N/A
Careers (Legacy),Shopping,Outstream,United Kingdom,Mobile Web,N/A,$0.00  ~ $0.00 ,N/A,N/A,N/A,N/A,N/A
Careers (Legacy),Shopping,Outstream,United Kingdom,Desktop,N/A,$0.00  ~ $0.00 ,N/A,N/A,N/A,N/A,N/A
Careers (Legacy),Shopping,Instream,Canada,Desktop,N/A,$0.00  ~ $0.00 ,N/A,N/A,N/A,N/A,N/A
Careers (Legacy),Shopping,Instream,United Kingdom,Desktop,N/A,$0.00  ~ $0.00 ,N/A,N/A,N/A,N/A,N/A
Careers (Legacy),Business Software,Instream,United States,Desktop,N/A,$0.00  ~ $0.00 ,N/A,N/A,N/A,N/A,N/A
Careers (Legacy),Business Software,Interstitial,United Kingdom,Desktop,N/A,$0.00  ~ $0.00 ,N/A,N/A,N/A,N/A,N/A
Careers (Legacy),Business Software,Outstream,United States,Desktop,N/A,$0.00  ~ $0.00 ,N/A,N/A,N/A,N/A,N/A
Careers (Legacy),Business Software,Outstream,United States,Mobile Web,N/A,$0.00  ~ $0.00 ,N/A,N/A,N/A,N/A,N/A
Careers (Legacy),Pro Ice Hockey,Instream,Canada,Desktop,N/A,$0.00  ~ $0.00 ,N/A,N/A,N/A,N/A,N/A
Careers (Legacy),Graduate School,Outstream,United States,Desktop,N/A,$0.00  ~ $0.00 ,N/A,N/A,N/A,N/A,N/A
Careers (Legacy),Graduate School,Instream,United States,Desktop,N/A,$0.00  ~ $0.00 ,N/A,N/A,N/A,N/A,N/A
Careers (Legacy),Politics,Outstream,United States,Mobile Web,N/A,$0.00  ~ $0.00 ,N/A,N/A,N/A,N/A,N/A
Careers (Legacy),Politics,Outstream,United States,Tablet,N/A,$0.00  ~ $0.00 ,N/A,N/A,N/A,N/A,N/A
Careers (Legacy),Alternative Medicine,Instream,United States,Desktop,N/A,$0.00  ~ $0.00 ,N/A,N/A,N/A,N/A,N/A
Careers (Legacy),"Law, Gov't & Politics",Instream,Mexico,Desktop,N/A,$0.00  ~ $0.00 ,N/A,N/A,N/A,N/A,N/A
Careers (Legacy),"Law, Gov't & Politics",Native,United States,Mobile Web,N/A,$0.00  ~ $0.00 ,N/A,N/A,N/A,N/A,N/A
Careers (Legacy),"Law, Gov't & Politics",Outstream,Mexico,Mobile Web,N/A,$0.00  ~ $0.00 ,N/A,N/A,N/A,N/A,N/A
Careers (Legacy),"Law, Gov't & Politics",Outstream,Mexico,Desktop,N/A,$0.00  ~ $0.00 ,N/A,N/A,N/A,N/A,N/A
Careers (Legacy),College,Outstream,United States,Desktop,N/A,$0.00  ~ $0.00 ,N/A,N/A,N/A,N/A,N/A
Careers (Legacy),College,Outstream,United States,Mobile Web,N/A,$0.00  ~ $0.00 ,N/A,N/A,N/A,N/A,N/A
Careers (Legacy),Computer Peripherals,Interstitial,United Kingdom,Mobile Web,N/A,$0.00  ~ $0.00 ,N/A,N/A,N/A,N/A,N/A
Careers (Legacy),Computer Peripherals,Outstream,United Kingdom,Desktop,N/A,$0.00  ~ $0.00 ,N/A,N/A,N/A,N/A,N/A
Careers (Legacy),Computer Peripherals,Outstream,United Kingdom,Mobile Web,N/A,$0.00  ~ $0.00 ,N/A,N/A,N/A,N/A,N/A
Careers (Legacy),Credit/Debt & Loans,Outstream,United States,Mobile Web,N/A,$0.00  ~ $0.00 ,N/A,N/A,N/A,N/A,N/A
Careers (Legacy),Credit/Debt & Loans,Outstream,United States,Desktop,N/A,$0.00  ~ $0.00 ,N/A,N/A,N/A,N/A,N/A
Careers (Legacy),Credit/Debt & Loans,Instream,United States,Desktop,N/A,$0.00  ~ $0.00 ,N/A,N/A,N/A,N/A,N/A
Careers (Legacy),Credit/Debt & Loans,Interstitial,United States,Mobile Web,N/A,$0.00  ~ $0.00 ,N/A,N/A,N/A,N/A,N/A
Careers (Legacy),Legal Issues,Outstream,United States,Desktop,N/A,$0.00  ~ $0.00 ,N/A,N/A,N/A,N/A,N/A
Careers (Legacy),Interior Decorating,Outstream,United States,Desktop,N/A,$0.00  ~ $0.00 ,N/A,N/A,N/A,N/A,N/A
Careers (Legacy),Interior Decorating,Outstream,United States,Mobile Web,N/A,$0.00  ~ $0.00 ,N/A,N/A,N/A,N/A,N/A
Careers (Legacy),Interior Decorating,Instream,United States,Desktop,N/A,$0.00  ~ $0.00 ,N/A,N/A,N/A,N/A,N/A
Careers (Legacy),Interior Decorating,Interstitial,United States,Tablet,N/A,$0.00  ~ $0.00 ,N/A,N/A,N/A,N/A,N/A
Careers (Legacy),Pediatrics,Outstream,United States,Desktop,N/A,$0.00  ~ $0.00 ,N/A,N/A,N/A,N/A,N/A
Careers (Legacy),Pediatrics,Instream,United States,Desktop,N/A,$0.00  ~ $0.00 ,N/A,N/A,N/A,N/A,N/A
Careers (Legacy),Pediatrics,Instream,United States,Mobile Web,N/A,$0.00  ~ $0.00 ,N/A,N/A,N/A,N/A,N/A
Careers (Legacy),Hotels,Instream,United States,Desktop,N/A,$0.00  ~ $0.00 ,N/A,N/A,N/A,N/A,N/A
Careers (Legacy),Hotels,Outstream,United States,Desktop,N/A,$0.00  ~ $0.00 ,N/A,N/A,N/A,N/A,N/A
Careers (Legacy),Hotels,Outstream,United States,Mobile Web,N/A,$0.00  ~ $0.00 ,N/A,N/A,N/A,N/A,N/A
Careers (Legacy),Investing,Interstitial,United States,Desktop,N/A,$0.00  ~ $0.00 ,N/A,N/A,N/A,N/A,N/A
Careers (Legacy),Investing,Rewarded,United States,Desktop,N/A,$0.00  ~ $0.00 ,N/A,N/A,N/A,N/A,N/A
Careers (Legacy),Home & Garden,Outstream,United States,Mobile Web,N/A,$0.00  ~ $0.00 ,N/A,N/A,N/A,N/A,N/A
Careers (Legacy),Home & Garden,Interstitial,United States,Desktop,N/A,$0.00  ~ $0.00 ,N/A,N/A,N/A,N/A,N/A
Careers (Legacy),Home & Garden,Interstitial,United Kingdom,Desktop,N/A,$0.00  ~ $0.00 ,N/A,N/A,N/A,N/A,N/A
Careers (Legacy),Automotive,Instream,Mexico,Desktop,N/A,$0.00  ~ $0.00 ,N/A,N/A,N/A,N/A,N/A
Careers (Legacy),Automotive,Outstream,United States,Tablet,N/A,$0.00  ~ $0.00 ,N/A,N/A,N/A,N/A,N/A
Careers (Legacy),Mutual Funds,Outstream,United States,Desktop,N/A,$0.00  ~ $0.00 ,N/A,N/A,N/A,N/A,N/A
Careers (Legacy),Mutual Funds,Instream,United States,Desktop,N/A,$0.00  ~ $0.00 ,N/A,N/A,N/A,N/A,N/A
Careers (Legacy),Honeymoons/Getaways,Interstitial,United Kingdom,Desktop,N/A,$0.00  ~ $0.00 ,N/A,N/A,N/A,N/A,N/A
Careers (Legacy),Honeymoons/Getaways,Outstream,United States,Desktop,N/A,$0.00  ~ $0.00 ,N/A,N/A,N/A,N/A,N/A
Careers (Legacy),Honeymoons/Getaways,Outstream,United States,Mobile Web,N/A,$0.00  ~ $0.00 ,N/A,N/A,N/A,N/A,N/A
Careers (Legacy),Agriculture,Instream,United States,Desktop,N/A,$0.00  ~ $0.00 ,N/A,N/A,N/A,N/A,N/A
Careers (Legacy),Agriculture,Outstream,United States,Desktop,N/A,$0.00  ~ $0.00 ,N/A,N/A,N/A,N/A,N/A
Careers (Legacy),Agriculture,Outstream,United States,Mobile Web,N/A,$0.00  ~ $0.00 ,N/A,N/A,N/A,N/A,N/A
Careers (Legacy),News,Instream,Canada,Desktop,N/A,$0.00  ~ $0.00 ,N/A,N/A,N/A,N/A,N/A
Careers (Legacy),News,Outstream,United States,Tablet,N/A,$0.00  ~ $0.00 ,N/A,N/A,N/A,N/A,N/A
Careers (Legacy),News,Outstream,United States,Desktop,N/A,$0.00  ~ $0.00 ,N/A,N/A,N/A,N/A,N/A
Careers (Legacy),News,Outstream,United States,Mobile Web,N/A,$0.00  ~ $0.00 ,N/A,N/A,N/A,N/A,N/A
Careers (Legacy),News,Outstream,Canada,Mobile Web,N/A,$0.00  ~ $0.00 ,N/A,N/A,N/A,N/A,N/A
Careers (Legacy),News,Interstitial,United States,Mobile Web,N/A,$0.00  ~ $0.00 ,N/A,N/A,N/A,N/A,N/A
Careers (Legacy),Hobbies & Interests,Outstream,United States,Tablet,N/A,$0.00  ~ $0.00 ,N/A,N/A,N/A,N/A,N/A
Careers (Legacy),Hobbies & Interests,Outstream,United States,Mobile Web,N/A,$0.00  ~ $0.00 ,N/A,N/A,N/A,N/A,N/A
Careers (Legacy),Metals,Outstream,United States,Desktop,N/A,$0.00  ~ $0.00 ,N/A,N/A,N/A,N/A,N/A
Careers (Legacy),Metals,Outstream,United States,Mobile Web,N/A,$0.00  ~ $0.00 ,N/A,N/A,N/A,N/A,N/A
Careers (Legacy),Metals,Instream,Canada,Desktop,N/A,$0.00  ~ $0.00 ,N/A,N/A,N/A,N/A,N/A
Careers (Legacy),Metals,Instream,United States,Desktop,N/A,$0.00  ~ $0.00 ,N/A,N/A,N/A,N/A,N/A
Careers (Legacy),Education,Outstream,United States,Desktop,N/A,$0.00  ~ $0.00 ,N/A,N/A,N/A,N/A,N/A
Careers (Legacy),Education,Outstream,United States,Mobile Web,N/A,$0.00  ~ $0.00 ,N/A,N/A,N/A,N/A,N/A
Careers (Legacy),Education,Interstitial,United States,Desktop,N/A,$0.00  ~ $0.00 ,N/A,N/A,N/A,N/A,N/A
Careers (Legacy),Commentary,Outstream,United States,Desktop,N/A,$0.00  ~ $0.00 ,N/A,N/A,N/A,N/A,N/A
Careers (Legacy),K-6 Educators,Outstream,United States,Desktop,N/A,$0.00  ~ $0.00 ,N/A,N/A,N/A,N/A,N/A
Careers (Legacy),Dogs,Instream,Canada,Desktop,N/A,$0.00  ~ $0.00 ,N/A,N/A,N/A,N/A,N/A
Careers (Legacy),Arts & Entertainment,Outstream,Canada,Desktop,N/A,$0.00  ~ $0.00 ,N/A,N/A,N/A,N/A,N/A
Careers (Legacy),Arts & Entertainment,Outstream,United States,Mobile Web,N/A,$0.00  ~ $0.00 ,N/A,N/A,N/A,N/A,N/A
Careers (Legacy),Arts & Entertainment,Outstream,United States,Desktop,N/A,$0.00  ~ $0.00 ,N/A,N/A,N/A,N/A,N/A
Careers (Legacy),Arts & Entertainment,Outstream,United Kingdom,Desktop,N/A,$0.00  ~ $0.00 ,N/A,N/A,N/A,N/A,N/A
Careers (Legacy),Arts & Entertainment,Outstream,United Kingdom,Mobile Web,N/A,$0.00  ~ $0.00 ,N/A,N/A,N/A,N/A,N/A
Careers (Legacy),Arts & Entertainment,Interstitial,United Kingdom,Mobile Web,N/A,$0.00  ~ $0.00 ,N/A,N/A,N/A,N/A,N/A
Careers (Legacy),Arts & Entertainment,Interstitial,United States,Desktop,N/A,$0.00  ~ $0.00 ,N/A,N/A,N/A,N/A,N/A
Careers (Legacy),Arts & Entertainment,Instream,Canada,Desktop,N/A,$0.00  ~ $0.00 ,N/A,N/A,N/A,N/A,N/A
Careers (Legacy),Travel,Interstitial,United Kingdom,Mobile Web,N/A,$0.00  ~ $0.00 ,N/A,N/A,N/A,N/A,N/A
Careers (Legacy),Travel,Interstitial,United Kingdom,Desktop,N/A,$0.00  ~ $0.00 ,N/A,N/A,N/A,N/A,N/A
Careers (Legacy),Travel,Instream,United Kingdom,Desktop,N/A,$0.00  ~ $0.00 ,N/A,N/A,N/A,N/A,N/A
Careers (Legacy),Travel,Outstream,United States,Desktop,N/A,$0.00  ~ $0.00 ,N/A,N/A,N/A,N/A,N/A
Careers (Legacy),Travel,Outstream,United States,Mobile Web,N/A,$0.00  ~ $0.00 ,N/A,N/A,N/A,N/A,N/A
Careers (Legacy),Travel,Outstream,United Kingdom,Mobile Web,N/A,$0.00  ~ $0.00 ,N/A,N/A,N/A,N/A,N/A
Careers (Legacy),Family & Parenting,Instream,United States,Desktop,N/A,$0.00  ~ $0.00 ,N/A,N/A,N/A,N/A,N/A
Careers (Legacy),Family & Parenting,Instream,United Kingdom,Desktop,N/A,$0.00  ~ $0.00 ,N/A,N/A,N/A,N/A,N/A
Careers (Legacy),Family & Parenting,Outstream,United States,Desktop,N/A,$0.00  ~ $0.00 ,N/A,N/A,N/A,N/A,N/A
Careers (Legacy),Family & Parenting,Outstream,United States,Mobile Web,N/A,$0.00  ~ $0.00 ,N/A,N/A,N/A,N/A,N/A
Careers (Legacy),Cold & Flu,Instream,United States,Desktop,N/A,$0.00  ~ $0.00 ,N/A,N/A,N/A,N/A,N/A
Careers (Legacy),Cold & Flu,Outstream,United States,Mobile Web,N/A,$0.00  ~ $0.00 ,N/A,N/A,N/A,N/A,N/A
Careers (Legacy),Cold & Flu,Outstream,United States,Desktop,N/A,$0.00  ~ $0.00 ,N/A,N/A,N/A,N/A,N/A
Careers (Legacy),Real Estate,Outstream,United States,Mobile Web,N/A,$0.00  ~ $0.00 ,N/A,N/A,N/A,N/A,N/A
Careers (Legacy),Real Estate,Outstream,United States,Desktop,N/A,$0.00  ~ $0.00 ,N/A,N/A,N/A,N/A,N/A
Careers (Legacy),Real Estate,Instream,United States,Desktop,N/A,$0.00  ~ $0.00 ,N/A,N/A,N/A,N/A,N/A
Careers (Legacy),Food & Drink,Outstream,United States,Tablet,N/A,$0.00  ~ $0.00 ,N/A,N/A,N/A,N/A,N/A
Careers (Legacy),Food & Drink,Outstream,United States,Desktop,N/A,$0.00  ~ $0.00 ,N/A,N/A,N/A,N/A,N/A
Careers (Legacy),Food & Drink,Outstream,United States,Mobile Web,N/A,$0.00  ~ $0.00 ,N/A,N/A,N/A,N/A,N/A
Careers (Legacy),Food & Drink,Interstitial,United States,Tablet,N/A,$0.00  ~ $0.00 ,N/A,N/A,N/A,N/A,N/A
Careers (Legacy),Job Search,Outstream,United States,Desktop,N/A,$0.00  ~ $0.00 ,N/A,N/A,N/A,N/A,N/A
Careers (Legacy),Careers,Outstream,United States,Desktop,N/A,$0.00  ~ $0.00 ,N/A,N/A,N/A,N/A,N/A
Careers (Legacy),Careers,Instream,Canada,Desktop,N/A,$0.00  ~ $0.00 ,N/A,N/A,N/A,N/A,N/A
Careers (Legacy),Senior Living,Instream,United States,Desktop,N/A,$0.00  ~ $0.00 ,N/A,N/A,N/A,N/A,N/A
Careers (Legacy),Pets,Instream,Canada,Desktop,N/A,$0.00  ~ $0.00 ,N/A,N/A,N/A,N/A,N/A
Education (Legacy),Hobbies & Interests,Instream,United States,Desktop,N/A,$57.05  ~ $57.05 ,N/A,N/A,N/A,85.19%,N/A
Education (Legacy),Hobbies & Interests,Instream,United States,Mobile Web,N/A,$59.89  ~ $59.89 ,N/A,N/A,N/A,66.67%,N/A
Education (Legacy),Hobbies & Interests,Outstream,United States,Desktop,N/A,$42.69  ~ $42.69 ,N/A,N/A,N/A,N/A,N/A
Education (Legacy),Hobbies & Interests,Outstream,United States,Mobile Web,N/A,$45.20  ~ $45.20 ,N/A,N/A,N/A,100.00%,N/A
Education (Legacy),Graduate School,Instream,United States,Desktop,N/A,$27.21  ~ $27.21 ,N/A,N/A,N/A,100.00%,N/A
Education (Legacy),Politics,Instream,United States,Desktop,N/A,$48.22  ~ $48.22 ,N/A,N/A,N/A,94.12%,N/A
Education (Legacy),Politics,Outstream,United States,Desktop,N/A,$50.87  ~ $50.87 ,N/A,N/A,N/A,N/A,N/A
Education (Legacy),Shopping,Outstream,United States,Desktop,N/A,$47.77  ~ $47.77 ,N/A,N/A,N/A,100.00%,N/A
Education (Legacy),Shopping,Outstream,United States,Mobile Web,N/A,$47.13  ~ $47.13 ,N/A,N/A,N/A,100.00%,N/A
Education (Legacy),Shopping,Instream,United States,Desktop,3,$37.92  ~ $37.92 ,N/A,N/A,N/A,88.46%,N/A
Education (Legacy),Shopping,Instream,United States,Mobile Web,N/A,$36.10  ~ $36.10 ,N/A,N/A,N/A,72.73%,N/A
Education (Legacy),"Law, Gov't & Politics",Instream,United States,Mobile Web,N/A,$45.69  ~ $54.71 ,N/A,N/A,N/A,87.27%,N/A
Education (Legacy),"Law, Gov't & Politics",Instream,United States,Desktop,N/A,$32.55  ~ $38.32 ,N/A,N/A,N/A,96.39%,N/A
Education (Legacy),"Law, Gov't & Politics",Outstream,United States,Desktop,N/A,$44.92  ~ $49.06 ,N/A,N/A,N/A,83.33%,N/A
Education (Legacy),Buying/Selling Cars,Instream,United States,Desktop,N/A,$40.99  ~ $40.99 ,N/A,N/A,N/A,81.14%,N/A
Education (Legacy),Buying/Selling Cars,Instream,United States,Mobile Web,N/A,$42.65  ~ $42.65 ,N/A,N/A,N/A,67.14%,N/A
Education (Legacy),Remodeling & Construction,Instream,United States,Desktop,N/A,$40.60  ~ $40.60 ,N/A,N/A,N/A,100.00%,N/A
Education (Legacy),Remodeling & Construction,Outstream,United States,Desktop,N/A,$39.14  ~ $39.14 ,N/A,N/A,N/A,62.50%,N/A
Education (Legacy),Education,Instream,United States,Mobile Web,N/A,$18.70  ~ $23.37 ,N/A,N/A,N/A,70.00%,N/A
Education (Legacy),Education,Instream,United States,Desktop,N/A,$25.04  ~ $29.20 ,N/A,N/A,N/A,84.44%,N/A
Education (Legacy),Education,Outstream,United States,Mobile Web,N/A,$32.44  ~ $67.86 ,N/A,N/A,N/A,100.00%,N/A
Education (Legacy),Health & Fitness,Instream,United States,Desktop,N/A,$25.97  ~ $36.87 ,N/A,N/A,N/A,89.66%,N/A
Education (Legacy),Health & Fitness,Instream,United States,Mobile Web,N/A,$25.59  ~ $38.16 ,N/A,N/A,N/A,77.91%,N/A
Education (Legacy),Health & Fitness,Outstream,United States,Desktop,N/A,$32.36  ~ $32.36 ,N/A,N/A,N/A,50.00%,N/A
Education (Legacy),Health & Fitness,Outstream,United States,Tablet,N/A,$62.49  ~ $62.49 ,N/A,N/A,N/A,N/A,N/A
Education (Legacy),Home & Garden,Instream,United States,Mobile Web,N/A,$23.26  ~ $24.29 ,N/A,N/A,N/A,63.27%,N/A
Education (Legacy),Home & Garden,Instream,United States,Desktop,N/A,$28.00  ~ $28.22 ,N/A,N/A,N/A,86.55%,N/A
Education (Legacy),Home & Garden,Outstream,United States,Desktop,N/A,$40.25  ~ $49.78 ,N/A,N/A,N/A,85.71%,N/A
Education (Legacy),Home & Garden,Outstream,United States,Mobile Web,N/A,$18.40  ~ $18.40 ,N/A,N/A,N/A,25.00%,N/A
Education (Legacy),Arts & Entertainment,Instream,United States,Desktop,N/A,$21.27  ~ $32.66 ,$0.94 ,N/A,2.27%,88.64%,N/A
Education (Legacy),Arts & Entertainment,Instream,United States,Mobile Web,N/A,$14.40  ~ $32.02 ,N/A,N/A,N/A,42.86%,N/A
Education (Legacy),Arts & Entertainment,Outstream,United States,Mobile Web,N/A,$0.00  ~ $13.12 ,N/A,N/A,N/A,83.33%,N/A
Education (Legacy),Interior Decorating,Instream,United States,Desktop,N/A,$40.96  ~ $40.96 ,N/A,N/A,N/A,83.33%,N/A
Education (Legacy),Personal Finance,Instream,United States,Desktop,N/A,$46.44  ~ $48.72 ,$5.16 ,N/A,0.94%,90.91%,N/A
Education (Legacy),Personal Finance,Instream,United States,Mobile Web,N/A,$48.82  ~ $50.39 ,N/A,N/A,N/A,73.33%,N/A
Education (Legacy),Personal Finance,Outstream,United States,Desktop,N/A,$51.25  ~ $51.25 ,$0.41 ,N/A,12.50%,87.50%,N/A
Education (Legacy),Auto Repair,Instream,United States,Desktop,N/A,$12.89  ~ $12.89 ,N/A,N/A,N/A,100.00%,N/A
Education (Legacy),Home Repair,Instream,United States,Desktop,N/A,$36.06  ~ $36.06 ,N/A,N/A,N/A,100.00%,N/A
Education (Legacy),News,Instream,United States,Desktop,10,$31.33  ~ $31.33 ,$10.18 ,N/A,0.31%,72.84%,N/A
Education (Legacy),News,Instream,United States,Mobile Web,N/A,$64.14  ~ $66.27 ,$1.80 ,N/A,3.57%,88.89%,N/A
Education (Legacy),Business,Instream,United States,Desktop,7,$37.05  ~ $37.76 ,N/A,N/A,N/A,85.23%,N/A
Education (Legacy),Business,Instream,United States,Mobile Web,N/A,$35.60  ~ $35.95 ,N/A,N/A,N/A,71.43%,N/A
Education (Legacy),Business,Outstream,United States,Desktop,N/A,$61.71  ~ $141.08 ,N/A,N/A,N/A,100.00%,N/A
Education (Legacy),Careers,Instream,United States,Desktop,N/A,$54.63  ~ $54.63 ,N/A,N/A,N/A,100.00%,N/A
Education (Legacy),Automotive,Instream,United States,Desktop,N/A,$39.10  ~ $39.10 ,N/A,N/A,N/A,85.52%,N/A
Education (Legacy),Travel,Instream,United States,Desktop,N/A,$29.60  ~ $31.01 ,N/A,N/A,N/A,52.63%,N/A
Education (Legacy),Music,Instream,United States,Desktop,N/A,$0.00  ~ $0.00 ,N/A,N/A,N/A,N/A,N/A
Education (Legacy),Automotive,Outstream,United States,Desktop,N/A,$0.00  ~ $0.00 ,N/A,N/A,N/A,N/A,N/A
Education (Legacy),Automotive,Outstream,United States,Mobile Web,N/A,$0.00  ~ $0.00 ,N/A,N/A,N/A,N/A,N/A
Education (Legacy),Biotech/Biomedical,Instream,United States,Desktop,N/A,$0.00  ~ $0.00 ,N/A,N/A,N/A,N/A,N/A
Education (Legacy),Biotech/Biomedical,Instream,United States,Mobile Web,N/A,$0.00  ~ $0.00 ,N/A,N/A,N/A,N/A,N/A
Education (Legacy),Biotech/Biomedical,Interstitial,United States,Desktop,N/A,$0.00  ~ $0.00 ,N/A,N/A,N/A,N/A,N/A
Education (Legacy),Biotech/Biomedical,Outstream,United States,Desktop,N/A,$0.00  ~ $0.00 ,N/A,N/A,N/A,N/A,N/A
Education (Legacy),Biotech/Biomedical,Outstream,United States,Mobile Web,N/A,$0.00  ~ $0.00 ,N/A,N/A,N/A,N/A,N/A
Education (Legacy),Family & Parenting,Instream,United States,Desktop,N/A,$0.00  ~ $0.00 ,N/A,N/A,N/A,N/A,N/A
Education (Legacy),Family & Parenting,Instream,United Kingdom,Desktop,N/A,$0.00  ~ $0.00 ,N/A,N/A,N/A,N/A,N/A
Education (Legacy),Family & Parenting,Instream,United Kingdom,Mobile Web,N/A,$0.00  ~ $0.00 ,N/A,N/A,N/A,N/A,N/A
Education (Legacy),Family & Parenting,Outstream,United States,Mobile Web,N/A,$0.00  ~ $0.00 ,N/A,N/A,N/A,N/A,N/A
Education (Legacy),Family & Parenting,Outstream,United States,Desktop,N/A,$0.00  ~ $0.00 ,N/A,N/A,N/A,N/A,N/A
Education (Legacy),Family & Parenting,Outstream,United States,Tablet,N/A,$0.00  ~ $0.00 ,N/A,N/A,N/A,N/A,N/A
Education (Legacy),Family & Parenting,Interstitial,United States,Desktop,N/A,$0.00  ~ $0.00 ,N/A,N/A,N/A,N/A,N/A
Education (Legacy),Home & Garden,Interstitial,United States,Mobile Web,N/A,$0.00  ~ $0.00 ,N/A,N/A,N/A,N/A,N/A
Education (Legacy),Home & Garden,Interstitial,United States,Desktop,N/A,$0.00  ~ $0.00 ,N/A,N/A,N/A,N/A,N/A
Education (Legacy),Home & Garden,Outstream,United States,Tablet,N/A,$0.00  ~ $0.00 ,N/A,N/A,N/A,N/A,N/A
Education (Legacy),Home & Garden,Instream,United Kingdom,Desktop,N/A,$0.00  ~ $0.00 ,N/A,N/A,N/A,N/A,N/A
Education (Legacy),Card Games,Instream,United States,Desktop,N/A,$0.00  ~ $0.00 ,N/A,N/A,N/A,N/A,N/A
Education (Legacy),Card Games,Outstream,United States,Desktop,N/A,$0.00  ~ $0.00 ,N/A,N/A,N/A,N/A,N/A
Education (Legacy),Card Games,Outstream,United States,Mobile Web,N/A,$0.00  ~ $0.00 ,N/A,N/A,N/A,N/A,N/A
Education (Legacy),Card Games,Interstitial,United States,Desktop,N/A,$0.00  ~ $0.00 ,N/A,N/A,N/A,N/A,N/A
Education (Legacy),Cell Phones,Instream,Mexico,Desktop,N/A,$0.00  ~ $0.00 ,N/A,N/A,N/A,N/A,N/A
Education (Legacy),Buying/Selling Homes,Instream,United Kingdom,Desktop,N/A,$0.00  ~ $0.00 ,N/A,N/A,N/A,N/A,N/A
Education (Legacy),Clothing,Outstream,United States,Mobile Web,N/A,$0.00  ~ $0.00 ,N/A,N/A,N/A,N/A,N/A
Education (Legacy),Clothing,Outstream,United States,Desktop,N/A,$0.00  ~ $0.00 ,N/A,N/A,N/A,N/A,N/A
Education (Legacy),Personal Finance,Instream,Canada,Desktop,N/A,$0.00  ~ $0.00 ,N/A,N/A,N/A,N/A,N/A
Education (Legacy),Personal Finance,Instream,Canada,Mobile Web,N/A,$0.00  ~ $0.00 ,N/A,N/A,N/A,N/A,N/A
Education (Legacy),Personal Finance,Instream,United Kingdom,Desktop,N/A,$0.00  ~ $0.00 ,N/A,N/A,N/A,N/A,N/A
Education (Legacy),Personal Finance,Outstream,United States,Mobile Web,N/A,$0.00  ~ $0.00 ,N/A,N/A,N/A,N/A,N/A
Education (Legacy),Personal Finance,Outstream,United States,Tablet,N/A,$0.00  ~ $0.00 ,N/A,N/A,N/A,N/A,N/A
Education (Legacy),Personal Finance,Outstream,Mexico,Desktop,N/A,$0.00  ~ $0.00 ,N/A,N/A,N/A,N/A,N/A
Education (Legacy),Personal Finance,Outstream,United Kingdom,Mobile Web,N/A,$0.00  ~ $0.00 ,N/A,N/A,N/A,N/A,N/A
Education (Legacy),Personal Finance,Interstitial,United States,Desktop,N/A,$0.00  ~ $0.00 ,N/A,N/A,N/A,N/A,N/A
Education (Legacy),Personal Finance,Interstitial,United States,Mobile Web,N/A,$0.00  ~ $0.00 ,N/A,N/A,N/A,N/A,N/A
Education (Legacy),Personal Finance,Interstitial,Canada,Desktop,N/A,$0.00  ~ $0.00 ,N/A,N/A,N/A,N/A,N/A
Education (Legacy),Personal Finance,Interstitial,Canada,Mobile Web,N/A,$0.00  ~ $0.00 ,N/A,N/A,N/A,N/A,N/A
Education (Legacy),Personal Finance,Interstitial,United Kingdom,Desktop,N/A,$0.00  ~ $0.00 ,N/A,N/A,N/A,N/A,N/A
Education (Legacy),Cocktails/Beer,Instream,United States,Desktop,N/A,$0.00  ~ $0.00 ,N/A,N/A,N/A,N/A,N/A
Education (Legacy),"Law, Gov't & Politics",Instream,Canada,Desktop,N/A,$0.00  ~ $0.00 ,N/A,N/A,N/A,N/A,N/A
Education (Legacy),"Law, Gov't & Politics",Instream,Mexico,Desktop,N/A,$0.00  ~ $0.00 ,N/A,N/A,N/A,N/A,N/A
Education (Legacy),"Law, Gov't & Politics",Outstream,United States,Mobile Web,N/A,$0.00  ~ $0.00 ,N/A,N/A,N/A,N/A,N/A
Education (Legacy),"Law, Gov't & Politics",Outstream,Mexico,Desktop,N/A,$0.00  ~ $0.00 ,N/A,N/A,N/A,N/A,N/A
Education (Legacy),"Law, Gov't & Politics",Interstitial,United States,Desktop,N/A,$0.00  ~ $0.00 ,N/A,N/A,N/A,N/A,N/A
Education (Legacy),"Law, Gov't & Politics",Interstitial,United States,Tablet,N/A,$0.00  ~ $0.00 ,N/A,N/A,N/A,N/A,N/A
Education (Legacy),"Law, Gov't & Politics",Interstitial,Mexico,Mobile Web,N/A,$0.00  ~ $0.00 ,N/A,N/A,N/A,N/A,N/A
Education (Legacy),Apartments,Instream,United Kingdom,Desktop,N/A,$0.00  ~ $0.00 ,N/A,N/A,N/A,N/A,N/A
Education (Legacy),Apartments,Instream,United Kingdom,Mobile Web,N/A,$0.00  ~ $0.00 ,N/A,N/A,N/A,N/A,N/A
Education (Legacy),Arts & Entertainment,Interstitial,United States,Desktop,N/A,$0.00  ~ $0.00 ,N/A,N/A,N/A,N/A,N/A
Education (Legacy),Arts & Entertainment,Interstitial,United Kingdom,Mobile Web,N/A,$0.00  ~ $0.00 ,N/A,N/A,N/A,N/A,N/A
Education (Legacy),Arts & Entertainment,Native,United States,Desktop,N/A,$0.00  ~ $0.00 ,N/A,N/A,N/A,N/A,N/A
Education (Legacy),Arts & Entertainment,Instream,Canada,Desktop,N/A,$0.00  ~ $0.00 ,N/A,N/A,N/A,N/A,N/A
Education (Legacy),Arts & Entertainment,Instream,United Kingdom,Desktop,N/A,$0.00  ~ $0.00 ,N/A,N/A,N/A,N/A,N/A
Education (Legacy),Arts & Entertainment,Instream,United Kingdom,Mobile Web,N/A,$0.00  ~ $0.00 ,N/A,N/A,N/A,N/A,N/A
Education (Legacy),Arts & Entertainment,Outstream,United States,Desktop,N/A,$0.00  ~ $0.00 ,N/A,N/A,N/A,N/A,N/A
Education (Legacy),Arts & Entertainment,Outstream,United Kingdom,Mobile Web,N/A,$0.00  ~ $0.00 ,N/A,N/A,N/A,N/A,N/A
Education (Legacy),Education,Instream,Canada,Desktop,N/A,$0.00  ~ $0.00 ,N/A,N/A,N/A,N/A,N/A
Education (Legacy),Education,Outstream,United States,Desktop,N/A,$0.00  ~ $0.00 ,N/A,N/A,N/A,N/A,N/A
Education (Legacy),Education,Outstream,United States,Tablet,N/A,$0.00  ~ $0.00 ,N/A,N/A,N/A,N/A,N/A
Education (Legacy),Education,Interstitial,United States,Desktop,N/A,$0.00  ~ $0.00 ,N/A,N/A,N/A,N/A,N/A
Education (Legacy),Education,Interstitial,United States,Mobile Web,N/A,$0.00  ~ $0.00 ,N/A,N/A,N/A,N/A,N/A
Education (Legacy),Air Travel,Outstream,United States,Desktop,N/A,$0.00  ~ $0.00 ,N/A,N/A,N/A,N/A,N/A
Education (Legacy),Alternative Medicine,Instream,United States,Desktop,N/A,$0.00  ~ $0.00 ,N/A,N/A,N/A,N/A,N/A
Education (Legacy),Gardening,Outstream,United States,Mobile Web,N/A,$0.00  ~ $0.00 ,N/A,N/A,N/A,N/A,N/A
Education (Legacy),Graduate School,Outstream,United States,Desktop,N/A,$0.00  ~ $0.00 ,N/A,N/A,N/A,N/A,N/A
Education (Legacy),Interior Decorating,Outstream,United States,Desktop,N/A,$0.00  ~ $0.00 ,N/A,N/A,N/A,N/A,N/A
Education (Legacy),Interior Decorating,Outstream,United States,Mobile Web,N/A,$0.00  ~ $0.00 ,N/A,N/A,N/A,N/A,N/A
Education (Legacy),Interior Decorating,Interstitial,United States,Tablet,N/A,$0.00  ~ $0.00 ,N/A,N/A,N/A,N/A,N/A
Education (Legacy),Interior Decorating,Interstitial,United States,Mobile Web,N/A,$0.00  ~ $0.00 ,N/A,N/A,N/A,N/A,N/A
Education (Legacy),Interior Decorating,Interstitial,United States,Desktop,N/A,$0.00  ~ $0.00 ,N/A,N/A,N/A,N/A,N/A
Education (Legacy),Job Search,Instream,United States,Desktop,N/A,$0.00  ~ $0.00 ,N/A,N/A,N/A,N/A,N/A
Education (Legacy),Job Search,Instream,United States,Mobile Web,N/A,$0.00  ~ $0.00 ,N/A,N/A,N/A,N/A,N/A
Education (Legacy),Job Search,Interstitial,United States,Mobile Web,N/A,$0.00  ~ $0.00 ,N/A,N/A,N/A,N/A,N/A
Education (Legacy),Job Search,Outstream,United States,Desktop,N/A,$0.00  ~ $0.00 ,N/A,N/A,N/A,N/A,N/A
Education (Legacy),College,Interstitial,United States,Desktop,N/A,$0.00  ~ $0.00 ,N/A,N/A,N/A,N/A,N/A
Education (Legacy),College,Interstitial,United States,Mobile Web,N/A,$0.00  ~ $0.00 ,N/A,N/A,N/A,N/A,N/A
Education (Legacy),College,Outstream,United States,Mobile Web,N/A,$0.00  ~ $0.00 ,N/A,N/A,N/A,N/A,N/A
Education (Legacy),College,Outstream,United States,Desktop,N/A,$0.00  ~ $0.00 ,N/A,N/A,N/A,N/A,N/A
Education (Legacy),College,Instream,United States,Desktop,N/A,$0.00  ~ $0.00 ,N/A,N/A,N/A,N/A,N/A
Education (Legacy),Senior Living,Instream,United States,Desktop,N/A,$0.00  ~ $0.00 ,N/A,N/A,N/A,N/A,N/A
Education (Legacy),Senior Living,Outstream,United States,Desktop,N/A,$0.00  ~ $0.00 ,N/A,N/A,N/A,N/A,N/A
Education (Legacy),Senior Living,Interstitial,United States,Mobile Web,N/A,$0.00  ~ $0.00 ,N/A,N/A,N/A,N/A,N/A
Education (Legacy),Senior Living,Interstitial,United States,Desktop,N/A,$0.00  ~ $0.00 ,N/A,N/A,N/A,N/A,N/A
Education (Legacy),Dogs,Instream,Canada,Desktop,N/A,$0.00  ~ $0.00 ,N/A,N/A,N/A,N/A,N/A
Education (Legacy),Computer Peripherals,Interstitial,United Kingdom,Desktop,N/A,$0.00  ~ $0.00 ,N/A,N/A,N/A,N/A,N/A
Education (Legacy),Computer Peripherals,Instream,United Kingdom,Desktop,N/A,$0.00  ~ $0.00 ,N/A,N/A,N/A,N/A,N/A
Education (Legacy),Exercise,Outstream,United States,Mobile Web,N/A,$0.00  ~ $0.00 ,N/A,N/A,N/A,N/A,N/A
Education (Legacy),Pets,Instream,Canada,Desktop,N/A,$0.00  ~ $0.00 ,N/A,N/A,N/A,N/A,N/A
Education (Legacy),Pets,Instream,United States,Desktop,N/A,$0.00  ~ $0.00 ,N/A,N/A,N/A,N/A,N/A
Education (Legacy),Pets,Outstream,United States,Desktop,N/A,$0.00  ~ $0.00 ,N/A,N/A,N/A,N/A,N/A
Education (Legacy),Advertising,Instream,United States,Desktop,N/A,$0.00  ~ $0.00 ,N/A,N/A,N/A,N/A,N/A
Education (Legacy),Advertising,Outstream,United States,Desktop,N/A,$0.00  ~ $0.00 ,N/A,N/A,N/A,N/A,N/A
Education (Legacy),Advertising,Outstream,United States,Mobile Web,N/A,$0.00  ~ $0.00 ,N/A,N/A,N/A,N/A,N/A
Education (Legacy),Advertising,Outstream,United States,Tablet,N/A,$0.00  ~ $0.00 ,N/A,N/A,N/A,N/A,N/A
Education (Legacy),Advertising,Native,United States,Desktop,N/A,$0.00  ~ $0.00 ,N/A,N/A,N/A,N/A,N/A
Education (Legacy),Advertising,Native,United States,Mobile Web,N/A,$0.00  ~ $0.00 ,N/A,N/A,N/A,N/A,N/A
Education (Legacy),Shopping,Instream,Canada,Desktop,N/A,$0.00  ~ $0.00 ,N/A,N/A,N/A,N/A,N/A
Education (Legacy),Shopping,Instream,Mexico,Desktop,N/A,$0.00  ~ $0.00 ,N/A,N/A,N/A,N/A,N/A
Education (Legacy),Shopping,Instream,United Kingdom,Desktop,N/A,$0.00  ~ $0.00 ,N/A,N/A,N/A,N/A,N/A
Education (Legacy),Shopping,Outstream,United Kingdom,Desktop,N/A,$0.00  ~ $0.00 ,N/A,N/A,N/A,N/A,N/A
Education (Legacy),Shopping,Outstream,United Kingdom,Mobile Web,N/A,$0.00  ~ $0.00 ,N/A,N/A,N/A,N/A,N/A
Education (Legacy),Shopping,Interstitial,United Kingdom,Desktop,N/A,$0.00  ~ $0.00 ,N/A,N/A,N/A,N/A,N/A
Education (Legacy),Shopping,Interstitial,United Kingdom,Mobile Web,N/A,$0.00  ~ $0.00 ,N/A,N/A,N/A,N/A,N/A
Education (Legacy),Shopping,Interstitial,United States,Tablet,N/A,$0.00  ~ $0.00 ,N/A,N/A,N/A,N/A,N/A
Education (Legacy),Shopping,Interstitial,United States,Desktop,N/A,$0.00  ~ $0.00 ,N/A,N/A,N/A,N/A,N/A
Education (Legacy),Shopping,Interstitial,United States,Mobile Web,N/A,$0.00  ~ $0.00 ,N/A,N/A,N/A,N/A,N/A
Education (Legacy),Shopping,Interstitial,Canada,Desktop,N/A,$0.00  ~ $0.00 ,N/A,N/A,N/A,N/A,N/A
Education (Legacy),Shopping,Native,United Kingdom,Desktop,N/A,$0.00  ~ $0.00 ,N/A,N/A,N/A,N/A,N/A
Education (Legacy),Insurance,Instream,United Kingdom,Desktop,N/A,$0.00  ~ $0.00 ,N/A,N/A,N/A,N/A,N/A
Education (Legacy),Insurance,Outstream,United States,Desktop,N/A,$0.00  ~ $0.00 ,N/A,N/A,N/A,N/A,N/A
Education (Legacy),Insurance,Outstream,United Kingdom,Desktop,N/A,$0.00  ~ $0.00 ,N/A,N/A,N/A,N/A,N/A
Education (Legacy),Insurance,Interstitial,United Kingdom,Desktop,N/A,$0.00  ~ $0.00 ,N/A,N/A,N/A,N/A,N/A
Education (Legacy),Legal Issues,Instream,United States,Desktop,N/A,$0.00  ~ $0.00 ,N/A,N/A,N/A,N/A,N/A
Education (Legacy),Legal Issues,Instream,Canada,Desktop,N/A,$0.00  ~ $0.00 ,N/A,N/A,N/A,N/A,N/A
Education (Legacy),Legal Issues,Outstream,United Kingdom,Desktop,N/A,$0.00  ~ $0.00 ,N/A,N/A,N/A,N/A,N/A
Education (Legacy),Legal Issues,Outstream,United States,Mobile Web,N/A,$0.00  ~ $0.00 ,N/A,N/A,N/A,N/A,N/A
Education (Legacy),Legal Issues,Interstitial,United Kingdom,Mobile Web,N/A,$0.00  ~ $0.00 ,N/A,N/A,N/A,N/A,N/A
Education (Legacy),Legal Issues,Interstitial,United States,Mobile Web,N/A,$0.00  ~ $0.00 ,N/A,N/A,N/A,N/A,N/A
Education (Legacy),Politics,Instream,United States,Mobile Web,N/A,$0.00  ~ $0.00 ,N/A,N/A,N/A,N/A,N/A
Education (Legacy),Politics,Interstitial,United States,Desktop,N/A,$0.00  ~ $0.00 ,N/A,N/A,N/A,N/A,N/A
Education (Legacy),Politics,Interstitial,United States,Mobile Web,N/A,$0.00  ~ $0.00 ,N/A,N/A,N/A,N/A,N/A
Education (Legacy),Politics,Interstitial,United States,Tablet,N/A,$0.00  ~ $0.00 ,N/A,N/A,N/A,N/A,N/A
Education (Legacy),Credit/Debt & Loans,Instream,United States,Desktop,N/A,$0.00  ~ $0.00 ,N/A,N/A,N/A,N/A,N/A
Education (Legacy),Credit/Debt & Loans,Outstream,United States,Desktop,N/A,$0.00  ~ $0.00 ,N/A,N/A,N/A,N/A,N/A
Education (Legacy),Credit/Debt & Loans,Interstitial,United States,Mobile Web,N/A,$0.00  ~ $0.00 ,N/A,N/A,N/A,N/A,N/A
Education (Legacy),Cruises,Instream,United States,Desktop,N/A,$0.00  ~ $0.00 ,N/A,N/A,N/A,N/A,N/A
Education (Legacy),Cruises,Outstream,United States,Desktop,N/A,$0.00  ~ $0.00 ,N/A,N/A,N/A,N/A,N/A
Education (Legacy),Travel,Instream,United Kingdom,Desktop,N/A,$0.00  ~ $0.00 ,N/A,N/A,N/A,N/A,N/A
Education (Legacy),Travel,Instream,United Kingdom,Mobile Web,N/A,$0.00  ~ $0.00 ,N/A,N/A,N/A,N/A,N/A
Education (Legacy),Travel,Instream,Canada,Desktop,N/A,$0.00  ~ $0.00 ,N/A,N/A,N/A,N/A,N/A
Education (Legacy),Travel,Interstitial,United Kingdom,Mobile Web,N/A,$0.00  ~ $0.00 ,N/A,N/A,N/A,N/A,N/A
Education (Legacy),Travel,Interstitial,United Kingdom,Desktop,N/A,$0.00  ~ $0.00 ,N/A,N/A,N/A,N/A,N/A
Education (Legacy),Travel,Outstream,United States,Desktop,N/A,$0.00  ~ $0.00 ,N/A,N/A,N/A,N/A,N/A
Education (Legacy),Travel,Outstream,United Kingdom,Desktop,N/A,$0.00  ~ $0.00 ,N/A,N/A,N/A,N/A,N/A
Education (Legacy),Travel,Outstream,United Kingdom,Mobile Web,N/A,$0.00  ~ $0.00 ,N/A,N/A,N/A,N/A,N/A
Education (Legacy),Investing,Outstream,United States,Desktop,N/A,$0.00  ~ $0.00 ,N/A,N/A,N/A,N/A,N/A
Education (Legacy),Investing,Outstream,United States,Mobile Web,N/A,$0.00  ~ $0.00 ,N/A,N/A,N/A,N/A,N/A
Education (Legacy),Investing,Interstitial,United States,Desktop,N/A,$0.00  ~ $0.00 ,N/A,N/A,N/A,N/A,N/A
Education (Legacy),Careers,Instream,Canada,Desktop,N/A,$0.00  ~ $0.00 ,N/A,N/A,N/A,N/A,N/A
Education (Legacy),Careers,Interstitial,United States,Desktop,N/A,$0.00  ~ $0.00 ,N/A,N/A,N/A,N/A,N/A
Education (Legacy),Careers,Outstream,United States,Desktop,N/A,$0.00  ~ $0.00 ,N/A,N/A,N/A,N/A,N/A
Education (Legacy),Pro Ice Hockey,Instream,Canada,Desktop,N/A,$0.00  ~ $0.00 ,N/A,N/A,N/A,N/A,N/A
Education (Legacy),Arthritis,Outstream,United States,Desktop,N/A,$0.00  ~ $0.00 ,N/A,N/A,N/A,N/A,N/A
Education (Legacy),Metals,Instream,Canada,Desktop,N/A,$0.00  ~ $0.00 ,N/A,N/A,N/A,N/A,N/A
Education (Legacy),Metals,Instream,United States,Desktop,N/A,$0.00  ~ $0.00 ,N/A,N/A,N/A,N/A,N/A
Education (Legacy),Metals,Outstream,United States,Desktop,N/A,$0.00  ~ $0.00 ,N/A,N/A,N/A,N/A,N/A
Education (Legacy),Metals,Outstream,United States,Mobile Web,N/A,$0.00  ~ $0.00 ,N/A,N/A,N/A,N/A,N/A
Education (Legacy),Metals,Interstitial,United States,Desktop,N/A,$0.00  ~ $0.00 ,N/A,N/A,N/A,N/A,N/A
Education (Legacy),Private School,Instream,United States,Desktop,N/A,$0.00  ~ $0.00 ,N/A,N/A,N/A,N/A,N/A
Education (Legacy),Private School,Interstitial,United States,Desktop,N/A,$0.00  ~ $0.00 ,N/A,N/A,N/A,N/A,N/A
Education (Legacy),Private School,Outstream,United States,Mobile Web,N/A,$0.00  ~ $0.00 ,N/A,N/A,N/A,N/A,N/A
Education (Legacy),Real Estate,Instream,United States,Desktop,N/A,$0.00  ~ $0.00 ,N/A,N/A,N/A,N/A,N/A
Education (Legacy),Real Estate,Instream,United States,Mobile Web,N/A,$0.00  ~ $0.00 ,N/A,N/A,N/A,N/A,N/A
Education (Legacy),Real Estate,Instream,Canada,Desktop,N/A,$0.00  ~ $0.00 ,N/A,N/A,N/A,N/A,N/A
Education (Legacy),Real Estate,Outstream,United States,Desktop,N/A,$0.00  ~ $0.00 ,N/A,N/A,N/A,N/A,N/A
Education (Legacy),Real Estate,Outstream,United States,Mobile Web,N/A,$0.00  ~ $0.00 ,N/A,N/A,N/A,N/A,N/A
Education (Legacy),Real Estate,Interstitial,United States,Desktop,N/A,$0.00  ~ $0.00 ,N/A,N/A,N/A,N/A,N/A
Education (Legacy),Incest/Abuse Support,Outstream,United States,Desktop,N/A,$0.00  ~ $0.00 ,N/A,N/A,N/A,N/A,N/A
Education (Legacy),Internet Technology,Instream,Canada,Desktop,N/A,$0.00  ~ $0.00 ,N/A,N/A,N/A,N/A,N/A
Education (Legacy),Food & Drink,Instream,United States,Desktop,N/A,$0.00  ~ $0.00 ,N/A,N/A,N/A,N/A,N/A
Education (Legacy),Food & Drink,Instream,United States,Mobile Web,N/A,$0.00  ~ $0.00 ,N/A,N/A,N/A,N/A,N/A
Education (Legacy),Food & Drink,Outstream,United States,Desktop,N/A,$0.00  ~ $0.00 ,N/A,N/A,N/A,N/A,N/A
Education (Legacy),Food & Drink,Outstream,United States,Mobile Web,N/A,$0.00  ~ $0.00 ,N/A,N/A,N/A,N/A,N/A
Education (Legacy),Food & Drink,Outstream,United States,Tablet,N/A,$0.00  ~ $0.00 ,N/A,N/A,N/A,N/A,N/A
Education (Legacy),Food & Drink,Interstitial,United States,Desktop,N/A,$0.00  ~ $0.00 ,N/A,N/A,N/A,N/A,N/A
Education (Legacy),Food & Drink,Interstitial,United States,Mobile Web,N/A,$0.00  ~ $0.00 ,N/A,N/A,N/A,N/A,N/A
Education (Legacy),Psychology/Psychiatry,Outstream,United States,Desktop,N/A,$0.00  ~ $0.00 ,N/A,N/A,N/A,N/A,N/A
Education (Legacy),Psychology/Psychiatry,Outstream,United States,Mobile Web,N/A,$0.00  ~ $0.00 ,N/A,N/A,N/A,N/A,N/A
Education (Legacy),Pediatrics,Instream,United States,Mobile Web,N/A,$0.00  ~ $0.00 ,N/A,N/A,N/A,N/A,N/A
Education (Legacy),Pediatrics,Instream,United States,Desktop,N/A,$0.00  ~ $0.00 ,N/A,N/A,N/A,N/A,N/A
Education (Legacy),Pediatrics,Interstitial,United States,Desktop,N/A,$0.00  ~ $0.00 ,N/A,N/A,N/A,N/A,N/A
Education (Legacy),Hobbies & Interests,Outstream,United Kingdom,Desktop,N/A,$0.00  ~ $0.00 ,N/A,N/A,N/A,N/A,N/A
Education (Legacy),Hobbies & Interests,Outstream,United Kingdom,Mobile Web,N/A,$0.00  ~ $0.00 ,N/A,N/A,N/A,N/A,N/A
Education (Legacy),Hobbies & Interests,Interstitial,United States,Desktop,N/A,$0.00  ~ $0.00 ,N/A,N/A,N/A,N/A,N/A
Education (Legacy),Hobbies & Interests,Interstitial,United States,Mobile Web,N/A,$0.00  ~ $0.00 ,N/A,N/A,N/A,N/A,N/A
Education (Legacy),Hobbies & Interests,Interstitial,United Kingdom,Desktop,N/A,$0.00  ~ $0.00 ,N/A,N/A,N/A,N/A,N/A
Education (Legacy),Hobbies & Interests,Interstitial,United Kingdom,Mobile Web,N/A,$0.00  ~ $0.00 ,N/A,N/A,N/A,N/A,N/A
Education (Legacy),Cold & Flu,Instream,United States,Desktop,N/A,$0.00  ~ $0.00 ,N/A,N/A,N/A,N/A,N/A
Education (Legacy),Cold & Flu,Instream,United States,Mobile Web,N/A,$0.00  ~ $0.00 ,N/A,N/A,N/A,N/A,N/A
Education (Legacy),Cold & Flu,Outstream,United States,Desktop,N/A,$0.00  ~ $0.00 ,N/A,N/A,N/A,N/A,N/A
Education (Legacy),Cold & Flu,Outstream,United States,Mobile Web,N/A,$0.00  ~ $0.00 ,N/A,N/A,N/A,N/A,N/A
Education (Legacy),Cold & Flu,Interstitial,United States,Desktop,N/A,$0.00  ~ $0.00 ,N/A,N/A,N/A,N/A,N/A
Education (Legacy),Honeymoons/Getaways,Outstream,United States,Mobile Web,N/A,$0.00  ~ $0.00 ,N/A,N/A,N/A,N/A,N/A
Education (Legacy),Investors & Patents,Outstream,United States,Desktop,N/A,$0.00  ~ $0.00 ,N/A,N/A,N/A,N/A,N/A
Education (Legacy),Health & Fitness,Instream,United Kingdom,Desktop,N/A,$0.00  ~ $0.00 ,N/A,N/A,N/A,N/A,N/A
Education (Legacy),Health & Fitness,Instream,Canada,Desktop,N/A,$0.00  ~ $0.00 ,N/A,N/A,N/A,N/A,N/A
Education (Legacy),Health & Fitness,Instream,United States,Tablet,N/A,$0.00  ~ $0.00 ,N/A,N/A,N/A,N/A,N/A
Education (Legacy),Health & Fitness,Outstream,United States,Mobile Web,N/A,$0.00  ~ $0.00 ,N/A,N/A,N/A,N/A,N/A
Education (Legacy),Health & Fitness,Outstream,United Kingdom,Desktop,N/A,$0.00  ~ $0.00 ,N/A,N/A,N/A,N/A,N/A
Education (Legacy),Health & Fitness,Interstitial,United States,Desktop,N/A,$0.00  ~ $0.00 ,N/A,N/A,N/A,N/A,N/A
Education (Legacy),Health & Fitness,Interstitial,United States,Mobile Web,N/A,$0.00  ~ $0.00 ,N/A,N/A,N/A,N/A,N/A
Education (Legacy),Health & Fitness,Interstitial,United States,Tablet,N/A,$0.00  ~ $0.00 ,N/A,N/A,N/A,N/A,N/A
Education (Legacy),Health & Fitness,Interstitial,United Kingdom,Desktop,N/A,$0.00  ~ $0.00 ,N/A,N/A,N/A,N/A,N/A
Education (Legacy),Health & Fitness,Native,United States,Desktop,N/A,$0.00  ~ $0.00 ,N/A,N/A,N/A,N/A,N/A
Education (Legacy),Health & Fitness,Native,United States,Mobile Web,N/A,$0.00  ~ $0.00 ,N/A,N/A,N/A,N/A,N/A
Education (Legacy),News,Instream,Canada,Desktop,N/A,$0.00  ~ $0.00 ,N/A,N/A,N/A,N/A,N/A
Education (Legacy),News,Instream,Canada,Mobile Web,N/A,$0.00  ~ $0.00 ,N/A,N/A,N/A,N/A,N/A
Education (Legacy),News,Interstitial,United States,Desktop,N/A,$0.00  ~ $0.00 ,N/A,N/A,N/A,N/A,N/A
Education (Legacy),News,Interstitial,United States,Mobile Web,N/A,$0.00  ~ $0.00 ,N/A,N/A,N/A,N/A,N/A
Education (Legacy),News,Interstitial,Canada,Desktop,N/A,$0.00  ~ $0.00 ,N/A,N/A,N/A,N/A,N/A
Education (Legacy),News,Interstitial,Canada,Mobile Web,N/A,$0.00  ~ $0.00 ,N/A,N/A,N/A,N/A,N/A
Education (Legacy),News,Outstream,United States,Tablet,N/A,$0.00  ~ $0.00 ,N/A,N/A,N/A,N/A,N/A
Education (Legacy),News,Outstream,United States,Desktop,N/A,$0.00  ~ $0.00 ,N/A,N/A,N/A,N/A,N/A
Education (Legacy),News,Outstream,United States,Mobile Web,N/A,$0.00  ~ $0.00 ,N/A,N/A,N/A,N/A,N/A
Education (Legacy),News,Outstream,Canada,Desktop,N/A,$0.00  ~ $0.00 ,N/A,N/A,N/A,N/A,N/A
Education (Legacy),By US Locale,Instream,United States,Desktop,N/A,$0.00  ~ $0.00 ,N/A,N/A,N/A,N/A,N/A
Education (Legacy),Contests & Freebies,Instream,United States,Desktop,N/A,$0.00  ~ $0.00 ,N/A,N/A,N/A,N/A,N/A
Education (Legacy),Business Software,Instream,United Kingdom,Desktop,N/A,$0.00  ~ $0.00 ,N/A,N/A,N/A,N/A,N/A
Education (Legacy),Business Software,Instream,United States,Desktop,N/A,$0.00  ~ $0.00 ,N/A,N/A,N/A,N/A,N/A
Education (Legacy),Business Software,Outstream,United States,Mobile Web,N/A,$0.00  ~ $0.00 ,N/A,N/A,N/A,N/A,N/A
Education (Legacy),Business Software,Outstream,United States,Desktop,N/A,$0.00  ~ $0.00 ,N/A,N/A,N/A,N/A,N/A
Education (Legacy),Business Software,Interstitial,United States,Desktop,N/A,$0.00  ~ $0.00 ,N/A,N/A,N/A,N/A,N/A
Education (Legacy),Business Software,Interstitial,United Kingdom,Desktop,N/A,$0.00  ~ $0.00 ,N/A,N/A,N/A,N/A,N/A
Education (Legacy),Green Solutions,Instream,United States,Desktop,N/A,$0.00  ~ $0.00 ,N/A,N/A,N/A,N/A,N/A
Education (Legacy),Technology & Computing,Outstream,United States,Desktop,N/A,$0.00  ~ $0.00 ,N/A,N/A,N/A,N/A,N/A
Education (Legacy),Hotels,Instream,United States,Desktop,N/A,$0.00  ~ $0.00 ,N/A,N/A,N/A,N/A,N/A
Education (Legacy),Hotels,Interstitial,United States,Desktop,N/A,$0.00  ~ $0.00 ,N/A,N/A,N/A,N/A,N/A
Education (Legacy),Hotels,Outstream,United States,Desktop,N/A,$0.00  ~ $0.00 ,N/A,N/A,N/A,N/A,N/A
Education (Legacy),Hotels,Outstream,United States,Mobile Web,N/A,$0.00  ~ $0.00 ,N/A,N/A,N/A,N/A,N/A
Education (Legacy),Buying/Selling Cars,Outstream,United States,Mobile Web,N/A,$0.00  ~ $0.00 ,N/A,N/A,N/A,N/A,N/A
Education (Legacy),Buying/Selling Cars,Outstream,United States,Desktop,N/A,$0.00  ~ $0.00 ,N/A,N/A,N/A,N/A,N/A
Education (Legacy),Buying/Selling Cars,Interstitial,United States,Desktop,N/A,$0.00  ~ $0.00 ,N/A,N/A,N/A,N/A,N/A
Education (Legacy),Agriculture,Outstream,United States,Mobile Web,N/A,$0.00  ~ $0.00 ,N/A,N/A,N/A,N/A,N/A
Education (Legacy),Agriculture,Outstream,United States,Desktop,N/A,$0.00  ~ $0.00 ,N/A,N/A,N/A,N/A,N/A
Education (Legacy),Agriculture,Instream,United States,Desktop,N/A,$0.00  ~ $0.00 ,N/A,N/A,N/A,N/A,N/A
Education (Legacy),Agriculture,Instream,United States,Mobile Web,N/A,$0.00  ~ $0.00 ,N/A,N/A,N/A,N/A,N/A
Education (Legacy),Agriculture,Interstitial,United States,Desktop,N/A,$0.00  ~ $0.00 ,N/A,N/A,N/A,N/A,N/A
Education (Legacy),Human Resources,Outstream,United States,Desktop,N/A,$0.00  ~ $0.00 ,N/A,N/A,N/A,N/A,N/A
Education (Legacy),Infertility,Instream,United States,Desktop,N/A,$0.00  ~ $0.00 ,N/A,N/A,N/A,N/A,N/A
Education (Legacy),Infertility,Outstream,United States,Desktop,N/A,$0.00  ~ $0.00 ,N/A,N/A,N/A,N/A,N/A
Education (Legacy),Auto Repair,Outstream,United States,Desktop,N/A,$0.00  ~ $0.00 ,N/A,N/A,N/A,N/A,N/A
Education (Legacy),Business,Native,Mexico,Desktop,N/A,$0.00  ~ $0.00 ,N/A,N/A,N/A,N/A,N/A
Education (Legacy),Business,Native,United States,Desktop,N/A,$0.00  ~ $0.00 ,N/A,N/A,N/A,N/A,N/A
Education (Legacy),Business,Instream,United Kingdom,Desktop,N/A,$0.00  ~ $0.00 ,N/A,N/A,N/A,N/A,N/A
Education (Legacy),Business,Instream,United Kingdom,Mobile Web,N/A,$0.00  ~ $0.00 ,N/A,N/A,N/A,N/A,N/A
Education (Legacy),Business,Instream,Canada,Desktop,N/A,$0.00  ~ $0.00 ,N/A,N/A,N/A,N/A,N/A
Education (Legacy),Business,Outstream,United States,Mobile Web,N/A,$0.00  ~ $0.00 ,N/A,N/A,N/A,N/A,N/A
Education (Legacy),Business,Outstream,United States,Tablet,N/A,$0.00  ~ $0.00 ,N/A,N/A,N/A,N/A,N/A
Education (Legacy),Business,Outstream,United Kingdom,Desktop,N/A,$0.00  ~ $0.00 ,N/A,N/A,N/A,N/A,N/A
Education (Legacy),Business,Interstitial,Canada,Desktop,N/A,$0.00  ~ $0.00 ,N/A,N/A,N/A,N/A,N/A
Education (Legacy),Business,Interstitial,United States,Desktop,N/A,$0.00  ~ $0.00 ,N/A,N/A,N/A,N/A,N/A
Education (Legacy),Business,Interstitial,United States,Mobile Web,N/A,$0.00  ~ $0.00 ,N/A,N/A,N/A,N/A,N/A
Education (Legacy),Business,Interstitial,United Kingdom,Desktop,N/A,$0.00  ~ $0.00 ,N/A,N/A,N/A,N/A,N/A
Education (Legacy),Business,Interstitial,United Kingdom,Mobile Web,N/A,$0.00  ~ $0.00 ,N/A,N/A,N/A,N/A,N/A
Education (Legacy),Commentary,Outstream,United States,Desktop,N/A,$0.00  ~ $0.00 ,N/A,N/A,N/A,N/A,N/A
Education (Legacy),Commentary,Instream,United States,Desktop,N/A,$0.00  ~ $0.00 ,N/A,N/A,N/A,N/A,N/A
Family & Parenting (Legacy),Food & Drink,Instream,United States,Desktop,N/A,$47.80  ~ $47.80 ,N/A,N/A,N/A,100.00%,N/A
Family & Parenting (Legacy),Interior Decorating,Instream,United States,Mobile Web,N/A,$36.87  ~ $36.87 ,N/A,N/A,N/A,50.00%,N/A
Family & Parenting (Legacy),Home Repair,Outstream,United States,Desktop,N/A,$47.06  ~ $47.06 ,N/A,N/A,N/A,100.00%,N/A
Family & Parenting (Legacy),Insurance,Instream,United States,Desktop,N/A,$41.04  ~ $41.04 ,N/A,N/A,N/A,98.08%,N/A
Family & Parenting (Legacy),Shopping,Instream,United States,Mobile Web,N/A,$48.82  ~ $48.82 ,N/A,N/A,N/A,33.33%,N/A
Family & Parenting (Legacy),Shopping,Instream,United States,Desktop,N/A,$40.08  ~ $40.08 ,N/A,N/A,N/A,100.00%,N/A
Family & Parenting (Legacy),Shopping,Outstream,United States,Mobile Web,N/A,$48.06  ~ $48.06 ,N/A,N/A,N/A,42.86%,N/A
Family & Parenting (Legacy),Politics,Outstream,United States,Desktop,N/A,$60.86  ~ $60.86 ,N/A,N/A,N/A,80.00%,N/A
Family & Parenting (Legacy),Politics,Instream,United States,Desktop,N/A,$45.36  ~ $45.36 ,N/A,N/A,N/A,94.44%,N/A
Family & Parenting (Legacy),Politics,Instream,United States,Mobile Web,N/A,$45.44  ~ $45.44 ,N/A,N/A,N/A,N/A,N/A
Family & Parenting (Legacy),Hobbies & Interests,Instream,United States,Desktop,N/A,$61.31  ~ $61.31 ,N/A,N/A,N/A,96.18%,N/A
Family & Parenting (Legacy),Hobbies & Interests,Outstream,United States,Desktop,N/A,$50.74  ~ $50.74 ,N/A,N/A,N/A,75.00%,N/A
Family & Parenting (Legacy),Hobbies & Interests,Outstream,United States,Mobile Web,N/A,$48.45  ~ $48.45 ,N/A,N/A,N/A,100.00%,N/A
Family & Parenting (Legacy),Travel,Instream,United States,Desktop,N/A,$31.42  ~ $31.42 ,N/A,N/A,N/A,73.28%,N/A
Family & Parenting (Legacy),Personal Finance,Instream,United States,Desktop,N/A,$49.38  ~ $65.76 ,$4.16 ,N/A,1.58%,71.74%,N/A
Family & Parenting (Legacy),Personal Finance,Instream,United States,Mobile Web,N/A,$46.24  ~ $50.85 ,N/A,N/A,N/A,73.68%,N/A
Family & Parenting (Legacy),Personal Finance,Outstream,United States,Mobile Web,N/A,$48.86  ~ $48.86 ,N/A,N/A,N/A,100.00%,N/A
Family & Parenting (Legacy),Personal Finance,Outstream,United States,Desktop,N/A,$50.84  ~ $50.84 ,N/A,N/A,N/A,50.00%,N/A
Family & Parenting (Legacy),Personal Finance,Outstream,United States,Tablet,N/A,$51.90  ~ $51.90 ,N/A,N/A,N/A,100.00%,N/A
Family & Parenting (Legacy),Arts & Entertainment,Instream,United States,Desktop,N/A,$24.28  ~ $32.07 ,$2.62 ,N/A,0.93%,75.70%,N/A
Family & Parenting (Legacy),Arts & Entertainment,Instream,United States,Mobile Web,N/A,$16.22  ~ $36.87 ,N/A,N/A,N/A,81.82%,N/A
Family & Parenting (Legacy),Arts & Entertainment,Outstream,United States,Mobile Web,N/A,$17.15  ~ $35.90 ,N/A,N/A,N/A,71.43%,N/A
Family & Parenting (Legacy),Legal Issues,Outstream,United States,Mobile Web,N/A,$35.55  ~ $84.76 ,N/A,N/A,N/A,N/A,N/A
Family & Parenting (Legacy),Buying/Selling Cars,Instream,United States,Tablet,N/A,$44.90  ~ $44.90 ,N/A,N/A,N/A,92.31%,N/A
Family & Parenting (Legacy),Buying/Selling Cars,Outstream,United States,Mobile Web,N/A,$36.89  ~ $36.89 ,N/A,N/A,N/A,66.67%,N/A
Family & Parenting (Legacy),Home & Garden,Instream,United States,Mobile Web,N/A,$21.10  ~ $22.28 ,N/A,N/A,N/A,59.62%,N/A
Family & Parenting (Legacy),Home & Garden,Instream,United States,Desktop,N/A,$29.43  ~ $30.07 ,$4.97 ,N/A,0.59%,82.32%,N/A
Family & Parenting (Legacy),Home & Garden,Outstream,United States,Desktop,N/A,$34.86  ~ $50.36 ,N/A,N/A,N/A,66.67%,N/A
Family & Parenting (Legacy),Home & Garden,Outstream,United States,Mobile Web,N/A,$17.80  ~ $17.80 ,N/A,N/A,N/A,66.67%,N/A
Family & Parenting (Legacy),Business,Instream,United States,Desktop,N/A,$39.20  ~ $42.19 ,N/A,N/A,N/A,74.95%,N/A
Family & Parenting (Legacy),Business,Instream,United States,Mobile Web,N/A,$36.31  ~ $36.46 ,N/A,N/A,N/A,78.57%,N/A
Family & Parenting (Legacy),Business,Outstream,United States,Desktop,N/A,$57.05  ~ $131.46 ,N/A,N/A,N/A,70.00%,N/A
Family & Parenting (Legacy),News,Instream,United States,Desktop,N/A,$28.92  ~ $28.92 ,$9.07 ,N/A,0.32%,79.92%,N/A
Family & Parenting (Legacy),News,Instream,United States,Mobile Web,N/A,$29.90  ~ $29.90 ,$1.41 ,N/A,2.13%,86.74%,N/A
Family & Parenting (Legacy),Health & Fitness,Interstitial,United States,Tablet,N/A,$49.63  ~ $49.63 ,N/A,N/A,N/A,100.00%,N/A
Family & Parenting (Legacy),Health & Fitness,Instream,United States,Desktop,N/A,$29.37  ~ $35.94 ,N/A,N/A,N/A,85.26%,N/A
Family & Parenting (Legacy),Health & Fitness,Instream,United States,Mobile Web,N/A,$33.54  ~ $38.44 ,$3.52 ,N/A,0.95%,52.58%,N/A
Family & Parenting (Legacy),Health & Fitness,Outstream,United States,Desktop,N/A,$33.41  ~ $33.41 ,N/A,N/A,N/A,50.00%,N/A
Family & Parenting (Legacy),Health & Fitness,Outstream,United States,Tablet,N/A,$64.59  ~ $64.59 ,N/A,N/A,N/A,44.44%,N/A
Family & Parenting (Legacy),"Law, Gov't & Politics",Interstitial,United States,Tablet,N/A,$41.82  ~ $41.82 ,N/A,N/A,N/A,100.00%,N/A
Family & Parenting (Legacy),"Law, Gov't & Politics",Outstream,United States,Tablet,N/A,$63.64  ~ $63.64 ,N/A,N/A,N/A,100.00%,N/A
Family & Parenting (Legacy),"Law, Gov't & Politics",Outstream,United States,Desktop,N/A,$50.29  ~ $50.29 ,$2.26 ,N/A,2.22%,70.00%,N/A
Family & Parenting (Legacy),"Law, Gov't & Politics",Instream,United States,Desktop,N/A,$35.99  ~ $39.16 ,N/A,N/A,N/A,98.09%,N/A
Family & Parenting (Legacy),"Law, Gov't & Politics",Instream,United States,Mobile Web,N/A,$36.62  ~ $37.47 ,N/A,N/A,N/A,94.59%,N/A
Family & Parenting (Legacy),Education,Instream,United States,Desktop,N/A,$23.34  ~ $30.39 ,N/A,N/A,N/A,100.00%,N/A
Family & Parenting (Legacy),Education,Outstream,United States,Mobile Web,N/A,$34.04  ~ $82.45 ,N/A,N/A,N/A,33.33%,N/A
Family & Parenting (Legacy),Remodeling & Construction,Instream,United States,Desktop,N/A,$38.05  ~ $38.05 ,N/A,N/A,N/A,86.67%,N/A
Family & Parenting (Legacy),Remodeling & Construction,Outstream,United States,Desktop,N/A,$41.94  ~ $41.94 ,N/A,N/A,N/A,100.00%,N/A
Family & Parenting (Legacy),Automotive,Instream,United States,Desktop,N/A,$39.04  ~ $39.48 ,$1.05 ,N/A,3.70%,80.77%,N/A
Family & Parenting (Legacy),Automotive,Instream,United States,Mobile Web,N/A,$38.65  ~ $38.65 ,N/A,N/A,N/A,62.50%,N/A
Family & Parenting (Legacy),Automotive,Outstream,United States,Mobile Web,N/A,$36.22  ~ $36.22 ,N/A,N/A,N/A,66.67%,N/A
Family & Parenting (Legacy),Graduate School,Instream,United States,Desktop,N/A,$35.85  ~ $35.85 ,N/A,N/A,N/A,100.00%,N/A
Family & Parenting (Legacy),Business Software,Outstream,United States,Desktop,N/A,$0.00  ~ $0.00 ,N/A,N/A,N/A,N/A,N/A
Family & Parenting (Legacy),Business Software,Outstream,United States,Mobile Web,N/A,$0.00  ~ $0.00 ,N/A,N/A,N/A,N/A,N/A
Family & Parenting (Legacy),Business Software,Instream,United States,Desktop,N/A,$0.00  ~ $0.00 ,N/A,N/A,N/A,N/A,N/A
Family & Parenting (Legacy),Business Software,Interstitial,United Kingdom,Desktop,N/A,$0.00  ~ $0.00 ,N/A,N/A,N/A,N/A,N/A
Family & Parenting (Legacy),Cell Phones,Instream,Mexico,Desktop,N/A,$0.00  ~ $0.00 ,N/A,N/A,N/A,N/A,N/A
Family & Parenting (Legacy),Graduate School,Outstream,United States,Desktop,N/A,$0.00  ~ $0.00 ,N/A,N/A,N/A,N/A,N/A
Family & Parenting (Legacy),Graduate School,Outstream,United States,Mobile Web,N/A,$0.00  ~ $0.00 ,N/A,N/A,N/A,N/A,N/A
Family & Parenting (Legacy),Legal Issues,Outstream,United States,Desktop,N/A,$0.00  ~ $0.00 ,N/A,N/A,N/A,N/A,N/A
Family & Parenting (Legacy),Legal Issues,Interstitial,United States,Desktop,N/A,$0.00  ~ $0.00 ,N/A,N/A,N/A,N/A,N/A
Family & Parenting (Legacy),Legal Issues,Interstitial,Canada,Desktop,N/A,$0.00  ~ $0.00 ,N/A,N/A,N/A,N/A,N/A
Family & Parenting (Legacy),Legal Issues,Instream,United States,Desktop,N/A,$0.00  ~ $0.00 ,N/A,N/A,N/A,N/A,N/A
Family & Parenting (Legacy),Hobbies & Interests,Interstitial,United States,Desktop,N/A,$0.00  ~ $0.00 ,N/A,N/A,N/A,N/A,N/A
Family & Parenting (Legacy),Business,Outstream,United States,Mobile Web,N/A,$0.00  ~ $0.00 ,N/A,N/A,N/A,N/A,N/A
Family & Parenting (Legacy),Business,Outstream,United States,Tablet,N/A,$0.00  ~ $0.00 ,N/A,N/A,N/A,N/A,N/A
Family & Parenting (Legacy),Business,Outstream,United Kingdom,Mobile Web,N/A,$0.00  ~ $0.00 ,N/A,N/A,N/A,N/A,N/A
Family & Parenting (Legacy),Business,Outstream,United Kingdom,Desktop,N/A,$0.00  ~ $0.00 ,N/A,N/A,N/A,N/A,N/A
Family & Parenting (Legacy),Business,Outstream,Canada,Mobile Web,N/A,$0.00  ~ $0.00 ,N/A,N/A,N/A,N/A,N/A
Family & Parenting (Legacy),Business,Instream,Mexico,Desktop,N/A,$0.00  ~ $0.00 ,N/A,N/A,N/A,N/A,N/A
Family & Parenting (Legacy),Business,Instream,Canada,Desktop,N/A,$0.00  ~ $0.00 ,N/A,N/A,N/A,N/A,N/A
Family & Parenting (Legacy),Business,Interstitial,United States,Desktop,N/A,$0.00  ~ $0.00 ,N/A,N/A,N/A,N/A,N/A
Family & Parenting (Legacy),Business,Interstitial,United States,Mobile Web,N/A,$0.00  ~ $0.00 ,N/A,N/A,N/A,N/A,N/A
Family & Parenting (Legacy),Business,Interstitial,United States,Tablet,N/A,$0.00  ~ $0.00 ,N/A,N/A,N/A,N/A,N/A
Family & Parenting (Legacy),Business,Interstitial,Canada,Desktop,N/A,$0.00  ~ $0.00 ,N/A,N/A,N/A,N/A,N/A
Family & Parenting (Legacy),Business,Interstitial,United Kingdom,Mobile Web,N/A,$0.00  ~ $0.00 ,N/A,N/A,N/A,N/A,N/A
Family & Parenting (Legacy),Business,Native,United States,Desktop,N/A,$0.00  ~ $0.00 ,N/A,N/A,N/A,N/A,N/A
Family & Parenting (Legacy),Travel,Interstitial,United Kingdom,Mobile Web,N/A,$0.00  ~ $0.00 ,N/A,N/A,N/A,N/A,N/A
Family & Parenting (Legacy),Travel,Interstitial,United Kingdom,Desktop,N/A,$0.00  ~ $0.00 ,N/A,N/A,N/A,N/A,N/A
Family & Parenting (Legacy),Travel,Interstitial,United States,Desktop,N/A,$0.00  ~ $0.00 ,N/A,N/A,N/A,N/A,N/A
Family & Parenting (Legacy),Travel,Instream,United Kingdom,Desktop,N/A,$0.00  ~ $0.00 ,N/A,N/A,N/A,N/A,N/A
Family & Parenting (Legacy),Travel,Outstream,United Kingdom,Tablet,N/A,$0.00  ~ $0.00 ,N/A,N/A,N/A,N/A,N/A
Family & Parenting (Legacy),Travel,Outstream,United Kingdom,Mobile Web,N/A,$0.00  ~ $0.00 ,N/A,N/A,N/A,N/A,N/A
Family & Parenting (Legacy),Travel,Outstream,United States,Desktop,N/A,$0.00  ~ $0.00 ,N/A,N/A,N/A,N/A,N/A
Family & Parenting (Legacy),Travel,Outstream,United States,Mobile Web,N/A,$0.00  ~ $0.00 ,N/A,N/A,N/A,N/A,N/A
Family & Parenting (Legacy),Travel,Outstream,United States,Tablet,N/A,$0.00  ~ $0.00 ,N/A,N/A,N/A,N/A,N/A
Family & Parenting (Legacy),Investing,Outstream,United States,Mobile Web,N/A,$0.00  ~ $0.00 ,N/A,N/A,N/A,N/A,N/A
Family & Parenting (Legacy),Investing,Outstream,United States,Desktop,N/A,$0.00  ~ $0.00 ,N/A,N/A,N/A,N/A,N/A
Family & Parenting (Legacy),Investing,Rewarded,United States,Desktop,N/A,$0.00  ~ $0.00 ,N/A,N/A,N/A,N/A,N/A
Family & Parenting (Legacy),Family & Parenting,Outstream,United States,Desktop,N/A,$0.00  ~ $0.00 ,N/A,N/A,N/A,N/A,N/A
Family & Parenting (Legacy),Family & Parenting,Outstream,United States,Mobile Web,N/A,$0.00  ~ $0.00 ,N/A,N/A,N/A,N/A,N/A
Family & Parenting (Legacy),Family & Parenting,Outstream,United States,Tablet,N/A,$0.00  ~ $0.00 ,N/A,N/A,N/A,N/A,N/A
Family & Parenting (Legacy),Family & Parenting,Instream,United States,Desktop,N/A,$0.00  ~ $0.00 ,N/A,N/A,N/A,N/A,N/A
Family & Parenting (Legacy),Family & Parenting,Interstitial,United States,Desktop,N/A,$0.00  ~ $0.00 ,N/A,N/A,N/A,N/A,N/A
Family & Parenting (Legacy),Family & Parenting,Interstitial,United States,Tablet,N/A,$0.00  ~ $0.00 ,N/A,N/A,N/A,N/A,N/A
Family & Parenting (Legacy),Careers,Outstream,United States,Mobile Web,N/A,$0.00  ~ $0.00 ,N/A,N/A,N/A,N/A,N/A
Family & Parenting (Legacy),Advertising,Outstream,United States,Desktop,N/A,$0.00  ~ $0.00 ,N/A,N/A,N/A,N/A,N/A
Family & Parenting (Legacy),Advertising,Outstream,United States,Mobile Web,N/A,$0.00  ~ $0.00 ,N/A,N/A,N/A,N/A,N/A
Family & Parenting (Legacy),Advertising,Instream,United States,Desktop,N/A,$0.00  ~ $0.00 ,N/A,N/A,N/A,N/A,N/A
Family & Parenting (Legacy),Advertising,Interstitial,United States,Mobile Web,N/A,$0.00  ~ $0.00 ,N/A,N/A,N/A,N/A,N/A
Family & Parenting (Legacy),Advertising,Interstitial,United States,Desktop,N/A,$0.00  ~ $0.00 ,N/A,N/A,N/A,N/A,N/A
Family & Parenting (Legacy),Health/Lowfat Cooking,Instream,United States,Desktop,N/A,$0.00  ~ $0.00 ,N/A,N/A,N/A,N/A,N/A
Family & Parenting (Legacy),Remodeling & Construction,Outstream,United States,Mobile Web,N/A,$0.00  ~ $0.00 ,N/A,N/A,N/A,N/A,N/A
Family & Parenting (Legacy),Personal Finance,Outstream,United Kingdom,Mobile Web,N/A,$0.00  ~ $0.00 ,N/A,N/A,N/A,N/A,N/A
Family & Parenting (Legacy),Personal Finance,Outstream,Canada,Mobile Web,N/A,$0.00  ~ $0.00 ,N/A,N/A,N/A,N/A,N/A
Family & Parenting (Legacy),Personal Finance,Instream,United Kingdom,Desktop,N/A,$0.00  ~ $0.00 ,N/A,N/A,N/A,N/A,N/A
Family & Parenting (Legacy),Personal Finance,Interstitial,United Kingdom,Desktop,N/A,$0.00  ~ $0.00 ,N/A,N/A,N/A,N/A,N/A
Family & Parenting (Legacy),Personal Finance,Interstitial,United States,Desktop,N/A,$0.00  ~ $0.00 ,N/A,N/A,N/A,N/A,N/A
Family & Parenting (Legacy),News,Outstream,Canada,Mobile Web,N/A,$0.00  ~ $0.00 ,N/A,N/A,N/A,N/A,N/A
Family & Parenting (Legacy),News,Outstream,United States,Tablet,N/A,$0.00  ~ $0.00 ,N/A,N/A,N/A,N/A,N/A
Family & Parenting (Legacy),News,Outstream,United States,Desktop,N/A,$0.00  ~ $0.00 ,N/A,N/A,N/A,N/A,N/A
Family & Parenting (Legacy),News,Outstream,United States,Mobile Web,N/A,$0.00  ~ $0.00 ,N/A,N/A,N/A,N/A,N/A
Family & Parenting (Legacy),News,Instream,Canada,Desktop,N/A,$0.00  ~ $0.00 ,N/A,N/A,N/A,N/A,N/A
Family & Parenting (Legacy),News,Interstitial,United States,Desktop,N/A,$0.00  ~ $0.00 ,N/A,N/A,N/A,N/A,N/A
Family & Parenting (Legacy),News,Interstitial,United States,Mobile Web,N/A,$0.00  ~ $0.00 ,N/A,N/A,N/A,N/A,N/A
Family & Parenting (Legacy),News,Interstitial,Canada,Desktop,N/A,$0.00  ~ $0.00 ,N/A,N/A,N/A,N/A,N/A
Family & Parenting (Legacy),Food & Drink,Outstream,United States,Mobile Web,N/A,$0.00  ~ $0.00 ,N/A,N/A,N/A,N/A,N/A
Family & Parenting (Legacy),Food & Drink,Outstream,United States,Tablet,N/A,$0.00  ~ $0.00 ,N/A,N/A,N/A,N/A,N/A
Family & Parenting (Legacy),Food & Drink,Outstream,United States,Desktop,N/A,$0.00  ~ $0.00 ,N/A,N/A,N/A,N/A,N/A
Family & Parenting (Legacy),Food & Drink,Outstream,United Kingdom,Desktop,N/A,$0.00  ~ $0.00 ,N/A,N/A,N/A,N/A,N/A
Family & Parenting (Legacy),Food & Drink,Instream,United States,Mobile Web,N/A,$0.00  ~ $0.00 ,N/A,N/A,N/A,N/A,N/A
Family & Parenting (Legacy),Food & Drink,Interstitial,United States,Desktop,N/A,$0.00  ~ $0.00 ,N/A,N/A,N/A,N/A,N/A
Family & Parenting (Legacy),Job Search,Outstream,United Kingdom,Mobile Web,N/A,$0.00  ~ $0.00 ,N/A,N/A,N/A,N/A,N/A
Family & Parenting (Legacy),Job Search,Outstream,United States,Desktop,N/A,$0.00  ~ $0.00 ,N/A,N/A,N/A,N/A,N/A
Family & Parenting (Legacy),Job Search,Outstream,United States,Mobile Web,N/A,$0.00  ~ $0.00 ,N/A,N/A,N/A,N/A,N/A
Family & Parenting (Legacy),Interior Decorating,Interstitial,United States,Desktop,N/A,$0.00  ~ $0.00 ,N/A,N/A,N/A,N/A,N/A
Family & Parenting (Legacy),Interior Decorating,Interstitial,United States,Tablet,N/A,$0.00  ~ $0.00 ,N/A,N/A,N/A,N/A,N/A
Family & Parenting (Legacy),Interior Decorating,Outstream,United States,Desktop,N/A,$0.00  ~ $0.00 ,N/A,N/A,N/A,N/A,N/A
Family & Parenting (Legacy),Interior Decorating,Outstream,United States,Mobile Web,N/A,$0.00  ~ $0.00 ,N/A,N/A,N/A,N/A,N/A
Family & Parenting (Legacy),Interior Decorating,Outstream,United States,Tablet,N/A,$0.00  ~ $0.00 ,N/A,N/A,N/A,N/A,N/A
Family & Parenting (Legacy),Senor Health,Outstream,United States,Desktop,N/A,$0.00  ~ $0.00 ,N/A,N/A,N/A,N/A,N/A
Family & Parenting (Legacy),Auto Repair,Outstream,United States,Mobile Web,N/A,$0.00  ~ $0.00 ,N/A,N/A,N/A,N/A,N/A
Family & Parenting (Legacy),"Law, Gov't & Politics",Outstream,United States,Mobile Web,N/A,$0.00  ~ $0.00 ,N/A,N/A,N/A,N/A,N/A
Family & Parenting (Legacy),"Law, Gov't & Politics",Outstream,Mexico,Desktop,N/A,$0.00  ~ $0.00 ,N/A,N/A,N/A,N/A,N/A
Family & Parenting (Legacy),"Law, Gov't & Politics",Outstream,Mexico,Mobile Web,N/A,$0.00  ~ $0.00 ,N/A,N/A,N/A,N/A,N/A
Family & Parenting (Legacy),"Law, Gov't & Politics",Instream,Mexico,Desktop,N/A,$0.00  ~ $0.00 ,N/A,N/A,N/A,N/A,N/A
Family & Parenting (Legacy),"Law, Gov't & Politics",Instream,Canada,Desktop,N/A,$0.00  ~ $0.00 ,N/A,N/A,N/A,N/A,N/A
Family & Parenting (Legacy),"Law, Gov't & Politics",Interstitial,United States,Desktop,N/A,$0.00  ~ $0.00 ,N/A,N/A,N/A,N/A,N/A
Family & Parenting (Legacy),"Law, Gov't & Politics",Interstitial,United States,Mobile Web,N/A,$0.00  ~ $0.00 ,N/A,N/A,N/A,N/A,N/A
Family & Parenting (Legacy),"Law, Gov't & Politics",Interstitial,Mexico,Mobile Web,N/A,$0.00  ~ $0.00 ,N/A,N/A,N/A,N/A,N/A
Family & Parenting (Legacy),"Law, Gov't & Politics",Interstitial,Mexico,Desktop,N/A,$0.00  ~ $0.00 ,N/A,N/A,N/A,N/A,N/A
Family & Parenting (Legacy),By US Locale,Instream,United States,Desktop,N/A,$0.00  ~ $0.00 ,N/A,N/A,N/A,N/A,N/A
Family & Parenting (Legacy),By US Locale,Outstream,United States,Mobile Web,N/A,$0.00  ~ $0.00 ,N/A,N/A,N/A,N/A,N/A
Family & Parenting (Legacy),Allergies,Instream,Mexico,Desktop,N/A,$0.00  ~ $0.00 ,N/A,N/A,N/A,N/A,N/A
Family & Parenting (Legacy),Nutrition,Outstream,United States,Desktop,N/A,$0.00  ~ $0.00 ,N/A,N/A,N/A,N/A,N/A
Family & Parenting (Legacy),Computer Peripherals,Outstream,United Kingdom,Mobile Web,N/A,$0.00  ~ $0.00 ,N/A,N/A,N/A,N/A,N/A
Family & Parenting (Legacy),Computer Peripherals,Interstitial,Ireland,Tablet,N/A,$0.00  ~ $0.00 ,N/A,N/A,N/A,N/A,N/A
Family & Parenting (Legacy),Automotive,Outstream,United States,Desktop,N/A,$0.00  ~ $0.00 ,N/A,N/A,N/A,N/A,N/A
Family & Parenting (Legacy),Automotive,Outstream,United States,Tablet,N/A,$0.00  ~ $0.00 ,N/A,N/A,N/A,N/A,N/A
Family & Parenting (Legacy),Automotive,Instream,Mexico,Desktop,N/A,$0.00  ~ $0.00 ,N/A,N/A,N/A,N/A,N/A
Family & Parenting (Legacy),Credit/Debt & Loans,Outstream,United States,Desktop,N/A,$0.00  ~ $0.00 ,N/A,N/A,N/A,N/A,N/A
Family & Parenting (Legacy),Credit/Debt & Loans,Outstream,United States,Mobile Web,N/A,$0.00  ~ $0.00 ,N/A,N/A,N/A,N/A,N/A
Family & Parenting (Legacy),Infertility,Instream,United States,Desktop,N/A,$0.00  ~ $0.00 ,N/A,N/A,N/A,N/A,N/A
Family & Parenting (Legacy),Infertility,Outstream,United States,Desktop,N/A,$0.00  ~ $0.00 ,N/A,N/A,N/A,N/A,N/A
Family & Parenting (Legacy),Infertility,Outstream,United States,Mobile Web,N/A,$0.00  ~ $0.00 ,N/A,N/A,N/A,N/A,N/A
Family & Parenting (Legacy),Card Games,Outstream,United States,Desktop,N/A,$0.00  ~ $0.00 ,N/A,N/A,N/A,N/A,N/A
Family & Parenting (Legacy),Card Games,Outstream,United States,Mobile Web,N/A,$0.00  ~ $0.00 ,N/A,N/A,N/A,N/A,N/A
Family & Parenting (Legacy),Card Games,Instream,United States,Desktop,N/A,$0.00  ~ $0.00 ,N/A,N/A,N/A,N/A,N/A
Family & Parenting (Legacy),Education,Outstream,United States,Desktop,N/A,$0.00  ~ $0.00 ,N/A,N/A,N/A,N/A,N/A
Family & Parenting (Legacy),Education,Outstream,United States,Tablet,N/A,$0.00  ~ $0.00 ,N/A,N/A,N/A,N/A,N/A
Family & Parenting (Legacy),Education,Interstitial,United States,Desktop,N/A,$0.00  ~ $0.00 ,N/A,N/A,N/A,N/A,N/A
Family & Parenting (Legacy),Education,Interstitial,United States,Mobile Web,N/A,$0.00  ~ $0.00 ,N/A,N/A,N/A,N/A,N/A
Family & Parenting (Legacy),Education,Interstitial,United States,Tablet,N/A,$0.00  ~ $0.00 ,N/A,N/A,N/A,N/A,N/A
Family & Parenting (Legacy),Gardening,Outstream,United States,Mobile Web,N/A,$0.00  ~ $0.00 ,N/A,N/A,N/A,N/A,N/A
Family & Parenting (Legacy),Private School,Instream,United States,Desktop,N/A,$0.00  ~ $0.00 ,N/A,N/A,N/A,N/A,N/A
Family & Parenting (Legacy),Private School,Outstream,United States,Mobile Web,N/A,$0.00  ~ $0.00 ,N/A,N/A,N/A,N/A,N/A
Family & Parenting (Legacy),Private School,Outstream,United States,Desktop,N/A,$0.00  ~ $0.00 ,N/A,N/A,N/A,N/A,N/A
Family & Parenting (Legacy),Private School,Interstitial,United States,Tablet,N/A,$0.00  ~ $0.00 ,N/A,N/A,N/A,N/A,N/A
Family & Parenting (Legacy),Private School,Interstitial,United States,Desktop,N/A,$0.00  ~ $0.00 ,N/A,N/A,N/A,N/A,N/A
Family & Parenting (Legacy),Cold & Flu,Outstream,United States,Desktop,N/A,$0.00  ~ $0.00 ,N/A,N/A,N/A,N/A,N/A
Family & Parenting (Legacy),Cold & Flu,Outstream,United States,Mobile Web,N/A,$0.00  ~ $0.00 ,N/A,N/A,N/A,N/A,N/A
Family & Parenting (Legacy),Cold & Flu,Interstitial,United States,Desktop,N/A,$0.00  ~ $0.00 ,N/A,N/A,N/A,N/A,N/A
Family & Parenting (Legacy),Cold & Flu,Instream,United States,Mobile Web,N/A,$0.00  ~ $0.00 ,N/A,N/A,N/A,N/A,N/A
Family & Parenting (Legacy),Theme Parks,Instream,United States,Desktop,N/A,$0.00  ~ $0.00 ,N/A,N/A,N/A,N/A,N/A
Family & Parenting (Legacy),Theme Parks,Outstream,United States,Mobile Web,N/A,$0.00  ~ $0.00 ,N/A,N/A,N/A,N/A,N/A
Family & Parenting (Legacy),Adult Education,Outstream,United States,Desktop,N/A,$0.00  ~ $0.00 ,N/A,N/A,N/A,N/A,N/A
Family & Parenting (Legacy),Music,Outstream,United States,Desktop,N/A,$0.00  ~ $0.00 ,N/A,N/A,N/A,N/A,N/A
Family & Parenting (Legacy),Hotels,Outstream,United States,Desktop,N/A,$0.00  ~ $0.00 ,N/A,N/A,N/A,N/A,N/A
Family & Parenting (Legacy),Hotels,Outstream,United States,Mobile Web,N/A,$0.00  ~ $0.00 ,N/A,N/A,N/A,N/A,N/A
Family & Parenting (Legacy),Clothing,Outstream,United States,Mobile Web,N/A,$0.00  ~ $0.00 ,N/A,N/A,N/A,N/A,N/A
Family & Parenting (Legacy),Exercise,Outstream,United States,Desktop,N/A,$0.00  ~ $0.00 ,N/A,N/A,N/A,N/A,N/A
Family & Parenting (Legacy),Pets,Instream,Canada,Desktop,N/A,$0.00  ~ $0.00 ,N/A,N/A,N/A,N/A,N/A
Family & Parenting (Legacy),Pets,Outstream,United States,Desktop,N/A,$0.00  ~ $0.00 ,N/A,N/A,N/A,N/A,N/A
Family & Parenting (Legacy),Pets,Outstream,United States,Mobile Web,N/A,$0.00  ~ $0.00 ,N/A,N/A,N/A,N/A,N/A
Family & Parenting (Legacy),Politics,Outstream,United States,Mobile Web,N/A,$0.00  ~ $0.00 ,N/A,N/A,N/A,N/A,N/A
Family & Parenting (Legacy),Politics,Interstitial,United States,Desktop,N/A,$0.00  ~ $0.00 ,N/A,N/A,N/A,N/A,N/A
Family & Parenting (Legacy),Politics,Interstitial,United States,Tablet,N/A,$0.00  ~ $0.00 ,N/A,N/A,N/A,N/A,N/A
Family & Parenting (Legacy),Commentary,Outstream,United States,Desktop,N/A,$0.00  ~ $0.00 ,N/A,N/A,N/A,N/A,N/A
Family & Parenting (Legacy),Commentary,Outstream,United States,Tablet,N/A,$0.00  ~ $0.00 ,N/A,N/A,N/A,N/A,N/A
Family & Parenting (Legacy),Commentary,Instream,United States,Desktop,N/A,$0.00  ~ $0.00 ,N/A,N/A,N/A,N/A,N/A
Family & Parenting (Legacy),Large Animals,Outstream,United States,Desktop,N/A,$0.00  ~ $0.00 ,N/A,N/A,N/A,N/A,N/A
Family & Parenting (Legacy),Health & Fitness,Outstream,Canada,Mobile Web,N/A,$0.00  ~ $0.00 ,N/A,N/A,N/A,N/A,N/A
Family & Parenting (Legacy),Health & Fitness,Outstream,Ireland,Mobile Web,N/A,$0.00  ~ $0.00 ,N/A,N/A,N/A,N/A,N/A
Family & Parenting (Legacy),Health & Fitness,Outstream,United States,Mobile Web,N/A,$0.00  ~ $0.00 ,N/A,N/A,N/A,N/A,N/A
Family & Parenting (Legacy),Health & Fitness,Outstream,United Kingdom,Mobile Web,N/A,$0.00  ~ $0.00 ,N/A,N/A,N/A,N/A,N/A
Family & Parenting (Legacy),Health & Fitness,Outstream,United Kingdom,Desktop,N/A,$0.00  ~ $0.00 ,N/A,N/A,N/A,N/A,N/A
Family & Parenting (Legacy),Health & Fitness,Instream,Canada,Desktop,N/A,$0.00  ~ $0.00 ,N/A,N/A,N/A,N/A,N/A
Family & Parenting (Legacy),Health & Fitness,Interstitial,United States,Desktop,N/A,$0.00  ~ $0.00 ,N/A,N/A,N/A,N/A,N/A
Family & Parenting (Legacy),Health & Fitness,Interstitial,United States,Mobile Web,N/A,$0.00  ~ $0.00 ,N/A,N/A,N/A,N/A,N/A
Family & Parenting (Legacy),Health & Fitness,Interstitial,United Kingdom,Desktop,N/A,$0.00  ~ $0.00 ,N/A,N/A,N/A,N/A,N/A
Family & Parenting (Legacy),Health & Fitness,Interstitial,Canada,Desktop,N/A,$0.00  ~ $0.00 ,N/A,N/A,N/A,N/A,N/A
Family & Parenting (Legacy),Agriculture,Outstream,United States,Mobile Web,N/A,$0.00  ~ $0.00 ,N/A,N/A,N/A,N/A,N/A
Family & Parenting (Legacy),Agriculture,Outstream,United States,Desktop,N/A,$0.00  ~ $0.00 ,N/A,N/A,N/A,N/A,N/A
Family & Parenting (Legacy),Agriculture,Instream,United States,Desktop,N/A,$0.00  ~ $0.00 ,N/A,N/A,N/A,N/A,N/A
Family & Parenting (Legacy),Agriculture,Interstitial,United States,Desktop,N/A,$0.00  ~ $0.00 ,N/A,N/A,N/A,N/A,N/A
Family & Parenting (Legacy),Home & Garden,Outstream,United States,Tablet,N/A,$0.00  ~ $0.00 ,N/A,N/A,N/A,N/A,N/A
Family & Parenting (Legacy),Home & Garden,Interstitial,United States,Tablet,N/A,$0.00  ~ $0.00 ,N/A,N/A,N/A,N/A,N/A
Family & Parenting (Legacy),Home & Garden,Interstitial,United States,Desktop,N/A,$0.00  ~ $0.00 ,N/A,N/A,N/A,N/A,N/A
Family & Parenting (Legacy),Home & Garden,Interstitial,United States,Mobile Web,N/A,$0.00  ~ $0.00 ,N/A,N/A,N/A,N/A,N/A
Family & Parenting (Legacy),Home & Garden,Interstitial,United Kingdom,Desktop,N/A,$0.00  ~ $0.00 ,N/A,N/A,N/A,N/A,N/A
Family & Parenting (Legacy),Biotech/Biomedical,Interstitial,United States,Desktop,N/A,$0.00  ~ $0.00 ,N/A,N/A,N/A,N/A,N/A
Family & Parenting (Legacy),Biotech/Biomedical,Outstream,United States,Desktop,N/A,$0.00  ~ $0.00 ,N/A,N/A,N/A,N/A,N/A
Family & Parenting (Legacy),Biotech/Biomedical,Outstream,United States,Mobile Web,N/A,$0.00  ~ $0.00 ,N/A,N/A,N/A,N/A,N/A
Family & Parenting (Legacy),Biotech/Biomedical,Instream,United States,Desktop,N/A,$0.00  ~ $0.00 ,N/A,N/A,N/A,N/A,N/A
Family & Parenting (Legacy),Biotech/Biomedical,Instream,United States,Mobile Web,N/A,$0.00  ~ $0.00 ,N/A,N/A,N/A,N/A,N/A
Family & Parenting (Legacy),Arts & Entertainment,Outstream,United States,Desktop,N/A,$0.00  ~ $0.00 ,N/A,N/A,N/A,N/A,N/A
Family & Parenting (Legacy),Arts & Entertainment,Outstream,United Kingdom,Mobile Web,N/A,$0.00  ~ $0.00 ,N/A,N/A,N/A,N/A,N/A
Family & Parenting (Legacy),Arts & Entertainment,Outstream,United Kingdom,Desktop,N/A,$0.00  ~ $0.00 ,N/A,N/A,N/A,N/A,N/A
Family & Parenting (Legacy),Arts & Entertainment,Instream,Canada,Desktop,N/A,$0.00  ~ $0.00 ,N/A,N/A,N/A,N/A,N/A
Family & Parenting (Legacy),Arts & Entertainment,Interstitial,United States,Desktop,N/A,$0.00  ~ $0.00 ,N/A,N/A,N/A,N/A,N/A
Family & Parenting (Legacy),Arts & Entertainment,Interstitial,United Kingdom,Desktop,N/A,$0.00  ~ $0.00 ,N/A,N/A,N/A,N/A,N/A
Family & Parenting (Legacy),Arts & Entertainment,Interstitial,United Kingdom,Mobile Web,N/A,$0.00  ~ $0.00 ,N/A,N/A,N/A,N/A,N/A
Family & Parenting (Legacy),Arts & Entertainment,Interstitial,Canada,Desktop,N/A,$0.00  ~ $0.00 ,N/A,N/A,N/A,N/A,N/A
Family & Parenting (Legacy),Cocktails/Beer,Outstream,United States,Mobile Web,N/A,$0.00  ~ $0.00 ,N/A,N/A,N/A,N/A,N/A
Family & Parenting (Legacy),Buying/Selling Cars,Outstream,United States,Tablet,N/A,$0.00  ~ $0.00 ,N/A,N/A,N/A,N/A,N/A
Family & Parenting (Legacy),Buying/Selling Cars,Outstream,United States,Desktop,N/A,$0.00  ~ $0.00 ,N/A,N/A,N/A,N/A,N/A
Family & Parenting (Legacy),Senior Living,Interstitial,United States,Desktop,N/A,$0.00  ~ $0.00 ,N/A,N/A,N/A,N/A,N/A
Family & Parenting (Legacy),Senior Living,Interstitial,United States,Mobile Web,N/A,$0.00  ~ $0.00 ,N/A,N/A,N/A,N/A,N/A
Family & Parenting (Legacy),Senior Living,Outstream,United States,Mobile Web,N/A,$0.00  ~ $0.00 ,N/A,N/A,N/A,N/A,N/A
Family & Parenting (Legacy),Senior Living,Outstream,United States,Desktop,N/A,$0.00  ~ $0.00 ,N/A,N/A,N/A,N/A,N/A
Family & Parenting (Legacy),Metals,Outstream,United States,Mobile Web,N/A,$0.00  ~ $0.00 ,N/A,N/A,N/A,N/A,N/A
Family & Parenting (Legacy),Metals,Instream,Canada,Desktop,N/A,$0.00  ~ $0.00 ,N/A,N/A,N/A,N/A,N/A
Family & Parenting (Legacy),Metals,Instream,United States,Desktop,N/A,$0.00  ~ $0.00 ,N/A,N/A,N/A,N/A,N/A
Family & Parenting (Legacy),Metals,Interstitial,United States,Desktop,N/A,$0.00  ~ $0.00 ,N/A,N/A,N/A,N/A,N/A
Family & Parenting (Legacy),Shopping,Native,United States,Mobile Web,N/A,$0.00  ~ $0.00 ,N/A,N/A,N/A,N/A,N/A
Family & Parenting (Legacy),Shopping,Outstream,United States,Tablet,N/A,$0.00  ~ $0.00 ,N/A,N/A,N/A,N/A,N/A
Family & Parenting (Legacy),Shopping,Outstream,United States,Desktop,N/A,$0.00  ~ $0.00 ,N/A,N/A,N/A,N/A,N/A
Family & Parenting (Legacy),Shopping,Outstream,United Kingdom,Mobile Web,N/A,$0.00  ~ $0.00 ,N/A,N/A,N/A,N/A,N/A
Family & Parenting (Legacy),Shopping,Instream,Canada,Desktop,N/A,$0.00  ~ $0.00 ,N/A,N/A,N/A,N/A,N/A
Family & Parenting (Legacy),Shopping,Instream,Mexico,Desktop,N/A,$0.00  ~ $0.00 ,N/A,N/A,N/A,N/A,N/A
Family & Parenting (Legacy),Shopping,Interstitial,United States,Desktop,N/A,$0.00  ~ $0.00 ,N/A,N/A,N/A,N/A,N/A
Family & Parenting (Legacy),Shopping,Interstitial,United States,Mobile Web,N/A,$0.00  ~ $0.00 ,N/A,N/A,N/A,N/A,N/A
Family & Parenting (Legacy),Shopping,Interstitial,United States,Tablet,N/A,$0.00  ~ $0.00 ,N/A,N/A,N/A,N/A,N/A
Family & Parenting (Legacy),Shopping,Interstitial,United Kingdom,Desktop,N/A,$0.00  ~ $0.00 ,N/A,N/A,N/A,N/A,N/A
Family & Parenting (Legacy),Shopping,Interstitial,United Kingdom,Mobile Web,N/A,$0.00  ~ $0.00 ,N/A,N/A,N/A,N/A,N/A
Family & Parenting (Legacy),Pediatrics,Outstream,United States,Desktop,N/A,$0.00  ~ $0.00 ,N/A,N/A,N/A,N/A,N/A
Family & Parenting (Legacy),Pediatrics,Outstream,United States,Mobile Web,N/A,$0.00  ~ $0.00 ,N/A,N/A,N/A,N/A,N/A
Family & Parenting (Legacy),Pediatrics,Instream,United States,Desktop,N/A,$0.00  ~ $0.00 ,N/A,N/A,N/A,N/A,N/A
Family & Parenting (Legacy),Pediatrics,Instream,United States,Mobile Web,N/A,$0.00  ~ $0.00 ,N/A,N/A,N/A,N/A,N/A
Family & Parenting (Legacy),Insurance,Outstream,United States,Desktop,N/A,$0.00  ~ $0.00 ,N/A,N/A,N/A,N/A,N/A
Family & Parenting (Legacy),Insurance,Outstream,United Kingdom,Mobile Web,N/A,$0.00  ~ $0.00 ,N/A,N/A,N/A,N/A,N/A
Family & Parenting (Legacy),Insurance,Interstitial,United States,Desktop,N/A,$0.00  ~ $0.00 ,N/A,N/A,N/A,N/A,N/A
Family & Parenting (Legacy),Green Solutions,Outstream,United States,Mobile Web,N/A,$0.00  ~ $0.00 ,N/A,N/A,N/A,N/A,N/A
Family & Parenting (Legacy),Green Solutions,Outstream,United States,Desktop,N/A,$0.00  ~ $0.00 ,N/A,N/A,N/A,N/A,N/A
Family & Parenting (Legacy),Dogs,Instream,Canada,Desktop,N/A,$0.00  ~ $0.00 ,N/A,N/A,N/A,N/A,N/A
Family & Parenting (Legacy),Honeymoons/Getaways,Outstream,United States,Desktop,N/A,$0.00  ~ $0.00 ,N/A,N/A,N/A,N/A,N/A
Family & Parenting (Legacy),Honeymoons/Getaways,Outstream,United States,Mobile Web,N/A,$0.00  ~ $0.00 ,N/A,N/A,N/A,N/A,N/A
Family & Parenting (Legacy),Honeymoons/Getaways,Outstream,United States,Tablet,N/A,$0.00  ~ $0.00 ,N/A,N/A,N/A,N/A,N/A
Family & Parenting (Legacy),Honeymoons/Getaways,Interstitial,United Kingdom,Desktop,N/A,$0.00  ~ $0.00 ,N/A,N/A,N/A,N/A,N/A
Family & Parenting (Legacy),Real Estate,Outstream,United States,Mobile Web,N/A,$0.00  ~ $0.00 ,N/A,N/A,N/A,N/A,N/A
Family & Parenting (Legacy),Real Estate,Outstream,United States,Desktop,N/A,$0.00  ~ $0.00 ,N/A,N/A,N/A,N/A,N/A
Family & Parenting (Legacy),Real Estate,Outstream,United States,Tablet,N/A,$0.00  ~ $0.00 ,N/A,N/A,N/A,N/A,N/A
Family & Parenting (Legacy),Real Estate,Outstream,United Kingdom,Desktop,N/A,$0.00  ~ $0.00 ,N/A,N/A,N/A,N/A,N/A
Family & Parenting (Legacy),Real Estate,Interstitial,United States,Desktop,N/A,$0.00  ~ $0.00 ,N/A,N/A,N/A,N/A,N/A
Family & Parenting (Legacy),Real Estate,Instream,United States,Desktop,N/A,$0.00  ~ $0.00 ,N/A,N/A,N/A,N/A,N/A
Family & Parenting (Legacy),Real Estate,Instream,United States,Mobile Web,N/A,$0.00  ~ $0.00 ,N/A,N/A,N/A,N/A,N/A
Family & Parenting (Legacy),Psychology/Psychiatry,Outstream,United States,Desktop,N/A,$0.00  ~ $0.00 ,N/A,N/A,N/A,N/A,N/A
Family & Parenting (Legacy),Psychology/Psychiatry,Instream,United States,Desktop,N/A,$0.00  ~ $0.00 ,N/A,N/A,N/A,N/A,N/A
Family & Parenting (Legacy),College,Outstream,United States,Desktop,N/A,$0.00  ~ $0.00 ,N/A,N/A,N/A,N/A,N/A
Family & Parenting (Legacy),College,Outstream,United States,Mobile Web,N/A,$0.00  ~ $0.00 ,N/A,N/A,N/A,N/A,N/A
Family & Parenting (Legacy),College,Interstitial,United States,Desktop,N/A,$0.00  ~ $0.00 ,N/A,N/A,N/A,N/A,N/A
Family & Parenting (Legacy),College,Instream,United States,Desktop,N/A,$0.00  ~ $0.00 ,N/A,N/A,N/A,N/A,N/A
Family & Parenting (Legacy),Mutual Funds,Outstream,United States,Desktop,N/A,$0.00  ~ $0.00 ,N/A,N/A,N/A,N/A,N/A
Family & Parenting (Legacy),Cruises,Interstitial,United States,Desktop,N/A,$0.00  ~ $0.00 ,N/A,N/A,N/A,N/A,N/A
Food & Drink (Legacy),Food & Drink,Instream,United States,Desktop,N/A,$47.72  ~ $47.72 ,N/A,N/A,N/A,100.00%,N/A
Food & Drink (Legacy),Legal Issues,Outstream,United States,Mobile Web,N/A,$35.55  ~ $84.16 ,N/A,N/A,N/A,N/A,N/A
Food & Drink (Legacy),Personal Finance,Instream,United States,Desktop,N/A,$47.07  ~ $58.45 ,$3.16 ,N/A,1.85%,81.48%,N/A
Food & Drink (Legacy),Personal Finance,Instream,United States,Mobile Web,1,$49.75  ~ $49.75 ,N/A,N/A,N/A,75.84%,N/A
Food & Drink (Legacy),Personal Finance,Outstream,United States,Desktop,N/A,$51.90  ~ $51.90 ,N/A,N/A,N/A,N/A,N/A
Food & Drink (Legacy),Personal Finance,Outstream,United States,Mobile Web,N/A,$49.04  ~ $49.04 ,N/A,N/A,N/A,100.00%,N/A
Food & Drink (Legacy),Automotive,Instream,United States,Desktop,N/A,$37.00  ~ $37.93 ,N/A,N/A,N/A,100.00%,N/A
Food & Drink (Legacy),Automotive,Outstream,United States,Mobile Web,N/A,$37.45  ~ $37.45 ,N/A,N/A,N/A,75.00%,N/A
Food & Drink (Legacy),Remodeling & Construction,Instream,United States,Desktop,N/A,$36.06  ~ $36.06 ,N/A,N/A,N/A,100.00%,N/A
Food & Drink (Legacy),Remodeling & Construction,Outstream,United States,Desktop,N/A,$39.48  ~ $39.48 ,N/A,N/A,N/A,66.67%,N/A
Food & Drink (Legacy),Hobbies & Interests,Instream,United States,Mobile Web,N/A,$61.53  ~ $61.53 ,N/A,N/A,N/A,100.00%,N/A
Food & Drink (Legacy),Hobbies & Interests,Instream,United States,Desktop,N/A,$61.56  ~ $61.56 ,N/A,N/A,N/A,90.91%,N/A
Food & Drink (Legacy),Hobbies & Interests,Outstream,United States,Desktop,N/A,$42.70  ~ $42.70 ,N/A,N/A,N/A,50.00%,N/A
Food & Drink (Legacy),Hobbies & Interests,Outstream,United States,Mobile Web,N/A,$45.12  ~ $45.12 ,N/A,N/A,N/A,100.00%,N/A
Food & Drink (Legacy),Hobbies & Interests,Outstream,United States,Tablet,N/A,$45.18  ~ $45.18 ,N/A,N/A,N/A,N/A,N/A
Food & Drink (Legacy),Shopping,Instream,United States,Desktop,N/A,$39.51  ~ $39.51 ,N/A,N/A,N/A,100.00%,N/A
Food & Drink (Legacy),Shopping,Instream,United States,Mobile Web,2,$31.28  ~ $31.28 ,N/A,N/A,N/A,N/A,N/A
Food & Drink (Legacy),Home & Garden,Outstream,United States,Mobile Web,N/A,$16.76  ~ $16.76 ,N/A,N/A,N/A,N/A,N/A
Food & Drink (Legacy),Home & Garden,Outstream,United States,Desktop,N/A,$39.77  ~ $51.93 ,N/A,N/A,N/A,100.00%,N/A
Food & Drink (Legacy),Home & Garden,Outstream,United States,Tablet,N/A,$22.37  ~ $53.00 ,N/A,N/A,N/A,100.00%,N/A
Food & Drink (Legacy),Home & Garden,Instream,United States,Desktop,N/A,$30.39  ~ $33.18 ,N/A,N/A,N/A,89.87%,N/A
Food & Drink (Legacy),Home & Garden,Instream,United States,Mobile Web,N/A,$31.66  ~ $35.85 ,N/A,N/A,N/A,75.00%,N/A
Food & Drink (Legacy),Politics,Instream,United States,Desktop,N/A,$46.55  ~ $46.55 ,N/A,N/A,N/A,80.00%,N/A
Food & Drink (Legacy),Politics,Outstream,United States,Desktop,N/A,$63.28  ~ $63.28 ,N/A,N/A,N/A,50.00%,N/A
Food & Drink (Legacy),Interior Decorating,Instream,United States,Mobile Web,N/A,$35.85  ~ $35.85 ,N/A,N/A,N/A,83.33%,N/A
Food & Drink (Legacy),Education,Outstream,United States,Mobile Web,N/A,$33.47  ~ $82.99 ,N/A,N/A,N/A,100.00%,N/A
Food & Drink (Legacy),Home Repair,Outstream,United States,Desktop,N/A,$39.44  ~ $39.44 ,N/A,N/A,N/A,100.00%,N/A
Food & Drink (Legacy),"Law, Gov't & Politics",Instream,United States,Desktop,N/A,$38.64  ~ $39.06 ,N/A,N/A,N/A,99.07%,N/A
Food & Drink (Legacy),"Law, Gov't & Politics",Outstream,United States,Desktop,N/A,$46.44  ~ $46.44 ,N/A,N/A,N/A,33.33%,N/A
Food & Drink (Legacy),Business,Instream,United States,Desktop,N/A,$37.52  ~ $42.37 ,N/A,N/A,N/A,92.31%,N/A
Food & Drink (Legacy),Business,Instream,United States,Mobile Web,N/A,$35.10  ~ $35.10 ,N/A,N/A,N/A,66.67%,N/A
Food & Drink (Legacy),Business,Outstream,United States,Mobile Web,N/A,$35.85  ~ $35.85 ,N/A,N/A,N/A,50.00%,N/A
Food & Drink (Legacy),Buying/Selling Cars,Instream,United States,Desktop,N/A,$48.78  ~ $48.78 ,N/A,N/A,N/A,55.56%,N/A
Food & Drink (Legacy),Buying/Selling Cars,Outstream,United States,Mobile Web,N/A,$35.01  ~ $35.01 ,N/A,N/A,N/A,100.00%,N/A
Food & Drink (Legacy),News,Instream,United States,Mobile Web,N/A,$42.54  ~ $42.54 ,N/A,N/A,N/A,73.91%,N/A
Food & Drink (Legacy),News,Instream,United States,Desktop,N/A,$29.14  ~ $29.14 ,$6.50 ,N/A,0.45%,72.12%,N/A
Food & Drink (Legacy),Travel,Instream,United States,Desktop,N/A,$30.48  ~ $30.48 ,$0.67 ,N/A,4.55%,77.27%,N/A
Food & Drink (Legacy),Health & Fitness,Instream,United States,Desktop,N/A,$28.63  ~ $30.59 ,N/A,N/A,N/A,95.95%,N/A
Food & Drink (Legacy),Health & Fitness,Instream,United States,Mobile Web,N/A,$37.62  ~ $37.62 ,N/A,N/A,N/A,70.65%,N/A
Food & Drink (Legacy),Health & Fitness,Outstream,United States,Tablet,N/A,$95.59  ~ $95.59 ,N/A,N/A,N/A,50.00%,N/A
Food & Drink (Legacy),Health & Fitness,Outstream,United States,Desktop,N/A,$27.96  ~ $27.96 ,N/A,N/A,N/A,100.00%,N/A
Food & Drink (Legacy),Arts & Entertainment,Instream,United States,Desktop,N/A,$32.20  ~ $34.19 ,N/A,N/A,N/A,75.00%,N/A
Food & Drink (Legacy),Arts & Entertainment,Outstream,United States,Mobile Web,N/A,$11.04  ~ $26.29 ,N/A,N/A,N/A,80.00%,N/A
Food & Drink (Legacy),Family & Parenting,Instream,United States,Desktop,N/A,$0.00  ~ $0.00 ,N/A,N/A,N/A,N/A,N/A
Food & Drink (Legacy),Graduate School,Instream,United States,Desktop,N/A,$42.61  ~ $42.61 ,N/A,N/A,N/A,100.00%,N/A
Food & Drink (Legacy),Honeymoons/Getaways,Interstitial,United Kingdom,Desktop,N/A,$0.00  ~ $0.00 ,N/A,N/A,N/A,N/A,N/A
Food & Drink (Legacy),Honeymoons/Getaways,Outstream,United States,Desktop,N/A,$0.00  ~ $0.00 ,N/A,N/A,N/A,N/A,N/A
Food & Drink (Legacy),Honeymoons/Getaways,Outstream,United States,Mobile Web,N/A,$0.00  ~ $0.00 ,N/A,N/A,N/A,N/A,N/A
Food & Drink (Legacy),Honeymoons/Getaways,Outstream,United Kingdom,Desktop,N/A,$0.00  ~ $0.00 ,N/A,N/A,N/A,N/A,N/A
Food & Drink (Legacy),Honeymoons/Getaways,Instream,United Kingdom,Desktop,N/A,$0.00  ~ $0.00 ,N/A,N/A,N/A,N/A,N/A
Food & Drink (Legacy),Honeymoons/Getaways,Instream,United States,Desktop,N/A,$0.00  ~ $0.00 ,N/A,N/A,N/A,N/A,N/A
Food & Drink (Legacy),Catholicism,Outstream,United States,Desktop,N/A,$0.00  ~ $0.00 ,N/A,N/A,N/A,N/A,N/A
Food & Drink (Legacy),Careers,Outstream,United States,Mobile Web,N/A,$0.00  ~ $0.00 ,N/A,N/A,N/A,N/A,N/A
Food & Drink (Legacy),Careers,Instream,United States,Desktop,N/A,$0.00  ~ $0.00 ,N/A,N/A,N/A,N/A,N/A
Food & Drink (Legacy),Careers,Instream,Canada,Desktop,N/A,$0.00  ~ $0.00 ,N/A,N/A,N/A,N/A,N/A
Food & Drink (Legacy),Buying/Selling Cars,Outstream,United States,Desktop,N/A,$0.00  ~ $0.00 ,N/A,N/A,N/A,N/A,N/A
Food & Drink (Legacy),Commentary,Outstream,United States,Desktop,N/A,$0.00  ~ $0.00 ,N/A,N/A,N/A,N/A,N/A
Food & Drink (Legacy),Music,Instream,United States,Desktop,N/A,$0.00  ~ $0.00 ,N/A,N/A,N/A,N/A,N/A
Food & Drink (Legacy),Music,Outstream,United States,Desktop,N/A,$0.00  ~ $0.00 ,N/A,N/A,N/A,N/A,N/A
Food & Drink (Legacy),Automotive,Outstream,United States,Desktop,N/A,$0.00  ~ $0.00 ,N/A,N/A,N/A,N/A,N/A
Food & Drink (Legacy),Automotive,Outstream,United States,Tablet,N/A,$0.00  ~ $0.00 ,N/A,N/A,N/A,N/A,N/A
Food & Drink (Legacy),Pro Ice Hockey,Instream,Canada,Desktop,N/A,$0.00  ~ $0.00 ,N/A,N/A,N/A,N/A,N/A
Food & Drink (Legacy),Arts & Entertainment,Instream,Canada,Desktop,N/A,$0.00  ~ $0.00 ,N/A,N/A,N/A,N/A,N/A
Food & Drink (Legacy),Arts & Entertainment,Instream,Canada,Mobile Web,N/A,$0.00  ~ $0.00 ,N/A,N/A,N/A,N/A,N/A
Food & Drink (Legacy),Arts & Entertainment,Outstream,United States,Desktop,N/A,$0.00  ~ $0.00 ,N/A,N/A,N/A,N/A,N/A
Food & Drink (Legacy),Arts & Entertainment,Outstream,United States,Tablet,N/A,$0.00  ~ $0.00 ,N/A,N/A,N/A,N/A,N/A
Food & Drink (Legacy),Arts & Entertainment,Outstream,United Kingdom,Mobile Web,N/A,$0.00  ~ $0.00 ,N/A,N/A,N/A,N/A,N/A
Food & Drink (Legacy),Arts & Entertainment,Outstream,United Kingdom,Desktop,N/A,$0.00  ~ $0.00 ,N/A,N/A,N/A,N/A,N/A
Food & Drink (Legacy),Arts & Entertainment,Interstitial,United States,Mobile Web,N/A,$0.00  ~ $0.00 ,N/A,N/A,N/A,N/A,N/A
Food & Drink (Legacy),Arts & Entertainment,Interstitial,United States,Desktop,N/A,$0.00  ~ $0.00 ,N/A,N/A,N/A,N/A,N/A
Food & Drink (Legacy),Arts & Entertainment,Interstitial,United Kingdom,Mobile Web,N/A,$0.00  ~ $0.00 ,N/A,N/A,N/A,N/A,N/A
Food & Drink (Legacy),"Law, Gov't & Politics",Instream,Mexico,Desktop,N/A,$0.00  ~ $0.00 ,N/A,N/A,N/A,N/A,N/A
Food & Drink (Legacy),"Law, Gov't & Politics",Outstream,United States,Tablet,N/A,$0.00  ~ $0.00 ,N/A,N/A,N/A,N/A,N/A
Food & Drink (Legacy),"Law, Gov't & Politics",Outstream,United States,Mobile Web,N/A,$0.00  ~ $0.00 ,N/A,N/A,N/A,N/A,N/A
Food & Drink (Legacy),"Law, Gov't & Politics",Outstream,Mexico,Desktop,N/A,$0.00  ~ $0.00 ,N/A,N/A,N/A,N/A,N/A
Food & Drink (Legacy),"Law, Gov't & Politics",Outstream,Mexico,Mobile Web,N/A,$0.00  ~ $0.00 ,N/A,N/A,N/A,N/A,N/A
Food & Drink (Legacy),"Law, Gov't & Politics",Interstitial,United States,Desktop,N/A,$0.00  ~ $0.00 ,N/A,N/A,N/A,N/A,N/A
Food & Drink (Legacy),"Law, Gov't & Politics",Interstitial,United States,Mobile Web,N/A,$0.00  ~ $0.00 ,N/A,N/A,N/A,N/A,N/A
Food & Drink (Legacy),"Law, Gov't & Politics",Interstitial,Mexico,Mobile Web,N/A,$0.00  ~ $0.00 ,N/A,N/A,N/A,N/A,N/A
Food & Drink (Legacy),Cold & Flu,Instream,United States,Desktop,N/A,$0.00  ~ $0.00 ,N/A,N/A,N/A,N/A,N/A
Food & Drink (Legacy),Cold & Flu,Outstream,United States,Mobile Web,N/A,$0.00  ~ $0.00 ,N/A,N/A,N/A,N/A,N/A
Food & Drink (Legacy),Cold & Flu,Outstream,United States,Desktop,N/A,$0.00  ~ $0.00 ,N/A,N/A,N/A,N/A,N/A
Food & Drink (Legacy),Cold & Flu,Interstitial,United States,Desktop,N/A,$0.00  ~ $0.00 ,N/A,N/A,N/A,N/A,N/A
Food & Drink (Legacy),Business Software,Instream,United States,Desktop,N/A,$0.00  ~ $0.00 ,N/A,N/A,N/A,N/A,N/A
Food & Drink (Legacy),Business Software,Outstream,United States,Mobile Web,N/A,$0.00  ~ $0.00 ,N/A,N/A,N/A,N/A,N/A
Food & Drink (Legacy),Business Software,Outstream,United States,Desktop,N/A,$0.00  ~ $0.00 ,N/A,N/A,N/A,N/A,N/A
Food & Drink (Legacy),Business Software,Interstitial,United Kingdom,Desktop,N/A,$0.00  ~ $0.00 ,N/A,N/A,N/A,N/A,N/A
Food & Drink (Legacy),Green Solutions,Instream,United States,Desktop,N/A,$0.00  ~ $0.00 ,N/A,N/A,N/A,N/A,N/A
Food & Drink (Legacy),Green Solutions,Outstream,United States,Tablet,N/A,$0.00  ~ $0.00 ,N/A,N/A,N/A,N/A,N/A
Food & Drink (Legacy),Personal Finance,Instream,Canada,Desktop,N/A,$0.00  ~ $0.00 ,N/A,N/A,N/A,N/A,N/A
Food & Drink (Legacy),Personal Finance,Interstitial,United Kingdom,Desktop,N/A,$0.00  ~ $0.00 ,N/A,N/A,N/A,N/A,N/A
Food & Drink (Legacy),Personal Finance,Interstitial,United States,Desktop,N/A,$0.00  ~ $0.00 ,N/A,N/A,N/A,N/A,N/A
Food & Drink (Legacy),Personal Finance,Interstitial,United States,Mobile Web,N/A,$0.00  ~ $0.00 ,N/A,N/A,N/A,N/A,N/A
Food & Drink (Legacy),Personal Finance,Outstream,United States,Tablet,N/A,$0.00  ~ $0.00 ,N/A,N/A,N/A,N/A,N/A
Food & Drink (Legacy),Personal Finance,Outstream,Canada,Mobile Web,N/A,$0.00  ~ $0.00 ,N/A,N/A,N/A,N/A,N/A
Food & Drink (Legacy),Personal Finance,Outstream,Canada,Desktop,N/A,$0.00  ~ $0.00 ,N/A,N/A,N/A,N/A,N/A
Food & Drink (Legacy),Personal Finance,Outstream,Mexico,Desktop,N/A,$0.00  ~ $0.00 ,N/A,N/A,N/A,N/A,N/A
Food & Drink (Legacy),Personal Finance,Outstream,United Kingdom,Desktop,N/A,$0.00  ~ $0.00 ,N/A,N/A,N/A,N/A,N/A
Food & Drink (Legacy),Travel,Interstitial,United States,Desktop,N/A,$0.00  ~ $0.00 ,N/A,N/A,N/A,N/A,N/A
Food & Drink (Legacy),Travel,Interstitial,United Kingdom,Mobile Web,N/A,$0.00  ~ $0.00 ,N/A,N/A,N/A,N/A,N/A
Food & Drink (Legacy),Travel,Interstitial,United Kingdom,Desktop,N/A,$0.00  ~ $0.00 ,N/A,N/A,N/A,N/A,N/A
Food & Drink (Legacy),Travel,Outstream,United States,Mobile Web,N/A,$0.00  ~ $0.00 ,N/A,N/A,N/A,N/A,N/A
Food & Drink (Legacy),Travel,Outstream,United States,Desktop,N/A,$0.00  ~ $0.00 ,N/A,N/A,N/A,N/A,N/A
Food & Drink (Legacy),Travel,Outstream,United Kingdom,Mobile Web,N/A,$0.00  ~ $0.00 ,N/A,N/A,N/A,N/A,N/A
Food & Drink (Legacy),Travel,Instream,United States,Mobile Web,N/A,$0.00  ~ $0.00 ,N/A,N/A,N/A,N/A,N/A
Food & Drink (Legacy),Travel,Instream,United Kingdom,Desktop,N/A,$0.00  ~ $0.00 ,N/A,N/A,N/A,N/A,N/A
Food & Drink (Legacy),Travel,Instream,United Kingdom,Mobile Web,N/A,$0.00  ~ $0.00 ,N/A,N/A,N/A,N/A,N/A
Food & Drink (Legacy),Pediatrics,Instream,United States,Desktop,N/A,$0.00  ~ $0.00 ,N/A,N/A,N/A,N/A,N/A
Food & Drink (Legacy),Pediatrics,Outstream,United States,Desktop,N/A,$0.00  ~ $0.00 ,N/A,N/A,N/A,N/A,N/A
Food & Drink (Legacy),Pediatrics,Outstream,United States,Mobile Web,N/A,$0.00  ~ $0.00 ,N/A,N/A,N/A,N/A,N/A
Food & Drink (Legacy),News,Instream,Canada,Desktop,N/A,$0.00  ~ $0.00 ,N/A,N/A,N/A,N/A,N/A
Food & Drink (Legacy),News,Instream,Canada,Mobile Web,N/A,$0.00  ~ $0.00 ,N/A,N/A,N/A,N/A,N/A
Food & Drink (Legacy),News,Outstream,United States,Desktop,N/A,$0.00  ~ $0.00 ,N/A,N/A,N/A,N/A,N/A
Food & Drink (Legacy),News,Outstream,United States,Tablet,N/A,$0.00  ~ $0.00 ,N/A,N/A,N/A,N/A,N/A
Food & Drink (Legacy),News,Outstream,United States,Mobile Web,N/A,$0.00  ~ $0.00 ,N/A,N/A,N/A,N/A,N/A
Food & Drink (Legacy),News,Outstream,Canada,Mobile Web,N/A,$0.00  ~ $0.00 ,N/A,N/A,N/A,N/A,N/A
Food & Drink (Legacy),News,Outstream,Canada,Desktop,N/A,$0.00  ~ $0.00 ,N/A,N/A,N/A,N/A,N/A
Food & Drink (Legacy),News,Interstitial,United States,Desktop,N/A,$0.00  ~ $0.00 ,N/A,N/A,N/A,N/A,N/A
Food & Drink (Legacy),News,Interstitial,United States,Mobile Web,N/A,$0.00  ~ $0.00 ,N/A,N/A,N/A,N/A,N/A
Food & Drink (Legacy),News,Interstitial,Canada,Desktop,N/A,$0.00  ~ $0.00 ,N/A,N/A,N/A,N/A,N/A
Food & Drink (Legacy),Graduate School,Outstream,United States,Desktop,N/A,$0.00  ~ $0.00 ,N/A,N/A,N/A,N/A,N/A
Food & Drink (Legacy),Graduate School,Outstream,United States,Mobile Web,N/A,$0.00  ~ $0.00 ,N/A,N/A,N/A,N/A,N/A
Food & Drink (Legacy),Graduate School,Outstream,United States,Tablet,N/A,$0.00  ~ $0.00 ,N/A,N/A,N/A,N/A,N/A
Food & Drink (Legacy),By US Locale,Instream,United States,Desktop,N/A,$0.00  ~ $0.00 ,N/A,N/A,N/A,N/A,N/A
Food & Drink (Legacy),By US Locale,Outstream,United States,Desktop,N/A,$0.00  ~ $0.00 ,N/A,N/A,N/A,N/A,N/A
Food & Drink (Legacy),Politics,Instream,United States,Mobile Web,N/A,$0.00  ~ $0.00 ,N/A,N/A,N/A,N/A,N/A
Food & Drink (Legacy),Politics,Interstitial,United States,Desktop,N/A,$0.00  ~ $0.00 ,N/A,N/A,N/A,N/A,N/A
Food & Drink (Legacy),Politics,Outstream,United States,Mobile Web,N/A,$0.00  ~ $0.00 ,N/A,N/A,N/A,N/A,N/A
Food & Drink (Legacy),Politics,Outstream,United States,Tablet,N/A,$0.00  ~ $0.00 ,N/A,N/A,N/A,N/A,N/A
Food & Drink (Legacy),Adventure Travel,Outstream,United States,Mobile Web,N/A,$0.00  ~ $0.00 ,N/A,N/A,N/A,N/A,N/A
Food & Drink (Legacy),Auto Repair,Instream,United States,Desktop,N/A,$0.00  ~ $0.00 ,N/A,N/A,N/A,N/A,N/A
Food & Drink (Legacy),Hobbies & Interests,Outstream,United Kingdom,Mobile Web,N/A,$0.00  ~ $0.00 ,N/A,N/A,N/A,N/A,N/A
Food & Drink (Legacy),Hobbies & Interests,Outstream,United Kingdom,Desktop,N/A,$0.00  ~ $0.00 ,N/A,N/A,N/A,N/A,N/A
Food & Drink (Legacy),Hobbies & Interests,Interstitial,United States,Desktop,N/A,$0.00  ~ $0.00 ,N/A,N/A,N/A,N/A,N/A
Food & Drink (Legacy),Psychology/Psychiatry,Instream,United States,Desktop,N/A,$0.00  ~ $0.00 ,N/A,N/A,N/A,N/A,N/A
Food & Drink (Legacy),Education,Instream,United States,Desktop,N/A,$0.00  ~ $0.00 ,N/A,N/A,N/A,N/A,N/A
Food & Drink (Legacy),Education,Instream,United Kingdom,Desktop,N/A,$0.00  ~ $0.00 ,N/A,N/A,N/A,N/A,N/A
Food & Drink (Legacy),Education,Outstream,United States,Desktop,N/A,$0.00  ~ $0.00 ,N/A,N/A,N/A,N/A,N/A
Food & Drink (Legacy),Education,Outstream,United States,Tablet,N/A,$0.00  ~ $0.00 ,N/A,N/A,N/A,N/A,N/A
Food & Drink (Legacy),Education,Outstream,United Kingdom,Desktop,N/A,$0.00  ~ $0.00 ,N/A,N/A,N/A,N/A,N/A
Food & Drink (Legacy),Education,Interstitial,United States,Desktop,N/A,$0.00  ~ $0.00 ,N/A,N/A,N/A,N/A,N/A
Food & Drink (Legacy),Education,Interstitial,United Kingdom,Desktop,N/A,$0.00  ~ $0.00 ,N/A,N/A,N/A,N/A,N/A
Food & Drink (Legacy),Education,Native,United States,Mobile Web,N/A,$0.00  ~ $0.00 ,N/A,N/A,N/A,N/A,N/A
Food & Drink (Legacy),Legal Issues,Instream,Canada,Desktop,N/A,$0.00  ~ $0.00 ,N/A,N/A,N/A,N/A,N/A
Food & Drink (Legacy),Legal Issues,Instream,United States,Desktop,N/A,$0.00  ~ $0.00 ,N/A,N/A,N/A,N/A,N/A
Food & Drink (Legacy),Legal Issues,Interstitial,United States,Desktop,N/A,$0.00  ~ $0.00 ,N/A,N/A,N/A,N/A,N/A
Food & Drink (Legacy),Legal Issues,Outstream,United States,Desktop,N/A,$0.00  ~ $0.00 ,N/A,N/A,N/A,N/A,N/A
Food & Drink (Legacy),Technology & Computing,Instream,United States,Desktop,N/A,$0.00  ~ $0.00 ,N/A,N/A,N/A,N/A,N/A
Food & Drink (Legacy),Interior Decorating,Outstream,United States,Desktop,N/A,$0.00  ~ $0.00 ,N/A,N/A,N/A,N/A,N/A
Food & Drink (Legacy),Interior Decorating,Outstream,United States,Mobile Web,N/A,$0.00  ~ $0.00 ,N/A,N/A,N/A,N/A,N/A
Food & Drink (Legacy),Interior Decorating,Outstream,United States,Tablet,N/A,$0.00  ~ $0.00 ,N/A,N/A,N/A,N/A,N/A
Food & Drink (Legacy),Interior Decorating,Interstitial,United States,Desktop,N/A,$0.00  ~ $0.00 ,N/A,N/A,N/A,N/A,N/A
Food & Drink (Legacy),Interior Decorating,Interstitial,United States,Tablet,N/A,$0.00  ~ $0.00 ,N/A,N/A,N/A,N/A,N/A
Food & Drink (Legacy),Interior Decorating,Instream,United States,Desktop,N/A,$0.00  ~ $0.00 ,N/A,N/A,N/A,N/A,N/A
Food & Drink (Legacy),Job Search,Outstream,United States,Desktop,N/A,$0.00  ~ $0.00 ,N/A,N/A,N/A,N/A,N/A
Food & Drink (Legacy),Job Search,Outstream,United States,Mobile Web,N/A,$0.00  ~ $0.00 ,N/A,N/A,N/A,N/A,N/A
Food & Drink (Legacy),Job Search,Outstream,United States,Tablet,N/A,$0.00  ~ $0.00 ,N/A,N/A,N/A,N/A,N/A
Food & Drink (Legacy),Job Search,Outstream,United Kingdom,Mobile Web,N/A,$0.00  ~ $0.00 ,N/A,N/A,N/A,N/A,N/A
Food & Drink (Legacy),Alternative Medicine,Instream,United States,Desktop,N/A,$0.00  ~ $0.00 ,N/A,N/A,N/A,N/A,N/A
Food & Drink (Legacy),Contests & Freebies,Instream,United States,Desktop,N/A,$0.00  ~ $0.00 ,N/A,N/A,N/A,N/A,N/A
Food & Drink (Legacy),Real Estate,Interstitial,United States,Desktop,N/A,$0.00  ~ $0.00 ,N/A,N/A,N/A,N/A,N/A
Food & Drink (Legacy),Real Estate,Interstitial,United States,Mobile Web,N/A,$0.00  ~ $0.00 ,N/A,N/A,N/A,N/A,N/A
Food & Drink (Legacy),Real Estate,Outstream,United States,Desktop,N/A,$0.00  ~ $0.00 ,N/A,N/A,N/A,N/A,N/A
Food & Drink (Legacy),Real Estate,Outstream,United States,Mobile Web,N/A,$0.00  ~ $0.00 ,N/A,N/A,N/A,N/A,N/A
Food & Drink (Legacy),Real Estate,Instream,United States,Desktop,N/A,$0.00  ~ $0.00 ,N/A,N/A,N/A,N/A,N/A
Food & Drink (Legacy),Real Estate,Instream,United States,Mobile Web,N/A,$0.00  ~ $0.00 ,N/A,N/A,N/A,N/A,N/A
Food & Drink (Legacy),Real Estate,Instream,Canada,Desktop,N/A,$0.00  ~ $0.00 ,N/A,N/A,N/A,N/A,N/A
Food & Drink (Legacy),Clothing,Outstream,United States,Mobile Web,N/A,$0.00  ~ $0.00 ,N/A,N/A,N/A,N/A,N/A
Food & Drink (Legacy),Advertising,Outstream,United States,Desktop,N/A,$0.00  ~ $0.00 ,N/A,N/A,N/A,N/A,N/A
Food & Drink (Legacy),Advertising,Outstream,United States,Mobile Web,N/A,$0.00  ~ $0.00 ,N/A,N/A,N/A,N/A,N/A
Food & Drink (Legacy),Advertising,Instream,United States,Desktop,N/A,$0.00  ~ $0.00 ,N/A,N/A,N/A,N/A,N/A
Food & Drink (Legacy),Advertising,Interstitial,United States,Desktop,N/A,$0.00  ~ $0.00 ,N/A,N/A,N/A,N/A,N/A
Food & Drink (Legacy),Cocktails/Beer,Instream,United States,Desktop,N/A,$0.00  ~ $0.00 ,N/A,N/A,N/A,N/A,N/A
Food & Drink (Legacy),Cocktails/Beer,Instream,United States,Mobile Web,N/A,$0.00  ~ $0.00 ,N/A,N/A,N/A,N/A,N/A
Food & Drink (Legacy),Cocktails/Beer,Outstream,United States,Desktop,N/A,$0.00  ~ $0.00 ,N/A,N/A,N/A,N/A,N/A
Food & Drink (Legacy),Cocktails/Beer,Outstream,United States,Tablet,N/A,$0.00  ~ $0.00 ,N/A,N/A,N/A,N/A,N/A
Food & Drink (Legacy),Cell Phones,Instream,Mexico,Desktop,N/A,$0.00  ~ $0.00 ,N/A,N/A,N/A,N/A,N/A
Food & Drink (Legacy),Home Repair,Instream,United States,Desktop,N/A,$0.00  ~ $0.00 ,N/A,N/A,N/A,N/A,N/A
Food & Drink (Legacy),College,Interstitial,United States,Desktop,N/A,$0.00  ~ $0.00 ,N/A,N/A,N/A,N/A,N/A
Food & Drink (Legacy),College,Instream,United States,Desktop,N/A,$0.00  ~ $0.00 ,N/A,N/A,N/A,N/A,N/A
Food & Drink (Legacy),College,Outstream,United States,Desktop,N/A,$0.00  ~ $0.00 ,N/A,N/A,N/A,N/A,N/A
Food & Drink (Legacy),College,Outstream,United States,Mobile Web,N/A,$0.00  ~ $0.00 ,N/A,N/A,N/A,N/A,N/A
Food & Drink (Legacy),Metals,Instream,Canada,Desktop,N/A,$0.00  ~ $0.00 ,N/A,N/A,N/A,N/A,N/A
Food & Drink (Legacy),Metals,Instream,United States,Mobile Web,N/A,$0.00  ~ $0.00 ,N/A,N/A,N/A,N/A,N/A
Food & Drink (Legacy),Metals,Instream,United States,Tablet,N/A,$0.00  ~ $0.00 ,N/A,N/A,N/A,N/A,N/A
Food & Drink (Legacy),Metals,Instream,United States,Desktop,N/A,$0.00  ~ $0.00 ,N/A,N/A,N/A,N/A,N/A
Food & Drink (Legacy),Metals,Outstream,United States,Mobile Web,N/A,$0.00  ~ $0.00 ,N/A,N/A,N/A,N/A,N/A
Food & Drink (Legacy),Metals,Outstream,United States,Desktop,N/A,$0.00  ~ $0.00 ,N/A,N/A,N/A,N/A,N/A
Food & Drink (Legacy),Metals,Interstitial,United States,Desktop,N/A,$0.00  ~ $0.00 ,N/A,N/A,N/A,N/A,N/A
Food & Drink (Legacy),Insurance,Outstream,United States,Desktop,N/A,$0.00  ~ $0.00 ,N/A,N/A,N/A,N/A,N/A
Food & Drink (Legacy),Theme Parks,Instream,United States,Desktop,N/A,$0.00  ~ $0.00 ,N/A,N/A,N/A,N/A,N/A
Food & Drink (Legacy),Theme Parks,Outstream,United States,Mobile Web,N/A,$0.00  ~ $0.00 ,N/A,N/A,N/A,N/A,N/A
Food & Drink (Legacy),Remodeling & Construction,Outstream,United States,Mobile Web,N/A,$0.00  ~ $0.00 ,N/A,N/A,N/A,N/A,N/A
Food & Drink (Legacy),Remodeling & Construction,Interstitial,United States,Desktop,N/A,$0.00  ~ $0.00 ,N/A,N/A,N/A,N/A,N/A
Food & Drink (Legacy),Computer Peripherals,Instream,United Kingdom,Mobile Web,N/A,$0.00  ~ $0.00 ,N/A,N/A,N/A,N/A,N/A
Food & Drink (Legacy),Senior Living,Outstream,United States,Desktop,N/A,$0.00  ~ $0.00 ,N/A,N/A,N/A,N/A,N/A
Food & Drink (Legacy),Senior Living,Interstitial,United States,Desktop,N/A,$0.00  ~ $0.00 ,N/A,N/A,N/A,N/A,N/A
Food & Drink (Legacy),Senior Living,Instream,United States,Desktop,N/A,$0.00  ~ $0.00 ,N/A,N/A,N/A,N/A,N/A
Food & Drink (Legacy),Family & Parenting,Outstream,United States,Desktop,N/A,$0.00  ~ $0.00 ,N/A,N/A,N/A,N/A,N/A
Food & Drink (Legacy),Family & Parenting,Outstream,United States,Mobile Web,N/A,$0.00  ~ $0.00 ,N/A,N/A,N/A,N/A,N/A
Food & Drink (Legacy),Family & Parenting,Outstream,United States,Tablet,N/A,$0.00  ~ $0.00 ,N/A,N/A,N/A,N/A,N/A
Food & Drink (Legacy),Food & Drink,Instream,United States,Mobile Web,N/A,$0.00  ~ $0.00 ,N/A,N/A,N/A,N/A,N/A
Food & Drink (Legacy),Food & Drink,Outstream,United States,Desktop,N/A,$0.00  ~ $0.00 ,N/A,N/A,N/A,N/A,N/A
Food & Drink (Legacy),Food & Drink,Outstream,United States,Mobile Web,N/A,$0.00  ~ $0.00 ,N/A,N/A,N/A,N/A,N/A
Food & Drink (Legacy),Food & Drink,Outstream,United States,Tablet,N/A,$0.00  ~ $0.00 ,N/A,N/A,N/A,N/A,N/A
Food & Drink (Legacy),Food & Drink,Interstitial,United States,Desktop,N/A,$0.00  ~ $0.00 ,N/A,N/A,N/A,N/A,N/A
Food & Drink (Legacy),Food & Drink,Interstitial,United States,Mobile Web,N/A,$0.00  ~ $0.00 ,N/A,N/A,N/A,N/A,N/A
Food & Drink (Legacy),Gardening,Outstream,United States,Desktop,N/A,$0.00  ~ $0.00 ,N/A,N/A,N/A,N/A,N/A
Food & Drink (Legacy),Gardening,Outstream,United States,Mobile Web,N/A,$0.00  ~ $0.00 ,N/A,N/A,N/A,N/A,N/A
Food & Drink (Legacy),Card Games,Instream,United States,Desktop,N/A,$0.00  ~ $0.00 ,N/A,N/A,N/A,N/A,N/A
Food & Drink (Legacy),Card Games,Outstream,United States,Mobile Web,N/A,$0.00  ~ $0.00 ,N/A,N/A,N/A,N/A,N/A
Food & Drink (Legacy),Card Games,Outstream,United States,Desktop,N/A,$0.00  ~ $0.00 ,N/A,N/A,N/A,N/A,N/A
Food & Drink (Legacy),Card Games,Outstream,United States,Tablet,N/A,$0.00  ~ $0.00 ,N/A,N/A,N/A,N/A,N/A
Food & Drink (Legacy),Health & Fitness,Native,United States,Mobile Web,N/A,$0.00  ~ $0.00 ,N/A,N/A,N/A,N/A,N/A
Food & Drink (Legacy),Health & Fitness,Instream,Canada,Desktop,N/A,$0.00  ~ $0.00 ,N/A,N/A,N/A,N/A,N/A
Food & Drink (Legacy),Health & Fitness,Outstream,United States,Mobile Web,N/A,$0.00  ~ $0.00 ,N/A,N/A,N/A,N/A,N/A
Food & Drink (Legacy),Health & Fitness,Outstream,Canada,Tablet,N/A,$0.00  ~ $0.00 ,N/A,N/A,N/A,N/A,N/A
Food & Drink (Legacy),Health & Fitness,Outstream,United Kingdom,Desktop,N/A,$0.00  ~ $0.00 ,N/A,N/A,N/A,N/A,N/A
Food & Drink (Legacy),Health & Fitness,Interstitial,United Kingdom,Desktop,N/A,$0.00  ~ $0.00 ,N/A,N/A,N/A,N/A,N/A
Food & Drink (Legacy),Health & Fitness,Interstitial,United States,Mobile Web,N/A,$0.00  ~ $0.00 ,N/A,N/A,N/A,N/A,N/A
Food & Drink (Legacy),Health & Fitness,Interstitial,United States,Tablet,N/A,$0.00  ~ $0.00 ,N/A,N/A,N/A,N/A,N/A
Food & Drink (Legacy),Health & Fitness,Interstitial,United States,Desktop,N/A,$0.00  ~ $0.00 ,N/A,N/A,N/A,N/A,N/A
Food & Drink (Legacy),Pets,Instream,Canada,Desktop,N/A,$0.00  ~ $0.00 ,N/A,N/A,N/A,N/A,N/A
Food & Drink (Legacy),Hotels,Instream,United States,Desktop,N/A,$0.00  ~ $0.00 ,N/A,N/A,N/A,N/A,N/A
Food & Drink (Legacy),Hotels,Outstream,United States,Desktop,N/A,$0.00  ~ $0.00 ,N/A,N/A,N/A,N/A,N/A
Food & Drink (Legacy),Hotels,Outstream,United States,Mobile Web,N/A,$0.00  ~ $0.00 ,N/A,N/A,N/A,N/A,N/A
Food & Drink (Legacy),Hotels,Interstitial,United States,Desktop,N/A,$0.00  ~ $0.00 ,N/A,N/A,N/A,N/A,N/A
Food & Drink (Legacy),Biotech/Biomedical,Instream,United States,Desktop,N/A,$0.00  ~ $0.00 ,N/A,N/A,N/A,N/A,N/A
Food & Drink (Legacy),Biotech/Biomedical,Instream,United States,Mobile Web,N/A,$0.00  ~ $0.00 ,N/A,N/A,N/A,N/A,N/A
Food & Drink (Legacy),Biotech/Biomedical,Outstream,United States,Desktop,N/A,$0.00  ~ $0.00 ,N/A,N/A,N/A,N/A,N/A
Food & Drink (Legacy),Biotech/Biomedical,Outstream,United States,Mobile Web,N/A,$0.00  ~ $0.00 ,N/A,N/A,N/A,N/A,N/A
Food & Drink (Legacy),Biotech/Biomedical,Interstitial,United States,Desktop,N/A,$0.00  ~ $0.00 ,N/A,N/A,N/A,N/A,N/A
Food & Drink (Legacy),Cruises,Instream,United States,Desktop,N/A,$0.00  ~ $0.00 ,N/A,N/A,N/A,N/A,N/A
Food & Drink (Legacy),Infertility,Outstream,United States,Desktop,N/A,$0.00  ~ $0.00 ,N/A,N/A,N/A,N/A,N/A
Food & Drink (Legacy),Infertility,Outstream,United States,Mobile Web,N/A,$0.00  ~ $0.00 ,N/A,N/A,N/A,N/A,N/A
Food & Drink (Legacy),Infertility,Instream,United States,Desktop,N/A,$0.00  ~ $0.00 ,N/A,N/A,N/A,N/A,N/A
Food & Drink (Legacy),K-6 Educators,Outstream,United States,Mobile Web,N/A,$0.00  ~ $0.00 ,N/A,N/A,N/A,N/A,N/A
Food & Drink (Legacy),K-6 Educators,Outstream,United States,Desktop,N/A,$0.00  ~ $0.00 ,N/A,N/A,N/A,N/A,N/A
Food & Drink (Legacy),Credit/Debt & Loans,Interstitial,United States,Desktop,N/A,$0.00  ~ $0.00 ,N/A,N/A,N/A,N/A,N/A
Food & Drink (Legacy),Credit/Debt & Loans,Instream,United States,Desktop,N/A,$0.00  ~ $0.00 ,N/A,N/A,N/A,N/A,N/A
Food & Drink (Legacy),Credit/Debt & Loans,Outstream,United States,Mobile Web,N/A,$0.00  ~ $0.00 ,N/A,N/A,N/A,N/A,N/A
Food & Drink (Legacy),Credit/Debt & Loans,Outstream,United States,Desktop,N/A,$0.00  ~ $0.00 ,N/A,N/A,N/A,N/A,N/A
Food & Drink (Legacy),Senor Health,Outstream,United States,Desktop,N/A,$0.00  ~ $0.00 ,N/A,N/A,N/A,N/A,N/A
Food & Drink (Legacy),Internet Technology,Instream,Canada,Desktop,N/A,$0.00  ~ $0.00 ,N/A,N/A,N/A,N/A,N/A
Food & Drink (Legacy),Investing,Outstream,United States,Mobile Web,N/A,$0.00  ~ $0.00 ,N/A,N/A,N/A,N/A,N/A
Food & Drink (Legacy),Investing,Outstream,United States,Desktop,N/A,$0.00  ~ $0.00 ,N/A,N/A,N/A,N/A,N/A
Food & Drink (Legacy),Investing,Interstitial,United States,Desktop,N/A,$0.00  ~ $0.00 ,N/A,N/A,N/A,N/A,N/A
Food & Drink (Legacy),Business,Instream,United Kingdom,Desktop,N/A,$0.00  ~ $0.00 ,N/A,N/A,N/A,N/A,N/A
Food & Drink (Legacy),Business,Instream,Canada,Desktop,N/A,$0.00  ~ $0.00 ,N/A,N/A,N/A,N/A,N/A
Food & Drink (Legacy),Business,Instream,Canada,Mobile Web,N/A,$0.00  ~ $0.00 ,N/A,N/A,N/A,N/A,N/A
Food & Drink (Legacy),Business,Outstream,United States,Desktop,N/A,$0.00  ~ $0.00 ,N/A,N/A,N/A,N/A,N/A
Food & Drink (Legacy),Business,Outstream,United States,Tablet,N/A,$0.00  ~ $0.00 ,N/A,N/A,N/A,N/A,N/A
Food & Drink (Legacy),Business,Outstream,Canada,Mobile Web,N/A,$0.00  ~ $0.00 ,N/A,N/A,N/A,N/A,N/A
Food & Drink (Legacy),Business,Outstream,United Kingdom,Desktop,N/A,$0.00  ~ $0.00 ,N/A,N/A,N/A,N/A,N/A
Food & Drink (Legacy),Business,Interstitial,United States,Desktop,N/A,$0.00  ~ $0.00 ,N/A,N/A,N/A,N/A,N/A
Food & Drink (Legacy),Business,Interstitial,United States,Mobile Web,N/A,$0.00  ~ $0.00 ,N/A,N/A,N/A,N/A,N/A
Food & Drink (Legacy),Business,Interstitial,United States,Tablet,N/A,$0.00  ~ $0.00 ,N/A,N/A,N/A,N/A,N/A
Food & Drink (Legacy),Business,Interstitial,Canada,Desktop,N/A,$0.00  ~ $0.00 ,N/A,N/A,N/A,N/A,N/A
Food & Drink (Legacy),Business,Interstitial,Canada,Mobile Web,N/A,$0.00  ~ $0.00 ,N/A,N/A,N/A,N/A,N/A
Food & Drink (Legacy),Business,Interstitial,United Kingdom,Mobile Web,N/A,$0.00  ~ $0.00 ,N/A,N/A,N/A,N/A,N/A
Food & Drink (Legacy),Business,Native,Canada,Mobile Web,N/A,$0.00  ~ $0.00 ,N/A,N/A,N/A,N/A,N/A
Food & Drink (Legacy),Home & Garden,Interstitial,United States,Mobile Web,N/A,$0.00  ~ $0.00 ,N/A,N/A,N/A,N/A,N/A
Food & Drink (Legacy),Home & Garden,Interstitial,United States,Desktop,N/A,$0.00  ~ $0.00 ,N/A,N/A,N/A,N/A,N/A
Food & Drink (Legacy),Home & Garden,Interstitial,United States,Tablet,N/A,$0.00  ~ $0.00 ,N/A,N/A,N/A,N/A,N/A
Food & Drink (Legacy),Home & Garden,Interstitial,United Kingdom,Desktop,N/A,$0.00  ~ $0.00 ,N/A,N/A,N/A,N/A,N/A
Food & Drink (Legacy),Home & Garden,Native,United States,Desktop,N/A,$0.00  ~ $0.00 ,N/A,N/A,N/A,N/A,N/A
Food & Drink (Legacy),Shopping,Instream,Canada,Desktop,N/A,$0.00  ~ $0.00 ,N/A,N/A,N/A,N/A,N/A
Food & Drink (Legacy),Shopping,Outstream,United States,Desktop,N/A,$0.00  ~ $0.00 ,N/A,N/A,N/A,N/A,N/A
Food & Drink (Legacy),Shopping,Outstream,United States,Mobile Web,N/A,$0.00  ~ $0.00 ,N/A,N/A,N/A,N/A,N/A
Food & Drink (Legacy),Shopping,Outstream,United States,Tablet,N/A,$0.00  ~ $0.00 ,N/A,N/A,N/A,N/A,N/A
Food & Drink (Legacy),Shopping,Interstitial,United Kingdom,Desktop,N/A,$0.00  ~ $0.00 ,N/A,N/A,N/A,N/A,N/A
Food & Drink (Legacy),Shopping,Interstitial,United Kingdom,Mobile Web,N/A,$0.00  ~ $0.00 ,N/A,N/A,N/A,N/A,N/A
Food & Drink (Legacy),Shopping,Interstitial,United States,Desktop,N/A,$0.00  ~ $0.00 ,N/A,N/A,N/A,N/A,N/A
Food & Drink (Legacy),Shopping,Interstitial,United States,Mobile Web,N/A,$0.00  ~ $0.00 ,N/A,N/A,N/A,N/A,N/A
Food & Drink (Legacy),Shopping,Interstitial,Canada,Desktop,N/A,$0.00  ~ $0.00 ,N/A,N/A,N/A,N/A,N/A
Food & Drink (Legacy),Shopping,Native,United States,Tablet,N/A,$0.00  ~ $0.00 ,N/A,N/A,N/A,N/A,N/A
Food & Drink (Legacy),Shopping,Native,United States,Desktop,N/A,$0.00  ~ $0.00 ,N/A,N/A,N/A,N/A,N/A
Food & Drink (Legacy),Agriculture,Outstream,United States,Mobile Web,N/A,$0.00  ~ $0.00 ,N/A,N/A,N/A,N/A,N/A
Food & Drink (Legacy),Agriculture,Outstream,United States,Desktop,N/A,$0.00  ~ $0.00 ,N/A,N/A,N/A,N/A,N/A
Food & Drink (Legacy),Agriculture,Outstream,United States,Tablet,N/A,$0.00  ~ $0.00 ,N/A,N/A,N/A,N/A,N/A
Food & Drink (Legacy),Agriculture,Instream,United States,Desktop,N/A,$0.00  ~ $0.00 ,N/A,N/A,N/A,N/A,N/A
Food & Drink (Legacy),Dogs,Instream,Canada,Desktop,N/A,$0.00  ~ $0.00 ,N/A,N/A,N/A,N/A,N/A
Food & Drink (Legacy),Private School,Instream,United States,Desktop,N/A,$0.00  ~ $0.00 ,N/A,N/A,N/A,N/A,N/A
Food & Drink (Legacy),Private School,Outstream,United States,Desktop,N/A,$0.00  ~ $0.00 ,N/A,N/A,N/A,N/A,N/A
Health & Fitness (Legacy),News,Instream,United States,Desktop,N/A,$31.54  ~ $31.54 ,$4.90 ,N/A,0.64%,78.57%,N/A
Health & Fitness (Legacy),News,Instream,United States,Mobile Web,N/A,$38.58  ~ $38.58 ,N/A,N/A,N/A,83.33%,N/A
Health & Fitness (Legacy),Politics,Instream,United States,Desktop,N/A,$45.83  ~ $45.83 ,N/A,N/A,N/A,100.00%,N/A
Health & Fitness (Legacy),"Law, Gov't & Politics",Instream,United States,Mobile Web,N/A,$38.08  ~ $38.26 ,N/A,N/A,N/A,79.76%,N/A
Health & Fitness (Legacy),"Law, Gov't & Politics",Instream,United States,Desktop,N/A,$38.46  ~ $38.47 ,N/A,N/A,N/A,95.97%,N/A
Health & Fitness (Legacy),Arts & Entertainment,Instream,United States,Desktop,N/A,$29.95  ~ $38.94 ,$1.11 ,N/A,2.70%,83.33%,N/A
Health & Fitness (Legacy),Arts & Entertainment,Outstream,United States,Mobile Web,N/A,$11.39  ~ $28.17 ,N/A,N/A,N/A,71.43%,N/A
Health & Fitness (Legacy),Personal Finance,Instream,United States,Desktop,N/A,$49.60  ~ $69.71 ,N/A,N/A,N/A,76.92%,N/A
Health & Fitness (Legacy),Personal Finance,Instream,United States,Mobile Web,N/A,$44.77  ~ $67.70 ,N/A,N/A,N/A,50.00%,N/A
Health & Fitness (Legacy),Personal Finance,Outstream,United States,Desktop,N/A,$50.53  ~ $50.53 ,N/A,N/A,N/A,100.00%,N/A
Health & Fitness (Legacy),Remodeling & Construction,Outstream,United States,Desktop,N/A,$42.87  ~ $42.87 ,N/A,N/A,N/A,N/A,N/A
Health & Fitness (Legacy),Remodeling & Construction,Instream,United States,Desktop,N/A,$36.70  ~ $36.70 ,N/A,N/A,N/A,100.00%,N/A
Health & Fitness (Legacy),Health & Fitness,Instream,United States,Mobile Web,N/A,$34.32  ~ $34.78 ,N/A,N/A,N/A,76.47%,N/A
Health & Fitness (Legacy),Health & Fitness,Instream,United States,Desktop,N/A,$32.24  ~ $35.60 ,N/A,N/A,N/A,86.36%,N/A
Health & Fitness (Legacy),Health & Fitness,Outstream,United States,Tablet,N/A,$95.59  ~ $95.59 ,N/A,N/A,N/A,50.00%,N/A
Health & Fitness (Legacy),Education,Instream,United States,Desktop,N/A,$33.96  ~ $34.32 ,N/A,N/A,N/A,100.00%,N/A
Health & Fitness (Legacy),Education,Instream,United States,Mobile Web,N/A,$27.31  ~ $64.41 ,N/A,N/A,N/A,100.00%,N/A
Health & Fitness (Legacy),Education,Outstream,United States,Mobile Web,N/A,$30.30  ~ $70.00 ,N/A,N/A,N/A,66.67%,N/A
Health & Fitness (Legacy),Education,Outstream,United States,Tablet,N/A,$32.44  ~ $79.65 ,N/A,N/A,N/A,N/A,N/A
Health & Fitness (Legacy),Automotive,Instream,United States,Desktop,N/A,$45.57  ~ $46.17 ,N/A,N/A,N/A,88.57%,N/A
Health & Fitness (Legacy),Automotive,Outstream,United States,Mobile Web,N/A,$35.22  ~ $35.22 ,N/A,N/A,N/A,100.00%,N/A
Health & Fitness (Legacy),Graduate School,Instream,United States,Desktop,N/A,$49.15  ~ $49.15 ,N/A,N/A,N/A,50.00%,N/A
Health & Fitness (Legacy),Buying/Selling Cars,Instream,United States,Desktop,N/A,$41.00  ~ $41.00 ,N/A,N/A,N/A,99.59%,N/A
Health & Fitness (Legacy),Interior Decorating,Instream,United States,Desktop,N/A,$0.00  ~ $0.00 ,N/A,N/A,N/A,N/A,N/A
Health & Fitness (Legacy),Interior Decorating,Instream,United States,Mobile Web,N/A,$42.92  ~ $42.92 ,N/A,N/A,N/A,50.00%,N/A
Health & Fitness (Legacy),Hobbies & Interests,Instream,United States,Desktop,N/A,$57.30  ~ $57.30 ,N/A,N/A,N/A,100.00%,N/A
Health & Fitness (Legacy),Hobbies & Interests,Outstream,United States,Desktop,N/A,$42.70  ~ $42.70 ,N/A,N/A,N/A,100.00%,N/A
Health & Fitness (Legacy),Hobbies & Interests,Outstream,United States,Mobile Web,N/A,$45.20  ~ $45.20 ,N/A,N/A,N/A,50.00%,N/A
Health & Fitness (Legacy),Careers,Instream,United States,Desktop,N/A,$54.63  ~ $54.63 ,N/A,N/A,N/A,75.00%,N/A
Health & Fitness (Legacy),Travel,Instream,United States,Desktop,N/A,$31.46  ~ $31.46 ,$0.44 ,N/A,7.14%,57.14%,N/A
Health & Fitness (Legacy),Business,Instream,United States,Desktop,N/A,$38.10  ~ $43.09 ,N/A,N/A,N/A,87.80%,N/A
Health & Fitness (Legacy),Business,Instream,United States,Mobile Web,N/A,$36.63  ~ $40.90 ,N/A,N/A,N/A,72.73%,N/A
Health & Fitness (Legacy),Home & Garden,Instream,United States,Desktop,N/A,$29.37  ~ $29.45 ,N/A,N/A,N/A,92.13%,N/A
Health & Fitness (Legacy),Home & Garden,Instream,United States,Mobile Web,N/A,$26.49  ~ $27.36 ,N/A,N/A,N/A,69.57%,N/A
Health & Fitness (Legacy),Home & Garden,Outstream,United States,Desktop,N/A,$32.98  ~ $49.78 ,N/A,N/A,N/A,100.00%,N/A
Health & Fitness (Legacy),Home & Garden,Outstream,United States,Mobile Web,N/A,$18.66  ~ $18.66 ,N/A,N/A,N/A,66.67%,N/A
Health & Fitness (Legacy),Home Repair,Instream,United States,Desktop,N/A,$39.44  ~ $39.44 ,N/A,N/A,N/A,100.00%,N/A
Health & Fitness (Legacy),Shopping,Instream,United States,Desktop,N/A,$42.01  ~ $42.01 ,N/A,N/A,N/A,100.00%,N/A
Health & Fitness (Legacy),Shopping,Instream,United States,Mobile Web,N/A,$45.32  ~ $45.32 ,N/A,N/A,N/A,N/A,N/A
Health & Fitness (Legacy),Shopping,Outstream,United States,Mobile Web,N/A,$45.85  ~ $45.85 ,N/A,N/A,N/A,100.00%,N/A
Health & Fitness (Legacy),Travel,Interstitial,United Kingdom,Mobile Web,N/A,$0.00  ~ $0.00 ,N/A,N/A,N/A,N/A,N/A
Health & Fitness (Legacy),Travel,Interstitial,United Kingdom,Desktop,N/A,$0.00  ~ $0.00 ,N/A,N/A,N/A,N/A,N/A
Health & Fitness (Legacy),Travel,Interstitial,United States,Desktop,N/A,$0.00  ~ $0.00 ,N/A,N/A,N/A,N/A,N/A
Health & Fitness (Legacy),Travel,Outstream,United States,Desktop,N/A,$0.00  ~ $0.00 ,N/A,N/A,N/A,N/A,N/A
Health & Fitness (Legacy),Travel,Outstream,United States,Mobile Web,N/A,$0.00  ~ $0.00 ,N/A,N/A,N/A,N/A,N/A
Health & Fitness (Legacy),Travel,Outstream,United Kingdom,Mobile Web,N/A,$0.00  ~ $0.00 ,N/A,N/A,N/A,N/A,N/A
Health & Fitness (Legacy),Travel,Instream,United Kingdom,Desktop,N/A,$0.00  ~ $0.00 ,N/A,N/A,N/A,N/A,N/A
Health & Fitness (Legacy),Food & Drink,Interstitial,United States,Desktop,N/A,$0.00  ~ $0.00 ,N/A,N/A,N/A,N/A,N/A
Health & Fitness (Legacy),Food & Drink,Outstream,United States,Mobile Web,N/A,$0.00  ~ $0.00 ,N/A,N/A,N/A,N/A,N/A
Health & Fitness (Legacy),Food & Drink,Outstream,United States,Desktop,N/A,$0.00  ~ $0.00 ,N/A,N/A,N/A,N/A,N/A
Health & Fitness (Legacy),Food & Drink,Instream,United States,Desktop,N/A,$0.00  ~ $0.00 ,N/A,N/A,N/A,N/A,N/A
Health & Fitness (Legacy),Food & Drink,Instream,United States,Mobile Web,N/A,$0.00  ~ $0.00 ,N/A,N/A,N/A,N/A,N/A
Health & Fitness (Legacy),By US Locale,Instream,United States,Desktop,N/A,$0.00  ~ $0.00 ,N/A,N/A,N/A,N/A,N/A
Health & Fitness (Legacy),By US Locale,Interstitial,United States,Desktop,N/A,$0.00  ~ $0.00 ,N/A,N/A,N/A,N/A,N/A
Health & Fitness (Legacy),Comparison,Interstitial,United States,Desktop,N/A,$0.00  ~ $0.00 ,N/A,N/A,N/A,N/A,N/A
Health & Fitness (Legacy),Automotive,Outstream,Canada,Mobile Web,N/A,$0.00  ~ $0.00 ,N/A,N/A,N/A,N/A,N/A
Health & Fitness (Legacy),Automotive,Outstream,United States,Desktop,N/A,$0.00  ~ $0.00 ,N/A,N/A,N/A,N/A,N/A
Health & Fitness (Legacy),Auto Repair,Interstitial,United States,Desktop,N/A,$0.00  ~ $0.00 ,N/A,N/A,N/A,N/A,N/A
Health & Fitness (Legacy),Remodeling & Construction,Outstream,United States,Mobile Web,N/A,$0.00  ~ $0.00 ,N/A,N/A,N/A,N/A,N/A
Health & Fitness (Legacy),Green Solutions,Outstream,United States,Desktop,N/A,$0.00  ~ $0.00 ,N/A,N/A,N/A,N/A,N/A
Health & Fitness (Legacy),Family & Parenting,Interstitial,United States,Desktop,N/A,$0.00  ~ $0.00 ,N/A,N/A,N/A,N/A,N/A
Health & Fitness (Legacy),Family & Parenting,Outstream,United States,Desktop,N/A,$0.00  ~ $0.00 ,N/A,N/A,N/A,N/A,N/A
Health & Fitness (Legacy),Family & Parenting,Outstream,United States,Mobile Web,N/A,$0.00  ~ $0.00 ,N/A,N/A,N/A,N/A,N/A
Health & Fitness (Legacy),Family & Parenting,Instream,United Kingdom,Tablet,N/A,$0.00  ~ $0.00 ,N/A,N/A,N/A,N/A,N/A
Health & Fitness (Legacy),Family & Parenting,Instream,United States,Desktop,N/A,$0.00  ~ $0.00 ,N/A,N/A,N/A,N/A,N/A
Health & Fitness (Legacy),Legal Issues,Interstitial,United States,Desktop,N/A,$0.00  ~ $0.00 ,N/A,N/A,N/A,N/A,N/A
Health & Fitness (Legacy),Legal Issues,Outstream,United States,Desktop,N/A,$0.00  ~ $0.00 ,N/A,N/A,N/A,N/A,N/A
Health & Fitness (Legacy),Legal Issues,Outstream,United States,Mobile Web,N/A,$0.00  ~ $0.00 ,N/A,N/A,N/A,N/A,N/A
Health & Fitness (Legacy),Legal Issues,Instream,Canada,Desktop,N/A,$0.00  ~ $0.00 ,N/A,N/A,N/A,N/A,N/A
Health & Fitness (Legacy),Legal Issues,Instream,United States,Desktop,N/A,$0.00  ~ $0.00 ,N/A,N/A,N/A,N/A,N/A
Health & Fitness (Legacy),Senior Living,Outstream,United States,Desktop,N/A,$0.00  ~ $0.00 ,N/A,N/A,N/A,N/A,N/A
Health & Fitness (Legacy),Senior Living,Interstitial,United States,Desktop,N/A,$0.00  ~ $0.00 ,N/A,N/A,N/A,N/A,N/A
Health & Fitness (Legacy),Senior Living,Instream,United States,Desktop,N/A,$0.00  ~ $0.00 ,N/A,N/A,N/A,N/A,N/A
Health & Fitness (Legacy),Pets,Instream,Canada,Desktop,N/A,$0.00  ~ $0.00 ,N/A,N/A,N/A,N/A,N/A
Health & Fitness (Legacy),Pets,Interstitial,United States,Desktop,N/A,$0.00  ~ $0.00 ,N/A,N/A,N/A,N/A,N/A
Health & Fitness (Legacy),Pets,Outstream,United States,Mobile Web,N/A,$0.00  ~ $0.00 ,N/A,N/A,N/A,N/A,N/A
Health & Fitness (Legacy),Pets,Outstream,United States,Desktop,N/A,$0.00  ~ $0.00 ,N/A,N/A,N/A,N/A,N/A
Health & Fitness (Legacy),Adventure Travel,Outstream,United States,Mobile Web,N/A,$0.00  ~ $0.00 ,N/A,N/A,N/A,N/A,N/A
Health & Fitness (Legacy),K-6 Educators,Interstitial,United States,Desktop,N/A,$0.00  ~ $0.00 ,N/A,N/A,N/A,N/A,N/A
Health & Fitness (Legacy),K-6 Educators,Instream,United States,Desktop,N/A,$0.00  ~ $0.00 ,N/A,N/A,N/A,N/A,N/A
Health & Fitness (Legacy),Graduate School,Outstream,United States,Desktop,N/A,$0.00  ~ $0.00 ,N/A,N/A,N/A,N/A,N/A
Health & Fitness (Legacy),Graduate School,Outstream,United States,Mobile Web,N/A,$0.00  ~ $0.00 ,N/A,N/A,N/A,N/A,N/A
Health & Fitness (Legacy),Cold & Flu,Interstitial,United States,Desktop,N/A,$0.00  ~ $0.00 ,N/A,N/A,N/A,N/A,N/A
Health & Fitness (Legacy),Cold & Flu,Outstream,United States,Mobile Web,N/A,$0.00  ~ $0.00 ,N/A,N/A,N/A,N/A,N/A
Health & Fitness (Legacy),Cold & Flu,Outstream,United States,Desktop,N/A,$0.00  ~ $0.00 ,N/A,N/A,N/A,N/A,N/A
Health & Fitness (Legacy),Cold & Flu,Instream,United States,Desktop,N/A,$0.00  ~ $0.00 ,N/A,N/A,N/A,N/A,N/A
Health & Fitness (Legacy),Job Search,Outstream,United States,Desktop,N/A,$0.00  ~ $0.00 ,N/A,N/A,N/A,N/A,N/A
Health & Fitness (Legacy),Job Search,Outstream,United Kingdom,Mobile Web,N/A,$0.00  ~ $0.00 ,N/A,N/A,N/A,N/A,N/A
Health & Fitness (Legacy),Job Search,Instream,United States,Desktop,N/A,$0.00  ~ $0.00 ,N/A,N/A,N/A,N/A,N/A
Health & Fitness (Legacy),Cocktails/Beer,Outstream,United States,Desktop,N/A,$0.00  ~ $0.00 ,N/A,N/A,N/A,N/A,N/A
Health & Fitness (Legacy),Real Estate,Instream,United States,Desktop,N/A,$0.00  ~ $0.00 ,N/A,N/A,N/A,N/A,N/A
Health & Fitness (Legacy),Real Estate,Instream,United States,Mobile Web,N/A,$0.00  ~ $0.00 ,N/A,N/A,N/A,N/A,N/A
Health & Fitness (Legacy),Real Estate,Outstream,United States,Mobile Web,N/A,$0.00  ~ $0.00 ,N/A,N/A,N/A,N/A,N/A
Health & Fitness (Legacy),Real Estate,Outstream,United States,Desktop,N/A,$0.00  ~ $0.00 ,N/A,N/A,N/A,N/A,N/A
Health & Fitness (Legacy),Careers,Outstream,United States,Desktop,N/A,$0.00  ~ $0.00 ,N/A,N/A,N/A,N/A,N/A
Health & Fitness (Legacy),Careers,Outstream,United States,Mobile Web,N/A,$0.00  ~ $0.00 ,N/A,N/A,N/A,N/A,N/A
Health & Fitness (Legacy),Careers,Interstitial,United States,Desktop,N/A,$0.00  ~ $0.00 ,N/A,N/A,N/A,N/A,N/A
Health & Fitness (Legacy),Honeymoons/Getaways,Interstitial,United Kingdom,Desktop,N/A,$0.00  ~ $0.00 ,N/A,N/A,N/A,N/A,N/A
Health & Fitness (Legacy),Honeymoons/Getaways,Outstream,United States,Desktop,N/A,$0.00  ~ $0.00 ,N/A,N/A,N/A,N/A,N/A
Health & Fitness (Legacy),Commentary,Outstream,United States,Desktop,N/A,$0.00  ~ $0.00 ,N/A,N/A,N/A,N/A,N/A
Health & Fitness (Legacy),Business,Interstitial,United States,Desktop,N/A,$0.00  ~ $0.00 ,N/A,N/A,N/A,N/A,N/A
Health & Fitness (Legacy),Business,Interstitial,United States,Mobile Web,N/A,$0.00  ~ $0.00 ,N/A,N/A,N/A,N/A,N/A
Health & Fitness (Legacy),Business,Interstitial,Canada,Desktop,N/A,$0.00  ~ $0.00 ,N/A,N/A,N/A,N/A,N/A
Health & Fitness (Legacy),Business,Interstitial,United Kingdom,Mobile Web,N/A,$0.00  ~ $0.00 ,N/A,N/A,N/A,N/A,N/A
Health & Fitness (Legacy),Business,Instream,Canada,Desktop,N/A,$0.00  ~ $0.00 ,N/A,N/A,N/A,N/A,N/A
Health & Fitness (Legacy),Business,Instream,Canada,Mobile Web,N/A,$0.00  ~ $0.00 ,N/A,N/A,N/A,N/A,N/A
Health & Fitness (Legacy),Business,Instream,Mexico,Desktop,N/A,$0.00  ~ $0.00 ,N/A,N/A,N/A,N/A,N/A
Health & Fitness (Legacy),Business,Outstream,United States,Desktop,N/A,$0.00  ~ $0.00 ,N/A,N/A,N/A,N/A,N/A
Health & Fitness (Legacy),Business,Outstream,United States,Mobile Web,N/A,$0.00  ~ $0.00 ,N/A,N/A,N/A,N/A,N/A
Health & Fitness (Legacy),Business,Outstream,United States,Tablet,N/A,$0.00  ~ $0.00 ,N/A,N/A,N/A,N/A,N/A
Health & Fitness (Legacy),Business,Outstream,Canada,Mobile Web,N/A,$0.00  ~ $0.00 ,N/A,N/A,N/A,N/A,N/A
Health & Fitness (Legacy),Business,Outstream,United Kingdom,Mobile Web,N/A,$0.00  ~ $0.00 ,N/A,N/A,N/A,N/A,N/A
Health & Fitness (Legacy),Business,Native,Canada,Mobile Web,N/A,$0.00  ~ $0.00 ,N/A,N/A,N/A,N/A,N/A
Health & Fitness (Legacy),Politics,Interstitial,United States,Desktop,N/A,$0.00  ~ $0.00 ,N/A,N/A,N/A,N/A,N/A
Health & Fitness (Legacy),Politics,Outstream,United States,Mobile Web,N/A,$0.00  ~ $0.00 ,N/A,N/A,N/A,N/A,N/A
Health & Fitness (Legacy),Politics,Outstream,United States,Desktop,N/A,$0.00  ~ $0.00 ,N/A,N/A,N/A,N/A,N/A
Health & Fitness (Legacy),Cancer,Interstitial,Canada,Desktop,N/A,$0.00  ~ $0.00 ,N/A,N/A,N/A,N/A,N/A
Health & Fitness (Legacy),Card Games,Instream,United States,Desktop,N/A,$0.00  ~ $0.00 ,N/A,N/A,N/A,N/A,N/A
Health & Fitness (Legacy),Card Games,Outstream,United States,Mobile Web,N/A,$0.00  ~ $0.00 ,N/A,N/A,N/A,N/A,N/A
Health & Fitness (Legacy),Card Games,Outstream,United States,Desktop,N/A,$0.00  ~ $0.00 ,N/A,N/A,N/A,N/A,N/A
Health & Fitness (Legacy),Card Games,Outstream,United States,Tablet,N/A,$0.00  ~ $0.00 ,N/A,N/A,N/A,N/A,N/A
Health & Fitness (Legacy),Psychology/Psychiatry,Outstream,United States,Desktop,N/A,$0.00  ~ $0.00 ,N/A,N/A,N/A,N/A,N/A
Health & Fitness (Legacy),Alternative Medicine,Instream,United States,Desktop,N/A,$0.00  ~ $0.00 ,N/A,N/A,N/A,N/A,N/A
Health & Fitness (Legacy),Personal Finance,Interstitial,United Kingdom,Desktop,N/A,$0.00  ~ $0.00 ,N/A,N/A,N/A,N/A,N/A
Health & Fitness (Legacy),Personal Finance,Interstitial,United States,Desktop,N/A,$0.00  ~ $0.00 ,N/A,N/A,N/A,N/A,N/A
Health & Fitness (Legacy),Personal Finance,Interstitial,Canada,Desktop,N/A,$0.00  ~ $0.00 ,N/A,N/A,N/A,N/A,N/A
Health & Fitness (Legacy),Personal Finance,Outstream,United States,Mobile Web,N/A,$0.00  ~ $0.00 ,N/A,N/A,N/A,N/A,N/A
Health & Fitness (Legacy),Personal Finance,Instream,Canada,Desktop,N/A,$0.00  ~ $0.00 ,N/A,N/A,N/A,N/A,N/A
Health & Fitness (Legacy),Personal Finance,Instream,Mexico,Desktop,N/A,$0.00  ~ $0.00 ,N/A,N/A,N/A,N/A,N/A
Health & Fitness (Legacy),Personal Finance,Instream,United States,Tablet,N/A,$0.00  ~ $0.00 ,N/A,N/A,N/A,N/A,N/A
Health & Fitness (Legacy),Arts & Entertainment,Interstitial,United States,Desktop,N/A,$0.00  ~ $0.00 ,N/A,N/A,N/A,N/A,N/A
Health & Fitness (Legacy),Arts & Entertainment,Interstitial,United Kingdom,Mobile Web,N/A,$0.00  ~ $0.00 ,N/A,N/A,N/A,N/A,N/A
Health & Fitness (Legacy),Arts & Entertainment,Interstitial,United Kingdom,Desktop,N/A,$0.00  ~ $0.00 ,N/A,N/A,N/A,N/A,N/A
Health & Fitness (Legacy),Arts & Entertainment,Interstitial,Canada,Desktop,N/A,$0.00  ~ $0.00 ,N/A,N/A,N/A,N/A,N/A
Health & Fitness (Legacy),Arts & Entertainment,Outstream,United States,Desktop,N/A,$0.00  ~ $0.00 ,N/A,N/A,N/A,N/A,N/A
Health & Fitness (Legacy),Arts & Entertainment,Outstream,United States,Tablet,N/A,$0.00  ~ $0.00 ,N/A,N/A,N/A,N/A,N/A
Health & Fitness (Legacy),Arts & Entertainment,Instream,Canada,Desktop,N/A,$0.00  ~ $0.00 ,N/A,N/A,N/A,N/A,N/A
Health & Fitness (Legacy),Cruises,Interstitial,United States,Desktop,N/A,$0.00  ~ $0.00 ,N/A,N/A,N/A,N/A,N/A
Health & Fitness (Legacy),Internet Technology,Instream,Canada,Desktop,N/A,$0.00  ~ $0.00 ,N/A,N/A,N/A,N/A,N/A
Health & Fitness (Legacy),Investing,Interstitial,United States,Mobile Web,N/A,$0.00  ~ $0.00 ,N/A,N/A,N/A,N/A,N/A
Health & Fitness (Legacy),Investing,Outstream,United States,Mobile Web,N/A,$0.00  ~ $0.00 ,N/A,N/A,N/A,N/A,N/A
Health & Fitness (Legacy),Investing,Outstream,United States,Desktop,N/A,$0.00  ~ $0.00 ,N/A,N/A,N/A,N/A,N/A
Health & Fitness (Legacy),Shopping,Interstitial,United Kingdom,Desktop,N/A,$0.00  ~ $0.00 ,N/A,N/A,N/A,N/A,N/A
Health & Fitness (Legacy),Shopping,Interstitial,United Kingdom,Mobile Web,N/A,$0.00  ~ $0.00 ,N/A,N/A,N/A,N/A,N/A
Health & Fitness (Legacy),Shopping,Interstitial,United States,Desktop,N/A,$0.00  ~ $0.00 ,N/A,N/A,N/A,N/A,N/A
Health & Fitness (Legacy),Shopping,Interstitial,Canada,Desktop,N/A,$0.00  ~ $0.00 ,N/A,N/A,N/A,N/A,N/A
Health & Fitness (Legacy),Shopping,Outstream,United States,Desktop,N/A,$0.00  ~ $0.00 ,N/A,N/A,N/A,N/A,N/A
Health & Fitness (Legacy),Shopping,Outstream,United States,Tablet,N/A,$0.00  ~ $0.00 ,N/A,N/A,N/A,N/A,N/A
Health & Fitness (Legacy),Shopping,Outstream,United Kingdom,Desktop,N/A,$0.00  ~ $0.00 ,N/A,N/A,N/A,N/A,N/A
Health & Fitness (Legacy),Shopping,Outstream,United Kingdom,Mobile Web,N/A,$0.00  ~ $0.00 ,N/A,N/A,N/A,N/A,N/A
Health & Fitness (Legacy),Shopping,Outstream,Canada,Mobile Web,N/A,$0.00  ~ $0.00 ,N/A,N/A,N/A,N/A,N/A
Health & Fitness (Legacy),Shopping,Instream,Canada,Desktop,N/A,$0.00  ~ $0.00 ,N/A,N/A,N/A,N/A,N/A
Health & Fitness (Legacy),Shopping,Instream,United Kingdom,Desktop,N/A,$0.00  ~ $0.00 ,N/A,N/A,N/A,N/A,N/A
Health & Fitness (Legacy),Agriculture,Interstitial,United States,Desktop,N/A,$0.00  ~ $0.00 ,N/A,N/A,N/A,N/A,N/A
Health & Fitness (Legacy),Agriculture,Instream,United States,Desktop,N/A,$0.00  ~ $0.00 ,N/A,N/A,N/A,N/A,N/A
Health & Fitness (Legacy),Agriculture,Outstream,United States,Desktop,N/A,$0.00  ~ $0.00 ,N/A,N/A,N/A,N/A,N/A
Health & Fitness (Legacy),Coffee/Tea,Outstream,United States,Desktop,N/A,$0.00  ~ $0.00 ,N/A,N/A,N/A,N/A,N/A
Health & Fitness (Legacy),Coffee/Tea,Outstream,United States,Mobile Web,N/A,$0.00  ~ $0.00 ,N/A,N/A,N/A,N/A,N/A
Health & Fitness (Legacy),Pro Ice Hockey,Instream,Canada,Desktop,N/A,$0.00  ~ $0.00 ,N/A,N/A,N/A,N/A,N/A
Health & Fitness (Legacy),"Law, Gov't & Politics",Instream,Mexico,Desktop,N/A,$0.00  ~ $0.00 ,N/A,N/A,N/A,N/A,N/A
Health & Fitness (Legacy),"Law, Gov't & Politics",Outstream,United States,Desktop,N/A,$0.00  ~ $0.00 ,N/A,N/A,N/A,N/A,N/A
Health & Fitness (Legacy),"Law, Gov't & Politics",Outstream,United States,Mobile Web,N/A,$0.00  ~ $0.00 ,N/A,N/A,N/A,N/A,N/A
Health & Fitness (Legacy),"Law, Gov't & Politics",Outstream,United States,Tablet,N/A,$0.00  ~ $0.00 ,N/A,N/A,N/A,N/A,N/A
Health & Fitness (Legacy),"Law, Gov't & Politics",Outstream,Mexico,Mobile Web,N/A,$0.00  ~ $0.00 ,N/A,N/A,N/A,N/A,N/A
Health & Fitness (Legacy),"Law, Gov't & Politics",Interstitial,United States,Desktop,N/A,$0.00  ~ $0.00 ,N/A,N/A,N/A,N/A,N/A
Health & Fitness (Legacy),Interior Decorating,Interstitial,United States,Desktop,N/A,$0.00  ~ $0.00 ,N/A,N/A,N/A,N/A,N/A
Health & Fitness (Legacy),Interior Decorating,Interstitial,United States,Mobile Web,N/A,$0.00  ~ $0.00 ,N/A,N/A,N/A,N/A,N/A
Health & Fitness (Legacy),Interior Decorating,Interstitial,United States,Tablet,N/A,$0.00  ~ $0.00 ,N/A,N/A,N/A,N/A,N/A
Health & Fitness (Legacy),Interior Decorating,Outstream,United States,Desktop,N/A,$0.00  ~ $0.00 ,N/A,N/A,N/A,N/A,N/A
Health & Fitness (Legacy),Interior Decorating,Outstream,United States,Mobile Web,N/A,$0.00  ~ $0.00 ,N/A,N/A,N/A,N/A,N/A
Health & Fitness (Legacy),Metals,Interstitial,United States,Desktop,N/A,$0.00  ~ $0.00 ,N/A,N/A,N/A,N/A,N/A
Health & Fitness (Legacy),Metals,Instream,United States,Desktop,N/A,$0.00  ~ $0.00 ,N/A,N/A,N/A,N/A,N/A
Health & Fitness (Legacy),Metals,Instream,United States,Mobile Web,N/A,$0.00  ~ $0.00 ,N/A,N/A,N/A,N/A,N/A
Health & Fitness (Legacy),Metals,Instream,Canada,Desktop,N/A,$0.00  ~ $0.00 ,N/A,N/A,N/A,N/A,N/A
Health & Fitness (Legacy),Metals,Outstream,United States,Desktop,N/A,$0.00  ~ $0.00 ,N/A,N/A,N/A,N/A,N/A
Health & Fitness (Legacy),Metals,Outstream,United States,Mobile Web,N/A,$0.00  ~ $0.00 ,N/A,N/A,N/A,N/A,N/A
Health & Fitness (Legacy),Insurance,Outstream,United States,Desktop,N/A,$0.00  ~ $0.00 ,N/A,N/A,N/A,N/A,N/A
Health & Fitness (Legacy),College,Interstitial,United States,Desktop,N/A,$0.00  ~ $0.00 ,N/A,N/A,N/A,N/A,N/A
Health & Fitness (Legacy),College,Outstream,United States,Desktop,N/A,$0.00  ~ $0.00 ,N/A,N/A,N/A,N/A,N/A
Health & Fitness (Legacy),College,Outstream,United States,Mobile Web,N/A,$0.00  ~ $0.00 ,N/A,N/A,N/A,N/A,N/A
Health & Fitness (Legacy),Hotels,Outstream,United States,Desktop,N/A,$0.00  ~ $0.00 ,N/A,N/A,N/A,N/A,N/A
Health & Fitness (Legacy),Hotels,Outstream,United States,Mobile Web,N/A,$0.00  ~ $0.00 ,N/A,N/A,N/A,N/A,N/A
Health & Fitness (Legacy),Hotels,Interstitial,United States,Desktop,N/A,$0.00  ~ $0.00 ,N/A,N/A,N/A,N/A,N/A
Health & Fitness (Legacy),Hotels,Instream,United States,Desktop,N/A,$0.00  ~ $0.00 ,N/A,N/A,N/A,N/A,N/A
Health & Fitness (Legacy),Apartments,Instream,United Kingdom,Desktop,N/A,$0.00  ~ $0.00 ,N/A,N/A,N/A,N/A,N/A
Health & Fitness (Legacy),Private School,Interstitial,United States,Desktop,N/A,$0.00  ~ $0.00 ,N/A,N/A,N/A,N/A,N/A
Health & Fitness (Legacy),Private School,Outstream,United States,Desktop,N/A,$0.00  ~ $0.00 ,N/A,N/A,N/A,N/A,N/A
Health & Fitness (Legacy),Health & Fitness,Outstream,United States,Desktop,N/A,$0.00  ~ $0.00 ,N/A,N/A,N/A,N/A,N/A
Health & Fitness (Legacy),Health & Fitness,Outstream,United States,Mobile Web,N/A,$0.00  ~ $0.00 ,N/A,N/A,N/A,N/A,N/A
Health & Fitness (Legacy),Health & Fitness,Interstitial,United States,Desktop,N/A,$0.00  ~ $0.00 ,N/A,N/A,N/A,N/A,N/A
Health & Fitness (Legacy),Health & Fitness,Interstitial,United States,Mobile Web,N/A,$0.00  ~ $0.00 ,N/A,N/A,N/A,N/A,N/A
Health & Fitness (Legacy),Health & Fitness,Interstitial,United States,Tablet,N/A,$0.00  ~ $0.00 ,N/A,N/A,N/A,N/A,N/A
Health & Fitness (Legacy),Health & Fitness,Interstitial,United Kingdom,Desktop,N/A,$0.00  ~ $0.00 ,N/A,N/A,N/A,N/A,N/A
Health & Fitness (Legacy),Health & Fitness,Interstitial,Canada,Desktop,N/A,$0.00  ~ $0.00 ,N/A,N/A,N/A,N/A,N/A
Health & Fitness (Legacy),Health & Fitness,Instream,Canada,Desktop,N/A,$0.00  ~ $0.00 ,N/A,N/A,N/A,N/A,N/A
Health & Fitness (Legacy),Health & Fitness,Native,United States,Desktop,N/A,$0.00  ~ $0.00 ,N/A,N/A,N/A,N/A,N/A
Health & Fitness (Legacy),Education,Interstitial,United States,Desktop,N/A,$0.00  ~ $0.00 ,N/A,N/A,N/A,N/A,N/A
Health & Fitness (Legacy),Education,Outstream,United States,Desktop,N/A,$0.00  ~ $0.00 ,N/A,N/A,N/A,N/A,N/A
Health & Fitness (Legacy),Advertising,Native,United States,Mobile Web,N/A,$0.00  ~ $0.00 ,N/A,N/A,N/A,N/A,N/A
Health & Fitness (Legacy),Advertising,Outstream,United States,Mobile Web,N/A,$0.00  ~ $0.00 ,N/A,N/A,N/A,N/A,N/A
Health & Fitness (Legacy),Advertising,Outstream,United States,Desktop,N/A,$0.00  ~ $0.00 ,N/A,N/A,N/A,N/A,N/A
Health & Fitness (Legacy),Advertising,Interstitial,United States,Desktop,N/A,$0.00  ~ $0.00 ,N/A,N/A,N/A,N/A,N/A
Health & Fitness (Legacy),Advertising,Instream,United States,Desktop,N/A,$0.00  ~ $0.00 ,N/A,N/A,N/A,N/A,N/A
Health & Fitness (Legacy),Credit/Debt & Loans,Interstitial,United States,Desktop,N/A,$0.00  ~ $0.00 ,N/A,N/A,N/A,N/A,N/A
Health & Fitness (Legacy),Credit/Debt & Loans,Outstream,United States,Mobile Web,N/A,$0.00  ~ $0.00 ,N/A,N/A,N/A,N/A,N/A
Health & Fitness (Legacy),Credit/Debt & Loans,Outstream,United States,Desktop,N/A,$0.00  ~ $0.00 ,N/A,N/A,N/A,N/A,N/A
Health & Fitness (Legacy),Pediatrics,Interstitial,United States,Desktop,N/A,$0.00  ~ $0.00 ,N/A,N/A,N/A,N/A,N/A
Health & Fitness (Legacy),Pediatrics,Outstream,United States,Desktop,N/A,$0.00  ~ $0.00 ,N/A,N/A,N/A,N/A,N/A
Health & Fitness (Legacy),Pediatrics,Instream,United States,Mobile Web,N/A,$0.00  ~ $0.00 ,N/A,N/A,N/A,N/A,N/A
Health & Fitness (Legacy),Buying/Selling Cars,Outstream,United States,Mobile Web,N/A,$0.00  ~ $0.00 ,N/A,N/A,N/A,N/A,N/A
Health & Fitness (Legacy),Buying/Selling Cars,Outstream,United States,Desktop,N/A,$0.00  ~ $0.00 ,N/A,N/A,N/A,N/A,N/A
Health & Fitness (Legacy),Buying/Selling Cars,Interstitial,United States,Desktop,N/A,$0.00  ~ $0.00 ,N/A,N/A,N/A,N/A,N/A
Health & Fitness (Legacy),Dogs,Instream,Canada,Desktop,N/A,$0.00  ~ $0.00 ,N/A,N/A,N/A,N/A,N/A
Health & Fitness (Legacy),Business Software,Instream,United States,Desktop,N/A,$0.00  ~ $0.00 ,N/A,N/A,N/A,N/A,N/A
Health & Fitness (Legacy),Business Software,Instream,United Kingdom,Desktop,N/A,$0.00  ~ $0.00 ,N/A,N/A,N/A,N/A,N/A
Health & Fitness (Legacy),Business Software,Outstream,United States,Desktop,N/A,$0.00  ~ $0.00 ,N/A,N/A,N/A,N/A,N/A
Health & Fitness (Legacy),Business Software,Interstitial,United Kingdom,Desktop,N/A,$0.00  ~ $0.00 ,N/A,N/A,N/A,N/A,N/A
Health & Fitness (Legacy),Home & Garden,Outstream,United States,Tablet,N/A,$0.00  ~ $0.00 ,N/A,N/A,N/A,N/A,N/A
Health & Fitness (Legacy),Home & Garden,Interstitial,United Kingdom,Desktop,N/A,$0.00  ~ $0.00 ,N/A,N/A,N/A,N/A,N/A
Health & Fitness (Legacy),Home & Garden,Interstitial,United States,Tablet,N/A,$0.00  ~ $0.00 ,N/A,N/A,N/A,N/A,N/A
Health & Fitness (Legacy),Home & Garden,Interstitial,United States,Desktop,N/A,$0.00  ~ $0.00 ,N/A,N/A,N/A,N/A,N/A
Health & Fitness (Legacy),Home & Garden,Interstitial,United States,Mobile Web,N/A,$0.00  ~ $0.00 ,N/A,N/A,N/A,N/A,N/A
Health & Fitness (Legacy),Hobbies & Interests,Outstream,United States,Tablet,N/A,$0.00  ~ $0.00 ,N/A,N/A,N/A,N/A,N/A
Health & Fitness (Legacy),Hobbies & Interests,Outstream,United Kingdom,Desktop,N/A,$0.00  ~ $0.00 ,N/A,N/A,N/A,N/A,N/A
Health & Fitness (Legacy),Hobbies & Interests,Outstream,United Kingdom,Mobile Web,N/A,$0.00  ~ $0.00 ,N/A,N/A,N/A,N/A,N/A
Health & Fitness (Legacy),Hobbies & Interests,Interstitial,United States,Desktop,N/A,$0.00  ~ $0.00 ,N/A,N/A,N/A,N/A,N/A
Health & Fitness (Legacy),Hobbies & Interests,Interstitial,United States,Mobile Web,N/A,$0.00  ~ $0.00 ,N/A,N/A,N/A,N/A,N/A
Health & Fitness (Legacy),Clothing,Outstream,United States,Mobile Web,N/A,$0.00  ~ $0.00 ,N/A,N/A,N/A,N/A,N/A
Health & Fitness (Legacy),Home Repair,Outstream,United States,Desktop,N/A,$0.00  ~ $0.00 ,N/A,N/A,N/A,N/A,N/A
Health & Fitness (Legacy),Infertility,Instream,United States,Desktop,N/A,$0.00  ~ $0.00 ,N/A,N/A,N/A,N/A,N/A
Health & Fitness (Legacy),Infertility,Outstream,United States,Desktop,N/A,$0.00  ~ $0.00 ,N/A,N/A,N/A,N/A,N/A
Health & Fitness (Legacy),News,Interstitial,United States,Mobile Web,N/A,$0.00  ~ $0.00 ,N/A,N/A,N/A,N/A,N/A
Health & Fitness (Legacy),News,Interstitial,United States,Desktop,N/A,$0.00  ~ $0.00 ,N/A,N/A,N/A,N/A,N/A
Health & Fitness (Legacy),News,Interstitial,Canada,Desktop,N/A,$0.00  ~ $0.00 ,N/A,N/A,N/A,N/A,N/A
Health & Fitness (Legacy),News,Interstitial,Canada,Mobile Web,N/A,$0.00  ~ $0.00 ,N/A,N/A,N/A,N/A,N/A
Health & Fitness (Legacy),News,Instream,Canada,Desktop,N/A,$0.00  ~ $0.00 ,N/A,N/A,N/A,N/A,N/A
Health & Fitness (Legacy),News,Instream,Canada,Mobile Web,N/A,$0.00  ~ $0.00 ,N/A,N/A,N/A,N/A,N/A
Health & Fitness (Legacy),News,Outstream,United States,Mobile Web,N/A,$0.00  ~ $0.00 ,N/A,N/A,N/A,N/A,N/A
Health & Fitness (Legacy),News,Outstream,United States,Desktop,N/A,$0.00  ~ $0.00 ,N/A,N/A,N/A,N/A,N/A
Health & Fitness (Legacy),News,Outstream,Canada,Desktop,N/A,$0.00  ~ $0.00 ,N/A,N/A,N/A,N/A,N/A
Health & Fitness (Legacy),News,Outstream,Canada,Mobile Web,N/A,$0.00  ~ $0.00 ,N/A,N/A,N/A,N/A,N/A
Health & Fitness (Legacy),Biotech/Biomedical,Instream,United States,Desktop,N/A,$0.00  ~ $0.00 ,N/A,N/A,N/A,N/A,N/A
Health & Fitness (Legacy),Biotech/Biomedical,Instream,United States,Mobile Web,N/A,$0.00  ~ $0.00 ,N/A,N/A,N/A,N/A,N/A
Health & Fitness (Legacy),Biotech/Biomedical,Interstitial,United States,Desktop,N/A,$0.00  ~ $0.00 ,N/A,N/A,N/A,N/A,N/A
Health & Fitness (Legacy),Biotech/Biomedical,Interstitial,United States,Tablet,N/A,$0.00  ~ $0.00 ,N/A,N/A,N/A,N/A,N/A
Health & Fitness (Legacy),Biotech/Biomedical,Outstream,United States,Desktop,N/A,$0.00  ~ $0.00 ,N/A,N/A,N/A,N/A,N/A
Health & Fitness (Legacy),Biotech/Biomedical,Outstream,United States,Mobile Web,N/A,$0.00  ~ $0.00 ,N/A,N/A,N/A,N/A,N/A
Health & Fitness (Legacy),Large Animals,Outstream,United States,Desktop,N/A,$0.00  ~ $0.00 ,N/A,N/A,N/A,N/A,N/A
Hobbies & Interests (Legacy),Insurance,Instream,United States,Desktop,N/A,$40.20  ~ $40.20 ,N/A,N/A,N/A,100.00%,N/A
Hobbies & Interests (Legacy),Arts & Entertainment,Instream,United States,Desktop,N/A,$10.23  ~ $24.91 ,N/A,N/A,N/A,87.50%,N/A
Hobbies & Interests (Legacy),Arts & Entertainment,Instream,United States,Mobile Web,N/A,$27.93  ~ $35.77 ,N/A,N/A,N/A,100.00%,N/A
Hobbies & Interests (Legacy),Remodeling & Construction,Instream,United States,Desktop,N/A,$39.48  ~ $39.48 ,N/A,N/A,N/A,100.00%,N/A
Hobbies & Interests (Legacy),Remodeling & Construction,Instream,United States,Mobile Web,N/A,$36.06  ~ $36.06 ,N/A,N/A,N/A,100.00%,N/A
Hobbies & Interests (Legacy),Remodeling & Construction,Outstream,United States,Desktop,N/A,$39.44  ~ $39.44 ,N/A,N/A,N/A,100.00%,N/A
Hobbies & Interests (Legacy),Hobbies & Interests,Instream,United States,Desktop,N/A,$60.73  ~ $60.73 ,N/A,N/A,N/A,98.92%,N/A
Hobbies & Interests (Legacy),Hobbies & Interests,Instream,United States,Mobile Web,N/A,$61.61  ~ $61.61 ,$0.49 ,N/A,12.50%,87.50%,N/A
Hobbies & Interests (Legacy),Shopping,Instream,United States,Desktop,N/A,$33.08  ~ $33.08 ,N/A,N/A,N/A,100.00%,N/A
Hobbies & Interests (Legacy),Shopping,Instream,United States,Mobile Web,N/A,$48.82  ~ $48.82 ,N/A,N/A,N/A,100.00%,N/A
Hobbies & Interests (Legacy),News,Instream,United States,Desktop,N/A,$94.46  ~ $94.46 ,N/A,N/A,N/A,95.45%,N/A
Hobbies & Interests (Legacy),News,Instream,United States,Mobile Web,N/A,$108.14  ~ $108.14 ,N/A,N/A,N/A,100.00%,N/A
Hobbies & Interests (Legacy),Home Repair,Instream,United States,Desktop,N/A,$34.72  ~ $34.72 ,N/A,N/A,N/A,100.00%,N/A
Hobbies & Interests (Legacy),Automotive,Instream,United States,Desktop,N/A,$46.19  ~ $46.19 ,N/A,N/A,N/A,91.30%,N/A
Hobbies & Interests (Legacy),Automotive,Instream,United States,Mobile Web,N/A,$40.44  ~ $40.44 ,N/A,N/A,N/A,100.00%,N/A
Hobbies & Interests (Legacy),Business,Instream,United States,Desktop,N/A,$31.15  ~ $31.17 ,N/A,N/A,N/A,97.01%,N/A
Hobbies & Interests (Legacy),Business,Instream,United States,Mobile Web,N/A,$29.09  ~ $41.44 ,N/A,N/A,N/A,93.75%,N/A
Hobbies & Interests (Legacy),Business,Instream,United States,Tablet,N/A,$30.73  ~ $70.50 ,N/A,N/A,N/A,100.00%,N/A
Hobbies & Interests (Legacy),Business,Outstream,United States,Desktop,N/A,$47.85  ~ $112.32 ,N/A,N/A,N/A,33.33%,N/A
Hobbies & Interests (Legacy),Home & Garden,Instream,United States,Desktop,N/A,$39.17  ~ $41.71 ,N/A,N/A,N/A,100.00%,N/A
Hobbies & Interests (Legacy),Home & Garden,Instream,United States,Mobile Web,N/A,$28.64  ~ $31.35 ,N/A,N/A,N/A,83.33%,N/A
Hobbies & Interests (Legacy),Home & Garden,Instream,United States,Tablet,N/A,$35.97  ~ $41.66 ,N/A,N/A,N/A,100.00%,N/A
Hobbies & Interests (Legacy),Home & Garden,Outstream,United States,Desktop,N/A,$24.58  ~ $55.95 ,N/A,N/A,N/A,100.00%,N/A
Hobbies & Interests (Legacy),Health & Fitness,Instream,United States,Desktop,N/A,$26.38  ~ $28.63 ,N/A,N/A,N/A,92.31%,N/A
Hobbies & Interests (Legacy),Health & Fitness,Instream,United States,Mobile Web,N/A,$29.29  ~ $30.92 ,N/A,N/A,N/A,90.00%,N/A
Hobbies & Interests (Legacy),Health & Fitness,Outstream,United States,Tablet,N/A,$48.55  ~ $48.55 ,N/A,N/A,N/A,100.00%,N/A
Hobbies & Interests (Legacy),Health & Fitness,Outstream,United States,Desktop,N/A,$38.76  ~ $38.76 ,N/A,N/A,N/A,100.00%,N/A
Hobbies & Interests (Legacy),Travel,Instream,United States,Desktop,N/A,$28.68  ~ $28.68 ,$0.11 ,N/A,25.00%,100.00%,N/A
Hobbies & Interests (Legacy),Buying/Selling Cars,Instream,United States,Desktop,N/A,$41.78  ~ $41.78 ,N/A,N/A,N/A,83.33%,N/A
Hobbies & Interests (Legacy),Buying/Selling Cars,Instream,United States,Mobile Web,N/A,$40.50  ~ $40.50 ,N/A,N/A,N/A,66.67%,N/A
Hobbies & Interests (Legacy),Auto Repair,Instream,United States,Desktop,1,$12.92  ~ $12.92 ,N/A,N/A,N/A,100.00%,N/A
Hobbies & Interests (Legacy),"Law, Gov't & Politics",Outstream,United States,Desktop,N/A,$70.09  ~ $70.09 ,N/A,N/A,N/A,100.00%,N/A
Hobbies & Interests (Legacy),"Law, Gov't & Politics",Outstream,United States,Mobile Web,N/A,$65.62  ~ $65.62 ,N/A,N/A,N/A,100.00%,N/A
Hobbies & Interests (Legacy),"Law, Gov't & Politics",Instream,United States,Desktop,N/A,$37.76  ~ $38.85 ,N/A,N/A,N/A,97.44%,N/A
Hobbies & Interests (Legacy),"Law, Gov't & Politics",Instream,United States,Mobile Web,N/A,$47.27  ~ $53.13 ,N/A,N/A,N/A,92.86%,N/A
Hobbies & Interests (Legacy),Politics,Instream,United States,Desktop,N/A,$44.57  ~ $44.57 ,N/A,N/A,N/A,96.15%,N/A
Hobbies & Interests (Legacy),Politics,Instream,United States,Mobile Web,N/A,$0.00  ~ $0.00 ,N/A,N/A,N/A,N/A,N/A
Hobbies & Interests (Legacy),Politics,Outstream,United States,Desktop,N/A,$81.93  ~ $81.93 ,N/A,N/A,N/A,100.00%,N/A
Hobbies & Interests (Legacy),Personal Finance,Instream,United States,Desktop,N/A,$41.14  ~ $41.14 ,N/A,N/A,N/A,100.00%,N/A
Hobbies & Interests (Legacy),Personal Finance,Instream,United States,Mobile Web,N/A,$39.96  ~ $39.96 ,N/A,N/A,N/A,84.62%,N/A
Hobbies & Interests (Legacy),Personal Finance,Outstream,United States,Desktop,N/A,$51.59  ~ $51.59 ,$5.11 ,N/A,1.01%,78.16%,N/A
Hobbies & Interests (Legacy),Food & Drink,Instream,United States,Desktop,N/A,$50.73  ~ $50.73 ,N/A,N/A,N/A,100.00%,N/A
Hobbies & Interests (Legacy),Food & Drink,Instream,United States,Mobile Web,N/A,$47.80  ~ $47.80 ,N/A,N/A,N/A,66.67%,N/A
Hobbies & Interests (Legacy),Education,Instream,United States,Desktop,N/A,$27.31  ~ $60.14 ,N/A,N/A,N/A,100.00%,N/A
Hobbies & Interests (Legacy),Politics,Instream,United States,Tablet,N/A,$0.00  ~ $0.00 ,N/A,N/A,N/A,N/A,N/A
Hobbies & Interests (Legacy),Politics,Interstitial,United States,Desktop,N/A,$0.00  ~ $0.00 ,N/A,N/A,N/A,N/A,N/A
Hobbies & Interests (Legacy),Politics,Interstitial,United States,Mobile Web,N/A,$0.00  ~ $0.00 ,N/A,N/A,N/A,N/A,N/A
Hobbies & Interests (Legacy),Politics,Outstream,United States,Mobile Web,N/A,$0.00  ~ $0.00 ,N/A,N/A,N/A,N/A,N/A
Hobbies & Interests (Legacy),Politics,Outstream,United States,Tablet,N/A,$0.00  ~ $0.00 ,N/A,N/A,N/A,N/A,N/A
Hobbies & Interests (Legacy),Real Estate,Instream,United States,Desktop,N/A,$0.00  ~ $0.00 ,N/A,N/A,N/A,N/A,N/A
Hobbies & Interests (Legacy),Real Estate,Instream,United States,Mobile Web,N/A,$0.00  ~ $0.00 ,N/A,N/A,N/A,N/A,N/A
Hobbies & Interests (Legacy),Real Estate,Instream,Canada,Desktop,N/A,$0.00  ~ $0.00 ,N/A,N/A,N/A,N/A,N/A
Hobbies & Interests (Legacy),Real Estate,Instream,Canada,Mobile Web,N/A,$0.00  ~ $0.00 ,N/A,N/A,N/A,N/A,N/A
Hobbies & Interests (Legacy),Real Estate,Outstream,United States,Mobile Web,N/A,$0.00  ~ $0.00 ,N/A,N/A,N/A,N/A,N/A
Hobbies & Interests (Legacy),Real Estate,Outstream,United States,Desktop,N/A,$0.00  ~ $0.00 ,N/A,N/A,N/A,N/A,N/A
Hobbies & Interests (Legacy),Real Estate,Outstream,Canada,Mobile Web,N/A,$0.00  ~ $0.00 ,N/A,N/A,N/A,N/A,N/A
Hobbies & Interests (Legacy),Real Estate,Outstream,Canada,Desktop,N/A,$0.00  ~ $0.00 ,N/A,N/A,N/A,N/A,N/A
Hobbies & Interests (Legacy),Real Estate,Interstitial,United States,Desktop,N/A,$0.00  ~ $0.00 ,N/A,N/A,N/A,N/A,N/A
Hobbies & Interests (Legacy),Real Estate,Interstitial,United Kingdom,Desktop,N/A,$0.00  ~ $0.00 ,N/A,N/A,N/A,N/A,N/A
Hobbies & Interests (Legacy),Business Software,Instream,United States,Desktop,N/A,$0.00  ~ $0.00 ,N/A,N/A,N/A,N/A,N/A
Hobbies & Interests (Legacy),Business Software,Instream,United States,Mobile Web,N/A,$0.00  ~ $0.00 ,N/A,N/A,N/A,N/A,N/A
Hobbies & Interests (Legacy),Business Software,Instream,United Kingdom,Desktop,N/A,$0.00  ~ $0.00 ,N/A,N/A,N/A,N/A,N/A
Hobbies & Interests (Legacy),Business Software,Outstream,United States,Mobile Web,N/A,$0.00  ~ $0.00 ,N/A,N/A,N/A,N/A,N/A
Hobbies & Interests (Legacy),Business Software,Outstream,United States,Desktop,N/A,$0.00  ~ $0.00 ,N/A,N/A,N/A,N/A,N/A
Hobbies & Interests (Legacy),Business Software,Outstream,Canada,Desktop,N/A,$0.00  ~ $0.00 ,N/A,N/A,N/A,N/A,N/A
Hobbies & Interests (Legacy),Business Software,Outstream,United Kingdom,Mobile Web,N/A,$0.00  ~ $0.00 ,N/A,N/A,N/A,N/A,N/A
Hobbies & Interests (Legacy),Business Software,Interstitial,United Kingdom,Desktop,N/A,$0.00  ~ $0.00 ,N/A,N/A,N/A,N/A,N/A
Hobbies & Interests (Legacy),Business Software,Interstitial,United States,Desktop,N/A,$0.00  ~ $0.00 ,N/A,N/A,N/A,N/A,N/A
Hobbies & Interests (Legacy),Senior Living,Interstitial,United States,Desktop,N/A,$0.00  ~ $0.00 ,N/A,N/A,N/A,N/A,N/A
Hobbies & Interests (Legacy),Senior Living,Instream,United States,Desktop,N/A,$0.00  ~ $0.00 ,N/A,N/A,N/A,N/A,N/A
Hobbies & Interests (Legacy),Senior Living,Instream,United States,Mobile Web,N/A,$0.00  ~ $0.00 ,N/A,N/A,N/A,N/A,N/A
Hobbies & Interests (Legacy),Senior Living,Outstream,United States,Desktop,N/A,$0.00  ~ $0.00 ,N/A,N/A,N/A,N/A,N/A
Hobbies & Interests (Legacy),Agriculture,Instream,United States,Desktop,N/A,$0.00  ~ $0.00 ,N/A,N/A,N/A,N/A,N/A
Hobbies & Interests (Legacy),Agriculture,Interstitial,United States,Desktop,N/A,$0.00  ~ $0.00 ,N/A,N/A,N/A,N/A,N/A
Hobbies & Interests (Legacy),Agriculture,Outstream,United States,Mobile Web,N/A,$0.00  ~ $0.00 ,N/A,N/A,N/A,N/A,N/A
Hobbies & Interests (Legacy),Agriculture,Outstream,United States,Desktop,N/A,$0.00  ~ $0.00 ,N/A,N/A,N/A,N/A,N/A
Hobbies & Interests (Legacy),Agriculture,Outstream,United States,Tablet,N/A,$0.00  ~ $0.00 ,N/A,N/A,N/A,N/A,N/A
Hobbies & Interests (Legacy),Agriculture,Outstream,Canada,Mobile Web,N/A,$0.00  ~ $0.00 ,N/A,N/A,N/A,N/A,N/A
Hobbies & Interests (Legacy),Logistics,Outstream,United Kingdom,Desktop,N/A,$0.00  ~ $0.00 ,N/A,N/A,N/A,N/A,N/A
Hobbies & Interests (Legacy),Logistics,Instream,United States,Desktop,N/A,$0.00  ~ $0.00 ,N/A,N/A,N/A,N/A,N/A
Hobbies & Interests (Legacy),Infertility,Instream,United States,Desktop,N/A,$0.00  ~ $0.00 ,N/A,N/A,N/A,N/A,N/A
Hobbies & Interests (Legacy),Infertility,Instream,United States,Mobile Web,N/A,$0.00  ~ $0.00 ,N/A,N/A,N/A,N/A,N/A
Hobbies & Interests (Legacy),Infertility,Interstitial,United States,Desktop,N/A,$0.00  ~ $0.00 ,N/A,N/A,N/A,N/A,N/A
Hobbies & Interests (Legacy),Infertility,Outstream,United States,Mobile Web,N/A,$0.00  ~ $0.00 ,N/A,N/A,N/A,N/A,N/A
Hobbies & Interests (Legacy),Exercise,Interstitial,United States,Desktop,N/A,$0.00  ~ $0.00 ,N/A,N/A,N/A,N/A,N/A
Hobbies & Interests (Legacy),Exercise,Outstream,United States,Desktop,N/A,$0.00  ~ $0.00 ,N/A,N/A,N/A,N/A,N/A
Hobbies & Interests (Legacy),By US Locale,Instream,United States,Desktop,N/A,$0.00  ~ $0.00 ,N/A,N/A,N/A,N/A,N/A
Hobbies & Interests (Legacy),By US Locale,Interstitial,United States,Desktop,N/A,$0.00  ~ $0.00 ,N/A,N/A,N/A,N/A,N/A
Hobbies & Interests (Legacy),Remodeling & Construction,Instream,United States,Tablet,N/A,$0.00  ~ $0.00 ,N/A,N/A,N/A,N/A,N/A
Hobbies & Interests (Legacy),Remodeling & Construction,Outstream,United States,Mobile Web,N/A,$0.00  ~ $0.00 ,N/A,N/A,N/A,N/A,N/A
Hobbies & Interests (Legacy),Remodeling & Construction,Interstitial,United States,Desktop,N/A,$0.00  ~ $0.00 ,N/A,N/A,N/A,N/A,N/A
Hobbies & Interests (Legacy),Automotive,Outstream,United States,Mobile Web,N/A,$0.00  ~ $0.00 ,N/A,N/A,N/A,N/A,N/A
Hobbies & Interests (Legacy),Automotive,Outstream,United States,Tablet,N/A,$0.00  ~ $0.00 ,N/A,N/A,N/A,N/A,N/A
Hobbies & Interests (Legacy),Automotive,Outstream,United States,Desktop,N/A,$0.00  ~ $0.00 ,N/A,N/A,N/A,N/A,N/A
Hobbies & Interests (Legacy),Automotive,Outstream,Mexico,Desktop,N/A,$0.00  ~ $0.00 ,N/A,N/A,N/A,N/A,N/A
Hobbies & Interests (Legacy),Automotive,Interstitial,United States,Desktop,N/A,$0.00  ~ $0.00 ,N/A,N/A,N/A,N/A,N/A
Hobbies & Interests (Legacy),Card Games,Outstream,United States,Mobile Web,N/A,$0.00  ~ $0.00 ,N/A,N/A,N/A,N/A,N/A
Hobbies & Interests (Legacy),Card Games,Outstream,United States,Desktop,N/A,$0.00  ~ $0.00 ,N/A,N/A,N/A,N/A,N/A
Hobbies & Interests (Legacy),Card Games,Interstitial,United States,Desktop,N/A,$0.00  ~ $0.00 ,N/A,N/A,N/A,N/A,N/A
Hobbies & Interests (Legacy),Card Games,Instream,United States,Mobile Web,N/A,$0.00  ~ $0.00 ,N/A,N/A,N/A,N/A,N/A
Hobbies & Interests (Legacy),Card Games,Instream,United States,Desktop,N/A,$0.00  ~ $0.00 ,N/A,N/A,N/A,N/A,N/A
Hobbies & Interests (Legacy),Pro Ice Hockey,Instream,Canada,Desktop,N/A,$0.00  ~ $0.00 ,N/A,N/A,N/A,N/A,N/A
Hobbies & Interests (Legacy),Pro Ice Hockey,Interstitial,Canada,Desktop,N/A,$0.00  ~ $0.00 ,N/A,N/A,N/A,N/A,N/A
Hobbies & Interests (Legacy),Pro Ice Hockey,Outstream,Canada,Mobile Web,N/A,$0.00  ~ $0.00 ,N/A,N/A,N/A,N/A,N/A
Hobbies & Interests (Legacy),Pro Ice Hockey,Outstream,Canada,Desktop,N/A,$0.00  ~ $0.00 ,N/A,N/A,N/A,N/A,N/A
Hobbies & Interests (Legacy),Commentary,Interstitial,United States,Desktop,N/A,$0.00  ~ $0.00 ,N/A,N/A,N/A,N/A,N/A
Hobbies & Interests (Legacy),Commentary,Instream,United States,Desktop,N/A,$0.00  ~ $0.00 ,N/A,N/A,N/A,N/A,N/A
Hobbies & Interests (Legacy),Arts & Entertainment,Instream,Canada,Desktop,N/A,$0.00  ~ $0.00 ,N/A,N/A,N/A,N/A,N/A
Hobbies & Interests (Legacy),Arts & Entertainment,Instream,Canada,Mobile Web,N/A,$0.00  ~ $0.00 ,N/A,N/A,N/A,N/A,N/A
Hobbies & Interests (Legacy),Arts & Entertainment,Interstitial,United States,Desktop,N/A,$0.00  ~ $0.00 ,N/A,N/A,N/A,N/A,N/A
Hobbies & Interests (Legacy),Arts & Entertainment,Interstitial,United Kingdom,Mobile Web,N/A,$0.00  ~ $0.00 ,N/A,N/A,N/A,N/A,N/A
Hobbies & Interests (Legacy),Arts & Entertainment,Interstitial,United Kingdom,Desktop,N/A,$0.00  ~ $0.00 ,N/A,N/A,N/A,N/A,N/A
Hobbies & Interests (Legacy),Arts & Entertainment,Interstitial,Canada,Desktop,N/A,$0.00  ~ $0.00 ,N/A,N/A,N/A,N/A,N/A
Hobbies & Interests (Legacy),Arts & Entertainment,Outstream,United Kingdom,Mobile Web,N/A,$0.00  ~ $0.00 ,N/A,N/A,N/A,N/A,N/A
Hobbies & Interests (Legacy),Arts & Entertainment,Outstream,Mexico,Desktop,N/A,$0.00  ~ $0.00 ,N/A,N/A,N/A,N/A,N/A
Hobbies & Interests (Legacy),Arts & Entertainment,Outstream,United States,Desktop,N/A,$0.00  ~ $0.00 ,N/A,N/A,N/A,N/A,N/A
Hobbies & Interests (Legacy),Arts & Entertainment,Outstream,United States,Mobile Web,N/A,$0.00  ~ $0.00 ,N/A,N/A,N/A,N/A,N/A
Hobbies & Interests (Legacy),Arts & Entertainment,Outstream,United States,Tablet,N/A,$0.00  ~ $0.00 ,N/A,N/A,N/A,N/A,N/A
Hobbies & Interests (Legacy),Arts & Entertainment,Outstream,Canada,Desktop,N/A,$0.00  ~ $0.00 ,N/A,N/A,N/A,N/A,N/A
Hobbies & Interests (Legacy),Arts & Entertainment,Outstream,Canada,Mobile Web,N/A,$0.00  ~ $0.00 ,N/A,N/A,N/A,N/A,N/A
Hobbies & Interests (Legacy),Arts & Entertainment,Rewarded,United States,Desktop,N/A,$0.00  ~ $0.00 ,N/A,N/A,N/A,N/A,N/A
Hobbies & Interests (Legacy),Arts & Entertainment,Rewarded,United States,Mobile Web,N/A,$0.00  ~ $0.00 ,N/A,N/A,N/A,N/A,N/A
Hobbies & Interests (Legacy),Arts & Entertainment,Rewarded,United Kingdom,Desktop,N/A,$0.00  ~ $0.00 ,N/A,N/A,N/A,N/A,N/A
Hobbies & Interests (Legacy),Arts & Entertainment,Native,Mexico,Desktop,N/A,$0.00  ~ $0.00 ,N/A,N/A,N/A,N/A,N/A
Hobbies & Interests (Legacy),Senor Health,Instream,United States,Desktop,N/A,$0.00  ~ $0.00 ,N/A,N/A,N/A,N/A,N/A
Hobbies & Interests (Legacy),Theme Parks,Instream,United States,Desktop,N/A,$0.00  ~ $0.00 ,N/A,N/A,N/A,N/A,N/A
Hobbies & Interests (Legacy),Theme Parks,Instream,United States,Mobile Web,N/A,$0.00  ~ $0.00 ,N/A,N/A,N/A,N/A,N/A
Hobbies & Interests (Legacy),Family & Parenting,Instream,United States,Desktop,N/A,$0.00  ~ $0.00 ,N/A,N/A,N/A,N/A,N/A
Hobbies & Interests (Legacy),Family & Parenting,Instream,United States,Mobile Web,N/A,$0.00  ~ $0.00 ,N/A,N/A,N/A,N/A,N/A
Hobbies & Interests (Legacy),Family & Parenting,Interstitial,United States,Desktop,N/A,$0.00  ~ $0.00 ,N/A,N/A,N/A,N/A,N/A
Hobbies & Interests (Legacy),Family & Parenting,Interstitial,United Kingdom,Desktop,N/A,$0.00  ~ $0.00 ,N/A,N/A,N/A,N/A,N/A
Hobbies & Interests (Legacy),Family & Parenting,Outstream,United States,Mobile Web,N/A,$0.00  ~ $0.00 ,N/A,N/A,N/A,N/A,N/A
Hobbies & Interests (Legacy),Family & Parenting,Outstream,United States,Desktop,N/A,$0.00  ~ $0.00 ,N/A,N/A,N/A,N/A,N/A
Hobbies & Interests (Legacy),Family & Parenting,Outstream,United States,Tablet,N/A,$0.00  ~ $0.00 ,N/A,N/A,N/A,N/A,N/A
Hobbies & Interests (Legacy),Family & Parenting,Outstream,United Kingdom,Desktop,N/A,$0.00  ~ $0.00 ,N/A,N/A,N/A,N/A,N/A
Hobbies & Interests (Legacy),News,Instream,Canada,Desktop,N/A,$0.00  ~ $0.00 ,N/A,N/A,N/A,N/A,N/A
Hobbies & Interests (Legacy),News,Instream,Canada,Mobile Web,N/A,$0.00  ~ $0.00 ,N/A,N/A,N/A,N/A,N/A
Hobbies & Interests (Legacy),News,Interstitial,United States,Desktop,N/A,$0.00  ~ $0.00 ,N/A,N/A,N/A,N/A,N/A
Hobbies & Interests (Legacy),News,Interstitial,United States,Mobile Web,N/A,$0.00  ~ $0.00 ,N/A,N/A,N/A,N/A,N/A
Hobbies & Interests (Legacy),News,Interstitial,Canada,Desktop,N/A,$0.00  ~ $0.00 ,N/A,N/A,N/A,N/A,N/A
Hobbies & Interests (Legacy),News,Outstream,United States,Desktop,N/A,$0.00  ~ $0.00 ,N/A,N/A,N/A,N/A,N/A
Hobbies & Interests (Legacy),News,Outstream,United States,Mobile Web,N/A,$0.00  ~ $0.00 ,N/A,N/A,N/A,N/A,N/A
Hobbies & Interests (Legacy),News,Outstream,Canada,Desktop,N/A,$0.00  ~ $0.00 ,N/A,N/A,N/A,N/A,N/A
Hobbies & Interests (Legacy),News,Outstream,Canada,Mobile Web,N/A,$0.00  ~ $0.00 ,N/A,N/A,N/A,N/A,N/A
Hobbies & Interests (Legacy),News,Native,Canada,Mobile Web,N/A,$0.00  ~ $0.00 ,N/A,N/A,N/A,N/A,N/A
Hobbies & Interests (Legacy),Adventure Travel,Outstream,United States,Mobile Web,N/A,$0.00  ~ $0.00 ,N/A,N/A,N/A,N/A,N/A
Hobbies & Interests (Legacy),Cancer,Instream,Canada,Desktop,N/A,$0.00  ~ $0.00 ,N/A,N/A,N/A,N/A,N/A
Hobbies & Interests (Legacy),Cancer,Interstitial,Canada,Desktop,N/A,$0.00  ~ $0.00 ,N/A,N/A,N/A,N/A,N/A
Hobbies & Interests (Legacy),Adult Education,Interstitial,United States,Desktop,N/A,$0.00  ~ $0.00 ,N/A,N/A,N/A,N/A,N/A
Hobbies & Interests (Legacy),Adult Education,Instream,United States,Mobile Web,N/A,$0.00  ~ $0.00 ,N/A,N/A,N/A,N/A,N/A
Hobbies & Interests (Legacy),Adult Education,Instream,United States,Desktop,N/A,$0.00  ~ $0.00 ,N/A,N/A,N/A,N/A,N/A
Hobbies & Interests (Legacy),Home & Garden,Interstitial,United States,Desktop,N/A,$0.00  ~ $0.00 ,N/A,N/A,N/A,N/A,N/A
Hobbies & Interests (Legacy),Home & Garden,Interstitial,United States,Mobile Web,N/A,$0.00  ~ $0.00 ,N/A,N/A,N/A,N/A,N/A
Hobbies & Interests (Legacy),Home & Garden,Interstitial,United Kingdom,Desktop,N/A,$0.00  ~ $0.00 ,N/A,N/A,N/A,N/A,N/A
Hobbies & Interests (Legacy),Home & Garden,Outstream,United States,Tablet,N/A,$0.00  ~ $0.00 ,N/A,N/A,N/A,N/A,N/A
Hobbies & Interests (Legacy),Home & Garden,Outstream,United States,Mobile Web,N/A,$0.00  ~ $0.00 ,N/A,N/A,N/A,N/A,N/A
Hobbies & Interests (Legacy),Home & Garden,Outstream,Canada,Mobile Web,N/A,$0.00  ~ $0.00 ,N/A,N/A,N/A,N/A,N/A
Hobbies & Interests (Legacy),Home & Garden,Outstream,United Kingdom,Mobile Web,N/A,$0.00  ~ $0.00 ,N/A,N/A,N/A,N/A,N/A
Hobbies & Interests (Legacy),Home & Garden,Native,United States,Desktop,N/A,$0.00  ~ $0.00 ,N/A,N/A,N/A,N/A,N/A
Hobbies & Interests (Legacy),Investing,Outstream,United States,Mobile Web,N/A,$0.00  ~ $0.00 ,N/A,N/A,N/A,N/A,N/A
Hobbies & Interests (Legacy),Investing,Outstream,United States,Desktop,N/A,$0.00  ~ $0.00 ,N/A,N/A,N/A,N/A,N/A
Hobbies & Interests (Legacy),Investing,Interstitial,United States,Desktop,N/A,$0.00  ~ $0.00 ,N/A,N/A,N/A,N/A,N/A
Hobbies & Interests (Legacy),Investing,Interstitial,United States,Mobile Web,N/A,$0.00  ~ $0.00 ,N/A,N/A,N/A,N/A,N/A
Hobbies & Interests (Legacy),Investing,Rewarded,United States,Desktop,N/A,$0.00  ~ $0.00 ,N/A,N/A,N/A,N/A,N/A
Hobbies & Interests (Legacy),Investing,Rewarded,United States,Mobile Web,N/A,$0.00  ~ $0.00 ,N/A,N/A,N/A,N/A,N/A
Hobbies & Interests (Legacy),Insurance,Instream,United Kingdom,Desktop,N/A,$0.00  ~ $0.00 ,N/A,N/A,N/A,N/A,N/A
Hobbies & Interests (Legacy),Insurance,Interstitial,United Kingdom,Desktop,N/A,$0.00  ~ $0.00 ,N/A,N/A,N/A,N/A,N/A
Hobbies & Interests (Legacy),Insurance,Interstitial,United States,Desktop,N/A,$0.00  ~ $0.00 ,N/A,N/A,N/A,N/A,N/A
Hobbies & Interests (Legacy),Insurance,Outstream,United Kingdom,Mobile Web,N/A,$0.00  ~ $0.00 ,N/A,N/A,N/A,N/A,N/A
Hobbies & Interests (Legacy),Home Repair,Instream,United States,Mobile Web,N/A,$0.00  ~ $0.00 ,N/A,N/A,N/A,N/A,N/A
Hobbies & Interests (Legacy),Home Repair,Interstitial,United States,Desktop,N/A,$0.00  ~ $0.00 ,N/A,N/A,N/A,N/A,N/A
Hobbies & Interests (Legacy),Home Repair,Outstream,United States,Mobile Web,N/A,$0.00  ~ $0.00 ,N/A,N/A,N/A,N/A,N/A
Hobbies & Interests (Legacy),Buying/Selling Cars,Interstitial,United States,Desktop,N/A,$0.00  ~ $0.00 ,N/A,N/A,N/A,N/A,N/A
Hobbies & Interests (Legacy),Buying/Selling Cars,Outstream,United States,Mobile Web,N/A,$0.00  ~ $0.00 ,N/A,N/A,N/A,N/A,N/A
Hobbies & Interests (Legacy),Buying/Selling Cars,Outstream,United States,Desktop,N/A,$0.00  ~ $0.00 ,N/A,N/A,N/A,N/A,N/A
Hobbies & Interests (Legacy),Buying/Selling Cars,Native,Mexico,Desktop,N/A,$0.00  ~ $0.00 ,N/A,N/A,N/A,N/A,N/A
Hobbies & Interests (Legacy),Credit/Debt & Loans,Outstream,United States,Desktop,N/A,$0.00  ~ $0.00 ,N/A,N/A,N/A,N/A,N/A
Hobbies & Interests (Legacy),Credit/Debt & Loans,Instream,United States,Desktop,N/A,$0.00  ~ $0.00 ,N/A,N/A,N/A,N/A,N/A
Hobbies & Interests (Legacy),Credit/Debt & Loans,Instream,United States,Mobile Web,N/A,$0.00  ~ $0.00 ,N/A,N/A,N/A,N/A,N/A
Hobbies & Interests (Legacy),Credit/Debt & Loans,Interstitial,United States,Desktop,N/A,$0.00  ~ $0.00 ,N/A,N/A,N/A,N/A,N/A
Hobbies & Interests (Legacy),Education,Interstitial,United States,Desktop,N/A,$0.00  ~ $0.00 ,N/A,N/A,N/A,N/A,N/A
Hobbies & Interests (Legacy),Education,Interstitial,United States,Mobile Web,N/A,$0.00  ~ $0.00 ,N/A,N/A,N/A,N/A,N/A
Hobbies & Interests (Legacy),Education,Interstitial,United Kingdom,Desktop,N/A,$0.00  ~ $0.00 ,N/A,N/A,N/A,N/A,N/A
Hobbies & Interests (Legacy),Education,Outstream,United States,Desktop,N/A,$0.00  ~ $0.00 ,N/A,N/A,N/A,N/A,N/A
Hobbies & Interests (Legacy),Education,Outstream,United States,Mobile Web,N/A,$0.00  ~ $0.00 ,N/A,N/A,N/A,N/A,N/A
Hobbies & Interests (Legacy),Education,Outstream,United States,Tablet,N/A,$0.00  ~ $0.00 ,N/A,N/A,N/A,N/A,N/A
Hobbies & Interests (Legacy),Education,Outstream,Mexico,Desktop,N/A,$0.00  ~ $0.00 ,N/A,N/A,N/A,N/A,N/A
Hobbies & Interests (Legacy),Education,Outstream,Canada,Desktop,N/A,$0.00  ~ $0.00 ,N/A,N/A,N/A,N/A,N/A
Hobbies & Interests (Legacy),Education,Native,Mexico,Desktop,N/A,$0.00  ~ $0.00 ,N/A,N/A,N/A,N/A,N/A
Hobbies & Interests (Legacy),Education,Instream,United States,Mobile Web,N/A,$0.00  ~ $0.00 ,N/A,N/A,N/A,N/A,N/A
Hobbies & Interests (Legacy),Education,Instream,Canada,Desktop,N/A,$0.00  ~ $0.00 ,N/A,N/A,N/A,N/A,N/A
Hobbies & Interests (Legacy),Education,Instream,Mexico,Desktop,N/A,$0.00  ~ $0.00 ,N/A,N/A,N/A,N/A,N/A
Hobbies & Interests (Legacy),Alternative Medicine,Instream,United States,Desktop,N/A,$0.00  ~ $0.00 ,N/A,N/A,N/A,N/A,N/A
Hobbies & Interests (Legacy),Alternative Medicine,Instream,United States,Mobile Web,N/A,$0.00  ~ $0.00 ,N/A,N/A,N/A,N/A,N/A
Hobbies & Interests (Legacy),K-6 Educators,Instream,United States,Desktop,N/A,$0.00  ~ $0.00 ,N/A,N/A,N/A,N/A,N/A
Hobbies & Interests (Legacy),K-6 Educators,Instream,United States,Mobile Web,N/A,$0.00  ~ $0.00 ,N/A,N/A,N/A,N/A,N/A
Hobbies & Interests (Legacy),K-6 Educators,Interstitial,United States,Desktop,N/A,$0.00  ~ $0.00 ,N/A,N/A,N/A,N/A,N/A
Hobbies & Interests (Legacy),K-6 Educators,Outstream,United States,Mobile Web,N/A,$0.00  ~ $0.00 ,N/A,N/A,N/A,N/A,N/A
Hobbies & Interests (Legacy),Graduate School,Instream,United States,Desktop,N/A,$0.00  ~ $0.00 ,N/A,N/A,N/A,N/A,N/A
Hobbies & Interests (Legacy),Graduate School,Instream,United States,Mobile Web,N/A,$0.00  ~ $0.00 ,N/A,N/A,N/A,N/A,N/A
Hobbies & Interests (Legacy),Graduate School,Outstream,United States,Tablet,N/A,$0.00  ~ $0.00 ,N/A,N/A,N/A,N/A,N/A
Hobbies & Interests (Legacy),Graduate School,Outstream,United States,Mobile Web,N/A,$0.00  ~ $0.00 ,N/A,N/A,N/A,N/A,N/A
Hobbies & Interests (Legacy),Graduate School,Outstream,United States,Desktop,N/A,$0.00  ~ $0.00 ,N/A,N/A,N/A,N/A,N/A
Hobbies & Interests (Legacy),Graduate School,Interstitial,United States,Desktop,N/A,$0.00  ~ $0.00 ,N/A,N/A,N/A,N/A,N/A
Hobbies & Interests (Legacy),Graduate School,Rewarded,United States,Desktop,N/A,$0.00  ~ $0.00 ,N/A,N/A,N/A,N/A,N/A
Hobbies & Interests (Legacy),College,Outstream,United States,Desktop,N/A,$0.00  ~ $0.00 ,N/A,N/A,N/A,N/A,N/A
Hobbies & Interests (Legacy),College,Outstream,United States,Mobile Web,N/A,$0.00  ~ $0.00 ,N/A,N/A,N/A,N/A,N/A
Hobbies & Interests (Legacy),College,Instream,United States,Desktop,N/A,$0.00  ~ $0.00 ,N/A,N/A,N/A,N/A,N/A
Hobbies & Interests (Legacy),College,Instream,United States,Mobile Web,N/A,$0.00  ~ $0.00 ,N/A,N/A,N/A,N/A,N/A
Hobbies & Interests (Legacy),College,Interstitial,United States,Desktop,N/A,$0.00  ~ $0.00 ,N/A,N/A,N/A,N/A,N/A
Hobbies & Interests (Legacy),Travel,Rewarded,United Kingdom,Desktop,N/A,$0.00  ~ $0.00 ,N/A,N/A,N/A,N/A,N/A
Hobbies & Interests (Legacy),Travel,Instream,United States,Mobile Web,N/A,$0.00  ~ $0.00 ,N/A,N/A,N/A,N/A,N/A
Hobbies & Interests (Legacy),Travel,Instream,Canada,Desktop,N/A,$0.00  ~ $0.00 ,N/A,N/A,N/A,N/A,N/A
Hobbies & Interests (Legacy),Travel,Instream,United Kingdom,Mobile Web,N/A,$0.00  ~ $0.00 ,N/A,N/A,N/A,N/A,N/A
Hobbies & Interests (Legacy),Travel,Instream,United Kingdom,Desktop,N/A,$0.00  ~ $0.00 ,N/A,N/A,N/A,N/A,N/A
Hobbies & Interests (Legacy),Travel,Interstitial,United Kingdom,Mobile Web,N/A,$0.00  ~ $0.00 ,N/A,N/A,N/A,N/A,N/A
Hobbies & Interests (Legacy),Travel,Interstitial,United Kingdom,Desktop,N/A,$0.00  ~ $0.00 ,N/A,N/A,N/A,N/A,N/A
Hobbies & Interests (Legacy),Travel,Interstitial,United States,Desktop,N/A,$0.00  ~ $0.00 ,N/A,N/A,N/A,N/A,N/A
Hobbies & Interests (Legacy),Travel,Outstream,United States,Desktop,N/A,$0.00  ~ $0.00 ,N/A,N/A,N/A,N/A,N/A
Hobbies & Interests (Legacy),Travel,Outstream,United States,Mobile Web,N/A,$0.00  ~ $0.00 ,N/A,N/A,N/A,N/A,N/A
Hobbies & Interests (Legacy),Travel,Outstream,United Kingdom,Mobile Web,N/A,$0.00  ~ $0.00 ,N/A,N/A,N/A,N/A,N/A
Hobbies & Interests (Legacy),Travel,Outstream,United Kingdom,Desktop,N/A,$0.00  ~ $0.00 ,N/A,N/A,N/A,N/A,N/A
Hobbies & Interests (Legacy),Travel,Outstream,United Kingdom,Tablet,N/A,$0.00  ~ $0.00 ,N/A,N/A,N/A,N/A,N/A
Hobbies & Interests (Legacy),Travel,Outstream,Canada,Mobile Web,N/A,$0.00  ~ $0.00 ,N/A,N/A,N/A,N/A,N/A
Hobbies & Interests (Legacy),Travel,Outstream,Canada,Desktop,N/A,$0.00  ~ $0.00 ,N/A,N/A,N/A,N/A,N/A
Hobbies & Interests (Legacy),Careers,Instream,United States,Desktop,N/A,$0.00  ~ $0.00 ,N/A,N/A,N/A,N/A,N/A
Hobbies & Interests (Legacy),Careers,Instream,United States,Mobile Web,N/A,$0.00  ~ $0.00 ,N/A,N/A,N/A,N/A,N/A
Hobbies & Interests (Legacy),Careers,Instream,Canada,Desktop,N/A,$0.00  ~ $0.00 ,N/A,N/A,N/A,N/A,N/A
Hobbies & Interests (Legacy),Careers,Interstitial,United Kingdom,Desktop,N/A,$0.00  ~ $0.00 ,N/A,N/A,N/A,N/A,N/A
Hobbies & Interests (Legacy),Careers,Interstitial,United States,Desktop,N/A,$0.00  ~ $0.00 ,N/A,N/A,N/A,N/A,N/A
Hobbies & Interests (Legacy),Careers,Outstream,United States,Mobile Web,N/A,$0.00  ~ $0.00 ,N/A,N/A,N/A,N/A,N/A
Hobbies & Interests (Legacy),Careers,Outstream,United States,Desktop,N/A,$0.00  ~ $0.00 ,N/A,N/A,N/A,N/A,N/A
Hobbies & Interests (Legacy),Careers,Outstream,United Kingdom,Desktop,N/A,$0.00  ~ $0.00 ,N/A,N/A,N/A,N/A,N/A
Hobbies & Interests (Legacy),Psychology/Psychiatry,Instream,United States,Desktop,N/A,$0.00  ~ $0.00 ,N/A,N/A,N/A,N/A,N/A
Hobbies & Interests (Legacy),Psychology/Psychiatry,Instream,United States,Mobile Web,N/A,$0.00  ~ $0.00 ,N/A,N/A,N/A,N/A,N/A
Hobbies & Interests (Legacy),Psychology/Psychiatry,Instream,United States,Tablet,N/A,$0.00  ~ $0.00 ,N/A,N/A,N/A,N/A,N/A
Hobbies & Interests (Legacy),Psychology/Psychiatry,Interstitial,United States,Desktop,N/A,$0.00  ~ $0.00 ,N/A,N/A,N/A,N/A,N/A
Hobbies & Interests (Legacy),Psychology/Psychiatry,Outstream,United States,Mobile Web,N/A,$0.00  ~ $0.00 ,N/A,N/A,N/A,N/A,N/A
Hobbies & Interests (Legacy),Psychology/Psychiatry,Outstream,United States,Desktop,N/A,$0.00  ~ $0.00 ,N/A,N/A,N/A,N/A,N/A
Hobbies & Interests (Legacy),Interior Decorating,Interstitial,United States,Tablet,N/A,$0.00  ~ $0.00 ,N/A,N/A,N/A,N/A,N/A
Hobbies & Interests (Legacy),Interior Decorating,Interstitial,United States,Desktop,N/A,$0.00  ~ $0.00 ,N/A,N/A,N/A,N/A,N/A
Hobbies & Interests (Legacy),Interior Decorating,Outstream,United States,Desktop,N/A,$0.00  ~ $0.00 ,N/A,N/A,N/A,N/A,N/A
Hobbies & Interests (Legacy),Interior Decorating,Outstream,United States,Mobile Web,N/A,$0.00  ~ $0.00 ,N/A,N/A,N/A,N/A,N/A
Hobbies & Interests (Legacy),Interior Decorating,Outstream,United States,Tablet,N/A,$0.00  ~ $0.00 ,N/A,N/A,N/A,N/A,N/A
Hobbies & Interests (Legacy),Interior Decorating,Instream,United States,Desktop,N/A,$0.00  ~ $0.00 ,N/A,N/A,N/A,N/A,N/A
Hobbies & Interests (Legacy),Interior Decorating,Native,United States,Desktop,N/A,$0.00  ~ $0.00 ,N/A,N/A,N/A,N/A,N/A
Hobbies & Interests (Legacy),Dogs,Instream,Canada,Desktop,N/A,$0.00  ~ $0.00 ,N/A,N/A,N/A,N/A,N/A
Hobbies & Interests (Legacy),Dogs,Instream,Canada,Mobile Web,N/A,$0.00  ~ $0.00 ,N/A,N/A,N/A,N/A,N/A
Hobbies & Interests (Legacy),Dogs,Outstream,Canada,Desktop,N/A,$0.00  ~ $0.00 ,N/A,N/A,N/A,N/A,N/A
Hobbies & Interests (Legacy),Dogs,Outstream,Canada,Mobile Web,N/A,$0.00  ~ $0.00 ,N/A,N/A,N/A,N/A,N/A
Hobbies & Interests (Legacy),Job Search,Instream,United States,Desktop,N/A,$0.00  ~ $0.00 ,N/A,N/A,N/A,N/A,N/A
Hobbies & Interests (Legacy),Job Search,Instream,United States,Mobile Web,N/A,$0.00  ~ $0.00 ,N/A,N/A,N/A,N/A,N/A
Hobbies & Interests (Legacy),Job Search,Interstitial,United States,Desktop,N/A,$0.00  ~ $0.00 ,N/A,N/A,N/A,N/A,N/A
Hobbies & Interests (Legacy),Job Search,Outstream,United States,Desktop,N/A,$0.00  ~ $0.00 ,N/A,N/A,N/A,N/A,N/A
Hobbies & Interests (Legacy),Job Search,Outstream,United States,Mobile Web,N/A,$0.00  ~ $0.00 ,N/A,N/A,N/A,N/A,N/A
Hobbies & Interests (Legacy),Clothing,Outstream,United States,Mobile Web,N/A,$0.00  ~ $0.00 ,N/A,N/A,N/A,N/A,N/A
Hobbies & Interests (Legacy),Clothing,Outstream,United States,Desktop,N/A,$0.00  ~ $0.00 ,N/A,N/A,N/A,N/A,N/A
Hobbies & Interests (Legacy),Clothing,Interstitial,United States,Desktop,N/A,$0.00  ~ $0.00 ,N/A,N/A,N/A,N/A,N/A
Hobbies & Interests (Legacy),Private School,Instream,United States,Desktop,N/A,$0.00  ~ $0.00 ,N/A,N/A,N/A,N/A,N/A
Hobbies & Interests (Legacy),Private School,Interstitial,United States,Desktop,N/A,$0.00  ~ $0.00 ,N/A,N/A,N/A,N/A,N/A
Hobbies & Interests (Legacy),Private School,Outstream,United States,Desktop,N/A,$0.00  ~ $0.00 ,N/A,N/A,N/A,N/A,N/A
Hobbies & Interests (Legacy),Private School,Outstream,United States,Mobile Web,N/A,$0.00  ~ $0.00 ,N/A,N/A,N/A,N/A,N/A
Hobbies & Interests (Legacy),Personal Finance,Outstream,Mexico,Desktop,N/A,$0.00  ~ $0.00 ,N/A,N/A,N/A,N/A,N/A
Hobbies & Interests (Legacy),Personal Finance,Outstream,United States,Mobile Web,N/A,$0.00  ~ $0.00 ,N/A,N/A,N/A,N/A,N/A
Hobbies & Interests (Legacy),Personal Finance,Outstream,United States,Tablet,N/A,$0.00  ~ $0.00 ,N/A,N/A,N/A,N/A,N/A
Hobbies & Interests (Legacy),Personal Finance,Outstream,United Kingdom,Mobile Web,N/A,$0.00  ~ $0.00 ,N/A,N/A,N/A,N/A,N/A
Hobbies & Interests (Legacy),Personal Finance,Rewarded,United States,Desktop,N/A,$0.00  ~ $0.00 ,N/A,N/A,N/A,N/A,N/A
Hobbies & Interests (Legacy),Personal Finance,Native,Mexico,Desktop,N/A,$0.00  ~ $0.00 ,N/A,N/A,N/A,N/A,N/A
Hobbies & Interests (Legacy),Personal Finance,Instream,United States,Tablet,N/A,$0.00  ~ $0.00 ,N/A,N/A,N/A,N/A,N/A
Hobbies & Interests (Legacy),Personal Finance,Instream,Canada,Desktop,N/A,$0.00  ~ $0.00 ,N/A,N/A,N/A,N/A,N/A
Hobbies & Interests (Legacy),Personal Finance,Instream,Mexico,Desktop,N/A,$0.00  ~ $0.00 ,N/A,N/A,N/A,N/A,N/A
Hobbies & Interests (Legacy),Personal Finance,Interstitial,United Kingdom,Desktop,N/A,$0.00  ~ $0.00 ,N/A,N/A,N/A,N/A,N/A
Hobbies & Interests (Legacy),Personal Finance,Interstitial,United States,Desktop,N/A,$0.00  ~ $0.00 ,N/A,N/A,N/A,N/A,N/A
Hobbies & Interests (Legacy),Personal Finance,Interstitial,Canada,Desktop,N/A,$0.00  ~ $0.00 ,N/A,N/A,N/A,N/A,N/A
Hobbies & Interests (Legacy),Shopping,Instream,Canada,Desktop,N/A,$0.00  ~ $0.00 ,N/A,N/A,N/A,N/A,N/A
Hobbies & Interests (Legacy),Shopping,Instream,Canada,Mobile Web,N/A,$0.00  ~ $0.00 ,N/A,N/A,N/A,N/A,N/A
Hobbies & Interests (Legacy),Shopping,Instream,United Kingdom,Desktop,N/A,$0.00  ~ $0.00 ,N/A,N/A,N/A,N/A,N/A
Hobbies & Interests (Legacy),Shopping,Instream,Mexico,Desktop,N/A,$0.00  ~ $0.00 ,N/A,N/A,N/A,N/A,N/A
Hobbies & Interests (Legacy),Shopping,Interstitial,United Kingdom,Desktop,N/A,$0.00  ~ $0.00 ,N/A,N/A,N/A,N/A,N/A
Hobbies & Interests (Legacy),Shopping,Interstitial,United Kingdom,Mobile Web,N/A,$0.00  ~ $0.00 ,N/A,N/A,N/A,N/A,N/A
Hobbies & Interests (Legacy),Shopping,Interstitial,United States,Desktop,N/A,$0.00  ~ $0.00 ,N/A,N/A,N/A,N/A,N/A
Hobbies & Interests (Legacy),Shopping,Interstitial,United States,Mobile Web,N/A,$0.00  ~ $0.00 ,N/A,N/A,N/A,N/A,N/A
Hobbies & Interests (Legacy),Shopping,Interstitial,Canada,Desktop,N/A,$0.00  ~ $0.00 ,N/A,N/A,N/A,N/A,N/A
Hobbies & Interests (Legacy),Shopping,Outstream,United States,Tablet,N/A,$0.00  ~ $0.00 ,N/A,N/A,N/A,N/A,N/A
Hobbies & Interests (Legacy),Shopping,Outstream,United States,Mobile Web,N/A,$0.00  ~ $0.00 ,N/A,N/A,N/A,N/A,N/A
Hobbies & Interests (Legacy),Shopping,Outstream,United States,Desktop,N/A,$0.00  ~ $0.00 ,N/A,N/A,N/A,N/A,N/A
Hobbies & Interests (Legacy),Shopping,Outstream,Canada,Desktop,N/A,$0.00  ~ $0.00 ,N/A,N/A,N/A,N/A,N/A
Hobbies & Interests (Legacy),Shopping,Outstream,Canada,Mobile Web,N/A,$0.00  ~ $0.00 ,N/A,N/A,N/A,N/A,N/A
Hobbies & Interests (Legacy),Shopping,Outstream,United Kingdom,Mobile Web,N/A,$0.00  ~ $0.00 ,N/A,N/A,N/A,N/A,N/A
Hobbies & Interests (Legacy),Shopping,Outstream,United Kingdom,Desktop,N/A,$0.00  ~ $0.00 ,N/A,N/A,N/A,N/A,N/A
Hobbies & Interests (Legacy),Shopping,Rewarded,United Kingdom,Desktop,N/A,$0.00  ~ $0.00 ,N/A,N/A,N/A,N/A,N/A
Hobbies & Interests (Legacy),Shopping,Rewarded,United States,Mobile Web,N/A,$0.00  ~ $0.00 ,N/A,N/A,N/A,N/A,N/A
Hobbies & Interests (Legacy),Internet Technology,Instream,Canada,Desktop,N/A,$0.00  ~ $0.00 ,N/A,N/A,N/A,N/A,N/A
Hobbies & Interests (Legacy),Internet Technology,Outstream,Canada,Desktop,N/A,$0.00  ~ $0.00 ,N/A,N/A,N/A,N/A,N/A
Hobbies & Interests (Legacy),Green Solutions,Outstream,United States,Mobile Web,N/A,$0.00  ~ $0.00 ,N/A,N/A,N/A,N/A,N/A
Hobbies & Interests (Legacy),Green Solutions,Outstream,United States,Desktop,N/A,$0.00  ~ $0.00 ,N/A,N/A,N/A,N/A,N/A
Hobbies & Interests (Legacy),Green Solutions,Outstream,United States,Tablet,N/A,$0.00  ~ $0.00 ,N/A,N/A,N/A,N/A,N/A
Hobbies & Interests (Legacy),Green Solutions,Interstitial,United States,Desktop,N/A,$0.00  ~ $0.00 ,N/A,N/A,N/A,N/A,N/A
Hobbies & Interests (Legacy),Green Solutions,Instream,United States,Mobile Web,N/A,$0.00  ~ $0.00 ,N/A,N/A,N/A,N/A,N/A
Hobbies & Interests (Legacy),Green Solutions,Instream,United States,Desktop,N/A,$0.00  ~ $0.00 ,N/A,N/A,N/A,N/A,N/A
Hobbies & Interests (Legacy),Apartments,Interstitial,United Kingdom,Desktop,N/A,$0.00  ~ $0.00 ,N/A,N/A,N/A,N/A,N/A
Hobbies & Interests (Legacy),Apartments,Instream,United Kingdom,Desktop,N/A,$0.00  ~ $0.00 ,N/A,N/A,N/A,N/A,N/A
Hobbies & Interests (Legacy),Apartments,Outstream,United Kingdom,Desktop,N/A,$0.00  ~ $0.00 ,N/A,N/A,N/A,N/A,N/A
Hobbies & Interests (Legacy),Dining Out,Rewarded,United States,Desktop,N/A,$0.00  ~ $0.00 ,N/A,N/A,N/A,N/A,N/A
Hobbies & Interests (Legacy),Dining Out,Interstitial,United States,Desktop,N/A,$0.00  ~ $0.00 ,N/A,N/A,N/A,N/A,N/A
Hobbies & Interests (Legacy),Dining Out,Interstitial,United States,Mobile Web,N/A,$0.00  ~ $0.00 ,N/A,N/A,N/A,N/A,N/A
Hobbies & Interests (Legacy),"Law, Gov't & Politics",Instream,Mexico,Desktop,N/A,$0.00  ~ $0.00 ,N/A,N/A,N/A,N/A,N/A
Hobbies & Interests (Legacy),"Law, Gov't & Politics",Instream,Canada,Desktop,N/A,$0.00  ~ $0.00 ,N/A,N/A,N/A,N/A,N/A
Hobbies & Interests (Legacy),"Law, Gov't & Politics",Interstitial,United States,Desktop,N/A,$0.00  ~ $0.00 ,N/A,N/A,N/A,N/A,N/A
Hobbies & Interests (Legacy),"Law, Gov't & Politics",Interstitial,Canada,Desktop,N/A,$0.00  ~ $0.00 ,N/A,N/A,N/A,N/A,N/A
Hobbies & Interests (Legacy),"Law, Gov't & Politics",Interstitial,Mexico,Desktop,N/A,$0.00  ~ $0.00 ,N/A,N/A,N/A,N/A,N/A
Hobbies & Interests (Legacy),"Law, Gov't & Politics",Outstream,United States,Tablet,N/A,$0.00  ~ $0.00 ,N/A,N/A,N/A,N/A,N/A
Hobbies & Interests (Legacy),"Law, Gov't & Politics",Outstream,Mexico,Desktop,N/A,$0.00  ~ $0.00 ,N/A,N/A,N/A,N/A,N/A
Hobbies & Interests (Legacy),Hotels,Instream,United States,Desktop,N/A,$0.00  ~ $0.00 ,N/A,N/A,N/A,N/A,N/A
Hobbies & Interests (Legacy),Hotels,Instream,United States,Mobile Web,N/A,$0.00  ~ $0.00 ,N/A,N/A,N/A,N/A,N/A
Hobbies & Interests (Legacy),Hotels,Instream,United States,Tablet,N/A,$0.00  ~ $0.00 ,N/A,N/A,N/A,N/A,N/A
Hobbies & Interests (Legacy),Hotels,Interstitial,United States,Desktop,N/A,$0.00  ~ $0.00 ,N/A,N/A,N/A,N/A,N/A
Hobbies & Interests (Legacy),Hotels,Outstream,United States,Mobile Web,N/A,$0.00  ~ $0.00 ,N/A,N/A,N/A,N/A,N/A
Hobbies & Interests (Legacy),Hotels,Outstream,United States,Desktop,N/A,$0.00  ~ $0.00 ,N/A,N/A,N/A,N/A,N/A
Hobbies & Interests (Legacy),Pets,Instream,Canada,Desktop,N/A,$0.00  ~ $0.00 ,N/A,N/A,N/A,N/A,N/A
Hobbies & Interests (Legacy),Pets,Instream,Canada,Mobile Web,N/A,$0.00  ~ $0.00 ,N/A,N/A,N/A,N/A,N/A
Hobbies & Interests (Legacy),Pets,Instream,United States,Desktop,N/A,$0.00  ~ $0.00 ,N/A,N/A,N/A,N/A,N/A
Hobbies & Interests (Legacy),Pets,Outstream,Canada,Desktop,N/A,$0.00  ~ $0.00 ,N/A,N/A,N/A,N/A,N/A
Hobbies & Interests (Legacy),Pets,Outstream,United States,Desktop,N/A,$0.00  ~ $0.00 ,N/A,N/A,N/A,N/A,N/A
Hobbies & Interests (Legacy),Pets,Interstitial,United States,Desktop,N/A,$0.00  ~ $0.00 ,N/A,N/A,N/A,N/A,N/A
Hobbies & Interests (Legacy),Honeymoons/Getaways,Instream,United States,Desktop,N/A,$0.00  ~ $0.00 ,N/A,N/A,N/A,N/A,N/A
Hobbies & Interests (Legacy),Honeymoons/Getaways,Interstitial,United Kingdom,Desktop,N/A,$0.00  ~ $0.00 ,N/A,N/A,N/A,N/A,N/A
Hobbies & Interests (Legacy),Honeymoons/Getaways,Outstream,United Kingdom,Desktop,N/A,$0.00  ~ $0.00 ,N/A,N/A,N/A,N/A,N/A
Hobbies & Interests (Legacy),Honeymoons/Getaways,Outstream,United States,Desktop,N/A,$0.00  ~ $0.00 ,N/A,N/A,N/A,N/A,N/A
Hobbies & Interests (Legacy),Honeymoons/Getaways,Outstream,United States,Mobile Web,N/A,$0.00  ~ $0.00 ,N/A,N/A,N/A,N/A,N/A
Hobbies & Interests (Legacy),Food & Drink,Interstitial,United States,Tablet,N/A,$0.00  ~ $0.00 ,N/A,N/A,N/A,N/A,N/A
Hobbies & Interests (Legacy),Food & Drink,Interstitial,United States,Desktop,N/A,$0.00  ~ $0.00 ,N/A,N/A,N/A,N/A,N/A
Hobbies & Interests (Legacy),Food & Drink,Outstream,United States,Mobile Web,N/A,$0.00  ~ $0.00 ,N/A,N/A,N/A,N/A,N/A
Hobbies & Interests (Legacy),Food & Drink,Outstream,United States,Desktop,N/A,$0.00  ~ $0.00 ,N/A,N/A,N/A,N/A,N/A
Hobbies & Interests (Legacy),Food & Drink,Outstream,United States,Tablet,N/A,$0.00  ~ $0.00 ,N/A,N/A,N/A,N/A,N/A
Hobbies & Interests (Legacy),Food & Drink,Rewarded,United States,Desktop,N/A,$0.00  ~ $0.00 ,N/A,N/A,N/A,N/A,N/A
Hobbies & Interests (Legacy),Food & Drink,Instream,United States,Tablet,N/A,$0.00  ~ $0.00 ,N/A,N/A,N/A,N/A,N/A
Hobbies & Interests (Legacy),Auto Repair,Interstitial,United States,Desktop,N/A,$0.00  ~ $0.00 ,N/A,N/A,N/A,N/A,N/A
Hobbies & Interests (Legacy),Auto Repair,Outstream,United States,Desktop,N/A,$0.00  ~ $0.00 ,N/A,N/A,N/A,N/A,N/A
Hobbies & Interests (Legacy),Auto Repair,Outstream,United States,Mobile Web,N/A,$0.00  ~ $0.00 ,N/A,N/A,N/A,N/A,N/A
Hobbies & Interests (Legacy),Cold & Flu,Instream,United States,Desktop,N/A,$0.00  ~ $0.00 ,N/A,N/A,N/A,N/A,N/A
Hobbies & Interests (Legacy),Cold & Flu,Interstitial,United States,Desktop,N/A,$0.00  ~ $0.00 ,N/A,N/A,N/A,N/A,N/A
Hobbies & Interests (Legacy),Cold & Flu,Outstream,United States,Desktop,N/A,$0.00  ~ $0.00 ,N/A,N/A,N/A,N/A,N/A
Hobbies & Interests (Legacy),Cold & Flu,Outstream,United States,Mobile Web,N/A,$0.00  ~ $0.00 ,N/A,N/A,N/A,N/A,N/A
Hobbies & Interests (Legacy),Health & Fitness,Interstitial,United States,Tablet,N/A,$0.00  ~ $0.00 ,N/A,N/A,N/A,N/A,N/A
Hobbies & Interests (Legacy),Health & Fitness,Interstitial,United States,Desktop,N/A,$0.00  ~ $0.00 ,N/A,N/A,N/A,N/A,N/A
Hobbies & Interests (Legacy),Health & Fitness,Interstitial,United States,Mobile Web,N/A,$0.00  ~ $0.00 ,N/A,N/A,N/A,N/A,N/A
Hobbies & Interests (Legacy),Health & Fitness,Interstitial,United Kingdom,Desktop,N/A,$0.00  ~ $0.00 ,N/A,N/A,N/A,N/A,N/A
Hobbies & Interests (Legacy),Health & Fitness,Interstitial,United Kingdom,Mobile Web,N/A,$0.00  ~ $0.00 ,N/A,N/A,N/A,N/A,N/A
Hobbies & Interests (Legacy),Health & Fitness,Interstitial,Canada,Desktop,N/A,$0.00  ~ $0.00 ,N/A,N/A,N/A,N/A,N/A
Hobbies & Interests (Legacy),Health & Fitness,Outstream,United States,Mobile Web,N/A,$0.00  ~ $0.00 ,N/A,N/A,N/A,N/A,N/A
Hobbies & Interests (Legacy),Health & Fitness,Outstream,Canada,Mobile Web,N/A,$0.00  ~ $0.00 ,N/A,N/A,N/A,N/A,N/A
Hobbies & Interests (Legacy),Health & Fitness,Outstream,Canada,Desktop,N/A,$0.00  ~ $0.00 ,N/A,N/A,N/A,N/A,N/A
Hobbies & Interests (Legacy),Health & Fitness,Outstream,Canada,Tablet,N/A,$0.00  ~ $0.00 ,N/A,N/A,N/A,N/A,N/A
Hobbies & Interests (Legacy),Health & Fitness,Outstream,United Kingdom,Desktop,N/A,$0.00  ~ $0.00 ,N/A,N/A,N/A,N/A,N/A
Hobbies & Interests (Legacy),Health & Fitness,Rewarded,United States,Desktop,N/A,$0.00  ~ $0.00 ,N/A,N/A,N/A,N/A,N/A
Hobbies & Interests (Legacy),Health & Fitness,Instream,Canada,Desktop,N/A,$0.00  ~ $0.00 ,N/A,N/A,N/A,N/A,N/A
Hobbies & Interests (Legacy),Health & Fitness,Instream,Canada,Mobile Web,N/A,$0.00  ~ $0.00 ,N/A,N/A,N/A,N/A,N/A
Hobbies & Interests (Legacy),Health & Fitness,Instream,United Kingdom,Desktop,N/A,$0.00  ~ $0.00 ,N/A,N/A,N/A,N/A,N/A
Hobbies & Interests (Legacy),Health & Fitness,Instream,United Kingdom,Mobile Web,N/A,$0.00  ~ $0.00 ,N/A,N/A,N/A,N/A,N/A
Hobbies & Interests (Legacy),Health & Fitness,Instream,United States,Tablet,N/A,$0.00  ~ $0.00 ,N/A,N/A,N/A,N/A,N/A
Hobbies & Interests (Legacy),Legal Issues,Instream,United States,Desktop,N/A,$0.00  ~ $0.00 ,N/A,N/A,N/A,N/A,N/A
Hobbies & Interests (Legacy),Legal Issues,Instream,Canada,Desktop,N/A,$0.00  ~ $0.00 ,N/A,N/A,N/A,N/A,N/A
Hobbies & Interests (Legacy),Legal Issues,Outstream,United Kingdom,Mobile Web,N/A,$0.00  ~ $0.00 ,N/A,N/A,N/A,N/A,N/A
Hobbies & Interests (Legacy),Legal Issues,Outstream,Canada,Desktop,N/A,$0.00  ~ $0.00 ,N/A,N/A,N/A,N/A,N/A
Hobbies & Interests (Legacy),Legal Issues,Outstream,United States,Mobile Web,N/A,$0.00  ~ $0.00 ,N/A,N/A,N/A,N/A,N/A
Hobbies & Interests (Legacy),Legal Issues,Outstream,United States,Desktop,N/A,$0.00  ~ $0.00 ,N/A,N/A,N/A,N/A,N/A
Hobbies & Interests (Legacy),Legal Issues,Interstitial,United States,Desktop,N/A,$0.00  ~ $0.00 ,N/A,N/A,N/A,N/A,N/A
Hobbies & Interests (Legacy),Legal Issues,Interstitial,Canada,Desktop,N/A,$0.00  ~ $0.00 ,N/A,N/A,N/A,N/A,N/A
Hobbies & Interests (Legacy),Music,Instream,United States,Desktop,N/A,$0.00  ~ $0.00 ,N/A,N/A,N/A,N/A,N/A
Hobbies & Interests (Legacy),Music,Outstream,United States,Mobile Web,N/A,$0.00  ~ $0.00 ,N/A,N/A,N/A,N/A,N/A
Hobbies & Interests (Legacy),Cocktails/Beer,Instream,United States,Desktop,N/A,$0.00  ~ $0.00 ,N/A,N/A,N/A,N/A,N/A
Hobbies & Interests (Legacy),Cocktails/Beer,Instream,United States,Mobile Web,N/A,$0.00  ~ $0.00 ,N/A,N/A,N/A,N/A,N/A
Hobbies & Interests (Legacy),Cocktails/Beer,Outstream,United States,Desktop,N/A,$0.00  ~ $0.00 ,N/A,N/A,N/A,N/A,N/A
Hobbies & Interests (Legacy),Cocktails/Beer,Outstream,United States,Mobile Web,N/A,$0.00  ~ $0.00 ,N/A,N/A,N/A,N/A,N/A
Hobbies & Interests (Legacy),Cocktails/Beer,Outstream,United States,Tablet,N/A,$0.00  ~ $0.00 ,N/A,N/A,N/A,N/A,N/A
Hobbies & Interests (Legacy),Coffee/Tea,Interstitial,United States,Desktop,N/A,$0.00  ~ $0.00 ,N/A,N/A,N/A,N/A,N/A
Hobbies & Interests (Legacy),Coffee/Tea,Instream,United States,Desktop,N/A,$0.00  ~ $0.00 ,N/A,N/A,N/A,N/A,N/A
Hobbies & Interests (Legacy),Coffee/Tea,Outstream,United States,Desktop,N/A,$0.00  ~ $0.00 ,N/A,N/A,N/A,N/A,N/A
Hobbies & Interests (Legacy),Weight Loss,Interstitial,United States,Mobile Web,N/A,$0.00  ~ $0.00 ,N/A,N/A,N/A,N/A,N/A
Hobbies & Interests (Legacy),Weight Loss,Rewarded,United States,Mobile Web,N/A,$0.00  ~ $0.00 ,N/A,N/A,N/A,N/A,N/A
Hobbies & Interests (Legacy),Large Animals,Outstream,United States,Desktop,N/A,$0.00  ~ $0.00 ,N/A,N/A,N/A,N/A,N/A
Hobbies & Interests (Legacy),Gardening,Instream,United States,Desktop,N/A,$0.00  ~ $0.00 ,N/A,N/A,N/A,N/A,N/A
Hobbies & Interests (Legacy),Pediatrics,Instream,United States,Desktop,N/A,$0.00  ~ $0.00 ,N/A,N/A,N/A,N/A,N/A
Hobbies & Interests (Legacy),Pediatrics,Interstitial,United States,Desktop,N/A,$0.00  ~ $0.00 ,N/A,N/A,N/A,N/A,N/A
Hobbies & Interests (Legacy),Contests & Freebies,Instream,United States,Desktop,N/A,$0.00  ~ $0.00 ,N/A,N/A,N/A,N/A,N/A
Hobbies & Interests (Legacy),Cruises,Instream,United States,Desktop,N/A,$0.00  ~ $0.00 ,N/A,N/A,N/A,N/A,N/A
Hobbies & Interests (Legacy),Cruises,Interstitial,United States,Desktop,N/A,$0.00  ~ $0.00 ,N/A,N/A,N/A,N/A,N/A
Hobbies & Interests (Legacy),Cruises,Outstream,United States,Desktop,N/A,$0.00  ~ $0.00 ,N/A,N/A,N/A,N/A,N/A
Hobbies & Interests (Legacy),Cruises,Outstream,United States,Mobile Web,N/A,$0.00  ~ $0.00 ,N/A,N/A,N/A,N/A,N/A
Hobbies & Interests (Legacy),Business,Outstream,United States,Mobile Web,N/A,$0.00  ~ $0.00 ,N/A,N/A,N/A,N/A,N/A
Hobbies & Interests (Legacy),Business,Outstream,United States,Tablet,N/A,$0.00  ~ $0.00 ,N/A,N/A,N/A,N/A,N/A
Hobbies & Interests (Legacy),Business,Outstream,Canada,Desktop,N/A,$0.00  ~ $0.00 ,N/A,N/A,N/A,N/A,N/A
Hobbies & Interests (Legacy),Business,Outstream,Canada,Mobile Web,N/A,$0.00  ~ $0.00 ,N/A,N/A,N/A,N/A,N/A
Hobbies & Interests (Legacy),Business,Outstream,United Kingdom,Desktop,N/A,$0.00  ~ $0.00 ,N/A,N/A,N/A,N/A,N/A
Hobbies & Interests (Legacy),Business,Outstream,United Kingdom,Mobile Web,N/A,$0.00  ~ $0.00 ,N/A,N/A,N/A,N/A,N/A
Hobbies & Interests (Legacy),Business,Rewarded,United Kingdom,Desktop,N/A,$0.00  ~ $0.00 ,N/A,N/A,N/A,N/A,N/A
Hobbies & Interests (Legacy),Business,Rewarded,United States,Mobile Web,N/A,$0.00  ~ $0.00 ,N/A,N/A,N/A,N/A,N/A
Hobbies & Interests (Legacy),Business,Rewarded,United States,Desktop,N/A,$0.00  ~ $0.00 ,N/A,N/A,N/A,N/A,N/A
Hobbies & Interests (Legacy),Business,Native,United States,Desktop,N/A,$0.00  ~ $0.00 ,N/A,N/A,N/A,N/A,N/A
Hobbies & Interests (Legacy),Business,Native,Mexico,Desktop,N/A,$0.00  ~ $0.00 ,N/A,N/A,N/A,N/A,N/A
Hobbies & Interests (Legacy),Business,Instream,Mexico,Desktop,N/A,$0.00  ~ $0.00 ,N/A,N/A,N/A,N/A,N/A
Hobbies & Interests (Legacy),Business,Instream,Canada,Desktop,N/A,$0.00  ~ $0.00 ,N/A,N/A,N/A,N/A,N/A
Hobbies & Interests (Legacy),Business,Instream,Canada,Mobile Web,N/A,$0.00  ~ $0.00 ,N/A,N/A,N/A,N/A,N/A
Hobbies & Interests (Legacy),Business,Instream,United Kingdom,Desktop,N/A,$0.00  ~ $0.00 ,N/A,N/A,N/A,N/A,N/A
Hobbies & Interests (Legacy),Business,Interstitial,United States,Desktop,N/A,$0.00  ~ $0.00 ,N/A,N/A,N/A,N/A,N/A
Hobbies & Interests (Legacy),Business,Interstitial,United States,Mobile Web,N/A,$0.00  ~ $0.00 ,N/A,N/A,N/A,N/A,N/A
Hobbies & Interests (Legacy),Business,Interstitial,United Kingdom,Mobile Web,N/A,$0.00  ~ $0.00 ,N/A,N/A,N/A,N/A,N/A
Hobbies & Interests (Legacy),Business,Interstitial,United Kingdom,Desktop,N/A,$0.00  ~ $0.00 ,N/A,N/A,N/A,N/A,N/A
Hobbies & Interests (Legacy),Business,Interstitial,Canada,Desktop,N/A,$0.00  ~ $0.00 ,N/A,N/A,N/A,N/A,N/A
Hobbies & Interests (Legacy),Business,Interstitial,Canada,Mobile Web,N/A,$0.00  ~ $0.00 ,N/A,N/A,N/A,N/A,N/A
Hobbies & Interests (Legacy),Biotech/Biomedical,Instream,United States,Desktop,N/A,$0.00  ~ $0.00 ,N/A,N/A,N/A,N/A,N/A
Hobbies & Interests (Legacy),Biotech/Biomedical,Instream,United States,Mobile Web,N/A,$0.00  ~ $0.00 ,N/A,N/A,N/A,N/A,N/A
Hobbies & Interests (Legacy),Biotech/Biomedical,Instream,United States,Tablet,N/A,$0.00  ~ $0.00 ,N/A,N/A,N/A,N/A,N/A
Hobbies & Interests (Legacy),Biotech/Biomedical,Interstitial,United States,Desktop,N/A,$0.00  ~ $0.00 ,N/A,N/A,N/A,N/A,N/A
Hobbies & Interests (Legacy),Biotech/Biomedical,Outstream,United States,Desktop,N/A,$0.00  ~ $0.00 ,N/A,N/A,N/A,N/A,N/A
Hobbies & Interests (Legacy),Biotech/Biomedical,Outstream,United States,Mobile Web,N/A,$0.00  ~ $0.00 ,N/A,N/A,N/A,N/A,N/A
Hobbies & Interests (Legacy),Metals,Instream,United States,Desktop,N/A,$0.00  ~ $0.00 ,N/A,N/A,N/A,N/A,N/A
Hobbies & Interests (Legacy),Metals,Instream,United States,Mobile Web,N/A,$0.00  ~ $0.00 ,N/A,N/A,N/A,N/A,N/A
Hobbies & Interests (Legacy),Metals,Instream,United States,Tablet,N/A,$0.00  ~ $0.00 ,N/A,N/A,N/A,N/A,N/A
Hobbies & Interests (Legacy),Metals,Instream,Canada,Desktop,N/A,$0.00  ~ $0.00 ,N/A,N/A,N/A,N/A,N/A
Hobbies & Interests (Legacy),Metals,Interstitial,United States,Desktop,N/A,$0.00  ~ $0.00 ,N/A,N/A,N/A,N/A,N/A
Hobbies & Interests (Legacy),Metals,Outstream,United States,Mobile Web,N/A,$0.00  ~ $0.00 ,N/A,N/A,N/A,N/A,N/A
Hobbies & Interests (Legacy),Metals,Outstream,United States,Desktop,N/A,$0.00  ~ $0.00 ,N/A,N/A,N/A,N/A,N/A
Hobbies & Interests (Legacy),Metals,Outstream,Canada,Mobile Web,N/A,$0.00  ~ $0.00 ,N/A,N/A,N/A,N/A,N/A
Hobbies & Interests (Legacy),Hobbies & Interests,Native,United States,Desktop,N/A,$0.00  ~ $0.00 ,N/A,N/A,N/A,N/A,N/A
Hobbies & Interests (Legacy),Hobbies & Interests,Interstitial,United Kingdom,Mobile Web,N/A,$0.00  ~ $0.00 ,N/A,N/A,N/A,N/A,N/A
Hobbies & Interests (Legacy),Hobbies & Interests,Interstitial,United States,Desktop,N/A,$0.00  ~ $0.00 ,N/A,N/A,N/A,N/A,N/A
Hobbies & Interests (Legacy),Hobbies & Interests,Outstream,United Kingdom,Desktop,N/A,$0.00  ~ $0.00 ,N/A,N/A,N/A,N/A,N/A
Hobbies & Interests (Legacy),Hobbies & Interests,Outstream,United States,Tablet,N/A,$0.00  ~ $0.00 ,N/A,N/A,N/A,N/A,N/A
Hobbies & Interests (Legacy),Hobbies & Interests,Outstream,United States,Mobile Web,N/A,$0.00  ~ $0.00 ,N/A,N/A,N/A,N/A,N/A
Hobbies & Interests (Legacy),Hobbies & Interests,Outstream,United States,Desktop,N/A,$0.00  ~ $0.00 ,N/A,N/A,N/A,N/A,N/A
Hobbies & Interests (Legacy),Advertising,Rewarded,United States,Mobile Web,N/A,$0.00  ~ $0.00 ,N/A,N/A,N/A,N/A,N/A
Hobbies & Interests (Legacy),Advertising,Rewarded,United States,Desktop,N/A,$0.00  ~ $0.00 ,N/A,N/A,N/A,N/A,N/A
Hobbies & Interests (Legacy),Advertising,Instream,United States,Desktop,N/A,$0.00  ~ $0.00 ,N/A,N/A,N/A,N/A,N/A
Hobbies & Interests (Legacy),Advertising,Instream,Canada,Desktop,N/A,$0.00  ~ $0.00 ,N/A,N/A,N/A,N/A,N/A
Hobbies & Interests (Legacy),Advertising,Interstitial,United States,Desktop,N/A,$0.00  ~ $0.00 ,N/A,N/A,N/A,N/A,N/A
Hobbies & Interests (Legacy),Advertising,Interstitial,United States,Mobile Web,N/A,$0.00  ~ $0.00 ,N/A,N/A,N/A,N/A,N/A
Hobbies & Interests (Legacy),Advertising,Outstream,United States,Mobile Web,N/A,$0.00  ~ $0.00 ,N/A,N/A,N/A,N/A,N/A
Hobbies & Interests (Legacy),Advertising,Outstream,United States,Desktop,N/A,$0.00  ~ $0.00 ,N/A,N/A,N/A,N/A,N/A
Hobbies & Interests (Legacy),Advertising,Outstream,Canada,Mobile Web,N/A,$0.00  ~ $0.00 ,N/A,N/A,N/A,N/A,N/A
Hobbies & Interests (Legacy),Health/Lowfat Cooking,Instream,United States,Desktop,N/A,$0.00  ~ $0.00 ,N/A,N/A,N/A,N/A,N/A
Hobbies & Interests (Legacy),Computer Peripherals,Interstitial,United Kingdom,Desktop,N/A,$0.00  ~ $0.00 ,N/A,N/A,N/A,N/A,N/A
Hobbies & Interests (Legacy),Computer Peripherals,Outstream,United Kingdom,Desktop,N/A,$0.00  ~ $0.00 ,N/A,N/A,N/A,N/A,N/A
Hobbies & Interests (Legacy),Computer Peripherals,Instream,United Kingdom,Desktop,N/A,$0.00  ~ $0.00 ,N/A,N/A,N/A,N/A,N/A
Hobbies & Interests (Legacy),Retirement Planning,Interstitial,United States,Desktop,N/A,$0.00  ~ $0.00 ,N/A,N/A,N/A,N/A,N/A
Home & Garden (Legacy),Hobbies & Interests,Instream,United States,Desktop,N/A,$61.56  ~ $61.56 ,N/A,N/A,N/A,99.04%,N/A
Home & Garden (Legacy),Hobbies & Interests,Instream,United States,Mobile Web,N/A,$61.59  ~ $61.59 ,N/A,N/A,N/A,100.00%,N/A
Home & Garden (Legacy),Hobbies & Interests,Outstream,United States,Desktop,N/A,$42.69  ~ $42.69 ,N/A,N/A,N/A,100.00%,N/A
Home & Garden (Legacy),Remodeling & Construction,Outstream,United States,Desktop,N/A,$40.70  ~ $40.70 ,N/A,N/A,N/A,100.00%,N/A
Home & Garden (Legacy),Insurance,Instream,United States,Desktop,N/A,$41.08  ~ $41.08 ,N/A,N/A,N/A,100.00%,N/A
Home & Garden (Legacy),Shopping,Instream,United States,Desktop,N/A,$33.57  ~ $33.57 ,N/A,N/A,N/A,100.00%,N/A
Home & Garden (Legacy),Shopping,Instream,United States,Mobile Web,N/A,$0.00  ~ $0.00 ,N/A,N/A,N/A,N/A,N/A
Home & Garden (Legacy),Business,Instream,United States,Desktop,N/A,$43.50  ~ $44.06 ,N/A,N/A,N/A,100.00%,N/A
Home & Garden (Legacy),Business,Instream,United States,Mobile Web,N/A,$36.82  ~ $36.82 ,N/A,N/A,N/A,33.33%,N/A
Home & Garden (Legacy),Business,Outstream,United States,Desktop,N/A,$55.16  ~ $135.45 ,N/A,N/A,N/A,50.00%,N/A
Home & Garden (Legacy),Business,Outstream,United States,Mobile Web,N/A,$19.69  ~ $44.96 ,N/A,N/A,N/A,N/A,N/A
Home & Garden (Legacy),Personal Finance,Instream,United States,Mobile Web,N/A,$51.89  ~ $51.89 ,N/A,N/A,N/A,50.00%,N/A
Home & Garden (Legacy),Personal Finance,Instream,United States,Desktop,N/A,$41.33  ~ $41.33 ,N/A,N/A,N/A,96.55%,N/A
Home & Garden (Legacy),Personal Finance,Outstream,United States,Mobile Web,N/A,$50.52  ~ $50.52 ,N/A,N/A,N/A,80.00%,N/A
Home & Garden (Legacy),Health & Fitness,Instream,United States,Desktop,N/A,$21.67  ~ $24.16 ,N/A,N/A,N/A,92.78%,N/A
Home & Garden (Legacy),Health & Fitness,Instream,United States,Mobile Web,N/A,$28.53  ~ $38.07 ,N/A,N/A,N/A,50.00%,N/A
Home & Garden (Legacy),Health & Fitness,Outstream,United States,Tablet,N/A,$65.83  ~ $65.83 ,N/A,N/A,N/A,33.33%,N/A
Home & Garden (Legacy),Health & Fitness,Outstream,United States,Desktop,N/A,$31.14  ~ $31.14 ,N/A,N/A,N/A,50.00%,N/A
Home & Garden (Legacy),Health & Fitness,Outstream,United States,Mobile Web,N/A,$49.94  ~ $49.94 ,N/A,N/A,N/A,100.00%,N/A
Home & Garden (Legacy),Politics,Instream,United States,Desktop,N/A,$45.52  ~ $45.52 ,N/A,N/A,N/A,98.48%,N/A
Home & Garden (Legacy),Politics,Outstream,United States,Desktop,N/A,$76.47  ~ $76.47 ,N/A,N/A,N/A,N/A,N/A
Home & Garden (Legacy),News,Instream,United States,Desktop,N/A,$36.56  ~ $36.56 ,N/A,N/A,N/A,95.92%,N/A
Home & Garden (Legacy),News,Instream,United States,Mobile Web,N/A,$44.39  ~ $44.39 ,N/A,N/A,N/A,100.00%,N/A
Home & Garden (Legacy),Automotive,Instream,United States,Desktop,N/A,$38.24  ~ $38.24 ,N/A,N/A,N/A,97.14%,N/A
Home & Garden (Legacy),"Law, Gov't & Politics",Instream,United States,Desktop,N/A,$28.91  ~ $32.08 ,N/A,N/A,N/A,98.97%,N/A
Home & Garden (Legacy),"Law, Gov't & Politics",Outstream,United States,Desktop,N/A,$81.62  ~ $81.62 ,N/A,N/A,N/A,100.00%,N/A
Home & Garden (Legacy),"Law, Gov't & Politics",Outstream,United States,Mobile Web,N/A,$75.10  ~ $75.10 ,N/A,N/A,N/A,100.00%,N/A
Home & Garden (Legacy),Auto Repair,Instream,United States,Desktop,N/A,$12.53  ~ $12.53 ,N/A,N/A,N/A,100.00%,N/A
Home & Garden (Legacy),Education,Instream,United States,Mobile Web,N/A,$22.20  ~ $22.20 ,N/A,N/A,N/A,100.00%,N/A
Home & Garden (Legacy),Education,Instream,United States,Desktop,N/A,$25.31  ~ $25.56 ,N/A,N/A,N/A,95.00%,N/A
Home & Garden (Legacy),Graduate School,Instream,United States,Desktop,N/A,$41.22  ~ $41.22 ,N/A,N/A,N/A,100.00%,N/A
Home & Garden (Legacy),Buying/Selling Cars,Instream,United States,Mobile Web,N/A,$40.68  ~ $40.68 ,N/A,N/A,N/A,66.67%,N/A
Home & Garden (Legacy),Buying/Selling Cars,Instream,United States,Desktop,N/A,$40.57  ~ $40.57 ,N/A,N/A,N/A,100.00%,N/A
Home & Garden (Legacy),Arts & Entertainment,Instream,United States,Desktop,N/A,$17.74  ~ $32.78 ,N/A,N/A,N/A,50.00%,N/A
Home & Garden (Legacy),Home & Garden,Instream,United States,Desktop,N/A,$24.78  ~ $26.69 ,N/A,N/A,N/A,71.43%,N/A
Home & Garden (Legacy),Home & Garden,Instream,United States,Mobile Web,N/A,$32.87  ~ $32.87 ,N/A,N/A,N/A,100.00%,N/A
Home & Garden (Legacy),Home & Garden,Outstream,United States,Desktop,N/A,$34.51  ~ $48.48 ,N/A,N/A,N/A,40.00%,N/A
Home & Garden (Legacy),Pets,Instream,Canada,Mobile Web,N/A,$0.00  ~ $0.00 ,N/A,N/A,N/A,N/A,N/A
Home & Garden (Legacy),Pets,Instream,Canada,Desktop,N/A,$0.00  ~ $0.00 ,N/A,N/A,N/A,N/A,N/A
Home & Garden (Legacy),Pets,Instream,United States,Desktop,N/A,$0.00  ~ $0.00 ,N/A,N/A,N/A,N/A,N/A
Home & Garden (Legacy),Pets,Outstream,Canada,Desktop,N/A,$0.00  ~ $0.00 ,N/A,N/A,N/A,N/A,N/A
Home & Garden (Legacy),Pets,Interstitial,United States,Desktop,N/A,$0.00  ~ $0.00 ,N/A,N/A,N/A,N/A,N/A
Home & Garden (Legacy),Dogs,Instream,Canada,Desktop,N/A,$0.00  ~ $0.00 ,N/A,N/A,N/A,N/A,N/A
Home & Garden (Legacy),Dogs,Outstream,Canada,Mobile Web,N/A,$0.00  ~ $0.00 ,N/A,N/A,N/A,N/A,N/A
Home & Garden (Legacy),Business Software,Interstitial,United Kingdom,Desktop,N/A,$0.00  ~ $0.00 ,N/A,N/A,N/A,N/A,N/A
Home & Garden (Legacy),Business Software,Interstitial,United States,Desktop,N/A,$0.00  ~ $0.00 ,N/A,N/A,N/A,N/A,N/A
Home & Garden (Legacy),Business Software,Instream,United States,Desktop,N/A,$0.00  ~ $0.00 ,N/A,N/A,N/A,N/A,N/A
Home & Garden (Legacy),Business Software,Instream,United Kingdom,Desktop,N/A,$0.00  ~ $0.00 ,N/A,N/A,N/A,N/A,N/A
Home & Garden (Legacy),Cancer,Interstitial,Canada,Desktop,N/A,$0.00  ~ $0.00 ,N/A,N/A,N/A,N/A,N/A
Home & Garden (Legacy),Hobbies & Interests,Interstitial,United States,Desktop,N/A,$0.00  ~ $0.00 ,N/A,N/A,N/A,N/A,N/A
Home & Garden (Legacy),Hobbies & Interests,Outstream,United States,Mobile Web,N/A,$0.00  ~ $0.00 ,N/A,N/A,N/A,N/A,N/A
Home & Garden (Legacy),Business,Outstream,Canada,Mobile Web,N/A,$0.00  ~ $0.00 ,N/A,N/A,N/A,N/A,N/A
Home & Garden (Legacy),Business,Outstream,Canada,Desktop,N/A,$0.00  ~ $0.00 ,N/A,N/A,N/A,N/A,N/A
Home & Garden (Legacy),Business,Outstream,United Kingdom,Mobile Web,N/A,$0.00  ~ $0.00 ,N/A,N/A,N/A,N/A,N/A
Home & Garden (Legacy),Business,Outstream,United States,Tablet,N/A,$0.00  ~ $0.00 ,N/A,N/A,N/A,N/A,N/A
Home & Garden (Legacy),Business,Instream,Canada,Desktop,N/A,$0.00  ~ $0.00 ,N/A,N/A,N/A,N/A,N/A
Home & Garden (Legacy),Business,Instream,United Kingdom,Desktop,N/A,$0.00  ~ $0.00 ,N/A,N/A,N/A,N/A,N/A
Home & Garden (Legacy),Business,Interstitial,United States,Desktop,N/A,$0.00  ~ $0.00 ,N/A,N/A,N/A,N/A,N/A
Home & Garden (Legacy),Business,Interstitial,United States,Mobile Web,N/A,$0.00  ~ $0.00 ,N/A,N/A,N/A,N/A,N/A
Home & Garden (Legacy),Business,Interstitial,United Kingdom,Desktop,N/A,$0.00  ~ $0.00 ,N/A,N/A,N/A,N/A,N/A
Home & Garden (Legacy),Business,Interstitial,United Kingdom,Mobile Web,N/A,$0.00  ~ $0.00 ,N/A,N/A,N/A,N/A,N/A
Home & Garden (Legacy),Business,Interstitial,Canada,Desktop,N/A,$0.00  ~ $0.00 ,N/A,N/A,N/A,N/A,N/A
Home & Garden (Legacy),Careers,Instream,United States,Desktop,N/A,$0.00  ~ $0.00 ,N/A,N/A,N/A,N/A,N/A
Home & Garden (Legacy),Careers,Interstitial,United States,Desktop,N/A,$0.00  ~ $0.00 ,N/A,N/A,N/A,N/A,N/A
Home & Garden (Legacy),Careers,Interstitial,United Kingdom,Mobile Web,N/A,$0.00  ~ $0.00 ,N/A,N/A,N/A,N/A,N/A
Home & Garden (Legacy),Careers,Outstream,Canada,Desktop,N/A,$0.00  ~ $0.00 ,N/A,N/A,N/A,N/A,N/A
Home & Garden (Legacy),Careers,Outstream,United States,Desktop,N/A,$0.00  ~ $0.00 ,N/A,N/A,N/A,N/A,N/A
Home & Garden (Legacy),Interior Decorating,Interstitial,United States,Desktop,N/A,$0.00  ~ $0.00 ,N/A,N/A,N/A,N/A,N/A
Home & Garden (Legacy),Interior Decorating,Interstitial,United States,Tablet,N/A,$0.00  ~ $0.00 ,N/A,N/A,N/A,N/A,N/A
Home & Garden (Legacy),Interior Decorating,Outstream,United States,Desktop,N/A,$0.00  ~ $0.00 ,N/A,N/A,N/A,N/A,N/A
Home & Garden (Legacy),Interior Decorating,Outstream,United States,Mobile Web,N/A,$0.00  ~ $0.00 ,N/A,N/A,N/A,N/A,N/A
Home & Garden (Legacy),Interior Decorating,Outstream,United States,Tablet,N/A,$0.00  ~ $0.00 ,N/A,N/A,N/A,N/A,N/A
Home & Garden (Legacy),Interior Decorating,Instream,United States,Desktop,N/A,$0.00  ~ $0.00 ,N/A,N/A,N/A,N/A,N/A
Home & Garden (Legacy),Biotech/Biomedical,Instream,United States,Desktop,N/A,$0.00  ~ $0.00 ,N/A,N/A,N/A,N/A,N/A
Home & Garden (Legacy),Biotech/Biomedical,Instream,United States,Mobile Web,N/A,$0.00  ~ $0.00 ,N/A,N/A,N/A,N/A,N/A
Home & Garden (Legacy),Biotech/Biomedical,Instream,United States,Tablet,N/A,$0.00  ~ $0.00 ,N/A,N/A,N/A,N/A,N/A
Home & Garden (Legacy),Biotech/Biomedical,Interstitial,United States,Desktop,N/A,$0.00  ~ $0.00 ,N/A,N/A,N/A,N/A,N/A
Home & Garden (Legacy),Biotech/Biomedical,Outstream,United States,Mobile Web,N/A,$0.00  ~ $0.00 ,N/A,N/A,N/A,N/A,N/A
Home & Garden (Legacy),Biotech/Biomedical,Outstream,United States,Desktop,N/A,$0.00  ~ $0.00 ,N/A,N/A,N/A,N/A,N/A
Home & Garden (Legacy),Insurance,Outstream,United Kingdom,Mobile Web,N/A,$0.00  ~ $0.00 ,N/A,N/A,N/A,N/A,N/A
Home & Garden (Legacy),Insurance,Outstream,United Kingdom,Desktop,N/A,$0.00  ~ $0.00 ,N/A,N/A,N/A,N/A,N/A
Home & Garden (Legacy),Insurance,Outstream,United States,Desktop,N/A,$0.00  ~ $0.00 ,N/A,N/A,N/A,N/A,N/A
Home & Garden (Legacy),Insurance,Outstream,United States,Mobile Web,N/A,$0.00  ~ $0.00 ,N/A,N/A,N/A,N/A,N/A
Home & Garden (Legacy),Insurance,Interstitial,United States,Desktop,N/A,$0.00  ~ $0.00 ,N/A,N/A,N/A,N/A,N/A
Home & Garden (Legacy),K-6 Educators,Instream,United States,Desktop,N/A,$0.00  ~ $0.00 ,N/A,N/A,N/A,N/A,N/A
Home & Garden (Legacy),K-6 Educators,Instream,United States,Mobile Web,N/A,$0.00  ~ $0.00 ,N/A,N/A,N/A,N/A,N/A
Home & Garden (Legacy),K-6 Educators,Interstitial,United States,Desktop,N/A,$0.00  ~ $0.00 ,N/A,N/A,N/A,N/A,N/A
Home & Garden (Legacy),Education,Interstitial,United States,Desktop,N/A,$0.00  ~ $0.00 ,N/A,N/A,N/A,N/A,N/A
Home & Garden (Legacy),Education,Interstitial,United Kingdom,Desktop,N/A,$0.00  ~ $0.00 ,N/A,N/A,N/A,N/A,N/A
Home & Garden (Legacy),Education,Outstream,United States,Mobile Web,N/A,$0.00  ~ $0.00 ,N/A,N/A,N/A,N/A,N/A
Home & Garden (Legacy),Education,Outstream,United States,Tablet,N/A,$0.00  ~ $0.00 ,N/A,N/A,N/A,N/A,N/A
Home & Garden (Legacy),Education,Outstream,United States,Desktop,N/A,$0.00  ~ $0.00 ,N/A,N/A,N/A,N/A,N/A
Home & Garden (Legacy),Computer Peripherals,Instream,United Kingdom,Mobile Web,N/A,$0.00  ~ $0.00 ,N/A,N/A,N/A,N/A,N/A
Home & Garden (Legacy),Computer Peripherals,Outstream,United Kingdom,Desktop,N/A,$0.00  ~ $0.00 ,N/A,N/A,N/A,N/A,N/A
Home & Garden (Legacy),Pro Ice Hockey,Instream,Canada,Desktop,N/A,$0.00  ~ $0.00 ,N/A,N/A,N/A,N/A,N/A
Home & Garden (Legacy),Pro Ice Hockey,Interstitial,Canada,Desktop,N/A,$0.00  ~ $0.00 ,N/A,N/A,N/A,N/A,N/A
Home & Garden (Legacy),"Law, Gov't & Politics",Instream,Mexico,Desktop,N/A,$0.00  ~ $0.00 ,N/A,N/A,N/A,N/A,N/A
Home & Garden (Legacy),"Law, Gov't & Politics",Instream,Canada,Desktop,N/A,$0.00  ~ $0.00 ,N/A,N/A,N/A,N/A,N/A
Home & Garden (Legacy),"Law, Gov't & Politics",Outstream,Mexico,Desktop,N/A,$0.00  ~ $0.00 ,N/A,N/A,N/A,N/A,N/A
Home & Garden (Legacy),"Law, Gov't & Politics",Outstream,Mexico,Mobile Web,N/A,$0.00  ~ $0.00 ,N/A,N/A,N/A,N/A,N/A
Home & Garden (Legacy),"Law, Gov't & Politics",Interstitial,United States,Desktop,N/A,$0.00  ~ $0.00 ,N/A,N/A,N/A,N/A,N/A
Home & Garden (Legacy),"Law, Gov't & Politics",Interstitial,Mexico,Mobile Web,N/A,$0.00  ~ $0.00 ,N/A,N/A,N/A,N/A,N/A
Home & Garden (Legacy),Advertising,Instream,United States,Desktop,N/A,$0.00  ~ $0.00 ,N/A,N/A,N/A,N/A,N/A
Home & Garden (Legacy),Advertising,Outstream,United States,Desktop,N/A,$0.00  ~ $0.00 ,N/A,N/A,N/A,N/A,N/A
Home & Garden (Legacy),Advertising,Outstream,United States,Mobile Web,N/A,$0.00  ~ $0.00 ,N/A,N/A,N/A,N/A,N/A
Home & Garden (Legacy),Advertising,Outstream,Canada,Mobile Web,N/A,$0.00  ~ $0.00 ,N/A,N/A,N/A,N/A,N/A
Home & Garden (Legacy),Advertising,Interstitial,United States,Desktop,N/A,$0.00  ~ $0.00 ,N/A,N/A,N/A,N/A,N/A
Home & Garden (Legacy),Advertising,Interstitial,United States,Mobile Web,N/A,$0.00  ~ $0.00 ,N/A,N/A,N/A,N/A,N/A
Home & Garden (Legacy),Commentary,Instream,United States,Desktop,N/A,$0.00  ~ $0.00 ,N/A,N/A,N/A,N/A,N/A
Home & Garden (Legacy),Commentary,Outstream,United States,Desktop,N/A,$0.00  ~ $0.00 ,N/A,N/A,N/A,N/A,N/A
Home & Garden (Legacy),Arts & Entertainment,Instream,United States,Mobile Web,N/A,$0.00  ~ $0.00 ,N/A,N/A,N/A,N/A,N/A
Home & Garden (Legacy),Arts & Entertainment,Instream,Canada,Desktop,N/A,$0.00  ~ $0.00 ,N/A,N/A,N/A,N/A,N/A
Home & Garden (Legacy),Arts & Entertainment,Instream,Canada,Mobile Web,N/A,$0.00  ~ $0.00 ,N/A,N/A,N/A,N/A,N/A
Home & Garden (Legacy),Arts & Entertainment,Interstitial,United States,Desktop,N/A,$0.00  ~ $0.00 ,N/A,N/A,N/A,N/A,N/A
Home & Garden (Legacy),Arts & Entertainment,Interstitial,United States,Mobile Web,N/A,$0.00  ~ $0.00 ,N/A,N/A,N/A,N/A,N/A
Home & Garden (Legacy),Arts & Entertainment,Interstitial,United Kingdom,Desktop,N/A,$0.00  ~ $0.00 ,N/A,N/A,N/A,N/A,N/A
Home & Garden (Legacy),Arts & Entertainment,Interstitial,United Kingdom,Mobile Web,N/A,$0.00  ~ $0.00 ,N/A,N/A,N/A,N/A,N/A
Home & Garden (Legacy),Arts & Entertainment,Interstitial,Canada,Desktop,N/A,$0.00  ~ $0.00 ,N/A,N/A,N/A,N/A,N/A
Home & Garden (Legacy),Arts & Entertainment,Outstream,Canada,Desktop,N/A,$0.00  ~ $0.00 ,N/A,N/A,N/A,N/A,N/A
Home & Garden (Legacy),Arts & Entertainment,Outstream,Canada,Mobile Web,N/A,$0.00  ~ $0.00 ,N/A,N/A,N/A,N/A,N/A
Home & Garden (Legacy),Arts & Entertainment,Outstream,United States,Mobile Web,N/A,$0.00  ~ $0.00 ,N/A,N/A,N/A,N/A,N/A
Home & Garden (Legacy),Arts & Entertainment,Outstream,United States,Desktop,N/A,$0.00  ~ $0.00 ,N/A,N/A,N/A,N/A,N/A
Home & Garden (Legacy),Arts & Entertainment,Outstream,United Kingdom,Mobile Web,N/A,$0.00  ~ $0.00 ,N/A,N/A,N/A,N/A,N/A
Home & Garden (Legacy),Food & Drink,Instream,United States,Desktop,N/A,$0.00  ~ $0.00 ,N/A,N/A,N/A,N/A,N/A
Home & Garden (Legacy),Food & Drink,Instream,United States,Mobile Web,N/A,$0.00  ~ $0.00 ,N/A,N/A,N/A,N/A,N/A
Home & Garden (Legacy),Food & Drink,Interstitial,United States,Desktop,N/A,$0.00  ~ $0.00 ,N/A,N/A,N/A,N/A,N/A
Home & Garden (Legacy),Food & Drink,Interstitial,United States,Mobile Web,N/A,$0.00  ~ $0.00 ,N/A,N/A,N/A,N/A,N/A
Home & Garden (Legacy),Food & Drink,Outstream,United States,Desktop,N/A,$0.00  ~ $0.00 ,N/A,N/A,N/A,N/A,N/A
Home & Garden (Legacy),Food & Drink,Outstream,United States,Mobile Web,N/A,$0.00  ~ $0.00 ,N/A,N/A,N/A,N/A,N/A
Home & Garden (Legacy),Honeymoons/Getaways,Instream,United States,Desktop,N/A,$0.00  ~ $0.00 ,N/A,N/A,N/A,N/A,N/A
Home & Garden (Legacy),Honeymoons/Getaways,Outstream,United States,Desktop,N/A,$0.00  ~ $0.00 ,N/A,N/A,N/A,N/A,N/A
Home & Garden (Legacy),Honeymoons/Getaways,Interstitial,United Kingdom,Desktop,N/A,$0.00  ~ $0.00 ,N/A,N/A,N/A,N/A,N/A
Home & Garden (Legacy),News,Interstitial,United States,Desktop,N/A,$0.00  ~ $0.00 ,N/A,N/A,N/A,N/A,N/A
Home & Garden (Legacy),News,Interstitial,United States,Mobile Web,N/A,$0.00  ~ $0.00 ,N/A,N/A,N/A,N/A,N/A
Home & Garden (Legacy),News,Interstitial,Canada,Desktop,N/A,$0.00  ~ $0.00 ,N/A,N/A,N/A,N/A,N/A
Home & Garden (Legacy),News,Instream,Canada,Desktop,N/A,$0.00  ~ $0.00 ,N/A,N/A,N/A,N/A,N/A
Home & Garden (Legacy),News,Instream,Canada,Mobile Web,N/A,$0.00  ~ $0.00 ,N/A,N/A,N/A,N/A,N/A
Home & Garden (Legacy),News,Outstream,United States,Mobile Web,N/A,$0.00  ~ $0.00 ,N/A,N/A,N/A,N/A,N/A
Home & Garden (Legacy),News,Outstream,United States,Desktop,N/A,$0.00  ~ $0.00 ,N/A,N/A,N/A,N/A,N/A
Home & Garden (Legacy),News,Outstream,Canada,Desktop,N/A,$0.00  ~ $0.00 ,N/A,N/A,N/A,N/A,N/A
Home & Garden (Legacy),News,Outstream,Canada,Mobile Web,N/A,$0.00  ~ $0.00 ,N/A,N/A,N/A,N/A,N/A
Home & Garden (Legacy),Cold & Flu,Interstitial,United States,Desktop,N/A,$0.00  ~ $0.00 ,N/A,N/A,N/A,N/A,N/A
Home & Garden (Legacy),Cold & Flu,Instream,United States,Desktop,N/A,$0.00  ~ $0.00 ,N/A,N/A,N/A,N/A,N/A
Home & Garden (Legacy),Cold & Flu,Outstream,United States,Desktop,N/A,$0.00  ~ $0.00 ,N/A,N/A,N/A,N/A,N/A
Home & Garden (Legacy),Cold & Flu,Outstream,United States,Tablet,N/A,$0.00  ~ $0.00 ,N/A,N/A,N/A,N/A,N/A
Home & Garden (Legacy),Alternative Medicine,Instream,United States,Desktop,N/A,$0.00  ~ $0.00 ,N/A,N/A,N/A,N/A,N/A
Home & Garden (Legacy),Senor Health,Instream,United States,Desktop,N/A,$0.00  ~ $0.00 ,N/A,N/A,N/A,N/A,N/A
Home & Garden (Legacy),College,Interstitial,United States,Desktop,N/A,$0.00  ~ $0.00 ,N/A,N/A,N/A,N/A,N/A
Home & Garden (Legacy),College,Instream,United States,Desktop,N/A,$0.00  ~ $0.00 ,N/A,N/A,N/A,N/A,N/A
Home & Garden (Legacy),College,Outstream,United States,Desktop,N/A,$0.00  ~ $0.00 ,N/A,N/A,N/A,N/A,N/A
Home & Garden (Legacy),Private School,Instream,United States,Desktop,N/A,$0.00  ~ $0.00 ,N/A,N/A,N/A,N/A,N/A
Home & Garden (Legacy),Private School,Interstitial,United States,Desktop,N/A,$0.00  ~ $0.00 ,N/A,N/A,N/A,N/A,N/A
Home & Garden (Legacy),Private School,Outstream,United States,Mobile Web,N/A,$0.00  ~ $0.00 ,N/A,N/A,N/A,N/A,N/A
Home & Garden (Legacy),Personal Finance,Interstitial,United Kingdom,Desktop,N/A,$0.00  ~ $0.00 ,N/A,N/A,N/A,N/A,N/A
Home & Garden (Legacy),Personal Finance,Interstitial,United States,Mobile Web,N/A,$0.00  ~ $0.00 ,N/A,N/A,N/A,N/A,N/A
Home & Garden (Legacy),Personal Finance,Interstitial,United States,Desktop,N/A,$0.00  ~ $0.00 ,N/A,N/A,N/A,N/A,N/A
Home & Garden (Legacy),Personal Finance,Instream,Canada,Desktop,N/A,$0.00  ~ $0.00 ,N/A,N/A,N/A,N/A,N/A
Home & Garden (Legacy),Personal Finance,Outstream,Canada,Desktop,N/A,$0.00  ~ $0.00 ,N/A,N/A,N/A,N/A,N/A
Home & Garden (Legacy),Personal Finance,Outstream,United States,Desktop,N/A,$0.00  ~ $0.00 ,N/A,N/A,N/A,N/A,N/A
Home & Garden (Legacy),Personal Finance,Outstream,Mexico,Desktop,N/A,$0.00  ~ $0.00 ,N/A,N/A,N/A,N/A,N/A
Home & Garden (Legacy),Personal Finance,Outstream,Mexico,Mobile Web,N/A,$0.00  ~ $0.00 ,N/A,N/A,N/A,N/A,N/A
Home & Garden (Legacy),Personal Finance,Outstream,United Kingdom,Mobile Web,N/A,$0.00  ~ $0.00 ,N/A,N/A,N/A,N/A,N/A
Home & Garden (Legacy),Home Repair,Instream,United States,Desktop,N/A,$0.00  ~ $0.00 ,N/A,N/A,N/A,N/A,N/A
Home & Garden (Legacy),Infertility,Instream,United States,Desktop,N/A,$0.00  ~ $0.00 ,N/A,N/A,N/A,N/A,N/A
Home & Garden (Legacy),Infertility,Instream,United States,Mobile Web,N/A,$0.00  ~ $0.00 ,N/A,N/A,N/A,N/A,N/A
Home & Garden (Legacy),Infertility,Interstitial,United States,Desktop,N/A,$0.00  ~ $0.00 ,N/A,N/A,N/A,N/A,N/A
Home & Garden (Legacy),Cruises,Instream,United States,Desktop,N/A,$0.00  ~ $0.00 ,N/A,N/A,N/A,N/A,N/A
Home & Garden (Legacy),Cruises,Interstitial,United States,Desktop,N/A,$0.00  ~ $0.00 ,N/A,N/A,N/A,N/A,N/A
Home & Garden (Legacy),Graduate School,Interstitial,United States,Desktop,N/A,$0.00  ~ $0.00 ,N/A,N/A,N/A,N/A,N/A
Home & Garden (Legacy),Graduate School,Outstream,United States,Mobile Web,N/A,$0.00  ~ $0.00 ,N/A,N/A,N/A,N/A,N/A
Home & Garden (Legacy),Metals,Interstitial,United States,Desktop,N/A,$0.00  ~ $0.00 ,N/A,N/A,N/A,N/A,N/A
Home & Garden (Legacy),Metals,Outstream,United States,Mobile Web,N/A,$0.00  ~ $0.00 ,N/A,N/A,N/A,N/A,N/A
Home & Garden (Legacy),Metals,Outstream,United States,Desktop,N/A,$0.00  ~ $0.00 ,N/A,N/A,N/A,N/A,N/A
Home & Garden (Legacy),Metals,Instream,United States,Mobile Web,N/A,$0.00  ~ $0.00 ,N/A,N/A,N/A,N/A,N/A
Home & Garden (Legacy),Metals,Instream,United States,Desktop,N/A,$0.00  ~ $0.00 ,N/A,N/A,N/A,N/A,N/A
Home & Garden (Legacy),Metals,Instream,Canada,Desktop,N/A,$0.00  ~ $0.00 ,N/A,N/A,N/A,N/A,N/A
Home & Garden (Legacy),Catholicism,Outstream,United States,Desktop,N/A,$0.00  ~ $0.00 ,N/A,N/A,N/A,N/A,N/A
Home & Garden (Legacy),Pediatrics,Instream,United States,Mobile Web,N/A,$0.00  ~ $0.00 ,N/A,N/A,N/A,N/A,N/A
Home & Garden (Legacy),Pediatrics,Instream,United States,Desktop,N/A,$0.00  ~ $0.00 ,N/A,N/A,N/A,N/A,N/A
Home & Garden (Legacy),Pediatrics,Outstream,United States,Desktop,N/A,$0.00  ~ $0.00 ,N/A,N/A,N/A,N/A,N/A
Home & Garden (Legacy),Pediatrics,Outstream,United States,Mobile Web,N/A,$0.00  ~ $0.00 ,N/A,N/A,N/A,N/A,N/A
Home & Garden (Legacy),Investing,Outstream,United States,Mobile Web,N/A,$0.00  ~ $0.00 ,N/A,N/A,N/A,N/A,N/A
Home & Garden (Legacy),Investing,Interstitial,United States,Mobile Web,N/A,$0.00  ~ $0.00 ,N/A,N/A,N/A,N/A,N/A
Home & Garden (Legacy),Automotive,Outstream,Mexico,Desktop,N/A,$0.00  ~ $0.00 ,N/A,N/A,N/A,N/A,N/A
Home & Garden (Legacy),Automotive,Outstream,United States,Desktop,N/A,$0.00  ~ $0.00 ,N/A,N/A,N/A,N/A,N/A
Home & Garden (Legacy),Automotive,Outstream,United States,Mobile Web,N/A,$0.00  ~ $0.00 ,N/A,N/A,N/A,N/A,N/A
Home & Garden (Legacy),Automotive,Interstitial,United States,Desktop,N/A,$0.00  ~ $0.00 ,N/A,N/A,N/A,N/A,N/A
Home & Garden (Legacy),Logistics,Instream,United States,Desktop,N/A,$0.00  ~ $0.00 ,N/A,N/A,N/A,N/A,N/A
Home & Garden (Legacy),Cell Phones,Outstream,Mexico,Desktop,N/A,$0.00  ~ $0.00 ,N/A,N/A,N/A,N/A,N/A
Home & Garden (Legacy),Travel,Instream,United States,Desktop,N/A,$0.00  ~ $0.00 ,N/A,N/A,N/A,N/A,N/A
Home & Garden (Legacy),Travel,Instream,United States,Mobile Web,N/A,$0.00  ~ $0.00 ,N/A,N/A,N/A,N/A,N/A
Home & Garden (Legacy),Travel,Instream,United Kingdom,Desktop,N/A,$0.00  ~ $0.00 ,N/A,N/A,N/A,N/A,N/A
Home & Garden (Legacy),Travel,Interstitial,United Kingdom,Mobile Web,N/A,$0.00  ~ $0.00 ,N/A,N/A,N/A,N/A,N/A
Home & Garden (Legacy),Travel,Interstitial,United Kingdom,Desktop,N/A,$0.00  ~ $0.00 ,N/A,N/A,N/A,N/A,N/A
Home & Garden (Legacy),Travel,Interstitial,United States,Desktop,N/A,$0.00  ~ $0.00 ,N/A,N/A,N/A,N/A,N/A
Home & Garden (Legacy),Travel,Outstream,United States,Desktop,N/A,$0.00  ~ $0.00 ,N/A,N/A,N/A,N/A,N/A
Home & Garden (Legacy),Travel,Outstream,United States,Mobile Web,N/A,$0.00  ~ $0.00 ,N/A,N/A,N/A,N/A,N/A
Home & Garden (Legacy),Travel,Outstream,United Kingdom,Mobile Web,N/A,$0.00  ~ $0.00 ,N/A,N/A,N/A,N/A,N/A
Home & Garden (Legacy),Travel,Outstream,United Kingdom,Desktop,N/A,$0.00  ~ $0.00 ,N/A,N/A,N/A,N/A,N/A
Home & Garden (Legacy),Travel,Outstream,Canada,Mobile Web,N/A,$0.00  ~ $0.00 ,N/A,N/A,N/A,N/A,N/A
Home & Garden (Legacy),Card Games,Instream,United States,Desktop,N/A,$0.00  ~ $0.00 ,N/A,N/A,N/A,N/A,N/A
Home & Garden (Legacy),Card Games,Instream,United States,Mobile Web,N/A,$0.00  ~ $0.00 ,N/A,N/A,N/A,N/A,N/A
Home & Garden (Legacy),Card Games,Outstream,United States,Mobile Web,N/A,$0.00  ~ $0.00 ,N/A,N/A,N/A,N/A,N/A
Home & Garden (Legacy),Card Games,Outstream,United States,Desktop,N/A,$0.00  ~ $0.00 ,N/A,N/A,N/A,N/A,N/A
Home & Garden (Legacy),Card Games,Interstitial,United States,Desktop,N/A,$0.00  ~ $0.00 ,N/A,N/A,N/A,N/A,N/A
Home & Garden (Legacy),Psychology/Psychiatry,Interstitial,United States,Desktop,N/A,$0.00  ~ $0.00 ,N/A,N/A,N/A,N/A,N/A
Home & Garden (Legacy),Psychology/Psychiatry,Instream,United States,Desktop,N/A,$0.00  ~ $0.00 ,N/A,N/A,N/A,N/A,N/A
Home & Garden (Legacy),Psychology/Psychiatry,Outstream,United States,Mobile Web,N/A,$0.00  ~ $0.00 ,N/A,N/A,N/A,N/A,N/A
Home & Garden (Legacy),Real Estate,Outstream,United States,Mobile Web,N/A,$0.00  ~ $0.00 ,N/A,N/A,N/A,N/A,N/A
Home & Garden (Legacy),Real Estate,Outstream,United States,Desktop,N/A,$0.00  ~ $0.00 ,N/A,N/A,N/A,N/A,N/A
Home & Garden (Legacy),Real Estate,Outstream,Canada,Mobile Web,N/A,$0.00  ~ $0.00 ,N/A,N/A,N/A,N/A,N/A
Home & Garden (Legacy),Real Estate,Interstitial,United States,Mobile Web,N/A,$0.00  ~ $0.00 ,N/A,N/A,N/A,N/A,N/A
Home & Garden (Legacy),Real Estate,Interstitial,United States,Desktop,N/A,$0.00  ~ $0.00 ,N/A,N/A,N/A,N/A,N/A
Home & Garden (Legacy),Real Estate,Interstitial,United States,Tablet,N/A,$0.00  ~ $0.00 ,N/A,N/A,N/A,N/A,N/A
Home & Garden (Legacy),Real Estate,Instream,United States,Desktop,N/A,$0.00  ~ $0.00 ,N/A,N/A,N/A,N/A,N/A
Home & Garden (Legacy),Real Estate,Instream,United States,Mobile Web,N/A,$0.00  ~ $0.00 ,N/A,N/A,N/A,N/A,N/A
Home & Garden (Legacy),Green Solutions,Instream,United States,Mobile Web,N/A,$0.00  ~ $0.00 ,N/A,N/A,N/A,N/A,N/A
Home & Garden (Legacy),Green Solutions,Instream,United States,Desktop,N/A,$0.00  ~ $0.00 ,N/A,N/A,N/A,N/A,N/A
Home & Garden (Legacy),Green Solutions,Outstream,United States,Desktop,N/A,$0.00  ~ $0.00 ,N/A,N/A,N/A,N/A,N/A
Home & Garden (Legacy),Green Solutions,Interstitial,United States,Desktop,N/A,$0.00  ~ $0.00 ,N/A,N/A,N/A,N/A,N/A
Home & Garden (Legacy),By US Locale,Instream,United States,Desktop,N/A,$0.00  ~ $0.00 ,N/A,N/A,N/A,N/A,N/A
Home & Garden (Legacy),By US Locale,Interstitial,United States,Desktop,N/A,$0.00  ~ $0.00 ,N/A,N/A,N/A,N/A,N/A
Home & Garden (Legacy),By US Locale,Outstream,United States,Desktop,N/A,$0.00  ~ $0.00 ,N/A,N/A,N/A,N/A,N/A
Home & Garden (Legacy),Shopping,Interstitial,United Kingdom,Desktop,N/A,$0.00  ~ $0.00 ,N/A,N/A,N/A,N/A,N/A
Home & Garden (Legacy),Shopping,Interstitial,United Kingdom,Mobile Web,N/A,$0.00  ~ $0.00 ,N/A,N/A,N/A,N/A,N/A
Home & Garden (Legacy),Shopping,Interstitial,United States,Desktop,N/A,$0.00  ~ $0.00 ,N/A,N/A,N/A,N/A,N/A
Home & Garden (Legacy),Shopping,Interstitial,Canada,Desktop,N/A,$0.00  ~ $0.00 ,N/A,N/A,N/A,N/A,N/A
Home & Garden (Legacy),Shopping,Instream,Canada,Desktop,N/A,$0.00  ~ $0.00 ,N/A,N/A,N/A,N/A,N/A
Home & Garden (Legacy),Shopping,Instream,United Kingdom,Desktop,N/A,$0.00  ~ $0.00 ,N/A,N/A,N/A,N/A,N/A
Home & Garden (Legacy),Shopping,Outstream,United States,Mobile Web,N/A,$0.00  ~ $0.00 ,N/A,N/A,N/A,N/A,N/A
Home & Garden (Legacy),Shopping,Outstream,United States,Tablet,N/A,$0.00  ~ $0.00 ,N/A,N/A,N/A,N/A,N/A
Home & Garden (Legacy),Shopping,Outstream,United States,Desktop,N/A,$0.00  ~ $0.00 ,N/A,N/A,N/A,N/A,N/A
Home & Garden (Legacy),Shopping,Outstream,United Kingdom,Mobile Web,N/A,$0.00  ~ $0.00 ,N/A,N/A,N/A,N/A,N/A
Home & Garden (Legacy),Shopping,Outstream,United Kingdom,Desktop,N/A,$0.00  ~ $0.00 ,N/A,N/A,N/A,N/A,N/A
Home & Garden (Legacy),Shopping,Outstream,Canada,Mobile Web,N/A,$0.00  ~ $0.00 ,N/A,N/A,N/A,N/A,N/A
Home & Garden (Legacy),Agriculture,Interstitial,United States,Desktop,N/A,$0.00  ~ $0.00 ,N/A,N/A,N/A,N/A,N/A
Home & Garden (Legacy),Agriculture,Outstream,United States,Mobile Web,N/A,$0.00  ~ $0.00 ,N/A,N/A,N/A,N/A,N/A
Home & Garden (Legacy),Agriculture,Instream,United States,Desktop,N/A,$0.00  ~ $0.00 ,N/A,N/A,N/A,N/A,N/A
Home & Garden (Legacy),Politics,Interstitial,United States,Desktop,N/A,$0.00  ~ $0.00 ,N/A,N/A,N/A,N/A,N/A
Home & Garden (Legacy),Politics,Interstitial,United States,Mobile Web,N/A,$0.00  ~ $0.00 ,N/A,N/A,N/A,N/A,N/A
Home & Garden (Legacy),Politics,Outstream,United States,Mobile Web,N/A,$0.00  ~ $0.00 ,N/A,N/A,N/A,N/A,N/A
Home & Garden (Legacy),Politics,Instream,United States,Mobile Web,N/A,$0.00  ~ $0.00 ,N/A,N/A,N/A,N/A,N/A
Home & Garden (Legacy),Politics,Instream,United States,Tablet,N/A,$0.00  ~ $0.00 ,N/A,N/A,N/A,N/A,N/A
Home & Garden (Legacy),Buying/Selling Cars,Outstream,United States,Mobile Web,N/A,$0.00  ~ $0.00 ,N/A,N/A,N/A,N/A,N/A
Home & Garden (Legacy),Buying/Selling Cars,Outstream,United States,Desktop,N/A,$0.00  ~ $0.00 ,N/A,N/A,N/A,N/A,N/A
Home & Garden (Legacy),Buying/Selling Cars,Interstitial,United States,Desktop,N/A,$0.00  ~ $0.00 ,N/A,N/A,N/A,N/A,N/A
Home & Garden (Legacy),Theme Parks,Instream,United States,Desktop,N/A,$0.00  ~ $0.00 ,N/A,N/A,N/A,N/A,N/A
Home & Garden (Legacy),Family & Parenting,Instream,United States,Desktop,N/A,$0.00  ~ $0.00 ,N/A,N/A,N/A,N/A,N/A
Home & Garden (Legacy),Family & Parenting,Instream,United States,Mobile Web,N/A,$0.00  ~ $0.00 ,N/A,N/A,N/A,N/A,N/A
Home & Garden (Legacy),Family & Parenting,Interstitial,United States,Desktop,N/A,$0.00  ~ $0.00 ,N/A,N/A,N/A,N/A,N/A
Home & Garden (Legacy),Family & Parenting,Outstream,United States,Desktop,N/A,$0.00  ~ $0.00 ,N/A,N/A,N/A,N/A,N/A
Home & Garden (Legacy),Family & Parenting,Outstream,United States,Mobile Web,N/A,$0.00  ~ $0.00 ,N/A,N/A,N/A,N/A,N/A
Home & Garden (Legacy),Family & Parenting,Outstream,United States,Tablet,N/A,$0.00  ~ $0.00 ,N/A,N/A,N/A,N/A,N/A
Home & Garden (Legacy),Family & Parenting,Outstream,United Kingdom,Desktop,N/A,$0.00  ~ $0.00 ,N/A,N/A,N/A,N/A,N/A
Home & Garden (Legacy),Cocktails/Beer,Instream,United States,Desktop,N/A,$0.00  ~ $0.00 ,N/A,N/A,N/A,N/A,N/A
Home & Garden (Legacy),Cocktails/Beer,Instream,United States,Mobile Web,N/A,$0.00  ~ $0.00 ,N/A,N/A,N/A,N/A,N/A
Home & Garden (Legacy),Home & Garden,Outstream,United States,Mobile Web,N/A,$0.00  ~ $0.00 ,N/A,N/A,N/A,N/A,N/A
Home & Garden (Legacy),Home & Garden,Outstream,United States,Tablet,N/A,$0.00  ~ $0.00 ,N/A,N/A,N/A,N/A,N/A
Home & Garden (Legacy),Home & Garden,Interstitial,United States,Desktop,N/A,$0.00  ~ $0.00 ,N/A,N/A,N/A,N/A,N/A
Home & Garden (Legacy),Home & Garden,Interstitial,United States,Mobile Web,N/A,$0.00  ~ $0.00 ,N/A,N/A,N/A,N/A,N/A
Home & Garden (Legacy),Home & Garden,Interstitial,United States,Tablet,N/A,$0.00  ~ $0.00 ,N/A,N/A,N/A,N/A,N/A
Home & Garden (Legacy),Home & Garden,Interstitial,United Kingdom,Desktop,N/A,$0.00  ~ $0.00 ,N/A,N/A,N/A,N/A,N/A
Home & Garden (Legacy),Job Search,Instream,United States,Desktop,N/A,$0.00  ~ $0.00 ,N/A,N/A,N/A,N/A,N/A
Home & Garden (Legacy),Job Search,Outstream,United States,Mobile Web,N/A,$0.00  ~ $0.00 ,N/A,N/A,N/A,N/A,N/A
Home & Garden (Legacy),Health & Fitness,Interstitial,United States,Desktop,N/A,$0.00  ~ $0.00 ,N/A,N/A,N/A,N/A,N/A
Home & Garden (Legacy),Health & Fitness,Interstitial,United Kingdom,Desktop,N/A,$0.00  ~ $0.00 ,N/A,N/A,N/A,N/A,N/A
Home & Garden (Legacy),Health & Fitness,Interstitial,Canada,Desktop,N/A,$0.00  ~ $0.00 ,N/A,N/A,N/A,N/A,N/A
Home & Garden (Legacy),Health & Fitness,Outstream,United Kingdom,Mobile Web,N/A,$0.00  ~ $0.00 ,N/A,N/A,N/A,N/A,N/A
Home & Garden (Legacy),Health & Fitness,Outstream,Canada,Desktop,N/A,$0.00  ~ $0.00 ,N/A,N/A,N/A,N/A,N/A
Home & Garden (Legacy),Health & Fitness,Outstream,Canada,Mobile Web,N/A,$0.00  ~ $0.00 ,N/A,N/A,N/A,N/A,N/A
Home & Garden (Legacy),Health & Fitness,Instream,Canada,Desktop,N/A,$0.00  ~ $0.00 ,N/A,N/A,N/A,N/A,N/A
Home & Garden (Legacy),Hotels,Instream,United States,Desktop,N/A,$0.00  ~ $0.00 ,N/A,N/A,N/A,N/A,N/A
Home & Garden (Legacy),Hotels,Interstitial,United States,Desktop,N/A,$0.00  ~ $0.00 ,N/A,N/A,N/A,N/A,N/A
Home & Garden (Legacy),Hotels,Outstream,United States,Desktop,N/A,$0.00  ~ $0.00 ,N/A,N/A,N/A,N/A,N/A
Home & Garden (Legacy),Hotels,Outstream,United States,Mobile Web,N/A,$0.00  ~ $0.00 ,N/A,N/A,N/A,N/A,N/A
Home & Garden (Legacy),Remodeling & Construction,Instream,United States,Desktop,N/A,$0.00  ~ $0.00 ,N/A,N/A,N/A,N/A,N/A
Home & Garden (Legacy),Remodeling & Construction,Instream,United States,Mobile Web,N/A,$0.00  ~ $0.00 ,N/A,N/A,N/A,N/A,N/A
Home & Garden (Legacy),Remodeling & Construction,Outstream,United States,Mobile Web,N/A,$0.00  ~ $0.00 ,N/A,N/A,N/A,N/A,N/A
Home & Garden (Legacy),Remodeling & Construction,Interstitial,United States,Desktop,N/A,$0.00  ~ $0.00 ,N/A,N/A,N/A,N/A,N/A
Home & Garden (Legacy),Senior Living,Interstitial,United States,Desktop,N/A,$0.00  ~ $0.00 ,N/A,N/A,N/A,N/A,N/A
Home & Garden (Legacy),Senior Living,Outstream,United States,Desktop,N/A,$0.00  ~ $0.00 ,N/A,N/A,N/A,N/A,N/A
Home & Garden (Legacy),Credit/Debt & Loans,Instream,United States,Mobile Web,N/A,$0.00  ~ $0.00 ,N/A,N/A,N/A,N/A,N/A
Home & Garden (Legacy),Credit/Debt & Loans,Instream,United States,Desktop,N/A,$0.00  ~ $0.00 ,N/A,N/A,N/A,N/A,N/A
Home & Garden (Legacy),Credit/Debt & Loans,Interstitial,United States,Desktop,N/A,$0.00  ~ $0.00 ,N/A,N/A,N/A,N/A,N/A
Home & Garden (Legacy),Legal Issues,Instream,United States,Desktop,N/A,$0.00  ~ $0.00 ,N/A,N/A,N/A,N/A,N/A
Home & Garden (Legacy),Legal Issues,Instream,Canada,Desktop,N/A,$0.00  ~ $0.00 ,N/A,N/A,N/A,N/A,N/A
Home & Garden (Legacy),Legal Issues,Interstitial,United States,Desktop,N/A,$0.00  ~ $0.00 ,N/A,N/A,N/A,N/A,N/A
Home & Garden (Legacy),Legal Issues,Outstream,United States,Desktop,N/A,$0.00  ~ $0.00 ,N/A,N/A,N/A,N/A,N/A
Home & Garden (Legacy),Legal Issues,Outstream,Canada,Desktop,N/A,$0.00  ~ $0.00 ,N/A,N/A,N/A,N/A,N/A
"Law, Gov't & Politics (Legacy)",Remodeling & Construction,Instream,United States,Desktop,N/A,$39.57  ~ $39.57 ,N/A,N/A,N/A,98.84%,N/A
"Law, Gov't & Politics (Legacy)",Remodeling & Construction,Instream,United States,Mobile Web,N/A,$39.37  ~ $39.37 ,N/A,N/A,N/A,91.67%,N/A
"Law, Gov't & Politics (Legacy)",Remodeling & Construction,Instream,United States,Tablet,N/A,$36.06  ~ $36.06 ,N/A,N/A,N/A,N/A,N/A
"Law, Gov't & Politics (Legacy)",Remodeling & Construction,Outstream,United States,Desktop,N/A,$39.74  ~ $39.74 ,N/A,N/A,N/A,84.38%,N/A
"Law, Gov't & Politics (Legacy)",Remodeling & Construction,Outstream,United States,Mobile Web,N/A,$18.87  ~ $18.87 ,N/A,N/A,N/A,N/A,N/A
"Law, Gov't & Politics (Legacy)",Legal Issues,Instream,United States,Desktop,N/A,$35.66  ~ $73.54 ,N/A,N/A,N/A,93.48%,N/A
"Law, Gov't & Politics (Legacy)",Legal Issues,Outstream,United States,Mobile Web,N/A,$35.55  ~ $74.20 ,N/A,N/A,N/A,N/A,N/A
"Law, Gov't & Politics (Legacy)",Hobbies & Interests,Instream,United States,Mobile Web,N/A,$61.57  ~ $61.57 ,N/A,N/A,N/A,74.36%,N/A
"Law, Gov't & Politics (Legacy)",Hobbies & Interests,Instream,United States,Tablet,N/A,$61.55  ~ $61.55 ,N/A,N/A,N/A,89.29%,N/A
"Law, Gov't & Politics (Legacy)",Hobbies & Interests,Instream,United States,Desktop,N/A,$61.57  ~ $61.57 ,$209.45 ,N/A,0.03%,92.82%,N/A
"Law, Gov't & Politics (Legacy)",Hobbies & Interests,Outstream,United States,Mobile Web,N/A,$46.42  ~ $46.42 ,N/A,N/A,N/A,47.83%,N/A
"Law, Gov't & Politics (Legacy)",Hobbies & Interests,Outstream,United States,Tablet,N/A,$45.18  ~ $45.18 ,N/A,N/A,N/A,N/A,N/A
"Law, Gov't & Politics (Legacy)",Hobbies & Interests,Outstream,United States,Desktop,N/A,$45.65  ~ $45.65 ,$0.94 ,N/A,4.88%,66.67%,N/A
"Law, Gov't & Politics (Legacy)",Personal Finance,Outstream,United States,Desktop,N/A,$48.25  ~ $48.25 ,$1.42 ,N/A,3.41%,80.52%,N/A
"Law, Gov't & Politics (Legacy)",Personal Finance,Outstream,United States,Mobile Web,N/A,$49.99  ~ $49.99 ,N/A,N/A,N/A,87.18%,N/A
"Law, Gov't & Politics (Legacy)",Personal Finance,Instream,United States,Tablet,N/A,$43.05  ~ $49.64 ,N/A,N/A,N/A,62.50%,N/A
"Law, Gov't & Politics (Legacy)",Personal Finance,Instream,United States,Desktop,4,$46.84  ~ $59.13 ,$25.72 ,N/A,0.23%,83.84%,N/A
"Law, Gov't & Politics (Legacy)",Personal Finance,Instream,United States,Mobile Web,N/A,$46.00  ~ $46.80 ,N/A,N/A,N/A,76.02%,N/A
"Law, Gov't & Politics (Legacy)",Health & Fitness,Instream,United States,Tablet,N/A,$39.93  ~ $47.63 ,N/A,N/A,N/A,71.43%,N/A
"Law, Gov't & Politics (Legacy)",Health & Fitness,Instream,United States,Mobile Web,N/A,$28.83  ~ $36.95 ,N/A,N/A,N/A,69.54%,N/A
"Law, Gov't & Politics (Legacy)",Health & Fitness,Instream,United States,Desktop,N/A,$23.69  ~ $32.49 ,$5.59 ,N/A,0.42%,86.20%,N/A
"Law, Gov't & Politics (Legacy)",Health & Fitness,Outstream,United States,Tablet,N/A,$59.27  ~ $59.27 ,N/A,N/A,N/A,60.00%,N/A
"Law, Gov't & Politics (Legacy)",Health & Fitness,Outstream,United States,Desktop,N/A,$37.45  ~ $37.48 ,$1.39 ,N/A,2.70%,65.63%,N/A
"Law, Gov't & Politics (Legacy)",Health & Fitness,Outstream,United States,Mobile Web,N/A,$21.88  ~ $45.81 ,N/A,N/A,N/A,N/A,N/A
"Law, Gov't & Politics (Legacy)",Health & Fitness,Interstitial,United States,Tablet,N/A,$49.63  ~ $49.63 ,N/A,N/A,N/A,100.00%,N/A
"Law, Gov't & Politics (Legacy)",Food & Drink,Instream,United States,Desktop,N/A,$49.16  ~ $49.16 ,N/A,N/A,N/A,87.50%,N/A
"Law, Gov't & Politics (Legacy)",Food & Drink,Instream,United States,Mobile Web,N/A,$51.21  ~ $51.21 ,N/A,N/A,N/A,100.00%,N/A
"Law, Gov't & Politics (Legacy)",Food & Drink,Outstream,United States,Mobile Web,N/A,$52.29  ~ $52.29 ,N/A,N/A,N/A,100.00%,N/A
"Law, Gov't & Politics (Legacy)","Law, Gov't & Politics",Instream,United States,Desktop,3,$38.15  ~ $38.79 ,$30.37 ,N/A,0.13%,95.87%,N/A
"Law, Gov't & Politics (Legacy)","Law, Gov't & Politics",Instream,United States,Mobile Web,N/A,$37.91  ~ $37.95 ,$68.27 ,N/A,0.06%,70.72%,N/A
"Law, Gov't & Politics (Legacy)","Law, Gov't & Politics",Outstream,United States,Desktop,N/A,$51.94  ~ $52.29 ,$2.65 ,N/A,1.97%,63.49%,N/A
"Law, Gov't & Politics (Legacy)","Law, Gov't & Politics",Outstream,United States,Mobile Web,N/A,$68.03  ~ $68.03 ,N/A,N/A,N/A,68.97%,N/A
"Law, Gov't & Politics (Legacy)",Arts & Entertainment,Instream,United States,Mobile Web,N/A,$14.62  ~ $25.33 ,$3.23 ,N/A,0.45%,72.86%,N/A
"Law, Gov't & Politics (Legacy)",Arts & Entertainment,Instream,United States,Desktop,N/A,$26.55  ~ $32.73 ,$3.07 ,N/A,0.86%,77.18%,N/A
"Law, Gov't & Politics (Legacy)",Arts & Entertainment,Instream,Canada,Desktop,N/A,$30.56  ~ $30.56 ,N/A,N/A,N/A,100.00%,N/A
"Law, Gov't & Politics (Legacy)",Arts & Entertainment,Instream,Canada,Mobile Web,N/A,$33.22  ~ $33.22 ,N/A,N/A,N/A,N/A,N/A
"Law, Gov't & Politics (Legacy)",Arts & Entertainment,Outstream,United States,Mobile Web,N/A,$0.00  ~ $11.97 ,N/A,N/A,N/A,68.42%,N/A
"Law, Gov't & Politics (Legacy)",Arts & Entertainment,Outstream,United States,Desktop,N/A,$0.00  ~ $0.00 ,N/A,N/A,N/A,N/A,N/A
"Law, Gov't & Politics (Legacy)",Graduate School,Instream,United States,Desktop,N/A,$46.42  ~ $46.42 ,N/A,N/A,N/A,100.00%,N/A
"Law, Gov't & Politics (Legacy)",Insurance,Instream,United States,Desktop,N/A,$41.40  ~ $41.40 ,N/A,N/A,N/A,98.00%,N/A
"Law, Gov't & Politics (Legacy)",Politics,Instream,United States,Desktop,N/A,$45.12  ~ $45.12 ,$13.58 ,N/A,0.33%,95.03%,N/A
"Law, Gov't & Politics (Legacy)",Politics,Instream,United States,Mobile Web,N/A,$45.17  ~ $45.17 ,N/A,N/A,N/A,74.24%,N/A
"Law, Gov't & Politics (Legacy)",Politics,Instream,United States,Tablet,N/A,$45.18  ~ $45.18 ,N/A,N/A,N/A,100.00%,N/A
"Law, Gov't & Politics (Legacy)",Politics,Outstream,United States,Desktop,N/A,$62.95  ~ $62.95 ,N/A,N/A,N/A,63.27%,N/A
"Law, Gov't & Politics (Legacy)",Education,Outstream,United States,Mobile Web,N/A,$33.01  ~ $78.15 ,N/A,N/A,N/A,44.44%,N/A
"Law, Gov't & Politics (Legacy)",Education,Instream,United States,Desktop,N/A,$29.85  ~ $30.17 ,$3.41 ,N/A,0.88%,94.59%,N/A
"Law, Gov't & Politics (Legacy)",Education,Instream,United States,Mobile Web,N/A,$23.80  ~ $24.47 ,N/A,N/A,N/A,86.25%,N/A
"Law, Gov't & Politics (Legacy)",Education,Instream,United States,Tablet,N/A,$22.15  ~ $22.15 ,N/A,N/A,N/A,100.00%,N/A
"Law, Gov't & Politics (Legacy)",Business,Outstream,United States,Desktop,N/A,$37.57  ~ $56.15 ,N/A,N/A,N/A,87.18%,N/A
"Law, Gov't & Politics (Legacy)",Business,Outstream,United States,Mobile Web,N/A,$26.72  ~ $33.59 ,N/A,N/A,N/A,63.64%,N/A
"Law, Gov't & Politics (Legacy)",Business,Instream,United States,Tablet,N/A,$35.20  ~ $35.88 ,N/A,N/A,N/A,86.96%,N/A
"Law, Gov't & Politics (Legacy)",Business,Instream,United States,Desktop,2,$37.69  ~ $41.18 ,$14.14 ,N/A,0.27%,76.50%,N/A
"Law, Gov't & Politics (Legacy)",Business,Instream,United States,Mobile Web,1,$35.57  ~ $35.89 ,N/A,N/A,N/A,67.72%,N/A
"Law, Gov't & Politics (Legacy)",Family & Parenting,Instream,United States,Desktop,N/A,$0.00  ~ $0.00 ,N/A,N/A,N/A,N/A,N/A
"Law, Gov't & Politics (Legacy)",Family & Parenting,Instream,United States,Mobile Web,N/A,$47.71  ~ $47.71 ,N/A,N/A,N/A,100.00%,N/A
"Law, Gov't & Politics (Legacy)",Interior Decorating,Instream,United States,Mobile Web,N/A,$34.82  ~ $34.82 ,N/A,N/A,N/A,80.00%,N/A
"Law, Gov't & Politics (Legacy)",Interior Decorating,Instream,United States,Desktop,N/A,$40.12  ~ $40.12 ,N/A,N/A,N/A,80.00%,N/A
"Law, Gov't & Politics (Legacy)",Careers,Instream,United States,Desktop,2,$38.77  ~ $38.77 ,N/A,N/A,N/A,66.67%,N/A
"Law, Gov't & Politics (Legacy)",Careers,Instream,United States,Mobile Web,N/A,$50.41  ~ $50.41 ,N/A,N/A,N/A,50.00%,N/A
"Law, Gov't & Politics (Legacy)",Careers,Outstream,United States,Desktop,N/A,$46.46  ~ $46.46 ,N/A,N/A,N/A,100.00%,N/A
"Law, Gov't & Politics (Legacy)",Home & Garden,Instream,United States,Desktop,N/A,$27.29  ~ $27.69 ,$8.08 ,N/A,0.34%,79.05%,N/A
"Law, Gov't & Politics (Legacy)",Home & Garden,Instream,United States,Mobile Web,N/A,$23.90  ~ $24.12 ,$9.46 ,N/A,0.26%,72.14%,N/A
"Law, Gov't & Politics (Legacy)",Home & Garden,Instream,United States,Tablet,N/A,$20.77  ~ $22.04 ,N/A,N/A,N/A,33.33%,N/A
"Law, Gov't & Politics (Legacy)",Home & Garden,Outstream,United States,Desktop,N/A,$34.84  ~ $49.97 ,$1.46 ,N/A,2.38%,72.48%,N/A
"Law, Gov't & Politics (Legacy)",Home & Garden,Outstream,United States,Tablet,N/A,$28.77  ~ $50.15 ,N/A,N/A,N/A,N/A,N/A
"Law, Gov't & Politics (Legacy)",Home & Garden,Outstream,United States,Mobile Web,N/A,$18.56  ~ $18.56 ,N/A,N/A,N/A,65.00%,N/A
"Law, Gov't & Politics (Legacy)",Auto Repair,Instream,United States,Desktop,N/A,$12.74  ~ $12.74 ,N/A,N/A,N/A,100.00%,N/A
"Law, Gov't & Politics (Legacy)",Home Repair,Outstream,United States,Desktop,N/A,$44.82  ~ $44.82 ,N/A,N/A,N/A,72.22%,N/A
"Law, Gov't & Politics (Legacy)",Home Repair,Instream,United States,Desktop,N/A,$30.95  ~ $30.95 ,$0.28 ,N/A,11.11%,62.50%,N/A
"Law, Gov't & Politics (Legacy)",Travel,Instream,United States,Mobile Web,N/A,$30.73  ~ $30.73 ,N/A,N/A,N/A,100.00%,N/A
"Law, Gov't & Politics (Legacy)",Travel,Instream,United States,Desktop,1,$31.63  ~ $31.63 ,$7.15 ,N/A,0.44%,69.64%,N/A
"Law, Gov't & Politics (Legacy)",Commentary,Instream,United States,Desktop,N/A,$37.54  ~ $37.54 ,N/A,N/A,N/A,100.00%,N/A
"Law, Gov't & Politics (Legacy)",Shopping,Instream,United States,Desktop,7,$36.26  ~ $36.26 ,N/A,N/A,N/A,96.32%,N/A
"Law, Gov't & Politics (Legacy)",Shopping,Instream,United States,Mobile Web,N/A,$36.64  ~ $36.64 ,N/A,N/A,N/A,77.27%,N/A
"Law, Gov't & Politics (Legacy)",Shopping,Instream,United States,Tablet,N/A,$0.00  ~ $0.00 ,N/A,N/A,N/A,N/A,N/A
"Law, Gov't & Politics (Legacy)",Shopping,Outstream,United States,Mobile Web,N/A,$47.86  ~ $47.86 ,N/A,N/A,N/A,55.56%,N/A
"Law, Gov't & Politics (Legacy)",Shopping,Outstream,United States,Desktop,N/A,$47.77  ~ $47.77 ,N/A,N/A,N/A,100.00%,N/A
"Law, Gov't & Politics (Legacy)",Job Search,Instream,United States,Desktop,N/A,$39.80  ~ $39.80 ,N/A,N/A,N/A,66.67%,N/A
"Law, Gov't & Politics (Legacy)",Senior Living,Instream,United States,Desktop,N/A,$37.84  ~ $37.84 ,N/A,N/A,N/A,100.00%,N/A
"Law, Gov't & Politics (Legacy)",News,Instream,United States,Mobile Web,N/A,$33.66  ~ $33.66 ,$1.36 ,N/A,2.48%,80.46%,N/A
"Law, Gov't & Politics (Legacy)",News,Instream,United States,Desktop,1,$33.34  ~ $33.35 ,$7.67 ,N/A,0.43%,76.55%,N/A
"Law, Gov't & Politics (Legacy)",News,Instream,Canada,Mobile Web,N/A,$34.14  ~ $34.14 ,N/A,N/A,N/A,100.00%,N/A
"Law, Gov't & Politics (Legacy)",News,Outstream,United States,Desktop,N/A,$47.80  ~ $47.80 ,N/A,N/A,N/A,100.00%,N/A
"Law, Gov't & Politics (Legacy)",Automotive,Instream,United States,Desktop,N/A,$39.54  ~ $39.74 ,$8.74 ,N/A,0.45%,88.18%,N/A
"Law, Gov't & Politics (Legacy)",Automotive,Outstream,United States,Mobile Web,N/A,$38.77  ~ $38.77 ,N/A,N/A,N/A,56.67%,N/A
"Law, Gov't & Politics (Legacy)",Automotive,Outstream,United States,Desktop,N/A,$22.28  ~ $22.28 ,N/A,N/A,N/A,100.00%,N/A
"Law, Gov't & Politics (Legacy)",Buying/Selling Cars,Instream,United States,Desktop,N/A,$41.45  ~ $41.45 ,$77.18 ,N/A,0.05%,89.39%,N/A
"Law, Gov't & Politics (Legacy)",Buying/Selling Cars,Instream,United States,Mobile Web,N/A,$41.83  ~ $41.83 ,$47.31 ,N/A,0.09%,70.20%,N/A
"Law, Gov't & Politics (Legacy)",Buying/Selling Cars,Outstream,United States,Mobile Web,N/A,$36.47  ~ $36.47 ,N/A,N/A,N/A,71.43%,N/A
"Law, Gov't & Politics (Legacy)",Travel,Instream,United States,Tablet,N/A,$0.00  ~ $0.00 ,N/A,N/A,N/A,N/A,N/A
"Law, Gov't & Politics (Legacy)",Travel,Instream,United Kingdom,Mobile Web,N/A,$0.00  ~ $0.00 ,N/A,N/A,N/A,N/A,N/A
"Law, Gov't & Politics (Legacy)",Travel,Interstitial,United Kingdom,Mobile Web,N/A,$0.00  ~ $0.00 ,N/A,N/A,N/A,N/A,N/A
"Law, Gov't & Politics (Legacy)",Travel,Interstitial,United States,Desktop,N/A,$0.00  ~ $0.00 ,N/A,N/A,N/A,N/A,N/A
"Law, Gov't & Politics (Legacy)",Travel,Outstream,United States,Desktop,N/A,$0.00  ~ $0.00 ,N/A,N/A,N/A,N/A,N/A
"Law, Gov't & Politics (Legacy)",Travel,Outstream,United States,Mobile Web,N/A,$0.00  ~ $0.00 ,N/A,N/A,N/A,N/A,N/A
"Law, Gov't & Politics (Legacy)",Travel,Outstream,United Kingdom,Desktop,N/A,$0.00  ~ $0.00 ,N/A,N/A,N/A,N/A,N/A
"Law, Gov't & Politics (Legacy)",Travel,Outstream,United Kingdom,Mobile Web,N/A,$0.00  ~ $0.00 ,N/A,N/A,N/A,N/A,N/A
"Law, Gov't & Politics (Legacy)",Travel,Outstream,Canada,Mobile Web,N/A,$0.00  ~ $0.00 ,N/A,N/A,N/A,N/A,N/A
"Law, Gov't & Politics (Legacy)","Law, Gov't & Politics",Instream,Mexico,Desktop,N/A,$0.00  ~ $0.00 ,N/A,N/A,N/A,N/A,N/A
"Law, Gov't & Politics (Legacy)","Law, Gov't & Politics",Instream,Canada,Desktop,N/A,$0.00  ~ $0.00 ,N/A,N/A,N/A,N/A,N/A
"Law, Gov't & Politics (Legacy)","Law, Gov't & Politics",Outstream,Mexico,Mobile Web,N/A,$0.00  ~ $0.00 ,N/A,N/A,N/A,N/A,N/A
"Law, Gov't & Politics (Legacy)","Law, Gov't & Politics",Outstream,Mexico,Desktop,N/A,$0.00  ~ $0.00 ,N/A,N/A,N/A,N/A,N/A
"Law, Gov't & Politics (Legacy)","Law, Gov't & Politics",Interstitial,United States,Desktop,N/A,$0.00  ~ $0.00 ,N/A,N/A,N/A,N/A,N/A
"Law, Gov't & Politics (Legacy)","Law, Gov't & Politics",Interstitial,United States,Mobile Web,N/A,$0.00  ~ $0.00 ,N/A,N/A,N/A,N/A,N/A
"Law, Gov't & Politics (Legacy)","Law, Gov't & Politics",Interstitial,United States,Tablet,N/A,$0.00  ~ $0.00 ,N/A,N/A,N/A,N/A,N/A
"Law, Gov't & Politics (Legacy)","Law, Gov't & Politics",Interstitial,Mexico,Mobile Web,N/A,$0.00  ~ $0.00 ,N/A,N/A,N/A,N/A,N/A
"Law, Gov't & Politics (Legacy)",Pro Ice Hockey,Instream,Canada,Desktop,N/A,$0.00  ~ $0.00 ,N/A,N/A,N/A,N/A,N/A
"Law, Gov't & Politics (Legacy)",Pro Ice Hockey,Interstitial,Canada,Desktop,N/A,$0.00  ~ $0.00 ,N/A,N/A,N/A,N/A,N/A
"Law, Gov't & Politics (Legacy)",Health & Fitness,Interstitial,United States,Desktop,N/A,$0.00  ~ $0.00 ,N/A,N/A,N/A,N/A,N/A
"Law, Gov't & Politics (Legacy)",Health & Fitness,Interstitial,United States,Mobile Web,N/A,$0.00  ~ $0.00 ,N/A,N/A,N/A,N/A,N/A
"Law, Gov't & Politics (Legacy)",Health & Fitness,Interstitial,United Kingdom,Desktop,N/A,$0.00  ~ $0.00 ,N/A,N/A,N/A,N/A,N/A
"Law, Gov't & Politics (Legacy)",Health & Fitness,Native,United States,Desktop,N/A,$0.00  ~ $0.00 ,N/A,N/A,N/A,N/A,N/A
"Law, Gov't & Politics (Legacy)",Health & Fitness,Native,United States,Mobile Web,N/A,$0.00  ~ $0.00 ,N/A,N/A,N/A,N/A,N/A
"Law, Gov't & Politics (Legacy)",Health & Fitness,Instream,Canada,Desktop,N/A,$0.00  ~ $0.00 ,N/A,N/A,N/A,N/A,N/A
"Law, Gov't & Politics (Legacy)",Health & Fitness,Outstream,United Kingdom,Mobile Web,N/A,$0.00  ~ $0.00 ,N/A,N/A,N/A,N/A,N/A
"Law, Gov't & Politics (Legacy)",Health & Fitness,Outstream,Canada,Desktop,N/A,$0.00  ~ $0.00 ,N/A,N/A,N/A,N/A,N/A
"Law, Gov't & Politics (Legacy)",Health & Fitness,Outstream,Canada,Mobile Web,N/A,$0.00  ~ $0.00 ,N/A,N/A,N/A,N/A,N/A
"Law, Gov't & Politics (Legacy)",Music,Instream,United States,Desktop,N/A,$0.00  ~ $0.00 ,N/A,N/A,N/A,N/A,N/A
"Law, Gov't & Politics (Legacy)",Music,Outstream,United States,Mobile Web,N/A,$0.00  ~ $0.00 ,N/A,N/A,N/A,N/A,N/A
"Law, Gov't & Politics (Legacy)",Clothing,Outstream,United States,Desktop,N/A,$0.00  ~ $0.00 ,N/A,N/A,N/A,N/A,N/A
"Law, Gov't & Politics (Legacy)",Clothing,Outstream,United States,Mobile Web,N/A,$0.00  ~ $0.00 ,N/A,N/A,N/A,N/A,N/A
"Law, Gov't & Politics (Legacy)",Commentary,Outstream,United States,Desktop,N/A,$0.00  ~ $0.00 ,N/A,N/A,N/A,N/A,N/A
"Law, Gov't & Politics (Legacy)",Commentary,Outstream,United States,Mobile Web,N/A,$0.00  ~ $0.00 ,N/A,N/A,N/A,N/A,N/A
"Law, Gov't & Politics (Legacy)",Mountain Biking,Outstream,United States,Mobile Web,N/A,$0.00  ~ $0.00 ,N/A,N/A,N/A,N/A,N/A
"Law, Gov't & Politics (Legacy)",Mutual Funds,Outstream,United States,Desktop,N/A,$0.00  ~ $0.00 ,N/A,N/A,N/A,N/A,N/A
"Law, Gov't & Politics (Legacy)",Mutual Funds,Instream,United States,Desktop,N/A,$0.00  ~ $0.00 ,N/A,N/A,N/A,N/A,N/A
"Law, Gov't & Politics (Legacy)",Insurance,Interstitial,United States,Desktop,N/A,$0.00  ~ $0.00 ,N/A,N/A,N/A,N/A,N/A
"Law, Gov't & Politics (Legacy)",Insurance,Outstream,United States,Desktop,N/A,$0.00  ~ $0.00 ,N/A,N/A,N/A,N/A,N/A
"Law, Gov't & Politics (Legacy)",Infertility,Instream,United States,Desktop,N/A,$0.00  ~ $0.00 ,N/A,N/A,N/A,N/A,N/A
"Law, Gov't & Politics (Legacy)",Infertility,Instream,United States,Mobile Web,N/A,$0.00  ~ $0.00 ,N/A,N/A,N/A,N/A,N/A
"Law, Gov't & Politics (Legacy)",Infertility,Outstream,United States,Mobile Web,N/A,$0.00  ~ $0.00 ,N/A,N/A,N/A,N/A,N/A
"Law, Gov't & Politics (Legacy)",Infertility,Outstream,United States,Desktop,N/A,$0.00  ~ $0.00 ,N/A,N/A,N/A,N/A,N/A
"Law, Gov't & Politics (Legacy)",Personal Finance,Instream,Mexico,Desktop,N/A,$0.00  ~ $0.00 ,N/A,N/A,N/A,N/A,N/A
"Law, Gov't & Politics (Legacy)",Personal Finance,Outstream,Mexico,Desktop,N/A,$0.00  ~ $0.00 ,N/A,N/A,N/A,N/A,N/A
"Law, Gov't & Politics (Legacy)",Personal Finance,Outstream,United Kingdom,Mobile Web,N/A,$0.00  ~ $0.00 ,N/A,N/A,N/A,N/A,N/A
"Law, Gov't & Politics (Legacy)",Personal Finance,Interstitial,Mexico,Mobile Web,N/A,$0.00  ~ $0.00 ,N/A,N/A,N/A,N/A,N/A
"Law, Gov't & Politics (Legacy)",Personal Finance,Interstitial,United States,Desktop,N/A,$0.00  ~ $0.00 ,N/A,N/A,N/A,N/A,N/A
"Law, Gov't & Politics (Legacy)",Personal Finance,Interstitial,United States,Mobile Web,N/A,$0.00  ~ $0.00 ,N/A,N/A,N/A,N/A,N/A
"Law, Gov't & Politics (Legacy)",Personal Finance,Interstitial,United Kingdom,Desktop,N/A,$0.00  ~ $0.00 ,N/A,N/A,N/A,N/A,N/A
"Law, Gov't & Politics (Legacy)",Business,Instream,Canada,Desktop,N/A,$0.00  ~ $0.00 ,N/A,N/A,N/A,N/A,N/A
"Law, Gov't & Politics (Legacy)",Business,Instream,Canada,Mobile Web,N/A,$0.00  ~ $0.00 ,N/A,N/A,N/A,N/A,N/A
"Law, Gov't & Politics (Legacy)",Business,Instream,Mexico,Desktop,N/A,$0.00  ~ $0.00 ,N/A,N/A,N/A,N/A,N/A
"Law, Gov't & Politics (Legacy)",Business,Outstream,United States,Tablet,N/A,$0.00  ~ $0.00 ,N/A,N/A,N/A,N/A,N/A
"Law, Gov't & Politics (Legacy)",Business,Outstream,Canada,Desktop,N/A,$0.00  ~ $0.00 ,N/A,N/A,N/A,N/A,N/A
"Law, Gov't & Politics (Legacy)",Business,Outstream,Canada,Mobile Web,N/A,$0.00  ~ $0.00 ,N/A,N/A,N/A,N/A,N/A
"Law, Gov't & Politics (Legacy)",Business,Outstream,Canada,Tablet,N/A,$0.00  ~ $0.00 ,N/A,N/A,N/A,N/A,N/A
"Law, Gov't & Politics (Legacy)",Business,Outstream,United Kingdom,Desktop,N/A,$0.00  ~ $0.00 ,N/A,N/A,N/A,N/A,N/A
"Law, Gov't & Politics (Legacy)",Business,Outstream,United Kingdom,Mobile Web,N/A,$0.00  ~ $0.00 ,N/A,N/A,N/A,N/A,N/A
"Law, Gov't & Politics (Legacy)",Business,Outstream,Mexico,Mobile Web,N/A,$0.00  ~ $0.00 ,N/A,N/A,N/A,N/A,N/A
"Law, Gov't & Politics (Legacy)",Business,Interstitial,United States,Mobile Web,N/A,$0.00  ~ $0.00 ,N/A,N/A,N/A,N/A,N/A
"Law, Gov't & Politics (Legacy)",Business,Interstitial,United States,Tablet,N/A,$0.00  ~ $0.00 ,N/A,N/A,N/A,N/A,N/A
"Law, Gov't & Politics (Legacy)",Business,Interstitial,United States,Desktop,N/A,$0.00  ~ $0.00 ,N/A,N/A,N/A,N/A,N/A
"Law, Gov't & Politics (Legacy)",Business,Interstitial,Canada,Desktop,N/A,$0.00  ~ $0.00 ,N/A,N/A,N/A,N/A,N/A
"Law, Gov't & Politics (Legacy)",Business,Interstitial,Canada,Mobile Web,N/A,$0.00  ~ $0.00 ,N/A,N/A,N/A,N/A,N/A
"Law, Gov't & Politics (Legacy)",Business,Interstitial,United Kingdom,Mobile Web,N/A,$0.00  ~ $0.00 ,N/A,N/A,N/A,N/A,N/A
"Law, Gov't & Politics (Legacy)",Business,Native,United States,Desktop,N/A,$0.00  ~ $0.00 ,N/A,N/A,N/A,N/A,N/A
"Law, Gov't & Politics (Legacy)",Business,Native,United Kingdom,Desktop,N/A,$0.00  ~ $0.00 ,N/A,N/A,N/A,N/A,N/A
"Law, Gov't & Politics (Legacy)",Business,Native,Mexico,Desktop,N/A,$0.00  ~ $0.00 ,N/A,N/A,N/A,N/A,N/A
"Law, Gov't & Politics (Legacy)",Computer Peripherals,Outstream,United Kingdom,Desktop,N/A,$0.00  ~ $0.00 ,N/A,N/A,N/A,N/A,N/A
"Law, Gov't & Politics (Legacy)",Computer Peripherals,Interstitial,United Kingdom,Mobile Web,N/A,$0.00  ~ $0.00 ,N/A,N/A,N/A,N/A,N/A
"Law, Gov't & Politics (Legacy)",Advertising,Instream,United States,Mobile Web,N/A,$0.00  ~ $0.00 ,N/A,N/A,N/A,N/A,N/A
"Law, Gov't & Politics (Legacy)",Advertising,Instream,United States,Desktop,N/A,$0.00  ~ $0.00 ,N/A,N/A,N/A,N/A,N/A
"Law, Gov't & Politics (Legacy)",Advertising,Outstream,United States,Desktop,N/A,$0.00  ~ $0.00 ,N/A,N/A,N/A,N/A,N/A
"Law, Gov't & Politics (Legacy)",Advertising,Outstream,United States,Mobile Web,N/A,$0.00  ~ $0.00 ,N/A,N/A,N/A,N/A,N/A
"Law, Gov't & Politics (Legacy)",Advertising,Outstream,Canada,Mobile Web,N/A,$0.00  ~ $0.00 ,N/A,N/A,N/A,N/A,N/A
"Law, Gov't & Politics (Legacy)",Advertising,Interstitial,United States,Desktop,N/A,$0.00  ~ $0.00 ,N/A,N/A,N/A,N/A,N/A
"Law, Gov't & Politics (Legacy)",Advertising,Native,United States,Desktop,N/A,$0.00  ~ $0.00 ,N/A,N/A,N/A,N/A,N/A
"Law, Gov't & Politics (Legacy)",Buying/Selling Cars,Outstream,United States,Desktop,N/A,$0.00  ~ $0.00 ,N/A,N/A,N/A,N/A,N/A
"Law, Gov't & Politics (Legacy)",Buying/Selling Cars,Interstitial,United States,Desktop,N/A,$0.00  ~ $0.00 ,N/A,N/A,N/A,N/A,N/A
"Law, Gov't & Politics (Legacy)",Credit/Debt & Loans,Instream,United States,Desktop,N/A,$0.00  ~ $0.00 ,N/A,N/A,N/A,N/A,N/A
"Law, Gov't & Politics (Legacy)",Credit/Debt & Loans,Outstream,United States,Mobile Web,N/A,$0.00  ~ $0.00 ,N/A,N/A,N/A,N/A,N/A
"Law, Gov't & Politics (Legacy)",Credit/Debt & Loans,Outstream,United States,Desktop,N/A,$0.00  ~ $0.00 ,N/A,N/A,N/A,N/A,N/A
"Law, Gov't & Politics (Legacy)",Credit/Debt & Loans,Interstitial,United States,Desktop,N/A,$0.00  ~ $0.00 ,N/A,N/A,N/A,N/A,N/A
"Law, Gov't & Politics (Legacy)",Private School,Instream,United States,Desktop,N/A,$0.00  ~ $0.00 ,N/A,N/A,N/A,N/A,N/A
"Law, Gov't & Politics (Legacy)",Private School,Outstream,United States,Desktop,N/A,$0.00  ~ $0.00 ,N/A,N/A,N/A,N/A,N/A
"Law, Gov't & Politics (Legacy)",Private School,Outstream,United States,Mobile Web,N/A,$0.00  ~ $0.00 ,N/A,N/A,N/A,N/A,N/A
"Law, Gov't & Politics (Legacy)",Private School,Interstitial,United States,Desktop,N/A,$0.00  ~ $0.00 ,N/A,N/A,N/A,N/A,N/A
"Law, Gov't & Politics (Legacy)",Biotech/Biomedical,Outstream,United States,Desktop,N/A,$0.00  ~ $0.00 ,N/A,N/A,N/A,N/A,N/A
"Law, Gov't & Politics (Legacy)",Biotech/Biomedical,Outstream,United States,Mobile Web,N/A,$0.00  ~ $0.00 ,N/A,N/A,N/A,N/A,N/A
"Law, Gov't & Politics (Legacy)",Biotech/Biomedical,Instream,United States,Desktop,N/A,$0.00  ~ $0.00 ,N/A,N/A,N/A,N/A,N/A
"Law, Gov't & Politics (Legacy)",Biotech/Biomedical,Instream,United States,Mobile Web,N/A,$0.00  ~ $0.00 ,N/A,N/A,N/A,N/A,N/A
"Law, Gov't & Politics (Legacy)",K-6 Educators,Instream,United States,Desktop,N/A,$0.00  ~ $0.00 ,N/A,N/A,N/A,N/A,N/A
"Law, Gov't & Politics (Legacy)",K-6 Educators,Instream,United States,Mobile Web,N/A,$0.00  ~ $0.00 ,N/A,N/A,N/A,N/A,N/A
"Law, Gov't & Politics (Legacy)",K-6 Educators,Outstream,United States,Desktop,N/A,$0.00  ~ $0.00 ,N/A,N/A,N/A,N/A,N/A
"Law, Gov't & Politics (Legacy)",K-6 Educators,Outstream,United States,Mobile Web,N/A,$0.00  ~ $0.00 ,N/A,N/A,N/A,N/A,N/A
"Law, Gov't & Politics (Legacy)",Interior Decorating,Outstream,United States,Desktop,N/A,$0.00  ~ $0.00 ,N/A,N/A,N/A,N/A,N/A
"Law, Gov't & Politics (Legacy)",Interior Decorating,Outstream,United States,Mobile Web,N/A,$0.00  ~ $0.00 ,N/A,N/A,N/A,N/A,N/A
"Law, Gov't & Politics (Legacy)",Interior Decorating,Outstream,United States,Tablet,N/A,$0.00  ~ $0.00 ,N/A,N/A,N/A,N/A,N/A
"Law, Gov't & Politics (Legacy)",Interior Decorating,Interstitial,United States,Desktop,N/A,$0.00  ~ $0.00 ,N/A,N/A,N/A,N/A,N/A
"Law, Gov't & Politics (Legacy)",Interior Decorating,Interstitial,United States,Tablet,N/A,$0.00  ~ $0.00 ,N/A,N/A,N/A,N/A,N/A
"Law, Gov't & Politics (Legacy)",Careers,Outstream,Canada,Desktop,N/A,$0.00  ~ $0.00 ,N/A,N/A,N/A,N/A,N/A
"Law, Gov't & Politics (Legacy)",Cold & Flu,Instream,United States,Desktop,N/A,$0.00  ~ $0.00 ,N/A,N/A,N/A,N/A,N/A
"Law, Gov't & Politics (Legacy)",Cold & Flu,Outstream,United States,Desktop,N/A,$0.00  ~ $0.00 ,N/A,N/A,N/A,N/A,N/A
"Law, Gov't & Politics (Legacy)",Cold & Flu,Outstream,United States,Mobile Web,N/A,$0.00  ~ $0.00 ,N/A,N/A,N/A,N/A,N/A
"Law, Gov't & Politics (Legacy)",Cold & Flu,Interstitial,United States,Desktop,N/A,$0.00  ~ $0.00 ,N/A,N/A,N/A,N/A,N/A
"Law, Gov't & Politics (Legacy)",Green Solutions,Instream,United States,Desktop,N/A,$0.00  ~ $0.00 ,N/A,N/A,N/A,N/A,N/A
"Law, Gov't & Politics (Legacy)",Green Solutions,Instream,United States,Mobile Web,N/A,$0.00  ~ $0.00 ,N/A,N/A,N/A,N/A,N/A
"Law, Gov't & Politics (Legacy)",Green Solutions,Outstream,United States,Desktop,N/A,$0.00  ~ $0.00 ,N/A,N/A,N/A,N/A,N/A
"Law, Gov't & Politics (Legacy)",Agriculture,Instream,United States,Desktop,N/A,$0.00  ~ $0.00 ,N/A,N/A,N/A,N/A,N/A
"Law, Gov't & Politics (Legacy)",Agriculture,Instream,United States,Mobile Web,N/A,$0.00  ~ $0.00 ,N/A,N/A,N/A,N/A,N/A
"Law, Gov't & Politics (Legacy)",Agriculture,Interstitial,United States,Desktop,N/A,$0.00  ~ $0.00 ,N/A,N/A,N/A,N/A,N/A
"Law, Gov't & Politics (Legacy)",Agriculture,Outstream,United States,Desktop,N/A,$0.00  ~ $0.00 ,N/A,N/A,N/A,N/A,N/A
"Law, Gov't & Politics (Legacy)",College,Instream,United States,Tablet,N/A,$0.00  ~ $0.00 ,N/A,N/A,N/A,N/A,N/A
"Law, Gov't & Politics (Legacy)",College,Instream,United States,Desktop,N/A,$0.00  ~ $0.00 ,N/A,N/A,N/A,N/A,N/A
"Law, Gov't & Politics (Legacy)",College,Interstitial,United States,Desktop,N/A,$0.00  ~ $0.00 ,N/A,N/A,N/A,N/A,N/A
"Law, Gov't & Politics (Legacy)",College,Outstream,United States,Desktop,N/A,$0.00  ~ $0.00 ,N/A,N/A,N/A,N/A,N/A
"Law, Gov't & Politics (Legacy)",College,Outstream,United States,Mobile Web,N/A,$0.00  ~ $0.00 ,N/A,N/A,N/A,N/A,N/A
"Law, Gov't & Politics (Legacy)",Psychology/Psychiatry,Interstitial,United States,Desktop,N/A,$0.00  ~ $0.00 ,N/A,N/A,N/A,N/A,N/A
"Law, Gov't & Politics (Legacy)",Psychology/Psychiatry,Outstream,United States,Mobile Web,N/A,$0.00  ~ $0.00 ,N/A,N/A,N/A,N/A,N/A
"Law, Gov't & Politics (Legacy)",Psychology/Psychiatry,Outstream,United States,Desktop,N/A,$0.00  ~ $0.00 ,N/A,N/A,N/A,N/A,N/A
"Law, Gov't & Politics (Legacy)",Psychology/Psychiatry,Instream,United States,Desktop,N/A,$0.00  ~ $0.00 ,N/A,N/A,N/A,N/A,N/A
"Law, Gov't & Politics (Legacy)",Contests & Freebies,Outstream,United States,Desktop,N/A,$0.00  ~ $0.00 ,N/A,N/A,N/A,N/A,N/A
"Law, Gov't & Politics (Legacy)",Shopping,Instream,Canada,Desktop,N/A,$0.00  ~ $0.00 ,N/A,N/A,N/A,N/A,N/A
"Law, Gov't & Politics (Legacy)",Shopping,Instream,Mexico,Desktop,N/A,$0.00  ~ $0.00 ,N/A,N/A,N/A,N/A,N/A
"Law, Gov't & Politics (Legacy)",Shopping,Interstitial,United Kingdom,Desktop,N/A,$0.00  ~ $0.00 ,N/A,N/A,N/A,N/A,N/A
"Law, Gov't & Politics (Legacy)",Shopping,Interstitial,United Kingdom,Mobile Web,N/A,$0.00  ~ $0.00 ,N/A,N/A,N/A,N/A,N/A
"Law, Gov't & Politics (Legacy)",Shopping,Interstitial,United States,Desktop,N/A,$0.00  ~ $0.00 ,N/A,N/A,N/A,N/A,N/A
"Law, Gov't & Politics (Legacy)",Shopping,Interstitial,United States,Mobile Web,N/A,$0.00  ~ $0.00 ,N/A,N/A,N/A,N/A,N/A
"Law, Gov't & Politics (Legacy)",Shopping,Interstitial,Canada,Desktop,N/A,$0.00  ~ $0.00 ,N/A,N/A,N/A,N/A,N/A
"Law, Gov't & Politics (Legacy)",Shopping,Outstream,United States,Tablet,N/A,$0.00  ~ $0.00 ,N/A,N/A,N/A,N/A,N/A
"Law, Gov't & Politics (Legacy)",Shopping,Outstream,United Kingdom,Mobile Web,N/A,$0.00  ~ $0.00 ,N/A,N/A,N/A,N/A,N/A
"Law, Gov't & Politics (Legacy)",Shopping,Outstream,United Kingdom,Desktop,N/A,$0.00  ~ $0.00 ,N/A,N/A,N/A,N/A,N/A
"Law, Gov't & Politics (Legacy)",Shopping,Outstream,Canada,Mobile Web,N/A,$0.00  ~ $0.00 ,N/A,N/A,N/A,N/A,N/A
"Law, Gov't & Politics (Legacy)",Automotive,Instream,Mexico,Desktop,N/A,$0.00  ~ $0.00 ,N/A,N/A,N/A,N/A,N/A
"Law, Gov't & Politics (Legacy)",Automotive,Outstream,Mexico,Desktop,N/A,$0.00  ~ $0.00 ,N/A,N/A,N/A,N/A,N/A
"Law, Gov't & Politics (Legacy)",Pets,Instream,Canada,Desktop,N/A,$0.00  ~ $0.00 ,N/A,N/A,N/A,N/A,N/A
"Law, Gov't & Politics (Legacy)",Pets,Instream,Canada,Mobile Web,N/A,$0.00  ~ $0.00 ,N/A,N/A,N/A,N/A,N/A
"Law, Gov't & Politics (Legacy)",Pets,Instream,United States,Desktop,N/A,$0.00  ~ $0.00 ,N/A,N/A,N/A,N/A,N/A
"Law, Gov't & Politics (Legacy)",Pets,Outstream,United States,Desktop,N/A,$0.00  ~ $0.00 ,N/A,N/A,N/A,N/A,N/A
"Law, Gov't & Politics (Legacy)",Pets,Outstream,Canada,Desktop,N/A,$0.00  ~ $0.00 ,N/A,N/A,N/A,N/A,N/A
"Law, Gov't & Politics (Legacy)",Cocktails/Beer,Instream,United States,Desktop,N/A,$0.00  ~ $0.00 ,N/A,N/A,N/A,N/A,N/A
"Law, Gov't & Politics (Legacy)",Cocktails/Beer,Instream,United States,Mobile Web,N/A,$0.00  ~ $0.00 ,N/A,N/A,N/A,N/A,N/A
"Law, Gov't & Politics (Legacy)",Cocktails/Beer,Outstream,United States,Desktop,N/A,$0.00  ~ $0.00 ,N/A,N/A,N/A,N/A,N/A
"Law, Gov't & Politics (Legacy)",Theme Parks,Instream,United States,Desktop,N/A,$0.00  ~ $0.00 ,N/A,N/A,N/A,N/A,N/A
"Law, Gov't & Politics (Legacy)",Theme Parks,Outstream,United States,Desktop,N/A,$0.00  ~ $0.00 ,N/A,N/A,N/A,N/A,N/A
"Law, Gov't & Politics (Legacy)",Dogs,Instream,Canada,Desktop,N/A,$0.00  ~ $0.00 ,N/A,N/A,N/A,N/A,N/A
"Law, Gov't & Politics (Legacy)",Dogs,Instream,Canada,Mobile Web,N/A,$0.00  ~ $0.00 ,N/A,N/A,N/A,N/A,N/A
"Law, Gov't & Politics (Legacy)",Dogs,Outstream,Canada,Mobile Web,N/A,$0.00  ~ $0.00 ,N/A,N/A,N/A,N/A,N/A
"Law, Gov't & Politics (Legacy)",Catholicism,Outstream,United States,Mobile Web,N/A,$0.00  ~ $0.00 ,N/A,N/A,N/A,N/A,N/A
"Law, Gov't & Politics (Legacy)",Food & Drink,Interstitial,United States,Desktop,N/A,$0.00  ~ $0.00 ,N/A,N/A,N/A,N/A,N/A
"Law, Gov't & Politics (Legacy)",Food & Drink,Interstitial,United States,Mobile Web,N/A,$0.00  ~ $0.00 ,N/A,N/A,N/A,N/A,N/A
"Law, Gov't & Politics (Legacy)",Food & Drink,Interstitial,United States,Tablet,N/A,$0.00  ~ $0.00 ,N/A,N/A,N/A,N/A,N/A
"Law, Gov't & Politics (Legacy)",Food & Drink,Outstream,United States,Desktop,N/A,$0.00  ~ $0.00 ,N/A,N/A,N/A,N/A,N/A
"Law, Gov't & Politics (Legacy)",Food & Drink,Outstream,United States,Tablet,N/A,$0.00  ~ $0.00 ,N/A,N/A,N/A,N/A,N/A
"Law, Gov't & Politics (Legacy)",Politics,Interstitial,United States,Tablet,N/A,$0.00  ~ $0.00 ,N/A,N/A,N/A,N/A,N/A
"Law, Gov't & Politics (Legacy)",Politics,Interstitial,United States,Desktop,N/A,$0.00  ~ $0.00 ,N/A,N/A,N/A,N/A,N/A
"Law, Gov't & Politics (Legacy)",Politics,Interstitial,United States,Mobile Web,N/A,$0.00  ~ $0.00 ,N/A,N/A,N/A,N/A,N/A
"Law, Gov't & Politics (Legacy)",Politics,Outstream,United States,Mobile Web,N/A,$0.00  ~ $0.00 ,N/A,N/A,N/A,N/A,N/A
"Law, Gov't & Politics (Legacy)",Business Software,Instream,United States,Desktop,N/A,$0.00  ~ $0.00 ,N/A,N/A,N/A,N/A,N/A
"Law, Gov't & Politics (Legacy)",Business Software,Instream,United States,Mobile Web,N/A,$0.00  ~ $0.00 ,N/A,N/A,N/A,N/A,N/A
"Law, Gov't & Politics (Legacy)",Business Software,Outstream,United States,Desktop,N/A,$0.00  ~ $0.00 ,N/A,N/A,N/A,N/A,N/A
"Law, Gov't & Politics (Legacy)",Business Software,Outstream,United States,Mobile Web,N/A,$0.00  ~ $0.00 ,N/A,N/A,N/A,N/A,N/A
"Law, Gov't & Politics (Legacy)",Business Software,Interstitial,United States,Desktop,N/A,$0.00  ~ $0.00 ,N/A,N/A,N/A,N/A,N/A
"Law, Gov't & Politics (Legacy)",Business Software,Interstitial,United Kingdom,Desktop,N/A,$0.00  ~ $0.00 ,N/A,N/A,N/A,N/A,N/A
"Law, Gov't & Politics (Legacy)",Senor Health,Instream,United States,Desktop,N/A,$0.00  ~ $0.00 ,N/A,N/A,N/A,N/A,N/A
"Law, Gov't & Politics (Legacy)",Cruises,Instream,United States,Desktop,N/A,$0.00  ~ $0.00 ,N/A,N/A,N/A,N/A,N/A
"Law, Gov't & Politics (Legacy)",Cruises,Outstream,United States,Desktop,N/A,$0.00  ~ $0.00 ,N/A,N/A,N/A,N/A,N/A
"Law, Gov't & Politics (Legacy)",Cruises,Outstream,United States,Mobile Web,N/A,$0.00  ~ $0.00 ,N/A,N/A,N/A,N/A,N/A
"Law, Gov't & Politics (Legacy)",Cruises,Interstitial,United States,Desktop,N/A,$0.00  ~ $0.00 ,N/A,N/A,N/A,N/A,N/A
"Law, Gov't & Politics (Legacy)",News,Instream,Canada,Desktop,N/A,$0.00  ~ $0.00 ,N/A,N/A,N/A,N/A,N/A
"Law, Gov't & Politics (Legacy)",News,Outstream,Canada,Desktop,N/A,$0.00  ~ $0.00 ,N/A,N/A,N/A,N/A,N/A
"Law, Gov't & Politics (Legacy)",News,Outstream,Canada,Mobile Web,N/A,$0.00  ~ $0.00 ,N/A,N/A,N/A,N/A,N/A
"Law, Gov't & Politics (Legacy)",News,Outstream,United States,Mobile Web,N/A,$0.00  ~ $0.00 ,N/A,N/A,N/A,N/A,N/A
"Law, Gov't & Politics (Legacy)",News,Outstream,United States,Tablet,N/A,$0.00  ~ $0.00 ,N/A,N/A,N/A,N/A,N/A
"Law, Gov't & Politics (Legacy)",News,Interstitial,United States,Desktop,N/A,$0.00  ~ $0.00 ,N/A,N/A,N/A,N/A,N/A
"Law, Gov't & Politics (Legacy)",News,Interstitial,Canada,Desktop,N/A,$0.00  ~ $0.00 ,N/A,N/A,N/A,N/A,N/A
"Law, Gov't & Politics (Legacy)",Education,Interstitial,United States,Desktop,N/A,$0.00  ~ $0.00 ,N/A,N/A,N/A,N/A,N/A
"Law, Gov't & Politics (Legacy)",Education,Outstream,United States,Desktop,N/A,$0.00  ~ $0.00 ,N/A,N/A,N/A,N/A,N/A
"Law, Gov't & Politics (Legacy)",Metals,Instream,Canada,Desktop,N/A,$0.00  ~ $0.00 ,N/A,N/A,N/A,N/A,N/A
"Law, Gov't & Politics (Legacy)",Metals,Instream,United States,Desktop,N/A,$0.00  ~ $0.00 ,N/A,N/A,N/A,N/A,N/A
"Law, Gov't & Politics (Legacy)",Metals,Instream,United States,Mobile Web,N/A,$0.00  ~ $0.00 ,N/A,N/A,N/A,N/A,N/A
"Law, Gov't & Politics (Legacy)",Metals,Instream,United States,Tablet,N/A,$0.00  ~ $0.00 ,N/A,N/A,N/A,N/A,N/A
"Law, Gov't & Politics (Legacy)",Metals,Outstream,United States,Mobile Web,N/A,$0.00  ~ $0.00 ,N/A,N/A,N/A,N/A,N/A
"Law, Gov't & Politics (Legacy)",Metals,Outstream,United States,Desktop,N/A,$0.00  ~ $0.00 ,N/A,N/A,N/A,N/A,N/A
"Law, Gov't & Politics (Legacy)",Metals,Outstream,Canada,Mobile Web,N/A,$0.00  ~ $0.00 ,N/A,N/A,N/A,N/A,N/A
"Law, Gov't & Politics (Legacy)",Metals,Interstitial,United States,Desktop,N/A,$0.00  ~ $0.00 ,N/A,N/A,N/A,N/A,N/A
"Law, Gov't & Politics (Legacy)",Metals,Interstitial,United States,Mobile Web,N/A,$0.00  ~ $0.00 ,N/A,N/A,N/A,N/A,N/A
"Law, Gov't & Politics (Legacy)",Logistics,Instream,United States,Desktop,N/A,$0.00  ~ $0.00 ,N/A,N/A,N/A,N/A,N/A
"Law, Gov't & Politics (Legacy)",Health/Lowfat Cooking,Outstream,United States,Desktop,N/A,$0.00  ~ $0.00 ,N/A,N/A,N/A,N/A,N/A
"Law, Gov't & Politics (Legacy)",Adult Education,Interstitial,United States,Desktop,N/A,$0.00  ~ $0.00 ,N/A,N/A,N/A,N/A,N/A
"Law, Gov't & Politics (Legacy)",Legal Issues,Instream,Canada,Desktop,N/A,$0.00  ~ $0.00 ,N/A,N/A,N/A,N/A,N/A
"Law, Gov't & Politics (Legacy)",Legal Issues,Interstitial,United States,Desktop,N/A,$0.00  ~ $0.00 ,N/A,N/A,N/A,N/A,N/A
"Law, Gov't & Politics (Legacy)",Legal Issues,Interstitial,Canada,Desktop,N/A,$0.00  ~ $0.00 ,N/A,N/A,N/A,N/A,N/A
"Law, Gov't & Politics (Legacy)",Legal Issues,Outstream,United States,Desktop,N/A,$0.00  ~ $0.00 ,N/A,N/A,N/A,N/A,N/A
"Law, Gov't & Politics (Legacy)",Legal Issues,Outstream,Canada,Desktop,N/A,$0.00  ~ $0.00 ,N/A,N/A,N/A,N/A,N/A
"Law, Gov't & Politics (Legacy)",Hobbies & Interests,Interstitial,United States,Desktop,N/A,$0.00  ~ $0.00 ,N/A,N/A,N/A,N/A,N/A
"Law, Gov't & Politics (Legacy)",Investing,Outstream,United States,Mobile Web,N/A,$0.00  ~ $0.00 ,N/A,N/A,N/A,N/A,N/A
"Law, Gov't & Politics (Legacy)",Investing,Outstream,United States,Desktop,N/A,$0.00  ~ $0.00 ,N/A,N/A,N/A,N/A,N/A
"Law, Gov't & Politics (Legacy)",Investing,Interstitial,United States,Desktop,N/A,$0.00  ~ $0.00 ,N/A,N/A,N/A,N/A,N/A
"Law, Gov't & Politics (Legacy)",Investing,Interstitial,United States,Mobile Web,N/A,$0.00  ~ $0.00 ,N/A,N/A,N/A,N/A,N/A
"Law, Gov't & Politics (Legacy)",Job Search,Outstream,United States,Desktop,N/A,$0.00  ~ $0.00 ,N/A,N/A,N/A,N/A,N/A
"Law, Gov't & Politics (Legacy)",Job Search,Outstream,United States,Mobile Web,N/A,$0.00  ~ $0.00 ,N/A,N/A,N/A,N/A,N/A
"Law, Gov't & Politics (Legacy)",Job Search,Interstitial,United States,Desktop,N/A,$0.00  ~ $0.00 ,N/A,N/A,N/A,N/A,N/A
"Law, Gov't & Politics (Legacy)",Alternative Medicine,Instream,United States,Desktop,N/A,$0.00  ~ $0.00 ,N/A,N/A,N/A,N/A,N/A
"Law, Gov't & Politics (Legacy)",Arts & Entertainment,Outstream,Canada,Desktop,N/A,$0.00  ~ $0.00 ,N/A,N/A,N/A,N/A,N/A
"Law, Gov't & Politics (Legacy)",Arts & Entertainment,Outstream,Canada,Mobile Web,N/A,$0.00  ~ $0.00 ,N/A,N/A,N/A,N/A,N/A
"Law, Gov't & Politics (Legacy)",Arts & Entertainment,Outstream,United Kingdom,Mobile Web,N/A,$0.00  ~ $0.00 ,N/A,N/A,N/A,N/A,N/A
"Law, Gov't & Politics (Legacy)",Arts & Entertainment,Interstitial,Canada,Desktop,N/A,$0.00  ~ $0.00 ,N/A,N/A,N/A,N/A,N/A
"Law, Gov't & Politics (Legacy)",Arts & Entertainment,Interstitial,United States,Desktop,N/A,$0.00  ~ $0.00 ,N/A,N/A,N/A,N/A,N/A
"Law, Gov't & Politics (Legacy)",Arts & Entertainment,Interstitial,United Kingdom,Mobile Web,N/A,$0.00  ~ $0.00 ,N/A,N/A,N/A,N/A,N/A
"Law, Gov't & Politics (Legacy)",Graduate School,Instream,United States,Mobile Web,N/A,$0.00  ~ $0.00 ,N/A,N/A,N/A,N/A,N/A
"Law, Gov't & Politics (Legacy)",Graduate School,Instream,United States,Tablet,N/A,$0.00  ~ $0.00 ,N/A,N/A,N/A,N/A,N/A
"Law, Gov't & Politics (Legacy)",Graduate School,Outstream,United States,Desktop,N/A,$0.00  ~ $0.00 ,N/A,N/A,N/A,N/A,N/A
"Law, Gov't & Politics (Legacy)",Graduate School,Outstream,United States,Mobile Web,N/A,$0.00  ~ $0.00 ,N/A,N/A,N/A,N/A,N/A
"Law, Gov't & Politics (Legacy)",Graduate School,Interstitial,United States,Desktop,N/A,$0.00  ~ $0.00 ,N/A,N/A,N/A,N/A,N/A
"Law, Gov't & Politics (Legacy)",Home & Garden,Interstitial,United States,Desktop,N/A,$0.00  ~ $0.00 ,N/A,N/A,N/A,N/A,N/A
"Law, Gov't & Politics (Legacy)",Home & Garden,Interstitial,United States,Tablet,N/A,$0.00  ~ $0.00 ,N/A,N/A,N/A,N/A,N/A
"Law, Gov't & Politics (Legacy)",Home & Garden,Interstitial,United States,Mobile Web,N/A,$0.00  ~ $0.00 ,N/A,N/A,N/A,N/A,N/A
"Law, Gov't & Politics (Legacy)",Auto Repair,Instream,United States,Tablet,N/A,$0.00  ~ $0.00 ,N/A,N/A,N/A,N/A,N/A
"Law, Gov't & Politics (Legacy)",Auto Repair,Outstream,United States,Mobile Web,N/A,$0.00  ~ $0.00 ,N/A,N/A,N/A,N/A,N/A
"Law, Gov't & Politics (Legacy)",Auto Repair,Outstream,United States,Desktop,N/A,$0.00  ~ $0.00 ,N/A,N/A,N/A,N/A,N/A
"Law, Gov't & Politics (Legacy)",Auto Repair,Interstitial,United States,Desktop,N/A,$0.00  ~ $0.00 ,N/A,N/A,N/A,N/A,N/A
"Law, Gov't & Politics (Legacy)",Home Repair,Outstream,United States,Mobile Web,N/A,$0.00  ~ $0.00 ,N/A,N/A,N/A,N/A,N/A
"Law, Gov't & Politics (Legacy)",Honeymoons/Getaways,Outstream,United States,Desktop,N/A,$0.00  ~ $0.00 ,N/A,N/A,N/A,N/A,N/A
"Law, Gov't & Politics (Legacy)",Honeymoons/Getaways,Outstream,United States,Mobile Web,N/A,$0.00  ~ $0.00 ,N/A,N/A,N/A,N/A,N/A
"Law, Gov't & Politics (Legacy)",Honeymoons/Getaways,Outstream,United States,Tablet,N/A,$0.00  ~ $0.00 ,N/A,N/A,N/A,N/A,N/A
"Law, Gov't & Politics (Legacy)",Honeymoons/Getaways,Instream,United States,Desktop,N/A,$0.00  ~ $0.00 ,N/A,N/A,N/A,N/A,N/A
"Law, Gov't & Politics (Legacy)",Pediatrics,Instream,United States,Desktop,N/A,$0.00  ~ $0.00 ,N/A,N/A,N/A,N/A,N/A
"Law, Gov't & Politics (Legacy)",Pediatrics,Instream,United States,Mobile Web,N/A,$0.00  ~ $0.00 ,N/A,N/A,N/A,N/A,N/A
"Law, Gov't & Politics (Legacy)",Pediatrics,Outstream,United States,Desktop,N/A,$0.00  ~ $0.00 ,N/A,N/A,N/A,N/A,N/A
"Law, Gov't & Politics (Legacy)",Pediatrics,Outstream,United States,Mobile Web,N/A,$0.00  ~ $0.00 ,N/A,N/A,N/A,N/A,N/A
"Law, Gov't & Politics (Legacy)",Card Games,Instream,United States,Mobile Web,N/A,$0.00  ~ $0.00 ,N/A,N/A,N/A,N/A,N/A
"Law, Gov't & Politics (Legacy)",Card Games,Instream,United States,Desktop,N/A,$0.00  ~ $0.00 ,N/A,N/A,N/A,N/A,N/A
"Law, Gov't & Politics (Legacy)",Card Games,Outstream,United States,Mobile Web,N/A,$0.00  ~ $0.00 ,N/A,N/A,N/A,N/A,N/A
"Law, Gov't & Politics (Legacy)",Card Games,Outstream,United States,Desktop,N/A,$0.00  ~ $0.00 ,N/A,N/A,N/A,N/A,N/A
"Law, Gov't & Politics (Legacy)",Card Games,Interstitial,United States,Desktop,N/A,$0.00  ~ $0.00 ,N/A,N/A,N/A,N/A,N/A
"Law, Gov't & Politics (Legacy)",Large Animals,Outstream,United States,Desktop,N/A,$0.00  ~ $0.00 ,N/A,N/A,N/A,N/A,N/A
"Law, Gov't & Politics (Legacy)",Gardening,Instream,United States,Desktop,N/A,$0.00  ~ $0.00 ,N/A,N/A,N/A,N/A,N/A
"Law, Gov't & Politics (Legacy)",Gardening,Instream,United States,Mobile Web,N/A,$0.00  ~ $0.00 ,N/A,N/A,N/A,N/A,N/A
"Law, Gov't & Politics (Legacy)",Human Resources,Outstream,United States,Desktop,N/A,$0.00  ~ $0.00 ,N/A,N/A,N/A,N/A,N/A
"Law, Gov't & Politics (Legacy)",Exercise,Outstream,United States,Mobile Web,N/A,$0.00  ~ $0.00 ,N/A,N/A,N/A,N/A,N/A
"Law, Gov't & Politics (Legacy)",Exercise,Outstream,United States,Desktop,N/A,$0.00  ~ $0.00 ,N/A,N/A,N/A,N/A,N/A
"Law, Gov't & Politics (Legacy)",Hotels,Instream,United States,Desktop,N/A,$0.00  ~ $0.00 ,N/A,N/A,N/A,N/A,N/A
"Law, Gov't & Politics (Legacy)",Hotels,Instream,United States,Mobile Web,N/A,$0.00  ~ $0.00 ,N/A,N/A,N/A,N/A,N/A
"Law, Gov't & Politics (Legacy)",Hotels,Outstream,United States,Desktop,N/A,$0.00  ~ $0.00 ,N/A,N/A,N/A,N/A,N/A
"Law, Gov't & Politics (Legacy)",Hotels,Outstream,United States,Mobile Web,N/A,$0.00  ~ $0.00 ,N/A,N/A,N/A,N/A,N/A
"Law, Gov't & Politics (Legacy)",Hotels,Interstitial,United States,Desktop,N/A,$0.00  ~ $0.00 ,N/A,N/A,N/A,N/A,N/A
"Law, Gov't & Politics (Legacy)",Real Estate,Instream,United States,Desktop,N/A,$0.00  ~ $0.00 ,N/A,N/A,N/A,N/A,N/A
"Law, Gov't & Politics (Legacy)",Real Estate,Instream,United States,Mobile Web,N/A,$0.00  ~ $0.00 ,N/A,N/A,N/A,N/A,N/A
"Law, Gov't & Politics (Legacy)",Real Estate,Outstream,United States,Desktop,N/A,$0.00  ~ $0.00 ,N/A,N/A,N/A,N/A,N/A
"Law, Gov't & Politics (Legacy)",Real Estate,Outstream,United States,Mobile Web,N/A,$0.00  ~ $0.00 ,N/A,N/A,N/A,N/A,N/A
"Law, Gov't & Politics (Legacy)",Real Estate,Outstream,United States,Tablet,N/A,$0.00  ~ $0.00 ,N/A,N/A,N/A,N/A,N/A
"Law, Gov't & Politics (Legacy)",Real Estate,Outstream,Canada,Desktop,N/A,$0.00  ~ $0.00 ,N/A,N/A,N/A,N/A,N/A
"Law, Gov't & Politics (Legacy)",Real Estate,Outstream,Canada,Mobile Web,N/A,$0.00  ~ $0.00 ,N/A,N/A,N/A,N/A,N/A
"Law, Gov't & Politics (Legacy)",Real Estate,Interstitial,United States,Desktop,N/A,$0.00  ~ $0.00 ,N/A,N/A,N/A,N/A,N/A
"Law, Gov't & Politics (Legacy)",Family & Parenting,Outstream,United States,Desktop,N/A,$0.00  ~ $0.00 ,N/A,N/A,N/A,N/A,N/A
"Law, Gov't & Politics (Legacy)",Family & Parenting,Outstream,United States,Mobile Web,N/A,$0.00  ~ $0.00 ,N/A,N/A,N/A,N/A,N/A
"Law, Gov't & Politics (Legacy)",Family & Parenting,Outstream,United States,Tablet,N/A,$0.00  ~ $0.00 ,N/A,N/A,N/A,N/A,N/A
"Law, Gov't & Politics (Legacy)",Family & Parenting,Outstream,United Kingdom,Desktop,N/A,$0.00  ~ $0.00 ,N/A,N/A,N/A,N/A,N/A
"Law, Gov't & Politics (Legacy)",Family & Parenting,Instream,United States,Tablet,N/A,$0.00  ~ $0.00 ,N/A,N/A,N/A,N/A,N/A
"Law, Gov't & Politics (Legacy)",Family & Parenting,Interstitial,United States,Desktop,N/A,$0.00  ~ $0.00 ,N/A,N/A,N/A,N/A,N/A
"Law, Gov't & Politics (Legacy)",By US Locale,Instream,United States,Desktop,N/A,$0.00  ~ $0.00 ,N/A,N/A,N/A,N/A,N/A
"Law, Gov't & Politics (Legacy)",By US Locale,Outstream,United States,Mobile Web,N/A,$0.00  ~ $0.00 ,N/A,N/A,N/A,N/A,N/A
"Law, Gov't & Politics (Legacy)",Senior Living,Interstitial,United States,Desktop,N/A,$0.00  ~ $0.00 ,N/A,N/A,N/A,N/A,N/A
"Law, Gov't & Politics (Legacy)",Senior Living,Outstream,United States,Desktop,N/A,$0.00  ~ $0.00 ,N/A,N/A,N/A,N/A,N/A
News (Legacy),Arts & Entertainment,Instream,United States,Desktop,N/A,$23.80  ~ $32.84 ,$9.09 ,N/A,0.26%,80.32%,N/A
News (Legacy),Arts & Entertainment,Instream,United States,Mobile Web,N/A,$15.85  ~ $26.73 ,$28.96 ,N/A,0.05%,75.84%,N/A
News (Legacy),Arts & Entertainment,Instream,Canada,Desktop,N/A,$40.97  ~ $40.97 ,N/A,N/A,N/A,50.00%,N/A
News (Legacy),Arts & Entertainment,Outstream,United States,Desktop,N/A,$0.00  ~ $0.00 ,N/A,N/A,N/A,N/A,N/A
News (Legacy),Arts & Entertainment,Outstream,United States,Mobile Web,N/A,$0.00  ~ $12.32 ,$2.14 ,N/A,0.57%,61.96%,N/A
News (Legacy),Politics,Instream,United States,Desktop,N/A,$45.22  ~ $45.22 ,N/A,N/A,N/A,98.36%,N/A
News (Legacy),Politics,Instream,United States,Mobile Web,N/A,$45.09  ~ $45.09 ,N/A,N/A,N/A,79.78%,N/A
News (Legacy),Politics,Instream,United States,Tablet,N/A,$44.95  ~ $44.95 ,N/A,N/A,N/A,87.88%,N/A
News (Legacy),Politics,Outstream,United States,Desktop,N/A,$71.97  ~ $71.97 ,N/A,N/A,N/A,66.67%,N/A
News (Legacy),Graduate School,Instream,United States,Desktop,N/A,$44.82  ~ $44.82 ,N/A,N/A,N/A,71.64%,N/A
News (Legacy),Graduate School,Instream,United States,Mobile Web,3,$49.31  ~ $49.31 ,$5.15 ,N/A,0.96%,33.94%,N/A
News (Legacy),Food & Drink,Instream,United States,Desktop,N/A,$49.68  ~ $49.68 ,N/A,N/A,N/A,60.66%,N/A
News (Legacy),Food & Drink,Instream,United States,Mobile Web,N/A,$48.93  ~ $49.58 ,N/A,N/A,N/A,37.35%,N/A
News (Legacy),Food & Drink,Instream,United States,Tablet,N/A,$51.06  ~ $51.06 ,N/A,N/A,N/A,87.50%,N/A
News (Legacy),Food & Drink,Outstream,United States,Mobile Web,N/A,$52.94  ~ $52.94 ,N/A,N/A,N/A,50.00%,N/A
News (Legacy),College,Instream,United States,Desktop,N/A,$7.17  ~ $7.17 ,N/A,N/A,N/A,75.00%,N/A
News (Legacy),Pediatrics,Instream,United States,Desktop,N/A,$41.60  ~ $84.72 ,N/A,N/A,N/A,100.00%,N/A
News (Legacy),Pediatrics,Instream,United States,Mobile Web,N/A,$39.21  ~ $80.80 ,N/A,N/A,N/A,50.00%,N/A
News (Legacy),Catholicism,Instream,United States,Desktop,N/A,$66.18  ~ $66.18 ,N/A,N/A,N/A,100.00%,N/A
News (Legacy),Home & Garden,Instream,United States,Mobile Web,2,$25.90  ~ $29.89 ,$3.64 ,N/A,0.71%,69.53%,N/A
News (Legacy),Home & Garden,Instream,United States,Tablet,N/A,$25.65  ~ $31.73 ,$4.94 ,N/A,0.52%,43.11%,N/A
News (Legacy),Home & Garden,Instream,United States,Desktop,26,$25.92  ~ $31.64 ,$28.07 ,N/A,0.09%,38.47%,N/A
News (Legacy),Home & Garden,Outstream,United States,Desktop,N/A,$39.40  ~ $55.32 ,N/A,N/A,N/A,50.00%,N/A
News (Legacy),Home & Garden,Outstream,United States,Mobile Web,N/A,$18.76  ~ $18.76 ,N/A,N/A,N/A,48.48%,N/A
News (Legacy),Home & Garden,Outstream,United States,Tablet,N/A,$18.36  ~ $18.36 ,N/A,N/A,N/A,100.00%,N/A
News (Legacy),Travel,Instream,United States,Desktop,5,$22.94  ~ $22.94 ,$17.86 ,N/A,0.13%,68.36%,N/A
News (Legacy),Travel,Instream,United States,Mobile Web,1,$20.94  ~ $20.94 ,$44.99 ,N/A,0.05%,10.40%,N/A
News (Legacy),Remodeling & Construction,Outstream,United States,Desktop,N/A,$41.10  ~ $41.10 ,$0.08 ,N/A,50.00%,N/A,N/A
News (Legacy),Remodeling & Construction,Outstream,United States,Mobile Web,N/A,$24.60  ~ $24.60 ,N/A,N/A,N/A,N/A,N/A
News (Legacy),Remodeling & Construction,Instream,United States,Desktop,N/A,$36.75  ~ $36.75 ,N/A,N/A,N/A,60.04%,N/A
News (Legacy),Auto Repair,Instream,United States,Desktop,28,$12.81  ~ $12.81 ,N/A,N/A,N/A,94.67%,N/A
News (Legacy),Music,Instream,United States,Desktop,N/A,$19.55  ~ $42.13 ,N/A,N/A,N/A,100.00%,N/A
News (Legacy),Hotels,Instream,United States,Desktop,N/A,$39.08  ~ $39.08 ,N/A,N/A,N/A,N/A,N/A
News (Legacy),Cold & Flu,Instream,United States,Desktop,N/A,$40.43  ~ $100.23 ,N/A,N/A,N/A,50.00%,N/A
News (Legacy),Cold & Flu,Instream,United States,Mobile Web,N/A,$36.76  ~ $85.09 ,N/A,N/A,N/A,25.00%,N/A
News (Legacy),Business,Instream,United States,Desktop,69,$38.74  ~ $40.17 ,$19.15 ,N/A,0.20%,76.79%,N/A
News (Legacy),Business,Instream,United States,Mobile Web,3,$34.65  ~ $37.03 ,$27.49 ,N/A,0.13%,68.67%,N/A
News (Legacy),Business,Instream,United States,Tablet,N/A,$35.54  ~ $39.23 ,N/A,N/A,N/A,90.45%,N/A
News (Legacy),Business,Instream,Canada,Mobile Web,N/A,$35.43  ~ $82.95 ,N/A,N/A,N/A,100.00%,N/A
News (Legacy),Business,Outstream,United States,Tablet,N/A,$34.43  ~ $34.74 ,N/A,N/A,N/A,66.67%,N/A
News (Legacy),Business,Outstream,United States,Desktop,N/A,$60.94  ~ $124.57 ,N/A,N/A,N/A,100.00%,N/A
News (Legacy),Business,Outstream,United States,Mobile Web,N/A,$33.16  ~ $33.39 ,N/A,N/A,N/A,61.36%,N/A
News (Legacy),News,Instream,United States,Desktop,17,$32.26  ~ $32.27 ,$8.03 ,N/A,0.40%,74.57%,N/A
News (Legacy),News,Instream,United States,Mobile Web,N/A,$31.37  ~ $31.37 ,$0.91 ,N/A,3.44%,74.57%,N/A
News (Legacy),Commentary,Instream,United States,Desktop,N/A,$35.77  ~ $35.77 ,$0.93 ,N/A,3.85%,74.00%,N/A
News (Legacy),Commentary,Instream,United States,Mobile Web,N/A,$31.19  ~ $31.19 ,N/A,N/A,N/A,43.48%,N/A
News (Legacy),Insurance,Instream,United States,Desktop,5,$41.68  ~ $41.68 ,$647.63 ,N/A,0.01%,98.30%,N/A
News (Legacy),Senior Living,Instream,United States,Desktop,N/A,$48.92  ~ $48.92 ,$22.99 ,N/A,0.21%,94.89%,N/A
News (Legacy),Senior Living,Instream,United States,Mobile Web,N/A,$51.65  ~ $51.65 ,N/A,N/A,N/A,100.00%,N/A
News (Legacy),Senior Living,Instream,United States,Tablet,N/A,$51.82  ~ $51.82 ,N/A,N/A,N/A,100.00%,N/A
News (Legacy),Legal Issues,Instream,United States,Desktop,N/A,$36.27  ~ $44.90 ,N/A,N/A,N/A,96.81%,N/A
News (Legacy),Legal Issues,Outstream,United States,Mobile Web,N/A,$35.46  ~ $76.87 ,N/A,N/A,N/A,33.33%,N/A
News (Legacy),Biotech/Biomedical,Instream,United States,Desktop,N/A,$72.38  ~ $72.38 ,N/A,N/A,N/A,100.00%,N/A
News (Legacy),Automotive,Instream,United States,Mobile Web,N/A,$41.15  ~ $41.15 ,N/A,N/A,N/A,82.52%,N/A
News (Legacy),Automotive,Instream,United States,Desktop,N/A,$39.88  ~ $39.93 ,$52.01 ,N/A,0.08%,94.56%,N/A
News (Legacy),Automotive,Outstream,United States,Desktop,N/A,$0.00  ~ $0.00 ,N/A,N/A,N/A,N/A,N/A
News (Legacy),Automotive,Outstream,United States,Mobile Web,N/A,$38.54  ~ $38.54 ,N/A,N/A,N/A,53.33%,N/A
News (Legacy),Appliances,Instream,United States,Mobile Web,2,$56.51  ~ $56.51 ,N/A,N/A,N/A,18.18%,N/A
News (Legacy),Education,Instream,United States,Desktop,1,$33.77  ~ $33.89 ,$67.05 ,N/A,0.05%,90.16%,N/A
News (Legacy),Education,Instream,United States,Mobile Web,N/A,$23.35  ~ $28.13 ,$13.82 ,N/A,0.20%,71.79%,N/A
News (Legacy),Education,Instream,Canada,Desktop,N/A,$29.42  ~ $29.71 ,N/A,N/A,N/A,88.89%,N/A
News (Legacy),Education,Outstream,United States,Mobile Web,N/A,$20.39  ~ $32.60 ,N/A,N/A,N/A,54.29%,N/A
News (Legacy),Education,Outstream,United States,Tablet,N/A,$32.77  ~ $66.47 ,N/A,N/A,N/A,14.29%,N/A
News (Legacy),Education,Outstream,United States,Desktop,N/A,$27.31  ~ $27.31 ,N/A,N/A,N/A,100.00%,N/A
News (Legacy),Shopping,Instream,United States,Desktop,68,$35.60  ~ $35.60 ,$65.94 ,N/A,0.05%,77.60%,N/A
News (Legacy),Shopping,Instream,United States,Mobile Web,66,$37.95  ~ $37.95 ,$38.76 ,N/A,0.10%,38.64%,N/A
News (Legacy),Shopping,Outstream,United States,Mobile Web,N/A,$48.09  ~ $48.09 ,N/A,N/A,N/A,68.42%,N/A
News (Legacy),Shopping,Outstream,United States,Desktop,N/A,$53.06  ~ $53.06 ,N/A,N/A,N/A,50.00%,N/A
News (Legacy),Shopping,Outstream,United States,Tablet,N/A,$48.18  ~ $48.18 ,N/A,N/A,N/A,100.00%,N/A
News (Legacy),Credit/Debt & Loans,Instream,United States,Desktop,N/A,$0.00  ~ $0.00 ,N/A,N/A,N/A,N/A,N/A
News (Legacy),Hobbies & Interests,Instream,United States,Desktop,30,$61.52  ~ $61.52 ,$252.54 ,N/A,0.02%,92.47%,N/A
News (Legacy),Hobbies & Interests,Instream,United States,Mobile Web,N/A,$61.32  ~ $61.37 ,N/A,N/A,N/A,84.87%,N/A
News (Legacy),Hobbies & Interests,Outstream,United States,Desktop,N/A,$42.68  ~ $42.68 ,N/A,N/A,N/A,80.00%,N/A
News (Legacy),Hobbies & Interests,Outstream,United States,Mobile Web,N/A,$47.45  ~ $47.45 ,N/A,N/A,N/A,65.82%,N/A
News (Legacy),Hobbies & Interests,Outstream,United States,Tablet,N/A,$44.90  ~ $44.90 ,N/A,N/A,N/A,28.57%,N/A
News (Legacy),Exercise,Instream,United States,Desktop,N/A,$43.35  ~ $43.35 ,N/A,N/A,N/A,96.67%,N/A
News (Legacy),Buying/Selling Cars,Instream,United States,Desktop,99,$41.78  ~ $41.78 ,$37.78 ,N/A,0.11%,93.76%,N/A
News (Legacy),Buying/Selling Cars,Instream,United States,Mobile Web,8,$41.35  ~ $41.35 ,$34.41 ,N/A,0.12%,76.03%,N/A
News (Legacy),Buying/Selling Cars,Outstream,United States,Mobile Web,N/A,$37.63  ~ $37.63 ,N/A,N/A,N/A,58.62%,N/A
News (Legacy),Interior Decorating,Instream,United States,Desktop,N/A,$37.37  ~ $37.37 ,$1.49 ,N/A,2.50%,71.79%,N/A
News (Legacy),Interior Decorating,Instream,United States,Mobile Web,N/A,$35.09  ~ $35.09 ,$4.35 ,N/A,0.81%,64.42%,N/A
News (Legacy),Business Software,Instream,United States,Mobile Web,N/A,$0.00  ~ $0.00 ,N/A,N/A,N/A,N/A,N/A
News (Legacy),Business Software,Instream,United States,Desktop,N/A,$0.00  ~ $0.00 ,N/A,N/A,N/A,N/A,N/A
News (Legacy),"Law, Gov't & Politics",Instream,United States,Desktop,71,$35.90  ~ $37.79 ,$215.59 ,N/A,0.02%,97.05%,N/A
News (Legacy),"Law, Gov't & Politics",Instream,United States,Mobile Web,N/A,$37.08  ~ $37.42 ,$150.32 ,N/A,0.02%,81.41%,N/A
News (Legacy),"Law, Gov't & Politics",Outstream,United States,Desktop,N/A,$54.11  ~ $54.56 ,$1.62 ,N/A,3.33%,64.29%,N/A
News (Legacy),"Law, Gov't & Politics",Outstream,United States,Mobile Web,N/A,$64.69  ~ $64.69 ,N/A,N/A,N/A,68.89%,N/A
News (Legacy),Health & Fitness,Instream,United States,Desktop,N/A,$26.52  ~ $30.62 ,$74.12 ,N/A,0.04%,72.98%,N/A
News (Legacy),Health & Fitness,Instream,United States,Mobile Web,N/A,$26.62  ~ $31.27 ,$31.86 ,N/A,0.08%,60.20%,N/A
News (Legacy),Health & Fitness,Outstream,United States,Mobile Web,N/A,$31.54  ~ $41.54 ,N/A,N/A,N/A,50.00%,N/A
News (Legacy),Health & Fitness,Outstream,United States,Desktop,N/A,$39.54  ~ $39.69 ,N/A,N/A,N/A,50.00%,N/A
News (Legacy),Health & Fitness,Outstream,United States,Tablet,N/A,$54.73  ~ $54.73 ,N/A,N/A,N/A,66.67%,N/A
News (Legacy),Home Repair,Instream,United States,Desktop,N/A,$33.42  ~ $33.42 ,N/A,N/A,N/A,39.71%,N/A
News (Legacy),Home Repair,Instream,United States,Mobile Web,N/A,$28.81  ~ $28.81 ,$0.55 ,N/A,5.26%,84.21%,N/A
News (Legacy),Home Repair,Outstream,United States,Desktop,N/A,$44.21  ~ $44.21 ,$0.13 ,N/A,33.33%,66.67%,N/A
News (Legacy),Personal Finance,Instream,United States,Mobile Web,9,$45.33  ~ $59.36 ,$2.58 ,N/A,2.30%,64.12%,N/A
News (Legacy),Personal Finance,Instream,United States,Tablet,N/A,$44.36  ~ $51.14 ,$1.90 ,N/A,2.69%,76.59%,N/A
News (Legacy),Personal Finance,Instream,United States,Desktop,17,$45.14  ~ $47.88 ,$7.63 ,N/A,0.63%,84.39%,N/A
News (Legacy),Personal Finance,Instream,Canada,Desktop,N/A,$36.53  ~ $37.52 ,N/A,N/A,N/A,92.31%,N/A
News (Legacy),Personal Finance,Outstream,United States,Desktop,N/A,$50.40  ~ $50.40 ,N/A,N/A,N/A,75.21%,N/A
News (Legacy),Personal Finance,Outstream,United States,Tablet,N/A,$46.84  ~ $46.84 ,N/A,N/A,N/A,100.00%,N/A
News (Legacy),Personal Finance,Outstream,United States,Mobile Web,N/A,$49.36  ~ $49.36 ,$5.08 ,N/A,0.97%,80.23%,N/A
News (Legacy),Careers,Instream,United States,Desktop,3,$42.59  ~ $42.59 ,N/A,N/A,N/A,64.37%,N/A
News (Legacy),Psychology/Psychiatry,Instream,United States,Desktop,N/A,$49.71  ~ $104.83 ,N/A,N/A,N/A,100.00%,N/A
News (Legacy),Human Resources,Instream,United States,Desktop,N/A,$22.47  ~ $22.47 ,$0.92 ,N/A,2.44%,96.47%,N/A
News (Legacy),Human Resources,Instream,United States,Mobile Web,N/A,$21.09  ~ $21.09 ,N/A,N/A,N/A,42.86%,N/A
News (Legacy),Job Search,Instream,United States,Desktop,N/A,$30.82  ~ $30.82 ,N/A,N/A,N/A,32.00%,N/A
News (Legacy),Job Search,Instream,United States,Mobile Web,N/A,$35.45  ~ $35.45 ,N/A,N/A,N/A,100.00%,N/A
News (Legacy),Job Search,Outstream,United States,Mobile Web,N/A,$28.47  ~ $28.47 ,N/A,N/A,N/A,100.00%,N/A
News (Legacy),Family & Parenting,Instream,United States,Desktop,N/A,$37.10  ~ $37.10 ,N/A,N/A,N/A,97.65%,N/A
News (Legacy),Family & Parenting,Instream,United States,Mobile Web,N/A,$28.07  ~ $28.07 ,N/A,N/A,N/A,96.55%,N/A
News (Legacy),Contests & Freebies,Instream,United States,Desktop,N/A,$40.97  ~ $40.97 ,N/A,N/A,N/A,100.00%,N/A
News (Legacy),Incest/Abuse Support,Outstream,United States,Mobile Web,N/A,$0.00  ~ $0.00 ,N/A,N/A,N/A,N/A,N/A
News (Legacy),Comparison,Interstitial,United States,Desktop,N/A,$0.00  ~ $0.00 ,N/A,N/A,N/A,N/A,N/A
News (Legacy),Comparison,Instream,United States,Desktop,N/A,$0.00  ~ $0.00 ,N/A,N/A,N/A,N/A,N/A
News (Legacy),Comparison,Outstream,United States,Desktop,N/A,$0.00  ~ $0.00 ,N/A,N/A,N/A,N/A,N/A
News (Legacy),Retirement Planning,Interstitial,United States,Desktop,N/A,$0.00  ~ $0.00 ,N/A,N/A,N/A,N/A,N/A
News (Legacy),Arts & Entertainment,Outstream,United Kingdom,Mobile Web,N/A,$0.00  ~ $0.00 ,N/A,N/A,N/A,N/A,N/A
News (Legacy),Arts & Entertainment,Outstream,United Kingdom,Desktop,N/A,$0.00  ~ $0.00 ,N/A,N/A,N/A,N/A,N/A
News (Legacy),Arts & Entertainment,Outstream,Canada,Desktop,N/A,$0.00  ~ $0.00 ,N/A,N/A,N/A,N/A,N/A
News (Legacy),Arts & Entertainment,Outstream,Canada,Mobile Web,N/A,$0.00  ~ $0.00 ,N/A,N/A,N/A,N/A,N/A
News (Legacy),Arts & Entertainment,Instream,United Kingdom,Mobile Web,N/A,$0.00  ~ $0.00 ,N/A,N/A,N/A,N/A,N/A
News (Legacy),Arts & Entertainment,Instream,United Kingdom,Desktop,N/A,$0.00  ~ $0.00 ,N/A,N/A,N/A,N/A,N/A
News (Legacy),Arts & Entertainment,Interstitial,United States,Desktop,N/A,$0.00  ~ $0.00 ,N/A,N/A,N/A,N/A,N/A
News (Legacy),Arts & Entertainment,Interstitial,United States,Mobile Web,N/A,$0.00  ~ $0.00 ,N/A,N/A,N/A,N/A,N/A
News (Legacy),Arts & Entertainment,Interstitial,United Kingdom,Desktop,N/A,$0.00  ~ $0.00 ,N/A,N/A,N/A,N/A,N/A
News (Legacy),Arts & Entertainment,Interstitial,United Kingdom,Mobile Web,N/A,$0.00  ~ $0.00 ,N/A,N/A,N/A,N/A,N/A
News (Legacy),Arts & Entertainment,Interstitial,Canada,Desktop,N/A,$0.00  ~ $0.00 ,N/A,N/A,N/A,N/A,N/A
News (Legacy),Arts & Entertainment,Native,United States,Desktop,N/A,$0.00  ~ $0.00 ,N/A,N/A,N/A,N/A,N/A
News (Legacy),Large Animals,Outstream,United States,Desktop,N/A,$0.00  ~ $0.00 ,N/A,N/A,N/A,N/A,N/A
News (Legacy),Large Animals,Outstream,United States,Mobile Web,N/A,$0.00  ~ $0.00 ,N/A,N/A,N/A,N/A,N/A
News (Legacy),Large Animals,Instream,United States,Desktop,N/A,$0.00  ~ $0.00 ,N/A,N/A,N/A,N/A,N/A
News (Legacy),Celebrity Fan/Gossip,Instream,United States,Mobile Web,N/A,$0.00  ~ $0.00 ,N/A,N/A,N/A,N/A,N/A
News (Legacy),Celebrity Fan/Gossip,Outstream,United States,Desktop,N/A,$0.00  ~ $0.00 ,N/A,N/A,N/A,N/A,N/A
News (Legacy),Insurance,Outstream,United States,Desktop,N/A,$0.00  ~ $0.00 ,N/A,N/A,N/A,N/A,N/A
News (Legacy),Insurance,Outstream,United Kingdom,Desktop,N/A,$0.00  ~ $0.00 ,N/A,N/A,N/A,N/A,N/A
News (Legacy),Insurance,Instream,United Kingdom,Desktop,N/A,$0.00  ~ $0.00 ,N/A,N/A,N/A,N/A,N/A
News (Legacy),Insurance,Interstitial,United States,Desktop,N/A,$0.00  ~ $0.00 ,N/A,N/A,N/A,N/A,N/A
News (Legacy),Insurance,Interstitial,United Kingdom,Desktop,N/A,$0.00  ~ $0.00 ,N/A,N/A,N/A,N/A,N/A
News (Legacy),Adventure Travel,Outstream,United States,Desktop,N/A,$0.00  ~ $0.00 ,N/A,N/A,N/A,N/A,N/A
News (Legacy),Adventure Travel,Instream,United States,Desktop,N/A,$0.00  ~ $0.00 ,N/A,N/A,N/A,N/A,N/A
News (Legacy),Adventure Travel,Interstitial,United States,Desktop,N/A,$0.00  ~ $0.00 ,N/A,N/A,N/A,N/A,N/A
News (Legacy),Senor Health,Outstream,United States,Desktop,N/A,$0.00  ~ $0.00 ,N/A,N/A,N/A,N/A,N/A
News (Legacy),Senor Health,Instream,United States,Desktop,N/A,$0.00  ~ $0.00 ,N/A,N/A,N/A,N/A,N/A
News (Legacy),Cell Phones,Outstream,Mexico,Desktop,N/A,$0.00  ~ $0.00 ,N/A,N/A,N/A,N/A,N/A
News (Legacy),Cell Phones,Instream,Mexico,Desktop,N/A,$0.00  ~ $0.00 ,N/A,N/A,N/A,N/A,N/A
News (Legacy),Music,Outstream,United States,Desktop,N/A,$0.00  ~ $0.00 ,N/A,N/A,N/A,N/A,N/A
News (Legacy),Music,Outstream,United States,Mobile Web,N/A,$0.00  ~ $0.00 ,N/A,N/A,N/A,N/A,N/A
News (Legacy),Agriculture,Interstitial,Canada,Desktop,N/A,$0.00  ~ $0.00 ,N/A,N/A,N/A,N/A,N/A
News (Legacy),Agriculture,Interstitial,United States,Desktop,N/A,$0.00  ~ $0.00 ,N/A,N/A,N/A,N/A,N/A
News (Legacy),Agriculture,Outstream,United States,Desktop,N/A,$0.00  ~ $0.00 ,N/A,N/A,N/A,N/A,N/A
News (Legacy),Agriculture,Outstream,United States,Mobile Web,N/A,$0.00  ~ $0.00 ,N/A,N/A,N/A,N/A,N/A
News (Legacy),Agriculture,Outstream,Canada,Desktop,N/A,$0.00  ~ $0.00 ,N/A,N/A,N/A,N/A,N/A
News (Legacy),Agriculture,Instream,United States,Mobile Web,N/A,$0.00  ~ $0.00 ,N/A,N/A,N/A,N/A,N/A
News (Legacy),Agriculture,Instream,United States,Desktop,N/A,$0.00  ~ $0.00 ,N/A,N/A,N/A,N/A,N/A
News (Legacy),Agriculture,Native,United States,Desktop,N/A,$0.00  ~ $0.00 ,N/A,N/A,N/A,N/A,N/A
News (Legacy),Business Software,Native,United States,Desktop,N/A,$0.00  ~ $0.00 ,N/A,N/A,N/A,N/A,N/A
News (Legacy),Business Software,Outstream,United States,Desktop,N/A,$0.00  ~ $0.00 ,N/A,N/A,N/A,N/A,N/A
News (Legacy),Business Software,Outstream,United States,Mobile Web,N/A,$0.00  ~ $0.00 ,N/A,N/A,N/A,N/A,N/A
News (Legacy),Business Software,Outstream,United Kingdom,Mobile Web,N/A,$0.00  ~ $0.00 ,N/A,N/A,N/A,N/A,N/A
News (Legacy),Business Software,Instream,United Kingdom,Desktop,N/A,$0.00  ~ $0.00 ,N/A,N/A,N/A,N/A,N/A
News (Legacy),Business Software,Instream,United Kingdom,Mobile Web,N/A,$0.00  ~ $0.00 ,N/A,N/A,N/A,N/A,N/A
News (Legacy),Business Software,Interstitial,United Kingdom,Desktop,N/A,$0.00  ~ $0.00 ,N/A,N/A,N/A,N/A,N/A
News (Legacy),Business Software,Interstitial,United States,Desktop,N/A,$0.00  ~ $0.00 ,N/A,N/A,N/A,N/A,N/A
News (Legacy),Cold & Flu,Interstitial,United States,Desktop,N/A,$0.00  ~ $0.00 ,N/A,N/A,N/A,N/A,N/A
News (Legacy),Cold & Flu,Interstitial,United States,Mobile Web,N/A,$0.00  ~ $0.00 ,N/A,N/A,N/A,N/A,N/A
News (Legacy),Cold & Flu,Interstitial,United States,Tablet,N/A,$0.00  ~ $0.00 ,N/A,N/A,N/A,N/A,N/A
News (Legacy),Cold & Flu,Outstream,United States,Desktop,N/A,$0.00  ~ $0.00 ,N/A,N/A,N/A,N/A,N/A
News (Legacy),Cold & Flu,Outstream,United States,Mobile Web,N/A,$0.00  ~ $0.00 ,N/A,N/A,N/A,N/A,N/A
News (Legacy),Cold & Flu,Outstream,United States,Tablet,N/A,$0.00  ~ $0.00 ,N/A,N/A,N/A,N/A,N/A
News (Legacy),Infertility,Outstream,United States,Desktop,N/A,$0.00  ~ $0.00 ,N/A,N/A,N/A,N/A,N/A
News (Legacy),Infertility,Outstream,United States,Mobile Web,N/A,$0.00  ~ $0.00 ,N/A,N/A,N/A,N/A,N/A
News (Legacy),Infertility,Instream,United States,Desktop,N/A,$0.00  ~ $0.00 ,N/A,N/A,N/A,N/A,N/A
News (Legacy),Infertility,Interstitial,United States,Desktop,N/A,$0.00  ~ $0.00 ,N/A,N/A,N/A,N/A,N/A
News (Legacy),Job Search,Outstream,United States,Tablet,N/A,$0.00  ~ $0.00 ,N/A,N/A,N/A,N/A,N/A
News (Legacy),Job Search,Outstream,United States,Desktop,N/A,$0.00  ~ $0.00 ,N/A,N/A,N/A,N/A,N/A
News (Legacy),Job Search,Outstream,United Kingdom,Mobile Web,N/A,$0.00  ~ $0.00 ,N/A,N/A,N/A,N/A,N/A
News (Legacy),Job Search,Outstream,United Kingdom,Desktop,N/A,$0.00  ~ $0.00 ,N/A,N/A,N/A,N/A,N/A
News (Legacy),Logistics,Outstream,United Kingdom,Mobile Web,N/A,$0.00  ~ $0.00 ,N/A,N/A,N/A,N/A,N/A
News (Legacy),Logistics,Outstream,United States,Desktop,N/A,$0.00  ~ $0.00 ,N/A,N/A,N/A,N/A,N/A
News (Legacy),Apartments,Instream,United Kingdom,Desktop,N/A,$0.00  ~ $0.00 ,N/A,N/A,N/A,N/A,N/A
News (Legacy),Apartments,Outstream,United Kingdom,Desktop,N/A,$0.00  ~ $0.00 ,N/A,N/A,N/A,N/A,N/A
News (Legacy),Entertaining,Outstream,United States,Desktop,N/A,$0.00  ~ $0.00 ,N/A,N/A,N/A,N/A,N/A
News (Legacy),Chronic Pain,Outstream,Canada,Mobile Web,N/A,$0.00  ~ $0.00 ,N/A,N/A,N/A,N/A,N/A
News (Legacy),Card Games,Outstream,United States,Desktop,N/A,$0.00  ~ $0.00 ,N/A,N/A,N/A,N/A,N/A
News (Legacy),Card Games,Outstream,United States,Mobile Web,N/A,$0.00  ~ $0.00 ,N/A,N/A,N/A,N/A,N/A
News (Legacy),Card Games,Outstream,United Kingdom,Mobile Web,N/A,$0.00  ~ $0.00 ,N/A,N/A,N/A,N/A,N/A
News (Legacy),Card Games,Instream,United States,Desktop,N/A,$0.00  ~ $0.00 ,N/A,N/A,N/A,N/A,N/A
News (Legacy),Card Games,Interstitial,United States,Desktop,N/A,$0.00  ~ $0.00 ,N/A,N/A,N/A,N/A,N/A
News (Legacy),Pets,Outstream,United States,Desktop,N/A,$0.00  ~ $0.00 ,N/A,N/A,N/A,N/A,N/A
News (Legacy),Pets,Outstream,United States,Mobile Web,N/A,$0.00  ~ $0.00 ,N/A,N/A,N/A,N/A,N/A
News (Legacy),Pets,Interstitial,United States,Desktop,N/A,$0.00  ~ $0.00 ,N/A,N/A,N/A,N/A,N/A
News (Legacy),Pets,Instream,United States,Desktop,N/A,$0.00  ~ $0.00 ,N/A,N/A,N/A,N/A,N/A
News (Legacy),Pets,Instream,Canada,Desktop,N/A,$0.00  ~ $0.00 ,N/A,N/A,N/A,N/A,N/A
News (Legacy),Pets,Native,United States,Desktop,N/A,$0.00  ~ $0.00 ,N/A,N/A,N/A,N/A,N/A
News (Legacy),Clothing,Outstream,United States,Desktop,N/A,$0.00  ~ $0.00 ,N/A,N/A,N/A,N/A,N/A
News (Legacy),Clothing,Outstream,United States,Mobile Web,N/A,$0.00  ~ $0.00 ,N/A,N/A,N/A,N/A,N/A
News (Legacy),Clothing,Interstitial,United States,Desktop,N/A,$0.00  ~ $0.00 ,N/A,N/A,N/A,N/A,N/A
News (Legacy),Graduate School,Outstream,United States,Desktop,N/A,$0.00  ~ $0.00 ,N/A,N/A,N/A,N/A,N/A
News (Legacy),Graduate School,Outstream,United States,Mobile Web,N/A,$0.00  ~ $0.00 ,N/A,N/A,N/A,N/A,N/A
News (Legacy),Graduate School,Interstitial,United States,Desktop,N/A,$0.00  ~ $0.00 ,N/A,N/A,N/A,N/A,N/A
News (Legacy),Credit/Debt & Loans,Interstitial,United States,Desktop,N/A,$0.00  ~ $0.00 ,N/A,N/A,N/A,N/A,N/A
News (Legacy),Credit/Debt & Loans,Outstream,United States,Desktop,N/A,$0.00  ~ $0.00 ,N/A,N/A,N/A,N/A,N/A
News (Legacy),Credit/Debt & Loans,Outstream,United States,Mobile Web,N/A,$0.00  ~ $0.00 ,N/A,N/A,N/A,N/A,N/A
News (Legacy),Credit/Debt & Loans,Outstream,Canada,Desktop,N/A,$0.00  ~ $0.00 ,N/A,N/A,N/A,N/A,N/A
News (Legacy),Gardening,Outstream,United States,Desktop,N/A,$0.00  ~ $0.00 ,N/A,N/A,N/A,N/A,N/A
News (Legacy),Gardening,Instream,United States,Mobile Web,N/A,$0.00  ~ $0.00 ,N/A,N/A,N/A,N/A,N/A
News (Legacy),Beauty,Outstream,United States,Desktop,N/A,$0.00  ~ $0.00 ,N/A,N/A,N/A,N/A,N/A
News (Legacy),Health & Fitness,Instream,Canada,Desktop,N/A,$0.00  ~ $0.00 ,N/A,N/A,N/A,N/A,N/A
News (Legacy),Health & Fitness,Instream,United Kingdom,Desktop,N/A,$0.00  ~ $0.00 ,N/A,N/A,N/A,N/A,N/A
News (Legacy),Health & Fitness,Instream,United Kingdom,Mobile Web,N/A,$0.00  ~ $0.00 ,N/A,N/A,N/A,N/A,N/A
News (Legacy),Health & Fitness,Interstitial,United States,Desktop,N/A,$0.00  ~ $0.00 ,N/A,N/A,N/A,N/A,N/A
News (Legacy),Health & Fitness,Interstitial,United States,Mobile Web,N/A,$0.00  ~ $0.00 ,N/A,N/A,N/A,N/A,N/A
News (Legacy),Health & Fitness,Interstitial,United States,Tablet,N/A,$0.00  ~ $0.00 ,N/A,N/A,N/A,N/A,N/A
News (Legacy),Health & Fitness,Interstitial,United Kingdom,Desktop,N/A,$0.00  ~ $0.00 ,N/A,N/A,N/A,N/A,N/A
News (Legacy),Health & Fitness,Interstitial,Canada,Desktop,N/A,$0.00  ~ $0.00 ,N/A,N/A,N/A,N/A,N/A
News (Legacy),Health & Fitness,Native,United States,Desktop,N/A,$0.00  ~ $0.00 ,N/A,N/A,N/A,N/A,N/A
News (Legacy),Health & Fitness,Native,United States,Mobile Web,N/A,$0.00  ~ $0.00 ,N/A,N/A,N/A,N/A,N/A
News (Legacy),Health & Fitness,Outstream,United Kingdom,Desktop,N/A,$0.00  ~ $0.00 ,N/A,N/A,N/A,N/A,N/A
News (Legacy),Health & Fitness,Outstream,United Kingdom,Mobile Web,N/A,$0.00  ~ $0.00 ,N/A,N/A,N/A,N/A,N/A
News (Legacy),Health & Fitness,Outstream,Canada,Mobile Web,N/A,$0.00  ~ $0.00 ,N/A,N/A,N/A,N/A,N/A
News (Legacy),Health & Fitness,Outstream,Canada,Desktop,N/A,$0.00  ~ $0.00 ,N/A,N/A,N/A,N/A,N/A
News (Legacy),Hotels,Outstream,United States,Mobile Web,N/A,$0.00  ~ $0.00 ,N/A,N/A,N/A,N/A,N/A
News (Legacy),Hotels,Outstream,United States,Desktop,N/A,$0.00  ~ $0.00 ,N/A,N/A,N/A,N/A,N/A
News (Legacy),Hotels,Interstitial,United States,Desktop,N/A,$0.00  ~ $0.00 ,N/A,N/A,N/A,N/A,N/A
News (Legacy),Investing,Outstream,United States,Desktop,N/A,$0.00  ~ $0.00 ,N/A,N/A,N/A,N/A,N/A
News (Legacy),Investing,Outstream,United States,Mobile Web,N/A,$0.00  ~ $0.00 ,N/A,N/A,N/A,N/A,N/A
News (Legacy),Investing,Instream,United States,Desktop,N/A,$0.00  ~ $0.00 ,N/A,N/A,N/A,N/A,N/A
News (Legacy),Investing,Interstitial,United States,Mobile Web,N/A,$0.00  ~ $0.00 ,N/A,N/A,N/A,N/A,N/A
News (Legacy),Art/Technology,Outstream,United States,Desktop,N/A,$0.00  ~ $0.00 ,N/A,N/A,N/A,N/A,N/A
News (Legacy),Technology & Computing,Outstream,United States,Desktop,N/A,$0.00  ~ $0.00 ,N/A,N/A,N/A,N/A,N/A
News (Legacy),Technology & Computing,Outstream,United Kingdom,Desktop,N/A,$0.00  ~ $0.00 ,N/A,N/A,N/A,N/A,N/A
News (Legacy),Technology & Computing,Instream,United States,Desktop,N/A,$0.00  ~ $0.00 ,N/A,N/A,N/A,N/A,N/A
News (Legacy),Adult Education,Interstitial,United States,Desktop,N/A,$0.00  ~ $0.00 ,N/A,N/A,N/A,N/A,N/A
News (Legacy),Adult Education,Instream,United States,Desktop,N/A,$0.00  ~ $0.00 ,N/A,N/A,N/A,N/A,N/A
News (Legacy),Adult Education,Outstream,United States,Desktop,N/A,$0.00  ~ $0.00 ,N/A,N/A,N/A,N/A,N/A
News (Legacy),Travel,Native,United States,Desktop,N/A,$0.00  ~ $0.00 ,N/A,N/A,N/A,N/A,N/A
News (Legacy),Travel,Instream,United Kingdom,Desktop,N/A,$0.00  ~ $0.00 ,N/A,N/A,N/A,N/A,N/A
News (Legacy),Travel,Instream,United Kingdom,Mobile Web,N/A,$0.00  ~ $0.00 ,N/A,N/A,N/A,N/A,N/A
News (Legacy),Travel,Outstream,United States,Desktop,N/A,$0.00  ~ $0.00 ,N/A,N/A,N/A,N/A,N/A
News (Legacy),Travel,Outstream,United States,Mobile Web,N/A,$0.00  ~ $0.00 ,N/A,N/A,N/A,N/A,N/A
News (Legacy),Travel,Outstream,United Kingdom,Mobile Web,N/A,$0.00  ~ $0.00 ,N/A,N/A,N/A,N/A,N/A
News (Legacy),Travel,Outstream,United Kingdom,Desktop,N/A,$0.00  ~ $0.00 ,N/A,N/A,N/A,N/A,N/A
News (Legacy),Travel,Interstitial,United Kingdom,Desktop,N/A,$0.00  ~ $0.00 ,N/A,N/A,N/A,N/A,N/A
News (Legacy),Travel,Interstitial,United Kingdom,Mobile Web,N/A,$0.00  ~ $0.00 ,N/A,N/A,N/A,N/A,N/A
News (Legacy),Travel,Interstitial,United States,Desktop,N/A,$0.00  ~ $0.00 ,N/A,N/A,N/A,N/A,N/A
News (Legacy),News,Outstream,Canada,Mobile Web,N/A,$0.00  ~ $0.00 ,N/A,N/A,N/A,N/A,N/A
News (Legacy),News,Outstream,Canada,Desktop,N/A,$0.00  ~ $0.00 ,N/A,N/A,N/A,N/A,N/A
News (Legacy),News,Outstream,United States,Desktop,N/A,$0.00  ~ $0.00 ,N/A,N/A,N/A,N/A,N/A
News (Legacy),News,Outstream,United States,Mobile Web,N/A,$0.00  ~ $0.00 ,N/A,N/A,N/A,N/A,N/A
News (Legacy),News,Outstream,United States,Tablet,N/A,$0.00  ~ $0.00 ,N/A,N/A,N/A,N/A,N/A
News (Legacy),News,Instream,Canada,Desktop,N/A,$0.00  ~ $0.00 ,N/A,N/A,N/A,N/A,N/A
News (Legacy),News,Instream,Canada,Mobile Web,N/A,$0.00  ~ $0.00 ,N/A,N/A,N/A,N/A,N/A
News (Legacy),News,Interstitial,United States,Desktop,N/A,$0.00  ~ $0.00 ,N/A,N/A,N/A,N/A,N/A
News (Legacy),News,Interstitial,United States,Tablet,N/A,$0.00  ~ $0.00 ,N/A,N/A,N/A,N/A,N/A
News (Legacy),News,Interstitial,United States,Mobile Web,N/A,$0.00  ~ $0.00 ,N/A,N/A,N/A,N/A,N/A
News (Legacy),News,Interstitial,Canada,Desktop,N/A,$0.00  ~ $0.00 ,N/A,N/A,N/A,N/A,N/A
News (Legacy),News,Native,United States,Desktop,N/A,$0.00  ~ $0.00 ,N/A,N/A,N/A,N/A,N/A
News (Legacy),Buying/Selling Homes,Outstream,United Kingdom,Desktop,N/A,$0.00  ~ $0.00 ,N/A,N/A,N/A,N/A,N/A
News (Legacy),Buying/Selling Homes,Instream,United Kingdom,Desktop,N/A,$0.00  ~ $0.00 ,N/A,N/A,N/A,N/A,N/A
News (Legacy),Pro Ice Hockey,Instream,Canada,Desktop,N/A,$0.00  ~ $0.00 ,N/A,N/A,N/A,N/A,N/A
News (Legacy),Pro Ice Hockey,Instream,Canada,Mobile Web,N/A,$0.00  ~ $0.00 ,N/A,N/A,N/A,N/A,N/A
News (Legacy),Pro Ice Hockey,Interstitial,Canada,Desktop,N/A,$0.00  ~ $0.00 ,N/A,N/A,N/A,N/A,N/A
News (Legacy),Pro Ice Hockey,Outstream,Canada,Desktop,N/A,$0.00  ~ $0.00 ,N/A,N/A,N/A,N/A,N/A
News (Legacy),Cancer,Interstitial,Canada,Desktop,N/A,$0.00  ~ $0.00 ,N/A,N/A,N/A,N/A,N/A
News (Legacy),Arthritis,Outstream,United States,Mobile Web,N/A,$0.00  ~ $0.00 ,N/A,N/A,N/A,N/A,N/A
News (Legacy),Private School,Outstream,United States,Desktop,N/A,$0.00  ~ $0.00 ,N/A,N/A,N/A,N/A,N/A
News (Legacy),Private School,Outstream,United States,Mobile Web,N/A,$0.00  ~ $0.00 ,N/A,N/A,N/A,N/A,N/A
News (Legacy),Private School,Interstitial,United States,Desktop,N/A,$0.00  ~ $0.00 ,N/A,N/A,N/A,N/A,N/A
News (Legacy),Private School,Instream,United States,Desktop,N/A,$0.00  ~ $0.00 ,N/A,N/A,N/A,N/A,N/A
News (Legacy),Commentary,Interstitial,United States,Desktop,N/A,$0.00  ~ $0.00 ,N/A,N/A,N/A,N/A,N/A
News (Legacy),Commentary,Outstream,United States,Desktop,N/A,$0.00  ~ $0.00 ,N/A,N/A,N/A,N/A,N/A
News (Legacy),Commentary,Outstream,United States,Mobile Web,N/A,$0.00  ~ $0.00 ,N/A,N/A,N/A,N/A,N/A
News (Legacy),Commentary,Outstream,United States,Tablet,N/A,$0.00  ~ $0.00 ,N/A,N/A,N/A,N/A,N/A
News (Legacy),Career Planning,Outstream,United States,Desktop,N/A,$0.00  ~ $0.00 ,N/A,N/A,N/A,N/A,N/A
News (Legacy),Pediatrics,Outstream,United States,Desktop,N/A,$0.00  ~ $0.00 ,N/A,N/A,N/A,N/A,N/A
News (Legacy),Pediatrics,Outstream,United States,Mobile Web,N/A,$0.00  ~ $0.00 ,N/A,N/A,N/A,N/A,N/A
News (Legacy),Pediatrics,Interstitial,United States,Desktop,N/A,$0.00  ~ $0.00 ,N/A,N/A,N/A,N/A,N/A
News (Legacy),Business,Outstream,United Kingdom,Mobile Web,N/A,$0.00  ~ $0.00 ,N/A,N/A,N/A,N/A,N/A
News (Legacy),Business,Outstream,United Kingdom,Tablet,N/A,$0.00  ~ $0.00 ,N/A,N/A,N/A,N/A,N/A
News (Legacy),Business,Outstream,United Kingdom,Desktop,N/A,$0.00  ~ $0.00 ,N/A,N/A,N/A,N/A,N/A
News (Legacy),Business,Outstream,Mexico,Desktop,N/A,$0.00  ~ $0.00 ,N/A,N/A,N/A,N/A,N/A
News (Legacy),Business,Outstream,Mexico,Mobile Web,N/A,$0.00  ~ $0.00 ,N/A,N/A,N/A,N/A,N/A
News (Legacy),Business,Outstream,Canada,Desktop,N/A,$0.00  ~ $0.00 ,N/A,N/A,N/A,N/A,N/A
News (Legacy),Business,Outstream,Canada,Mobile Web,N/A,$0.00  ~ $0.00 ,N/A,N/A,N/A,N/A,N/A
News (Legacy),Business,Outstream,Canada,Tablet,N/A,$0.00  ~ $0.00 ,N/A,N/A,N/A,N/A,N/A
News (Legacy),Business,Outstream,Ireland,Desktop,N/A,$0.00  ~ $0.00 ,N/A,N/A,N/A,N/A,N/A
News (Legacy),Business,Instream,United Kingdom,Mobile Web,N/A,$0.00  ~ $0.00 ,N/A,N/A,N/A,N/A,N/A
News (Legacy),Business,Instream,United Kingdom,Desktop,N/A,$0.00  ~ $0.00 ,N/A,N/A,N/A,N/A,N/A
News (Legacy),Business,Instream,Mexico,Desktop,N/A,$0.00  ~ $0.00 ,N/A,N/A,N/A,N/A,N/A
News (Legacy),Business,Instream,Canada,Desktop,N/A,$0.00  ~ $0.00 ,N/A,N/A,N/A,N/A,N/A
News (Legacy),Business,Interstitial,United States,Desktop,N/A,$0.00  ~ $0.00 ,N/A,N/A,N/A,N/A,N/A
News (Legacy),Business,Interstitial,United States,Mobile Web,N/A,$0.00  ~ $0.00 ,N/A,N/A,N/A,N/A,N/A
News (Legacy),Business,Interstitial,United States,Tablet,N/A,$0.00  ~ $0.00 ,N/A,N/A,N/A,N/A,N/A
News (Legacy),Business,Interstitial,Canada,Desktop,N/A,$0.00  ~ $0.00 ,N/A,N/A,N/A,N/A,N/A
News (Legacy),Business,Interstitial,Canada,Mobile Web,N/A,$0.00  ~ $0.00 ,N/A,N/A,N/A,N/A,N/A
News (Legacy),Business,Interstitial,United Kingdom,Desktop,N/A,$0.00  ~ $0.00 ,N/A,N/A,N/A,N/A,N/A
News (Legacy),Business,Interstitial,United Kingdom,Mobile Web,N/A,$0.00  ~ $0.00 ,N/A,N/A,N/A,N/A,N/A
News (Legacy),Business,Native,United States,Mobile Web,N/A,$0.00  ~ $0.00 ,N/A,N/A,N/A,N/A,N/A
News (Legacy),Business,Native,United States,Desktop,N/A,$0.00  ~ $0.00 ,N/A,N/A,N/A,N/A,N/A
News (Legacy),Business,Native,United Kingdom,Desktop,N/A,$0.00  ~ $0.00 ,N/A,N/A,N/A,N/A,N/A
News (Legacy),Business,Native,Canada,Desktop,N/A,$0.00  ~ $0.00 ,N/A,N/A,N/A,N/A,N/A
News (Legacy),Business,Native,Mexico,Desktop,N/A,$0.00  ~ $0.00 ,N/A,N/A,N/A,N/A,N/A
News (Legacy),Green Solutions,Outstream,United States,Desktop,N/A,$0.00  ~ $0.00 ,N/A,N/A,N/A,N/A,N/A
News (Legacy),Green Solutions,Outstream,United States,Mobile Web,N/A,$0.00  ~ $0.00 ,N/A,N/A,N/A,N/A,N/A
News (Legacy),Green Solutions,Outstream,United Kingdom,Mobile Web,N/A,$0.00  ~ $0.00 ,N/A,N/A,N/A,N/A,N/A
News (Legacy),Green Solutions,Outstream,United Kingdom,Desktop,N/A,$0.00  ~ $0.00 ,N/A,N/A,N/A,N/A,N/A
News (Legacy),Green Solutions,Instream,United States,Desktop,N/A,$0.00  ~ $0.00 ,N/A,N/A,N/A,N/A,N/A
News (Legacy),Computer Peripherals,Outstream,United States,Desktop,N/A,$0.00  ~ $0.00 ,N/A,N/A,N/A,N/A,N/A
News (Legacy),Computer Peripherals,Outstream,Ireland,Desktop,N/A,$0.00  ~ $0.00 ,N/A,N/A,N/A,N/A,N/A
News (Legacy),Computer Peripherals,Outstream,United Kingdom,Desktop,N/A,$0.00  ~ $0.00 ,N/A,N/A,N/A,N/A,N/A
News (Legacy),Computer Peripherals,Instream,United Kingdom,Desktop,N/A,$0.00  ~ $0.00 ,N/A,N/A,N/A,N/A,N/A
News (Legacy),Computer Peripherals,Interstitial,United Kingdom,Mobile Web,N/A,$0.00  ~ $0.00 ,N/A,N/A,N/A,N/A,N/A
News (Legacy),Cocktails/Beer,Instream,United States,Desktop,N/A,$0.00  ~ $0.00 ,N/A,N/A,N/A,N/A,N/A
News (Legacy),Cocktails/Beer,Outstream,United States,Desktop,N/A,$0.00  ~ $0.00 ,N/A,N/A,N/A,N/A,N/A
News (Legacy),Education,Outstream,United Kingdom,Desktop,N/A,$0.00  ~ $0.00 ,N/A,N/A,N/A,N/A,N/A
News (Legacy),Education,Outstream,United Kingdom,Mobile Web,N/A,$0.00  ~ $0.00 ,N/A,N/A,N/A,N/A,N/A
News (Legacy),Education,Interstitial,United States,Mobile Web,N/A,$0.00  ~ $0.00 ,N/A,N/A,N/A,N/A,N/A
News (Legacy),Education,Interstitial,United States,Tablet,N/A,$0.00  ~ $0.00 ,N/A,N/A,N/A,N/A,N/A
News (Legacy),Education,Interstitial,United States,Desktop,N/A,$0.00  ~ $0.00 ,N/A,N/A,N/A,N/A,N/A
News (Legacy),Education,Interstitial,United Kingdom,Desktop,N/A,$0.00  ~ $0.00 ,N/A,N/A,N/A,N/A,N/A
News (Legacy),Education,Instream,United Kingdom,Desktop,N/A,$0.00  ~ $0.00 ,N/A,N/A,N/A,N/A,N/A
News (Legacy),Education,Native,United States,Desktop,N/A,$0.00  ~ $0.00 ,N/A,N/A,N/A,N/A,N/A
News (Legacy),Biotech/Biomedical,Instream,United States,Mobile Web,N/A,$0.00  ~ $0.00 ,N/A,N/A,N/A,N/A,N/A
News (Legacy),Biotech/Biomedical,Interstitial,United States,Desktop,N/A,$0.00  ~ $0.00 ,N/A,N/A,N/A,N/A,N/A
News (Legacy),Biotech/Biomedical,Outstream,United States,Desktop,N/A,$0.00  ~ $0.00 ,N/A,N/A,N/A,N/A,N/A
News (Legacy),Biotech/Biomedical,Outstream,United States,Mobile Web,N/A,$0.00  ~ $0.00 ,N/A,N/A,N/A,N/A,N/A
News (Legacy),Psychology/Psychiatry,Outstream,United States,Desktop,N/A,$0.00  ~ $0.00 ,N/A,N/A,N/A,N/A,N/A
News (Legacy),Psychology/Psychiatry,Outstream,United States,Mobile Web,N/A,$0.00  ~ $0.00 ,N/A,N/A,N/A,N/A,N/A
News (Legacy),Psychology/Psychiatry,Interstitial,United States,Desktop,N/A,$0.00  ~ $0.00 ,N/A,N/A,N/A,N/A,N/A
News (Legacy),K-6 Educators,Outstream,United States,Desktop,N/A,$0.00  ~ $0.00 ,N/A,N/A,N/A,N/A,N/A
News (Legacy),K-6 Educators,Outstream,United States,Mobile Web,N/A,$0.00  ~ $0.00 ,N/A,N/A,N/A,N/A,N/A
News (Legacy),K-6 Educators,Outstream,United States,Tablet,N/A,$0.00  ~ $0.00 ,N/A,N/A,N/A,N/A,N/A
News (Legacy),K-6 Educators,Instream,United States,Desktop,N/A,$0.00  ~ $0.00 ,N/A,N/A,N/A,N/A,N/A
News (Legacy),K-6 Educators,Interstitial,United States,Desktop,N/A,$0.00  ~ $0.00 ,N/A,N/A,N/A,N/A,N/A
News (Legacy),K-6 Educators,Interstitial,United States,Tablet,N/A,$0.00  ~ $0.00 ,N/A,N/A,N/A,N/A,N/A
News (Legacy),Advertising,Outstream,United States,Desktop,N/A,$0.00  ~ $0.00 ,N/A,N/A,N/A,N/A,N/A
News (Legacy),Advertising,Outstream,United States,Mobile Web,N/A,$0.00  ~ $0.00 ,N/A,N/A,N/A,N/A,N/A
News (Legacy),Advertising,Outstream,United Kingdom,Mobile Web,N/A,$0.00  ~ $0.00 ,N/A,N/A,N/A,N/A,N/A
News (Legacy),Advertising,Interstitial,United States,Desktop,N/A,$0.00  ~ $0.00 ,N/A,N/A,N/A,N/A,N/A
News (Legacy),Advertising,Interstitial,United States,Mobile Web,N/A,$0.00  ~ $0.00 ,N/A,N/A,N/A,N/A,N/A
News (Legacy),Advertising,Instream,United States,Desktop,N/A,$0.00  ~ $0.00 ,N/A,N/A,N/A,N/A,N/A
News (Legacy),Advertising,Native,United States,Mobile Web,N/A,$0.00  ~ $0.00 ,N/A,N/A,N/A,N/A,N/A
News (Legacy),Hobbies & Interests,Outstream,United Kingdom,Mobile Web,N/A,$0.00  ~ $0.00 ,N/A,N/A,N/A,N/A,N/A
News (Legacy),Hobbies & Interests,Outstream,United Kingdom,Desktop,N/A,$0.00  ~ $0.00 ,N/A,N/A,N/A,N/A,N/A
News (Legacy),Hobbies & Interests,Instream,United Kingdom,Mobile Web,N/A,$0.00  ~ $0.00 ,N/A,N/A,N/A,N/A,N/A
News (Legacy),Hobbies & Interests,Interstitial,United States,Desktop,N/A,$0.00  ~ $0.00 ,N/A,N/A,N/A,N/A,N/A
News (Legacy),Hobbies & Interests,Native,Canada,Desktop,N/A,$0.00  ~ $0.00 ,N/A,N/A,N/A,N/A,N/A
News (Legacy),Hobbies & Interests,Native,United Kingdom,Desktop,N/A,$0.00  ~ $0.00 ,N/A,N/A,N/A,N/A,N/A
News (Legacy),Family & Parenting,Outstream,United States,Desktop,N/A,$0.00  ~ $0.00 ,N/A,N/A,N/A,N/A,N/A
News (Legacy),Family & Parenting,Outstream,United States,Mobile Web,N/A,$0.00  ~ $0.00 ,N/A,N/A,N/A,N/A,N/A
News (Legacy),Family & Parenting,Outstream,United Kingdom,Desktop,N/A,$0.00  ~ $0.00 ,N/A,N/A,N/A,N/A,N/A
News (Legacy),Family & Parenting,Outstream,United Kingdom,Mobile Web,N/A,$0.00  ~ $0.00 ,N/A,N/A,N/A,N/A,N/A
News (Legacy),Family & Parenting,Interstitial,United States,Tablet,N/A,$0.00  ~ $0.00 ,N/A,N/A,N/A,N/A,N/A
News (Legacy),Family & Parenting,Interstitial,United States,Desktop,N/A,$0.00  ~ $0.00 ,N/A,N/A,N/A,N/A,N/A
News (Legacy),Buying/Selling Cars,Outstream,United States,Desktop,N/A,$0.00  ~ $0.00 ,N/A,N/A,N/A,N/A,N/A
News (Legacy),Buying/Selling Cars,Outstream,United States,Tablet,N/A,$0.00  ~ $0.00 ,N/A,N/A,N/A,N/A,N/A
News (Legacy),Buying/Selling Cars,Interstitial,United States,Desktop,N/A,$0.00  ~ $0.00 ,N/A,N/A,N/A,N/A,N/A
News (Legacy),Football,Interstitial,United States,Desktop,N/A,$0.00  ~ $0.00 ,N/A,N/A,N/A,N/A,N/A
News (Legacy),Football,Outstream,United States,Desktop,N/A,$0.00  ~ $0.00 ,N/A,N/A,N/A,N/A,N/A
News (Legacy),Health/Lowfat Cooking,Outstream,United States,Desktop,N/A,$0.00  ~ $0.00 ,N/A,N/A,N/A,N/A,N/A
News (Legacy),Health/Lowfat Cooking,Outstream,United States,Mobile Web,N/A,$0.00  ~ $0.00 ,N/A,N/A,N/A,N/A,N/A
News (Legacy),Theme Parks,Outstream,United States,Desktop,N/A,$0.00  ~ $0.00 ,N/A,N/A,N/A,N/A,N/A
News (Legacy),Metals,Interstitial,United States,Desktop,N/A,$0.00  ~ $0.00 ,N/A,N/A,N/A,N/A,N/A
News (Legacy),Metals,Outstream,United States,Mobile Web,N/A,$0.00  ~ $0.00 ,N/A,N/A,N/A,N/A,N/A
News (Legacy),Metals,Outstream,United States,Tablet,N/A,$0.00  ~ $0.00 ,N/A,N/A,N/A,N/A,N/A
News (Legacy),Metals,Outstream,United States,Desktop,N/A,$0.00  ~ $0.00 ,N/A,N/A,N/A,N/A,N/A
News (Legacy),Metals,Outstream,United Kingdom,Desktop,N/A,$0.00  ~ $0.00 ,N/A,N/A,N/A,N/A,N/A
News (Legacy),Metals,Instream,United States,Desktop,N/A,$0.00  ~ $0.00 ,N/A,N/A,N/A,N/A,N/A
News (Legacy),Metals,Instream,Canada,Desktop,N/A,$0.00  ~ $0.00 ,N/A,N/A,N/A,N/A,N/A
News (Legacy),Contests & Freebies,Outstream,United States,Desktop,N/A,$0.00  ~ $0.00 ,N/A,N/A,N/A,N/A,N/A
News (Legacy),Shopping,Outstream,Ireland,Mobile Web,N/A,$0.00  ~ $0.00 ,N/A,N/A,N/A,N/A,N/A
News (Legacy),Shopping,Outstream,Ireland,Desktop,N/A,$0.00  ~ $0.00 ,N/A,N/A,N/A,N/A,N/A
News (Legacy),Shopping,Outstream,United Kingdom,Desktop,N/A,$0.00  ~ $0.00 ,N/A,N/A,N/A,N/A,N/A
News (Legacy),Shopping,Outstream,United Kingdom,Mobile Web,N/A,$0.00  ~ $0.00 ,N/A,N/A,N/A,N/A,N/A
News (Legacy),Shopping,Outstream,Canada,Mobile Web,N/A,$0.00  ~ $0.00 ,N/A,N/A,N/A,N/A,N/A
News (Legacy),Shopping,Outstream,Canada,Desktop,N/A,$0.00  ~ $0.00 ,N/A,N/A,N/A,N/A,N/A
News (Legacy),Shopping,Instream,United Kingdom,Desktop,N/A,$0.00  ~ $0.00 ,N/A,N/A,N/A,N/A,N/A
News (Legacy),Shopping,Instream,United Kingdom,Mobile Web,N/A,$0.00  ~ $0.00 ,N/A,N/A,N/A,N/A,N/A
News (Legacy),Shopping,Instream,Ireland,Mobile Web,N/A,$0.00  ~ $0.00 ,N/A,N/A,N/A,N/A,N/A
News (Legacy),Shopping,Instream,Canada,Desktop,N/A,$0.00  ~ $0.00 ,N/A,N/A,N/A,N/A,N/A
News (Legacy),Shopping,Interstitial,United Kingdom,Desktop,N/A,$0.00  ~ $0.00 ,N/A,N/A,N/A,N/A,N/A
News (Legacy),Shopping,Interstitial,United Kingdom,Mobile Web,N/A,$0.00  ~ $0.00 ,N/A,N/A,N/A,N/A,N/A
News (Legacy),Shopping,Interstitial,United States,Desktop,N/A,$0.00  ~ $0.00 ,N/A,N/A,N/A,N/A,N/A
News (Legacy),Shopping,Interstitial,United States,Mobile Web,N/A,$0.00  ~ $0.00 ,N/A,N/A,N/A,N/A,N/A
News (Legacy),Shopping,Interstitial,Canada,Desktop,N/A,$0.00  ~ $0.00 ,N/A,N/A,N/A,N/A,N/A
News (Legacy),Home & Garden,Outstream,United Kingdom,Desktop,N/A,$0.00  ~ $0.00 ,N/A,N/A,N/A,N/A,N/A
News (Legacy),Home & Garden,Outstream,United Kingdom,Mobile Web,N/A,$0.00  ~ $0.00 ,N/A,N/A,N/A,N/A,N/A
News (Legacy),Home & Garden,Outstream,Canada,Mobile Web,N/A,$0.00  ~ $0.00 ,N/A,N/A,N/A,N/A,N/A
News (Legacy),Home & Garden,Outstream,Canada,Desktop,N/A,$0.00  ~ $0.00 ,N/A,N/A,N/A,N/A,N/A
News (Legacy),Home & Garden,Interstitial,United States,Desktop,N/A,$0.00  ~ $0.00 ,N/A,N/A,N/A,N/A,N/A
News (Legacy),Home & Garden,Interstitial,United States,Mobile Web,N/A,$0.00  ~ $0.00 ,N/A,N/A,N/A,N/A,N/A
News (Legacy),Home & Garden,Interstitial,United States,Tablet,N/A,$0.00  ~ $0.00 ,N/A,N/A,N/A,N/A,N/A
News (Legacy),Home & Garden,Interstitial,United Kingdom,Desktop,N/A,$0.00  ~ $0.00 ,N/A,N/A,N/A,N/A,N/A
News (Legacy),Automotive,Outstream,United States,Tablet,N/A,$0.00  ~ $0.00 ,N/A,N/A,N/A,N/A,N/A
News (Legacy),Automotive,Outstream,Mexico,Desktop,N/A,$0.00  ~ $0.00 ,N/A,N/A,N/A,N/A,N/A
News (Legacy),Automotive,Outstream,United Kingdom,Desktop,N/A,$0.00  ~ $0.00 ,N/A,N/A,N/A,N/A,N/A
News (Legacy),Automotive,Instream,Canada,Desktop,N/A,$0.00  ~ $0.00 ,N/A,N/A,N/A,N/A,N/A
News (Legacy),Automotive,Interstitial,United States,Desktop,N/A,$0.00  ~ $0.00 ,N/A,N/A,N/A,N/A,N/A
News (Legacy),Automotive,Native,United States,Desktop,N/A,$0.00  ~ $0.00 ,N/A,N/A,N/A,N/A,N/A
News (Legacy),Legal Issues,Instream,Canada,Desktop,N/A,$0.00  ~ $0.00 ,N/A,N/A,N/A,N/A,N/A
News (Legacy),Legal Issues,Outstream,United States,Desktop,N/A,$0.00  ~ $0.00 ,N/A,N/A,N/A,N/A,N/A
News (Legacy),Legal Issues,Outstream,United Kingdom,Mobile Web,N/A,$0.00  ~ $0.00 ,N/A,N/A,N/A,N/A,N/A
News (Legacy),Legal Issues,Outstream,United Kingdom,Desktop,N/A,$0.00  ~ $0.00 ,N/A,N/A,N/A,N/A,N/A
News (Legacy),Legal Issues,Interstitial,United States,Desktop,N/A,$0.00  ~ $0.00 ,N/A,N/A,N/A,N/A,N/A
News (Legacy),Legal Issues,Interstitial,United States,Mobile Web,N/A,$0.00  ~ $0.00 ,N/A,N/A,N/A,N/A,N/A
News (Legacy),Legal Issues,Interstitial,Canada,Desktop,N/A,$0.00  ~ $0.00 ,N/A,N/A,N/A,N/A,N/A
News (Legacy),College,Outstream,United States,Desktop,N/A,$0.00  ~ $0.00 ,N/A,N/A,N/A,N/A,N/A
News (Legacy),College,Outstream,United States,Mobile Web,N/A,$0.00  ~ $0.00 ,N/A,N/A,N/A,N/A,N/A
News (Legacy),College,Outstream,Canada,Desktop,N/A,$0.00  ~ $0.00 ,N/A,N/A,N/A,N/A,N/A
News (Legacy),College,Interstitial,United States,Desktop,N/A,$0.00  ~ $0.00 ,N/A,N/A,N/A,N/A,N/A
News (Legacy),Cruises,Outstream,United States,Desktop,N/A,$0.00  ~ $0.00 ,N/A,N/A,N/A,N/A,N/A
News (Legacy),Cruises,Outstream,United States,Mobile Web,N/A,$0.00  ~ $0.00 ,N/A,N/A,N/A,N/A,N/A
News (Legacy),Cruises,Instream,United States,Desktop,N/A,$0.00  ~ $0.00 ,N/A,N/A,N/A,N/A,N/A
News (Legacy),Cruises,Interstitial,United States,Desktop,N/A,$0.00  ~ $0.00 ,N/A,N/A,N/A,N/A,N/A
News (Legacy),"Law, Gov't & Politics",Interstitial,United States,Mobile Web,N/A,$0.00  ~ $0.00 ,N/A,N/A,N/A,N/A,N/A
News (Legacy),"Law, Gov't & Politics",Interstitial,United States,Desktop,N/A,$0.00  ~ $0.00 ,N/A,N/A,N/A,N/A,N/A
News (Legacy),"Law, Gov't & Politics",Interstitial,Canada,Desktop,N/A,$0.00  ~ $0.00 ,N/A,N/A,N/A,N/A,N/A
News (Legacy),"Law, Gov't & Politics",Native,United States,Mobile Web,N/A,$0.00  ~ $0.00 ,N/A,N/A,N/A,N/A,N/A
News (Legacy),"Law, Gov't & Politics",Outstream,Mexico,Desktop,N/A,$0.00  ~ $0.00 ,N/A,N/A,N/A,N/A,N/A
News (Legacy),"Law, Gov't & Politics",Outstream,Mexico,Mobile Web,N/A,$0.00  ~ $0.00 ,N/A,N/A,N/A,N/A,N/A
News (Legacy),"Law, Gov't & Politics",Instream,Mexico,Desktop,N/A,$0.00  ~ $0.00 ,N/A,N/A,N/A,N/A,N/A
News (Legacy),Real Estate,Native,United States,Desktop,N/A,$0.00  ~ $0.00 ,N/A,N/A,N/A,N/A,N/A
News (Legacy),Real Estate,Native,United Kingdom,Desktop,N/A,$0.00  ~ $0.00 ,N/A,N/A,N/A,N/A,N/A
News (Legacy),Real Estate,Outstream,United States,Desktop,N/A,$0.00  ~ $0.00 ,N/A,N/A,N/A,N/A,N/A
News (Legacy),Real Estate,Outstream,United States,Mobile Web,N/A,$0.00  ~ $0.00 ,N/A,N/A,N/A,N/A,N/A
News (Legacy),Real Estate,Outstream,United Kingdom,Desktop,N/A,$0.00  ~ $0.00 ,N/A,N/A,N/A,N/A,N/A
News (Legacy),Real Estate,Outstream,United Kingdom,Mobile Web,N/A,$0.00  ~ $0.00 ,N/A,N/A,N/A,N/A,N/A
News (Legacy),Real Estate,Instream,United States,Desktop,N/A,$0.00  ~ $0.00 ,N/A,N/A,N/A,N/A,N/A
News (Legacy),Real Estate,Instream,United States,Mobile Web,N/A,$0.00  ~ $0.00 ,N/A,N/A,N/A,N/A,N/A
News (Legacy),Real Estate,Instream,Canada,Desktop,N/A,$0.00  ~ $0.00 ,N/A,N/A,N/A,N/A,N/A
News (Legacy),Real Estate,Interstitial,United States,Desktop,N/A,$0.00  ~ $0.00 ,N/A,N/A,N/A,N/A,N/A
News (Legacy),Careers,Native,United States,Desktop,N/A,$0.00  ~ $0.00 ,N/A,N/A,N/A,N/A,N/A
News (Legacy),Careers,Native,United States,Tablet,N/A,$0.00  ~ $0.00 ,N/A,N/A,N/A,N/A,N/A
News (Legacy),Careers,Outstream,Canada,Desktop,N/A,$0.00  ~ $0.00 ,N/A,N/A,N/A,N/A,N/A
News (Legacy),Careers,Outstream,United Kingdom,Desktop,N/A,$0.00  ~ $0.00 ,N/A,N/A,N/A,N/A,N/A
News (Legacy),Careers,Outstream,United States,Desktop,N/A,$0.00  ~ $0.00 ,N/A,N/A,N/A,N/A,N/A
News (Legacy),Careers,Outstream,United States,Mobile Web,N/A,$0.00  ~ $0.00 ,N/A,N/A,N/A,N/A,N/A
News (Legacy),Careers,Instream,Canada,Desktop,N/A,$0.00  ~ $0.00 ,N/A,N/A,N/A,N/A,N/A
News (Legacy),Careers,Interstitial,United States,Desktop,N/A,$0.00  ~ $0.00 ,N/A,N/A,N/A,N/A,N/A
News (Legacy),Careers,Interstitial,United Kingdom,Mobile Web,N/A,$0.00  ~ $0.00 ,N/A,N/A,N/A,N/A,N/A
News (Legacy),Dogs,Instream,Canada,Desktop,N/A,$0.00  ~ $0.00 ,N/A,N/A,N/A,N/A,N/A
News (Legacy),Personal Finance,Outstream,United Kingdom,Desktop,N/A,$0.00  ~ $0.00 ,N/A,N/A,N/A,N/A,N/A
News (Legacy),Personal Finance,Outstream,Canada,Desktop,N/A,$0.00  ~ $0.00 ,N/A,N/A,N/A,N/A,N/A
News (Legacy),Personal Finance,Outstream,Canada,Mobile Web,N/A,$0.00  ~ $0.00 ,N/A,N/A,N/A,N/A,N/A
News (Legacy),Personal Finance,Outstream,Mexico,Desktop,N/A,$0.00  ~ $0.00 ,N/A,N/A,N/A,N/A,N/A
News (Legacy),Personal Finance,Interstitial,United Kingdom,Desktop,N/A,$0.00  ~ $0.00 ,N/A,N/A,N/A,N/A,N/A
News (Legacy),Personal Finance,Interstitial,United States,Desktop,N/A,$0.00  ~ $0.00 ,N/A,N/A,N/A,N/A,N/A
News (Legacy),Personal Finance,Interstitial,Canada,Desktop,N/A,$0.00  ~ $0.00 ,N/A,N/A,N/A,N/A,N/A
News (Legacy),Personal Finance,Instream,Mexico,Desktop,N/A,$0.00  ~ $0.00 ,N/A,N/A,N/A,N/A,N/A
News (Legacy),Personal Finance,Instream,United Kingdom,Desktop,N/A,$0.00  ~ $0.00 ,N/A,N/A,N/A,N/A,N/A
News (Legacy),Personal Finance,Instream,United Kingdom,Mobile Web,N/A,$0.00  ~ $0.00 ,N/A,N/A,N/A,N/A,N/A
News (Legacy),Personal Finance,Native,United States,Mobile Web,N/A,$0.00  ~ $0.00 ,N/A,N/A,N/A,N/A,N/A
News (Legacy),Personal Finance,Native,United States,Desktop,N/A,$0.00  ~ $0.00 ,N/A,N/A,N/A,N/A,N/A
News (Legacy),Interior Decorating,Outstream,United States,Desktop,N/A,$0.00  ~ $0.00 ,N/A,N/A,N/A,N/A,N/A
News (Legacy),Interior Decorating,Outstream,United States,Mobile Web,N/A,$0.00  ~ $0.00 ,N/A,N/A,N/A,N/A,N/A
News (Legacy),Interior Decorating,Outstream,United States,Tablet,N/A,$0.00  ~ $0.00 ,N/A,N/A,N/A,N/A,N/A
News (Legacy),Interior Decorating,Interstitial,United States,Desktop,N/A,$0.00  ~ $0.00 ,N/A,N/A,N/A,N/A,N/A
News (Legacy),Interior Decorating,Interstitial,United States,Tablet,N/A,$0.00  ~ $0.00 ,N/A,N/A,N/A,N/A,N/A
News (Legacy),Interior Decorating,Interstitial,United States,Mobile Web,N/A,$0.00  ~ $0.00 ,N/A,N/A,N/A,N/A,N/A
News (Legacy),Interior Decorating,Native,United States,Mobile Web,N/A,$0.00  ~ $0.00 ,N/A,N/A,N/A,N/A,N/A
News (Legacy),Mutual Funds,Outstream,United States,Desktop,N/A,$0.00  ~ $0.00 ,N/A,N/A,N/A,N/A,N/A
News (Legacy),Mutual Funds,Instream,United States,Desktop,N/A,$0.00  ~ $0.00 ,N/A,N/A,N/A,N/A,N/A
News (Legacy),Home Repair,Outstream,United States,Mobile Web,N/A,$0.00  ~ $0.00 ,N/A,N/A,N/A,N/A,N/A
News (Legacy),Home Repair,Interstitial,United States,Desktop,N/A,$0.00  ~ $0.00 ,N/A,N/A,N/A,N/A,N/A
News (Legacy),Home Repair,Native,United States,Desktop,N/A,$0.00  ~ $0.00 ,N/A,N/A,N/A,N/A,N/A
News (Legacy),Politics,Outstream,United States,Mobile Web,N/A,$0.00  ~ $0.00 ,N/A,N/A,N/A,N/A,N/A
News (Legacy),Politics,Interstitial,United States,Desktop,N/A,$0.00  ~ $0.00 ,N/A,N/A,N/A,N/A,N/A
News (Legacy),Politics,Interstitial,United States,Tablet,N/A,$0.00  ~ $0.00 ,N/A,N/A,N/A,N/A,N/A
News (Legacy),Air Travel,Outstream,United States,Mobile Web,N/A,$0.00  ~ $0.00 ,N/A,N/A,N/A,N/A,N/A
News (Legacy),Air Travel,Outstream,United States,Desktop,N/A,$0.00  ~ $0.00 ,N/A,N/A,N/A,N/A,N/A
News (Legacy),Air Travel,Native,United States,Mobile Web,N/A,$0.00  ~ $0.00 ,N/A,N/A,N/A,N/A,N/A
News (Legacy),Senior Living,Interstitial,United States,Mobile Web,N/A,$0.00  ~ $0.00 ,N/A,N/A,N/A,N/A,N/A
News (Legacy),Senior Living,Interstitial,United States,Desktop,N/A,$0.00  ~ $0.00 ,N/A,N/A,N/A,N/A,N/A
News (Legacy),Senior Living,Outstream,United States,Desktop,N/A,$0.00  ~ $0.00 ,N/A,N/A,N/A,N/A,N/A
News (Legacy),Exercise,Outstream,United States,Desktop,N/A,$0.00  ~ $0.00 ,N/A,N/A,N/A,N/A,N/A
News (Legacy),Exercise,Outstream,United States,Mobile Web,N/A,$0.00  ~ $0.00 ,N/A,N/A,N/A,N/A,N/A
News (Legacy),Exercise,Native,United States,Desktop,N/A,$0.00  ~ $0.00 ,N/A,N/A,N/A,N/A,N/A
News (Legacy),By US Locale,Outstream,United States,Desktop,N/A,$0.00  ~ $0.00 ,N/A,N/A,N/A,N/A,N/A
News (Legacy),By US Locale,Interstitial,United States,Desktop,N/A,$0.00  ~ $0.00 ,N/A,N/A,N/A,N/A,N/A
News (Legacy),By US Locale,Instream,United States,Desktop,N/A,$0.00  ~ $0.00 ,N/A,N/A,N/A,N/A,N/A
News (Legacy),Mountain Biking,Outstream,United States,Mobile Web,N/A,$0.00  ~ $0.00 ,N/A,N/A,N/A,N/A,N/A
News (Legacy),Auto Repair,Interstitial,United States,Desktop,N/A,$0.00  ~ $0.00 ,N/A,N/A,N/A,N/A,N/A
News (Legacy),Auto Repair,Outstream,United States,Desktop,N/A,$0.00  ~ $0.00 ,N/A,N/A,N/A,N/A,N/A
News (Legacy),Investors & Patents,Instream,United States,Desktop,1,$0.00  ~ $0.00 ,N/A,N/A,N/A,N/A,N/A
News (Legacy),Investors & Patents,Outstream,United States,Desktop,N/A,$0.00  ~ $0.00 ,N/A,N/A,N/A,N/A,N/A
News (Legacy),Food & Drink,Outstream,United States,Tablet,N/A,$0.00  ~ $0.00 ,N/A,N/A,N/A,N/A,N/A
News (Legacy),Food & Drink,Outstream,United States,Desktop,N/A,$0.00  ~ $0.00 ,N/A,N/A,N/A,N/A,N/A
News (Legacy),Food & Drink,Outstream,United Kingdom,Mobile Web,N/A,$0.00  ~ $0.00 ,N/A,N/A,N/A,N/A,N/A
News (Legacy),Food & Drink,Outstream,United Kingdom,Desktop,N/A,$0.00  ~ $0.00 ,N/A,N/A,N/A,N/A,N/A
News (Legacy),Food & Drink,Interstitial,United States,Desktop,N/A,$0.00  ~ $0.00 ,N/A,N/A,N/A,N/A,N/A
News (Legacy),Food & Drink,Interstitial,United States,Mobile Web,N/A,$0.00  ~ $0.00 ,N/A,N/A,N/A,N/A,N/A
News (Legacy),Food & Drink,Interstitial,United States,Tablet,N/A,$0.00  ~ $0.00 ,N/A,N/A,N/A,N/A,N/A
News (Legacy),Food & Drink,Interstitial,United Kingdom,Mobile Web,N/A,$0.00  ~ $0.00 ,N/A,N/A,N/A,N/A,N/A
News (Legacy),Food & Drink,Native,United States,Mobile Web,N/A,$0.00  ~ $0.00 ,N/A,N/A,N/A,N/A,N/A
News (Legacy),Remodeling & Construction,Interstitial,United States,Desktop,N/A,$0.00  ~ $0.00 ,N/A,N/A,N/A,N/A,N/A
News (Legacy),Human Resources,Outstream,United States,Desktop,N/A,$0.00  ~ $0.00 ,N/A,N/A,N/A,N/A,N/A
News (Legacy),Catholicism,Outstream,United States,Desktop,N/A,$0.00  ~ $0.00 ,N/A,N/A,N/A,N/A,N/A
News (Legacy),Catholicism,Outstream,United States,Mobile Web,N/A,$0.00  ~ $0.00 ,N/A,N/A,N/A,N/A,N/A
News (Legacy),Honeymoons/Getaways,Instream,United States,Desktop,N/A,$0.00  ~ $0.00 ,N/A,N/A,N/A,N/A,N/A
News (Legacy),Honeymoons/Getaways,Instream,United Kingdom,Desktop,N/A,$0.00  ~ $0.00 ,N/A,N/A,N/A,N/A,N/A
News (Legacy),Honeymoons/Getaways,Outstream,United Kingdom,Desktop,N/A,$0.00  ~ $0.00 ,N/A,N/A,N/A,N/A,N/A
News (Legacy),Honeymoons/Getaways,Outstream,United States,Desktop,N/A,$0.00  ~ $0.00 ,N/A,N/A,N/A,N/A,N/A
News (Legacy),Honeymoons/Getaways,Outstream,United States,Mobile Web,N/A,$0.00  ~ $0.00 ,N/A,N/A,N/A,N/A,N/A
News (Legacy),Honeymoons/Getaways,Interstitial,United Kingdom,Desktop,N/A,$0.00  ~ $0.00 ,N/A,N/A,N/A,N/A,N/A
News (Legacy),Coffee/Tea,Interstitial,United States,Desktop,N/A,$0.00  ~ $0.00 ,N/A,N/A,N/A,N/A,N/A
News (Legacy),Coffee/Tea,Outstream,United States,Desktop,N/A,$0.00  ~ $0.00 ,N/A,N/A,N/A,N/A,N/A
News (Legacy),Coffee/Tea,Outstream,United States,Mobile Web,N/A,$0.00  ~ $0.00 ,N/A,N/A,N/A,N/A,N/A
News (Legacy),Coffee/Tea,Instream,United States,Desktop,N/A,$0.00  ~ $0.00 ,N/A,N/A,N/A,N/A,N/A
Personal Finance (Legacy),Arts & Entertainment,Instream,United States,Desktop,N/A,$31.70  ~ $33.37 ,N/A,N/A,N/A,70.42%,N/A
Personal Finance (Legacy),News,Instream,United States,Desktop,N/A,$32.07  ~ $32.07 ,$10.75 ,N/A,0.30%,78.30%,N/A
Personal Finance (Legacy),News,Instream,United States,Mobile Web,N/A,$31.39  ~ $31.39 ,N/A,N/A,N/A,87.50%,N/A
Personal Finance (Legacy),News,Instream,United States,Tablet,N/A,$25.49  ~ $25.49 ,N/A,N/A,N/A,N/A,N/A
Personal Finance (Legacy),News,Outstream,United States,Desktop,N/A,$47.80  ~ $47.80 ,N/A,N/A,N/A,100.00%,N/A
Personal Finance (Legacy),Personal Finance,Instream,United States,Mobile Web,N/A,$51.61  ~ $51.61 ,N/A,N/A,N/A,100.00%,N/A
Personal Finance (Legacy),Personal Finance,Instream,United States,Desktop,N/A,$48.54  ~ $68.95 ,N/A,N/A,N/A,74.38%,N/A
Personal Finance (Legacy),Personal Finance,Outstream,United States,Desktop,N/A,$51.26  ~ $51.26 ,N/A,N/A,N/A,N/A,N/A
Personal Finance (Legacy),Personal Finance,Outstream,United States,Mobile Web,N/A,$48.18  ~ $48.18 ,N/A,N/A,N/A,100.00%,N/A
Personal Finance (Legacy),"Law, Gov't & Politics",Instream,United States,Desktop,2,$47.50  ~ $48.47 ,N/A,N/A,N/A,81.45%,N/A
Personal Finance (Legacy),"Law, Gov't & Politics",Instream,United States,Mobile Web,N/A,$39.47  ~ $39.62 ,N/A,N/A,N/A,62.50%,N/A
Personal Finance (Legacy),"Law, Gov't & Politics",Outstream,United States,Desktop,N/A,$76.53  ~ $76.53 ,N/A,N/A,N/A,100.00%,N/A
Personal Finance (Legacy),Remodeling & Construction,Instream,United States,Desktop,N/A,$41.01  ~ $41.01 ,N/A,N/A,N/A,100.00%,N/A
Personal Finance (Legacy),Graduate School,Instream,United States,Desktop,N/A,$41.40  ~ $41.40 ,N/A,N/A,N/A,100.00%,N/A
Personal Finance (Legacy),Home Repair,Instream,United States,Desktop,N/A,$46.89  ~ $46.89 ,N/A,N/A,N/A,100.00%,N/A
Personal Finance (Legacy),Automotive,Instream,United States,Desktop,N/A,$38.62  ~ $38.78 ,N/A,N/A,N/A,58.82%,N/A
Personal Finance (Legacy),Travel,Instream,United States,Desktop,N/A,$31.32  ~ $31.32 ,N/A,N/A,N/A,73.08%,N/A
Personal Finance (Legacy),Insurance,Instream,United States,Desktop,N/A,$40.91  ~ $40.91 ,N/A,N/A,N/A,100.00%,N/A
Personal Finance (Legacy),Business,Instream,United States,Desktop,N/A,$38.97  ~ $42.78 ,$13.80 ,N/A,0.28%,73.30%,N/A
Personal Finance (Legacy),Business,Instream,United States,Tablet,N/A,$34.92  ~ $40.56 ,N/A,N/A,N/A,50.00%,N/A
Personal Finance (Legacy),Business,Instream,United States,Mobile Web,N/A,$31.44  ~ $34.03 ,N/A,N/A,N/A,50.00%,N/A
Personal Finance (Legacy),Shopping,Instream,United States,Desktop,N/A,$39.15  ~ $39.15 ,N/A,N/A,N/A,25.00%,N/A
Personal Finance (Legacy),Health & Fitness,Instream,United States,Desktop,N/A,$33.26  ~ $37.73 ,N/A,N/A,N/A,77.78%,N/A
Personal Finance (Legacy),Health & Fitness,Instream,United States,Mobile Web,N/A,$36.14  ~ $40.72 ,N/A,N/A,N/A,66.67%,N/A
Personal Finance (Legacy),Health & Fitness,Outstream,United States,Desktop,N/A,$39.01  ~ $39.01 ,N/A,N/A,N/A,N/A,N/A
Personal Finance (Legacy),Politics,Instream,United States,Desktop,N/A,$59.89  ~ $59.89 ,N/A,N/A,N/A,100.00%,N/A
Personal Finance (Legacy),Home & Garden,Instream,United States,Desktop,N/A,$34.75  ~ $37.75 ,N/A,N/A,N/A,84.43%,N/A
Personal Finance (Legacy),Home & Garden,Instream,United States,Mobile Web,N/A,$32.90  ~ $37.36 ,N/A,N/A,N/A,100.00%,N/A
Personal Finance (Legacy),Home & Garden,Instream,United States,Tablet,N/A,$30.58  ~ $30.58 ,N/A,N/A,N/A,100.00%,N/A
Personal Finance (Legacy),Home & Garden,Outstream,United States,Desktop,N/A,$24.57  ~ $60.67 ,N/A,N/A,N/A,100.00%,N/A
Personal Finance (Legacy),Buying/Selling Cars,Instream,United States,Desktop,N/A,$42.15  ~ $42.15 ,$4.38 ,N/A,0.96%,93.72%,N/A
Personal Finance (Legacy),Education,Instream,United States,Desktop,N/A,$25.66  ~ $29.67 ,N/A,N/A,N/A,100.00%,N/A
Personal Finance (Legacy),Education,Instream,United States,Mobile Web,N/A,$0.00  ~ $0.00 ,N/A,N/A,N/A,N/A,N/A
Personal Finance (Legacy),Hobbies & Interests,Instream,United States,Desktop,N/A,$61.00  ~ $61.00 ,N/A,N/A,N/A,83.12%,N/A
Personal Finance (Legacy),Hobbies & Interests,Outstream,United States,Desktop,N/A,$42.70  ~ $42.70 ,N/A,N/A,N/A,100.00%,N/A
Personal Finance (Legacy),Hobbies & Interests,Outstream,United States,Mobile Web,N/A,$45.20  ~ $45.20 ,N/A,N/A,N/A,50.00%,N/A
Personal Finance (Legacy),Coffee/Tea,Outstream,United States,Desktop,N/A,$0.00  ~ $0.00 ,N/A,N/A,N/A,N/A,N/A
Personal Finance (Legacy),"Law, Gov't & Politics",Instream,Mexico,Desktop,N/A,$0.00  ~ $0.00 ,N/A,N/A,N/A,N/A,N/A
Personal Finance (Legacy),"Law, Gov't & Politics",Interstitial,Mexico,Mobile Web,N/A,$0.00  ~ $0.00 ,N/A,N/A,N/A,N/A,N/A
Personal Finance (Legacy),"Law, Gov't & Politics",Outstream,Mexico,Desktop,N/A,$0.00  ~ $0.00 ,N/A,N/A,N/A,N/A,N/A
Personal Finance (Legacy),"Law, Gov't & Politics",Outstream,Mexico,Mobile Web,N/A,$0.00  ~ $0.00 ,N/A,N/A,N/A,N/A,N/A
Personal Finance (Legacy),"Law, Gov't & Politics",Outstream,United States,Mobile Web,N/A,$0.00  ~ $0.00 ,N/A,N/A,N/A,N/A,N/A
Personal Finance (Legacy),Gardening,Outstream,United States,Desktop,N/A,$0.00  ~ $0.00 ,N/A,N/A,N/A,N/A,N/A
Personal Finance (Legacy),Shopping,Outstream,United States,Desktop,N/A,$0.00  ~ $0.00 ,N/A,N/A,N/A,N/A,N/A
Personal Finance (Legacy),Shopping,Outstream,United States,Mobile Web,N/A,$0.00  ~ $0.00 ,N/A,N/A,N/A,N/A,N/A
Personal Finance (Legacy),Shopping,Outstream,United Kingdom,Mobile Web,N/A,$0.00  ~ $0.00 ,N/A,N/A,N/A,N/A,N/A
Personal Finance (Legacy),Shopping,Outstream,United Kingdom,Desktop,N/A,$0.00  ~ $0.00 ,N/A,N/A,N/A,N/A,N/A
Personal Finance (Legacy),Shopping,Instream,Canada,Desktop,N/A,$0.00  ~ $0.00 ,N/A,N/A,N/A,N/A,N/A
Personal Finance (Legacy),Shopping,Instream,United Kingdom,Desktop,N/A,$0.00  ~ $0.00 ,N/A,N/A,N/A,N/A,N/A
Personal Finance (Legacy),Shopping,Instream,Mexico,Desktop,N/A,$0.00  ~ $0.00 ,N/A,N/A,N/A,N/A,N/A
Personal Finance (Legacy),Shopping,Interstitial,United Kingdom,Mobile Web,N/A,$0.00  ~ $0.00 ,N/A,N/A,N/A,N/A,N/A
Personal Finance (Legacy),Shopping,Interstitial,United States,Mobile Web,N/A,$0.00  ~ $0.00 ,N/A,N/A,N/A,N/A,N/A
Personal Finance (Legacy),Shopping,Interstitial,United States,Desktop,N/A,$0.00  ~ $0.00 ,N/A,N/A,N/A,N/A,N/A
Personal Finance (Legacy),Graduate School,Outstream,United States,Desktop,N/A,$0.00  ~ $0.00 ,N/A,N/A,N/A,N/A,N/A
Personal Finance (Legacy),Graduate School,Outstream,United States,Mobile Web,N/A,$0.00  ~ $0.00 ,N/A,N/A,N/A,N/A,N/A
Personal Finance (Legacy),Family & Parenting,Instream,United States,Desktop,N/A,$0.00  ~ $0.00 ,N/A,N/A,N/A,N/A,N/A
Personal Finance (Legacy),Family & Parenting,Outstream,United States,Desktop,N/A,$0.00  ~ $0.00 ,N/A,N/A,N/A,N/A,N/A
Personal Finance (Legacy),Family & Parenting,Outstream,United States,Mobile Web,N/A,$0.00  ~ $0.00 ,N/A,N/A,N/A,N/A,N/A
Personal Finance (Legacy),Politics,Interstitial,United States,Desktop,N/A,$0.00  ~ $0.00 ,N/A,N/A,N/A,N/A,N/A
Personal Finance (Legacy),Politics,Outstream,United States,Desktop,N/A,$0.00  ~ $0.00 ,N/A,N/A,N/A,N/A,N/A
Personal Finance (Legacy),Politics,Outstream,United States,Mobile Web,N/A,$0.00  ~ $0.00 ,N/A,N/A,N/A,N/A,N/A
Personal Finance (Legacy),Biotech/Biomedical,Outstream,United States,Desktop,N/A,$0.00  ~ $0.00 ,N/A,N/A,N/A,N/A,N/A
Personal Finance (Legacy),Biotech/Biomedical,Instream,United States,Desktop,N/A,$0.00  ~ $0.00 ,N/A,N/A,N/A,N/A,N/A
Personal Finance (Legacy),Biotech/Biomedical,Interstitial,United States,Desktop,N/A,$0.00  ~ $0.00 ,N/A,N/A,N/A,N/A,N/A
Personal Finance (Legacy),Commentary,Outstream,United States,Desktop,N/A,$0.00  ~ $0.00 ,N/A,N/A,N/A,N/A,N/A
Personal Finance (Legacy),Commentary,Instream,United States,Desktop,N/A,$0.00  ~ $0.00 ,N/A,N/A,N/A,N/A,N/A
Personal Finance (Legacy),Remodeling & Construction,Outstream,United States,Mobile Web,N/A,$0.00  ~ $0.00 ,N/A,N/A,N/A,N/A,N/A
Personal Finance (Legacy),Technology & Computing,Instream,United States,Desktop,N/A,$0.00  ~ $0.00 ,N/A,N/A,N/A,N/A,N/A
Personal Finance (Legacy),Buying/Selling Cars,Outstream,United States,Desktop,N/A,$0.00  ~ $0.00 ,N/A,N/A,N/A,N/A,N/A
Personal Finance (Legacy),Dogs,Instream,Canada,Desktop,N/A,$0.00  ~ $0.00 ,N/A,N/A,N/A,N/A,N/A
Personal Finance (Legacy),Careers,Outstream,United States,Mobile Web,N/A,$0.00  ~ $0.00 ,N/A,N/A,N/A,N/A,N/A
Personal Finance (Legacy),Careers,Outstream,United States,Desktop,N/A,$0.00  ~ $0.00 ,N/A,N/A,N/A,N/A,N/A
Personal Finance (Legacy),Careers,Native,United States,Desktop,N/A,$0.00  ~ $0.00 ,N/A,N/A,N/A,N/A,N/A
Personal Finance (Legacy),Careers,Instream,United States,Desktop,N/A,$0.00  ~ $0.00 ,N/A,N/A,N/A,N/A,N/A
Personal Finance (Legacy),Cold & Flu,Instream,United States,Desktop,N/A,$0.00  ~ $0.00 ,N/A,N/A,N/A,N/A,N/A
Personal Finance (Legacy),Cold & Flu,Instream,United States,Mobile Web,N/A,$0.00  ~ $0.00 ,N/A,N/A,N/A,N/A,N/A
Personal Finance (Legacy),Cold & Flu,Outstream,United States,Desktop,N/A,$0.00  ~ $0.00 ,N/A,N/A,N/A,N/A,N/A
Personal Finance (Legacy),Hobbies & Interests,Outstream,United Kingdom,Desktop,N/A,$0.00  ~ $0.00 ,N/A,N/A,N/A,N/A,N/A
Personal Finance (Legacy),Hobbies & Interests,Interstitial,United States,Desktop,N/A,$0.00  ~ $0.00 ,N/A,N/A,N/A,N/A,N/A
Personal Finance (Legacy),Automotive,Interstitial,United States,Desktop,N/A,$0.00  ~ $0.00 ,N/A,N/A,N/A,N/A,N/A
Personal Finance (Legacy),Automotive,Outstream,United States,Desktop,N/A,$0.00  ~ $0.00 ,N/A,N/A,N/A,N/A,N/A
Personal Finance (Legacy),Automotive,Outstream,United States,Tablet,N/A,$0.00  ~ $0.00 ,N/A,N/A,N/A,N/A,N/A
Personal Finance (Legacy),Automotive,Outstream,Mexico,Desktop,N/A,$0.00  ~ $0.00 ,N/A,N/A,N/A,N/A,N/A
Personal Finance (Legacy),Automotive,Instream,Mexico,Desktop,N/A,$0.00  ~ $0.00 ,N/A,N/A,N/A,N/A,N/A
Personal Finance (Legacy),Real Estate,Instream,United States,Desktop,N/A,$0.00  ~ $0.00 ,N/A,N/A,N/A,N/A,N/A
Personal Finance (Legacy),Real Estate,Instream,United States,Mobile Web,N/A,$0.00  ~ $0.00 ,N/A,N/A,N/A,N/A,N/A
Personal Finance (Legacy),Real Estate,Outstream,United States,Mobile Web,N/A,$0.00  ~ $0.00 ,N/A,N/A,N/A,N/A,N/A
Personal Finance (Legacy),Real Estate,Interstitial,United States,Desktop,N/A,$0.00  ~ $0.00 ,N/A,N/A,N/A,N/A,N/A
Personal Finance (Legacy),Cocktails/Beer,Instream,United States,Desktop,N/A,$0.00  ~ $0.00 ,N/A,N/A,N/A,N/A,N/A
Personal Finance (Legacy),Cocktails/Beer,Instream,United States,Mobile Web,N/A,$0.00  ~ $0.00 ,N/A,N/A,N/A,N/A,N/A
Personal Finance (Legacy),Business,Instream,Canada,Desktop,N/A,$0.00  ~ $0.00 ,N/A,N/A,N/A,N/A,N/A
Personal Finance (Legacy),Business,Instream,United Kingdom,Desktop,N/A,$0.00  ~ $0.00 ,N/A,N/A,N/A,N/A,N/A
Personal Finance (Legacy),Business,Outstream,United States,Desktop,N/A,$0.00  ~ $0.00 ,N/A,N/A,N/A,N/A,N/A
Personal Finance (Legacy),Business,Outstream,United States,Mobile Web,N/A,$0.00  ~ $0.00 ,N/A,N/A,N/A,N/A,N/A
Personal Finance (Legacy),Business,Outstream,United States,Tablet,N/A,$0.00  ~ $0.00 ,N/A,N/A,N/A,N/A,N/A
Personal Finance (Legacy),Business,Outstream,Mexico,Desktop,N/A,$0.00  ~ $0.00 ,N/A,N/A,N/A,N/A,N/A
Personal Finance (Legacy),Business,Outstream,Canada,Desktop,N/A,$0.00  ~ $0.00 ,N/A,N/A,N/A,N/A,N/A
Personal Finance (Legacy),Business,Outstream,United Kingdom,Desktop,N/A,$0.00  ~ $0.00 ,N/A,N/A,N/A,N/A,N/A
Personal Finance (Legacy),Business,Interstitial,United States,Desktop,N/A,$0.00  ~ $0.00 ,N/A,N/A,N/A,N/A,N/A
Personal Finance (Legacy),Business,Interstitial,United States,Tablet,N/A,$0.00  ~ $0.00 ,N/A,N/A,N/A,N/A,N/A
Personal Finance (Legacy),Business,Interstitial,United Kingdom,Mobile Web,N/A,$0.00  ~ $0.00 ,N/A,N/A,N/A,N/A,N/A
Personal Finance (Legacy),Business,Native,United States,Desktop,N/A,$0.00  ~ $0.00 ,N/A,N/A,N/A,N/A,N/A
Personal Finance (Legacy),Agriculture,Instream,United States,Desktop,N/A,$0.00  ~ $0.00 ,N/A,N/A,N/A,N/A,N/A
Personal Finance (Legacy),Agriculture,Outstream,United States,Desktop,N/A,$0.00  ~ $0.00 ,N/A,N/A,N/A,N/A,N/A
Personal Finance (Legacy),Agriculture,Interstitial,United States,Desktop,N/A,$0.00  ~ $0.00 ,N/A,N/A,N/A,N/A,N/A
Personal Finance (Legacy),Personal Finance,Outstream,Canada,Desktop,N/A,$0.00  ~ $0.00 ,N/A,N/A,N/A,N/A,N/A
Personal Finance (Legacy),Personal Finance,Outstream,United Kingdom,Mobile Web,N/A,$0.00  ~ $0.00 ,N/A,N/A,N/A,N/A,N/A
Personal Finance (Legacy),Personal Finance,Outstream,United Kingdom,Desktop,N/A,$0.00  ~ $0.00 ,N/A,N/A,N/A,N/A,N/A
Personal Finance (Legacy),Personal Finance,Outstream,Mexico,Desktop,N/A,$0.00  ~ $0.00 ,N/A,N/A,N/A,N/A,N/A
Personal Finance (Legacy),Personal Finance,Instream,United Kingdom,Desktop,N/A,$0.00  ~ $0.00 ,N/A,N/A,N/A,N/A,N/A
Personal Finance (Legacy),Personal Finance,Instream,Canada,Desktop,N/A,$0.00  ~ $0.00 ,N/A,N/A,N/A,N/A,N/A
Personal Finance (Legacy),Personal Finance,Instream,Canada,Mobile Web,N/A,$0.00  ~ $0.00 ,N/A,N/A,N/A,N/A,N/A
Personal Finance (Legacy),Personal Finance,Interstitial,Mexico,Mobile Web,N/A,$0.00  ~ $0.00 ,N/A,N/A,N/A,N/A,N/A
Personal Finance (Legacy),Personal Finance,Native,United States,Mobile Web,N/A,$0.00  ~ $0.00 ,N/A,N/A,N/A,N/A,N/A
Personal Finance (Legacy),Pro Ice Hockey,Instream,Canada,Desktop,N/A,$0.00  ~ $0.00 ,N/A,N/A,N/A,N/A,N/A
Personal Finance (Legacy),K-6 Educators,Outstream,United States,Mobile Web,N/A,$0.00  ~ $0.00 ,N/A,N/A,N/A,N/A,N/A
Personal Finance (Legacy),Health & Fitness,Outstream,United Kingdom,Mobile Web,N/A,$0.00  ~ $0.00 ,N/A,N/A,N/A,N/A,N/A
Personal Finance (Legacy),Health & Fitness,Outstream,United Kingdom,Desktop,N/A,$0.00  ~ $0.00 ,N/A,N/A,N/A,N/A,N/A
Personal Finance (Legacy),Health & Fitness,Outstream,Canada,Desktop,N/A,$0.00  ~ $0.00 ,N/A,N/A,N/A,N/A,N/A
Personal Finance (Legacy),Health & Fitness,Outstream,United States,Mobile Web,N/A,$0.00  ~ $0.00 ,N/A,N/A,N/A,N/A,N/A
Personal Finance (Legacy),Health & Fitness,Instream,Canada,Desktop,N/A,$0.00  ~ $0.00 ,N/A,N/A,N/A,N/A,N/A
Personal Finance (Legacy),Health & Fitness,Interstitial,United States,Tablet,N/A,$0.00  ~ $0.00 ,N/A,N/A,N/A,N/A,N/A
Personal Finance (Legacy),Health & Fitness,Interstitial,United States,Desktop,N/A,$0.00  ~ $0.00 ,N/A,N/A,N/A,N/A,N/A
Personal Finance (Legacy),Health & Fitness,Interstitial,United States,Mobile Web,N/A,$0.00  ~ $0.00 ,N/A,N/A,N/A,N/A,N/A
Personal Finance (Legacy),Health & Fitness,Native,United States,Mobile Web,N/A,$0.00  ~ $0.00 ,N/A,N/A,N/A,N/A,N/A
Personal Finance (Legacy),Hotels,Instream,United States,Desktop,N/A,$0.00  ~ $0.00 ,N/A,N/A,N/A,N/A,N/A
Personal Finance (Legacy),Hotels,Outstream,United States,Desktop,N/A,$0.00  ~ $0.00 ,N/A,N/A,N/A,N/A,N/A
Personal Finance (Legacy),Senior Living,Instream,United States,Desktop,N/A,$0.00  ~ $0.00 ,N/A,N/A,N/A,N/A,N/A
Personal Finance (Legacy),Senior Living,Interstitial,United States,Desktop,N/A,$0.00  ~ $0.00 ,N/A,N/A,N/A,N/A,N/A
Personal Finance (Legacy),Business Software,Instream,United Kingdom,Desktop,N/A,$0.00  ~ $0.00 ,N/A,N/A,N/A,N/A,N/A
Personal Finance (Legacy),Business Software,Instream,United Kingdom,Mobile Web,N/A,$0.00  ~ $0.00 ,N/A,N/A,N/A,N/A,N/A
Personal Finance (Legacy),Business Software,Instream,United States,Desktop,N/A,$0.00  ~ $0.00 ,N/A,N/A,N/A,N/A,N/A
Personal Finance (Legacy),Business Software,Outstream,United States,Desktop,N/A,$0.00  ~ $0.00 ,N/A,N/A,N/A,N/A,N/A
Personal Finance (Legacy),Investing,Outstream,United States,Desktop,N/A,$0.00  ~ $0.00 ,N/A,N/A,N/A,N/A,N/A
Personal Finance (Legacy),Investing,Outstream,United States,Mobile Web,N/A,$0.00  ~ $0.00 ,N/A,N/A,N/A,N/A,N/A
Personal Finance (Legacy),Investing,Interstitial,United States,Desktop,N/A,$0.00  ~ $0.00 ,N/A,N/A,N/A,N/A,N/A
Personal Finance (Legacy),Auto Repair,Instream,United States,Desktop,N/A,$0.00  ~ $0.00 ,N/A,N/A,N/A,N/A,N/A
Personal Finance (Legacy),Home & Garden,Outstream,United States,Mobile Web,N/A,$0.00  ~ $0.00 ,N/A,N/A,N/A,N/A,N/A
Personal Finance (Legacy),Home & Garden,Interstitial,United States,Desktop,N/A,$0.00  ~ $0.00 ,N/A,N/A,N/A,N/A,N/A
Personal Finance (Legacy),Home & Garden,Interstitial,United States,Mobile Web,N/A,$0.00  ~ $0.00 ,N/A,N/A,N/A,N/A,N/A
Personal Finance (Legacy),Home & Garden,Native,United States,Desktop,N/A,$0.00  ~ $0.00 ,N/A,N/A,N/A,N/A,N/A
Personal Finance (Legacy),Computer Peripherals,Instream,United Kingdom,Desktop,N/A,$0.00  ~ $0.00 ,N/A,N/A,N/A,N/A,N/A
Personal Finance (Legacy),Computer Peripherals,Instream,United Kingdom,Mobile Web,N/A,$0.00  ~ $0.00 ,N/A,N/A,N/A,N/A,N/A
Personal Finance (Legacy),Computer Peripherals,Outstream,United Kingdom,Desktop,N/A,$0.00  ~ $0.00 ,N/A,N/A,N/A,N/A,N/A
Personal Finance (Legacy),Advertising,Outstream,United States,Desktop,N/A,$0.00  ~ $0.00 ,N/A,N/A,N/A,N/A,N/A
Personal Finance (Legacy),Advertising,Outstream,United States,Mobile Web,N/A,$0.00  ~ $0.00 ,N/A,N/A,N/A,N/A,N/A
Personal Finance (Legacy),Cruises,Instream,United States,Desktop,N/A,$0.00  ~ $0.00 ,N/A,N/A,N/A,N/A,N/A
Personal Finance (Legacy),Credit/Debt & Loans,Outstream,United States,Desktop,N/A,$0.00  ~ $0.00 ,N/A,N/A,N/A,N/A,N/A
Personal Finance (Legacy),Credit/Debt & Loans,Instream,United States,Desktop,N/A,$0.00  ~ $0.00 ,N/A,N/A,N/A,N/A,N/A
Personal Finance (Legacy),Private School,Outstream,United States,Mobile Web,N/A,$0.00  ~ $0.00 ,N/A,N/A,N/A,N/A,N/A
Personal Finance (Legacy),Honeymoons/Getaways,Outstream,United States,Desktop,N/A,$0.00  ~ $0.00 ,N/A,N/A,N/A,N/A,N/A
Personal Finance (Legacy),Honeymoons/Getaways,Outstream,United States,Mobile Web,N/A,$0.00  ~ $0.00 ,N/A,N/A,N/A,N/A,N/A
Personal Finance (Legacy),College,Outstream,United States,Desktop,N/A,$0.00  ~ $0.00 ,N/A,N/A,N/A,N/A,N/A
Personal Finance (Legacy),College,Outstream,United States,Mobile Web,N/A,$0.00  ~ $0.00 ,N/A,N/A,N/A,N/A,N/A
Personal Finance (Legacy),College,Instream,United States,Desktop,N/A,$0.00  ~ $0.00 ,N/A,N/A,N/A,N/A,N/A
Personal Finance (Legacy),Arts & Entertainment,Outstream,United States,Desktop,N/A,$0.00  ~ $0.00 ,N/A,N/A,N/A,N/A,N/A
Personal Finance (Legacy),Arts & Entertainment,Outstream,United Kingdom,Mobile Web,N/A,$0.00  ~ $0.00 ,N/A,N/A,N/A,N/A,N/A
Personal Finance (Legacy),Arts & Entertainment,Outstream,Canada,Desktop,N/A,$0.00  ~ $0.00 ,N/A,N/A,N/A,N/A,N/A
Personal Finance (Legacy),Arts & Entertainment,Interstitial,Canada,Desktop,N/A,$0.00  ~ $0.00 ,N/A,N/A,N/A,N/A,N/A
Personal Finance (Legacy),Arts & Entertainment,Interstitial,United Kingdom,Mobile Web,N/A,$0.00  ~ $0.00 ,N/A,N/A,N/A,N/A,N/A
Personal Finance (Legacy),Arts & Entertainment,Instream,Canada,Desktop,N/A,$0.00  ~ $0.00 ,N/A,N/A,N/A,N/A,N/A
Personal Finance (Legacy),Food & Drink,Outstream,United States,Desktop,N/A,$0.00  ~ $0.00 ,N/A,N/A,N/A,N/A,N/A
Personal Finance (Legacy),Food & Drink,Outstream,United States,Mobile Web,N/A,$0.00  ~ $0.00 ,N/A,N/A,N/A,N/A,N/A
Personal Finance (Legacy),Food & Drink,Instream,United States,Mobile Web,N/A,$0.00  ~ $0.00 ,N/A,N/A,N/A,N/A,N/A
Personal Finance (Legacy),Food & Drink,Instream,United States,Desktop,N/A,$0.00  ~ $0.00 ,N/A,N/A,N/A,N/A,N/A
Personal Finance (Legacy),Food & Drink,Interstitial,United States,Desktop,N/A,$0.00  ~ $0.00 ,N/A,N/A,N/A,N/A,N/A
Personal Finance (Legacy),Food & Drink,Interstitial,United States,Tablet,N/A,$0.00  ~ $0.00 ,N/A,N/A,N/A,N/A,N/A
Personal Finance (Legacy),Human Resources,Outstream,United States,Desktop,N/A,$0.00  ~ $0.00 ,N/A,N/A,N/A,N/A,N/A
Personal Finance (Legacy),Human Resources,Instream,United States,Desktop,N/A,$0.00  ~ $0.00 ,N/A,N/A,N/A,N/A,N/A
Personal Finance (Legacy),Human Resources,Instream,United States,Mobile Web,N/A,$0.00  ~ $0.00 ,N/A,N/A,N/A,N/A,N/A
Personal Finance (Legacy),Education,Outstream,United States,Desktop,N/A,$0.00  ~ $0.00 ,N/A,N/A,N/A,N/A,N/A
Personal Finance (Legacy),Education,Outstream,United States,Mobile Web,N/A,$0.00  ~ $0.00 ,N/A,N/A,N/A,N/A,N/A
Personal Finance (Legacy),Education,Interstitial,United States,Desktop,N/A,$0.00  ~ $0.00 ,N/A,N/A,N/A,N/A,N/A
Personal Finance (Legacy),Interior Decorating,Outstream,United States,Desktop,N/A,$0.00  ~ $0.00 ,N/A,N/A,N/A,N/A,N/A
Personal Finance (Legacy),Interior Decorating,Outstream,United States,Mobile Web,N/A,$0.00  ~ $0.00 ,N/A,N/A,N/A,N/A,N/A
Personal Finance (Legacy),Interior Decorating,Instream,United States,Desktop,N/A,$0.00  ~ $0.00 ,N/A,N/A,N/A,N/A,N/A
Personal Finance (Legacy),Interior Decorating,Instream,United States,Mobile Web,N/A,$0.00  ~ $0.00 ,N/A,N/A,N/A,N/A,N/A
Personal Finance (Legacy),Interior Decorating,Interstitial,United States,Desktop,N/A,$0.00  ~ $0.00 ,N/A,N/A,N/A,N/A,N/A
Personal Finance (Legacy),Interior Decorating,Interstitial,United States,Tablet,N/A,$0.00  ~ $0.00 ,N/A,N/A,N/A,N/A,N/A
Personal Finance (Legacy),Legal Issues,Outstream,United Kingdom,Desktop,N/A,$0.00  ~ $0.00 ,N/A,N/A,N/A,N/A,N/A
Personal Finance (Legacy),Legal Issues,Outstream,United States,Desktop,N/A,$0.00  ~ $0.00 ,N/A,N/A,N/A,N/A,N/A
Personal Finance (Legacy),Legal Issues,Outstream,United States,Mobile Web,N/A,$0.00  ~ $0.00 ,N/A,N/A,N/A,N/A,N/A
Personal Finance (Legacy),Legal Issues,Instream,United States,Desktop,N/A,$0.00  ~ $0.00 ,N/A,N/A,N/A,N/A,N/A
Personal Finance (Legacy),Card Games,Instream,United States,Desktop,N/A,$0.00  ~ $0.00 ,N/A,N/A,N/A,N/A,N/A
Personal Finance (Legacy),Card Games,Outstream,United States,Desktop,N/A,$0.00  ~ $0.00 ,N/A,N/A,N/A,N/A,N/A
Personal Finance (Legacy),Pets,Instream,Canada,Desktop,N/A,$0.00  ~ $0.00 ,N/A,N/A,N/A,N/A,N/A
Personal Finance (Legacy),Insurance,Outstream,United Kingdom,Desktop,N/A,$0.00  ~ $0.00 ,N/A,N/A,N/A,N/A,N/A
Personal Finance (Legacy),Insurance,Outstream,United States,Desktop,N/A,$0.00  ~ $0.00 ,N/A,N/A,N/A,N/A,N/A
Personal Finance (Legacy),Insurance,Instream,United Kingdom,Desktop,N/A,$0.00  ~ $0.00 ,N/A,N/A,N/A,N/A,N/A
Personal Finance (Legacy),Metals,Instream,United States,Desktop,N/A,$0.00  ~ $0.00 ,N/A,N/A,N/A,N/A,N/A
Personal Finance (Legacy),Metals,Instream,United States,Mobile Web,N/A,$0.00  ~ $0.00 ,N/A,N/A,N/A,N/A,N/A
Personal Finance (Legacy),Metals,Outstream,United States,Desktop,N/A,$0.00  ~ $0.00 ,N/A,N/A,N/A,N/A,N/A
Personal Finance (Legacy),Metals,Outstream,United States,Tablet,N/A,$0.00  ~ $0.00 ,N/A,N/A,N/A,N/A,N/A
Personal Finance (Legacy),Psychology/Psychiatry,Outstream,United States,Desktop,N/A,$0.00  ~ $0.00 ,N/A,N/A,N/A,N/A,N/A
Personal Finance (Legacy),Green Solutions,Outstream,United States,Desktop,N/A,$0.00  ~ $0.00 ,N/A,N/A,N/A,N/A,N/A
Personal Finance (Legacy),Infertility,Outstream,United States,Desktop,N/A,$0.00  ~ $0.00 ,N/A,N/A,N/A,N/A,N/A
Personal Finance (Legacy),Alternative Medicine,Instream,United States,Desktop,N/A,$0.00  ~ $0.00 ,N/A,N/A,N/A,N/A,N/A
Personal Finance (Legacy),News,Outstream,United States,Tablet,N/A,$0.00  ~ $0.00 ,N/A,N/A,N/A,N/A,N/A
Personal Finance (Legacy),News,Outstream,United States,Mobile Web,N/A,$0.00  ~ $0.00 ,N/A,N/A,N/A,N/A,N/A
Personal Finance (Legacy),News,Outstream,Canada,Desktop,N/A,$0.00  ~ $0.00 ,N/A,N/A,N/A,N/A,N/A
Personal Finance (Legacy),News,Interstitial,United States,Desktop,N/A,$0.00  ~ $0.00 ,N/A,N/A,N/A,N/A,N/A
Personal Finance (Legacy),News,Interstitial,Canada,Desktop,N/A,$0.00  ~ $0.00 ,N/A,N/A,N/A,N/A,N/A
Personal Finance (Legacy),News,Instream,Canada,Desktop,N/A,$0.00  ~ $0.00 ,N/A,N/A,N/A,N/A,N/A
Personal Finance (Legacy),Clothing,Outstream,United States,Mobile Web,N/A,$0.00  ~ $0.00 ,N/A,N/A,N/A,N/A,N/A
Personal Finance (Legacy),Travel,Instream,United Kingdom,Desktop,N/A,$0.00  ~ $0.00 ,N/A,N/A,N/A,N/A,N/A
Personal Finance (Legacy),Travel,Instream,United Kingdom,Mobile Web,N/A,$0.00  ~ $0.00 ,N/A,N/A,N/A,N/A,N/A
Personal Finance (Legacy),Travel,Interstitial,United Kingdom,Mobile Web,N/A,$0.00  ~ $0.00 ,N/A,N/A,N/A,N/A,N/A
Personal Finance (Legacy),Travel,Outstream,United States,Desktop,N/A,$0.00  ~ $0.00 ,N/A,N/A,N/A,N/A,N/A
Personal Finance (Legacy),Travel,Outstream,United States,Mobile Web,N/A,$0.00  ~ $0.00 ,N/A,N/A,N/A,N/A,N/A
Personal Finance (Legacy),Travel,Outstream,United Kingdom,Desktop,N/A,$0.00  ~ $0.00 ,N/A,N/A,N/A,N/A,N/A
Personal Finance (Legacy),Travel,Outstream,United Kingdom,Mobile Web,N/A,$0.00  ~ $0.00 ,N/A,N/A,N/A,N/A,N/A
Personal Finance (Legacy),Job Search,Instream,United States,Desktop,N/A,$0.00  ~ $0.00 ,N/A,N/A,N/A,N/A,N/A
Personal Finance (Legacy),Job Search,Outstream,United States,Desktop,N/A,$0.00  ~ $0.00 ,N/A,N/A,N/A,N/A,N/A
Personal Finance (Legacy),Job Search,Outstream,United Kingdom,Desktop,N/A,$0.00  ~ $0.00 ,N/A,N/A,N/A,N/A,N/A
Personal Finance (Legacy),Exercise,Outstream,United States,Desktop,N/A,$0.00  ~ $0.00 ,N/A,N/A,N/A,N/A,N/A
Personal Finance (Legacy),Exercise,Outstream,United States,Mobile Web,N/A,$0.00  ~ $0.00 ,N/A,N/A,N/A,N/A,N/A
Pets (Legacy),Shopping,Instream,United States,Mobile Web,N/A,$35.05  ~ $35.05 ,N/A,N/A,N/A,87.50%,N/A
Pets (Legacy),Shopping,Instream,United States,Desktop,2,$35.65  ~ $35.65 ,N/A,N/A,N/A,100.00%,N/A
Pets (Legacy),"Law, Gov't & Politics",Instream,United States,Desktop,N/A,$45.12  ~ $51.69 ,N/A,N/A,N/A,95.83%,N/A
Pets (Legacy),"Law, Gov't & Politics",Outstream,United States,Desktop,N/A,$44.73  ~ $44.73 ,N/A,N/A,N/A,100.00%,N/A
Pets (Legacy),Hobbies & Interests,Instream,United States,Desktop,N/A,$61.07  ~ $61.07 ,N/A,N/A,N/A,93.75%,N/A
Pets (Legacy),Hobbies & Interests,Instream,United States,Mobile Web,N/A,$61.56  ~ $61.56 ,N/A,N/A,N/A,100.00%,N/A
Pets (Legacy),Hobbies & Interests,Outstream,United States,Desktop,N/A,$47.42  ~ $47.42 ,N/A,N/A,N/A,100.00%,N/A
Pets (Legacy),Hobbies & Interests,Outstream,United States,Mobile Web,N/A,$45.18  ~ $45.18 ,N/A,N/A,N/A,N/A,N/A
Pets (Legacy),Health & Fitness,Instream,United States,Desktop,N/A,$27.88  ~ $34.00 ,N/A,N/A,N/A,80.00%,N/A
Pets (Legacy),Health & Fitness,Instream,United States,Mobile Web,N/A,$23.21  ~ $36.70 ,N/A,N/A,N/A,83.87%,N/A
Pets (Legacy),Health & Fitness,Instream,United States,Tablet,N/A,$18.98  ~ $43.33 ,N/A,N/A,N/A,100.00%,N/A
Pets (Legacy),Health & Fitness,Outstream,United States,Tablet,N/A,$62.79  ~ $62.79 ,N/A,N/A,N/A,N/A,N/A
Pets (Legacy),Legal Issues,Instream,United States,Desktop,N/A,$35.70  ~ $75.50 ,N/A,N/A,N/A,100.00%,N/A
Pets (Legacy),Travel,Instream,United States,Mobile Web,N/A,$7.83  ~ $16.60 ,N/A,N/A,N/A,N/A,N/A
Pets (Legacy),Travel,Instream,United States,Desktop,N/A,$30.73  ~ $30.73 ,N/A,N/A,N/A,100.00%,N/A
Pets (Legacy),Careers,Instream,United States,Desktop,N/A,$54.63  ~ $54.63 ,N/A,N/A,N/A,100.00%,N/A
Pets (Legacy),Auto Repair,Instream,United States,Desktop,N/A,$17.24  ~ $17.24 ,N/A,N/A,N/A,100.00%,N/A
Pets (Legacy),Business,Instream,United States,Desktop,N/A,$39.76  ~ $42.37 ,N/A,N/A,N/A,81.82%,N/A
Pets (Legacy),Business,Instream,United States,Mobile Web,N/A,$34.28  ~ $34.46 ,N/A,N/A,N/A,75.00%,N/A
Pets (Legacy),Business,Outstream,United States,Mobile Web,N/A,$19.69  ~ $40.88 ,N/A,N/A,N/A,N/A,N/A
Pets (Legacy),Education,Instream,United States,Desktop,N/A,$24.74  ~ $24.74 ,N/A,N/A,N/A,80.00%,N/A
Pets (Legacy),Education,Instream,United States,Mobile Web,N/A,$22.18  ~ $22.18 ,N/A,N/A,N/A,N/A,N/A
Pets (Legacy),Home & Garden,Instream,United States,Desktop,N/A,$33.35  ~ $33.71 ,$0.90 ,N/A,3.70%,61.54%,N/A
Pets (Legacy),Home & Garden,Instream,United States,Mobile Web,N/A,$22.06  ~ $26.64 ,N/A,N/A,N/A,86.67%,N/A
Pets (Legacy),Home & Garden,Outstream,United States,Desktop,N/A,$27.34  ~ $56.13 ,N/A,N/A,N/A,100.00%,N/A
Pets (Legacy),Home & Garden,Outstream,United States,Mobile Web,N/A,$21.86  ~ $21.86 ,N/A,N/A,N/A,60.00%,N/A
Pets (Legacy),Buying/Selling Cars,Instream,United States,Desktop,N/A,$41.50  ~ $41.50 ,N/A,N/A,N/A,100.00%,N/A
Pets (Legacy),Buying/Selling Cars,Outstream,United States,Mobile Web,N/A,$39.89  ~ $39.89 ,N/A,N/A,N/A,100.00%,N/A
Pets (Legacy),News,Instream,United States,Mobile Web,N/A,$34.55  ~ $34.55 ,N/A,N/A,N/A,55.56%,N/A
Pets (Legacy),News,Instream,United States,Desktop,N/A,$33.88  ~ $33.88 ,$6.20 ,N/A,0.55%,77.84%,N/A
Pets (Legacy),Automotive,Instream,United States,Desktop,N/A,$38.71  ~ $38.71 ,N/A,N/A,N/A,100.00%,N/A
Pets (Legacy),Remodeling & Construction,Instream,United States,Desktop,N/A,$36.06  ~ $36.06 ,N/A,N/A,N/A,100.00%,N/A
Pets (Legacy),Personal Finance,Instream,United States,Mobile Web,N/A,$51.59  ~ $51.59 ,N/A,N/A,N/A,85.71%,N/A
Pets (Legacy),Personal Finance,Instream,United States,Desktop,N/A,$47.40  ~ $53.95 ,N/A,N/A,N/A,83.33%,N/A
Pets (Legacy),Arts & Entertainment,Instream,United States,Desktop,N/A,$28.43  ~ $32.68 ,N/A,N/A,N/A,63.64%,N/A
Pets (Legacy),Arts & Entertainment,Instream,United States,Mobile Web,N/A,$0.00  ~ $20.40 ,N/A,N/A,N/A,100.00%,N/A
Pets (Legacy),Hotels,Instream,United States,Desktop,N/A,$0.00  ~ $0.00 ,N/A,N/A,N/A,N/A,N/A
Pets (Legacy),Hotels,Outstream,United States,Desktop,N/A,$0.00  ~ $0.00 ,N/A,N/A,N/A,N/A,N/A
Pets (Legacy),Hotels,Outstream,United States,Mobile Web,N/A,$0.00  ~ $0.00 ,N/A,N/A,N/A,N/A,N/A
Pets (Legacy),Hotels,Interstitial,United States,Desktop,N/A,$0.00  ~ $0.00 ,N/A,N/A,N/A,N/A,N/A
Pets (Legacy),Cell Phones,Outstream,Mexico,Desktop,N/A,$0.00  ~ $0.00 ,N/A,N/A,N/A,N/A,N/A
Pets (Legacy),Commentary,Outstream,United States,Desktop,N/A,$0.00  ~ $0.00 ,N/A,N/A,N/A,N/A,N/A
Pets (Legacy),Graduate School,Instream,United States,Desktop,N/A,$0.00  ~ $0.00 ,N/A,N/A,N/A,N/A,N/A
Pets (Legacy),Graduate School,Instream,United States,Mobile Web,N/A,$0.00  ~ $0.00 ,N/A,N/A,N/A,N/A,N/A
Pets (Legacy),Graduate School,Outstream,United States,Desktop,N/A,$0.00  ~ $0.00 ,N/A,N/A,N/A,N/A,N/A
Pets (Legacy),Home Repair,Instream,United States,Desktop,N/A,$0.00  ~ $0.00 ,N/A,N/A,N/A,N/A,N/A
Pets (Legacy),Human Resources,Outstream,United States,Desktop,N/A,$0.00  ~ $0.00 ,N/A,N/A,N/A,N/A,N/A
Pets (Legacy),Gardening,Instream,United States,Desktop,N/A,$0.00  ~ $0.00 ,N/A,N/A,N/A,N/A,N/A
Pets (Legacy),Pediatrics,Instream,United States,Desktop,N/A,$0.00  ~ $0.00 ,N/A,N/A,N/A,N/A,N/A
Pets (Legacy),Pediatrics,Outstream,United States,Mobile Web,N/A,$0.00  ~ $0.00 ,N/A,N/A,N/A,N/A,N/A
Pets (Legacy),Politics,Instream,United States,Desktop,N/A,$0.00  ~ $0.00 ,N/A,N/A,N/A,N/A,N/A
Pets (Legacy),Politics,Instream,United States,Mobile Web,N/A,$0.00  ~ $0.00 ,N/A,N/A,N/A,N/A,N/A
Pets (Legacy),Politics,Outstream,United States,Desktop,N/A,$0.00  ~ $0.00 ,N/A,N/A,N/A,N/A,N/A
Pets (Legacy),Politics,Outstream,United States,Mobile Web,N/A,$0.00  ~ $0.00 ,N/A,N/A,N/A,N/A,N/A
Pets (Legacy),News,Outstream,United States,Desktop,N/A,$0.00  ~ $0.00 ,N/A,N/A,N/A,N/A,N/A
Pets (Legacy),News,Outstream,United States,Mobile Web,N/A,$0.00  ~ $0.00 ,N/A,N/A,N/A,N/A,N/A
Pets (Legacy),News,Outstream,Canada,Mobile Web,N/A,$0.00  ~ $0.00 ,N/A,N/A,N/A,N/A,N/A
Pets (Legacy),News,Interstitial,Canada,Desktop,N/A,$0.00  ~ $0.00 ,N/A,N/A,N/A,N/A,N/A
Pets (Legacy),News,Interstitial,United States,Desktop,N/A,$0.00  ~ $0.00 ,N/A,N/A,N/A,N/A,N/A
Pets (Legacy),News,Interstitial,United States,Mobile Web,N/A,$0.00  ~ $0.00 ,N/A,N/A,N/A,N/A,N/A
Pets (Legacy),News,Instream,Canada,Desktop,N/A,$0.00  ~ $0.00 ,N/A,N/A,N/A,N/A,N/A
Pets (Legacy),Business Software,Instream,United States,Desktop,N/A,$0.00  ~ $0.00 ,N/A,N/A,N/A,N/A,N/A
Pets (Legacy),Business Software,Instream,United Kingdom,Desktop,N/A,$0.00  ~ $0.00 ,N/A,N/A,N/A,N/A,N/A
Pets (Legacy),Business Software,Outstream,United States,Desktop,N/A,$0.00  ~ $0.00 ,N/A,N/A,N/A,N/A,N/A
Pets (Legacy),Business Software,Outstream,United States,Mobile Web,N/A,$0.00  ~ $0.00 ,N/A,N/A,N/A,N/A,N/A
Pets (Legacy),Dogs,Instream,Canada,Desktop,N/A,$0.00  ~ $0.00 ,N/A,N/A,N/A,N/A,N/A
Pets (Legacy),Health/Lowfat Cooking,Instream,United States,Desktop,N/A,$0.00  ~ $0.00 ,N/A,N/A,N/A,N/A,N/A
Pets (Legacy),Alternative Medicine,Instream,United States,Desktop,N/A,$0.00  ~ $0.00 ,N/A,N/A,N/A,N/A,N/A
Pets (Legacy),Hobbies & Interests,Outstream,United Kingdom,Desktop,N/A,$0.00  ~ $0.00 ,N/A,N/A,N/A,N/A,N/A
Pets (Legacy),Hobbies & Interests,Outstream,United Kingdom,Mobile Web,N/A,$0.00  ~ $0.00 ,N/A,N/A,N/A,N/A,N/A
Pets (Legacy),Hobbies & Interests,Interstitial,United States,Desktop,N/A,$0.00  ~ $0.00 ,N/A,N/A,N/A,N/A,N/A
Pets (Legacy),Hobbies & Interests,Native,United Kingdom,Desktop,N/A,$0.00  ~ $0.00 ,N/A,N/A,N/A,N/A,N/A
Pets (Legacy),Card Games,Instream,United States,Desktop,N/A,$0.00  ~ $0.00 ,N/A,N/A,N/A,N/A,N/A
Pets (Legacy),Card Games,Instream,United States,Mobile Web,N/A,$0.00  ~ $0.00 ,N/A,N/A,N/A,N/A,N/A
Pets (Legacy),Card Games,Outstream,United States,Desktop,N/A,$0.00  ~ $0.00 ,N/A,N/A,N/A,N/A,N/A
Pets (Legacy),Education,Outstream,United States,Mobile Web,N/A,$0.00  ~ $0.00 ,N/A,N/A,N/A,N/A,N/A
Pets (Legacy),Education,Outstream,United States,Tablet,N/A,$0.00  ~ $0.00 ,N/A,N/A,N/A,N/A,N/A
Pets (Legacy),Education,Outstream,United States,Desktop,N/A,$0.00  ~ $0.00 ,N/A,N/A,N/A,N/A,N/A
Pets (Legacy),Education,Interstitial,United States,Desktop,N/A,$0.00  ~ $0.00 ,N/A,N/A,N/A,N/A,N/A
Pets (Legacy),Food & Drink,Instream,United States,Desktop,N/A,$0.00  ~ $0.00 ,N/A,N/A,N/A,N/A,N/A
Pets (Legacy),Food & Drink,Instream,United States,Mobile Web,N/A,$0.00  ~ $0.00 ,N/A,N/A,N/A,N/A,N/A
Pets (Legacy),Food & Drink,Outstream,United States,Desktop,N/A,$0.00  ~ $0.00 ,N/A,N/A,N/A,N/A,N/A
Pets (Legacy),Food & Drink,Outstream,United States,Mobile Web,N/A,$0.00  ~ $0.00 ,N/A,N/A,N/A,N/A,N/A
Pets (Legacy),Food & Drink,Interstitial,United States,Desktop,N/A,$0.00  ~ $0.00 ,N/A,N/A,N/A,N/A,N/A
Pets (Legacy),Agriculture,Instream,United States,Desktop,N/A,$0.00  ~ $0.00 ,N/A,N/A,N/A,N/A,N/A
Pets (Legacy),Agriculture,Outstream,United States,Mobile Web,N/A,$0.00  ~ $0.00 ,N/A,N/A,N/A,N/A,N/A
Pets (Legacy),Green Solutions,Instream,United States,Desktop,N/A,$0.00  ~ $0.00 ,N/A,N/A,N/A,N/A,N/A
Pets (Legacy),Green Solutions,Instream,United States,Mobile Web,N/A,$0.00  ~ $0.00 ,N/A,N/A,N/A,N/A,N/A
Pets (Legacy),Contests & Freebies,Instream,United States,Desktop,N/A,$0.00  ~ $0.00 ,N/A,N/A,N/A,N/A,N/A
Pets (Legacy),Music,Instream,United States,Desktop,N/A,$0.00  ~ $0.00 ,N/A,N/A,N/A,N/A,N/A
Pets (Legacy),Pets,Instream,Canada,Desktop,N/A,$0.00  ~ $0.00 ,N/A,N/A,N/A,N/A,N/A
Pets (Legacy),Legal Issues,Instream,Canada,Desktop,N/A,$0.00  ~ $0.00 ,N/A,N/A,N/A,N/A,N/A
Pets (Legacy),Legal Issues,Instream,Mexico,Mobile Web,N/A,$0.00  ~ $0.00 ,N/A,N/A,N/A,N/A,N/A
Pets (Legacy),Legal Issues,Outstream,United States,Desktop,N/A,$0.00  ~ $0.00 ,N/A,N/A,N/A,N/A,N/A
Pets (Legacy),Arts & Entertainment,Instream,Canada,Desktop,N/A,$0.00  ~ $0.00 ,N/A,N/A,N/A,N/A,N/A
Pets (Legacy),Arts & Entertainment,Interstitial,United States,Desktop,N/A,$0.00  ~ $0.00 ,N/A,N/A,N/A,N/A,N/A
Pets (Legacy),Arts & Entertainment,Interstitial,United Kingdom,Mobile Web,N/A,$0.00  ~ $0.00 ,N/A,N/A,N/A,N/A,N/A
Pets (Legacy),Arts & Entertainment,Interstitial,Canada,Desktop,N/A,$0.00  ~ $0.00 ,N/A,N/A,N/A,N/A,N/A
Pets (Legacy),Arts & Entertainment,Outstream,United Kingdom,Mobile Web,N/A,$0.00  ~ $0.00 ,N/A,N/A,N/A,N/A,N/A
Pets (Legacy),Arts & Entertainment,Outstream,United States,Desktop,N/A,$0.00  ~ $0.00 ,N/A,N/A,N/A,N/A,N/A
Pets (Legacy),Private School,Instream,United States,Desktop,N/A,$0.00  ~ $0.00 ,N/A,N/A,N/A,N/A,N/A
Pets (Legacy),Private School,Outstream,United States,Desktop,N/A,$0.00  ~ $0.00 ,N/A,N/A,N/A,N/A,N/A
Pets (Legacy),Health & Fitness,Instream,Canada,Desktop,N/A,$0.00  ~ $0.00 ,N/A,N/A,N/A,N/A,N/A
Pets (Legacy),Health & Fitness,Outstream,United States,Desktop,N/A,$0.00  ~ $0.00 ,N/A,N/A,N/A,N/A,N/A
Pets (Legacy),Health & Fitness,Outstream,United States,Mobile Web,N/A,$0.00  ~ $0.00 ,N/A,N/A,N/A,N/A,N/A
Pets (Legacy),Health & Fitness,Outstream,Canada,Mobile Web,N/A,$0.00  ~ $0.00 ,N/A,N/A,N/A,N/A,N/A
Pets (Legacy),Health & Fitness,Outstream,Ireland,Desktop,N/A,$0.00  ~ $0.00 ,N/A,N/A,N/A,N/A,N/A
Pets (Legacy),Health & Fitness,Outstream,Mexico,Desktop,N/A,$0.00  ~ $0.00 ,N/A,N/A,N/A,N/A,N/A
Pets (Legacy),Health & Fitness,Interstitial,United States,Desktop,N/A,$0.00  ~ $0.00 ,N/A,N/A,N/A,N/A,N/A
Pets (Legacy),Investing,Outstream,United States,Mobile Web,N/A,$0.00  ~ $0.00 ,N/A,N/A,N/A,N/A,N/A
Pets (Legacy),Investing,Outstream,United States,Desktop,N/A,$0.00  ~ $0.00 ,N/A,N/A,N/A,N/A,N/A
Pets (Legacy),Investing,Outstream,United States,Tablet,N/A,$0.00  ~ $0.00 ,N/A,N/A,N/A,N/A,N/A
Pets (Legacy),"Law, Gov't & Politics",Outstream,Mexico,Desktop,N/A,$0.00  ~ $0.00 ,N/A,N/A,N/A,N/A,N/A
Pets (Legacy),"Law, Gov't & Politics",Outstream,Mexico,Mobile Web,N/A,$0.00  ~ $0.00 ,N/A,N/A,N/A,N/A,N/A
Pets (Legacy),"Law, Gov't & Politics",Outstream,United States,Mobile Web,N/A,$0.00  ~ $0.00 ,N/A,N/A,N/A,N/A,N/A
Pets (Legacy),"Law, Gov't & Politics",Instream,Mexico,Desktop,N/A,$0.00  ~ $0.00 ,N/A,N/A,N/A,N/A,N/A
Pets (Legacy),"Law, Gov't & Politics",Interstitial,United States,Desktop,N/A,$0.00  ~ $0.00 ,N/A,N/A,N/A,N/A,N/A
Pets (Legacy),"Law, Gov't & Politics",Interstitial,United States,Tablet,N/A,$0.00  ~ $0.00 ,N/A,N/A,N/A,N/A,N/A
Pets (Legacy),Family & Parenting,Instream,United States,Desktop,N/A,$0.00  ~ $0.00 ,N/A,N/A,N/A,N/A,N/A
Pets (Legacy),Family & Parenting,Outstream,United States,Desktop,N/A,$0.00  ~ $0.00 ,N/A,N/A,N/A,N/A,N/A
Pets (Legacy),Cocktails/Beer,Instream,United States,Desktop,N/A,$0.00  ~ $0.00 ,N/A,N/A,N/A,N/A,N/A
Pets (Legacy),Automotive,Outstream,Mexico,Desktop,N/A,$0.00  ~ $0.00 ,N/A,N/A,N/A,N/A,N/A
Pets (Legacy),Automotive,Outstream,United States,Desktop,N/A,$0.00  ~ $0.00 ,N/A,N/A,N/A,N/A,N/A
Pets (Legacy),Catholicism,Outstream,United States,Desktop,N/A,$0.00  ~ $0.00 ,N/A,N/A,N/A,N/A,N/A
Pets (Legacy),Pro Ice Hockey,Instream,Canada,Desktop,N/A,$0.00  ~ $0.00 ,N/A,N/A,N/A,N/A,N/A
Pets (Legacy),By US Locale,Instream,United States,Desktop,N/A,$0.00  ~ $0.00 ,N/A,N/A,N/A,N/A,N/A
Pets (Legacy),Cruises,Instream,United States,Desktop,N/A,$0.00  ~ $0.00 ,N/A,N/A,N/A,N/A,N/A
Pets (Legacy),Senior Living,Interstitial,United States,Desktop,N/A,$0.00  ~ $0.00 ,N/A,N/A,N/A,N/A,N/A
Pets (Legacy),Personal Finance,Outstream,United States,Desktop,N/A,$0.00  ~ $0.00 ,N/A,N/A,N/A,N/A,N/A
Pets (Legacy),Personal Finance,Outstream,United States,Mobile Web,N/A,$0.00  ~ $0.00 ,N/A,N/A,N/A,N/A,N/A
Pets (Legacy),Personal Finance,Outstream,Mexico,Desktop,N/A,$0.00  ~ $0.00 ,N/A,N/A,N/A,N/A,N/A
Pets (Legacy),Personal Finance,Outstream,Canada,Mobile Web,N/A,$0.00  ~ $0.00 ,N/A,N/A,N/A,N/A,N/A
Pets (Legacy),Clothing,Outstream,United States,Mobile Web,N/A,$0.00  ~ $0.00 ,N/A,N/A,N/A,N/A,N/A
Pets (Legacy),Buying/Selling Cars,Outstream,United States,Desktop,N/A,$0.00  ~ $0.00 ,N/A,N/A,N/A,N/A,N/A
Pets (Legacy),Business,Instream,Canada,Desktop,N/A,$0.00  ~ $0.00 ,N/A,N/A,N/A,N/A,N/A
Pets (Legacy),Business,Instream,Canada,Mobile Web,N/A,$0.00  ~ $0.00 ,N/A,N/A,N/A,N/A,N/A
Pets (Legacy),Business,Instream,Mexico,Desktop,N/A,$0.00  ~ $0.00 ,N/A,N/A,N/A,N/A,N/A
Pets (Legacy),Business,Outstream,United States,Desktop,N/A,$0.00  ~ $0.00 ,N/A,N/A,N/A,N/A,N/A
Pets (Legacy),Business,Outstream,United States,Tablet,N/A,$0.00  ~ $0.00 ,N/A,N/A,N/A,N/A,N/A
Pets (Legacy),Business,Outstream,United Kingdom,Mobile Web,N/A,$0.00  ~ $0.00 ,N/A,N/A,N/A,N/A,N/A
Pets (Legacy),Business,Outstream,Mexico,Desktop,N/A,$0.00  ~ $0.00 ,N/A,N/A,N/A,N/A,N/A
Pets (Legacy),Business,Outstream,Mexico,Mobile Web,N/A,$0.00  ~ $0.00 ,N/A,N/A,N/A,N/A,N/A
Pets (Legacy),Business,Interstitial,United States,Desktop,N/A,$0.00  ~ $0.00 ,N/A,N/A,N/A,N/A,N/A
Pets (Legacy),Business,Interstitial,United States,Mobile Web,N/A,$0.00  ~ $0.00 ,N/A,N/A,N/A,N/A,N/A
Pets (Legacy),Business,Interstitial,United States,Tablet,N/A,$0.00  ~ $0.00 ,N/A,N/A,N/A,N/A,N/A
Pets (Legacy),Business,Interstitial,Canada,Desktop,N/A,$0.00  ~ $0.00 ,N/A,N/A,N/A,N/A,N/A
Pets (Legacy),Business,Interstitial,United Kingdom,Mobile Web,N/A,$0.00  ~ $0.00 ,N/A,N/A,N/A,N/A,N/A
Pets (Legacy),Business,Native,United States,Mobile Web,N/A,$0.00  ~ $0.00 ,N/A,N/A,N/A,N/A,N/A
Pets (Legacy),Home & Garden,Interstitial,United States,Desktop,N/A,$0.00  ~ $0.00 ,N/A,N/A,N/A,N/A,N/A
Pets (Legacy),Advertising,Outstream,United States,Desktop,N/A,$0.00  ~ $0.00 ,N/A,N/A,N/A,N/A,N/A
Pets (Legacy),Advertising,Outstream,United States,Mobile Web,N/A,$0.00  ~ $0.00 ,N/A,N/A,N/A,N/A,N/A
Pets (Legacy),Advertising,Instream,United States,Desktop,N/A,$0.00  ~ $0.00 ,N/A,N/A,N/A,N/A,N/A
Pets (Legacy),Auto Repair,Outstream,United States,Desktop,N/A,$0.00  ~ $0.00 ,N/A,N/A,N/A,N/A,N/A
Pets (Legacy),Shopping,Instream,Canada,Desktop,N/A,$0.00  ~ $0.00 ,N/A,N/A,N/A,N/A,N/A
Pets (Legacy),Shopping,Instream,United States,Tablet,N/A,$0.00  ~ $0.00 ,N/A,N/A,N/A,N/A,N/A
Pets (Legacy),Shopping,Outstream,United States,Desktop,N/A,$0.00  ~ $0.00 ,N/A,N/A,N/A,N/A,N/A
Pets (Legacy),Shopping,Outstream,United States,Mobile Web,N/A,$0.00  ~ $0.00 ,N/A,N/A,N/A,N/A,N/A
Pets (Legacy),Shopping,Outstream,United Kingdom,Mobile Web,N/A,$0.00  ~ $0.00 ,N/A,N/A,N/A,N/A,N/A
Pets (Legacy),Shopping,Interstitial,United States,Desktop,N/A,$0.00  ~ $0.00 ,N/A,N/A,N/A,N/A,N/A
Pets (Legacy),Shopping,Interstitial,United States,Mobile Web,N/A,$0.00  ~ $0.00 ,N/A,N/A,N/A,N/A,N/A
Pets (Legacy),Shopping,Interstitial,United States,Tablet,N/A,$0.00  ~ $0.00 ,N/A,N/A,N/A,N/A,N/A
Pets (Legacy),Shopping,Interstitial,United Kingdom,Mobile Web,N/A,$0.00  ~ $0.00 ,N/A,N/A,N/A,N/A,N/A
Pets (Legacy),Travel,Interstitial,United Kingdom,Mobile Web,N/A,$0.00  ~ $0.00 ,N/A,N/A,N/A,N/A,N/A
Pets (Legacy),Travel,Instream,United Kingdom,Mobile Web,N/A,$0.00  ~ $0.00 ,N/A,N/A,N/A,N/A,N/A
Pets (Legacy),Travel,Outstream,United States,Mobile Web,N/A,$0.00  ~ $0.00 ,N/A,N/A,N/A,N/A,N/A
Pets (Legacy),Travel,Outstream,United States,Desktop,N/A,$0.00  ~ $0.00 ,N/A,N/A,N/A,N/A,N/A
Pets (Legacy),Travel,Outstream,United Kingdom,Mobile Web,N/A,$0.00  ~ $0.00 ,N/A,N/A,N/A,N/A,N/A
Pets (Legacy),Infertility,Instream,United States,Desktop,N/A,$0.00  ~ $0.00 ,N/A,N/A,N/A,N/A,N/A
Pets (Legacy),Infertility,Outstream,United States,Mobile Web,N/A,$0.00  ~ $0.00 ,N/A,N/A,N/A,N/A,N/A
Pets (Legacy),Real Estate,Instream,United States,Desktop,N/A,$0.00  ~ $0.00 ,N/A,N/A,N/A,N/A,N/A
Pets (Legacy),Real Estate,Instream,United States,Mobile Web,N/A,$0.00  ~ $0.00 ,N/A,N/A,N/A,N/A,N/A
Pets (Legacy),Real Estate,Instream,Canada,Desktop,N/A,$0.00  ~ $0.00 ,N/A,N/A,N/A,N/A,N/A
Pets (Legacy),Real Estate,Outstream,United States,Mobile Web,N/A,$0.00  ~ $0.00 ,N/A,N/A,N/A,N/A,N/A
Pets (Legacy),Real Estate,Outstream,United States,Desktop,N/A,$0.00  ~ $0.00 ,N/A,N/A,N/A,N/A,N/A
Pets (Legacy),Real Estate,Interstitial,United States,Mobile Web,N/A,$0.00  ~ $0.00 ,N/A,N/A,N/A,N/A,N/A
Pets (Legacy),Real Estate,Interstitial,United States,Desktop,N/A,$0.00  ~ $0.00 ,N/A,N/A,N/A,N/A,N/A
Pets (Legacy),Cold & Flu,Instream,United States,Desktop,N/A,$0.00  ~ $0.00 ,N/A,N/A,N/A,N/A,N/A
Pets (Legacy),Cold & Flu,Outstream,United States,Desktop,N/A,$0.00  ~ $0.00 ,N/A,N/A,N/A,N/A,N/A
Pets (Legacy),Cold & Flu,Outstream,United States,Mobile Web,N/A,$0.00  ~ $0.00 ,N/A,N/A,N/A,N/A,N/A
Pets (Legacy),Large Animals,Outstream,United States,Desktop,N/A,$0.00  ~ $0.00 ,N/A,N/A,N/A,N/A,N/A
Pets (Legacy),Metals,Instream,Canada,Desktop,N/A,$0.00  ~ $0.00 ,N/A,N/A,N/A,N/A,N/A
Pets (Legacy),Metals,Instream,United States,Desktop,N/A,$0.00  ~ $0.00 ,N/A,N/A,N/A,N/A,N/A
Pets (Legacy),Metals,Interstitial,United States,Desktop,N/A,$0.00  ~ $0.00 ,N/A,N/A,N/A,N/A,N/A
Pets (Legacy),Biotech/Biomedical,Interstitial,United States,Desktop,N/A,$0.00  ~ $0.00 ,N/A,N/A,N/A,N/A,N/A
Pets (Legacy),Biotech/Biomedical,Instream,United States,Desktop,N/A,$0.00  ~ $0.00 ,N/A,N/A,N/A,N/A,N/A
Pets (Legacy),Biotech/Biomedical,Outstream,United States,Desktop,N/A,$0.00  ~ $0.00 ,N/A,N/A,N/A,N/A,N/A
Pets (Legacy),Interior Decorating,Outstream,United States,Desktop,N/A,$0.00  ~ $0.00 ,N/A,N/A,N/A,N/A,N/A
Pets (Legacy),Interior Decorating,Outstream,United States,Mobile Web,N/A,$0.00  ~ $0.00 ,N/A,N/A,N/A,N/A,N/A
Pets (Legacy),Interior Decorating,Outstream,United States,Tablet,N/A,$0.00  ~ $0.00 ,N/A,N/A,N/A,N/A,N/A
Pets (Legacy),Interior Decorating,Instream,United States,Desktop,N/A,$0.00  ~ $0.00 ,N/A,N/A,N/A,N/A,N/A
Pets (Legacy),Interior Decorating,Interstitial,United States,Tablet,N/A,$0.00  ~ $0.00 ,N/A,N/A,N/A,N/A,N/A
Pets (Legacy),Credit/Debt & Loans,Instream,United States,Desktop,N/A,$0.00  ~ $0.00 ,N/A,N/A,N/A,N/A,N/A
Pets (Legacy),Honeymoons/Getaways,Instream,United States,Desktop,N/A,$0.00  ~ $0.00 ,N/A,N/A,N/A,N/A,N/A
Pets (Legacy),Honeymoons/Getaways,Outstream,United States,Desktop,N/A,$0.00  ~ $0.00 ,N/A,N/A,N/A,N/A,N/A
Pets (Legacy),College,Instream,United States,Desktop,N/A,$0.00  ~ $0.00 ,N/A,N/A,N/A,N/A,N/A
Pets (Legacy),College,Outstream,United States,Desktop,N/A,$0.00  ~ $0.00 ,N/A,N/A,N/A,N/A,N/A
Pets (Legacy),College,Interstitial,United States,Desktop,N/A,$0.00  ~ $0.00 ,N/A,N/A,N/A,N/A,N/A
Pets (Legacy),Job Search,Outstream,United States,Desktop,N/A,$0.00  ~ $0.00 ,N/A,N/A,N/A,N/A,N/A
Pets (Legacy),Job Search,Outstream,United States,Mobile Web,N/A,$0.00  ~ $0.00 ,N/A,N/A,N/A,N/A,N/A
Real Estate (Legacy),Hobbies & Interests,Instream,United States,Desktop,N/A,$60.59  ~ $60.59 ,N/A,N/A,N/A,73.22%,N/A
Real Estate (Legacy),Hobbies & Interests,Outstream,United States,Mobile Web,N/A,$61.59  ~ $61.59 ,N/A,N/A,N/A,100.00%,N/A
Real Estate (Legacy),Hobbies & Interests,Outstream,United States,Desktop,N/A,$58.99  ~ $58.99 ,N/A,N/A,N/A,N/A,N/A
Real Estate (Legacy),Interior Decorating,Instream,United States,Mobile Web,N/A,$33.29  ~ $33.29 ,N/A,N/A,N/A,100.00%,N/A
Real Estate (Legacy),Home & Garden,Instream,United States,Mobile Web,N/A,$23.40  ~ $23.98 ,N/A,N/A,N/A,75.93%,N/A
Real Estate (Legacy),Home & Garden,Instream,United States,Desktop,N/A,$25.08  ~ $26.15 ,N/A,N/A,N/A,88.46%,N/A
Real Estate (Legacy),Home & Garden,Outstream,United States,Desktop,N/A,$28.17  ~ $50.53 ,N/A,N/A,N/A,66.67%,N/A
Real Estate (Legacy),News,Instream,United States,Desktop,N/A,$26.27  ~ $26.27 ,$6.34 ,N/A,0.41%,77.63%,N/A
Real Estate (Legacy),Health & Fitness,Instream,United States,Desktop,N/A,$27.17  ~ $36.46 ,N/A,N/A,N/A,88.64%,N/A
Real Estate (Legacy),Health & Fitness,Outstream,United States,Desktop,N/A,$35.85  ~ $35.85 ,N/A,N/A,N/A,N/A,N/A
Real Estate (Legacy),Education,Instream,United States,Desktop,N/A,$27.30  ~ $27.31 ,N/A,N/A,N/A,100.00%,N/A
Real Estate (Legacy),Education,Instream,United States,Mobile Web,N/A,$34.75  ~ $84.45 ,N/A,N/A,N/A,100.00%,N/A
Real Estate (Legacy),Travel,Instream,United States,Desktop,N/A,$30.73  ~ $30.73 ,N/A,N/A,N/A,66.67%,N/A
Real Estate (Legacy),Business,Instream,United States,Desktop,N/A,$37.11  ~ $38.15 ,N/A,N/A,N/A,83.84%,N/A
Real Estate (Legacy),Business,Instream,United States,Mobile Web,N/A,$35.03  ~ $35.10 ,N/A,N/A,N/A,68.97%,N/A
Real Estate (Legacy),Business,Outstream,United States,Desktop,N/A,$49.27  ~ $108.05 ,N/A,N/A,N/A,66.67%,N/A
Real Estate (Legacy),Personal Finance,Instream,United States,Desktop,N/A,$48.55  ~ $60.92 ,$3.05 ,N/A,2.00%,81.63%,N/A
Real Estate (Legacy),Personal Finance,Instream,United States,Mobile Web,N/A,$49.95  ~ $50.25 ,N/A,N/A,N/A,77.46%,N/A
Real Estate (Legacy),Personal Finance,Outstream,United States,Desktop,N/A,$43.57  ~ $43.57 ,N/A,N/A,N/A,33.33%,N/A
Real Estate (Legacy),"Law, Gov't & Politics",Instream,United States,Desktop,N/A,$45.89  ~ $46.68 ,N/A,N/A,N/A,85.61%,N/A
Real Estate (Legacy),"Law, Gov't & Politics",Outstream,United States,Desktop,N/A,$48.03  ~ $48.03 ,N/A,N/A,N/A,50.00%,N/A
Real Estate (Legacy),Buying/Selling Cars,Instream,United States,Desktop,N/A,$41.53  ~ $41.53 ,N/A,N/A,N/A,98.92%,N/A
Real Estate (Legacy),Buying/Selling Cars,Instream,United States,Mobile Web,N/A,$42.99  ~ $42.99 ,N/A,N/A,N/A,73.83%,N/A
Real Estate (Legacy),Automotive,Instream,United States,Desktop,N/A,$36.86  ~ $37.12 ,N/A,N/A,N/A,95.83%,N/A
Real Estate (Legacy),Remodeling & Construction,Outstream,United States,Desktop,N/A,$40.21  ~ $40.21 ,N/A,N/A,N/A,100.00%,N/A
Real Estate (Legacy),Shopping,Instream,United States,Desktop,N/A,$38.15  ~ $38.15 ,N/A,N/A,N/A,95.65%,N/A
Real Estate (Legacy),Politics,Outstream,United States,Desktop,N/A,$70.00  ~ $70.00 ,N/A,N/A,N/A,33.33%,N/A
Real Estate (Legacy),Politics,Instream,United States,Desktop,N/A,$45.80  ~ $45.80 ,N/A,N/A,N/A,100.00%,N/A
Real Estate (Legacy),Arts & Entertainment,Instream,United States,Desktop,N/A,$22.21  ~ $33.32 ,N/A,N/A,N/A,90.28%,N/A
Real Estate (Legacy),Education,Outstream,United States,Desktop,N/A,$0.00  ~ $0.00 ,N/A,N/A,N/A,N/A,N/A
Real Estate (Legacy),Education,Outstream,United States,Mobile Web,N/A,$0.00  ~ $0.00 ,N/A,N/A,N/A,N/A,N/A
Real Estate (Legacy),Education,Outstream,United States,Tablet,N/A,$0.00  ~ $0.00 ,N/A,N/A,N/A,N/A,N/A
Real Estate (Legacy),Education,Interstitial,United States,Desktop,N/A,$0.00  ~ $0.00 ,N/A,N/A,N/A,N/A,N/A
Real Estate (Legacy),Education,Interstitial,United States,Mobile Web,N/A,$0.00  ~ $0.00 ,N/A,N/A,N/A,N/A,N/A
Real Estate (Legacy),Cruises,Interstitial,United States,Desktop,N/A,$0.00  ~ $0.00 ,N/A,N/A,N/A,N/A,N/A
Real Estate (Legacy),Cruises,Instream,United States,Desktop,N/A,$0.00  ~ $0.00 ,N/A,N/A,N/A,N/A,N/A
Real Estate (Legacy),Cruises,Outstream,United States,Desktop,N/A,$0.00  ~ $0.00 ,N/A,N/A,N/A,N/A,N/A
Real Estate (Legacy),Pro Ice Hockey,Instream,Canada,Desktop,N/A,$0.00  ~ $0.00 ,N/A,N/A,N/A,N/A,N/A
Real Estate (Legacy),Psychology/Psychiatry,Outstream,United States,Desktop,N/A,$0.00  ~ $0.00 ,N/A,N/A,N/A,N/A,N/A
Real Estate (Legacy),Theme Parks,Outstream,United States,Mobile Web,N/A,$0.00  ~ $0.00 ,N/A,N/A,N/A,N/A,N/A
Real Estate (Legacy),Hotels,Instream,United States,Desktop,N/A,$0.00  ~ $0.00 ,N/A,N/A,N/A,N/A,N/A
Real Estate (Legacy),Hotels,Outstream,United States,Desktop,N/A,$0.00  ~ $0.00 ,N/A,N/A,N/A,N/A,N/A
Real Estate (Legacy),Hotels,Outstream,United States,Mobile Web,N/A,$0.00  ~ $0.00 ,N/A,N/A,N/A,N/A,N/A
Real Estate (Legacy),Hotels,Interstitial,United States,Desktop,N/A,$0.00  ~ $0.00 ,N/A,N/A,N/A,N/A,N/A
Real Estate (Legacy),Agriculture,Outstream,United States,Mobile Web,N/A,$0.00  ~ $0.00 ,N/A,N/A,N/A,N/A,N/A
Real Estate (Legacy),Agriculture,Outstream,United States,Desktop,N/A,$0.00  ~ $0.00 ,N/A,N/A,N/A,N/A,N/A
Real Estate (Legacy),Agriculture,Interstitial,United States,Desktop,N/A,$0.00  ~ $0.00 ,N/A,N/A,N/A,N/A,N/A
Real Estate (Legacy),Buying/Selling Cars,Outstream,United States,Desktop,N/A,$0.00  ~ $0.00 ,N/A,N/A,N/A,N/A,N/A
Real Estate (Legacy),Buying/Selling Cars,Outstream,United States,Mobile Web,N/A,$0.00  ~ $0.00 ,N/A,N/A,N/A,N/A,N/A
Real Estate (Legacy),Buying/Selling Cars,Interstitial,United States,Desktop,N/A,$0.00  ~ $0.00 ,N/A,N/A,N/A,N/A,N/A
Real Estate (Legacy),Graduate School,Instream,United States,Desktop,N/A,$0.00  ~ $0.00 ,N/A,N/A,N/A,N/A,N/A
Real Estate (Legacy),Graduate School,Interstitial,United States,Desktop,N/A,$0.00  ~ $0.00 ,N/A,N/A,N/A,N/A,N/A
Real Estate (Legacy),Graduate School,Outstream,United States,Desktop,N/A,$0.00  ~ $0.00 ,N/A,N/A,N/A,N/A,N/A
Real Estate (Legacy),Food & Drink,Interstitial,United States,Desktop,N/A,$0.00  ~ $0.00 ,N/A,N/A,N/A,N/A,N/A
Real Estate (Legacy),Food & Drink,Outstream,United States,Desktop,N/A,$0.00  ~ $0.00 ,N/A,N/A,N/A,N/A,N/A
Real Estate (Legacy),Food & Drink,Outstream,United States,Mobile Web,N/A,$0.00  ~ $0.00 ,N/A,N/A,N/A,N/A,N/A
Real Estate (Legacy),Food & Drink,Outstream,United States,Tablet,N/A,$0.00  ~ $0.00 ,N/A,N/A,N/A,N/A,N/A
Real Estate (Legacy),Food & Drink,Outstream,United Kingdom,Desktop,N/A,$0.00  ~ $0.00 ,N/A,N/A,N/A,N/A,N/A
Real Estate (Legacy),Food & Drink,Instream,United States,Desktop,N/A,$0.00  ~ $0.00 ,N/A,N/A,N/A,N/A,N/A
Real Estate (Legacy),Food & Drink,Instream,United States,Mobile Web,N/A,$0.00  ~ $0.00 ,N/A,N/A,N/A,N/A,N/A
Real Estate (Legacy),Catholicism,Outstream,United States,Mobile Web,N/A,$0.00  ~ $0.00 ,N/A,N/A,N/A,N/A,N/A
Real Estate (Legacy),Business,Native,United States,Desktop,N/A,$0.00  ~ $0.00 ,N/A,N/A,N/A,N/A,N/A
Real Estate (Legacy),Business,Outstream,United States,Mobile Web,N/A,$0.00  ~ $0.00 ,N/A,N/A,N/A,N/A,N/A
Real Estate (Legacy),Business,Outstream,United States,Tablet,N/A,$0.00  ~ $0.00 ,N/A,N/A,N/A,N/A,N/A
Real Estate (Legacy),Business,Outstream,United Kingdom,Mobile Web,N/A,$0.00  ~ $0.00 ,N/A,N/A,N/A,N/A,N/A
Real Estate (Legacy),Business,Outstream,United Kingdom,Desktop,N/A,$0.00  ~ $0.00 ,N/A,N/A,N/A,N/A,N/A
Real Estate (Legacy),Business,Outstream,Canada,Desktop,N/A,$0.00  ~ $0.00 ,N/A,N/A,N/A,N/A,N/A
Real Estate (Legacy),Business,Outstream,Canada,Mobile Web,N/A,$0.00  ~ $0.00 ,N/A,N/A,N/A,N/A,N/A
Real Estate (Legacy),Business,Instream,Canada,Desktop,N/A,$0.00  ~ $0.00 ,N/A,N/A,N/A,N/A,N/A
Real Estate (Legacy),Business,Instream,United Kingdom,Desktop,N/A,$0.00  ~ $0.00 ,N/A,N/A,N/A,N/A,N/A
Real Estate (Legacy),Business,Instream,United Kingdom,Mobile Web,N/A,$0.00  ~ $0.00 ,N/A,N/A,N/A,N/A,N/A
Real Estate (Legacy),Business,Interstitial,United States,Desktop,N/A,$0.00  ~ $0.00 ,N/A,N/A,N/A,N/A,N/A
Real Estate (Legacy),Business,Interstitial,Canada,Desktop,N/A,$0.00  ~ $0.00 ,N/A,N/A,N/A,N/A,N/A
Real Estate (Legacy),Business,Interstitial,United Kingdom,Mobile Web,N/A,$0.00  ~ $0.00 ,N/A,N/A,N/A,N/A,N/A
Real Estate (Legacy),Shopping,Outstream,United States,Mobile Web,N/A,$0.00  ~ $0.00 ,N/A,N/A,N/A,N/A,N/A
Real Estate (Legacy),Shopping,Outstream,United States,Desktop,N/A,$0.00  ~ $0.00 ,N/A,N/A,N/A,N/A,N/A
Real Estate (Legacy),Shopping,Outstream,United Kingdom,Mobile Web,N/A,$0.00  ~ $0.00 ,N/A,N/A,N/A,N/A,N/A
Real Estate (Legacy),Shopping,Outstream,United Kingdom,Desktop,N/A,$0.00  ~ $0.00 ,N/A,N/A,N/A,N/A,N/A
Real Estate (Legacy),Shopping,Interstitial,United States,Desktop,N/A,$0.00  ~ $0.00 ,N/A,N/A,N/A,N/A,N/A
Real Estate (Legacy),Shopping,Interstitial,United States,Mobile Web,N/A,$0.00  ~ $0.00 ,N/A,N/A,N/A,N/A,N/A
Real Estate (Legacy),Shopping,Interstitial,United Kingdom,Mobile Web,N/A,$0.00  ~ $0.00 ,N/A,N/A,N/A,N/A,N/A
Real Estate (Legacy),Shopping,Interstitial,United Kingdom,Desktop,N/A,$0.00  ~ $0.00 ,N/A,N/A,N/A,N/A,N/A
Real Estate (Legacy),Shopping,Instream,Canada,Desktop,N/A,$0.00  ~ $0.00 ,N/A,N/A,N/A,N/A,N/A
Real Estate (Legacy),Shopping,Native,United States,Desktop,N/A,$0.00  ~ $0.00 ,N/A,N/A,N/A,N/A,N/A
Real Estate (Legacy),Careers,Outstream,United States,Desktop,N/A,$0.00  ~ $0.00 ,N/A,N/A,N/A,N/A,N/A
Real Estate (Legacy),Careers,Outstream,United States,Mobile Web,N/A,$0.00  ~ $0.00 ,N/A,N/A,N/A,N/A,N/A
Real Estate (Legacy),Careers,Outstream,Canada,Desktop,N/A,$0.00  ~ $0.00 ,N/A,N/A,N/A,N/A,N/A
Real Estate (Legacy),Careers,Instream,United States,Desktop,N/A,$0.00  ~ $0.00 ,N/A,N/A,N/A,N/A,N/A
Real Estate (Legacy),Careers,Interstitial,United States,Desktop,N/A,$0.00  ~ $0.00 ,N/A,N/A,N/A,N/A,N/A
Real Estate (Legacy),Interior Decorating,Outstream,United States,Desktop,N/A,$0.00  ~ $0.00 ,N/A,N/A,N/A,N/A,N/A
Real Estate (Legacy),Interior Decorating,Outstream,United States,Mobile Web,N/A,$0.00  ~ $0.00 ,N/A,N/A,N/A,N/A,N/A
Real Estate (Legacy),Interior Decorating,Outstream,United States,Tablet,N/A,$0.00  ~ $0.00 ,N/A,N/A,N/A,N/A,N/A
Real Estate (Legacy),Interior Decorating,Interstitial,United States,Desktop,N/A,$0.00  ~ $0.00 ,N/A,N/A,N/A,N/A,N/A
Real Estate (Legacy),Interior Decorating,Interstitial,United States,Tablet,N/A,$0.00  ~ $0.00 ,N/A,N/A,N/A,N/A,N/A
Real Estate (Legacy),Interior Decorating,Instream,United States,Desktop,N/A,$0.00  ~ $0.00 ,N/A,N/A,N/A,N/A,N/A
Real Estate (Legacy),Home & Garden,Outstream,United States,Tablet,N/A,$0.00  ~ $0.00 ,N/A,N/A,N/A,N/A,N/A
Real Estate (Legacy),Home & Garden,Outstream,United States,Mobile Web,N/A,$0.00  ~ $0.00 ,N/A,N/A,N/A,N/A,N/A
Real Estate (Legacy),Home & Garden,Interstitial,United States,Desktop,N/A,$0.00  ~ $0.00 ,N/A,N/A,N/A,N/A,N/A
Real Estate (Legacy),Home & Garden,Interstitial,United States,Tablet,N/A,$0.00  ~ $0.00 ,N/A,N/A,N/A,N/A,N/A
Real Estate (Legacy),Home & Garden,Interstitial,United Kingdom,Desktop,N/A,$0.00  ~ $0.00 ,N/A,N/A,N/A,N/A,N/A
Real Estate (Legacy),Apartments,Instream,United Kingdom,Desktop,N/A,$0.00  ~ $0.00 ,N/A,N/A,N/A,N/A,N/A
Real Estate (Legacy),Pets,Instream,Canada,Desktop,N/A,$0.00  ~ $0.00 ,N/A,N/A,N/A,N/A,N/A
Real Estate (Legacy),Honeymoons/Getaways,Interstitial,United Kingdom,Desktop,N/A,$0.00  ~ $0.00 ,N/A,N/A,N/A,N/A,N/A
Real Estate (Legacy),Honeymoons/Getaways,Outstream,United States,Desktop,N/A,$0.00  ~ $0.00 ,N/A,N/A,N/A,N/A,N/A
Real Estate (Legacy),Politics,Outstream,United States,Mobile Web,N/A,$0.00  ~ $0.00 ,N/A,N/A,N/A,N/A,N/A
Real Estate (Legacy),Politics,Interstitial,United States,Desktop,N/A,$0.00  ~ $0.00 ,N/A,N/A,N/A,N/A,N/A
Real Estate (Legacy),Private School,Instream,United States,Desktop,N/A,$0.00  ~ $0.00 ,N/A,N/A,N/A,N/A,N/A
Real Estate (Legacy),Private School,Interstitial,United States,Desktop,N/A,$0.00  ~ $0.00 ,N/A,N/A,N/A,N/A,N/A
Real Estate (Legacy),Private School,Outstream,United States,Mobile Web,N/A,$0.00  ~ $0.00 ,N/A,N/A,N/A,N/A,N/A
Real Estate (Legacy),Travel,Interstitial,United Kingdom,Mobile Web,N/A,$0.00  ~ $0.00 ,N/A,N/A,N/A,N/A,N/A
Real Estate (Legacy),Travel,Interstitial,United Kingdom,Desktop,N/A,$0.00  ~ $0.00 ,N/A,N/A,N/A,N/A,N/A
Real Estate (Legacy),Travel,Interstitial,United States,Desktop,N/A,$0.00  ~ $0.00 ,N/A,N/A,N/A,N/A,N/A
Real Estate (Legacy),Travel,Outstream,United Kingdom,Mobile Web,N/A,$0.00  ~ $0.00 ,N/A,N/A,N/A,N/A,N/A
Real Estate (Legacy),Travel,Outstream,United Kingdom,Desktop,N/A,$0.00  ~ $0.00 ,N/A,N/A,N/A,N/A,N/A
Real Estate (Legacy),Travel,Outstream,United States,Desktop,N/A,$0.00  ~ $0.00 ,N/A,N/A,N/A,N/A,N/A
Real Estate (Legacy),Travel,Outstream,United States,Mobile Web,N/A,$0.00  ~ $0.00 ,N/A,N/A,N/A,N/A,N/A
Real Estate (Legacy),Travel,Outstream,United States,Tablet,N/A,$0.00  ~ $0.00 ,N/A,N/A,N/A,N/A,N/A
Real Estate (Legacy),Travel,Instream,United Kingdom,Desktop,N/A,$0.00  ~ $0.00 ,N/A,N/A,N/A,N/A,N/A
Real Estate (Legacy),Infertility,Outstream,United States,Desktop,N/A,$0.00  ~ $0.00 ,N/A,N/A,N/A,N/A,N/A
Real Estate (Legacy),Infertility,Outstream,United States,Mobile Web,N/A,$0.00  ~ $0.00 ,N/A,N/A,N/A,N/A,N/A
Real Estate (Legacy),Infertility,Interstitial,United States,Desktop,N/A,$0.00  ~ $0.00 ,N/A,N/A,N/A,N/A,N/A
Real Estate (Legacy),Credit/Debt & Loans,Instream,United States,Desktop,N/A,$0.00  ~ $0.00 ,N/A,N/A,N/A,N/A,N/A
Real Estate (Legacy),Senor Health,Outstream,United States,Desktop,N/A,$0.00  ~ $0.00 ,N/A,N/A,N/A,N/A,N/A
Real Estate (Legacy),Contests & Freebies,Outstream,United States,Mobile Web,N/A,$0.00  ~ $0.00 ,N/A,N/A,N/A,N/A,N/A
Real Estate (Legacy),Coffee/Tea,Outstream,United States,Mobile Web,N/A,$0.00  ~ $0.00 ,N/A,N/A,N/A,N/A,N/A
Real Estate (Legacy),"Law, Gov't & Politics",Outstream,United States,Mobile Web,N/A,$0.00  ~ $0.00 ,N/A,N/A,N/A,N/A,N/A
Real Estate (Legacy),"Law, Gov't & Politics",Outstream,Mexico,Desktop,N/A,$0.00  ~ $0.00 ,N/A,N/A,N/A,N/A,N/A
Real Estate (Legacy),"Law, Gov't & Politics",Instream,Mexico,Desktop,N/A,$0.00  ~ $0.00 ,N/A,N/A,N/A,N/A,N/A
Real Estate (Legacy),"Law, Gov't & Politics",Interstitial,United States,Desktop,N/A,$0.00  ~ $0.00 ,N/A,N/A,N/A,N/A,N/A
Real Estate (Legacy),Biotech/Biomedical,Outstream,United States,Desktop,N/A,$0.00  ~ $0.00 ,N/A,N/A,N/A,N/A,N/A
Real Estate (Legacy),Biotech/Biomedical,Outstream,United States,Mobile Web,N/A,$0.00  ~ $0.00 ,N/A,N/A,N/A,N/A,N/A
Real Estate (Legacy),Biotech/Biomedical,Instream,United States,Desktop,N/A,$0.00  ~ $0.00 ,N/A,N/A,N/A,N/A,N/A
Real Estate (Legacy),Biotech/Biomedical,Interstitial,United States,Desktop,N/A,$0.00  ~ $0.00 ,N/A,N/A,N/A,N/A,N/A
Real Estate (Legacy),Senior Living,Interstitial,United States,Desktop,N/A,$0.00  ~ $0.00 ,N/A,N/A,N/A,N/A,N/A
Real Estate (Legacy),Senior Living,Instream,United States,Desktop,N/A,$0.00  ~ $0.00 ,N/A,N/A,N/A,N/A,N/A
Real Estate (Legacy),Senior Living,Outstream,United States,Desktop,N/A,$0.00  ~ $0.00 ,N/A,N/A,N/A,N/A,N/A
Real Estate (Legacy),Advertising,Outstream,United States,Desktop,N/A,$0.00  ~ $0.00 ,N/A,N/A,N/A,N/A,N/A
Real Estate (Legacy),Advertising,Outstream,United States,Mobile Web,N/A,$0.00  ~ $0.00 ,N/A,N/A,N/A,N/A,N/A
Real Estate (Legacy),Advertising,Interstitial,United States,Desktop,N/A,$0.00  ~ $0.00 ,N/A,N/A,N/A,N/A,N/A
Real Estate (Legacy),Advertising,Interstitial,United States,Mobile Web,N/A,$0.00  ~ $0.00 ,N/A,N/A,N/A,N/A,N/A
Real Estate (Legacy),Advertising,Instream,Canada,Desktop,N/A,$0.00  ~ $0.00 ,N/A,N/A,N/A,N/A,N/A
Real Estate (Legacy),Advertising,Instream,United States,Desktop,N/A,$0.00  ~ $0.00 ,N/A,N/A,N/A,N/A,N/A
Real Estate (Legacy),Green Solutions,Outstream,United States,Desktop,N/A,$0.00  ~ $0.00 ,N/A,N/A,N/A,N/A,N/A
Real Estate (Legacy),Large Animals,Outstream,United States,Mobile Web,N/A,$0.00  ~ $0.00 ,N/A,N/A,N/A,N/A,N/A
Real Estate (Legacy),Large Animals,Outstream,United States,Desktop,N/A,$0.00  ~ $0.00 ,N/A,N/A,N/A,N/A,N/A
Real Estate (Legacy),Real Estate,Outstream,United States,Mobile Web,N/A,$0.00  ~ $0.00 ,N/A,N/A,N/A,N/A,N/A
Real Estate (Legacy),Real Estate,Outstream,United States,Tablet,N/A,$0.00  ~ $0.00 ,N/A,N/A,N/A,N/A,N/A
Real Estate (Legacy),Real Estate,Outstream,United States,Desktop,N/A,$0.00  ~ $0.00 ,N/A,N/A,N/A,N/A,N/A
Real Estate (Legacy),Real Estate,Instream,United States,Desktop,N/A,$0.00  ~ $0.00 ,N/A,N/A,N/A,N/A,N/A
Real Estate (Legacy),Real Estate,Instream,United States,Mobile Web,N/A,$0.00  ~ $0.00 ,N/A,N/A,N/A,N/A,N/A
Real Estate (Legacy),Real Estate,Interstitial,United States,Desktop,N/A,$0.00  ~ $0.00 ,N/A,N/A,N/A,N/A,N/A
Real Estate (Legacy),Cold & Flu,Interstitial,United States,Desktop,N/A,$0.00  ~ $0.00 ,N/A,N/A,N/A,N/A,N/A
Real Estate (Legacy),Cold & Flu,Outstream,United States,Desktop,N/A,$0.00  ~ $0.00 ,N/A,N/A,N/A,N/A,N/A
Real Estate (Legacy),Cold & Flu,Outstream,United States,Mobile Web,N/A,$0.00  ~ $0.00 ,N/A,N/A,N/A,N/A,N/A
Real Estate (Legacy),Cold & Flu,Instream,United States,Desktop,N/A,$0.00  ~ $0.00 ,N/A,N/A,N/A,N/A,N/A
Real Estate (Legacy),Pediatrics,Outstream,United States,Desktop,N/A,$0.00  ~ $0.00 ,N/A,N/A,N/A,N/A,N/A
Real Estate (Legacy),Pediatrics,Outstream,United States,Tablet,N/A,$0.00  ~ $0.00 ,N/A,N/A,N/A,N/A,N/A
Real Estate (Legacy),Art/Technology,Outstream,United States,Tablet,N/A,$0.00  ~ $0.00 ,N/A,N/A,N/A,N/A,N/A
Real Estate (Legacy),Art/Technology,Outstream,United States,Desktop,N/A,$0.00  ~ $0.00 ,N/A,N/A,N/A,N/A,N/A
Real Estate (Legacy),Art/Technology,Outstream,United States,Mobile Web,N/A,$0.00  ~ $0.00 ,N/A,N/A,N/A,N/A,N/A
Real Estate (Legacy),Arts & Entertainment,Outstream,United States,Mobile Web,N/A,$0.00  ~ $0.00 ,N/A,N/A,N/A,N/A,N/A
Real Estate (Legacy),Arts & Entertainment,Outstream,United States,Desktop,N/A,$0.00  ~ $0.00 ,N/A,N/A,N/A,N/A,N/A
Real Estate (Legacy),Arts & Entertainment,Outstream,United Kingdom,Mobile Web,N/A,$0.00  ~ $0.00 ,N/A,N/A,N/A,N/A,N/A
Real Estate (Legacy),Arts & Entertainment,Outstream,United Kingdom,Desktop,N/A,$0.00  ~ $0.00 ,N/A,N/A,N/A,N/A,N/A
Real Estate (Legacy),Arts & Entertainment,Interstitial,United States,Desktop,N/A,$0.00  ~ $0.00 ,N/A,N/A,N/A,N/A,N/A
Real Estate (Legacy),Arts & Entertainment,Interstitial,United Kingdom,Mobile Web,N/A,$0.00  ~ $0.00 ,N/A,N/A,N/A,N/A,N/A
Real Estate (Legacy),Arts & Entertainment,Interstitial,Canada,Desktop,N/A,$0.00  ~ $0.00 ,N/A,N/A,N/A,N/A,N/A
Real Estate (Legacy),Arts & Entertainment,Instream,Canada,Desktop,N/A,$0.00  ~ $0.00 ,N/A,N/A,N/A,N/A,N/A
Real Estate (Legacy),Alternative Medicine,Instream,United States,Desktop,N/A,$0.00  ~ $0.00 ,N/A,N/A,N/A,N/A,N/A
Real Estate (Legacy),Card Games,Instream,United States,Desktop,N/A,$0.00  ~ $0.00 ,N/A,N/A,N/A,N/A,N/A
Real Estate (Legacy),Card Games,Outstream,United States,Mobile Web,N/A,$0.00  ~ $0.00 ,N/A,N/A,N/A,N/A,N/A
Real Estate (Legacy),Card Games,Outstream,United States,Desktop,N/A,$0.00  ~ $0.00 ,N/A,N/A,N/A,N/A,N/A
Real Estate (Legacy),Air Travel,Native,United States,Desktop,N/A,$0.00  ~ $0.00 ,N/A,N/A,N/A,N/A,N/A
Real Estate (Legacy),Mutual Funds,Outstream,United States,Desktop,N/A,$0.00  ~ $0.00 ,N/A,N/A,N/A,N/A,N/A
Real Estate (Legacy),Legal Issues,Interstitial,United States,Desktop,N/A,$0.00  ~ $0.00 ,N/A,N/A,N/A,N/A,N/A
Real Estate (Legacy),Legal Issues,Outstream,United States,Desktop,N/A,$0.00  ~ $0.00 ,N/A,N/A,N/A,N/A,N/A
Real Estate (Legacy),Legal Issues,Outstream,United States,Mobile Web,N/A,$0.00  ~ $0.00 ,N/A,N/A,N/A,N/A,N/A
Real Estate (Legacy),Legal Issues,Instream,Canada,Desktop,N/A,$0.00  ~ $0.00 ,N/A,N/A,N/A,N/A,N/A
Real Estate (Legacy),Legal Issues,Instream,United States,Desktop,N/A,$0.00  ~ $0.00 ,N/A,N/A,N/A,N/A,N/A
Real Estate (Legacy),Automotive,Outstream,United States,Desktop,N/A,$0.00  ~ $0.00 ,N/A,N/A,N/A,N/A,N/A
Real Estate (Legacy),Automotive,Outstream,United States,Mobile Web,N/A,$0.00  ~ $0.00 ,N/A,N/A,N/A,N/A,N/A
Real Estate (Legacy),Technology & Computing,Outstream,United States,Desktop,N/A,$0.00  ~ $0.00 ,N/A,N/A,N/A,N/A,N/A
Real Estate (Legacy),Business Software,Instream,United States,Desktop,N/A,$0.00  ~ $0.00 ,N/A,N/A,N/A,N/A,N/A
Real Estate (Legacy),Business Software,Outstream,United States,Mobile Web,N/A,$0.00  ~ $0.00 ,N/A,N/A,N/A,N/A,N/A
Real Estate (Legacy),Business Software,Outstream,United States,Desktop,N/A,$0.00  ~ $0.00 ,N/A,N/A,N/A,N/A,N/A
Real Estate (Legacy),Business Software,Interstitial,United Kingdom,Desktop,N/A,$0.00  ~ $0.00 ,N/A,N/A,N/A,N/A,N/A
Real Estate (Legacy),Gardening,Instream,United States,Desktop,N/A,$0.00  ~ $0.00 ,N/A,N/A,N/A,N/A,N/A
Real Estate (Legacy),Gardening,Outstream,United States,Desktop,N/A,$0.00  ~ $0.00 ,N/A,N/A,N/A,N/A,N/A
Real Estate (Legacy),Gardening,Outstream,United States,Mobile Web,N/A,$0.00  ~ $0.00 ,N/A,N/A,N/A,N/A,N/A
Real Estate (Legacy),Job Search,Outstream,United States,Desktop,N/A,$0.00  ~ $0.00 ,N/A,N/A,N/A,N/A,N/A
Real Estate (Legacy),Job Search,Outstream,United States,Mobile Web,N/A,$0.00  ~ $0.00 ,N/A,N/A,N/A,N/A,N/A
Real Estate (Legacy),By US Locale,Interstitial,United States,Desktop,N/A,$0.00  ~ $0.00 ,N/A,N/A,N/A,N/A,N/A
Real Estate (Legacy),Health & Fitness,Outstream,United States,Mobile Web,N/A,$0.00  ~ $0.00 ,N/A,N/A,N/A,N/A,N/A
Real Estate (Legacy),Health & Fitness,Interstitial,United States,Desktop,N/A,$0.00  ~ $0.00 ,N/A,N/A,N/A,N/A,N/A
Real Estate (Legacy),Health & Fitness,Interstitial,Canada,Desktop,N/A,$0.00  ~ $0.00 ,N/A,N/A,N/A,N/A,N/A
Real Estate (Legacy),Health & Fitness,Instream,Canada,Desktop,N/A,$0.00  ~ $0.00 ,N/A,N/A,N/A,N/A,N/A
Real Estate (Legacy),Personal Finance,Outstream,United States,Mobile Web,N/A,$0.00  ~ $0.00 ,N/A,N/A,N/A,N/A,N/A
Real Estate (Legacy),Personal Finance,Outstream,Canada,Desktop,N/A,$0.00  ~ $0.00 ,N/A,N/A,N/A,N/A,N/A
Real Estate (Legacy),Personal Finance,Outstream,United Kingdom,Desktop,N/A,$0.00  ~ $0.00 ,N/A,N/A,N/A,N/A,N/A
Real Estate (Legacy),Personal Finance,Outstream,United Kingdom,Mobile Web,N/A,$0.00  ~ $0.00 ,N/A,N/A,N/A,N/A,N/A
Real Estate (Legacy),Personal Finance,Interstitial,United Kingdom,Desktop,N/A,$0.00  ~ $0.00 ,N/A,N/A,N/A,N/A,N/A
Real Estate (Legacy),Personal Finance,Interstitial,United States,Desktop,N/A,$0.00  ~ $0.00 ,N/A,N/A,N/A,N/A,N/A
Real Estate (Legacy),Computer Peripherals,Interstitial,United Kingdom,Mobile Web,N/A,$0.00  ~ $0.00 ,N/A,N/A,N/A,N/A,N/A
Real Estate (Legacy),Computer Peripherals,Instream,United Kingdom,Desktop,N/A,$0.00  ~ $0.00 ,N/A,N/A,N/A,N/A,N/A
Real Estate (Legacy),Computer Peripherals,Outstream,United Kingdom,Desktop,N/A,$0.00  ~ $0.00 ,N/A,N/A,N/A,N/A,N/A
Real Estate (Legacy),Remodeling & Construction,Instream,United States,Desktop,N/A,$0.00  ~ $0.00 ,N/A,N/A,N/A,N/A,N/A
Real Estate (Legacy),Remodeling & Construction,Outstream,United States,Mobile Web,N/A,$0.00  ~ $0.00 ,N/A,N/A,N/A,N/A,N/A
Real Estate (Legacy),Commentary,Outstream,United States,Desktop,N/A,$0.00  ~ $0.00 ,N/A,N/A,N/A,N/A,N/A
Real Estate (Legacy),College,Interstitial,United States,Desktop,N/A,$0.00  ~ $0.00 ,N/A,N/A,N/A,N/A,N/A
Real Estate (Legacy),College,Outstream,United States,Desktop,N/A,$0.00  ~ $0.00 ,N/A,N/A,N/A,N/A,N/A
Real Estate (Legacy),College,Outstream,United States,Mobile Web,N/A,$0.00  ~ $0.00 ,N/A,N/A,N/A,N/A,N/A
Real Estate (Legacy),Family & Parenting,Outstream,United States,Tablet,N/A,$0.00  ~ $0.00 ,N/A,N/A,N/A,N/A,N/A
Real Estate (Legacy),Family & Parenting,Outstream,United States,Desktop,N/A,$0.00  ~ $0.00 ,N/A,N/A,N/A,N/A,N/A
Real Estate (Legacy),Family & Parenting,Outstream,United States,Mobile Web,N/A,$0.00  ~ $0.00 ,N/A,N/A,N/A,N/A,N/A
Real Estate (Legacy),Family & Parenting,Interstitial,United States,Tablet,N/A,$0.00  ~ $0.00 ,N/A,N/A,N/A,N/A,N/A
Real Estate (Legacy),Family & Parenting,Interstitial,United States,Desktop,N/A,$0.00  ~ $0.00 ,N/A,N/A,N/A,N/A,N/A
Real Estate (Legacy),Family & Parenting,Instream,United States,Desktop,N/A,$0.00  ~ $0.00 ,N/A,N/A,N/A,N/A,N/A
Real Estate (Legacy),News,Interstitial,United States,Desktop,N/A,$0.00  ~ $0.00 ,N/A,N/A,N/A,N/A,N/A
Real Estate (Legacy),News,Interstitial,Canada,Desktop,N/A,$0.00  ~ $0.00 ,N/A,N/A,N/A,N/A,N/A
Real Estate (Legacy),News,Outstream,United States,Desktop,N/A,$0.00  ~ $0.00 ,N/A,N/A,N/A,N/A,N/A
Real Estate (Legacy),News,Outstream,United States,Mobile Web,N/A,$0.00  ~ $0.00 ,N/A,N/A,N/A,N/A,N/A
Real Estate (Legacy),News,Outstream,Canada,Mobile Web,N/A,$0.00  ~ $0.00 ,N/A,N/A,N/A,N/A,N/A
Real Estate (Legacy),News,Instream,Canada,Desktop,N/A,$0.00  ~ $0.00 ,N/A,N/A,N/A,N/A,N/A
Real Estate (Legacy),Music,Outstream,United States,Desktop,N/A,$0.00  ~ $0.00 ,N/A,N/A,N/A,N/A,N/A
Real Estate (Legacy),Metals,Interstitial,United States,Desktop,N/A,$0.00  ~ $0.00 ,N/A,N/A,N/A,N/A,N/A
Real Estate (Legacy),Metals,Outstream,United States,Mobile Web,N/A,$0.00  ~ $0.00 ,N/A,N/A,N/A,N/A,N/A
Real Estate (Legacy),Metals,Outstream,United States,Desktop,N/A,$0.00  ~ $0.00 ,N/A,N/A,N/A,N/A,N/A
Real Estate (Legacy),Metals,Instream,Canada,Desktop,N/A,$0.00  ~ $0.00 ,N/A,N/A,N/A,N/A,N/A
Real Estate (Legacy),Metals,Instream,United States,Desktop,N/A,$0.00  ~ $0.00 ,N/A,N/A,N/A,N/A,N/A
Real Estate (Legacy),Dogs,Instream,Canada,Desktop,N/A,$0.00  ~ $0.00 ,N/A,N/A,N/A,N/A,N/A
Real Estate (Legacy),Insurance,Outstream,United States,Desktop,N/A,$0.00  ~ $0.00 ,N/A,N/A,N/A,N/A,N/A
Real Estate (Legacy),Insurance,Outstream,United States,Mobile Web,N/A,$0.00  ~ $0.00 ,N/A,N/A,N/A,N/A,N/A
Real Estate (Legacy),Insurance,Outstream,United Kingdom,Mobile Web,N/A,$0.00  ~ $0.00 ,N/A,N/A,N/A,N/A,N/A
Real Estate (Legacy),Hobbies & Interests,Interstitial,United States,Desktop,N/A,$0.00  ~ $0.00 ,N/A,N/A,N/A,N/A,N/A
Real Estate (Legacy),Hobbies & Interests,Outstream,United Kingdom,Tablet,N/A,$0.00  ~ $0.00 ,N/A,N/A,N/A,N/A,N/A
Real Estate (Legacy),Investing,Outstream,United States,Mobile Web,N/A,$0.00  ~ $0.00 ,N/A,N/A,N/A,N/A,N/A
Real Estate (Legacy),Investing,Interstitial,United States,Desktop,N/A,$0.00  ~ $0.00 ,N/A,N/A,N/A,N/A,N/A
Real Estate (Legacy),Auto Repair,Instream,United States,Desktop,N/A,$0.00  ~ $0.00 ,N/A,N/A,N/A,N/A,N/A
Real Estate (Legacy),Cocktails/Beer,Outstream,United States,Desktop,N/A,$0.00  ~ $0.00 ,N/A,N/A,N/A,N/A,N/A
Real Estate (Legacy),Cocktails/Beer,Outstream,United States,Mobile Web,N/A,$0.00  ~ $0.00 ,N/A,N/A,N/A,N/A,N/A
Religion & Spirituality (Legacy),"Law, Gov't & Politics",Outstream,United States,Desktop,N/A,$55.41  ~ $55.41 ,$1.44 ,N/A,3.85%,58.82%,N/A
Religion & Spirituality (Legacy),"Law, Gov't & Politics",Outstream,United States,Mobile Web,N/A,$75.12  ~ $75.12 ,N/A,N/A,N/A,N/A,N/A
Religion & Spirituality (Legacy),"Law, Gov't & Politics",Instream,United States,Desktop,N/A,$47.56  ~ $47.84 ,$8.94 ,N/A,0.53%,75.86%,N/A
Religion & Spirituality (Legacy),"Law, Gov't & Politics",Instream,United States,Mobile Web,N/A,$47.78  ~ $47.78 ,N/A,N/A,N/A,100.00%,N/A
Religion & Spirituality (Legacy),Hobbies & Interests,Instream,United States,Desktop,N/A,$60.55  ~ $60.55 ,$0.97 ,N/A,6.25%,84.62%,N/A
Religion & Spirituality (Legacy),Hobbies & Interests,Instream,United States,Mobile Web,N/A,$61.59  ~ $61.59 ,N/A,N/A,N/A,100.00%,N/A
Religion & Spirituality (Legacy),Home & Garden,Outstream,United States,Desktop,N/A,$37.66  ~ $49.30 ,N/A,N/A,N/A,85.71%,N/A
Religion & Spirituality (Legacy),Home & Garden,Instream,United States,Desktop,N/A,$25.26  ~ $27.62 ,N/A,N/A,N/A,80.77%,N/A
Religion & Spirituality (Legacy),Graduate School,Instream,United States,Desktop,N/A,$30.60  ~ $30.60 ,N/A,N/A,N/A,100.00%,N/A
Religion & Spirituality (Legacy),Automotive,Instream,United States,Desktop,N/A,$37.80  ~ $38.01 ,N/A,N/A,N/A,100.00%,N/A
Religion & Spirituality (Legacy),Interior Decorating,Instream,United States,Mobile Web,N/A,$0.00  ~ $0.00 ,N/A,N/A,N/A,N/A,N/A
Religion & Spirituality (Legacy),Travel,Instream,United States,Desktop,1,$32.04  ~ $32.04 ,N/A,N/A,N/A,75.00%,N/A
Religion & Spirituality (Legacy),Health & Fitness,Instream,United States,Desktop,N/A,$25.85  ~ $30.68 ,N/A,N/A,N/A,94.44%,N/A
Religion & Spirituality (Legacy),Health & Fitness,Instream,United States,Mobile Web,N/A,$35.55  ~ $35.55 ,N/A,N/A,N/A,100.00%,N/A
Religion & Spirituality (Legacy),Health & Fitness,Outstream,United States,Desktop,N/A,$30.00  ~ $31.31 ,$0.44 ,N/A,7.14%,91.67%,N/A
Religion & Spirituality (Legacy),Personal Finance,Instream,United States,Desktop,N/A,$49.42  ~ $66.45 ,N/A,N/A,N/A,63.27%,N/A
Religion & Spirituality (Legacy),Personal Finance,Instream,United States,Mobile Web,N/A,$50.53  ~ $65.61 ,N/A,N/A,N/A,100.00%,N/A
Religion & Spirituality (Legacy),Personal Finance,Outstream,United States,Desktop,N/A,$50.80  ~ $50.80 ,N/A,N/A,N/A,66.67%,N/A
Religion & Spirituality (Legacy),Buying/Selling Cars,Instream,United States,Desktop,N/A,$38.62  ~ $38.62 ,N/A,N/A,N/A,92.59%,N/A
Religion & Spirituality (Legacy),Buying/Selling Cars,Instream,United States,Mobile Web,N/A,$43.13  ~ $43.13 ,N/A,N/A,N/A,76.92%,N/A
Religion & Spirituality (Legacy),Politics,Outstream,United States,Desktop,N/A,$79.21  ~ $79.21 ,N/A,N/A,N/A,N/A,N/A
Religion & Spirituality (Legacy),Business,Outstream,United States,Desktop,N/A,$46.46  ~ $56.14 ,N/A,N/A,N/A,87.50%,N/A
Religion & Spirituality (Legacy),Business,Instream,United States,Mobile Web,N/A,$39.09  ~ $44.39 ,N/A,N/A,N/A,100.00%,N/A
Religion & Spirituality (Legacy),Business,Instream,United States,Desktop,N/A,$38.18  ~ $42.90 ,N/A,N/A,N/A,73.68%,N/A
Religion & Spirituality (Legacy),Education,Instream,United States,Desktop,N/A,$34.79  ~ $76.94 ,N/A,N/A,N/A,100.00%,N/A
Religion & Spirituality (Legacy),Arts & Entertainment,Instream,United States,Desktop,N/A,$31.36  ~ $32.95 ,N/A,N/A,N/A,70.19%,N/A
Religion & Spirituality (Legacy),Arts & Entertainment,Instream,United States,Mobile Web,N/A,$21.32  ~ $32.40 ,N/A,N/A,N/A,50.00%,N/A
Religion & Spirituality (Legacy),Arts & Entertainment,Outstream,United States,Desktop,N/A,$0.00  ~ $0.00 ,N/A,N/A,N/A,N/A,N/A
Religion & Spirituality (Legacy),News,Instream,United States,Desktop,N/A,$41.32  ~ $41.32 ,$8.17 ,N/A,0.51%,68.93%,N/A
Religion & Spirituality (Legacy),News,Instream,United States,Mobile Web,N/A,$30.30  ~ $30.30 ,$1.18 ,N/A,2.56%,87.18%,N/A
Religion & Spirituality (Legacy),Shopping,Instream,United States,Desktop,N/A,$38.28  ~ $38.28 ,N/A,N/A,N/A,100.00%,N/A
Religion & Spirituality (Legacy),Alternative Medicine,Instream,United States,Desktop,N/A,$0.00  ~ $0.00 ,N/A,N/A,N/A,N/A,N/A
Religion & Spirituality (Legacy),Business,Instream,Canada,Desktop,N/A,$0.00  ~ $0.00 ,N/A,N/A,N/A,N/A,N/A
Religion & Spirituality (Legacy),Business,Instream,United Kingdom,Desktop,N/A,$0.00  ~ $0.00 ,N/A,N/A,N/A,N/A,N/A
Religion & Spirituality (Legacy),Business,Outstream,United States,Mobile Web,N/A,$0.00  ~ $0.00 ,N/A,N/A,N/A,N/A,N/A
Religion & Spirituality (Legacy),Business,Interstitial,United States,Mobile Web,N/A,$0.00  ~ $0.00 ,N/A,N/A,N/A,N/A,N/A
Religion & Spirituality (Legacy),Travel,Interstitial,United Kingdom,Mobile Web,N/A,$0.00  ~ $0.00 ,N/A,N/A,N/A,N/A,N/A
Religion & Spirituality (Legacy),Travel,Instream,Canada,Desktop,N/A,$0.00  ~ $0.00 ,N/A,N/A,N/A,N/A,N/A
Religion & Spirituality (Legacy),Travel,Outstream,United States,Desktop,N/A,$0.00  ~ $0.00 ,N/A,N/A,N/A,N/A,N/A
Religion & Spirituality (Legacy),Cocktails/Beer,Instream,United States,Mobile Web,N/A,$0.00  ~ $0.00 ,N/A,N/A,N/A,N/A,N/A
Religion & Spirituality (Legacy),Cocktails/Beer,Instream,United States,Desktop,N/A,$0.00  ~ $0.00 ,N/A,N/A,N/A,N/A,N/A
Religion & Spirituality (Legacy),Metals,Instream,Canada,Desktop,N/A,$0.00  ~ $0.00 ,N/A,N/A,N/A,N/A,N/A
Religion & Spirituality (Legacy),Metals,Instream,United States,Desktop,N/A,$0.00  ~ $0.00 ,N/A,N/A,N/A,N/A,N/A
Religion & Spirituality (Legacy),Pro Ice Hockey,Instream,Canada,Desktop,N/A,$0.00  ~ $0.00 ,N/A,N/A,N/A,N/A,N/A
Religion & Spirituality (Legacy),By US Locale,Instream,United States,Desktop,N/A,$0.00  ~ $0.00 ,N/A,N/A,N/A,N/A,N/A
Religion & Spirituality (Legacy),Shopping,Instream,Canada,Desktop,N/A,$0.00  ~ $0.00 ,N/A,N/A,N/A,N/A,N/A
Religion & Spirituality (Legacy),Shopping,Interstitial,United Kingdom,Mobile Web,N/A,$0.00  ~ $0.00 ,N/A,N/A,N/A,N/A,N/A
Religion & Spirituality (Legacy),Shopping,Interstitial,United States,Mobile Web,N/A,$0.00  ~ $0.00 ,N/A,N/A,N/A,N/A,N/A
Religion & Spirituality (Legacy),Shopping,Outstream,United States,Desktop,N/A,$0.00  ~ $0.00 ,N/A,N/A,N/A,N/A,N/A
Religion & Spirituality (Legacy),Shopping,Outstream,United States,Mobile Web,N/A,$0.00  ~ $0.00 ,N/A,N/A,N/A,N/A,N/A
Religion & Spirituality (Legacy),Interior Decorating,Outstream,United States,Desktop,N/A,$0.00  ~ $0.00 ,N/A,N/A,N/A,N/A,N/A
Religion & Spirituality (Legacy),Interior Decorating,Outstream,United States,Mobile Web,N/A,$0.00  ~ $0.00 ,N/A,N/A,N/A,N/A,N/A
Religion & Spirituality (Legacy),Interior Decorating,Instream,United States,Desktop,N/A,$0.00  ~ $0.00 ,N/A,N/A,N/A,N/A,N/A
Religion & Spirituality (Legacy),Interior Decorating,Interstitial,United States,Tablet,N/A,$0.00  ~ $0.00 ,N/A,N/A,N/A,N/A,N/A
Religion & Spirituality (Legacy),Business Software,Instream,United States,Desktop,N/A,$0.00  ~ $0.00 ,N/A,N/A,N/A,N/A,N/A
Religion & Spirituality (Legacy),Private School,Instream,United States,Desktop,N/A,$0.00  ~ $0.00 ,N/A,N/A,N/A,N/A,N/A
Religion & Spirituality (Legacy),Exercise,Outstream,United States,Mobile Web,N/A,$0.00  ~ $0.00 ,N/A,N/A,N/A,N/A,N/A
Religion & Spirituality (Legacy),Credit/Debt & Loans,Instream,United States,Desktop,N/A,$0.00  ~ $0.00 ,N/A,N/A,N/A,N/A,N/A
Religion & Spirituality (Legacy),Senior Living,Instream,United States,Desktop,N/A,$0.00  ~ $0.00 ,N/A,N/A,N/A,N/A,N/A
Religion & Spirituality (Legacy),Senior Living,Interstitial,United States,Mobile Web,N/A,$0.00  ~ $0.00 ,N/A,N/A,N/A,N/A,N/A
Religion & Spirituality (Legacy),Health & Fitness,Instream,Canada,Desktop,N/A,$0.00  ~ $0.00 ,N/A,N/A,N/A,N/A,N/A
Religion & Spirituality (Legacy),Health & Fitness,Outstream,United Kingdom,Desktop,N/A,$0.00  ~ $0.00 ,N/A,N/A,N/A,N/A,N/A
Religion & Spirituality (Legacy),Internet Technology,Instream,Canada,Desktop,N/A,$0.00  ~ $0.00 ,N/A,N/A,N/A,N/A,N/A
Religion & Spirituality (Legacy),Real Estate,Instream,United States,Desktop,N/A,$0.00  ~ $0.00 ,N/A,N/A,N/A,N/A,N/A
Religion & Spirituality (Legacy),Real Estate,Instream,United States,Mobile Web,N/A,$0.00  ~ $0.00 ,N/A,N/A,N/A,N/A,N/A
Religion & Spirituality (Legacy),Real Estate,Instream,Canada,Desktop,N/A,$0.00  ~ $0.00 ,N/A,N/A,N/A,N/A,N/A
Religion & Spirituality (Legacy),Real Estate,Interstitial,United States,Mobile Web,N/A,$0.00  ~ $0.00 ,N/A,N/A,N/A,N/A,N/A
Religion & Spirituality (Legacy),Real Estate,Outstream,United States,Desktop,N/A,$0.00  ~ $0.00 ,N/A,N/A,N/A,N/A,N/A
Religion & Spirituality (Legacy),Family & Parenting,Instream,United States,Desktop,N/A,$0.00  ~ $0.00 ,N/A,N/A,N/A,N/A,N/A
Religion & Spirituality (Legacy),Family & Parenting,Instream,United Kingdom,Desktop,N/A,$0.00  ~ $0.00 ,N/A,N/A,N/A,N/A,N/A
Religion & Spirituality (Legacy),Family & Parenting,Outstream,United States,Mobile Web,N/A,$0.00  ~ $0.00 ,N/A,N/A,N/A,N/A,N/A
Religion & Spirituality (Legacy),Family & Parenting,Outstream,United States,Desktop,N/A,$0.00  ~ $0.00 ,N/A,N/A,N/A,N/A,N/A
Religion & Spirituality (Legacy),Education,Instream,United States,Mobile Web,N/A,$0.00  ~ $0.00 ,N/A,N/A,N/A,N/A,N/A
Religion & Spirituality (Legacy),Education,Instream,United Kingdom,Mobile Web,N/A,$0.00  ~ $0.00 ,N/A,N/A,N/A,N/A,N/A
Religion & Spirituality (Legacy),Education,Outstream,United States,Desktop,N/A,$0.00  ~ $0.00 ,N/A,N/A,N/A,N/A,N/A
Religion & Spirituality (Legacy),Education,Outstream,United States,Mobile Web,N/A,$0.00  ~ $0.00 ,N/A,N/A,N/A,N/A,N/A
Religion & Spirituality (Legacy),Advertising,Outstream,United States,Mobile Web,N/A,$0.00  ~ $0.00 ,N/A,N/A,N/A,N/A,N/A
Religion & Spirituality (Legacy),Advertising,Outstream,United States,Desktop,N/A,$0.00  ~ $0.00 ,N/A,N/A,N/A,N/A,N/A
Religion & Spirituality (Legacy),Automotive,Instream,Mexico,Desktop,N/A,$0.00  ~ $0.00 ,N/A,N/A,N/A,N/A,N/A
Religion & Spirituality (Legacy),Automotive,Outstream,United States,Mobile Web,N/A,$0.00  ~ $0.00 ,N/A,N/A,N/A,N/A,N/A
Religion & Spirituality (Legacy),Pets,Instream,Canada,Desktop,N/A,$0.00  ~ $0.00 ,N/A,N/A,N/A,N/A,N/A
Religion & Spirituality (Legacy),Card Games,Instream,United States,Desktop,N/A,$0.00  ~ $0.00 ,N/A,N/A,N/A,N/A,N/A
Religion & Spirituality (Legacy),Green Solutions,Instream,United States,Desktop,N/A,$0.00  ~ $0.00 ,N/A,N/A,N/A,N/A,N/A
Religion & Spirituality (Legacy),Agriculture,Instream,United States,Desktop,N/A,$0.00  ~ $0.00 ,N/A,N/A,N/A,N/A,N/A
Religion & Spirituality (Legacy),Home Repair,Outstream,United States,Mobile Web,N/A,$0.00  ~ $0.00 ,N/A,N/A,N/A,N/A,N/A
Religion & Spirituality (Legacy),Home Repair,Instream,United States,Desktop,N/A,$0.00  ~ $0.00 ,N/A,N/A,N/A,N/A,N/A
Religion & Spirituality (Legacy),News,Instream,Canada,Desktop,N/A,$0.00  ~ $0.00 ,N/A,N/A,N/A,N/A,N/A
Religion & Spirituality (Legacy),News,Outstream,Canada,Desktop,N/A,$0.00  ~ $0.00 ,N/A,N/A,N/A,N/A,N/A
Religion & Spirituality (Legacy),Job Search,Instream,United States,Mobile Web,N/A,$0.00  ~ $0.00 ,N/A,N/A,N/A,N/A,N/A
Religion & Spirituality (Legacy),Pediatrics,Instream,United States,Desktop,N/A,$0.00  ~ $0.00 ,N/A,N/A,N/A,N/A,N/A
Religion & Spirituality (Legacy),Pediatrics,Outstream,United States,Desktop,N/A,$0.00  ~ $0.00 ,N/A,N/A,N/A,N/A,N/A
Religion & Spirituality (Legacy),Psychology/Psychiatry,Outstream,United States,Desktop,N/A,$0.00  ~ $0.00 ,N/A,N/A,N/A,N/A,N/A
Religion & Spirituality (Legacy),Psychology/Psychiatry,Instream,United States,Desktop,N/A,$0.00  ~ $0.00 ,N/A,N/A,N/A,N/A,N/A
Religion & Spirituality (Legacy),Cruises,Instream,United States,Desktop,N/A,$0.00  ~ $0.00 ,N/A,N/A,N/A,N/A,N/A
Religion & Spirituality (Legacy),Dogs,Instream,Canada,Desktop,N/A,$0.00  ~ $0.00 ,N/A,N/A,N/A,N/A,N/A
Religion & Spirituality (Legacy),Personal Finance,Instream,Canada,Desktop,N/A,$0.00  ~ $0.00 ,N/A,N/A,N/A,N/A,N/A
Religion & Spirituality (Legacy),Personal Finance,Outstream,United States,Mobile Web,N/A,$0.00  ~ $0.00 ,N/A,N/A,N/A,N/A,N/A
Religion & Spirituality (Legacy),Careers,Instream,United States,Desktop,N/A,$0.00  ~ $0.00 ,N/A,N/A,N/A,N/A,N/A
Religion & Spirituality (Legacy),Hotels,Instream,United States,Desktop,N/A,$0.00  ~ $0.00 ,N/A,N/A,N/A,N/A,N/A
Religion & Spirituality (Legacy),Biotech/Biomedical,Instream,United States,Desktop,N/A,$0.00  ~ $0.00 ,N/A,N/A,N/A,N/A,N/A
Religion & Spirituality (Legacy),Home & Garden,Native,United States,Desktop,N/A,$0.00  ~ $0.00 ,N/A,N/A,N/A,N/A,N/A
Religion & Spirituality (Legacy),Home & Garden,Outstream,United States,Mobile Web,N/A,$0.00  ~ $0.00 ,N/A,N/A,N/A,N/A,N/A
Religion & Spirituality (Legacy),Home & Garden,Interstitial,United States,Desktop,N/A,$0.00  ~ $0.00 ,N/A,N/A,N/A,N/A,N/A
Religion & Spirituality (Legacy),Politics,Instream,United States,Desktop,N/A,$0.00  ~ $0.00 ,N/A,N/A,N/A,N/A,N/A
Religion & Spirituality (Legacy),Politics,Instream,United States,Mobile Web,N/A,$0.00  ~ $0.00 ,N/A,N/A,N/A,N/A,N/A
Religion & Spirituality (Legacy),Politics,Interstitial,United States,Desktop,N/A,$0.00  ~ $0.00 ,N/A,N/A,N/A,N/A,N/A
Religion & Spirituality (Legacy),Cold & Flu,Instream,United States,Desktop,N/A,$0.00  ~ $0.00 ,N/A,N/A,N/A,N/A,N/A
Religion & Spirituality (Legacy),Arts & Entertainment,Interstitial,United Kingdom,Mobile Web,N/A,$0.00  ~ $0.00 ,N/A,N/A,N/A,N/A,N/A
Religion & Spirituality (Legacy),Arts & Entertainment,Instream,Canada,Desktop,N/A,$0.00  ~ $0.00 ,N/A,N/A,N/A,N/A,N/A
Religion & Spirituality (Legacy),Food & Drink,Instream,United States,Desktop,N/A,$0.00  ~ $0.00 ,N/A,N/A,N/A,N/A,N/A
Religion & Spirituality (Legacy),Food & Drink,Instream,United States,Mobile Web,N/A,$0.00  ~ $0.00 ,N/A,N/A,N/A,N/A,N/A
Religion & Spirituality (Legacy),Food & Drink,Outstream,United States,Desktop,N/A,$0.00  ~ $0.00 ,N/A,N/A,N/A,N/A,N/A
Religion & Spirituality (Legacy),Food & Drink,Outstream,United States,Mobile Web,N/A,$0.00  ~ $0.00 ,N/A,N/A,N/A,N/A,N/A
Religion & Spirituality (Legacy),Food & Drink,Interstitial,United States,Desktop,N/A,$0.00  ~ $0.00 ,N/A,N/A,N/A,N/A,N/A
Religion & Spirituality (Legacy),Remodeling & Construction,Instream,United States,Desktop,N/A,$0.00  ~ $0.00 ,N/A,N/A,N/A,N/A,N/A
Religion & Spirituality (Legacy),College,Outstream,United States,Desktop,N/A,$0.00  ~ $0.00 ,N/A,N/A,N/A,N/A,N/A
Religion & Spirituality (Legacy),College,Outstream,United States,Mobile Web,N/A,$0.00  ~ $0.00 ,N/A,N/A,N/A,N/A,N/A
Religion & Spirituality (Legacy),College,Interstitial,United States,Mobile Web,N/A,$0.00  ~ $0.00 ,N/A,N/A,N/A,N/A,N/A
Religion & Spirituality (Legacy),Commentary,Outstream,United States,Desktop,N/A,$0.00  ~ $0.00 ,N/A,N/A,N/A,N/A,N/A
Religion & Spirituality (Legacy),Legal Issues,Instream,United States,Desktop,N/A,$0.00  ~ $0.00 ,N/A,N/A,N/A,N/A,N/A
Religion & Spirituality (Legacy),Legal Issues,Outstream,United States,Mobile Web,N/A,$0.00  ~ $0.00 ,N/A,N/A,N/A,N/A,N/A
Religion & Spirituality (Legacy),Honeymoons/Getaways,Outstream,United States,Desktop,N/A,$0.00  ~ $0.00 ,N/A,N/A,N/A,N/A,N/A
Religion & Spirituality (Legacy),Honeymoons/Getaways,Instream,United States,Desktop,N/A,$0.00  ~ $0.00 ,N/A,N/A,N/A,N/A,N/A
Religion & Spirituality (Legacy),Infertility,Instream,United States,Desktop,N/A,$0.00  ~ $0.00 ,N/A,N/A,N/A,N/A,N/A
Science (Legacy),News,Instream,United States,Desktop,N/A,$50.12  ~ $50.12 ,$7.59 ,N/A,0.66%,75.96%,N/A
Science (Legacy),News,Instream,United States,Mobile Web,N/A,$40.20  ~ $40.20 ,N/A,N/A,N/A,75.00%,N/A
Science (Legacy),Education,Instream,United States,Desktop,N/A,$27.23  ~ $60.94 ,N/A,N/A,N/A,100.00%,N/A
Science (Legacy),Education,Instream,United States,Mobile Web,N/A,$0.00  ~ $0.00 ,N/A,N/A,N/A,N/A,N/A
Science (Legacy),Buying/Selling Cars,Instream,United States,Mobile Web,N/A,$41.84  ~ $41.84 ,N/A,N/A,N/A,50.00%,N/A
Science (Legacy),Buying/Selling Cars,Instream,United States,Desktop,N/A,$41.15  ~ $41.15 ,N/A,N/A,N/A,95.56%,N/A
Science (Legacy),Automotive,Instream,United States,Desktop,N/A,$38.81  ~ $38.81 ,N/A,N/A,N/A,97.62%,N/A
Science (Legacy),Automotive,Outstream,United States,Desktop,N/A,$22.28  ~ $22.28 ,N/A,N/A,N/A,100.00%,N/A
Science (Legacy),Auto Repair,Instream,United States,Desktop,N/A,$25.88  ~ $25.88 ,N/A,N/A,N/A,100.00%,N/A
Science (Legacy),Hobbies & Interests,Instream,United States,Desktop,N/A,$61.52  ~ $61.52 ,N/A,N/A,N/A,99.20%,N/A
Science (Legacy),Hobbies & Interests,Instream,United States,Mobile Web,N/A,$61.57  ~ $61.57 ,N/A,N/A,N/A,92.86%,N/A
Science (Legacy),Hobbies & Interests,Outstream,United States,Desktop,N/A,$42.68  ~ $42.68 ,N/A,N/A,N/A,66.67%,N/A
Science (Legacy),Personal Finance,Instream,United States,Desktop,N/A,$44.10  ~ $59.69 ,N/A,N/A,N/A,80.52%,N/A
Science (Legacy),Personal Finance,Instream,United States,Mobile Web,N/A,$52.43  ~ $56.27 ,N/A,N/A,N/A,100.00%,N/A
Science (Legacy),Personal Finance,Outstream,United States,Desktop,N/A,$51.40  ~ $51.40 ,N/A,N/A,N/A,100.00%,N/A
Science (Legacy),Personal Finance,Outstream,United States,Mobile Web,N/A,$50.51  ~ $50.51 ,N/A,N/A,N/A,100.00%,N/A
Science (Legacy),Home Repair,Outstream,United States,Desktop,N/A,$42.16  ~ $42.16 ,N/A,N/A,N/A,40.00%,N/A
Science (Legacy),"Law, Gov't & Politics",Instream,United States,Desktop,2,$37.90  ~ $38.93 ,$58.52 ,N/A,0.06%,98.90%,N/A
Science (Legacy),"Law, Gov't & Politics",Instream,United States,Mobile Web,N/A,$35.61  ~ $40.95 ,N/A,N/A,N/A,91.38%,N/A
Science (Legacy),"Law, Gov't & Politics",Instream,United States,Tablet,N/A,$36.36  ~ $36.92 ,N/A,N/A,N/A,91.67%,N/A
Science (Legacy),"Law, Gov't & Politics",Outstream,United States,Desktop,N/A,$47.35  ~ $48.16 ,$1.30 ,N/A,3.70%,68.00%,N/A
Science (Legacy),Business,Instream,United States,Desktop,N/A,$39.59  ~ $41.50 ,N/A,N/A,N/A,88.54%,N/A
Science (Legacy),Business,Instream,United States,Mobile Web,N/A,$35.16  ~ $35.17 ,N/A,N/A,N/A,66.67%,N/A
Science (Legacy),Business,Outstream,United States,Desktop,N/A,$37.57  ~ $49.29 ,N/A,N/A,N/A,50.00%,N/A
Science (Legacy),Careers,Instream,United States,Desktop,N/A,$54.63  ~ $54.63 ,N/A,N/A,N/A,100.00%,N/A
Science (Legacy),Arts & Entertainment,Instream,United States,Mobile Web,N/A,$0.00  ~ $20.48 ,N/A,N/A,N/A,100.00%,N/A
Science (Legacy),Arts & Entertainment,Instream,United States,Desktop,N/A,$29.14  ~ $32.78 ,$0.38 ,N/A,7.69%,100.00%,N/A
Science (Legacy),Arts & Entertainment,Outstream,United States,Desktop,N/A,$0.00  ~ $0.00 ,N/A,N/A,N/A,N/A,N/A
Science (Legacy),Graduate School,Instream,United States,Desktop,N/A,$30.60  ~ $30.60 ,N/A,N/A,N/A,100.00%,N/A
Science (Legacy),Remodeling & Construction,Instream,United States,Desktop,N/A,$36.06  ~ $36.06 ,N/A,N/A,N/A,100.00%,N/A
Science (Legacy),Remodeling & Construction,Outstream,United States,Desktop,N/A,$39.58  ~ $39.58 ,N/A,N/A,N/A,80.00%,N/A
Science (Legacy),Health & Fitness,Instream,United States,Desktop,N/A,$23.59  ~ $32.78 ,N/A,N/A,N/A,81.82%,N/A
Science (Legacy),Health & Fitness,Instream,United States,Mobile Web,N/A,$23.71  ~ $38.09 ,N/A,N/A,N/A,100.00%,N/A
Science (Legacy),Health & Fitness,Outstream,United States,Mobile Web,N/A,$51.15  ~ $51.15 ,N/A,N/A,N/A,66.67%,N/A
Science (Legacy),Health & Fitness,Outstream,United States,Desktop,N/A,$32.95  ~ $35.98 ,N/A,N/A,N/A,33.33%,N/A
Science (Legacy),Health & Fitness,Outstream,United States,Tablet,N/A,$77.02  ~ $77.02 ,N/A,N/A,N/A,31.25%,N/A
Science (Legacy),Politics,Instream,United States,Desktop,N/A,$45.95  ~ $45.95 ,N/A,N/A,N/A,100.00%,N/A
Science (Legacy),Politics,Outstream,United States,Desktop,N/A,$59.28  ~ $59.28 ,N/A,N/A,N/A,50.00%,N/A
Science (Legacy),Shopping,Instream,United States,Desktop,N/A,$41.71  ~ $41.71 ,N/A,N/A,N/A,100.00%,N/A
Science (Legacy),Shopping,Instream,United States,Mobile Web,N/A,$38.17  ~ $38.17 ,N/A,N/A,N/A,80.00%,N/A
Science (Legacy),Home & Garden,Instream,United States,Desktop,N/A,$28.02  ~ $28.25 ,N/A,N/A,N/A,96.97%,N/A
Science (Legacy),Home & Garden,Instream,United States,Mobile Web,N/A,$23.63  ~ $27.95 ,N/A,N/A,N/A,72.73%,N/A
Science (Legacy),Home & Garden,Outstream,United States,Desktop,N/A,$40.61  ~ $47.31 ,$0.85 ,N/A,4.76%,80.00%,N/A
Science (Legacy),Home & Garden,Outstream,United States,Tablet,N/A,$24.58  ~ $61.28 ,N/A,N/A,N/A,N/A,N/A
Science (Legacy),Home & Garden,Outstream,United States,Mobile Web,N/A,$18.24  ~ $18.24 ,N/A,N/A,N/A,N/A,N/A
Science (Legacy),Insurance,Instream,United States,Desktop,N/A,$41.24  ~ $41.24 ,N/A,N/A,N/A,100.00%,N/A
Science (Legacy),Travel,Instream,United States,Desktop,N/A,$32.37  ~ $32.37 ,N/A,N/A,N/A,75.00%,N/A
Science (Legacy),Infertility,Outstream,United States,Desktop,N/A,$0.00  ~ $0.00 ,N/A,N/A,N/A,N/A,N/A
Science (Legacy),Infertility,Instream,United States,Desktop,N/A,$0.00  ~ $0.00 ,N/A,N/A,N/A,N/A,N/A
Science (Legacy),Infertility,Interstitial,United States,Desktop,N/A,$0.00  ~ $0.00 ,N/A,N/A,N/A,N/A,N/A
Science (Legacy),Technology & Computing,Outstream,United States,Desktop,N/A,$0.00  ~ $0.00 ,N/A,N/A,N/A,N/A,N/A
Science (Legacy),Shopping,Instream,Canada,Desktop,N/A,$0.00  ~ $0.00 ,N/A,N/A,N/A,N/A,N/A
Science (Legacy),Shopping,Instream,Canada,Mobile Web,N/A,$0.00  ~ $0.00 ,N/A,N/A,N/A,N/A,N/A
Science (Legacy),Shopping,Outstream,United Kingdom,Mobile Web,N/A,$0.00  ~ $0.00 ,N/A,N/A,N/A,N/A,N/A
Science (Legacy),Shopping,Outstream,United Kingdom,Desktop,N/A,$0.00  ~ $0.00 ,N/A,N/A,N/A,N/A,N/A
Science (Legacy),Shopping,Outstream,United States,Desktop,N/A,$0.00  ~ $0.00 ,N/A,N/A,N/A,N/A,N/A
Science (Legacy),Shopping,Outstream,United States,Mobile Web,N/A,$0.00  ~ $0.00 ,N/A,N/A,N/A,N/A,N/A
Science (Legacy),Shopping,Outstream,Canada,Desktop,N/A,$0.00  ~ $0.00 ,N/A,N/A,N/A,N/A,N/A
Science (Legacy),Shopping,Outstream,Canada,Mobile Web,N/A,$0.00  ~ $0.00 ,N/A,N/A,N/A,N/A,N/A
Science (Legacy),Shopping,Interstitial,United Kingdom,Mobile Web,N/A,$0.00  ~ $0.00 ,N/A,N/A,N/A,N/A,N/A
Science (Legacy),Shopping,Interstitial,United Kingdom,Desktop,N/A,$0.00  ~ $0.00 ,N/A,N/A,N/A,N/A,N/A
Science (Legacy),Shopping,Interstitial,United States,Desktop,N/A,$0.00  ~ $0.00 ,N/A,N/A,N/A,N/A,N/A
Science (Legacy),Shopping,Interstitial,Canada,Desktop,N/A,$0.00  ~ $0.00 ,N/A,N/A,N/A,N/A,N/A
Science (Legacy),Shopping,Native,United States,Desktop,N/A,$0.00  ~ $0.00 ,N/A,N/A,N/A,N/A,N/A
Science (Legacy),Clothing,Outstream,United States,Mobile Web,N/A,$0.00  ~ $0.00 ,N/A,N/A,N/A,N/A,N/A
Science (Legacy),Buying/Selling Cars,Outstream,United States,Mobile Web,N/A,$0.00  ~ $0.00 ,N/A,N/A,N/A,N/A,N/A
Science (Legacy),Buying/Selling Cars,Outstream,United States,Desktop,N/A,$0.00  ~ $0.00 ,N/A,N/A,N/A,N/A,N/A
Science (Legacy),Buying/Selling Cars,Outstream,United States,Tablet,N/A,$0.00  ~ $0.00 ,N/A,N/A,N/A,N/A,N/A
Science (Legacy),Buying/Selling Cars,Interstitial,United States,Desktop,N/A,$0.00  ~ $0.00 ,N/A,N/A,N/A,N/A,N/A
Science (Legacy),Cruises,Instream,United States,Desktop,N/A,$0.00  ~ $0.00 ,N/A,N/A,N/A,N/A,N/A
Science (Legacy),Cruises,Interstitial,United States,Desktop,N/A,$0.00  ~ $0.00 ,N/A,N/A,N/A,N/A,N/A
Science (Legacy),Contests & Freebies,Instream,United States,Desktop,N/A,$0.00  ~ $0.00 ,N/A,N/A,N/A,N/A,N/A
Science (Legacy),Investing,Outstream,United States,Mobile Web,N/A,$0.00  ~ $0.00 ,N/A,N/A,N/A,N/A,N/A
Science (Legacy),Investing,Outstream,United States,Desktop,N/A,$0.00  ~ $0.00 ,N/A,N/A,N/A,N/A,N/A
Science (Legacy),Investing,Interstitial,United States,Mobile Web,N/A,$0.00  ~ $0.00 ,N/A,N/A,N/A,N/A,N/A
Science (Legacy),Home Repair,Instream,United States,Desktop,N/A,$0.00  ~ $0.00 ,N/A,N/A,N/A,N/A,N/A
Science (Legacy),Honeymoons/Getaways,Instream,United States,Desktop,N/A,$0.00  ~ $0.00 ,N/A,N/A,N/A,N/A,N/A
Science (Legacy),Honeymoons/Getaways,Interstitial,United Kingdom,Desktop,N/A,$0.00  ~ $0.00 ,N/A,N/A,N/A,N/A,N/A
Science (Legacy),Honeymoons/Getaways,Outstream,United States,Desktop,N/A,$0.00  ~ $0.00 ,N/A,N/A,N/A,N/A,N/A
Science (Legacy),Honeymoons/Getaways,Outstream,United States,Mobile Web,N/A,$0.00  ~ $0.00 ,N/A,N/A,N/A,N/A,N/A
Science (Legacy),Adult Education,Interstitial,United States,Desktop,N/A,$0.00  ~ $0.00 ,N/A,N/A,N/A,N/A,N/A
Science (Legacy),College,Instream,United States,Desktop,N/A,$0.00  ~ $0.00 ,N/A,N/A,N/A,N/A,N/A
Science (Legacy),College,Instream,United States,Mobile Web,N/A,$0.00  ~ $0.00 ,N/A,N/A,N/A,N/A,N/A
Science (Legacy),College,Instream,United States,Tablet,N/A,$0.00  ~ $0.00 ,N/A,N/A,N/A,N/A,N/A
Science (Legacy),College,Outstream,United States,Desktop,N/A,$0.00  ~ $0.00 ,N/A,N/A,N/A,N/A,N/A
Science (Legacy),College,Interstitial,United States,Desktop,N/A,$0.00  ~ $0.00 ,N/A,N/A,N/A,N/A,N/A
Science (Legacy),Commentary,Outstream,United States,Desktop,N/A,$0.00  ~ $0.00 ,N/A,N/A,N/A,N/A,N/A
Science (Legacy),Commentary,Outstream,United States,Mobile Web,N/A,$0.00  ~ $0.00 ,N/A,N/A,N/A,N/A,N/A
Science (Legacy),Commentary,Instream,United States,Desktop,N/A,$0.00  ~ $0.00 ,N/A,N/A,N/A,N/A,N/A
Science (Legacy),Arts & Entertainment,Instream,United Kingdom,Mobile Web,N/A,$0.00  ~ $0.00 ,N/A,N/A,N/A,N/A,N/A
Science (Legacy),Arts & Entertainment,Instream,Canada,Desktop,N/A,$0.00  ~ $0.00 ,N/A,N/A,N/A,N/A,N/A
Science (Legacy),Arts & Entertainment,Interstitial,United States,Desktop,N/A,$0.00  ~ $0.00 ,N/A,N/A,N/A,N/A,N/A
Science (Legacy),Arts & Entertainment,Interstitial,United States,Mobile Web,N/A,$0.00  ~ $0.00 ,N/A,N/A,N/A,N/A,N/A
Science (Legacy),Arts & Entertainment,Interstitial,United Kingdom,Mobile Web,N/A,$0.00  ~ $0.00 ,N/A,N/A,N/A,N/A,N/A
Science (Legacy),Arts & Entertainment,Interstitial,Canada,Desktop,N/A,$0.00  ~ $0.00 ,N/A,N/A,N/A,N/A,N/A
Science (Legacy),Arts & Entertainment,Outstream,United States,Mobile Web,N/A,$0.00  ~ $0.00 ,N/A,N/A,N/A,N/A,N/A
Science (Legacy),Arts & Entertainment,Outstream,United Kingdom,Mobile Web,N/A,$0.00  ~ $0.00 ,N/A,N/A,N/A,N/A,N/A
Science (Legacy),Arts & Entertainment,Outstream,Canada,Desktop,N/A,$0.00  ~ $0.00 ,N/A,N/A,N/A,N/A,N/A
Science (Legacy),Arts & Entertainment,Native,United States,Desktop,N/A,$0.00  ~ $0.00 ,N/A,N/A,N/A,N/A,N/A
Science (Legacy),Arts & Entertainment,Rewarded,United States,Desktop,N/A,$0.00  ~ $0.00 ,N/A,N/A,N/A,N/A,N/A
Science (Legacy),Hobbies & Interests,Outstream,United Kingdom,Desktop,N/A,$0.00  ~ $0.00 ,N/A,N/A,N/A,N/A,N/A
Science (Legacy),Hobbies & Interests,Outstream,United States,Mobile Web,N/A,$0.00  ~ $0.00 ,N/A,N/A,N/A,N/A,N/A
Science (Legacy),Hobbies & Interests,Interstitial,United States,Desktop,N/A,$0.00  ~ $0.00 ,N/A,N/A,N/A,N/A,N/A
Science (Legacy),Business Software,Instream,United States,Desktop,N/A,$0.00  ~ $0.00 ,N/A,N/A,N/A,N/A,N/A
Science (Legacy),Business Software,Instream,United Kingdom,Desktop,N/A,$0.00  ~ $0.00 ,N/A,N/A,N/A,N/A,N/A
Science (Legacy),Business Software,Outstream,United States,Mobile Web,N/A,$0.00  ~ $0.00 ,N/A,N/A,N/A,N/A,N/A
Science (Legacy),Business Software,Outstream,United States,Desktop,N/A,$0.00  ~ $0.00 ,N/A,N/A,N/A,N/A,N/A
Science (Legacy),Business Software,Outstream,Canada,Desktop,N/A,$0.00  ~ $0.00 ,N/A,N/A,N/A,N/A,N/A
Science (Legacy),Business Software,Interstitial,United Kingdom,Desktop,N/A,$0.00  ~ $0.00 ,N/A,N/A,N/A,N/A,N/A
Science (Legacy),Psychology/Psychiatry,Instream,United States,Desktop,N/A,$0.00  ~ $0.00 ,N/A,N/A,N/A,N/A,N/A
Science (Legacy),Psychology/Psychiatry,Instream,United States,Mobile Web,N/A,$0.00  ~ $0.00 ,N/A,N/A,N/A,N/A,N/A
Science (Legacy),Psychology/Psychiatry,Outstream,United States,Desktop,N/A,$0.00  ~ $0.00 ,N/A,N/A,N/A,N/A,N/A
Science (Legacy),Psychology/Psychiatry,Outstream,United States,Mobile Web,N/A,$0.00  ~ $0.00 ,N/A,N/A,N/A,N/A,N/A
Science (Legacy),Theme Parks,Instream,United States,Desktop,N/A,$0.00  ~ $0.00 ,N/A,N/A,N/A,N/A,N/A
Science (Legacy),Cancer,Instream,Canada,Desktop,N/A,$0.00  ~ $0.00 ,N/A,N/A,N/A,N/A,N/A
Science (Legacy),"Law, Gov't & Politics",Instream,Mexico,Desktop,N/A,$0.00  ~ $0.00 ,N/A,N/A,N/A,N/A,N/A
Science (Legacy),"Law, Gov't & Politics",Outstream,United States,Mobile Web,N/A,$0.00  ~ $0.00 ,N/A,N/A,N/A,N/A,N/A
Science (Legacy),"Law, Gov't & Politics",Outstream,Mexico,Desktop,N/A,$0.00  ~ $0.00 ,N/A,N/A,N/A,N/A,N/A
Science (Legacy),"Law, Gov't & Politics",Outstream,Mexico,Mobile Web,N/A,$0.00  ~ $0.00 ,N/A,N/A,N/A,N/A,N/A
Science (Legacy),"Law, Gov't & Politics",Interstitial,United States,Desktop,N/A,$0.00  ~ $0.00 ,N/A,N/A,N/A,N/A,N/A
Science (Legacy),Interior Decorating,Outstream,United States,Mobile Web,N/A,$0.00  ~ $0.00 ,N/A,N/A,N/A,N/A,N/A
Science (Legacy),Interior Decorating,Outstream,United States,Desktop,N/A,$0.00  ~ $0.00 ,N/A,N/A,N/A,N/A,N/A
Science (Legacy),Interior Decorating,Interstitial,United States,Desktop,N/A,$0.00  ~ $0.00 ,N/A,N/A,N/A,N/A,N/A
Science (Legacy),Interior Decorating,Interstitial,United States,Tablet,N/A,$0.00  ~ $0.00 ,N/A,N/A,N/A,N/A,N/A
Science (Legacy),Interior Decorating,Instream,United States,Desktop,N/A,$0.00  ~ $0.00 ,N/A,N/A,N/A,N/A,N/A
Science (Legacy),Health/Lowfat Cooking,Outstream,United States,Desktop,N/A,$0.00  ~ $0.00 ,N/A,N/A,N/A,N/A,N/A
Science (Legacy),Private School,Instream,United States,Desktop,N/A,$0.00  ~ $0.00 ,N/A,N/A,N/A,N/A,N/A
Science (Legacy),Private School,Outstream,United States,Desktop,N/A,$0.00  ~ $0.00 ,N/A,N/A,N/A,N/A,N/A
Science (Legacy),Private School,Outstream,United States,Mobile Web,N/A,$0.00  ~ $0.00 ,N/A,N/A,N/A,N/A,N/A
Science (Legacy),Private School,Interstitial,United States,Desktop,N/A,$0.00  ~ $0.00 ,N/A,N/A,N/A,N/A,N/A
Science (Legacy),Business,Instream,Canada,Desktop,N/A,$0.00  ~ $0.00 ,N/A,N/A,N/A,N/A,N/A
Science (Legacy),Business,Instream,Canada,Mobile Web,N/A,$0.00  ~ $0.00 ,N/A,N/A,N/A,N/A,N/A
Science (Legacy),Business,Instream,United Kingdom,Desktop,N/A,$0.00  ~ $0.00 ,N/A,N/A,N/A,N/A,N/A
Science (Legacy),Business,Outstream,Ireland,Desktop,N/A,$0.00  ~ $0.00 ,N/A,N/A,N/A,N/A,N/A
Science (Legacy),Business,Outstream,United States,Mobile Web,N/A,$0.00  ~ $0.00 ,N/A,N/A,N/A,N/A,N/A
Science (Legacy),Business,Outstream,United States,Tablet,N/A,$0.00  ~ $0.00 ,N/A,N/A,N/A,N/A,N/A
Science (Legacy),Business,Outstream,Canada,Mobile Web,N/A,$0.00  ~ $0.00 ,N/A,N/A,N/A,N/A,N/A
Science (Legacy),Business,Outstream,Canada,Desktop,N/A,$0.00  ~ $0.00 ,N/A,N/A,N/A,N/A,N/A
Science (Legacy),Business,Outstream,United Kingdom,Mobile Web,N/A,$0.00  ~ $0.00 ,N/A,N/A,N/A,N/A,N/A
Science (Legacy),Business,Outstream,United Kingdom,Desktop,N/A,$0.00  ~ $0.00 ,N/A,N/A,N/A,N/A,N/A
Science (Legacy),Business,Outstream,Mexico,Desktop,N/A,$0.00  ~ $0.00 ,N/A,N/A,N/A,N/A,N/A
Science (Legacy),Business,Interstitial,Canada,Desktop,N/A,$0.00  ~ $0.00 ,N/A,N/A,N/A,N/A,N/A
Science (Legacy),Business,Interstitial,United States,Desktop,N/A,$0.00  ~ $0.00 ,N/A,N/A,N/A,N/A,N/A
Science (Legacy),Business,Interstitial,United States,Mobile Web,N/A,$0.00  ~ $0.00 ,N/A,N/A,N/A,N/A,N/A
Science (Legacy),Business,Interstitial,United Kingdom,Mobile Web,N/A,$0.00  ~ $0.00 ,N/A,N/A,N/A,N/A,N/A
Science (Legacy),Business,Native,United States,Desktop,N/A,$0.00  ~ $0.00 ,N/A,N/A,N/A,N/A,N/A
Science (Legacy),Business,Rewarded,United States,Desktop,N/A,$0.00  ~ $0.00 ,N/A,N/A,N/A,N/A,N/A
Science (Legacy),Education,Native,United States,Desktop,N/A,$0.00  ~ $0.00 ,N/A,N/A,N/A,N/A,N/A
Science (Legacy),Education,Outstream,United States,Mobile Web,N/A,$0.00  ~ $0.00 ,N/A,N/A,N/A,N/A,N/A
Science (Legacy),Education,Outstream,United States,Tablet,N/A,$0.00  ~ $0.00 ,N/A,N/A,N/A,N/A,N/A
Science (Legacy),Education,Outstream,United States,Desktop,N/A,$0.00  ~ $0.00 ,N/A,N/A,N/A,N/A,N/A
Science (Legacy),Education,Interstitial,United States,Desktop,N/A,$0.00  ~ $0.00 ,N/A,N/A,N/A,N/A,N/A
Science (Legacy),Automotive,Instream,Mexico,Desktop,N/A,$0.00  ~ $0.00 ,N/A,N/A,N/A,N/A,N/A
Science (Legacy),Automotive,Outstream,United States,Mobile Web,N/A,$0.00  ~ $0.00 ,N/A,N/A,N/A,N/A,N/A
Science (Legacy),Remodeling & Construction,Outstream,United States,Mobile Web,N/A,$0.00  ~ $0.00 ,N/A,N/A,N/A,N/A,N/A
Science (Legacy),Remodeling & Construction,Instream,United States,Mobile Web,N/A,$0.00  ~ $0.00 ,N/A,N/A,N/A,N/A,N/A
Science (Legacy),Green Solutions,Instream,United States,Desktop,N/A,$0.00  ~ $0.00 ,N/A,N/A,N/A,N/A,N/A
Science (Legacy),Green Solutions,Outstream,United States,Mobile Web,N/A,$0.00  ~ $0.00 ,N/A,N/A,N/A,N/A,N/A
Science (Legacy),Hotels,Instream,United States,Desktop,N/A,$0.00  ~ $0.00 ,N/A,N/A,N/A,N/A,N/A
Science (Legacy),Hotels,Outstream,United States,Desktop,N/A,$0.00  ~ $0.00 ,N/A,N/A,N/A,N/A,N/A
Science (Legacy),Hotels,Outstream,United States,Mobile Web,N/A,$0.00  ~ $0.00 ,N/A,N/A,N/A,N/A,N/A
Science (Legacy),Hotels,Interstitial,United States,Desktop,N/A,$0.00  ~ $0.00 ,N/A,N/A,N/A,N/A,N/A
Science (Legacy),Careers,Instream,United States,Mobile Web,N/A,$0.00  ~ $0.00 ,N/A,N/A,N/A,N/A,N/A
Science (Legacy),Careers,Outstream,United States,Desktop,N/A,$0.00  ~ $0.00 ,N/A,N/A,N/A,N/A,N/A
Science (Legacy),Careers,Outstream,United States,Mobile Web,N/A,$0.00  ~ $0.00 ,N/A,N/A,N/A,N/A,N/A
Science (Legacy),Careers,Outstream,Canada,Desktop,N/A,$0.00  ~ $0.00 ,N/A,N/A,N/A,N/A,N/A
Science (Legacy),Careers,Interstitial,United States,Desktop,N/A,$0.00  ~ $0.00 ,N/A,N/A,N/A,N/A,N/A
Science (Legacy),Credit/Debt & Loans,Instream,United States,Desktop,N/A,$0.00  ~ $0.00 ,N/A,N/A,N/A,N/A,N/A
Science (Legacy),Credit/Debt & Loans,Outstream,United States,Desktop,N/A,$0.00  ~ $0.00 ,N/A,N/A,N/A,N/A,N/A
Science (Legacy),Pediatrics,Outstream,United States,Mobile Web,N/A,$0.00  ~ $0.00 ,N/A,N/A,N/A,N/A,N/A
Science (Legacy),Pediatrics,Outstream,United States,Desktop,N/A,$0.00  ~ $0.00 ,N/A,N/A,N/A,N/A,N/A
Science (Legacy),Pediatrics,Instream,United States,Desktop,N/A,$0.00  ~ $0.00 ,N/A,N/A,N/A,N/A,N/A
Science (Legacy),Pediatrics,Instream,United States,Mobile Web,N/A,$0.00  ~ $0.00 ,N/A,N/A,N/A,N/A,N/A
Science (Legacy),K-6 Educators,Instream,United States,Desktop,N/A,$0.00  ~ $0.00 ,N/A,N/A,N/A,N/A,N/A
Science (Legacy),K-6 Educators,Outstream,United States,Desktop,N/A,$0.00  ~ $0.00 ,N/A,N/A,N/A,N/A,N/A
Science (Legacy),K-6 Educators,Outstream,United States,Mobile Web,N/A,$0.00  ~ $0.00 ,N/A,N/A,N/A,N/A,N/A
Science (Legacy),Graduate School,Outstream,United States,Desktop,N/A,$0.00  ~ $0.00 ,N/A,N/A,N/A,N/A,N/A
Science (Legacy),Politics,Native,United States,Desktop,N/A,$0.00  ~ $0.00 ,N/A,N/A,N/A,N/A,N/A
Science (Legacy),Politics,Instream,United States,Mobile Web,N/A,$0.00  ~ $0.00 ,N/A,N/A,N/A,N/A,N/A
Science (Legacy),Politics,Interstitial,United States,Desktop,N/A,$0.00  ~ $0.00 ,N/A,N/A,N/A,N/A,N/A
Science (Legacy),Politics,Interstitial,United States,Mobile Web,N/A,$0.00  ~ $0.00 ,N/A,N/A,N/A,N/A,N/A
Science (Legacy),Politics,Interstitial,United States,Tablet,N/A,$0.00  ~ $0.00 ,N/A,N/A,N/A,N/A,N/A
Science (Legacy),Politics,Outstream,United States,Mobile Web,N/A,$0.00  ~ $0.00 ,N/A,N/A,N/A,N/A,N/A
Science (Legacy),Home & Garden,Outstream,United Kingdom,Mobile Web,N/A,$0.00  ~ $0.00 ,N/A,N/A,N/A,N/A,N/A
Science (Legacy),Home & Garden,Interstitial,United States,Desktop,N/A,$0.00  ~ $0.00 ,N/A,N/A,N/A,N/A,N/A
Science (Legacy),Home & Garden,Interstitial,United Kingdom,Desktop,N/A,$0.00  ~ $0.00 ,N/A,N/A,N/A,N/A,N/A
Science (Legacy),Real Estate,Instream,United States,Desktop,N/A,$0.00  ~ $0.00 ,N/A,N/A,N/A,N/A,N/A
Science (Legacy),Real Estate,Instream,United States,Mobile Web,N/A,$0.00  ~ $0.00 ,N/A,N/A,N/A,N/A,N/A
Science (Legacy),Real Estate,Instream,Canada,Desktop,N/A,$0.00  ~ $0.00 ,N/A,N/A,N/A,N/A,N/A
Science (Legacy),Real Estate,Outstream,United States,Mobile Web,N/A,$0.00  ~ $0.00 ,N/A,N/A,N/A,N/A,N/A
Science (Legacy),Real Estate,Outstream,United States,Desktop,N/A,$0.00  ~ $0.00 ,N/A,N/A,N/A,N/A,N/A
Science (Legacy),Real Estate,Outstream,United Kingdom,Desktop,N/A,$0.00  ~ $0.00 ,N/A,N/A,N/A,N/A,N/A
Science (Legacy),Real Estate,Interstitial,United States,Desktop,N/A,$0.00  ~ $0.00 ,N/A,N/A,N/A,N/A,N/A
Science (Legacy),Real Estate,Interstitial,United States,Mobile Web,N/A,$0.00  ~ $0.00 ,N/A,N/A,N/A,N/A,N/A
Science (Legacy),Real Estate,Interstitial,United Kingdom,Mobile Web,N/A,$0.00  ~ $0.00 ,N/A,N/A,N/A,N/A,N/A
Science (Legacy),Biotech/Biomedical,Instream,United States,Desktop,N/A,$0.00  ~ $0.00 ,N/A,N/A,N/A,N/A,N/A
Science (Legacy),Biotech/Biomedical,Instream,United States,Mobile Web,N/A,$0.00  ~ $0.00 ,N/A,N/A,N/A,N/A,N/A
Science (Legacy),Biotech/Biomedical,Interstitial,United States,Desktop,N/A,$0.00  ~ $0.00 ,N/A,N/A,N/A,N/A,N/A
Science (Legacy),Biotech/Biomedical,Interstitial,United States,Tablet,N/A,$0.00  ~ $0.00 ,N/A,N/A,N/A,N/A,N/A
Science (Legacy),Biotech/Biomedical,Outstream,United States,Desktop,N/A,$0.00  ~ $0.00 ,N/A,N/A,N/A,N/A,N/A
Science (Legacy),Biotech/Biomedical,Outstream,United States,Mobile Web,N/A,$0.00  ~ $0.00 ,N/A,N/A,N/A,N/A,N/A
Science (Legacy),Legal Issues,Interstitial,United States,Desktop,N/A,$0.00  ~ $0.00 ,N/A,N/A,N/A,N/A,N/A
Science (Legacy),Legal Issues,Outstream,United States,Desktop,N/A,$0.00  ~ $0.00 ,N/A,N/A,N/A,N/A,N/A
Science (Legacy),Legal Issues,Instream,United States,Desktop,N/A,$0.00  ~ $0.00 ,N/A,N/A,N/A,N/A,N/A
Science (Legacy),Legal Issues,Instream,Canada,Desktop,N/A,$0.00  ~ $0.00 ,N/A,N/A,N/A,N/A,N/A
Science (Legacy),Alternative Medicine,Instream,United States,Desktop,N/A,$0.00  ~ $0.00 ,N/A,N/A,N/A,N/A,N/A
Science (Legacy),Catholicism,Outstream,United States,Desktop,N/A,$0.00  ~ $0.00 ,N/A,N/A,N/A,N/A,N/A
Science (Legacy),Agriculture,Instream,United States,Desktop,N/A,$0.00  ~ $0.00 ,N/A,N/A,N/A,N/A,N/A
Science (Legacy),Agriculture,Instream,United States,Mobile Web,N/A,$0.00  ~ $0.00 ,N/A,N/A,N/A,N/A,N/A
Science (Legacy),Agriculture,Outstream,Canada,Desktop,N/A,$0.00  ~ $0.00 ,N/A,N/A,N/A,N/A,N/A
Science (Legacy),Agriculture,Outstream,United States,Desktop,N/A,$0.00  ~ $0.00 ,N/A,N/A,N/A,N/A,N/A
Science (Legacy),Agriculture,Outstream,United States,Mobile Web,N/A,$0.00  ~ $0.00 ,N/A,N/A,N/A,N/A,N/A
Science (Legacy),Agriculture,Interstitial,United States,Desktop,N/A,$0.00  ~ $0.00 ,N/A,N/A,N/A,N/A,N/A
Science (Legacy),Job Search,Instream,United States,Desktop,N/A,$0.00  ~ $0.00 ,N/A,N/A,N/A,N/A,N/A
Science (Legacy),Job Search,Instream,United States,Mobile Web,N/A,$0.00  ~ $0.00 ,N/A,N/A,N/A,N/A,N/A
Science (Legacy),Job Search,Outstream,United States,Desktop,N/A,$0.00  ~ $0.00 ,N/A,N/A,N/A,N/A,N/A
Science (Legacy),Job Search,Outstream,United States,Mobile Web,N/A,$0.00  ~ $0.00 ,N/A,N/A,N/A,N/A,N/A
Science (Legacy),Job Search,Outstream,United States,Tablet,N/A,$0.00  ~ $0.00 ,N/A,N/A,N/A,N/A,N/A
Science (Legacy),Job Search,Outstream,United Kingdom,Mobile Web,N/A,$0.00  ~ $0.00 ,N/A,N/A,N/A,N/A,N/A
Science (Legacy),Job Search,Interstitial,United States,Mobile Web,N/A,$0.00  ~ $0.00 ,N/A,N/A,N/A,N/A,N/A
Science (Legacy),Pets,Instream,Canada,Desktop,N/A,$0.00  ~ $0.00 ,N/A,N/A,N/A,N/A,N/A
Science (Legacy),Pets,Instream,United States,Desktop,N/A,$0.00  ~ $0.00 ,N/A,N/A,N/A,N/A,N/A
Science (Legacy),Pets,Outstream,Canada,Desktop,N/A,$0.00  ~ $0.00 ,N/A,N/A,N/A,N/A,N/A
Science (Legacy),Pets,Outstream,United States,Desktop,N/A,$0.00  ~ $0.00 ,N/A,N/A,N/A,N/A,N/A
Science (Legacy),Card Games,Instream,United States,Desktop,N/A,$0.00  ~ $0.00 ,N/A,N/A,N/A,N/A,N/A
Science (Legacy),Card Games,Instream,United States,Mobile Web,N/A,$0.00  ~ $0.00 ,N/A,N/A,N/A,N/A,N/A
Science (Legacy),Card Games,Outstream,United States,Mobile Web,N/A,$0.00  ~ $0.00 ,N/A,N/A,N/A,N/A,N/A
Science (Legacy),Card Games,Outstream,United States,Desktop,N/A,$0.00  ~ $0.00 ,N/A,N/A,N/A,N/A,N/A
Science (Legacy),Pro Ice Hockey,Instream,Canada,Desktop,N/A,$0.00  ~ $0.00 ,N/A,N/A,N/A,N/A,N/A
Science (Legacy),Pro Ice Hockey,Outstream,Canada,Desktop,N/A,$0.00  ~ $0.00 ,N/A,N/A,N/A,N/A,N/A
Science (Legacy),Personal Finance,Interstitial,United Kingdom,Desktop,N/A,$0.00  ~ $0.00 ,N/A,N/A,N/A,N/A,N/A
Science (Legacy),Personal Finance,Interstitial,United States,Desktop,N/A,$0.00  ~ $0.00 ,N/A,N/A,N/A,N/A,N/A
Science (Legacy),Personal Finance,Interstitial,United States,Mobile Web,N/A,$0.00  ~ $0.00 ,N/A,N/A,N/A,N/A,N/A
Science (Legacy),Personal Finance,Interstitial,Canada,Desktop,N/A,$0.00  ~ $0.00 ,N/A,N/A,N/A,N/A,N/A
Science (Legacy),Personal Finance,Outstream,Canada,Desktop,N/A,$0.00  ~ $0.00 ,N/A,N/A,N/A,N/A,N/A
Science (Legacy),Personal Finance,Native,United States,Desktop,N/A,$0.00  ~ $0.00 ,N/A,N/A,N/A,N/A,N/A
Science (Legacy),Personal Finance,Instream,Canada,Mobile Web,N/A,$0.00  ~ $0.00 ,N/A,N/A,N/A,N/A,N/A
Science (Legacy),Personal Finance,Instream,United Kingdom,Desktop,N/A,$0.00  ~ $0.00 ,N/A,N/A,N/A,N/A,N/A
Science (Legacy),Insurance,Outstream,United Kingdom,Mobile Web,N/A,$0.00  ~ $0.00 ,N/A,N/A,N/A,N/A,N/A
Science (Legacy),Insurance,Outstream,United States,Mobile Web,N/A,$0.00  ~ $0.00 ,N/A,N/A,N/A,N/A,N/A
Science (Legacy),Insurance,Outstream,United States,Desktop,N/A,$0.00  ~ $0.00 ,N/A,N/A,N/A,N/A,N/A
Science (Legacy),Human Resources,Outstream,United States,Desktop,N/A,$0.00  ~ $0.00 ,N/A,N/A,N/A,N/A,N/A
Science (Legacy),Senor Health,Instream,United States,Desktop,N/A,$0.00  ~ $0.00 ,N/A,N/A,N/A,N/A,N/A
Science (Legacy),By US Locale,Instream,United States,Desktop,N/A,$0.00  ~ $0.00 ,N/A,N/A,N/A,N/A,N/A
Science (Legacy),Health & Fitness,Instream,United States,Tablet,N/A,$0.00  ~ $0.00 ,N/A,N/A,N/A,N/A,N/A
Science (Legacy),Health & Fitness,Instream,Canada,Desktop,N/A,$0.00  ~ $0.00 ,N/A,N/A,N/A,N/A,N/A
Science (Legacy),Health & Fitness,Outstream,Canada,Desktop,N/A,$0.00  ~ $0.00 ,N/A,N/A,N/A,N/A,N/A
Science (Legacy),Health & Fitness,Interstitial,United States,Desktop,N/A,$0.00  ~ $0.00 ,N/A,N/A,N/A,N/A,N/A
Science (Legacy),Health & Fitness,Interstitial,United States,Tablet,N/A,$0.00  ~ $0.00 ,N/A,N/A,N/A,N/A,N/A
Science (Legacy),Health & Fitness,Interstitial,United Kingdom,Desktop,N/A,$0.00  ~ $0.00 ,N/A,N/A,N/A,N/A,N/A
Science (Legacy),Family & Parenting,Instream,United States,Desktop,N/A,$0.00  ~ $0.00 ,N/A,N/A,N/A,N/A,N/A
Science (Legacy),Family & Parenting,Instream,United States,Mobile Web,N/A,$0.00  ~ $0.00 ,N/A,N/A,N/A,N/A,N/A
Science (Legacy),Family & Parenting,Instream,United Kingdom,Desktop,N/A,$0.00  ~ $0.00 ,N/A,N/A,N/A,N/A,N/A
Science (Legacy),Family & Parenting,Interstitial,United States,Desktop,N/A,$0.00  ~ $0.00 ,N/A,N/A,N/A,N/A,N/A
Science (Legacy),Family & Parenting,Outstream,United States,Mobile Web,N/A,$0.00  ~ $0.00 ,N/A,N/A,N/A,N/A,N/A
Science (Legacy),Family & Parenting,Outstream,United States,Desktop,N/A,$0.00  ~ $0.00 ,N/A,N/A,N/A,N/A,N/A
Science (Legacy),Senior Living,Instream,United States,Desktop,N/A,$0.00  ~ $0.00 ,N/A,N/A,N/A,N/A,N/A
Science (Legacy),Senior Living,Instream,United States,Mobile Web,N/A,$0.00  ~ $0.00 ,N/A,N/A,N/A,N/A,N/A
Science (Legacy),Senior Living,Interstitial,United States,Desktop,N/A,$0.00  ~ $0.00 ,N/A,N/A,N/A,N/A,N/A
Science (Legacy),Travel,Instream,United States,Mobile Web,N/A,$0.00  ~ $0.00 ,N/A,N/A,N/A,N/A,N/A
Science (Legacy),Travel,Instream,United Kingdom,Mobile Web,N/A,$0.00  ~ $0.00 ,N/A,N/A,N/A,N/A,N/A
Science (Legacy),Travel,Instream,United Kingdom,Desktop,N/A,$0.00  ~ $0.00 ,N/A,N/A,N/A,N/A,N/A
Science (Legacy),Travel,Interstitial,United Kingdom,Mobile Web,N/A,$0.00  ~ $0.00 ,N/A,N/A,N/A,N/A,N/A
Science (Legacy),Travel,Interstitial,United Kingdom,Desktop,N/A,$0.00  ~ $0.00 ,N/A,N/A,N/A,N/A,N/A
Science (Legacy),Travel,Interstitial,United States,Desktop,N/A,$0.00  ~ $0.00 ,N/A,N/A,N/A,N/A,N/A
Science (Legacy),Travel,Outstream,United States,Mobile Web,N/A,$0.00  ~ $0.00 ,N/A,N/A,N/A,N/A,N/A
Science (Legacy),Travel,Outstream,United States,Desktop,N/A,$0.00  ~ $0.00 ,N/A,N/A,N/A,N/A,N/A
Science (Legacy),Travel,Outstream,United Kingdom,Desktop,N/A,$0.00  ~ $0.00 ,N/A,N/A,N/A,N/A,N/A
Science (Legacy),Travel,Outstream,United Kingdom,Mobile Web,N/A,$0.00  ~ $0.00 ,N/A,N/A,N/A,N/A,N/A
Science (Legacy),Travel,Outstream,Canada,Desktop,N/A,$0.00  ~ $0.00 ,N/A,N/A,N/A,N/A,N/A
Science (Legacy),Travel,Native,United States,Desktop,N/A,$0.00  ~ $0.00 ,N/A,N/A,N/A,N/A,N/A
Science (Legacy),Cold & Flu,Outstream,United States,Tablet,N/A,$0.00  ~ $0.00 ,N/A,N/A,N/A,N/A,N/A
Science (Legacy),Cold & Flu,Outstream,United States,Desktop,N/A,$0.00  ~ $0.00 ,N/A,N/A,N/A,N/A,N/A
Science (Legacy),Cold & Flu,Interstitial,United States,Desktop,N/A,$0.00  ~ $0.00 ,N/A,N/A,N/A,N/A,N/A
Science (Legacy),Cold & Flu,Interstitial,United States,Tablet,N/A,$0.00  ~ $0.00 ,N/A,N/A,N/A,N/A,N/A
Science (Legacy),Cold & Flu,Instream,United States,Mobile Web,N/A,$0.00  ~ $0.00 ,N/A,N/A,N/A,N/A,N/A
Science (Legacy),Cold & Flu,Instream,United States,Desktop,N/A,$0.00  ~ $0.00 ,N/A,N/A,N/A,N/A,N/A
Science (Legacy),Logistics,Instream,United States,Desktop,N/A,$0.00  ~ $0.00 ,N/A,N/A,N/A,N/A,N/A
Science (Legacy),Logistics,Outstream,United Kingdom,Desktop,N/A,$0.00  ~ $0.00 ,N/A,N/A,N/A,N/A,N/A
Science (Legacy),Food & Drink,Instream,United States,Desktop,N/A,$0.00  ~ $0.00 ,N/A,N/A,N/A,N/A,N/A
Science (Legacy),Food & Drink,Instream,United States,Mobile Web,N/A,$0.00  ~ $0.00 ,N/A,N/A,N/A,N/A,N/A
Science (Legacy),Food & Drink,Interstitial,United States,Desktop,N/A,$0.00  ~ $0.00 ,N/A,N/A,N/A,N/A,N/A
Science (Legacy),Food & Drink,Outstream,United States,Desktop,N/A,$0.00  ~ $0.00 ,N/A,N/A,N/A,N/A,N/A
Science (Legacy),Food & Drink,Outstream,United States,Mobile Web,N/A,$0.00  ~ $0.00 ,N/A,N/A,N/A,N/A,N/A
Science (Legacy),Metals,Instream,United States,Desktop,N/A,$0.00  ~ $0.00 ,N/A,N/A,N/A,N/A,N/A
Science (Legacy),Metals,Instream,United States,Mobile Web,N/A,$0.00  ~ $0.00 ,N/A,N/A,N/A,N/A,N/A
Science (Legacy),Metals,Instream,Canada,Desktop,N/A,$0.00  ~ $0.00 ,N/A,N/A,N/A,N/A,N/A
Science (Legacy),Metals,Outstream,United States,Mobile Web,N/A,$0.00  ~ $0.00 ,N/A,N/A,N/A,N/A,N/A
Science (Legacy),Metals,Outstream,United States,Desktop,N/A,$0.00  ~ $0.00 ,N/A,N/A,N/A,N/A,N/A
Science (Legacy),Metals,Interstitial,United States,Desktop,N/A,$0.00  ~ $0.00 ,N/A,N/A,N/A,N/A,N/A
Science (Legacy),Dogs,Instream,Canada,Desktop,N/A,$0.00  ~ $0.00 ,N/A,N/A,N/A,N/A,N/A
Science (Legacy),News,Instream,Canada,Desktop,N/A,$0.00  ~ $0.00 ,N/A,N/A,N/A,N/A,N/A
Science (Legacy),News,Instream,Canada,Mobile Web,N/A,$0.00  ~ $0.00 ,N/A,N/A,N/A,N/A,N/A
Science (Legacy),News,Interstitial,United States,Desktop,N/A,$0.00  ~ $0.00 ,N/A,N/A,N/A,N/A,N/A
Science (Legacy),News,Interstitial,Canada,Desktop,N/A,$0.00  ~ $0.00 ,N/A,N/A,N/A,N/A,N/A
Science (Legacy),News,Outstream,Canada,Desktop,N/A,$0.00  ~ $0.00 ,N/A,N/A,N/A,N/A,N/A
Science (Legacy),News,Outstream,Canada,Mobile Web,N/A,$0.00  ~ $0.00 ,N/A,N/A,N/A,N/A,N/A
Science (Legacy),News,Outstream,United States,Desktop,N/A,$0.00  ~ $0.00 ,N/A,N/A,N/A,N/A,N/A
Science (Legacy),News,Outstream,United States,Mobile Web,N/A,$0.00  ~ $0.00 ,N/A,N/A,N/A,N/A,N/A
Science (Legacy),Advertising,Outstream,United States,Desktop,N/A,$0.00  ~ $0.00 ,N/A,N/A,N/A,N/A,N/A
Science (Legacy),Advertising,Outstream,United States,Mobile Web,N/A,$0.00  ~ $0.00 ,N/A,N/A,N/A,N/A,N/A
Science (Legacy),Advertising,Interstitial,United States,Desktop,N/A,$0.00  ~ $0.00 ,N/A,N/A,N/A,N/A,N/A
Science (Legacy),Advertising,Instream,United States,Desktop,N/A,$0.00  ~ $0.00 ,N/A,N/A,N/A,N/A,N/A
Science (Legacy),Advertising,Instream,Canada,Desktop,N/A,$0.00  ~ $0.00 ,N/A,N/A,N/A,N/A,N/A
Science (Legacy),Music,Outstream,United States,Desktop,N/A,$0.00  ~ $0.00 ,N/A,N/A,N/A,N/A,N/A
Science (Legacy),Music,Outstream,United States,Mobile Web,N/A,$0.00  ~ $0.00 ,N/A,N/A,N/A,N/A,N/A
Science (Legacy),Music,Instream,United States,Desktop,N/A,$0.00  ~ $0.00 ,N/A,N/A,N/A,N/A,N/A
Science (Legacy),Cocktails/Beer,Outstream,United States,Desktop,N/A,$0.00  ~ $0.00 ,N/A,N/A,N/A,N/A,N/A
Science (Legacy),Cocktails/Beer,Instream,United States,Desktop,N/A,$0.00  ~ $0.00 ,N/A,N/A,N/A,N/A,N/A
Shopping (Legacy),Politics,Outstream,United States,Desktop,N/A,$50.87  ~ $50.87 ,N/A,N/A,N/A,N/A,N/A
Shopping (Legacy),Politics,Instream,United States,Desktop,N/A,$44.50  ~ $44.50 ,N/A,N/A,N/A,100.00%,N/A
Shopping (Legacy),"Law, Gov't & Politics",Instream,United States,Desktop,N/A,$44.30  ~ $45.01 ,$21.58 ,N/A,0.21%,82.33%,N/A
Shopping (Legacy),"Law, Gov't & Politics",Instream,United States,Mobile Web,N/A,$41.64  ~ $42.50 ,N/A,N/A,N/A,72.22%,N/A
Shopping (Legacy),"Law, Gov't & Politics",Outstream,United States,Desktop,N/A,$72.12  ~ $74.10 ,N/A,N/A,N/A,33.33%,N/A
Shopping (Legacy),Education,Outstream,United States,Mobile Web,N/A,$32.44  ~ $75.61 ,N/A,N/A,N/A,100.00%,N/A
Shopping (Legacy),Education,Instream,United States,Desktop,N/A,$25.12  ~ $31.31 ,N/A,N/A,N/A,95.45%,N/A
Shopping (Legacy),Hobbies & Interests,Instream,United States,Desktop,N/A,$61.40  ~ $61.40 ,N/A,N/A,N/A,85.26%,N/A
Shopping (Legacy),Hobbies & Interests,Outstream,United States,Desktop,N/A,$42.70  ~ $42.70 ,N/A,N/A,N/A,100.00%,N/A
Shopping (Legacy),Hobbies & Interests,Outstream,United States,Mobile Web,N/A,$53.29  ~ $53.29 ,N/A,N/A,N/A,50.00%,N/A
Shopping (Legacy),Automotive,Instream,United States,Desktop,N/A,$40.83  ~ $41.14 ,$0.73 ,N/A,5.56%,64.71%,N/A
Shopping (Legacy),Business,Instream,United States,Desktop,N/A,$38.22  ~ $43.67 ,$6.88 ,N/A,0.56%,72.32%,N/A
Shopping (Legacy),Business,Instream,United States,Mobile Web,N/A,$40.22  ~ $40.22 ,N/A,N/A,N/A,60.00%,N/A
Shopping (Legacy),Business,Outstream,United States,Mobile Web,N/A,$35.68  ~ $83.87 ,N/A,N/A,N/A,N/A,N/A
Shopping (Legacy),Auto Repair,Instream,United States,Desktop,N/A,$12.92  ~ $12.92 ,N/A,N/A,N/A,100.00%,N/A
Shopping (Legacy),Interior Decorating,Instream,United States,Desktop,N/A,$35.85  ~ $35.85 ,$0.04 ,N/A,100.00%,N/A,N/A
Shopping (Legacy),Interior Decorating,Instream,United States,Mobile Web,N/A,$35.85  ~ $35.85 ,N/A,N/A,N/A,N/A,N/A
Shopping (Legacy),Travel,Instream,United States,Desktop,N/A,$31.08  ~ $31.08 ,N/A,N/A,N/A,70.18%,N/A
Shopping (Legacy),Home & Garden,Instream,United States,Desktop,N/A,$27.91  ~ $29.70 ,$2.85 ,N/A,0.98%,80.20%,N/A
Shopping (Legacy),Home & Garden,Instream,United States,Mobile Web,N/A,$26.54  ~ $30.04 ,N/A,N/A,N/A,70.00%,N/A
Shopping (Legacy),Home & Garden,Outstream,United States,Desktop,N/A,$35.34  ~ $46.09 ,N/A,N/A,N/A,100.00%,N/A
Shopping (Legacy),Arts & Entertainment,Instream,United States,Desktop,N/A,$25.51  ~ $33.32 ,$2.78 ,N/A,0.92%,84.40%,N/A
Shopping (Legacy),Arts & Entertainment,Outstream,United States,Mobile Web,N/A,$20.43  ~ $49.71 ,N/A,N/A,N/A,33.33%,N/A
Shopping (Legacy),Health & Fitness,Instream,United States,Desktop,N/A,$28.38  ~ $35.16 ,N/A,N/A,N/A,80.00%,N/A
Shopping (Legacy),Health & Fitness,Instream,United States,Mobile Web,N/A,$20.95  ~ $35.85 ,N/A,N/A,N/A,82.14%,N/A
Shopping (Legacy),Health & Fitness,Outstream,United States,Desktop,N/A,$40.97  ~ $40.97 ,N/A,N/A,N/A,100.00%,N/A
Shopping (Legacy),Health & Fitness,Outstream,United States,Tablet,N/A,$78.42  ~ $78.42 ,N/A,N/A,N/A,25.00%,N/A
Shopping (Legacy),News,Instream,United States,Mobile Web,N/A,$32.12  ~ $32.12 ,N/A,N/A,N/A,86.96%,N/A
Shopping (Legacy),News,Instream,United States,Desktop,N/A,$32.13  ~ $32.13 ,$21.14 ,N/A,0.15%,77.91%,N/A
Shopping (Legacy),Remodeling & Construction,Instream,United States,Desktop,N/A,$26.75  ~ $26.75 ,N/A,N/A,N/A,100.00%,N/A
Shopping (Legacy),Remodeling & Construction,Outstream,United States,Desktop,N/A,$36.70  ~ $36.70 ,N/A,N/A,N/A,100.00%,N/A
Shopping (Legacy),Shopping,Instream,United States,Desktop,N/A,$51.02  ~ $51.02 ,N/A,N/A,N/A,66.67%,N/A
Shopping (Legacy),Shopping,Instream,United States,Mobile Web,N/A,$29.86  ~ $29.86 ,N/A,N/A,N/A,100.00%,N/A
Shopping (Legacy),Personal Finance,Instream,United States,Desktop,N/A,$50.05  ~ $67.54 ,$11.89 ,N/A,0.57%,73.10%,N/A
Shopping (Legacy),Personal Finance,Instream,United States,Mobile Web,N/A,$50.62  ~ $50.62 ,N/A,N/A,N/A,66.67%,N/A
Shopping (Legacy),Personal Finance,Outstream,United States,Desktop,N/A,$50.75  ~ $50.75 ,N/A,N/A,N/A,100.00%,N/A
Shopping (Legacy),Buying/Selling Cars,Instream,United States,Desktop,N/A,$42.67  ~ $42.67 ,$2.99 ,N/A,1.43%,79.71%,N/A
Shopping (Legacy),Family & Parenting,Instream,United States,Desktop,N/A,$0.00  ~ $0.00 ,N/A,N/A,N/A,N/A,N/A
Shopping (Legacy),Family & Parenting,Instream,United States,Mobile Web,N/A,$0.00  ~ $0.00 ,N/A,N/A,N/A,N/A,N/A
Shopping (Legacy),Family & Parenting,Outstream,United States,Desktop,N/A,$0.00  ~ $0.00 ,N/A,N/A,N/A,N/A,N/A
Shopping (Legacy),Family & Parenting,Outstream,United States,Mobile Web,N/A,$0.00  ~ $0.00 ,N/A,N/A,N/A,N/A,N/A
Shopping (Legacy),Family & Parenting,Interstitial,United States,Desktop,N/A,$0.00  ~ $0.00 ,N/A,N/A,N/A,N/A,N/A
Shopping (Legacy),Family & Parenting,Interstitial,United States,Tablet,N/A,$0.00  ~ $0.00 ,N/A,N/A,N/A,N/A,N/A
Shopping (Legacy),Investing,Outstream,United States,Mobile Web,N/A,$0.00  ~ $0.00 ,N/A,N/A,N/A,N/A,N/A
Shopping (Legacy),Investing,Outstream,United States,Desktop,N/A,$0.00  ~ $0.00 ,N/A,N/A,N/A,N/A,N/A
Shopping (Legacy),Investing,Interstitial,United States,Desktop,N/A,$0.00  ~ $0.00 ,N/A,N/A,N/A,N/A,N/A
Shopping (Legacy),Green Solutions,Instream,United States,Desktop,N/A,$0.00  ~ $0.00 ,N/A,N/A,N/A,N/A,N/A
Shopping (Legacy),Green Solutions,Outstream,United States,Desktop,N/A,$0.00  ~ $0.00 ,N/A,N/A,N/A,N/A,N/A
Shopping (Legacy),Green Solutions,Outstream,United States,Mobile Web,N/A,$0.00  ~ $0.00 ,N/A,N/A,N/A,N/A,N/A
Shopping (Legacy),Job Search,Interstitial,United States,Desktop,N/A,$0.00  ~ $0.00 ,N/A,N/A,N/A,N/A,N/A
Shopping (Legacy),Job Search,Outstream,United States,Tablet,N/A,$0.00  ~ $0.00 ,N/A,N/A,N/A,N/A,N/A
Shopping (Legacy),Job Search,Outstream,United States,Mobile Web,N/A,$0.00  ~ $0.00 ,N/A,N/A,N/A,N/A,N/A
Shopping (Legacy),Job Search,Outstream,United States,Desktop,N/A,$0.00  ~ $0.00 ,N/A,N/A,N/A,N/A,N/A
Shopping (Legacy),Business,Instream,Canada,Desktop,N/A,$0.00  ~ $0.00 ,N/A,N/A,N/A,N/A,N/A
Shopping (Legacy),Business,Instream,Canada,Mobile Web,N/A,$0.00  ~ $0.00 ,N/A,N/A,N/A,N/A,N/A
Shopping (Legacy),Business,Instream,United Kingdom,Mobile Web,N/A,$0.00  ~ $0.00 ,N/A,N/A,N/A,N/A,N/A
Shopping (Legacy),Business,Outstream,Mexico,Desktop,N/A,$0.00  ~ $0.00 ,N/A,N/A,N/A,N/A,N/A
Shopping (Legacy),Business,Outstream,United Kingdom,Desktop,N/A,$0.00  ~ $0.00 ,N/A,N/A,N/A,N/A,N/A
Shopping (Legacy),Business,Outstream,Canada,Desktop,N/A,$0.00  ~ $0.00 ,N/A,N/A,N/A,N/A,N/A
Shopping (Legacy),Business,Outstream,United States,Tablet,N/A,$0.00  ~ $0.00 ,N/A,N/A,N/A,N/A,N/A
Shopping (Legacy),Business,Outstream,United States,Desktop,N/A,$0.00  ~ $0.00 ,N/A,N/A,N/A,N/A,N/A
Shopping (Legacy),Business,Interstitial,Canada,Desktop,N/A,$0.00  ~ $0.00 ,N/A,N/A,N/A,N/A,N/A
Shopping (Legacy),Business,Interstitial,United Kingdom,Mobile Web,N/A,$0.00  ~ $0.00 ,N/A,N/A,N/A,N/A,N/A
Shopping (Legacy),Business,Interstitial,United Kingdom,Desktop,N/A,$0.00  ~ $0.00 ,N/A,N/A,N/A,N/A,N/A
Shopping (Legacy),Business,Interstitial,United States,Desktop,N/A,$0.00  ~ $0.00 ,N/A,N/A,N/A,N/A,N/A
Shopping (Legacy),Business,Interstitial,United States,Mobile Web,N/A,$0.00  ~ $0.00 ,N/A,N/A,N/A,N/A,N/A
Shopping (Legacy),Business,Native,United States,Desktop,N/A,$0.00  ~ $0.00 ,N/A,N/A,N/A,N/A,N/A
Shopping (Legacy),Travel,Outstream,United States,Desktop,N/A,$0.00  ~ $0.00 ,N/A,N/A,N/A,N/A,N/A
Shopping (Legacy),Travel,Outstream,United States,Mobile Web,N/A,$0.00  ~ $0.00 ,N/A,N/A,N/A,N/A,N/A
Shopping (Legacy),Travel,Outstream,United Kingdom,Desktop,N/A,$0.00  ~ $0.00 ,N/A,N/A,N/A,N/A,N/A
Shopping (Legacy),Travel,Outstream,United Kingdom,Mobile Web,N/A,$0.00  ~ $0.00 ,N/A,N/A,N/A,N/A,N/A
Shopping (Legacy),Travel,Interstitial,United Kingdom,Mobile Web,N/A,$0.00  ~ $0.00 ,N/A,N/A,N/A,N/A,N/A
Shopping (Legacy),Travel,Interstitial,United Kingdom,Desktop,N/A,$0.00  ~ $0.00 ,N/A,N/A,N/A,N/A,N/A
Shopping (Legacy),Travel,Interstitial,United States,Desktop,N/A,$0.00  ~ $0.00 ,N/A,N/A,N/A,N/A,N/A
Shopping (Legacy),Travel,Instream,United States,Mobile Web,N/A,$0.00  ~ $0.00 ,N/A,N/A,N/A,N/A,N/A
Shopping (Legacy),Travel,Instream,United Kingdom,Mobile Web,N/A,$0.00  ~ $0.00 ,N/A,N/A,N/A,N/A,N/A
Shopping (Legacy),Travel,Instream,Canada,Desktop,N/A,$0.00  ~ $0.00 ,N/A,N/A,N/A,N/A,N/A
Shopping (Legacy),"Law, Gov't & Politics",Instream,Mexico,Desktop,N/A,$0.00  ~ $0.00 ,N/A,N/A,N/A,N/A,N/A
Shopping (Legacy),"Law, Gov't & Politics",Instream,Canada,Desktop,N/A,$0.00  ~ $0.00 ,N/A,N/A,N/A,N/A,N/A
Shopping (Legacy),"Law, Gov't & Politics",Outstream,Mexico,Desktop,N/A,$0.00  ~ $0.00 ,N/A,N/A,N/A,N/A,N/A
Shopping (Legacy),"Law, Gov't & Politics",Outstream,Mexico,Mobile Web,N/A,$0.00  ~ $0.00 ,N/A,N/A,N/A,N/A,N/A
Shopping (Legacy),"Law, Gov't & Politics",Outstream,United States,Mobile Web,N/A,$0.00  ~ $0.00 ,N/A,N/A,N/A,N/A,N/A
Shopping (Legacy),"Law, Gov't & Politics",Interstitial,United States,Desktop,N/A,$0.00  ~ $0.00 ,N/A,N/A,N/A,N/A,N/A
Shopping (Legacy),Food & Drink,Instream,United States,Mobile Web,N/A,$0.00  ~ $0.00 ,N/A,N/A,N/A,N/A,N/A
Shopping (Legacy),Food & Drink,Instream,United States,Desktop,N/A,$0.00  ~ $0.00 ,N/A,N/A,N/A,N/A,N/A
Shopping (Legacy),Food & Drink,Outstream,United States,Desktop,N/A,$0.00  ~ $0.00 ,N/A,N/A,N/A,N/A,N/A
Shopping (Legacy),Food & Drink,Outstream,United States,Mobile Web,N/A,$0.00  ~ $0.00 ,N/A,N/A,N/A,N/A,N/A
Shopping (Legacy),Food & Drink,Outstream,United States,Tablet,N/A,$0.00  ~ $0.00 ,N/A,N/A,N/A,N/A,N/A
Shopping (Legacy),Food & Drink,Interstitial,United States,Desktop,N/A,$0.00  ~ $0.00 ,N/A,N/A,N/A,N/A,N/A
Shopping (Legacy),Personal Finance,Instream,Canada,Desktop,N/A,$0.00  ~ $0.00 ,N/A,N/A,N/A,N/A,N/A
Shopping (Legacy),Personal Finance,Interstitial,United Kingdom,Desktop,N/A,$0.00  ~ $0.00 ,N/A,N/A,N/A,N/A,N/A
Shopping (Legacy),Personal Finance,Interstitial,United States,Desktop,N/A,$0.00  ~ $0.00 ,N/A,N/A,N/A,N/A,N/A
Shopping (Legacy),Personal Finance,Outstream,United States,Mobile Web,N/A,$0.00  ~ $0.00 ,N/A,N/A,N/A,N/A,N/A
Shopping (Legacy),Personal Finance,Outstream,United States,Tablet,N/A,$0.00  ~ $0.00 ,N/A,N/A,N/A,N/A,N/A
Shopping (Legacy),Personal Finance,Outstream,Canada,Desktop,N/A,$0.00  ~ $0.00 ,N/A,N/A,N/A,N/A,N/A
Shopping (Legacy),Personal Finance,Outstream,Mexico,Desktop,N/A,$0.00  ~ $0.00 ,N/A,N/A,N/A,N/A,N/A
Shopping (Legacy),Personal Finance,Outstream,United Kingdom,Desktop,N/A,$0.00  ~ $0.00 ,N/A,N/A,N/A,N/A,N/A
Shopping (Legacy),Pro Ice Hockey,Instream,Canada,Desktop,N/A,$0.00  ~ $0.00 ,N/A,N/A,N/A,N/A,N/A
Shopping (Legacy),Contests & Freebies,Instream,United States,Desktop,N/A,$0.00  ~ $0.00 ,N/A,N/A,N/A,N/A,N/A
Shopping (Legacy),News,Instream,Canada,Desktop,N/A,$0.00  ~ $0.00 ,N/A,N/A,N/A,N/A,N/A
Shopping (Legacy),News,Outstream,United States,Desktop,N/A,$0.00  ~ $0.00 ,N/A,N/A,N/A,N/A,N/A
Shopping (Legacy),News,Outstream,United States,Mobile Web,N/A,$0.00  ~ $0.00 ,N/A,N/A,N/A,N/A,N/A
Shopping (Legacy),News,Outstream,Canada,Desktop,N/A,$0.00  ~ $0.00 ,N/A,N/A,N/A,N/A,N/A
Shopping (Legacy),News,Outstream,Canada,Mobile Web,N/A,$0.00  ~ $0.00 ,N/A,N/A,N/A,N/A,N/A
Shopping (Legacy),News,Interstitial,United States,Desktop,N/A,$0.00  ~ $0.00 ,N/A,N/A,N/A,N/A,N/A
Shopping (Legacy),News,Interstitial,United States,Mobile Web,N/A,$0.00  ~ $0.00 ,N/A,N/A,N/A,N/A,N/A
Shopping (Legacy),News,Interstitial,Canada,Desktop,N/A,$0.00  ~ $0.00 ,N/A,N/A,N/A,N/A,N/A
Shopping (Legacy),Music,Instream,United States,Desktop,N/A,$0.00  ~ $0.00 ,N/A,N/A,N/A,N/A,N/A
Shopping (Legacy),Credit/Debt & Loans,Instream,United States,Desktop,N/A,$0.00  ~ $0.00 ,N/A,N/A,N/A,N/A,N/A
Shopping (Legacy),Credit/Debt & Loans,Outstream,United States,Mobile Web,N/A,$0.00  ~ $0.00 ,N/A,N/A,N/A,N/A,N/A
Shopping (Legacy),Technology & Computing,Outstream,United States,Desktop,N/A,$0.00  ~ $0.00 ,N/A,N/A,N/A,N/A,N/A
Shopping (Legacy),Real Estate,Instream,United States,Desktop,N/A,$0.00  ~ $0.00 ,N/A,N/A,N/A,N/A,N/A
Shopping (Legacy),Real Estate,Instream,United States,Mobile Web,N/A,$0.00  ~ $0.00 ,N/A,N/A,N/A,N/A,N/A
Shopping (Legacy),Real Estate,Instream,Canada,Desktop,N/A,$0.00  ~ $0.00 ,N/A,N/A,N/A,N/A,N/A
Shopping (Legacy),Real Estate,Outstream,United States,Mobile Web,N/A,$0.00  ~ $0.00 ,N/A,N/A,N/A,N/A,N/A
Shopping (Legacy),Real Estate,Outstream,United States,Tablet,N/A,$0.00  ~ $0.00 ,N/A,N/A,N/A,N/A,N/A
Shopping (Legacy),Real Estate,Outstream,United States,Desktop,N/A,$0.00  ~ $0.00 ,N/A,N/A,N/A,N/A,N/A
Shopping (Legacy),Real Estate,Interstitial,United States,Desktop,N/A,$0.00  ~ $0.00 ,N/A,N/A,N/A,N/A,N/A
Shopping (Legacy),Interior Decorating,Outstream,United States,Desktop,N/A,$0.00  ~ $0.00 ,N/A,N/A,N/A,N/A,N/A
Shopping (Legacy),Interior Decorating,Outstream,United States,Mobile Web,N/A,$0.00  ~ $0.00 ,N/A,N/A,N/A,N/A,N/A
Shopping (Legacy),Interior Decorating,Outstream,United States,Tablet,N/A,$0.00  ~ $0.00 ,N/A,N/A,N/A,N/A,N/A
Shopping (Legacy),Interior Decorating,Interstitial,United States,Desktop,N/A,$0.00  ~ $0.00 ,N/A,N/A,N/A,N/A,N/A
Shopping (Legacy),Interior Decorating,Interstitial,United States,Tablet,N/A,$0.00  ~ $0.00 ,N/A,N/A,N/A,N/A,N/A
Shopping (Legacy),Shopping,Instream,Canada,Desktop,N/A,$0.00  ~ $0.00 ,N/A,N/A,N/A,N/A,N/A
Shopping (Legacy),Shopping,Instream,United Kingdom,Mobile Web,N/A,$0.00  ~ $0.00 ,N/A,N/A,N/A,N/A,N/A
Shopping (Legacy),Shopping,Instream,United Kingdom,Desktop,N/A,$0.00  ~ $0.00 ,N/A,N/A,N/A,N/A,N/A
Shopping (Legacy),Shopping,Interstitial,Canada,Desktop,N/A,$0.00  ~ $0.00 ,N/A,N/A,N/A,N/A,N/A
Shopping (Legacy),Shopping,Interstitial,United Kingdom,Desktop,N/A,$0.00  ~ $0.00 ,N/A,N/A,N/A,N/A,N/A
Shopping (Legacy),Shopping,Interstitial,United Kingdom,Mobile Web,N/A,$0.00  ~ $0.00 ,N/A,N/A,N/A,N/A,N/A
Shopping (Legacy),Shopping,Interstitial,United States,Desktop,N/A,$0.00  ~ $0.00 ,N/A,N/A,N/A,N/A,N/A
Shopping (Legacy),Shopping,Interstitial,United States,Mobile Web,N/A,$0.00  ~ $0.00 ,N/A,N/A,N/A,N/A,N/A
Shopping (Legacy),Shopping,Outstream,United States,Desktop,N/A,$0.00  ~ $0.00 ,N/A,N/A,N/A,N/A,N/A
Shopping (Legacy),Shopping,Outstream,United States,Mobile Web,N/A,$0.00  ~ $0.00 ,N/A,N/A,N/A,N/A,N/A
Shopping (Legacy),Shopping,Outstream,United Kingdom,Mobile Web,N/A,$0.00  ~ $0.00 ,N/A,N/A,N/A,N/A,N/A
Shopping (Legacy),Gardening,Outstream,United States,Mobile Web,N/A,$0.00  ~ $0.00 ,N/A,N/A,N/A,N/A,N/A
Shopping (Legacy),Cruises,Instream,United States,Desktop,N/A,$0.00  ~ $0.00 ,N/A,N/A,N/A,N/A,N/A
Shopping (Legacy),Clothing,Outstream,United States,Mobile Web,N/A,$0.00  ~ $0.00 ,N/A,N/A,N/A,N/A,N/A
Shopping (Legacy),Apartments,Instream,United Kingdom,Mobile Web,N/A,$0.00  ~ $0.00 ,N/A,N/A,N/A,N/A,N/A
Shopping (Legacy),Home Repair,Instream,United States,Desktop,N/A,$0.00  ~ $0.00 ,N/A,N/A,N/A,N/A,N/A
Shopping (Legacy),Home Repair,Interstitial,United States,Desktop,N/A,$0.00  ~ $0.00 ,N/A,N/A,N/A,N/A,N/A
Shopping (Legacy),By US Locale,Instream,United States,Desktop,N/A,$0.00  ~ $0.00 ,N/A,N/A,N/A,N/A,N/A
Shopping (Legacy),K-6 Educators,Outstream,United States,Desktop,N/A,$0.00  ~ $0.00 ,N/A,N/A,N/A,N/A,N/A
Shopping (Legacy),Arts & Entertainment,Instream,Canada,Desktop,N/A,$0.00  ~ $0.00 ,N/A,N/A,N/A,N/A,N/A
Shopping (Legacy),Arts & Entertainment,Outstream,United States,Desktop,N/A,$0.00  ~ $0.00 ,N/A,N/A,N/A,N/A,N/A
Shopping (Legacy),Arts & Entertainment,Outstream,Canada,Desktop,N/A,$0.00  ~ $0.00 ,N/A,N/A,N/A,N/A,N/A
Shopping (Legacy),Arts & Entertainment,Outstream,United Kingdom,Desktop,N/A,$0.00  ~ $0.00 ,N/A,N/A,N/A,N/A,N/A
Shopping (Legacy),Arts & Entertainment,Interstitial,United Kingdom,Mobile Web,N/A,$0.00  ~ $0.00 ,N/A,N/A,N/A,N/A,N/A
Shopping (Legacy),Arts & Entertainment,Interstitial,United States,Desktop,N/A,$0.00  ~ $0.00 ,N/A,N/A,N/A,N/A,N/A
Shopping (Legacy),Arts & Entertainment,Interstitial,United States,Mobile Web,N/A,$0.00  ~ $0.00 ,N/A,N/A,N/A,N/A,N/A
Shopping (Legacy),Arts & Entertainment,Interstitial,Canada,Desktop,N/A,$0.00  ~ $0.00 ,N/A,N/A,N/A,N/A,N/A
Shopping (Legacy),Large Animals,Outstream,United States,Desktop,N/A,$0.00  ~ $0.00 ,N/A,N/A,N/A,N/A,N/A
Shopping (Legacy),Careers,Interstitial,United States,Desktop,N/A,$0.00  ~ $0.00 ,N/A,N/A,N/A,N/A,N/A
Shopping (Legacy),Careers,Instream,Canada,Desktop,N/A,$0.00  ~ $0.00 ,N/A,N/A,N/A,N/A,N/A
Shopping (Legacy),Careers,Instream,United States,Desktop,N/A,$0.00  ~ $0.00 ,N/A,N/A,N/A,N/A,N/A
Shopping (Legacy),Careers,Outstream,United States,Desktop,N/A,$0.00  ~ $0.00 ,N/A,N/A,N/A,N/A,N/A
Shopping (Legacy),Careers,Outstream,United States,Mobile Web,N/A,$0.00  ~ $0.00 ,N/A,N/A,N/A,N/A,N/A
Shopping (Legacy),Alternative Medicine,Instream,United States,Desktop,N/A,$0.00  ~ $0.00 ,N/A,N/A,N/A,N/A,N/A
Shopping (Legacy),Legal Issues,Instream,United States,Desktop,N/A,$0.00  ~ $0.00 ,N/A,N/A,N/A,N/A,N/A
Shopping (Legacy),Legal Issues,Instream,Canada,Desktop,N/A,$0.00  ~ $0.00 ,N/A,N/A,N/A,N/A,N/A
Shopping (Legacy),Legal Issues,Outstream,United States,Desktop,N/A,$0.00  ~ $0.00 ,N/A,N/A,N/A,N/A,N/A
Shopping (Legacy),Legal Issues,Interstitial,United States,Desktop,N/A,$0.00  ~ $0.00 ,N/A,N/A,N/A,N/A,N/A
Shopping (Legacy),College,Instream,United States,Desktop,N/A,$0.00  ~ $0.00 ,N/A,N/A,N/A,N/A,N/A
Shopping (Legacy),College,Outstream,United States,Desktop,N/A,$0.00  ~ $0.00 ,N/A,N/A,N/A,N/A,N/A
Shopping (Legacy),College,Outstream,United States,Mobile Web,N/A,$0.00  ~ $0.00 ,N/A,N/A,N/A,N/A,N/A
Shopping (Legacy),College,Interstitial,United States,Desktop,N/A,$0.00  ~ $0.00 ,N/A,N/A,N/A,N/A,N/A
Shopping (Legacy),Buying/Selling Cars,Outstream,United States,Desktop,N/A,$0.00  ~ $0.00 ,N/A,N/A,N/A,N/A,N/A
Shopping (Legacy),Buying/Selling Cars,Outstream,United States,Mobile Web,N/A,$0.00  ~ $0.00 ,N/A,N/A,N/A,N/A,N/A
Shopping (Legacy),Buying/Selling Cars,Interstitial,United States,Desktop,N/A,$0.00  ~ $0.00 ,N/A,N/A,N/A,N/A,N/A
Shopping (Legacy),Human Resources,Outstream,United States,Desktop,N/A,$0.00  ~ $0.00 ,N/A,N/A,N/A,N/A,N/A
Shopping (Legacy),Human Resources,Instream,United States,Desktop,N/A,$0.00  ~ $0.00 ,N/A,N/A,N/A,N/A,N/A
Shopping (Legacy),Exercise,Instream,United States,Desktop,N/A,$0.00  ~ $0.00 ,N/A,N/A,N/A,N/A,N/A
Shopping (Legacy),Exercise,Outstream,United States,Desktop,N/A,$0.00  ~ $0.00 ,N/A,N/A,N/A,N/A,N/A
Shopping (Legacy),Dogs,Instream,Canada,Desktop,N/A,$0.00  ~ $0.00 ,N/A,N/A,N/A,N/A,N/A
Shopping (Legacy),Pets,Instream,Canada,Desktop,N/A,$0.00  ~ $0.00 ,N/A,N/A,N/A,N/A,N/A
Shopping (Legacy),Pets,Instream,Canada,Mobile Web,N/A,$0.00  ~ $0.00 ,N/A,N/A,N/A,N/A,N/A
Shopping (Legacy),Pets,Instream,United States,Desktop,N/A,$0.00  ~ $0.00 ,N/A,N/A,N/A,N/A,N/A
Shopping (Legacy),Pets,Outstream,United States,Desktop,N/A,$0.00  ~ $0.00 ,N/A,N/A,N/A,N/A,N/A
Shopping (Legacy),Pets,Outstream,United States,Mobile Web,N/A,$0.00  ~ $0.00 ,N/A,N/A,N/A,N/A,N/A
Shopping (Legacy),Biotech/Biomedical,Instream,United States,Desktop,N/A,$0.00  ~ $0.00 ,N/A,N/A,N/A,N/A,N/A
Shopping (Legacy),Biotech/Biomedical,Interstitial,United States,Desktop,N/A,$0.00  ~ $0.00 ,N/A,N/A,N/A,N/A,N/A
Shopping (Legacy),Biotech/Biomedical,Outstream,United States,Mobile Web,N/A,$0.00  ~ $0.00 ,N/A,N/A,N/A,N/A,N/A
Shopping (Legacy),Biotech/Biomedical,Outstream,United States,Desktop,N/A,$0.00  ~ $0.00 ,N/A,N/A,N/A,N/A,N/A
Shopping (Legacy),Advertising,Instream,United States,Desktop,N/A,$0.00  ~ $0.00 ,N/A,N/A,N/A,N/A,N/A
Shopping (Legacy),Advertising,Instream,Canada,Desktop,N/A,$0.00  ~ $0.00 ,N/A,N/A,N/A,N/A,N/A
Shopping (Legacy),Advertising,Outstream,United States,Mobile Web,N/A,$0.00  ~ $0.00 ,N/A,N/A,N/A,N/A,N/A
Shopping (Legacy),Advertising,Outstream,United States,Desktop,N/A,$0.00  ~ $0.00 ,N/A,N/A,N/A,N/A,N/A
Shopping (Legacy),Automotive,Outstream,United States,Desktop,N/A,$0.00  ~ $0.00 ,N/A,N/A,N/A,N/A,N/A
Shopping (Legacy),Automotive,Outstream,United States,Mobile Web,N/A,$0.00  ~ $0.00 ,N/A,N/A,N/A,N/A,N/A
Shopping (Legacy),Pediatrics,Instream,United States,Desktop,N/A,$0.00  ~ $0.00 ,N/A,N/A,N/A,N/A,N/A
Shopping (Legacy),Pediatrics,Outstream,United States,Desktop,N/A,$0.00  ~ $0.00 ,N/A,N/A,N/A,N/A,N/A
Shopping (Legacy),Senor Health,Outstream,United States,Tablet,N/A,$0.00  ~ $0.00 ,N/A,N/A,N/A,N/A,N/A
Shopping (Legacy),Senor Health,Instream,United States,Desktop,N/A,$0.00  ~ $0.00 ,N/A,N/A,N/A,N/A,N/A
Shopping (Legacy),Health & Fitness,Instream,Canada,Desktop,N/A,$0.00  ~ $0.00 ,N/A,N/A,N/A,N/A,N/A
Shopping (Legacy),Health & Fitness,Outstream,United Kingdom,Desktop,N/A,$0.00  ~ $0.00 ,N/A,N/A,N/A,N/A,N/A
Shopping (Legacy),Health & Fitness,Outstream,United States,Mobile Web,N/A,$0.00  ~ $0.00 ,N/A,N/A,N/A,N/A,N/A
Shopping (Legacy),Health & Fitness,Outstream,Canada,Mobile Web,N/A,$0.00  ~ $0.00 ,N/A,N/A,N/A,N/A,N/A
Shopping (Legacy),Health & Fitness,Interstitial,United States,Desktop,N/A,$0.00  ~ $0.00 ,N/A,N/A,N/A,N/A,N/A
Shopping (Legacy),Health & Fitness,Interstitial,United States,Tablet,N/A,$0.00  ~ $0.00 ,N/A,N/A,N/A,N/A,N/A
Shopping (Legacy),Health & Fitness,Interstitial,United Kingdom,Desktop,N/A,$0.00  ~ $0.00 ,N/A,N/A,N/A,N/A,N/A
Shopping (Legacy),Hobbies & Interests,Outstream,United Kingdom,Desktop,N/A,$0.00  ~ $0.00 ,N/A,N/A,N/A,N/A,N/A
Shopping (Legacy),Hobbies & Interests,Interstitial,United States,Desktop,N/A,$0.00  ~ $0.00 ,N/A,N/A,N/A,N/A,N/A
Shopping (Legacy),Hobbies & Interests,Native,United Kingdom,Desktop,N/A,$0.00  ~ $0.00 ,N/A,N/A,N/A,N/A,N/A
Shopping (Legacy),Computer Peripherals,Interstitial,Ireland,Tablet,N/A,$0.00  ~ $0.00 ,N/A,N/A,N/A,N/A,N/A
Shopping (Legacy),Remodeling & Construction,Outstream,United States,Mobile Web,N/A,$0.00  ~ $0.00 ,N/A,N/A,N/A,N/A,N/A
Shopping (Legacy),Remodeling & Construction,Interstitial,United States,Desktop,N/A,$0.00  ~ $0.00 ,N/A,N/A,N/A,N/A,N/A
Shopping (Legacy),Cold & Flu,Instream,United States,Desktop,N/A,$0.00  ~ $0.00 ,N/A,N/A,N/A,N/A,N/A
Shopping (Legacy),Cold & Flu,Instream,United States,Mobile Web,N/A,$0.00  ~ $0.00 ,N/A,N/A,N/A,N/A,N/A
Shopping (Legacy),Cold & Flu,Outstream,United States,Desktop,N/A,$0.00  ~ $0.00 ,N/A,N/A,N/A,N/A,N/A
Shopping (Legacy),Cold & Flu,Outstream,United States,Mobile Web,N/A,$0.00  ~ $0.00 ,N/A,N/A,N/A,N/A,N/A
Shopping (Legacy),Cold & Flu,Interstitial,United States,Desktop,N/A,$0.00  ~ $0.00 ,N/A,N/A,N/A,N/A,N/A
Shopping (Legacy),Adventure Travel,Outstream,United States,Mobile Web,N/A,$0.00  ~ $0.00 ,N/A,N/A,N/A,N/A,N/A
Shopping (Legacy),Private School,Instream,United States,Desktop,N/A,$0.00  ~ $0.00 ,N/A,N/A,N/A,N/A,N/A
Shopping (Legacy),Private School,Outstream,United States,Desktop,N/A,$0.00  ~ $0.00 ,N/A,N/A,N/A,N/A,N/A
Shopping (Legacy),Cocktails/Beer,Instream,United States,Desktop,N/A,$0.00  ~ $0.00 ,N/A,N/A,N/A,N/A,N/A
Shopping (Legacy),Politics,Instream,United States,Mobile Web,N/A,$0.00  ~ $0.00 ,N/A,N/A,N/A,N/A,N/A
Shopping (Legacy),Politics,Outstream,United States,Mobile Web,N/A,$0.00  ~ $0.00 ,N/A,N/A,N/A,N/A,N/A
Shopping (Legacy),Politics,Outstream,United States,Tablet,N/A,$0.00  ~ $0.00 ,N/A,N/A,N/A,N/A,N/A
Shopping (Legacy),Politics,Interstitial,United States,Desktop,N/A,$0.00  ~ $0.00 ,N/A,N/A,N/A,N/A,N/A
Shopping (Legacy),Graduate School,Instream,United States,Desktop,N/A,$0.00  ~ $0.00 ,N/A,N/A,N/A,N/A,N/A
Shopping (Legacy),Graduate School,Outstream,United States,Mobile Web,N/A,$0.00  ~ $0.00 ,N/A,N/A,N/A,N/A,N/A
Shopping (Legacy),Infertility,Instream,United States,Desktop,N/A,$0.00  ~ $0.00 ,N/A,N/A,N/A,N/A,N/A
Shopping (Legacy),Infertility,Outstream,United States,Desktop,N/A,$0.00  ~ $0.00 ,N/A,N/A,N/A,N/A,N/A
Shopping (Legacy),Card Games,Instream,United States,Desktop,N/A,$0.00  ~ $0.00 ,N/A,N/A,N/A,N/A,N/A
Shopping (Legacy),Card Games,Instream,United States,Mobile Web,N/A,$0.00  ~ $0.00 ,N/A,N/A,N/A,N/A,N/A
Shopping (Legacy),Card Games,Outstream,United States,Desktop,N/A,$0.00  ~ $0.00 ,N/A,N/A,N/A,N/A,N/A
Shopping (Legacy),Card Games,Outstream,United States,Mobile Web,N/A,$0.00  ~ $0.00 ,N/A,N/A,N/A,N/A,N/A
Shopping (Legacy),Card Games,Interstitial,United States,Desktop,N/A,$0.00  ~ $0.00 ,N/A,N/A,N/A,N/A,N/A
Shopping (Legacy),Business Software,Instream,United States,Desktop,N/A,$0.00  ~ $0.00 ,N/A,N/A,N/A,N/A,N/A
Shopping (Legacy),Business Software,Interstitial,United Kingdom,Desktop,N/A,$0.00  ~ $0.00 ,N/A,N/A,N/A,N/A,N/A
Shopping (Legacy),Business Software,Interstitial,United States,Desktop,N/A,$0.00  ~ $0.00 ,N/A,N/A,N/A,N/A,N/A
Shopping (Legacy),Business Software,Outstream,United States,Mobile Web,N/A,$0.00  ~ $0.00 ,N/A,N/A,N/A,N/A,N/A
Shopping (Legacy),Business Software,Outstream,United States,Desktop,N/A,$0.00  ~ $0.00 ,N/A,N/A,N/A,N/A,N/A
Shopping (Legacy),Senior Living,Instream,United States,Desktop,N/A,$0.00  ~ $0.00 ,N/A,N/A,N/A,N/A,N/A
Shopping (Legacy),Senior Living,Instream,United States,Mobile Web,N/A,$0.00  ~ $0.00 ,N/A,N/A,N/A,N/A,N/A
Shopping (Legacy),Senior Living,Interstitial,United States,Desktop,N/A,$0.00  ~ $0.00 ,N/A,N/A,N/A,N/A,N/A
Shopping (Legacy),Psychology/Psychiatry,Outstream,United States,Desktop,N/A,$0.00  ~ $0.00 ,N/A,N/A,N/A,N/A,N/A
Shopping (Legacy),Agriculture,Instream,United States,Desktop,N/A,$0.00  ~ $0.00 ,N/A,N/A,N/A,N/A,N/A
Shopping (Legacy),Agriculture,Instream,United States,Mobile Web,N/A,$0.00  ~ $0.00 ,N/A,N/A,N/A,N/A,N/A
Shopping (Legacy),Agriculture,Interstitial,United States,Desktop,N/A,$0.00  ~ $0.00 ,N/A,N/A,N/A,N/A,N/A
Shopping (Legacy),Agriculture,Outstream,United States,Mobile Web,N/A,$0.00  ~ $0.00 ,N/A,N/A,N/A,N/A,N/A
Shopping (Legacy),Agriculture,Outstream,United States,Desktop,N/A,$0.00  ~ $0.00 ,N/A,N/A,N/A,N/A,N/A
Shopping (Legacy),Commentary,Outstream,United States,Desktop,N/A,$0.00  ~ $0.00 ,N/A,N/A,N/A,N/A,N/A
Shopping (Legacy),Internet Technology,Instream,Canada,Desktop,N/A,$0.00  ~ $0.00 ,N/A,N/A,N/A,N/A,N/A
Shopping (Legacy),Hotels,Instream,United States,Desktop,N/A,$0.00  ~ $0.00 ,N/A,N/A,N/A,N/A,N/A
Shopping (Legacy),Hotels,Interstitial,United States,Desktop,N/A,$0.00  ~ $0.00 ,N/A,N/A,N/A,N/A,N/A
Shopping (Legacy),Hotels,Outstream,United States,Mobile Web,N/A,$0.00  ~ $0.00 ,N/A,N/A,N/A,N/A,N/A
Shopping (Legacy),Hotels,Outstream,United States,Desktop,N/A,$0.00  ~ $0.00 ,N/A,N/A,N/A,N/A,N/A
Shopping (Legacy),Education,Interstitial,United States,Desktop,N/A,$0.00  ~ $0.00 ,N/A,N/A,N/A,N/A,N/A
Shopping (Legacy),Education,Interstitial,United Kingdom,Desktop,N/A,$0.00  ~ $0.00 ,N/A,N/A,N/A,N/A,N/A
Shopping (Legacy),Education,Instream,United Kingdom,Desktop,N/A,$0.00  ~ $0.00 ,N/A,N/A,N/A,N/A,N/A
Shopping (Legacy),Education,Instream,United Kingdom,Mobile Web,N/A,$0.00  ~ $0.00 ,N/A,N/A,N/A,N/A,N/A
Shopping (Legacy),Education,Outstream,United States,Desktop,N/A,$0.00  ~ $0.00 ,N/A,N/A,N/A,N/A,N/A
Shopping (Legacy),Education,Outstream,United States,Tablet,N/A,$0.00  ~ $0.00 ,N/A,N/A,N/A,N/A,N/A
Shopping (Legacy),Insurance,Instream,United Kingdom,Mobile Web,N/A,$0.00  ~ $0.00 ,N/A,N/A,N/A,N/A,N/A
Shopping (Legacy),Metals,Instream,United States,Desktop,N/A,$0.00  ~ $0.00 ,N/A,N/A,N/A,N/A,N/A
Shopping (Legacy),Metals,Instream,Canada,Desktop,N/A,$0.00  ~ $0.00 ,N/A,N/A,N/A,N/A,N/A
Shopping (Legacy),Metals,Interstitial,United States,Desktop,N/A,$0.00  ~ $0.00 ,N/A,N/A,N/A,N/A,N/A
Shopping (Legacy),Metals,Outstream,United States,Desktop,N/A,$0.00  ~ $0.00 ,N/A,N/A,N/A,N/A,N/A
Shopping (Legacy),Metals,Outstream,United States,Mobile Web,N/A,$0.00  ~ $0.00 ,N/A,N/A,N/A,N/A,N/A
Shopping (Legacy),Health/Lowfat Cooking,Outstream,United States,Desktop,N/A,$0.00  ~ $0.00 ,N/A,N/A,N/A,N/A,N/A
Shopping (Legacy),Honeymoons/Getaways,Interstitial,United Kingdom,Desktop,N/A,$0.00  ~ $0.00 ,N/A,N/A,N/A,N/A,N/A
Shopping (Legacy),Honeymoons/Getaways,Instream,United States,Desktop,N/A,$0.00  ~ $0.00 ,N/A,N/A,N/A,N/A,N/A
Shopping (Legacy),Honeymoons/Getaways,Outstream,United States,Mobile Web,N/A,$0.00  ~ $0.00 ,N/A,N/A,N/A,N/A,N/A
Shopping (Legacy),Honeymoons/Getaways,Outstream,United States,Desktop,N/A,$0.00  ~ $0.00 ,N/A,N/A,N/A,N/A,N/A
Shopping (Legacy),Theme Parks,Instream,United States,Desktop,N/A,$0.00  ~ $0.00 ,N/A,N/A,N/A,N/A,N/A
Shopping (Legacy),Theme Parks,Outstream,United States,Mobile Web,N/A,$0.00  ~ $0.00 ,N/A,N/A,N/A,N/A,N/A
Shopping (Legacy),Home & Garden,Outstream,United States,Mobile Web,N/A,$0.00  ~ $0.00 ,N/A,N/A,N/A,N/A,N/A
Shopping (Legacy),Home & Garden,Outstream,United States,Tablet,N/A,$0.00  ~ $0.00 ,N/A,N/A,N/A,N/A,N/A
Shopping (Legacy),Home & Garden,Interstitial,United States,Desktop,N/A,$0.00  ~ $0.00 ,N/A,N/A,N/A,N/A,N/A
Shopping (Legacy),Home & Garden,Interstitial,United Kingdom,Desktop,N/A,$0.00  ~ $0.00 ,N/A,N/A,N/A,N/A,N/A
Society (Legacy),Arts & Entertainment,Instream,United States,Desktop,N/A,$20.66  ~ $32.44 ,$2.19 ,N/A,0.94%,95.24%,N/A
Society (Legacy),Arts & Entertainment,Instream,United States,Mobile Web,N/A,$16.47  ~ $32.78 ,N/A,N/A,N/A,92.86%,N/A
Society (Legacy),Arts & Entertainment,Outstream,United States,Mobile Web,N/A,$14.80  ~ $33.09 ,N/A,N/A,N/A,50.00%,N/A
Society (Legacy),Legal Issues,Instream,United States,Desktop,N/A,$35.83  ~ $87.60 ,N/A,N/A,N/A,100.00%,N/A
Society (Legacy),Senior Living,Instream,United States,Desktop,N/A,$37.05  ~ $37.05 ,N/A,N/A,N/A,100.00%,N/A
Society (Legacy),Home & Garden,Instream,United States,Desktop,N/A,$26.69  ~ $29.77 ,$9.48 ,N/A,0.28%,96.59%,N/A
Society (Legacy),Home & Garden,Instream,United States,Mobile Web,N/A,$19.97  ~ $20.83 ,N/A,N/A,N/A,73.47%,N/A
Society (Legacy),Home & Garden,Outstream,United States,Desktop,N/A,$38.59  ~ $55.65 ,N/A,N/A,N/A,77.78%,N/A
Society (Legacy),Home & Garden,Outstream,United States,Mobile Web,N/A,$16.60  ~ $16.60 ,N/A,N/A,N/A,N/A,N/A
Society (Legacy),Careers,Instream,United States,Desktop,N/A,$42.96  ~ $42.96 ,N/A,N/A,N/A,100.00%,N/A
Society (Legacy),Auto Repair,Instream,United States,Desktop,N/A,$12.80  ~ $12.80 ,N/A,N/A,N/A,100.00%,N/A
Society (Legacy),Family & Parenting,Instream,United States,Desktop,N/A,$0.00  ~ $0.00 ,N/A,N/A,N/A,N/A,N/A
Society (Legacy),Job Search,Instream,United States,Desktop,N/A,$38.75  ~ $38.75 ,N/A,N/A,N/A,100.00%,N/A
Society (Legacy),Shopping,Instream,United States,Desktop,1,$39.59  ~ $39.59 ,N/A,N/A,N/A,94.74%,N/A
Society (Legacy),Shopping,Instream,United States,Mobile Web,3,$41.83  ~ $41.83 ,N/A,N/A,N/A,N/A,N/A
Society (Legacy),"Law, Gov't & Politics",Instream,United States,Desktop,N/A,$38.78  ~ $39.46 ,$156.77 ,N/A,0.02%,98.22%,N/A
Society (Legacy),"Law, Gov't & Politics",Instream,United States,Mobile Web,N/A,$38.23  ~ $38.59 ,N/A,N/A,N/A,86.21%,N/A
Society (Legacy),"Law, Gov't & Politics",Outstream,United States,Tablet,N/A,$38.46  ~ $94.91 ,N/A,N/A,N/A,100.00%,N/A
Society (Legacy),"Law, Gov't & Politics",Outstream,United States,Desktop,N/A,$49.80  ~ $49.80 ,$0.55 ,N/A,9.09%,55.56%,N/A
Society (Legacy),Health & Fitness,Instream,United States,Desktop,N/A,$26.64  ~ $33.21 ,N/A,N/A,N/A,95.31%,N/A
Society (Legacy),Health & Fitness,Instream,United States,Mobile Web,N/A,$30.63  ~ $37.77 ,N/A,N/A,N/A,80.77%,N/A
Society (Legacy),Health & Fitness,Outstream,United States,Desktop,N/A,$35.85  ~ $35.85 ,N/A,N/A,N/A,100.00%,N/A
Society (Legacy),Health & Fitness,Outstream,United States,Tablet,N/A,$65.01  ~ $65.01 ,N/A,N/A,N/A,57.14%,N/A
Society (Legacy),Health & Fitness,Interstitial,United States,Tablet,N/A,$77.99  ~ $77.99 ,N/A,N/A,N/A,100.00%,N/A
Society (Legacy),Home Repair,Instream,United States,Desktop,N/A,$43.03  ~ $43.03 ,N/A,N/A,N/A,100.00%,N/A
Society (Legacy),Buying/Selling Cars,Instream,United States,Desktop,N/A,$41.77  ~ $41.77 ,N/A,N/A,N/A,97.85%,N/A
Society (Legacy),Insurance,Instream,United States,Desktop,N/A,$41.81  ~ $41.81 ,N/A,N/A,N/A,99.02%,N/A
Society (Legacy),News,Instream,United States,Desktop,N/A,$31.57  ~ $31.57 ,N/A,N/A,N/A,76.91%,N/A
Society (Legacy),News,Instream,United States,Mobile Web,N/A,$31.71  ~ $34.17 ,$1.05 ,N/A,3.03%,63.64%,N/A
Society (Legacy),Politics,Outstream,United States,Desktop,N/A,$50.81  ~ $50.81 ,N/A,N/A,N/A,60.00%,N/A
Society (Legacy),Politics,Instream,United States,Desktop,N/A,$45.76  ~ $45.76 ,N/A,N/A,N/A,80.00%,N/A
Society (Legacy),Politics,Instream,United States,Mobile Web,N/A,$44.17  ~ $44.17 ,N/A,N/A,N/A,100.00%,N/A
Society (Legacy),Education,Instream,United States,Mobile Web,N/A,$7.20  ~ $7.20 ,N/A,N/A,N/A,100.00%,N/A
Society (Legacy),Education,Instream,United States,Desktop,N/A,$22.72  ~ $23.59 ,N/A,N/A,N/A,92.31%,N/A
Society (Legacy),Education,Outstream,United States,Mobile Web,N/A,$34.08  ~ $80.91 ,N/A,N/A,N/A,50.00%,N/A
Society (Legacy),Education,Outstream,United States,Tablet,N/A,$32.44  ~ $69.32 ,N/A,N/A,N/A,N/A,N/A
Society (Legacy),Personal Finance,Instream,United States,Desktop,N/A,$49.99  ~ $59.54 ,N/A,N/A,N/A,97.41%,N/A
Society (Legacy),Personal Finance,Instream,United States,Mobile Web,N/A,$47.86  ~ $66.79 ,N/A,N/A,N/A,84.62%,N/A
Society (Legacy),Personal Finance,Outstream,United States,Desktop,N/A,$51.21  ~ $51.21 ,N/A,N/A,N/A,50.00%,N/A
Society (Legacy),Personal Finance,Outstream,United States,Mobile Web,N/A,$47.58  ~ $47.58 ,$0.19 ,N/A,25.00%,50.00%,N/A
Society (Legacy),Travel,Instream,United States,Desktop,N/A,$32.27  ~ $32.27 ,N/A,N/A,N/A,92.78%,N/A
Society (Legacy),Hobbies & Interests,Instream,United States,Mobile Web,N/A,$61.04  ~ $61.04 ,N/A,N/A,N/A,90.63%,N/A
Society (Legacy),Hobbies & Interests,Instream,United States,Desktop,N/A,$61.55  ~ $61.55 ,$56.32 ,N/A,0.11%,96.14%,N/A
Society (Legacy),Hobbies & Interests,Outstream,United States,Desktop,N/A,$51.60  ~ $51.60 ,N/A,N/A,N/A,100.00%,N/A
Society (Legacy),Hobbies & Interests,Outstream,United States,Mobile Web,N/A,$45.06  ~ $45.06 ,N/A,N/A,N/A,50.00%,N/A
Society (Legacy),Remodeling & Construction,Instream,United States,Desktop,N/A,$48.33  ~ $48.33 ,N/A,N/A,N/A,100.00%,N/A
Society (Legacy),Automotive,Instream,United States,Desktop,N/A,$37.90  ~ $37.92 ,N/A,N/A,N/A,97.17%,N/A
Society (Legacy),Automotive,Outstream,United States,Mobile Web,N/A,$35.40  ~ $35.40 ,N/A,N/A,N/A,50.00%,N/A
Society (Legacy),Business,Instream,United States,Desktop,4,$36.08  ~ $41.95 ,$55.46 ,N/A,0.07%,95.05%,N/A
Society (Legacy),Business,Instream,United States,Tablet,N/A,$35.58  ~ $35.62 ,N/A,N/A,N/A,95.65%,N/A
Society (Legacy),Business,Instream,United States,Mobile Web,N/A,$34.74  ~ $34.83 ,N/A,N/A,N/A,79.25%,N/A
Society (Legacy),Business,Outstream,United States,Tablet,N/A,$34.75  ~ $35.71 ,N/A,N/A,N/A,50.00%,N/A
Society (Legacy),Business,Outstream,United States,Desktop,N/A,$57.87  ~ $125.03 ,N/A,N/A,N/A,N/A,N/A
Society (Legacy),Family & Parenting,Outstream,United States,Desktop,N/A,$0.00  ~ $0.00 ,N/A,N/A,N/A,N/A,N/A
Society (Legacy),Family & Parenting,Outstream,United States,Mobile Web,N/A,$0.00  ~ $0.00 ,N/A,N/A,N/A,N/A,N/A
Society (Legacy),Family & Parenting,Interstitial,United States,Desktop,N/A,$0.00  ~ $0.00 ,N/A,N/A,N/A,N/A,N/A
Society (Legacy),Family & Parenting,Interstitial,United States,Mobile Web,N/A,$0.00  ~ $0.00 ,N/A,N/A,N/A,N/A,N/A
Society (Legacy),Automotive,Native,United States,Desktop,N/A,$0.00  ~ $0.00 ,N/A,N/A,N/A,N/A,N/A
Society (Legacy),Automotive,Instream,Mexico,Desktop,N/A,$0.00  ~ $0.00 ,N/A,N/A,N/A,N/A,N/A
Society (Legacy),Automotive,Outstream,Mexico,Desktop,N/A,$0.00  ~ $0.00 ,N/A,N/A,N/A,N/A,N/A
Society (Legacy),Automotive,Outstream,United States,Desktop,N/A,$0.00  ~ $0.00 ,N/A,N/A,N/A,N/A,N/A
Society (Legacy),Auto Repair,Interstitial,United States,Desktop,N/A,$0.00  ~ $0.00 ,N/A,N/A,N/A,N/A,N/A
Society (Legacy),Auto Repair,Outstream,United States,Mobile Web,N/A,$0.00  ~ $0.00 ,N/A,N/A,N/A,N/A,N/A
Society (Legacy),Arts & Entertainment,Instream,Canada,Desktop,N/A,$0.00  ~ $0.00 ,N/A,N/A,N/A,N/A,N/A
Society (Legacy),Arts & Entertainment,Outstream,United Kingdom,Mobile Web,N/A,$0.00  ~ $0.00 ,N/A,N/A,N/A,N/A,N/A
Society (Legacy),Arts & Entertainment,Outstream,Canada,Desktop,N/A,$0.00  ~ $0.00 ,N/A,N/A,N/A,N/A,N/A
Society (Legacy),Arts & Entertainment,Outstream,United States,Desktop,N/A,$0.00  ~ $0.00 ,N/A,N/A,N/A,N/A,N/A
Society (Legacy),Arts & Entertainment,Interstitial,United States,Desktop,N/A,$0.00  ~ $0.00 ,N/A,N/A,N/A,N/A,N/A
Society (Legacy),Arts & Entertainment,Interstitial,United Kingdom,Mobile Web,N/A,$0.00  ~ $0.00 ,N/A,N/A,N/A,N/A,N/A
Society (Legacy),Arts & Entertainment,Interstitial,Canada,Desktop,N/A,$0.00  ~ $0.00 ,N/A,N/A,N/A,N/A,N/A
Society (Legacy),Arts & Entertainment,Native,United States,Desktop,N/A,$0.00  ~ $0.00 ,N/A,N/A,N/A,N/A,N/A
Society (Legacy),Music,Instream,United States,Desktop,N/A,$0.00  ~ $0.00 ,N/A,N/A,N/A,N/A,N/A
Society (Legacy),Exercise,Outstream,United States,Desktop,N/A,$0.00  ~ $0.00 ,N/A,N/A,N/A,N/A,N/A
Society (Legacy),Allergies,Instream,Mexico,Desktop,N/A,$0.00  ~ $0.00 ,N/A,N/A,N/A,N/A,N/A
Society (Legacy),Logistics,Instream,United States,Desktop,N/A,$0.00  ~ $0.00 ,N/A,N/A,N/A,N/A,N/A
Society (Legacy),Private School,Instream,United States,Desktop,N/A,$0.00  ~ $0.00 ,N/A,N/A,N/A,N/A,N/A
Society (Legacy),Private School,Outstream,United States,Desktop,N/A,$0.00  ~ $0.00 ,N/A,N/A,N/A,N/A,N/A
Society (Legacy),Theme Parks,Instream,United States,Desktop,N/A,$0.00  ~ $0.00 ,N/A,N/A,N/A,N/A,N/A
Society (Legacy),Theme Parks,Outstream,United States,Mobile Web,N/A,$0.00  ~ $0.00 ,N/A,N/A,N/A,N/A,N/A
Society (Legacy),Agriculture,Instream,United States,Desktop,N/A,$0.00  ~ $0.00 ,N/A,N/A,N/A,N/A,N/A
Society (Legacy),Agriculture,Outstream,United States,Mobile Web,N/A,$0.00  ~ $0.00 ,N/A,N/A,N/A,N/A,N/A
Society (Legacy),Agriculture,Outstream,United States,Desktop,N/A,$0.00  ~ $0.00 ,N/A,N/A,N/A,N/A,N/A
Society (Legacy),Agriculture,Interstitial,United States,Desktop,N/A,$0.00  ~ $0.00 ,N/A,N/A,N/A,N/A,N/A
Society (Legacy),Credit/Debt & Loans,Instream,United States,Desktop,N/A,$0.00  ~ $0.00 ,N/A,N/A,N/A,N/A,N/A
Society (Legacy),Credit/Debt & Loans,Outstream,United States,Tablet,N/A,$0.00  ~ $0.00 ,N/A,N/A,N/A,N/A,N/A
Society (Legacy),Credit/Debt & Loans,Outstream,United States,Desktop,N/A,$0.00  ~ $0.00 ,N/A,N/A,N/A,N/A,N/A
Society (Legacy),Health/Lowfat Cooking,Instream,United States,Desktop,N/A,$0.00  ~ $0.00 ,N/A,N/A,N/A,N/A,N/A
Society (Legacy),Technology & Computing,Outstream,United States,Desktop,N/A,$0.00  ~ $0.00 ,N/A,N/A,N/A,N/A,N/A
Society (Legacy),Education,Interstitial,United States,Desktop,N/A,$0.00  ~ $0.00 ,N/A,N/A,N/A,N/A,N/A
Society (Legacy),Education,Outstream,United States,Desktop,N/A,$0.00  ~ $0.00 ,N/A,N/A,N/A,N/A,N/A
Society (Legacy),Education,Outstream,Canada,Desktop,N/A,$0.00  ~ $0.00 ,N/A,N/A,N/A,N/A,N/A
Society (Legacy),Legal Issues,Instream,Canada,Desktop,N/A,$0.00  ~ $0.00 ,N/A,N/A,N/A,N/A,N/A
Society (Legacy),Legal Issues,Outstream,United States,Desktop,N/A,$0.00  ~ $0.00 ,N/A,N/A,N/A,N/A,N/A
Society (Legacy),Legal Issues,Outstream,United States,Mobile Web,N/A,$0.00  ~ $0.00 ,N/A,N/A,N/A,N/A,N/A
Society (Legacy),Legal Issues,Outstream,United Kingdom,Desktop,N/A,$0.00  ~ $0.00 ,N/A,N/A,N/A,N/A,N/A
Society (Legacy),Legal Issues,Interstitial,United States,Desktop,N/A,$0.00  ~ $0.00 ,N/A,N/A,N/A,N/A,N/A
Society (Legacy),Apartments,Instream,United Kingdom,Desktop,N/A,$0.00  ~ $0.00 ,N/A,N/A,N/A,N/A,N/A
Society (Legacy),Football,Outstream,Canada,Mobile Web,N/A,$0.00  ~ $0.00 ,N/A,N/A,N/A,N/A,N/A
Society (Legacy),Alternative Medicine,Instream,United States,Desktop,N/A,$0.00  ~ $0.00 ,N/A,N/A,N/A,N/A,N/A
Society (Legacy),K-6 Educators,Instream,United States,Desktop,N/A,$0.00  ~ $0.00 ,N/A,N/A,N/A,N/A,N/A
Society (Legacy),Incest/Abuse Support,Outstream,United States,Desktop,N/A,$0.00  ~ $0.00 ,N/A,N/A,N/A,N/A,N/A
Society (Legacy),Psychology/Psychiatry,Instream,United States,Desktop,N/A,$0.00  ~ $0.00 ,N/A,N/A,N/A,N/A,N/A
Society (Legacy),Psychology/Psychiatry,Native,United States,Mobile Web,N/A,$0.00  ~ $0.00 ,N/A,N/A,N/A,N/A,N/A
Society (Legacy),Cell Phones,Outstream,Mexico,Desktop,N/A,$0.00  ~ $0.00 ,N/A,N/A,N/A,N/A,N/A
Society (Legacy),News,Outstream,United States,Desktop,N/A,$0.00  ~ $0.00 ,N/A,N/A,N/A,N/A,N/A
Society (Legacy),News,Outstream,United States,Mobile Web,N/A,$0.00  ~ $0.00 ,N/A,N/A,N/A,N/A,N/A
Society (Legacy),News,Outstream,Canada,Mobile Web,N/A,$0.00  ~ $0.00 ,N/A,N/A,N/A,N/A,N/A
Society (Legacy),News,Outstream,Canada,Desktop,N/A,$0.00  ~ $0.00 ,N/A,N/A,N/A,N/A,N/A
Society (Legacy),News,Interstitial,United States,Desktop,N/A,$0.00  ~ $0.00 ,N/A,N/A,N/A,N/A,N/A
Society (Legacy),News,Interstitial,Canada,Desktop,N/A,$0.00  ~ $0.00 ,N/A,N/A,N/A,N/A,N/A
Society (Legacy),News,Interstitial,Canada,Mobile Web,N/A,$0.00  ~ $0.00 ,N/A,N/A,N/A,N/A,N/A
Society (Legacy),News,Instream,Canada,Desktop,N/A,$0.00  ~ $0.00 ,N/A,N/A,N/A,N/A,N/A
Society (Legacy),News,Instream,Canada,Mobile Web,N/A,$0.00  ~ $0.00 ,N/A,N/A,N/A,N/A,N/A
Society (Legacy),Hotels,Instream,United States,Desktop,N/A,$0.00  ~ $0.00 ,N/A,N/A,N/A,N/A,N/A
Society (Legacy),Hotels,Outstream,United States,Mobile Web,N/A,$0.00  ~ $0.00 ,N/A,N/A,N/A,N/A,N/A
Society (Legacy),Hotels,Outstream,United States,Desktop,N/A,$0.00  ~ $0.00 ,N/A,N/A,N/A,N/A,N/A
Society (Legacy),Hotels,Interstitial,United States,Desktop,N/A,$0.00  ~ $0.00 ,N/A,N/A,N/A,N/A,N/A
Society (Legacy),Biotech/Biomedical,Outstream,United States,Desktop,N/A,$0.00  ~ $0.00 ,N/A,N/A,N/A,N/A,N/A
Society (Legacy),Biotech/Biomedical,Outstream,United States,Mobile Web,N/A,$0.00  ~ $0.00 ,N/A,N/A,N/A,N/A,N/A
Society (Legacy),Biotech/Biomedical,Instream,United States,Desktop,N/A,$0.00  ~ $0.00 ,N/A,N/A,N/A,N/A,N/A
Society (Legacy),Biotech/Biomedical,Interstitial,United States,Desktop,N/A,$0.00  ~ $0.00 ,N/A,N/A,N/A,N/A,N/A
Society (Legacy),Senior Living,Instream,United States,Mobile Web,N/A,$0.00  ~ $0.00 ,N/A,N/A,N/A,N/A,N/A
Society (Legacy),Senior Living,Interstitial,United States,Desktop,N/A,$0.00  ~ $0.00 ,N/A,N/A,N/A,N/A,N/A
Society (Legacy),Contests & Freebies,Instream,United States,Desktop,N/A,$0.00  ~ $0.00 ,N/A,N/A,N/A,N/A,N/A
Society (Legacy),Personal Finance,Instream,Canada,Desktop,N/A,$0.00  ~ $0.00 ,N/A,N/A,N/A,N/A,N/A
Society (Legacy),Personal Finance,Instream,Mexico,Desktop,N/A,$0.00  ~ $0.00 ,N/A,N/A,N/A,N/A,N/A
Society (Legacy),Personal Finance,Outstream,Mexico,Desktop,N/A,$0.00  ~ $0.00 ,N/A,N/A,N/A,N/A,N/A
Society (Legacy),Personal Finance,Outstream,United Kingdom,Mobile Web,N/A,$0.00  ~ $0.00 ,N/A,N/A,N/A,N/A,N/A
Society (Legacy),Personal Finance,Outstream,Canada,Desktop,N/A,$0.00  ~ $0.00 ,N/A,N/A,N/A,N/A,N/A
Society (Legacy),Personal Finance,Outstream,Canada,Mobile Web,N/A,$0.00  ~ $0.00 ,N/A,N/A,N/A,N/A,N/A
Society (Legacy),Personal Finance,Interstitial,United States,Desktop,N/A,$0.00  ~ $0.00 ,N/A,N/A,N/A,N/A,N/A
Society (Legacy),Personal Finance,Interstitial,United States,Mobile Web,N/A,$0.00  ~ $0.00 ,N/A,N/A,N/A,N/A,N/A
Society (Legacy),Travel,Instream,Canada,Desktop,N/A,$0.00  ~ $0.00 ,N/A,N/A,N/A,N/A,N/A
Society (Legacy),Travel,Instream,United Kingdom,Desktop,N/A,$0.00  ~ $0.00 ,N/A,N/A,N/A,N/A,N/A
Society (Legacy),Travel,Outstream,United States,Desktop,N/A,$0.00  ~ $0.00 ,N/A,N/A,N/A,N/A,N/A
Society (Legacy),Travel,Outstream,United States,Mobile Web,N/A,$0.00  ~ $0.00 ,N/A,N/A,N/A,N/A,N/A
Society (Legacy),Travel,Outstream,United Kingdom,Desktop,N/A,$0.00  ~ $0.00 ,N/A,N/A,N/A,N/A,N/A
Society (Legacy),Travel,Outstream,United Kingdom,Mobile Web,N/A,$0.00  ~ $0.00 ,N/A,N/A,N/A,N/A,N/A
Society (Legacy),Travel,Interstitial,United Kingdom,Mobile Web,N/A,$0.00  ~ $0.00 ,N/A,N/A,N/A,N/A,N/A
Society (Legacy),Travel,Interstitial,United Kingdom,Desktop,N/A,$0.00  ~ $0.00 ,N/A,N/A,N/A,N/A,N/A
Society (Legacy),Travel,Interstitial,United States,Desktop,N/A,$0.00  ~ $0.00 ,N/A,N/A,N/A,N/A,N/A
Society (Legacy),Travel,Interstitial,United States,Mobile Web,N/A,$0.00  ~ $0.00 ,N/A,N/A,N/A,N/A,N/A
Society (Legacy),By US Locale,Instream,United States,Desktop,N/A,$0.00  ~ $0.00 ,N/A,N/A,N/A,N/A,N/A
Society (Legacy),By US Locale,Outstream,United States,Mobile Web,N/A,$0.00  ~ $0.00 ,N/A,N/A,N/A,N/A,N/A
Society (Legacy),Politics,Interstitial,United States,Desktop,N/A,$0.00  ~ $0.00 ,N/A,N/A,N/A,N/A,N/A
Society (Legacy),Politics,Outstream,United States,Mobile Web,N/A,$0.00  ~ $0.00 ,N/A,N/A,N/A,N/A,N/A
Society (Legacy),Politics,Instream,United States,Tablet,N/A,$0.00  ~ $0.00 ,N/A,N/A,N/A,N/A,N/A
Society (Legacy),Cocktails/Beer,Instream,United States,Desktop,N/A,$0.00  ~ $0.00 ,N/A,N/A,N/A,N/A,N/A
Society (Legacy),Cocktails/Beer,Outstream,United States,Mobile Web,N/A,$0.00  ~ $0.00 ,N/A,N/A,N/A,N/A,N/A
Society (Legacy),Cruises,Instream,United States,Desktop,N/A,$0.00  ~ $0.00 ,N/A,N/A,N/A,N/A,N/A
Society (Legacy),Computer Peripherals,Outstream,United Kingdom,Mobile Web,N/A,$0.00  ~ $0.00 ,N/A,N/A,N/A,N/A,N/A
Society (Legacy),Computer Peripherals,Interstitial,United Kingdom,Desktop,N/A,$0.00  ~ $0.00 ,N/A,N/A,N/A,N/A,N/A
Society (Legacy),Senor Health,Instream,United States,Desktop,N/A,$0.00  ~ $0.00 ,N/A,N/A,N/A,N/A,N/A
Society (Legacy),Metals,Instream,United States,Mobile Web,N/A,$0.00  ~ $0.00 ,N/A,N/A,N/A,N/A,N/A
Society (Legacy),Metals,Instream,United States,Desktop,N/A,$0.00  ~ $0.00 ,N/A,N/A,N/A,N/A,N/A
Society (Legacy),Metals,Instream,Canada,Desktop,N/A,$0.00  ~ $0.00 ,N/A,N/A,N/A,N/A,N/A
Society (Legacy),Metals,Outstream,United States,Mobile Web,N/A,$0.00  ~ $0.00 ,N/A,N/A,N/A,N/A,N/A
Society (Legacy),Metals,Outstream,United States,Desktop,N/A,$0.00  ~ $0.00 ,N/A,N/A,N/A,N/A,N/A
Society (Legacy),Metals,Interstitial,United States,Desktop,N/A,$0.00  ~ $0.00 ,N/A,N/A,N/A,N/A,N/A
Society (Legacy),Metals,Interstitial,United States,Mobile Web,N/A,$0.00  ~ $0.00 ,N/A,N/A,N/A,N/A,N/A
Society (Legacy),"Law, Gov't & Politics",Instream,Mexico,Desktop,N/A,$0.00  ~ $0.00 ,N/A,N/A,N/A,N/A,N/A
Society (Legacy),"Law, Gov't & Politics",Instream,Canada,Desktop,N/A,$0.00  ~ $0.00 ,N/A,N/A,N/A,N/A,N/A
Society (Legacy),"Law, Gov't & Politics",Outstream,United States,Mobile Web,N/A,$0.00  ~ $0.00 ,N/A,N/A,N/A,N/A,N/A
Society (Legacy),"Law, Gov't & Politics",Outstream,Mexico,Desktop,N/A,$0.00  ~ $0.00 ,N/A,N/A,N/A,N/A,N/A
Society (Legacy),"Law, Gov't & Politics",Outstream,Mexico,Mobile Web,N/A,$0.00  ~ $0.00 ,N/A,N/A,N/A,N/A,N/A
Society (Legacy),"Law, Gov't & Politics",Interstitial,United States,Desktop,N/A,$0.00  ~ $0.00 ,N/A,N/A,N/A,N/A,N/A
Society (Legacy),"Law, Gov't & Politics",Interstitial,Mexico,Mobile Web,N/A,$0.00  ~ $0.00 ,N/A,N/A,N/A,N/A,N/A
Society (Legacy),Investing,Outstream,United States,Desktop,N/A,$0.00  ~ $0.00 ,N/A,N/A,N/A,N/A,N/A
Society (Legacy),Investing,Outstream,United States,Mobile Web,N/A,$0.00  ~ $0.00 ,N/A,N/A,N/A,N/A,N/A
Society (Legacy),Investing,Interstitial,United States,Desktop,N/A,$0.00  ~ $0.00 ,N/A,N/A,N/A,N/A,N/A
Society (Legacy),Gardening,Instream,United States,Desktop,N/A,$0.00  ~ $0.00 ,N/A,N/A,N/A,N/A,N/A
Society (Legacy),Gardening,Interstitial,United States,Mobile Web,N/A,$0.00  ~ $0.00 ,N/A,N/A,N/A,N/A,N/A
Society (Legacy),Home Repair,Native,United States,Desktop,N/A,$0.00  ~ $0.00 ,N/A,N/A,N/A,N/A,N/A
Society (Legacy),Home Repair,Outstream,United States,Mobile Web,N/A,$0.00  ~ $0.00 ,N/A,N/A,N/A,N/A,N/A
Society (Legacy),Clothing,Outstream,United States,Desktop,N/A,$0.00  ~ $0.00 ,N/A,N/A,N/A,N/A,N/A
Society (Legacy),Clothing,Outstream,United States,Mobile Web,N/A,$0.00  ~ $0.00 ,N/A,N/A,N/A,N/A,N/A
Society (Legacy),Careers,Outstream,United States,Mobile Web,N/A,$0.00  ~ $0.00 ,N/A,N/A,N/A,N/A,N/A
Society (Legacy),Careers,Outstream,United States,Desktop,N/A,$0.00  ~ $0.00 ,N/A,N/A,N/A,N/A,N/A
Society (Legacy),Cold & Flu,Outstream,United States,Mobile Web,N/A,$0.00  ~ $0.00 ,N/A,N/A,N/A,N/A,N/A
Society (Legacy),Cold & Flu,Outstream,United States,Desktop,N/A,$0.00  ~ $0.00 ,N/A,N/A,N/A,N/A,N/A
Society (Legacy),Cold & Flu,Interstitial,United States,Desktop,N/A,$0.00  ~ $0.00 ,N/A,N/A,N/A,N/A,N/A
Society (Legacy),Cold & Flu,Instream,United States,Desktop,N/A,$0.00  ~ $0.00 ,N/A,N/A,N/A,N/A,N/A
Society (Legacy),Green Solutions,Instream,United States,Desktop,N/A,$0.00  ~ $0.00 ,N/A,N/A,N/A,N/A,N/A
Society (Legacy),Green Solutions,Instream,United States,Mobile Web,N/A,$0.00  ~ $0.00 ,N/A,N/A,N/A,N/A,N/A
Society (Legacy),Green Solutions,Outstream,United States,Mobile Web,N/A,$0.00  ~ $0.00 ,N/A,N/A,N/A,N/A,N/A
Society (Legacy),Green Solutions,Outstream,United States,Desktop,N/A,$0.00  ~ $0.00 ,N/A,N/A,N/A,N/A,N/A
Society (Legacy),Pediatrics,Instream,United States,Desktop,N/A,$0.00  ~ $0.00 ,N/A,N/A,N/A,N/A,N/A
Society (Legacy),Pediatrics,Outstream,United States,Desktop,N/A,$0.00  ~ $0.00 ,N/A,N/A,N/A,N/A,N/A
Society (Legacy),Pediatrics,Outstream,United States,Mobile Web,N/A,$0.00  ~ $0.00 ,N/A,N/A,N/A,N/A,N/A
Society (Legacy),Pediatrics,Interstitial,United States,Desktop,N/A,$0.00  ~ $0.00 ,N/A,N/A,N/A,N/A,N/A
Society (Legacy),Real Estate,Instream,United States,Mobile Web,N/A,$0.00  ~ $0.00 ,N/A,N/A,N/A,N/A,N/A
Society (Legacy),Real Estate,Instream,United States,Desktop,N/A,$0.00  ~ $0.00 ,N/A,N/A,N/A,N/A,N/A
Society (Legacy),Real Estate,Instream,Canada,Desktop,N/A,$0.00  ~ $0.00 ,N/A,N/A,N/A,N/A,N/A
Society (Legacy),Real Estate,Outstream,United States,Mobile Web,N/A,$0.00  ~ $0.00 ,N/A,N/A,N/A,N/A,N/A
Society (Legacy),Real Estate,Outstream,United States,Desktop,N/A,$0.00  ~ $0.00 ,N/A,N/A,N/A,N/A,N/A
Society (Legacy),Real Estate,Outstream,United Kingdom,Desktop,N/A,$0.00  ~ $0.00 ,N/A,N/A,N/A,N/A,N/A
Society (Legacy),Food & Drink,Instream,United States,Desktop,N/A,$0.00  ~ $0.00 ,N/A,N/A,N/A,N/A,N/A
Society (Legacy),Food & Drink,Instream,United States,Mobile Web,N/A,$0.00  ~ $0.00 ,N/A,N/A,N/A,N/A,N/A
Society (Legacy),Food & Drink,Outstream,United States,Desktop,N/A,$0.00  ~ $0.00 ,N/A,N/A,N/A,N/A,N/A
Society (Legacy),Food & Drink,Outstream,United States,Mobile Web,N/A,$0.00  ~ $0.00 ,N/A,N/A,N/A,N/A,N/A
Society (Legacy),Food & Drink,Interstitial,United States,Desktop,N/A,$0.00  ~ $0.00 ,N/A,N/A,N/A,N/A,N/A
Society (Legacy),Food & Drink,Interstitial,United States,Mobile Web,N/A,$0.00  ~ $0.00 ,N/A,N/A,N/A,N/A,N/A
Society (Legacy),Job Search,Instream,United States,Mobile Web,N/A,$0.00  ~ $0.00 ,N/A,N/A,N/A,N/A,N/A
Society (Legacy),Job Search,Outstream,United States,Desktop,N/A,$0.00  ~ $0.00 ,N/A,N/A,N/A,N/A,N/A
Society (Legacy),Job Search,Outstream,United States,Mobile Web,N/A,$0.00  ~ $0.00 ,N/A,N/A,N/A,N/A,N/A
Society (Legacy),Job Search,Interstitial,United States,Desktop,N/A,$0.00  ~ $0.00 ,N/A,N/A,N/A,N/A,N/A
Society (Legacy),Pro Ice Hockey,Instream,Canada,Desktop,N/A,$0.00  ~ $0.00 ,N/A,N/A,N/A,N/A,N/A
Society (Legacy),Pro Ice Hockey,Outstream,Canada,Desktop,N/A,$0.00  ~ $0.00 ,N/A,N/A,N/A,N/A,N/A
Society (Legacy),Catholicism,Outstream,United States,Mobile Web,N/A,$0.00  ~ $0.00 ,N/A,N/A,N/A,N/A,N/A
Society (Legacy),Shopping,Instream,Canada,Desktop,N/A,$0.00  ~ $0.00 ,N/A,N/A,N/A,N/A,N/A
Society (Legacy),Shopping,Instream,United Kingdom,Desktop,N/A,$0.00  ~ $0.00 ,N/A,N/A,N/A,N/A,N/A
Society (Legacy),Shopping,Outstream,United States,Mobile Web,N/A,$0.00  ~ $0.00 ,N/A,N/A,N/A,N/A,N/A
Society (Legacy),Shopping,Outstream,United States,Desktop,N/A,$0.00  ~ $0.00 ,N/A,N/A,N/A,N/A,N/A
Society (Legacy),Shopping,Outstream,United Kingdom,Mobile Web,N/A,$0.00  ~ $0.00 ,N/A,N/A,N/A,N/A,N/A
Society (Legacy),Shopping,Interstitial,United Kingdom,Mobile Web,N/A,$0.00  ~ $0.00 ,N/A,N/A,N/A,N/A,N/A
Society (Legacy),Shopping,Interstitial,United States,Mobile Web,N/A,$0.00  ~ $0.00 ,N/A,N/A,N/A,N/A,N/A
Society (Legacy),Shopping,Interstitial,United States,Tablet,N/A,$0.00  ~ $0.00 ,N/A,N/A,N/A,N/A,N/A
Society (Legacy),Shopping,Interstitial,United States,Desktop,N/A,$0.00  ~ $0.00 ,N/A,N/A,N/A,N/A,N/A
Society (Legacy),Shopping,Native,United States,Desktop,N/A,$0.00  ~ $0.00 ,N/A,N/A,N/A,N/A,N/A
Society (Legacy),Remodeling & Construction,Outstream,United States,Mobile Web,N/A,$0.00  ~ $0.00 ,N/A,N/A,N/A,N/A,N/A
Society (Legacy),Health & Fitness,Instream,Canada,Desktop,N/A,$0.00  ~ $0.00 ,N/A,N/A,N/A,N/A,N/A
Society (Legacy),Health & Fitness,Instream,United Kingdom,Desktop,N/A,$0.00  ~ $0.00 ,N/A,N/A,N/A,N/A,N/A
Society (Legacy),Health & Fitness,Outstream,United States,Mobile Web,N/A,$0.00  ~ $0.00 ,N/A,N/A,N/A,N/A,N/A
Society (Legacy),Health & Fitness,Outstream,Canada,Mobile Web,N/A,$0.00  ~ $0.00 ,N/A,N/A,N/A,N/A,N/A
Society (Legacy),Health & Fitness,Outstream,Canada,Desktop,N/A,$0.00  ~ $0.00 ,N/A,N/A,N/A,N/A,N/A
Society (Legacy),Health & Fitness,Outstream,United Kingdom,Desktop,N/A,$0.00  ~ $0.00 ,N/A,N/A,N/A,N/A,N/A
Society (Legacy),Health & Fitness,Interstitial,United States,Desktop,N/A,$0.00  ~ $0.00 ,N/A,N/A,N/A,N/A,N/A
Society (Legacy),Health & Fitness,Interstitial,United States,Mobile Web,N/A,$0.00  ~ $0.00 ,N/A,N/A,N/A,N/A,N/A
Society (Legacy),Health & Fitness,Native,United States,Desktop,N/A,$0.00  ~ $0.00 ,N/A,N/A,N/A,N/A,N/A
Society (Legacy),Pets,Instream,United States,Desktop,N/A,$0.00  ~ $0.00 ,N/A,N/A,N/A,N/A,N/A
Society (Legacy),Pets,Instream,Canada,Desktop,N/A,$0.00  ~ $0.00 ,N/A,N/A,N/A,N/A,N/A
Society (Legacy),Pets,Outstream,Canada,Desktop,N/A,$0.00  ~ $0.00 ,N/A,N/A,N/A,N/A,N/A
Society (Legacy),Pets,Outstream,United States,Tablet,N/A,$0.00  ~ $0.00 ,N/A,N/A,N/A,N/A,N/A
Society (Legacy),Business Software,Instream,United States,Desktop,N/A,$0.00  ~ $0.00 ,N/A,N/A,N/A,N/A,N/A
Society (Legacy),Business Software,Instream,United States,Mobile Web,N/A,$0.00  ~ $0.00 ,N/A,N/A,N/A,N/A,N/A
Society (Legacy),Business Software,Instream,United Kingdom,Desktop,N/A,$0.00  ~ $0.00 ,N/A,N/A,N/A,N/A,N/A
Society (Legacy),Business Software,Outstream,United States,Desktop,N/A,$0.00  ~ $0.00 ,N/A,N/A,N/A,N/A,N/A
Society (Legacy),Business Software,Outstream,United States,Mobile Web,N/A,$0.00  ~ $0.00 ,N/A,N/A,N/A,N/A,N/A
Society (Legacy),Card Games,Instream,United States,Desktop,N/A,$0.00  ~ $0.00 ,N/A,N/A,N/A,N/A,N/A
Society (Legacy),Card Games,Instream,United States,Mobile Web,N/A,$0.00  ~ $0.00 ,N/A,N/A,N/A,N/A,N/A
Society (Legacy),Card Games,Outstream,United States,Desktop,N/A,$0.00  ~ $0.00 ,N/A,N/A,N/A,N/A,N/A
Society (Legacy),Card Games,Outstream,United States,Mobile Web,N/A,$0.00  ~ $0.00 ,N/A,N/A,N/A,N/A,N/A
Society (Legacy),Card Games,Interstitial,United States,Desktop,N/A,$0.00  ~ $0.00 ,N/A,N/A,N/A,N/A,N/A
Society (Legacy),Interior Decorating,Outstream,United States,Tablet,N/A,$0.00  ~ $0.00 ,N/A,N/A,N/A,N/A,N/A
Society (Legacy),Interior Decorating,Outstream,United States,Desktop,N/A,$0.00  ~ $0.00 ,N/A,N/A,N/A,N/A,N/A
Society (Legacy),Interior Decorating,Outstream,United States,Mobile Web,N/A,$0.00  ~ $0.00 ,N/A,N/A,N/A,N/A,N/A
Society (Legacy),Interior Decorating,Interstitial,United States,Desktop,N/A,$0.00  ~ $0.00 ,N/A,N/A,N/A,N/A,N/A
Society (Legacy),Interior Decorating,Interstitial,United States,Tablet,N/A,$0.00  ~ $0.00 ,N/A,N/A,N/A,N/A,N/A
Society (Legacy),Buying/Selling Cars,Outstream,United States,Mobile Web,N/A,$0.00  ~ $0.00 ,N/A,N/A,N/A,N/A,N/A
Society (Legacy),Buying/Selling Cars,Outstream,United States,Desktop,N/A,$0.00  ~ $0.00 ,N/A,N/A,N/A,N/A,N/A
Society (Legacy),Buying/Selling Cars,Interstitial,United States,Mobile Web,N/A,$0.00  ~ $0.00 ,N/A,N/A,N/A,N/A,N/A
Society (Legacy),Buying/Selling Cars,Interstitial,United States,Desktop,N/A,$0.00  ~ $0.00 ,N/A,N/A,N/A,N/A,N/A
Society (Legacy),Infertility,Outstream,United States,Desktop,N/A,$0.00  ~ $0.00 ,N/A,N/A,N/A,N/A,N/A
Society (Legacy),Infertility,Instream,United States,Desktop,N/A,$0.00  ~ $0.00 ,N/A,N/A,N/A,N/A,N/A
Society (Legacy),Adult Education,Instream,United States,Desktop,N/A,$0.00  ~ $0.00 ,N/A,N/A,N/A,N/A,N/A
Society (Legacy),Insurance,Outstream,United Kingdom,Mobile Web,N/A,$0.00  ~ $0.00 ,N/A,N/A,N/A,N/A,N/A
Society (Legacy),Dogs,Instream,Canada,Desktop,N/A,$0.00  ~ $0.00 ,N/A,N/A,N/A,N/A,N/A
Society (Legacy),Dogs,Outstream,Canada,Desktop,N/A,$0.00  ~ $0.00 ,N/A,N/A,N/A,N/A,N/A
Society (Legacy),Internet Technology,Instream,Canada,Desktop,N/A,$0.00  ~ $0.00 ,N/A,N/A,N/A,N/A,N/A
Society (Legacy),Graduate School,Instream,United States,Desktop,N/A,$0.00  ~ $0.00 ,N/A,N/A,N/A,N/A,N/A
Society (Legacy),Graduate School,Outstream,United States,Mobile Web,N/A,$0.00  ~ $0.00 ,N/A,N/A,N/A,N/A,N/A
Society (Legacy),Air Travel,Outstream,United States,Desktop,N/A,$0.00  ~ $0.00 ,N/A,N/A,N/A,N/A,N/A
Society (Legacy),Business,Instream,Canada,Desktop,N/A,$0.00  ~ $0.00 ,N/A,N/A,N/A,N/A,N/A
Society (Legacy),Business,Instream,Mexico,Desktop,N/A,$0.00  ~ $0.00 ,N/A,N/A,N/A,N/A,N/A
Society (Legacy),Business,Outstream,Mexico,Desktop,N/A,$0.00  ~ $0.00 ,N/A,N/A,N/A,N/A,N/A
Society (Legacy),Business,Outstream,Mexico,Mobile Web,N/A,$0.00  ~ $0.00 ,N/A,N/A,N/A,N/A,N/A
Society (Legacy),Business,Outstream,United States,Mobile Web,N/A,$0.00  ~ $0.00 ,N/A,N/A,N/A,N/A,N/A
Society (Legacy),Business,Outstream,Canada,Desktop,N/A,$0.00  ~ $0.00 ,N/A,N/A,N/A,N/A,N/A
Society (Legacy),Business,Outstream,Canada,Mobile Web,N/A,$0.00  ~ $0.00 ,N/A,N/A,N/A,N/A,N/A
Society (Legacy),Business,Outstream,United Kingdom,Desktop,N/A,$0.00  ~ $0.00 ,N/A,N/A,N/A,N/A,N/A
Society (Legacy),Business,Outstream,United Kingdom,Mobile Web,N/A,$0.00  ~ $0.00 ,N/A,N/A,N/A,N/A,N/A
Society (Legacy),Business,Interstitial,Canada,Desktop,N/A,$0.00  ~ $0.00 ,N/A,N/A,N/A,N/A,N/A
Society (Legacy),Business,Interstitial,United States,Desktop,N/A,$0.00  ~ $0.00 ,N/A,N/A,N/A,N/A,N/A
Society (Legacy),Business,Interstitial,United States,Mobile Web,N/A,$0.00  ~ $0.00 ,N/A,N/A,N/A,N/A,N/A
Society (Legacy),Business,Interstitial,United Kingdom,Mobile Web,N/A,$0.00  ~ $0.00 ,N/A,N/A,N/A,N/A,N/A
Society (Legacy),Business,Native,United States,Desktop,N/A,$0.00  ~ $0.00 ,N/A,N/A,N/A,N/A,N/A
Society (Legacy),Hobbies & Interests,Outstream,United States,Tablet,N/A,$0.00  ~ $0.00 ,N/A,N/A,N/A,N/A,N/A
Society (Legacy),Hobbies & Interests,Outstream,United Kingdom,Tablet,N/A,$0.00  ~ $0.00 ,N/A,N/A,N/A,N/A,N/A
Society (Legacy),Hobbies & Interests,Interstitial,United States,Desktop,N/A,$0.00  ~ $0.00 ,N/A,N/A,N/A,N/A,N/A
Society (Legacy),Hobbies & Interests,Interstitial,United Kingdom,Desktop,N/A,$0.00  ~ $0.00 ,N/A,N/A,N/A,N/A,N/A
Society (Legacy),Home & Garden,Outstream,United States,Tablet,N/A,$0.00  ~ $0.00 ,N/A,N/A,N/A,N/A,N/A
Society (Legacy),Home & Garden,Interstitial,United States,Mobile Web,N/A,$0.00  ~ $0.00 ,N/A,N/A,N/A,N/A,N/A
Society (Legacy),Home & Garden,Interstitial,United States,Desktop,N/A,$0.00  ~ $0.00 ,N/A,N/A,N/A,N/A,N/A
Society (Legacy),Honeymoons/Getaways,Instream,United States,Desktop,N/A,$0.00  ~ $0.00 ,N/A,N/A,N/A,N/A,N/A
Society (Legacy),Honeymoons/Getaways,Outstream,United States,Mobile Web,N/A,$0.00  ~ $0.00 ,N/A,N/A,N/A,N/A,N/A
Society (Legacy),Honeymoons/Getaways,Outstream,United States,Desktop,N/A,$0.00  ~ $0.00 ,N/A,N/A,N/A,N/A,N/A
Society (Legacy),Commentary,Instream,United States,Desktop,N/A,$0.00  ~ $0.00 ,N/A,N/A,N/A,N/A,N/A
Society (Legacy),Advertising,Instream,United States,Desktop,N/A,$0.00  ~ $0.00 ,N/A,N/A,N/A,N/A,N/A
Society (Legacy),Advertising,Instream,Canada,Desktop,N/A,$0.00  ~ $0.00 ,N/A,N/A,N/A,N/A,N/A
Society (Legacy),Advertising,Outstream,United States,Desktop,N/A,$0.00  ~ $0.00 ,N/A,N/A,N/A,N/A,N/A
Society (Legacy),Advertising,Outstream,United States,Mobile Web,N/A,$0.00  ~ $0.00 ,N/A,N/A,N/A,N/A,N/A
Society (Legacy),Advertising,Interstitial,United States,Mobile Web,N/A,$0.00  ~ $0.00 ,N/A,N/A,N/A,N/A,N/A
Society (Legacy),Advertising,Interstitial,United States,Desktop,N/A,$0.00  ~ $0.00 ,N/A,N/A,N/A,N/A,N/A
Society (Legacy),College,Interstitial,United States,Desktop,N/A,$0.00  ~ $0.00 ,N/A,N/A,N/A,N/A,N/A
Society (Legacy),College,Instream,United States,Desktop,N/A,$0.00  ~ $0.00 ,N/A,N/A,N/A,N/A,N/A
Society (Legacy),College,Outstream,United States,Mobile Web,N/A,$0.00  ~ $0.00 ,N/A,N/A,N/A,N/A,N/A
Society (Legacy),College,Outstream,United States,Desktop,N/A,$0.00  ~ $0.00 ,N/A,N/A,N/A,N/A,N/A
Society (Legacy),Coffee/Tea,Instream,United States,Desktop,N/A,$0.00  ~ $0.00 ,N/A,N/A,N/A,N/A,N/A
Society (Legacy),Coffee/Tea,Outstream,United States,Desktop,N/A,$0.00  ~ $0.00 ,N/A,N/A,N/A,N/A,N/A
Sports (Legacy),Credit/Debt & Loans,Instream,United States,Desktop,N/A,$55.98  ~ $55.98 ,N/A,N/A,N/A,N/A,N/A
Sports (Legacy),Graduate School,Instream,United States,Desktop,2,$50.78  ~ $50.78 ,N/A,N/A,N/A,87.54%,N/A
Sports (Legacy),Graduate School,Instream,United States,Mobile Web,1,$27.22  ~ $27.22 ,N/A,N/A,N/A,50.00%,N/A
Sports (Legacy),Biotech/Biomedical,Instream,United States,Desktop,N/A,$64.19  ~ $64.19 ,N/A,N/A,N/A,100.00%,N/A
Sports (Legacy),Arts & Entertainment,Instream,United States,Mobile Web,N/A,$14.37  ~ $18.33 ,N/A,N/A,N/A,75.36%,N/A
Sports (Legacy),Arts & Entertainment,Instream,United States,Desktop,N/A,$29.94  ~ $44.15 ,N/A,N/A,N/A,85.04%,N/A
Sports (Legacy),Arts & Entertainment,Outstream,United States,Mobile Web,N/A,$14.48  ~ $31.05 ,N/A,N/A,N/A,100.00%,N/A
Sports (Legacy),Hobbies & Interests,Instream,United States,Mobile Web,N/A,$57.92  ~ $57.92 ,$50.62 ,N/A,0.11%,83.99%,N/A
Sports (Legacy),Hobbies & Interests,Instream,United States,Tablet,N/A,$55.06  ~ $55.06 ,N/A,N/A,N/A,65.00%,N/A
Sports (Legacy),Hobbies & Interests,Instream,United States,Desktop,N/A,$60.23  ~ $60.28 ,$496.07 ,N/A,0.01%,97.20%,N/A
Sports (Legacy),Hobbies & Interests,Outstream,United States,Desktop,N/A,$42.69  ~ $42.69 ,N/A,N/A,N/A,33.33%,N/A
Sports (Legacy),Hobbies & Interests,Outstream,United States,Mobile Web,N/A,$47.87  ~ $47.87 ,N/A,N/A,N/A,16.67%,N/A
Sports (Legacy),Home Repair,Outstream,United States,Desktop,N/A,$45.20  ~ $45.20 ,N/A,N/A,N/A,60.00%,N/A
Sports (Legacy),Home Repair,Instream,United States,Desktop,N/A,$45.42  ~ $45.42 ,N/A,N/A,N/A,93.75%,N/A
Sports (Legacy),Food & Drink,Instream,United States,Desktop,N/A,$52.94  ~ $52.94 ,N/A,N/A,N/A,85.00%,N/A
Sports (Legacy),Food & Drink,Instream,United States,Mobile Web,N/A,$54.61  ~ $54.61 ,N/A,N/A,N/A,100.00%,N/A
Sports (Legacy),Senior Living,Instream,United States,Desktop,N/A,$52.09  ~ $52.09 ,N/A,N/A,N/A,98.57%,N/A
Sports (Legacy),Senior Living,Instream,United States,Mobile Web,N/A,$51.64  ~ $51.64 ,N/A,N/A,N/A,100.00%,N/A
Sports (Legacy),Cold & Flu,Instream,United States,Desktop,N/A,$50.14  ~ $111.13 ,N/A,N/A,N/A,80.00%,N/A
Sports (Legacy),Pets,Instream,United States,Desktop,N/A,$22.83  ~ $22.83 ,N/A,N/A,N/A,79.77%,N/A
Sports (Legacy),Health & Fitness,Instream,United States,Desktop,N/A,$26.88  ~ $27.07 ,N/A,N/A,N/A,82.75%,N/A
Sports (Legacy),Health & Fitness,Instream,United States,Mobile Web,N/A,$28.10  ~ $37.29 ,N/A,N/A,N/A,71.59%,N/A
Sports (Legacy),Health & Fitness,Instream,United States,Tablet,N/A,$30.21  ~ $43.97 ,N/A,N/A,N/A,54.55%,N/A
Sports (Legacy),Health & Fitness,Outstream,United States,Desktop,N/A,$40.97  ~ $40.97 ,N/A,N/A,N/A,50.00%,N/A
Sports (Legacy),Health & Fitness,Outstream,United States,Tablet,N/A,$68.23  ~ $68.23 ,N/A,N/A,N/A,60.71%,N/A
Sports (Legacy),Travel,Instream,United States,Desktop,1,$59.07  ~ $59.10 ,N/A,N/A,N/A,85.92%,N/A
Sports (Legacy),Travel,Instream,United States,Mobile Web,N/A,$15.63  ~ $36.30 ,N/A,N/A,N/A,84.00%,N/A
Sports (Legacy),Metals,Instream,United States,Desktop,N/A,$66.92  ~ $66.92 ,N/A,N/A,N/A,87.50%,N/A
Sports (Legacy),Home & Garden,Instream,United States,Desktop,8,$27.25  ~ $27.46 ,N/A,N/A,N/A,79.43%,N/A
Sports (Legacy),Home & Garden,Instream,United States,Mobile Web,N/A,$24.40  ~ $24.50 ,$13.16 ,N/A,0.19%,70.82%,N/A
Sports (Legacy),Home & Garden,Outstream,United States,Mobile Web,N/A,$17.61  ~ $17.61 ,N/A,N/A,N/A,100.00%,N/A
Sports (Legacy),Home & Garden,Outstream,United States,Desktop,N/A,$33.25  ~ $49.58 ,N/A,N/A,N/A,73.33%,N/A
Sports (Legacy),Contests & Freebies,Instream,United States,Desktop,N/A,$44.50  ~ $44.50 ,N/A,N/A,N/A,85.53%,N/A
Sports (Legacy),Business,Instream,Canada,Desktop,N/A,$35.23  ~ $74.31 ,N/A,N/A,N/A,36.36%,N/A
Sports (Legacy),Business,Instream,Canada,Mobile Web,N/A,$34.72  ~ $79.40 ,N/A,N/A,N/A,38.89%,N/A
Sports (Legacy),Business,Instream,United States,Desktop,26,$34.88  ~ $36.63 ,N/A,N/A,N/A,82.16%,N/A
Sports (Legacy),Business,Instream,United States,Mobile Web,2,$35.66  ~ $36.17 ,N/A,N/A,N/A,66.60%,N/A
Sports (Legacy),Business,Instream,United States,Tablet,N/A,$35.43  ~ $36.74 ,N/A,N/A,N/A,89.29%,N/A
Sports (Legacy),Business,Outstream,United States,Desktop,N/A,$51.56  ~ $117.80 ,N/A,N/A,N/A,75.00%,N/A
Sports (Legacy),Business,Outstream,United States,Mobile Web,N/A,$35.69  ~ $72.88 ,N/A,N/A,N/A,100.00%,N/A
Sports (Legacy),Personal Finance,Outstream,United States,Desktop,N/A,$51.90  ~ $51.90 ,N/A,N/A,N/A,100.00%,N/A
Sports (Legacy),Personal Finance,Instream,United States,Desktop,N/A,$48.67  ~ $59.97 ,$259.83 ,N/A,0.02%,86.66%,N/A
Sports (Legacy),Personal Finance,Instream,United States,Mobile Web,2,$48.17  ~ $48.37 ,N/A,N/A,N/A,93.57%,N/A
Sports (Legacy),Careers,Instream,United States,Desktop,2,$53.18  ~ $53.18 ,N/A,N/A,N/A,85.11%,N/A
Sports (Legacy),Careers,Instream,United States,Mobile Web,N/A,$50.41  ~ $50.41 ,N/A,N/A,N/A,100.00%,N/A
Sports (Legacy),Legal Issues,Instream,United States,Desktop,N/A,$20.47  ~ $35.47 ,N/A,N/A,N/A,100.00%,N/A
Sports (Legacy),Insurance,Instream,United States,Desktop,2,$40.81  ~ $40.81 ,N/A,N/A,N/A,91.82%,N/A
Sports (Legacy),Music,Instream,United States,Desktop,N/A,$23.88  ~ $24.41 ,N/A,N/A,N/A,81.06%,N/A
Sports (Legacy),Music,Outstream,United States,Desktop,N/A,$37.69  ~ $37.69 ,N/A,N/A,N/A,N/A,N/A
Sports (Legacy),Shopping,Instream,United States,Mobile Web,42,$37.87  ~ $37.87 ,$4.94 ,N/A,0.77%,52.30%,N/A
Sports (Legacy),Shopping,Instream,United States,Tablet,N/A,$37.80  ~ $37.80 ,N/A,N/A,N/A,38.89%,N/A
Sports (Legacy),Shopping,Instream,United States,Desktop,20,$54.40  ~ $54.40 ,$244.72 ,N/A,0.02%,83.20%,N/A
Sports (Legacy),Shopping,Outstream,United States,Mobile Web,N/A,$0.00  ~ $0.00 ,N/A,N/A,N/A,N/A,N/A
Sports (Legacy),News,Instream,United States,Desktop,18,$29.64  ~ $29.67 ,$7.54 ,N/A,0.39%,79.33%,N/A
Sports (Legacy),News,Instream,United States,Mobile Web,3,$33.42  ~ $33.42 ,$1.67 ,N/A,2.00%,68.00%,N/A
Sports (Legacy),Real Estate,Instream,United States,Desktop,N/A,$54.63  ~ $54.63 ,N/A,N/A,N/A,100.00%,N/A
Sports (Legacy),Hotels,Instream,United States,Desktop,N/A,$26.82  ~ $26.82 ,N/A,N/A,N/A,100.00%,N/A
Sports (Legacy),Interior Decorating,Instream,United States,Desktop,N/A,$30.23  ~ $30.23 ,N/A,N/A,N/A,78.50%,N/A
Sports (Legacy),Remodeling & Construction,Instream,United States,Mobile Web,N/A,$40.78  ~ $40.78 ,N/A,N/A,N/A,100.00%,N/A
Sports (Legacy),Remodeling & Construction,Instream,United States,Tablet,N/A,$42.76  ~ $42.76 ,N/A,N/A,N/A,50.00%,N/A
Sports (Legacy),Remodeling & Construction,Instream,United States,Desktop,N/A,$40.37  ~ $40.37 ,N/A,N/A,N/A,98.79%,N/A
Sports (Legacy),Remodeling & Construction,Outstream,United States,Desktop,N/A,$36.70  ~ $36.70 ,N/A,N/A,N/A,100.00%,N/A
Sports (Legacy),"Law, Gov't & Politics",Instream,United States,Desktop,N/A,$46.11  ~ $55.80 ,"$1,865.39 ",N/A,0.00%,95.00%,N/A
Sports (Legacy),"Law, Gov't & Politics",Instream,United States,Mobile Web,N/A,$39.07  ~ $39.32 ,N/A,N/A,N/A,96.11%,N/A
Sports (Legacy),"Law, Gov't & Politics",Outstream,United States,Desktop,N/A,$70.85  ~ $71.24 ,N/A,N/A,N/A,81.82%,N/A
Sports (Legacy),"Law, Gov't & Politics",Outstream,United States,Tablet,N/A,$41.00  ~ $89.05 ,N/A,N/A,N/A,100.00%,N/A
Sports (Legacy),Politics,Instream,United States,Desktop,N/A,$45.29  ~ $45.29 ,N/A,N/A,N/A,99.34%,N/A
Sports (Legacy),Politics,Instream,United States,Mobile Web,N/A,$45.03  ~ $45.03 ,N/A,N/A,N/A,70.00%,N/A
Sports (Legacy),Politics,Outstream,United States,Desktop,N/A,$51.39  ~ $51.39 ,N/A,N/A,N/A,100.00%,N/A
Sports (Legacy),College,Instream,United States,Desktop,N/A,$7.83  ~ $7.83 ,N/A,N/A,N/A,100.00%,N/A
Sports (Legacy),College,Instream,United States,Mobile Web,N/A,$7.84  ~ $7.84 ,N/A,N/A,N/A,100.00%,N/A
Sports (Legacy),Buying/Selling Cars,Instream,United States,Desktop,4,$48.82  ~ $48.82 ,$195.67 ,N/A,0.02%,88.87%,N/A
Sports (Legacy),Buying/Selling Cars,Instream,United States,Mobile Web,N/A,$42.33  ~ $42.33 ,$24.72 ,N/A,0.17%,69.89%,N/A
Sports (Legacy),Buying/Selling Cars,Outstream,United States,Mobile Web,N/A,$36.69  ~ $36.69 ,N/A,N/A,N/A,N/A,N/A
Sports (Legacy),Automotive,Instream,United States,Mobile Web,N/A,$38.13  ~ $38.13 ,N/A,N/A,N/A,82.92%,N/A
Sports (Legacy),Automotive,Instream,United States,Desktop,N/A,$47.72  ~ $47.72 ,N/A,N/A,N/A,88.03%,N/A
Sports (Legacy),Automotive,Outstream,United States,Mobile Web,N/A,$35.81  ~ $35.81 ,N/A,N/A,N/A,50.00%,N/A
Sports (Legacy),Business Software,Instream,United States,Desktop,N/A,$26.99  ~ $26.99 ,N/A,N/A,N/A,100.00%,N/A
Sports (Legacy),Family & Parenting,Instream,United States,Mobile Web,N/A,$43.36  ~ $43.36 ,N/A,N/A,N/A,100.00%,N/A
Sports (Legacy),Family & Parenting,Instream,United States,Desktop,N/A,$42.21  ~ $43.16 ,N/A,N/A,N/A,92.31%,N/A
Sports (Legacy),Auto Repair,Instream,United States,Desktop,38,$12.85  ~ $12.85 ,N/A,N/A,N/A,95.12%,N/A
Sports (Legacy),Auto Repair,Instream,United States,Mobile Web,50,$12.64  ~ $12.64 ,N/A,N/A,N/A,78.57%,N/A
Sports (Legacy),Education,Instream,United States,Desktop,N/A,$34.22  ~ $34.29 ,N/A,N/A,N/A,85.82%,N/A
Sports (Legacy),Education,Instream,United States,Mobile Web,N/A,$26.65  ~ $28.29 ,N/A,N/A,N/A,65.57%,N/A
Sports (Legacy),Education,Outstream,United States,Mobile Web,N/A,$34.72  ~ $71.92 ,N/A,N/A,N/A,N/A,N/A
Sports (Legacy),Cell Phones,Outstream,United Kingdom,Desktop,N/A,$0.00  ~ $0.00 ,N/A,N/A,N/A,N/A,N/A
Sports (Legacy),Adult Education,Interstitial,United States,Desktop,N/A,$0.00  ~ $0.00 ,N/A,N/A,N/A,N/A,N/A
Sports (Legacy),Adult Education,Outstream,United States,Desktop,N/A,$0.00  ~ $0.00 ,N/A,N/A,N/A,N/A,N/A
Sports (Legacy),Buying/Selling Cars,Outstream,United States,Desktop,N/A,$0.00  ~ $0.00 ,N/A,N/A,N/A,N/A,N/A
Sports (Legacy),Buying/Selling Cars,Outstream,United States,Tablet,N/A,$0.00  ~ $0.00 ,N/A,N/A,N/A,N/A,N/A
Sports (Legacy),Buying/Selling Cars,Interstitial,United States,Desktop,N/A,$0.00  ~ $0.00 ,N/A,N/A,N/A,N/A,N/A
Sports (Legacy),Pro Ice Hockey,Instream,Canada,Desktop,N/A,$0.00  ~ $0.00 ,N/A,N/A,N/A,N/A,N/A
Sports (Legacy),Pro Ice Hockey,Interstitial,Canada,Desktop,N/A,$0.00  ~ $0.00 ,N/A,N/A,N/A,N/A,N/A
Sports (Legacy),Pro Ice Hockey,Outstream,Canada,Desktop,N/A,$0.00  ~ $0.00 ,N/A,N/A,N/A,N/A,N/A
Sports (Legacy),Pro Ice Hockey,Outstream,Canada,Mobile Web,N/A,$0.00  ~ $0.00 ,N/A,N/A,N/A,N/A,N/A
Sports (Legacy),Weight Loss,Outstream,United States,Mobile Web,N/A,$0.00  ~ $0.00 ,N/A,N/A,N/A,N/A,N/A
Sports (Legacy),Home & Garden,Interstitial,United Kingdom,Desktop,N/A,$0.00  ~ $0.00 ,N/A,N/A,N/A,N/A,N/A
Sports (Legacy),Home & Garden,Interstitial,United States,Mobile Web,N/A,$0.00  ~ $0.00 ,N/A,N/A,N/A,N/A,N/A
Sports (Legacy),Home & Garden,Interstitial,United States,Tablet,N/A,$0.00  ~ $0.00 ,N/A,N/A,N/A,N/A,N/A
Sports (Legacy),Home & Garden,Interstitial,United States,Desktop,N/A,$0.00  ~ $0.00 ,N/A,N/A,N/A,N/A,N/A
Sports (Legacy),Home & Garden,Native,United States,Desktop,N/A,$0.00  ~ $0.00 ,N/A,N/A,N/A,N/A,N/A
Sports (Legacy),Home & Garden,Outstream,United States,Tablet,N/A,$0.00  ~ $0.00 ,N/A,N/A,N/A,N/A,N/A
Sports (Legacy),Home & Garden,Outstream,United Kingdom,Mobile Web,N/A,$0.00  ~ $0.00 ,N/A,N/A,N/A,N/A,N/A
Sports (Legacy),Home & Garden,Outstream,United Kingdom,Desktop,N/A,$0.00  ~ $0.00 ,N/A,N/A,N/A,N/A,N/A
Sports (Legacy),Legal Issues,Instream,Canada,Desktop,N/A,$0.00  ~ $0.00 ,N/A,N/A,N/A,N/A,N/A
Sports (Legacy),Legal Issues,Instream,Mexico,Mobile Web,N/A,$0.00  ~ $0.00 ,N/A,N/A,N/A,N/A,N/A
Sports (Legacy),Legal Issues,Interstitial,United States,Desktop,N/A,$0.00  ~ $0.00 ,N/A,N/A,N/A,N/A,N/A
Sports (Legacy),Legal Issues,Interstitial,Canada,Desktop,N/A,$0.00  ~ $0.00 ,N/A,N/A,N/A,N/A,N/A
Sports (Legacy),Legal Issues,Outstream,United States,Desktop,N/A,$0.00  ~ $0.00 ,N/A,N/A,N/A,N/A,N/A
Sports (Legacy),Legal Issues,Outstream,United States,Mobile Web,N/A,$0.00  ~ $0.00 ,N/A,N/A,N/A,N/A,N/A
Sports (Legacy),Legal Issues,Outstream,United Kingdom,Desktop,N/A,$0.00  ~ $0.00 ,N/A,N/A,N/A,N/A,N/A
Sports (Legacy),Adventure Travel,Outstream,United States,Desktop,N/A,$0.00  ~ $0.00 ,N/A,N/A,N/A,N/A,N/A
Sports (Legacy),Adventure Travel,Outstream,United States,Mobile Web,N/A,$0.00  ~ $0.00 ,N/A,N/A,N/A,N/A,N/A
Sports (Legacy),Adventure Travel,Interstitial,United States,Desktop,N/A,$0.00  ~ $0.00 ,N/A,N/A,N/A,N/A,N/A
Sports (Legacy),"Law, Gov't & Politics",Native,United States,Mobile Web,N/A,$0.00  ~ $0.00 ,N/A,N/A,N/A,N/A,N/A
Sports (Legacy),"Law, Gov't & Politics",Outstream,United States,Mobile Web,N/A,$0.00  ~ $0.00 ,N/A,N/A,N/A,N/A,N/A
Sports (Legacy),"Law, Gov't & Politics",Outstream,Mexico,Mobile Web,N/A,$0.00  ~ $0.00 ,N/A,N/A,N/A,N/A,N/A
Sports (Legacy),"Law, Gov't & Politics",Outstream,Mexico,Desktop,N/A,$0.00  ~ $0.00 ,N/A,N/A,N/A,N/A,N/A
Sports (Legacy),"Law, Gov't & Politics",Instream,Mexico,Desktop,N/A,$0.00  ~ $0.00 ,N/A,N/A,N/A,N/A,N/A
Sports (Legacy),"Law, Gov't & Politics",Instream,Canada,Desktop,N/A,$0.00  ~ $0.00 ,N/A,N/A,N/A,N/A,N/A
Sports (Legacy),"Law, Gov't & Politics",Interstitial,United States,Desktop,N/A,$0.00  ~ $0.00 ,N/A,N/A,N/A,N/A,N/A
Sports (Legacy),"Law, Gov't & Politics",Interstitial,Canada,Desktop,N/A,$0.00  ~ $0.00 ,N/A,N/A,N/A,N/A,N/A
Sports (Legacy),Football,Outstream,United States,Desktop,N/A,$0.00  ~ $0.00 ,N/A,N/A,N/A,N/A,N/A
Sports (Legacy),Cold & Flu,Interstitial,United States,Desktop,N/A,$0.00  ~ $0.00 ,N/A,N/A,N/A,N/A,N/A
Sports (Legacy),Cold & Flu,Outstream,United States,Desktop,N/A,$0.00  ~ $0.00 ,N/A,N/A,N/A,N/A,N/A
Sports (Legacy),Cold & Flu,Outstream,United States,Mobile Web,N/A,$0.00  ~ $0.00 ,N/A,N/A,N/A,N/A,N/A
Sports (Legacy),Cold & Flu,Instream,United States,Tablet,N/A,$0.00  ~ $0.00 ,N/A,N/A,N/A,N/A,N/A
Sports (Legacy),Internet Technology,Instream,Canada,Desktop,N/A,$0.00  ~ $0.00 ,N/A,N/A,N/A,N/A,N/A
Sports (Legacy),Green Solutions,Instream,United States,Mobile Web,N/A,$0.00  ~ $0.00 ,N/A,N/A,N/A,N/A,N/A
Sports (Legacy),Green Solutions,Instream,United States,Desktop,N/A,$0.00  ~ $0.00 ,N/A,N/A,N/A,N/A,N/A
Sports (Legacy),Green Solutions,Outstream,United States,Desktop,N/A,$0.00  ~ $0.00 ,N/A,N/A,N/A,N/A,N/A
Sports (Legacy),Green Solutions,Outstream,United States,Tablet,N/A,$0.00  ~ $0.00 ,N/A,N/A,N/A,N/A,N/A
Sports (Legacy),Green Solutions,Interstitial,United States,Desktop,N/A,$0.00  ~ $0.00 ,N/A,N/A,N/A,N/A,N/A
Sports (Legacy),Private School,Outstream,United States,Desktop,N/A,$0.00  ~ $0.00 ,N/A,N/A,N/A,N/A,N/A
Sports (Legacy),Private School,Outstream,United States,Mobile Web,N/A,$0.00  ~ $0.00 ,N/A,N/A,N/A,N/A,N/A
Sports (Legacy),Private School,Instream,United States,Desktop,N/A,$0.00  ~ $0.00 ,N/A,N/A,N/A,N/A,N/A
Sports (Legacy),Private School,Interstitial,United States,Desktop,N/A,$0.00  ~ $0.00 ,N/A,N/A,N/A,N/A,N/A
Sports (Legacy),Personal Finance,Interstitial,United Kingdom,Desktop,N/A,$0.00  ~ $0.00 ,N/A,N/A,N/A,N/A,N/A
Sports (Legacy),Personal Finance,Interstitial,United States,Desktop,N/A,$0.00  ~ $0.00 ,N/A,N/A,N/A,N/A,N/A
Sports (Legacy),Personal Finance,Interstitial,Canada,Desktop,N/A,$0.00  ~ $0.00 ,N/A,N/A,N/A,N/A,N/A
Sports (Legacy),Personal Finance,Instream,United Kingdom,Desktop,N/A,$0.00  ~ $0.00 ,N/A,N/A,N/A,N/A,N/A
Sports (Legacy),Personal Finance,Outstream,Mexico,Desktop,N/A,$0.00  ~ $0.00 ,N/A,N/A,N/A,N/A,N/A
Sports (Legacy),Personal Finance,Outstream,United States,Mobile Web,N/A,$0.00  ~ $0.00 ,N/A,N/A,N/A,N/A,N/A
Sports (Legacy),Personal Finance,Outstream,United States,Tablet,N/A,$0.00  ~ $0.00 ,N/A,N/A,N/A,N/A,N/A
Sports (Legacy),Personal Finance,Outstream,United Kingdom,Desktop,N/A,$0.00  ~ $0.00 ,N/A,N/A,N/A,N/A,N/A
Sports (Legacy),Personal Finance,Outstream,United Kingdom,Mobile Web,N/A,$0.00  ~ $0.00 ,N/A,N/A,N/A,N/A,N/A
Sports (Legacy),Personal Finance,Outstream,Canada,Mobile Web,N/A,$0.00  ~ $0.00 ,N/A,N/A,N/A,N/A,N/A
Sports (Legacy),Personal Finance,Native,United Kingdom,Desktop,N/A,$0.00  ~ $0.00 ,N/A,N/A,N/A,N/A,N/A
Sports (Legacy),Personal Finance,Native,United States,Desktop,N/A,$0.00  ~ $0.00 ,N/A,N/A,N/A,N/A,N/A
Sports (Legacy),Remodeling & Construction,Outstream,United States,Mobile Web,N/A,$0.00  ~ $0.00 ,N/A,N/A,N/A,N/A,N/A
Sports (Legacy),Remodeling & Construction,Interstitial,United States,Desktop,N/A,$0.00  ~ $0.00 ,N/A,N/A,N/A,N/A,N/A
Sports (Legacy),Mutual Funds,Outstream,United States,Desktop,N/A,$0.00  ~ $0.00 ,N/A,N/A,N/A,N/A,N/A
Sports (Legacy),Senior Living,Interstitial,United States,Desktop,N/A,$0.00  ~ $0.00 ,N/A,N/A,N/A,N/A,N/A
Sports (Legacy),Senior Living,Outstream,United States,Mobile Web,N/A,$0.00  ~ $0.00 ,N/A,N/A,N/A,N/A,N/A
Sports (Legacy),Senior Living,Outstream,United States,Desktop,N/A,$0.00  ~ $0.00 ,N/A,N/A,N/A,N/A,N/A
Sports (Legacy),Business,Instream,United Kingdom,Mobile Web,N/A,$0.00  ~ $0.00 ,N/A,N/A,N/A,N/A,N/A
Sports (Legacy),Business,Instream,United Kingdom,Desktop,N/A,$0.00  ~ $0.00 ,N/A,N/A,N/A,N/A,N/A
Sports (Legacy),Business,Outstream,Mexico,Mobile Web,N/A,$0.00  ~ $0.00 ,N/A,N/A,N/A,N/A,N/A
Sports (Legacy),Business,Outstream,United States,Tablet,N/A,$0.00  ~ $0.00 ,N/A,N/A,N/A,N/A,N/A
Sports (Legacy),Business,Outstream,Canada,Mobile Web,N/A,$0.00  ~ $0.00 ,N/A,N/A,N/A,N/A,N/A
Sports (Legacy),Business,Outstream,Canada,Desktop,N/A,$0.00  ~ $0.00 ,N/A,N/A,N/A,N/A,N/A
Sports (Legacy),Business,Outstream,United Kingdom,Desktop,N/A,$0.00  ~ $0.00 ,N/A,N/A,N/A,N/A,N/A
Sports (Legacy),Business,Outstream,United Kingdom,Mobile Web,N/A,$0.00  ~ $0.00 ,N/A,N/A,N/A,N/A,N/A
Sports (Legacy),Business,Interstitial,Ireland,Mobile Web,N/A,$0.00  ~ $0.00 ,N/A,N/A,N/A,N/A,N/A
Sports (Legacy),Business,Interstitial,United States,Mobile Web,N/A,$0.00  ~ $0.00 ,N/A,N/A,N/A,N/A,N/A
Sports (Legacy),Business,Interstitial,United States,Desktop,N/A,$0.00  ~ $0.00 ,N/A,N/A,N/A,N/A,N/A
Sports (Legacy),Business,Interstitial,United Kingdom,Desktop,N/A,$0.00  ~ $0.00 ,N/A,N/A,N/A,N/A,N/A
Sports (Legacy),Business,Interstitial,United Kingdom,Mobile Web,N/A,$0.00  ~ $0.00 ,N/A,N/A,N/A,N/A,N/A
Sports (Legacy),Business,Interstitial,Canada,Desktop,N/A,$0.00  ~ $0.00 ,N/A,N/A,N/A,N/A,N/A
Sports (Legacy),Business,Native,United States,Desktop,N/A,$0.00  ~ $0.00 ,N/A,N/A,N/A,N/A,N/A
Sports (Legacy),Gardening,Instream,United States,Desktop,N/A,$0.00  ~ $0.00 ,N/A,N/A,N/A,N/A,N/A
Sports (Legacy),Gardening,Outstream,United States,Mobile Web,N/A,$0.00  ~ $0.00 ,N/A,N/A,N/A,N/A,N/A
Sports (Legacy),Theme Parks,Instream,United States,Desktop,N/A,$0.00  ~ $0.00 ,N/A,N/A,N/A,N/A,N/A
Sports (Legacy),Theme Parks,Instream,United States,Mobile Web,N/A,$0.00  ~ $0.00 ,N/A,N/A,N/A,N/A,N/A
Sports (Legacy),Theme Parks,Outstream,United States,Desktop,N/A,$0.00  ~ $0.00 ,N/A,N/A,N/A,N/A,N/A
Sports (Legacy),Health/Lowfat Cooking,Outstream,United States,Desktop,N/A,$0.00  ~ $0.00 ,N/A,N/A,N/A,N/A,N/A
Sports (Legacy),Health/Lowfat Cooking,Outstream,United States,Mobile Web,N/A,$0.00  ~ $0.00 ,N/A,N/A,N/A,N/A,N/A
Sports (Legacy),Health/Lowfat Cooking,Outstream,Mexico,Desktop,N/A,$0.00  ~ $0.00 ,N/A,N/A,N/A,N/A,N/A
Sports (Legacy),Real Estate,Outstream,United States,Desktop,N/A,$0.00  ~ $0.00 ,N/A,N/A,N/A,N/A,N/A
Sports (Legacy),Real Estate,Outstream,United States,Mobile Web,N/A,$0.00  ~ $0.00 ,N/A,N/A,N/A,N/A,N/A
Sports (Legacy),Real Estate,Outstream,United States,Tablet,N/A,$0.00  ~ $0.00 ,N/A,N/A,N/A,N/A,N/A
Sports (Legacy),Real Estate,Outstream,United Kingdom,Desktop,N/A,$0.00  ~ $0.00 ,N/A,N/A,N/A,N/A,N/A
Sports (Legacy),Real Estate,Outstream,United Kingdom,Mobile Web,N/A,$0.00  ~ $0.00 ,N/A,N/A,N/A,N/A,N/A
Sports (Legacy),Real Estate,Outstream,Canada,Desktop,N/A,$0.00  ~ $0.00 ,N/A,N/A,N/A,N/A,N/A
Sports (Legacy),Real Estate,Instream,United States,Mobile Web,N/A,$0.00  ~ $0.00 ,N/A,N/A,N/A,N/A,N/A
Sports (Legacy),Real Estate,Instream,Canada,Desktop,N/A,$0.00  ~ $0.00 ,N/A,N/A,N/A,N/A,N/A
Sports (Legacy),Real Estate,Interstitial,United States,Desktop,N/A,$0.00  ~ $0.00 ,N/A,N/A,N/A,N/A,N/A
Sports (Legacy),Real Estate,Native,United Kingdom,Desktop,N/A,$0.00  ~ $0.00 ,N/A,N/A,N/A,N/A,N/A
Sports (Legacy),Arts & Entertainment,Instream,Canada,Desktop,N/A,$0.00  ~ $0.00 ,N/A,N/A,N/A,N/A,N/A
Sports (Legacy),Arts & Entertainment,Instream,United Kingdom,Mobile Web,N/A,$0.00  ~ $0.00 ,N/A,N/A,N/A,N/A,N/A
Sports (Legacy),Arts & Entertainment,Instream,United Kingdom,Desktop,N/A,$0.00  ~ $0.00 ,N/A,N/A,N/A,N/A,N/A
Sports (Legacy),Arts & Entertainment,Interstitial,United States,Desktop,N/A,$0.00  ~ $0.00 ,N/A,N/A,N/A,N/A,N/A
Sports (Legacy),Arts & Entertainment,Interstitial,United Kingdom,Desktop,N/A,$0.00  ~ $0.00 ,N/A,N/A,N/A,N/A,N/A
Sports (Legacy),Arts & Entertainment,Interstitial,United Kingdom,Mobile Web,N/A,$0.00  ~ $0.00 ,N/A,N/A,N/A,N/A,N/A
Sports (Legacy),Arts & Entertainment,Interstitial,Canada,Desktop,N/A,$0.00  ~ $0.00 ,N/A,N/A,N/A,N/A,N/A
Sports (Legacy),Arts & Entertainment,Outstream,Canada,Desktop,N/A,$0.00  ~ $0.00 ,N/A,N/A,N/A,N/A,N/A
Sports (Legacy),Arts & Entertainment,Outstream,Canada,Mobile Web,N/A,$0.00  ~ $0.00 ,N/A,N/A,N/A,N/A,N/A
Sports (Legacy),Arts & Entertainment,Outstream,United Kingdom,Mobile Web,N/A,$0.00  ~ $0.00 ,N/A,N/A,N/A,N/A,N/A
Sports (Legacy),Arts & Entertainment,Outstream,United Kingdom,Desktop,N/A,$0.00  ~ $0.00 ,N/A,N/A,N/A,N/A,N/A
Sports (Legacy),Arts & Entertainment,Outstream,United States,Desktop,N/A,$0.00  ~ $0.00 ,N/A,N/A,N/A,N/A,N/A
Sports (Legacy),Arts & Entertainment,Outstream,United States,Tablet,N/A,$0.00  ~ $0.00 ,N/A,N/A,N/A,N/A,N/A
Sports (Legacy),Arts & Entertainment,Native,United States,Desktop,N/A,$0.00  ~ $0.00 ,N/A,N/A,N/A,N/A,N/A
Sports (Legacy),Arts & Entertainment,Rewarded,United States,Mobile Web,N/A,$0.00  ~ $0.00 ,N/A,N/A,N/A,N/A,N/A
Sports (Legacy),Arts & Entertainment,Rewarded,United States,Desktop,N/A,$0.00  ~ $0.00 ,N/A,N/A,N/A,N/A,N/A
Sports (Legacy),Music,Outstream,United States,Mobile Web,N/A,$0.00  ~ $0.00 ,N/A,N/A,N/A,N/A,N/A
Sports (Legacy),News,Interstitial,United States,Desktop,N/A,$0.00  ~ $0.00 ,N/A,N/A,N/A,N/A,N/A
Sports (Legacy),News,Interstitial,United States,Mobile Web,N/A,$0.00  ~ $0.00 ,N/A,N/A,N/A,N/A,N/A
Sports (Legacy),News,Interstitial,United States,Tablet,N/A,$0.00  ~ $0.00 ,N/A,N/A,N/A,N/A,N/A
Sports (Legacy),News,Interstitial,Canada,Desktop,N/A,$0.00  ~ $0.00 ,N/A,N/A,N/A,N/A,N/A
Sports (Legacy),News,Interstitial,Canada,Mobile Web,N/A,$0.00  ~ $0.00 ,N/A,N/A,N/A,N/A,N/A
Sports (Legacy),News,Instream,Canada,Desktop,N/A,$0.00  ~ $0.00 ,N/A,N/A,N/A,N/A,N/A
Sports (Legacy),News,Instream,Canada,Mobile Web,N/A,$0.00  ~ $0.00 ,N/A,N/A,N/A,N/A,N/A
Sports (Legacy),News,Outstream,Canada,Mobile Web,N/A,$0.00  ~ $0.00 ,N/A,N/A,N/A,N/A,N/A
Sports (Legacy),News,Outstream,Canada,Desktop,N/A,$0.00  ~ $0.00 ,N/A,N/A,N/A,N/A,N/A
Sports (Legacy),News,Outstream,United States,Desktop,N/A,$0.00  ~ $0.00 ,N/A,N/A,N/A,N/A,N/A
Sports (Legacy),News,Outstream,United States,Mobile Web,N/A,$0.00  ~ $0.00 ,N/A,N/A,N/A,N/A,N/A
Sports (Legacy),News,Outstream,United States,Tablet,N/A,$0.00  ~ $0.00 ,N/A,N/A,N/A,N/A,N/A
Sports (Legacy),News,Native,United States,Desktop,N/A,$0.00  ~ $0.00 ,N/A,N/A,N/A,N/A,N/A
Sports (Legacy),Advertising,Instream,United States,Desktop,N/A,$0.00  ~ $0.00 ,N/A,N/A,N/A,N/A,N/A
Sports (Legacy),Advertising,Interstitial,United States,Desktop,N/A,$0.00  ~ $0.00 ,N/A,N/A,N/A,N/A,N/A
Sports (Legacy),Advertising,Outstream,United States,Desktop,N/A,$0.00  ~ $0.00 ,N/A,N/A,N/A,N/A,N/A
Sports (Legacy),Advertising,Outstream,United States,Mobile Web,N/A,$0.00  ~ $0.00 ,N/A,N/A,N/A,N/A,N/A
Sports (Legacy),Advertising,Outstream,United States,Tablet,N/A,$0.00  ~ $0.00 ,N/A,N/A,N/A,N/A,N/A
Sports (Legacy),Commentary,Outstream,United States,Desktop,N/A,$0.00  ~ $0.00 ,N/A,N/A,N/A,N/A,N/A
Sports (Legacy),Commentary,Outstream,United States,Mobile Web,N/A,$0.00  ~ $0.00 ,N/A,N/A,N/A,N/A,N/A
Sports (Legacy),Commentary,Instream,United States,Desktop,N/A,$0.00  ~ $0.00 ,N/A,N/A,N/A,N/A,N/A
Sports (Legacy),Commentary,Interstitial,United States,Desktop,N/A,$0.00  ~ $0.00 ,N/A,N/A,N/A,N/A,N/A
Sports (Legacy),Agriculture,Instream,United States,Desktop,N/A,$0.00  ~ $0.00 ,N/A,N/A,N/A,N/A,N/A
Sports (Legacy),Agriculture,Instream,United States,Mobile Web,N/A,$0.00  ~ $0.00 ,N/A,N/A,N/A,N/A,N/A
Sports (Legacy),Agriculture,Instream,Canada,Desktop,N/A,$0.00  ~ $0.00 ,N/A,N/A,N/A,N/A,N/A
Sports (Legacy),Agriculture,Interstitial,Canada,Desktop,N/A,$0.00  ~ $0.00 ,N/A,N/A,N/A,N/A,N/A
Sports (Legacy),Agriculture,Interstitial,United States,Desktop,N/A,$0.00  ~ $0.00 ,N/A,N/A,N/A,N/A,N/A
Sports (Legacy),Agriculture,Outstream,United States,Mobile Web,N/A,$0.00  ~ $0.00 ,N/A,N/A,N/A,N/A,N/A
Sports (Legacy),Agriculture,Outstream,United States,Desktop,N/A,$0.00  ~ $0.00 ,N/A,N/A,N/A,N/A,N/A
Sports (Legacy),Agriculture,Outstream,United States,Tablet,N/A,$0.00  ~ $0.00 ,N/A,N/A,N/A,N/A,N/A
Sports (Legacy),Agriculture,Native,Canada,Desktop,N/A,$0.00  ~ $0.00 ,N/A,N/A,N/A,N/A,N/A
Sports (Legacy),Agriculture,Rewarded,United States,Desktop,N/A,$0.00  ~ $0.00 ,N/A,N/A,N/A,N/A,N/A
Sports (Legacy),Credit/Debt & Loans,Interstitial,United States,Desktop,N/A,$0.00  ~ $0.00 ,N/A,N/A,N/A,N/A,N/A
Sports (Legacy),Credit/Debt & Loans,Outstream,United States,Desktop,N/A,$0.00  ~ $0.00 ,N/A,N/A,N/A,N/A,N/A
Sports (Legacy),Psychology/Psychiatry,Outstream,United States,Desktop,N/A,$0.00  ~ $0.00 ,N/A,N/A,N/A,N/A,N/A
Sports (Legacy),Psychology/Psychiatry,Outstream,United States,Mobile Web,N/A,$0.00  ~ $0.00 ,N/A,N/A,N/A,N/A,N/A
Sports (Legacy),Psychology/Psychiatry,Instream,United States,Desktop,N/A,$0.00  ~ $0.00 ,N/A,N/A,N/A,N/A,N/A
Sports (Legacy),Psychology/Psychiatry,Instream,United States,Mobile Web,N/A,$0.00  ~ $0.00 ,N/A,N/A,N/A,N/A,N/A
Sports (Legacy),Comparison,Interstitial,United States,Desktop,N/A,$0.00  ~ $0.00 ,N/A,N/A,N/A,N/A,N/A
Sports (Legacy),Comparison,Outstream,United States,Desktop,N/A,$0.00  ~ $0.00 ,N/A,N/A,N/A,N/A,N/A
Sports (Legacy),Job Search,Instream,United States,Desktop,N/A,$0.00  ~ $0.00 ,N/A,N/A,N/A,N/A,N/A
Sports (Legacy),Job Search,Instream,United States,Mobile Web,N/A,$0.00  ~ $0.00 ,N/A,N/A,N/A,N/A,N/A
Sports (Legacy),Job Search,Interstitial,United States,Desktop,N/A,$0.00  ~ $0.00 ,N/A,N/A,N/A,N/A,N/A
Sports (Legacy),Job Search,Outstream,United States,Desktop,N/A,$0.00  ~ $0.00 ,N/A,N/A,N/A,N/A,N/A
Sports (Legacy),Job Search,Outstream,United States,Mobile Web,N/A,$0.00  ~ $0.00 ,N/A,N/A,N/A,N/A,N/A
Sports (Legacy),Job Search,Native,United States,Desktop,N/A,$0.00  ~ $0.00 ,N/A,N/A,N/A,N/A,N/A
Sports (Legacy),Catholicism,Outstream,United States,Desktop,N/A,$0.00  ~ $0.00 ,N/A,N/A,N/A,N/A,N/A
Sports (Legacy),Apartments,Instream,United Kingdom,Desktop,N/A,$0.00  ~ $0.00 ,N/A,N/A,N/A,N/A,N/A
Sports (Legacy),Cocktails/Beer,Instream,United States,Desktop,N/A,$0.00  ~ $0.00 ,N/A,N/A,N/A,N/A,N/A
Sports (Legacy),Cocktails/Beer,Instream,United States,Mobile Web,N/A,$0.00  ~ $0.00 ,N/A,N/A,N/A,N/A,N/A
Sports (Legacy),Cocktails/Beer,Outstream,United States,Desktop,N/A,$0.00  ~ $0.00 ,N/A,N/A,N/A,N/A,N/A
Sports (Legacy),Cocktails/Beer,Outstream,United States,Mobile Web,N/A,$0.00  ~ $0.00 ,N/A,N/A,N/A,N/A,N/A
Sports (Legacy),Cocktails/Beer,Outstream,United States,Tablet,N/A,$0.00  ~ $0.00 ,N/A,N/A,N/A,N/A,N/A
Sports (Legacy),Graduate School,Outstream,United States,Desktop,N/A,$0.00  ~ $0.00 ,N/A,N/A,N/A,N/A,N/A
Sports (Legacy),Graduate School,Outstream,United States,Mobile Web,N/A,$0.00  ~ $0.00 ,N/A,N/A,N/A,N/A,N/A
Sports (Legacy),Graduate School,Outstream,United States,Tablet,N/A,$0.00  ~ $0.00 ,N/A,N/A,N/A,N/A,N/A
Sports (Legacy),Graduate School,Interstitial,United States,Desktop,N/A,$0.00  ~ $0.00 ,N/A,N/A,N/A,N/A,N/A
Sports (Legacy),By US Locale,Interstitial,United States,Desktop,N/A,$0.00  ~ $0.00 ,N/A,N/A,N/A,N/A,N/A
Sports (Legacy),By US Locale,Instream,United States,Desktop,N/A,$0.00  ~ $0.00 ,N/A,N/A,N/A,N/A,N/A
Sports (Legacy),By US Locale,Outstream,United States,Desktop,N/A,$0.00  ~ $0.00 ,N/A,N/A,N/A,N/A,N/A
Sports (Legacy),K-6 Educators,Interstitial,United States,Desktop,N/A,$0.00  ~ $0.00 ,N/A,N/A,N/A,N/A,N/A
Sports (Legacy),K-6 Educators,Outstream,United States,Desktop,N/A,$0.00  ~ $0.00 ,N/A,N/A,N/A,N/A,N/A
Sports (Legacy),K-6 Educators,Outstream,United States,Mobile Web,N/A,$0.00  ~ $0.00 ,N/A,N/A,N/A,N/A,N/A
Sports (Legacy),K-6 Educators,Instream,United States,Desktop,N/A,$0.00  ~ $0.00 ,N/A,N/A,N/A,N/A,N/A
Sports (Legacy),Auto Repair,Interstitial,United States,Desktop,N/A,$0.00  ~ $0.00 ,N/A,N/A,N/A,N/A,N/A
Sports (Legacy),Auto Repair,Outstream,United States,Desktop,N/A,$0.00  ~ $0.00 ,N/A,N/A,N/A,N/A,N/A
Sports (Legacy),Auto Repair,Outstream,United States,Mobile Web,N/A,$0.00  ~ $0.00 ,N/A,N/A,N/A,N/A,N/A
Sports (Legacy),Alternative Medicine,Instream,United States,Desktop,N/A,$0.00  ~ $0.00 ,N/A,N/A,N/A,N/A,N/A
Sports (Legacy),Alternative Medicine,Native,United States,Mobile Web,N/A,$0.00  ~ $0.00 ,N/A,N/A,N/A,N/A,N/A
Sports (Legacy),Human Resources,Outstream,United States,Desktop,N/A,$0.00  ~ $0.00 ,N/A,N/A,N/A,N/A,N/A
Sports (Legacy),Contests & Freebies,Outstream,United States,Desktop,N/A,$0.00  ~ $0.00 ,N/A,N/A,N/A,N/A,N/A
Sports (Legacy),Education,Interstitial,United States,Desktop,N/A,$0.00  ~ $0.00 ,N/A,N/A,N/A,N/A,N/A
Sports (Legacy),Education,Interstitial,United States,Mobile Web,N/A,$0.00  ~ $0.00 ,N/A,N/A,N/A,N/A,N/A
Sports (Legacy),Education,Interstitial,United Kingdom,Desktop,N/A,$0.00  ~ $0.00 ,N/A,N/A,N/A,N/A,N/A
Sports (Legacy),Education,Outstream,United States,Desktop,N/A,$0.00  ~ $0.00 ,N/A,N/A,N/A,N/A,N/A
Sports (Legacy),Education,Outstream,United States,Tablet,N/A,$0.00  ~ $0.00 ,N/A,N/A,N/A,N/A,N/A
Sports (Legacy),Education,Outstream,United Kingdom,Desktop,N/A,$0.00  ~ $0.00 ,N/A,N/A,N/A,N/A,N/A
Sports (Legacy),Education,Outstream,Mexico,Desktop,N/A,$0.00  ~ $0.00 ,N/A,N/A,N/A,N/A,N/A
Sports (Legacy),Education,Native,United Kingdom,Desktop,N/A,$0.00  ~ $0.00 ,N/A,N/A,N/A,N/A,N/A
Sports (Legacy),Exercise,Outstream,United States,Desktop,N/A,$0.00  ~ $0.00 ,N/A,N/A,N/A,N/A,N/A
Sports (Legacy),Exercise,Outstream,United States,Mobile Web,N/A,$0.00  ~ $0.00 ,N/A,N/A,N/A,N/A,N/A
Sports (Legacy),Mountain Biking,Outstream,United States,Mobile Web,N/A,$0.00  ~ $0.00 ,N/A,N/A,N/A,N/A,N/A
Sports (Legacy),Careers,Instream,Canada,Desktop,N/A,$0.00  ~ $0.00 ,N/A,N/A,N/A,N/A,N/A
Sports (Legacy),Careers,Outstream,United States,Desktop,N/A,$0.00  ~ $0.00 ,N/A,N/A,N/A,N/A,N/A
Sports (Legacy),Careers,Outstream,United States,Mobile Web,N/A,$0.00  ~ $0.00 ,N/A,N/A,N/A,N/A,N/A
Sports (Legacy),Careers,Outstream,United States,Tablet,N/A,$0.00  ~ $0.00 ,N/A,N/A,N/A,N/A,N/A
Sports (Legacy),Careers,Outstream,United Kingdom,Desktop,N/A,$0.00  ~ $0.00 ,N/A,N/A,N/A,N/A,N/A
Sports (Legacy),Careers,Interstitial,United States,Desktop,N/A,$0.00  ~ $0.00 ,N/A,N/A,N/A,N/A,N/A
Sports (Legacy),Travel,Native,United States,Desktop,N/A,$0.00  ~ $0.00 ,N/A,N/A,N/A,N/A,N/A
Sports (Legacy),Travel,Instream,United Kingdom,Mobile Web,N/A,$0.00  ~ $0.00 ,N/A,N/A,N/A,N/A,N/A
Sports (Legacy),Travel,Instream,United Kingdom,Desktop,N/A,$0.00  ~ $0.00 ,N/A,N/A,N/A,N/A,N/A
Sports (Legacy),Travel,Outstream,United States,Desktop,N/A,$0.00  ~ $0.00 ,N/A,N/A,N/A,N/A,N/A
Sports (Legacy),Travel,Outstream,United States,Mobile Web,N/A,$0.00  ~ $0.00 ,N/A,N/A,N/A,N/A,N/A
Sports (Legacy),Travel,Outstream,United States,Tablet,N/A,$0.00  ~ $0.00 ,N/A,N/A,N/A,N/A,N/A
Sports (Legacy),Travel,Outstream,United Kingdom,Mobile Web,N/A,$0.00  ~ $0.00 ,N/A,N/A,N/A,N/A,N/A
Sports (Legacy),Travel,Outstream,United Kingdom,Desktop,N/A,$0.00  ~ $0.00 ,N/A,N/A,N/A,N/A,N/A
Sports (Legacy),Travel,Outstream,Canada,Desktop,N/A,$0.00  ~ $0.00 ,N/A,N/A,N/A,N/A,N/A
Sports (Legacy),Travel,Outstream,Canada,Mobile Web,N/A,$0.00  ~ $0.00 ,N/A,N/A,N/A,N/A,N/A
Sports (Legacy),Travel,Interstitial,United States,Desktop,N/A,$0.00  ~ $0.00 ,N/A,N/A,N/A,N/A,N/A
Sports (Legacy),Travel,Interstitial,United Kingdom,Desktop,N/A,$0.00  ~ $0.00 ,N/A,N/A,N/A,N/A,N/A
Sports (Legacy),Travel,Interstitial,United Kingdom,Mobile Web,N/A,$0.00  ~ $0.00 ,N/A,N/A,N/A,N/A,N/A
Sports (Legacy),Insurance,Outstream,United States,Desktop,N/A,$0.00  ~ $0.00 ,N/A,N/A,N/A,N/A,N/A
Sports (Legacy),Insurance,Outstream,United Kingdom,Desktop,N/A,$0.00  ~ $0.00 ,N/A,N/A,N/A,N/A,N/A
Sports (Legacy),Insurance,Instream,United Kingdom,Desktop,N/A,$0.00  ~ $0.00 ,N/A,N/A,N/A,N/A,N/A
Sports (Legacy),Insurance,Interstitial,United Kingdom,Desktop,N/A,$0.00  ~ $0.00 ,N/A,N/A,N/A,N/A,N/A
Sports (Legacy),Insurance,Interstitial,United States,Desktop,N/A,$0.00  ~ $0.00 ,N/A,N/A,N/A,N/A,N/A
Sports (Legacy),College,Outstream,United States,Desktop,N/A,$0.00  ~ $0.00 ,N/A,N/A,N/A,N/A,N/A
Sports (Legacy),College,Outstream,United States,Mobile Web,N/A,$0.00  ~ $0.00 ,N/A,N/A,N/A,N/A,N/A
Sports (Legacy),College,Interstitial,United States,Desktop,N/A,$0.00  ~ $0.00 ,N/A,N/A,N/A,N/A,N/A
Sports (Legacy),Shopping,Interstitial,United Kingdom,Desktop,N/A,$0.00  ~ $0.00 ,N/A,N/A,N/A,N/A,N/A
Sports (Legacy),Shopping,Interstitial,United Kingdom,Mobile Web,N/A,$0.00  ~ $0.00 ,N/A,N/A,N/A,N/A,N/A
Sports (Legacy),Shopping,Interstitial,United States,Desktop,N/A,$0.00  ~ $0.00 ,N/A,N/A,N/A,N/A,N/A
Sports (Legacy),Shopping,Interstitial,United States,Mobile Web,N/A,$0.00  ~ $0.00 ,N/A,N/A,N/A,N/A,N/A
Sports (Legacy),Shopping,Interstitial,United States,Tablet,N/A,$0.00  ~ $0.00 ,N/A,N/A,N/A,N/A,N/A
Sports (Legacy),Shopping,Interstitial,Canada,Desktop,N/A,$0.00  ~ $0.00 ,N/A,N/A,N/A,N/A,N/A
Sports (Legacy),Shopping,Outstream,United States,Desktop,N/A,$0.00  ~ $0.00 ,N/A,N/A,N/A,N/A,N/A
Sports (Legacy),Shopping,Outstream,United States,Tablet,N/A,$0.00  ~ $0.00 ,N/A,N/A,N/A,N/A,N/A
Sports (Legacy),Shopping,Outstream,United Kingdom,Desktop,N/A,$0.00  ~ $0.00 ,N/A,N/A,N/A,N/A,N/A
Sports (Legacy),Shopping,Outstream,United Kingdom,Mobile Web,N/A,$0.00  ~ $0.00 ,N/A,N/A,N/A,N/A,N/A
Sports (Legacy),Shopping,Outstream,Canada,Mobile Web,N/A,$0.00  ~ $0.00 ,N/A,N/A,N/A,N/A,N/A
Sports (Legacy),Shopping,Outstream,Canada,Desktop,N/A,$0.00  ~ $0.00 ,N/A,N/A,N/A,N/A,N/A
Sports (Legacy),Shopping,Instream,Canada,Desktop,N/A,$0.00  ~ $0.00 ,N/A,N/A,N/A,N/A,N/A
Sports (Legacy),Shopping,Instream,Canada,Mobile Web,N/A,$0.00  ~ $0.00 ,N/A,N/A,N/A,N/A,N/A
Sports (Legacy),Shopping,Instream,United Kingdom,Desktop,N/A,$0.00  ~ $0.00 ,N/A,N/A,N/A,N/A,N/A
Sports (Legacy),Shopping,Instream,Mexico,Desktop,N/A,$0.00  ~ $0.00 ,N/A,N/A,N/A,N/A,N/A
Sports (Legacy),Shopping,Native,United States,Mobile Web,N/A,$0.00  ~ $0.00 ,N/A,N/A,N/A,N/A,N/A
Sports (Legacy),Hotels,Interstitial,United States,Desktop,N/A,$0.00  ~ $0.00 ,N/A,N/A,N/A,N/A,N/A
Sports (Legacy),Hotels,Outstream,United States,Desktop,N/A,$0.00  ~ $0.00 ,N/A,N/A,N/A,N/A,N/A
Sports (Legacy),Hotels,Outstream,United States,Mobile Web,N/A,$0.00  ~ $0.00 ,N/A,N/A,N/A,N/A,N/A
Sports (Legacy),Hotels,Instream,United States,Mobile Web,N/A,$0.00  ~ $0.00 ,N/A,N/A,N/A,N/A,N/A
Sports (Legacy),Hotels,Instream,United States,Tablet,N/A,$0.00  ~ $0.00 ,N/A,N/A,N/A,N/A,N/A
Sports (Legacy),Cigars,Native,United States,Mobile Web,N/A,$0.00  ~ $0.00 ,N/A,N/A,N/A,N/A,N/A
Sports (Legacy),Honeymoons/Getaways,Instream,United States,Desktop,N/A,$0.00  ~ $0.00 ,N/A,N/A,N/A,N/A,N/A
Sports (Legacy),Honeymoons/Getaways,Interstitial,United Kingdom,Desktop,N/A,$0.00  ~ $0.00 ,N/A,N/A,N/A,N/A,N/A
Sports (Legacy),Honeymoons/Getaways,Outstream,United States,Desktop,N/A,$0.00  ~ $0.00 ,N/A,N/A,N/A,N/A,N/A
Sports (Legacy),Honeymoons/Getaways,Outstream,United States,Mobile Web,N/A,$0.00  ~ $0.00 ,N/A,N/A,N/A,N/A,N/A
Sports (Legacy),Honeymoons/Getaways,Outstream,United Kingdom,Desktop,N/A,$0.00  ~ $0.00 ,N/A,N/A,N/A,N/A,N/A
Sports (Legacy),Politics,Outstream,United States,Mobile Web,N/A,$0.00  ~ $0.00 ,N/A,N/A,N/A,N/A,N/A
Sports (Legacy),Politics,Outstream,United States,Tablet,N/A,$0.00  ~ $0.00 ,N/A,N/A,N/A,N/A,N/A
Sports (Legacy),Politics,Instream,United States,Tablet,N/A,$0.00  ~ $0.00 ,N/A,N/A,N/A,N/A,N/A
Sports (Legacy),Politics,Interstitial,United States,Desktop,N/A,$0.00  ~ $0.00 ,N/A,N/A,N/A,N/A,N/A
Sports (Legacy),Cruises,Outstream,United States,Desktop,N/A,$0.00  ~ $0.00 ,N/A,N/A,N/A,N/A,N/A
Sports (Legacy),Cruises,Outstream,United States,Mobile Web,N/A,$0.00  ~ $0.00 ,N/A,N/A,N/A,N/A,N/A
Sports (Legacy),Cruises,Interstitial,United States,Desktop,N/A,$0.00  ~ $0.00 ,N/A,N/A,N/A,N/A,N/A
Sports (Legacy),Cruises,Instream,United States,Desktop,N/A,$0.00  ~ $0.00 ,N/A,N/A,N/A,N/A,N/A
Sports (Legacy),Infertility,Interstitial,United States,Desktop,N/A,$0.00  ~ $0.00 ,N/A,N/A,N/A,N/A,N/A
Sports (Legacy),Infertility,Outstream,United States,Desktop,N/A,$0.00  ~ $0.00 ,N/A,N/A,N/A,N/A,N/A
Sports (Legacy),Infertility,Outstream,United States,Mobile Web,N/A,$0.00  ~ $0.00 ,N/A,N/A,N/A,N/A,N/A
Sports (Legacy),Infertility,Instream,United States,Desktop,N/A,$0.00  ~ $0.00 ,N/A,N/A,N/A,N/A,N/A
Sports (Legacy),Large Animals,Outstream,United States,Desktop,N/A,$0.00  ~ $0.00 ,N/A,N/A,N/A,N/A,N/A
Sports (Legacy),Hobbies & Interests,Outstream,United Kingdom,Desktop,N/A,$0.00  ~ $0.00 ,N/A,N/A,N/A,N/A,N/A
Sports (Legacy),Hobbies & Interests,Outstream,United States,Tablet,N/A,$0.00  ~ $0.00 ,N/A,N/A,N/A,N/A,N/A
Sports (Legacy),Hobbies & Interests,Interstitial,United States,Desktop,N/A,$0.00  ~ $0.00 ,N/A,N/A,N/A,N/A,N/A
Sports (Legacy),Hobbies & Interests,Interstitial,United States,Mobile Web,N/A,$0.00  ~ $0.00 ,N/A,N/A,N/A,N/A,N/A
Sports (Legacy),Hobbies & Interests,Interstitial,United Kingdom,Desktop,N/A,$0.00  ~ $0.00 ,N/A,N/A,N/A,N/A,N/A
Sports (Legacy),Hobbies & Interests,Native,United Kingdom,Desktop,N/A,$0.00  ~ $0.00 ,N/A,N/A,N/A,N/A,N/A
Sports (Legacy),Food & Drink,Interstitial,United States,Desktop,N/A,$0.00  ~ $0.00 ,N/A,N/A,N/A,N/A,N/A
Sports (Legacy),Food & Drink,Interstitial,United States,Tablet,N/A,$0.00  ~ $0.00 ,N/A,N/A,N/A,N/A,N/A
Sports (Legacy),Food & Drink,Outstream,United States,Desktop,N/A,$0.00  ~ $0.00 ,N/A,N/A,N/A,N/A,N/A
Sports (Legacy),Food & Drink,Outstream,United States,Mobile Web,N/A,$0.00  ~ $0.00 ,N/A,N/A,N/A,N/A,N/A
Sports (Legacy),Food & Drink,Outstream,United States,Tablet,N/A,$0.00  ~ $0.00 ,N/A,N/A,N/A,N/A,N/A
Sports (Legacy),Food & Drink,Outstream,United Kingdom,Desktop,N/A,$0.00  ~ $0.00 ,N/A,N/A,N/A,N/A,N/A
Sports (Legacy),Family & Parenting,Outstream,United States,Tablet,N/A,$0.00  ~ $0.00 ,N/A,N/A,N/A,N/A,N/A
Sports (Legacy),Family & Parenting,Outstream,United States,Desktop,N/A,$0.00  ~ $0.00 ,N/A,N/A,N/A,N/A,N/A
Sports (Legacy),Family & Parenting,Outstream,United States,Mobile Web,N/A,$0.00  ~ $0.00 ,N/A,N/A,N/A,N/A,N/A
Sports (Legacy),Family & Parenting,Outstream,United Kingdom,Desktop,N/A,$0.00  ~ $0.00 ,N/A,N/A,N/A,N/A,N/A
Sports (Legacy),Family & Parenting,Interstitial,United States,Desktop,N/A,$0.00  ~ $0.00 ,N/A,N/A,N/A,N/A,N/A
Sports (Legacy),Family & Parenting,Instream,United Kingdom,Mobile Web,N/A,$0.00  ~ $0.00 ,N/A,N/A,N/A,N/A,N/A
Sports (Legacy),Family & Parenting,Instream,United Kingdom,Tablet,N/A,$0.00  ~ $0.00 ,N/A,N/A,N/A,N/A,N/A
Sports (Legacy),Computer Peripherals,Interstitial,United Kingdom,Desktop,N/A,$0.00  ~ $0.00 ,N/A,N/A,N/A,N/A,N/A
Sports (Legacy),Computer Peripherals,Interstitial,United Kingdom,Mobile Web,N/A,$0.00  ~ $0.00 ,N/A,N/A,N/A,N/A,N/A
Sports (Legacy),Computer Peripherals,Outstream,United Kingdom,Desktop,N/A,$0.00  ~ $0.00 ,N/A,N/A,N/A,N/A,N/A
Sports (Legacy),Computer Peripherals,Instream,United Kingdom,Desktop,N/A,$0.00  ~ $0.00 ,N/A,N/A,N/A,N/A,N/A
Sports (Legacy),Computer Peripherals,Instream,United Kingdom,Mobile Web,N/A,$0.00  ~ $0.00 ,N/A,N/A,N/A,N/A,N/A
Sports (Legacy),Interior Decorating,Outstream,United States,Desktop,N/A,$0.00  ~ $0.00 ,N/A,N/A,N/A,N/A,N/A
Sports (Legacy),Interior Decorating,Outstream,United States,Mobile Web,N/A,$0.00  ~ $0.00 ,N/A,N/A,N/A,N/A,N/A
Sports (Legacy),Interior Decorating,Outstream,United States,Tablet,N/A,$0.00  ~ $0.00 ,N/A,N/A,N/A,N/A,N/A
Sports (Legacy),Interior Decorating,Interstitial,United States,Desktop,N/A,$0.00  ~ $0.00 ,N/A,N/A,N/A,N/A,N/A
Sports (Legacy),Interior Decorating,Interstitial,United States,Mobile Web,N/A,$0.00  ~ $0.00 ,N/A,N/A,N/A,N/A,N/A
Sports (Legacy),Interior Decorating,Interstitial,United States,Tablet,N/A,$0.00  ~ $0.00 ,N/A,N/A,N/A,N/A,N/A
Sports (Legacy),Health & Fitness,Outstream,United States,Mobile Web,N/A,$0.00  ~ $0.00 ,N/A,N/A,N/A,N/A,N/A
Sports (Legacy),Health & Fitness,Outstream,Canada,Mobile Web,N/A,$0.00  ~ $0.00 ,N/A,N/A,N/A,N/A,N/A
Sports (Legacy),Health & Fitness,Outstream,Canada,Tablet,N/A,$0.00  ~ $0.00 ,N/A,N/A,N/A,N/A,N/A
Sports (Legacy),Health & Fitness,Outstream,Canada,Desktop,N/A,$0.00  ~ $0.00 ,N/A,N/A,N/A,N/A,N/A
Sports (Legacy),Health & Fitness,Outstream,United Kingdom,Desktop,N/A,$0.00  ~ $0.00 ,N/A,N/A,N/A,N/A,N/A
Sports (Legacy),Health & Fitness,Interstitial,United States,Desktop,N/A,$0.00  ~ $0.00 ,N/A,N/A,N/A,N/A,N/A
Sports (Legacy),Health & Fitness,Interstitial,United States,Mobile Web,N/A,$0.00  ~ $0.00 ,N/A,N/A,N/A,N/A,N/A
Sports (Legacy),Health & Fitness,Interstitial,United Kingdom,Desktop,N/A,$0.00  ~ $0.00 ,N/A,N/A,N/A,N/A,N/A
Sports (Legacy),Health & Fitness,Interstitial,Canada,Desktop,N/A,$0.00  ~ $0.00 ,N/A,N/A,N/A,N/A,N/A
Sports (Legacy),Health & Fitness,Native,United States,Mobile Web,N/A,$0.00  ~ $0.00 ,N/A,N/A,N/A,N/A,N/A
Sports (Legacy),Health & Fitness,Instream,United Kingdom,Desktop,N/A,$0.00  ~ $0.00 ,N/A,N/A,N/A,N/A,N/A
Sports (Legacy),Health & Fitness,Instream,Canada,Desktop,N/A,$0.00  ~ $0.00 ,N/A,N/A,N/A,N/A,N/A
Sports (Legacy),Health & Fitness,Instream,Canada,Mobile Web,N/A,$0.00  ~ $0.00 ,N/A,N/A,N/A,N/A,N/A
Sports (Legacy),Biotech/Biomedical,Interstitial,United States,Desktop,N/A,$0.00  ~ $0.00 ,N/A,N/A,N/A,N/A,N/A
Sports (Legacy),Biotech/Biomedical,Interstitial,United States,Tablet,N/A,$0.00  ~ $0.00 ,N/A,N/A,N/A,N/A,N/A
Sports (Legacy),Biotech/Biomedical,Instream,United States,Mobile Web,N/A,$0.00  ~ $0.00 ,N/A,N/A,N/A,N/A,N/A
Sports (Legacy),Biotech/Biomedical,Instream,United States,Tablet,N/A,$0.00  ~ $0.00 ,N/A,N/A,N/A,N/A,N/A
Sports (Legacy),Biotech/Biomedical,Outstream,United States,Desktop,N/A,$0.00  ~ $0.00 ,N/A,N/A,N/A,N/A,N/A
Sports (Legacy),Biotech/Biomedical,Outstream,United States,Mobile Web,N/A,$0.00  ~ $0.00 ,N/A,N/A,N/A,N/A,N/A
Sports (Legacy),Biotech/Biomedical,Outstream,United States,Tablet,N/A,$0.00  ~ $0.00 ,N/A,N/A,N/A,N/A,N/A
Sports (Legacy),Retirement Planning,Interstitial,United States,Desktop,N/A,$0.00  ~ $0.00 ,N/A,N/A,N/A,N/A,N/A
Sports (Legacy),Automotive,Interstitial,United States,Desktop,N/A,$0.00  ~ $0.00 ,N/A,N/A,N/A,N/A,N/A
Sports (Legacy),Automotive,Instream,Mexico,Desktop,N/A,$0.00  ~ $0.00 ,N/A,N/A,N/A,N/A,N/A
Sports (Legacy),Automotive,Outstream,United States,Tablet,N/A,$0.00  ~ $0.00 ,N/A,N/A,N/A,N/A,N/A
Sports (Legacy),Automotive,Outstream,United States,Desktop,N/A,$0.00  ~ $0.00 ,N/A,N/A,N/A,N/A,N/A
Sports (Legacy),Automotive,Outstream,Mexico,Desktop,N/A,$0.00  ~ $0.00 ,N/A,N/A,N/A,N/A,N/A
Sports (Legacy),Automotive,Outstream,United Kingdom,Desktop,N/A,$0.00  ~ $0.00 ,N/A,N/A,N/A,N/A,N/A
Sports (Legacy),Card Games,Interstitial,United States,Desktop,N/A,$0.00  ~ $0.00 ,N/A,N/A,N/A,N/A,N/A
Sports (Legacy),Card Games,Instream,United States,Mobile Web,N/A,$0.00  ~ $0.00 ,N/A,N/A,N/A,N/A,N/A
Sports (Legacy),Card Games,Instream,United States,Desktop,N/A,$0.00  ~ $0.00 ,N/A,N/A,N/A,N/A,N/A
Sports (Legacy),Card Games,Outstream,United States,Mobile Web,N/A,$0.00  ~ $0.00 ,N/A,N/A,N/A,N/A,N/A
Sports (Legacy),Card Games,Outstream,United States,Desktop,N/A,$0.00  ~ $0.00 ,N/A,N/A,N/A,N/A,N/A
Sports (Legacy),Card Games,Outstream,United Kingdom,Mobile Web,N/A,$0.00  ~ $0.00 ,N/A,N/A,N/A,N/A,N/A
Sports (Legacy),Business Software,Interstitial,United States,Desktop,N/A,$0.00  ~ $0.00 ,N/A,N/A,N/A,N/A,N/A
Sports (Legacy),Business Software,Interstitial,United Kingdom,Desktop,N/A,$0.00  ~ $0.00 ,N/A,N/A,N/A,N/A,N/A
Sports (Legacy),Business Software,Instream,United Kingdom,Desktop,N/A,$0.00  ~ $0.00 ,N/A,N/A,N/A,N/A,N/A
Sports (Legacy),Business Software,Outstream,United States,Desktop,N/A,$0.00  ~ $0.00 ,N/A,N/A,N/A,N/A,N/A
Sports (Legacy),Business Software,Outstream,United States,Mobile Web,N/A,$0.00  ~ $0.00 ,N/A,N/A,N/A,N/A,N/A
Sports (Legacy),Business Software,Outstream,United States,Tablet,N/A,$0.00  ~ $0.00 ,N/A,N/A,N/A,N/A,N/A
Sports (Legacy),Business Software,Outstream,Canada,Desktop,N/A,$0.00  ~ $0.00 ,N/A,N/A,N/A,N/A,N/A
Sports (Legacy),Business Software,Native,United States,Desktop,N/A,$0.00  ~ $0.00 ,N/A,N/A,N/A,N/A,N/A
Sports (Legacy),Business Software,Native,Canada,Desktop,N/A,$0.00  ~ $0.00 ,N/A,N/A,N/A,N/A,N/A
Sports (Legacy),Clothing,Outstream,United States,Mobile Web,N/A,$0.00  ~ $0.00 ,N/A,N/A,N/A,N/A,N/A
Sports (Legacy),Clothing,Outstream,United States,Desktop,N/A,$0.00  ~ $0.00 ,N/A,N/A,N/A,N/A,N/A
Sports (Legacy),Pediatrics,Interstitial,United States,Desktop,N/A,$0.00  ~ $0.00 ,N/A,N/A,N/A,N/A,N/A
Sports (Legacy),Pediatrics,Outstream,United States,Desktop,N/A,$0.00  ~ $0.00 ,N/A,N/A,N/A,N/A,N/A
Sports (Legacy),Pediatrics,Outstream,United States,Mobile Web,N/A,$0.00  ~ $0.00 ,N/A,N/A,N/A,N/A,N/A
Sports (Legacy),Pediatrics,Instream,United States,Desktop,N/A,$0.00  ~ $0.00 ,N/A,N/A,N/A,N/A,N/A
Sports (Legacy),Appliances,Outstream,United States,Desktop,N/A,$0.00  ~ $0.00 ,N/A,N/A,N/A,N/A,N/A
Sports (Legacy),Logistics,Instream,United States,Desktop,N/A,$0.00  ~ $0.00 ,N/A,N/A,N/A,N/A,N/A
Sports (Legacy),Pets,Outstream,United States,Mobile Web,N/A,$0.00  ~ $0.00 ,N/A,N/A,N/A,N/A,N/A
Sports (Legacy),Pets,Outstream,United States,Desktop,N/A,$0.00  ~ $0.00 ,N/A,N/A,N/A,N/A,N/A
Sports (Legacy),Pets,Outstream,Canada,Desktop,N/A,$0.00  ~ $0.00 ,N/A,N/A,N/A,N/A,N/A
Sports (Legacy),Pets,Interstitial,United States,Desktop,N/A,$0.00  ~ $0.00 ,N/A,N/A,N/A,N/A,N/A
Sports (Legacy),Pets,Instream,Canada,Desktop,N/A,$0.00  ~ $0.00 ,N/A,N/A,N/A,N/A,N/A
Sports (Legacy),Pets,Instream,Canada,Mobile Web,N/A,$0.00  ~ $0.00 ,N/A,N/A,N/A,N/A,N/A
Sports (Legacy),Home Repair,Interstitial,United States,Desktop,N/A,$0.00  ~ $0.00 ,N/A,N/A,N/A,N/A,N/A
Sports (Legacy),Senor Health,Outstream,United States,Desktop,N/A,$0.00  ~ $0.00 ,N/A,N/A,N/A,N/A,N/A
Sports (Legacy),Senor Health,Instream,United States,Desktop,N/A,$0.00  ~ $0.00 ,N/A,N/A,N/A,N/A,N/A
Sports (Legacy),Coffee/Tea,Instream,United States,Desktop,N/A,$0.00  ~ $0.00 ,N/A,N/A,N/A,N/A,N/A
Sports (Legacy),Coffee/Tea,Interstitial,United States,Desktop,N/A,$0.00  ~ $0.00 ,N/A,N/A,N/A,N/A,N/A
Sports (Legacy),Coffee/Tea,Outstream,United States,Desktop,N/A,$0.00  ~ $0.00 ,N/A,N/A,N/A,N/A,N/A
Sports (Legacy),Dogs,Instream,Canada,Desktop,N/A,$0.00  ~ $0.00 ,N/A,N/A,N/A,N/A,N/A
Sports (Legacy),Dogs,Instream,Canada,Mobile Web,N/A,$0.00  ~ $0.00 ,N/A,N/A,N/A,N/A,N/A
Sports (Legacy),Investing,Outstream,United States,Desktop,N/A,$0.00  ~ $0.00 ,N/A,N/A,N/A,N/A,N/A
Sports (Legacy),Investing,Interstitial,United States,Desktop,N/A,$0.00  ~ $0.00 ,N/A,N/A,N/A,N/A,N/A
Sports (Legacy),Investing,Rewarded,United States,Desktop,N/A,$0.00  ~ $0.00 ,N/A,N/A,N/A,N/A,N/A
Sports (Legacy),Investing,Rewarded,United States,Mobile Web,N/A,$0.00  ~ $0.00 ,N/A,N/A,N/A,N/A,N/A
Sports (Legacy),Metals,Outstream,Canada,Mobile Web,N/A,$0.00  ~ $0.00 ,N/A,N/A,N/A,N/A,N/A
Sports (Legacy),Metals,Outstream,United States,Desktop,N/A,$0.00  ~ $0.00 ,N/A,N/A,N/A,N/A,N/A
Sports (Legacy),Metals,Outstream,United States,Mobile Web,N/A,$0.00  ~ $0.00 ,N/A,N/A,N/A,N/A,N/A
Sports (Legacy),Metals,Outstream,United States,Tablet,N/A,$0.00  ~ $0.00 ,N/A,N/A,N/A,N/A,N/A
Sports (Legacy),Metals,Interstitial,United States,Desktop,N/A,$0.00  ~ $0.00 ,N/A,N/A,N/A,N/A,N/A
Sports (Legacy),Metals,Instream,United States,Mobile Web,N/A,$0.00  ~ $0.00 ,N/A,N/A,N/A,N/A,N/A
Sports (Legacy),Metals,Instream,United States,Tablet,N/A,$0.00  ~ $0.00 ,N/A,N/A,N/A,N/A,N/A
Sports (Legacy),Metals,Instream,Canada,Desktop,N/A,$0.00  ~ $0.00 ,N/A,N/A,N/A,N/A,N/A
Sports (Legacy),Cancer,Interstitial,Canada,Desktop,N/A,$0.00  ~ $0.00 ,N/A,N/A,N/A,N/A,N/A
Sports (Legacy),Cancer,Instream,Canada,Desktop,N/A,$0.00  ~ $0.00 ,N/A,N/A,N/A,N/A,N/A
Style & Fashion (Legacy),Politics,Outstream,United States,Desktop,N/A,$81.93  ~ $81.93 ,N/A,N/A,N/A,N/A,N/A
Style & Fashion (Legacy),Politics,Instream,United States,Desktop,N/A,$38.92  ~ $38.92 ,N/A,N/A,N/A,100.00%,N/A
Style & Fashion (Legacy),"Law, Gov't & Politics",Instream,United States,Mobile Web,N/A,$29.05  ~ $33.53 ,N/A,N/A,N/A,100.00%,N/A
Style & Fashion (Legacy),"Law, Gov't & Politics",Instream,United States,Desktop,N/A,$31.40  ~ $33.60 ,N/A,N/A,N/A,96.36%,N/A
Style & Fashion (Legacy),"Law, Gov't & Politics",Outstream,United States,Desktop,N/A,$74.42  ~ $74.42 ,N/A,N/A,N/A,N/A,N/A
Style & Fashion (Legacy),Education,Instream,United States,Desktop,N/A,$22.20  ~ $34.29 ,N/A,N/A,N/A,100.00%,N/A
Style & Fashion (Legacy),Education,Instream,United States,Mobile Web,N/A,$22.19  ~ $22.19 ,N/A,N/A,N/A,100.00%,N/A
Style & Fashion (Legacy),Shopping,Instream,United States,Mobile Web,N/A,$0.00  ~ $0.00 ,N/A,N/A,N/A,N/A,N/A
Style & Fashion (Legacy),Shopping,Instream,United States,Desktop,N/A,$48.80  ~ $48.80 ,N/A,N/A,N/A,100.00%,N/A
Style & Fashion (Legacy),Shopping,Outstream,United States,Mobile Web,N/A,$0.00  ~ $0.00 ,N/A,N/A,N/A,N/A,N/A
Style & Fashion (Legacy),Hobbies & Interests,Instream,United States,Desktop,N/A,$60.91  ~ $60.91 ,$1.83 ,N/A,3.33%,100.00%,N/A
Style & Fashion (Legacy),Hobbies & Interests,Instream,United States,Mobile Web,N/A,$61.57  ~ $61.57 ,N/A,N/A,N/A,75.00%,N/A
Style & Fashion (Legacy),Hobbies & Interests,Outstream,United States,Desktop,N/A,$42.70  ~ $42.70 ,N/A,N/A,N/A,N/A,N/A
Style & Fashion (Legacy),Home Repair,Instream,United States,Desktop,N/A,$36.06  ~ $36.06 ,N/A,N/A,N/A,100.00%,N/A
Style & Fashion (Legacy),Arts & Entertainment,Instream,United States,Desktop,N/A,$11.62  ~ $23.72 ,N/A,N/A,N/A,83.33%,N/A
Style & Fashion (Legacy),Buying/Selling Cars,Instream,United States,Desktop,N/A,$42.93  ~ $42.93 ,$1.93 ,N/A,2.22%,86.67%,N/A
Style & Fashion (Legacy),Buying/Selling Cars,Outstream,United States,Mobile Web,N/A,$47.60  ~ $47.60 ,N/A,N/A,N/A,N/A,N/A
Style & Fashion (Legacy),Health & Fitness,Instream,United States,Mobile Web,N/A,$24.30  ~ $30.16 ,N/A,N/A,N/A,62.50%,N/A
Style & Fashion (Legacy),Health & Fitness,Instream,United States,Desktop,N/A,$34.61  ~ $38.70 ,N/A,N/A,N/A,100.00%,N/A
Style & Fashion (Legacy),Health & Fitness,Outstream,United States,Tablet,N/A,$76.54  ~ $76.54 ,N/A,N/A,N/A,22.22%,N/A
Style & Fashion (Legacy),Travel,Instream,United States,Desktop,N/A,$30.73  ~ $30.73 ,N/A,N/A,N/A,N/A,N/A
Style & Fashion (Legacy),Insurance,Instream,United States,Desktop,N/A,$42.55  ~ $42.55 ,N/A,N/A,N/A,100.00%,N/A
Style & Fashion (Legacy),Business,Instream,United States,Desktop,N/A,$42.97  ~ $47.15 ,N/A,N/A,N/A,75.68%,N/A
Style & Fashion (Legacy),Business,Instream,United States,Mobile Web,N/A,$36.22  ~ $36.90 ,N/A,N/A,N/A,80.00%,N/A
Style & Fashion (Legacy),News,Instream,United States,Desktop,N/A,$55.96  ~ $55.96 ,N/A,N/A,N/A,73.74%,N/A
Style & Fashion (Legacy),News,Instream,United States,Mobile Web,N/A,$41.47  ~ $41.47 ,N/A,N/A,N/A,40.00%,N/A
Style & Fashion (Legacy),Home & Garden,Instream,United States,Desktop,N/A,$29.17  ~ $29.89 ,N/A,N/A,N/A,87.10%,N/A
Style & Fashion (Legacy),Home & Garden,Instream,United States,Mobile Web,N/A,$0.00  ~ $0.00 ,N/A,N/A,N/A,N/A,N/A
Style & Fashion (Legacy),Home & Garden,Outstream,United States,Desktop,N/A,$46.09  ~ $46.09 ,N/A,N/A,N/A,100.00%,N/A
Style & Fashion (Legacy),Personal Finance,Instream,United States,Desktop,N/A,$49.92  ~ $78.13 ,N/A,N/A,N/A,68.75%,N/A
Style & Fashion (Legacy),Personal Finance,Instream,United States,Mobile Web,N/A,$42.52  ~ $42.52 ,N/A,N/A,N/A,75.00%,N/A
Style & Fashion (Legacy),Personal Finance,Outstream,United States,Desktop,N/A,$51.13  ~ $51.13 ,N/A,N/A,N/A,83.33%,N/A
Style & Fashion (Legacy),Personal Finance,Outstream,United States,Mobile Web,N/A,$50.52  ~ $50.52 ,N/A,N/A,N/A,100.00%,N/A
Style & Fashion (Legacy),Careers,Instream,United States,Desktop,N/A,$29.99  ~ $29.99 ,N/A,N/A,N/A,100.00%,N/A
Style & Fashion (Legacy),Automotive,Instream,United States,Desktop,N/A,$45.99  ~ $48.04 ,N/A,N/A,N/A,83.33%,N/A
Style & Fashion (Legacy),Automotive,Outstream,United States,Mobile Web,N/A,$40.42  ~ $40.42 ,N/A,N/A,N/A,75.00%,N/A
Style & Fashion (Legacy),Education,Outstream,United States,Desktop,N/A,$0.00  ~ $0.00 ,N/A,N/A,N/A,N/A,N/A
Style & Fashion (Legacy),Education,Outstream,United States,Mobile Web,N/A,$0.00  ~ $0.00 ,N/A,N/A,N/A,N/A,N/A
Style & Fashion (Legacy),Education,Interstitial,United States,Desktop,N/A,$0.00  ~ $0.00 ,N/A,N/A,N/A,N/A,N/A
Style & Fashion (Legacy),Education,Interstitial,United States,Mobile Web,N/A,$0.00  ~ $0.00 ,N/A,N/A,N/A,N/A,N/A
Style & Fashion (Legacy),Alternative Medicine,Instream,United States,Desktop,N/A,$0.00  ~ $0.00 ,N/A,N/A,N/A,N/A,N/A
Style & Fashion (Legacy),Agriculture,Instream,United States,Desktop,N/A,$0.00  ~ $0.00 ,N/A,N/A,N/A,N/A,N/A
Style & Fashion (Legacy),College,Instream,United States,Desktop,N/A,$0.00  ~ $0.00 ,N/A,N/A,N/A,N/A,N/A
Style & Fashion (Legacy),College,Outstream,United States,Mobile Web,N/A,$0.00  ~ $0.00 ,N/A,N/A,N/A,N/A,N/A
Style & Fashion (Legacy),College,Outstream,United States,Desktop,N/A,$0.00  ~ $0.00 ,N/A,N/A,N/A,N/A,N/A
Style & Fashion (Legacy),"Law, Gov't & Politics",Outstream,United States,Mobile Web,N/A,$0.00  ~ $0.00 ,N/A,N/A,N/A,N/A,N/A
Style & Fashion (Legacy),"Law, Gov't & Politics",Outstream,Mexico,Desktop,N/A,$0.00  ~ $0.00 ,N/A,N/A,N/A,N/A,N/A
Style & Fashion (Legacy),"Law, Gov't & Politics",Outstream,Mexico,Mobile Web,N/A,$0.00  ~ $0.00 ,N/A,N/A,N/A,N/A,N/A
Style & Fashion (Legacy),"Law, Gov't & Politics",Instream,Mexico,Desktop,N/A,$0.00  ~ $0.00 ,N/A,N/A,N/A,N/A,N/A
Style & Fashion (Legacy),"Law, Gov't & Politics",Interstitial,United States,Desktop,N/A,$0.00  ~ $0.00 ,N/A,N/A,N/A,N/A,N/A
Style & Fashion (Legacy),Music,Instream,United States,Desktop,N/A,$0.00  ~ $0.00 ,N/A,N/A,N/A,N/A,N/A
Style & Fashion (Legacy),Music,Outstream,United States,Desktop,N/A,$0.00  ~ $0.00 ,N/A,N/A,N/A,N/A,N/A
Style & Fashion (Legacy),Biotech/Biomedical,Instream,United States,Desktop,N/A,$0.00  ~ $0.00 ,N/A,N/A,N/A,N/A,N/A
Style & Fashion (Legacy),Biotech/Biomedical,Interstitial,United States,Desktop,N/A,$0.00  ~ $0.00 ,N/A,N/A,N/A,N/A,N/A
Style & Fashion (Legacy),Biotech/Biomedical,Interstitial,United States,Tablet,N/A,$0.00  ~ $0.00 ,N/A,N/A,N/A,N/A,N/A
Style & Fashion (Legacy),Biotech/Biomedical,Outstream,United States,Desktop,N/A,$0.00  ~ $0.00 ,N/A,N/A,N/A,N/A,N/A
Style & Fashion (Legacy),Card Games,Instream,United States,Desktop,N/A,$0.00  ~ $0.00 ,N/A,N/A,N/A,N/A,N/A
Style & Fashion (Legacy),Card Games,Outstream,United States,Desktop,N/A,$0.00  ~ $0.00 ,N/A,N/A,N/A,N/A,N/A
Style & Fashion (Legacy),Card Games,Outstream,United States,Mobile Web,N/A,$0.00  ~ $0.00 ,N/A,N/A,N/A,N/A,N/A
Style & Fashion (Legacy),Hobbies & Interests,Interstitial,United States,Desktop,N/A,$0.00  ~ $0.00 ,N/A,N/A,N/A,N/A,N/A
Style & Fashion (Legacy),Hobbies & Interests,Interstitial,United States,Mobile Web,N/A,$0.00  ~ $0.00 ,N/A,N/A,N/A,N/A,N/A
Style & Fashion (Legacy),Hobbies & Interests,Interstitial,United Kingdom,Desktop,N/A,$0.00  ~ $0.00 ,N/A,N/A,N/A,N/A,N/A
Style & Fashion (Legacy),Hobbies & Interests,Outstream,United States,Mobile Web,N/A,$0.00  ~ $0.00 ,N/A,N/A,N/A,N/A,N/A
Style & Fashion (Legacy),Remodeling & Construction,Instream,United States,Desktop,N/A,$0.00  ~ $0.00 ,N/A,N/A,N/A,N/A,N/A
Style & Fashion (Legacy),Remodeling & Construction,Outstream,United States,Desktop,N/A,$0.00  ~ $0.00 ,N/A,N/A,N/A,N/A,N/A
Style & Fashion (Legacy),Remodeling & Construction,Interstitial,United States,Desktop,N/A,$0.00  ~ $0.00 ,N/A,N/A,N/A,N/A,N/A
Style & Fashion (Legacy),Cruises,Instream,United States,Desktop,N/A,$0.00  ~ $0.00 ,N/A,N/A,N/A,N/A,N/A
Style & Fashion (Legacy),Personal Finance,Rewarded,United States,Desktop,N/A,$0.00  ~ $0.00 ,N/A,N/A,N/A,N/A,N/A
Style & Fashion (Legacy),Personal Finance,Instream,Canada,Desktop,N/A,$0.00  ~ $0.00 ,N/A,N/A,N/A,N/A,N/A
Style & Fashion (Legacy),Personal Finance,Outstream,Mexico,Desktop,N/A,$0.00  ~ $0.00 ,N/A,N/A,N/A,N/A,N/A
Style & Fashion (Legacy),Personal Finance,Outstream,Mexico,Mobile Web,N/A,$0.00  ~ $0.00 ,N/A,N/A,N/A,N/A,N/A
Style & Fashion (Legacy),Personal Finance,Outstream,United Kingdom,Mobile Web,N/A,$0.00  ~ $0.00 ,N/A,N/A,N/A,N/A,N/A
Style & Fashion (Legacy),Personal Finance,Interstitial,United Kingdom,Desktop,N/A,$0.00  ~ $0.00 ,N/A,N/A,N/A,N/A,N/A
Style & Fashion (Legacy),Personal Finance,Interstitial,United States,Desktop,N/A,$0.00  ~ $0.00 ,N/A,N/A,N/A,N/A,N/A
Style & Fashion (Legacy),Cold & Flu,Instream,United States,Desktop,N/A,$0.00  ~ $0.00 ,N/A,N/A,N/A,N/A,N/A
Style & Fashion (Legacy),Cold & Flu,Interstitial,United States,Desktop,N/A,$0.00  ~ $0.00 ,N/A,N/A,N/A,N/A,N/A
Style & Fashion (Legacy),Cold & Flu,Outstream,United States,Mobile Web,N/A,$0.00  ~ $0.00 ,N/A,N/A,N/A,N/A,N/A
Style & Fashion (Legacy),Cold & Flu,Outstream,United States,Desktop,N/A,$0.00  ~ $0.00 ,N/A,N/A,N/A,N/A,N/A
Style & Fashion (Legacy),Graduate School,Instream,United States,Desktop,N/A,$0.00  ~ $0.00 ,N/A,N/A,N/A,N/A,N/A
Style & Fashion (Legacy),Graduate School,Outstream,United States,Desktop,N/A,$0.00  ~ $0.00 ,N/A,N/A,N/A,N/A,N/A
Style & Fashion (Legacy),Psychology/Psychiatry,Instream,United States,Desktop,N/A,$0.00  ~ $0.00 ,N/A,N/A,N/A,N/A,N/A
Style & Fashion (Legacy),Theme Parks,Instream,United States,Desktop,N/A,$0.00  ~ $0.00 ,N/A,N/A,N/A,N/A,N/A
Style & Fashion (Legacy),Theme Parks,Instream,United States,Mobile Web,N/A,$0.00  ~ $0.00 ,N/A,N/A,N/A,N/A,N/A
Style & Fashion (Legacy),Clothing,Interstitial,United States,Desktop,N/A,$0.00  ~ $0.00 ,N/A,N/A,N/A,N/A,N/A
Style & Fashion (Legacy),Clothing,Interstitial,United States,Mobile Web,N/A,$0.00  ~ $0.00 ,N/A,N/A,N/A,N/A,N/A
Style & Fashion (Legacy),Clothing,Outstream,United States,Mobile Web,N/A,$0.00  ~ $0.00 ,N/A,N/A,N/A,N/A,N/A
Style & Fashion (Legacy),Clothing,Outstream,United States,Desktop,N/A,$0.00  ~ $0.00 ,N/A,N/A,N/A,N/A,N/A
Style & Fashion (Legacy),Clothing,Rewarded,United States,Desktop,N/A,$0.00  ~ $0.00 ,N/A,N/A,N/A,N/A,N/A
Style & Fashion (Legacy),Clothing,Rewarded,United States,Mobile Web,N/A,$0.00  ~ $0.00 ,N/A,N/A,N/A,N/A,N/A
Style & Fashion (Legacy),Metals,Instream,Canada,Desktop,N/A,$0.00  ~ $0.00 ,N/A,N/A,N/A,N/A,N/A
Style & Fashion (Legacy),Metals,Instream,United States,Desktop,N/A,$0.00  ~ $0.00 ,N/A,N/A,N/A,N/A,N/A
Style & Fashion (Legacy),Metals,Interstitial,United States,Desktop,N/A,$0.00  ~ $0.00 ,N/A,N/A,N/A,N/A,N/A
Style & Fashion (Legacy),Metals,Outstream,United States,Mobile Web,N/A,$0.00  ~ $0.00 ,N/A,N/A,N/A,N/A,N/A
Style & Fashion (Legacy),Metals,Outstream,United States,Desktop,N/A,$0.00  ~ $0.00 ,N/A,N/A,N/A,N/A,N/A
Style & Fashion (Legacy),Private School,Instream,United States,Desktop,N/A,$0.00  ~ $0.00 ,N/A,N/A,N/A,N/A,N/A
Style & Fashion (Legacy),Private School,Outstream,United States,Desktop,N/A,$0.00  ~ $0.00 ,N/A,N/A,N/A,N/A,N/A
Style & Fashion (Legacy),Large Animals,Outstream,United States,Mobile Web,N/A,$0.00  ~ $0.00 ,N/A,N/A,N/A,N/A,N/A
Style & Fashion (Legacy),Interior Decorating,Outstream,United States,Tablet,N/A,$0.00  ~ $0.00 ,N/A,N/A,N/A,N/A,N/A
Style & Fashion (Legacy),Interior Decorating,Outstream,United States,Desktop,N/A,$0.00  ~ $0.00 ,N/A,N/A,N/A,N/A,N/A
Style & Fashion (Legacy),Interior Decorating,Outstream,United States,Mobile Web,N/A,$0.00  ~ $0.00 ,N/A,N/A,N/A,N/A,N/A
Style & Fashion (Legacy),Interior Decorating,Instream,United States,Desktop,N/A,$0.00  ~ $0.00 ,N/A,N/A,N/A,N/A,N/A
Style & Fashion (Legacy),Interior Decorating,Interstitial,United States,Mobile Web,N/A,$0.00  ~ $0.00 ,N/A,N/A,N/A,N/A,N/A
Style & Fashion (Legacy),Interior Decorating,Interstitial,United States,Tablet,N/A,$0.00  ~ $0.00 ,N/A,N/A,N/A,N/A,N/A
Style & Fashion (Legacy),Pro Ice Hockey,Instream,Canada,Desktop,N/A,$0.00  ~ $0.00 ,N/A,N/A,N/A,N/A,N/A
Style & Fashion (Legacy),Commentary,Instream,United States,Desktop,N/A,$0.00  ~ $0.00 ,N/A,N/A,N/A,N/A,N/A
Style & Fashion (Legacy),Commentary,Outstream,United States,Desktop,N/A,$0.00  ~ $0.00 ,N/A,N/A,N/A,N/A,N/A
Style & Fashion (Legacy),Job Search,Outstream,United States,Desktop,N/A,$0.00  ~ $0.00 ,N/A,N/A,N/A,N/A,N/A
Style & Fashion (Legacy),Job Search,Outstream,United States,Mobile Web,N/A,$0.00  ~ $0.00 ,N/A,N/A,N/A,N/A,N/A
Style & Fashion (Legacy),Investing,Interstitial,United States,Desktop,N/A,$0.00  ~ $0.00 ,N/A,N/A,N/A,N/A,N/A
Style & Fashion (Legacy),Investing,Interstitial,United States,Mobile Web,N/A,$0.00  ~ $0.00 ,N/A,N/A,N/A,N/A,N/A
Style & Fashion (Legacy),Investing,Rewarded,United States,Desktop,N/A,$0.00  ~ $0.00 ,N/A,N/A,N/A,N/A,N/A
Style & Fashion (Legacy),Investing,Outstream,United States,Desktop,N/A,$0.00  ~ $0.00 ,N/A,N/A,N/A,N/A,N/A
Style & Fashion (Legacy),Investing,Outstream,United States,Mobile Web,N/A,$0.00  ~ $0.00 ,N/A,N/A,N/A,N/A,N/A
Style & Fashion (Legacy),Home & Garden,Interstitial,United States,Desktop,N/A,$0.00  ~ $0.00 ,N/A,N/A,N/A,N/A,N/A
Style & Fashion (Legacy),Home & Garden,Interstitial,United States,Mobile Web,N/A,$0.00  ~ $0.00 ,N/A,N/A,N/A,N/A,N/A
Style & Fashion (Legacy),Home & Garden,Interstitial,United Kingdom,Desktop,N/A,$0.00  ~ $0.00 ,N/A,N/A,N/A,N/A,N/A
Style & Fashion (Legacy),Home & Garden,Native,United States,Desktop,N/A,$0.00  ~ $0.00 ,N/A,N/A,N/A,N/A,N/A
Style & Fashion (Legacy),Home & Garden,Outstream,United States,Mobile Web,N/A,$0.00  ~ $0.00 ,N/A,N/A,N/A,N/A,N/A
Style & Fashion (Legacy),Home & Garden,Outstream,United States,Tablet,N/A,$0.00  ~ $0.00 ,N/A,N/A,N/A,N/A,N/A
Style & Fashion (Legacy),Legal Issues,Outstream,United States,Desktop,N/A,$0.00  ~ $0.00 ,N/A,N/A,N/A,N/A,N/A
Style & Fashion (Legacy),Legal Issues,Outstream,United States,Mobile Web,N/A,$0.00  ~ $0.00 ,N/A,N/A,N/A,N/A,N/A
Style & Fashion (Legacy),Legal Issues,Outstream,United Kingdom,Desktop,N/A,$0.00  ~ $0.00 ,N/A,N/A,N/A,N/A,N/A
Style & Fashion (Legacy),Legal Issues,Interstitial,United States,Desktop,N/A,$0.00  ~ $0.00 ,N/A,N/A,N/A,N/A,N/A
Style & Fashion (Legacy),Honeymoons/Getaways,Outstream,United States,Desktop,N/A,$0.00  ~ $0.00 ,N/A,N/A,N/A,N/A,N/A
Style & Fashion (Legacy),Honeymoons/Getaways,Outstream,United States,Mobile Web,N/A,$0.00  ~ $0.00 ,N/A,N/A,N/A,N/A,N/A
Style & Fashion (Legacy),Business Software,Instream,United States,Desktop,N/A,$0.00  ~ $0.00 ,N/A,N/A,N/A,N/A,N/A
Style & Fashion (Legacy),Business Software,Outstream,United States,Mobile Web,N/A,$0.00  ~ $0.00 ,N/A,N/A,N/A,N/A,N/A
Style & Fashion (Legacy),Real Estate,Outstream,United States,Desktop,N/A,$0.00  ~ $0.00 ,N/A,N/A,N/A,N/A,N/A
Style & Fashion (Legacy),Real Estate,Outstream,United States,Mobile Web,N/A,$0.00  ~ $0.00 ,N/A,N/A,N/A,N/A,N/A
Style & Fashion (Legacy),Real Estate,Instream,United States,Desktop,N/A,$0.00  ~ $0.00 ,N/A,N/A,N/A,N/A,N/A
Style & Fashion (Legacy),Real Estate,Interstitial,United States,Mobile Web,N/A,$0.00  ~ $0.00 ,N/A,N/A,N/A,N/A,N/A
Style & Fashion (Legacy),Real Estate,Interstitial,United States,Desktop,N/A,$0.00  ~ $0.00 ,N/A,N/A,N/A,N/A,N/A
Style & Fashion (Legacy),News,Instream,Canada,Desktop,N/A,$0.00  ~ $0.00 ,N/A,N/A,N/A,N/A,N/A
Style & Fashion (Legacy),News,Outstream,United States,Desktop,N/A,$0.00  ~ $0.00 ,N/A,N/A,N/A,N/A,N/A
Style & Fashion (Legacy),News,Outstream,United States,Mobile Web,N/A,$0.00  ~ $0.00 ,N/A,N/A,N/A,N/A,N/A
Style & Fashion (Legacy),News,Outstream,United States,Tablet,N/A,$0.00  ~ $0.00 ,N/A,N/A,N/A,N/A,N/A
Style & Fashion (Legacy),News,Outstream,Canada,Mobile Web,N/A,$0.00  ~ $0.00 ,N/A,N/A,N/A,N/A,N/A
Style & Fashion (Legacy),News,Outstream,Canada,Desktop,N/A,$0.00  ~ $0.00 ,N/A,N/A,N/A,N/A,N/A
Style & Fashion (Legacy),News,Interstitial,Canada,Desktop,N/A,$0.00  ~ $0.00 ,N/A,N/A,N/A,N/A,N/A
Style & Fashion (Legacy),News,Interstitial,United States,Desktop,N/A,$0.00  ~ $0.00 ,N/A,N/A,N/A,N/A,N/A
Style & Fashion (Legacy),Politics,Instream,United States,Mobile Web,N/A,$0.00  ~ $0.00 ,N/A,N/A,N/A,N/A,N/A
Style & Fashion (Legacy),Politics,Outstream,United States,Mobile Web,N/A,$0.00  ~ $0.00 ,N/A,N/A,N/A,N/A,N/A
Style & Fashion (Legacy),Politics,Interstitial,United States,Desktop,N/A,$0.00  ~ $0.00 ,N/A,N/A,N/A,N/A,N/A
Style & Fashion (Legacy),Health/Lowfat Cooking,Outstream,United States,Mobile Web,N/A,$0.00  ~ $0.00 ,N/A,N/A,N/A,N/A,N/A
Style & Fashion (Legacy),Exercise,Interstitial,United States,Desktop,N/A,$0.00  ~ $0.00 ,N/A,N/A,N/A,N/A,N/A
Style & Fashion (Legacy),Exercise,Outstream,United States,Desktop,N/A,$0.00  ~ $0.00 ,N/A,N/A,N/A,N/A,N/A
Style & Fashion (Legacy),Pediatrics,Outstream,United States,Desktop,N/A,$0.00  ~ $0.00 ,N/A,N/A,N/A,N/A,N/A
Style & Fashion (Legacy),Pediatrics,Outstream,United States,Mobile Web,N/A,$0.00  ~ $0.00 ,N/A,N/A,N/A,N/A,N/A
Style & Fashion (Legacy),Pediatrics,Instream,United States,Mobile Web,N/A,$0.00  ~ $0.00 ,N/A,N/A,N/A,N/A,N/A
Style & Fashion (Legacy),Dogs,Instream,Canada,Desktop,N/A,$0.00  ~ $0.00 ,N/A,N/A,N/A,N/A,N/A
Style & Fashion (Legacy),Careers,Instream,Canada,Desktop,N/A,$0.00  ~ $0.00 ,N/A,N/A,N/A,N/A,N/A
Style & Fashion (Legacy),Careers,Outstream,United States,Desktop,N/A,$0.00  ~ $0.00 ,N/A,N/A,N/A,N/A,N/A
Style & Fashion (Legacy),Careers,Outstream,United States,Mobile Web,N/A,$0.00  ~ $0.00 ,N/A,N/A,N/A,N/A,N/A
Style & Fashion (Legacy),Home Repair,Outstream,United States,Mobile Web,N/A,$0.00  ~ $0.00 ,N/A,N/A,N/A,N/A,N/A
Style & Fashion (Legacy),By US Locale,Outstream,United States,Mobile Web,N/A,$0.00  ~ $0.00 ,N/A,N/A,N/A,N/A,N/A
Style & Fashion (Legacy),Catholicism,Outstream,United States,Mobile Web,N/A,$0.00  ~ $0.00 ,N/A,N/A,N/A,N/A,N/A
Style & Fashion (Legacy),Dining Out,Interstitial,United States,Mobile Web,N/A,$0.00  ~ $0.00 ,N/A,N/A,N/A,N/A,N/A
Style & Fashion (Legacy),Dining Out,Interstitial,United States,Desktop,N/A,$0.00  ~ $0.00 ,N/A,N/A,N/A,N/A,N/A
Style & Fashion (Legacy),Dining Out,Rewarded,United States,Desktop,N/A,$0.00  ~ $0.00 ,N/A,N/A,N/A,N/A,N/A
Style & Fashion (Legacy),Family & Parenting,Outstream,United States,Desktop,N/A,$0.00  ~ $0.00 ,N/A,N/A,N/A,N/A,N/A
Style & Fashion (Legacy),Family & Parenting,Outstream,United States,Mobile Web,N/A,$0.00  ~ $0.00 ,N/A,N/A,N/A,N/A,N/A
Style & Fashion (Legacy),Family & Parenting,Instream,United States,Desktop,N/A,$0.00  ~ $0.00 ,N/A,N/A,N/A,N/A,N/A
Style & Fashion (Legacy),Family & Parenting,Interstitial,United States,Desktop,N/A,$0.00  ~ $0.00 ,N/A,N/A,N/A,N/A,N/A
Style & Fashion (Legacy),Arts & Entertainment,Instream,Canada,Desktop,N/A,$0.00  ~ $0.00 ,N/A,N/A,N/A,N/A,N/A
Style & Fashion (Legacy),Arts & Entertainment,Outstream,United States,Desktop,N/A,$0.00  ~ $0.00 ,N/A,N/A,N/A,N/A,N/A
Style & Fashion (Legacy),Arts & Entertainment,Outstream,United States,Mobile Web,N/A,$0.00  ~ $0.00 ,N/A,N/A,N/A,N/A,N/A
Style & Fashion (Legacy),Arts & Entertainment,Outstream,United Kingdom,Mobile Web,N/A,$0.00  ~ $0.00 ,N/A,N/A,N/A,N/A,N/A
Style & Fashion (Legacy),Arts & Entertainment,Interstitial,United Kingdom,Mobile Web,N/A,$0.00  ~ $0.00 ,N/A,N/A,N/A,N/A,N/A
Style & Fashion (Legacy),Arts & Entertainment,Interstitial,United Kingdom,Desktop,N/A,$0.00  ~ $0.00 ,N/A,N/A,N/A,N/A,N/A
Style & Fashion (Legacy),Arts & Entertainment,Interstitial,United States,Desktop,N/A,$0.00  ~ $0.00 ,N/A,N/A,N/A,N/A,N/A
Style & Fashion (Legacy),Arts & Entertainment,Rewarded,United States,Desktop,N/A,$0.00  ~ $0.00 ,N/A,N/A,N/A,N/A,N/A
Style & Fashion (Legacy),Cell Phones,Instream,Mexico,Desktop,N/A,$0.00  ~ $0.00 ,N/A,N/A,N/A,N/A,N/A
Style & Fashion (Legacy),Pets,Instream,Canada,Desktop,N/A,$0.00  ~ $0.00 ,N/A,N/A,N/A,N/A,N/A
Style & Fashion (Legacy),Pets,Outstream,United States,Desktop,N/A,$0.00  ~ $0.00 ,N/A,N/A,N/A,N/A,N/A
Style & Fashion (Legacy),Weight Loss,Rewarded,United States,Mobile Web,N/A,$0.00  ~ $0.00 ,N/A,N/A,N/A,N/A,N/A
Style & Fashion (Legacy),Travel,Interstitial,United Kingdom,Mobile Web,N/A,$0.00  ~ $0.00 ,N/A,N/A,N/A,N/A,N/A
Style & Fashion (Legacy),Travel,Interstitial,United Kingdom,Desktop,N/A,$0.00  ~ $0.00 ,N/A,N/A,N/A,N/A,N/A
Style & Fashion (Legacy),Travel,Interstitial,United States,Desktop,N/A,$0.00  ~ $0.00 ,N/A,N/A,N/A,N/A,N/A
Style & Fashion (Legacy),Travel,Outstream,United States,Desktop,N/A,$0.00  ~ $0.00 ,N/A,N/A,N/A,N/A,N/A
Style & Fashion (Legacy),Travel,Outstream,United States,Mobile Web,N/A,$0.00  ~ $0.00 ,N/A,N/A,N/A,N/A,N/A
Style & Fashion (Legacy),Travel,Outstream,United States,Tablet,N/A,$0.00  ~ $0.00 ,N/A,N/A,N/A,N/A,N/A
Style & Fashion (Legacy),Travel,Outstream,United Kingdom,Mobile Web,N/A,$0.00  ~ $0.00 ,N/A,N/A,N/A,N/A,N/A
Style & Fashion (Legacy),Travel,Instream,United Kingdom,Mobile Web,N/A,$0.00  ~ $0.00 ,N/A,N/A,N/A,N/A,N/A
Style & Fashion (Legacy),Automotive,Outstream,United States,Desktop,N/A,$0.00  ~ $0.00 ,N/A,N/A,N/A,N/A,N/A
Style & Fashion (Legacy),Automotive,Outstream,Mexico,Desktop,N/A,$0.00  ~ $0.00 ,N/A,N/A,N/A,N/A,N/A
Style & Fashion (Legacy),Automotive,Interstitial,United States,Desktop,N/A,$0.00  ~ $0.00 ,N/A,N/A,N/A,N/A,N/A
Style & Fashion (Legacy),Hotels,Instream,United States,Desktop,N/A,$0.00  ~ $0.00 ,N/A,N/A,N/A,N/A,N/A
Style & Fashion (Legacy),Hotels,Outstream,United States,Desktop,N/A,$0.00  ~ $0.00 ,N/A,N/A,N/A,N/A,N/A
Style & Fashion (Legacy),Hotels,Outstream,United States,Mobile Web,N/A,$0.00  ~ $0.00 ,N/A,N/A,N/A,N/A,N/A
Style & Fashion (Legacy),Hotels,Interstitial,United States,Desktop,N/A,$0.00  ~ $0.00 ,N/A,N/A,N/A,N/A,N/A
Style & Fashion (Legacy),Advertising,Instream,United States,Desktop,N/A,$0.00  ~ $0.00 ,N/A,N/A,N/A,N/A,N/A
Style & Fashion (Legacy),Advertising,Outstream,United States,Desktop,N/A,$0.00  ~ $0.00 ,N/A,N/A,N/A,N/A,N/A
Style & Fashion (Legacy),Advertising,Outstream,United States,Mobile Web,N/A,$0.00  ~ $0.00 ,N/A,N/A,N/A,N/A,N/A
Style & Fashion (Legacy),Advertising,Interstitial,United States,Desktop,N/A,$0.00  ~ $0.00 ,N/A,N/A,N/A,N/A,N/A
Style & Fashion (Legacy),Advertising,Rewarded,United States,Desktop,N/A,$0.00  ~ $0.00 ,N/A,N/A,N/A,N/A,N/A
Style & Fashion (Legacy),Senior Living,Outstream,United States,Mobile Web,N/A,$0.00  ~ $0.00 ,N/A,N/A,N/A,N/A,N/A
Style & Fashion (Legacy),Senior Living,Instream,United States,Desktop,N/A,$0.00  ~ $0.00 ,N/A,N/A,N/A,N/A,N/A
Style & Fashion (Legacy),Senior Living,Interstitial,United States,Desktop,N/A,$0.00  ~ $0.00 ,N/A,N/A,N/A,N/A,N/A
Style & Fashion (Legacy),Infertility,Instream,United States,Desktop,N/A,$0.00  ~ $0.00 ,N/A,N/A,N/A,N/A,N/A
Style & Fashion (Legacy),Infertility,Outstream,United States,Desktop,N/A,$0.00  ~ $0.00 ,N/A,N/A,N/A,N/A,N/A
Style & Fashion (Legacy),Infertility,Outstream,United States,Mobile Web,N/A,$0.00  ~ $0.00 ,N/A,N/A,N/A,N/A,N/A
Style & Fashion (Legacy),Infertility,Interstitial,United States,Desktop,N/A,$0.00  ~ $0.00 ,N/A,N/A,N/A,N/A,N/A
Style & Fashion (Legacy),Auto Repair,Outstream,United States,Mobile Web,N/A,$0.00  ~ $0.00 ,N/A,N/A,N/A,N/A,N/A
Style & Fashion (Legacy),Auto Repair,Outstream,United States,Tablet,N/A,$0.00  ~ $0.00 ,N/A,N/A,N/A,N/A,N/A
Style & Fashion (Legacy),Auto Repair,Instream,United States,Desktop,N/A,$0.00  ~ $0.00 ,N/A,N/A,N/A,N/A,N/A
Style & Fashion (Legacy),Health & Fitness,Outstream,United States,Desktop,N/A,$0.00  ~ $0.00 ,N/A,N/A,N/A,N/A,N/A
Style & Fashion (Legacy),Health & Fitness,Outstream,United States,Mobile Web,N/A,$0.00  ~ $0.00 ,N/A,N/A,N/A,N/A,N/A
Style & Fashion (Legacy),Health & Fitness,Interstitial,United States,Desktop,N/A,$0.00  ~ $0.00 ,N/A,N/A,N/A,N/A,N/A
Style & Fashion (Legacy),Health & Fitness,Interstitial,United States,Mobile Web,N/A,$0.00  ~ $0.00 ,N/A,N/A,N/A,N/A,N/A
Style & Fashion (Legacy),Health & Fitness,Interstitial,United Kingdom,Desktop,N/A,$0.00  ~ $0.00 ,N/A,N/A,N/A,N/A,N/A
Style & Fashion (Legacy),Health & Fitness,Rewarded,United States,Desktop,N/A,$0.00  ~ $0.00 ,N/A,N/A,N/A,N/A,N/A
Style & Fashion (Legacy),Health & Fitness,Instream,Canada,Desktop,N/A,$0.00  ~ $0.00 ,N/A,N/A,N/A,N/A,N/A
Style & Fashion (Legacy),Buying/Selling Cars,Outstream,United States,Desktop,N/A,$0.00  ~ $0.00 ,N/A,N/A,N/A,N/A,N/A
Style & Fashion (Legacy),Buying/Selling Cars,Interstitial,United States,Mobile Web,N/A,$0.00  ~ $0.00 ,N/A,N/A,N/A,N/A,N/A
Style & Fashion (Legacy),Computer Peripherals,Interstitial,United Kingdom,Mobile Web,N/A,$0.00  ~ $0.00 ,N/A,N/A,N/A,N/A,N/A
Style & Fashion (Legacy),Food & Drink,Rewarded,United States,Desktop,N/A,$0.00  ~ $0.00 ,N/A,N/A,N/A,N/A,N/A
Style & Fashion (Legacy),Food & Drink,Instream,United States,Desktop,N/A,$0.00  ~ $0.00 ,N/A,N/A,N/A,N/A,N/A
Style & Fashion (Legacy),Food & Drink,Outstream,United States,Desktop,N/A,$0.00  ~ $0.00 ,N/A,N/A,N/A,N/A,N/A
Style & Fashion (Legacy),Food & Drink,Outstream,United States,Mobile Web,N/A,$0.00  ~ $0.00 ,N/A,N/A,N/A,N/A,N/A
Style & Fashion (Legacy),Food & Drink,Interstitial,United States,Desktop,N/A,$0.00  ~ $0.00 ,N/A,N/A,N/A,N/A,N/A
Style & Fashion (Legacy),Credit/Debt & Loans,Instream,United States,Desktop,N/A,$0.00  ~ $0.00 ,N/A,N/A,N/A,N/A,N/A
Style & Fashion (Legacy),Credit/Debt & Loans,Outstream,United States,Mobile Web,N/A,$0.00  ~ $0.00 ,N/A,N/A,N/A,N/A,N/A
Style & Fashion (Legacy),Credit/Debt & Loans,Outstream,United States,Desktop,N/A,$0.00  ~ $0.00 ,N/A,N/A,N/A,N/A,N/A
Style & Fashion (Legacy),Cocktails/Beer,Instream,United States,Desktop,N/A,$0.00  ~ $0.00 ,N/A,N/A,N/A,N/A,N/A
Style & Fashion (Legacy),Shopping,Outstream,United States,Desktop,N/A,$0.00  ~ $0.00 ,N/A,N/A,N/A,N/A,N/A
Style & Fashion (Legacy),Shopping,Outstream,United States,Tablet,N/A,$0.00  ~ $0.00 ,N/A,N/A,N/A,N/A,N/A
Style & Fashion (Legacy),Shopping,Outstream,United Kingdom,Desktop,N/A,$0.00  ~ $0.00 ,N/A,N/A,N/A,N/A,N/A
Style & Fashion (Legacy),Shopping,Instream,Canada,Desktop,N/A,$0.00  ~ $0.00 ,N/A,N/A,N/A,N/A,N/A
Style & Fashion (Legacy),Shopping,Interstitial,United States,Mobile Web,N/A,$0.00  ~ $0.00 ,N/A,N/A,N/A,N/A,N/A
Style & Fashion (Legacy),Shopping,Interstitial,United States,Desktop,N/A,$0.00  ~ $0.00 ,N/A,N/A,N/A,N/A,N/A
Style & Fashion (Legacy),Shopping,Interstitial,United Kingdom,Mobile Web,N/A,$0.00  ~ $0.00 ,N/A,N/A,N/A,N/A,N/A
Style & Fashion (Legacy),Shopping,Interstitial,United Kingdom,Desktop,N/A,$0.00  ~ $0.00 ,N/A,N/A,N/A,N/A,N/A
Style & Fashion (Legacy),Insurance,Outstream,United States,Desktop,N/A,$0.00  ~ $0.00 ,N/A,N/A,N/A,N/A,N/A
Style & Fashion (Legacy),Insurance,Outstream,United States,Mobile Web,N/A,$0.00  ~ $0.00 ,N/A,N/A,N/A,N/A,N/A
Style & Fashion (Legacy),Insurance,Outstream,United Kingdom,Mobile Web,N/A,$0.00  ~ $0.00 ,N/A,N/A,N/A,N/A,N/A
Style & Fashion (Legacy),Green Solutions,Instream,United States,Desktop,N/A,$0.00  ~ $0.00 ,N/A,N/A,N/A,N/A,N/A
Style & Fashion (Legacy),Green Solutions,Outstream,United States,Mobile Web,N/A,$0.00  ~ $0.00 ,N/A,N/A,N/A,N/A,N/A
Style & Fashion (Legacy),Business,Instream,Canada,Desktop,N/A,$0.00  ~ $0.00 ,N/A,N/A,N/A,N/A,N/A
Style & Fashion (Legacy),Business,Instream,United Kingdom,Desktop,N/A,$0.00  ~ $0.00 ,N/A,N/A,N/A,N/A,N/A
Style & Fashion (Legacy),Business,Outstream,United States,Desktop,N/A,$0.00  ~ $0.00 ,N/A,N/A,N/A,N/A,N/A
Style & Fashion (Legacy),Business,Outstream,United States,Mobile Web,N/A,$0.00  ~ $0.00 ,N/A,N/A,N/A,N/A,N/A
Style & Fashion (Legacy),Business,Outstream,United States,Tablet,N/A,$0.00  ~ $0.00 ,N/A,N/A,N/A,N/A,N/A
Style & Fashion (Legacy),Business,Outstream,United Kingdom,Mobile Web,N/A,$0.00  ~ $0.00 ,N/A,N/A,N/A,N/A,N/A
Style & Fashion (Legacy),Business,Outstream,United Kingdom,Desktop,N/A,$0.00  ~ $0.00 ,N/A,N/A,N/A,N/A,N/A
Style & Fashion (Legacy),Business,Outstream,Canada,Desktop,N/A,$0.00  ~ $0.00 ,N/A,N/A,N/A,N/A,N/A
Style & Fashion (Legacy),Business,Outstream,Canada,Mobile Web,N/A,$0.00  ~ $0.00 ,N/A,N/A,N/A,N/A,N/A
Style & Fashion (Legacy),Business,Outstream,Mexico,Desktop,N/A,$0.00  ~ $0.00 ,N/A,N/A,N/A,N/A,N/A
Style & Fashion (Legacy),Business,Interstitial,United Kingdom,Mobile Web,N/A,$0.00  ~ $0.00 ,N/A,N/A,N/A,N/A,N/A
Style & Fashion (Legacy),Business,Interstitial,United Kingdom,Desktop,N/A,$0.00  ~ $0.00 ,N/A,N/A,N/A,N/A,N/A
Style & Fashion (Legacy),Business,Interstitial,United States,Mobile Web,N/A,$0.00  ~ $0.00 ,N/A,N/A,N/A,N/A,N/A
Style & Fashion (Legacy),Business,Interstitial,United States,Desktop,N/A,$0.00  ~ $0.00 ,N/A,N/A,N/A,N/A,N/A
Style & Fashion (Legacy),Business,Rewarded,United States,Desktop,N/A,$0.00  ~ $0.00 ,N/A,N/A,N/A,N/A,N/A
Style & Fashion (Legacy),Business,Rewarded,United States,Mobile Web,N/A,$0.00  ~ $0.00 ,N/A,N/A,N/A,N/A,N/A
Technology & Computing (Legacy),Automotive,Instream,United States,Desktop,N/A,$39.01  ~ $39.01 ,N/A,N/A,N/A,99.40%,N/A
Technology & Computing (Legacy),Home Repair,Instream,United States,Desktop,N/A,$35.96  ~ $35.96 ,N/A,N/A,N/A,91.67%,N/A
Technology & Computing (Legacy),Home Repair,Outstream,United States,Desktop,N/A,$36.04  ~ $36.04 ,N/A,N/A,N/A,N/A,N/A
Technology & Computing (Legacy),Education,Instream,United States,Mobile Web,N/A,$22.60  ~ $23.11 ,N/A,N/A,N/A,81.97%,N/A
Technology & Computing (Legacy),Education,Instream,United States,Desktop,N/A,$23.37  ~ $26.98 ,N/A,N/A,N/A,97.40%,N/A
Technology & Computing (Legacy),Education,Outstream,United States,Mobile Web,N/A,$33.74  ~ $69.80 ,N/A,N/A,N/A,50.00%,N/A
Technology & Computing (Legacy),Personal Finance,Instream,United States,Desktop,N/A,$40.16  ~ $42.37 ,$25.98 ,N/A,0.15%,98.14%,N/A
Technology & Computing (Legacy),Personal Finance,Instream,United States,Mobile Web,N/A,$38.72  ~ $39.47 ,N/A,N/A,N/A,86.14%,N/A
Technology & Computing (Legacy),Personal Finance,Instream,United States,Tablet,N/A,$44.54  ~ $44.54 ,N/A,N/A,N/A,95.24%,N/A
Technology & Computing (Legacy),Personal Finance,Outstream,United States,Mobile Web,N/A,$46.49  ~ $46.49 ,N/A,N/A,N/A,100.00%,N/A
Technology & Computing (Legacy),Personal Finance,Outstream,United States,Desktop,N/A,$51.39  ~ $51.39 ,N/A,N/A,N/A,88.89%,N/A
Technology & Computing (Legacy),Remodeling & Construction,Instream,United States,Desktop,N/A,$37.89  ~ $37.89 ,N/A,N/A,N/A,84.21%,N/A
Technology & Computing (Legacy),Remodeling & Construction,Instream,United States,Mobile Web,N/A,$0.00  ~ $0.00 ,N/A,N/A,N/A,N/A,N/A
Technology & Computing (Legacy),Remodeling & Construction,Instream,United States,Tablet,N/A,$42.75  ~ $42.75 ,N/A,N/A,N/A,100.00%,N/A
Technology & Computing (Legacy),Remodeling & Construction,Outstream,United States,Desktop,N/A,$38.58  ~ $38.58 ,N/A,N/A,N/A,N/A,N/A
Technology & Computing (Legacy),Remodeling & Construction,Outstream,United States,Mobile Web,N/A,$18.87  ~ $18.87 ,N/A,N/A,N/A,N/A,N/A
Technology & Computing (Legacy),Food & Drink,Instream,United States,Desktop,N/A,$47.80  ~ $47.80 ,N/A,N/A,N/A,100.00%,N/A
Technology & Computing (Legacy),Food & Drink,Instream,United States,Mobile Web,N/A,$51.21  ~ $51.21 ,N/A,N/A,N/A,100.00%,N/A
Technology & Computing (Legacy),Pediatrics,Instream,United States,Desktop,N/A,$42.07  ~ $96.28 ,N/A,N/A,N/A,100.00%,N/A
Technology & Computing (Legacy),Pediatrics,Instream,United States,Mobile Web,N/A,$39.21  ~ $83.82 ,N/A,N/A,N/A,N/A,N/A
Technology & Computing (Legacy),Insurance,Instream,United States,Desktop,N/A,$42.40  ~ $42.40 ,N/A,N/A,N/A,98.92%,N/A
Technology & Computing (Legacy),Legal Issues,Instream,United States,Desktop,N/A,$35.66  ~ $80.63 ,N/A,N/A,N/A,96.85%,N/A
Technology & Computing (Legacy),Health & Fitness,Instream,United States,Mobile Web,N/A,$21.67  ~ $37.06 ,N/A,N/A,N/A,71.82%,N/A
Technology & Computing (Legacy),Health & Fitness,Instream,United States,Desktop,N/A,$22.95  ~ $36.29 ,$35.32 ,N/A,0.06%,93.09%,N/A
Technology & Computing (Legacy),Health & Fitness,Instream,United States,Tablet,N/A,$63.11  ~ $69.60 ,N/A,N/A,N/A,86.36%,N/A
Technology & Computing (Legacy),Arts & Entertainment,Instream,United States,Desktop,N/A,$13.54  ~ $23.37 ,N/A,N/A,N/A,93.66%,N/A
Technology & Computing (Legacy),Arts & Entertainment,Instream,United States,Mobile Web,N/A,$14.08  ~ $18.00 ,N/A,N/A,N/A,74.57%,N/A
Technology & Computing (Legacy),Arts & Entertainment,Outstream,United States,Desktop,N/A,$0.00  ~ $0.00 ,N/A,N/A,N/A,N/A,N/A
Technology & Computing (Legacy),Arts & Entertainment,Outstream,United States,Mobile Web,N/A,$10.36  ~ $21.36 ,N/A,N/A,N/A,75.00%,N/A
Technology & Computing (Legacy),Biotech/Biomedical,Instream,United States,Desktop,N/A,$72.38  ~ $72.38 ,N/A,N/A,N/A,100.00%,N/A
Technology & Computing (Legacy),"Law, Gov't & Politics",Instream,United States,Desktop,N/A,$33.28  ~ $35.47 ,N/A,N/A,N/A,98.33%,N/A
Technology & Computing (Legacy),"Law, Gov't & Politics",Instream,United States,Mobile Web,N/A,$36.27  ~ $36.41 ,N/A,N/A,N/A,76.12%,N/A
Technology & Computing (Legacy),"Law, Gov't & Politics",Outstream,United States,Desktop,N/A,$47.27  ~ $48.65 ,$0.21 ,N/A,22.22%,71.43%,N/A
Technology & Computing (Legacy),"Law, Gov't & Politics",Outstream,United States,Mobile Web,N/A,$75.11  ~ $75.11 ,N/A,N/A,N/A,N/A,N/A
Technology & Computing (Legacy),Shopping,Instream,United States,Desktop,2,$34.71  ~ $34.77 ,N/A,N/A,N/A,99.29%,N/A
Technology & Computing (Legacy),Shopping,Instream,United States,Mobile Web,2,$33.42  ~ $34.43 ,N/A,N/A,N/A,86.36%,N/A
Technology & Computing (Legacy),Shopping,Outstream,United States,Mobile Web,N/A,$48.35  ~ $48.35 ,N/A,N/A,N/A,80.00%,N/A
Technology & Computing (Legacy),Family & Parenting,Instream,United States,Desktop,N/A,$6.62  ~ $6.62 ,N/A,N/A,N/A,100.00%,N/A
Technology & Computing (Legacy),Family & Parenting,Instream,United States,Mobile Web,N/A,$6.84  ~ $6.84 ,N/A,N/A,N/A,100.00%,N/A
Technology & Computing (Legacy),Graduate School,Instream,United States,Desktop,N/A,$33.81  ~ $33.81 ,N/A,N/A,N/A,100.00%,N/A
Technology & Computing (Legacy),Hobbies & Interests,Instream,United States,Desktop,N/A,$61.52  ~ $61.52 ,N/A,N/A,N/A,98.77%,N/A
Technology & Computing (Legacy),Hobbies & Interests,Instream,United States,Mobile Web,N/A,$61.57  ~ $61.57 ,N/A,N/A,N/A,81.46%,N/A
Technology & Computing (Legacy),Hobbies & Interests,Instream,United States,Tablet,N/A,$61.53  ~ $61.53 ,N/A,N/A,N/A,85.71%,N/A
Technology & Computing (Legacy),Hobbies & Interests,Outstream,United States,Desktop,N/A,$42.69  ~ $42.69 ,N/A,N/A,N/A,100.00%,N/A
Technology & Computing (Legacy),Hobbies & Interests,Outstream,United States,Mobile Web,N/A,$48.39  ~ $48.39 ,N/A,N/A,N/A,75.00%,N/A
Technology & Computing (Legacy),Politics,Instream,United States,Tablet,N/A,$45.20  ~ $45.20 ,N/A,N/A,N/A,80.00%,N/A
Technology & Computing (Legacy),Politics,Instream,United States,Desktop,N/A,$45.17  ~ $45.17 ,N/A,N/A,N/A,98.05%,N/A
Technology & Computing (Legacy),Politics,Instream,United States,Mobile Web,N/A,$45.03  ~ $45.03 ,N/A,N/A,N/A,73.33%,N/A
Technology & Computing (Legacy),Politics,Outstream,United States,Desktop,N/A,$51.83  ~ $51.83 ,N/A,N/A,N/A,N/A,N/A
Technology & Computing (Legacy),Senior Living,Instream,United States,Mobile Web,N/A,$51.71  ~ $51.71 ,N/A,N/A,N/A,100.00%,N/A
Technology & Computing (Legacy),News,Instream,United States,Desktop,1,$34.09  ~ $34.70 ,$12.72 ,N/A,0.27%,90.71%,N/A
Technology & Computing (Legacy),News,Instream,United States,Mobile Web,N/A,$38.58  ~ $38.58 ,$2.28 ,N/A,1.69%,91.53%,N/A
Technology & Computing (Legacy),News,Instream,United States,Tablet,N/A,$28.36  ~ $28.36 ,N/A,N/A,N/A,100.00%,N/A
Technology & Computing (Legacy),Auto Repair,Instream,United States,Desktop,1,$12.63  ~ $12.63 ,N/A,N/A,N/A,93.25%,N/A
Technology & Computing (Legacy),Auto Repair,Instream,United States,Mobile Web,9,$12.47  ~ $12.47 ,N/A,N/A,N/A,70.26%,N/A
Technology & Computing (Legacy),Travel,Instream,United States,Mobile Web,N/A,$7.04  ~ $17.47 ,N/A,N/A,N/A,100.00%,N/A
Technology & Computing (Legacy),Travel,Instream,United States,Desktop,N/A,$14.15  ~ $14.54 ,N/A,N/A,N/A,100.00%,N/A
Technology & Computing (Legacy),Interior Decorating,Instream,United States,Desktop,N/A,$0.00  ~ $0.00 ,N/A,N/A,N/A,N/A,N/A
Technology & Computing (Legacy),Interior Decorating,Instream,United States,Mobile Web,N/A,$37.13  ~ $37.13 ,N/A,N/A,N/A,100.00%,N/A
Technology & Computing (Legacy),Home & Garden,Instream,United States,Desktop,1,$24.15  ~ $24.26 ,$9.03 ,N/A,0.27%,93.90%,N/A
Technology & Computing (Legacy),Home & Garden,Instream,United States,Mobile Web,N/A,$23.40  ~ $23.58 ,N/A,N/A,N/A,79.27%,N/A
Technology & Computing (Legacy),Home & Garden,Instream,United States,Tablet,N/A,$39.68  ~ $40.73 ,N/A,N/A,N/A,78.26%,N/A
Technology & Computing (Legacy),Home & Garden,Outstream,United States,Desktop,N/A,$41.92  ~ $48.41 ,$0.46 ,N/A,9.09%,60.00%,N/A
Technology & Computing (Legacy),Home & Garden,Outstream,United States,Mobile Web,N/A,$16.73  ~ $16.73 ,N/A,N/A,N/A,N/A,N/A
Technology & Computing (Legacy),Buying/Selling Cars,Instream,United States,Desktop,99,$41.72  ~ $41.72 ,$116.26 ,N/A,0.04%,96.17%,N/A
Technology & Computing (Legacy),Buying/Selling Cars,Instream,United States,Mobile Web,N/A,$41.57  ~ $41.57 ,$59.24 ,N/A,0.07%,78.29%,N/A
Technology & Computing (Legacy),Buying/Selling Cars,Outstream,United States,Mobile Web,N/A,$35.01  ~ $35.01 ,N/A,N/A,N/A,100.00%,N/A
Technology & Computing (Legacy),Business,Instream,United States,Desktop,20,$36.15  ~ $37.13 ,N/A,N/A,N/A,93.22%,N/A
Technology & Computing (Legacy),Business,Instream,United States,Mobile Web,N/A,$36.03  ~ $36.36 ,N/A,N/A,N/A,78.24%,N/A
Technology & Computing (Legacy),Business,Outstream,United States,Mobile Web,N/A,$35.85  ~ $43.55 ,N/A,N/A,N/A,100.00%,N/A
Technology & Computing (Legacy),Careers,Instream,United States,Desktop,N/A,$54.63  ~ $54.63 ,N/A,N/A,N/A,100.00%,N/A
Technology & Computing (Legacy),Real Estate,Instream,United States,Mobile Web,N/A,$0.00  ~ $0.00 ,N/A,N/A,N/A,N/A,N/A
Technology & Computing (Legacy),Real Estate,Instream,United States,Desktop,N/A,$0.00  ~ $0.00 ,N/A,N/A,N/A,N/A,N/A
Technology & Computing (Legacy),Real Estate,Instream,Canada,Desktop,N/A,$0.00  ~ $0.00 ,N/A,N/A,N/A,N/A,N/A
Technology & Computing (Legacy),Real Estate,Outstream,United States,Desktop,N/A,$0.00  ~ $0.00 ,N/A,N/A,N/A,N/A,N/A
Technology & Computing (Legacy),Real Estate,Outstream,United States,Mobile Web,N/A,$0.00  ~ $0.00 ,N/A,N/A,N/A,N/A,N/A
Technology & Computing (Legacy),Real Estate,Outstream,Canada,Desktop,N/A,$0.00  ~ $0.00 ,N/A,N/A,N/A,N/A,N/A
Technology & Computing (Legacy),Real Estate,Interstitial,United States,Desktop,N/A,$0.00  ~ $0.00 ,N/A,N/A,N/A,N/A,N/A
Technology & Computing (Legacy),Real Estate,Interstitial,United States,Mobile Web,N/A,$0.00  ~ $0.00 ,N/A,N/A,N/A,N/A,N/A
Technology & Computing (Legacy),Real Estate,Interstitial,United Kingdom,Mobile Web,N/A,$0.00  ~ $0.00 ,N/A,N/A,N/A,N/A,N/A
Technology & Computing (Legacy),Theme Parks,Instream,United States,Desktop,N/A,$0.00  ~ $0.00 ,N/A,N/A,N/A,N/A,N/A
Technology & Computing (Legacy),Careers,Instream,United States,Mobile Web,N/A,$0.00  ~ $0.00 ,N/A,N/A,N/A,N/A,N/A
Technology & Computing (Legacy),Careers,Outstream,United States,Desktop,N/A,$0.00  ~ $0.00 ,N/A,N/A,N/A,N/A,N/A
Technology & Computing (Legacy),Careers,Outstream,United States,Mobile Web,N/A,$0.00  ~ $0.00 ,N/A,N/A,N/A,N/A,N/A
Technology & Computing (Legacy),Careers,Outstream,Canada,Desktop,N/A,$0.00  ~ $0.00 ,N/A,N/A,N/A,N/A,N/A
Technology & Computing (Legacy),Careers,Outstream,United Kingdom,Desktop,N/A,$0.00  ~ $0.00 ,N/A,N/A,N/A,N/A,N/A
Technology & Computing (Legacy),Careers,Interstitial,United Kingdom,Mobile Web,N/A,$0.00  ~ $0.00 ,N/A,N/A,N/A,N/A,N/A
Technology & Computing (Legacy),Careers,Interstitial,United States,Desktop,N/A,$0.00  ~ $0.00 ,N/A,N/A,N/A,N/A,N/A
Technology & Computing (Legacy),Air Travel,Outstream,United States,Desktop,N/A,$0.00  ~ $0.00 ,N/A,N/A,N/A,N/A,N/A
Technology & Computing (Legacy),Health/Lowfat Cooking,Instream,United States,Desktop,N/A,$0.00  ~ $0.00 ,N/A,N/A,N/A,N/A,N/A
Technology & Computing (Legacy),Health/Lowfat Cooking,Outstream,United States,Desktop,N/A,$0.00  ~ $0.00 ,N/A,N/A,N/A,N/A,N/A
Technology & Computing (Legacy),Allergies,Instream,Mexico,Desktop,N/A,$0.00  ~ $0.00 ,N/A,N/A,N/A,N/A,N/A
Technology & Computing (Legacy),Cocktails/Beer,Instream,United States,Desktop,N/A,$0.00  ~ $0.00 ,N/A,N/A,N/A,N/A,N/A
Technology & Computing (Legacy),Cocktails/Beer,Instream,United States,Mobile Web,N/A,$0.00  ~ $0.00 ,N/A,N/A,N/A,N/A,N/A
Technology & Computing (Legacy),Pediatrics,Interstitial,United States,Desktop,N/A,$0.00  ~ $0.00 ,N/A,N/A,N/A,N/A,N/A
Technology & Computing (Legacy),Pediatrics,Outstream,United States,Mobile Web,N/A,$0.00  ~ $0.00 ,N/A,N/A,N/A,N/A,N/A
Technology & Computing (Legacy),Pediatrics,Outstream,United States,Desktop,N/A,$0.00  ~ $0.00 ,N/A,N/A,N/A,N/A,N/A
Technology & Computing (Legacy),Comparison,Interstitial,United States,Desktop,N/A,$0.00  ~ $0.00 ,N/A,N/A,N/A,N/A,N/A
Technology & Computing (Legacy),Business Software,Interstitial,United Kingdom,Desktop,N/A,$0.00  ~ $0.00 ,N/A,N/A,N/A,N/A,N/A
Technology & Computing (Legacy),Business Software,Interstitial,United States,Desktop,N/A,$0.00  ~ $0.00 ,N/A,N/A,N/A,N/A,N/A
Technology & Computing (Legacy),Business Software,Instream,United Kingdom,Desktop,N/A,$0.00  ~ $0.00 ,N/A,N/A,N/A,N/A,N/A
Technology & Computing (Legacy),Business Software,Instream,United States,Desktop,N/A,$0.00  ~ $0.00 ,N/A,N/A,N/A,N/A,N/A
Technology & Computing (Legacy),Business Software,Instream,United States,Mobile Web,N/A,$0.00  ~ $0.00 ,N/A,N/A,N/A,N/A,N/A
Technology & Computing (Legacy),Business Software,Outstream,United States,Desktop,N/A,$0.00  ~ $0.00 ,N/A,N/A,N/A,N/A,N/A
Technology & Computing (Legacy),Business Software,Outstream,United States,Mobile Web,N/A,$0.00  ~ $0.00 ,N/A,N/A,N/A,N/A,N/A
Technology & Computing (Legacy),Business Software,Outstream,Canada,Desktop,N/A,$0.00  ~ $0.00 ,N/A,N/A,N/A,N/A,N/A
Technology & Computing (Legacy),College,Interstitial,United States,Desktop,N/A,$0.00  ~ $0.00 ,N/A,N/A,N/A,N/A,N/A
Technology & Computing (Legacy),College,Outstream,United States,Desktop,N/A,$0.00  ~ $0.00 ,N/A,N/A,N/A,N/A,N/A
Technology & Computing (Legacy),College,Outstream,United States,Mobile Web,N/A,$0.00  ~ $0.00 ,N/A,N/A,N/A,N/A,N/A
Technology & Computing (Legacy),College,Instream,United States,Mobile Web,N/A,$0.00  ~ $0.00 ,N/A,N/A,N/A,N/A,N/A
Technology & Computing (Legacy),College,Instream,United States,Desktop,N/A,$0.00  ~ $0.00 ,N/A,N/A,N/A,N/A,N/A
Technology & Computing (Legacy),Hotels,Instream,United States,Desktop,N/A,$0.00  ~ $0.00 ,N/A,N/A,N/A,N/A,N/A
Technology & Computing (Legacy),Hotels,Outstream,United States,Desktop,N/A,$0.00  ~ $0.00 ,N/A,N/A,N/A,N/A,N/A
Technology & Computing (Legacy),Hotels,Interstitial,United States,Desktop,N/A,$0.00  ~ $0.00 ,N/A,N/A,N/A,N/A,N/A
Technology & Computing (Legacy),Coffee/Tea,Instream,United States,Desktop,N/A,$0.00  ~ $0.00 ,N/A,N/A,N/A,N/A,N/A
Technology & Computing (Legacy),Coffee/Tea,Outstream,United States,Desktop,N/A,$0.00  ~ $0.00 ,N/A,N/A,N/A,N/A,N/A
Technology & Computing (Legacy),Pro Ice Hockey,Instream,Canada,Desktop,N/A,$0.00  ~ $0.00 ,N/A,N/A,N/A,N/A,N/A
Technology & Computing (Legacy),Pro Ice Hockey,Outstream,Canada,Desktop,N/A,$0.00  ~ $0.00 ,N/A,N/A,N/A,N/A,N/A
Technology & Computing (Legacy),Cell Phones,Instream,Mexico,Desktop,N/A,$0.00  ~ $0.00 ,N/A,N/A,N/A,N/A,N/A
Technology & Computing (Legacy),Adult Education,Instream,United States,Desktop,N/A,$0.00  ~ $0.00 ,N/A,N/A,N/A,N/A,N/A
Technology & Computing (Legacy),Adult Education,Instream,United States,Mobile Web,N/A,$0.00  ~ $0.00 ,N/A,N/A,N/A,N/A,N/A
Technology & Computing (Legacy),Internet Technology,Instream,Canada,Desktop,N/A,$0.00  ~ $0.00 ,N/A,N/A,N/A,N/A,N/A
Technology & Computing (Legacy),Shopping,Instream,Canada,Desktop,N/A,$0.00  ~ $0.00 ,N/A,N/A,N/A,N/A,N/A
Technology & Computing (Legacy),Shopping,Instream,Canada,Mobile Web,N/A,$0.00  ~ $0.00 ,N/A,N/A,N/A,N/A,N/A
Technology & Computing (Legacy),Shopping,Instream,United Kingdom,Desktop,N/A,$0.00  ~ $0.00 ,N/A,N/A,N/A,N/A,N/A
Technology & Computing (Legacy),Shopping,Instream,Mexico,Desktop,N/A,$0.00  ~ $0.00 ,N/A,N/A,N/A,N/A,N/A
Technology & Computing (Legacy),Shopping,Outstream,United States,Desktop,N/A,$0.00  ~ $0.00 ,N/A,N/A,N/A,N/A,N/A
Technology & Computing (Legacy),Shopping,Outstream,United States,Tablet,N/A,$0.00  ~ $0.00 ,N/A,N/A,N/A,N/A,N/A
Technology & Computing (Legacy),Shopping,Outstream,United Kingdom,Mobile Web,N/A,$0.00  ~ $0.00 ,N/A,N/A,N/A,N/A,N/A
Technology & Computing (Legacy),Shopping,Outstream,United Kingdom,Desktop,N/A,$0.00  ~ $0.00 ,N/A,N/A,N/A,N/A,N/A
Technology & Computing (Legacy),Shopping,Outstream,Canada,Desktop,N/A,$0.00  ~ $0.00 ,N/A,N/A,N/A,N/A,N/A
Technology & Computing (Legacy),Shopping,Interstitial,United Kingdom,Mobile Web,N/A,$0.00  ~ $0.00 ,N/A,N/A,N/A,N/A,N/A
Technology & Computing (Legacy),Shopping,Interstitial,United Kingdom,Desktop,N/A,$0.00  ~ $0.00 ,N/A,N/A,N/A,N/A,N/A
Technology & Computing (Legacy),Shopping,Interstitial,United States,Mobile Web,N/A,$0.00  ~ $0.00 ,N/A,N/A,N/A,N/A,N/A
Technology & Computing (Legacy),Shopping,Interstitial,United States,Desktop,N/A,$0.00  ~ $0.00 ,N/A,N/A,N/A,N/A,N/A
Technology & Computing (Legacy),Shopping,Interstitial,Canada,Desktop,N/A,$0.00  ~ $0.00 ,N/A,N/A,N/A,N/A,N/A
Technology & Computing (Legacy),Shopping,Native,United Kingdom,Desktop,N/A,$0.00  ~ $0.00 ,N/A,N/A,N/A,N/A,N/A
Technology & Computing (Legacy),Automotive,Interstitial,United States,Desktop,N/A,$0.00  ~ $0.00 ,N/A,N/A,N/A,N/A,N/A
Technology & Computing (Legacy),Automotive,Instream,Mexico,Desktop,N/A,$0.00  ~ $0.00 ,N/A,N/A,N/A,N/A,N/A
Technology & Computing (Legacy),Automotive,Outstream,United States,Desktop,N/A,$0.00  ~ $0.00 ,N/A,N/A,N/A,N/A,N/A
Technology & Computing (Legacy),Automotive,Outstream,United States,Mobile Web,N/A,$0.00  ~ $0.00 ,N/A,N/A,N/A,N/A,N/A
Technology & Computing (Legacy),Automotive,Outstream,Mexico,Desktop,N/A,$0.00  ~ $0.00 ,N/A,N/A,N/A,N/A,N/A
Technology & Computing (Legacy),Music,Outstream,United States,Desktop,N/A,$0.00  ~ $0.00 ,N/A,N/A,N/A,N/A,N/A
Technology & Computing (Legacy),Legal Issues,Instream,Canada,Desktop,N/A,$0.00  ~ $0.00 ,N/A,N/A,N/A,N/A,N/A
Technology & Computing (Legacy),Legal Issues,Interstitial,United States,Desktop,N/A,$0.00  ~ $0.00 ,N/A,N/A,N/A,N/A,N/A
Technology & Computing (Legacy),Legal Issues,Interstitial,United Kingdom,Desktop,N/A,$0.00  ~ $0.00 ,N/A,N/A,N/A,N/A,N/A
Technology & Computing (Legacy),Legal Issues,Outstream,United States,Desktop,N/A,$0.00  ~ $0.00 ,N/A,N/A,N/A,N/A,N/A
Technology & Computing (Legacy),Legal Issues,Outstream,United Kingdom,Desktop,N/A,$0.00  ~ $0.00 ,N/A,N/A,N/A,N/A,N/A
Technology & Computing (Legacy),Private School,Instream,United States,Desktop,N/A,$0.00  ~ $0.00 ,N/A,N/A,N/A,N/A,N/A
Technology & Computing (Legacy),Private School,Outstream,United States,Desktop,N/A,$0.00  ~ $0.00 ,N/A,N/A,N/A,N/A,N/A
Technology & Computing (Legacy),Private School,Interstitial,United States,Desktop,N/A,$0.00  ~ $0.00 ,N/A,N/A,N/A,N/A,N/A
Technology & Computing (Legacy),Cancer,Instream,Canada,Desktop,N/A,$0.00  ~ $0.00 ,N/A,N/A,N/A,N/A,N/A
Technology & Computing (Legacy),Health & Fitness,Interstitial,United States,Desktop,N/A,$0.00  ~ $0.00 ,N/A,N/A,N/A,N/A,N/A
Technology & Computing (Legacy),Health & Fitness,Interstitial,United States,Mobile Web,N/A,$0.00  ~ $0.00 ,N/A,N/A,N/A,N/A,N/A
Technology & Computing (Legacy),Health & Fitness,Interstitial,United Kingdom,Desktop,N/A,$0.00  ~ $0.00 ,N/A,N/A,N/A,N/A,N/A
Technology & Computing (Legacy),Health & Fitness,Interstitial,Canada,Desktop,N/A,$0.00  ~ $0.00 ,N/A,N/A,N/A,N/A,N/A
Technology & Computing (Legacy),Health & Fitness,Native,United States,Desktop,N/A,$0.00  ~ $0.00 ,N/A,N/A,N/A,N/A,N/A
Technology & Computing (Legacy),Health & Fitness,Instream,Canada,Desktop,N/A,$0.00  ~ $0.00 ,N/A,N/A,N/A,N/A,N/A
Technology & Computing (Legacy),Health & Fitness,Instream,Canada,Mobile Web,N/A,$0.00  ~ $0.00 ,N/A,N/A,N/A,N/A,N/A
Technology & Computing (Legacy),Health & Fitness,Instream,United Kingdom,Desktop,N/A,$0.00  ~ $0.00 ,N/A,N/A,N/A,N/A,N/A
Technology & Computing (Legacy),Health & Fitness,Outstream,United States,Desktop,N/A,$0.00  ~ $0.00 ,N/A,N/A,N/A,N/A,N/A
Technology & Computing (Legacy),Health & Fitness,Outstream,United States,Mobile Web,N/A,$0.00  ~ $0.00 ,N/A,N/A,N/A,N/A,N/A
Technology & Computing (Legacy),Health & Fitness,Outstream,Canada,Mobile Web,N/A,$0.00  ~ $0.00 ,N/A,N/A,N/A,N/A,N/A
Technology & Computing (Legacy),Health & Fitness,Outstream,Canada,Desktop,N/A,$0.00  ~ $0.00 ,N/A,N/A,N/A,N/A,N/A
Technology & Computing (Legacy),Health & Fitness,Outstream,United Kingdom,Desktop,N/A,$0.00  ~ $0.00 ,N/A,N/A,N/A,N/A,N/A
Technology & Computing (Legacy),Biotech/Biomedical,Instream,United States,Mobile Web,N/A,$0.00  ~ $0.00 ,N/A,N/A,N/A,N/A,N/A
Technology & Computing (Legacy),Biotech/Biomedical,Interstitial,United States,Desktop,N/A,$0.00  ~ $0.00 ,N/A,N/A,N/A,N/A,N/A
Technology & Computing (Legacy),Biotech/Biomedical,Outstream,United States,Desktop,N/A,$0.00  ~ $0.00 ,N/A,N/A,N/A,N/A,N/A
Technology & Computing (Legacy),Biotech/Biomedical,Outstream,United States,Mobile Web,N/A,$0.00  ~ $0.00 ,N/A,N/A,N/A,N/A,N/A
Technology & Computing (Legacy),Advertising,Interstitial,United States,Mobile Web,N/A,$0.00  ~ $0.00 ,N/A,N/A,N/A,N/A,N/A
Technology & Computing (Legacy),Advertising,Instream,United States,Desktop,N/A,$0.00  ~ $0.00 ,N/A,N/A,N/A,N/A,N/A
Technology & Computing (Legacy),Advertising,Outstream,United States,Desktop,N/A,$0.00  ~ $0.00 ,N/A,N/A,N/A,N/A,N/A
Technology & Computing (Legacy),Advertising,Outstream,United States,Mobile Web,N/A,$0.00  ~ $0.00 ,N/A,N/A,N/A,N/A,N/A
Technology & Computing (Legacy),Apartments,Instream,United Kingdom,Desktop,N/A,$0.00  ~ $0.00 ,N/A,N/A,N/A,N/A,N/A
Technology & Computing (Legacy),Dogs,Outstream,Canada,Mobile Web,N/A,$0.00  ~ $0.00 ,N/A,N/A,N/A,N/A,N/A
Technology & Computing (Legacy),Dogs,Outstream,Canada,Desktop,N/A,$0.00  ~ $0.00 ,N/A,N/A,N/A,N/A,N/A
Technology & Computing (Legacy),Dogs,Instream,Canada,Desktop,N/A,$0.00  ~ $0.00 ,N/A,N/A,N/A,N/A,N/A
Technology & Computing (Legacy),Technology & Computing,Outstream,United States,Desktop,N/A,$0.00  ~ $0.00 ,N/A,N/A,N/A,N/A,N/A
Technology & Computing (Legacy),Technology & Computing,Instream,United States,Desktop,N/A,$0.00  ~ $0.00 ,N/A,N/A,N/A,N/A,N/A
Technology & Computing (Legacy),Personal Finance,Native,United States,Desktop,N/A,$0.00  ~ $0.00 ,N/A,N/A,N/A,N/A,N/A
Technology & Computing (Legacy),Personal Finance,Instream,Canada,Mobile Web,N/A,$0.00  ~ $0.00 ,N/A,N/A,N/A,N/A,N/A
Technology & Computing (Legacy),Personal Finance,Instream,Canada,Desktop,N/A,$0.00  ~ $0.00 ,N/A,N/A,N/A,N/A,N/A
Technology & Computing (Legacy),Personal Finance,Outstream,United Kingdom,Desktop,N/A,$0.00  ~ $0.00 ,N/A,N/A,N/A,N/A,N/A
Technology & Computing (Legacy),Personal Finance,Outstream,Mexico,Desktop,N/A,$0.00  ~ $0.00 ,N/A,N/A,N/A,N/A,N/A
Technology & Computing (Legacy),Personal Finance,Outstream,Canada,Desktop,N/A,$0.00  ~ $0.00 ,N/A,N/A,N/A,N/A,N/A
Technology & Computing (Legacy),Personal Finance,Interstitial,United Kingdom,Desktop,N/A,$0.00  ~ $0.00 ,N/A,N/A,N/A,N/A,N/A
Technology & Computing (Legacy),Personal Finance,Interstitial,United States,Desktop,N/A,$0.00  ~ $0.00 ,N/A,N/A,N/A,N/A,N/A
Technology & Computing (Legacy),Personal Finance,Interstitial,United States,Mobile Web,N/A,$0.00  ~ $0.00 ,N/A,N/A,N/A,N/A,N/A
Technology & Computing (Legacy),Personal Finance,Interstitial,Canada,Desktop,N/A,$0.00  ~ $0.00 ,N/A,N/A,N/A,N/A,N/A
Technology & Computing (Legacy),Personal Finance,Interstitial,Canada,Mobile Web,N/A,$0.00  ~ $0.00 ,N/A,N/A,N/A,N/A,N/A
Technology & Computing (Legacy),Green Solutions,Instream,United States,Desktop,N/A,$0.00  ~ $0.00 ,N/A,N/A,N/A,N/A,N/A
Technology & Computing (Legacy),Green Solutions,Outstream,United States,Desktop,N/A,$0.00  ~ $0.00 ,N/A,N/A,N/A,N/A,N/A
Technology & Computing (Legacy),Investing,Outstream,United States,Desktop,N/A,$0.00  ~ $0.00 ,N/A,N/A,N/A,N/A,N/A
Technology & Computing (Legacy),Investing,Outstream,United States,Mobile Web,N/A,$0.00  ~ $0.00 ,N/A,N/A,N/A,N/A,N/A
Technology & Computing (Legacy),Investing,Outstream,United States,Tablet,N/A,$0.00  ~ $0.00 ,N/A,N/A,N/A,N/A,N/A
Technology & Computing (Legacy),Investing,Interstitial,United States,Desktop,N/A,$0.00  ~ $0.00 ,N/A,N/A,N/A,N/A,N/A
Technology & Computing (Legacy),Credit/Debt & Loans,Instream,United States,Desktop,N/A,$0.00  ~ $0.00 ,N/A,N/A,N/A,N/A,N/A
Technology & Computing (Legacy),Credit/Debt & Loans,Outstream,United States,Desktop,N/A,$0.00  ~ $0.00 ,N/A,N/A,N/A,N/A,N/A
Technology & Computing (Legacy),Credit/Debt & Loans,Outstream,United States,Mobile Web,N/A,$0.00  ~ $0.00 ,N/A,N/A,N/A,N/A,N/A
Technology & Computing (Legacy),Contests & Freebies,Instream,United States,Desktop,N/A,$0.00  ~ $0.00 ,N/A,N/A,N/A,N/A,N/A
Technology & Computing (Legacy),Graduate School,Outstream,United States,Desktop,N/A,$0.00  ~ $0.00 ,N/A,N/A,N/A,N/A,N/A
Technology & Computing (Legacy),Graduate School,Outstream,United States,Mobile Web,N/A,$0.00  ~ $0.00 ,N/A,N/A,N/A,N/A,N/A
Technology & Computing (Legacy),Graduate School,Instream,United States,Mobile Web,N/A,$0.00  ~ $0.00 ,N/A,N/A,N/A,N/A,N/A
Technology & Computing (Legacy),Graduate School,Instream,United States,Tablet,N/A,$0.00  ~ $0.00 ,N/A,N/A,N/A,N/A,N/A
Technology & Computing (Legacy),Insurance,Instream,United Kingdom,Desktop,N/A,$0.00  ~ $0.00 ,N/A,N/A,N/A,N/A,N/A
Technology & Computing (Legacy),Insurance,Outstream,United Kingdom,Mobile Web,N/A,$0.00  ~ $0.00 ,N/A,N/A,N/A,N/A,N/A
Technology & Computing (Legacy),Insurance,Outstream,United Kingdom,Desktop,N/A,$0.00  ~ $0.00 ,N/A,N/A,N/A,N/A,N/A
Technology & Computing (Legacy),Insurance,Outstream,United States,Desktop,N/A,$0.00  ~ $0.00 ,N/A,N/A,N/A,N/A,N/A
Technology & Computing (Legacy),Insurance,Interstitial,United Kingdom,Desktop,N/A,$0.00  ~ $0.00 ,N/A,N/A,N/A,N/A,N/A
Technology & Computing (Legacy),Home & Garden,Outstream,United States,Tablet,N/A,$0.00  ~ $0.00 ,N/A,N/A,N/A,N/A,N/A
Technology & Computing (Legacy),Home & Garden,Interstitial,United States,Desktop,N/A,$0.00  ~ $0.00 ,N/A,N/A,N/A,N/A,N/A
Technology & Computing (Legacy),Home & Garden,Interstitial,United States,Mobile Web,N/A,$0.00  ~ $0.00 ,N/A,N/A,N/A,N/A,N/A
Technology & Computing (Legacy),Home & Garden,Interstitial,United States,Tablet,N/A,$0.00  ~ $0.00 ,N/A,N/A,N/A,N/A,N/A
Technology & Computing (Legacy),Clothing,Outstream,United States,Mobile Web,N/A,$0.00  ~ $0.00 ,N/A,N/A,N/A,N/A,N/A
Technology & Computing (Legacy),Job Search,Instream,United States,Desktop,N/A,$0.00  ~ $0.00 ,N/A,N/A,N/A,N/A,N/A
Technology & Computing (Legacy),Job Search,Instream,United States,Mobile Web,N/A,$0.00  ~ $0.00 ,N/A,N/A,N/A,N/A,N/A
Technology & Computing (Legacy),Job Search,Outstream,United States,Desktop,N/A,$0.00  ~ $0.00 ,N/A,N/A,N/A,N/A,N/A
Technology & Computing (Legacy),Job Search,Outstream,United States,Mobile Web,N/A,$0.00  ~ $0.00 ,N/A,N/A,N/A,N/A,N/A
Technology & Computing (Legacy),Job Search,Outstream,United Kingdom,Mobile Web,N/A,$0.00  ~ $0.00 ,N/A,N/A,N/A,N/A,N/A
Technology & Computing (Legacy),Job Search,Interstitial,United States,Desktop,N/A,$0.00  ~ $0.00 ,N/A,N/A,N/A,N/A,N/A
Technology & Computing (Legacy),Human Resources,Outstream,United States,Desktop,N/A,$0.00  ~ $0.00 ,N/A,N/A,N/A,N/A,N/A
Technology & Computing (Legacy),News,Instream,Canada,Desktop,N/A,$0.00  ~ $0.00 ,N/A,N/A,N/A,N/A,N/A
Technology & Computing (Legacy),News,Instream,Canada,Mobile Web,N/A,$0.00  ~ $0.00 ,N/A,N/A,N/A,N/A,N/A
Technology & Computing (Legacy),News,Outstream,United States,Desktop,N/A,$0.00  ~ $0.00 ,N/A,N/A,N/A,N/A,N/A
Technology & Computing (Legacy),News,Outstream,United States,Mobile Web,N/A,$0.00  ~ $0.00 ,N/A,N/A,N/A,N/A,N/A
Technology & Computing (Legacy),News,Outstream,Canada,Desktop,N/A,$0.00  ~ $0.00 ,N/A,N/A,N/A,N/A,N/A
Technology & Computing (Legacy),News,Outstream,Canada,Mobile Web,N/A,$0.00  ~ $0.00 ,N/A,N/A,N/A,N/A,N/A
Technology & Computing (Legacy),News,Interstitial,United States,Desktop,N/A,$0.00  ~ $0.00 ,N/A,N/A,N/A,N/A,N/A
Technology & Computing (Legacy),News,Interstitial,United States,Mobile Web,N/A,$0.00  ~ $0.00 ,N/A,N/A,N/A,N/A,N/A
Technology & Computing (Legacy),News,Interstitial,Canada,Desktop,N/A,$0.00  ~ $0.00 ,N/A,N/A,N/A,N/A,N/A
Technology & Computing (Legacy),Mutual Funds,Outstream,United States,Desktop,N/A,$0.00  ~ $0.00 ,N/A,N/A,N/A,N/A,N/A
Technology & Computing (Legacy),Family & Parenting,Instream,United Kingdom,Desktop,N/A,$0.00  ~ $0.00 ,N/A,N/A,N/A,N/A,N/A
Technology & Computing (Legacy),Family & Parenting,Outstream,United States,Desktop,N/A,$0.00  ~ $0.00 ,N/A,N/A,N/A,N/A,N/A
Technology & Computing (Legacy),Family & Parenting,Outstream,United States,Mobile Web,N/A,$0.00  ~ $0.00 ,N/A,N/A,N/A,N/A,N/A
Technology & Computing (Legacy),Family & Parenting,Interstitial,United States,Desktop,N/A,$0.00  ~ $0.00 ,N/A,N/A,N/A,N/A,N/A
Technology & Computing (Legacy),Infertility,Instream,United States,Desktop,N/A,$0.00  ~ $0.00 ,N/A,N/A,N/A,N/A,N/A
Technology & Computing (Legacy),Infertility,Outstream,United States,Desktop,N/A,$0.00  ~ $0.00 ,N/A,N/A,N/A,N/A,N/A
Technology & Computing (Legacy),Infertility,Outstream,United States,Mobile Web,N/A,$0.00  ~ $0.00 ,N/A,N/A,N/A,N/A,N/A
Technology & Computing (Legacy),Politics,Outstream,United States,Mobile Web,N/A,$0.00  ~ $0.00 ,N/A,N/A,N/A,N/A,N/A
Technology & Computing (Legacy),Politics,Interstitial,United States,Desktop,N/A,$0.00  ~ $0.00 ,N/A,N/A,N/A,N/A,N/A
Technology & Computing (Legacy),Exercise,Outstream,United States,Desktop,N/A,$0.00  ~ $0.00 ,N/A,N/A,N/A,N/A,N/A
Technology & Computing (Legacy),Exercise,Outstream,United States,Mobile Web,N/A,$0.00  ~ $0.00 ,N/A,N/A,N/A,N/A,N/A
Technology & Computing (Legacy),Exercise,Instream,United States,Desktop,N/A,$0.00  ~ $0.00 ,N/A,N/A,N/A,N/A,N/A
Technology & Computing (Legacy),Cold & Flu,Interstitial,United States,Desktop,N/A,$0.00  ~ $0.00 ,N/A,N/A,N/A,N/A,N/A
Technology & Computing (Legacy),Cold & Flu,Outstream,United States,Mobile Web,N/A,$0.00  ~ $0.00 ,N/A,N/A,N/A,N/A,N/A
Technology & Computing (Legacy),Cold & Flu,Outstream,United States,Desktop,N/A,$0.00  ~ $0.00 ,N/A,N/A,N/A,N/A,N/A
Technology & Computing (Legacy),Cold & Flu,Instream,United States,Desktop,N/A,$0.00  ~ $0.00 ,N/A,N/A,N/A,N/A,N/A
Technology & Computing (Legacy),"Law, Gov't & Politics",Outstream,United States,Tablet,N/A,$0.00  ~ $0.00 ,N/A,N/A,N/A,N/A,N/A
Technology & Computing (Legacy),"Law, Gov't & Politics",Outstream,Mexico,Desktop,N/A,$0.00  ~ $0.00 ,N/A,N/A,N/A,N/A,N/A
Technology & Computing (Legacy),"Law, Gov't & Politics",Outstream,Mexico,Mobile Web,N/A,$0.00  ~ $0.00 ,N/A,N/A,N/A,N/A,N/A
Technology & Computing (Legacy),"Law, Gov't & Politics",Interstitial,United States,Desktop,N/A,$0.00  ~ $0.00 ,N/A,N/A,N/A,N/A,N/A
Technology & Computing (Legacy),"Law, Gov't & Politics",Instream,Mexico,Desktop,N/A,$0.00  ~ $0.00 ,N/A,N/A,N/A,N/A,N/A
Technology & Computing (Legacy),Honeymoons/Getaways,Interstitial,United Kingdom,Desktop,N/A,$0.00  ~ $0.00 ,N/A,N/A,N/A,N/A,N/A
Technology & Computing (Legacy),Honeymoons/Getaways,Outstream,United Kingdom,Desktop,N/A,$0.00  ~ $0.00 ,N/A,N/A,N/A,N/A,N/A
Technology & Computing (Legacy),Honeymoons/Getaways,Outstream,United States,Desktop,N/A,$0.00  ~ $0.00 ,N/A,N/A,N/A,N/A,N/A
Technology & Computing (Legacy),Honeymoons/Getaways,Instream,United States,Desktop,N/A,$0.00  ~ $0.00 ,N/A,N/A,N/A,N/A,N/A
Technology & Computing (Legacy),Home Repair,Outstream,United States,Mobile Web,N/A,$0.00  ~ $0.00 ,N/A,N/A,N/A,N/A,N/A
Technology & Computing (Legacy),Home Repair,Native,United States,Desktop,N/A,$0.00  ~ $0.00 ,N/A,N/A,N/A,N/A,N/A
Technology & Computing (Legacy),Commentary,Instream,United States,Desktop,N/A,$0.00  ~ $0.00 ,N/A,N/A,N/A,N/A,N/A
Technology & Computing (Legacy),Commentary,Outstream,United States,Desktop,N/A,$0.00  ~ $0.00 ,N/A,N/A,N/A,N/A,N/A
Technology & Computing (Legacy),Commentary,Outstream,United States,Mobile Web,N/A,$0.00  ~ $0.00 ,N/A,N/A,N/A,N/A,N/A
Technology & Computing (Legacy),Arts & Entertainment,Interstitial,United Kingdom,Mobile Web,N/A,$0.00  ~ $0.00 ,N/A,N/A,N/A,N/A,N/A
Technology & Computing (Legacy),Arts & Entertainment,Interstitial,United Kingdom,Desktop,N/A,$0.00  ~ $0.00 ,N/A,N/A,N/A,N/A,N/A
Technology & Computing (Legacy),Arts & Entertainment,Interstitial,United States,Desktop,N/A,$0.00  ~ $0.00 ,N/A,N/A,N/A,N/A,N/A
Technology & Computing (Legacy),Arts & Entertainment,Interstitial,United States,Mobile Web,N/A,$0.00  ~ $0.00 ,N/A,N/A,N/A,N/A,N/A
Technology & Computing (Legacy),Arts & Entertainment,Native,United States,Desktop,N/A,$0.00  ~ $0.00 ,N/A,N/A,N/A,N/A,N/A
Technology & Computing (Legacy),Arts & Entertainment,Instream,Canada,Desktop,N/A,$0.00  ~ $0.00 ,N/A,N/A,N/A,N/A,N/A
Technology & Computing (Legacy),Arts & Entertainment,Instream,United Kingdom,Desktop,N/A,$0.00  ~ $0.00 ,N/A,N/A,N/A,N/A,N/A
Technology & Computing (Legacy),Arts & Entertainment,Outstream,Canada,Desktop,N/A,$0.00  ~ $0.00 ,N/A,N/A,N/A,N/A,N/A
Technology & Computing (Legacy),Arts & Entertainment,Outstream,Canada,Mobile Web,N/A,$0.00  ~ $0.00 ,N/A,N/A,N/A,N/A,N/A
Technology & Computing (Legacy),Arts & Entertainment,Outstream,United Kingdom,Mobile Web,N/A,$0.00  ~ $0.00 ,N/A,N/A,N/A,N/A,N/A
Technology & Computing (Legacy),Metals,Outstream,United States,Desktop,N/A,$0.00  ~ $0.00 ,N/A,N/A,N/A,N/A,N/A
Technology & Computing (Legacy),Metals,Outstream,United States,Mobile Web,N/A,$0.00  ~ $0.00 ,N/A,N/A,N/A,N/A,N/A
Technology & Computing (Legacy),Metals,Interstitial,United States,Desktop,N/A,$0.00  ~ $0.00 ,N/A,N/A,N/A,N/A,N/A
Technology & Computing (Legacy),Metals,Instream,United States,Desktop,N/A,$0.00  ~ $0.00 ,N/A,N/A,N/A,N/A,N/A
Technology & Computing (Legacy),Metals,Instream,United States,Mobile Web,N/A,$0.00  ~ $0.00 ,N/A,N/A,N/A,N/A,N/A
Technology & Computing (Legacy),Metals,Instream,Canada,Desktop,N/A,$0.00  ~ $0.00 ,N/A,N/A,N/A,N/A,N/A
Technology & Computing (Legacy),By US Locale,Instream,United States,Desktop,N/A,$0.00  ~ $0.00 ,N/A,N/A,N/A,N/A,N/A
Technology & Computing (Legacy),By US Locale,Outstream,United States,Desktop,N/A,$0.00  ~ $0.00 ,N/A,N/A,N/A,N/A,N/A
Technology & Computing (Legacy),Alternative Medicine,Instream,United States,Mobile Web,N/A,$0.00  ~ $0.00 ,N/A,N/A,N/A,N/A,N/A
Technology & Computing (Legacy),Alternative Medicine,Instream,United States,Desktop,N/A,$0.00  ~ $0.00 ,N/A,N/A,N/A,N/A,N/A
Technology & Computing (Legacy),Psychology/Psychiatry,Instream,United States,Desktop,N/A,$0.00  ~ $0.00 ,N/A,N/A,N/A,N/A,N/A
Technology & Computing (Legacy),Psychology/Psychiatry,Outstream,United States,Desktop,N/A,$0.00  ~ $0.00 ,N/A,N/A,N/A,N/A,N/A
Technology & Computing (Legacy),Education,Outstream,United States,Desktop,N/A,$0.00  ~ $0.00 ,N/A,N/A,N/A,N/A,N/A
Technology & Computing (Legacy),Education,Interstitial,United States,Desktop,N/A,$0.00  ~ $0.00 ,N/A,N/A,N/A,N/A,N/A
Technology & Computing (Legacy),Education,Interstitial,United States,Mobile Web,N/A,$0.00  ~ $0.00 ,N/A,N/A,N/A,N/A,N/A
Technology & Computing (Legacy),Education,Interstitial,United Kingdom,Desktop,N/A,$0.00  ~ $0.00 ,N/A,N/A,N/A,N/A,N/A
Technology & Computing (Legacy),Education,Native,United States,Desktop,N/A,$0.00  ~ $0.00 ,N/A,N/A,N/A,N/A,N/A
Technology & Computing (Legacy),Education,Native,United Kingdom,Desktop,N/A,$0.00  ~ $0.00 ,N/A,N/A,N/A,N/A,N/A
Technology & Computing (Legacy),Agriculture,Instream,United States,Desktop,N/A,$0.00  ~ $0.00 ,N/A,N/A,N/A,N/A,N/A
Technology & Computing (Legacy),Agriculture,Outstream,Canada,Desktop,N/A,$0.00  ~ $0.00 ,N/A,N/A,N/A,N/A,N/A
Technology & Computing (Legacy),Agriculture,Outstream,Canada,Mobile Web,N/A,$0.00  ~ $0.00 ,N/A,N/A,N/A,N/A,N/A
Technology & Computing (Legacy),Agriculture,Outstream,United States,Desktop,N/A,$0.00  ~ $0.00 ,N/A,N/A,N/A,N/A,N/A
Technology & Computing (Legacy),Agriculture,Interstitial,United States,Desktop,N/A,$0.00  ~ $0.00 ,N/A,N/A,N/A,N/A,N/A
Technology & Computing (Legacy),K-6 Educators,Interstitial,United States,Tablet,N/A,$0.00  ~ $0.00 ,N/A,N/A,N/A,N/A,N/A
Technology & Computing (Legacy),K-6 Educators,Outstream,United States,Tablet,N/A,$0.00  ~ $0.00 ,N/A,N/A,N/A,N/A,N/A
Technology & Computing (Legacy),Interior Decorating,Outstream,United States,Desktop,N/A,$0.00  ~ $0.00 ,N/A,N/A,N/A,N/A,N/A
Technology & Computing (Legacy),Interior Decorating,Outstream,United States,Mobile Web,N/A,$0.00  ~ $0.00 ,N/A,N/A,N/A,N/A,N/A
Technology & Computing (Legacy),Interior Decorating,Interstitial,United States,Tablet,N/A,$0.00  ~ $0.00 ,N/A,N/A,N/A,N/A,N/A
Technology & Computing (Legacy),Interior Decorating,Interstitial,United States,Desktop,N/A,$0.00  ~ $0.00 ,N/A,N/A,N/A,N/A,N/A
Technology & Computing (Legacy),Interior Decorating,Interstitial,United States,Mobile Web,N/A,$0.00  ~ $0.00 ,N/A,N/A,N/A,N/A,N/A
Technology & Computing (Legacy),Business,Instream,Canada,Desktop,N/A,$0.00  ~ $0.00 ,N/A,N/A,N/A,N/A,N/A
Technology & Computing (Legacy),Business,Instream,Canada,Mobile Web,N/A,$0.00  ~ $0.00 ,N/A,N/A,N/A,N/A,N/A
Technology & Computing (Legacy),Business,Instream,Mexico,Desktop,N/A,$0.00  ~ $0.00 ,N/A,N/A,N/A,N/A,N/A
Technology & Computing (Legacy),Business,Instream,United Kingdom,Desktop,N/A,$0.00  ~ $0.00 ,N/A,N/A,N/A,N/A,N/A
Technology & Computing (Legacy),Business,Outstream,United States,Tablet,N/A,$0.00  ~ $0.00 ,N/A,N/A,N/A,N/A,N/A
Technology & Computing (Legacy),Business,Outstream,United States,Desktop,N/A,$0.00  ~ $0.00 ,N/A,N/A,N/A,N/A,N/A
Technology & Computing (Legacy),Business,Outstream,Canada,Desktop,N/A,$0.00  ~ $0.00 ,N/A,N/A,N/A,N/A,N/A
Technology & Computing (Legacy),Business,Outstream,Canada,Mobile Web,N/A,$0.00  ~ $0.00 ,N/A,N/A,N/A,N/A,N/A
Technology & Computing (Legacy),Business,Outstream,Canada,Tablet,N/A,$0.00  ~ $0.00 ,N/A,N/A,N/A,N/A,N/A
Technology & Computing (Legacy),Business,Outstream,United Kingdom,Desktop,N/A,$0.00  ~ $0.00 ,N/A,N/A,N/A,N/A,N/A
Technology & Computing (Legacy),Business,Outstream,United Kingdom,Mobile Web,N/A,$0.00  ~ $0.00 ,N/A,N/A,N/A,N/A,N/A
Technology & Computing (Legacy),Business,Outstream,Mexico,Desktop,N/A,$0.00  ~ $0.00 ,N/A,N/A,N/A,N/A,N/A
Technology & Computing (Legacy),Business,Interstitial,United Kingdom,Desktop,N/A,$0.00  ~ $0.00 ,N/A,N/A,N/A,N/A,N/A
Technology & Computing (Legacy),Business,Interstitial,United Kingdom,Mobile Web,N/A,$0.00  ~ $0.00 ,N/A,N/A,N/A,N/A,N/A
Technology & Computing (Legacy),Business,Interstitial,United States,Mobile Web,N/A,$0.00  ~ $0.00 ,N/A,N/A,N/A,N/A,N/A
Technology & Computing (Legacy),Business,Interstitial,United States,Tablet,N/A,$0.00  ~ $0.00 ,N/A,N/A,N/A,N/A,N/A
Technology & Computing (Legacy),Business,Interstitial,United States,Desktop,N/A,$0.00  ~ $0.00 ,N/A,N/A,N/A,N/A,N/A
Technology & Computing (Legacy),Business,Interstitial,Canada,Desktop,N/A,$0.00  ~ $0.00 ,N/A,N/A,N/A,N/A,N/A
Technology & Computing (Legacy),Business,Native,United States,Desktop,N/A,$0.00  ~ $0.00 ,N/A,N/A,N/A,N/A,N/A
Technology & Computing (Legacy),Business,Native,United Kingdom,Desktop,N/A,$0.00  ~ $0.00 ,N/A,N/A,N/A,N/A,N/A
Technology & Computing (Legacy),Retirement Planning,Interstitial,United States,Desktop,N/A,$0.00  ~ $0.00 ,N/A,N/A,N/A,N/A,N/A
Technology & Computing (Legacy),Pets,Outstream,Canada,Desktop,N/A,$0.00  ~ $0.00 ,N/A,N/A,N/A,N/A,N/A
Technology & Computing (Legacy),Pets,Outstream,United States,Desktop,N/A,$0.00  ~ $0.00 ,N/A,N/A,N/A,N/A,N/A
Technology & Computing (Legacy),Pets,Instream,United States,Desktop,N/A,$0.00  ~ $0.00 ,N/A,N/A,N/A,N/A,N/A
Technology & Computing (Legacy),Pets,Instream,Canada,Desktop,N/A,$0.00  ~ $0.00 ,N/A,N/A,N/A,N/A,N/A
Technology & Computing (Legacy),Pets,Instream,Canada,Mobile Web,N/A,$0.00  ~ $0.00 ,N/A,N/A,N/A,N/A,N/A
Technology & Computing (Legacy),Pets,Interstitial,United States,Desktop,N/A,$0.00  ~ $0.00 ,N/A,N/A,N/A,N/A,N/A
Technology & Computing (Legacy),Logistics,Instream,United States,Desktop,N/A,$0.00  ~ $0.00 ,N/A,N/A,N/A,N/A,N/A
Technology & Computing (Legacy),Logistics,Outstream,United Kingdom,Desktop,N/A,$0.00  ~ $0.00 ,N/A,N/A,N/A,N/A,N/A
Technology & Computing (Legacy),Food & Drink,Outstream,United States,Desktop,N/A,$0.00  ~ $0.00 ,N/A,N/A,N/A,N/A,N/A
Technology & Computing (Legacy),Food & Drink,Outstream,United States,Mobile Web,N/A,$0.00  ~ $0.00 ,N/A,N/A,N/A,N/A,N/A
Technology & Computing (Legacy),Food & Drink,Outstream,United States,Tablet,N/A,$0.00  ~ $0.00 ,N/A,N/A,N/A,N/A,N/A
Technology & Computing (Legacy),Food & Drink,Interstitial,United States,Desktop,N/A,$0.00  ~ $0.00 ,N/A,N/A,N/A,N/A,N/A
Technology & Computing (Legacy),Food & Drink,Interstitial,United States,Mobile Web,N/A,$0.00  ~ $0.00 ,N/A,N/A,N/A,N/A,N/A
Technology & Computing (Legacy),Computer Peripherals,Interstitial,United Kingdom,Desktop,N/A,$0.00  ~ $0.00 ,N/A,N/A,N/A,N/A,N/A
Technology & Computing (Legacy),Computer Peripherals,Interstitial,United Kingdom,Mobile Web,N/A,$0.00  ~ $0.00 ,N/A,N/A,N/A,N/A,N/A
Technology & Computing (Legacy),Computer Peripherals,Interstitial,Ireland,Desktop,N/A,$0.00  ~ $0.00 ,N/A,N/A,N/A,N/A,N/A
Technology & Computing (Legacy),Computer Peripherals,Outstream,United Kingdom,Desktop,N/A,$0.00  ~ $0.00 ,N/A,N/A,N/A,N/A,N/A
Technology & Computing (Legacy),Computer Peripherals,Outstream,United Kingdom,Mobile Web,N/A,$0.00  ~ $0.00 ,N/A,N/A,N/A,N/A,N/A
Technology & Computing (Legacy),Computer Peripherals,Outstream,Ireland,Desktop,N/A,$0.00  ~ $0.00 ,N/A,N/A,N/A,N/A,N/A
Technology & Computing (Legacy),Computer Peripherals,Instream,United Kingdom,Desktop,N/A,$0.00  ~ $0.00 ,N/A,N/A,N/A,N/A,N/A
Technology & Computing (Legacy),Travel,Instream,United States,Tablet,N/A,$0.00  ~ $0.00 ,N/A,N/A,N/A,N/A,N/A
Technology & Computing (Legacy),Travel,Instream,United Kingdom,Desktop,N/A,$0.00  ~ $0.00 ,N/A,N/A,N/A,N/A,N/A
Technology & Computing (Legacy),Travel,Instream,United Kingdom,Mobile Web,N/A,$0.00  ~ $0.00 ,N/A,N/A,N/A,N/A,N/A
Technology & Computing (Legacy),Travel,Interstitial,United Kingdom,Mobile Web,N/A,$0.00  ~ $0.00 ,N/A,N/A,N/A,N/A,N/A
Technology & Computing (Legacy),Travel,Interstitial,United Kingdom,Desktop,N/A,$0.00  ~ $0.00 ,N/A,N/A,N/A,N/A,N/A
Technology & Computing (Legacy),Travel,Interstitial,United States,Desktop,N/A,$0.00  ~ $0.00 ,N/A,N/A,N/A,N/A,N/A
Technology & Computing (Legacy),Travel,Interstitial,United States,Mobile Web,N/A,$0.00  ~ $0.00 ,N/A,N/A,N/A,N/A,N/A
Technology & Computing (Legacy),Travel,Outstream,United States,Mobile Web,N/A,$0.00  ~ $0.00 ,N/A,N/A,N/A,N/A,N/A
Technology & Computing (Legacy),Travel,Outstream,United States,Desktop,N/A,$0.00  ~ $0.00 ,N/A,N/A,N/A,N/A,N/A
Technology & Computing (Legacy),Travel,Outstream,United Kingdom,Desktop,N/A,$0.00  ~ $0.00 ,N/A,N/A,N/A,N/A,N/A
Technology & Computing (Legacy),Travel,Outstream,United Kingdom,Mobile Web,N/A,$0.00  ~ $0.00 ,N/A,N/A,N/A,N/A,N/A
Technology & Computing (Legacy),Travel,Native,United States,Desktop,N/A,$0.00  ~ $0.00 ,N/A,N/A,N/A,N/A,N/A
Technology & Computing (Legacy),Travel,Rewarded,United States,Desktop,N/A,$0.00  ~ $0.00 ,N/A,N/A,N/A,N/A,N/A
Technology & Computing (Legacy),Auto Repair,Outstream,United States,Desktop,N/A,$0.00  ~ $0.00 ,N/A,N/A,N/A,N/A,N/A
Technology & Computing (Legacy),Hobbies & Interests,Outstream,United States,Tablet,N/A,$0.00  ~ $0.00 ,N/A,N/A,N/A,N/A,N/A
Technology & Computing (Legacy),Hobbies & Interests,Outstream,United Kingdom,Desktop,N/A,$0.00  ~ $0.00 ,N/A,N/A,N/A,N/A,N/A
Technology & Computing (Legacy),Hobbies & Interests,Interstitial,United States,Desktop,N/A,$0.00  ~ $0.00 ,N/A,N/A,N/A,N/A,N/A
Technology & Computing (Legacy),Hobbies & Interests,Interstitial,United Kingdom,Mobile Web,N/A,$0.00  ~ $0.00 ,N/A,N/A,N/A,N/A,N/A
Technology & Computing (Legacy),Buying/Selling Cars,Outstream,United States,Desktop,N/A,$0.00  ~ $0.00 ,N/A,N/A,N/A,N/A,N/A
Technology & Computing (Legacy),Buying/Selling Cars,Interstitial,United States,Desktop,N/A,$0.00  ~ $0.00 ,N/A,N/A,N/A,N/A,N/A
Technology & Computing (Legacy),Card Games,Instream,United States,Desktop,N/A,$0.00  ~ $0.00 ,N/A,N/A,N/A,N/A,N/A
Technology & Computing (Legacy),Card Games,Outstream,United States,Desktop,N/A,$0.00  ~ $0.00 ,N/A,N/A,N/A,N/A,N/A
Technology & Computing (Legacy),Card Games,Outstream,United States,Mobile Web,N/A,$0.00  ~ $0.00 ,N/A,N/A,N/A,N/A,N/A
Technology & Computing (Legacy),Card Games,Interstitial,United States,Desktop,N/A,$0.00  ~ $0.00 ,N/A,N/A,N/A,N/A,N/A
Technology & Computing (Legacy),Senior Living,Interstitial,United States,Desktop,N/A,$0.00  ~ $0.00 ,N/A,N/A,N/A,N/A,N/A
Technology & Computing (Legacy),Senior Living,Instream,United States,Desktop,N/A,$0.00  ~ $0.00 ,N/A,N/A,N/A,N/A,N/A
Technology & Computing (Legacy),Gardening,Instream,United States,Desktop,N/A,$0.00  ~ $0.00 ,N/A,N/A,N/A,N/A,N/A
Technology & Computing (Legacy),Senor Health,Instream,United States,Desktop,N/A,$0.00  ~ $0.00 ,N/A,N/A,N/A,N/A,N/A
Technology & Computing (Legacy),Remodeling & Construction,Interstitial,United States,Desktop,N/A,$0.00  ~ $0.00 ,N/A,N/A,N/A,N/A,N/A
Technology & Computing (Legacy),Cruises,Instream,United States,Desktop,N/A,$0.00  ~ $0.00 ,N/A,N/A,N/A,N/A,N/A
Technology & Computing (Legacy),Cruises,Outstream,United States,Desktop,N/A,$0.00  ~ $0.00 ,N/A,N/A,N/A,N/A,N/A
Travel (Legacy),News,Instream,United States,Desktop,N/A,$34.14  ~ $34.14 ,$22.40 ,N/A,0.15%,72.89%,N/A
Travel (Legacy),News,Instream,United States,Mobile Web,N/A,$30.50  ~ $30.50 ,N/A,N/A,N/A,66.67%,N/A
Travel (Legacy),Personal Finance,Instream,United States,Mobile Web,N/A,$45.44  ~ $45.44 ,N/A,N/A,N/A,75.00%,N/A
Travel (Legacy),Personal Finance,Instream,United States,Desktop,N/A,$49.37  ~ $56.62 ,N/A,N/A,N/A,87.76%,N/A
Travel (Legacy),Personal Finance,Outstream,United States,Mobile Web,N/A,$50.53  ~ $50.53 ,N/A,N/A,N/A,N/A,N/A
Travel (Legacy),Personal Finance,Outstream,United States,Desktop,N/A,$50.80  ~ $50.80 ,N/A,N/A,N/A,100.00%,N/A
Travel (Legacy),Shopping,Outstream,United States,Mobile Web,N/A,$0.00  ~ $0.00 ,N/A,N/A,N/A,N/A,N/A
Travel (Legacy),Shopping,Instream,United States,Desktop,N/A,$40.09  ~ $40.09 ,N/A,N/A,N/A,33.33%,N/A
Travel (Legacy),Shopping,Instream,United States,Mobile Web,N/A,$48.82  ~ $48.82 ,N/A,N/A,N/A,50.00%,N/A
Travel (Legacy),Remodeling & Construction,Outstream,United States,Mobile Web,N/A,$18.87  ~ $18.87 ,N/A,N/A,N/A,N/A,N/A
Travel (Legacy),Remodeling & Construction,Outstream,United States,Desktop,N/A,$39.72  ~ $39.72 ,N/A,N/A,N/A,100.00%,N/A
Travel (Legacy),Remodeling & Construction,Instream,United States,Desktop,N/A,$42.84  ~ $42.84 ,N/A,N/A,N/A,N/A,N/A
Travel (Legacy),Arts & Entertainment,Instream,United States,Desktop,N/A,$32.14  ~ $33.58 ,N/A,N/A,N/A,77.63%,N/A
Travel (Legacy),Arts & Entertainment,Instream,United States,Mobile Web,N/A,$0.00  ~ $10.24 ,N/A,N/A,N/A,100.00%,N/A
Travel (Legacy),Politics,Instream,United States,Desktop,N/A,$46.73  ~ $46.73 ,N/A,N/A,N/A,100.00%,N/A
Travel (Legacy),Travel,Instream,United States,Desktop,N/A,$30.73  ~ $30.73 ,N/A,N/A,N/A,56.25%,N/A
Travel (Legacy),Automotive,Instream,United States,Desktop,N/A,$42.03  ~ $42.44 ,N/A,N/A,N/A,88.24%,N/A
Travel (Legacy),Automotive,Outstream,United States,Mobile Web,N/A,$41.34  ~ $41.34 ,N/A,N/A,N/A,100.00%,N/A
Travel (Legacy),Home Repair,Outstream,United States,Desktop,N/A,$43.75  ~ $43.75 ,N/A,N/A,N/A,33.33%,N/A
Travel (Legacy),Health & Fitness,Instream,United States,Desktop,N/A,$30.24  ~ $32.71 ,N/A,N/A,N/A,82.35%,N/A
Travel (Legacy),Health & Fitness,Instream,United States,Mobile Web,N/A,$26.89  ~ $39.20 ,N/A,N/A,N/A,87.50%,N/A
Travel (Legacy),Health & Fitness,Outstream,United States,Desktop,N/A,$33.52  ~ $33.52 ,N/A,N/A,N/A,80.00%,N/A
Travel (Legacy),Health & Fitness,Outstream,United States,Tablet,N/A,$52.02  ~ $52.02 ,N/A,N/A,N/A,N/A,N/A
Travel (Legacy),Business,Instream,United States,Mobile Web,N/A,$37.24  ~ $37.24 ,N/A,N/A,N/A,66.67%,N/A
Travel (Legacy),Business,Instream,United States,Desktop,N/A,$36.14  ~ $43.69 ,N/A,N/A,N/A,70.07%,N/A
Travel (Legacy),Business,Outstream,United States,Desktop,N/A,$57.03  ~ $136.53 ,N/A,N/A,N/A,66.67%,N/A
Travel (Legacy),Home & Garden,Instream,United States,Desktop,N/A,$27.33  ~ $30.07 ,N/A,N/A,N/A,79.49%,N/A
Travel (Legacy),Home & Garden,Instream,United States,Mobile Web,N/A,$28.36  ~ $29.48 ,N/A,N/A,N/A,76.92%,N/A
Travel (Legacy),Home & Garden,Outstream,United States,Desktop,N/A,$37.21  ~ $56.25 ,N/A,N/A,N/A,75.00%,N/A
Travel (Legacy),Education,Instream,United States,Desktop,N/A,$22.13  ~ $22.16 ,N/A,N/A,N/A,100.00%,N/A
Travel (Legacy),Education,Instream,United States,Mobile Web,N/A,$22.19  ~ $23.90 ,N/A,N/A,N/A,100.00%,N/A
Travel (Legacy),Education,Outstream,United States,Mobile Web,N/A,$32.44  ~ $68.63 ,N/A,N/A,N/A,N/A,N/A
Travel (Legacy),"Law, Gov't & Politics",Instream,United States,Desktop,N/A,$36.33  ~ $38.20 ,N/A,N/A,N/A,93.26%,N/A
Travel (Legacy),"Law, Gov't & Politics",Instream,United States,Mobile Web,N/A,$35.10  ~ $38.31 ,N/A,N/A,N/A,81.82%,N/A
Travel (Legacy),"Law, Gov't & Politics",Outstream,United States,Desktop,N/A,$44.88  ~ $45.26 ,N/A,N/A,N/A,77.78%,N/A
Travel (Legacy),Hobbies & Interests,Instream,United States,Desktop,N/A,$61.40  ~ $61.40 ,N/A,N/A,N/A,82.52%,N/A
Travel (Legacy),Hobbies & Interests,Instream,United States,Mobile Web,N/A,$59.28  ~ $59.28 ,N/A,N/A,N/A,85.71%,N/A
Travel (Legacy),Hobbies & Interests,Outstream,United States,Desktop,N/A,$42.70  ~ $42.70 ,N/A,N/A,N/A,N/A,N/A
Travel (Legacy),Hobbies & Interests,Outstream,United States,Mobile Web,N/A,$45.07  ~ $45.07 ,N/A,N/A,N/A,N/A,N/A
Travel (Legacy),Interior Decorating,Instream,United States,Mobile Web,N/A,$35.85  ~ $35.85 ,N/A,N/A,N/A,83.33%,N/A
Travel (Legacy),Insurance,Instream,United States,Desktop,N/A,$41.10  ~ $41.10 ,N/A,N/A,N/A,100.00%,N/A
Travel (Legacy),Buying/Selling Cars,Instream,United States,Mobile Web,N/A,$41.57  ~ $41.57 ,N/A,N/A,N/A,81.82%,N/A
Travel (Legacy),Buying/Selling Cars,Instream,United States,Desktop,N/A,$40.11  ~ $40.11 ,N/A,N/A,N/A,83.33%,N/A
Travel (Legacy),Business,Instream,United States,Tablet,N/A,$0.00  ~ $0.00 ,N/A,N/A,N/A,N/A,N/A
Travel (Legacy),Business,Instream,Canada,Mobile Web,N/A,$0.00  ~ $0.00 ,N/A,N/A,N/A,N/A,N/A
Travel (Legacy),Business,Instream,Canada,Desktop,N/A,$0.00  ~ $0.00 ,N/A,N/A,N/A,N/A,N/A
Travel (Legacy),Business,Instream,United Kingdom,Desktop,N/A,$0.00  ~ $0.00 ,N/A,N/A,N/A,N/A,N/A
Travel (Legacy),Business,Outstream,United States,Mobile Web,N/A,$0.00  ~ $0.00 ,N/A,N/A,N/A,N/A,N/A
Travel (Legacy),Business,Outstream,United States,Tablet,N/A,$0.00  ~ $0.00 ,N/A,N/A,N/A,N/A,N/A
Travel (Legacy),Business,Outstream,Canada,Desktop,N/A,$0.00  ~ $0.00 ,N/A,N/A,N/A,N/A,N/A
Travel (Legacy),Business,Outstream,Canada,Mobile Web,N/A,$0.00  ~ $0.00 ,N/A,N/A,N/A,N/A,N/A
Travel (Legacy),Business,Outstream,United Kingdom,Desktop,N/A,$0.00  ~ $0.00 ,N/A,N/A,N/A,N/A,N/A
Travel (Legacy),Business,Outstream,United Kingdom,Mobile Web,N/A,$0.00  ~ $0.00 ,N/A,N/A,N/A,N/A,N/A
Travel (Legacy),Business,Interstitial,United States,Desktop,N/A,$0.00  ~ $0.00 ,N/A,N/A,N/A,N/A,N/A
Travel (Legacy),Business,Interstitial,United States,Mobile Web,N/A,$0.00  ~ $0.00 ,N/A,N/A,N/A,N/A,N/A
Travel (Legacy),Business,Interstitial,Canada,Desktop,N/A,$0.00  ~ $0.00 ,N/A,N/A,N/A,N/A,N/A
Travel (Legacy),Business,Interstitial,United Kingdom,Mobile Web,N/A,$0.00  ~ $0.00 ,N/A,N/A,N/A,N/A,N/A
Travel (Legacy),Business Software,Instream,United States,Desktop,N/A,$0.00  ~ $0.00 ,N/A,N/A,N/A,N/A,N/A
Travel (Legacy),Business Software,Outstream,United States,Desktop,N/A,$0.00  ~ $0.00 ,N/A,N/A,N/A,N/A,N/A
Travel (Legacy),Business Software,Outstream,United States,Mobile Web,N/A,$0.00  ~ $0.00 ,N/A,N/A,N/A,N/A,N/A
Travel (Legacy),Business Software,Outstream,United Kingdom,Mobile Web,N/A,$0.00  ~ $0.00 ,N/A,N/A,N/A,N/A,N/A
Travel (Legacy),Commentary,Instream,United States,Desktop,N/A,$0.00  ~ $0.00 ,N/A,N/A,N/A,N/A,N/A
Travel (Legacy),Commentary,Outstream,United States,Desktop,N/A,$0.00  ~ $0.00 ,N/A,N/A,N/A,N/A,N/A
Travel (Legacy),Commentary,Outstream,United States,Mobile Web,N/A,$0.00  ~ $0.00 ,N/A,N/A,N/A,N/A,N/A
Travel (Legacy),Infertility,Instream,United States,Desktop,N/A,$0.00  ~ $0.00 ,N/A,N/A,N/A,N/A,N/A
Travel (Legacy),Infertility,Outstream,United States,Desktop,N/A,$0.00  ~ $0.00 ,N/A,N/A,N/A,N/A,N/A
Travel (Legacy),Infertility,Interstitial,United States,Desktop,N/A,$0.00  ~ $0.00 ,N/A,N/A,N/A,N/A,N/A
Travel (Legacy),Home & Garden,Outstream,United States,Mobile Web,N/A,$0.00  ~ $0.00 ,N/A,N/A,N/A,N/A,N/A
Travel (Legacy),Home & Garden,Outstream,United Kingdom,Mobile Web,N/A,$0.00  ~ $0.00 ,N/A,N/A,N/A,N/A,N/A
Travel (Legacy),Home & Garden,Interstitial,United States,Desktop,N/A,$0.00  ~ $0.00 ,N/A,N/A,N/A,N/A,N/A
Travel (Legacy),Hotels,Instream,United States,Desktop,N/A,$0.00  ~ $0.00 ,N/A,N/A,N/A,N/A,N/A
Travel (Legacy),Hotels,Outstream,United States,Desktop,N/A,$0.00  ~ $0.00 ,N/A,N/A,N/A,N/A,N/A
Travel (Legacy),Hotels,Outstream,United States,Mobile Web,N/A,$0.00  ~ $0.00 ,N/A,N/A,N/A,N/A,N/A
Travel (Legacy),Personal Finance,Instream,Canada,Mobile Web,N/A,$0.00  ~ $0.00 ,N/A,N/A,N/A,N/A,N/A
Travel (Legacy),Personal Finance,Instream,Canada,Desktop,N/A,$0.00  ~ $0.00 ,N/A,N/A,N/A,N/A,N/A
Travel (Legacy),Personal Finance,Outstream,United States,Tablet,N/A,$0.00  ~ $0.00 ,N/A,N/A,N/A,N/A,N/A
Travel (Legacy),Personal Finance,Outstream,United Kingdom,Desktop,N/A,$0.00  ~ $0.00 ,N/A,N/A,N/A,N/A,N/A
Travel (Legacy),Personal Finance,Interstitial,United Kingdom,Desktop,N/A,$0.00  ~ $0.00 ,N/A,N/A,N/A,N/A,N/A
Travel (Legacy),Personal Finance,Interstitial,United States,Desktop,N/A,$0.00  ~ $0.00 ,N/A,N/A,N/A,N/A,N/A
Travel (Legacy),Personal Finance,Interstitial,Canada,Desktop,N/A,$0.00  ~ $0.00 ,N/A,N/A,N/A,N/A,N/A
Travel (Legacy),News,Instream,United States,Tablet,N/A,$0.00  ~ $0.00 ,N/A,N/A,N/A,N/A,N/A
Travel (Legacy),News,Instream,Canada,Desktop,N/A,$0.00  ~ $0.00 ,N/A,N/A,N/A,N/A,N/A
Travel (Legacy),News,Instream,Canada,Mobile Web,N/A,$0.00  ~ $0.00 ,N/A,N/A,N/A,N/A,N/A
Travel (Legacy),News,Outstream,United States,Desktop,N/A,$0.00  ~ $0.00 ,N/A,N/A,N/A,N/A,N/A
Travel (Legacy),News,Outstream,United States,Mobile Web,N/A,$0.00  ~ $0.00 ,N/A,N/A,N/A,N/A,N/A
Travel (Legacy),News,Outstream,Canada,Mobile Web,N/A,$0.00  ~ $0.00 ,N/A,N/A,N/A,N/A,N/A
Travel (Legacy),News,Outstream,Canada,Desktop,N/A,$0.00  ~ $0.00 ,N/A,N/A,N/A,N/A,N/A
Travel (Legacy),News,Interstitial,United States,Desktop,N/A,$0.00  ~ $0.00 ,N/A,N/A,N/A,N/A,N/A
Travel (Legacy),News,Interstitial,United States,Mobile Web,N/A,$0.00  ~ $0.00 ,N/A,N/A,N/A,N/A,N/A
Travel (Legacy),Family & Parenting,Instream,United States,Desktop,N/A,$0.00  ~ $0.00 ,N/A,N/A,N/A,N/A,N/A
Travel (Legacy),Family & Parenting,Outstream,United States,Desktop,N/A,$0.00  ~ $0.00 ,N/A,N/A,N/A,N/A,N/A
Travel (Legacy),Family & Parenting,Outstream,United States,Mobile Web,N/A,$0.00  ~ $0.00 ,N/A,N/A,N/A,N/A,N/A
Travel (Legacy),Family & Parenting,Interstitial,United States,Desktop,N/A,$0.00  ~ $0.00 ,N/A,N/A,N/A,N/A,N/A
Travel (Legacy),By US Locale,Instream,United States,Desktop,N/A,$0.00  ~ $0.00 ,N/A,N/A,N/A,N/A,N/A
Travel (Legacy),Mutual Funds,Outstream,United States,Desktop,N/A,$0.00  ~ $0.00 ,N/A,N/A,N/A,N/A,N/A
Travel (Legacy),Mutual Funds,Outstream,United States,Mobile Web,N/A,$0.00  ~ $0.00 ,N/A,N/A,N/A,N/A,N/A
Travel (Legacy),Cruises,Instream,United States,Desktop,N/A,$0.00  ~ $0.00 ,N/A,N/A,N/A,N/A,N/A
Travel (Legacy),Cruises,Outstream,United States,Desktop,N/A,$0.00  ~ $0.00 ,N/A,N/A,N/A,N/A,N/A
Travel (Legacy),Food & Drink,Instream,United States,Desktop,N/A,$0.00  ~ $0.00 ,N/A,N/A,N/A,N/A,N/A
Travel (Legacy),Food & Drink,Instream,United States,Mobile Web,N/A,$0.00  ~ $0.00 ,N/A,N/A,N/A,N/A,N/A
Travel (Legacy),Food & Drink,Outstream,United States,Desktop,N/A,$0.00  ~ $0.00 ,N/A,N/A,N/A,N/A,N/A
Travel (Legacy),Food & Drink,Outstream,United States,Mobile Web,N/A,$0.00  ~ $0.00 ,N/A,N/A,N/A,N/A,N/A
Travel (Legacy),Food & Drink,Outstream,United States,Tablet,N/A,$0.00  ~ $0.00 ,N/A,N/A,N/A,N/A,N/A
Travel (Legacy),Food & Drink,Interstitial,United States,Desktop,N/A,$0.00  ~ $0.00 ,N/A,N/A,N/A,N/A,N/A
Travel (Legacy),Cold & Flu,Outstream,United States,Mobile Web,N/A,$0.00  ~ $0.00 ,N/A,N/A,N/A,N/A,N/A
Travel (Legacy),Cold & Flu,Outstream,United States,Desktop,N/A,$0.00  ~ $0.00 ,N/A,N/A,N/A,N/A,N/A
Travel (Legacy),Cold & Flu,Instream,United States,Mobile Web,N/A,$0.00  ~ $0.00 ,N/A,N/A,N/A,N/A,N/A
Travel (Legacy),Cold & Flu,Instream,United States,Desktop,N/A,$0.00  ~ $0.00 ,N/A,N/A,N/A,N/A,N/A
Travel (Legacy),Cold & Flu,Interstitial,United States,Desktop,N/A,$0.00  ~ $0.00 ,N/A,N/A,N/A,N/A,N/A
Travel (Legacy),Honeymoons/Getaways,Outstream,United States,Desktop,N/A,$0.00  ~ $0.00 ,N/A,N/A,N/A,N/A,N/A
Travel (Legacy),Honeymoons/Getaways,Outstream,United States,Mobile Web,N/A,$0.00  ~ $0.00 ,N/A,N/A,N/A,N/A,N/A
Travel (Legacy),Honeymoons/Getaways,Instream,United States,Desktop,N/A,$0.00  ~ $0.00 ,N/A,N/A,N/A,N/A,N/A
Travel (Legacy),Honeymoons/Getaways,Interstitial,United Kingdom,Desktop,N/A,$0.00  ~ $0.00 ,N/A,N/A,N/A,N/A,N/A
Travel (Legacy),Credit/Debt & Loans,Instream,United States,Desktop,N/A,$0.00  ~ $0.00 ,N/A,N/A,N/A,N/A,N/A
Travel (Legacy),Credit/Debt & Loans,Outstream,United States,Desktop,N/A,$0.00  ~ $0.00 ,N/A,N/A,N/A,N/A,N/A
Travel (Legacy),Credit/Debt & Loans,Outstream,United States,Mobile Web,N/A,$0.00  ~ $0.00 ,N/A,N/A,N/A,N/A,N/A
Travel (Legacy),Cancer,Instream,Canada,Desktop,N/A,$0.00  ~ $0.00 ,N/A,N/A,N/A,N/A,N/A
Travel (Legacy),Buying/Selling Cars,Outstream,United States,Mobile Web,N/A,$0.00  ~ $0.00 ,N/A,N/A,N/A,N/A,N/A
Travel (Legacy),Buying/Selling Cars,Outstream,United States,Desktop,N/A,$0.00  ~ $0.00 ,N/A,N/A,N/A,N/A,N/A
Travel (Legacy),Card Games,Instream,United States,Desktop,N/A,$0.00  ~ $0.00 ,N/A,N/A,N/A,N/A,N/A
Travel (Legacy),Card Games,Outstream,United States,Desktop,N/A,$0.00  ~ $0.00 ,N/A,N/A,N/A,N/A,N/A
Travel (Legacy),Card Games,Outstream,United States,Mobile Web,N/A,$0.00  ~ $0.00 ,N/A,N/A,N/A,N/A,N/A
Travel (Legacy),Travel,Instream,United States,Mobile Web,N/A,$0.00  ~ $0.00 ,N/A,N/A,N/A,N/A,N/A
Travel (Legacy),Travel,Instream,United Kingdom,Mobile Web,N/A,$0.00  ~ $0.00 ,N/A,N/A,N/A,N/A,N/A
Travel (Legacy),Travel,Instream,United Kingdom,Desktop,N/A,$0.00  ~ $0.00 ,N/A,N/A,N/A,N/A,N/A
Travel (Legacy),Travel,Interstitial,United Kingdom,Mobile Web,N/A,$0.00  ~ $0.00 ,N/A,N/A,N/A,N/A,N/A
Travel (Legacy),Travel,Interstitial,United Kingdom,Desktop,N/A,$0.00  ~ $0.00 ,N/A,N/A,N/A,N/A,N/A
Travel (Legacy),Travel,Interstitial,United States,Desktop,N/A,$0.00  ~ $0.00 ,N/A,N/A,N/A,N/A,N/A
Travel (Legacy),Travel,Interstitial,United States,Mobile Web,N/A,$0.00  ~ $0.00 ,N/A,N/A,N/A,N/A,N/A
Travel (Legacy),Travel,Outstream,United States,Desktop,N/A,$0.00  ~ $0.00 ,N/A,N/A,N/A,N/A,N/A
Travel (Legacy),Travel,Outstream,United States,Mobile Web,N/A,$0.00  ~ $0.00 ,N/A,N/A,N/A,N/A,N/A
Travel (Legacy),Travel,Outstream,United Kingdom,Mobile Web,N/A,$0.00  ~ $0.00 ,N/A,N/A,N/A,N/A,N/A
Travel (Legacy),Travel,Outstream,United Kingdom,Desktop,N/A,$0.00  ~ $0.00 ,N/A,N/A,N/A,N/A,N/A
Travel (Legacy),Travel,Outstream,Canada,Desktop,N/A,$0.00  ~ $0.00 ,N/A,N/A,N/A,N/A,N/A
Travel (Legacy),Theme Parks,Instream,United States,Desktop,N/A,$0.00  ~ $0.00 ,N/A,N/A,N/A,N/A,N/A
Travel (Legacy),Theme Parks,Outstream,United States,Desktop,N/A,$0.00  ~ $0.00 ,N/A,N/A,N/A,N/A,N/A
Travel (Legacy),Human Resources,Outstream,United States,Desktop,N/A,$0.00  ~ $0.00 ,N/A,N/A,N/A,N/A,N/A
Travel (Legacy),Catholicism,Outstream,United States,Desktop,N/A,$0.00  ~ $0.00 ,N/A,N/A,N/A,N/A,N/A
Travel (Legacy),Catholicism,Outstream,United States,Mobile Web,N/A,$0.00  ~ $0.00 ,N/A,N/A,N/A,N/A,N/A
Travel (Legacy),Catholicism,Outstream,United States,Tablet,N/A,$0.00  ~ $0.00 ,N/A,N/A,N/A,N/A,N/A
Travel (Legacy),Auto Repair,Instream,United States,Desktop,N/A,$0.00  ~ $0.00 ,N/A,N/A,N/A,N/A,N/A
Travel (Legacy),Auto Repair,Outstream,United States,Desktop,N/A,$0.00  ~ $0.00 ,N/A,N/A,N/A,N/A,N/A
Travel (Legacy),Auto Repair,Outstream,United States,Mobile Web,N/A,$0.00  ~ $0.00 ,N/A,N/A,N/A,N/A,N/A
Travel (Legacy),Hobbies & Interests,Outstream,United Kingdom,Desktop,N/A,$0.00  ~ $0.00 ,N/A,N/A,N/A,N/A,N/A
Travel (Legacy),Hobbies & Interests,Interstitial,United States,Desktop,N/A,$0.00  ~ $0.00 ,N/A,N/A,N/A,N/A,N/A
Travel (Legacy),Hobbies & Interests,Native,United Kingdom,Desktop,N/A,$0.00  ~ $0.00 ,N/A,N/A,N/A,N/A,N/A
Travel (Legacy),Hobbies & Interests,Native,United States,Desktop,N/A,$0.00  ~ $0.00 ,N/A,N/A,N/A,N/A,N/A
Travel (Legacy),Private School,Instream,United States,Desktop,N/A,$0.00  ~ $0.00 ,N/A,N/A,N/A,N/A,N/A
Travel (Legacy),Private School,Outstream,United States,Desktop,N/A,$0.00  ~ $0.00 ,N/A,N/A,N/A,N/A,N/A
Travel (Legacy),Private School,Outstream,United States,Mobile Web,N/A,$0.00  ~ $0.00 ,N/A,N/A,N/A,N/A,N/A
Travel (Legacy),Legal Issues,Instream,United States,Desktop,N/A,$0.00  ~ $0.00 ,N/A,N/A,N/A,N/A,N/A
Travel (Legacy),Legal Issues,Outstream,United States,Desktop,N/A,$0.00  ~ $0.00 ,N/A,N/A,N/A,N/A,N/A
Travel (Legacy),Legal Issues,Outstream,United Kingdom,Desktop,N/A,$0.00  ~ $0.00 ,N/A,N/A,N/A,N/A,N/A
Travel (Legacy),Legal Issues,Interstitial,United States,Desktop,N/A,$0.00  ~ $0.00 ,N/A,N/A,N/A,N/A,N/A
Travel (Legacy),Legal Issues,Interstitial,Canada,Desktop,N/A,$0.00  ~ $0.00 ,N/A,N/A,N/A,N/A,N/A
Travel (Legacy),Job Search,Outstream,United States,Desktop,N/A,$0.00  ~ $0.00 ,N/A,N/A,N/A,N/A,N/A
Travel (Legacy),Job Search,Outstream,United States,Mobile Web,N/A,$0.00  ~ $0.00 ,N/A,N/A,N/A,N/A,N/A
Travel (Legacy),Job Search,Interstitial,United States,Desktop,N/A,$0.00  ~ $0.00 ,N/A,N/A,N/A,N/A,N/A
Travel (Legacy),Job Search,Instream,United States,Desktop,N/A,$0.00  ~ $0.00 ,N/A,N/A,N/A,N/A,N/A
Travel (Legacy),Job Search,Instream,United States,Mobile Web,N/A,$0.00  ~ $0.00 ,N/A,N/A,N/A,N/A,N/A
Travel (Legacy),Internet Technology,Instream,Canada,Desktop,N/A,$0.00  ~ $0.00 ,N/A,N/A,N/A,N/A,N/A
Travel (Legacy),Internet Technology,Outstream,Canada,Desktop,N/A,$0.00  ~ $0.00 ,N/A,N/A,N/A,N/A,N/A
Travel (Legacy),"Law, Gov't & Politics",Interstitial,United States,Desktop,N/A,$0.00  ~ $0.00 ,N/A,N/A,N/A,N/A,N/A
Travel (Legacy),"Law, Gov't & Politics",Interstitial,Mexico,Mobile Web,N/A,$0.00  ~ $0.00 ,N/A,N/A,N/A,N/A,N/A
Travel (Legacy),"Law, Gov't & Politics",Instream,Mexico,Desktop,N/A,$0.00  ~ $0.00 ,N/A,N/A,N/A,N/A,N/A
Travel (Legacy),"Law, Gov't & Politics",Outstream,United States,Mobile Web,N/A,$0.00  ~ $0.00 ,N/A,N/A,N/A,N/A,N/A
Travel (Legacy),"Law, Gov't & Politics",Outstream,Mexico,Desktop,N/A,$0.00  ~ $0.00 ,N/A,N/A,N/A,N/A,N/A
Travel (Legacy),Metals,Instream,United States,Desktop,N/A,$0.00  ~ $0.00 ,N/A,N/A,N/A,N/A,N/A
Travel (Legacy),Metals,Instream,United States,Mobile Web,N/A,$0.00  ~ $0.00 ,N/A,N/A,N/A,N/A,N/A
Travel (Legacy),Metals,Instream,Canada,Mobile Web,N/A,$0.00  ~ $0.00 ,N/A,N/A,N/A,N/A,N/A
Travel (Legacy),Metals,Outstream,United States,Mobile Web,N/A,$0.00  ~ $0.00 ,N/A,N/A,N/A,N/A,N/A
Travel (Legacy),Metals,Outstream,United States,Desktop,N/A,$0.00  ~ $0.00 ,N/A,N/A,N/A,N/A,N/A
Travel (Legacy),Metals,Interstitial,United States,Desktop,N/A,$0.00  ~ $0.00 ,N/A,N/A,N/A,N/A,N/A
Travel (Legacy),Graduate School,Outstream,United States,Desktop,N/A,$0.00  ~ $0.00 ,N/A,N/A,N/A,N/A,N/A
Travel (Legacy),Graduate School,Outstream,United States,Mobile Web,N/A,$0.00  ~ $0.00 ,N/A,N/A,N/A,N/A,N/A
Travel (Legacy),Graduate School,Outstream,United States,Tablet,N/A,$0.00  ~ $0.00 ,N/A,N/A,N/A,N/A,N/A
Travel (Legacy),Graduate School,Instream,United States,Desktop,N/A,$0.00  ~ $0.00 ,N/A,N/A,N/A,N/A,N/A
Travel (Legacy),Graduate School,Instream,United States,Mobile Web,N/A,$0.00  ~ $0.00 ,N/A,N/A,N/A,N/A,N/A
Travel (Legacy),Politics,Outstream,United States,Desktop,N/A,$0.00  ~ $0.00 ,N/A,N/A,N/A,N/A,N/A
Travel (Legacy),Politics,Outstream,United States,Mobile Web,N/A,$0.00  ~ $0.00 ,N/A,N/A,N/A,N/A,N/A
Travel (Legacy),Politics,Outstream,United States,Tablet,N/A,$0.00  ~ $0.00 ,N/A,N/A,N/A,N/A,N/A
Travel (Legacy),Politics,Interstitial,United States,Desktop,N/A,$0.00  ~ $0.00 ,N/A,N/A,N/A,N/A,N/A
Travel (Legacy),Politics,Interstitial,United States,Tablet,N/A,$0.00  ~ $0.00 ,N/A,N/A,N/A,N/A,N/A
Travel (Legacy),Politics,Instream,United States,Tablet,N/A,$0.00  ~ $0.00 ,N/A,N/A,N/A,N/A,N/A
Travel (Legacy),Remodeling & Construction,Interstitial,United States,Desktop,N/A,$0.00  ~ $0.00 ,N/A,N/A,N/A,N/A,N/A
Travel (Legacy),Insurance,Outstream,United States,Desktop,N/A,$0.00  ~ $0.00 ,N/A,N/A,N/A,N/A,N/A
Travel (Legacy),Logistics,Instream,United States,Desktop,N/A,$0.00  ~ $0.00 ,N/A,N/A,N/A,N/A,N/A
Travel (Legacy),Education,Instream,United States,Tablet,N/A,$0.00  ~ $0.00 ,N/A,N/A,N/A,N/A,N/A
Travel (Legacy),Education,Instream,United Kingdom,Mobile Web,N/A,$0.00  ~ $0.00 ,N/A,N/A,N/A,N/A,N/A
Travel (Legacy),Education,Outstream,Canada,Desktop,N/A,$0.00  ~ $0.00 ,N/A,N/A,N/A,N/A,N/A
Travel (Legacy),Education,Outstream,United States,Tablet,N/A,$0.00  ~ $0.00 ,N/A,N/A,N/A,N/A,N/A
Travel (Legacy),Education,Outstream,United States,Desktop,N/A,$0.00  ~ $0.00 ,N/A,N/A,N/A,N/A,N/A
Travel (Legacy),Education,Interstitial,United States,Desktop,N/A,$0.00  ~ $0.00 ,N/A,N/A,N/A,N/A,N/A
Travel (Legacy),Education,Interstitial,United States,Tablet,N/A,$0.00  ~ $0.00 ,N/A,N/A,N/A,N/A,N/A
Travel (Legacy),Advertising,Interstitial,United States,Desktop,N/A,$0.00  ~ $0.00 ,N/A,N/A,N/A,N/A,N/A
Travel (Legacy),Advertising,Instream,United States,Desktop,N/A,$0.00  ~ $0.00 ,N/A,N/A,N/A,N/A,N/A
Travel (Legacy),Advertising,Outstream,United States,Mobile Web,N/A,$0.00  ~ $0.00 ,N/A,N/A,N/A,N/A,N/A
Travel (Legacy),Advertising,Outstream,United States,Desktop,N/A,$0.00  ~ $0.00 ,N/A,N/A,N/A,N/A,N/A
Travel (Legacy),Adventure Travel,Outstream,United States,Desktop,N/A,$0.00  ~ $0.00 ,N/A,N/A,N/A,N/A,N/A
Travel (Legacy),Cocktails/Beer,Instream,United States,Desktop,N/A,$0.00  ~ $0.00 ,N/A,N/A,N/A,N/A,N/A
Travel (Legacy),Cocktails/Beer,Outstream,United States,Desktop,N/A,$0.00  ~ $0.00 ,N/A,N/A,N/A,N/A,N/A
Travel (Legacy),Senior Living,Instream,United States,Desktop,N/A,$0.00  ~ $0.00 ,N/A,N/A,N/A,N/A,N/A
Travel (Legacy),Senior Living,Instream,United States,Mobile Web,N/A,$0.00  ~ $0.00 ,N/A,N/A,N/A,N/A,N/A
Travel (Legacy),Senior Living,Outstream,United States,Desktop,N/A,$0.00  ~ $0.00 ,N/A,N/A,N/A,N/A,N/A
Travel (Legacy),Senior Living,Interstitial,United States,Desktop,N/A,$0.00  ~ $0.00 ,N/A,N/A,N/A,N/A,N/A
Travel (Legacy),Exercise,Outstream,United States,Desktop,N/A,$0.00  ~ $0.00 ,N/A,N/A,N/A,N/A,N/A
Travel (Legacy),Dogs,Instream,Canada,Desktop,N/A,$0.00  ~ $0.00 ,N/A,N/A,N/A,N/A,N/A
Travel (Legacy),Dogs,Outstream,Canada,Desktop,N/A,$0.00  ~ $0.00 ,N/A,N/A,N/A,N/A,N/A
Travel (Legacy),Contests & Freebies,Instream,United States,Desktop,N/A,$0.00  ~ $0.00 ,N/A,N/A,N/A,N/A,N/A
Travel (Legacy),Investing,Outstream,United States,Mobile Web,N/A,$0.00  ~ $0.00 ,N/A,N/A,N/A,N/A,N/A
Travel (Legacy),Investing,Outstream,United States,Desktop,N/A,$0.00  ~ $0.00 ,N/A,N/A,N/A,N/A,N/A
Travel (Legacy),Investing,Interstitial,United States,Desktop,N/A,$0.00  ~ $0.00 ,N/A,N/A,N/A,N/A,N/A
Travel (Legacy),Investing,Interstitial,United States,Mobile Web,N/A,$0.00  ~ $0.00 ,N/A,N/A,N/A,N/A,N/A
Travel (Legacy),Interior Decorating,Outstream,United States,Mobile Web,N/A,$0.00  ~ $0.00 ,N/A,N/A,N/A,N/A,N/A
Travel (Legacy),Interior Decorating,Outstream,United States,Tablet,N/A,$0.00  ~ $0.00 ,N/A,N/A,N/A,N/A,N/A
Travel (Legacy),Interior Decorating,Outstream,United States,Desktop,N/A,$0.00  ~ $0.00 ,N/A,N/A,N/A,N/A,N/A
Travel (Legacy),Interior Decorating,Interstitial,United States,Desktop,N/A,$0.00  ~ $0.00 ,N/A,N/A,N/A,N/A,N/A
Travel (Legacy),Interior Decorating,Interstitial,United States,Tablet,N/A,$0.00  ~ $0.00 ,N/A,N/A,N/A,N/A,N/A
Travel (Legacy),Interior Decorating,Instream,United States,Desktop,N/A,$0.00  ~ $0.00 ,N/A,N/A,N/A,N/A,N/A
Travel (Legacy),Psychology/Psychiatry,Outstream,United States,Desktop,N/A,$0.00  ~ $0.00 ,N/A,N/A,N/A,N/A,N/A
Travel (Legacy),Psychology/Psychiatry,Instream,United States,Desktop,N/A,$0.00  ~ $0.00 ,N/A,N/A,N/A,N/A,N/A
Travel (Legacy),Apartments,Instream,United Kingdom,Desktop,N/A,$0.00  ~ $0.00 ,N/A,N/A,N/A,N/A,N/A
Travel (Legacy),Careers,Instream,United States,Desktop,N/A,$0.00  ~ $0.00 ,N/A,N/A,N/A,N/A,N/A
Travel (Legacy),Careers,Outstream,United States,Desktop,N/A,$0.00  ~ $0.00 ,N/A,N/A,N/A,N/A,N/A
Travel (Legacy),Careers,Outstream,United States,Mobile Web,N/A,$0.00  ~ $0.00 ,N/A,N/A,N/A,N/A,N/A
Travel (Legacy),Careers,Interstitial,United States,Desktop,N/A,$0.00  ~ $0.00 ,N/A,N/A,N/A,N/A,N/A
Travel (Legacy),Agriculture,Instream,United States,Desktop,N/A,$0.00  ~ $0.00 ,N/A,N/A,N/A,N/A,N/A
Travel (Legacy),Agriculture,Outstream,United States,Mobile Web,N/A,$0.00  ~ $0.00 ,N/A,N/A,N/A,N/A,N/A
Travel (Legacy),Agriculture,Outstream,United States,Desktop,N/A,$0.00  ~ $0.00 ,N/A,N/A,N/A,N/A,N/A
Travel (Legacy),Agriculture,Outstream,United States,Tablet,N/A,$0.00  ~ $0.00 ,N/A,N/A,N/A,N/A,N/A
Travel (Legacy),Agriculture,Interstitial,United States,Desktop,N/A,$0.00  ~ $0.00 ,N/A,N/A,N/A,N/A,N/A
Travel (Legacy),Alternative Medicine,Instream,United States,Desktop,N/A,$0.00  ~ $0.00 ,N/A,N/A,N/A,N/A,N/A
Travel (Legacy),Shopping,Native,United States,Tablet,N/A,$0.00  ~ $0.00 ,N/A,N/A,N/A,N/A,N/A
Travel (Legacy),Shopping,Native,United States,Desktop,N/A,$0.00  ~ $0.00 ,N/A,N/A,N/A,N/A,N/A
Travel (Legacy),Shopping,Instream,Canada,Desktop,N/A,$0.00  ~ $0.00 ,N/A,N/A,N/A,N/A,N/A
Travel (Legacy),Shopping,Instream,Canada,Mobile Web,N/A,$0.00  ~ $0.00 ,N/A,N/A,N/A,N/A,N/A
Travel (Legacy),Shopping,Outstream,United Kingdom,Mobile Web,N/A,$0.00  ~ $0.00 ,N/A,N/A,N/A,N/A,N/A
Travel (Legacy),Shopping,Outstream,United Kingdom,Desktop,N/A,$0.00  ~ $0.00 ,N/A,N/A,N/A,N/A,N/A
Travel (Legacy),Shopping,Outstream,United States,Desktop,N/A,$0.00  ~ $0.00 ,N/A,N/A,N/A,N/A,N/A
Travel (Legacy),Shopping,Outstream,United States,Tablet,N/A,$0.00  ~ $0.00 ,N/A,N/A,N/A,N/A,N/A
Travel (Legacy),Shopping,Interstitial,United Kingdom,Mobile Web,N/A,$0.00  ~ $0.00 ,N/A,N/A,N/A,N/A,N/A
Travel (Legacy),Shopping,Interstitial,United Kingdom,Desktop,N/A,$0.00  ~ $0.00 ,N/A,N/A,N/A,N/A,N/A
Travel (Legacy),Shopping,Interstitial,United States,Desktop,N/A,$0.00  ~ $0.00 ,N/A,N/A,N/A,N/A,N/A
Travel (Legacy),Shopping,Interstitial,Canada,Desktop,N/A,$0.00  ~ $0.00 ,N/A,N/A,N/A,N/A,N/A
Travel (Legacy),Biotech/Biomedical,Instream,United States,Desktop,N/A,$0.00  ~ $0.00 ,N/A,N/A,N/A,N/A,N/A
Travel (Legacy),Biotech/Biomedical,Outstream,United States,Desktop,N/A,$0.00  ~ $0.00 ,N/A,N/A,N/A,N/A,N/A
Travel (Legacy),Biotech/Biomedical,Interstitial,United States,Desktop,N/A,$0.00  ~ $0.00 ,N/A,N/A,N/A,N/A,N/A
Travel (Legacy),Clothing,Interstitial,United States,Desktop,N/A,$0.00  ~ $0.00 ,N/A,N/A,N/A,N/A,N/A
Travel (Legacy),Health/Lowfat Cooking,Instream,United States,Desktop,N/A,$0.00  ~ $0.00 ,N/A,N/A,N/A,N/A,N/A
Travel (Legacy),Health/Lowfat Cooking,Outstream,United States,Desktop,N/A,$0.00  ~ $0.00 ,N/A,N/A,N/A,N/A,N/A
Travel (Legacy),Nutrition,Outstream,United States,Desktop,N/A,$0.00  ~ $0.00 ,N/A,N/A,N/A,N/A,N/A
Travel (Legacy),Real Estate,Instream,United States,Desktop,N/A,$0.00  ~ $0.00 ,N/A,N/A,N/A,N/A,N/A
Travel (Legacy),Real Estate,Instream,Canada,Desktop,N/A,$0.00  ~ $0.00 ,N/A,N/A,N/A,N/A,N/A
Travel (Legacy),Real Estate,Outstream,United States,Desktop,N/A,$0.00  ~ $0.00 ,N/A,N/A,N/A,N/A,N/A
Travel (Legacy),Real Estate,Outstream,United States,Mobile Web,N/A,$0.00  ~ $0.00 ,N/A,N/A,N/A,N/A,N/A
Travel (Legacy),Real Estate,Interstitial,United States,Desktop,N/A,$0.00  ~ $0.00 ,N/A,N/A,N/A,N/A,N/A
Travel (Legacy),Real Estate,Interstitial,United States,Mobile Web,N/A,$0.00  ~ $0.00 ,N/A,N/A,N/A,N/A,N/A
Travel (Legacy),Real Estate,Interstitial,United States,Tablet,N/A,$0.00  ~ $0.00 ,N/A,N/A,N/A,N/A,N/A
Travel (Legacy),Pets,Instream,Canada,Desktop,N/A,$0.00  ~ $0.00 ,N/A,N/A,N/A,N/A,N/A
Travel (Legacy),Pets,Instream,United States,Desktop,N/A,$0.00  ~ $0.00 ,N/A,N/A,N/A,N/A,N/A
Travel (Legacy),Pets,Outstream,United States,Desktop,N/A,$0.00  ~ $0.00 ,N/A,N/A,N/A,N/A,N/A
Travel (Legacy),Pets,Outstream,United States,Mobile Web,N/A,$0.00  ~ $0.00 ,N/A,N/A,N/A,N/A,N/A
Travel (Legacy),Pets,Outstream,Canada,Desktop,N/A,$0.00  ~ $0.00 ,N/A,N/A,N/A,N/A,N/A
Travel (Legacy),Computer Peripherals,Outstream,United Kingdom,Desktop,N/A,$0.00  ~ $0.00 ,N/A,N/A,N/A,N/A,N/A
Travel (Legacy),Pro Ice Hockey,Instream,Canada,Desktop,N/A,$0.00  ~ $0.00 ,N/A,N/A,N/A,N/A,N/A
Travel (Legacy),Health & Fitness,Interstitial,United States,Mobile Web,N/A,$0.00  ~ $0.00 ,N/A,N/A,N/A,N/A,N/A
Travel (Legacy),Health & Fitness,Interstitial,United States,Tablet,N/A,$0.00  ~ $0.00 ,N/A,N/A,N/A,N/A,N/A
Travel (Legacy),Health & Fitness,Interstitial,United States,Desktop,N/A,$0.00  ~ $0.00 ,N/A,N/A,N/A,N/A,N/A
Travel (Legacy),Health & Fitness,Native,Ireland,Desktop,N/A,$0.00  ~ $0.00 ,N/A,N/A,N/A,N/A,N/A
Travel (Legacy),Health & Fitness,Instream,Canada,Desktop,N/A,$0.00  ~ $0.00 ,N/A,N/A,N/A,N/A,N/A
Travel (Legacy),Health & Fitness,Instream,Canada,Mobile Web,N/A,$0.00  ~ $0.00 ,N/A,N/A,N/A,N/A,N/A
Travel (Legacy),Health & Fitness,Outstream,Canada,Tablet,N/A,$0.00  ~ $0.00 ,N/A,N/A,N/A,N/A,N/A
Travel (Legacy),Health & Fitness,Outstream,Ireland,Desktop,N/A,$0.00  ~ $0.00 ,N/A,N/A,N/A,N/A,N/A
Travel (Legacy),Health & Fitness,Outstream,United States,Mobile Web,N/A,$0.00  ~ $0.00 ,N/A,N/A,N/A,N/A,N/A
Travel (Legacy),Health & Fitness,Outstream,United Kingdom,Desktop,N/A,$0.00  ~ $0.00 ,N/A,N/A,N/A,N/A,N/A
Travel (Legacy),College,Instream,United States,Desktop,N/A,$0.00  ~ $0.00 ,N/A,N/A,N/A,N/A,N/A
Travel (Legacy),College,Outstream,United States,Desktop,N/A,$0.00  ~ $0.00 ,N/A,N/A,N/A,N/A,N/A
Travel (Legacy),College,Outstream,United States,Mobile Web,N/A,$0.00  ~ $0.00 ,N/A,N/A,N/A,N/A,N/A
Travel (Legacy),Large Animals,Outstream,United States,Desktop,N/A,$0.00  ~ $0.00 ,N/A,N/A,N/A,N/A,N/A
Travel (Legacy),K-6 Educators,Instream,United States,Desktop,N/A,$0.00  ~ $0.00 ,N/A,N/A,N/A,N/A,N/A
Travel (Legacy),K-6 Educators,Outstream,United States,Desktop,N/A,$0.00  ~ $0.00 ,N/A,N/A,N/A,N/A,N/A
Travel (Legacy),K-6 Educators,Outstream,United States,Mobile Web,N/A,$0.00  ~ $0.00 ,N/A,N/A,N/A,N/A,N/A
Travel (Legacy),Green Solutions,Instream,United States,Mobile Web,N/A,$0.00  ~ $0.00 ,N/A,N/A,N/A,N/A,N/A
Travel (Legacy),Green Solutions,Instream,United States,Desktop,N/A,$0.00  ~ $0.00 ,N/A,N/A,N/A,N/A,N/A
Travel (Legacy),Green Solutions,Outstream,United States,Desktop,N/A,$0.00  ~ $0.00 ,N/A,N/A,N/A,N/A,N/A
Travel (Legacy),Green Solutions,Outstream,United States,Mobile Web,N/A,$0.00  ~ $0.00 ,N/A,N/A,N/A,N/A,N/A
Travel (Legacy),Senor Health,Instream,United States,Desktop,N/A,$0.00  ~ $0.00 ,N/A,N/A,N/A,N/A,N/A
Travel (Legacy),Senor Health,Outstream,United States,Mobile Web,N/A,$0.00  ~ $0.00 ,N/A,N/A,N/A,N/A,N/A
Travel (Legacy),Automotive,Outstream,United States,Desktop,N/A,$0.00  ~ $0.00 ,N/A,N/A,N/A,N/A,N/A
Travel (Legacy),Pediatrics,Instream,United States,Desktop,N/A,$0.00  ~ $0.00 ,N/A,N/A,N/A,N/A,N/A
Travel (Legacy),Pediatrics,Outstream,United States,Desktop,N/A,$0.00  ~ $0.00 ,N/A,N/A,N/A,N/A,N/A
Travel (Legacy),Pediatrics,Outstream,United States,Mobile Web,N/A,$0.00  ~ $0.00 ,N/A,N/A,N/A,N/A,N/A
Travel (Legacy),Arts & Entertainment,Instream,Canada,Desktop,N/A,$0.00  ~ $0.00 ,N/A,N/A,N/A,N/A,N/A
Travel (Legacy),Arts & Entertainment,Instream,United Kingdom,Mobile Web,N/A,$0.00  ~ $0.00 ,N/A,N/A,N/A,N/A,N/A
Travel (Legacy),Arts & Entertainment,Outstream,United States,Desktop,N/A,$0.00  ~ $0.00 ,N/A,N/A,N/A,N/A,N/A
Travel (Legacy),Arts & Entertainment,Outstream,United States,Mobile Web,N/A,$0.00  ~ $0.00 ,N/A,N/A,N/A,N/A,N/A
Travel (Legacy),Arts & Entertainment,Outstream,United Kingdom,Desktop,N/A,$0.00  ~ $0.00 ,N/A,N/A,N/A,N/A,N/A
Travel (Legacy),Arts & Entertainment,Outstream,United Kingdom,Mobile Web,N/A,$0.00  ~ $0.00 ,N/A,N/A,N/A,N/A,N/A
Travel (Legacy),Arts & Entertainment,Outstream,Canada,Desktop,N/A,$0.00  ~ $0.00 ,N/A,N/A,N/A,N/A,N/A
Travel (Legacy),Arts & Entertainment,Interstitial,United Kingdom,Mobile Web,N/A,$0.00  ~ $0.00 ,N/A,N/A,N/A,N/A,N/A
Travel (Legacy),Arts & Entertainment,Interstitial,United States,Desktop,N/A,$0.00  ~ $0.00 ,N/A,N/A,N/A,N/A,N/A
Travel (Legacy),Arts & Entertainment,Native,United States,Desktop,N/A,$0.00  ~ $0.00 ,N/A,N/A,N/A,N/A,N/A